ts_event,rtype,publisher_id,instrument_id,open,high,low,close,volume,symbol
2025-11-03 09:00:00+00:00,33,2,10924,265.51,265.79,265.01,265.22,539,MSTR
2025-11-03 09:01:00+00:00,33,2,10924,265.06,265.34,264.78,264.78,406,MSTR
2025-11-03 09:02:00+00:00,33,2,10924,265.02,265.2,264.71,265.13,547,MSTR
2025-11-03 09:03:00+00:00,33,2,10924,265.47,265.7,265.01,265.39,474,MSTR
2025-11-03 09:04:00+00:00,33,2,10924,265.11,265.65,265.09,265.65,1165,MSTR
2025-11-03 09:05:00+00:00,33,2,10924,265.64,266.03,265.64,265.7,324,MSTR
2025-11-03 09:06:00+00:00,33,2,10924,265.72,266.2,265.19,265.72,642,MSTR
2025-11-03 09:07:00+00:00,33,2,10924,266.1,266.23,266.0,266.0,281,MSTR
2025-11-03 09:08:00+00:00,33,2,10924,265.85,265.89,265.75,265.81,272,MSTR
2025-11-03 09:09:00+00:00,33,2,10924,265.81,266.0,265.8,265.8,1000,MSTR
2025-11-03 09:10:00+00:00,33,2,10924,265.8,266.12,265.8,266.09,449,MSTR
2025-11-03 09:11:00+00:00,33,2,10924,265.94,265.94,265.9,265.9,21,MSTR
2025-11-03 09:12:00+00:00,33,2,10924,265.89,266.42,265.81,265.9,401,MSTR
2025-11-03 09:13:00+00:00,33,2,10924,265.75,266.46,265.37,266.46,2210,MSTR
2025-11-03 09:14:00+00:00,33,2,10924,265.82,266.2,265.8,266.2,1176,MSTR
2025-11-03 09:15:00+00:00,33,2,10924,265.8,265.8,265.8,265.8,2,MSTR
2025-11-03 09:17:00+00:00,33,2,10924,266.19,266.24,266.19,266.23,208,MSTR
2025-11-03 09:18:00+00:00,33,2,10924,266.21,266.22,266.01,266.01,15,MSTR
2025-11-03 09:19:00+00:00,33,2,10924,265.82,265.9,265.41,265.51,222,MSTR
2025-11-03 09:20:00+00:00,33,2,10924,265.39,265.39,264.8,264.8,1120,MSTR
2025-11-03 09:21:00+00:00,33,2,10924,265.28,265.45,265.0,265.0,618,MSTR
2025-11-03 09:22:00+00:00,33,2,10924,265.24,265.32,265.24,265.32,120,MSTR
2025-11-03 09:23:00+00:00,33,2,10924,265.41,265.42,265.41,265.41,29,MSTR
2025-11-03 09:24:00+00:00,33,2,10924,265.47,265.6,265.47,265.6,12,MSTR
2025-11-03 09:26:00+00:00,33,2,10924,265.07,265.07,265.07,265.07,20,MSTR
2025-11-03 09:27:00+00:00,33,2,10924,265.41,265.66,265.41,265.66,42,MSTR
2025-11-03 09:28:00+00:00,33,2,10924,265.5,265.5,265.48,265.48,70,MSTR
2025-11-03 09:29:00+00:00,33,2,10924,265.78,265.78,265.78,265.78,17,MSTR
2025-11-03 09:30:00+00:00,33,2,10924,265.6,265.8,265.54,265.72,77,MSTR
2025-11-03 09:32:00+00:00,33,2,10924,265.68,265.68,265.49,265.49,446,MSTR
2025-11-03 09:33:00+00:00,33,2,10924,265.33,265.33,265.12,265.29,362,MSTR
2025-11-03 09:34:00+00:00,33,2,10924,265.29,265.29,265.08,265.11,211,MSTR
2025-11-03 09:35:00+00:00,33,2,10924,265.11,265.23,265.11,265.23,302,MSTR
2025-11-03 09:36:00+00:00,33,2,10924,265.33,265.69,265.18,265.57,390,MSTR
2025-11-03 09:37:00+00:00,33,2,10924,265.57,265.7,265.25,265.7,62,MSTR
2025-11-03 09:38:00+00:00,33,2,10924,265.55,265.55,265.5,265.5,61,MSTR
2025-11-03 09:39:00+00:00,33,2,10924,265.42,265.55,264.8,264.8,740,MSTR
2025-11-03 09:40:00+00:00,33,2,10924,264.84,264.84,264.83,264.83,15,MSTR
2025-11-03 09:41:00+00:00,33,2,10924,264.98,265.0,264.98,265.0,82,MSTR
2025-11-03 09:43:00+00:00,33,2,10924,264.91,264.96,264.91,264.96,63,MSTR
2025-11-03 09:44:00+00:00,33,2,10924,265.49,265.51,265.49,265.51,95,MSTR
2025-11-03 09:48:00+00:00,33,2,10924,264.92,264.92,264.8,264.8,34,MSTR
2025-11-03 09:49:00+00:00,33,2,10924,264.97,264.97,264.97,264.97,26,MSTR
2025-11-03 09:50:00+00:00,33,2,10924,264.78,264.78,264.7,264.73,184,MSTR
2025-11-03 09:51:00+00:00,33,2,10924,264.67,264.67,264.4,264.5,412,MSTR
2025-11-03 09:52:00+00:00,33,2,10924,264.57,264.58,264.5,264.58,77,MSTR
2025-11-03 09:53:00+00:00,33,2,10924,264.52,264.52,264.3,264.33,67,MSTR
2025-11-03 09:54:00+00:00,33,2,10924,264.33,264.37,264.33,264.37,19,MSTR
2025-11-03 09:55:00+00:00,33,2,10924,264.5,264.5,264.37,264.5,85,MSTR
2025-11-03 09:56:00+00:00,33,2,10924,264.47,264.5,264.41,264.41,189,MSTR
2025-11-03 09:57:00+00:00,33,2,10924,264.37,264.37,263.8,263.8,349,MSTR
2025-11-03 09:59:00+00:00,33,2,10924,264.5,264.5,264.29,264.29,122,MSTR
2025-11-03 10:00:00+00:00,33,2,10924,264.5,264.5,264.18,264.18,304,MSTR
2025-11-03 10:01:00+00:00,33,2,10924,264.17,264.2,264.12,264.12,101,MSTR
2025-11-03 10:02:00+00:00,33,2,10924,264.18,264.5,264.18,264.5,125,MSTR
2025-11-03 10:03:00+00:00,33,2,10924,264.5,264.5,264.38,264.5,1462,MSTR
2025-11-03 10:04:00+00:00,33,2,10924,264.59,264.59,264.24,264.24,306,MSTR
2025-11-03 10:05:00+00:00,33,2,10924,264.49,264.5,264.49,264.5,69,MSTR
2025-11-03 10:06:00+00:00,33,2,10924,264.62,264.62,264.62,264.62,2,MSTR
2025-11-03 10:07:00+00:00,33,2,10924,264.76,264.76,264.76,264.76,9,MSTR
2025-11-03 10:09:00+00:00,33,2,10924,264.75,264.75,264.75,264.75,8,MSTR
2025-11-03 10:10:00+00:00,33,2,10924,264.77,264.86,264.69,264.69,81,MSTR
2025-11-03 10:11:00+00:00,33,2,10924,264.78,264.78,264.65,264.65,282,MSTR
2025-11-03 10:12:00+00:00,33,2,10924,264.76,264.76,264.17,264.17,1441,MSTR
2025-11-03 10:13:00+00:00,33,2,10924,264.39,264.48,264.25,264.39,1583,MSTR
2025-11-03 10:14:00+00:00,33,2,10924,264.33,264.41,264.33,264.41,106,MSTR
2025-11-03 10:15:00+00:00,33,2,10924,264.43,264.6,264.43,264.6,32,MSTR
2025-11-03 10:16:00+00:00,33,2,10924,264.59,264.59,264.59,264.59,3,MSTR
2025-11-03 10:19:00+00:00,33,2,10924,264.36,264.36,264.11,264.12,230,MSTR
2025-11-03 10:20:00+00:00,33,2,10924,264.12,264.13,264.1,264.11,246,MSTR
2025-11-03 10:21:00+00:00,33,2,10924,264.41,264.46,264.07,264.07,286,MSTR
2025-11-03 10:22:00+00:00,33,2,10924,264.54,264.54,264.54,264.54,12,MSTR
2025-11-03 10:24:00+00:00,33,2,10924,264.19,264.19,264.12,264.12,100,MSTR
2025-11-03 10:25:00+00:00,33,2,10924,264.21,264.5,264.21,264.5,28,MSTR
2025-11-03 10:27:00+00:00,33,2,10924,264.4,264.5,264.4,264.5,273,MSTR
2025-11-03 10:28:00+00:00,33,2,10924,264.36,264.5,264.36,264.5,103,MSTR
2025-11-03 10:29:00+00:00,33,2,10924,264.54,264.64,264.54,264.64,6,MSTR
2025-11-03 10:30:00+00:00,33,2,10924,264.42,264.43,264.37,264.37,311,MSTR
2025-11-03 10:31:00+00:00,33,2,10924,264.28,264.43,263.67,263.79,271,MSTR
2025-11-03 10:32:00+00:00,33,2,10924,263.91,263.91,263.91,263.91,7,MSTR
2025-11-03 10:33:00+00:00,33,2,10924,263.97,264.2,263.92,263.97,164,MSTR
2025-11-03 10:36:00+00:00,33,2,10924,264.29,264.33,264.16,264.16,97,MSTR
2025-11-03 10:37:00+00:00,33,2,10924,264.33,264.33,264.33,264.33,11,MSTR
2025-11-03 10:38:00+00:00,33,2,10924,264.33,264.72,264.33,264.48,325,MSTR
2025-11-03 10:39:00+00:00,33,2,10924,264.6,264.6,264.6,264.6,39,MSTR
2025-11-03 10:40:00+00:00,33,2,10924,264.49,264.5,264.49,264.5,27,MSTR
2025-11-03 10:41:00+00:00,33,2,10924,264.49,264.79,264.49,264.69,121,MSTR
2025-11-03 10:42:00+00:00,33,2,10924,264.48,264.48,264.32,264.32,71,MSTR
2025-11-03 10:43:00+00:00,33,2,10924,264.26,264.4,264.26,264.4,15,MSTR
2025-11-03 10:44:00+00:00,33,2,10924,264.32,264.68,264.26,264.55,60,MSTR
2025-11-03 10:45:00+00:00,33,2,10924,264.53,264.54,264.43,264.45,276,MSTR
2025-11-03 10:46:00+00:00,33,2,10924,264.33,264.33,264.32,264.32,31,MSTR
2025-11-03 10:47:00+00:00,33,2,10924,264.3,264.81,264.3,264.81,217,MSTR
2025-11-03 10:48:00+00:00,33,2,10924,264.99,265.31,264.99,265.31,130,MSTR
2025-11-03 10:49:00+00:00,33,2,10924,265.11,265.11,264.96,264.96,96,MSTR
2025-11-03 10:50:00+00:00,33,2,10924,264.99,264.99,264.99,264.99,22,MSTR
2025-11-03 10:51:00+00:00,33,2,10924,264.88,264.96,264.87,264.96,66,MSTR
2025-11-03 10:52:00+00:00,33,2,10924,264.87,265.0,264.86,265.0,612,MSTR
2025-11-03 10:54:00+00:00,33,2,10924,264.96,264.96,264.92,264.92,111,MSTR
2025-11-03 10:55:00+00:00,33,2,10924,264.75,264.81,264.6,264.81,125,MSTR
2025-11-03 10:57:00+00:00,33,2,10924,264.59,264.59,264.59,264.59,29,MSTR
2025-11-03 10:58:00+00:00,33,2,10924,264.43,264.43,264.25,264.25,131,MSTR
2025-11-03 10:59:00+00:00,33,2,10924,264.22,264.22,263.27,263.98,475,MSTR
2025-11-03 11:00:00+00:00,33,2,10924,264.11,264.69,264.11,264.51,407,MSTR
2025-11-03 11:01:00+00:00,33,2,10924,264.27,264.67,264.27,264.67,132,MSTR
2025-11-03 11:02:00+00:00,33,2,10924,264.84,264.84,264.64,264.64,367,MSTR
2025-11-03 11:03:00+00:00,33,2,10924,264.64,265.39,264.64,265.27,473,MSTR
2025-11-03 11:04:00+00:00,33,2,10924,265.15,265.5,265.04,265.11,96,MSTR
2025-11-03 11:06:00+00:00,33,2,10924,265.29,265.29,265.18,265.18,45,MSTR
2025-11-03 11:07:00+00:00,33,2,10924,265.34,265.37,265.14,265.14,70,MSTR
2025-11-03 11:08:00+00:00,33,2,10924,265.1,265.3,265.1,265.11,113,MSTR
2025-11-03 11:09:00+00:00,33,2,10924,265.36,265.75,265.34,265.49,423,MSTR
2025-11-03 11:10:00+00:00,33,2,10924,265.5,265.73,265.36,265.36,318,MSTR
2025-11-03 11:11:00+00:00,33,2,10924,265.35,265.35,265.12,265.12,67,MSTR
2025-11-03 11:12:00+00:00,33,2,10924,265.14,265.27,265.14,265.27,26,MSTR
2025-11-03 11:13:00+00:00,33,2,10924,265.26,265.26,264.99,265.11,914,MSTR
2025-11-03 11:14:00+00:00,33,2,10924,265.13,265.16,265.11,265.11,53,MSTR
2025-11-03 11:15:00+00:00,33,2,10924,265.37,265.42,265.37,265.42,364,MSTR
2025-11-03 11:16:00+00:00,33,2,10924,265.32,265.39,265.17,265.17,505,MSTR
2025-11-03 11:17:00+00:00,33,2,10924,265.15,265.15,265.14,265.14,13,MSTR
2025-11-03 11:18:00+00:00,33,2,10924,265.15,265.26,265.15,265.18,201,MSTR
2025-11-03 11:19:00+00:00,33,2,10924,265.27,265.42,265.27,265.42,114,MSTR
2025-11-03 11:20:00+00:00,33,2,10924,265.25,265.28,265.11,265.11,303,MSTR
2025-11-03 11:22:00+00:00,33,2,10924,264.92,265.02,264.7,264.7,92,MSTR
2025-11-03 11:23:00+00:00,33,2,10924,264.73,264.78,264.71,264.78,51,MSTR
2025-11-03 11:24:00+00:00,33,2,10924,264.72,264.96,264.71,264.96,240,MSTR
2025-11-03 11:25:00+00:00,33,2,10924,265.23,265.23,265.23,265.23,15,MSTR
2025-11-03 11:27:00+00:00,33,2,10924,265.1,265.13,264.95,265.13,143,MSTR
2025-11-03 11:28:00+00:00,33,2,10924,265.2,265.2,265.2,265.2,4,MSTR
2025-11-03 11:29:00+00:00,33,2,10924,265.42,265.42,265.42,265.42,3,MSTR
2025-11-03 11:30:00+00:00,33,2,10924,265.43,265.43,265.4,265.4,360,MSTR
2025-11-03 11:31:00+00:00,33,2,10924,265.69,265.75,265.69,265.72,121,MSTR
2025-11-03 11:32:00+00:00,33,2,10924,265.72,265.77,265.46,265.55,600,MSTR
2025-11-03 11:33:00+00:00,33,2,10924,265.61,265.61,265.6,265.6,41,MSTR
2025-11-03 11:35:00+00:00,33,2,10924,265.27,265.29,265.26,265.26,4,MSTR
2025-11-03 11:39:00+00:00,33,2,10924,265.46,265.5,265.46,265.5,51,MSTR
2025-11-03 11:40:00+00:00,33,2,10924,265.56,265.56,265.5,265.5,110,MSTR
2025-11-03 11:41:00+00:00,33,2,10924,265.56,265.57,265.56,265.56,126,MSTR
2025-11-03 11:42:00+00:00,33,2,10924,265.57,265.76,265.56,265.76,70,MSTR
2025-11-03 11:43:00+00:00,33,2,10924,265.67,265.67,265.51,265.51,319,MSTR
2025-11-03 11:44:00+00:00,33,2,10924,265.42,265.42,265.38,265.38,42,MSTR
2025-11-03 11:45:00+00:00,33,2,10924,265.49,265.69,265.49,265.52,116,MSTR
2025-11-03 11:47:00+00:00,33,2,10924,265.55,265.65,265.39,265.65,275,MSTR
2025-11-03 11:49:00+00:00,33,2,10924,265.79,265.79,265.65,265.78,262,MSTR
2025-11-03 11:50:00+00:00,33,2,10924,265.75,265.75,265.75,265.75,3,MSTR
2025-11-03 11:53:00+00:00,33,2,10924,265.51,265.79,265.51,265.79,303,MSTR
2025-11-03 11:54:00+00:00,33,2,10924,265.77,265.77,265.56,265.56,2,MSTR
2025-11-03 11:55:00+00:00,33,2,10924,265.7,265.7,265.5,265.53,59,MSTR
2025-11-03 11:56:00+00:00,33,2,10924,265.53,265.54,265.53,265.54,70,MSTR
2025-11-03 11:57:00+00:00,33,2,10924,265.55,265.75,265.55,265.61,269,MSTR
2025-11-03 11:58:00+00:00,33,2,10924,265.68,265.68,265.45,265.45,148,MSTR
2025-11-03 11:59:00+00:00,33,2,10924,265.48,265.48,265.48,265.48,1,MSTR
2025-11-03 12:00:00+00:00,33,2,10924,265.59,265.59,264.9,264.95,918,MSTR
2025-11-03 12:01:00+00:00,33,2,10924,264.82,265.0,264.51,264.75,1291,MSTR
2025-11-03 12:02:00+00:00,33,2,10924,264.77,264.93,264.6,264.86,167,MSTR
2025-11-03 12:03:00+00:00,33,2,10924,264.86,265.24,264.8,265.24,1561,MSTR
2025-11-03 12:04:00+00:00,33,2,10924,265.13,265.42,265.0,265.05,173,MSTR
2025-11-03 12:05:00+00:00,33,2,10924,265.0,265.12,264.98,265.12,150,MSTR
2025-11-03 12:06:00+00:00,33,2,10924,265.37,265.37,265.0,265.04,100,MSTR
2025-11-03 12:07:00+00:00,33,2,10924,265.05,265.05,265.04,265.04,6,MSTR
2025-11-03 12:08:00+00:00,33,2,10924,265.33,265.34,265.16,265.2,147,MSTR
2025-11-03 12:09:00+00:00,33,2,10924,265.25,265.37,264.79,264.8,828,MSTR
2025-11-03 12:10:00+00:00,33,2,10924,264.77,264.8,264.66,264.72,236,MSTR
2025-11-03 12:11:00+00:00,33,2,10924,264.99,265.0,264.89,265.0,362,MSTR
2025-11-03 12:12:00+00:00,33,2,10924,265.13,265.13,265.13,265.13,261,MSTR
2025-11-03 12:13:00+00:00,33,2,10924,265.18,265.2,265.07,265.1,337,MSTR
2025-11-03 12:14:00+00:00,33,2,10924,264.99,265.0,264.54,264.54,467,MSTR
2025-11-03 12:15:00+00:00,33,2,10924,265.01,265.2,265.01,265.2,201,MSTR
2025-11-03 12:16:00+00:00,33,2,10924,265.28,265.36,264.75,264.77,403,MSTR
2025-11-03 12:17:00+00:00,33,2,10924,264.69,264.98,264.62,264.98,227,MSTR
2025-11-03 12:18:00+00:00,33,2,10924,264.88,265.0,264.88,265.0,44,MSTR
2025-11-03 12:19:00+00:00,33,2,10924,265.21,265.29,265.21,265.29,65,MSTR
2025-11-03 12:20:00+00:00,33,2,10924,265.29,265.29,265.29,265.29,11,MSTR
2025-11-03 12:21:00+00:00,33,2,10924,265.13,265.19,265.0,265.0,103,MSTR
2025-11-03 12:22:00+00:00,33,2,10924,264.93,265.29,264.9,265.19,392,MSTR
2025-11-03 12:24:00+00:00,33,2,10924,265.26,265.26,265.24,265.24,17,MSTR
2025-11-03 12:25:00+00:00,33,2,10924,265.36,265.45,265.36,265.45,176,MSTR
2025-11-03 12:26:00+00:00,33,2,10924,265.16,265.2,265.16,265.2,54,MSTR
2025-11-03 12:27:00+00:00,33,2,10924,265.27,265.27,265.1,265.26,429,MSTR
2025-11-03 12:28:00+00:00,33,2,10924,265.27,265.3,264.89,265.15,6387,MSTR
2025-11-03 12:29:00+00:00,33,2,10924,265.08,265.08,265.03,265.03,107,MSTR
2025-11-03 12:30:00+00:00,33,2,10924,265.03,265.03,264.88,265.0,363,MSTR
2025-11-03 12:31:00+00:00,33,2,10924,265.0,265.0,264.8,264.8,156,MSTR
2025-11-03 12:32:00+00:00,33,2,10924,264.91,264.91,264.78,264.78,112,MSTR
2025-11-03 12:33:00+00:00,33,2,10924,264.89,265.07,264.8,265.01,239,MSTR
2025-11-03 12:34:00+00:00,33,2,10924,265.02,265.02,264.88,264.88,204,MSTR
2025-11-03 12:35:00+00:00,33,2,10924,264.92,265.0,264.91,265.0,81,MSTR
2025-11-03 12:36:00+00:00,33,2,10924,264.83,264.87,264.7,264.7,434,MSTR
2025-11-03 12:37:00+00:00,33,2,10924,264.75,264.77,264.75,264.77,59,MSTR
2025-11-03 12:38:00+00:00,33,2,10924,264.75,264.75,264.75,264.75,18,MSTR
2025-11-03 12:39:00+00:00,33,2,10924,264.88,264.95,264.88,264.95,50,MSTR
2025-11-03 12:40:00+00:00,33,2,10924,264.85,264.99,264.85,264.99,38,MSTR
2025-11-03 12:41:00+00:00,33,2,10924,264.99,265.0,264.9,264.98,115,MSTR
2025-11-03 12:42:00+00:00,33,2,10924,264.94,265.0,264.88,264.88,147,MSTR
2025-11-03 12:43:00+00:00,33,2,10924,264.98,264.99,264.91,264.95,56,MSTR
2025-11-03 12:44:00+00:00,33,2,10924,264.95,264.95,264.8,264.82,43,MSTR
2025-11-03 12:45:00+00:00,33,2,10924,264.71,264.71,264.4,264.4,435,MSTR
2025-11-03 12:46:00+00:00,33,2,10924,264.59,264.6,264.59,264.6,50,MSTR
2025-11-03 12:47:00+00:00,33,2,10924,264.58,264.73,264.58,264.73,18,MSTR
2025-11-03 12:48:00+00:00,33,2,10924,264.87,264.88,264.87,264.88,26,MSTR
2025-11-03 12:49:00+00:00,33,2,10924,264.93,265.0,264.88,265.0,742,MSTR
2025-11-03 12:50:00+00:00,33,2,10924,264.97,265.0,264.94,264.94,130,MSTR
2025-11-03 12:52:00+00:00,33,2,10924,265.0,265.0,264.92,264.92,274,MSTR
2025-11-03 12:54:00+00:00,33,2,10924,264.7,264.71,264.7,264.71,15,MSTR
2025-11-03 12:55:00+00:00,33,2,10924,264.69,264.69,264.56,264.56,22,MSTR
2025-11-03 12:56:00+00:00,33,2,10924,264.54,264.69,264.54,264.69,111,MSTR
2025-11-03 12:57:00+00:00,33,2,10924,264.8,264.82,264.8,264.8,106,MSTR
2025-11-03 12:58:00+00:00,33,2,10924,264.79,264.79,264.61,264.78,258,MSTR
2025-11-03 12:59:00+00:00,33,2,10924,264.65,264.65,264.65,264.65,113,MSTR
2025-11-03 13:00:00+00:00,33,2,10924,264.58,264.58,264.31,264.43,470,MSTR
2025-11-03 13:01:00+00:00,33,2,10924,264.4,264.51,264.32,264.45,194,MSTR
2025-11-03 13:02:00+00:00,33,2,10924,264.47,264.5,264.47,264.5,12,MSTR
2025-11-03 13:03:00+00:00,33,2,10924,264.43,264.49,264.26,264.45,351,MSTR
2025-11-03 13:04:00+00:00,33,2,10924,264.49,264.5,264.35,264.46,182,MSTR
2025-11-03 13:05:00+00:00,33,2,10924,264.5,264.5,264.49,264.49,114,MSTR
2025-11-03 13:06:00+00:00,33,2,10924,264.35,264.35,264.31,264.31,71,MSTR
2025-11-03 13:07:00+00:00,33,2,10924,264.36,264.49,264.3,264.37,463,MSTR
2025-11-03 13:08:00+00:00,33,2,10924,264.4,264.49,264.35,264.39,213,MSTR
2025-11-03 13:09:00+00:00,33,2,10924,264.26,264.26,264.08,264.12,1074,MSTR
2025-11-03 13:10:00+00:00,33,2,10924,264.13,264.13,263.79,264.0,3137,MSTR
2025-11-03 13:11:00+00:00,33,2,10924,264.1,264.19,263.96,264.0,651,MSTR
2025-11-03 13:12:00+00:00,33,2,10924,264.05,264.25,263.93,264.22,265,MSTR
2025-11-03 13:13:00+00:00,33,2,10924,264.21,264.21,264.13,264.13,231,MSTR
2025-11-03 13:14:00+00:00,33,2,10924,263.81,263.86,263.8,263.86,13,MSTR
2025-11-03 13:15:00+00:00,33,2,10924,263.92,264.0,263.92,263.99,291,MSTR
2025-11-03 13:16:00+00:00,33,2,10924,263.99,264.0,263.9,264.0,515,MSTR
2025-11-03 13:17:00+00:00,33,2,10924,263.86,264.0,263.86,264.0,16,MSTR
2025-11-03 13:18:00+00:00,33,2,10924,263.94,264.0,263.94,264.0,1159,MSTR
2025-11-03 13:19:00+00:00,33,2,10924,263.95,264.3,263.95,264.3,1099,MSTR
2025-11-03 13:20:00+00:00,33,2,10924,264.06,264.06,264.06,264.06,80,MSTR
2025-11-03 13:21:00+00:00,33,2,10924,264.06,264.15,264.06,264.13,134,MSTR
2025-11-03 13:22:00+00:00,33,2,10924,264.13,264.13,263.94,263.94,455,MSTR
2025-11-03 13:23:00+00:00,33,2,10924,263.83,263.83,263.75,263.8,850,MSTR
2025-11-03 13:25:00+00:00,33,2,10924,263.83,263.89,263.82,263.82,310,MSTR
2025-11-03 13:26:00+00:00,33,2,10924,263.83,263.83,263.6,263.63,309,MSTR
2025-11-03 13:28:00+00:00,33,2,10924,263.94,263.99,263.94,263.99,35,MSTR
2025-11-03 13:29:00+00:00,33,2,10924,263.98,264.0,263.86,263.86,98,MSTR
2025-11-03 13:30:00+00:00,33,2,10924,264.0,264.12,263.95,264.12,905,MSTR
2025-11-03 13:31:00+00:00,33,2,10924,264.15,264.15,264.09,264.1,641,MSTR
2025-11-03 13:32:00+00:00,33,2,10924,264.29,264.32,264.02,264.12,1030,MSTR
2025-11-03 13:33:00+00:00,33,2,10924,264.01,264.19,263.96,264.19,346,MSTR
2025-11-03 13:35:00+00:00,33,2,10924,264.26,264.3,264.25,264.3,150,MSTR
2025-11-03 13:37:00+00:00,33,2,10924,264.4,264.4,264.29,264.29,672,MSTR
2025-11-03 13:38:00+00:00,33,2,10924,264.4,264.4,264.38,264.39,140,MSTR
2025-11-03 13:39:00+00:00,33,2,10924,264.38,264.38,264.21,264.21,339,MSTR
2025-11-03 13:40:00+00:00,33,2,10924,264.38,264.48,264.38,264.4,230,MSTR
2025-11-03 13:41:00+00:00,33,2,10924,264.37,264.48,264.36,264.36,276,MSTR
2025-11-03 13:42:00+00:00,33,2,10924,264.36,264.4,264.33,264.4,69,MSTR
2025-11-03 13:43:00+00:00,33,2,10924,264.43,264.48,264.4,264.48,14,MSTR
2025-11-03 13:44:00+00:00,33,2,10924,264.4,264.5,264.4,264.5,178,MSTR
2025-11-03 13:45:00+00:00,33,2,10924,264.5,264.5,264.36,264.38,491,MSTR
2025-11-03 13:46:00+00:00,33,2,10924,264.53,264.53,264.5,264.5,51,MSTR
2025-11-03 13:47:00+00:00,33,2,10924,264.48,264.48,264.44,264.44,19,MSTR
2025-11-03 13:48:00+00:00,33,2,10924,264.48,264.49,264.36,264.4,72,MSTR
2025-11-03 13:49:00+00:00,33,2,10924,264.53,264.59,264.53,264.59,236,MSTR
2025-11-03 13:50:00+00:00,33,2,10924,264.57,264.58,264.57,264.58,85,MSTR
2025-11-03 13:51:00+00:00,33,2,10924,264.51,264.51,264.51,264.51,7,MSTR
2025-11-03 13:52:00+00:00,33,2,10924,264.28,264.28,264.26,264.26,12,MSTR
2025-11-03 13:53:00+00:00,33,2,10924,264.42,264.43,264.42,264.43,101,MSTR
2025-11-03 13:54:00+00:00,33,2,10924,264.53,264.6,264.53,264.6,93,MSTR
2025-11-03 13:55:00+00:00,33,2,10924,264.58,264.59,264.58,264.59,31,MSTR
2025-11-03 13:56:00+00:00,33,2,10924,264.6,264.64,264.6,264.64,74,MSTR
2025-11-03 13:57:00+00:00,33,2,10924,264.63,264.63,264.49,264.49,7,MSTR
2025-11-03 13:58:00+00:00,33,2,10924,264.49,264.49,264.4,264.49,184,MSTR
2025-11-03 14:00:00+00:00,33,2,10924,264.55,264.99,264.53,264.73,176,MSTR
2025-11-03 14:01:00+00:00,33,2,10924,264.75,264.75,264.6,264.6,21,MSTR
2025-11-03 14:02:00+00:00,33,2,10924,264.7,264.7,264.7,264.7,50,MSTR
2025-11-03 14:03:00+00:00,33,2,10924,264.85,264.85,264.53,264.53,27,MSTR
2025-11-03 14:04:00+00:00,33,2,10924,264.8,264.85,264.54,264.62,239,MSTR
2025-11-03 14:05:00+00:00,33,2,10924,264.62,264.91,264.62,264.91,368,MSTR
2025-11-03 14:06:00+00:00,33,2,10924,264.84,264.84,264.84,264.84,15,MSTR
2025-11-03 14:07:00+00:00,33,2,10924,264.99,265.0,264.89,264.93,131,MSTR
2025-11-03 14:08:00+00:00,33,2,10924,264.96,264.97,264.77,264.89,455,MSTR
2025-11-03 14:09:00+00:00,33,2,10924,264.77,264.88,264.73,264.88,30,MSTR
2025-11-03 14:10:00+00:00,33,2,10924,264.86,264.88,264.63,264.68,151,MSTR
2025-11-03 14:11:00+00:00,33,2,10924,264.65,264.8,264.65,264.8,245,MSTR
2025-11-03 14:12:00+00:00,33,2,10924,264.87,264.98,264.83,264.89,28,MSTR
2025-11-03 14:13:00+00:00,33,2,10924,264.93,265.0,264.83,264.92,582,MSTR
2025-11-03 14:14:00+00:00,33,2,10924,264.9,265.0,264.87,264.92,128,MSTR
2025-11-03 14:15:00+00:00,33,2,10924,264.8,264.81,264.7,264.81,80,MSTR
2025-11-03 14:16:00+00:00,33,2,10924,264.83,264.83,264.83,264.83,2,MSTR
2025-11-03 14:17:00+00:00,33,2,10924,264.7,264.7,264.6,264.6,48,MSTR
2025-11-03 14:18:00+00:00,33,2,10924,264.73,264.73,264.52,264.71,28,MSTR
2025-11-03 14:19:00+00:00,33,2,10924,264.51,264.51,264.3,264.44,322,MSTR
2025-11-03 14:20:00+00:00,33,2,10924,264.33,264.37,264.25,264.25,70,MSTR
2025-11-03 14:21:00+00:00,33,2,10924,264.19,264.49,264.19,264.41,333,MSTR
2025-11-03 14:22:00+00:00,33,2,10924,264.49,264.49,264.34,264.34,24,MSTR
2025-11-03 14:23:00+00:00,33,2,10924,264.5,264.5,264.49,264.49,32,MSTR
2025-11-03 14:24:00+00:00,33,2,10924,264.47,264.61,264.41,264.41,734,MSTR
2025-11-03 14:25:00+00:00,33,2,10924,264.4,264.4,264.0,264.11,626,MSTR
2025-11-03 14:26:00+00:00,33,2,10924,264.11,264.28,264.09,264.24,197,MSTR
2025-11-03 14:27:00+00:00,33,2,10924,264.16,264.23,263.86,263.93,666,MSTR
2025-11-03 14:28:00+00:00,33,2,10924,264.17,264.18,263.86,263.86,198,MSTR
2025-11-03 14:29:00+00:00,33,2,10924,264.16,264.19,264.12,264.19,312,MSTR
2025-11-03 14:30:00+00:00,33,2,10924,264.28,265.32,263.63,264.85,100241,MSTR
2025-11-03 14:31:00+00:00,33,2,10924,265.045,265.51,264.12,264.28,11964,MSTR
2025-11-03 14:32:00+00:00,33,2,10924,264.47,265.91,264.42,264.93,15165,MSTR
2025-11-03 14:33:00+00:00,33,2,10924,264.94,266.0,264.74,265.705,14176,MSTR
2025-11-03 14:34:00+00:00,33,2,10924,265.715,266.83,265.53,266.74,26125,MSTR
2025-11-03 14:35:00+00:00,33,2,10924,266.74,268.17,266.3,267.77,31692,MSTR
2025-11-03 14:36:00+00:00,33,2,10924,267.77,269.15,267.39,267.5,29522,MSTR
2025-11-03 14:37:00+00:00,33,2,10924,267.5,268.78,267.5,267.72,13871,MSTR
2025-11-03 14:38:00+00:00,33,2,10924,267.65,268.85,267.31,268.85,12276,MSTR
2025-11-03 14:39:00+00:00,33,2,10924,268.98,269.58,268.2,268.25,7017,MSTR
2025-11-03 14:40:00+00:00,33,2,10924,268.14,268.89,267.99,268.66,7373,MSTR
2025-11-03 14:41:00+00:00,33,2,10924,268.67,269.66,268.42,268.99,11718,MSTR
2025-11-03 14:42:00+00:00,33,2,10924,268.96,269.49,268.48,269.39,9363,MSTR
2025-11-03 14:43:00+00:00,33,2,10924,269.38,269.91,268.91,269.32,7477,MSTR
2025-11-03 14:44:00+00:00,33,2,10924,269.365,269.99,268.99,269.73,3718,MSTR
2025-11-03 14:45:00+00:00,33,2,10924,269.725,270.13,269.08,269.21,6668,MSTR
2025-11-03 14:46:00+00:00,33,2,10924,269.26,270.06,268.73,269.86,12963,MSTR
2025-11-03 14:47:00+00:00,33,2,10924,269.67,270.31,269.445,269.53,5219,MSTR
2025-11-03 14:48:00+00:00,33,2,10924,269.5,269.585,268.36,268.72,4342,MSTR
2025-11-03 14:49:00+00:00,33,2,10924,268.68,269.09,268.5,268.76,6611,MSTR
2025-11-03 14:50:00+00:00,33,2,10924,268.66,269.13,268.2,268.65,3115,MSTR
2025-11-03 14:51:00+00:00,33,2,10924,268.46,269.22,268.18,269.2,5549,MSTR
2025-11-03 14:52:00+00:00,33,2,10924,269.14,269.68,268.9,269.33,5365,MSTR
2025-11-03 14:53:00+00:00,33,2,10924,269.43,269.61,268.54,268.81,2682,MSTR
2025-11-03 14:54:00+00:00,33,2,10924,268.93,269.58,268.3,268.61,6141,MSTR
2025-11-03 14:55:00+00:00,33,2,10924,268.53,269.22,268.53,268.59,2888,MSTR
2025-11-03 14:56:00+00:00,33,2,10924,268.56,269.16,268.26,269.11,6795,MSTR
2025-11-03 14:57:00+00:00,33,2,10924,268.96,269.19,268.64,269.05,4004,MSTR
2025-11-03 14:58:00+00:00,33,2,10924,269.14,269.51,268.87,269.29,4278,MSTR
2025-11-03 14:59:00+00:00,33,2,10924,269.28,269.34,269.11,269.34,2830,MSTR
2025-11-03 15:00:00+00:00,33,2,10924,269.35,269.73,267.8,268.14,6254,MSTR
2025-11-03 15:01:00+00:00,33,2,10924,268.0,268.17,266.55,266.77,8783,MSTR
2025-11-03 15:02:00+00:00,33,2,10924,266.72,266.85,266.18,266.63,4924,MSTR
2025-11-03 15:03:00+00:00,33,2,10924,266.64,266.64,266.095,266.35,5575,MSTR
2025-11-03 15:04:00+00:00,33,2,10924,266.3,266.55,265.9,266.08,5312,MSTR
2025-11-03 15:05:00+00:00,33,2,10924,266.065,266.3,265.85,265.94,3036,MSTR
2025-11-03 15:06:00+00:00,33,2,10924,266.07,266.35,265.67,265.73,4958,MSTR
2025-11-03 15:07:00+00:00,33,2,10924,265.79,265.79,265.07,265.38,5992,MSTR
2025-11-03 15:08:00+00:00,33,2,10924,265.24,266.28,265.03,266.06,7650,MSTR
2025-11-03 15:09:00+00:00,33,2,10924,266.06,266.11,265.32,265.47,5080,MSTR
2025-11-03 15:10:00+00:00,33,2,10924,265.42,266.16,265.3,265.81,4689,MSTR
2025-11-03 15:11:00+00:00,33,2,10924,265.8,265.95,265.52,265.81,2738,MSTR
2025-11-03 15:12:00+00:00,33,2,10924,265.9,267.3,265.68,267.18,5192,MSTR
2025-11-03 15:13:00+00:00,33,2,10924,267.02,267.17,265.99,266.15,8381,MSTR
2025-11-03 15:14:00+00:00,33,2,10924,266.14,266.46,266.07,266.2,2969,MSTR
2025-11-03 15:15:00+00:00,33,2,10924,266.1,266.23,265.49,265.69,5540,MSTR
2025-11-03 15:16:00+00:00,33,2,10924,265.82,266.09,265.66,265.83,4324,MSTR
2025-11-03 15:17:00+00:00,33,2,10924,265.98,266.6,265.8,266.6,2714,MSTR
2025-11-03 15:18:00+00:00,33,2,10924,266.56,267.51,266.54,266.69,5766,MSTR
2025-11-03 15:19:00+00:00,33,2,10924,266.73,266.95,266.52,266.61,1188,MSTR
2025-11-03 15:20:00+00:00,33,2,10924,266.6,266.6,266.0,266.1,3655,MSTR
2025-11-03 15:21:00+00:00,33,2,10924,266.1,266.44,266.06,266.44,2486,MSTR
2025-11-03 15:22:00+00:00,33,2,10924,266.32,266.57,266.12,266.12,2937,MSTR
2025-11-03 15:23:00+00:00,33,2,10924,266.3,266.55,265.82,265.85,3029,MSTR
2025-11-03 15:24:00+00:00,33,2,10924,265.76,265.76,265.06,265.165,3969,MSTR
2025-11-03 15:25:00+00:00,33,2,10924,265.11,265.33,264.9,265.21,3621,MSTR
2025-11-03 15:26:00+00:00,33,2,10924,265.28,265.35,263.73,263.73,9806,MSTR
2025-11-03 15:27:00+00:00,33,2,10924,263.73,264.01,263.01,263.04,11171,MSTR
2025-11-03 15:28:00+00:00,33,2,10924,263.04,263.31,262.77,262.77,11135,MSTR
2025-11-03 15:29:00+00:00,33,2,10924,262.74,263.16,262.13,262.24,11431,MSTR
2025-11-03 15:30:00+00:00,33,2,10924,262.2,262.215,261.26,261.335,16200,MSTR
2025-11-03 15:31:00+00:00,33,2,10924,261.335,261.93,261.335,261.47,11489,MSTR
2025-11-03 15:32:00+00:00,33,2,10924,261.51,262.4,261.44,261.64,5553,MSTR
2025-11-03 15:33:00+00:00,33,2,10924,261.68,262.12,261.49,262.05,9172,MSTR
2025-11-03 15:34:00+00:00,33,2,10924,262.08,262.4,261.68,261.89,6801,MSTR
2025-11-03 15:35:00+00:00,33,2,10924,261.825,262.5,261.75,262.32,18352,MSTR
2025-11-03 15:36:00+00:00,33,2,10924,262.34,263.05,262.06,262.42,4258,MSTR
2025-11-03 15:37:00+00:00,33,2,10924,262.39,263.11,262.0,262.87,7935,MSTR
2025-11-03 15:38:00+00:00,33,2,10924,262.83,263.38,262.76,262.885,7015,MSTR
2025-11-03 15:39:00+00:00,33,2,10924,262.95,263.29,262.885,263.03,4749,MSTR
2025-11-03 15:40:00+00:00,33,2,10924,263.08,263.39,262.55,262.94,5943,MSTR
2025-11-03 15:41:00+00:00,33,2,10924,262.83,262.83,261.96,262.04,6635,MSTR
2025-11-03 15:42:00+00:00,33,2,10924,261.98,261.98,260.93,261.04,5927,MSTR
2025-11-03 15:43:00+00:00,33,2,10924,261.08,261.4,260.51,261.18,6031,MSTR
2025-11-03 15:44:00+00:00,33,2,10924,261.2,261.61,260.82,260.82,6431,MSTR
2025-11-03 15:45:00+00:00,33,2,10924,260.76,261.55,260.41,260.51,5776,MSTR
2025-11-03 15:46:00+00:00,33,2,10924,260.44,260.49,259.87,260.36,30221,MSTR
2025-11-03 15:47:00+00:00,33,2,10924,260.36,260.64,260.23,260.6,5327,MSTR
2025-11-03 15:48:00+00:00,33,2,10924,260.62,260.84,260.36,260.36,3395,MSTR
2025-11-03 15:49:00+00:00,33,2,10924,260.45,260.62,260.24,260.39,3610,MSTR
2025-11-03 15:50:00+00:00,33,2,10924,260.42,261.32,260.39,261.09,8765,MSTR
2025-11-03 15:51:00+00:00,33,2,10924,261.16,262.19,260.71,262.19,11156,MSTR
2025-11-03 15:52:00+00:00,33,2,10924,262.21,262.37,261.73,262.08,5410,MSTR
2025-11-03 15:53:00+00:00,33,2,10924,262.13,262.68,262.13,262.21,7253,MSTR
2025-11-03 15:54:00+00:00,33,2,10924,262.15,262.27,261.94,261.94,2603,MSTR
2025-11-03 15:55:00+00:00,33,2,10924,262.04,262.57,262.04,262.57,3226,MSTR
2025-11-03 15:56:00+00:00,33,2,10924,262.49,262.88,262.37,262.68,4455,MSTR
2025-11-03 15:57:00+00:00,33,2,10924,262.6,263.06,262.37,263.06,5408,MSTR
2025-11-03 15:58:00+00:00,33,2,10924,263.03,263.62,263.03,263.575,3229,MSTR
2025-11-03 15:59:00+00:00,33,2,10924,263.64,263.69,262.96,263.21,4772,MSTR
2025-11-03 16:00:00+00:00,33,2,10924,263.22,263.26,262.19,262.32,5135,MSTR
2025-11-03 16:01:00+00:00,33,2,10924,262.29,262.33,261.76,261.84,3541,MSTR
2025-11-03 16:02:00+00:00,33,2,10924,261.91,261.93,261.11,261.21,2383,MSTR
2025-11-03 16:03:00+00:00,33,2,10924,261.15,261.57,260.94,261.52,3919,MSTR
2025-11-03 16:04:00+00:00,33,2,10924,261.555,261.6,260.8,261.02,4355,MSTR
2025-11-03 16:05:00+00:00,33,2,10924,260.96,261.56,260.96,261.4,2241,MSTR
2025-11-03 16:06:00+00:00,33,2,10924,261.47,261.5,260.51,260.77,3847,MSTR
2025-11-03 16:07:00+00:00,33,2,10924,260.8,260.89,260.57,260.57,4401,MSTR
2025-11-03 16:08:00+00:00,33,2,10924,260.57,260.86,260.47,260.84,5058,MSTR
2025-11-03 16:09:00+00:00,33,2,10924,260.8,261.19,260.69,261.13,2563,MSTR
2025-11-03 16:10:00+00:00,33,2,10924,261.16,261.35,260.97,261.32,3526,MSTR
2025-11-03 16:11:00+00:00,33,2,10924,261.47,262.03,261.21,261.8,2393,MSTR
2025-11-03 16:12:00+00:00,33,2,10924,261.8,261.9,261.62,261.83,1229,MSTR
2025-11-03 16:13:00+00:00,33,2,10924,261.72,261.72,261.34,261.6,4679,MSTR
2025-11-03 16:14:00+00:00,33,2,10924,261.57,262.25,261.54,262.065,2673,MSTR
2025-11-03 16:15:00+00:00,33,2,10924,261.95,262.32,261.78,262.12,4577,MSTR
2025-11-03 16:16:00+00:00,33,2,10924,262.11,262.11,261.72,261.9,5120,MSTR
2025-11-03 16:17:00+00:00,33,2,10924,261.85,262.5,261.83,262.42,5961,MSTR
2025-11-03 16:18:00+00:00,33,2,10924,262.57,263.0,262.51,262.7,3388,MSTR
2025-11-03 16:19:00+00:00,33,2,10924,262.72,263.15,262.72,263.0,4590,MSTR
2025-11-03 16:20:00+00:00,33,2,10924,263.06,263.29,262.73,262.76,3162,MSTR
2025-11-03 16:21:00+00:00,33,2,10924,262.805,263.41,262.795,263.33,2434,MSTR
2025-11-03 16:22:00+00:00,33,2,10924,263.41,264.0,263.41,263.95,4688,MSTR
2025-11-03 16:23:00+00:00,33,2,10924,264.05,264.42,263.98,264.28,1932,MSTR
2025-11-03 16:24:00+00:00,33,2,10924,264.3,264.43,264.11,264.31,4091,MSTR
2025-11-03 16:25:00+00:00,33,2,10924,264.27,264.75,264.19,264.75,4445,MSTR
2025-11-03 16:26:00+00:00,33,2,10924,264.63,265.12,264.61,264.89,5366,MSTR
2025-11-03 16:27:00+00:00,33,2,10924,264.84,264.97,264.42,264.62,3176,MSTR
2025-11-03 16:28:00+00:00,33,2,10924,264.57,264.89,264.48,264.48,4960,MSTR
2025-11-03 16:29:00+00:00,33,2,10924,264.53,265.1,264.48,265.0,6615,MSTR
2025-11-03 16:30:00+00:00,33,2,10924,264.95,265.37,264.95,265.13,3259,MSTR
2025-11-03 16:31:00+00:00,33,2,10924,265.1,265.815,265.03,265.815,1938,MSTR
2025-11-03 16:32:00+00:00,33,2,10924,265.89,266.4,265.73,266.24,9424,MSTR
2025-11-03 16:33:00+00:00,33,2,10924,266.1,266.21,265.91,266.05,2814,MSTR
2025-11-03 16:34:00+00:00,33,2,10924,265.96,266.18,265.88,266.1,5601,MSTR
2025-11-03 16:35:00+00:00,33,2,10924,266.1,266.22,265.71,265.84,4975,MSTR
2025-11-03 16:36:00+00:00,33,2,10924,265.9,266.8,265.9,266.8,1611,MSTR
2025-11-03 16:37:00+00:00,33,2,10924,266.87,267.08,266.35,266.67,4761,MSTR
2025-11-03 16:38:00+00:00,33,2,10924,266.68,267.0,266.43,266.82,2016,MSTR
2025-11-03 16:39:00+00:00,33,2,10924,266.75,266.88,266.44,266.47,1863,MSTR
2025-11-03 16:40:00+00:00,33,2,10924,266.47,267.01,266.46,266.96,4882,MSTR
2025-11-03 16:41:00+00:00,33,2,10924,267.14,267.16,266.74,266.98,3595,MSTR
2025-11-03 16:42:00+00:00,33,2,10924,267.02,267.22,266.64,267.06,2080,MSTR
2025-11-03 16:43:00+00:00,33,2,10924,266.96,267.21,266.76,267.18,4232,MSTR
2025-11-03 16:44:00+00:00,33,2,10924,267.1,267.26,266.65,267.05,7180,MSTR
2025-11-03 16:45:00+00:00,33,2,10924,267.08,267.43,267.08,267.42,3472,MSTR
2025-11-03 16:46:00+00:00,33,2,10924,267.49,267.65,266.8,266.8,6336,MSTR
2025-11-03 16:47:00+00:00,33,2,10924,266.77,266.91,266.11,266.17,9905,MSTR
2025-11-03 16:48:00+00:00,33,2,10924,266.2,266.27,265.86,265.86,7678,MSTR
2025-11-03 16:49:00+00:00,33,2,10924,265.76,266.07,265.76,265.95,5649,MSTR
2025-11-03 16:50:00+00:00,33,2,10924,266.06,266.36,265.87,266.36,4264,MSTR
2025-11-03 16:51:00+00:00,33,2,10924,266.42,266.78,266.33,266.33,1320,MSTR
2025-11-03 16:52:00+00:00,33,2,10924,266.31,266.46,266.1,266.12,3564,MSTR
2025-11-03 16:53:00+00:00,33,2,10924,266.125,266.125,265.81,265.87,2553,MSTR
2025-11-03 16:54:00+00:00,33,2,10924,265.91,266.23,265.86,266.23,4549,MSTR
2025-11-03 16:55:00+00:00,33,2,10924,266.18,266.25,265.61,265.675,7519,MSTR
2025-11-03 16:56:00+00:00,33,2,10924,265.61,266.17,265.58,266.17,4393,MSTR
2025-11-03 16:57:00+00:00,33,2,10924,266.08,266.36,266.0,266.2,8193,MSTR
2025-11-03 16:58:00+00:00,33,2,10924,266.205,267.08,266.205,267.01,3079,MSTR
2025-11-03 16:59:00+00:00,33,2,10924,266.98,267.35,266.84,266.93,4308,MSTR
2025-11-03 17:00:00+00:00,33,2,10924,266.87,266.87,266.36,266.51,10362,MSTR
2025-11-03 17:01:00+00:00,33,2,10924,266.67,266.71,266.44,266.62,1466,MSTR
2025-11-03 17:02:00+00:00,33,2,10924,266.62,267.0,266.59,266.82,2399,MSTR
2025-11-03 17:03:00+00:00,33,2,10924,266.89,266.97,266.75,266.93,1476,MSTR
2025-11-03 17:04:00+00:00,33,2,10924,266.95,267.01,266.61,266.99,2050,MSTR
2025-11-03 17:05:00+00:00,33,2,10924,267.03,267.41,266.94,266.94,3234,MSTR
2025-11-03 17:06:00+00:00,33,2,10924,266.91,267.19,266.86,267.0,1882,MSTR
2025-11-03 17:07:00+00:00,33,2,10924,266.91,267.0,266.81,266.94,1034,MSTR
2025-11-03 17:08:00+00:00,33,2,10924,266.98,267.24,266.88,266.96,1289,MSTR
2025-11-03 17:09:00+00:00,33,2,10924,266.98,267.22,266.96,267.075,3125,MSTR
2025-11-03 17:10:00+00:00,33,2,10924,267.01,267.01,266.48,266.54,3771,MSTR
2025-11-03 17:11:00+00:00,33,2,10924,266.45,266.79,266.36,266.6,6187,MSTR
2025-11-03 17:12:00+00:00,33,2,10924,266.59,266.96,266.59,266.69,2113,MSTR
2025-11-03 17:13:00+00:00,33,2,10924,266.89,267.06,266.76,266.95,2461,MSTR
2025-11-03 17:14:00+00:00,33,2,10924,266.89,267.05,266.56,266.615,1057,MSTR
2025-11-03 17:15:00+00:00,33,2,10924,266.55,266.58,266.26,266.33,3136,MSTR
2025-11-03 17:16:00+00:00,33,2,10924,266.4,266.43,266.0,266.0,2560,MSTR
2025-11-03 17:17:00+00:00,33,2,10924,266.06,266.15,265.91,266.15,1869,MSTR
2025-11-03 17:18:00+00:00,33,2,10924,266.25,266.83,266.25,266.78,1622,MSTR
2025-11-03 17:19:00+00:00,33,2,10924,266.74,266.74,266.36,266.52,817,MSTR
2025-11-03 17:20:00+00:00,33,2,10924,266.525,266.75,266.4,266.59,1256,MSTR
2025-11-03 17:21:00+00:00,33,2,10924,266.65,268.24,266.65,268.0,10116,MSTR
2025-11-03 17:22:00+00:00,33,2,10924,267.99,268.77,267.83,268.59,3393,MSTR
2025-11-03 17:23:00+00:00,33,2,10924,268.67,268.95,267.84,268.17,5206,MSTR
2025-11-03 17:24:00+00:00,33,2,10924,268.12,268.5,267.94,268.42,2599,MSTR
2025-11-03 17:25:00+00:00,33,2,10924,268.4,268.4,267.68,267.78,1937,MSTR
2025-11-03 17:26:00+00:00,33,2,10924,267.74,267.84,267.45,267.78,1541,MSTR
2025-11-03 17:27:00+00:00,33,2,10924,267.95,268.15,267.79,267.79,1655,MSTR
2025-11-03 17:28:00+00:00,33,2,10924,267.82,267.98,267.5,267.75,1218,MSTR
2025-11-03 17:29:00+00:00,33,2,10924,267.5,267.69,267.46,267.69,2024,MSTR
2025-11-03 17:30:00+00:00,33,2,10924,267.51,267.53,266.89,267.35,3420,MSTR
2025-11-03 17:31:00+00:00,33,2,10924,267.23,267.33,267.07,267.33,3333,MSTR
2025-11-03 17:32:00+00:00,33,2,10924,267.36,267.57,267.23,267.53,2943,MSTR
2025-11-03 17:33:00+00:00,33,2,10924,267.51,267.74,267.45,267.55,1228,MSTR
2025-11-03 17:34:00+00:00,33,2,10924,267.56,267.91,267.56,267.69,1274,MSTR
2025-11-03 17:35:00+00:00,33,2,10924,267.59,267.59,266.8,266.8,1250,MSTR
2025-11-03 17:36:00+00:00,33,2,10924,266.78,266.78,266.17,266.44,2029,MSTR
2025-11-03 17:37:00+00:00,33,2,10924,266.47,266.81,266.38,266.42,3682,MSTR
2025-11-03 17:38:00+00:00,33,2,10924,266.43,266.82,266.42,266.76,1048,MSTR
2025-11-03 17:39:00+00:00,33,2,10924,266.77,266.77,266.55,266.68,400,MSTR
2025-11-03 17:40:00+00:00,33,2,10924,266.64,266.7,266.45,266.5,1329,MSTR
2025-11-03 17:41:00+00:00,33,2,10924,266.47,266.47,266.02,266.14,1109,MSTR
2025-11-03 17:42:00+00:00,33,2,10924,266.25,266.54,266.25,266.47,1794,MSTR
2025-11-03 17:43:00+00:00,33,2,10924,266.45,266.77,266.39,266.57,1070,MSTR
2025-11-03 17:44:00+00:00,33,2,10924,266.625,266.625,266.41,266.51,1738,MSTR
2025-11-03 17:45:00+00:00,33,2,10924,266.42,266.64,266.24,266.42,1170,MSTR
2025-11-03 17:46:00+00:00,33,2,10924,266.395,266.53,266.31,266.39,762,MSTR
2025-11-03 17:47:00+00:00,33,2,10924,266.54,266.9,266.5,266.82,1222,MSTR
2025-11-03 17:48:00+00:00,33,2,10924,266.81,266.82,266.62,266.65,1154,MSTR
2025-11-03 17:49:00+00:00,33,2,10924,266.71,266.9,266.47,266.58,883,MSTR
2025-11-03 17:50:00+00:00,33,2,10924,266.56,266.69,266.46,266.53,850,MSTR
2025-11-03 17:51:00+00:00,33,2,10924,266.63,266.66,266.14,266.195,1062,MSTR
2025-11-03 17:52:00+00:00,33,2,10924,266.43,266.56,266.31,266.31,2348,MSTR
2025-11-03 17:53:00+00:00,33,2,10924,266.32,266.33,266.08,266.26,1514,MSTR
2025-11-03 17:54:00+00:00,33,2,10924,266.31,266.31,266.08,266.12,637,MSTR
2025-11-03 17:55:00+00:00,33,2,10924,266.12,266.6,266.05,266.53,1408,MSTR
2025-11-03 17:56:00+00:00,33,2,10924,266.5,266.82,266.49,266.82,2428,MSTR
2025-11-03 17:57:00+00:00,33,2,10924,266.82,266.95,266.74,266.87,1405,MSTR
2025-11-03 17:58:00+00:00,33,2,10924,266.9,267.26,266.9,267.26,2272,MSTR
2025-11-03 17:59:00+00:00,33,2,10924,267.22,267.56,267.09,267.56,999,MSTR
2025-11-03 18:00:00+00:00,33,2,10924,267.54,267.64,266.97,267.04,2887,MSTR
2025-11-03 18:01:00+00:00,33,2,10924,267.06,267.48,267.0,267.31,4255,MSTR
2025-11-03 18:02:00+00:00,33,2,10924,267.215,267.47,267.215,267.34,799,MSTR
2025-11-03 18:03:00+00:00,33,2,10924,267.42,267.645,267.42,267.45,4644,MSTR
2025-11-03 18:04:00+00:00,33,2,10924,267.47,267.65,267.15,267.19,3214,MSTR
2025-11-03 18:05:00+00:00,33,2,10924,267.24,267.54,267.1,267.39,8781,MSTR
2025-11-03 18:06:00+00:00,33,2,10924,267.41,268.16,267.41,268.06,12057,MSTR
2025-11-03 18:07:00+00:00,33,2,10924,268.0,268.0,267.46,267.645,5481,MSTR
2025-11-03 18:08:00+00:00,33,2,10924,267.72,267.8,267.64,267.66,2542,MSTR
2025-11-03 18:09:00+00:00,33,2,10924,267.685,267.74,267.61,267.72,1617,MSTR
2025-11-03 18:10:00+00:00,33,2,10924,267.75,267.86,267.4,267.4,3590,MSTR
2025-11-03 18:11:00+00:00,33,2,10924,267.38,267.38,266.36,266.36,2087,MSTR
2025-11-03 18:12:00+00:00,33,2,10924,266.33,266.75,266.22,266.57,966,MSTR
2025-11-03 18:13:00+00:00,33,2,10924,266.46,266.52,266.17,266.38,1620,MSTR
2025-11-03 18:14:00+00:00,33,2,10924,266.3,266.54,266.05,266.54,2771,MSTR
2025-11-03 18:15:00+00:00,33,2,10924,266.47,266.47,266.14,266.34,649,MSTR
2025-11-03 18:16:00+00:00,33,2,10924,266.345,266.54,265.79,266.0,5378,MSTR
2025-11-03 18:17:00+00:00,33,2,10924,265.9,266.05,265.85,265.98,3564,MSTR
2025-11-03 18:18:00+00:00,33,2,10924,266.04,266.15,266.04,266.12,2755,MSTR
2025-11-03 18:19:00+00:00,33,2,10924,266.13,266.15,265.97,266.04,2830,MSTR
2025-11-03 18:20:00+00:00,33,2,10924,266.05,266.2,265.7,265.7,3754,MSTR
2025-11-03 18:21:00+00:00,33,2,10924,265.67,265.71,265.37,265.56,4782,MSTR
2025-11-03 18:22:00+00:00,33,2,10924,265.63,265.87,265.58,265.59,2597,MSTR
2025-11-03 18:23:00+00:00,33,2,10924,265.6,265.6,265.12,265.21,2837,MSTR
2025-11-03 18:24:00+00:00,33,2,10924,265.11,265.92,265.11,265.82,7198,MSTR
2025-11-03 18:25:00+00:00,33,2,10924,265.76,265.8,265.39,265.43,1796,MSTR
2025-11-03 18:26:00+00:00,33,2,10924,265.38,265.41,264.91,265.0,2673,MSTR
2025-11-03 18:27:00+00:00,33,2,10924,265.05,265.13,264.91,265.12,3335,MSTR
2025-11-03 18:28:00+00:00,33,2,10924,265.15,265.2,264.74,264.76,3979,MSTR
2025-11-03 18:29:00+00:00,33,2,10924,264.76,264.76,264.21,264.48,6830,MSTR
2025-11-03 18:30:00+00:00,33,2,10924,264.47,264.85,264.47,264.72,2999,MSTR
2025-11-03 18:31:00+00:00,33,2,10924,264.73,265.25,264.59,265.25,1060,MSTR
2025-11-03 18:32:00+00:00,33,2,10924,265.16,265.44,265.16,265.43,2793,MSTR
2025-11-03 18:33:00+00:00,33,2,10924,265.35,265.4,265.24,265.26,510,MSTR
2025-11-03 18:34:00+00:00,33,2,10924,265.27,265.54,265.23,265.23,1490,MSTR
2025-11-03 18:35:00+00:00,33,2,10924,265.34,265.72,265.25,265.675,881,MSTR
2025-11-03 18:36:00+00:00,33,2,10924,265.64,265.86,265.58,265.69,1121,MSTR
2025-11-03 18:37:00+00:00,33,2,10924,265.745,265.8,265.22,265.335,1315,MSTR
2025-11-03 18:38:00+00:00,33,2,10924,265.4,265.53,264.87,265.19,1331,MSTR
2025-11-03 18:39:00+00:00,33,2,10924,265.24,265.35,265.1,265.1,2380,MSTR
2025-11-03 18:40:00+00:00,33,2,10924,265.1,265.24,264.93,265.05,2189,MSTR
2025-11-03 18:41:00+00:00,33,2,10924,265.02,265.02,264.59,264.66,1536,MSTR
2025-11-03 18:42:00+00:00,33,2,10924,264.66,265.04,264.66,264.88,4670,MSTR
2025-11-03 18:43:00+00:00,33,2,10924,264.84,264.88,264.51,264.67,4157,MSTR
2025-11-03 18:44:00+00:00,33,2,10924,264.6,264.78,264.5,264.76,1306,MSTR
2025-11-03 18:45:00+00:00,33,2,10924,264.63,264.725,264.49,264.61,1043,MSTR
2025-11-03 18:46:00+00:00,33,2,10924,264.5,264.61,264.26,264.54,1807,MSTR
2025-11-03 18:47:00+00:00,33,2,10924,264.6,264.6,264.44,264.57,911,MSTR
2025-11-03 18:48:00+00:00,33,2,10924,264.6,264.83,264.54,264.8,2554,MSTR
2025-11-03 18:49:00+00:00,33,2,10924,264.83,265.03,264.5,264.96,2250,MSTR
2025-11-03 18:50:00+00:00,33,2,10924,265.02,265.31,264.84,264.85,1235,MSTR
2025-11-03 18:51:00+00:00,33,2,10924,264.92,264.92,264.62,264.62,1313,MSTR
2025-11-03 18:52:00+00:00,33,2,10924,264.66,264.91,264.54,264.86,477,MSTR
2025-11-03 18:53:00+00:00,33,2,10924,264.84,264.86,264.7,264.7,1726,MSTR
2025-11-03 18:54:00+00:00,33,2,10924,264.67,264.7,264.58,264.7,245,MSTR
2025-11-03 18:55:00+00:00,33,2,10924,264.74,264.74,264.5,264.5,697,MSTR
2025-11-03 18:56:00+00:00,33,2,10924,264.45,264.635,264.32,264.635,1225,MSTR
2025-11-03 18:57:00+00:00,33,2,10924,264.62,264.97,264.61,264.87,889,MSTR
2025-11-03 18:58:00+00:00,33,2,10924,264.75,264.75,264.56,264.56,1780,MSTR
2025-11-03 18:59:00+00:00,33,2,10924,264.55,264.71,264.5,264.66,403,MSTR
2025-11-03 19:00:00+00:00,33,2,10924,264.635,265.12,264.635,264.8,3752,MSTR
2025-11-03 19:01:00+00:00,33,2,10924,264.85,264.87,264.55,264.58,1031,MSTR
2025-11-03 19:02:00+00:00,33,2,10924,264.7,264.73,264.5,264.51,1397,MSTR
2025-11-03 19:03:00+00:00,33,2,10924,264.5,264.96,264.47,264.95,897,MSTR
2025-11-03 19:04:00+00:00,33,2,10924,264.96,265.05,264.6,264.73,2093,MSTR
2025-11-03 19:05:00+00:00,33,2,10924,264.65,264.72,264.48,264.61,2462,MSTR
2025-11-03 19:06:00+00:00,33,2,10924,264.68,265.02,264.55,264.81,2309,MSTR
2025-11-03 19:07:00+00:00,33,2,10924,264.84,264.99,264.7,264.99,293,MSTR
2025-11-03 19:08:00+00:00,33,2,10924,264.98,265.4,264.91,264.95,2890,MSTR
2025-11-03 19:09:00+00:00,33,2,10924,264.97,265.23,264.73,265.1,1773,MSTR
2025-11-03 19:10:00+00:00,33,2,10924,265.19,265.66,265.19,265.19,586,MSTR
2025-11-03 19:11:00+00:00,33,2,10924,265.17,265.33,265.01,265.33,853,MSTR
2025-11-03 19:12:00+00:00,33,2,10924,265.38,265.63,265.36,265.63,2108,MSTR
2025-11-03 19:13:00+00:00,33,2,10924,265.66,265.92,265.53,265.53,466,MSTR
2025-11-03 19:14:00+00:00,33,2,10924,265.59,265.64,265.4,265.43,339,MSTR
2025-11-03 19:15:00+00:00,33,2,10924,265.43,265.9,265.42,265.8,1165,MSTR
2025-11-03 19:16:00+00:00,33,2,10924,265.78,266.16,265.68,265.91,2216,MSTR
2025-11-03 19:17:00+00:00,33,2,10924,265.95,266.0,265.55,265.55,1793,MSTR
2025-11-03 19:18:00+00:00,33,2,10924,265.5,265.5,265.25,265.31,1492,MSTR
2025-11-03 19:19:00+00:00,33,2,10924,265.34,265.55,265.34,265.55,1399,MSTR
2025-11-03 19:20:00+00:00,33,2,10924,265.47,265.72,265.35,265.4,1143,MSTR
2025-11-03 19:21:00+00:00,33,2,10924,265.41,265.7,265.3,265.31,1364,MSTR
2025-11-03 19:22:00+00:00,33,2,10924,265.39,265.52,265.39,265.41,348,MSTR
2025-11-03 19:23:00+00:00,33,2,10924,265.39,265.47,264.91,265.1,2187,MSTR
2025-11-03 19:24:00+00:00,33,2,10924,265.23,265.27,265.23,265.27,77,MSTR
2025-11-03 19:25:00+00:00,33,2,10924,265.19,265.62,265.14,265.55,1044,MSTR
2025-11-03 19:26:00+00:00,33,2,10924,265.71,265.71,265.48,265.57,632,MSTR
2025-11-03 19:27:00+00:00,33,2,10924,265.53,265.53,265.34,265.4,513,MSTR
2025-11-03 19:28:00+00:00,33,2,10924,265.42,265.42,265.14,265.14,966,MSTR
2025-11-03 19:29:00+00:00,33,2,10924,265.09,265.39,265.08,265.39,1054,MSTR
2025-11-03 19:30:00+00:00,33,2,10924,265.36,265.95,265.36,265.86,1105,MSTR
2025-11-03 19:31:00+00:00,33,2,10924,265.88,266.0,265.55,265.88,4843,MSTR
2025-11-03 19:32:00+00:00,33,2,10924,265.93,266.08,265.74,265.79,748,MSTR
2025-11-03 19:33:00+00:00,33,2,10924,265.75,265.85,265.6,265.84,689,MSTR
2025-11-03 19:34:00+00:00,33,2,10924,265.95,266.27,265.91,266.13,1345,MSTR
2025-11-03 19:35:00+00:00,33,2,10924,266.22,266.9,266.1,266.9,1854,MSTR
2025-11-03 19:36:00+00:00,33,2,10924,266.86,267.61,266.86,266.99,3272,MSTR
2025-11-03 19:37:00+00:00,33,2,10924,267.01,267.24,266.95,267.24,1609,MSTR
2025-11-03 19:38:00+00:00,33,2,10924,267.26,267.65,267.26,267.61,2393,MSTR
2025-11-03 19:39:00+00:00,33,2,10924,267.58,268.0,267.58,268.0,2180,MSTR
2025-11-03 19:40:00+00:00,33,2,10924,267.91,268.26,267.85,268.22,3111,MSTR
2025-11-03 19:41:00+00:00,33,2,10924,268.0,268.73,267.98,268.24,2007,MSTR
2025-11-03 19:42:00+00:00,33,2,10924,268.33,268.5,267.96,268.38,1929,MSTR
2025-11-03 19:43:00+00:00,33,2,10924,268.43,268.52,268.31,268.42,1226,MSTR
2025-11-03 19:44:00+00:00,33,2,10924,268.5,268.6,268.43,268.6,1900,MSTR
2025-11-03 19:45:00+00:00,33,2,10924,268.6,269.33,268.6,269.33,2795,MSTR
2025-11-03 19:46:00+00:00,33,2,10924,269.38,269.72,269.3,269.59,3323,MSTR
2025-11-03 19:47:00+00:00,33,2,10924,269.58,269.8,269.51,269.56,1428,MSTR
2025-11-03 19:48:00+00:00,33,2,10924,269.48,269.48,268.665,268.81,2727,MSTR
2025-11-03 19:49:00+00:00,33,2,10924,268.825,269.01,268.7,268.7,849,MSTR
2025-11-03 19:50:00+00:00,33,2,10924,268.8,269.04,268.36,268.48,2328,MSTR
2025-11-03 19:51:00+00:00,33,2,10924,268.38,268.42,268.29,268.37,336,MSTR
2025-11-03 19:52:00+00:00,33,2,10924,268.32,268.34,268.105,268.16,1966,MSTR
2025-11-03 19:53:00+00:00,33,2,10924,268.2,268.37,268.2,268.34,1065,MSTR
2025-11-03 19:54:00+00:00,33,2,10924,268.39,268.41,267.92,268.015,2166,MSTR
2025-11-03 19:55:00+00:00,33,2,10924,268.11,268.21,267.51,267.7,1140,MSTR
2025-11-03 19:56:00+00:00,33,2,10924,267.6,267.64,267.065,267.14,1305,MSTR
2025-11-03 19:57:00+00:00,33,2,10924,267.13,267.13,266.92,267.0,2079,MSTR
2025-11-03 19:58:00+00:00,33,2,10924,266.96,267.0,266.59,266.6,1083,MSTR
2025-11-03 19:59:00+00:00,33,2,10924,266.66,266.77,266.49,266.56,1805,MSTR
2025-11-03 20:00:00+00:00,33,2,10924,266.63,266.7,266.2,266.445,2606,MSTR
2025-11-03 20:01:00+00:00,33,2,10924,266.33,266.59,266.19,266.42,785,MSTR
2025-11-03 20:02:00+00:00,33,2,10924,266.52,266.54,266.29,266.38,728,MSTR
2025-11-03 20:03:00+00:00,33,2,10924,266.32,266.32,265.98,266.22,4178,MSTR
2025-11-03 20:04:00+00:00,33,2,10924,266.24,266.67,266.16,266.67,2020,MSTR
2025-11-03 20:05:00+00:00,33,2,10924,266.73,266.74,266.3,266.3,3078,MSTR
2025-11-03 20:06:00+00:00,33,2,10924,266.36,266.36,266.0,266.04,1792,MSTR
2025-11-03 20:07:00+00:00,33,2,10924,265.95,265.99,265.54,265.54,2723,MSTR
2025-11-03 20:08:00+00:00,33,2,10924,265.51,265.66,265.37,265.37,1390,MSTR
2025-11-03 20:09:00+00:00,33,2,10924,265.42,265.59,265.39,265.53,1418,MSTR
2025-11-03 20:10:00+00:00,33,2,10924,265.52,265.55,265.13,265.45,3364,MSTR
2025-11-03 20:11:00+00:00,33,2,10924,265.345,265.4,265.19,265.22,661,MSTR
2025-11-03 20:12:00+00:00,33,2,10924,265.16,265.16,264.88,264.94,3687,MSTR
2025-11-03 20:13:00+00:00,33,2,10924,264.91,264.97,264.78,264.78,2341,MSTR
2025-11-03 20:14:00+00:00,33,2,10924,264.81,264.84,264.51,264.61,2363,MSTR
2025-11-03 20:15:00+00:00,33,2,10924,264.52,264.7,264.29,264.29,2990,MSTR
2025-11-03 20:16:00+00:00,33,2,10924,264.4,264.76,264.31,264.7,1887,MSTR
2025-11-03 20:17:00+00:00,33,2,10924,264.71,264.78,264.57,264.59,3900,MSTR
2025-11-03 20:18:00+00:00,33,2,10924,264.59,264.59,264.2,264.3,3528,MSTR
2025-11-03 20:19:00+00:00,33,2,10924,264.33,264.35,264.06,264.26,1047,MSTR
2025-11-03 20:20:00+00:00,33,2,10924,264.21,264.55,264.0,264.53,2160,MSTR
2025-11-03 20:21:00+00:00,33,2,10924,264.6,264.95,264.6,264.71,5358,MSTR
2025-11-03 20:22:00+00:00,33,2,10924,264.75,265.16,264.73,265.1,1538,MSTR
2025-11-03 20:23:00+00:00,33,2,10924,265.17,265.44,265.17,265.28,3259,MSTR
2025-11-03 20:24:00+00:00,33,2,10924,265.19,265.31,265.12,265.19,1869,MSTR
2025-11-03 20:25:00+00:00,33,2,10924,265.25,265.71,265.14,265.65,2381,MSTR
2025-11-03 20:26:00+00:00,33,2,10924,265.695,265.98,265.695,265.86,1431,MSTR
2025-11-03 20:27:00+00:00,33,2,10924,265.9,266.06,265.83,266.03,2011,MSTR
2025-11-03 20:28:00+00:00,33,2,10924,266.08,266.6,266.07,266.39,2411,MSTR
2025-11-03 20:29:00+00:00,33,2,10924,266.46,266.5,266.14,266.3,2658,MSTR
2025-11-03 20:30:00+00:00,33,2,10924,266.29,266.815,266.27,266.66,4004,MSTR
2025-11-03 20:31:00+00:00,33,2,10924,266.675,266.96,266.48,266.79,3105,MSTR
2025-11-03 20:32:00+00:00,33,2,10924,266.77,267.34,266.72,267.34,4970,MSTR
2025-11-03 20:33:00+00:00,33,2,10924,267.355,267.48,266.9,266.99,7258,MSTR
2025-11-03 20:34:00+00:00,33,2,10924,266.99,267.08,266.72,266.77,5064,MSTR
2025-11-03 20:35:00+00:00,33,2,10924,266.71,266.82,266.62,266.75,6948,MSTR
2025-11-03 20:36:00+00:00,33,2,10924,266.76,267.1,266.19,267.1,3868,MSTR
2025-11-03 20:37:00+00:00,33,2,10924,267.01,267.21,266.99,267.12,2361,MSTR
2025-11-03 20:38:00+00:00,33,2,10924,267.12,267.2,266.84,266.93,3044,MSTR
2025-11-03 20:39:00+00:00,33,2,10924,267.0,267.235,266.88,267.13,2163,MSTR
2025-11-03 20:40:00+00:00,33,2,10924,267.07,267.14,266.92,267.02,2210,MSTR
2025-11-03 20:41:00+00:00,33,2,10924,267.0,267.0,266.405,266.405,3756,MSTR
2025-11-03 20:42:00+00:00,33,2,10924,266.405,266.535,266.23,266.265,3276,MSTR
2025-11-03 20:43:00+00:00,33,2,10924,266.215,266.35,266.17,266.22,2301,MSTR
2025-11-03 20:44:00+00:00,33,2,10924,266.22,266.5,266.13,266.39,3323,MSTR
2025-11-03 20:45:00+00:00,33,2,10924,266.42,266.6,266.1,266.27,2660,MSTR
2025-11-03 20:46:00+00:00,33,2,10924,266.2,266.2,265.87,266.06,2806,MSTR
2025-11-03 20:47:00+00:00,33,2,10924,266.055,266.43,266.055,266.11,5190,MSTR
2025-11-03 20:48:00+00:00,33,2,10924,266.12,266.185,265.89,265.96,3639,MSTR
2025-11-03 20:49:00+00:00,33,2,10924,265.96,266.25,265.96,266.24,2680,MSTR
2025-11-03 20:50:00+00:00,33,2,10924,266.24,266.41,265.32,266.13,12377,MSTR
2025-11-03 20:51:00+00:00,33,2,10924,266.07,266.115,265.49,265.91,5631,MSTR
2025-11-03 20:52:00+00:00,33,2,10924,265.9,266.25,265.76,266.08,3336,MSTR
2025-11-03 20:53:00+00:00,33,2,10924,266.08,266.52,266.04,266.29,9510,MSTR
2025-11-03 20:54:00+00:00,33,2,10924,266.25,266.55,266.17,266.44,11518,MSTR
2025-11-03 20:55:00+00:00,33,2,10924,266.48,266.5,264.59,264.7,17675,MSTR
2025-11-03 20:56:00+00:00,33,2,10924,264.62,264.73,264.0,264.32,13429,MSTR
2025-11-03 20:57:00+00:00,33,2,10924,264.28,264.58,263.96,264.43,16349,MSTR
2025-11-03 20:58:00+00:00,33,2,10924,264.45,264.47,264.09,264.26,51445,MSTR
2025-11-03 20:59:00+00:00,33,2,10924,264.28,264.945,264.08,264.67,77113,MSTR
2025-11-03 21:00:00+00:00,33,2,10924,264.67,265.0,264.57,265.0,900398,MSTR
2025-11-03 21:01:00+00:00,33,2,10924,265.0,265.52,265.0,265.52,2004,MSTR
2025-11-03 21:02:00+00:00,33,2,10924,265.52,265.77,265.05,265.05,704,MSTR
2025-11-03 21:03:00+00:00,33,2,10924,265.39,265.45,265.39,265.44,23,MSTR
2025-11-03 21:04:00+00:00,33,2,10924,265.11,265.11,264.37,264.37,1163,MSTR
2025-11-03 21:05:00+00:00,33,2,10924,264.61,264.81,264.21,264.3,2253,MSTR
2025-11-03 21:06:00+00:00,33,2,10924,264.35,264.7,264.0,264.7,12792,MSTR
2025-11-03 21:07:00+00:00,33,2,10924,264.49,264.7,264.36,264.7,730,MSTR
2025-11-03 21:08:00+00:00,33,2,10924,264.56,264.56,264.4,264.41,84,MSTR
2025-11-03 21:10:00+00:00,33,2,10924,264.5,264.5,264.4,264.49,42,MSTR
2025-11-03 21:11:00+00:00,33,2,10924,264.3,264.43,264.1,264.43,3720,MSTR
2025-11-03 21:12:00+00:00,33,2,10924,264.43,264.59,264.31,264.59,152,MSTR
2025-11-03 21:13:00+00:00,33,2,10924,264.43,264.43,263.82,263.82,1382,MSTR
2025-11-03 21:14:00+00:00,33,2,10924,263.83,263.83,263.57,263.7,550,MSTR
2025-11-03 21:15:00+00:00,33,2,10924,263.68,263.84,263.0,263.53,1531,MSTR
2025-11-03 21:16:00+00:00,33,2,10924,263.45,263.45,263.37,263.37,111,MSTR
2025-11-03 21:17:00+00:00,33,2,10924,263.31,263.31,263.0,263.19,639,MSTR
2025-11-03 21:18:00+00:00,33,2,10924,263.09,263.86,263.09,263.7,3831,MSTR
2025-11-03 21:19:00+00:00,33,2,10924,263.7,264.29,263.7,264.19,352,MSTR
2025-11-03 21:20:00+00:00,33,2,10924,264.15,264.15,264.0,264.0,122,MSTR
2025-11-03 21:21:00+00:00,33,2,10924,263.88,263.88,263.67,263.67,45,MSTR
2025-11-03 21:22:00+00:00,33,2,10924,263.91,264.0,263.91,264.0,288,MSTR
2025-11-03 21:23:00+00:00,33,2,10924,264.0,264.78,263.97,264.37,411,MSTR
2025-11-03 21:24:00+00:00,33,2,10924,263.91,263.91,263.09,263.09,2619,MSTR
2025-11-03 21:25:00+00:00,33,2,10924,263.25,263.25,262.9,263.2,340,MSTR
2025-11-03 21:26:00+00:00,33,2,10924,262.99,263.71,262.5,263.01,3586,MSTR
2025-11-03 21:27:00+00:00,33,2,10924,263.05,263.05,263.01,263.05,5521,MSTR
2025-11-03 21:28:00+00:00,33,2,10924,263.48,263.5,263.48,263.5,20,MSTR
2025-11-03 21:29:00+00:00,33,2,10924,263.47,263.47,263.47,263.47,10,MSTR
2025-11-03 21:30:00+00:00,33,2,10924,263.47,263.83,263.47,263.83,193,MSTR
2025-11-03 21:31:00+00:00,33,2,10924,263.77,263.99,263.77,263.89,187,MSTR
2025-11-03 21:32:00+00:00,33,2,10924,263.9,263.9,263.88,263.88,29,MSTR
2025-11-03 21:33:00+00:00,33,2,10924,263.99,264.19,263.99,264.19,290,MSTR
2025-11-03 21:34:00+00:00,33,2,10924,264.25,264.25,264.25,264.25,7,MSTR
2025-11-03 21:35:00+00:00,33,2,10924,264.16,264.16,264.16,264.16,17,MSTR
2025-11-03 21:36:00+00:00,33,2,10924,264.0,264.0,264.0,264.0,8,MSTR
2025-11-03 21:39:00+00:00,33,2,10924,264.18,264.18,264.0,264.0,96,MSTR
2025-11-03 21:41:00+00:00,33,2,10924,263.99,263.99,263.99,263.99,100,MSTR
2025-11-03 21:42:00+00:00,33,2,10924,264.3,264.31,264.3,264.31,76,MSTR
2025-11-03 21:43:00+00:00,33,2,10924,264.26,264.29,264.26,264.29,21,MSTR
2025-11-03 21:44:00+00:00,33,2,10924,264.22,264.22,264.22,264.22,4,MSTR
2025-11-03 21:46:00+00:00,33,2,10924,264.17,264.19,264.11,264.19,31,MSTR
2025-11-03 21:47:00+00:00,33,2,10924,264.11,264.11,264.1,264.1,71,MSTR
2025-11-03 21:48:00+00:00,33,2,10924,264.11,264.11,264.05,264.05,80,MSTR
2025-11-03 21:49:00+00:00,33,2,10924,264.05,264.16,264.05,264.05,13,MSTR
2025-11-03 21:50:00+00:00,33,2,10924,264.18,264.2,264.18,264.2,11,MSTR
2025-11-03 21:51:00+00:00,33,2,10924,264.24,264.24,264.2,264.2,11,MSTR
2025-11-03 21:53:00+00:00,33,2,10924,264.3,264.37,264.3,264.36,81,MSTR
2025-11-03 21:54:00+00:00,33,2,10924,264.31,264.36,264.31,264.36,104,MSTR
2025-11-03 21:55:00+00:00,33,2,10924,264.36,264.42,264.36,264.42,221,MSTR
2025-11-03 21:56:00+00:00,33,2,10924,264.41,264.42,264.41,264.42,143,MSTR
2025-11-03 21:57:00+00:00,33,2,10924,264.37,264.37,264.23,264.23,23,MSTR
2025-11-03 21:58:00+00:00,33,2,10924,264.09,264.09,264.05,264.05,101,MSTR
2025-11-03 21:59:00+00:00,33,2,10924,264.03,264.03,264.0,264.03,201,MSTR
2025-11-03 22:01:00+00:00,33,2,10924,264.02,264.02,263.8,263.99,315,MSTR
2025-11-03 22:02:00+00:00,33,2,10924,264.45,264.45,264.45,264.45,17,MSTR
2025-11-03 22:03:00+00:00,33,2,10924,264.2,264.2,263.81,263.81,173,MSTR
2025-11-03 22:04:00+00:00,33,2,10924,263.68,263.68,263.68,263.68,1,MSTR
2025-11-03 22:05:00+00:00,33,2,10924,263.58,263.9,263.58,263.78,825,MSTR
2025-11-03 22:06:00+00:00,33,2,10924,263.87,263.97,263.87,263.97,621,MSTR
2025-11-03 22:07:00+00:00,33,2,10924,263.97,263.97,263.96,263.97,233,MSTR
2025-11-03 22:08:00+00:00,33,2,10924,263.97,263.97,263.96,263.97,26,MSTR
2025-11-03 22:09:00+00:00,33,2,10924,264.1,264.1,264.1,264.1,40,MSTR
2025-11-03 22:12:00+00:00,33,2,10924,263.9,263.9,263.87,263.87,1160,MSTR
2025-11-03 22:13:00+00:00,33,2,10924,263.8,263.8,263.8,263.8,1,MSTR
2025-11-03 22:14:00+00:00,33,2,10924,263.63,263.63,263.63,263.63,2,MSTR
2025-11-03 22:16:00+00:00,33,2,10924,263.81,263.81,263.69,263.69,40,MSTR
2025-11-03 22:18:00+00:00,33,2,10924,263.87,263.87,263.87,263.87,1,MSTR
2025-11-03 22:19:00+00:00,33,2,10924,263.88,263.88,263.84,263.84,4,MSTR
2025-11-03 22:21:00+00:00,33,2,10924,263.83,263.9,263.83,263.9,30,MSTR
2025-11-03 22:24:00+00:00,33,2,10924,263.63,263.63,263.51,263.51,152,MSTR
2025-11-03 22:26:00+00:00,33,2,10924,263.57,263.57,263.49,263.5,179,MSTR
2025-11-03 22:27:00+00:00,33,2,10924,263.65,263.65,263.59,263.59,21,MSTR
2025-11-03 22:30:00+00:00,33,2,10924,263.0,263.52,263.0,263.52,84,MSTR
2025-11-03 22:31:00+00:00,33,2,10924,262.88,262.88,262.88,262.88,15,MSTR
2025-11-03 22:32:00+00:00,33,2,10924,262.63,262.99,262.57,262.91,20,MSTR
2025-11-03 22:34:00+00:00,33,2,10924,262.8,263.0,262.8,263.0,88,MSTR
2025-11-03 22:35:00+00:00,33,2,10924,263.03,263.03,262.9,262.9,200,MSTR
2025-11-03 22:40:00+00:00,33,2,10924,263.28,263.28,263.28,263.28,10,MSTR
2025-11-03 22:46:00+00:00,33,2,10924,263.45,263.45,263.45,263.45,6,MSTR
2025-11-03 22:47:00+00:00,33,2,10924,263.78,263.81,263.78,263.81,40,MSTR
2025-11-03 22:49:00+00:00,33,2,10924,263.81,263.81,263.74,263.74,199,MSTR
2025-11-03 22:51:00+00:00,33,2,10924,263.74,263.74,263.74,263.74,2,MSTR
2025-11-03 22:52:00+00:00,33,2,10924,263.73,263.73,263.73,263.73,2,MSTR
2025-11-03 22:54:00+00:00,33,2,10924,263.56,263.56,263.56,263.56,1,MSTR
2025-11-03 22:56:00+00:00,33,2,10924,263.5,263.5,263.5,263.5,15,MSTR
2025-11-03 22:57:00+00:00,33,2,10924,263.47,263.47,263.47,263.47,114,MSTR
2025-11-03 22:59:00+00:00,33,2,10924,263.37,263.5,263.37,263.5,3,MSTR
2025-11-03 23:01:00+00:00,33,2,10924,263.53,263.53,263.01,263.01,43,MSTR
2025-11-03 23:02:00+00:00,33,2,10924,263.0,263.0,262.92,262.92,401,MSTR
2025-11-03 23:03:00+00:00,33,2,10924,263.38,263.38,263.38,263.38,1,MSTR
2025-11-03 23:04:00+00:00,33,2,10924,262.9,262.9,262.86,262.86,220,MSTR
2025-11-03 23:06:00+00:00,33,2,10924,262.9,262.9,262.9,262.9,15,MSTR
2025-11-03 23:10:00+00:00,33,2,10924,263.28,263.28,263.28,263.28,1,MSTR
2025-11-03 23:11:00+00:00,33,2,10924,262.88,263.25,262.85,263.25,82,MSTR
2025-11-03 23:12:00+00:00,33,2,10924,263.2,263.2,263.2,263.2,10,MSTR
2025-11-03 23:15:00+00:00,33,2,10924,263.15,263.25,263.15,263.25,20,MSTR
2025-11-03 23:17:00+00:00,33,2,10924,263.23,263.23,263.23,263.23,24,MSTR
2025-11-03 23:18:00+00:00,33,2,10924,263.23,263.23,263.23,263.23,3,MSTR
2025-11-03 23:19:00+00:00,33,2,10924,263.23,263.27,263.05,263.05,154,MSTR
2025-11-03 23:20:00+00:00,33,2,10924,263.28,263.29,263.28,263.29,55,MSTR
2025-11-03 23:21:00+00:00,33,2,10924,263.3,263.3,263.29,263.29,16,MSTR
2025-11-03 23:22:00+00:00,33,2,10924,263.29,263.31,263.29,263.31,59,MSTR
2025-11-03 23:28:00+00:00,33,2,10924,263.31,263.31,263.31,263.31,3,MSTR
2025-11-03 23:33:00+00:00,33,2,10924,263.33,263.33,263.33,263.33,22,MSTR
2025-11-03 23:35:00+00:00,33,2,10924,263.47,263.47,263.47,263.47,10,MSTR
2025-11-03 23:36:00+00:00,33,2,10924,263.3,263.3,263.3,263.3,211,MSTR
2025-11-03 23:38:00+00:00,33,2,10924,263.2,263.2,263.2,263.2,16,MSTR
2025-11-03 23:39:00+00:00,33,2,10924,263.2,263.2,263.2,263.2,4,MSTR
2025-11-03 23:41:00+00:00,33,2,10924,263.49,263.49,263.49,263.49,10,MSTR
2025-11-03 23:42:00+00:00,33,2,10924,263.47,263.47,263.47,263.47,6,MSTR
2025-11-03 23:44:00+00:00,33,2,10924,263.5,263.5,263.5,263.5,3,MSTR
2025-11-03 23:45:00+00:00,33,2,10924,263.49,263.49,263.49,263.49,1,MSTR
2025-11-03 23:49:00+00:00,33,2,10924,263.34,263.34,263.33,263.33,4,MSTR
2025-11-03 23:50:00+00:00,33,2,10924,263.33,263.33,263.33,263.33,2,MSTR
2025-11-03 23:51:00+00:00,33,2,10924,263.05,263.31,263.05,263.31,18,MSTR
2025-11-03 23:52:00+00:00,33,2,10924,263.31,263.31,263.31,263.31,36,MSTR
2025-11-03 23:53:00+00:00,33,2,10924,263.3,263.3,263.3,263.3,7,MSTR
2025-11-03 23:55:00+00:00,33,2,10924,263.31,263.33,263.31,263.33,36,MSTR
2025-11-03 23:57:00+00:00,33,2,10924,263.49,263.49,263.49,263.49,5,MSTR
2025-11-03 23:59:00+00:00,33,2,10924,263.3,263.3,263.2,263.2,257,MSTR
2025-11-04 09:00:00+00:00,33,2,10924,257.56,257.9,257.22,257.74,610,MSTR
2025-11-04 09:01:00+00:00,33,2,10924,258.08,258.08,257.51,257.63,295,MSTR
2025-11-04 09:02:00+00:00,33,2,10924,258.0,258.0,257.6,257.6,356,MSTR
2025-11-04 09:03:00+00:00,33,2,10924,257.6,257.96,257.15,257.29,2155,MSTR
2025-11-04 09:04:00+00:00,33,2,10924,257.29,257.29,256.83,256.88,280,MSTR
2025-11-04 09:05:00+00:00,33,2,10924,256.99,257.0,256.74,256.74,285,MSTR
2025-11-04 09:06:00+00:00,33,2,10924,256.89,257.09,256.89,257.0,6264,MSTR
2025-11-04 09:07:00+00:00,33,2,10924,256.7,256.7,256.57,256.57,30,MSTR
2025-11-04 09:08:00+00:00,33,2,10924,256.57,256.89,256.57,256.83,158,MSTR
2025-11-04 09:09:00+00:00,33,2,10924,256.6,256.88,256.58,256.88,152,MSTR
2025-11-04 09:10:00+00:00,33,2,10924,256.7,256.7,256.61,256.7,55,MSTR
2025-11-04 09:11:00+00:00,33,2,10924,256.8,256.8,256.68,256.68,117,MSTR
2025-11-04 09:12:00+00:00,33,2,10924,256.86,257.16,256.86,257.15,194,MSTR
2025-11-04 09:13:00+00:00,33,2,10924,256.82,256.85,256.5,256.63,208,MSTR
2025-11-04 09:14:00+00:00,33,2,10924,256.64,256.67,256.64,256.65,12,MSTR
2025-11-04 09:15:00+00:00,33,2,10924,256.65,256.65,256.63,256.63,4,MSTR
2025-11-04 09:16:00+00:00,33,2,10924,256.89,256.89,256.88,256.89,31,MSTR
2025-11-04 09:18:00+00:00,33,2,10924,257.01,257.01,256.89,256.89,97,MSTR
2025-11-04 09:19:00+00:00,33,2,10924,256.81,256.88,256.81,256.85,238,MSTR
2025-11-04 09:20:00+00:00,33,2,10924,257.03,257.03,257.03,257.03,64,MSTR
2025-11-04 09:21:00+00:00,33,2,10924,256.71,256.71,256.63,256.7,198,MSTR
2025-11-04 09:22:00+00:00,33,2,10924,256.51,256.51,256.51,256.51,30,MSTR
2025-11-04 09:23:00+00:00,33,2,10924,256.6,256.63,256.48,256.48,10643,MSTR
2025-11-04 09:24:00+00:00,33,2,10924,256.4,256.41,256.08,256.08,51,MSTR
2025-11-04 09:25:00+00:00,33,2,10924,256.0,256.0,255.84,255.84,50,MSTR
2025-11-04 09:26:00+00:00,33,2,10924,255.9,256.33,255.9,256.33,156,MSTR
2025-11-04 09:27:00+00:00,33,2,10924,256.45,256.45,256.45,256.45,35,MSTR
2025-11-04 09:28:00+00:00,33,2,10924,256.93,257.0,256.83,256.99,53,MSTR
2025-11-04 09:29:00+00:00,33,2,10924,256.67,256.73,256.4,256.41,131,MSTR
2025-11-04 09:30:00+00:00,33,2,10924,256.5,256.5,256.13,256.32,169,MSTR
2025-11-04 09:31:00+00:00,33,2,10924,256.62,256.63,256.62,256.63,35,MSTR
2025-11-04 09:32:00+00:00,33,2,10924,256.76,257.02,256.47,256.47,428,MSTR
2025-11-04 09:33:00+00:00,33,2,10924,256.16,256.41,256.16,256.38,141,MSTR
2025-11-04 09:34:00+00:00,33,2,10924,256.32,256.38,256.32,256.38,24,MSTR
2025-11-04 09:35:00+00:00,33,2,10924,256.24,256.24,255.88,255.88,169,MSTR
2025-11-04 09:36:00+00:00,33,2,10924,255.8,256.1,255.8,256.1,307,MSTR
2025-11-04 09:37:00+00:00,33,2,10924,255.81,256.21,255.8,255.99,446,MSTR
2025-11-04 09:38:00+00:00,33,2,10924,256.24,256.67,256.24,256.53,1465,MSTR
2025-11-04 09:39:00+00:00,33,2,10924,256.58,256.58,256.41,256.47,326,MSTR
2025-11-04 09:40:00+00:00,33,2,10924,256.13,256.3,256.13,256.3,28,MSTR
2025-11-04 09:41:00+00:00,33,2,10924,256.4,256.6,256.35,256.35,46,MSTR
2025-11-04 09:42:00+00:00,33,2,10924,256.3,256.39,256.21,256.21,360,MSTR
2025-11-04 09:43:00+00:00,33,2,10924,256.17,256.17,256.0,256.0,180,MSTR
2025-11-04 09:44:00+00:00,33,2,10924,255.96,255.99,255.65,255.65,157,MSTR
2025-11-04 09:45:00+00:00,33,2,10924,255.68,255.68,255.68,255.68,1,MSTR
2025-11-04 09:46:00+00:00,33,2,10924,255.7,255.88,255.68,255.73,126,MSTR
2025-11-04 09:47:00+00:00,33,2,10924,255.87,255.88,255.75,255.76,48,MSTR
2025-11-04 09:48:00+00:00,33,2,10924,255.65,255.65,255.5,255.5,237,MSTR
2025-11-04 09:49:00+00:00,33,2,10924,255.57,255.79,255.57,255.79,5,MSTR
2025-11-04 09:50:00+00:00,33,2,10924,255.79,256.0,255.79,256.0,66,MSTR
2025-11-04 09:51:00+00:00,33,2,10924,255.83,255.83,255.4,255.4,69,MSTR
2025-11-04 09:52:00+00:00,33,2,10924,255.51,255.53,255.42,255.53,37,MSTR
2025-11-04 09:53:00+00:00,33,2,10924,255.53,255.6,255.43,255.43,25,MSTR
2025-11-04 09:54:00+00:00,33,2,10924,255.42,255.6,255.31,255.31,129,MSTR
2025-11-04 09:55:00+00:00,33,2,10924,255.33,255.49,255.32,255.34,105,MSTR
2025-11-04 09:56:00+00:00,33,2,10924,255.28,255.32,255.0,255.32,574,MSTR
2025-11-04 09:57:00+00:00,33,2,10924,255.34,255.49,255.3,255.3,316,MSTR
2025-11-04 09:58:00+00:00,33,2,10924,255.3,255.3,255.26,255.26,67,MSTR
2025-11-04 09:59:00+00:00,33,2,10924,255.26,255.3,255.19,255.3,169,MSTR
2025-11-04 10:00:00+00:00,33,2,10924,255.19,255.3,255.01,255.16,2837,MSTR
2025-11-04 10:01:00+00:00,33,2,10924,255.2,255.22,255.0,255.01,303,MSTR
2025-11-04 10:02:00+00:00,33,2,10924,255.0,255.07,255.0,255.0,643,MSTR
2025-11-04 10:03:00+00:00,33,2,10924,255.0,255.06,255.0,255.06,153,MSTR
2025-11-04 10:04:00+00:00,33,2,10924,255.12,255.12,254.94,254.98,216,MSTR
2025-11-04 10:05:00+00:00,33,2,10924,254.98,254.98,254.57,254.59,675,MSTR
2025-11-04 10:06:00+00:00,33,2,10924,254.58,254.95,254.52,254.95,2609,MSTR
2025-11-04 10:07:00+00:00,33,2,10924,254.72,254.72,254.61,254.7,447,MSTR
2025-11-04 10:08:00+00:00,33,2,10924,255.12,255.16,255.12,255.16,216,MSTR
2025-11-04 10:09:00+00:00,33,2,10924,255.3,255.3,255.14,255.24,506,MSTR
2025-11-04 10:10:00+00:00,33,2,10924,255.3,255.3,255.3,255.3,25,MSTR
2025-11-04 10:11:00+00:00,33,2,10924,255.5,255.56,255.5,255.5,63,MSTR
2025-11-04 10:12:00+00:00,33,2,10924,255.77,255.77,255.66,255.67,51,MSTR
2025-11-04 10:13:00+00:00,33,2,10924,255.67,255.84,255.52,255.83,757,MSTR
2025-11-04 10:14:00+00:00,33,2,10924,255.82,255.85,255.67,255.67,189,MSTR
2025-11-04 10:15:00+00:00,33,2,10924,255.74,255.74,255.66,255.66,642,MSTR
2025-11-04 10:16:00+00:00,33,2,10924,255.85,256.0,255.85,255.97,232,MSTR
2025-11-04 10:17:00+00:00,33,2,10924,255.82,255.82,255.82,255.82,89,MSTR
2025-11-04 10:18:00+00:00,33,2,10924,255.5,255.56,255.5,255.56,504,MSTR
2025-11-04 10:20:00+00:00,33,2,10924,255.6,255.6,255.56,255.56,83,MSTR
2025-11-04 10:21:00+00:00,33,2,10924,255.8,255.8,255.8,255.8,15,MSTR
2025-11-04 10:22:00+00:00,33,2,10924,255.82,255.82,255.74,255.74,67,MSTR
2025-11-04 10:23:00+00:00,33,2,10924,255.61,255.66,255.58,255.66,4,MSTR
2025-11-04 10:24:00+00:00,33,2,10924,255.63,255.63,255.57,255.57,13,MSTR
2025-11-04 10:25:00+00:00,33,2,10924,255.53,255.53,255.42,255.42,152,MSTR
2025-11-04 10:28:00+00:00,33,2,10924,255.92,255.92,255.92,255.92,10,MSTR
2025-11-04 10:30:00+00:00,33,2,10924,255.87,255.88,255.87,255.88,25,MSTR
2025-11-04 10:31:00+00:00,33,2,10924,255.86,255.88,255.67,255.88,943,MSTR
2025-11-04 10:32:00+00:00,33,2,10924,255.82,256.02,255.82,256.02,1158,MSTR
2025-11-04 10:33:00+00:00,33,2,10924,256.3,256.34,256.3,256.34,269,MSTR
2025-11-04 10:34:00+00:00,33,2,10924,256.45,256.71,256.3,256.3,1429,MSTR
2025-11-04 10:35:00+00:00,33,2,10924,256.23,256.23,256.06,256.06,51,MSTR
2025-11-04 10:36:00+00:00,33,2,10924,256.15,256.45,256.15,256.45,1046,MSTR
2025-11-04 10:37:00+00:00,33,2,10924,256.22,256.22,255.91,255.98,471,MSTR
2025-11-04 10:38:00+00:00,33,2,10924,256.1,256.25,256.02,256.03,146,MSTR
2025-11-04 10:39:00+00:00,33,2,10924,256.11,256.11,256.11,256.11,59,MSTR
2025-11-04 10:40:00+00:00,33,2,10924,256.27,256.44,256.25,256.44,180,MSTR
2025-11-04 10:41:00+00:00,33,2,10924,256.44,256.44,256.21,256.21,53,MSTR
2025-11-04 10:42:00+00:00,33,2,10924,256.57,256.57,256.57,256.57,22,MSTR
2025-11-04 10:43:00+00:00,33,2,10924,256.57,256.57,256.22,256.22,32,MSTR
2025-11-04 10:44:00+00:00,33,2,10924,256.21,256.22,256.21,256.22,40,MSTR
2025-11-04 10:45:00+00:00,33,2,10924,256.28,256.44,256.28,256.44,236,MSTR
2025-11-04 10:46:00+00:00,33,2,10924,256.33,256.45,256.33,256.45,38,MSTR
2025-11-04 10:47:00+00:00,33,2,10924,256.43,256.44,256.43,256.44,14,MSTR
2025-11-04 10:48:00+00:00,33,2,10924,256.44,256.45,256.33,256.45,46,MSTR
2025-11-04 10:49:00+00:00,33,2,10924,256.23,256.29,256.23,256.29,55,MSTR
2025-11-04 10:50:00+00:00,33,2,10924,256.47,256.57,256.47,256.57,46,MSTR
2025-11-04 10:53:00+00:00,33,2,10924,256.56,256.57,256.56,256.57,19,MSTR
2025-11-04 10:54:00+00:00,33,2,10924,256.53,256.53,256.49,256.49,8,MSTR
2025-11-04 10:55:00+00:00,33,2,10924,256.08,256.28,256.0,256.01,124,MSTR
2025-11-04 10:57:00+00:00,33,2,10924,256.15,256.27,256.15,256.27,26,MSTR
2025-11-04 10:58:00+00:00,33,2,10924,256.27,256.27,256.06,256.06,30,MSTR
2025-11-04 10:59:00+00:00,33,2,10924,256.16,256.28,256.13,256.13,366,MSTR
2025-11-04 11:00:00+00:00,33,2,10924,256.28,256.3,256.28,256.3,186,MSTR
2025-11-04 11:01:00+00:00,33,2,10924,256.47,256.47,256.47,256.47,22,MSTR
2025-11-04 11:02:00+00:00,33,2,10924,256.46,256.47,256.22,256.22,175,MSTR
2025-11-04 11:03:00+00:00,33,2,10924,256.46,256.46,256.46,256.46,71,MSTR
2025-11-04 11:04:00+00:00,33,2,10924,256.5,256.55,256.5,256.55,60,MSTR
2025-11-04 11:05:00+00:00,33,2,10924,256.42,256.42,256.41,256.42,23,MSTR
2025-11-04 11:06:00+00:00,33,2,10924,256.43,256.52,256.41,256.52,22,MSTR
2025-11-04 11:07:00+00:00,33,2,10924,256.42,256.58,256.41,256.56,137,MSTR
2025-11-04 11:08:00+00:00,33,2,10924,256.63,256.79,256.63,256.67,230,MSTR
2025-11-04 11:10:00+00:00,33,2,10924,256.64,256.64,256.58,256.58,32,MSTR
2025-11-04 11:12:00+00:00,33,2,10924,256.85,257.0,256.85,256.98,153,MSTR
2025-11-04 11:13:00+00:00,33,2,10924,256.78,256.78,256.78,256.78,50,MSTR
2025-11-04 11:14:00+00:00,33,2,10924,256.98,256.98,256.98,256.98,22,MSTR
2025-11-04 11:15:00+00:00,33,2,10924,256.97,256.98,256.65,256.67,318,MSTR
2025-11-04 11:16:00+00:00,33,2,10924,256.62,256.65,256.44,256.64,283,MSTR
2025-11-04 11:17:00+00:00,33,2,10924,256.53,256.53,256.31,256.31,66,MSTR
2025-11-04 11:18:00+00:00,33,2,10924,256.57,256.76,256.57,256.73,1050,MSTR
2025-11-04 11:19:00+00:00,33,2,10924,256.82,257.0,256.57,256.63,860,MSTR
2025-11-04 11:20:00+00:00,33,2,10924,256.63,256.63,256.02,256.07,413,MSTR
2025-11-04 11:21:00+00:00,33,2,10924,256.45,256.45,256.45,256.45,60,MSTR
2025-11-04 11:22:00+00:00,33,2,10924,256.39,256.65,256.06,256.55,1628,MSTR
2025-11-04 11:23:00+00:00,33,2,10924,256.2,256.22,256.03,256.1,563,MSTR
2025-11-04 11:24:00+00:00,33,2,10924,256.13,256.15,256.0,256.09,4715,MSTR
2025-11-04 11:25:00+00:00,33,2,10924,256.09,256.6,256.09,256.57,5369,MSTR
2025-11-04 11:26:00+00:00,33,2,10924,256.51,256.57,256.49,256.49,6121,MSTR
2025-11-04 11:27:00+00:00,33,2,10924,256.63,257.8,256.63,257.8,4286,MSTR
2025-11-04 11:28:00+00:00,33,2,10924,257.8,257.84,257.53,257.53,1240,MSTR
2025-11-04 11:29:00+00:00,33,2,10924,257.56,257.56,257.45,257.45,233,MSTR
2025-11-04 11:30:00+00:00,33,2,10924,257.46,257.65,257.46,257.65,212,MSTR
2025-11-04 11:31:00+00:00,33,2,10924,257.5,258.64,257.49,258.05,1136,MSTR
2025-11-04 11:32:00+00:00,33,2,10924,258.21,258.32,258.05,258.3,961,MSTR
2025-11-04 11:33:00+00:00,33,2,10924,258.32,258.77,258.32,258.77,288,MSTR
2025-11-04 11:34:00+00:00,33,2,10924,258.71,258.71,258.67,258.67,19,MSTR
2025-11-04 11:35:00+00:00,33,2,10924,258.42,258.42,258.21,258.21,276,MSTR
2025-11-04 11:38:00+00:00,33,2,10924,258.42,258.55,258.02,258.02,1114,MSTR
2025-11-04 11:39:00+00:00,33,2,10924,258.18,258.18,258.06,258.06,36,MSTR
2025-11-04 11:41:00+00:00,33,2,10924,258.15,258.23,258.0,258.0,112,MSTR
2025-11-04 11:42:00+00:00,33,2,10924,257.86,258.19,257.8,258.19,99,MSTR
2025-11-04 11:43:00+00:00,33,2,10924,257.86,258.05,257.65,257.7,665,MSTR
2025-11-04 11:45:00+00:00,33,2,10924,257.67,257.73,257.66,257.73,59,MSTR
2025-11-04 11:46:00+00:00,33,2,10924,257.66,257.67,257.65,257.65,56,MSTR
2025-11-04 11:47:00+00:00,33,2,10924,257.57,257.57,257.52,257.52,25,MSTR
2025-11-04 11:48:00+00:00,33,2,10924,257.48,257.48,257.22,257.41,450,MSTR
2025-11-04 11:49:00+00:00,33,2,10924,257.48,257.51,257.48,257.51,6,MSTR
2025-11-04 11:53:00+00:00,33,2,10924,257.88,257.89,257.54,257.67,281,MSTR
2025-11-04 11:54:00+00:00,33,2,10924,257.69,257.69,257.69,257.69,75,MSTR
2025-11-04 11:55:00+00:00,33,2,10924,257.89,258.4,257.89,258.15,552,MSTR
2025-11-04 11:56:00+00:00,33,2,10924,258.19,258.4,258.19,258.4,293,MSTR
2025-11-04 11:57:00+00:00,33,2,10924,258.22,258.22,258.17,258.17,112,MSTR
2025-11-04 11:58:00+00:00,33,2,10924,257.74,257.74,257.72,257.73,96,MSTR
2025-11-04 11:59:00+00:00,33,2,10924,257.8,257.8,257.8,257.8,5,MSTR
2025-11-04 12:00:00+00:00,33,2,10924,258.0,258.11,257.2,257.46,2270,MSTR
2025-11-04 12:01:00+00:00,33,2,10924,257.6,257.6,257.6,257.6,48,MSTR
2025-11-04 12:02:00+00:00,33,2,10924,257.44,257.44,257.14,257.22,557,MSTR
2025-11-04 12:03:00+00:00,33,2,10924,257.22,257.27,257.2,257.2,129,MSTR
2025-11-04 12:04:00+00:00,33,2,10924,257.09,257.21,257.0,257.05,377,MSTR
2025-11-04 12:05:00+00:00,33,2,10924,257.16,257.38,257.16,257.38,792,MSTR
2025-11-04 12:06:00+00:00,33,2,10924,257.75,257.8,257.75,257.8,37,MSTR
2025-11-04 12:07:00+00:00,33,2,10924,257.53,257.53,257.49,257.49,170,MSTR
2025-11-04 12:08:00+00:00,33,2,10924,257.56,257.64,257.56,257.64,11,MSTR
2025-11-04 12:09:00+00:00,33,2,10924,257.44,257.44,257.44,257.44,69,MSTR
2025-11-04 12:10:00+00:00,33,2,10924,257.43,257.43,256.75,256.75,388,MSTR
2025-11-04 12:11:00+00:00,33,2,10924,256.73,256.73,256.73,256.73,100,MSTR
2025-11-04 12:13:00+00:00,33,2,10924,256.73,256.74,256.73,256.74,65,MSTR
2025-11-04 12:14:00+00:00,33,2,10924,256.78,257.0,256.78,257.0,53,MSTR
2025-11-04 12:15:00+00:00,33,2,10924,257.2,257.31,256.84,257.15,2123,MSTR
2025-11-04 12:17:00+00:00,33,2,10924,257.16,257.16,257.0,257.1,53,MSTR
2025-11-04 12:18:00+00:00,33,2,10924,257.25,257.25,256.97,256.97,104,MSTR
2025-11-04 12:19:00+00:00,33,2,10924,256.76,256.76,256.76,256.76,16,MSTR
2025-11-04 12:20:00+00:00,33,2,10924,256.93,256.93,256.93,256.93,1,MSTR
2025-11-04 12:21:00+00:00,33,2,10924,257.24,257.34,257.24,257.34,55,MSTR
2025-11-04 12:22:00+00:00,33,2,10924,257.16,257.16,257.16,257.16,1,MSTR
2025-11-04 12:24:00+00:00,33,2,10924,257.04,257.04,256.68,256.72,191,MSTR
2025-11-04 12:25:00+00:00,33,2,10924,256.51,256.51,256.5,256.5,120,MSTR
2025-11-04 12:26:00+00:00,33,2,10924,256.15,256.4,256.15,256.4,496,MSTR
2025-11-04 12:27:00+00:00,33,2,10924,256.76,257.0,256.76,257.0,425,MSTR
2025-11-04 12:28:00+00:00,33,2,10924,256.93,256.93,256.93,256.93,135,MSTR
2025-11-04 12:29:00+00:00,33,2,10924,256.99,257.01,256.77,256.77,297,MSTR
2025-11-04 12:30:00+00:00,33,2,10924,256.65,256.65,256.48,256.53,59,MSTR
2025-11-04 12:31:00+00:00,33,2,10924,256.57,256.8,256.57,256.77,704,MSTR
2025-11-04 12:32:00+00:00,33,2,10924,256.68,256.68,256.65,256.65,108,MSTR
2025-11-04 12:33:00+00:00,33,2,10924,256.65,256.8,256.65,256.65,401,MSTR
2025-11-04 12:34:00+00:00,33,2,10924,256.7,256.7,256.42,256.42,921,MSTR
2025-11-04 12:35:00+00:00,33,2,10924,256.57,256.61,256.42,256.42,371,MSTR
2025-11-04 12:36:00+00:00,33,2,10924,256.46,256.46,256.21,256.21,126,MSTR
2025-11-04 12:37:00+00:00,33,2,10924,256.24,256.24,256.2,256.2,501,MSTR
2025-11-04 12:38:00+00:00,33,2,10924,256.2,256.2,256.12,256.12,2,MSTR
2025-11-04 12:39:00+00:00,33,2,10924,256.15,256.3,256.15,256.3,167,MSTR
2025-11-04 12:40:00+00:00,33,2,10924,256.24,256.58,256.24,256.43,517,MSTR
2025-11-04 12:41:00+00:00,33,2,10924,256.5,256.55,256.5,256.51,254,MSTR
2025-11-04 12:42:00+00:00,33,2,10924,256.54,256.68,256.48,256.68,12,MSTR
2025-11-04 12:43:00+00:00,33,2,10924,256.48,256.48,256.48,256.48,40,MSTR
2025-11-04 12:44:00+00:00,33,2,10924,256.46,256.47,256.4,256.47,251,MSTR
2025-11-04 12:45:00+00:00,33,2,10924,256.59,256.59,256.4,256.52,1602,MSTR
2025-11-04 12:46:00+00:00,33,2,10924,256.4,256.52,256.4,256.5,132,MSTR
2025-11-04 12:47:00+00:00,33,2,10924,256.59,256.59,256.49,256.49,78,MSTR
2025-11-04 12:48:00+00:00,33,2,10924,256.55,256.55,256.55,256.55,116,MSTR
2025-11-04 12:49:00+00:00,33,2,10924,256.49,256.5,256.41,256.5,498,MSTR
2025-11-04 12:52:00+00:00,33,2,10924,256.51,256.64,256.5,256.64,41,MSTR
2025-11-04 12:53:00+00:00,33,2,10924,256.52,256.6,256.52,256.6,76,MSTR
2025-11-04 12:54:00+00:00,33,2,10924,256.9,256.92,256.9,256.92,340,MSTR
2025-11-04 12:55:00+00:00,33,2,10924,256.6,256.6,256.6,256.6,87,MSTR
2025-11-04 12:56:00+00:00,33,2,10924,256.51,256.53,256.13,256.13,325,MSTR
2025-11-04 12:57:00+00:00,33,2,10924,256.14,256.14,256.0,256.0,481,MSTR
2025-11-04 12:58:00+00:00,33,2,10924,256.07,256.18,256.07,256.18,200,MSTR
2025-11-04 12:59:00+00:00,33,2,10924,256.38,256.38,256.38,256.38,14,MSTR
2025-11-04 13:00:00+00:00,33,2,10924,256.13,256.26,256.13,256.26,21,MSTR
2025-11-04 13:01:00+00:00,33,2,10924,256.24,256.35,256.12,256.18,296,MSTR
2025-11-04 13:02:00+00:00,33,2,10924,256.06,256.25,256.06,256.21,299,MSTR
2025-11-04 13:03:00+00:00,33,2,10924,256.08,256.13,255.88,255.88,914,MSTR
2025-11-04 13:04:00+00:00,33,2,10924,255.95,255.95,255.39,255.39,1446,MSTR
2025-11-04 13:05:00+00:00,33,2,10924,255.47,255.48,255.1,255.26,1681,MSTR
2025-11-04 13:06:00+00:00,33,2,10924,255.15,255.38,255.1,255.38,71,MSTR
2025-11-04 13:07:00+00:00,33,2,10924,255.4,255.79,255.4,255.67,193,MSTR
2025-11-04 13:08:00+00:00,33,2,10924,255.78,255.78,255.78,255.78,100,MSTR
2025-11-04 13:09:00+00:00,33,2,10924,255.63,255.69,255.63,255.69,66,MSTR
2025-11-04 13:10:00+00:00,33,2,10924,255.68,255.72,255.65,255.72,129,MSTR
2025-11-04 13:11:00+00:00,33,2,10924,255.63,256.19,255.62,256.19,941,MSTR
2025-11-04 13:12:00+00:00,33,2,10924,256.19,256.39,256.19,256.39,549,MSTR
2025-11-04 13:13:00+00:00,33,2,10924,256.39,256.41,256.2,256.2,736,MSTR
2025-11-04 13:14:00+00:00,33,2,10924,256.22,256.22,256.21,256.21,179,MSTR
2025-11-04 13:15:00+00:00,33,2,10924,256.23,256.23,256.22,256.22,74,MSTR
2025-11-04 13:16:00+00:00,33,2,10924,256.23,256.23,256.0,256.0,335,MSTR
2025-11-04 13:17:00+00:00,33,2,10924,255.92,256.24,255.92,256.24,238,MSTR
2025-11-04 13:18:00+00:00,33,2,10924,256.3,256.37,256.3,256.37,105,MSTR
2025-11-04 13:20:00+00:00,33,2,10924,255.93,256.3,255.93,256.3,123,MSTR
2025-11-04 13:21:00+00:00,33,2,10924,256.08,256.08,256.08,256.08,10,MSTR
2025-11-04 13:23:00+00:00,33,2,10924,256.04,256.09,256.04,256.09,28,MSTR
2025-11-04 13:24:00+00:00,33,2,10924,256.04,256.05,255.9,255.9,120,MSTR
2025-11-04 13:25:00+00:00,33,2,10924,255.55,255.55,255.44,255.44,1183,MSTR
2025-11-04 13:26:00+00:00,33,2,10924,255.4,255.4,255.39,255.39,12,MSTR
2025-11-04 13:27:00+00:00,33,2,10924,255.29,255.29,255.25,255.25,14,MSTR
2025-11-04 13:28:00+00:00,33,2,10924,255.2,255.2,255.1,255.11,454,MSTR
2025-11-04 13:29:00+00:00,33,2,10924,255.31,255.37,254.98,254.98,944,MSTR
2025-11-04 13:30:00+00:00,33,2,10924,255.15,255.3,255.15,255.3,10,MSTR
2025-11-04 13:31:00+00:00,33,2,10924,255.26,255.48,255.25,255.25,393,MSTR
2025-11-04 13:32:00+00:00,33,2,10924,255.37,255.5,255.37,255.5,204,MSTR
2025-11-04 13:33:00+00:00,33,2,10924,255.6,255.6,255.6,255.6,15,MSTR
2025-11-04 13:34:00+00:00,33,2,10924,255.7,255.7,255.7,255.7,80,MSTR
2025-11-04 13:35:00+00:00,33,2,10924,255.64,255.97,255.64,255.97,205,MSTR
2025-11-04 13:36:00+00:00,33,2,10924,255.75,255.75,255.7,255.7,593,MSTR
2025-11-04 13:37:00+00:00,33,2,10924,255.69,255.69,255.69,255.69,1,MSTR
2025-11-04 13:38:00+00:00,33,2,10924,255.7,256.0,255.7,256.0,66,MSTR
2025-11-04 13:39:00+00:00,33,2,10924,255.81,256.0,255.7,255.79,64,MSTR
2025-11-04 13:40:00+00:00,33,2,10924,255.69,255.74,255.69,255.7,300,MSTR
2025-11-04 13:41:00+00:00,33,2,10924,255.7,256.29,255.69,256.29,425,MSTR
2025-11-04 13:42:00+00:00,33,2,10924,256.23,256.59,256.19,256.59,1209,MSTR
2025-11-04 13:43:00+00:00,33,2,10924,256.6,257.03,256.6,256.97,345,MSTR
2025-11-04 13:44:00+00:00,33,2,10924,257.16,257.25,257.03,257.12,136,MSTR
2025-11-04 13:45:00+00:00,33,2,10924,256.94,256.97,256.71,256.71,828,MSTR
2025-11-04 13:46:00+00:00,33,2,10924,256.73,256.79,256.7,256.78,522,MSTR
2025-11-04 13:47:00+00:00,33,2,10924,256.53,256.78,256.31,256.78,2200,MSTR
2025-11-04 13:48:00+00:00,33,2,10924,256.4,256.79,256.37,256.69,274,MSTR
2025-11-04 13:49:00+00:00,33,2,10924,256.56,256.58,256.56,256.58,39,MSTR
2025-11-04 13:50:00+00:00,33,2,10924,256.62,256.62,256.62,256.62,16,MSTR
2025-11-04 13:51:00+00:00,33,2,10924,256.65,256.72,256.65,256.72,31,MSTR
2025-11-04 13:53:00+00:00,33,2,10924,256.75,256.95,256.75,256.95,89,MSTR
2025-11-04 13:54:00+00:00,33,2,10924,257.0,257.0,255.81,255.97,6969,MSTR
2025-11-04 13:55:00+00:00,33,2,10924,255.81,255.82,255.63,255.82,220,MSTR
2025-11-04 13:56:00+00:00,33,2,10924,255.82,255.84,255.0,255.43,3961,MSTR
2025-11-04 13:57:00+00:00,33,2,10924,255.24,255.49,255.24,255.39,287,MSTR
2025-11-04 13:58:00+00:00,33,2,10924,255.5,255.61,255.45,255.6,3924,MSTR
2025-11-04 13:59:00+00:00,33,2,10924,255.53,255.62,255.46,255.62,310,MSTR
2025-11-04 14:00:00+00:00,33,2,10924,255.7,255.7,255.67,255.67,17,MSTR
2025-11-04 14:01:00+00:00,33,2,10924,255.52,255.52,255.41,255.41,290,MSTR
2025-11-04 14:02:00+00:00,33,2,10924,255.1,255.33,255.1,255.13,48,MSTR
2025-11-04 14:03:00+00:00,33,2,10924,255.22,255.22,255.15,255.15,39,MSTR
2025-11-04 14:04:00+00:00,33,2,10924,255.26,255.52,255.26,255.36,512,MSTR
2025-11-04 14:05:00+00:00,33,2,10924,255.58,255.59,255.36,255.38,449,MSTR
2025-11-04 14:06:00+00:00,33,2,10924,255.36,255.4,255.11,255.4,2084,MSTR
2025-11-04 14:07:00+00:00,33,2,10924,255.47,255.7,255.47,255.69,510,MSTR
2025-11-04 14:08:00+00:00,33,2,10924,255.48,255.67,255.39,255.44,447,MSTR
2025-11-04 14:09:00+00:00,33,2,10924,255.4,255.55,255.4,255.47,137,MSTR
2025-11-04 14:10:00+00:00,33,2,10924,255.49,255.65,255.43,255.59,1155,MSTR
2025-11-04 14:11:00+00:00,33,2,10924,255.63,255.92,255.61,255.82,356,MSTR
2025-11-04 14:12:00+00:00,33,2,10924,255.72,255.87,255.6,255.87,279,MSTR
2025-11-04 14:13:00+00:00,33,2,10924,255.6,255.8,255.6,255.8,12,MSTR
2025-11-04 14:14:00+00:00,33,2,10924,255.66,255.78,255.5,255.6,53,MSTR
2025-11-04 14:15:00+00:00,33,2,10924,255.51,255.51,255.51,255.51,1,MSTR
2025-11-04 14:16:00+00:00,33,2,10924,255.66,255.66,255.5,255.66,42,MSTR
2025-11-04 14:17:00+00:00,33,2,10924,255.5,255.9,255.5,255.7,921,MSTR
2025-11-04 14:18:00+00:00,33,2,10924,255.64,255.65,255.52,255.59,267,MSTR
2025-11-04 14:19:00+00:00,33,2,10924,255.7,255.75,255.57,255.73,120,MSTR
2025-11-04 14:20:00+00:00,33,2,10924,255.47,255.63,255.47,255.6,652,MSTR
2025-11-04 14:21:00+00:00,33,2,10924,255.56,255.89,255.5,255.89,356,MSTR
2025-11-04 14:22:00+00:00,33,2,10924,255.75,255.75,255.75,255.75,95,MSTR
2025-11-04 14:23:00+00:00,33,2,10924,255.77,255.77,255.77,255.77,1,MSTR
2025-11-04 14:24:00+00:00,33,2,10924,255.74,255.83,255.62,255.7,148,MSTR
2025-11-04 14:25:00+00:00,33,2,10924,255.63,255.67,255.04,255.52,2382,MSTR
2025-11-04 14:26:00+00:00,33,2,10924,255.58,255.82,255.49,255.5,734,MSTR
2025-11-04 14:27:00+00:00,33,2,10924,255.3,255.45,254.5,254.5,2201,MSTR
2025-11-04 14:28:00+00:00,33,2,10924,254.5,255.17,254.5,255.17,561,MSTR
2025-11-04 14:29:00+00:00,33,2,10924,255.31,255.31,254.51,255.27,2356,MSTR
2025-11-04 14:30:00+00:00,33,2,10924,255.17,256.23,253.21,255.75,153755,MSTR
2025-11-04 14:31:00+00:00,33,2,10924,255.59,256.3,254.78,254.78,8936,MSTR
2025-11-04 14:32:00+00:00,33,2,10924,254.8,255.35,253.75,253.85,8080,MSTR
2025-11-04 14:33:00+00:00,33,2,10924,253.81,253.81,251.75,251.85,19040,MSTR
2025-11-04 14:34:00+00:00,33,2,10924,251.81,252.62,251.38,251.85,28178,MSTR
2025-11-04 14:35:00+00:00,33,2,10924,251.82,251.9,250.75,251.5,24321,MSTR
2025-11-04 14:36:00+00:00,33,2,10924,251.49,253.2,251.42,252.65,12437,MSTR
2025-11-04 14:37:00+00:00,33,2,10924,252.5,252.72,250.29,250.44,27010,MSTR
2025-11-04 14:38:00+00:00,33,2,10924,250.51,251.06,250.11,250.5,26105,MSTR
2025-11-04 14:39:00+00:00,33,2,10924,250.56,251.89,250.49,251.84,9930,MSTR
2025-11-04 14:40:00+00:00,33,2,10924,251.76,252.87,251.28,252.57,20481,MSTR
2025-11-04 14:41:00+00:00,33,2,10924,252.7,254.3,252.49,253.9,9215,MSTR
2025-11-04 14:42:00+00:00,33,2,10924,253.85,254.23,253.54,253.61,8127,MSTR
2025-11-04 14:43:00+00:00,33,2,10924,253.69,253.82,253.05,253.17,8104,MSTR
2025-11-04 14:44:00+00:00,33,2,10924,253.19,253.47,252.66,253.03,9438,MSTR
2025-11-04 14:45:00+00:00,33,2,10924,253.03,253.03,252.5,252.72,7155,MSTR
2025-11-04 14:46:00+00:00,33,2,10924,252.72,253.85,252.6,253.59,10132,MSTR
2025-11-04 14:47:00+00:00,33,2,10924,253.77,254.27,252.76,253.0,4948,MSTR
2025-11-04 14:48:00+00:00,33,2,10924,253.01,255.05,252.8,254.97,31233,MSTR
2025-11-04 14:49:00+00:00,33,2,10924,255.03,255.94,254.88,255.57,52362,MSTR
2025-11-04 14:50:00+00:00,33,2,10924,255.47,255.5,254.61,254.905,10505,MSTR
2025-11-04 14:51:00+00:00,33,2,10924,255.16,256.17,255.02,256.1,6855,MSTR
2025-11-04 14:52:00+00:00,33,2,10924,256.05,256.38,255.73,255.88,3856,MSTR
2025-11-04 14:53:00+00:00,33,2,10924,255.98,256.9,255.98,256.8,6905,MSTR
2025-11-04 14:54:00+00:00,33,2,10924,256.89,257.405,256.8,257.12,7201,MSTR
2025-11-04 14:55:00+00:00,33,2,10924,257.25,257.47,256.76,256.99,14916,MSTR
2025-11-04 14:56:00+00:00,33,2,10924,257.05,257.06,256.39,256.39,2633,MSTR
2025-11-04 14:57:00+00:00,33,2,10924,256.48,256.49,256.1,256.29,6485,MSTR
2025-11-04 14:58:00+00:00,33,2,10924,256.21,256.4,255.89,256.29,6302,MSTR
2025-11-04 14:59:00+00:00,33,2,10924,256.21,256.91,256.21,256.755,2827,MSTR
2025-11-04 15:00:00+00:00,33,2,10924,256.85,257.02,256.37,256.38,9222,MSTR
2025-11-04 15:01:00+00:00,33,2,10924,256.38,257.12,256.38,257.02,3176,MSTR
2025-11-04 15:02:00+00:00,33,2,10924,257.03,257.25,256.48,256.8,3313,MSTR
2025-11-04 15:03:00+00:00,33,2,10924,256.77,256.81,255.96,256.0,3362,MSTR
2025-11-04 15:04:00+00:00,33,2,10924,255.98,256.39,255.91,255.91,3382,MSTR
2025-11-04 15:05:00+00:00,33,2,10924,255.955,256.58,255.54,255.71,6948,MSTR
2025-11-04 15:06:00+00:00,33,2,10924,255.5,255.59,254.81,254.81,5719,MSTR
2025-11-04 15:07:00+00:00,33,2,10924,254.81,255.3,254.5,254.54,2571,MSTR
2025-11-04 15:08:00+00:00,33,2,10924,254.54,254.89,254.0,254.23,5239,MSTR
2025-11-04 15:09:00+00:00,33,2,10924,254.34,254.65,254.09,254.65,5294,MSTR
2025-11-04 15:10:00+00:00,33,2,10924,254.55,254.8,253.96,254.8,4524,MSTR
2025-11-04 15:11:00+00:00,33,2,10924,254.88,254.88,254.06,254.07,3219,MSTR
2025-11-04 15:12:00+00:00,33,2,10924,254.15,254.33,253.8,253.95,3530,MSTR
2025-11-04 15:13:00+00:00,33,2,10924,253.95,254.79,253.95,254.69,3640,MSTR
2025-11-04 15:14:00+00:00,33,2,10924,254.73,254.75,254.18,254.215,2783,MSTR
2025-11-04 15:15:00+00:00,33,2,10924,254.28,254.85,254.18,254.24,1674,MSTR
2025-11-04 15:16:00+00:00,33,2,10924,254.25,254.85,254.07,254.77,4282,MSTR
2025-11-04 15:17:00+00:00,33,2,10924,254.79,254.89,254.5,254.65,1966,MSTR
2025-11-04 15:18:00+00:00,33,2,10924,254.59,254.98,254.25,254.8,4663,MSTR
2025-11-04 15:19:00+00:00,33,2,10924,254.82,255.66,254.71,255.63,5367,MSTR
2025-11-04 15:20:00+00:00,33,2,10924,255.62,256.31,255.62,256.19,6739,MSTR
2025-11-04 15:21:00+00:00,33,2,10924,256.19,256.46,255.585,256.46,5441,MSTR
2025-11-04 15:22:00+00:00,33,2,10924,256.45,256.89,256.44,256.85,2760,MSTR
2025-11-04 15:23:00+00:00,33,2,10924,256.81,256.91,256.6,256.7,1509,MSTR
2025-11-04 15:24:00+00:00,33,2,10924,256.77,257.545,256.73,257.5,5307,MSTR
2025-11-04 15:25:00+00:00,33,2,10924,257.58,258.21,257.58,257.74,6575,MSTR
2025-11-04 15:26:00+00:00,33,2,10924,257.8,258.13,257.71,257.81,4126,MSTR
2025-11-04 15:27:00+00:00,33,2,10924,257.65,257.85,257.15,257.2,4673,MSTR
2025-11-04 15:28:00+00:00,33,2,10924,257.19,257.34,257.13,257.34,2783,MSTR
2025-11-04 15:29:00+00:00,33,2,10924,257.36,257.57,257.22,257.28,2492,MSTR
2025-11-04 15:30:00+00:00,33,2,10924,257.275,257.275,256.2,256.29,4561,MSTR
2025-11-04 15:31:00+00:00,33,2,10924,256.28,256.94,256.27,256.81,4317,MSTR
2025-11-04 15:32:00+00:00,33,2,10924,256.76,256.76,256.19,256.26,1898,MSTR
2025-11-04 15:33:00+00:00,33,2,10924,256.225,256.44,256.11,256.12,3520,MSTR
2025-11-04 15:34:00+00:00,33,2,10924,256.14,256.88,256.08,256.77,3439,MSTR
2025-11-04 15:35:00+00:00,33,2,10924,256.67,256.7,256.44,256.55,2278,MSTR
2025-11-04 15:36:00+00:00,33,2,10924,256.47,256.83,256.25,256.45,7176,MSTR
2025-11-04 15:37:00+00:00,33,2,10924,256.37,256.62,255.8,255.85,2807,MSTR
2025-11-04 15:38:00+00:00,33,2,10924,255.92,256.03,255.6,256.03,5683,MSTR
2025-11-04 15:39:00+00:00,33,2,10924,256.04,256.04,255.44,255.54,1448,MSTR
2025-11-04 15:40:00+00:00,33,2,10924,255.555,255.69,255.15,255.35,2764,MSTR
2025-11-04 15:41:00+00:00,33,2,10924,255.2,255.36,255.08,255.11,1632,MSTR
2025-11-04 15:42:00+00:00,33,2,10924,255.23,255.29,254.77,254.89,4564,MSTR
2025-11-04 15:43:00+00:00,33,2,10924,254.85,255.02,254.56,254.75,1346,MSTR
2025-11-04 15:44:00+00:00,33,2,10924,254.67,254.92,254.5,254.74,4344,MSTR
2025-11-04 15:45:00+00:00,33,2,10924,254.76,254.76,253.94,254.03,7954,MSTR
2025-11-04 15:46:00+00:00,33,2,10924,253.98,253.98,253.51,253.805,2707,MSTR
2025-11-04 15:47:00+00:00,33,2,10924,253.7,253.7,252.37,252.5,8469,MSTR
2025-11-04 15:48:00+00:00,33,2,10924,252.5,252.58,252.15,252.16,4568,MSTR
2025-11-04 15:49:00+00:00,33,2,10924,252.16,252.67,252.1,252.5,2242,MSTR
2025-11-04 15:50:00+00:00,33,2,10924,252.41,252.43,252.0,252.2,3752,MSTR
2025-11-04 15:51:00+00:00,33,2,10924,252.13,252.21,251.02,251.19,7716,MSTR
2025-11-04 15:52:00+00:00,33,2,10924,251.13,251.22,250.6,250.94,10296,MSTR
2025-11-04 15:53:00+00:00,33,2,10924,250.88,251.29,250.68,251.14,4451,MSTR
2025-11-04 15:54:00+00:00,33,2,10924,251.16,251.65,251.16,251.59,3865,MSTR
2025-11-04 15:55:00+00:00,33,2,10924,251.67,251.7,251.27,251.29,2925,MSTR
2025-11-04 15:56:00+00:00,33,2,10924,251.22,251.27,250.77,250.9,5877,MSTR
2025-11-04 15:57:00+00:00,33,2,10924,250.86,251.11,250.7,251.05,8819,MSTR
2025-11-04 15:58:00+00:00,33,2,10924,250.97,251.34,250.86,251.09,3912,MSTR
2025-11-04 15:59:00+00:00,33,2,10924,251.17,251.23,250.55,250.76,10218,MSTR
2025-11-04 16:00:00+00:00,33,2,10924,250.7,251.43,250.7,251.36,7727,MSTR
2025-11-04 16:01:00+00:00,33,2,10924,251.23,252.4,251.15,252.2,7846,MSTR
2025-11-04 16:02:00+00:00,33,2,10924,252.19,252.255,251.66,252.02,7847,MSTR
2025-11-04 16:03:00+00:00,33,2,10924,252.1,252.48,251.7,251.78,3885,MSTR
2025-11-04 16:04:00+00:00,33,2,10924,251.86,252.53,251.86,252.47,2667,MSTR
2025-11-04 16:05:00+00:00,33,2,10924,252.39,252.47,251.86,251.86,4593,MSTR
2025-11-04 16:06:00+00:00,33,2,10924,251.81,252.21,251.7,251.795,3011,MSTR
2025-11-04 16:07:00+00:00,33,2,10924,251.88,252.84,251.88,252.74,2769,MSTR
2025-11-04 16:08:00+00:00,33,2,10924,252.72,252.72,251.99,251.99,2651,MSTR
2025-11-04 16:09:00+00:00,33,2,10924,252.13,252.16,251.93,251.93,2376,MSTR
2025-11-04 16:10:00+00:00,33,2,10924,251.95,252.19,251.67,251.74,2124,MSTR
2025-11-04 16:11:00+00:00,33,2,10924,251.72,251.8,251.1,251.21,6696,MSTR
2025-11-04 16:12:00+00:00,33,2,10924,251.21,251.68,251.13,251.51,3038,MSTR
2025-11-04 16:13:00+00:00,33,2,10924,251.59,251.75,251.35,251.625,2691,MSTR
2025-11-04 16:14:00+00:00,33,2,10924,251.54,251.55,251.08,251.34,5556,MSTR
2025-11-04 16:15:00+00:00,33,2,10924,251.49,251.65,251.03,251.095,2420,MSTR
2025-11-04 16:16:00+00:00,33,2,10924,251.03,251.34,250.89,251.11,5695,MSTR
2025-11-04 16:17:00+00:00,33,2,10924,251.1,251.46,251.08,251.14,2356,MSTR
2025-11-04 16:18:00+00:00,33,2,10924,251.12,251.14,250.18,250.38,9100,MSTR
2025-11-04 16:19:00+00:00,33,2,10924,250.31,250.8,250.26,250.7,7425,MSTR
2025-11-04 16:20:00+00:00,33,2,10924,250.68,250.815,250.33,250.33,4163,MSTR
2025-11-04 16:21:00+00:00,33,2,10924,250.43,250.55,250.07,250.44,7226,MSTR
2025-11-04 16:22:00+00:00,33,2,10924,250.42,250.435,250.01,250.04,7675,MSTR
2025-11-04 16:23:00+00:00,33,2,10924,250.16,250.25,249.66,250.135,34397,MSTR
2025-11-04 16:24:00+00:00,33,2,10924,250.12,250.18,249.66,249.99,9887,MSTR
2025-11-04 16:25:00+00:00,33,2,10924,249.98,250.39,249.76,250.12,9833,MSTR
2025-11-04 16:26:00+00:00,33,2,10924,250.15,250.15,249.7,249.93,12974,MSTR
2025-11-04 16:27:00+00:00,33,2,10924,250.03,250.62,250.03,250.5,2515,MSTR
2025-11-04 16:28:00+00:00,33,2,10924,250.505,251.19,250.445,251.12,4694,MSTR
2025-11-04 16:29:00+00:00,33,2,10924,251.12,251.245,251.03,251.11,4276,MSTR
2025-11-04 16:30:00+00:00,33,2,10924,251.08,251.36,250.64,251.27,2935,MSTR
2025-11-04 16:31:00+00:00,33,2,10924,251.395,252.02,251.29,251.69,4377,MSTR
2025-11-04 16:32:00+00:00,33,2,10924,251.69,251.81,251.35,251.5,2863,MSTR
2025-11-04 16:33:00+00:00,33,2,10924,251.51,251.57,251.06,251.31,2774,MSTR
2025-11-04 16:34:00+00:00,33,2,10924,251.375,251.58,251.32,251.35,1570,MSTR
2025-11-04 16:35:00+00:00,33,2,10924,251.35,251.42,251.0,251.1,2554,MSTR
2025-11-04 16:36:00+00:00,33,2,10924,251.195,251.65,251.195,251.65,5706,MSTR
2025-11-04 16:37:00+00:00,33,2,10924,251.65,252.0,251.65,251.88,2272,MSTR
2025-11-04 16:38:00+00:00,33,2,10924,251.72,251.72,251.13,251.415,2607,MSTR
2025-11-04 16:39:00+00:00,33,2,10924,251.45,251.53,251.21,251.48,2255,MSTR
2025-11-04 16:40:00+00:00,33,2,10924,251.47,251.58,251.01,251.03,3758,MSTR
2025-11-04 16:41:00+00:00,33,2,10924,251.0,251.83,251.0,251.83,2406,MSTR
2025-11-04 16:42:00+00:00,33,2,10924,251.83,251.96,251.0,251.0,1956,MSTR
2025-11-04 16:43:00+00:00,33,2,10924,251.09,251.59,251.075,251.59,1086,MSTR
2025-11-04 16:44:00+00:00,33,2,10924,251.57,251.57,250.98,250.98,1659,MSTR
2025-11-04 16:45:00+00:00,33,2,10924,251.06,251.29,250.73,250.81,3369,MSTR
2025-11-04 16:46:00+00:00,33,2,10924,250.69,251.06,250.68,250.75,2215,MSTR
2025-11-04 16:47:00+00:00,33,2,10924,250.69,250.83,250.38,250.81,7835,MSTR
2025-11-04 16:48:00+00:00,33,2,10924,250.79,250.95,250.5,250.59,4783,MSTR
2025-11-04 16:49:00+00:00,33,2,10924,250.615,250.76,250.5,250.57,3488,MSTR
2025-11-04 16:50:00+00:00,33,2,10924,250.58,250.66,250.4,250.5,2741,MSTR
2025-11-04 16:51:00+00:00,33,2,10924,250.42,250.49,249.73,249.8,5825,MSTR
2025-11-04 16:52:00+00:00,33,2,10924,249.89,250.44,249.59,250.25,21199,MSTR
2025-11-04 16:53:00+00:00,33,2,10924,250.15,250.48,250.02,250.48,2130,MSTR
2025-11-04 16:54:00+00:00,33,2,10924,250.52,251.12,250.46,251.0,2389,MSTR
2025-11-04 16:55:00+00:00,33,2,10924,250.98,251.23,250.75,251.12,3784,MSTR
2025-11-04 16:56:00+00:00,33,2,10924,251.18,251.38,250.5,250.5,3525,MSTR
2025-11-04 16:57:00+00:00,33,2,10924,250.44,250.83,250.43,250.7,2929,MSTR
2025-11-04 16:58:00+00:00,33,2,10924,250.7,250.88,250.46,250.67,2194,MSTR
2025-11-04 16:59:00+00:00,33,2,10924,250.72,250.86,250.395,250.69,3951,MSTR
2025-11-04 17:00:00+00:00,33,2,10924,250.64,250.83,250.46,250.46,3424,MSTR
2025-11-04 17:01:00+00:00,33,2,10924,250.47,250.48,250.185,250.29,3634,MSTR
2025-11-04 17:02:00+00:00,33,2,10924,250.35,250.4,250.14,250.27,3289,MSTR
2025-11-04 17:03:00+00:00,33,2,10924,250.21,250.21,249.25,249.43,7015,MSTR
2025-11-04 17:04:00+00:00,33,2,10924,249.4,249.73,249.26,249.6,7082,MSTR
2025-11-04 17:05:00+00:00,33,2,10924,249.56,249.56,249.17,249.35,6334,MSTR
2025-11-04 17:06:00+00:00,33,2,10924,249.25,249.55,249.2,249.4,17917,MSTR
2025-11-04 17:07:00+00:00,33,2,10924,249.47,249.49,248.8,248.82,15304,MSTR
2025-11-04 17:08:00+00:00,33,2,10924,248.845,249.29,248.845,248.955,21377,MSTR
2025-11-04 17:09:00+00:00,33,2,10924,248.94,249.36,248.78,249.0,4090,MSTR
2025-11-04 17:10:00+00:00,33,2,10924,249.1,249.17,248.53,248.77,13538,MSTR
2025-11-04 17:11:00+00:00,33,2,10924,248.72,249.01,248.59,248.92,8267,MSTR
2025-11-04 17:12:00+00:00,33,2,10924,248.89,249.26,248.79,249.09,4784,MSTR
2025-11-04 17:13:00+00:00,33,2,10924,249.04,249.815,248.91,249.71,9224,MSTR
2025-11-04 17:14:00+00:00,33,2,10924,249.72,250.07,249.62,249.71,4665,MSTR
2025-11-04 17:15:00+00:00,33,2,10924,249.75,250.5,249.72,250.46,9781,MSTR
2025-11-04 17:16:00+00:00,33,2,10924,250.46,250.46,250.0,250.0,6149,MSTR
2025-11-04 17:17:00+00:00,33,2,10924,249.98,250.25,249.75,250.0,5361,MSTR
2025-11-04 17:18:00+00:00,33,2,10924,249.99,250.96,249.69,250.47,14258,MSTR
2025-11-04 17:19:00+00:00,33,2,10924,250.43,250.43,249.7,249.77,5102,MSTR
2025-11-04 17:20:00+00:00,33,2,10924,249.71,250.4,249.65,250.34,3336,MSTR
2025-11-04 17:21:00+00:00,33,2,10924,250.33,250.44,250.0,250.335,3286,MSTR
2025-11-04 17:22:00+00:00,33,2,10924,250.46,251.14,250.46,251.14,2874,MSTR
2025-11-04 17:23:00+00:00,33,2,10924,251.085,251.73,251.07,251.52,4675,MSTR
2025-11-04 17:24:00+00:00,33,2,10924,251.55,251.55,250.4,250.58,3316,MSTR
2025-11-04 17:25:00+00:00,33,2,10924,250.64,251.0,250.58,250.67,7618,MSTR
2025-11-04 17:26:00+00:00,33,2,10924,250.61,251.35,250.61,251.33,2082,MSTR
2025-11-04 17:27:00+00:00,33,2,10924,251.25,251.25,250.44,250.57,5099,MSTR
2025-11-04 17:28:00+00:00,33,2,10924,250.63,250.74,250.0,250.18,3172,MSTR
2025-11-04 17:29:00+00:00,33,2,10924,250.23,250.52,250.1,250.12,7769,MSTR
2025-11-04 17:30:00+00:00,33,2,10924,250.1,251.11,250.0,250.85,5614,MSTR
2025-11-04 17:31:00+00:00,33,2,10924,250.69,251.01,250.64,250.87,2028,MSTR
2025-11-04 17:32:00+00:00,33,2,10924,250.88,251.0,250.3,250.46,2319,MSTR
2025-11-04 17:33:00+00:00,33,2,10924,250.35,251.07,250.35,250.96,1414,MSTR
2025-11-04 17:34:00+00:00,33,2,10924,251.0,251.33,250.84,251.0,2801,MSTR
2025-11-04 17:35:00+00:00,33,2,10924,251.14,251.67,251.01,251.55,2126,MSTR
2025-11-04 17:36:00+00:00,33,2,10924,251.68,251.88,251.49,251.88,1793,MSTR
2025-11-04 17:37:00+00:00,33,2,10924,251.8,251.98,251.54,251.73,2734,MSTR
2025-11-04 17:38:00+00:00,33,2,10924,251.745,251.81,251.32,251.76,3137,MSTR
2025-11-04 17:39:00+00:00,33,2,10924,251.7,251.7,251.22,251.22,1738,MSTR
2025-11-04 17:40:00+00:00,33,2,10924,251.3,251.315,250.61,250.92,2182,MSTR
2025-11-04 17:41:00+00:00,33,2,10924,250.915,251.3,250.81,250.86,1852,MSTR
2025-11-04 17:42:00+00:00,33,2,10924,250.7,250.81,250.54,250.81,1215,MSTR
2025-11-04 17:43:00+00:00,33,2,10924,250.69,250.89,250.62,250.62,1391,MSTR
2025-11-04 17:44:00+00:00,33,2,10924,250.58,250.71,250.4,250.51,3235,MSTR
2025-11-04 17:45:00+00:00,33,2,10924,250.62,250.87,250.4,250.75,1440,MSTR
2025-11-04 17:46:00+00:00,33,2,10924,250.63,250.63,250.21,250.55,2180,MSTR
2025-11-04 17:47:00+00:00,33,2,10924,250.7,250.7,250.31,250.31,1097,MSTR
2025-11-04 17:48:00+00:00,33,2,10924,250.33,250.5,250.07,250.11,1698,MSTR
2025-11-04 17:49:00+00:00,33,2,10924,250.22,250.47,250.11,250.44,1701,MSTR
2025-11-04 17:50:00+00:00,33,2,10924,250.44,251.17,250.44,251.06,5662,MSTR
2025-11-04 17:51:00+00:00,33,2,10924,251.03,251.07,250.58,250.61,2783,MSTR
2025-11-04 17:52:00+00:00,33,2,10924,250.6,250.6,250.32,250.32,1204,MSTR
2025-11-04 17:53:00+00:00,33,2,10924,250.41,250.6,250.14,250.14,1416,MSTR
2025-11-04 17:54:00+00:00,33,2,10924,250.14,250.14,249.92,250.02,5378,MSTR
2025-11-04 17:55:00+00:00,33,2,10924,250.0,250.09,249.6,249.61,2008,MSTR
2025-11-04 17:56:00+00:00,33,2,10924,249.7,249.77,249.49,249.63,2820,MSTR
2025-11-04 17:57:00+00:00,33,2,10924,249.62,249.87,249.47,249.58,3869,MSTR
2025-11-04 17:58:00+00:00,33,2,10924,249.53,249.53,249.09,249.3,2212,MSTR
2025-11-04 17:59:00+00:00,33,2,10924,249.36,249.75,249.29,249.5,3034,MSTR
2025-11-04 18:00:00+00:00,33,2,10924,249.47,249.75,249.29,249.34,2104,MSTR
2025-11-04 18:01:00+00:00,33,2,10924,249.37,249.68,249.37,249.58,2366,MSTR
2025-11-04 18:02:00+00:00,33,2,10924,249.45,249.635,249.355,249.51,1443,MSTR
2025-11-04 18:03:00+00:00,33,2,10924,249.53,249.54,249.2,249.2,2989,MSTR
2025-11-04 18:04:00+00:00,33,2,10924,249.15,249.15,248.8,248.92,4082,MSTR
2025-11-04 18:05:00+00:00,33,2,10924,248.9,249.88,248.9,249.74,4971,MSTR
2025-11-04 18:06:00+00:00,33,2,10924,249.75,250.34,249.75,249.82,5305,MSTR
2025-11-04 18:07:00+00:00,33,2,10924,249.64,249.65,249.46,249.57,892,MSTR
2025-11-04 18:08:00+00:00,33,2,10924,249.55,250.37,249.515,250.25,2318,MSTR
2025-11-04 18:09:00+00:00,33,2,10924,250.23,250.56,250.18,250.4,2216,MSTR
2025-11-04 18:10:00+00:00,33,2,10924,250.36,250.44,250.07,250.08,4096,MSTR
2025-11-04 18:11:00+00:00,33,2,10924,250.13,250.13,249.2,249.33,2119,MSTR
2025-11-04 18:12:00+00:00,33,2,10924,249.29,249.71,249.26,249.57,2046,MSTR
2025-11-04 18:13:00+00:00,33,2,10924,249.57,249.8,249.37,249.57,2133,MSTR
2025-11-04 18:14:00+00:00,33,2,10924,249.62,249.84,249.36,249.81,3657,MSTR
2025-11-04 18:15:00+00:00,33,2,10924,249.85,250.39,249.85,250.32,2609,MSTR
2025-11-04 18:16:00+00:00,33,2,10924,250.26,250.33,249.89,249.89,1913,MSTR
2025-11-04 18:17:00+00:00,33,2,10924,249.93,249.95,249.76,249.91,2782,MSTR
2025-11-04 18:18:00+00:00,33,2,10924,249.93,250.09,249.83,249.83,2379,MSTR
2025-11-04 18:19:00+00:00,33,2,10924,249.82,249.82,249.12,249.23,4148,MSTR
2025-11-04 18:20:00+00:00,33,2,10924,249.16,249.37,248.95,249.32,5760,MSTR
2025-11-04 18:21:00+00:00,33,2,10924,249.3,249.72,249.07,249.55,4169,MSTR
2025-11-04 18:22:00+00:00,33,2,10924,249.58,249.88,249.19,249.88,2055,MSTR
2025-11-04 18:23:00+00:00,33,2,10924,249.9,250.6,249.68,250.58,4844,MSTR
2025-11-04 18:24:00+00:00,33,2,10924,250.63,251.0,250.29,250.48,8473,MSTR
2025-11-04 18:25:00+00:00,33,2,10924,250.5,250.51,250.1,250.15,1419,MSTR
2025-11-04 18:26:00+00:00,33,2,10924,250.23,250.66,250.23,250.51,1064,MSTR
2025-11-04 18:27:00+00:00,33,2,10924,250.42,250.525,249.87,249.87,1323,MSTR
2025-11-04 18:28:00+00:00,33,2,10924,249.9,250.24,249.85,249.97,1710,MSTR
2025-11-04 18:29:00+00:00,33,2,10924,250.11,250.21,250.07,250.17,451,MSTR
2025-11-04 18:30:00+00:00,33,2,10924,250.13,250.22,249.66,250.11,3071,MSTR
2025-11-04 18:31:00+00:00,33,2,10924,250.11,250.12,249.69,249.69,1889,MSTR
2025-11-04 18:32:00+00:00,33,2,10924,249.64,249.92,249.46,249.62,1735,MSTR
2025-11-04 18:33:00+00:00,33,2,10924,249.67,249.86,249.57,249.66,2464,MSTR
2025-11-04 18:34:00+00:00,33,2,10924,249.66,249.93,249.49,249.93,2570,MSTR
2025-11-04 18:35:00+00:00,33,2,10924,249.84,249.84,248.7,248.85,6936,MSTR
2025-11-04 18:36:00+00:00,33,2,10924,248.78,250.0,248.77,249.83,4931,MSTR
2025-11-04 18:37:00+00:00,33,2,10924,249.78,249.81,249.3,249.42,1241,MSTR
2025-11-04 18:38:00+00:00,33,2,10924,249.4,249.4,248.96,248.96,1708,MSTR
2025-11-04 18:39:00+00:00,33,2,10924,248.91,249.09,248.585,248.62,4689,MSTR
2025-11-04 18:40:00+00:00,33,2,10924,248.65,248.65,248.09,248.45,5766,MSTR
2025-11-04 18:41:00+00:00,33,2,10924,248.49,248.97,248.33,248.97,5167,MSTR
2025-11-04 18:42:00+00:00,33,2,10924,248.84,249.42,248.83,249.42,7379,MSTR
2025-11-04 18:43:00+00:00,33,2,10924,249.4,250.02,249.13,250.0,2854,MSTR
2025-11-04 18:44:00+00:00,33,2,10924,249.99,250.62,249.77,250.59,3633,MSTR
2025-11-04 18:45:00+00:00,33,2,10924,250.48,250.52,250.04,250.11,5716,MSTR
2025-11-04 18:46:00+00:00,33,2,10924,250.17,250.5,249.83,249.88,1736,MSTR
2025-11-04 18:47:00+00:00,33,2,10924,249.96,250.23,249.95,250.08,4448,MSTR
2025-11-04 18:48:00+00:00,33,2,10924,250.1,250.27,249.7,249.7,2157,MSTR
2025-11-04 18:49:00+00:00,33,2,10924,249.71,249.75,249.52,249.72,1877,MSTR
2025-11-04 18:50:00+00:00,33,2,10924,249.81,250.19,249.79,250.1,2350,MSTR
2025-11-04 18:51:00+00:00,33,2,10924,250.11,250.45,250.04,250.19,1089,MSTR
2025-11-04 18:52:00+00:00,33,2,10924,250.23,250.72,250.23,250.72,1304,MSTR
2025-11-04 18:53:00+00:00,33,2,10924,250.73,250.82,250.1,250.74,3111,MSTR
2025-11-04 18:54:00+00:00,33,2,10924,250.72,251.77,250.64,251.77,7208,MSTR
2025-11-04 18:55:00+00:00,33,2,10924,251.55,251.78,251.3,251.35,4398,MSTR
2025-11-04 18:56:00+00:00,33,2,10924,251.325,251.37,250.72,250.72,3565,MSTR
2025-11-04 18:57:00+00:00,33,2,10924,250.64,251.28,250.64,251.28,855,MSTR
2025-11-04 18:58:00+00:00,33,2,10924,251.25,252.21,251.22,252.13,2660,MSTR
2025-11-04 18:59:00+00:00,33,2,10924,252.1,252.27,251.95,252.06,2059,MSTR
2025-11-04 19:00:00+00:00,33,2,10924,252.03,252.61,251.95,252.61,4433,MSTR
2025-11-04 19:01:00+00:00,33,2,10924,252.53,252.83,252.52,252.83,3864,MSTR
2025-11-04 19:02:00+00:00,33,2,10924,252.82,253.14,252.65,253.09,4610,MSTR
2025-11-04 19:03:00+00:00,33,2,10924,253.0,253.27,252.95,252.95,3924,MSTR
2025-11-04 19:04:00+00:00,33,2,10924,253.02,253.35,252.92,253.32,2368,MSTR
2025-11-04 19:05:00+00:00,33,2,10924,253.34,253.34,252.78,252.82,4219,MSTR
2025-11-04 19:06:00+00:00,33,2,10924,252.89,253.26,252.89,253.12,513,MSTR
2025-11-04 19:07:00+00:00,33,2,10924,253.06,253.07,252.43,252.44,4863,MSTR
2025-11-04 19:08:00+00:00,33,2,10924,252.48,252.72,252.42,252.62,810,MSTR
2025-11-04 19:09:00+00:00,33,2,10924,252.63,252.73,252.4,252.59,1256,MSTR
2025-11-04 19:10:00+00:00,33,2,10924,252.63,252.87,252.34,252.78,1766,MSTR
2025-11-04 19:11:00+00:00,33,2,10924,252.86,252.88,252.38,252.47,1011,MSTR
2025-11-04 19:12:00+00:00,33,2,10924,252.36,252.85,252.34,252.62,1756,MSTR
2025-11-04 19:13:00+00:00,33,2,10924,252.66,253.15,252.66,253.12,1257,MSTR
2025-11-04 19:14:00+00:00,33,2,10924,253.01,253.21,252.9,253.1,1911,MSTR
2025-11-04 19:15:00+00:00,33,2,10924,253.01,253.19,252.74,253.15,2726,MSTR
2025-11-04 19:16:00+00:00,33,2,10924,253.18,253.4,252.58,252.8,3882,MSTR
2025-11-04 19:17:00+00:00,33,2,10924,252.71,252.91,252.59,252.63,2290,MSTR
2025-11-04 19:18:00+00:00,33,2,10924,252.53,252.8,252.3,252.38,3537,MSTR
2025-11-04 19:19:00+00:00,33,2,10924,252.26,252.29,252.08,252.19,1862,MSTR
2025-11-04 19:20:00+00:00,33,2,10924,252.25,252.53,252.11,252.53,1556,MSTR
2025-11-04 19:21:00+00:00,33,2,10924,252.555,252.74,251.79,251.985,3078,MSTR
2025-11-04 19:22:00+00:00,33,2,10924,251.985,252.235,251.97,252.23,2292,MSTR
2025-11-04 19:23:00+00:00,33,2,10924,252.26,253.0,252.26,252.85,1620,MSTR
2025-11-04 19:24:00+00:00,33,2,10924,252.8,252.85,252.7,252.73,1514,MSTR
2025-11-04 19:25:00+00:00,33,2,10924,252.76,252.95,252.6,252.63,1566,MSTR
2025-11-04 19:26:00+00:00,33,2,10924,252.62,252.62,252.14,252.14,3164,MSTR
2025-11-04 19:27:00+00:00,33,2,10924,252.22,252.34,251.75,251.75,1619,MSTR
2025-11-04 19:28:00+00:00,33,2,10924,251.75,251.92,251.71,251.81,1411,MSTR
2025-11-04 19:29:00+00:00,33,2,10924,251.78,251.78,251.41,251.65,1514,MSTR
2025-11-04 19:30:00+00:00,33,2,10924,251.76,252.08,251.59,251.68,1262,MSTR
2025-11-04 19:31:00+00:00,33,2,10924,251.64,251.64,251.1,251.185,2252,MSTR
2025-11-04 19:32:00+00:00,33,2,10924,251.18,251.18,250.95,250.99,2151,MSTR
2025-11-04 19:33:00+00:00,33,2,10924,251.0,251.0,250.65,250.72,2700,MSTR
2025-11-04 19:34:00+00:00,33,2,10924,250.74,251.05,250.6,250.96,1375,MSTR
2025-11-04 19:35:00+00:00,33,2,10924,251.01,251.03,250.41,250.56,3083,MSTR
2025-11-04 19:36:00+00:00,33,2,10924,250.44,250.45,250.06,250.06,5300,MSTR
2025-11-04 19:37:00+00:00,33,2,10924,250.11,250.24,249.66,249.69,3277,MSTR
2025-11-04 19:38:00+00:00,33,2,10924,249.69,249.95,249.53,249.7,3783,MSTR
2025-11-04 19:39:00+00:00,33,2,10924,249.76,249.94,249.69,249.74,1964,MSTR
2025-11-04 19:40:00+00:00,33,2,10924,249.63,250.14,249.61,249.8,8828,MSTR
2025-11-04 19:41:00+00:00,33,2,10924,249.77,249.79,249.53,249.53,1905,MSTR
2025-11-04 19:42:00+00:00,33,2,10924,249.55,249.66,249.45,249.45,2258,MSTR
2025-11-04 19:43:00+00:00,33,2,10924,249.56,249.56,249.18,249.3,4125,MSTR
2025-11-04 19:44:00+00:00,33,2,10924,249.35,249.76,249.35,249.75,2495,MSTR
2025-11-04 19:45:00+00:00,33,2,10924,249.7,249.72,249.03,249.04,8618,MSTR
2025-11-04 19:46:00+00:00,33,2,10924,249.05,249.05,248.43,248.45,6728,MSTR
2025-11-04 19:47:00+00:00,33,2,10924,248.51,248.69,248.09,248.15,7929,MSTR
2025-11-04 19:48:00+00:00,33,2,10924,248.36,248.59,248.03,248.13,5583,MSTR
2025-11-04 19:49:00+00:00,33,2,10924,248.115,248.3,247.45,247.57,15437,MSTR
2025-11-04 19:50:00+00:00,33,2,10924,247.53,247.92,247.47,247.59,5218,MSTR
2025-11-04 19:51:00+00:00,33,2,10924,247.72,247.97,247.33,247.525,4887,MSTR
2025-11-04 19:52:00+00:00,33,2,10924,247.6,248.33,247.6,247.93,10607,MSTR
2025-11-04 19:53:00+00:00,33,2,10924,248.0,248.0,247.53,247.53,3306,MSTR
2025-11-04 19:54:00+00:00,33,2,10924,247.6,247.6,247.35,247.38,3813,MSTR
2025-11-04 19:55:00+00:00,33,2,10924,247.35,247.56,247.25,247.3,7730,MSTR
2025-11-04 19:56:00+00:00,33,2,10924,247.3,247.51,247.07,247.48,5804,MSTR
2025-11-04 19:57:00+00:00,33,2,10924,247.39,247.39,247.05,247.09,3115,MSTR
2025-11-04 19:58:00+00:00,33,2,10924,247.11,247.2,246.94,247.19,4133,MSTR
2025-11-04 19:59:00+00:00,33,2,10924,247.23,247.895,247.06,247.84,2775,MSTR
2025-11-04 20:00:00+00:00,33,2,10924,247.92,248.67,247.85,248.66,4684,MSTR
2025-11-04 20:01:00+00:00,33,2,10924,248.67,248.94,248.58,248.62,2633,MSTR
2025-11-04 20:02:00+00:00,33,2,10924,248.72,248.75,248.19,248.2,1104,MSTR
2025-11-04 20:03:00+00:00,33,2,10924,248.2,248.51,248.05,248.22,8015,MSTR
2025-11-04 20:04:00+00:00,33,2,10924,248.17,248.85,248.14,248.5,8594,MSTR
2025-11-04 20:05:00+00:00,33,2,10924,248.49,249.34,248.46,249.34,15034,MSTR
2025-11-04 20:06:00+00:00,33,2,10924,249.34,249.37,248.5,248.62,11266,MSTR
2025-11-04 20:07:00+00:00,33,2,10924,248.67,249.26,248.67,248.96,4085,MSTR
2025-11-04 20:08:00+00:00,33,2,10924,248.94,249.0,248.53,248.925,5397,MSTR
2025-11-04 20:09:00+00:00,33,2,10924,248.89,248.89,248.2,248.2,3657,MSTR
2025-11-04 20:10:00+00:00,33,2,10924,248.17,248.87,248.02,248.78,3877,MSTR
2025-11-04 20:11:00+00:00,33,2,10924,248.84,248.94,248.64,248.67,2290,MSTR
2025-11-04 20:12:00+00:00,33,2,10924,248.7,248.7,248.3,248.36,2766,MSTR
2025-11-04 20:13:00+00:00,33,2,10924,248.31,248.66,248.19,248.52,4470,MSTR
2025-11-04 20:14:00+00:00,33,2,10924,248.46,248.85,248.41,248.84,2867,MSTR
2025-11-04 20:15:00+00:00,33,2,10924,248.8,248.87,248.38,248.79,4661,MSTR
2025-11-04 20:16:00+00:00,33,2,10924,248.84,248.86,248.0,248.03,4513,MSTR
2025-11-04 20:17:00+00:00,33,2,10924,248.18,248.66,247.4,247.44,7717,MSTR
2025-11-04 20:18:00+00:00,33,2,10924,247.44,247.82,246.84,247.05,14280,MSTR
2025-11-04 20:19:00+00:00,33,2,10924,247.02,247.66,246.87,247.38,8911,MSTR
2025-11-04 20:20:00+00:00,33,2,10924,247.42,247.67,247.06,247.18,5972,MSTR
2025-11-04 20:21:00+00:00,33,2,10924,247.18,247.28,246.82,247.01,7160,MSTR
2025-11-04 20:22:00+00:00,33,2,10924,247.02,247.08,246.65,246.65,5152,MSTR
2025-11-04 20:23:00+00:00,33,2,10924,246.65,247.36,246.57,247.34,9590,MSTR
2025-11-04 20:24:00+00:00,33,2,10924,247.33,247.51,247.17,247.51,8535,MSTR
2025-11-04 20:25:00+00:00,33,2,10924,247.54,248.59,247.54,248.585,4102,MSTR
2025-11-04 20:26:00+00:00,33,2,10924,248.53,248.53,247.68,247.89,4389,MSTR
2025-11-04 20:27:00+00:00,33,2,10924,247.82,248.03,247.72,247.75,6323,MSTR
2025-11-04 20:28:00+00:00,33,2,10924,247.81,248.13,247.68,247.71,7383,MSTR
2025-11-04 20:29:00+00:00,33,2,10924,247.735,248.09,247.68,247.98,5867,MSTR
2025-11-04 20:30:00+00:00,33,2,10924,247.93,248.41,247.71,248.34,8170,MSTR
2025-11-04 20:31:00+00:00,33,2,10924,248.4,248.43,247.25,247.305,10678,MSTR
2025-11-04 20:32:00+00:00,33,2,10924,247.305,247.76,247.305,247.47,3992,MSTR
2025-11-04 20:33:00+00:00,33,2,10924,247.46,247.67,247.22,247.27,5422,MSTR
2025-11-04 20:34:00+00:00,33,2,10924,247.27,247.41,246.79,247.36,6386,MSTR
2025-11-04 20:35:00+00:00,33,2,10924,247.41,247.81,247.29,247.795,4344,MSTR
2025-11-04 20:36:00+00:00,33,2,10924,247.85,248.09,247.72,248.08,6988,MSTR
2025-11-04 20:37:00+00:00,33,2,10924,248.08,248.12,247.7,247.78,4774,MSTR
2025-11-04 20:38:00+00:00,33,2,10924,247.79,248.7,247.75,248.69,7816,MSTR
2025-11-04 20:39:00+00:00,33,2,10924,248.69,249.09,248.55,248.755,5685,MSTR
2025-11-04 20:40:00+00:00,33,2,10924,248.755,249.15,248.54,249.15,5678,MSTR
2025-11-04 20:41:00+00:00,33,2,10924,249.18,249.38,248.91,249.05,7211,MSTR
2025-11-04 20:42:00+00:00,33,2,10924,249.05,249.05,248.68,248.79,5837,MSTR
2025-11-04 20:43:00+00:00,33,2,10924,248.82,249.28,248.77,249.25,6265,MSTR
2025-11-04 20:44:00+00:00,33,2,10924,249.25,249.6,249.2,249.28,7493,MSTR
2025-11-04 20:45:00+00:00,33,2,10924,249.31,249.69,249.21,249.21,3934,MSTR
2025-11-04 20:46:00+00:00,33,2,10924,249.25,249.32,248.94,248.955,7720,MSTR
2025-11-04 20:47:00+00:00,33,2,10924,248.93,249.0,248.56,248.71,7635,MSTR
2025-11-04 20:48:00+00:00,33,2,10924,248.76,248.95,248.62,248.77,7372,MSTR
2025-11-04 20:49:00+00:00,33,2,10924,248.77,248.79,248.09,248.31,9564,MSTR
2025-11-04 20:50:00+00:00,33,2,10924,248.29,248.29,247.1,247.64,21782,MSTR
2025-11-04 20:51:00+00:00,33,2,10924,247.69,247.77,246.72,246.76,19022,MSTR
2025-11-04 20:52:00+00:00,33,2,10924,246.76,246.95,246.39,246.71,24744,MSTR
2025-11-04 20:53:00+00:00,33,2,10924,246.69,246.77,246.28,246.59,29817,MSTR
2025-11-04 20:54:00+00:00,33,2,10924,246.53,246.68,245.86,246.59,37775,MSTR
2025-11-04 20:55:00+00:00,33,2,10924,246.61,248.26,246.61,247.55,52644,MSTR
2025-11-04 20:56:00+00:00,33,2,10924,247.55,247.63,246.82,247.25,32928,MSTR
2025-11-04 20:57:00+00:00,33,2,10924,247.255,247.38,246.74,247.32,35444,MSTR
2025-11-04 20:58:00+00:00,33,2,10924,247.32,247.46,247.12,247.21,71268,MSTR
2025-11-04 20:59:00+00:00,33,2,10924,247.21,247.29,246.7,246.85,205489,MSTR
2025-11-04 21:00:00+00:00,33,2,10924,246.805,247.57,246.69,247.1,1482951,MSTR
2025-11-04 21:01:00+00:00,33,2,10924,247.2,247.2,246.99,246.99,623,MSTR
2025-11-04 21:02:00+00:00,33,2,10924,246.85,246.94,246.63,246.63,173,MSTR
2025-11-04 21:03:00+00:00,33,2,10924,246.66,246.79,246.66,246.79,216,MSTR
2025-11-04 21:04:00+00:00,33,2,10924,246.84,246.85,246.72,246.8,152,MSTR
2025-11-04 21:05:00+00:00,33,2,10924,246.7,246.7,246.65,246.69,59,MSTR
2025-11-04 21:06:00+00:00,33,2,10924,246.61,247.0,246.23,247.0,10295,MSTR
2025-11-04 21:07:00+00:00,33,2,10924,246.66,246.7,245.95,246.7,1517,MSTR
2025-11-04 21:08:00+00:00,33,2,10924,247.0,247.0,247.0,247.0,190,MSTR
2025-11-04 21:09:00+00:00,33,2,10924,247.3,247.3,247.3,247.3,7,MSTR
2025-11-04 21:10:00+00:00,33,2,10924,247.02,247.02,246.52,246.59,1237,MSTR
2025-11-04 21:12:00+00:00,33,2,10924,246.66,246.8,246.55,246.79,169,MSTR
2025-11-04 21:13:00+00:00,33,2,10924,246.77,246.8,246.71,246.71,53,MSTR
2025-11-04 21:14:00+00:00,33,2,10924,246.89,246.89,245.7,245.71,3666,MSTR
2025-11-04 21:15:00+00:00,33,2,10924,246.31,246.31,245.98,246.0,123,MSTR
2025-11-04 21:16:00+00:00,33,2,10924,246.14,246.24,246.01,246.01,157,MSTR
2025-11-04 21:17:00+00:00,33,2,10924,246.14,246.23,246.0,246.02,180,MSTR
2025-11-04 21:18:00+00:00,33,2,10924,245.88,246.04,245.55,245.68,677,MSTR
2025-11-04 21:19:00+00:00,33,2,10924,245.95,246.08,245.71,246.08,99,MSTR
2025-11-04 21:20:00+00:00,33,2,10924,245.99,245.99,245.5,245.5,211,MSTR
2025-11-04 21:21:00+00:00,33,2,10924,245.64,245.67,245.47,245.47,40,MSTR
2025-11-04 21:22:00+00:00,33,2,10924,245.45,245.9,245.4,245.71,55,MSTR
2025-11-04 21:23:00+00:00,33,2,10924,245.71,245.87,245.55,245.87,145,MSTR
2025-11-04 21:24:00+00:00,33,2,10924,245.65,245.65,245.25,245.25,168,MSTR
2025-11-04 21:25:00+00:00,33,2,10924,245.3,245.76,245.3,245.76,80,MSTR
2025-11-04 21:26:00+00:00,33,2,10924,245.63,245.67,245.58,245.58,52,MSTR
2025-11-04 21:27:00+00:00,33,2,10924,245.64,245.67,245.26,245.47,225,MSTR
2025-11-04 21:28:00+00:00,33,2,10924,245.54,245.67,245.48,245.48,48,MSTR
2025-11-04 21:29:00+00:00,33,2,10924,245.48,245.5,245.35,245.5,101,MSTR
2025-11-04 21:30:00+00:00,33,2,10924,245.33,245.33,244.56,245.16,3099,MSTR
2025-11-04 21:31:00+00:00,33,2,10924,244.95,244.95,243.84,243.84,6505,MSTR
2025-11-04 21:32:00+00:00,33,2,10924,243.82,244.23,243.8,243.8,798,MSTR
2025-11-04 21:33:00+00:00,33,2,10924,243.8,243.85,243.51,243.69,383,MSTR
2025-11-04 21:34:00+00:00,33,2,10924,243.81,243.81,243.0,243.1,776,MSTR
2025-11-04 21:35:00+00:00,33,2,10924,243.03,243.03,242.2,242.3,635,MSTR
2025-11-04 21:36:00+00:00,33,2,10924,242.36,243.11,242.31,243.09,1292,MSTR
2025-11-04 21:37:00+00:00,33,2,10924,243.1,243.35,243.0,243.04,774,MSTR
2025-11-04 21:38:00+00:00,33,2,10924,243.05,243.06,242.59,242.59,1699,MSTR
2025-11-04 21:39:00+00:00,33,2,10924,242.6,242.76,242.53,242.72,222,MSTR
2025-11-04 21:40:00+00:00,33,2,10924,242.89,243.67,242.54,243.36,2084,MSTR
2025-11-04 21:41:00+00:00,33,2,10924,243.42,243.61,243.35,243.36,764,MSTR
2025-11-04 21:42:00+00:00,33,2,10924,243.49,243.62,243.18,243.3,1118,MSTR
2025-11-04 21:43:00+00:00,33,2,10924,243.56,244.0,243.54,244.0,343,MSTR
2025-11-04 21:44:00+00:00,33,2,10924,244.01,244.6,244.01,244.6,90,MSTR
2025-11-04 21:45:00+00:00,33,2,10924,244.39,245.25,244.3,245.25,1467,MSTR
2025-11-04 21:46:00+00:00,33,2,10924,245.35,245.57,245.12,245.23,1978,MSTR
2025-11-04 21:47:00+00:00,33,2,10924,245.05,245.05,244.26,244.67,109,MSTR
2025-11-04 21:48:00+00:00,33,2,10924,244.83,245.0,244.6,244.75,172,MSTR
2025-11-04 21:49:00+00:00,33,2,10924,244.72,244.72,244.61,244.61,20,MSTR
2025-11-04 21:50:00+00:00,33,2,10924,244.75,244.75,244.63,244.7,65,MSTR
2025-11-04 21:51:00+00:00,33,2,10924,244.67,244.97,244.6,244.6,1094,MSTR
2025-11-04 21:52:00+00:00,33,2,10924,244.75,244.81,244.75,244.81,50,MSTR
2025-11-04 21:53:00+00:00,33,2,10924,244.47,244.49,243.7,244.1,2280,MSTR
2025-11-04 21:54:00+00:00,33,2,10924,244.25,244.28,244.03,244.28,333,MSTR
2025-11-04 21:55:00+00:00,33,2,10924,244.75,245.75,244.75,245.75,1065,MSTR
2025-11-04 21:56:00+00:00,33,2,10924,245.75,246.0,245.5,246.0,343,MSTR
2025-11-04 21:57:00+00:00,33,2,10924,246.13,246.25,245.86,245.86,493,MSTR
2025-11-04 21:58:00+00:00,33,2,10924,245.9,246.35,245.9,246.35,59,MSTR
2025-11-04 21:59:00+00:00,33,2,10924,246.45,246.59,246.32,246.32,247,MSTR
2025-11-04 22:00:00+00:00,33,2,10924,246.54,246.54,246.54,246.54,10,MSTR
2025-11-04 22:01:00+00:00,33,2,10924,246.65,246.77,246.4,246.65,881,MSTR
2025-11-04 22:03:00+00:00,33,2,10924,246.55,247.05,246.55,247.0,275,MSTR
2025-11-04 22:04:00+00:00,33,2,10924,247.06,247.42,246.75,247.35,320,MSTR
2025-11-04 22:05:00+00:00,33,2,10924,247.16,247.3,247.0,247.16,256,MSTR
2025-11-04 22:06:00+00:00,33,2,10924,247.2,248.0,247.2,247.55,1581,MSTR
2025-11-04 22:07:00+00:00,33,2,10924,247.91,248.82,247.91,248.45,1652,MSTR
2025-11-04 22:08:00+00:00,33,2,10924,248.45,248.65,248.23,248.65,383,MSTR
2025-11-04 22:09:00+00:00,33,2,10924,248.78,248.78,248.39,248.65,442,MSTR
2025-11-04 22:10:00+00:00,33,2,10924,248.85,248.85,248.68,248.8,211,MSTR
2025-11-04 22:11:00+00:00,33,2,10924,248.24,248.24,248.02,248.1,111,MSTR
2025-11-04 22:13:00+00:00,33,2,10924,248.25,248.41,248.0,248.41,18,MSTR
2025-11-04 22:14:00+00:00,33,2,10924,248.15,248.15,247.51,247.89,116,MSTR
2025-11-04 22:15:00+00:00,33,2,10924,247.81,248.15,247.31,247.96,276,MSTR
2025-11-04 22:16:00+00:00,33,2,10924,248.16,248.45,248.01,248.01,266,MSTR
2025-11-04 22:17:00+00:00,33,2,10924,248.15,248.52,248.13,248.18,1087,MSTR
2025-11-04 22:18:00+00:00,33,2,10924,248.3,248.6,248.3,248.6,398,MSTR
2025-11-04 22:19:00+00:00,33,2,10924,248.6,248.68,248.52,248.52,66,MSTR
2025-11-04 22:20:00+00:00,33,2,10924,248.45,248.47,248.3,248.47,162,MSTR
2025-11-04 22:21:00+00:00,33,2,10924,248.15,248.22,248.12,248.2,50,MSTR
2025-11-04 22:22:00+00:00,33,2,10924,248.46,248.53,248.01,248.49,502,MSTR
2025-11-04 22:23:00+00:00,33,2,10924,248.03,248.25,247.9,248.25,669,MSTR
2025-11-04 22:24:00+00:00,33,2,10924,247.99,247.99,247.65,247.65,63,MSTR
2025-11-04 22:25:00+00:00,33,2,10924,247.9,247.94,247.9,247.94,135,MSTR
2025-11-04 22:28:00+00:00,33,2,10924,248.11,248.23,248.11,248.23,30,MSTR
2025-11-04 22:29:00+00:00,33,2,10924,248.01,248.2,248.01,248.2,40,MSTR
2025-11-04 22:30:00+00:00,33,2,10924,248.2,248.23,248.11,248.11,75,MSTR
2025-11-04 22:31:00+00:00,33,2,10924,248.15,248.15,248.15,248.15,7,MSTR
2025-11-04 22:32:00+00:00,33,2,10924,248.31,248.36,248.05,248.36,205,MSTR
2025-11-04 22:33:00+00:00,33,2,10924,248.36,248.39,248.36,248.39,111,MSTR
2025-11-04 22:34:00+00:00,33,2,10924,248.32,248.64,248.18,248.6,1422,MSTR
2025-11-04 22:35:00+00:00,33,2,10924,248.72,249.23,248.72,249.13,676,MSTR
2025-11-04 22:36:00+00:00,33,2,10924,249.13,249.5,249.04,249.04,774,MSTR
2025-11-04 22:38:00+00:00,33,2,10924,248.7,248.95,248.67,248.95,125,MSTR
2025-11-04 22:41:00+00:00,33,2,10924,248.43,248.43,248.0,248.18,39,MSTR
2025-11-04 22:42:00+00:00,33,2,10924,248.18,248.18,248.18,248.18,2,MSTR
2025-11-04 22:43:00+00:00,33,2,10924,248.42,248.42,248.42,248.42,3,MSTR
2025-11-04 22:44:00+00:00,33,2,10924,248.07,248.4,248.05,248.4,21,MSTR
2025-11-04 22:46:00+00:00,33,2,10924,248.7,248.7,248.7,248.7,2,MSTR
2025-11-04 22:47:00+00:00,33,2,10924,248.5,248.5,248.5,248.5,3,MSTR
2025-11-04 22:48:00+00:00,33,2,10924,248.7,248.7,248.7,248.7,20,MSTR
2025-11-04 22:50:00+00:00,33,2,10924,248.17,248.17,247.57,247.93,323,MSTR
2025-11-04 22:51:00+00:00,33,2,10924,247.61,247.61,247.6,247.6,10,MSTR
2025-11-04 22:52:00+00:00,33,2,10924,248.01,248.01,248.01,248.01,61,MSTR
2025-11-04 22:55:00+00:00,33,2,10924,248.12,248.12,247.99,247.99,47,MSTR
2025-11-04 22:56:00+00:00,33,2,10924,248.19,248.2,248.12,248.12,212,MSTR
2025-11-04 22:57:00+00:00,33,2,10924,248.01,248.01,247.9,247.9,23,MSTR
2025-11-04 22:58:00+00:00,33,2,10924,248.09,248.09,248.09,248.09,3,MSTR
2025-11-04 22:59:00+00:00,33,2,10924,247.9,247.9,247.9,247.9,38,MSTR
2025-11-04 23:00:00+00:00,33,2,10924,248.5,248.5,248.5,248.5,12,MSTR
2025-11-04 23:02:00+00:00,33,2,10924,248.45,248.46,248.42,248.43,112,MSTR
2025-11-04 23:03:00+00:00,33,2,10924,248.47,248.47,248.2,248.4,37,MSTR
2025-11-04 23:04:00+00:00,33,2,10924,248.49,248.49,248.49,248.49,1,MSTR
2025-11-04 23:05:00+00:00,33,2,10924,248.49,248.99,248.49,248.97,92,MSTR
2025-11-04 23:06:00+00:00,33,2,10924,249.06,249.1,248.48,248.48,40,MSTR
2025-11-04 23:07:00+00:00,33,2,10924,248.15,248.15,248.06,248.06,45,MSTR
2025-11-04 23:09:00+00:00,33,2,10924,247.57,247.57,247.57,247.57,17,MSTR
2025-11-04 23:10:00+00:00,33,2,10924,247.58,247.58,247.21,247.32,77,MSTR
2025-11-04 23:11:00+00:00,33,2,10924,247.18,247.63,247.18,247.63,78,MSTR
2025-11-04 23:12:00+00:00,33,2,10924,247.63,247.73,247.38,247.38,163,MSTR
2025-11-04 23:13:00+00:00,33,2,10924,247.27,247.68,247.27,247.68,12,MSTR
2025-11-04 23:14:00+00:00,33,2,10924,247.5,247.99,247.5,247.99,108,MSTR
2025-11-04 23:15:00+00:00,33,2,10924,247.99,248.0,247.97,248.0,147,MSTR
2025-11-04 23:16:00+00:00,33,2,10924,248.0,248.0,247.81,247.81,15,MSTR
2025-11-04 23:18:00+00:00,33,2,10924,247.98,248.01,247.98,248.01,22,MSTR
2025-11-04 23:20:00+00:00,33,2,10924,248.39,248.39,248.39,248.39,43,MSTR
2025-11-04 23:21:00+00:00,33,2,10924,247.98,248.4,247.98,248.4,59,MSTR
2025-11-04 23:22:00+00:00,33,2,10924,248.2,248.2,248.01,248.01,19,MSTR
2025-11-04 23:23:00+00:00,33,2,10924,248.05,248.2,248.05,248.2,4,MSTR
2025-11-04 23:24:00+00:00,33,2,10924,248.3,248.3,247.95,247.95,31,MSTR
2025-11-04 23:26:00+00:00,33,2,10924,247.9,247.9,247.9,247.9,30,MSTR
2025-11-04 23:27:00+00:00,33,2,10924,247.95,247.95,247.95,247.95,4,MSTR
2025-11-04 23:28:00+00:00,33,2,10924,247.95,247.95,247.95,247.95,16,MSTR
2025-11-04 23:29:00+00:00,33,2,10924,248.37,248.37,248.37,248.37,1,MSTR
2025-11-04 23:30:00+00:00,33,2,10924,248.03,248.03,248.01,248.01,11,MSTR
2025-11-04 23:31:00+00:00,33,2,10924,248.01,248.01,248.01,248.01,6,MSTR
2025-11-04 23:32:00+00:00,33,2,10924,248.01,248.01,248.01,248.01,5,MSTR
2025-11-04 23:34:00+00:00,33,2,10924,248.05,248.05,248.0,248.0,42,MSTR
2025-11-04 23:35:00+00:00,33,2,10924,248.23,248.23,248.21,248.21,10,MSTR
2025-11-04 23:36:00+00:00,33,2,10924,248.01,248.14,248.01,248.14,16,MSTR
2025-11-04 23:37:00+00:00,33,2,10924,248.01,248.11,248.01,248.11,101,MSTR
2025-11-04 23:38:00+00:00,33,2,10924,248.01,248.05,248.01,248.05,84,MSTR
2025-11-04 23:39:00+00:00,33,2,10924,248.1,248.14,247.86,248.1,67,MSTR
2025-11-04 23:40:00+00:00,33,2,10924,248.1,248.1,248.1,248.1,17,MSTR
2025-11-04 23:42:00+00:00,33,2,10924,248.19,248.4,248.14,248.4,99,MSTR
2025-11-04 23:43:00+00:00,33,2,10924,248.25,248.41,248.25,248.41,51,MSTR
2025-11-04 23:44:00+00:00,33,2,10924,248.32,248.5,248.32,248.5,44,MSTR
2025-11-04 23:46:00+00:00,33,2,10924,248.41,248.41,248.41,248.41,15,MSTR
2025-11-04 23:48:00+00:00,33,2,10924,248.6,248.65,248.43,248.54,31,MSTR
2025-11-04 23:49:00+00:00,33,2,10924,248.58,248.58,248.58,248.58,10,MSTR
2025-11-04 23:50:00+00:00,33,2,10924,248.58,248.58,248.58,248.58,4,MSTR
2025-11-04 23:51:00+00:00,33,2,10924,248.65,248.7,248.65,248.7,11,MSTR
2025-11-04 23:52:00+00:00,33,2,10924,248.68,248.68,248.68,248.68,10,MSTR
2025-11-04 23:53:00+00:00,33,2,10924,248.67,248.7,248.5,248.7,155,MSTR
2025-11-04 23:54:00+00:00,33,2,10924,248.51,248.51,248.51,248.51,3,MSTR
2025-11-04 23:56:00+00:00,33,2,10924,248.63,248.63,248.57,248.57,20,MSTR
2025-11-04 23:57:00+00:00,33,2,10924,248.57,248.57,248.52,248.52,20,MSTR
2025-11-04 23:58:00+00:00,33,2,10924,248.58,248.58,248.45,248.45,53,MSTR
2025-11-04 23:59:00+00:00,33,2,10924,248.41,248.41,248.41,248.41,12,MSTR
2025-11-05 09:00:00+00:00,33,2,10924,250.66,251.46,250.35,250.87,1321,MSTR
2025-11-05 09:01:00+00:00,33,2,10924,250.85,251.05,250.54,250.83,255,MSTR
2025-11-05 09:02:00+00:00,33,2,10924,251.03,251.2,250.9,250.9,507,MSTR
2025-11-05 09:03:00+00:00,33,2,10924,251.11,251.75,251.11,251.75,131,MSTR
2025-11-05 09:04:00+00:00,33,2,10924,251.85,251.85,251.53,251.7,145,MSTR
2025-11-05 09:05:00+00:00,33,2,10924,251.66,251.78,251.66,251.78,150,MSTR
2025-11-05 09:07:00+00:00,33,2,10924,251.78,252.1,251.72,252.07,145,MSTR
2025-11-05 09:08:00+00:00,33,2,10924,252.15,252.55,252.15,252.54,269,MSTR
2025-11-05 09:09:00+00:00,33,2,10924,252.65,252.92,252.36,252.8,269,MSTR
2025-11-05 09:10:00+00:00,33,2,10924,252.73,252.79,252.63,252.79,288,MSTR
2025-11-05 09:11:00+00:00,33,2,10924,252.75,252.79,252.38,252.65,1606,MSTR
2025-11-05 09:12:00+00:00,33,2,10924,252.55,252.6,251.83,251.83,954,MSTR
2025-11-05 09:13:00+00:00,33,2,10924,251.84,251.84,251.6,251.61,116,MSTR
2025-11-05 09:14:00+00:00,33,2,10924,251.61,252.0,251.55,251.71,501,MSTR
2025-11-05 09:15:00+00:00,33,2,10924,251.79,251.79,251.76,251.76,110,MSTR
2025-11-05 09:16:00+00:00,33,2,10924,251.4,251.5,251.31,251.31,241,MSTR
2025-11-05 09:17:00+00:00,33,2,10924,251.5,251.5,251.41,251.5,2499,MSTR
2025-11-05 09:18:00+00:00,33,2,10924,251.49,251.5,251.0,251.0,169,MSTR
2025-11-05 09:19:00+00:00,33,2,10924,250.73,250.75,250.66,250.66,150,MSTR
2025-11-05 09:20:00+00:00,33,2,10924,250.65,250.65,250.2,250.2,869,MSTR
2025-11-05 09:21:00+00:00,33,2,10924,251.0,251.1,251.0,251.04,137,MSTR
2025-11-05 09:22:00+00:00,33,2,10924,250.82,250.82,250.77,250.77,120,MSTR
2025-11-05 09:23:00+00:00,33,2,10924,250.77,250.92,250.4,250.4,365,MSTR
2025-11-05 09:24:00+00:00,33,2,10924,250.54,250.71,250.4,250.4,225,MSTR
2025-11-05 09:26:00+00:00,33,2,10924,250.75,250.8,250.75,250.8,325,MSTR
2025-11-05 09:27:00+00:00,33,2,10924,250.73,250.8,250.73,250.8,26,MSTR
2025-11-05 09:28:00+00:00,33,2,10924,250.5,250.79,250.5,250.79,57,MSTR
2025-11-05 09:29:00+00:00,33,2,10924,250.61,250.61,250.59,250.59,4,MSTR
2025-11-05 09:30:00+00:00,33,2,10924,250.51,250.51,250.51,250.51,12,MSTR
2025-11-05 09:31:00+00:00,33,2,10924,250.79,250.79,250.5,250.51,82,MSTR
2025-11-05 09:32:00+00:00,33,2,10924,250.71,250.71,250.71,250.71,1,MSTR
2025-11-05 09:33:00+00:00,33,2,10924,250.54,250.74,250.51,250.51,503,MSTR
2025-11-05 09:34:00+00:00,33,2,10924,250.71,250.71,250.71,250.71,5,MSTR
2025-11-05 09:35:00+00:00,33,2,10924,250.72,250.94,250.72,250.94,601,MSTR
2025-11-05 09:37:00+00:00,33,2,10924,251.19,251.19,251.19,251.19,10,MSTR
2025-11-05 09:38:00+00:00,33,2,10924,251.12,251.34,251.12,251.2,347,MSTR
2025-11-05 09:39:00+00:00,33,2,10924,251.19,251.32,251.19,251.32,115,MSTR
2025-11-05 09:40:00+00:00,33,2,10924,251.21,251.33,251.21,251.33,69,MSTR
2025-11-05 09:41:00+00:00,33,2,10924,251.2,251.2,250.92,251.01,173,MSTR
2025-11-05 09:42:00+00:00,33,2,10924,251.0,251.0,251.0,251.0,49,MSTR
2025-11-05 09:44:00+00:00,33,2,10924,251.0,251.02,251.0,251.02,8,MSTR
2025-11-05 09:45:00+00:00,33,2,10924,251.02,251.02,251.02,251.02,1,MSTR
2025-11-05 09:47:00+00:00,33,2,10924,251.1,251.1,251.1,251.1,29,MSTR
2025-11-05 09:48:00+00:00,33,2,10924,251.17,251.48,251.17,251.25,1291,MSTR
2025-11-05 09:49:00+00:00,33,2,10924,251.19,251.39,251.07,251.39,152,MSTR
2025-11-05 09:50:00+00:00,33,2,10924,251.37,251.37,251.02,251.02,297,MSTR
2025-11-05 09:52:00+00:00,33,2,10924,251.15,251.15,251.15,251.15,11,MSTR
2025-11-05 09:53:00+00:00,33,2,10924,251.11,251.11,251.11,251.11,32,MSTR
2025-11-05 09:54:00+00:00,33,2,10924,251.11,251.11,251.11,251.11,51,MSTR
2025-11-05 09:56:00+00:00,33,2,10924,251.19,251.25,251.02,251.02,283,MSTR
2025-11-05 09:58:00+00:00,33,2,10924,251.13,251.13,251.01,251.01,557,MSTR
2025-11-05 10:00:00+00:00,33,2,10924,251.15,251.15,251.0,251.02,164,MSTR
2025-11-05 10:01:00+00:00,33,2,10924,250.8,250.8,250.8,250.8,150,MSTR
2025-11-05 10:02:00+00:00,33,2,10924,250.97,251.15,250.83,250.83,208,MSTR
2025-11-05 10:04:00+00:00,33,2,10924,250.83,250.83,250.8,250.8,40,MSTR
2025-11-05 10:05:00+00:00,33,2,10924,250.79,250.79,250.79,250.79,10,MSTR
2025-11-05 10:06:00+00:00,33,2,10924,250.78,250.82,250.78,250.8,70,MSTR
2025-11-05 10:07:00+00:00,33,2,10924,250.89,250.89,250.89,250.89,5,MSTR
2025-11-05 10:08:00+00:00,33,2,10924,250.9,250.93,250.9,250.9,465,MSTR
2025-11-05 10:10:00+00:00,33,2,10924,250.6,250.6,250.33,250.33,73,MSTR
2025-11-05 10:11:00+00:00,33,2,10924,250.3,250.41,250.15,250.41,323,MSTR
2025-11-05 10:12:00+00:00,33,2,10924,250.4,250.4,250.4,250.4,370,MSTR
2025-11-05 10:13:00+00:00,33,2,10924,250.3,250.3,250.29,250.29,208,MSTR
2025-11-05 10:17:00+00:00,33,2,10924,250.73,250.73,250.62,250.62,42,MSTR
2025-11-05 10:19:00+00:00,33,2,10924,250.63,250.63,250.63,250.63,10,MSTR
2025-11-05 10:24:00+00:00,33,2,10924,250.85,250.85,250.85,250.85,60,MSTR
2025-11-05 10:25:00+00:00,33,2,10924,250.62,250.62,250.37,250.57,1013,MSTR
2025-11-05 10:26:00+00:00,33,2,10924,250.61,250.61,250.61,250.61,25,MSTR
2025-11-05 10:29:00+00:00,33,2,10924,250.64,250.64,250.64,250.64,1,MSTR
2025-11-05 10:35:00+00:00,33,2,10924,250.21,250.21,250.21,250.21,46,MSTR
2025-11-05 10:39:00+00:00,33,2,10924,250.15,250.15,249.95,249.95,410,MSTR
2025-11-05 10:40:00+00:00,33,2,10924,250.01,250.01,249.99,249.99,75,MSTR
2025-11-05 10:44:00+00:00,33,2,10924,250.27,250.27,250.27,250.27,40,MSTR
2025-11-05 10:45:00+00:00,33,2,10924,250.27,250.27,249.85,249.85,237,MSTR
2025-11-05 10:46:00+00:00,33,2,10924,249.83,249.83,249.55,249.74,236,MSTR
2025-11-05 10:47:00+00:00,33,2,10924,249.99,250.01,249.8,249.8,260,MSTR
2025-11-05 10:48:00+00:00,33,2,10924,249.95,249.95,249.69,249.69,60,MSTR
2025-11-05 10:49:00+00:00,33,2,10924,249.57,249.57,249.57,249.57,30,MSTR
2025-11-05 10:50:00+00:00,33,2,10924,249.64,249.64,249.53,249.53,45,MSTR
2025-11-05 10:52:00+00:00,33,2,10924,249.6,249.6,249.6,249.6,198,MSTR
2025-11-05 10:53:00+00:00,33,2,10924,249.45,249.68,249.33,249.68,77,MSTR
2025-11-05 10:54:00+00:00,33,2,10924,249.35,249.35,249.0,249.05,186,MSTR
2025-11-05 10:55:00+00:00,33,2,10924,248.95,248.95,248.85,248.85,4,MSTR
2025-11-05 10:56:00+00:00,33,2,10924,248.87,248.87,248.72,248.8,91,MSTR
2025-11-05 10:57:00+00:00,33,2,10924,248.67,248.86,248.65,248.86,221,MSTR
2025-11-05 10:58:00+00:00,33,2,10924,248.94,248.94,248.83,248.83,57,MSTR
2025-11-05 10:59:00+00:00,33,2,10924,248.8,249.09,248.8,248.97,224,MSTR
2025-11-05 11:00:00+00:00,33,2,10924,248.84,249.07,248.83,249.07,63,MSTR
2025-11-05 11:01:00+00:00,33,2,10924,249.4,249.47,249.39,249.47,84,MSTR
2025-11-05 11:02:00+00:00,33,2,10924,249.33,249.33,249.33,249.33,12,MSTR
2025-11-05 11:05:00+00:00,33,2,10924,249.51,249.51,249.51,249.51,3,MSTR
2025-11-05 11:06:00+00:00,33,2,10924,249.48,250.16,249.48,250.1,189,MSTR
2025-11-05 11:08:00+00:00,33,2,10924,250.15,250.31,249.91,250.25,168,MSTR
2025-11-05 11:09:00+00:00,33,2,10924,250.14,250.14,250.03,250.03,41,MSTR
2025-11-05 11:10:00+00:00,33,2,10924,249.9,249.9,249.9,249.9,3,MSTR
2025-11-05 11:12:00+00:00,33,2,10924,249.88,249.88,249.71,249.71,42,MSTR
2025-11-05 11:13:00+00:00,33,2,10924,249.74,249.88,249.71,249.88,278,MSTR
2025-11-05 11:14:00+00:00,33,2,10924,249.87,249.87,249.81,249.84,219,MSTR
2025-11-05 11:16:00+00:00,33,2,10924,249.92,250.3,249.92,250.3,85,MSTR
2025-11-05 11:17:00+00:00,33,2,10924,250.33,250.33,250.33,250.33,5,MSTR
2025-11-05 11:20:00+00:00,33,2,10924,249.84,249.84,249.81,249.81,95,MSTR
2025-11-05 11:21:00+00:00,33,2,10924,249.89,249.89,249.89,249.89,22,MSTR
2025-11-05 11:22:00+00:00,33,2,10924,250.07,250.07,250.07,250.07,11,MSTR
2025-11-05 11:24:00+00:00,33,2,10924,250.2,250.48,250.04,250.04,251,MSTR
2025-11-05 11:26:00+00:00,33,2,10924,250.29,250.35,250.29,250.35,235,MSTR
2025-11-05 11:27:00+00:00,33,2,10924,250.09,250.09,250.0,250.0,453,MSTR
2025-11-05 11:28:00+00:00,33,2,10924,250.06,250.2,250.06,250.2,70,MSTR
2025-11-05 11:31:00+00:00,33,2,10924,250.3,250.67,250.3,250.67,63,MSTR
2025-11-05 11:33:00+00:00,33,2,10924,250.53,250.53,250.23,250.28,91,MSTR
2025-11-05 11:34:00+00:00,33,2,10924,250.34,250.34,250.34,250.34,2,MSTR
2025-11-05 11:35:00+00:00,33,2,10924,250.39,250.56,250.39,250.5,194,MSTR
2025-11-05 11:36:00+00:00,33,2,10924,250.5,250.8,250.5,250.8,205,MSTR
2025-11-05 11:37:00+00:00,33,2,10924,250.71,250.71,250.71,250.71,50,MSTR
2025-11-05 11:38:00+00:00,33,2,10924,250.84,250.84,250.84,250.84,10,MSTR
2025-11-05 11:40:00+00:00,33,2,10924,250.81,250.81,250.79,250.79,4,MSTR
2025-11-05 11:41:00+00:00,33,2,10924,250.72,250.72,250.72,250.72,1,MSTR
2025-11-05 11:43:00+00:00,33,2,10924,250.6,250.7,250.6,250.7,3,MSTR
2025-11-05 11:45:00+00:00,33,2,10924,250.7,250.7,250.58,250.58,7,MSTR
2025-11-05 11:47:00+00:00,33,2,10924,250.77,250.77,250.74,250.75,242,MSTR
2025-11-05 11:48:00+00:00,33,2,10924,250.98,251.0,250.98,251.0,105,MSTR
2025-11-05 11:49:00+00:00,33,2,10924,250.8,251.0,250.79,251.0,23,MSTR
2025-11-05 11:51:00+00:00,33,2,10924,251.15,251.16,251.15,251.16,25,MSTR
2025-11-05 11:52:00+00:00,33,2,10924,251.16,251.25,251.16,251.25,90,MSTR
2025-11-05 11:53:00+00:00,33,2,10924,251.35,251.64,251.34,251.55,294,MSTR
2025-11-05 11:54:00+00:00,33,2,10924,251.47,251.47,251.47,251.47,29,MSTR
2025-11-05 11:55:00+00:00,33,2,10924,251.43,251.46,251.33,251.33,275,MSTR
2025-11-05 11:56:00+00:00,33,2,10924,251.14,251.42,251.14,251.42,55,MSTR
2025-11-05 11:59:00+00:00,33,2,10924,251.36,251.37,251.36,251.37,60,MSTR
2025-11-05 12:00:00+00:00,33,2,10924,250.93,250.99,250.73,250.76,203,MSTR
2025-11-05 12:01:00+00:00,33,2,10924,250.77,250.77,250.22,250.6,176,MSTR
2025-11-05 12:02:00+00:00,33,2,10924,250.4,250.7,250.4,250.7,207,MSTR
2025-11-05 12:03:00+00:00,33,2,10924,250.68,250.96,250.68,250.96,41,MSTR
2025-11-05 12:04:00+00:00,33,2,10924,250.97,250.99,250.97,250.99,28,MSTR
2025-11-05 12:05:00+00:00,33,2,10924,250.64,250.64,250.64,250.64,1,MSTR
2025-11-05 12:06:00+00:00,33,2,10924,251.09,251.14,251.02,251.14,116,MSTR
2025-11-05 12:07:00+00:00,33,2,10924,251.42,251.51,251.39,251.39,286,MSTR
2025-11-05 12:08:00+00:00,33,2,10924,251.65,251.88,251.65,251.72,96,MSTR
2025-11-05 12:09:00+00:00,33,2,10924,251.67,251.72,251.53,251.6,284,MSTR
2025-11-05 12:11:00+00:00,33,2,10924,251.58,251.61,251.58,251.6,316,MSTR
2025-11-05 12:12:00+00:00,33,2,10924,251.73,251.76,251.73,251.76,199,MSTR
2025-11-05 12:13:00+00:00,33,2,10924,251.72,251.88,251.72,251.88,64,MSTR
2025-11-05 12:14:00+00:00,33,2,10924,251.93,251.95,251.8,251.8,147,MSTR
2025-11-05 12:15:00+00:00,33,2,10924,251.8,251.8,251.8,251.8,70,MSTR
2025-11-05 12:16:00+00:00,33,2,10924,251.8,252.34,251.8,252.25,463,MSTR
2025-11-05 12:17:00+00:00,33,2,10924,252.25,252.25,252.13,252.19,43,MSTR
2025-11-05 12:18:00+00:00,33,2,10924,252.25,252.67,252.25,252.67,715,MSTR
2025-11-05 12:19:00+00:00,33,2,10924,252.63,252.72,252.63,252.72,41,MSTR
2025-11-05 12:20:00+00:00,33,2,10924,252.69,252.91,252.69,252.91,254,MSTR
2025-11-05 12:21:00+00:00,33,2,10924,252.95,253.18,252.91,253.11,412,MSTR
2025-11-05 12:22:00+00:00,33,2,10924,253.11,253.11,252.97,253.0,424,MSTR
2025-11-05 12:23:00+00:00,33,2,10924,252.97,253.0,252.85,253.0,104,MSTR
2025-11-05 12:24:00+00:00,33,2,10924,253.1,253.1,253.08,253.08,50,MSTR
2025-11-05 12:25:00+00:00,33,2,10924,253.08,253.8,253.08,253.8,160,MSTR
2025-11-05 12:26:00+00:00,33,2,10924,253.65,253.78,253.45,253.45,273,MSTR
2025-11-05 12:27:00+00:00,33,2,10924,252.98,253.01,252.98,252.99,228,MSTR
2025-11-05 12:28:00+00:00,33,2,10924,253.4,253.5,253.4,253.5,85,MSTR
2025-11-05 12:29:00+00:00,33,2,10924,253.31,253.33,253.2,253.33,197,MSTR
2025-11-05 12:30:00+00:00,33,2,10924,253.33,253.6,253.0,253.0,520,MSTR
2025-11-05 12:31:00+00:00,33,2,10924,252.86,253.68,252.86,253.46,1080,MSTR
2025-11-05 12:32:00+00:00,33,2,10924,253.3,253.3,253.3,253.3,100,MSTR
2025-11-05 12:33:00+00:00,33,2,10924,253.33,253.67,253.33,253.45,76,MSTR
2025-11-05 12:34:00+00:00,33,2,10924,253.5,253.58,253.3,253.3,852,MSTR
2025-11-05 12:35:00+00:00,33,2,10924,253.3,253.7,253.3,253.44,987,MSTR
2025-11-05 12:36:00+00:00,33,2,10924,253.37,253.37,253.3,253.3,11,MSTR
2025-11-05 12:37:00+00:00,33,2,10924,253.28,253.28,253.28,253.28,200,MSTR
2025-11-05 12:38:00+00:00,33,2,10924,253.25,253.25,253.19,253.19,38,MSTR
2025-11-05 12:39:00+00:00,33,2,10924,253.35,253.35,253.3,253.3,44,MSTR
2025-11-05 12:40:00+00:00,33,2,10924,253.44,253.95,253.44,253.95,177,MSTR
2025-11-05 12:41:00+00:00,33,2,10924,253.87,253.87,253.8,253.8,261,MSTR
2025-11-05 12:42:00+00:00,33,2,10924,253.77,253.77,253.77,253.77,50,MSTR
2025-11-05 12:43:00+00:00,33,2,10924,253.77,253.99,253.77,253.97,737,MSTR
2025-11-05 12:44:00+00:00,33,2,10924,253.89,253.89,253.65,253.65,310,MSTR
2025-11-05 12:45:00+00:00,33,2,10924,253.56,253.56,253.0,253.25,256,MSTR
2025-11-05 12:46:00+00:00,33,2,10924,253.0,253.0,252.81,252.85,85,MSTR
2025-11-05 12:47:00+00:00,33,2,10924,252.72,252.72,252.72,252.72,18,MSTR
2025-11-05 12:48:00+00:00,33,2,10924,253.1,253.1,253.1,253.1,2,MSTR
2025-11-05 12:49:00+00:00,33,2,10924,253.0,253.15,253.0,253.11,734,MSTR
2025-11-05 12:50:00+00:00,33,2,10924,253.28,253.33,253.28,253.33,41,MSTR
2025-11-05 12:51:00+00:00,33,2,10924,253.37,253.44,253.29,253.44,96,MSTR
2025-11-05 12:52:00+00:00,33,2,10924,253.31,253.32,253.0,253.0,82,MSTR
2025-11-05 12:53:00+00:00,33,2,10924,253.34,253.39,253.34,253.39,50,MSTR
2025-11-05 12:54:00+00:00,33,2,10924,253.39,253.4,253.3,253.3,37,MSTR
2025-11-05 12:55:00+00:00,33,2,10924,253.2,253.33,253.2,253.3,633,MSTR
2025-11-05 12:56:00+00:00,33,2,10924,253.25,253.3,253.2,253.3,348,MSTR
2025-11-05 12:57:00+00:00,33,2,10924,253.3,253.4,253.2,253.31,474,MSTR
2025-11-05 12:58:00+00:00,33,2,10924,253.38,253.4,253.38,253.4,88,MSTR
2025-11-05 12:59:00+00:00,33,2,10924,253.27,253.46,253.24,253.46,374,MSTR
2025-11-05 13:00:00+00:00,33,2,10924,253.1,253.3,253.1,253.28,84,MSTR
2025-11-05 13:01:00+00:00,33,2,10924,253.25,253.25,253.25,253.25,30,MSTR
2025-11-05 13:02:00+00:00,33,2,10924,253.39,253.39,253.3,253.3,70,MSTR
2025-11-05 13:03:00+00:00,33,2,10924,253.25,253.25,253.13,253.21,135,MSTR
2025-11-05 13:04:00+00:00,33,2,10924,253.21,253.21,253.19,253.19,24,MSTR
2025-11-05 13:05:00+00:00,33,2,10924,253.14,253.17,253.03,253.04,24,MSTR
2025-11-05 13:06:00+00:00,33,2,10924,253.18,253.18,252.9,253.03,170,MSTR
2025-11-05 13:07:00+00:00,33,2,10924,253.13,253.13,253.13,253.13,30,MSTR
2025-11-05 13:08:00+00:00,33,2,10924,252.86,252.97,252.85,252.85,46,MSTR
2025-11-05 13:09:00+00:00,33,2,10924,253.07,253.17,253.07,253.17,70,MSTR
2025-11-05 13:10:00+00:00,33,2,10924,253.03,253.03,252.87,252.87,24,MSTR
2025-11-05 13:11:00+00:00,33,2,10924,252.77,252.77,252.75,252.75,28,MSTR
2025-11-05 13:12:00+00:00,33,2,10924,252.71,252.77,252.7,252.77,123,MSTR
2025-11-05 13:13:00+00:00,33,2,10924,252.78,252.84,252.78,252.84,160,MSTR
2025-11-05 13:14:00+00:00,33,2,10924,252.91,253.0,252.84,252.86,264,MSTR
2025-11-05 13:15:00+00:00,33,2,10924,253.0,253.0,252.93,252.93,59,MSTR
2025-11-05 13:16:00+00:00,33,2,10924,252.7,252.78,252.67,252.68,285,MSTR
2025-11-05 13:17:00+00:00,33,2,10924,252.74,252.81,252.66,252.81,450,MSTR
2025-11-05 13:18:00+00:00,33,2,10924,252.81,252.89,252.74,252.89,145,MSTR
2025-11-05 13:19:00+00:00,33,2,10924,252.7,252.74,252.58,252.72,179,MSTR
2025-11-05 13:20:00+00:00,33,2,10924,252.76,252.76,252.68,252.69,65,MSTR
2025-11-05 13:21:00+00:00,33,2,10924,252.57,252.73,252.38,252.73,563,MSTR
2025-11-05 13:22:00+00:00,33,2,10924,252.8,253.21,252.8,253.21,319,MSTR
2025-11-05 13:23:00+00:00,33,2,10924,253.32,253.41,253.3,253.3,355,MSTR
2025-11-05 13:24:00+00:00,33,2,10924,253.3,253.3,253.2,253.2,356,MSTR
2025-11-05 13:25:00+00:00,33,2,10924,253.05,253.05,252.99,252.99,317,MSTR
2025-11-05 13:26:00+00:00,33,2,10924,252.91,252.91,252.91,252.91,1,MSTR
2025-11-05 13:27:00+00:00,33,2,10924,252.99,253.0,252.99,253.0,622,MSTR
2025-11-05 13:28:00+00:00,33,2,10924,253.0,253.3,253.0,253.3,4361,MSTR
2025-11-05 13:29:00+00:00,33,2,10924,253.3,253.33,253.12,253.33,157,MSTR
2025-11-05 13:30:00+00:00,33,2,10924,253.15,253.15,253.02,253.02,82,MSTR
2025-11-05 13:31:00+00:00,33,2,10924,253.11,253.14,252.86,253.0,318,MSTR
2025-11-05 13:32:00+00:00,33,2,10924,253.0,253.0,253.0,253.0,110,MSTR
2025-11-05 13:33:00+00:00,33,2,10924,252.87,252.87,252.87,252.87,100,MSTR
2025-11-05 13:34:00+00:00,33,2,10924,252.75,252.79,252.75,252.79,151,MSTR
2025-11-05 13:35:00+00:00,33,2,10924,252.8,252.8,252.8,252.8,19,MSTR
2025-11-05 13:36:00+00:00,33,2,10924,252.83,252.83,252.52,252.52,293,MSTR
2025-11-05 13:37:00+00:00,33,2,10924,252.77,253.0,252.77,253.0,152,MSTR
2025-11-05 13:38:00+00:00,33,2,10924,253.05,253.4,253.05,253.3,422,MSTR
2025-11-05 13:39:00+00:00,33,2,10924,253.39,253.4,253.15,253.15,664,MSTR
2025-11-05 13:40:00+00:00,33,2,10924,253.2,253.2,253.05,253.05,298,MSTR
2025-11-05 13:41:00+00:00,33,2,10924,253.05,253.2,252.78,252.94,1706,MSTR
2025-11-05 13:42:00+00:00,33,2,10924,252.94,253.03,252.8,252.96,758,MSTR
2025-11-05 13:43:00+00:00,33,2,10924,253.03,253.2,252.74,252.74,486,MSTR
2025-11-05 13:44:00+00:00,33,2,10924,252.83,253.19,252.79,252.96,840,MSTR
2025-11-05 13:45:00+00:00,33,2,10924,252.7,252.79,252.34,252.34,352,MSTR
2025-11-05 13:46:00+00:00,33,2,10924,252.41,252.48,252.28,252.34,264,MSTR
2025-11-05 13:47:00+00:00,33,2,10924,252.3,252.33,252.1,252.2,517,MSTR
2025-11-05 13:48:00+00:00,33,2,10924,252.13,252.7,252.1,252.7,750,MSTR
2025-11-05 13:49:00+00:00,33,2,10924,252.7,252.82,252.7,252.82,568,MSTR
2025-11-05 13:50:00+00:00,33,2,10924,252.73,252.8,252.57,252.64,1317,MSTR
2025-11-05 13:51:00+00:00,33,2,10924,252.63,252.83,252.61,252.77,809,MSTR
2025-11-05 13:52:00+00:00,33,2,10924,252.77,252.86,252.62,252.86,467,MSTR
2025-11-05 13:53:00+00:00,33,2,10924,252.86,252.88,252.63,252.71,2022,MSTR
2025-11-05 13:54:00+00:00,33,2,10924,252.83,253.0,252.83,252.88,394,MSTR
2025-11-05 13:55:00+00:00,33,2,10924,252.8,252.89,252.71,252.89,437,MSTR
2025-11-05 13:56:00+00:00,33,2,10924,252.81,252.94,252.79,252.79,442,MSTR
2025-11-05 13:57:00+00:00,33,2,10924,252.65,252.75,252.59,252.64,98,MSTR
2025-11-05 13:58:00+00:00,33,2,10924,252.69,252.91,252.69,252.91,244,MSTR
2025-11-05 14:00:00+00:00,33,2,10924,252.92,252.93,252.64,252.72,522,MSTR
2025-11-05 14:01:00+00:00,33,2,10924,252.6,252.77,252.55,252.77,197,MSTR
2025-11-05 14:02:00+00:00,33,2,10924,252.7,252.73,252.57,252.57,187,MSTR
2025-11-05 14:03:00+00:00,33,2,10924,252.69,252.73,252.59,252.59,626,MSTR
2025-11-05 14:04:00+00:00,33,2,10924,252.7,252.7,252.19,252.45,2371,MSTR
2025-11-05 14:05:00+00:00,33,2,10924,252.49,252.49,252.21,252.34,1301,MSTR
2025-11-05 14:06:00+00:00,33,2,10924,252.31,252.34,252.24,252.34,10,MSTR
2025-11-05 14:07:00+00:00,33,2,10924,252.34,252.38,252.31,252.38,12,MSTR
2025-11-05 14:08:00+00:00,33,2,10924,252.47,252.47,252.2,252.33,135,MSTR
2025-11-05 14:09:00+00:00,33,2,10924,252.37,252.76,252.37,252.62,217,MSTR
2025-11-05 14:10:00+00:00,33,2,10924,252.62,252.68,252.48,252.48,426,MSTR
2025-11-05 14:11:00+00:00,33,2,10924,252.57,252.71,252.57,252.71,126,MSTR
2025-11-05 14:12:00+00:00,33,2,10924,252.63,252.63,252.55,252.55,53,MSTR
2025-11-05 14:13:00+00:00,33,2,10924,252.65,252.73,252.58,252.66,38,MSTR
2025-11-05 14:14:00+00:00,33,2,10924,252.67,252.68,252.17,252.24,705,MSTR
2025-11-05 14:15:00+00:00,33,2,10924,252.17,252.17,252.0,252.15,390,MSTR
2025-11-05 14:16:00+00:00,33,2,10924,252.33,252.33,252.26,252.26,11,MSTR
2025-11-05 14:18:00+00:00,33,2,10924,252.32,252.5,252.26,252.32,123,MSTR
2025-11-05 14:19:00+00:00,33,2,10924,252.29,252.36,252.25,252.25,120,MSTR
2025-11-05 14:20:00+00:00,33,2,10924,252.33,252.56,252.33,252.56,357,MSTR
2025-11-05 14:21:00+00:00,33,2,10924,252.38,252.72,252.38,252.46,427,MSTR
2025-11-05 14:22:00+00:00,33,2,10924,252.7,252.7,252.6,252.6,22,MSTR
2025-11-05 14:23:00+00:00,33,2,10924,252.68,252.68,252.3,252.3,153,MSTR
2025-11-05 14:24:00+00:00,33,2,10924,252.25,252.32,252.12,252.25,154,MSTR
2025-11-05 14:25:00+00:00,33,2,10924,252.11,252.11,251.35,251.35,642,MSTR
2025-11-05 14:26:00+00:00,33,2,10924,251.39,251.58,251.25,251.46,1876,MSTR
2025-11-05 14:27:00+00:00,33,2,10924,251.3,251.5,250.1,250.27,2861,MSTR
2025-11-05 14:28:00+00:00,33,2,10924,250.15,250.26,249.33,250.16,4452,MSTR
2025-11-05 14:29:00+00:00,33,2,10924,250.16,250.34,249.9,249.9,2171,MSTR
2025-11-05 14:30:00+00:00,33,2,10924,249.99,251.35,249.72,251.28,107624,MSTR
2025-11-05 14:31:00+00:00,33,2,10924,251.35,251.5,249.4,249.58,13953,MSTR
2025-11-05 14:32:00+00:00,33,2,10924,249.6,250.5,249.495,249.83,6135,MSTR
2025-11-05 14:33:00+00:00,33,2,10924,249.75,250.49,249.5,249.93,8623,MSTR
2025-11-05 14:34:00+00:00,33,2,10924,249.94,250.27,248.66,248.68,17594,MSTR
2025-11-05 14:35:00+00:00,33,2,10924,248.71,250.0,248.63,249.4,9860,MSTR
2025-11-05 14:36:00+00:00,33,2,10924,249.555,249.61,248.03,248.54,17295,MSTR
2025-11-05 14:37:00+00:00,33,2,10924,248.61,249.92,248.47,249.9,3801,MSTR
2025-11-05 14:38:00+00:00,33,2,10924,249.9,250.35,249.09,249.17,8036,MSTR
2025-11-05 14:39:00+00:00,33,2,10924,249.49,250.03,249.28,249.68,10649,MSTR
2025-11-05 14:40:00+00:00,33,2,10924,249.77,250.0,249.24,249.89,5303,MSTR
2025-11-05 14:41:00+00:00,33,2,10924,249.9,249.9,247.83,248.33,14416,MSTR
2025-11-05 14:42:00+00:00,33,2,10924,248.2,248.69,248.09,248.62,7691,MSTR
2025-11-05 14:43:00+00:00,33,2,10924,248.65,249.37,248.6,248.66,2294,MSTR
2025-11-05 14:44:00+00:00,33,2,10924,248.79,248.87,247.735,247.82,4110,MSTR
2025-11-05 14:45:00+00:00,33,2,10924,247.85,248.6,247.4,248.49,6259,MSTR
2025-11-05 14:46:00+00:00,33,2,10924,248.43,248.69,247.8,248.55,4234,MSTR
2025-11-05 14:47:00+00:00,33,2,10924,248.49,249.25,248.0,248.8,8824,MSTR
2025-11-05 14:48:00+00:00,33,2,10924,248.91,249.74,248.75,249.2,4455,MSTR
2025-11-05 14:49:00+00:00,33,2,10924,249.31,250.11,249.28,249.87,6119,MSTR
2025-11-05 14:50:00+00:00,33,2,10924,249.83,250.87,249.7,250.42,8726,MSTR
2025-11-05 14:51:00+00:00,33,2,10924,250.51,250.86,250.42,250.57,10779,MSTR
2025-11-05 14:52:00+00:00,33,2,10924,250.54,251.0,250.37,250.85,4729,MSTR
2025-11-05 14:53:00+00:00,33,2,10924,250.85,251.8,250.7,251.76,6856,MSTR
2025-11-05 14:54:00+00:00,33,2,10924,251.75,251.88,251.5,251.5,10785,MSTR
2025-11-05 14:55:00+00:00,33,2,10924,251.5,251.85,251.38,251.39,5699,MSTR
2025-11-05 14:56:00+00:00,33,2,10924,251.39,251.55,250.65,250.92,8678,MSTR
2025-11-05 14:57:00+00:00,33,2,10924,251.1,251.27,250.47,250.71,2658,MSTR
2025-11-05 14:58:00+00:00,33,2,10924,250.75,250.75,250.04,250.05,2067,MSTR
2025-11-05 14:59:00+00:00,33,2,10924,250.18,250.7,250.17,250.55,3962,MSTR
2025-11-05 15:00:00+00:00,33,2,10924,250.35,250.38,248.72,248.945,5754,MSTR
2025-11-05 15:01:00+00:00,33,2,10924,248.95,249.38,248.18,248.67,15547,MSTR
2025-11-05 15:02:00+00:00,33,2,10924,248.72,249.13,247.915,248.19,11952,MSTR
2025-11-05 15:03:00+00:00,33,2,10924,248.23,248.66,248.0,248.64,4268,MSTR
2025-11-05 15:04:00+00:00,33,2,10924,248.57,248.58,248.0,248.02,3333,MSTR
2025-11-05 15:05:00+00:00,33,2,10924,247.98,248.92,247.8,248.61,3822,MSTR
2025-11-05 15:06:00+00:00,33,2,10924,248.62,249.53,248.5,249.13,8346,MSTR
2025-11-05 15:07:00+00:00,33,2,10924,249.1,249.3,248.75,249.295,2710,MSTR
2025-11-05 15:08:00+00:00,33,2,10924,249.45,250.23,249.45,250.23,33971,MSTR
2025-11-05 15:09:00+00:00,33,2,10924,250.17,250.31,249.63,250.14,2658,MSTR
2025-11-05 15:10:00+00:00,33,2,10924,250.14,250.33,249.8,249.99,2873,MSTR
2025-11-05 15:11:00+00:00,33,2,10924,249.98,250.35,249.54,250.35,1899,MSTR
2025-11-05 15:12:00+00:00,33,2,10924,250.35,250.55,249.935,250.46,2780,MSTR
2025-11-05 15:13:00+00:00,33,2,10924,250.4,250.65,250.15,250.26,2096,MSTR
2025-11-05 15:14:00+00:00,33,2,10924,250.175,250.175,249.59,249.79,1694,MSTR
2025-11-05 15:15:00+00:00,33,2,10924,249.6,250.2,249.47,250.13,2823,MSTR
2025-11-05 15:16:00+00:00,33,2,10924,250.23,250.48,249.04,249.21,9646,MSTR
2025-11-05 15:17:00+00:00,33,2,10924,249.18,249.87,249.18,249.725,2223,MSTR
2025-11-05 15:18:00+00:00,33,2,10924,249.47,250.41,249.41,250.41,2586,MSTR
2025-11-05 15:19:00+00:00,33,2,10924,250.33,250.43,250.08,250.27,1819,MSTR
2025-11-05 15:20:00+00:00,33,2,10924,250.15,250.3,249.87,250.03,2152,MSTR
2025-11-05 15:21:00+00:00,33,2,10924,250.11,250.29,249.75,249.865,6684,MSTR
2025-11-05 15:22:00+00:00,33,2,10924,249.92,251.29,249.87,251.21,13335,MSTR
2025-11-05 15:23:00+00:00,33,2,10924,251.195,252.52,251.15,252.35,11889,MSTR
2025-11-05 15:24:00+00:00,33,2,10924,252.34,252.68,252.31,252.48,7412,MSTR
2025-11-05 15:25:00+00:00,33,2,10924,252.505,252.7,251.92,251.94,3703,MSTR
2025-11-05 15:26:00+00:00,33,2,10924,251.92,252.61,251.88,252.51,3516,MSTR
2025-11-05 15:27:00+00:00,33,2,10924,252.5,252.8,252.41,252.47,3744,MSTR
2025-11-05 15:28:00+00:00,33,2,10924,252.39,252.54,252.16,252.4,2229,MSTR
2025-11-05 15:29:00+00:00,33,2,10924,252.41,252.6,252.22,252.3,1822,MSTR
2025-11-05 15:30:00+00:00,33,2,10924,252.2,252.91,252.04,252.25,4293,MSTR
2025-11-05 15:31:00+00:00,33,2,10924,252.39,252.69,251.61,251.83,2613,MSTR
2025-11-05 15:32:00+00:00,33,2,10924,251.9,252.295,251.64,251.81,1758,MSTR
2025-11-05 15:33:00+00:00,33,2,10924,251.87,252.35,251.785,252.12,9404,MSTR
2025-11-05 15:34:00+00:00,33,2,10924,252.12,252.55,252.02,252.24,1878,MSTR
2025-11-05 15:35:00+00:00,33,2,10924,252.22,252.55,251.93,252.55,1743,MSTR
2025-11-05 15:36:00+00:00,33,2,10924,252.44,252.45,252.11,252.37,2532,MSTR
2025-11-05 15:37:00+00:00,33,2,10924,252.27,252.27,252.0,252.105,2135,MSTR
2025-11-05 15:38:00+00:00,33,2,10924,252.02,252.365,251.91,251.98,2486,MSTR
2025-11-05 15:39:00+00:00,33,2,10924,252.03,252.16,251.88,252.13,1049,MSTR
2025-11-05 15:40:00+00:00,33,2,10924,252.18,252.61,252.02,252.47,2063,MSTR
2025-11-05 15:41:00+00:00,33,2,10924,252.4,253.2,252.04,252.04,3547,MSTR
2025-11-05 15:42:00+00:00,33,2,10924,252.0,252.42,251.75,252.42,3060,MSTR
2025-11-05 15:43:00+00:00,33,2,10924,252.42,252.49,252.03,252.07,868,MSTR
2025-11-05 15:44:00+00:00,33,2,10924,252.04,252.04,251.32,251.32,4494,MSTR
2025-11-05 15:45:00+00:00,33,2,10924,251.41,251.73,251.02,251.02,4042,MSTR
2025-11-05 15:46:00+00:00,33,2,10924,251.02,251.65,251.02,251.51,1444,MSTR
2025-11-05 15:47:00+00:00,33,2,10924,251.42,251.58,251.26,251.32,4036,MSTR
2025-11-05 15:48:00+00:00,33,2,10924,251.2,251.3,251.0,251.19,2037,MSTR
2025-11-05 15:49:00+00:00,33,2,10924,251.27,251.38,251.085,251.18,2258,MSTR
2025-11-05 15:50:00+00:00,33,2,10924,251.17,251.22,250.68,251.22,3035,MSTR
2025-11-05 15:51:00+00:00,33,2,10924,251.05,251.67,251.0,251.67,1051,MSTR
2025-11-05 15:52:00+00:00,33,2,10924,251.5,251.5,250.86,250.86,1549,MSTR
2025-11-05 15:53:00+00:00,33,2,10924,251.0,251.15,250.995,251.03,1976,MSTR
2025-11-05 15:54:00+00:00,33,2,10924,250.98,251.17,250.75,250.77,2659,MSTR
2025-11-05 15:55:00+00:00,33,2,10924,250.71,250.9,250.35,250.5,2789,MSTR
2025-11-05 15:56:00+00:00,33,2,10924,250.45,250.59,250.2,250.54,3954,MSTR
2025-11-05 15:57:00+00:00,33,2,10924,250.54,250.98,250.54,250.88,4413,MSTR
2025-11-05 15:58:00+00:00,33,2,10924,250.89,251.45,250.89,251.45,3223,MSTR
2025-11-05 15:59:00+00:00,33,2,10924,251.48,251.48,251.14,251.31,3530,MSTR
2025-11-05 16:00:00+00:00,33,2,10924,251.37,251.41,250.84,250.84,2855,MSTR
2025-11-05 16:01:00+00:00,33,2,10924,250.87,251.54,250.87,251.345,3129,MSTR
2025-11-05 16:02:00+00:00,33,2,10924,251.44,251.48,251.18,251.41,1408,MSTR
2025-11-05 16:03:00+00:00,33,2,10924,251.5,251.55,250.49,250.92,2158,MSTR
2025-11-05 16:04:00+00:00,33,2,10924,250.95,251.23,250.83,251.2,2720,MSTR
2025-11-05 16:05:00+00:00,33,2,10924,251.19,251.31,251.015,251.1,2153,MSTR
2025-11-05 16:06:00+00:00,33,2,10924,251.1,251.37,250.67,250.85,3225,MSTR
2025-11-05 16:07:00+00:00,33,2,10924,250.82,250.92,250.3,250.3,3678,MSTR
2025-11-05 16:08:00+00:00,33,2,10924,250.28,250.44,249.6,249.65,3684,MSTR
2025-11-05 16:09:00+00:00,33,2,10924,249.71,249.94,249.28,249.94,2826,MSTR
2025-11-05 16:10:00+00:00,33,2,10924,249.95,250.005,249.09,249.09,1599,MSTR
2025-11-05 16:11:00+00:00,33,2,10924,249.21,249.21,248.84,249.08,5149,MSTR
2025-11-05 16:12:00+00:00,33,2,10924,249.07,249.19,248.69,249.14,3456,MSTR
2025-11-05 16:13:00+00:00,33,2,10924,249.04,249.09,248.69,248.93,1781,MSTR
2025-11-05 16:14:00+00:00,33,2,10924,248.76,248.95,248.41,248.52,1867,MSTR
2025-11-05 16:15:00+00:00,33,2,10924,248.51,248.87,248.51,248.72,1247,MSTR
2025-11-05 16:16:00+00:00,33,2,10924,248.57,248.57,248.11,248.36,2239,MSTR
2025-11-05 16:17:00+00:00,33,2,10924,248.2,248.21,247.83,247.875,5342,MSTR
2025-11-05 16:18:00+00:00,33,2,10924,247.85,247.95,247.5,247.92,13370,MSTR
2025-11-05 16:19:00+00:00,33,2,10924,247.95,248.16,247.9,248.01,2349,MSTR
2025-11-05 16:20:00+00:00,33,2,10924,247.99,247.99,247.43,247.54,1664,MSTR
2025-11-05 16:21:00+00:00,33,2,10924,247.56,247.67,247.36,247.67,4990,MSTR
2025-11-05 16:22:00+00:00,33,2,10924,247.72,247.92,247.5,247.66,1272,MSTR
2025-11-05 16:23:00+00:00,33,2,10924,247.7,247.81,247.39,247.5,1899,MSTR
2025-11-05 16:24:00+00:00,33,2,10924,247.51,247.63,247.45,247.63,4011,MSTR
2025-11-05 16:25:00+00:00,33,2,10924,247.55,247.55,247.06,247.06,8654,MSTR
2025-11-05 16:26:00+00:00,33,2,10924,247.17,247.51,247.06,247.48,24436,MSTR
2025-11-05 16:27:00+00:00,33,2,10924,247.51,247.6,247.19,247.6,4638,MSTR
2025-11-05 16:28:00+00:00,33,2,10924,247.62,247.75,247.46,247.47,2608,MSTR
2025-11-05 16:29:00+00:00,33,2,10924,247.46,248.26,247.46,248.16,5018,MSTR
2025-11-05 16:30:00+00:00,33,2,10924,248.16,248.26,247.73,247.91,3008,MSTR
2025-11-05 16:31:00+00:00,33,2,10924,247.98,248.03,247.8,247.985,1380,MSTR
2025-11-05 16:32:00+00:00,33,2,10924,248.0,248.23,247.78,247.99,3982,MSTR
2025-11-05 16:33:00+00:00,33,2,10924,247.99,248.83,247.99,248.81,5848,MSTR
2025-11-05 16:34:00+00:00,33,2,10924,248.8,248.81,248.41,248.56,2705,MSTR
2025-11-05 16:35:00+00:00,33,2,10924,248.53,248.53,247.8,247.8,5320,MSTR
2025-11-05 16:36:00+00:00,33,2,10924,248.0,248.61,247.92,248.595,2077,MSTR
2025-11-05 16:37:00+00:00,33,2,10924,248.66,249.13,248.65,249.09,3114,MSTR
2025-11-05 16:38:00+00:00,33,2,10924,249.09,249.28,248.98,249.22,1448,MSTR
2025-11-05 16:39:00+00:00,33,2,10924,249.21,249.75,249.07,249.51,1827,MSTR
2025-11-05 16:40:00+00:00,33,2,10924,249.49,249.49,249.12,249.16,642,MSTR
2025-11-05 16:41:00+00:00,33,2,10924,249.09,249.25,248.8,248.805,1048,MSTR
2025-11-05 16:42:00+00:00,33,2,10924,248.9,249.31,248.9,249.28,839,MSTR
2025-11-05 16:43:00+00:00,33,2,10924,249.24,249.55,249.23,249.39,3024,MSTR
2025-11-05 16:44:00+00:00,33,2,10924,249.44,249.8,249.44,249.55,1636,MSTR
2025-11-05 16:45:00+00:00,33,2,10924,249.55,249.63,249.23,249.54,2518,MSTR
2025-11-05 16:46:00+00:00,33,2,10924,249.55,249.85,249.47,249.85,878,MSTR
2025-11-05 16:47:00+00:00,33,2,10924,249.84,250.15,249.755,249.96,1671,MSTR
2025-11-05 16:48:00+00:00,33,2,10924,249.96,250.85,249.96,250.8,2071,MSTR
2025-11-05 16:49:00+00:00,33,2,10924,250.78,250.84,250.58,250.84,1164,MSTR
2025-11-05 16:50:00+00:00,33,2,10924,250.83,251.3,250.77,251.3,2353,MSTR
2025-11-05 16:51:00+00:00,33,2,10924,251.33,251.44,251.17,251.3,621,MSTR
2025-11-05 16:52:00+00:00,33,2,10924,251.35,251.72,251.34,251.6,1631,MSTR
2025-11-05 16:53:00+00:00,33,2,10924,251.66,252.08,251.54,252.08,4013,MSTR
2025-11-05 16:54:00+00:00,33,2,10924,252.07,252.11,251.78,251.88,584,MSTR
2025-11-05 16:55:00+00:00,33,2,10924,251.88,252.06,251.7,251.73,998,MSTR
2025-11-05 16:56:00+00:00,33,2,10924,251.74,251.84,251.59,251.62,533,MSTR
2025-11-05 16:57:00+00:00,33,2,10924,251.6,251.635,251.36,251.41,1557,MSTR
2025-11-05 16:58:00+00:00,33,2,10924,251.29,251.38,251.17,251.38,594,MSTR
2025-11-05 16:59:00+00:00,33,2,10924,251.39,251.64,251.39,251.4,1800,MSTR
2025-11-05 17:00:00+00:00,33,2,10924,251.49,251.49,250.855,250.915,1873,MSTR
2025-11-05 17:01:00+00:00,33,2,10924,250.94,251.43,250.94,251.34,1098,MSTR
2025-11-05 17:02:00+00:00,33,2,10924,251.38,251.54,251.2,251.2,881,MSTR
2025-11-05 17:03:00+00:00,33,2,10924,251.12,251.12,250.71,250.81,3735,MSTR
2025-11-05 17:04:00+00:00,33,2,10924,250.76,250.76,250.18,250.2,4226,MSTR
2025-11-05 17:05:00+00:00,33,2,10924,250.28,250.43,250.0,250.0,3295,MSTR
2025-11-05 17:06:00+00:00,33,2,10924,249.98,249.98,249.35,249.55,5256,MSTR
2025-11-05 17:07:00+00:00,33,2,10924,249.48,249.48,249.0,249.0,1868,MSTR
2025-11-05 17:08:00+00:00,33,2,10924,249.0,249.0,248.34,248.48,2791,MSTR
2025-11-05 17:09:00+00:00,33,2,10924,248.44,249.0,248.4,248.92,1840,MSTR
2025-11-05 17:10:00+00:00,33,2,10924,248.875,249.28,248.66,249.07,1635,MSTR
2025-11-05 17:11:00+00:00,33,2,10924,249.03,249.41,248.95,249.41,1138,MSTR
2025-11-05 17:12:00+00:00,33,2,10924,249.44,250.05,249.37,250.05,4058,MSTR
2025-11-05 17:13:00+00:00,33,2,10924,249.99,250.3,249.92,250.24,4125,MSTR
2025-11-05 17:14:00+00:00,33,2,10924,250.18,250.18,249.765,249.91,3076,MSTR
2025-11-05 17:15:00+00:00,33,2,10924,249.99,250.06,249.82,250.06,1396,MSTR
2025-11-05 17:16:00+00:00,33,2,10924,250.11,250.25,250.0,250.0,1401,MSTR
2025-11-05 17:17:00+00:00,33,2,10924,250.035,250.49,250.035,250.26,1549,MSTR
2025-11-05 17:18:00+00:00,33,2,10924,250.13,250.17,249.985,250.17,981,MSTR
2025-11-05 17:19:00+00:00,33,2,10924,250.26,250.62,250.26,250.53,1227,MSTR
2025-11-05 17:20:00+00:00,33,2,10924,250.57,250.67,250.44,250.65,593,MSTR
2025-11-05 17:21:00+00:00,33,2,10924,250.46,250.55,250.29,250.38,751,MSTR
2025-11-05 17:22:00+00:00,33,2,10924,250.27,250.52,250.18,250.485,640,MSTR
2025-11-05 17:23:00+00:00,33,2,10924,250.42,250.42,250.11,250.18,608,MSTR
2025-11-05 17:24:00+00:00,33,2,10924,250.01,250.03,249.65,249.67,1150,MSTR
2025-11-05 17:25:00+00:00,33,2,10924,249.62,249.71,249.3,249.52,1476,MSTR
2025-11-05 17:26:00+00:00,33,2,10924,249.55,249.72,249.55,249.68,359,MSTR
2025-11-05 17:27:00+00:00,33,2,10924,249.64,249.83,249.62,249.81,687,MSTR
2025-11-05 17:28:00+00:00,33,2,10924,249.86,250.125,249.85,250.125,1598,MSTR
2025-11-05 17:29:00+00:00,33,2,10924,250.09,250.13,249.83,249.83,976,MSTR
2025-11-05 17:30:00+00:00,33,2,10924,249.81,250.16,249.75,250.16,633,MSTR
2025-11-05 17:31:00+00:00,33,2,10924,250.09,250.22,250.07,250.115,406,MSTR
2025-11-05 17:32:00+00:00,33,2,10924,250.04,250.04,249.75,249.775,751,MSTR
2025-11-05 17:33:00+00:00,33,2,10924,249.8,250.27,249.8,249.89,1041,MSTR
2025-11-05 17:34:00+00:00,33,2,10924,249.86,250.3,249.835,250.3,1186,MSTR
2025-11-05 17:35:00+00:00,33,2,10924,250.26,250.6,250.26,250.41,1077,MSTR
2025-11-05 17:36:00+00:00,33,2,10924,250.3,250.43,250.17,250.43,361,MSTR
2025-11-05 17:37:00+00:00,33,2,10924,250.48,250.53,250.45,250.53,870,MSTR
2025-11-05 17:38:00+00:00,33,2,10924,250.54,250.6,250.45,250.54,346,MSTR
2025-11-05 17:39:00+00:00,33,2,10924,250.52,250.52,250.43,250.45,512,MSTR
2025-11-05 17:40:00+00:00,33,2,10924,250.415,250.44,250.16,250.21,842,MSTR
2025-11-05 17:41:00+00:00,33,2,10924,250.3,250.37,250.12,250.35,651,MSTR
2025-11-05 17:42:00+00:00,33,2,10924,250.35,250.39,250.26,250.34,1007,MSTR
2025-11-05 17:43:00+00:00,33,2,10924,250.355,250.52,250.3,250.31,688,MSTR
2025-11-05 17:44:00+00:00,33,2,10924,250.37,250.43,250.3,250.39,974,MSTR
2025-11-05 17:45:00+00:00,33,2,10924,250.39,250.46,249.94,250.18,1966,MSTR
2025-11-05 17:46:00+00:00,33,2,10924,250.19,250.2,249.89,249.89,1451,MSTR
2025-11-05 17:47:00+00:00,33,2,10924,249.92,250.13,249.78,250.04,1529,MSTR
2025-11-05 17:48:00+00:00,33,2,10924,250.015,250.015,249.57,249.635,5169,MSTR
2025-11-05 17:49:00+00:00,33,2,10924,249.61,249.72,249.58,249.69,6985,MSTR
2025-11-05 17:50:00+00:00,33,2,10924,249.65,249.73,249.56,249.61,2048,MSTR
2025-11-05 17:51:00+00:00,33,2,10924,249.58,249.65,249.31,249.31,2587,MSTR
2025-11-05 17:52:00+00:00,33,2,10924,249.315,249.62,249.3,249.54,2201,MSTR
2025-11-05 17:53:00+00:00,33,2,10924,249.57,249.71,249.46,249.64,793,MSTR
2025-11-05 17:54:00+00:00,33,2,10924,249.625,249.73,249.38,249.63,546,MSTR
2025-11-05 17:55:00+00:00,33,2,10924,249.69,250.09,249.66,250.09,1376,MSTR
2025-11-05 17:56:00+00:00,33,2,10924,250.03,250.03,249.8,249.88,870,MSTR
2025-11-05 17:57:00+00:00,33,2,10924,249.92,250.32,249.92,250.32,1825,MSTR
2025-11-05 17:58:00+00:00,33,2,10924,250.27,250.43,250.27,250.28,1603,MSTR
2025-11-05 17:59:00+00:00,33,2,10924,250.34,250.56,250.3,250.4,3652,MSTR
2025-11-05 18:00:00+00:00,33,2,10924,250.39,250.42,249.86,249.95,1410,MSTR
2025-11-05 18:01:00+00:00,33,2,10924,249.95,250.25,249.95,250.19,1115,MSTR
2025-11-05 18:02:00+00:00,33,2,10924,250.11,250.18,249.98,250.12,1414,MSTR
2025-11-05 18:03:00+00:00,33,2,10924,250.16,250.19,249.71,249.8,816,MSTR
2025-11-05 18:04:00+00:00,33,2,10924,249.86,250.27,249.86,250.23,1067,MSTR
2025-11-05 18:05:00+00:00,33,2,10924,250.25,250.25,249.95,250.1,477,MSTR
2025-11-05 18:06:00+00:00,33,2,10924,250.19,250.22,249.97,250.09,862,MSTR
2025-11-05 18:07:00+00:00,33,2,10924,250.03,250.5,250.02,250.28,1902,MSTR
2025-11-05 18:08:00+00:00,33,2,10924,250.13,250.175,249.99,250.02,347,MSTR
2025-11-05 18:09:00+00:00,33,2,10924,250.1,250.1,249.76,249.81,428,MSTR
2025-11-05 18:10:00+00:00,33,2,10924,249.92,250.07,249.81,249.98,1136,MSTR
2025-11-05 18:11:00+00:00,33,2,10924,249.85,250.04,249.84,249.92,552,MSTR
2025-11-05 18:12:00+00:00,33,2,10924,249.92,249.92,249.55,249.78,1138,MSTR
2025-11-05 18:13:00+00:00,33,2,10924,249.83,249.98,249.81,249.98,367,MSTR
2025-11-05 18:14:00+00:00,33,2,10924,250.06,250.08,249.92,250.01,158,MSTR
2025-11-05 18:15:00+00:00,33,2,10924,250.06,250.18,249.95,249.965,500,MSTR
2025-11-05 18:16:00+00:00,33,2,10924,250.05,250.12,249.92,250.03,1465,MSTR
2025-11-05 18:17:00+00:00,33,2,10924,249.93,250.01,249.8,249.8,679,MSTR
2025-11-05 18:18:00+00:00,33,2,10924,249.85,250.03,249.85,250.025,330,MSTR
2025-11-05 18:19:00+00:00,33,2,10924,250.02,250.28,249.82,249.88,687,MSTR
2025-11-05 18:20:00+00:00,33,2,10924,249.82,249.82,249.59,249.59,469,MSTR
2025-11-05 18:21:00+00:00,33,2,10924,249.53,249.62,249.38,249.61,1803,MSTR
2025-11-05 18:22:00+00:00,33,2,10924,249.69,249.73,249.26,249.26,665,MSTR
2025-11-05 18:23:00+00:00,33,2,10924,249.295,249.64,249.2,249.2,1296,MSTR
2025-11-05 18:24:00+00:00,33,2,10924,249.26,249.35,249.1,249.25,1049,MSTR
2025-11-05 18:25:00+00:00,33,2,10924,249.25,249.25,249.03,249.18,803,MSTR
2025-11-05 18:26:00+00:00,33,2,10924,249.19,249.39,249.16,249.35,1311,MSTR
2025-11-05 18:27:00+00:00,33,2,10924,249.31,249.43,249.1,249.22,1698,MSTR
2025-11-05 18:28:00+00:00,33,2,10924,249.29,249.53,249.29,249.53,737,MSTR
2025-11-05 18:29:00+00:00,33,2,10924,249.5,249.54,249.35,249.54,997,MSTR
2025-11-05 18:30:00+00:00,33,2,10924,249.51,249.74,249.49,249.635,1188,MSTR
2025-11-05 18:31:00+00:00,33,2,10924,249.6,250.0,249.6,249.94,733,MSTR
2025-11-05 18:32:00+00:00,33,2,10924,249.94,250.14,249.9,249.92,456,MSTR
2025-11-05 18:33:00+00:00,33,2,10924,249.99,250.2,249.97,250.16,731,MSTR
2025-11-05 18:34:00+00:00,33,2,10924,250.16,250.26,249.86,249.99,358,MSTR
2025-11-05 18:35:00+00:00,33,2,10924,249.94,250.23,249.87,250.23,667,MSTR
2025-11-05 18:36:00+00:00,33,2,10924,250.16,250.95,250.16,250.95,4657,MSTR
2025-11-05 18:37:00+00:00,33,2,10924,250.85,250.9,250.68,250.68,1157,MSTR
2025-11-05 18:38:00+00:00,33,2,10924,250.78,251.2,250.74,251.2,1153,MSTR
2025-11-05 18:39:00+00:00,33,2,10924,251.2,251.2,250.97,251.17,2141,MSTR
2025-11-05 18:40:00+00:00,33,2,10924,251.19,251.53,251.19,251.42,1059,MSTR
2025-11-05 18:41:00+00:00,33,2,10924,251.42,251.9,251.4,251.78,2757,MSTR
2025-11-05 18:42:00+00:00,33,2,10924,251.79,251.9,251.29,251.29,2754,MSTR
2025-11-05 18:43:00+00:00,33,2,10924,251.31,251.54,251.295,251.4,802,MSTR
2025-11-05 18:44:00+00:00,33,2,10924,251.42,251.45,251.26,251.36,474,MSTR
2025-11-05 18:45:00+00:00,33,2,10924,251.33,251.41,251.03,251.41,2495,MSTR
2025-11-05 18:46:00+00:00,33,2,10924,251.41,251.61,251.41,251.5,1217,MSTR
2025-11-05 18:47:00+00:00,33,2,10924,251.54,251.65,251.43,251.58,1884,MSTR
2025-11-05 18:48:00+00:00,33,2,10924,251.55,251.57,251.3,251.48,3262,MSTR
2025-11-05 18:49:00+00:00,33,2,10924,251.38,251.38,251.17,251.35,1987,MSTR
2025-11-05 18:50:00+00:00,33,2,10924,251.29,251.36,251.14,251.24,951,MSTR
2025-11-05 18:51:00+00:00,33,2,10924,251.26,251.5,251.2,251.44,2262,MSTR
2025-11-05 18:52:00+00:00,33,2,10924,251.45,251.52,251.1,251.14,1510,MSTR
2025-11-05 18:53:00+00:00,33,2,10924,251.2,251.45,251.2,251.44,1694,MSTR
2025-11-05 18:54:00+00:00,33,2,10924,251.48,251.49,251.24,251.36,831,MSTR
2025-11-05 18:55:00+00:00,33,2,10924,251.35,251.39,251.0,251.13,1818,MSTR
2025-11-05 18:56:00+00:00,33,2,10924,251.12,251.2,250.85,250.9,2461,MSTR
2025-11-05 18:57:00+00:00,33,2,10924,250.88,251.08,250.7,250.7,1447,MSTR
2025-11-05 18:58:00+00:00,33,2,10924,250.74,250.89,250.74,250.8,690,MSTR
2025-11-05 18:59:00+00:00,33,2,10924,250.7,250.7,250.4,250.43,1393,MSTR
2025-11-05 19:00:00+00:00,33,2,10924,250.39,250.55,250.2,250.46,2482,MSTR
2025-11-05 19:01:00+00:00,33,2,10924,250.36,250.41,250.15,250.2,1184,MSTR
2025-11-05 19:02:00+00:00,33,2,10924,250.13,250.16,249.795,249.795,1835,MSTR
2025-11-05 19:03:00+00:00,33,2,10924,249.785,249.91,249.18,249.195,2863,MSTR
2025-11-05 19:04:00+00:00,33,2,10924,249.205,249.52,249.18,249.35,3124,MSTR
2025-11-05 19:05:00+00:00,33,2,10924,249.39,249.64,249.39,249.56,1739,MSTR
2025-11-05 19:06:00+00:00,33,2,10924,249.55,249.92,249.52,249.88,1106,MSTR
2025-11-05 19:07:00+00:00,33,2,10924,249.88,249.88,249.36,249.37,1930,MSTR
2025-11-05 19:08:00+00:00,33,2,10924,249.34,249.34,248.84,248.84,3901,MSTR
2025-11-05 19:09:00+00:00,33,2,10924,248.8,248.95,248.735,248.88,1387,MSTR
2025-11-05 19:10:00+00:00,33,2,10924,248.88,249.27,248.84,249.2,1174,MSTR
2025-11-05 19:11:00+00:00,33,2,10924,249.22,249.24,248.99,249.06,460,MSTR
2025-11-05 19:12:00+00:00,33,2,10924,249.04,249.09,248.77,248.85,1014,MSTR
2025-11-05 19:13:00+00:00,33,2,10924,248.81,248.92,248.8,248.83,1045,MSTR
2025-11-05 19:14:00+00:00,33,2,10924,248.76,248.99,248.73,248.9,1846,MSTR
2025-11-05 19:15:00+00:00,33,2,10924,248.92,249.64,248.92,249.585,3448,MSTR
2025-11-05 19:16:00+00:00,33,2,10924,249.53,250.02,249.29,249.87,4431,MSTR
2025-11-05 19:17:00+00:00,33,2,10924,249.74,249.87,249.53,249.8,1801,MSTR
2025-11-05 19:18:00+00:00,33,2,10924,249.88,249.88,249.4,249.53,5160,MSTR
2025-11-05 19:19:00+00:00,33,2,10924,249.56,249.83,249.56,249.77,363,MSTR
2025-11-05 19:20:00+00:00,33,2,10924,249.71,249.745,249.67,249.74,542,MSTR
2025-11-05 19:21:00+00:00,33,2,10924,249.7,249.7,249.43,249.6,1711,MSTR
2025-11-05 19:22:00+00:00,33,2,10924,249.52,249.61,249.19,249.37,9127,MSTR
2025-11-05 19:23:00+00:00,33,2,10924,249.385,249.385,249.17,249.2,565,MSTR
2025-11-05 19:24:00+00:00,33,2,10924,249.15,249.22,249.13,249.175,482,MSTR
2025-11-05 19:25:00+00:00,33,2,10924,249.19,249.62,249.16,249.5,1097,MSTR
2025-11-05 19:26:00+00:00,33,2,10924,249.5,249.6,249.48,249.5,582,MSTR
2025-11-05 19:27:00+00:00,33,2,10924,249.44,249.51,249.38,249.44,1036,MSTR
2025-11-05 19:28:00+00:00,33,2,10924,249.38,249.61,249.26,249.61,1284,MSTR
2025-11-05 19:29:00+00:00,33,2,10924,249.56,249.61,249.5,249.58,890,MSTR
2025-11-05 19:30:00+00:00,33,2,10924,249.46,249.92,249.46,249.92,1463,MSTR
2025-11-05 19:31:00+00:00,33,2,10924,249.95,250.44,249.95,250.38,1906,MSTR
2025-11-05 19:32:00+00:00,33,2,10924,250.5,250.66,250.42,250.66,853,MSTR
2025-11-05 19:33:00+00:00,33,2,10924,250.59,250.78,250.52,250.765,1181,MSTR
2025-11-05 19:34:00+00:00,33,2,10924,250.78,251.305,250.78,251.23,3513,MSTR
2025-11-05 19:35:00+00:00,33,2,10924,251.18,251.88,251.15,251.84,2794,MSTR
2025-11-05 19:36:00+00:00,33,2,10924,251.855,251.92,251.5,251.51,2782,MSTR
2025-11-05 19:37:00+00:00,33,2,10924,251.58,251.95,251.57,251.9,2339,MSTR
2025-11-05 19:38:00+00:00,33,2,10924,251.95,252.0,251.83,251.87,3964,MSTR
2025-11-05 19:39:00+00:00,33,2,10924,251.87,251.99,251.67,251.88,1621,MSTR
2025-11-05 19:40:00+00:00,33,2,10924,251.83,251.98,251.7,251.92,991,MSTR
2025-11-05 19:41:00+00:00,33,2,10924,251.86,252.38,251.82,252.38,2100,MSTR
2025-11-05 19:42:00+00:00,33,2,10924,252.39,252.46,251.9,251.9,1085,MSTR
2025-11-05 19:43:00+00:00,33,2,10924,251.955,252.11,251.82,252.11,1080,MSTR
2025-11-05 19:44:00+00:00,33,2,10924,252.16,252.3,252.07,252.11,705,MSTR
2025-11-05 19:45:00+00:00,33,2,10924,252.17,252.34,251.985,252.02,1550,MSTR
2025-11-05 19:46:00+00:00,33,2,10924,251.98,252.48,251.98,252.46,3763,MSTR
2025-11-05 19:47:00+00:00,33,2,10924,252.4,252.45,252.18,252.18,1766,MSTR
2025-11-05 19:48:00+00:00,33,2,10924,252.195,252.195,251.7,251.9,1363,MSTR
2025-11-05 19:49:00+00:00,33,2,10924,251.99,252.06,251.82,251.86,2503,MSTR
2025-11-05 19:50:00+00:00,33,2,10924,251.86,252.19,251.75,252.12,4240,MSTR
2025-11-05 19:51:00+00:00,33,2,10924,252.14,252.2,251.84,251.84,2190,MSTR
2025-11-05 19:52:00+00:00,33,2,10924,251.87,252.115,251.87,252.1,1775,MSTR
2025-11-05 19:53:00+00:00,33,2,10924,252.1,252.36,252.05,252.265,1663,MSTR
2025-11-05 19:54:00+00:00,33,2,10924,252.25,252.31,252.09,252.09,866,MSTR
2025-11-05 19:55:00+00:00,33,2,10924,252.11,252.3,251.93,252.04,460,MSTR
2025-11-05 19:56:00+00:00,33,2,10924,252.14,252.28,252.07,252.07,1363,MSTR
2025-11-05 19:57:00+00:00,33,2,10924,252.08,252.22,252.08,252.14,1613,MSTR
2025-11-05 19:58:00+00:00,33,2,10924,252.11,252.11,251.89,252.0,1724,MSTR
2025-11-05 19:59:00+00:00,33,2,10924,251.97,251.99,251.82,251.845,739,MSTR
2025-11-05 20:00:00+00:00,33,2,10924,251.81,251.845,250.86,250.98,4020,MSTR
2025-11-05 20:01:00+00:00,33,2,10924,251.04,251.3,250.995,251.3,2332,MSTR
2025-11-05 20:02:00+00:00,33,2,10924,251.3,251.37,250.99,251.0,2333,MSTR
2025-11-05 20:03:00+00:00,33,2,10924,250.965,250.965,250.6,250.71,1305,MSTR
2025-11-05 20:04:00+00:00,33,2,10924,250.64,251.43,250.64,251.43,2968,MSTR
2025-11-05 20:05:00+00:00,33,2,10924,251.49,251.91,251.43,251.56,2311,MSTR
2025-11-05 20:06:00+00:00,33,2,10924,251.68,252.06,251.61,252.04,1706,MSTR
2025-11-05 20:07:00+00:00,33,2,10924,251.91,251.91,251.675,251.675,496,MSTR
2025-11-05 20:08:00+00:00,33,2,10924,251.65,251.71,251.53,251.6,836,MSTR
2025-11-05 20:09:00+00:00,33,2,10924,251.62,251.72,251.45,251.53,1173,MSTR
2025-11-05 20:10:00+00:00,33,2,10924,251.63,251.92,251.56,251.92,1238,MSTR
2025-11-05 20:11:00+00:00,33,2,10924,251.89,251.92,251.79,251.88,2115,MSTR
2025-11-05 20:12:00+00:00,33,2,10924,251.87,252.26,251.87,252.205,2190,MSTR
2025-11-05 20:13:00+00:00,33,2,10924,252.18,252.18,251.955,252.0,2101,MSTR
2025-11-05 20:14:00+00:00,33,2,10924,252.02,252.18,251.99,252.11,1290,MSTR
2025-11-05 20:15:00+00:00,33,2,10924,252.06,252.17,251.93,251.965,784,MSTR
2025-11-05 20:16:00+00:00,33,2,10924,251.95,252.21,251.95,252.0,1393,MSTR
2025-11-05 20:17:00+00:00,33,2,10924,252.04,252.12,251.79,251.79,2165,MSTR
2025-11-05 20:18:00+00:00,33,2,10924,251.86,252.01,251.86,252.0,771,MSTR
2025-11-05 20:19:00+00:00,33,2,10924,252.0,252.0,251.63,251.77,1657,MSTR
2025-11-05 20:20:00+00:00,33,2,10924,251.73,251.92,251.72,251.92,1306,MSTR
2025-11-05 20:21:00+00:00,33,2,10924,251.92,252.34,251.92,252.27,2892,MSTR
2025-11-05 20:22:00+00:00,33,2,10924,252.27,252.47,252.12,252.41,1434,MSTR
2025-11-05 20:23:00+00:00,33,2,10924,252.43,252.55,252.23,252.54,1482,MSTR
2025-11-05 20:24:00+00:00,33,2,10924,252.54,252.64,252.43,252.565,3255,MSTR
2025-11-05 20:25:00+00:00,33,2,10924,252.51,252.74,252.43,252.45,3306,MSTR
2025-11-05 20:26:00+00:00,33,2,10924,252.45,252.7,252.34,252.4,2157,MSTR
2025-11-05 20:27:00+00:00,33,2,10924,252.405,252.49,252.3,252.36,1805,MSTR
2025-11-05 20:28:00+00:00,33,2,10924,252.32,252.4,252.305,252.39,1433,MSTR
2025-11-05 20:29:00+00:00,33,2,10924,252.41,252.43,252.2,252.2,2999,MSTR
2025-11-05 20:30:00+00:00,33,2,10924,252.2,252.21,251.67,251.84,2992,MSTR
2025-11-05 20:31:00+00:00,33,2,10924,251.98,252.335,251.98,252.23,2996,MSTR
2025-11-05 20:32:00+00:00,33,2,10924,252.32,252.45,252.22,252.39,2179,MSTR
2025-11-05 20:33:00+00:00,33,2,10924,252.35,252.72,252.35,252.72,1855,MSTR
2025-11-05 20:34:00+00:00,33,2,10924,252.71,252.775,252.595,252.595,2927,MSTR
2025-11-05 20:35:00+00:00,33,2,10924,252.59,252.75,252.54,252.695,2091,MSTR
2025-11-05 20:36:00+00:00,33,2,10924,252.68,252.74,252.55,252.555,3292,MSTR
2025-11-05 20:37:00+00:00,33,2,10924,252.56,252.64,252.38,252.6,4873,MSTR
2025-11-05 20:38:00+00:00,33,2,10924,252.62,252.77,252.52,252.59,3617,MSTR
2025-11-05 20:39:00+00:00,33,2,10924,252.635,253.05,252.63,252.97,6324,MSTR
2025-11-05 20:40:00+00:00,33,2,10924,252.94,253.22,252.89,253.18,4534,MSTR
2025-11-05 20:41:00+00:00,33,2,10924,253.205,253.36,253.16,253.16,4358,MSTR
2025-11-05 20:42:00+00:00,33,2,10924,253.19,253.26,252.7,252.7,10724,MSTR
2025-11-05 20:43:00+00:00,33,2,10924,252.67,253.205,252.58,253.205,4176,MSTR
2025-11-05 20:44:00+00:00,33,2,10924,253.23,253.49,253.15,253.48,7992,MSTR
2025-11-05 20:45:00+00:00,33,2,10924,253.48,253.85,253.48,253.57,9320,MSTR
2025-11-05 20:46:00+00:00,33,2,10924,253.63,253.64,252.7,252.725,9436,MSTR
2025-11-05 20:47:00+00:00,33,2,10924,252.77,253.28,252.53,253.18,6369,MSTR
2025-11-05 20:48:00+00:00,33,2,10924,253.18,253.29,252.98,253.19,8091,MSTR
2025-11-05 20:49:00+00:00,33,2,10924,253.16,253.49,253.13,253.33,9179,MSTR
2025-11-05 20:50:00+00:00,33,2,10924,253.38,254.07,253.28,253.75,21782,MSTR
2025-11-05 20:51:00+00:00,33,2,10924,253.74,253.87,253.56,253.815,11024,MSTR
2025-11-05 20:52:00+00:00,33,2,10924,253.77,254.6,253.74,254.54,10385,MSTR
2025-11-05 20:53:00+00:00,33,2,10924,254.51,254.75,254.49,254.61,12926,MSTR
2025-11-05 20:54:00+00:00,33,2,10924,254.61,254.76,253.99,254.53,27257,MSTR
2025-11-05 20:55:00+00:00,33,2,10924,254.47,255.36,253.99,255.28,43259,MSTR
2025-11-05 20:56:00+00:00,33,2,10924,255.29,255.29,254.62,255.03,17617,MSTR
2025-11-05 20:57:00+00:00,33,2,10924,255.0,255.0,254.51,254.74,23940,MSTR
2025-11-05 20:58:00+00:00,33,2,10924,254.71,254.91,254.67,254.745,52956,MSTR
2025-11-05 20:59:00+00:00,33,2,10924,254.73,255.17,254.48,255.01,146700,MSTR
2025-11-05 21:00:00+00:00,33,2,10924,255.02,255.02,254.55,254.55,1178131,MSTR
2025-11-05 21:01:00+00:00,33,2,10924,254.62,254.62,254.41,254.59,98,MSTR
2025-11-05 21:02:00+00:00,33,2,10924,254.59,254.71,254.46,254.46,58,MSTR
2025-11-05 21:03:00+00:00,33,2,10924,254.46,254.85,254.4,254.78,125,MSTR
2025-11-05 21:04:00+00:00,33,2,10924,254.83,255.0,254.83,254.83,234,MSTR
2025-11-05 21:05:00+00:00,33,2,10924,254.98,255.31,254.92,255.31,392,MSTR
2025-11-05 21:06:00+00:00,33,2,10924,255.15,255.83,255.15,255.83,3323,MSTR
2025-11-05 21:07:00+00:00,33,2,10924,255.85,256.4,255.69,256.4,12321,MSTR
2025-11-05 21:08:00+00:00,33,2,10924,256.3,256.94,256.29,256.6,1453,MSTR
2025-11-05 21:09:00+00:00,33,2,10924,256.62,256.62,256.23,256.48,357,MSTR
2025-11-05 21:10:00+00:00,33,2,10924,256.51,256.57,256.5,256.5,590,MSTR
2025-11-05 21:11:00+00:00,33,2,10924,256.0,256.12,255.33,255.33,192,MSTR
2025-11-05 21:12:00+00:00,33,2,10924,255.34,255.34,255.32,255.32,18,MSTR
2025-11-05 21:13:00+00:00,33,2,10924,255.31,255.31,255.23,255.23,6,MSTR
2025-11-05 21:14:00+00:00,33,2,10924,255.39,255.59,255.39,255.55,71,MSTR
2025-11-05 21:15:00+00:00,33,2,10924,255.6,255.69,255.55,255.55,496,MSTR
2025-11-05 21:16:00+00:00,33,2,10924,255.57,255.75,255.55,255.57,327,MSTR
2025-11-05 21:17:00+00:00,33,2,10924,255.66,255.92,255.66,255.92,44,MSTR
2025-11-05 21:18:00+00:00,33,2,10924,255.55,255.55,255.36,255.36,15,MSTR
2025-11-05 21:20:00+00:00,33,2,10924,255.5,255.5,255.46,255.46,6,MSTR
2025-11-05 21:21:00+00:00,33,2,10924,255.75,255.75,255.75,255.75,1,MSTR
2025-11-05 21:22:00+00:00,33,2,10924,255.62,255.62,255.6,255.6,51,MSTR
2025-11-05 21:23:00+00:00,33,2,10924,255.58,255.61,255.58,255.61,65,MSTR
2025-11-05 21:27:00+00:00,33,2,10924,255.8,255.8,255.61,255.61,231,MSTR
2025-11-05 21:29:00+00:00,33,2,10924,255.42,255.42,255.42,255.42,84,MSTR
2025-11-05 21:30:00+00:00,33,2,10924,255.24,255.24,255.0,255.05,160,MSTR
2025-11-05 21:31:00+00:00,33,2,10924,255.17,255.22,255.17,255.22,21,MSTR
2025-11-05 21:32:00+00:00,33,2,10924,255.15,255.15,255.13,255.13,16,MSTR
2025-11-05 21:33:00+00:00,33,2,10924,255.19,255.19,255.19,255.19,10,MSTR
2025-11-05 21:34:00+00:00,33,2,10924,255.1,255.28,255.07,255.07,77,MSTR
2025-11-05 21:35:00+00:00,33,2,10924,255.24,255.24,254.88,254.93,360,MSTR
2025-11-05 21:36:00+00:00,33,2,10924,254.72,254.72,254.72,254.72,5,MSTR
2025-11-05 21:37:00+00:00,33,2,10924,254.93,254.93,254.72,254.72,41,MSTR
2025-11-05 21:38:00+00:00,33,2,10924,254.89,255.0,254.89,255.0,208,MSTR
2025-11-05 21:40:00+00:00,33,2,10924,254.94,254.94,254.7,254.9,145,MSTR
2025-11-05 21:41:00+00:00,33,2,10924,254.96,254.96,254.96,254.96,10,MSTR
2025-11-05 21:42:00+00:00,33,2,10924,254.91,254.91,254.9,254.9,20,MSTR
2025-11-05 21:45:00+00:00,33,2,10924,254.71,254.71,254.51,254.51,176,MSTR
2025-11-05 21:47:00+00:00,33,2,10924,254.65,254.69,254.65,254.69,100,MSTR
2025-11-05 21:48:00+00:00,33,2,10924,254.69,254.69,254.69,254.69,20,MSTR
2025-11-05 21:49:00+00:00,33,2,10924,254.65,254.69,254.48,254.69,161,MSTR
2025-11-05 21:50:00+00:00,33,2,10924,254.56,254.69,254.56,254.69,100,MSTR
2025-11-05 21:51:00+00:00,33,2,10924,254.6,254.7,254.6,254.7,154,MSTR
2025-11-05 21:52:00+00:00,33,2,10924,254.7,254.7,254.69,254.69,156,MSTR
2025-11-05 21:53:00+00:00,33,2,10924,254.69,254.7,254.67,254.67,416,MSTR
2025-11-05 21:55:00+00:00,33,2,10924,254.55,254.56,254.55,254.56,3,MSTR
2025-11-05 21:56:00+00:00,33,2,10924,254.5,254.5,254.5,254.5,29,MSTR
2025-11-05 21:59:00+00:00,33,2,10924,254.5,254.5,254.5,254.5,50,MSTR
2025-11-05 22:00:00+00:00,33,2,10924,254.35,254.35,254.35,254.35,2,MSTR
2025-11-05 22:01:00+00:00,33,2,10924,254.31,254.31,254.31,254.31,10,MSTR
2025-11-05 22:02:00+00:00,33,2,10924,254.25,254.25,254.07,254.15,84,MSTR
2025-11-05 22:03:00+00:00,33,2,10924,254.16,254.16,254.16,254.16,5,MSTR
2025-11-05 22:04:00+00:00,33,2,10924,254.28,254.29,254.28,254.29,5,MSTR
2025-11-05 22:05:00+00:00,33,2,10924,254.51,254.55,254.3,254.3,21,MSTR
2025-11-05 22:06:00+00:00,33,2,10924,254.15,254.15,253.96,253.96,279,MSTR
2025-11-05 22:08:00+00:00,33,2,10924,254.05,254.05,254.01,254.05,61,MSTR
2025-11-05 22:09:00+00:00,33,2,10924,254.0,254.0,253.98,254.0,299,MSTR
2025-11-05 22:10:00+00:00,33,2,10924,254.0,254.0,254.0,254.0,20,MSTR
2025-11-05 22:11:00+00:00,33,2,10924,254.11,254.19,254.11,254.13,390,MSTR
2025-11-05 22:12:00+00:00,33,2,10924,254.48,254.49,254.44,254.47,180,MSTR
2025-11-05 22:14:00+00:00,33,2,10924,254.37,254.37,254.37,254.37,10,MSTR
2025-11-05 22:16:00+00:00,33,2,10924,254.24,254.24,254.24,254.24,1,MSTR
2025-11-05 22:17:00+00:00,33,2,10924,254.24,254.24,254.21,254.21,14,MSTR
2025-11-05 22:19:00+00:00,33,2,10924,254.48,254.48,254.34,254.34,5,MSTR
2025-11-05 22:21:00+00:00,33,2,10924,254.31,254.4,254.31,254.4,90,MSTR
2025-11-05 22:23:00+00:00,33,2,10924,254.55,254.55,254.55,254.55,20,MSTR
2025-11-05 22:26:00+00:00,33,2,10924,254.54,254.54,254.54,254.54,1,MSTR
2025-11-05 22:28:00+00:00,33,2,10924,254.54,254.54,254.54,254.54,3,MSTR
2025-11-05 22:29:00+00:00,33,2,10924,254.32,254.32,254.32,254.32,8,MSTR
2025-11-05 22:31:00+00:00,33,2,10924,254.49,254.49,254.49,254.49,15,MSTR
2025-11-05 22:33:00+00:00,33,2,10924,254.49,254.49,254.49,254.49,10,MSTR
2025-11-05 22:35:00+00:00,33,2,10924,254.31,254.31,254.3,254.3,94,MSTR
2025-11-05 22:36:00+00:00,33,2,10924,254.49,254.49,254.49,254.49,8,MSTR
2025-11-05 22:39:00+00:00,33,2,10924,254.4,254.4,254.3,254.3,174,MSTR
2025-11-05 22:40:00+00:00,33,2,10924,254.2,254.2,254.2,254.2,5,MSTR
2025-11-05 22:41:00+00:00,33,2,10924,254.28,254.28,254.27,254.27,9,MSTR
2025-11-05 22:42:00+00:00,33,2,10924,254.28,254.28,254.28,254.28,4,MSTR
2025-11-05 22:47:00+00:00,33,2,10924,254.53,254.53,254.53,254.53,30,MSTR
2025-11-05 22:48:00+00:00,33,2,10924,254.56,254.64,254.56,254.64,409,MSTR
2025-11-05 22:49:00+00:00,33,2,10924,254.62,254.62,254.62,254.62,8,MSTR
2025-11-05 22:50:00+00:00,33,2,10924,254.68,254.68,254.68,254.68,10,MSTR
2025-11-05 22:51:00+00:00,33,2,10924,254.68,254.68,254.67,254.67,110,MSTR
2025-11-05 22:52:00+00:00,33,2,10924,254.54,254.95,254.43,254.63,4418,MSTR
2025-11-05 22:53:00+00:00,33,2,10924,254.95,254.95,254.95,254.95,185,MSTR
2025-11-05 22:54:00+00:00,33,2,10924,254.95,254.95,254.95,254.95,1,MSTR
2025-11-05 22:56:00+00:00,33,2,10924,254.54,254.67,254.54,254.67,265,MSTR
2025-11-05 22:58:00+00:00,33,2,10924,254.86,254.86,254.71,254.71,197,MSTR
2025-11-05 22:59:00+00:00,33,2,10924,254.73,254.74,254.73,254.74,3,MSTR
2025-11-05 23:01:00+00:00,33,2,10924,254.63,254.63,254.63,254.63,5,MSTR
2025-11-05 23:02:00+00:00,33,2,10924,254.64,254.64,254.63,254.63,21,MSTR
2025-11-05 23:03:00+00:00,33,2,10924,254.88,254.88,254.88,254.88,1,MSTR
2025-11-05 23:04:00+00:00,33,2,10924,254.53,254.53,254.5,254.5,94,MSTR
2025-11-05 23:05:00+00:00,33,2,10924,254.3,254.73,254.3,254.73,266,MSTR
2025-11-05 23:06:00+00:00,33,2,10924,254.42,254.44,254.31,254.31,279,MSTR
2025-11-05 23:07:00+00:00,33,2,10924,254.3,254.3,254.3,254.3,7,MSTR
2025-11-05 23:08:00+00:00,33,2,10924,254.32,254.32,254.3,254.3,22,MSTR
2025-11-05 23:09:00+00:00,33,2,10924,254.31,254.31,254.31,254.31,25,MSTR
2025-11-05 23:11:00+00:00,33,2,10924,254.68,254.68,254.68,254.68,6,MSTR
2025-11-05 23:12:00+00:00,33,2,10924,254.66,254.66,254.66,254.66,1,MSTR
2025-11-05 23:13:00+00:00,33,2,10924,254.66,254.66,254.66,254.66,1,MSTR
2025-11-05 23:14:00+00:00,33,2,10924,254.52,254.52,254.45,254.45,34,MSTR
2025-11-05 23:16:00+00:00,33,2,10924,254.62,254.7,254.62,254.7,119,MSTR
2025-11-05 23:17:00+00:00,33,2,10924,254.7,254.7,254.7,254.7,1,MSTR
2025-11-05 23:19:00+00:00,33,2,10924,254.7,254.7,254.7,254.7,35,MSTR
2025-11-05 23:20:00+00:00,33,2,10924,254.69,254.7,254.69,254.7,164,MSTR
2025-11-05 23:21:00+00:00,33,2,10924,254.7,254.7,254.7,254.7,7,MSTR
2025-11-05 23:23:00+00:00,33,2,10924,254.77,254.77,254.75,254.75,70,MSTR
2025-11-05 23:24:00+00:00,33,2,10924,254.7,254.7,254.7,254.7,115,MSTR
2025-11-05 23:25:00+00:00,33,2,10924,254.69,254.69,254.5,254.5,23,MSTR
2025-11-05 23:26:00+00:00,33,2,10924,254.69,254.7,254.69,254.7,44,MSTR
2025-11-05 23:27:00+00:00,33,2,10924,254.49,254.49,254.47,254.47,50,MSTR
2025-11-05 23:33:00+00:00,33,2,10924,254.93,254.93,254.93,254.93,3,MSTR
2025-11-05 23:34:00+00:00,33,2,10924,254.93,255.2,254.93,255.2,1595,MSTR
2025-11-05 23:35:00+00:00,33,2,10924,255.01,255.01,255.01,255.01,10,MSTR
2025-11-05 23:36:00+00:00,33,2,10924,254.94,254.96,254.68,254.7,80,MSTR
2025-11-05 23:37:00+00:00,33,2,10924,255.22,255.22,255.22,255.22,11,MSTR
2025-11-05 23:38:00+00:00,33,2,10924,255.12,255.12,255.12,255.12,5,MSTR
2025-11-05 23:39:00+00:00,33,2,10924,254.81,254.81,254.81,254.81,80,MSTR
2025-11-05 23:40:00+00:00,33,2,10924,254.97,255.0,254.97,255.0,9,MSTR
2025-11-05 23:41:00+00:00,33,2,10924,254.84,254.84,254.84,254.84,9,MSTR
2025-11-05 23:43:00+00:00,33,2,10924,255.0,255.0,255.0,255.0,79,MSTR
2025-11-05 23:44:00+00:00,33,2,10924,254.99,255.14,254.97,255.14,233,MSTR
2025-11-05 23:45:00+00:00,33,2,10924,255.16,255.16,255.16,255.16,29,MSTR
2025-11-05 23:46:00+00:00,33,2,10924,255.04,255.04,255.04,255.04,1,MSTR
2025-11-05 23:48:00+00:00,33,2,10924,255.18,255.24,255.18,255.24,46,MSTR
2025-11-05 23:50:00+00:00,33,2,10924,255.25,255.25,255.25,255.25,10,MSTR
2025-11-05 23:51:00+00:00,33,2,10924,255.24,255.24,255.24,255.24,10,MSTR
2025-11-05 23:52:00+00:00,33,2,10924,255.0,255.0,255.0,255.0,1,MSTR
2025-11-05 23:53:00+00:00,33,2,10924,255.0,255.0,254.95,254.95,32,MSTR
2025-11-05 23:54:00+00:00,33,2,10924,254.95,254.95,254.81,254.81,49,MSTR
2025-11-05 23:55:00+00:00,33,2,10924,255.03,255.03,255.03,255.03,10,MSTR
2025-11-05 23:58:00+00:00,33,2,10924,255.0,255.0,255.0,255.0,1,MSTR
2025-11-05 23:59:00+00:00,33,2,10924,255.07,255.07,255.05,255.05,40,MSTR
2025-11-06 09:00:00+00:00,33,2,10924,253.43,253.55,253.43,253.55,129,MSTR
2025-11-06 09:01:00+00:00,33,2,10924,253.45,253.71,253.2,253.66,238,MSTR
2025-11-06 09:02:00+00:00,33,2,10924,253.25,253.25,253.25,253.25,2,MSTR
2025-11-06 09:03:00+00:00,33,2,10924,253.15,253.15,253.0,253.05,18,MSTR
2025-11-06 09:04:00+00:00,33,2,10924,253.05,253.05,252.9,252.95,69,MSTR
2025-11-06 09:05:00+00:00,33,2,10924,253.18,253.18,252.66,253.0,113,MSTR
2025-11-06 09:07:00+00:00,33,2,10924,252.86,253.01,252.73,252.87,215,MSTR
2025-11-06 09:08:00+00:00,33,2,10924,252.65,252.65,252.5,252.62,300,MSTR
2025-11-06 09:09:00+00:00,33,2,10924,253.07,253.17,252.86,252.9,182,MSTR
2025-11-06 09:10:00+00:00,33,2,10924,252.93,252.93,252.93,252.93,40,MSTR
2025-11-06 09:13:00+00:00,33,2,10924,253.01,253.01,253.01,253.01,8,MSTR
2025-11-06 09:14:00+00:00,33,2,10924,253.25,253.65,253.25,253.65,105,MSTR
2025-11-06 09:15:00+00:00,33,2,10924,253.34,253.34,253.0,253.0,80,MSTR
2025-11-06 09:17:00+00:00,33,2,10924,252.95,252.95,252.55,252.6,202,MSTR
2025-11-06 09:18:00+00:00,33,2,10924,253.15,253.4,253.01,253.01,328,MSTR
2025-11-06 09:21:00+00:00,33,2,10924,252.86,253.09,252.86,253.09,416,MSTR
2025-11-06 09:22:00+00:00,33,2,10924,252.66,252.66,252.66,252.66,47,MSTR
2025-11-06 09:23:00+00:00,33,2,10924,252.57,252.76,252.42,252.76,317,MSTR
2025-11-06 09:24:00+00:00,33,2,10924,252.76,252.76,252.76,252.76,1,MSTR
2025-11-06 09:28:00+00:00,33,2,10924,252.65,252.65,252.55,252.55,76,MSTR
2025-11-06 09:30:00+00:00,33,2,10924,252.55,252.55,252.54,252.54,840,MSTR
2025-11-06 09:31:00+00:00,33,2,10924,252.5,252.5,252.5,252.5,54,MSTR
2025-11-06 09:32:00+00:00,33,2,10924,252.5,252.65,252.5,252.63,37,MSTR
2025-11-06 09:33:00+00:00,33,2,10924,252.51,252.51,252.5,252.5,25,MSTR
2025-11-06 09:34:00+00:00,33,2,10924,252.58,252.58,252.5,252.5,126,MSTR
2025-11-06 09:37:00+00:00,33,2,10924,252.58,252.58,252.58,252.58,49,MSTR
2025-11-06 09:38:00+00:00,33,2,10924,252.6,252.6,252.48,252.48,36,MSTR
2025-11-06 09:41:00+00:00,33,2,10924,252.48,252.5,252.48,252.5,113,MSTR
2025-11-06 09:43:00+00:00,33,2,10924,252.53,252.62,252.53,252.62,51,MSTR
2025-11-06 09:44:00+00:00,33,2,10924,252.53,252.53,252.53,252.53,20,MSTR
2025-11-06 09:45:00+00:00,33,2,10924,252.59,252.59,252.59,252.59,52,MSTR
2025-11-06 09:47:00+00:00,33,2,10924,252.93,252.93,252.93,252.93,1,MSTR
2025-11-06 09:48:00+00:00,33,2,10924,252.5,252.5,252.35,252.35,216,MSTR
2025-11-06 09:49:00+00:00,33,2,10924,252.5,252.5,252.15,252.3,136,MSTR
2025-11-06 09:50:00+00:00,33,2,10924,252.3,252.3,252.17,252.17,11,MSTR
2025-11-06 09:52:00+00:00,33,2,10924,252.3,252.4,252.3,252.4,92,MSTR
2025-11-06 09:53:00+00:00,33,2,10924,252.49,252.72,252.49,252.72,185,MSTR
2025-11-06 09:54:00+00:00,33,2,10924,252.19,252.19,252.19,252.19,2,MSTR
2025-11-06 09:59:00+00:00,33,2,10924,252.58,252.6,252.58,252.6,132,MSTR
2025-11-06 10:00:00+00:00,33,2,10924,252.54,252.54,252.54,252.54,10,MSTR
2025-11-06 10:01:00+00:00,33,2,10924,252.26,252.26,251.7,251.85,673,MSTR
2025-11-06 10:02:00+00:00,33,2,10924,251.75,251.75,251.6,251.6,176,MSTR
2025-11-06 10:03:00+00:00,33,2,10924,251.63,251.64,251.63,251.64,205,MSTR
2025-11-06 10:05:00+00:00,33,2,10924,251.64,251.64,251.64,251.64,10,MSTR
2025-11-06 10:06:00+00:00,33,2,10924,251.55,251.55,251.52,251.52,3,MSTR
2025-11-06 10:07:00+00:00,33,2,10924,251.52,251.52,251.52,251.52,50,MSTR
2025-11-06 10:08:00+00:00,33,2,10924,251.87,251.87,251.87,251.87,50,MSTR
2025-11-06 10:10:00+00:00,33,2,10924,251.65,252.13,251.65,252.07,32,MSTR
2025-11-06 10:11:00+00:00,33,2,10924,252.14,252.43,252.14,252.43,218,MSTR
2025-11-06 10:12:00+00:00,33,2,10924,252.34,252.34,252.34,252.34,4,MSTR
2025-11-06 10:13:00+00:00,33,2,10924,252.39,252.39,252.34,252.39,34,MSTR
2025-11-06 10:14:00+00:00,33,2,10924,252.24,252.24,252.24,252.24,40,MSTR
2025-11-06 10:17:00+00:00,33,2,10924,252.69,252.91,252.69,252.89,192,MSTR
2025-11-06 10:20:00+00:00,33,2,10924,252.64,252.64,252.59,252.59,78,MSTR
2025-11-06 10:23:00+00:00,33,2,10924,252.65,252.65,252.59,252.59,11,MSTR
2025-11-06 10:33:00+00:00,33,2,10924,253.0,253.0,252.89,252.9,91,MSTR
2025-11-06 10:34:00+00:00,33,2,10924,253.14,253.16,253.07,253.07,228,MSTR
2025-11-06 10:35:00+00:00,33,2,10924,253.2,253.2,252.85,252.85,316,MSTR
2025-11-06 10:36:00+00:00,33,2,10924,252.82,252.9,252.82,252.9,113,MSTR
2025-11-06 10:37:00+00:00,33,2,10924,252.95,252.95,252.95,252.95,2,MSTR
2025-11-06 10:39:00+00:00,33,2,10924,253.0,253.0,253.0,253.0,2,MSTR
2025-11-06 10:40:00+00:00,33,2,10924,253.0,253.0,252.95,252.95,4,MSTR
2025-11-06 10:43:00+00:00,33,2,10924,252.95,252.95,252.95,252.95,5,MSTR
2025-11-06 10:44:00+00:00,33,2,10924,252.82,252.82,252.82,252.82,1015,MSTR
2025-11-06 10:45:00+00:00,33,2,10924,252.83,252.83,252.49,252.49,188,MSTR
2025-11-06 10:46:00+00:00,33,2,10924,252.83,252.83,252.83,252.83,2,MSTR
2025-11-06 10:47:00+00:00,33,2,10924,252.77,252.77,252.69,252.69,47,MSTR
2025-11-06 10:50:00+00:00,33,2,10924,252.64,252.77,252.64,252.77,89,MSTR
2025-11-06 10:51:00+00:00,33,2,10924,252.89,252.89,252.87,252.87,50,MSTR
2025-11-06 10:53:00+00:00,33,2,10924,252.87,252.87,252.87,252.87,37,MSTR
2025-11-06 10:55:00+00:00,33,2,10924,252.87,252.9,252.87,252.9,38,MSTR
2025-11-06 10:56:00+00:00,33,2,10924,253.0,253.0,253.0,253.0,13,MSTR
2025-11-06 11:01:00+00:00,33,2,10924,252.64,252.64,252.64,252.64,50,MSTR
2025-11-06 11:02:00+00:00,33,2,10924,252.64,252.64,252.33,252.33,76,MSTR
2025-11-06 11:04:00+00:00,33,2,10924,252.25,252.25,252.25,252.25,4,MSTR
2025-11-06 11:05:00+00:00,33,2,10924,252.32,252.33,252.32,252.33,101,MSTR
2025-11-06 11:06:00+00:00,33,2,10924,252.3,252.3,252.3,252.3,3,MSTR
2025-11-06 11:07:00+00:00,33,2,10924,252.31,252.31,252.01,252.01,201,MSTR
2025-11-06 11:13:00+00:00,33,2,10924,252.54,252.55,252.32,252.52,68,MSTR
2025-11-06 11:15:00+00:00,33,2,10924,252.25,252.35,252.25,252.35,187,MSTR
2025-11-06 11:16:00+00:00,33,2,10924,252.7,252.75,252.55,252.55,141,MSTR
2025-11-06 11:19:00+00:00,33,2,10924,252.55,252.57,252.55,252.57,107,MSTR
2025-11-06 11:20:00+00:00,33,2,10924,252.72,252.89,252.67,252.89,79,MSTR
2025-11-06 11:23:00+00:00,33,2,10924,252.78,252.78,252.72,252.72,83,MSTR
2025-11-06 11:25:00+00:00,33,2,10924,252.77,252.77,252.77,252.77,1,MSTR
2025-11-06 11:27:00+00:00,33,2,10924,252.88,252.88,252.87,252.87,29,MSTR
2025-11-06 11:28:00+00:00,33,2,10924,253.17,253.17,253.17,253.17,1,MSTR
2025-11-06 11:30:00+00:00,33,2,10924,253.14,253.14,252.89,252.89,2,MSTR
2025-11-06 11:31:00+00:00,33,2,10924,253.14,253.14,253.14,253.14,10,MSTR
2025-11-06 11:33:00+00:00,33,2,10924,252.85,252.85,252.65,252.71,199,MSTR
2025-11-06 11:36:00+00:00,33,2,10924,252.96,252.99,252.96,252.99,60,MSTR
2025-11-06 11:38:00+00:00,33,2,10924,252.78,252.78,252.78,252.78,23,MSTR
2025-11-06 11:41:00+00:00,33,2,10924,252.99,252.99,252.99,252.99,3,MSTR
2025-11-06 11:42:00+00:00,33,2,10924,253.29,253.35,253.29,253.29,131,MSTR
2025-11-06 11:43:00+00:00,33,2,10924,253.42,253.5,253.4,253.5,257,MSTR
2025-11-06 11:44:00+00:00,33,2,10924,253.42,253.42,253.42,253.42,74,MSTR
2025-11-06 11:46:00+00:00,33,2,10924,253.03,253.03,253.03,253.03,1,MSTR
2025-11-06 11:48:00+00:00,33,2,10924,253.39,253.4,253.39,253.4,65,MSTR
2025-11-06 11:51:00+00:00,33,2,10924,253.03,253.1,253.03,253.1,27,MSTR
2025-11-06 11:52:00+00:00,33,2,10924,253.32,253.32,253.32,253.32,5,MSTR
2025-11-06 11:53:00+00:00,33,2,10924,253.11,253.11,253.11,253.11,1,MSTR
2025-11-06 11:55:00+00:00,33,2,10924,253.16,253.16,252.86,252.86,220,MSTR
2025-11-06 11:59:00+00:00,33,2,10924,252.86,253.13,252.71,252.99,35,MSTR
2025-11-06 12:00:00+00:00,33,2,10924,252.95,253.01,252.95,252.99,457,MSTR
2025-11-06 12:01:00+00:00,33,2,10924,252.87,252.93,252.7,252.81,293,MSTR
2025-11-06 12:02:00+00:00,33,2,10924,252.8,252.81,252.72,252.72,103,MSTR
2025-11-06 12:03:00+00:00,33,2,10924,252.5,252.5,252.2,252.2,210,MSTR
2025-11-06 12:05:00+00:00,33,2,10924,252.34,252.42,252.26,252.42,185,MSTR
2025-11-06 12:06:00+00:00,33,2,10924,252.42,252.42,252.31,252.31,87,MSTR
2025-11-06 12:08:00+00:00,33,2,10924,252.92,252.92,252.92,252.92,4,MSTR
2025-11-06 12:11:00+00:00,33,2,10924,252.86,252.86,252.86,252.86,2,MSTR
2025-11-06 12:12:00+00:00,33,2,10924,252.5,252.5,252.5,252.5,3,MSTR
2025-11-06 12:14:00+00:00,33,2,10924,252.5,252.5,252.4,252.4,92,MSTR
2025-11-06 12:15:00+00:00,33,2,10924,252.2,252.2,251.94,252.19,365,MSTR
2025-11-06 12:17:00+00:00,33,2,10924,252.0,252.2,251.9,251.9,96,MSTR
2025-11-06 12:18:00+00:00,33,2,10924,251.9,251.9,251.9,251.9,2,MSTR
2025-11-06 12:19:00+00:00,33,2,10924,251.9,251.9,251.9,251.9,2,MSTR
2025-11-06 12:20:00+00:00,33,2,10924,252.0,252.03,251.9,252.03,426,MSTR
2025-11-06 12:22:00+00:00,33,2,10924,252.0,252.0,252.0,252.0,50,MSTR
2025-11-06 12:23:00+00:00,33,2,10924,251.98,252.0,251.81,251.81,515,MSTR
2025-11-06 12:24:00+00:00,33,2,10924,251.92,251.92,251.42,251.5,661,MSTR
2025-11-06 12:26:00+00:00,33,2,10924,251.51,251.51,251.33,251.33,338,MSTR
2025-11-06 12:27:00+00:00,33,2,10924,251.34,251.68,251.33,251.53,43,MSTR
2025-11-06 12:28:00+00:00,33,2,10924,251.56,251.7,251.4,251.4,17,MSTR
2025-11-06 12:32:00+00:00,33,2,10924,252.04,252.04,252.04,252.04,52,MSTR
2025-11-06 12:33:00+00:00,33,2,10924,252.14,252.14,252.14,252.14,4,MSTR
2025-11-06 12:35:00+00:00,33,2,10924,252.1,252.21,252.1,252.21,32,MSTR
2025-11-06 12:40:00+00:00,33,2,10924,251.65,251.7,251.65,251.7,56,MSTR
2025-11-06 12:41:00+00:00,33,2,10924,251.7,251.7,251.7,251.7,6,MSTR
2025-11-06 12:42:00+00:00,33,2,10924,251.57,251.57,251.22,251.22,102,MSTR
2025-11-06 12:43:00+00:00,33,2,10924,251.15,251.34,251.15,251.34,102,MSTR
2025-11-06 12:44:00+00:00,33,2,10924,251.24,251.24,250.95,250.95,168,MSTR
2025-11-06 12:45:00+00:00,33,2,10924,250.85,251.16,250.82,251.16,315,MSTR
2025-11-06 12:46:00+00:00,33,2,10924,251.25,251.45,250.83,250.85,2638,MSTR
2025-11-06 12:47:00+00:00,33,2,10924,250.9,250.9,250.9,250.9,14,MSTR
2025-11-06 12:48:00+00:00,33,2,10924,250.92,250.92,250.89,250.89,95,MSTR
2025-11-06 12:49:00+00:00,33,2,10924,251.03,251.03,250.74,250.94,509,MSTR
2025-11-06 12:50:00+00:00,33,2,10924,250.94,251.16,250.8,251.12,112,MSTR
2025-11-06 12:51:00+00:00,33,2,10924,251.02,251.02,251.02,251.02,25,MSTR
2025-11-06 12:53:00+00:00,33,2,10924,251.06,251.06,251.06,251.06,16,MSTR
2025-11-06 12:54:00+00:00,33,2,10924,251.07,251.35,251.06,251.35,44,MSTR
2025-11-06 12:56:00+00:00,33,2,10924,251.03,251.03,250.79,250.8,802,MSTR
2025-11-06 12:57:00+00:00,33,2,10924,250.8,250.8,250.74,250.74,160,MSTR
2025-11-06 12:58:00+00:00,33,2,10924,250.88,250.88,250.63,250.83,28,MSTR
2025-11-06 12:59:00+00:00,33,2,10924,250.9,250.9,250.9,250.9,30,MSTR
2025-11-06 13:00:00+00:00,33,2,10924,250.86,251.0,250.75,251.0,111,MSTR
2025-11-06 13:01:00+00:00,33,2,10924,250.99,251.03,250.99,251.03,22,MSTR
2025-11-06 13:02:00+00:00,33,2,10924,251.46,251.52,251.16,251.2,155,MSTR
2025-11-06 13:03:00+00:00,33,2,10924,251.06,251.3,251.06,251.3,180,MSTR
2025-11-06 13:04:00+00:00,33,2,10924,251.32,251.55,251.3,251.54,75,MSTR
2025-11-06 13:06:00+00:00,33,2,10924,251.82,251.83,251.82,251.83,34,MSTR
2025-11-06 13:07:00+00:00,33,2,10924,252.0,252.01,251.96,251.96,221,MSTR
2025-11-06 13:08:00+00:00,33,2,10924,251.88,251.88,251.82,251.88,1030,MSTR
2025-11-06 13:10:00+00:00,33,2,10924,251.89,252.49,251.89,252.49,240,MSTR
2025-11-06 13:11:00+00:00,33,2,10924,251.95,251.95,251.95,251.95,50,MSTR
2025-11-06 13:12:00+00:00,33,2,10924,252.0,252.0,252.0,252.0,1,MSTR
2025-11-06 13:14:00+00:00,33,2,10924,252.01,252.01,252.01,252.01,20,MSTR
2025-11-06 13:15:00+00:00,33,2,10924,252.06,252.06,251.95,251.95,24,MSTR
2025-11-06 13:16:00+00:00,33,2,10924,251.95,252.17,251.95,252.17,224,MSTR
2025-11-06 13:17:00+00:00,33,2,10924,252.26,252.6,252.25,252.6,139,MSTR
2025-11-06 13:20:00+00:00,33,2,10924,252.2,252.2,252.2,252.2,39,MSTR
2025-11-06 13:21:00+00:00,33,2,10924,252.24,252.24,252.19,252.19,146,MSTR
2025-11-06 13:22:00+00:00,33,2,10924,252.3,252.3,252.28,252.28,24,MSTR
2025-11-06 13:23:00+00:00,33,2,10924,252.68,252.86,252.49,252.5,648,MSTR
2025-11-06 13:24:00+00:00,33,2,10924,252.76,253.25,252.55,253.25,235,MSTR
2025-11-06 13:25:00+00:00,33,2,10924,253.35,253.55,253.34,253.55,180,MSTR
2025-11-06 13:26:00+00:00,33,2,10924,253.65,253.91,253.36,253.74,380,MSTR
2025-11-06 13:27:00+00:00,33,2,10924,253.89,253.98,253.27,253.5,362,MSTR
2025-11-06 13:28:00+00:00,33,2,10924,253.66,253.66,253.5,253.5,72,MSTR
2025-11-06 13:29:00+00:00,33,2,10924,253.75,253.75,253.5,253.5,194,MSTR
2025-11-06 13:30:00+00:00,33,2,10924,253.53,253.53,253.5,253.5,51,MSTR
2025-11-06 13:31:00+00:00,33,2,10924,253.22,253.22,252.99,253.03,191,MSTR
2025-11-06 13:32:00+00:00,33,2,10924,252.89,252.89,252.89,252.89,10,MSTR
2025-11-06 13:33:00+00:00,33,2,10924,252.92,252.92,252.9,252.9,700,MSTR
2025-11-06 13:34:00+00:00,33,2,10924,253.14,253.14,252.87,252.87,177,MSTR
2025-11-06 13:35:00+00:00,33,2,10924,252.87,252.87,252.83,252.83,73,MSTR
2025-11-06 13:36:00+00:00,33,2,10924,252.99,253.0,252.99,253.0,148,MSTR
2025-11-06 13:37:00+00:00,33,2,10924,252.8,252.8,252.8,252.8,201,MSTR
2025-11-06 13:38:00+00:00,33,2,10924,252.8,252.9,252.8,252.9,98,MSTR
2025-11-06 13:39:00+00:00,33,2,10924,252.9,252.9,252.9,252.9,50,MSTR
2025-11-06 13:43:00+00:00,33,2,10924,252.99,253.21,252.99,253.19,109,MSTR
2025-11-06 13:44:00+00:00,33,2,10924,253.08,253.08,253.0,253.0,173,MSTR
2025-11-06 13:46:00+00:00,33,2,10924,253.23,253.23,253.23,253.23,15,MSTR
2025-11-06 13:47:00+00:00,33,2,10924,253.25,253.25,253.25,253.25,11,MSTR
2025-11-06 13:48:00+00:00,33,2,10924,253.5,253.51,253.4,253.4,115,MSTR
2025-11-06 13:49:00+00:00,33,2,10924,253.38,253.39,253.38,253.39,75,MSTR
2025-11-06 13:51:00+00:00,33,2,10924,253.42,253.42,253.42,253.42,20,MSTR
2025-11-06 13:52:00+00:00,33,2,10924,253.27,253.27,253.01,253.01,195,MSTR
2025-11-06 13:54:00+00:00,33,2,10924,253.55,253.58,253.37,253.37,149,MSTR
2025-11-06 13:55:00+00:00,33,2,10924,253.3,253.3,253.3,253.3,60,MSTR
2025-11-06 13:56:00+00:00,33,2,10924,253.12,253.12,252.95,253.04,319,MSTR
2025-11-06 13:57:00+00:00,33,2,10924,253.11,253.12,253.11,253.12,3,MSTR
2025-11-06 13:58:00+00:00,33,2,10924,253.27,253.28,253.13,253.13,39,MSTR
2025-11-06 13:59:00+00:00,33,2,10924,253.02,253.02,253.0,253.0,14,MSTR
2025-11-06 14:00:00+00:00,33,2,10924,253.18,253.18,253.01,253.01,313,MSTR
2025-11-06 14:01:00+00:00,33,2,10924,253.01,253.16,252.89,252.98,372,MSTR
2025-11-06 14:02:00+00:00,33,2,10924,252.98,253.19,252.98,253.19,557,MSTR
2025-11-06 14:03:00+00:00,33,2,10924,253.37,253.37,253.37,253.37,23,MSTR
2025-11-06 14:04:00+00:00,33,2,10924,253.1,253.1,253.1,253.1,20,MSTR
2025-11-06 14:05:00+00:00,33,2,10924,252.89,253.0,252.89,252.95,416,MSTR
2025-11-06 14:06:00+00:00,33,2,10924,252.63,252.67,252.6,252.6,32,MSTR
2025-11-06 14:07:00+00:00,33,2,10924,252.4,252.45,252.26,252.26,202,MSTR
2025-11-06 14:08:00+00:00,33,2,10924,252.11,252.33,251.94,251.94,530,MSTR
2025-11-06 14:09:00+00:00,33,2,10924,252.18,252.36,251.68,251.68,1184,MSTR
2025-11-06 14:10:00+00:00,33,2,10924,251.92,251.92,251.48,251.71,420,MSTR
2025-11-06 14:11:00+00:00,33,2,10924,252.09,252.24,252.09,252.15,131,MSTR
2025-11-06 14:12:00+00:00,33,2,10924,252.15,252.41,252.15,252.41,95,MSTR
2025-11-06 14:13:00+00:00,33,2,10924,252.6,252.6,252.6,252.6,42,MSTR
2025-11-06 14:14:00+00:00,33,2,10924,252.62,252.84,252.61,252.84,2101,MSTR
2025-11-06 14:15:00+00:00,33,2,10924,252.6,252.6,252.43,252.43,21,MSTR
2025-11-06 14:16:00+00:00,33,2,10924,252.17,252.17,252.17,252.17,3,MSTR
2025-11-06 14:17:00+00:00,33,2,10924,252.5,252.5,252.37,252.5,123,MSTR
2025-11-06 14:18:00+00:00,33,2,10924,252.41,252.5,252.41,252.5,182,MSTR
2025-11-06 14:20:00+00:00,33,2,10924,252.66,252.66,252.52,252.52,14,MSTR
2025-11-06 14:21:00+00:00,33,2,10924,252.7,252.74,252.08,252.6,260,MSTR
2025-11-06 14:22:00+00:00,33,2,10924,252.53,252.53,252.39,252.39,72,MSTR
2025-11-06 14:23:00+00:00,33,2,10924,252.3,252.6,252.23,252.6,36,MSTR
2025-11-06 14:24:00+00:00,33,2,10924,252.31,252.5,252.0,252.5,340,MSTR
2025-11-06 14:25:00+00:00,33,2,10924,252.1,252.1,252.1,252.1,100,MSTR
2025-11-06 14:26:00+00:00,33,2,10924,251.8,252.05,251.8,252.05,102,MSTR
2025-11-06 14:27:00+00:00,33,2,10924,251.92,252.22,251.92,252.22,109,MSTR
2025-11-06 14:28:00+00:00,33,2,10924,252.07,252.21,251.9,251.9,77,MSTR
2025-11-06 14:29:00+00:00,33,2,10924,252.07,252.17,251.83,252.1,341,MSTR
2025-11-06 14:30:00+00:00,33,2,10924,251.96,252.34,249.8,249.99,71578,MSTR
2025-11-06 14:31:00+00:00,33,2,10924,249.93,250.15,249.35,249.45,9065,MSTR
2025-11-06 14:32:00+00:00,33,2,10924,249.49,250.67,249.3,250.43,8288,MSTR
2025-11-06 14:33:00+00:00,33,2,10924,250.5,250.5,249.0,249.31,8382,MSTR
2025-11-06 14:34:00+00:00,33,2,10924,249.18,250.21,249.18,249.88,3491,MSTR
2025-11-06 14:35:00+00:00,33,2,10924,249.885,250.12,249.09,249.28,8217,MSTR
2025-11-06 14:36:00+00:00,33,2,10924,249.4,250.34,249.23,249.94,4946,MSTR
2025-11-06 14:37:00+00:00,33,2,10924,249.9,250.69,249.83,250.61,3512,MSTR
2025-11-06 14:38:00+00:00,33,2,10924,250.6,251.4,250.51,250.92,2363,MSTR
2025-11-06 14:39:00+00:00,33,2,10924,250.78,250.78,249.55,249.65,3417,MSTR
2025-11-06 14:40:00+00:00,33,2,10924,249.63,249.8,249.1,249.26,3991,MSTR
2025-11-06 14:41:00+00:00,33,2,10924,249.05,249.36,248.7,249.36,8392,MSTR
2025-11-06 14:42:00+00:00,33,2,10924,249.45,250.6,249.34,250.27,3860,MSTR
2025-11-06 14:43:00+00:00,33,2,10924,250.23,250.46,249.59,249.87,2872,MSTR
2025-11-06 14:44:00+00:00,33,2,10924,250.0,250.18,249.8,249.91,3972,MSTR
2025-11-06 14:45:00+00:00,33,2,10924,249.95,250.2,249.66,249.67,9140,MSTR
2025-11-06 14:46:00+00:00,33,2,10924,249.89,249.89,249.38,249.43,2656,MSTR
2025-11-06 14:47:00+00:00,33,2,10924,249.51,250.02,249.39,249.9,13657,MSTR
2025-11-06 14:48:00+00:00,33,2,10924,249.8,249.8,248.68,248.68,11545,MSTR
2025-11-06 14:49:00+00:00,33,2,10924,248.75,248.84,247.5,247.53,22025,MSTR
2025-11-06 14:50:00+00:00,33,2,10924,247.59,248.07,247.22,247.69,19862,MSTR
2025-11-06 14:51:00+00:00,33,2,10924,247.66,247.73,246.6,246.84,14446,MSTR
2025-11-06 14:52:00+00:00,33,2,10924,246.94,246.94,245.88,246.51,22972,MSTR
2025-11-06 14:53:00+00:00,33,2,10924,246.38,247.61,246.33,247.23,4372,MSTR
2025-11-06 14:54:00+00:00,33,2,10924,247.18,247.39,246.92,247.03,5503,MSTR
2025-11-06 14:55:00+00:00,33,2,10924,247.19,247.66,246.88,247.5,7990,MSTR
2025-11-06 14:56:00+00:00,33,2,10924,247.57,247.57,246.96,247.17,5136,MSTR
2025-11-06 14:57:00+00:00,33,2,10924,247.08,247.16,246.73,247.07,6065,MSTR
2025-11-06 14:58:00+00:00,33,2,10924,247.155,247.27,246.4,246.495,4497,MSTR
2025-11-06 14:59:00+00:00,33,2,10924,246.49,246.58,245.85,245.86,11238,MSTR
2025-11-06 15:00:00+00:00,33,2,10924,245.85,245.91,245.23,245.535,7566,MSTR
2025-11-06 15:01:00+00:00,33,2,10924,245.47,245.85,244.9,245.02,16232,MSTR
2025-11-06 15:02:00+00:00,33,2,10924,245.05,245.28,243.97,244.12,7147,MSTR
2025-11-06 15:03:00+00:00,33,2,10924,244.18,244.89,243.9,244.65,5998,MSTR
2025-11-06 15:04:00+00:00,33,2,10924,244.5,244.53,243.55,243.55,5222,MSTR
2025-11-06 15:05:00+00:00,33,2,10924,243.54,245.23,243.5,244.96,7815,MSTR
2025-11-06 15:06:00+00:00,33,2,10924,244.97,246.2,244.93,245.67,11961,MSTR
2025-11-06 15:07:00+00:00,33,2,10924,245.69,245.69,244.78,244.83,4547,MSTR
2025-11-06 15:08:00+00:00,33,2,10924,244.78,245.03,244.12,244.32,4398,MSTR
2025-11-06 15:09:00+00:00,33,2,10924,244.26,244.3,243.81,243.87,5366,MSTR
2025-11-06 15:10:00+00:00,33,2,10924,243.88,245.17,243.6,245.105,10749,MSTR
2025-11-06 15:11:00+00:00,33,2,10924,245.11,245.11,244.63,244.74,5295,MSTR
2025-11-06 15:12:00+00:00,33,2,10924,244.81,244.85,243.71,243.83,6238,MSTR
2025-11-06 15:13:00+00:00,33,2,10924,243.99,244.35,243.9,244.01,2635,MSTR
2025-11-06 15:14:00+00:00,33,2,10924,244.03,244.12,243.39,243.39,3747,MSTR
2025-11-06 15:15:00+00:00,33,2,10924,243.35,243.35,242.75,242.97,8553,MSTR
2025-11-06 15:16:00+00:00,33,2,10924,242.96,243.49,242.92,243.1,5237,MSTR
2025-11-06 15:17:00+00:00,33,2,10924,243.14,244.2,243.14,243.595,15206,MSTR
2025-11-06 15:18:00+00:00,33,2,10924,243.56,244.69,243.56,244.52,7492,MSTR
2025-11-06 15:19:00+00:00,33,2,10924,244.485,244.67,244.09,244.54,5219,MSTR
2025-11-06 15:20:00+00:00,33,2,10924,244.64,245.7,244.32,245.37,6430,MSTR
2025-11-06 15:21:00+00:00,33,2,10924,245.47,245.48,244.35,244.49,3144,MSTR
2025-11-06 15:22:00+00:00,33,2,10924,244.42,244.9,244.29,244.62,3638,MSTR
2025-11-06 15:23:00+00:00,33,2,10924,244.7,244.71,244.24,244.5,6431,MSTR
2025-11-06 15:24:00+00:00,33,2,10924,244.6,244.71,244.13,244.28,4856,MSTR
2025-11-06 15:25:00+00:00,33,2,10924,244.33,244.82,244.33,244.65,2053,MSTR
2025-11-06 15:26:00+00:00,33,2,10924,244.87,244.88,243.5,243.5,4252,MSTR
2025-11-06 15:27:00+00:00,33,2,10924,243.47,243.69,243.2,243.62,13320,MSTR
2025-11-06 15:28:00+00:00,33,2,10924,243.74,244.04,243.74,243.86,2027,MSTR
2025-11-06 15:29:00+00:00,33,2,10924,244.0,244.01,243.53,243.605,1199,MSTR
2025-11-06 15:30:00+00:00,33,2,10924,243.51,243.88,243.32,243.59,2406,MSTR
2025-11-06 15:31:00+00:00,33,2,10924,243.67,243.8,243.38,243.76,3793,MSTR
2025-11-06 15:32:00+00:00,33,2,10924,243.755,243.81,243.21,243.21,6900,MSTR
2025-11-06 15:33:00+00:00,33,2,10924,243.23,243.28,242.55,242.62,6625,MSTR
2025-11-06 15:34:00+00:00,33,2,10924,242.65,243.05,242.48,242.88,5213,MSTR
2025-11-06 15:35:00+00:00,33,2,10924,242.84,242.98,242.39,242.39,4493,MSTR
2025-11-06 15:36:00+00:00,33,2,10924,242.48,242.48,241.4,241.4,15524,MSTR
2025-11-06 15:37:00+00:00,33,2,10924,241.45,241.49,240.57,240.61,8380,MSTR
2025-11-06 15:38:00+00:00,33,2,10924,240.67,241.46,240.55,241.4,5155,MSTR
2025-11-06 15:39:00+00:00,33,2,10924,241.31,241.31,240.92,241.12,2330,MSTR
2025-11-06 15:40:00+00:00,33,2,10924,241.12,241.12,240.14,240.3,7995,MSTR
2025-11-06 15:41:00+00:00,33,2,10924,240.3,240.52,240.05,240.2,12252,MSTR
2025-11-06 15:42:00+00:00,33,2,10924,240.15,240.46,239.62,239.9,45856,MSTR
2025-11-06 15:43:00+00:00,33,2,10924,239.81,240.0,239.48,239.48,7386,MSTR
2025-11-06 15:44:00+00:00,33,2,10924,239.5,239.71,238.95,239.16,8021,MSTR
2025-11-06 15:45:00+00:00,33,2,10924,239.2,240.01,239.2,239.82,9509,MSTR
2025-11-06 15:46:00+00:00,33,2,10924,239.93,239.97,239.18,239.36,2317,MSTR
2025-11-06 15:47:00+00:00,33,2,10924,239.35,239.49,239.01,239.09,3201,MSTR
2025-11-06 15:48:00+00:00,33,2,10924,239.09,239.67,238.95,239.22,9550,MSTR
2025-11-06 15:49:00+00:00,33,2,10924,239.32,239.53,238.93,239.51,2870,MSTR
2025-11-06 15:50:00+00:00,33,2,10924,239.47,239.95,239.19,239.57,3144,MSTR
2025-11-06 15:51:00+00:00,33,2,10924,239.67,240.02,239.65,239.65,9391,MSTR
2025-11-06 15:52:00+00:00,33,2,10924,239.63,239.79,239.0,239.57,3690,MSTR
2025-11-06 15:53:00+00:00,33,2,10924,239.46,239.46,238.78,238.78,2508,MSTR
2025-11-06 15:54:00+00:00,33,2,10924,238.77,239.28,238.49,239.22,4649,MSTR
2025-11-06 15:55:00+00:00,33,2,10924,239.18,239.55,239.0,239.28,5011,MSTR
2025-11-06 15:56:00+00:00,33,2,10924,239.22,239.35,238.38,238.48,3662,MSTR
2025-11-06 15:57:00+00:00,33,2,10924,238.56,238.57,238.1,238.23,4608,MSTR
2025-11-06 15:58:00+00:00,33,2,10924,238.32,238.62,238.19,238.47,10449,MSTR
2025-11-06 15:59:00+00:00,33,2,10924,238.42,239.33,238.41,239.26,13822,MSTR
2025-11-06 16:00:00+00:00,33,2,10924,239.29,239.85,239.29,239.8,9937,MSTR
2025-11-06 16:01:00+00:00,33,2,10924,239.73,240.56,239.56,239.74,9029,MSTR
2025-11-06 16:02:00+00:00,33,2,10924,239.73,240.04,239.66,239.93,3529,MSTR
2025-11-06 16:03:00+00:00,33,2,10924,239.93,240.27,239.55,239.76,7669,MSTR
2025-11-06 16:04:00+00:00,33,2,10924,239.73,240.62,239.73,240.62,10459,MSTR
2025-11-06 16:05:00+00:00,33,2,10924,240.56,241.28,240.19,241.28,14568,MSTR
2025-11-06 16:06:00+00:00,33,2,10924,241.15,241.26,240.67,240.74,4899,MSTR
2025-11-06 16:07:00+00:00,33,2,10924,240.8,241.13,240.68,240.8,3965,MSTR
2025-11-06 16:08:00+00:00,33,2,10924,240.79,242.2,240.79,242.11,12300,MSTR
2025-11-06 16:09:00+00:00,33,2,10924,242.11,242.39,241.5,241.87,5460,MSTR
2025-11-06 16:10:00+00:00,33,2,10924,241.83,241.95,241.27,241.3,4299,MSTR
2025-11-06 16:11:00+00:00,33,2,10924,241.3,241.74,241.09,241.63,4987,MSTR
2025-11-06 16:12:00+00:00,33,2,10924,241.5,241.5,240.65,240.78,1692,MSTR
2025-11-06 16:13:00+00:00,33,2,10924,240.8,241.09,240.75,240.89,1891,MSTR
2025-11-06 16:14:00+00:00,33,2,10924,240.96,241.0,240.59,240.62,1257,MSTR
2025-11-06 16:15:00+00:00,33,2,10924,240.6,240.98,240.5,240.5,3736,MSTR
2025-11-06 16:16:00+00:00,33,2,10924,240.5,241.1,240.36,240.45,23321,MSTR
2025-11-06 16:17:00+00:00,33,2,10924,240.5,241.16,240.4,240.99,4385,MSTR
2025-11-06 16:18:00+00:00,33,2,10924,240.83,240.98,240.3,240.44,1680,MSTR
2025-11-06 16:19:00+00:00,33,2,10924,240.5,240.7,240.38,240.5,6044,MSTR
2025-11-06 16:20:00+00:00,33,2,10924,240.49,241.0,240.38,241.0,4779,MSTR
2025-11-06 16:21:00+00:00,33,2,10924,241.0,241.03,240.78,240.88,2600,MSTR
2025-11-06 16:22:00+00:00,33,2,10924,240.88,240.88,239.69,239.71,11140,MSTR
2025-11-06 16:23:00+00:00,33,2,10924,239.69,239.99,239.65,239.8,3256,MSTR
2025-11-06 16:24:00+00:00,33,2,10924,239.75,239.96,239.3,239.92,4517,MSTR
2025-11-06 16:25:00+00:00,33,2,10924,239.945,240.45,239.94,240.45,4388,MSTR
2025-11-06 16:26:00+00:00,33,2,10924,240.37,241.0,240.35,241.0,1859,MSTR
2025-11-06 16:27:00+00:00,33,2,10924,240.93,240.93,240.37,240.42,3287,MSTR
2025-11-06 16:28:00+00:00,33,2,10924,240.37,240.7,240.2,240.41,2356,MSTR
2025-11-06 16:29:00+00:00,33,2,10924,240.47,240.94,240.42,240.64,3464,MSTR
2025-11-06 16:30:00+00:00,33,2,10924,240.64,240.64,240.0,240.14,5177,MSTR
2025-11-06 16:31:00+00:00,33,2,10924,240.22,240.43,240.06,240.19,2726,MSTR
2025-11-06 16:32:00+00:00,33,2,10924,240.23,240.3,240.02,240.15,2156,MSTR
2025-11-06 16:33:00+00:00,33,2,10924,240.13,240.33,240.0,240.23,9677,MSTR
2025-11-06 16:34:00+00:00,33,2,10924,240.18,240.26,239.87,239.98,21073,MSTR
2025-11-06 16:35:00+00:00,33,2,10924,239.8,240.08,238.94,238.97,22017,MSTR
2025-11-06 16:36:00+00:00,33,2,10924,238.95,239.21,238.88,238.91,9231,MSTR
2025-11-06 16:37:00+00:00,33,2,10924,238.95,239.18,237.89,238.0,12496,MSTR
2025-11-06 16:38:00+00:00,33,2,10924,237.91,238.44,237.89,238.05,6850,MSTR
2025-11-06 16:39:00+00:00,33,2,10924,238.11,238.25,237.83,237.88,11581,MSTR
2025-11-06 16:40:00+00:00,33,2,10924,237.92,238.13,237.68,237.78,17304,MSTR
2025-11-06 16:41:00+00:00,33,2,10924,237.75,237.95,237.58,237.78,4394,MSTR
2025-11-06 16:42:00+00:00,33,2,10924,237.78,237.92,237.47,237.8,4426,MSTR
2025-11-06 16:43:00+00:00,33,2,10924,237.79,238.01,237.44,237.95,9178,MSTR
2025-11-06 16:44:00+00:00,33,2,10924,237.83,238.44,237.81,238.39,9803,MSTR
2025-11-06 16:45:00+00:00,33,2,10924,238.39,238.39,237.86,238.0,5813,MSTR
2025-11-06 16:46:00+00:00,33,2,10924,238.02,238.43,237.89,238.085,4194,MSTR
2025-11-06 16:47:00+00:00,33,2,10924,238.05,238.35,237.86,238.23,15636,MSTR
2025-11-06 16:48:00+00:00,33,2,10924,238.25,238.3,237.78,238.09,5936,MSTR
2025-11-06 16:49:00+00:00,33,2,10924,238.0,238.0,237.7,237.76,3523,MSTR
2025-11-06 16:50:00+00:00,33,2,10924,237.765,237.81,237.19,237.32,8149,MSTR
2025-11-06 16:51:00+00:00,33,2,10924,237.34,238.24,237.31,237.99,6367,MSTR
2025-11-06 16:52:00+00:00,33,2,10924,238.12,239.4,238.12,239.4,12351,MSTR
2025-11-06 16:53:00+00:00,33,2,10924,239.375,239.41,239.05,239.35,2353,MSTR
2025-11-06 16:54:00+00:00,33,2,10924,239.35,239.58,239.24,239.39,3114,MSTR
2025-11-06 16:55:00+00:00,33,2,10924,239.26,239.28,237.85,237.91,6623,MSTR
2025-11-06 16:56:00+00:00,33,2,10924,237.92,238.16,236.87,237.07,12883,MSTR
2025-11-06 16:57:00+00:00,33,2,10924,237.05,237.88,236.96,237.74,4773,MSTR
2025-11-06 16:58:00+00:00,33,2,10924,237.84,238.3,237.82,238.03,4614,MSTR
2025-11-06 16:59:00+00:00,33,2,10924,237.99,238.23,237.5,237.66,3343,MSTR
2025-11-06 17:00:00+00:00,33,2,10924,237.68,238.4,237.68,238.34,5024,MSTR
2025-11-06 17:01:00+00:00,33,2,10924,238.44,238.49,237.92,238.34,7194,MSTR
2025-11-06 17:02:00+00:00,33,2,10924,238.12,239.0,238.08,238.97,4675,MSTR
2025-11-06 17:03:00+00:00,33,2,10924,238.98,238.98,238.45,238.78,2095,MSTR
2025-11-06 17:04:00+00:00,33,2,10924,238.81,239.27,238.35,238.45,7336,MSTR
2025-11-06 17:05:00+00:00,33,2,10924,238.49,238.55,238.07,238.52,2020,MSTR
2025-11-06 17:06:00+00:00,33,2,10924,238.49,238.5,237.93,238.11,6441,MSTR
2025-11-06 17:07:00+00:00,33,2,10924,238.01,238.1,237.26,237.26,8737,MSTR
2025-11-06 17:08:00+00:00,33,2,10924,237.28,237.55,237.2,237.5,3623,MSTR
2025-11-06 17:09:00+00:00,33,2,10924,237.5,238.71,237.5,238.635,2236,MSTR
2025-11-06 17:10:00+00:00,33,2,10924,238.72,239.44,238.72,239.32,5801,MSTR
2025-11-06 17:11:00+00:00,33,2,10924,239.43,239.85,239.25,239.56,2510,MSTR
2025-11-06 17:12:00+00:00,33,2,10924,239.63,240.27,239.35,239.4,8107,MSTR
2025-11-06 17:13:00+00:00,33,2,10924,239.33,239.51,238.89,238.89,2142,MSTR
2025-11-06 17:14:00+00:00,33,2,10924,238.98,238.99,238.55,238.55,818,MSTR
2025-11-06 17:15:00+00:00,33,2,10924,238.51,238.58,238.26,238.31,5115,MSTR
2025-11-06 17:16:00+00:00,33,2,10924,238.335,238.5,238.23,238.33,1625,MSTR
2025-11-06 17:17:00+00:00,33,2,10924,238.29,238.5,238.16,238.33,1625,MSTR
2025-11-06 17:18:00+00:00,33,2,10924,238.35,238.81,238.35,238.53,3617,MSTR
2025-11-06 17:19:00+00:00,33,2,10924,238.45,238.67,238.4,238.63,987,MSTR
2025-11-06 17:20:00+00:00,33,2,10924,238.59,238.59,238.1,238.13,1265,MSTR
2025-11-06 17:21:00+00:00,33,2,10924,238.13,238.13,237.39,237.45,2474,MSTR
2025-11-06 17:22:00+00:00,33,2,10924,237.49,238.14,237.49,238.02,6391,MSTR
2025-11-06 17:23:00+00:00,33,2,10924,238.02,238.24,237.7,237.7,2535,MSTR
2025-11-06 17:24:00+00:00,33,2,10924,237.73,237.92,237.71,237.77,1888,MSTR
2025-11-06 17:25:00+00:00,33,2,10924,237.8,237.82,237.54,237.62,4190,MSTR
2025-11-06 17:26:00+00:00,33,2,10924,237.67,237.83,237.3,237.37,3497,MSTR
2025-11-06 17:27:00+00:00,33,2,10924,237.37,237.79,237.31,237.79,1929,MSTR
2025-11-06 17:28:00+00:00,33,2,10924,237.77,237.99,237.69,237.9,2986,MSTR
2025-11-06 17:29:00+00:00,33,2,10924,237.95,238.2,237.93,237.93,855,MSTR
2025-11-06 17:30:00+00:00,33,2,10924,237.93,237.93,237.33,237.5,2682,MSTR
2025-11-06 17:31:00+00:00,33,2,10924,237.5,237.85,237.39,237.52,2378,MSTR
2025-11-06 17:32:00+00:00,33,2,10924,237.68,238.36,237.68,238.15,2725,MSTR
2025-11-06 17:33:00+00:00,33,2,10924,238.13,238.51,238.11,238.455,1839,MSTR
2025-11-06 17:34:00+00:00,33,2,10924,238.43,238.49,237.73,237.91,4012,MSTR
2025-11-06 17:35:00+00:00,33,2,10924,237.84,238.8,237.84,238.79,7230,MSTR
2025-11-06 17:36:00+00:00,33,2,10924,238.79,239.05,238.46,238.55,12596,MSTR
2025-11-06 17:37:00+00:00,33,2,10924,238.63,239.16,238.56,238.84,3528,MSTR
2025-11-06 17:38:00+00:00,33,2,10924,238.9,239.3,238.71,239.18,2715,MSTR
2025-11-06 17:39:00+00:00,33,2,10924,239.14,239.18,238.67,238.67,2394,MSTR
2025-11-06 17:40:00+00:00,33,2,10924,238.56,238.83,238.5,238.78,4720,MSTR
2025-11-06 17:41:00+00:00,33,2,10924,238.83,239.02,238.67,238.7,2759,MSTR
2025-11-06 17:42:00+00:00,33,2,10924,238.7,239.16,238.69,239.16,2672,MSTR
2025-11-06 17:43:00+00:00,33,2,10924,239.18,239.62,239.145,239.57,3411,MSTR
2025-11-06 17:44:00+00:00,33,2,10924,239.57,239.59,239.27,239.38,1008,MSTR
2025-11-06 17:45:00+00:00,33,2,10924,239.48,239.67,239.42,239.44,1023,MSTR
2025-11-06 17:46:00+00:00,33,2,10924,239.475,239.67,239.42,239.59,2185,MSTR
2025-11-06 17:47:00+00:00,33,2,10924,239.61,240.38,239.61,240.315,6285,MSTR
2025-11-06 17:48:00+00:00,33,2,10924,240.27,240.5,240.15,240.39,4587,MSTR
2025-11-06 17:49:00+00:00,33,2,10924,240.48,240.87,240.42,240.5,4155,MSTR
2025-11-06 17:50:00+00:00,33,2,10924,240.49,240.81,240.41,240.81,3041,MSTR
2025-11-06 17:51:00+00:00,33,2,10924,240.78,240.78,240.43,240.57,2519,MSTR
2025-11-06 17:52:00+00:00,33,2,10924,240.53,240.78,240.42,240.7,3597,MSTR
2025-11-06 17:53:00+00:00,33,2,10924,240.7,240.75,240.11,240.315,3724,MSTR
2025-11-06 17:54:00+00:00,33,2,10924,240.31,240.94,240.31,240.83,1973,MSTR
2025-11-06 17:55:00+00:00,33,2,10924,240.96,241.0,240.46,240.86,6799,MSTR
2025-11-06 17:56:00+00:00,33,2,10924,240.89,241.04,240.58,240.67,2838,MSTR
2025-11-06 17:57:00+00:00,33,2,10924,240.62,240.87,240.5,240.59,1041,MSTR
2025-11-06 17:58:00+00:00,33,2,10924,240.64,241.02,240.63,240.8,1808,MSTR
2025-11-06 17:59:00+00:00,33,2,10924,240.85,240.93,240.61,240.61,696,MSTR
2025-11-06 18:00:00+00:00,33,2,10924,240.69,240.69,240.23,240.38,2478,MSTR
2025-11-06 18:01:00+00:00,33,2,10924,240.385,240.61,240.385,240.485,2434,MSTR
2025-11-06 18:02:00+00:00,33,2,10924,240.5,240.5,239.68,240.0,3903,MSTR
2025-11-06 18:03:00+00:00,33,2,10924,239.88,239.88,239.24,239.3,2631,MSTR
2025-11-06 18:04:00+00:00,33,2,10924,239.33,239.36,238.95,239.14,3812,MSTR
2025-11-06 18:05:00+00:00,33,2,10924,239.14,239.2,238.83,238.93,5873,MSTR
2025-11-06 18:06:00+00:00,33,2,10924,238.86,238.86,238.17,238.17,4019,MSTR
2025-11-06 18:07:00+00:00,33,2,10924,238.33,238.82,238.33,238.75,5037,MSTR
2025-11-06 18:08:00+00:00,33,2,10924,238.67,238.76,238.5,238.64,3113,MSTR
2025-11-06 18:09:00+00:00,33,2,10924,238.565,238.605,238.41,238.45,1250,MSTR
2025-11-06 18:10:00+00:00,33,2,10924,238.39,238.53,238.2,238.2,1903,MSTR
2025-11-06 18:11:00+00:00,33,2,10924,238.33,238.49,238.07,238.38,1622,MSTR
2025-11-06 18:12:00+00:00,33,2,10924,238.29,238.35,238.11,238.2,1301,MSTR
2025-11-06 18:13:00+00:00,33,2,10924,238.24,238.34,238.0,238.18,3906,MSTR
2025-11-06 18:14:00+00:00,33,2,10924,238.12,238.31,237.88,238.31,2400,MSTR
2025-11-06 18:15:00+00:00,33,2,10924,238.21,238.34,237.89,237.97,1275,MSTR
2025-11-06 18:16:00+00:00,33,2,10924,237.91,237.92,237.65,237.8,2350,MSTR
2025-11-06 18:17:00+00:00,33,2,10924,237.78,237.86,237.62,237.85,1939,MSTR
2025-11-06 18:18:00+00:00,33,2,10924,237.81,238.15,237.75,238.13,4031,MSTR
2025-11-06 18:19:00+00:00,33,2,10924,238.19,238.22,237.95,238.09,2110,MSTR
2025-11-06 18:20:00+00:00,33,2,10924,238.11,238.28,238.08,238.215,1774,MSTR
2025-11-06 18:21:00+00:00,33,2,10924,238.3,238.47,238.03,238.3,3549,MSTR
2025-11-06 18:22:00+00:00,33,2,10924,238.3,238.63,238.25,238.46,4422,MSTR
2025-11-06 18:23:00+00:00,33,2,10924,238.525,239.12,238.525,239.08,1992,MSTR
2025-11-06 18:24:00+00:00,33,2,10924,239.05,239.41,238.98,239.41,1338,MSTR
2025-11-06 18:25:00+00:00,33,2,10924,239.33,239.87,239.32,239.67,2019,MSTR
2025-11-06 18:26:00+00:00,33,2,10924,239.72,240.58,239.715,240.505,1685,MSTR
2025-11-06 18:27:00+00:00,33,2,10924,240.505,240.66,239.95,239.95,8642,MSTR
2025-11-06 18:28:00+00:00,33,2,10924,240.05,240.29,239.97,240.08,19036,MSTR
2025-11-06 18:29:00+00:00,33,2,10924,240.15,240.26,239.87,239.87,1719,MSTR
2025-11-06 18:30:00+00:00,33,2,10924,239.92,240.23,239.92,240.19,1696,MSTR
2025-11-06 18:31:00+00:00,33,2,10924,240.17,240.27,239.7,239.7,3126,MSTR
2025-11-06 18:32:00+00:00,33,2,10924,239.65,239.97,239.62,239.97,11036,MSTR
2025-11-06 18:33:00+00:00,33,2,10924,239.98,240.15,239.72,239.8,2201,MSTR
2025-11-06 18:34:00+00:00,33,2,10924,239.81,240.07,239.78,239.89,1284,MSTR
2025-11-06 18:35:00+00:00,33,2,10924,239.94,240.39,239.94,240.33,2382,MSTR
2025-11-06 18:36:00+00:00,33,2,10924,240.36,240.48,240.16,240.48,1783,MSTR
2025-11-06 18:37:00+00:00,33,2,10924,240.48,240.48,240.27,240.41,1030,MSTR
2025-11-06 18:38:00+00:00,33,2,10924,240.33,240.53,239.95,240.14,14676,MSTR
2025-11-06 18:39:00+00:00,33,2,10924,240.11,240.23,239.75,239.94,3036,MSTR
2025-11-06 18:40:00+00:00,33,2,10924,240.05,240.39,240.05,240.14,1974,MSTR
2025-11-06 18:41:00+00:00,33,2,10924,240.14,240.14,239.8,239.87,2407,MSTR
2025-11-06 18:42:00+00:00,33,2,10924,239.91,240.26,239.88,240.21,2342,MSTR
2025-11-06 18:43:00+00:00,33,2,10924,240.16,240.28,239.9,239.915,1289,MSTR
2025-11-06 18:44:00+00:00,33,2,10924,240.01,240.09,239.8,239.86,1177,MSTR
2025-11-06 18:45:00+00:00,33,2,10924,239.89,239.99,239.73,239.83,693,MSTR
2025-11-06 18:46:00+00:00,33,2,10924,239.85,239.94,239.26,239.34,2631,MSTR
2025-11-06 18:47:00+00:00,33,2,10924,239.26,239.81,239.25,239.67,3073,MSTR
2025-11-06 18:48:00+00:00,33,2,10924,239.67,240.44,239.66,240.41,2351,MSTR
2025-11-06 18:49:00+00:00,33,2,10924,240.46,240.67,240.32,240.61,1885,MSTR
2025-11-06 18:50:00+00:00,33,2,10924,240.62,240.68,240.05,240.05,1874,MSTR
2025-11-06 18:51:00+00:00,33,2,10924,240.08,240.15,239.67,239.72,3259,MSTR
2025-11-06 18:52:00+00:00,33,2,10924,239.71,239.86,239.65,239.82,1412,MSTR
2025-11-06 18:53:00+00:00,33,2,10924,239.84,240.01,239.54,239.99,6754,MSTR
2025-11-06 18:54:00+00:00,33,2,10924,239.97,240.155,239.78,240.1,1499,MSTR
2025-11-06 18:55:00+00:00,33,2,10924,240.08,240.08,239.5,239.75,22404,MSTR
2025-11-06 18:56:00+00:00,33,2,10924,239.79,239.79,239.6,239.75,6267,MSTR
2025-11-06 18:57:00+00:00,33,2,10924,239.71,239.81,239.64,239.64,1485,MSTR
2025-11-06 18:58:00+00:00,33,2,10924,239.655,239.72,239.51,239.59,6587,MSTR
2025-11-06 18:59:00+00:00,33,2,10924,239.61,240.08,239.61,240.07,9489,MSTR
2025-11-06 19:00:00+00:00,33,2,10924,240.01,240.35,239.8,240.13,5845,MSTR
2025-11-06 19:01:00+00:00,33,2,10924,240.13,240.49,240.03,240.47,3450,MSTR
2025-11-06 19:02:00+00:00,33,2,10924,240.43,240.52,240.31,240.4,3697,MSTR
2025-11-06 19:03:00+00:00,33,2,10924,240.34,240.73,240.24,240.64,2732,MSTR
2025-11-06 19:04:00+00:00,33,2,10924,240.65,241.42,240.53,241.24,4040,MSTR
2025-11-06 19:05:00+00:00,33,2,10924,241.24,241.87,241.15,241.75,4032,MSTR
2025-11-06 19:06:00+00:00,33,2,10924,241.85,242.42,241.82,242.09,4891,MSTR
2025-11-06 19:07:00+00:00,33,2,10924,242.13,242.19,241.95,242.16,2503,MSTR
2025-11-06 19:08:00+00:00,33,2,10924,242.14,242.35,241.95,242.06,4249,MSTR
2025-11-06 19:09:00+00:00,33,2,10924,242.17,242.4,242.0,242.4,3927,MSTR
2025-11-06 19:10:00+00:00,33,2,10924,242.34,242.51,242.32,242.35,1486,MSTR
2025-11-06 19:11:00+00:00,33,2,10924,242.4,242.86,242.4,242.75,1759,MSTR
2025-11-06 19:12:00+00:00,33,2,10924,242.79,242.98,242.63,242.95,2410,MSTR
2025-11-06 19:13:00+00:00,33,2,10924,242.93,243.23,242.67,242.73,6536,MSTR
2025-11-06 19:14:00+00:00,33,2,10924,242.73,243.14,242.73,243.1,2925,MSTR
2025-11-06 19:15:00+00:00,33,2,10924,243.13,243.41,243.13,243.3,1891,MSTR
2025-11-06 19:16:00+00:00,33,2,10924,243.37,243.44,242.77,243.09,3743,MSTR
2025-11-06 19:17:00+00:00,33,2,10924,243.02,243.27,242.7,242.73,4670,MSTR
2025-11-06 19:18:00+00:00,33,2,10924,242.84,243.0,242.78,242.87,1825,MSTR
2025-11-06 19:19:00+00:00,33,2,10924,242.85,243.35,242.835,243.285,1523,MSTR
2025-11-06 19:20:00+00:00,33,2,10924,243.285,243.285,242.68,242.68,3016,MSTR
2025-11-06 19:21:00+00:00,33,2,10924,242.705,242.73,242.49,242.67,2024,MSTR
2025-11-06 19:22:00+00:00,33,2,10924,242.61,242.79,242.12,242.53,1832,MSTR
2025-11-06 19:23:00+00:00,33,2,10924,242.5,242.86,242.47,242.76,1753,MSTR
2025-11-06 19:24:00+00:00,33,2,10924,242.75,242.89,242.58,242.58,1741,MSTR
2025-11-06 19:25:00+00:00,33,2,10924,242.59,242.59,242.3,242.3,2622,MSTR
2025-11-06 19:26:00+00:00,33,2,10924,242.26,242.31,241.87,242.31,11402,MSTR
2025-11-06 19:27:00+00:00,33,2,10924,242.28,242.43,241.6,241.6,8478,MSTR
2025-11-06 19:28:00+00:00,33,2,10924,241.665,242.12,241.61,241.99,3900,MSTR
2025-11-06 19:29:00+00:00,33,2,10924,242.15,242.3,241.83,241.93,11781,MSTR
2025-11-06 19:30:00+00:00,33,2,10924,241.85,241.85,240.85,240.92,17646,MSTR
2025-11-06 19:31:00+00:00,33,2,10924,240.9,241.44,240.88,241.33,3633,MSTR
2025-11-06 19:32:00+00:00,33,2,10924,241.41,241.97,241.4,241.94,2037,MSTR
2025-11-06 19:33:00+00:00,33,2,10924,242.02,242.03,241.29,241.31,2997,MSTR
2025-11-06 19:34:00+00:00,33,2,10924,241.43,241.45,241.11,241.35,2914,MSTR
2025-11-06 19:35:00+00:00,33,2,10924,241.38,241.47,241.12,241.2,1187,MSTR
2025-11-06 19:36:00+00:00,33,2,10924,241.3,241.62,241.22,241.5,3012,MSTR
2025-11-06 19:37:00+00:00,33,2,10924,241.51,241.51,241.26,241.38,1910,MSTR
2025-11-06 19:38:00+00:00,33,2,10924,241.51,241.66,241.43,241.6,1193,MSTR
2025-11-06 19:39:00+00:00,33,2,10924,241.61,241.61,240.8,240.8,1932,MSTR
2025-11-06 19:40:00+00:00,33,2,10924,240.79,240.83,240.28,240.28,2490,MSTR
2025-11-06 19:41:00+00:00,33,2,10924,240.25,240.26,239.21,239.21,5465,MSTR
2025-11-06 19:42:00+00:00,33,2,10924,239.27,239.345,238.84,238.84,5678,MSTR
2025-11-06 19:43:00+00:00,33,2,10924,238.92,239.09,238.785,238.87,5888,MSTR
2025-11-06 19:44:00+00:00,33,2,10924,238.91,239.4,238.85,239.23,8504,MSTR
2025-11-06 19:45:00+00:00,33,2,10924,239.14,239.35,238.94,239.33,5050,MSTR
2025-11-06 19:46:00+00:00,33,2,10924,239.33,239.37,238.95,239.08,2595,MSTR
2025-11-06 19:47:00+00:00,33,2,10924,239.03,239.17,238.75,238.91,2563,MSTR
2025-11-06 19:48:00+00:00,33,2,10924,238.97,238.97,238.2,238.27,4692,MSTR
2025-11-06 19:49:00+00:00,33,2,10924,238.27,238.62,238.27,238.48,3165,MSTR
2025-11-06 19:50:00+00:00,33,2,10924,238.48,238.53,238.27,238.35,2668,MSTR
2025-11-06 19:51:00+00:00,33,2,10924,238.36,238.45,237.81,237.89,7969,MSTR
2025-11-06 19:52:00+00:00,33,2,10924,237.81,237.92,237.49,237.64,6945,MSTR
2025-11-06 19:53:00+00:00,33,2,10924,237.56,237.9,237.51,237.81,5034,MSTR
2025-11-06 19:54:00+00:00,33,2,10924,237.83,238.05,237.68,237.69,2541,MSTR
2025-11-06 19:55:00+00:00,33,2,10924,237.66,237.81,237.44,237.81,3383,MSTR
2025-11-06 19:56:00+00:00,33,2,10924,237.82,238.05,237.61,238.05,1880,MSTR
2025-11-06 19:57:00+00:00,33,2,10924,238.02,238.48,237.78,238.44,3041,MSTR
2025-11-06 19:58:00+00:00,33,2,10924,238.62,238.81,238.38,238.69,4032,MSTR
2025-11-06 19:59:00+00:00,33,2,10924,238.69,238.735,238.5,238.72,2188,MSTR
2025-11-06 20:00:00+00:00,33,2,10924,238.78,239.73,238.78,239.42,5050,MSTR
2025-11-06 20:01:00+00:00,33,2,10924,239.45,239.66,239.37,239.41,1521,MSTR
2025-11-06 20:02:00+00:00,33,2,10924,239.51,239.97,239.07,239.39,2754,MSTR
2025-11-06 20:03:00+00:00,33,2,10924,239.49,239.83,239.49,239.57,2774,MSTR
2025-11-06 20:04:00+00:00,33,2,10924,239.59,240.0,239.59,239.98,2725,MSTR
2025-11-06 20:05:00+00:00,33,2,10924,239.95,240.26,239.77,239.85,2659,MSTR
2025-11-06 20:06:00+00:00,33,2,10924,239.79,239.79,239.36,239.43,1279,MSTR
2025-11-06 20:07:00+00:00,33,2,10924,239.435,239.435,239.0,239.05,3440,MSTR
2025-11-06 20:08:00+00:00,33,2,10924,239.0,239.52,238.99,239.0,2811,MSTR
2025-11-06 20:09:00+00:00,33,2,10924,238.98,239.18,238.9,239.08,3033,MSTR
2025-11-06 20:10:00+00:00,33,2,10924,239.05,239.12,238.91,238.97,2201,MSTR
2025-11-06 20:11:00+00:00,33,2,10924,238.96,239.02,238.56,238.76,3695,MSTR
2025-11-06 20:12:00+00:00,33,2,10924,238.82,239.26,238.29,238.29,5035,MSTR
2025-11-06 20:13:00+00:00,33,2,10924,238.435,238.53,237.98,238.0,4461,MSTR
2025-11-06 20:14:00+00:00,33,2,10924,238.08,238.08,237.6,237.76,4089,MSTR
2025-11-06 20:15:00+00:00,33,2,10924,237.67,237.87,237.41,237.52,4015,MSTR
2025-11-06 20:16:00+00:00,33,2,10924,237.5,237.5,237.15,237.39,4468,MSTR
2025-11-06 20:17:00+00:00,33,2,10924,237.39,238.0,237.28,237.73,7447,MSTR
2025-11-06 20:18:00+00:00,33,2,10924,237.77,238.08,237.66,238.01,2531,MSTR
2025-11-06 20:19:00+00:00,33,2,10924,238.1,238.27,238.06,238.12,1805,MSTR
2025-11-06 20:20:00+00:00,33,2,10924,238.175,238.55,237.98,238.29,4091,MSTR
2025-11-06 20:21:00+00:00,33,2,10924,238.25,238.39,237.95,238.17,2241,MSTR
2025-11-06 20:22:00+00:00,33,2,10924,238.21,238.38,238.0,238.15,1006,MSTR
2025-11-06 20:23:00+00:00,33,2,10924,238.2,238.75,238.14,238.73,16865,MSTR
2025-11-06 20:24:00+00:00,33,2,10924,238.67,238.67,238.34,238.44,1419,MSTR
2025-11-06 20:25:00+00:00,33,2,10924,238.37,238.51,238.0,238.25,13099,MSTR
2025-11-06 20:26:00+00:00,33,2,10924,238.255,238.56,238.18,238.42,2681,MSTR
2025-11-06 20:27:00+00:00,33,2,10924,238.41,238.43,238.08,238.35,7902,MSTR
2025-11-06 20:28:00+00:00,33,2,10924,238.405,238.44,238.3,238.39,1152,MSTR
2025-11-06 20:29:00+00:00,33,2,10924,238.44,238.49,238.13,238.21,11683,MSTR
2025-11-06 20:30:00+00:00,33,2,10924,238.19,239.2,238.08,239.15,7724,MSTR
2025-11-06 20:31:00+00:00,33,2,10924,239.17,239.23,238.23,238.36,2860,MSTR
2025-11-06 20:32:00+00:00,33,2,10924,238.355,238.67,238.18,238.67,5217,MSTR
2025-11-06 20:33:00+00:00,33,2,10924,238.59,239.05,238.58,238.96,4442,MSTR
2025-11-06 20:34:00+00:00,33,2,10924,238.99,239.78,238.99,239.75,2632,MSTR
2025-11-06 20:35:00+00:00,33,2,10924,239.765,240.15,239.73,240.04,9393,MSTR
2025-11-06 20:36:00+00:00,33,2,10924,240.01,240.39,239.87,239.995,6848,MSTR
2025-11-06 20:37:00+00:00,33,2,10924,240.03,240.29,239.95,239.96,3152,MSTR
2025-11-06 20:38:00+00:00,33,2,10924,239.95,240.33,239.82,240.16,4495,MSTR
2025-11-06 20:39:00+00:00,33,2,10924,240.14,240.2,239.55,239.77,2927,MSTR
2025-11-06 20:40:00+00:00,33,2,10924,239.84,239.89,239.36,239.365,4240,MSTR
2025-11-06 20:41:00+00:00,33,2,10924,239.31,239.41,239.08,239.365,5895,MSTR
2025-11-06 20:42:00+00:00,33,2,10924,239.35,239.35,238.71,238.84,7789,MSTR
2025-11-06 20:43:00+00:00,33,2,10924,238.89,239.04,238.7,238.815,4924,MSTR
2025-11-06 20:44:00+00:00,33,2,10924,238.77,238.91,238.34,238.46,6577,MSTR
2025-11-06 20:45:00+00:00,33,2,10924,238.4,238.865,238.38,238.6,8940,MSTR
2025-11-06 20:46:00+00:00,33,2,10924,238.65,238.68,236.6,236.71,34138,MSTR
2025-11-06 20:47:00+00:00,33,2,10924,236.71,236.73,235.95,236.095,21164,MSTR
2025-11-06 20:48:00+00:00,33,2,10924,236.06,236.15,235.6,235.81,18813,MSTR
2025-11-06 20:49:00+00:00,33,2,10924,235.85,235.865,235.08,235.11,33588,MSTR
2025-11-06 20:50:00+00:00,33,2,10924,235.22,236.61,235.04,236.6,22030,MSTR
2025-11-06 20:51:00+00:00,33,2,10924,236.59,236.61,236.07,236.44,17512,MSTR
2025-11-06 20:52:00+00:00,33,2,10924,236.39,237.45,236.36,237.45,21887,MSTR
2025-11-06 20:53:00+00:00,33,2,10924,237.4,237.4,236.76,236.99,18975,MSTR
2025-11-06 20:54:00+00:00,33,2,10924,236.95,237.26,236.37,237.26,23343,MSTR
2025-11-06 20:55:00+00:00,33,2,10924,237.27,239.36,237.195,238.14,59866,MSTR
2025-11-06 20:56:00+00:00,33,2,10924,238.12,238.27,237.41,237.465,37273,MSTR
2025-11-06 20:57:00+00:00,33,2,10924,237.49,237.62,237.11,237.22,57650,MSTR
2025-11-06 20:58:00+00:00,33,2,10924,237.25,237.51,237.17,237.235,88826,MSTR
2025-11-06 20:59:00+00:00,33,2,10924,237.27,237.36,236.86,236.87,183186,MSTR
2025-11-06 21:00:00+00:00,33,2,10924,237.11,237.99,236.85,237.73,1743768,MSTR
2025-11-06 21:01:00+00:00,33,2,10924,237.51,237.57,237.22,237.28,142,MSTR
2025-11-06 21:02:00+00:00,33,2,10924,237.38,237.4,237.2,237.2,994,MSTR
2025-11-06 21:03:00+00:00,33,2,10924,237.16,237.21,237.13,237.13,122,MSTR
2025-11-06 21:04:00+00:00,33,2,10924,237.16,237.16,236.31,236.37,908,MSTR
2025-11-06 21:05:00+00:00,33,2,10924,236.46,236.46,236.15,236.33,56,MSTR
2025-11-06 21:06:00+00:00,33,2,10924,236.46,236.46,236.4,236.4,54,MSTR
2025-11-06 21:07:00+00:00,33,2,10924,236.4,236.4,236.24,236.3,244,MSTR
2025-11-06 21:08:00+00:00,33,2,10924,236.43,237.2,236.43,237.05,2860,MSTR
2025-11-06 21:09:00+00:00,33,2,10924,237.04,237.51,237.04,237.51,1080,MSTR
2025-11-06 21:10:00+00:00,33,2,10924,237.58,237.58,237.58,237.58,33,MSTR
2025-11-06 21:11:00+00:00,33,2,10924,237.64,237.98,237.64,237.89,895,MSTR
2025-11-06 21:12:00+00:00,33,2,10924,238.0,238.15,238.0,238.0,228,MSTR
2025-11-06 21:13:00+00:00,33,2,10924,237.99,238.71,237.99,238.71,333,MSTR
2025-11-06 21:14:00+00:00,33,2,10924,238.69,238.98,238.69,238.98,122,MSTR
2025-11-06 21:15:00+00:00,33,2,10924,238.85,239.0,238.85,239.0,709,MSTR
2025-11-06 21:16:00+00:00,33,2,10924,238.54,238.63,238.51,238.51,344,MSTR
2025-11-06 21:17:00+00:00,33,2,10924,238.25,238.26,237.62,237.69,767,MSTR
2025-11-06 21:18:00+00:00,33,2,10924,237.79,237.85,237.64,237.64,41,MSTR
2025-11-06 21:19:00+00:00,33,2,10924,237.94,238.06,237.94,238.0,373,MSTR
2025-11-06 21:20:00+00:00,33,2,10924,238.19,238.23,237.9,237.9,115,MSTR
2025-11-06 21:21:00+00:00,33,2,10924,237.6,237.6,237.41,237.41,116,MSTR
2025-11-06 21:22:00+00:00,33,2,10924,237.31,237.31,237.03,237.03,1261,MSTR
2025-11-06 21:23:00+00:00,33,2,10924,237.04,237.04,237.01,237.01,40,MSTR
2025-11-06 21:24:00+00:00,33,2,10924,237.06,237.29,237.0,237.29,262,MSTR
2025-11-06 21:25:00+00:00,33,2,10924,237.0,237.0,237.0,237.0,1,MSTR
2025-11-06 21:26:00+00:00,33,2,10924,236.55,236.7,236.55,236.55,243,MSTR
2025-11-06 21:27:00+00:00,33,2,10924,236.61,236.61,236.61,236.61,1,MSTR
2025-11-06 21:28:00+00:00,33,2,10924,237.16,237.18,237.16,237.18,12,MSTR
2025-11-06 21:29:00+00:00,33,2,10924,237.45,237.45,237.45,237.45,3,MSTR
2025-11-06 21:32:00+00:00,33,2,10924,237.87,237.91,237.4,237.4,352,MSTR
2025-11-06 21:34:00+00:00,33,2,10924,237.99,238.01,237.98,238.01,311,MSTR
2025-11-06 21:35:00+00:00,33,2,10924,237.81,237.81,237.81,237.81,1,MSTR
2025-11-06 21:36:00+00:00,33,2,10924,237.81,237.81,237.81,237.81,9,MSTR
2025-11-06 21:37:00+00:00,33,2,10924,237.98,237.98,237.98,237.98,10,MSTR
2025-11-06 21:41:00+00:00,33,2,10924,237.82,237.82,237.8,237.8,12,MSTR
2025-11-06 21:42:00+00:00,33,2,10924,238.46,238.49,238.43,238.43,80,MSTR
2025-11-06 21:43:00+00:00,33,2,10924,238.45,238.47,238.3,238.32,60,MSTR
2025-11-06 21:44:00+00:00,33,2,10924,238.6,238.6,238.5,238.5,115,MSTR
2025-11-06 21:46:00+00:00,33,2,10924,238.4,238.4,238.35,238.35,100,MSTR
2025-11-06 21:47:00+00:00,33,2,10924,238.23,238.23,238.23,238.23,2,MSTR
2025-11-06 21:48:00+00:00,33,2,10924,238.46,238.46,238.46,238.46,17,MSTR
2025-11-06 21:49:00+00:00,33,2,10924,238.15,238.44,238.15,238.18,144,MSTR
2025-11-06 21:50:00+00:00,33,2,10924,238.17,238.17,238.0,238.0,112,MSTR
2025-11-06 21:52:00+00:00,33,2,10924,238.06,238.06,238.06,238.06,5,MSTR
2025-11-06 21:53:00+00:00,33,2,10924,238.25,238.25,238.25,238.25,64,MSTR
2025-11-06 21:54:00+00:00,33,2,10924,238.25,238.25,238.25,238.25,9,MSTR
2025-11-06 21:55:00+00:00,33,2,10924,238.0,238.0,238.0,238.0,20,MSTR
2025-11-06 21:56:00+00:00,33,2,10924,237.98,238.29,237.98,238.26,2048,MSTR
2025-11-06 21:57:00+00:00,33,2,10924,238.0,238.0,238.0,238.0,15,MSTR
2025-11-06 21:58:00+00:00,33,2,10924,238.0,238.0,237.61,237.61,156,MSTR
2025-11-06 22:02:00+00:00,33,2,10924,238.14,238.15,237.97,238.15,200,MSTR
2025-11-06 22:03:00+00:00,33,2,10924,238.15,238.15,238.15,238.15,43,MSTR
2025-11-06 22:04:00+00:00,33,2,10924,238.15,238.15,238.15,238.15,135,MSTR
2025-11-06 22:05:00+00:00,33,2,10924,238.15,238.15,238.15,238.15,25,MSTR
2025-11-06 22:06:00+00:00,33,2,10924,238.23,238.23,238.23,238.23,13,MSTR
2025-11-06 22:07:00+00:00,33,2,10924,238.23,238.24,238.23,238.24,30,MSTR
2025-11-06 22:08:00+00:00,33,2,10924,238.21,238.21,238.21,238.21,6,MSTR
2025-11-06 22:09:00+00:00,33,2,10924,238.45,238.45,238.45,238.45,3,MSTR
2025-11-06 22:10:00+00:00,33,2,10924,238.22,238.22,238.12,238.12,95,MSTR
2025-11-06 22:11:00+00:00,33,2,10924,238.49,238.49,238.25,238.25,41,MSTR
2025-11-06 22:13:00+00:00,33,2,10924,238.43,238.43,238.43,238.43,27,MSTR
2025-11-06 22:15:00+00:00,33,2,10924,238.25,238.25,238.25,238.25,49,MSTR
2025-11-06 22:16:00+00:00,33,2,10924,238.2,238.25,238.2,238.25,9,MSTR
2025-11-06 22:17:00+00:00,33,2,10924,238.35,238.35,238.22,238.22,35,MSTR
2025-11-06 22:21:00+00:00,33,2,10924,238.5,238.5,238.5,238.5,101,MSTR
2025-11-06 22:22:00+00:00,33,2,10924,238.5,238.59,238.5,238.59,20,MSTR
2025-11-06 22:23:00+00:00,33,2,10924,238.5,238.5,238.42,238.42,120,MSTR
2025-11-06 22:24:00+00:00,33,2,10924,238.43,238.46,238.43,238.44,51,MSTR
2025-11-06 22:25:00+00:00,33,2,10924,238.45,238.45,238.39,238.39,54,MSTR
2025-11-06 22:26:00+00:00,33,2,10924,238.21,238.25,238.13,238.13,8,MSTR
2025-11-06 22:27:00+00:00,33,2,10924,238.0,238.0,238.0,238.0,12,MSTR
2025-11-06 22:28:00+00:00,33,2,10924,237.85,238.0,237.85,237.9,10,MSTR
2025-11-06 22:29:00+00:00,33,2,10924,238.01,238.2,238.01,238.2,51,MSTR
2025-11-06 22:30:00+00:00,33,2,10924,238.1,238.19,238.1,238.19,77,MSTR
2025-11-06 22:31:00+00:00,33,2,10924,237.72,237.72,237.7,237.7,18,MSTR
2025-11-06 22:32:00+00:00,33,2,10924,237.7,237.7,237.7,237.7,3,MSTR
2025-11-06 22:33:00+00:00,33,2,10924,238.08,238.08,238.08,238.08,2,MSTR
2025-11-06 22:34:00+00:00,33,2,10924,238.0,238.0,237.89,237.89,9,MSTR
2025-11-06 22:35:00+00:00,33,2,10924,237.7,237.78,237.7,237.7,134,MSTR
2025-11-06 22:36:00+00:00,33,2,10924,237.7,237.75,237.7,237.75,23,MSTR
2025-11-06 22:38:00+00:00,33,2,10924,237.5,237.5,237.5,237.5,66,MSTR
2025-11-06 22:42:00+00:00,33,2,10924,237.72,237.72,237.7,237.7,12,MSTR
2025-11-06 22:44:00+00:00,33,2,10924,237.79,237.79,237.79,237.79,1,MSTR
2025-11-06 22:46:00+00:00,33,2,10924,237.6,237.6,237.6,237.6,10,MSTR
2025-11-06 22:50:00+00:00,33,2,10924,237.99,237.99,237.6,237.6,736,MSTR
2025-11-06 22:51:00+00:00,33,2,10924,237.52,237.6,237.5,237.6,8,MSTR
2025-11-06 22:52:00+00:00,33,2,10924,237.6,237.99,237.5,237.99,298,MSTR
2025-11-06 22:53:00+00:00,33,2,10924,237.55,237.55,237.55,237.55,20,MSTR
2025-11-06 22:54:00+00:00,33,2,10924,237.55,237.55,237.51,237.51,12,MSTR
2025-11-06 22:56:00+00:00,33,2,10924,237.98,237.98,237.55,237.55,20,MSTR
2025-11-06 22:58:00+00:00,33,2,10924,237.7,237.7,237.53,237.53,2,MSTR
2025-11-06 23:00:00+00:00,33,2,10924,238.0,238.0,237.9,237.9,6,MSTR
2025-11-06 23:01:00+00:00,33,2,10924,237.89,237.9,237.88,237.89,47,MSTR
2025-11-06 23:02:00+00:00,33,2,10924,237.8,237.8,237.8,237.8,14,MSTR
2025-11-06 23:04:00+00:00,33,2,10924,237.51,237.51,237.22,237.22,177,MSTR
2025-11-06 23:06:00+00:00,33,2,10924,237.86,237.86,237.86,237.86,4,MSTR
2025-11-06 23:08:00+00:00,33,2,10924,237.86,237.86,237.86,237.86,3,MSTR
2025-11-06 23:09:00+00:00,33,2,10924,237.86,237.86,237.3,237.76,369,MSTR
2025-11-06 23:11:00+00:00,33,2,10924,237.5,237.5,237.5,237.5,42,MSTR
2025-11-06 23:12:00+00:00,33,2,10924,237.64,237.64,237.45,237.45,45,MSTR
2025-11-06 23:13:00+00:00,33,2,10924,237.64,237.64,237.64,237.64,2,MSTR
2025-11-06 23:14:00+00:00,33,2,10924,237.84,237.84,237.84,237.84,4,MSTR
2025-11-06 23:15:00+00:00,33,2,10924,237.84,237.9,237.61,237.9,59,MSTR
2025-11-06 23:16:00+00:00,33,2,10924,237.93,237.93,237.61,237.89,183,MSTR
2025-11-06 23:17:00+00:00,33,2,10924,237.71,237.71,237.71,237.71,40,MSTR
2025-11-06 23:19:00+00:00,33,2,10924,237.85,237.85,237.85,237.85,5,MSTR
2025-11-06 23:21:00+00:00,33,2,10924,237.9,237.9,237.5,237.5,42,MSTR
2025-11-06 23:22:00+00:00,33,2,10924,237.5,237.5,237.5,237.5,9,MSTR
2025-11-06 23:25:00+00:00,33,2,10924,237.45,237.45,237.36,237.36,65,MSTR
2025-11-06 23:26:00+00:00,33,2,10924,237.31,237.31,237.3,237.3,6,MSTR
2025-11-06 23:30:00+00:00,33,2,10924,237.1,237.1,237.1,237.1,2,MSTR
2025-11-06 23:32:00+00:00,33,2,10924,237.19,237.19,236.85,236.85,374,MSTR
2025-11-06 23:33:00+00:00,33,2,10924,236.7,236.7,236.7,236.7,20,MSTR
2025-11-06 23:35:00+00:00,33,2,10924,236.85,236.85,236.3,236.3,511,MSTR
2025-11-06 23:38:00+00:00,33,2,10924,236.44,236.52,236.44,236.5,117,MSTR
2025-11-06 23:39:00+00:00,33,2,10924,236.4,236.4,236.3,236.3,23,MSTR
2025-11-06 23:40:00+00:00,33,2,10924,236.25,236.55,236.12,236.48,401,MSTR
2025-11-06 23:42:00+00:00,33,2,10924,236.51,236.56,236.51,236.56,20,MSTR
2025-11-06 23:45:00+00:00,33,2,10924,237.01,237.06,237.01,237.06,110,MSTR
2025-11-06 23:46:00+00:00,33,2,10924,237.06,237.06,237.06,237.06,1,MSTR
2025-11-06 23:47:00+00:00,33,2,10924,237.06,237.06,237.06,237.06,1,MSTR
2025-11-06 23:49:00+00:00,33,2,10924,237.0,237.0,237.0,237.0,1,MSTR
2025-11-06 23:50:00+00:00,33,2,10924,237.0,237.28,237.0,237.0,134,MSTR
2025-11-06 23:53:00+00:00,33,2,10924,236.93,236.95,236.9,236.95,143,MSTR
2025-11-06 23:55:00+00:00,33,2,10924,236.95,236.95,236.95,236.95,100,MSTR
2025-11-07 09:00:00+00:00,33,2,10924,237.72,237.72,237.72,237.72,85,MSTR
2025-11-07 09:01:00+00:00,33,2,10924,237.7,237.72,237.55,237.72,28,MSTR
2025-11-07 09:02:00+00:00,33,2,10924,237.61,237.61,237.59,237.59,106,MSTR
2025-11-07 09:03:00+00:00,33,2,10924,237.66,237.66,237.48,237.48,284,MSTR
2025-11-07 09:04:00+00:00,33,2,10924,237.61,237.94,237.61,237.94,38,MSTR
2025-11-07 09:05:00+00:00,33,2,10924,237.85,237.91,237.67,237.91,35,MSTR
2025-11-07 09:06:00+00:00,33,2,10924,237.91,238.2,237.91,238.2,106,MSTR
2025-11-07 09:07:00+00:00,33,2,10924,237.7,237.7,237.6,237.6,88,MSTR
2025-11-07 09:08:00+00:00,33,2,10924,237.5,237.5,237.33,237.38,156,MSTR
2025-11-07 09:09:00+00:00,33,2,10924,237.03,237.03,236.75,236.75,67,MSTR
2025-11-07 09:10:00+00:00,33,2,10924,237.52,237.53,237.52,237.53,57,MSTR
2025-11-07 09:12:00+00:00,33,2,10924,237.79,237.79,237.79,237.79,2,MSTR
2025-11-07 09:14:00+00:00,33,2,10924,237.77,237.79,237.77,237.79,10,MSTR
2025-11-07 09:15:00+00:00,33,2,10924,237.79,237.79,237.79,237.79,8,MSTR
2025-11-07 09:17:00+00:00,33,2,10924,237.68,237.68,237.64,237.64,99,MSTR
2025-11-07 09:18:00+00:00,33,2,10924,238.1,238.11,237.95,238.11,209,MSTR
2025-11-07 09:19:00+00:00,33,2,10924,238.0,238.0,238.0,238.0,1,MSTR
2025-11-07 09:21:00+00:00,33,2,10924,238.34,238.41,238.34,238.41,45,MSTR
2025-11-07 09:22:00+00:00,33,2,10924,237.93,237.93,237.64,237.64,105,MSTR
2025-11-07 09:23:00+00:00,33,2,10924,237.27,237.3,237.27,237.3,5,MSTR
2025-11-07 09:24:00+00:00,33,2,10924,237.05,237.07,237.04,237.07,12,MSTR
2025-11-07 09:25:00+00:00,33,2,10924,236.94,236.94,236.65,236.67,87,MSTR
2025-11-07 09:26:00+00:00,33,2,10924,236.53,236.55,236.2,236.55,82,MSTR
2025-11-07 09:27:00+00:00,33,2,10924,236.45,236.61,236.01,236.01,241,MSTR
2025-11-07 09:28:00+00:00,33,2,10924,236.0,236.13,235.95,236.0,70,MSTR
2025-11-07 09:29:00+00:00,33,2,10924,236.03,236.04,236.03,236.04,201,MSTR
2025-11-07 09:30:00+00:00,33,2,10924,236.09,236.09,236.09,236.09,7,MSTR
2025-11-07 09:31:00+00:00,33,2,10924,236.43,236.43,236.27,236.27,70,MSTR
2025-11-07 09:32:00+00:00,33,2,10924,236.27,236.31,236.27,236.27,165,MSTR
2025-11-07 09:33:00+00:00,33,2,10924,236.11,236.11,235.95,235.97,672,MSTR
2025-11-07 09:34:00+00:00,33,2,10924,235.98,235.99,235.49,235.55,527,MSTR
2025-11-07 09:35:00+00:00,33,2,10924,235.76,235.9,235.76,235.9,89,MSTR
2025-11-07 09:36:00+00:00,33,2,10924,235.76,236.0,235.76,236.0,110,MSTR
2025-11-07 09:37:00+00:00,33,2,10924,236.09,236.09,236.0,236.0,4,MSTR
2025-11-07 09:38:00+00:00,33,2,10924,235.99,236.04,235.99,236.04,40,MSTR
2025-11-07 09:40:00+00:00,33,2,10924,235.79,235.79,235.7,235.76,339,MSTR
2025-11-07 09:41:00+00:00,33,2,10924,235.75,235.75,235.73,235.73,150,MSTR
2025-11-07 09:42:00+00:00,33,2,10924,235.56,235.56,235.35,235.4,633,MSTR
2025-11-07 09:43:00+00:00,33,2,10924,235.4,235.62,235.4,235.6,301,MSTR
2025-11-07 09:46:00+00:00,33,2,10924,235.69,235.69,235.54,235.54,12,MSTR
2025-11-07 09:47:00+00:00,33,2,10924,235.54,236.0,235.54,236.0,434,MSTR
2025-11-07 09:48:00+00:00,33,2,10924,236.03,236.03,236.0,236.0,200,MSTR
2025-11-07 09:49:00+00:00,33,2,10924,235.65,235.65,235.44,235.44,68,MSTR
2025-11-07 09:50:00+00:00,33,2,10924,235.45,235.66,235.44,235.66,263,MSTR
2025-11-07 09:51:00+00:00,33,2,10924,235.47,235.47,235.47,235.47,10,MSTR
2025-11-07 09:52:00+00:00,33,2,10924,235.3,235.4,235.3,235.4,103,MSTR
2025-11-07 09:53:00+00:00,33,2,10924,235.72,235.72,235.49,235.5,276,MSTR
2025-11-07 09:54:00+00:00,33,2,10924,235.59,235.59,235.5,235.5,106,MSTR
2025-11-07 09:55:00+00:00,33,2,10924,235.38,235.81,235.38,235.81,83,MSTR
2025-11-07 09:57:00+00:00,33,2,10924,236.15,236.16,236.15,236.16,58,MSTR
2025-11-07 09:58:00+00:00,33,2,10924,235.87,235.87,235.86,235.86,100,MSTR
2025-11-07 09:59:00+00:00,33,2,10924,235.84,235.97,235.84,235.97,72,MSTR
2025-11-07 10:00:00+00:00,33,2,10924,235.97,235.97,235.91,235.91,2,MSTR
2025-11-07 10:01:00+00:00,33,2,10924,235.7,236.14,235.7,236.14,21,MSTR
2025-11-07 10:02:00+00:00,33,2,10924,236.02,236.02,236.02,236.02,1,MSTR
2025-11-07 10:04:00+00:00,33,2,10924,236.1,236.1,236.1,236.1,1,MSTR
2025-11-07 10:05:00+00:00,33,2,10924,236.5,236.5,236.4,236.4,20,MSTR
2025-11-07 10:06:00+00:00,33,2,10924,236.6,236.64,236.6,236.64,147,MSTR
2025-11-07 10:07:00+00:00,33,2,10924,236.2,236.2,236.2,236.2,51,MSTR
2025-11-07 10:08:00+00:00,33,2,10924,236.01,236.01,236.01,236.01,53,MSTR
2025-11-07 10:09:00+00:00,33,2,10924,235.96,235.96,235.75,235.75,97,MSTR
2025-11-07 10:13:00+00:00,33,2,10924,235.8,235.8,235.8,235.8,89,MSTR
2025-11-07 10:14:00+00:00,33,2,10924,235.8,236.01,235.8,236.01,184,MSTR
2025-11-07 10:15:00+00:00,33,2,10924,235.5,235.5,235.4,235.5,121,MSTR
2025-11-07 10:16:00+00:00,33,2,10924,235.51,235.51,235.28,235.28,160,MSTR
2025-11-07 10:17:00+00:00,33,2,10924,235.5,235.5,235.12,235.12,1296,MSTR
2025-11-07 10:18:00+00:00,33,2,10924,235.24,235.24,235.18,235.18,193,MSTR
2025-11-07 10:19:00+00:00,33,2,10924,235.37,235.67,235.37,235.67,596,MSTR
2025-11-07 10:20:00+00:00,33,2,10924,235.67,235.67,235.67,235.67,1,MSTR
2025-11-07 10:21:00+00:00,33,2,10924,235.59,235.59,235.59,235.59,5,MSTR
2025-11-07 10:22:00+00:00,33,2,10924,235.4,235.55,235.3,235.39,245,MSTR
2025-11-07 10:23:00+00:00,33,2,10924,235.29,235.29,235.15,235.15,184,MSTR
2025-11-07 10:24:00+00:00,33,2,10924,235.12,235.39,235.1,235.23,697,MSTR
2025-11-07 10:25:00+00:00,33,2,10924,235.23,235.35,235.2,235.26,528,MSTR
2025-11-07 10:26:00+00:00,33,2,10924,235.35,235.37,235.29,235.37,538,MSTR
2025-11-07 10:27:00+00:00,33,2,10924,235.37,235.46,235.37,235.43,135,MSTR
2025-11-07 10:28:00+00:00,33,2,10924,235.54,235.64,235.54,235.63,202,MSTR
2025-11-07 10:29:00+00:00,33,2,10924,235.74,235.89,235.63,235.63,159,MSTR
2025-11-07 10:30:00+00:00,33,2,10924,235.79,236.5,235.79,236.36,817,MSTR
2025-11-07 10:31:00+00:00,33,2,10924,236.4,236.4,235.87,235.87,497,MSTR
2025-11-07 10:32:00+00:00,33,2,10924,235.64,235.84,235.64,235.79,201,MSTR
2025-11-07 10:33:00+00:00,33,2,10924,235.71,235.71,235.58,235.58,502,MSTR
2025-11-07 10:34:00+00:00,33,2,10924,235.57,235.57,235.57,235.57,1,MSTR
2025-11-07 10:35:00+00:00,33,2,10924,235.71,235.76,235.67,235.67,775,MSTR
2025-11-07 10:36:00+00:00,33,2,10924,235.67,235.67,235.42,235.42,301,MSTR
2025-11-07 10:37:00+00:00,33,2,10924,235.7,235.77,235.7,235.77,432,MSTR
2025-11-07 10:39:00+00:00,33,2,10924,235.7,235.7,235.62,235.62,20,MSTR
2025-11-07 10:41:00+00:00,33,2,10924,235.55,235.6,235.55,235.6,26,MSTR
2025-11-07 10:43:00+00:00,33,2,10924,235.6,235.6,235.6,235.6,13,MSTR
2025-11-07 10:45:00+00:00,33,2,10924,235.74,235.74,235.74,235.74,3,MSTR
2025-11-07 10:46:00+00:00,33,2,10924,235.74,235.74,235.74,235.74,4,MSTR
2025-11-07 10:47:00+00:00,33,2,10924,235.74,235.75,235.74,235.75,4,MSTR
2025-11-07 10:48:00+00:00,33,2,10924,235.63,235.63,235.63,235.63,21,MSTR
2025-11-07 10:49:00+00:00,33,2,10924,235.55,235.55,235.5,235.5,963,MSTR
2025-11-07 10:50:00+00:00,33,2,10924,235.4,235.4,235.34,235.34,52,MSTR
2025-11-07 10:51:00+00:00,33,2,10924,235.35,235.36,235.34,235.36,130,MSTR
2025-11-07 10:52:00+00:00,33,2,10924,235.25,235.25,235.1,235.21,247,MSTR
2025-11-07 10:53:00+00:00,33,2,10924,235.24,235.36,235.03,235.1,553,MSTR
2025-11-07 10:54:00+00:00,33,2,10924,235.16,235.16,235.16,235.16,23,MSTR
2025-11-07 10:55:00+00:00,33,2,10924,235.22,235.22,235.22,235.22,100,MSTR
2025-11-07 10:56:00+00:00,33,2,10924,235.23,235.23,235.16,235.17,121,MSTR
2025-11-07 10:57:00+00:00,33,2,10924,235.17,235.17,235.17,235.17,4,MSTR
2025-11-07 10:58:00+00:00,33,2,10924,235.05,235.13,235.0,235.07,958,MSTR
2025-11-07 11:00:00+00:00,33,2,10924,235.01,235.01,235.01,235.01,40,MSTR
2025-11-07 11:01:00+00:00,33,2,10924,235.1,235.1,234.75,234.83,1006,MSTR
2025-11-07 11:02:00+00:00,33,2,10924,234.75,234.75,234.5,234.5,1052,MSTR
2025-11-07 11:03:00+00:00,33,2,10924,234.5,234.56,234.36,234.36,261,MSTR
2025-11-07 11:04:00+00:00,33,2,10924,234.31,234.48,234.17,234.48,2318,MSTR
2025-11-07 11:05:00+00:00,33,2,10924,234.42,234.42,234.3,234.3,96,MSTR
2025-11-07 11:06:00+00:00,33,2,10924,234.15,234.61,234.0,234.5,230,MSTR
2025-11-07 11:07:00+00:00,33,2,10924,234.39,234.39,234.33,234.33,200,MSTR
2025-11-07 11:08:00+00:00,33,2,10924,234.1,234.1,234.0,234.01,894,MSTR
2025-11-07 11:09:00+00:00,33,2,10924,234.0,234.0,233.78,233.78,1136,MSTR
2025-11-07 11:10:00+00:00,33,2,10924,233.75,233.77,233.71,233.77,41,MSTR
2025-11-07 11:11:00+00:00,33,2,10924,233.97,233.97,233.6,233.6,79,MSTR
2025-11-07 11:12:00+00:00,33,2,10924,233.55,233.55,233.3,233.3,91,MSTR
2025-11-07 11:13:00+00:00,33,2,10924,233.25,233.27,232.98,233.15,2261,MSTR
2025-11-07 11:14:00+00:00,33,2,10924,233.17,233.34,232.75,232.75,374,MSTR
2025-11-07 11:15:00+00:00,33,2,10924,232.65,232.87,232.43,232.87,482,MSTR
2025-11-07 11:16:00+00:00,33,2,10924,232.86,233.0,232.44,232.5,688,MSTR
2025-11-07 11:17:00+00:00,33,2,10924,232.38,232.98,232.32,232.63,1239,MSTR
2025-11-07 11:18:00+00:00,33,2,10924,232.98,233.0,232.7,233.0,394,MSTR
2025-11-07 11:19:00+00:00,33,2,10924,233.0,233.0,232.85,232.85,578,MSTR
2025-11-07 11:20:00+00:00,33,2,10924,232.76,232.97,232.76,232.97,385,MSTR
2025-11-07 11:21:00+00:00,33,2,10924,233.04,233.46,233.03,233.46,365,MSTR
2025-11-07 11:22:00+00:00,33,2,10924,233.46,233.46,233.11,233.38,213,MSTR
2025-11-07 11:23:00+00:00,33,2,10924,233.48,233.48,233.06,233.07,59,MSTR
2025-11-07 11:24:00+00:00,33,2,10924,233.15,233.15,233.1,233.15,107,MSTR
2025-11-07 11:25:00+00:00,33,2,10924,233.18,233.18,232.97,233.0,276,MSTR
2025-11-07 11:26:00+00:00,33,2,10924,233.0,233.0,232.99,232.99,930,MSTR
2025-11-07 11:27:00+00:00,33,2,10924,232.56,233.6,232.56,233.12,2561,MSTR
2025-11-07 11:28:00+00:00,33,2,10924,232.96,233.2,232.96,233.15,860,MSTR
2025-11-07 11:29:00+00:00,33,2,10924,233.5,233.63,232.5,232.93,762,MSTR
2025-11-07 11:30:00+00:00,33,2,10924,232.59,232.77,232.45,232.45,791,MSTR
2025-11-07 11:31:00+00:00,33,2,10924,232.42,232.49,232.2,232.36,2568,MSTR
2025-11-07 11:32:00+00:00,33,2,10924,232.3,232.36,232.2,232.2,209,MSTR
2025-11-07 11:33:00+00:00,33,2,10924,232.2,232.51,232.11,232.29,2979,MSTR
2025-11-07 11:34:00+00:00,33,2,10924,232.11,232.13,232.0,232.13,375,MSTR
2025-11-07 11:35:00+00:00,33,2,10924,232.25,232.6,232.1,232.5,1011,MSTR
2025-11-07 11:36:00+00:00,33,2,10924,232.5,232.5,232.38,232.38,20,MSTR
2025-11-07 11:37:00+00:00,33,2,10924,232.2,232.26,231.67,231.67,1930,MSTR
2025-11-07 11:38:00+00:00,33,2,10924,231.67,232.14,231.6,232.03,3026,MSTR
2025-11-07 11:39:00+00:00,33,2,10924,232.04,232.1,232.0,232.0,883,MSTR
2025-11-07 11:40:00+00:00,33,2,10924,232.02,232.23,232.0,232.23,638,MSTR
2025-11-07 11:41:00+00:00,33,2,10924,232.5,232.5,232.25,232.25,664,MSTR
2025-11-07 11:42:00+00:00,33,2,10924,232.12,232.27,232.0,232.23,1216,MSTR
2025-11-07 11:43:00+00:00,33,2,10924,232.24,232.56,232.24,232.52,862,MSTR
2025-11-07 11:44:00+00:00,33,2,10924,232.6,232.7,232.21,232.48,1547,MSTR
2025-11-07 11:45:00+00:00,33,2,10924,232.5,232.56,232.5,232.52,132,MSTR
2025-11-07 11:46:00+00:00,33,2,10924,233.0,233.07,233.0,233.07,89,MSTR
2025-11-07 11:47:00+00:00,33,2,10924,232.81,233.16,232.81,233.16,40,MSTR
2025-11-07 11:48:00+00:00,33,2,10924,233.16,233.16,233.0,233.0,3,MSTR
2025-11-07 11:49:00+00:00,33,2,10924,232.87,233.3,232.87,233.07,387,MSTR
2025-11-07 11:50:00+00:00,33,2,10924,233.42,233.6,233.36,233.6,161,MSTR
2025-11-07 11:51:00+00:00,33,2,10924,233.63,233.8,233.63,233.8,288,MSTR
2025-11-07 11:52:00+00:00,33,2,10924,234.0,234.18,234.0,234.18,44,MSTR
2025-11-07 11:53:00+00:00,33,2,10924,233.8,233.99,233.54,233.89,413,MSTR
2025-11-07 11:54:00+00:00,33,2,10924,233.89,234.0,233.88,233.88,78,MSTR
2025-11-07 11:55:00+00:00,33,2,10924,234.0,234.0,233.69,233.69,344,MSTR
2025-11-07 11:56:00+00:00,33,2,10924,233.91,234.07,233.79,233.8,722,MSTR
2025-11-07 11:57:00+00:00,33,2,10924,233.77,233.94,233.49,233.94,248,MSTR
2025-11-07 11:58:00+00:00,33,2,10924,233.55,233.55,233.55,233.55,123,MSTR
2025-11-07 11:59:00+00:00,33,2,10924,233.55,233.94,233.55,233.67,117,MSTR
2025-11-07 12:00:00+00:00,33,2,10924,233.45,233.46,232.91,233.09,1390,MSTR
2025-11-07 12:01:00+00:00,33,2,10924,232.97,233.25,232.95,233.0,520,MSTR
2025-11-07 12:02:00+00:00,33,2,10924,233.04,233.04,232.39,232.76,1627,MSTR
2025-11-07 12:03:00+00:00,33,2,10924,232.63,232.8,232.35,232.7,1262,MSTR
2025-11-07 12:04:00+00:00,33,2,10924,232.68,232.7,232.53,232.53,397,MSTR
2025-11-07 12:05:00+00:00,33,2,10924,233.1,233.51,233.1,233.51,230,MSTR
2025-11-07 12:06:00+00:00,33,2,10924,233.39,233.42,233.39,233.42,504,MSTR
2025-11-07 12:07:00+00:00,33,2,10924,233.36,233.42,233.28,233.28,56,MSTR
2025-11-07 12:08:00+00:00,33,2,10924,233.08,233.28,232.95,233.28,87,MSTR
2025-11-07 12:09:00+00:00,33,2,10924,233.24,233.24,233.24,233.24,10,MSTR
2025-11-07 12:10:00+00:00,33,2,10924,233.39,233.7,233.28,233.7,392,MSTR
2025-11-07 12:11:00+00:00,33,2,10924,233.7,233.7,233.38,233.38,79,MSTR
2025-11-07 12:12:00+00:00,33,2,10924,233.23,233.29,232.95,232.95,138,MSTR
2025-11-07 12:13:00+00:00,33,2,10924,233.02,233.02,232.85,232.9,573,MSTR
2025-11-07 12:14:00+00:00,33,2,10924,232.81,233.04,232.8,232.98,2645,MSTR
2025-11-07 12:15:00+00:00,33,2,10924,232.81,232.84,232.8,232.84,142,MSTR
2025-11-07 12:16:00+00:00,33,2,10924,232.82,232.82,232.67,232.73,992,MSTR
2025-11-07 12:17:00+00:00,33,2,10924,232.56,232.6,232.4,232.4,763,MSTR
2025-11-07 12:18:00+00:00,33,2,10924,232.35,232.39,232.3,232.34,806,MSTR
2025-11-07 12:19:00+00:00,33,2,10924,232.34,232.34,232.09,232.1,1985,MSTR
2025-11-07 12:20:00+00:00,33,2,10924,232.1,232.14,231.93,232.07,1680,MSTR
2025-11-07 12:21:00+00:00,33,2,10924,232.0,232.05,232.0,232.0,394,MSTR
2025-11-07 12:22:00+00:00,33,2,10924,232.0,232.0,231.6,231.65,1697,MSTR
2025-11-07 12:23:00+00:00,33,2,10924,231.55,231.77,231.5,231.77,314,MSTR
2025-11-07 12:24:00+00:00,33,2,10924,231.99,232.0,231.99,232.0,678,MSTR
2025-11-07 12:25:00+00:00,33,2,10924,231.83,232.03,231.8,232.03,332,MSTR
2025-11-07 12:26:00+00:00,33,2,10924,231.99,232.0,231.65,231.89,790,MSTR
2025-11-07 12:27:00+00:00,33,2,10924,231.6,231.65,231.29,231.59,1419,MSTR
2025-11-07 12:28:00+00:00,33,2,10924,231.46,231.5,231.0,231.0,2258,MSTR
2025-11-07 12:29:00+00:00,33,2,10924,230.93,230.93,230.7,230.7,178,MSTR
2025-11-07 12:30:00+00:00,33,2,10924,230.75,230.79,230.21,230.41,526,MSTR
2025-11-07 12:31:00+00:00,33,2,10924,230.4,231.02,230.36,230.89,2916,MSTR
2025-11-07 12:32:00+00:00,33,2,10924,230.61,230.9,230.6,230.6,433,MSTR
2025-11-07 12:33:00+00:00,33,2,10924,230.47,230.55,230.44,230.55,88,MSTR
2025-11-07 12:34:00+00:00,33,2,10924,230.65,230.8,230.63,230.68,1059,MSTR
2025-11-07 12:35:00+00:00,33,2,10924,230.61,230.75,230.6,230.6,36,MSTR
2025-11-07 12:36:00+00:00,33,2,10924,230.51,230.53,230.4,230.5,535,MSTR
2025-11-07 12:37:00+00:00,33,2,10924,230.77,230.77,230.77,230.77,23,MSTR
2025-11-07 12:38:00+00:00,33,2,10924,230.64,230.71,230.59,230.64,1311,MSTR
2025-11-07 12:39:00+00:00,33,2,10924,230.51,230.73,230.4,230.73,669,MSTR
2025-11-07 12:40:00+00:00,33,2,10924,230.47,230.57,230.4,230.4,559,MSTR
2025-11-07 12:41:00+00:00,33,2,10924,230.63,230.69,230.51,230.51,460,MSTR
2025-11-07 12:42:00+00:00,33,2,10924,230.51,230.67,230.45,230.65,528,MSTR
2025-11-07 12:43:00+00:00,33,2,10924,230.72,230.72,230.4,230.4,477,MSTR
2025-11-07 12:44:00+00:00,33,2,10924,230.4,230.5,230.32,230.47,1976,MSTR
2025-11-07 12:45:00+00:00,33,2,10924,230.4,230.5,230.4,230.4,1251,MSTR
2025-11-07 12:46:00+00:00,33,2,10924,230.3,230.3,230.08,230.25,854,MSTR
2025-11-07 12:47:00+00:00,33,2,10924,230.14,230.29,230.09,230.28,2560,MSTR
2025-11-07 12:48:00+00:00,33,2,10924,230.18,230.2,230.05,230.05,1294,MSTR
2025-11-07 12:49:00+00:00,33,2,10924,230.08,230.08,229.53,229.93,6283,MSTR
2025-11-07 12:50:00+00:00,33,2,10924,229.85,230.55,229.75,230.45,1068,MSTR
2025-11-07 12:51:00+00:00,33,2,10924,230.45,230.69,230.28,230.28,492,MSTR
2025-11-07 12:52:00+00:00,33,2,10924,230.41,230.88,230.41,230.88,436,MSTR
2025-11-07 12:54:00+00:00,33,2,10924,230.62,230.62,230.23,230.23,514,MSTR
2025-11-07 12:55:00+00:00,33,2,10924,230.2,230.35,230.02,230.19,824,MSTR
2025-11-07 12:56:00+00:00,33,2,10924,230.23,230.77,230.17,230.77,2870,MSTR
2025-11-07 12:57:00+00:00,33,2,10924,230.77,231.7,230.77,231.26,1138,MSTR
2025-11-07 12:58:00+00:00,33,2,10924,231.3,231.3,230.8,231.0,1535,MSTR
2025-11-07 12:59:00+00:00,33,2,10924,230.77,231.02,230.76,230.9,441,MSTR
2025-11-07 13:00:00+00:00,33,2,10924,230.88,230.88,230.1,230.7,4032,MSTR
2025-11-07 13:01:00+00:00,33,2,10924,230.69,230.69,230.32,230.32,358,MSTR
2025-11-07 13:02:00+00:00,33,2,10924,230.03,230.69,230.01,230.68,530,MSTR
2025-11-07 13:03:00+00:00,33,2,10924,230.4,230.59,230.01,230.01,677,MSTR
2025-11-07 13:04:00+00:00,33,2,10924,230.0,230.0,229.26,229.89,2886,MSTR
2025-11-07 13:05:00+00:00,33,2,10924,229.89,230.67,229.82,230.39,5485,MSTR
2025-11-07 13:06:00+00:00,33,2,10924,230.5,230.64,229.29,229.37,1905,MSTR
2025-11-07 13:07:00+00:00,33,2,10924,229.32,229.76,227.71,227.71,7479,MSTR
2025-11-07 13:08:00+00:00,33,2,10924,227.73,228.04,223.98,227.96,14612,MSTR
2025-11-07 13:09:00+00:00,33,2,10924,227.94,227.96,227.5,227.62,1548,MSTR
2025-11-07 13:10:00+00:00,33,2,10924,227.65,227.71,226.78,227.23,15385,MSTR
2025-11-07 13:11:00+00:00,33,2,10924,227.45,228.32,227.24,227.8,3665,MSTR
2025-11-07 13:12:00+00:00,33,2,10924,227.6,227.74,227.43,227.5,606,MSTR
2025-11-07 13:13:00+00:00,33,2,10924,227.37,227.77,227.2,227.65,11252,MSTR
2025-11-07 13:14:00+00:00,33,2,10924,227.65,228.58,227.65,227.75,4316,MSTR
2025-11-07 13:15:00+00:00,33,2,10924,227.66,227.9,227.47,227.71,1431,MSTR
2025-11-07 13:16:00+00:00,33,2,10924,227.91,228.0,226.78,227.46,7260,MSTR
2025-11-07 13:17:00+00:00,33,2,10924,227.68,227.68,226.84,226.84,6981,MSTR
2025-11-07 13:18:00+00:00,33,2,10924,227.15,227.19,226.0,226.16,2734,MSTR
2025-11-07 13:19:00+00:00,33,2,10924,226.05,227.05,225.81,227.05,608,MSTR
2025-11-07 13:20:00+00:00,33,2,10924,226.78,228.21,226.78,228.0,4941,MSTR
2025-11-07 13:21:00+00:00,33,2,10924,228.22,228.41,227.75,228.41,2251,MSTR
2025-11-07 13:22:00+00:00,33,2,10924,228.33,228.38,227.98,228.25,1392,MSTR
2025-11-07 13:23:00+00:00,33,2,10924,228.28,228.4,227.9,227.9,430,MSTR
2025-11-07 13:24:00+00:00,33,2,10924,228.0,228.0,227.63,227.77,891,MSTR
2025-11-07 13:25:00+00:00,33,2,10924,227.89,227.99,227.71,227.91,239,MSTR
2025-11-07 13:26:00+00:00,33,2,10924,228.0,228.55,228.0,228.55,617,MSTR
2025-11-07 13:27:00+00:00,33,2,10924,228.49,228.5,228.03,228.03,784,MSTR
2025-11-07 13:28:00+00:00,33,2,10924,228.03,228.14,227.51,227.55,887,MSTR
2025-11-07 13:29:00+00:00,33,2,10924,227.55,228.1,227.13,227.84,2346,MSTR
2025-11-07 13:30:00+00:00,33,2,10924,227.84,228.02,227.7,228.02,76,MSTR
2025-11-07 13:31:00+00:00,33,2,10924,228.0,228.25,227.83,228.03,317,MSTR
2025-11-07 13:32:00+00:00,33,2,10924,228.05,228.19,227.7,227.73,1910,MSTR
2025-11-07 13:33:00+00:00,33,2,10924,227.74,227.86,227.51,227.78,202,MSTR
2025-11-07 13:34:00+00:00,33,2,10924,227.6,227.6,227.3,227.3,315,MSTR
2025-11-07 13:35:00+00:00,33,2,10924,227.48,227.48,226.5,226.55,10657,MSTR
2025-11-07 13:36:00+00:00,33,2,10924,226.58,226.75,226.54,226.61,191,MSTR
2025-11-07 13:37:00+00:00,33,2,10924,226.96,227.04,226.85,226.96,987,MSTR
2025-11-07 13:38:00+00:00,33,2,10924,226.98,227.8,226.98,227.8,1348,MSTR
2025-11-07 13:39:00+00:00,33,2,10924,227.65,227.65,227.25,227.25,402,MSTR
2025-11-07 13:40:00+00:00,33,2,10924,227.0,227.01,226.85,226.85,145,MSTR
2025-11-07 13:41:00+00:00,33,2,10924,226.68,226.94,225.54,225.54,3649,MSTR
2025-11-07 13:42:00+00:00,33,2,10924,225.5,225.73,224.6,225.1,12851,MSTR
2025-11-07 13:43:00+00:00,33,2,10924,225.58,225.66,225.25,225.66,297,MSTR
2025-11-07 13:44:00+00:00,33,2,10924,225.56,225.73,225.21,225.24,1453,MSTR
2025-11-07 13:45:00+00:00,33,2,10924,225.48,226.19,225.48,225.99,1605,MSTR
2025-11-07 13:46:00+00:00,33,2,10924,226.29,226.29,225.61,225.98,1042,MSTR
2025-11-07 13:47:00+00:00,33,2,10924,226.0,226.52,225.97,226.31,488,MSTR
2025-11-07 13:48:00+00:00,33,2,10924,226.22,226.69,226.22,226.69,569,MSTR
2025-11-07 13:49:00+00:00,33,2,10924,226.63,226.7,226.31,226.32,1309,MSTR
2025-11-07 13:50:00+00:00,33,2,10924,226.32,226.43,225.81,226.29,1121,MSTR
2025-11-07 13:51:00+00:00,33,2,10924,226.49,226.67,226.49,226.51,525,MSTR
2025-11-07 13:52:00+00:00,33,2,10924,226.39,226.5,226.26,226.26,282,MSTR
2025-11-07 13:53:00+00:00,33,2,10924,226.47,227.22,226.39,227.0,1214,MSTR
2025-11-07 13:54:00+00:00,33,2,10924,227.29,227.49,226.81,226.81,1776,MSTR
2025-11-07 13:55:00+00:00,33,2,10924,226.83,227.09,226.7,226.7,527,MSTR
2025-11-07 13:56:00+00:00,33,2,10924,226.73,226.73,226.17,226.17,335,MSTR
2025-11-07 13:57:00+00:00,33,2,10924,226.15,226.24,225.9,225.95,787,MSTR
2025-11-07 13:58:00+00:00,33,2,10924,225.8,226.25,225.77,226.25,2078,MSTR
2025-11-07 13:59:00+00:00,33,2,10924,226.0,226.53,225.99,226.47,184,MSTR
2025-11-07 14:00:00+00:00,33,2,10924,226.39,226.72,226.37,226.54,128,MSTR
2025-11-07 14:01:00+00:00,33,2,10924,226.54,226.54,225.98,225.98,1618,MSTR
2025-11-07 14:02:00+00:00,33,2,10924,225.82,225.87,225.5,225.5,811,MSTR
2025-11-07 14:03:00+00:00,33,2,10924,225.63,225.77,225.1,225.7,2668,MSTR
2025-11-07 14:04:00+00:00,33,2,10924,225.67,225.69,225.1,225.1,1329,MSTR
2025-11-07 14:05:00+00:00,33,2,10924,225.1,225.14,223.95,224.09,4861,MSTR
2025-11-07 14:06:00+00:00,33,2,10924,224.19,224.46,224.03,224.2,3201,MSTR
2025-11-07 14:07:00+00:00,33,2,10924,224.09,224.7,223.84,224.7,2642,MSTR
2025-11-07 14:08:00+00:00,33,2,10924,224.41,224.75,224.41,224.72,1927,MSTR
2025-11-07 14:09:00+00:00,33,2,10924,224.7,224.83,224.6,224.6,870,MSTR
2025-11-07 14:10:00+00:00,33,2,10924,224.68,226.13,224.62,225.7,4171,MSTR
2025-11-07 14:11:00+00:00,33,2,10924,225.68,226.0,225.51,225.74,1328,MSTR
2025-11-07 14:12:00+00:00,33,2,10924,225.45,226.0,225.43,225.84,1118,MSTR
2025-11-07 14:13:00+00:00,33,2,10924,225.55,225.57,224.74,225.38,1322,MSTR
2025-11-07 14:14:00+00:00,33,2,10924,225.74,225.76,224.74,225.46,2313,MSTR
2025-11-07 14:15:00+00:00,33,2,10924,225.46,225.46,225.1,225.19,785,MSTR
2025-11-07 14:16:00+00:00,33,2,10924,225.0,225.21,223.77,223.77,11159,MSTR
2025-11-07 14:17:00+00:00,33,2,10924,223.94,224.31,223.6,223.84,10974,MSTR
2025-11-07 14:18:00+00:00,33,2,10924,223.6,224.3,223.6,224.3,480,MSTR
2025-11-07 14:19:00+00:00,33,2,10924,224.24,224.28,224.0,224.1,944,MSTR
2025-11-07 14:20:00+00:00,33,2,10924,224.04,224.05,223.6,223.96,1061,MSTR
2025-11-07 14:21:00+00:00,33,2,10924,223.65,223.82,223.55,223.79,1953,MSTR
2025-11-07 14:22:00+00:00,33,2,10924,223.92,223.99,223.73,223.91,2278,MSTR
2025-11-07 14:23:00+00:00,33,2,10924,223.91,223.99,223.7,223.7,1052,MSTR
2025-11-07 14:24:00+00:00,33,2,10924,223.76,223.76,223.14,223.14,2310,MSTR
2025-11-07 14:25:00+00:00,33,2,10924,223.46,223.82,222.22,223.41,6101,MSTR
2025-11-07 14:26:00+00:00,33,2,10924,223.5,223.69,223.25,223.62,3034,MSTR
2025-11-07 14:27:00+00:00,33,2,10924,223.51,223.57,222.67,223.23,1424,MSTR
2025-11-07 14:28:00+00:00,33,2,10924,223.19,223.19,221.48,222.6,21651,MSTR
2025-11-07 14:29:00+00:00,33,2,10924,222.62,222.82,222.43,222.78,9256,MSTR
2025-11-07 14:30:00+00:00,33,2,10924,222.63,225.79,220.91,224.92,272343,MSTR
2025-11-07 14:31:00+00:00,33,2,10924,224.98,226.2,223.6,224.23,44678,MSTR
2025-11-07 14:32:00+00:00,33,2,10924,224.01,224.56,222.62,223.44,22081,MSTR
2025-11-07 14:33:00+00:00,33,2,10924,223.16,223.39,221.5,221.65,32585,MSTR
2025-11-07 14:34:00+00:00,33,2,10924,221.65,223.4,221.55,223.13,19056,MSTR
2025-11-07 14:35:00+00:00,33,2,10924,223.03,224.49,222.1,222.435,16858,MSTR
2025-11-07 14:36:00+00:00,33,2,10924,222.51,222.62,220.97,221.09,21878,MSTR
2025-11-07 14:37:00+00:00,33,2,10924,221.08,221.22,219.79,220.08,40345,MSTR
2025-11-07 14:38:00+00:00,33,2,10924,220.1,221.35,220.0,220.435,17975,MSTR
2025-11-07 14:39:00+00:00,33,2,10924,220.5,221.0,219.9,220.32,16862,MSTR
2025-11-07 14:40:00+00:00,33,2,10924,220.19,222.18,220.06,221.85,15578,MSTR
2025-11-07 14:41:00+00:00,33,2,10924,221.69,222.97,221.62,222.78,11579,MSTR
2025-11-07 14:42:00+00:00,33,2,10924,222.8,223.68,222.57,222.89,30294,MSTR
2025-11-07 14:43:00+00:00,33,2,10924,222.82,225.16,222.75,225.03,33189,MSTR
2025-11-07 14:44:00+00:00,33,2,10924,225.0,225.45,223.89,224.61,22609,MSTR
2025-11-07 14:45:00+00:00,33,2,10924,224.66,224.96,223.75,224.69,16812,MSTR
2025-11-07 14:46:00+00:00,33,2,10924,224.69,225.03,223.6,223.755,16359,MSTR
2025-11-07 14:47:00+00:00,33,2,10924,223.68,224.6,223.56,224.44,10381,MSTR
2025-11-07 14:48:00+00:00,33,2,10924,224.5,226.56,224.13,226.28,22303,MSTR
2025-11-07 14:49:00+00:00,33,2,10924,226.32,226.81,225.09,225.2,16652,MSTR
2025-11-07 14:50:00+00:00,33,2,10924,225.2,225.91,225.02,225.63,17306,MSTR
2025-11-07 14:51:00+00:00,33,2,10924,225.75,227.02,225.42,225.77,14498,MSTR
2025-11-07 14:52:00+00:00,33,2,10924,225.71,226.8,225.2,226.71,19380,MSTR
2025-11-07 14:53:00+00:00,33,2,10924,226.71,227.14,226.1,226.63,17535,MSTR
2025-11-07 14:54:00+00:00,33,2,10924,226.61,228.31,226.61,228.2,16002,MSTR
2025-11-07 14:55:00+00:00,33,2,10924,228.17,228.65,227.51,227.75,17763,MSTR
2025-11-07 14:56:00+00:00,33,2,10924,227.69,228.92,227.54,228.83,19859,MSTR
2025-11-07 14:57:00+00:00,33,2,10924,228.77,229.96,228.43,229.86,16002,MSTR
2025-11-07 14:58:00+00:00,33,2,10924,229.79,230.0,229.5,229.69,14890,MSTR
2025-11-07 14:59:00+00:00,33,2,10924,229.74,229.74,228.8,229.27,12375,MSTR
2025-11-07 15:00:00+00:00,33,2,10924,229.26,229.29,227.97,228.32,14463,MSTR
2025-11-07 15:01:00+00:00,33,2,10924,228.35,228.51,227.5,228.01,12337,MSTR
2025-11-07 15:02:00+00:00,33,2,10924,228.0,228.41,227.59,227.83,8710,MSTR
2025-11-07 15:03:00+00:00,33,2,10924,227.72,228.21,227.16,227.6,15391,MSTR
2025-11-07 15:04:00+00:00,33,2,10924,227.63,228.23,227.48,228.15,9474,MSTR
2025-11-07 15:05:00+00:00,33,2,10924,228.19,228.87,228.125,228.62,8972,MSTR
2025-11-07 15:06:00+00:00,33,2,10924,228.54,228.7,227.81,227.81,7250,MSTR
2025-11-07 15:07:00+00:00,33,2,10924,227.7,228.25,227.17,227.89,9573,MSTR
2025-11-07 15:08:00+00:00,33,2,10924,227.91,228.9,227.825,228.61,5278,MSTR
2025-11-07 15:09:00+00:00,33,2,10924,228.595,229.555,228.19,229.46,11940,MSTR
2025-11-07 15:10:00+00:00,33,2,10924,229.37,230.4,228.96,230.1,27975,MSTR
2025-11-07 15:11:00+00:00,33,2,10924,230.18,230.62,229.55,229.65,8603,MSTR
2025-11-07 15:12:00+00:00,33,2,10924,229.68,230.13,229.5,229.685,9802,MSTR
2025-11-07 15:13:00+00:00,33,2,10924,229.63,230.24,229.6,230.04,3879,MSTR
2025-11-07 15:14:00+00:00,33,2,10924,230.1,230.62,229.89,230.62,7802,MSTR
2025-11-07 15:15:00+00:00,33,2,10924,230.65,232.03,230.41,231.94,23914,MSTR
2025-11-07 15:16:00+00:00,33,2,10924,231.8,231.91,230.65,230.7,27217,MSTR
2025-11-07 15:17:00+00:00,33,2,10924,230.7,230.95,230.27,230.42,13669,MSTR
2025-11-07 15:18:00+00:00,33,2,10924,230.41,230.9,230.27,230.3,8884,MSTR
2025-11-07 15:19:00+00:00,33,2,10924,230.305,230.61,229.79,229.9,7697,MSTR
2025-11-07 15:20:00+00:00,33,2,10924,229.9,229.925,229.39,229.41,5252,MSTR
2025-11-07 15:21:00+00:00,33,2,10924,229.42,230.08,228.82,228.82,9804,MSTR
2025-11-07 15:22:00+00:00,33,2,10924,228.96,230.38,228.81,230.2,4037,MSTR
2025-11-07 15:23:00+00:00,33,2,10924,230.16,230.3,228.73,228.76,3392,MSTR
2025-11-07 15:24:00+00:00,33,2,10924,228.78,229.31,228.55,228.55,4999,MSTR
2025-11-07 15:25:00+00:00,33,2,10924,228.55,229.76,228.38,229.64,6891,MSTR
2025-11-07 15:26:00+00:00,33,2,10924,229.74,230.95,229.72,230.8,6099,MSTR
2025-11-07 15:27:00+00:00,33,2,10924,230.77,231.42,230.71,230.85,6498,MSTR
2025-11-07 15:28:00+00:00,33,2,10924,230.93,231.26,230.3,230.5,3521,MSTR
2025-11-07 15:29:00+00:00,33,2,10924,230.62,230.9,230.25,230.34,2932,MSTR
2025-11-07 15:30:00+00:00,33,2,10924,230.18,230.78,230.08,230.33,3633,MSTR
2025-11-07 15:31:00+00:00,33,2,10924,230.17,230.6,229.97,230.16,3422,MSTR
2025-11-07 15:32:00+00:00,33,2,10924,230.15,230.34,229.41,229.5,4986,MSTR
2025-11-07 15:33:00+00:00,33,2,10924,229.42,229.72,228.39,228.48,5366,MSTR
2025-11-07 15:34:00+00:00,33,2,10924,228.57,228.64,227.82,227.92,10871,MSTR
2025-11-07 15:35:00+00:00,33,2,10924,227.84,228.34,227.77,227.94,4669,MSTR
2025-11-07 15:36:00+00:00,33,2,10924,228.1,228.19,227.58,228.105,3090,MSTR
2025-11-07 15:37:00+00:00,33,2,10924,228.08,228.45,227.11,227.17,5236,MSTR
2025-11-07 15:38:00+00:00,33,2,10924,227.08,227.08,226.65,226.77,5982,MSTR
2025-11-07 15:39:00+00:00,33,2,10924,226.74,227.06,226.36,226.39,2195,MSTR
2025-11-07 15:40:00+00:00,33,2,10924,226.35,226.63,226.17,226.24,4892,MSTR
2025-11-07 15:41:00+00:00,33,2,10924,226.25,226.295,225.68,226.2,14188,MSTR
2025-11-07 15:42:00+00:00,33,2,10924,226.21,226.94,226.19,226.58,7166,MSTR
2025-11-07 15:43:00+00:00,33,2,10924,226.57,226.81,226.38,226.79,2102,MSTR
2025-11-07 15:44:00+00:00,33,2,10924,226.68,226.81,226.4,226.76,4347,MSTR
2025-11-07 15:45:00+00:00,33,2,10924,226.78,226.93,226.5,226.615,3287,MSTR
2025-11-07 15:46:00+00:00,33,2,10924,226.615,226.78,226.02,226.76,3231,MSTR
2025-11-07 15:47:00+00:00,33,2,10924,226.75,227.89,226.75,227.83,6849,MSTR
2025-11-07 15:48:00+00:00,33,2,10924,227.805,227.805,227.09,227.19,2115,MSTR
2025-11-07 15:49:00+00:00,33,2,10924,227.25,228.26,227.25,228.235,5157,MSTR
2025-11-07 15:50:00+00:00,33,2,10924,228.22,229.12,227.98,228.4,3535,MSTR
2025-11-07 15:51:00+00:00,33,2,10924,228.38,229.06,228.14,228.82,14149,MSTR
2025-11-07 15:52:00+00:00,33,2,10924,228.96,229.26,228.635,228.69,6185,MSTR
2025-11-07 15:53:00+00:00,33,2,10924,228.75,228.93,228.21,228.82,4656,MSTR
2025-11-07 15:54:00+00:00,33,2,10924,228.81,229.01,228.64,228.76,3030,MSTR
2025-11-07 15:55:00+00:00,33,2,10924,228.75,228.89,228.5,228.73,1411,MSTR
2025-11-07 15:56:00+00:00,33,2,10924,228.7,228.9,228.27,228.47,2546,MSTR
2025-11-07 15:57:00+00:00,33,2,10924,228.48,228.51,227.88,228.08,6019,MSTR
2025-11-07 15:58:00+00:00,33,2,10924,228.09,228.35,227.42,227.62,7047,MSTR
2025-11-07 15:59:00+00:00,33,2,10924,227.51,227.78,227.37,227.46,4871,MSTR
2025-11-07 16:00:00+00:00,33,2,10924,227.36,227.87,227.08,227.36,4617,MSTR
2025-11-07 16:01:00+00:00,33,2,10924,227.28,227.81,227.25,227.81,2488,MSTR
2025-11-07 16:02:00+00:00,33,2,10924,227.73,227.88,227.25,227.36,2818,MSTR
2025-11-07 16:03:00+00:00,33,2,10924,227.37,227.7,227.05,227.25,3097,MSTR
2025-11-07 16:04:00+00:00,33,2,10924,227.29,227.45,226.8,227.22,7300,MSTR
2025-11-07 16:05:00+00:00,33,2,10924,227.26,228.18,226.89,228.07,6820,MSTR
2025-11-07 16:06:00+00:00,33,2,10924,227.95,228.0,227.53,227.81,2276,MSTR
2025-11-07 16:07:00+00:00,33,2,10924,227.82,227.91,227.54,227.56,2603,MSTR
2025-11-07 16:08:00+00:00,33,2,10924,227.54,227.54,226.99,227.14,3368,MSTR
2025-11-07 16:09:00+00:00,33,2,10924,227.19,227.42,227.1,227.42,3458,MSTR
2025-11-07 16:10:00+00:00,33,2,10924,227.41,227.86,227.22,227.38,2628,MSTR
2025-11-07 16:11:00+00:00,33,2,10924,227.42,227.42,226.77,226.8,5385,MSTR
2025-11-07 16:12:00+00:00,33,2,10924,226.79,227.0,226.69,226.715,6320,MSTR
2025-11-07 16:13:00+00:00,33,2,10924,226.72,227.19,226.37,227.13,4816,MSTR
2025-11-07 16:14:00+00:00,33,2,10924,227.115,227.115,226.635,226.96,3552,MSTR
2025-11-07 16:15:00+00:00,33,2,10924,226.92,227.14,226.7,227.09,2596,MSTR
2025-11-07 16:16:00+00:00,33,2,10924,227.03,227.13,226.7,226.81,1838,MSTR
2025-11-07 16:17:00+00:00,33,2,10924,226.84,227.39,226.84,227.31,3241,MSTR
2025-11-07 16:18:00+00:00,33,2,10924,227.34,227.6,227.11,227.49,4266,MSTR
2025-11-07 16:19:00+00:00,33,2,10924,227.49,227.85,227.29,227.84,3779,MSTR
2025-11-07 16:20:00+00:00,33,2,10924,227.84,228.99,227.74,228.825,8367,MSTR
2025-11-07 16:21:00+00:00,33,2,10924,228.85,229.0,228.45,228.825,3419,MSTR
2025-11-07 16:22:00+00:00,33,2,10924,228.79,229.2,228.765,229.0,3168,MSTR
2025-11-07 16:23:00+00:00,33,2,10924,229.25,230.23,229.25,229.91,14119,MSTR
2025-11-07 16:24:00+00:00,33,2,10924,230.03,230.39,229.76,229.91,7269,MSTR
2025-11-07 16:25:00+00:00,33,2,10924,229.82,230.07,229.71,230.04,9327,MSTR
2025-11-07 16:26:00+00:00,33,2,10924,230.18,230.59,230.12,230.17,2199,MSTR
2025-11-07 16:27:00+00:00,33,2,10924,230.2,230.2,229.7,230.0,2602,MSTR
2025-11-07 16:28:00+00:00,33,2,10924,230.0,230.37,229.88,230.09,1558,MSTR
2025-11-07 16:29:00+00:00,33,2,10924,230.0,230.35,229.99,230.17,2526,MSTR
2025-11-07 16:30:00+00:00,33,2,10924,230.08,230.43,229.93,230.18,4175,MSTR
2025-11-07 16:31:00+00:00,33,2,10924,230.1,230.39,229.92,230.27,6622,MSTR
2025-11-07 16:32:00+00:00,33,2,10924,230.17,230.23,229.38,229.4,3241,MSTR
2025-11-07 16:33:00+00:00,33,2,10924,229.44,229.46,228.99,229.11,5399,MSTR
2025-11-07 16:34:00+00:00,33,2,10924,229.11,230.0,228.96,229.83,2399,MSTR
2025-11-07 16:35:00+00:00,33,2,10924,229.8,229.875,229.36,229.53,2328,MSTR
2025-11-07 16:36:00+00:00,33,2,10924,229.37,229.37,228.38,228.42,1865,MSTR
2025-11-07 16:37:00+00:00,33,2,10924,228.38,229.16,228.37,228.79,14234,MSTR
2025-11-07 16:38:00+00:00,33,2,10924,228.755,229.0,228.32,228.37,2995,MSTR
2025-11-07 16:39:00+00:00,33,2,10924,228.3,228.57,228.3,228.49,5267,MSTR
2025-11-07 16:40:00+00:00,33,2,10924,228.54,228.57,228.06,228.34,1927,MSTR
2025-11-07 16:41:00+00:00,33,2,10924,228.26,228.37,228.09,228.29,1880,MSTR
2025-11-07 16:42:00+00:00,33,2,10924,228.33,228.63,228.31,228.63,1385,MSTR
2025-11-07 16:43:00+00:00,33,2,10924,228.48,229.22,228.42,229.19,2147,MSTR
2025-11-07 16:44:00+00:00,33,2,10924,229.24,229.39,228.88,229.35,1719,MSTR
2025-11-07 16:45:00+00:00,33,2,10924,229.34,229.34,229.0,229.05,3987,MSTR
2025-11-07 16:46:00+00:00,33,2,10924,229.08,229.08,228.48,228.67,2217,MSTR
2025-11-07 16:47:00+00:00,33,2,10924,228.7,229.35,228.7,228.99,1493,MSTR
2025-11-07 16:48:00+00:00,33,2,10924,228.89,229.23,228.89,229.23,1170,MSTR
2025-11-07 16:49:00+00:00,33,2,10924,229.14,229.58,229.05,229.37,754,MSTR
2025-11-07 16:50:00+00:00,33,2,10924,229.385,229.83,229.35,229.52,2627,MSTR
2025-11-07 16:51:00+00:00,33,2,10924,229.55,230.09,229.47,229.71,9098,MSTR
2025-11-07 16:52:00+00:00,33,2,10924,229.88,230.0,229.615,229.88,898,MSTR
2025-11-07 16:53:00+00:00,33,2,10924,229.99,230.35,229.98,230.34,4358,MSTR
2025-11-07 16:54:00+00:00,33,2,10924,230.24,230.24,229.73,229.77,1732,MSTR
2025-11-07 16:55:00+00:00,33,2,10924,229.86,230.01,229.3,229.3,1788,MSTR
2025-11-07 16:56:00+00:00,33,2,10924,229.26,229.72,229.25,229.65,2123,MSTR
2025-11-07 16:57:00+00:00,33,2,10924,229.72,229.73,229.21,229.21,1664,MSTR
2025-11-07 16:58:00+00:00,33,2,10924,229.2,229.44,228.99,229.4,3448,MSTR
2025-11-07 16:59:00+00:00,33,2,10924,229.4,230.22,229.345,230.13,3101,MSTR
2025-11-07 17:00:00+00:00,33,2,10924,230.21,230.25,229.69,229.94,7616,MSTR
2025-11-07 17:01:00+00:00,33,2,10924,229.94,230.24,229.48,229.66,615,MSTR
2025-11-07 17:02:00+00:00,33,2,10924,229.71,230.28,229.64,230.28,1836,MSTR
2025-11-07 17:03:00+00:00,33,2,10924,230.24,230.27,229.8,229.8,3187,MSTR
2025-11-07 17:04:00+00:00,33,2,10924,229.82,230.17,229.79,229.99,1677,MSTR
2025-11-07 17:05:00+00:00,33,2,10924,230.0,230.5,229.99,230.45,1941,MSTR
2025-11-07 17:06:00+00:00,33,2,10924,230.38,230.62,230.3,230.62,2636,MSTR
2025-11-07 17:07:00+00:00,33,2,10924,230.54,230.54,230.23,230.27,1740,MSTR
2025-11-07 17:08:00+00:00,33,2,10924,230.345,231.445,230.33,231.44,6454,MSTR
2025-11-07 17:09:00+00:00,33,2,10924,231.42,231.97,231.41,231.49,12173,MSTR
2025-11-07 17:10:00+00:00,33,2,10924,231.445,231.52,230.86,231.22,3162,MSTR
2025-11-07 17:11:00+00:00,33,2,10924,231.2,231.71,231.01,231.71,5576,MSTR
2025-11-07 17:12:00+00:00,33,2,10924,231.62,231.7,231.39,231.7,8097,MSTR
2025-11-07 17:13:00+00:00,33,2,10924,231.69,231.84,231.61,231.67,4906,MSTR
2025-11-07 17:14:00+00:00,33,2,10924,231.64,231.98,231.48,231.9,2659,MSTR
2025-11-07 17:15:00+00:00,33,2,10924,231.92,232.44,231.87,232.25,6099,MSTR
2025-11-07 17:16:00+00:00,33,2,10924,232.22,232.5,232.12,232.46,2496,MSTR
2025-11-07 17:17:00+00:00,33,2,10924,232.52,232.81,232.4,232.48,4811,MSTR
2025-11-07 17:18:00+00:00,33,2,10924,232.45,232.58,232.14,232.58,10880,MSTR
2025-11-07 17:19:00+00:00,33,2,10924,232.54,232.54,231.89,231.89,4863,MSTR
2025-11-07 17:20:00+00:00,33,2,10924,231.895,232.18,231.67,232.13,1999,MSTR
2025-11-07 17:21:00+00:00,33,2,10924,232.14,232.47,232.1,232.36,2985,MSTR
2025-11-07 17:22:00+00:00,33,2,10924,232.305,232.87,232.17,232.8,4894,MSTR
2025-11-07 17:23:00+00:00,33,2,10924,232.77,233.47,232.67,233.34,9917,MSTR
2025-11-07 17:24:00+00:00,33,2,10924,233.45,233.54,233.12,233.21,4171,MSTR
2025-11-07 17:25:00+00:00,33,2,10924,233.28,233.41,232.96,232.99,3181,MSTR
2025-11-07 17:26:00+00:00,33,2,10924,233.0,233.45,232.73,232.76,4468,MSTR
2025-11-07 17:27:00+00:00,33,2,10924,232.85,233.49,232.85,233.1,5908,MSTR
2025-11-07 17:28:00+00:00,33,2,10924,233.0,233.015,232.73,232.81,3397,MSTR
2025-11-07 17:29:00+00:00,33,2,10924,232.82,233.15,232.75,233.14,4259,MSTR
2025-11-07 17:30:00+00:00,33,2,10924,233.06,233.75,232.91,233.55,5191,MSTR
2025-11-07 17:31:00+00:00,33,2,10924,233.55,233.95,233.5,233.82,15793,MSTR
2025-11-07 17:32:00+00:00,33,2,10924,233.76,234.2,233.52,233.95,5827,MSTR
2025-11-07 17:33:00+00:00,33,2,10924,233.94,234.02,233.45,233.87,2800,MSTR
2025-11-07 17:34:00+00:00,33,2,10924,233.96,234.35,233.9,234.2,5647,MSTR
2025-11-07 17:35:00+00:00,33,2,10924,234.06,234.06,233.6,233.98,2746,MSTR
2025-11-07 17:36:00+00:00,33,2,10924,233.925,234.25,233.85,234.09,3430,MSTR
2025-11-07 17:37:00+00:00,33,2,10924,234.12,234.6,234.12,234.45,1907,MSTR
2025-11-07 17:38:00+00:00,33,2,10924,234.5,234.54,233.31,233.38,7459,MSTR
2025-11-07 17:39:00+00:00,33,2,10924,233.43,234.12,233.43,233.88,2454,MSTR
2025-11-07 17:40:00+00:00,33,2,10924,233.75,234.0,233.56,233.67,1983,MSTR
2025-11-07 17:41:00+00:00,33,2,10924,233.56,234.0,233.47,233.74,3511,MSTR
2025-11-07 17:42:00+00:00,33,2,10924,233.84,234.68,233.75,234.45,8195,MSTR
2025-11-07 17:43:00+00:00,33,2,10924,234.5,234.64,234.06,234.075,1651,MSTR
2025-11-07 17:44:00+00:00,33,2,10924,234.075,234.3,233.77,233.81,2312,MSTR
2025-11-07 17:45:00+00:00,33,2,10924,233.73,234.41,233.65,233.81,2678,MSTR
2025-11-07 17:46:00+00:00,33,2,10924,233.87,234.0,233.18,233.33,3709,MSTR
2025-11-07 17:47:00+00:00,33,2,10924,233.42,233.48,233.27,233.35,935,MSTR
2025-11-07 17:48:00+00:00,33,2,10924,233.27,233.33,232.54,232.54,9768,MSTR
2025-11-07 17:49:00+00:00,33,2,10924,232.68,233.0,232.68,232.86,1572,MSTR
2025-11-07 17:50:00+00:00,33,2,10924,232.83,233.0,232.7,233.0,2086,MSTR
2025-11-07 17:51:00+00:00,33,2,10924,232.91,233.48,232.63,233.41,2339,MSTR
2025-11-07 17:52:00+00:00,33,2,10924,233.1,233.13,232.36,232.36,1396,MSTR
2025-11-07 17:53:00+00:00,33,2,10924,232.47,233.08,232.32,232.91,4535,MSTR
2025-11-07 17:54:00+00:00,33,2,10924,233.03,233.18,232.785,233.18,2313,MSTR
2025-11-07 17:55:00+00:00,33,2,10924,233.18,233.7,233.03,233.525,2154,MSTR
2025-11-07 17:56:00+00:00,33,2,10924,233.48,234.04,233.37,234.04,1725,MSTR
2025-11-07 17:57:00+00:00,33,2,10924,234.12,234.79,234.12,234.39,3326,MSTR
2025-11-07 17:58:00+00:00,33,2,10924,234.47,234.91,234.45,234.52,4673,MSTR
2025-11-07 17:59:00+00:00,33,2,10924,234.48,234.8,234.48,234.61,1587,MSTR
2025-11-07 18:00:00+00:00,33,2,10924,234.51,234.79,234.36,234.43,3518,MSTR
2025-11-07 18:01:00+00:00,33,2,10924,234.49,234.52,234.08,234.29,2731,MSTR
2025-11-07 18:02:00+00:00,33,2,10924,234.14,234.36,233.93,234.36,3207,MSTR
2025-11-07 18:03:00+00:00,33,2,10924,234.4,234.73,234.31,234.55,2672,MSTR
2025-11-07 18:04:00+00:00,33,2,10924,234.52,234.7,234.39,234.61,2448,MSTR
2025-11-07 18:05:00+00:00,33,2,10924,234.63,234.71,234.12,234.44,1715,MSTR
2025-11-07 18:06:00+00:00,33,2,10924,234.38,234.63,234.16,234.49,2700,MSTR
2025-11-07 18:07:00+00:00,33,2,10924,234.57,234.75,234.33,234.62,5299,MSTR
2025-11-07 18:08:00+00:00,33,2,10924,234.6,234.97,234.6,234.97,4582,MSTR
2025-11-07 18:09:00+00:00,33,2,10924,234.88,234.98,234.46,234.55,2433,MSTR
2025-11-07 18:10:00+00:00,33,2,10924,234.58,234.79,234.58,234.6,2338,MSTR
2025-11-07 18:11:00+00:00,33,2,10924,234.67,234.67,234.1,234.43,4362,MSTR
2025-11-07 18:12:00+00:00,33,2,10924,234.48,234.69,234.21,234.46,1667,MSTR
2025-11-07 18:13:00+00:00,33,2,10924,234.47,234.57,234.34,234.4,1828,MSTR
2025-11-07 18:14:00+00:00,33,2,10924,234.38,234.47,234.28,234.33,1948,MSTR
2025-11-07 18:15:00+00:00,33,2,10924,234.32,234.37,233.43,233.81,3698,MSTR
2025-11-07 18:16:00+00:00,33,2,10924,233.83,233.89,233.6,233.68,2599,MSTR
2025-11-07 18:17:00+00:00,33,2,10924,233.75,233.95,233.46,233.47,3563,MSTR
2025-11-07 18:18:00+00:00,33,2,10924,233.48,233.53,233.24,233.48,1594,MSTR
2025-11-07 18:19:00+00:00,33,2,10924,233.47,233.84,233.26,233.84,3164,MSTR
2025-11-07 18:20:00+00:00,33,2,10924,233.89,234.11,233.78,233.85,5680,MSTR
2025-11-07 18:21:00+00:00,33,2,10924,233.88,234.14,233.77,233.85,4101,MSTR
2025-11-07 18:22:00+00:00,33,2,10924,233.66,233.95,233.59,233.8,2661,MSTR
2025-11-07 18:23:00+00:00,33,2,10924,233.8,234.38,233.75,234.34,3451,MSTR
2025-11-07 18:24:00+00:00,33,2,10924,234.32,234.61,234.32,234.6,2201,MSTR
2025-11-07 18:25:00+00:00,33,2,10924,234.6,234.63,234.3,234.49,2514,MSTR
2025-11-07 18:26:00+00:00,33,2,10924,234.515,234.7,234.24,234.67,2431,MSTR
2025-11-07 18:27:00+00:00,33,2,10924,234.73,235.24,234.73,235.19,6457,MSTR
2025-11-07 18:28:00+00:00,33,2,10924,235.2,235.74,235.2,235.56,5412,MSTR
2025-11-07 18:29:00+00:00,33,2,10924,235.66,235.86,235.37,235.8,6312,MSTR
2025-11-07 18:30:00+00:00,33,2,10924,235.835,236.33,235.62,236.2,22038,MSTR
2025-11-07 18:31:00+00:00,33,2,10924,236.23,236.65,236.11,236.6,10722,MSTR
2025-11-07 18:32:00+00:00,33,2,10924,236.65,237.0,236.46,236.69,8383,MSTR
2025-11-07 18:33:00+00:00,33,2,10924,236.65,236.9,236.42,236.49,7621,MSTR
2025-11-07 18:34:00+00:00,33,2,10924,236.55,237.2,236.52,236.79,10498,MSTR
2025-11-07 18:35:00+00:00,33,2,10924,236.86,237.04,236.31,236.635,11149,MSTR
2025-11-07 18:36:00+00:00,33,2,10924,236.65,236.75,236.39,236.44,5508,MSTR
2025-11-07 18:37:00+00:00,33,2,10924,236.47,237.17,236.47,237.17,4660,MSTR
2025-11-07 18:38:00+00:00,33,2,10924,237.18,237.42,236.95,237.2,6069,MSTR
2025-11-07 18:39:00+00:00,33,2,10924,237.21,237.37,237.11,237.24,4570,MSTR
2025-11-07 18:40:00+00:00,33,2,10924,237.27,237.54,237.0,237.2,6037,MSTR
2025-11-07 18:41:00+00:00,33,2,10924,237.13,237.22,236.68,236.86,3867,MSTR
2025-11-07 18:42:00+00:00,33,2,10924,236.87,236.88,236.27,236.35,7859,MSTR
2025-11-07 18:43:00+00:00,33,2,10924,236.36,236.43,235.61,235.71,2989,MSTR
2025-11-07 18:44:00+00:00,33,2,10924,235.76,236.0,235.58,235.82,3647,MSTR
2025-11-07 18:45:00+00:00,33,2,10924,235.76,235.95,235.5,235.5,9307,MSTR
2025-11-07 18:46:00+00:00,33,2,10924,235.49,235.7,235.49,235.7,3234,MSTR
2025-11-07 18:47:00+00:00,33,2,10924,235.7,235.96,235.32,235.32,1990,MSTR
2025-11-07 18:48:00+00:00,33,2,10924,235.18,235.85,235.18,235.81,5124,MSTR
2025-11-07 18:49:00+00:00,33,2,10924,235.8,235.81,235.58,235.7,897,MSTR
2025-11-07 18:50:00+00:00,33,2,10924,235.76,235.76,235.25,235.55,837,MSTR
2025-11-07 18:51:00+00:00,33,2,10924,235.54,235.69,235.33,235.47,911,MSTR
2025-11-07 18:52:00+00:00,33,2,10924,235.61,235.91,235.48,235.91,3373,MSTR
2025-11-07 18:53:00+00:00,33,2,10924,235.87,236.25,235.8,236.25,3414,MSTR
2025-11-07 18:54:00+00:00,33,2,10924,236.3,237.0,236.18,236.94,11357,MSTR
2025-11-07 18:55:00+00:00,33,2,10924,237.0,237.68,237.0,237.49,5245,MSTR
2025-11-07 18:56:00+00:00,33,2,10924,237.41,237.89,237.34,237.865,5466,MSTR
2025-11-07 18:57:00+00:00,33,2,10924,237.86,238.03,237.72,238.03,9329,MSTR
2025-11-07 18:58:00+00:00,33,2,10924,238.04,238.61,237.98,238.55,5417,MSTR
2025-11-07 18:59:00+00:00,33,2,10924,238.62,238.98,238.18,238.29,4098,MSTR
2025-11-07 19:00:00+00:00,33,2,10924,238.23,238.35,237.8,237.88,4707,MSTR
2025-11-07 19:01:00+00:00,33,2,10924,237.84,238.12,237.78,237.89,5932,MSTR
2025-11-07 19:02:00+00:00,33,2,10924,237.83,237.83,237.0,237.325,5811,MSTR
2025-11-07 19:03:00+00:00,33,2,10924,237.315,237.52,237.01,237.52,6665,MSTR
2025-11-07 19:04:00+00:00,33,2,10924,237.26,237.4,237.105,237.26,2637,MSTR
2025-11-07 19:05:00+00:00,33,2,10924,237.16,237.16,236.57,236.62,3290,MSTR
2025-11-07 19:06:00+00:00,33,2,10924,236.53,237.345,236.49,237.34,3064,MSTR
2025-11-07 19:07:00+00:00,33,2,10924,237.33,237.57,237.15,237.57,4654,MSTR
2025-11-07 19:08:00+00:00,33,2,10924,237.53,237.65,237.35,237.51,2893,MSTR
2025-11-07 19:09:00+00:00,33,2,10924,237.44,237.46,237.15,237.25,1177,MSTR
2025-11-07 19:10:00+00:00,33,2,10924,237.185,237.45,236.89,237.345,2046,MSTR
2025-11-07 19:11:00+00:00,33,2,10924,237.34,237.87,237.34,237.83,1690,MSTR
2025-11-07 19:12:00+00:00,33,2,10924,237.88,238.69,237.71,238.66,2513,MSTR
2025-11-07 19:13:00+00:00,33,2,10924,238.635,238.66,238.42,238.65,2459,MSTR
2025-11-07 19:14:00+00:00,33,2,10924,238.64,239.07,238.59,239.07,6219,MSTR
2025-11-07 19:15:00+00:00,33,2,10924,239.1,239.23,238.89,239.08,5596,MSTR
2025-11-07 19:16:00+00:00,33,2,10924,239.0,239.12,238.84,238.91,3769,MSTR
2025-11-07 19:17:00+00:00,33,2,10924,238.93,239.05,238.49,238.67,6738,MSTR
2025-11-07 19:18:00+00:00,33,2,10924,238.71,238.93,238.45,238.69,5065,MSTR
2025-11-07 19:19:00+00:00,33,2,10924,238.66,238.69,237.66,237.94,9079,MSTR
2025-11-07 19:20:00+00:00,33,2,10924,237.87,238.3,237.87,238.11,1222,MSTR
2025-11-07 19:21:00+00:00,33,2,10924,238.1,238.1,237.33,237.78,4645,MSTR
2025-11-07 19:22:00+00:00,33,2,10924,237.83,238.17,237.7,238.07,1142,MSTR
2025-11-07 19:23:00+00:00,33,2,10924,238.07,238.07,237.57,237.81,1925,MSTR
2025-11-07 19:24:00+00:00,33,2,10924,237.96,238.43,237.96,238.28,2773,MSTR
2025-11-07 19:25:00+00:00,33,2,10924,238.26,238.33,238.12,238.28,2558,MSTR
2025-11-07 19:26:00+00:00,33,2,10924,238.26,238.37,238.02,238.28,1963,MSTR
2025-11-07 19:27:00+00:00,33,2,10924,238.28,238.31,237.87,238.08,2701,MSTR
2025-11-07 19:28:00+00:00,33,2,10924,238.14,238.32,238.12,238.19,1859,MSTR
2025-11-07 19:29:00+00:00,33,2,10924,238.085,238.085,237.73,237.91,1996,MSTR
2025-11-07 19:30:00+00:00,33,2,10924,237.99,238.57,237.99,238.48,5139,MSTR
2025-11-07 19:31:00+00:00,33,2,10924,238.48,238.75,238.24,238.56,5735,MSTR
2025-11-07 19:32:00+00:00,33,2,10924,238.62,238.99,238.61,238.98,3467,MSTR
2025-11-07 19:33:00+00:00,33,2,10924,238.925,238.925,238.69,238.86,2992,MSTR
2025-11-07 19:34:00+00:00,33,2,10924,238.77,238.9,238.54,238.89,8626,MSTR
2025-11-07 19:35:00+00:00,33,2,10924,238.88,239.49,238.88,239.46,8681,MSTR
2025-11-07 19:36:00+00:00,33,2,10924,239.43,239.6,239.3,239.42,5812,MSTR
2025-11-07 19:37:00+00:00,33,2,10924,239.36,239.77,239.23,239.66,5163,MSTR
2025-11-07 19:38:00+00:00,33,2,10924,239.6,239.93,239.585,239.81,4043,MSTR
2025-11-07 19:39:00+00:00,33,2,10924,239.81,239.89,239.41,239.59,7915,MSTR
2025-11-07 19:40:00+00:00,33,2,10924,239.61,239.95,239.53,239.9,2390,MSTR
2025-11-07 19:41:00+00:00,33,2,10924,239.91,240.07,239.68,239.93,13535,MSTR
2025-11-07 19:42:00+00:00,33,2,10924,239.94,240.24,239.76,239.89,9646,MSTR
2025-11-07 19:43:00+00:00,33,2,10924,239.93,240.65,239.91,240.64,7605,MSTR
2025-11-07 19:44:00+00:00,33,2,10924,240.7,241.25,240.57,240.93,7456,MSTR
2025-11-07 19:45:00+00:00,33,2,10924,240.97,241.09,240.36,240.56,8551,MSTR
2025-11-07 19:46:00+00:00,33,2,10924,240.56,240.69,240.03,240.42,6182,MSTR
2025-11-07 19:47:00+00:00,33,2,10924,240.41,241.0,239.9,240.28,7323,MSTR
2025-11-07 19:48:00+00:00,33,2,10924,240.32,240.52,240.07,240.37,5869,MSTR
2025-11-07 19:49:00+00:00,33,2,10924,240.28,240.5,240.15,240.39,1948,MSTR
2025-11-07 19:50:00+00:00,33,2,10924,240.33,240.41,240.1,240.24,3490,MSTR
2025-11-07 19:51:00+00:00,33,2,10924,240.21,240.31,239.885,240.01,3806,MSTR
2025-11-07 19:52:00+00:00,33,2,10924,240.05,240.53,240.03,240.2,7484,MSTR
2025-11-07 19:53:00+00:00,33,2,10924,240.29,240.46,240.21,240.46,1803,MSTR
2025-11-07 19:54:00+00:00,33,2,10924,240.59,240.86,240.48,240.85,1877,MSTR
2025-11-07 19:55:00+00:00,33,2,10924,240.79,241.085,240.16,240.3,7419,MSTR
2025-11-07 19:56:00+00:00,33,2,10924,240.315,241.08,240.22,240.98,2945,MSTR
2025-11-07 19:57:00+00:00,33,2,10924,240.94,241.07,240.59,240.69,2599,MSTR
2025-11-07 19:58:00+00:00,33,2,10924,240.72,241.1,240.72,241.01,3798,MSTR
2025-11-07 19:59:00+00:00,33,2,10924,241.0,241.48,240.89,241.47,5480,MSTR
2025-11-07 20:00:00+00:00,33,2,10924,241.43,241.43,240.89,241.11,7198,MSTR
2025-11-07 20:01:00+00:00,33,2,10924,241.18,241.41,241.05,241.41,4119,MSTR
2025-11-07 20:02:00+00:00,33,2,10924,241.41,242.19,241.41,242.03,7713,MSTR
2025-11-07 20:03:00+00:00,33,2,10924,241.99,241.99,241.43,241.8,5798,MSTR
2025-11-07 20:04:00+00:00,33,2,10924,241.82,242.1,241.73,242.0,10246,MSTR
2025-11-07 20:05:00+00:00,33,2,10924,242.0,242.23,241.53,242.18,60959,MSTR
2025-11-07 20:06:00+00:00,33,2,10924,242.25,242.66,241.79,241.83,33106,MSTR
2025-11-07 20:07:00+00:00,33,2,10924,241.88,241.99,240.88,241.08,11686,MSTR
2025-11-07 20:08:00+00:00,33,2,10924,241.14,241.45,240.98,241.36,6136,MSTR
2025-11-07 20:09:00+00:00,33,2,10924,241.39,241.48,241.02,241.315,6294,MSTR
2025-11-07 20:10:00+00:00,33,2,10924,241.26,241.6,241.22,241.34,5630,MSTR
2025-11-07 20:11:00+00:00,33,2,10924,241.25,241.33,240.93,241.31,3707,MSTR
2025-11-07 20:12:00+00:00,33,2,10924,241.33,241.66,241.33,241.35,5205,MSTR
2025-11-07 20:13:00+00:00,33,2,10924,241.35,241.5,240.85,241.06,5490,MSTR
2025-11-07 20:14:00+00:00,33,2,10924,241.05,241.17,240.64,240.97,8800,MSTR
2025-11-07 20:15:00+00:00,33,2,10924,240.94,241.43,240.94,241.04,4815,MSTR
2025-11-07 20:16:00+00:00,33,2,10924,241.08,241.2,240.86,240.98,3396,MSTR
2025-11-07 20:17:00+00:00,33,2,10924,240.88,241.06,240.6,240.95,4610,MSTR
2025-11-07 20:18:00+00:00,33,2,10924,241.04,241.07,239.82,239.85,8198,MSTR
2025-11-07 20:19:00+00:00,33,2,10924,239.84,240.21,239.54,240.06,5132,MSTR
2025-11-07 20:20:00+00:00,33,2,10924,240.11,240.17,239.48,239.49,5438,MSTR
2025-11-07 20:21:00+00:00,33,2,10924,239.46,239.92,239.14,239.92,3984,MSTR
2025-11-07 20:22:00+00:00,33,2,10924,239.88,240.195,239.74,240.0,4028,MSTR
2025-11-07 20:23:00+00:00,33,2,10924,240.0,240.21,239.8,240.19,2003,MSTR
2025-11-07 20:24:00+00:00,33,2,10924,240.19,240.48,240.05,240.17,7189,MSTR
2025-11-07 20:25:00+00:00,33,2,10924,240.16,240.2,239.8,239.8,3354,MSTR
2025-11-07 20:26:00+00:00,33,2,10924,239.74,239.99,239.69,239.97,2845,MSTR
2025-11-07 20:27:00+00:00,33,2,10924,239.9,240.61,239.85,240.61,5455,MSTR
2025-11-07 20:28:00+00:00,33,2,10924,240.56,240.61,240.38,240.55,5648,MSTR
2025-11-07 20:29:00+00:00,33,2,10924,240.6,240.82,240.5,240.61,9363,MSTR
2025-11-07 20:30:00+00:00,33,2,10924,240.61,241.44,240.61,241.3,4042,MSTR
2025-11-07 20:31:00+00:00,33,2,10924,241.3,241.3,240.64,240.82,5937,MSTR
2025-11-07 20:32:00+00:00,33,2,10924,240.85,241.43,240.75,241.34,5094,MSTR
2025-11-07 20:33:00+00:00,33,2,10924,241.39,241.39,240.92,241.01,3296,MSTR
2025-11-07 20:34:00+00:00,33,2,10924,240.92,241.25,240.7,240.78,2896,MSTR
2025-11-07 20:35:00+00:00,33,2,10924,240.79,241.14,240.69,240.84,3678,MSTR
2025-11-07 20:36:00+00:00,33,2,10924,240.83,241.28,240.77,241.14,4265,MSTR
2025-11-07 20:37:00+00:00,33,2,10924,241.08,241.26,240.8,241.13,5773,MSTR
2025-11-07 20:38:00+00:00,33,2,10924,241.15,241.25,240.82,241.25,5342,MSTR
2025-11-07 20:39:00+00:00,33,2,10924,241.25,241.59,241.25,241.42,2686,MSTR
2025-11-07 20:40:00+00:00,33,2,10924,241.41,242.2,241.4,242.18,10737,MSTR
2025-11-07 20:41:00+00:00,33,2,10924,242.28,242.49,242.0,242.0,12702,MSTR
2025-11-07 20:42:00+00:00,33,2,10924,242.02,242.8,242.01,242.64,6601,MSTR
2025-11-07 20:43:00+00:00,33,2,10924,242.69,242.8,242.39,242.695,7677,MSTR
2025-11-07 20:44:00+00:00,33,2,10924,242.73,242.95,242.61,242.93,10042,MSTR
2025-11-07 20:45:00+00:00,33,2,10924,242.95,243.25,242.7,243.2,12174,MSTR
2025-11-07 20:46:00+00:00,33,2,10924,243.21,243.28,243.05,243.1,10441,MSTR
2025-11-07 20:47:00+00:00,33,2,10924,243.1,243.37,242.8,242.89,12677,MSTR
2025-11-07 20:48:00+00:00,33,2,10924,242.88,243.09,242.54,242.77,13292,MSTR
2025-11-07 20:49:00+00:00,33,2,10924,242.81,242.9,242.31,242.38,11772,MSTR
2025-11-07 20:50:00+00:00,33,2,10924,242.33,243.08,241.59,243.01,21731,MSTR
2025-11-07 20:51:00+00:00,33,2,10924,243.02,243.05,242.71,242.97,14451,MSTR
2025-11-07 20:52:00+00:00,33,2,10924,242.92,243.34,242.86,243.3,28864,MSTR
2025-11-07 20:53:00+00:00,33,2,10924,243.29,243.73,243.29,243.59,17458,MSTR
2025-11-07 20:54:00+00:00,33,2,10924,243.59,243.68,242.31,242.41,35408,MSTR
2025-11-07 20:55:00+00:00,33,2,10924,242.44,242.5,240.355,240.655,56740,MSTR
2025-11-07 20:56:00+00:00,33,2,10924,240.655,240.99,240.14,240.67,42040,MSTR
2025-11-07 20:57:00+00:00,33,2,10924,240.66,241.4,240.5,241.16,37134,MSTR
2025-11-07 20:58:00+00:00,33,2,10924,241.14,241.46,241.03,241.345,55715,MSTR
2025-11-07 20:59:00+00:00,33,2,10924,241.36,242.05,241.2,241.97,154173,MSTR
2025-11-07 21:00:00+00:00,33,2,10924,241.97,243.05,241.69,242.1,1668849,MSTR
2025-11-07 21:01:00+00:00,33,2,10924,242.05,242.05,241.54,241.99,544,MSTR
2025-11-07 21:02:00+00:00,33,2,10924,241.68,241.78,241.62,241.78,31,MSTR
2025-11-07 21:03:00+00:00,33,2,10924,241.97,242.25,241.87,242.08,720,MSTR
2025-11-07 21:04:00+00:00,33,2,10924,242.05,242.05,241.9,241.9,510,MSTR
2025-11-07 21:05:00+00:00,33,2,10924,241.91,241.91,241.56,241.88,612,MSTR
2025-11-07 21:06:00+00:00,33,2,10924,241.93,242.07,241.89,242.07,30,MSTR
2025-11-07 21:07:00+00:00,33,2,10924,242.12,242.42,242.12,242.24,436,MSTR
2025-11-07 21:08:00+00:00,33,2,10924,242.07,242.16,242.0,242.03,141,MSTR
2025-11-07 21:09:00+00:00,33,2,10924,242.06,242.1,242.0,242.01,110,MSTR
2025-11-07 21:10:00+00:00,33,2,10924,242.19,242.19,242.19,242.19,10,MSTR
2025-11-07 21:11:00+00:00,33,2,10924,242.11,242.11,242.08,242.08,50,MSTR
2025-11-07 21:12:00+00:00,33,2,10924,242.2,242.21,242.18,242.18,84,MSTR
2025-11-07 21:13:00+00:00,33,2,10924,242.11,242.12,242.01,242.11,492,MSTR
2025-11-07 21:14:00+00:00,33,2,10924,242.11,242.11,242.11,242.11,268,MSTR
2025-11-07 21:15:00+00:00,33,2,10924,242.11,242.11,242.07,242.09,16,MSTR
2025-11-07 21:16:00+00:00,33,2,10924,242.5,242.6,242.4,242.4,400,MSTR
2025-11-07 21:17:00+00:00,33,2,10924,242.37,242.38,242.3,242.35,676,MSTR
2025-11-07 21:18:00+00:00,33,2,10924,242.35,242.5,242.35,242.5,484,MSTR
2025-11-07 21:19:00+00:00,33,2,10924,242.57,242.59,242.51,242.51,199,MSTR
2025-11-07 21:20:00+00:00,33,2,10924,242.57,242.57,242.57,242.57,38,MSTR
2025-11-07 21:21:00+00:00,33,2,10924,242.52,242.54,242.52,242.54,27,MSTR
2025-11-07 21:22:00+00:00,33,2,10924,242.6,242.6,242.53,242.58,121,MSTR
2025-11-07 21:23:00+00:00,33,2,10924,242.54,242.54,242.47,242.47,41,MSTR
2025-11-07 21:24:00+00:00,33,2,10924,242.47,242.57,242.42,242.5,1170,MSTR
2025-11-07 21:25:00+00:00,33,2,10924,242.49,242.58,242.49,242.58,254,MSTR
2025-11-07 21:26:00+00:00,33,2,10924,242.63,242.63,242.49,242.49,912,MSTR
2025-11-07 21:27:00+00:00,33,2,10924,242.5,242.51,242.48,242.51,58,MSTR
2025-11-07 21:28:00+00:00,33,2,10924,242.51,242.57,242.51,242.52,69,MSTR
2025-11-07 21:29:00+00:00,33,2,10924,242.63,242.63,242.63,242.63,7,MSTR
2025-11-07 21:30:00+00:00,33,2,10924,242.57,242.57,242.48,242.52,2075,MSTR
2025-11-07 21:31:00+00:00,33,2,10924,242.52,242.52,242.52,242.52,10,MSTR
2025-11-07 21:32:00+00:00,33,2,10924,242.53,242.53,242.52,242.52,175,MSTR
2025-11-07 21:33:00+00:00,33,2,10924,242.5,242.5,242.5,242.5,6,MSTR
2025-11-07 21:34:00+00:00,33,2,10924,242.52,242.53,242.5,242.53,652,MSTR
2025-11-07 21:35:00+00:00,33,2,10924,242.63,242.63,242.4,242.4,1607,MSTR
2025-11-07 21:36:00+00:00,33,2,10924,242.27,242.27,242.27,242.27,114,MSTR
2025-11-07 21:37:00+00:00,33,2,10924,242.27,242.32,242.27,242.32,224,MSTR
2025-11-07 21:38:00+00:00,33,2,10924,242.24,242.24,242.08,242.08,660,MSTR
2025-11-07 21:39:00+00:00,33,2,10924,242.07,242.07,242.04,242.04,508,MSTR
2025-11-07 21:40:00+00:00,33,2,10924,242.1,242.3,242.1,242.3,845,MSTR
2025-11-07 21:41:00+00:00,33,2,10924,242.3,242.39,242.25,242.25,305,MSTR
2025-11-07 21:42:00+00:00,33,2,10924,242.35,242.35,242.28,242.28,16,MSTR
2025-11-07 21:44:00+00:00,33,2,10924,242.32,242.32,242.32,242.32,15,MSTR
2025-11-07 21:45:00+00:00,33,2,10924,242.42,242.44,242.42,242.44,862,MSTR
2025-11-07 21:47:00+00:00,33,2,10924,242.37,242.37,242.37,242.37,300,MSTR
2025-11-07 21:48:00+00:00,33,2,10924,242.37,242.4,242.37,242.4,201,MSTR
2025-11-07 21:49:00+00:00,33,2,10924,242.36,242.45,242.36,242.45,580,MSTR
2025-11-07 21:50:00+00:00,33,2,10924,242.6,242.66,242.6,242.66,24,MSTR
2025-11-07 21:52:00+00:00,33,2,10924,242.61,242.7,242.61,242.7,8,MSTR
2025-11-07 21:55:00+00:00,33,2,10924,242.72,242.75,242.72,242.75,303,MSTR
2025-11-07 21:58:00+00:00,33,2,10924,242.9,242.9,242.9,242.9,4,MSTR
2025-11-07 21:59:00+00:00,33,2,10924,242.9,243.1,242.9,243.08,263,MSTR
2025-11-07 22:00:00+00:00,33,2,10924,243.11,243.11,243.03,243.11,171,MSTR
2025-11-07 22:01:00+00:00,33,2,10924,242.99,242.99,242.99,242.99,150,MSTR
2025-11-07 22:02:00+00:00,33,2,10924,243.01,243.01,243.01,243.01,2,MSTR
2025-11-07 22:03:00+00:00,33,2,10924,243.0,243.08,243.0,243.08,50,MSTR
2025-11-07 22:04:00+00:00,33,2,10924,243.0,243.0,243.0,243.0,4,MSTR
2025-11-07 22:05:00+00:00,33,2,10924,242.78,242.96,242.78,242.96,39,MSTR
2025-11-07 22:06:00+00:00,33,2,10924,242.95,242.97,242.95,242.97,98,MSTR
2025-11-07 22:07:00+00:00,33,2,10924,243.09,243.25,243.09,243.25,180,MSTR
2025-11-07 22:08:00+00:00,33,2,10924,243.35,243.53,243.35,243.53,302,MSTR
