ts_event,rtype,publisher_id,instrument_id,open,high,low,close,volume,symbol
2025-11-03 00:00:00+00:00,33,57,5884693,65.18,65.19,65.16,65.16,29,BRN FMF0026!
2025-11-03 00:01:00+00:00,33,57,5884693,65.16,65.17,65.15,65.17,36,BRN FMF0026!
2025-11-03 00:02:00+00:00,33,57,5884693,65.16,65.19,65.16,65.19,26,BRN FMF0026!
2025-11-03 00:03:00+00:00,33,57,5884693,65.2,65.21,65.19,65.2,9,BRN FMF0026!
2025-11-03 00:04:00+00:00,33,57,5884693,65.19,65.19,65.17,65.17,13,BRN FMF0026!
2025-11-03 00:05:00+00:00,33,57,5884693,65.17,65.18,65.17,65.18,4,BRN FMF0026!
2025-11-03 00:06:00+00:00,33,57,5884693,65.18,65.18,65.17,65.17,37,BRN FMF0026!
2025-11-03 00:07:00+00:00,33,57,5884693,65.17,65.17,65.15,65.16,38,BRN FMF0026!
2025-11-03 00:08:00+00:00,33,57,5884693,65.16,65.18,65.16,65.17,16,BRN FMF0026!
2025-11-03 00:09:00+00:00,33,57,5884693,65.16,65.16,65.16,65.16,1,BRN FMF0026!
2025-11-03 00:10:00+00:00,33,57,5884693,65.16,65.17,65.12,65.12,42,BRN FMF0026!
2025-11-03 00:11:00+00:00,33,57,5884693,65.12,65.14,65.11,65.12,27,BRN FMF0026!
2025-11-03 00:12:00+00:00,33,57,5884693,65.12,65.16,65.12,65.14,56,BRN FMF0026!
2025-11-03 00:13:00+00:00,33,57,5884693,65.14,65.15,65.11,65.12,64,BRN FMF0026!
2025-11-03 00:14:00+00:00,33,57,5884693,65.11,65.13,65.11,65.12,12,BRN FMF0026!
2025-11-03 00:15:00+00:00,33,57,5884693,65.12,65.12,65.11,65.12,18,BRN FMF0026!
2025-11-03 00:16:00+00:00,33,57,5884693,65.11,65.11,65.11,65.11,1,BRN FMF0026!
2025-11-03 00:17:00+00:00,33,57,5884693,65.12,65.14,65.11,65.12,163,BRN FMF0026!
2025-11-03 00:18:00+00:00,33,57,5884693,65.12,65.13,65.12,65.13,5,BRN FMF0026!
2025-11-03 00:19:00+00:00,33,57,5884693,65.13,65.15,65.13,65.14,12,BRN FMF0026!
2025-11-03 00:20:00+00:00,33,57,5884693,65.14,65.16,65.14,65.14,3,BRN FMF0026!
2025-11-03 00:21:00+00:00,33,57,5884693,65.16,65.16,65.14,65.14,2,BRN FMF0026!
2025-11-03 00:22:00+00:00,33,57,5884693,65.14,65.14,65.14,65.14,1,BRN FMF0026!
2025-11-03 00:23:00+00:00,33,57,5884693,65.15,65.15,65.15,65.15,3,BRN FMF0026!
2025-11-03 00:24:00+00:00,33,57,5884693,65.14,65.15,65.14,65.15,5,BRN FMF0026!
2025-11-03 00:25:00+00:00,33,57,5884693,65.15,65.16,65.15,65.15,4,BRN FMF0026!
2025-11-03 00:26:00+00:00,33,57,5884693,65.16,65.16,65.14,65.15,3,BRN FMF0026!
2025-11-03 00:27:00+00:00,33,57,5884693,65.14,65.14,65.13,65.14,3,BRN FMF0026!
2025-11-03 00:28:00+00:00,33,57,5884693,65.13,65.13,65.11,65.13,12,BRN FMF0026!
2025-11-03 00:30:00+00:00,33,57,5884693,65.12,65.13,65.12,65.12,3,BRN FMF0026!
2025-11-03 00:31:00+00:00,33,57,5884693,65.11,65.12,65.11,65.11,19,BRN FMF0026!
2025-11-03 00:32:00+00:00,33,57,5884693,65.11,65.12,65.11,65.12,3,BRN FMF0026!
2025-11-03 00:33:00+00:00,33,57,5884693,65.12,65.13,65.12,65.13,3,BRN FMF0026!
2025-11-03 00:34:00+00:00,33,57,5884693,65.13,65.13,65.12,65.13,57,BRN FMF0026!
2025-11-03 00:35:00+00:00,33,57,5884693,65.12,65.15,65.11,65.14,47,BRN FMF0026!
2025-11-03 00:36:00+00:00,33,57,5884693,65.14,65.14,65.14,65.14,8,BRN FMF0026!
2025-11-03 00:37:00+00:00,33,57,5884693,65.14,65.14,65.12,65.12,26,BRN FMF0026!
2025-11-03 00:38:00+00:00,33,57,5884693,65.12,65.12,65.12,65.12,1,BRN FMF0026!
2025-11-03 00:39:00+00:00,33,57,5884693,65.12,65.12,65.11,65.11,2,BRN FMF0026!
2025-11-03 00:42:00+00:00,33,57,5884693,65.12,65.13,65.11,65.13,5,BRN FMF0026!
2025-11-03 00:43:00+00:00,33,57,5884693,65.12,65.13,65.11,65.13,20,BRN FMF0026!
2025-11-03 00:44:00+00:00,33,57,5884693,65.13,65.13,65.11,65.12,20,BRN FMF0026!
2025-11-03 00:45:00+00:00,33,57,5884693,65.12,65.12,65.11,65.12,6,BRN FMF0026!
2025-11-03 00:46:00+00:00,33,57,5884693,65.11,65.11,65.11,65.11,12,BRN FMF0026!
2025-11-03 00:47:00+00:00,33,57,5884693,65.11,65.12,65.11,65.12,3,BRN FMF0026!
2025-11-03 00:48:00+00:00,33,57,5884693,65.12,65.13,65.11,65.12,9,BRN FMF0026!
2025-11-03 00:49:00+00:00,33,57,5884693,65.12,65.13,65.11,65.12,11,BRN FMF0026!
2025-11-03 00:50:00+00:00,33,57,5884693,65.11,65.12,65.05,65.06,143,BRN FMF0026!
2025-11-03 00:51:00+00:00,33,57,5884693,65.06,65.07,65.06,65.07,6,BRN FMF0026!
2025-11-03 00:52:00+00:00,33,57,5884693,65.07,65.08,65.06,65.08,21,BRN FMF0026!
2025-11-03 00:53:00+00:00,33,57,5884693,65.07,65.07,65.07,65.07,8,BRN FMF0026!
2025-11-03 00:54:00+00:00,33,57,5884693,65.07,65.08,65.06,65.08,24,BRN FMF0026!
2025-11-03 00:55:00+00:00,33,57,5884693,65.07,65.07,65.07,65.07,1,BRN FMF0026!
2025-11-03 00:56:00+00:00,33,57,5884693,65.07,65.07,65.07,65.07,4,BRN FMF0026!
2025-11-03 00:57:00+00:00,33,57,5884693,65.06,65.06,65.05,65.05,115,BRN FMF0026!
2025-11-03 00:58:00+00:00,33,57,5884693,65.06,65.06,65.05,65.06,62,BRN FMF0026!
2025-11-03 00:59:00+00:00,33,57,5884693,65.06,65.08,65.06,65.08,34,BRN FMF0026!
2025-11-03 01:00:00+00:00,33,57,5884693,65.08,65.2,65.08,65.09,969,BRN FMF0026!
2025-11-03 01:01:00+00:00,33,57,5884693,65.1,65.11,65.05,65.1,172,BRN FMF0026!
2025-11-03 01:02:00+00:00,33,57,5884693,65.1,65.18,65.1,65.16,91,BRN FMF0026!
2025-11-03 01:03:00+00:00,33,57,5884693,65.15,65.25,65.15,65.23,396,BRN FMF0026!
2025-11-03 01:04:00+00:00,33,57,5884693,65.24,65.25,65.19,65.19,218,BRN FMF0026!
2025-11-03 01:05:00+00:00,33,57,5884693,65.19,65.21,65.14,65.15,54,BRN FMF0026!
2025-11-03 01:06:00+00:00,33,57,5884693,65.14,65.14,65.11,65.11,37,BRN FMF0026!
2025-11-03 01:07:00+00:00,33,57,5884693,65.1,65.1,65.07,65.08,41,BRN FMF0026!
2025-11-03 01:08:00+00:00,33,57,5884693,65.07,65.08,65.02,65.05,235,BRN FMF0026!
2025-11-03 01:09:00+00:00,33,57,5884693,65.06,65.08,65.04,65.06,87,BRN FMF0026!
2025-11-03 01:10:00+00:00,33,57,5884693,65.06,65.13,65.05,65.1,68,BRN FMF0026!
2025-11-03 01:11:00+00:00,33,57,5884693,65.12,65.13,65.08,65.13,310,BRN FMF0026!
2025-11-03 01:12:00+00:00,33,57,5884693,65.12,65.12,65.1,65.1,49,BRN FMF0026!
2025-11-03 01:13:00+00:00,33,57,5884693,65.1,65.1,65.07,65.07,30,BRN FMF0026!
2025-11-03 01:14:00+00:00,33,57,5884693,65.06,65.06,65.05,65.05,12,BRN FMF0026!
2025-11-03 01:15:00+00:00,33,57,5884693,65.06,65.1,65.05,65.1,37,BRN FMF0026!
2025-11-03 01:16:00+00:00,33,57,5884693,65.09,65.09,65.09,65.09,5,BRN FMF0026!
2025-11-03 01:17:00+00:00,33,57,5884693,65.08,65.09,65.08,65.09,7,BRN FMF0026!
2025-11-03 01:18:00+00:00,33,57,5884693,65.1,65.1,65.09,65.09,66,BRN FMF0026!
2025-11-03 01:19:00+00:00,33,57,5884693,65.1,65.11,65.09,65.09,11,BRN FMF0026!
2025-11-03 01:20:00+00:00,33,57,5884693,65.08,65.09,65.07,65.07,14,BRN FMF0026!
2025-11-03 01:21:00+00:00,33,57,5884693,65.08,65.09,65.08,65.08,4,BRN FMF0026!
2025-11-03 01:22:00+00:00,33,57,5884693,65.08,65.08,65.06,65.06,9,BRN FMF0026!
2025-11-03 01:23:00+00:00,33,57,5884693,65.07,65.07,65.07,65.07,1,BRN FMF0026!
2025-11-03 01:24:00+00:00,33,57,5884693,65.07,65.07,65.06,65.07,6,BRN FMF0026!
2025-11-03 01:25:00+00:00,33,57,5884693,65.08,65.08,65.06,65.06,16,BRN FMF0026!
2025-11-03 01:26:00+00:00,33,57,5884693,65.05,65.06,65.04,65.05,43,BRN FMF0026!
2025-11-03 01:27:00+00:00,33,57,5884693,65.05,65.05,65.03,65.05,32,BRN FMF0026!
2025-11-03 01:28:00+00:00,33,57,5884693,65.06,65.06,65.01,65.05,203,BRN FMF0026!
2025-11-03 01:29:00+00:00,33,57,5884693,65.04,65.05,65.04,65.05,3,BRN FMF0026!
2025-11-03 01:30:00+00:00,33,57,5884693,65.05,65.05,65.04,65.04,17,BRN FMF0026!
2025-11-03 01:31:00+00:00,33,57,5884693,65.06,65.08,65.06,65.07,5,BRN FMF0026!
2025-11-03 01:32:00+00:00,33,57,5884693,65.07,65.07,65.04,65.05,24,BRN FMF0026!
2025-11-03 01:33:00+00:00,33,57,5884693,65.04,65.05,65.04,65.04,5,BRN FMF0026!
2025-11-03 01:34:00+00:00,33,57,5884693,65.04,65.06,65.04,65.05,18,BRN FMF0026!
2025-11-03 01:35:00+00:00,33,57,5884693,65.05,65.06,65.01,65.01,165,BRN FMF0026!
2025-11-03 01:36:00+00:00,33,57,5884693,65.02,65.02,64.98,65.0,50,BRN FMF0026!
2025-11-03 01:37:00+00:00,33,57,5884693,65.0,65.0,64.98,64.98,30,BRN FMF0026!
2025-11-03 01:38:00+00:00,33,57,5884693,64.98,64.98,64.97,64.97,14,BRN FMF0026!
2025-11-03 01:39:00+00:00,33,57,5884693,64.98,64.98,64.97,64.98,22,BRN FMF0026!
2025-11-03 01:40:00+00:00,33,57,5884693,64.97,64.98,64.89,64.98,312,BRN FMF0026!
2025-11-03 01:41:00+00:00,33,57,5884693,64.98,64.98,64.97,64.97,38,BRN FMF0026!
2025-11-03 01:42:00+00:00,33,57,5884693,64.97,64.97,64.97,64.97,2,BRN FMF0026!
2025-11-03 01:43:00+00:00,33,57,5884693,64.97,64.97,64.96,64.97,21,BRN FMF0026!
2025-11-03 01:44:00+00:00,33,57,5884693,64.98,65.0,64.98,64.98,34,BRN FMF0026!
2025-11-03 01:45:00+00:00,33,57,5884693,64.99,64.99,64.97,64.97,5,BRN FMF0026!
2025-11-03 01:46:00+00:00,33,57,5884693,64.97,64.98,64.96,64.98,19,BRN FMF0026!
2025-11-03 01:47:00+00:00,33,57,5884693,65.0,65.0,65.0,65.0,10,BRN FMF0026!
2025-11-03 01:48:00+00:00,33,57,5884693,65.0,65.0,64.99,64.99,2,BRN FMF0026!
2025-11-03 01:50:00+00:00,33,57,5884693,64.99,65.02,64.99,65.02,21,BRN FMF0026!
2025-11-03 01:51:00+00:00,33,57,5884693,65.01,65.01,64.98,64.98,47,BRN FMF0026!
2025-11-03 01:52:00+00:00,33,57,5884693,64.97,64.97,64.95,64.96,12,BRN FMF0026!
2025-11-03 01:53:00+00:00,33,57,5884693,64.97,64.97,64.96,64.96,20,BRN FMF0026!
2025-11-03 01:54:00+00:00,33,57,5884693,64.95,64.96,64.94,64.96,14,BRN FMF0026!
2025-11-03 01:55:00+00:00,33,57,5884693,64.97,64.98,64.96,64.97,20,BRN FMF0026!
2025-11-03 01:56:00+00:00,33,57,5884693,64.97,64.97,64.96,64.96,10,BRN FMF0026!
2025-11-03 01:57:00+00:00,33,57,5884693,64.96,64.98,64.96,64.98,37,BRN FMF0026!
2025-11-03 01:58:00+00:00,33,57,5884693,64.97,64.98,64.97,64.98,15,BRN FMF0026!
2025-11-03 01:59:00+00:00,33,57,5884693,64.98,64.98,64.97,64.97,29,BRN FMF0026!
2025-11-03 02:00:00+00:00,33,57,5884693,64.97,64.98,64.97,64.98,9,BRN FMF0026!
2025-11-03 02:01:00+00:00,33,57,5884693,64.98,65.02,64.98,65.02,21,BRN FMF0026!
2025-11-03 02:02:00+00:00,33,57,5884693,65.02,65.03,65.01,65.01,15,BRN FMF0026!
2025-11-03 02:03:00+00:00,33,57,5884693,65.01,65.03,65.01,65.03,6,BRN FMF0026!
2025-11-03 02:04:00+00:00,33,57,5884693,65.04,65.05,65.04,65.05,74,BRN FMF0026!
2025-11-03 02:05:00+00:00,33,57,5884693,65.05,65.06,65.05,65.06,28,BRN FMF0026!
2025-11-03 02:06:00+00:00,33,57,5884693,65.05,65.05,65.03,65.03,15,BRN FMF0026!
2025-11-03 02:07:00+00:00,33,57,5884693,65.04,65.04,65.03,65.04,10,BRN FMF0026!
2025-11-03 02:08:00+00:00,33,57,5884693,65.04,65.06,65.04,65.05,17,BRN FMF0026!
2025-11-03 02:09:00+00:00,33,57,5884693,65.05,65.05,65.03,65.03,15,BRN FMF0026!
2025-11-03 02:10:00+00:00,33,57,5884693,65.04,65.05,65.04,65.04,6,BRN FMF0026!
2025-11-03 02:11:00+00:00,33,57,5884693,65.06,65.08,65.06,65.08,52,BRN FMF0026!
2025-11-03 02:12:00+00:00,33,57,5884693,65.07,65.07,65.05,65.07,6,BRN FMF0026!
2025-11-03 02:13:00+00:00,33,57,5884693,65.08,65.08,65.05,65.07,5,BRN FMF0026!
2025-11-03 02:14:00+00:00,33,57,5884693,65.06,65.08,65.05,65.05,24,BRN FMF0026!
2025-11-03 02:15:00+00:00,33,57,5884693,65.04,65.07,65.04,65.05,5,BRN FMF0026!
2025-11-03 02:16:00+00:00,33,57,5884693,65.05,65.05,65.05,65.05,1,BRN FMF0026!
2025-11-03 02:17:00+00:00,33,57,5884693,65.06,65.06,65.06,65.06,1,BRN FMF0026!
2025-11-03 02:18:00+00:00,33,57,5884693,65.06,65.07,65.06,65.06,17,BRN FMF0026!
2025-11-03 02:19:00+00:00,33,57,5884693,65.08,65.08,65.07,65.08,9,BRN FMF0026!
2025-11-03 02:20:00+00:00,33,57,5884693,65.07,65.07,65.06,65.06,10,BRN FMF0026!
2025-11-03 02:21:00+00:00,33,57,5884693,65.07,65.07,65.07,65.07,3,BRN FMF0026!
2025-11-03 02:22:00+00:00,33,57,5884693,65.08,65.08,65.07,65.07,3,BRN FMF0026!
2025-11-03 02:23:00+00:00,33,57,5884693,65.07,65.1,65.07,65.09,63,BRN FMF0026!
2025-11-03 02:24:00+00:00,33,57,5884693,65.09,65.1,65.09,65.1,15,BRN FMF0026!
2025-11-03 02:25:00+00:00,33,57,5884693,65.09,65.09,65.07,65.07,5,BRN FMF0026!
2025-11-03 02:26:00+00:00,33,57,5884693,65.08,65.08,65.07,65.07,2,BRN FMF0026!
2025-11-03 02:27:00+00:00,33,57,5884693,65.08,65.09,65.07,65.09,6,BRN FMF0026!
2025-11-03 02:28:00+00:00,33,57,5884693,65.08,65.08,65.06,65.06,2,BRN FMF0026!
2025-11-03 02:29:00+00:00,33,57,5884693,65.08,65.08,65.07,65.07,7,BRN FMF0026!
2025-11-03 02:30:00+00:00,33,57,5884693,65.08,65.12,65.08,65.1,31,BRN FMF0026!
2025-11-03 02:31:00+00:00,33,57,5884693,65.1,65.12,65.1,65.12,13,BRN FMF0026!
2025-11-03 02:32:00+00:00,33,57,5884693,65.11,65.12,65.1,65.11,10,BRN FMF0026!
2025-11-03 02:33:00+00:00,33,57,5884693,65.11,65.13,65.11,65.11,45,BRN FMF0026!
2025-11-03 02:34:00+00:00,33,57,5884693,65.11,65.12,65.11,65.12,3,BRN FMF0026!
2025-11-03 02:35:00+00:00,33,57,5884693,65.12,65.14,65.12,65.14,6,BRN FMF0026!
2025-11-03 02:36:00+00:00,33,57,5884693,65.12,65.13,65.11,65.12,30,BRN FMF0026!
2025-11-03 02:37:00+00:00,33,57,5884693,65.12,65.15,65.12,65.13,46,BRN FMF0026!
2025-11-03 02:38:00+00:00,33,57,5884693,65.13,65.14,65.13,65.13,8,BRN FMF0026!
2025-11-03 02:39:00+00:00,33,57,5884693,65.14,65.14,65.12,65.14,23,BRN FMF0026!
2025-11-03 02:40:00+00:00,33,57,5884693,65.15,65.15,65.13,65.13,8,BRN FMF0026!
2025-11-03 02:41:00+00:00,33,57,5884693,65.13,65.13,65.12,65.12,4,BRN FMF0026!
2025-11-03 02:42:00+00:00,33,57,5884693,65.12,65.13,65.12,65.13,2,BRN FMF0026!
2025-11-03 02:43:00+00:00,33,57,5884693,65.13,65.14,65.13,65.14,4,BRN FMF0026!
2025-11-03 02:44:00+00:00,33,57,5884693,65.13,65.14,65.12,65.14,6,BRN FMF0026!
2025-11-03 02:45:00+00:00,33,57,5884693,65.15,65.17,65.14,65.14,52,BRN FMF0026!
2025-11-03 02:46:00+00:00,33,57,5884693,65.13,65.13,65.13,65.13,3,BRN FMF0026!
2025-11-03 02:47:00+00:00,33,57,5884693,65.12,65.14,65.12,65.14,5,BRN FMF0026!
2025-11-03 02:48:00+00:00,33,57,5884693,65.13,65.13,65.09,65.1,27,BRN FMF0026!
2025-11-03 02:49:00+00:00,33,57,5884693,65.1,65.1,65.08,65.08,5,BRN FMF0026!
2025-11-03 02:50:00+00:00,33,57,5884693,65.08,65.09,65.07,65.07,11,BRN FMF0026!
2025-11-03 02:51:00+00:00,33,57,5884693,65.07,65.07,65.07,65.07,1,BRN FMF0026!
2025-11-03 02:52:00+00:00,33,57,5884693,65.06,65.08,65.05,65.08,26,BRN FMF0026!
2025-11-03 02:53:00+00:00,33,57,5884693,65.08,65.08,65.07,65.07,223,BRN FMF0026!
2025-11-03 02:54:00+00:00,33,57,5884693,65.07,65.09,65.07,65.09,3,BRN FMF0026!
2025-11-03 02:55:00+00:00,33,57,5884693,65.08,65.09,65.08,65.09,18,BRN FMF0026!
2025-11-03 02:56:00+00:00,33,57,5884693,65.08,65.09,65.07,65.08,14,BRN FMF0026!
2025-11-03 02:57:00+00:00,33,57,5884693,65.07,65.07,65.07,65.07,14,BRN FMF0026!
2025-11-03 02:58:00+00:00,33,57,5884693,65.07,65.08,65.06,65.08,7,BRN FMF0026!
2025-11-03 02:59:00+00:00,33,57,5884693,65.07,65.07,65.06,65.06,8,BRN FMF0026!
2025-11-03 03:00:00+00:00,33,57,5884693,65.07,65.07,65.02,65.02,37,BRN FMF0026!
2025-11-03 03:01:00+00:00,33,57,5884693,65.01,65.04,65.01,65.04,11,BRN FMF0026!
2025-11-03 03:03:00+00:00,33,57,5884693,65.04,65.05,65.04,65.05,21,BRN FMF0026!
2025-11-03 03:04:00+00:00,33,57,5884693,65.05,65.06,65.04,65.05,16,BRN FMF0026!
2025-11-03 03:05:00+00:00,33,57,5884693,65.06,65.07,65.06,65.06,39,BRN FMF0026!
2025-11-03 03:06:00+00:00,33,57,5884693,65.06,65.06,65.05,65.05,19,BRN FMF0026!
2025-11-03 03:07:00+00:00,33,57,5884693,65.05,65.05,65.05,65.05,1,BRN FMF0026!
2025-11-03 03:09:00+00:00,33,57,5884693,65.04,65.04,65.01,65.03,90,BRN FMF0026!
2025-11-03 03:10:00+00:00,33,57,5884693,65.02,65.03,65.02,65.02,3,BRN FMF0026!
2025-11-03 03:11:00+00:00,33,57,5884693,65.02,65.02,65.01,65.01,34,BRN FMF0026!
2025-11-03 03:12:00+00:00,33,57,5884693,65.01,65.02,65.01,65.01,15,BRN FMF0026!
2025-11-03 03:13:00+00:00,33,57,5884693,65.0,65.0,65.0,65.0,6,BRN FMF0026!
2025-11-03 03:14:00+00:00,33,57,5884693,65.0,65.02,65.0,65.02,31,BRN FMF0026!
2025-11-03 03:15:00+00:00,33,57,5884693,65.03,65.03,65.03,65.03,3,BRN FMF0026!
2025-11-03 03:16:00+00:00,33,57,5884693,65.02,65.02,65.01,65.02,4,BRN FMF0026!
2025-11-03 03:17:00+00:00,33,57,5884693,65.02,65.02,65.02,65.02,80,BRN FMF0026!
2025-11-03 03:18:00+00:00,33,57,5884693,65.01,65.02,65.01,65.02,2,BRN FMF0026!
2025-11-03 03:19:00+00:00,33,57,5884693,65.02,65.03,65.02,65.02,61,BRN FMF0026!
2025-11-03 03:20:00+00:00,33,57,5884693,65.02,65.03,65.02,65.02,19,BRN FMF0026!
2025-11-03 03:21:00+00:00,33,57,5884693,65.02,65.02,65.01,65.01,6,BRN FMF0026!
2025-11-03 03:22:00+00:00,33,57,5884693,65.01,65.01,65.0,65.0,7,BRN FMF0026!
2025-11-03 03:23:00+00:00,33,57,5884693,64.99,64.99,64.96,64.96,15,BRN FMF0026!
2025-11-03 03:24:00+00:00,33,57,5884693,64.95,64.96,64.94,64.96,29,BRN FMF0026!
2025-11-03 03:25:00+00:00,33,57,5884693,64.96,64.96,64.95,64.96,10,BRN FMF0026!
2025-11-03 03:26:00+00:00,33,57,5884693,64.97,64.97,64.97,64.97,16,BRN FMF0026!
2025-11-03 03:27:00+00:00,33,57,5884693,64.97,64.97,64.97,64.97,139,BRN FMF0026!
2025-11-03 03:28:00+00:00,33,57,5884693,64.97,64.97,64.97,64.97,109,BRN FMF0026!
2025-11-03 03:29:00+00:00,33,57,5884693,64.97,64.97,64.96,64.97,30,BRN FMF0026!
2025-11-03 03:30:00+00:00,33,57,5884693,64.97,64.97,64.96,64.96,17,BRN FMF0026!
2025-11-03 03:31:00+00:00,33,57,5884693,64.96,65.02,64.96,65.01,143,BRN FMF0026!
2025-11-03 03:32:00+00:00,33,57,5884693,65.02,65.03,65.01,65.02,76,BRN FMF0026!
2025-11-03 03:34:00+00:00,33,57,5884693,65.02,65.02,65.02,65.02,2,BRN FMF0026!
2025-11-03 03:35:00+00:00,33,57,5884693,65.03,65.05,65.03,65.04,429,BRN FMF0026!
2025-11-03 03:36:00+00:00,33,57,5884693,65.04,65.04,65.04,65.04,6,BRN FMF0026!
2025-11-03 03:37:00+00:00,33,57,5884693,65.04,65.05,65.04,65.04,11,BRN FMF0026!
2025-11-03 03:38:00+00:00,33,57,5884693,65.05,65.06,65.05,65.06,14,BRN FMF0026!
2025-11-03 03:39:00+00:00,33,57,5884693,65.06,65.07,65.06,65.07,20,BRN FMF0026!
2025-11-03 03:40:00+00:00,33,57,5884693,65.07,65.08,65.07,65.07,15,BRN FMF0026!
2025-11-03 03:41:00+00:00,33,57,5884693,65.07,65.08,65.07,65.08,3,BRN FMF0026!
2025-11-03 03:42:00+00:00,33,57,5884693,65.07,65.07,65.06,65.06,2,BRN FMF0026!
2025-11-03 03:43:00+00:00,33,57,5884693,65.05,65.05,65.05,65.05,1,BRN FMF0026!
2025-11-03 03:45:00+00:00,33,57,5884693,65.05,65.07,65.05,65.07,8,BRN FMF0026!
2025-11-03 03:46:00+00:00,33,57,5884693,65.06,65.06,65.06,65.06,11,BRN FMF0026!
2025-11-03 03:47:00+00:00,33,57,5884693,65.06,65.08,65.06,65.08,10,BRN FMF0026!
2025-11-03 03:49:00+00:00,33,57,5884693,65.08,65.08,65.08,65.08,7,BRN FMF0026!
2025-11-03 03:50:00+00:00,33,57,5884693,,,,,4,BRN FMF0026!
2025-11-03 03:51:00+00:00,33,57,5884693,65.08,65.08,65.08,65.08,1,BRN FMF0026!
2025-11-03 03:52:00+00:00,33,57,5884693,65.07,65.07,65.07,65.07,3,BRN FMF0026!
2025-11-03 03:53:00+00:00,33,57,5884693,65.06,65.06,65.06,65.06,1,BRN FMF0026!
2025-11-03 03:54:00+00:00,33,57,5884693,65.07,65.07,65.07,65.07,3,BRN FMF0026!
2025-11-03 03:55:00+00:00,33,57,5884693,,,,,2,BRN FMF0026!
2025-11-03 03:56:00+00:00,33,57,5884693,65.07,65.07,65.07,65.07,9,BRN FMF0026!
2025-11-03 03:57:00+00:00,33,57,5884693,65.08,65.09,65.08,65.09,8,BRN FMF0026!
2025-11-03 03:58:00+00:00,33,57,5884693,65.08,65.08,65.08,65.08,4,BRN FMF0026!
2025-11-03 03:59:00+00:00,33,57,5884693,65.09,65.09,65.09,65.09,2,BRN FMF0026!
2025-11-03 04:00:00+00:00,33,57,5884693,65.08,65.08,65.08,65.08,4,BRN FMF0026!
2025-11-03 04:01:00+00:00,33,57,5884693,65.07,65.07,65.05,65.05,16,BRN FMF0026!
2025-11-03 04:02:00+00:00,33,57,5884693,65.05,65.05,65.04,65.04,13,BRN FMF0026!
2025-11-03 04:03:00+00:00,33,57,5884693,65.04,65.04,65.04,65.04,3,BRN FMF0026!
2025-11-03 04:05:00+00:00,33,57,5884693,65.04,65.04,65.01,65.01,22,BRN FMF0026!
2025-11-03 04:06:00+00:00,33,57,5884693,65.03,65.03,65.03,65.03,20,BRN FMF0026!
2025-11-03 04:07:00+00:00,33,57,5884693,65.03,65.05,65.01,65.01,198,BRN FMF0026!
2025-11-03 04:08:00+00:00,33,57,5884693,65.01,65.01,65.0,65.01,59,BRN FMF0026!
2025-11-03 04:09:00+00:00,33,57,5884693,65.02,65.02,65.01,65.01,69,BRN FMF0026!
2025-11-03 04:10:00+00:00,33,57,5884693,65.01,65.03,65.01,65.02,61,BRN FMF0026!
2025-11-03 04:11:00+00:00,33,57,5884693,65.01,65.01,64.98,64.98,106,BRN FMF0026!
2025-11-03 04:12:00+00:00,33,57,5884693,64.99,64.99,64.98,64.99,22,BRN FMF0026!
2025-11-03 04:13:00+00:00,33,57,5884693,,,,,1,BRN FMF0026!
2025-11-03 04:14:00+00:00,33,57,5884693,64.99,64.99,64.99,64.99,8,BRN FMF0026!
2025-11-03 04:16:00+00:00,33,57,5884693,64.98,64.98,64.98,64.98,27,BRN FMF0026!
2025-11-03 04:17:00+00:00,33,57,5884693,64.99,64.99,64.99,64.99,2,BRN FMF0026!
2025-11-03 04:20:00+00:00,33,57,5884693,65.0,65.0,64.98,64.98,3,BRN FMF0026!
2025-11-03 04:22:00+00:00,33,57,5884693,64.99,65.0,64.99,65.0,7,BRN FMF0026!
2025-11-03 04:23:00+00:00,33,57,5884693,65.0,65.01,65.0,65.01,6,BRN FMF0026!
2025-11-03 04:24:00+00:00,33,57,5884693,65.01,65.01,65.01,65.01,1,BRN FMF0026!
2025-11-03 04:26:00+00:00,33,57,5884693,65.0,65.0,65.0,65.0,1,BRN FMF0026!
2025-11-03 04:27:00+00:00,33,57,5884693,65.01,65.01,65.01,65.01,2,BRN FMF0026!
2025-11-03 04:28:00+00:00,33,57,5884693,65.01,65.01,65.01,65.01,1,BRN FMF0026!
2025-11-03 04:29:00+00:00,33,57,5884693,65.02,65.02,65.02,65.02,3,BRN FMF0026!
2025-11-03 04:30:00+00:00,33,57,5884693,65.01,65.02,65.01,65.02,86,BRN FMF0026!
2025-11-03 04:31:00+00:00,33,57,5884693,65.01,65.01,65.01,65.01,1,BRN FMF0026!
2025-11-03 04:32:00+00:00,33,57,5884693,65.0,65.0,65.0,65.0,1,BRN FMF0026!
2025-11-03 04:33:00+00:00,33,57,5884693,65.0,65.0,65.0,65.0,7,BRN FMF0026!
2025-11-03 04:34:00+00:00,33,57,5884693,65.0,65.0,64.97,64.97,890,BRN FMF0026!
2025-11-03 04:35:00+00:00,33,57,5884693,64.96,64.97,64.94,64.95,69,BRN FMF0026!
2025-11-03 04:36:00+00:00,33,57,5884693,64.96,64.96,64.96,64.96,8,BRN FMF0026!
2025-11-03 04:37:00+00:00,33,57,5884693,64.96,64.96,64.96,64.96,2,BRN FMF0026!
2025-11-03 04:38:00+00:00,33,57,5884693,64.97,64.97,64.97,64.97,1,BRN FMF0026!
2025-11-03 04:39:00+00:00,33,57,5884693,64.97,64.97,64.96,64.97,9,BRN FMF0026!
2025-11-03 04:40:00+00:00,33,57,5884693,64.96,64.96,64.94,64.94,43,BRN FMF0026!
2025-11-03 04:41:00+00:00,33,57,5884693,64.94,64.95,64.93,64.94,212,BRN FMF0026!
2025-11-03 04:42:00+00:00,33,57,5884693,64.95,64.95,64.95,64.95,6,BRN FMF0026!
2025-11-03 04:43:00+00:00,33,57,5884693,64.94,64.94,64.91,64.92,81,BRN FMF0026!
2025-11-03 04:44:00+00:00,33,57,5884693,64.93,64.93,64.93,64.93,13,BRN FMF0026!
2025-11-03 04:45:00+00:00,33,57,5884693,64.92,64.92,64.92,64.92,1,BRN FMF0026!
2025-11-03 04:46:00+00:00,33,57,5884693,64.93,64.93,64.93,64.93,20,BRN FMF0026!
2025-11-03 04:47:00+00:00,33,57,5884693,64.92,64.93,64.92,64.93,9,BRN FMF0026!
2025-11-03 04:48:00+00:00,33,57,5884693,64.93,64.93,64.92,64.92,7,BRN FMF0026!
2025-11-03 04:49:00+00:00,33,57,5884693,64.92,64.93,64.92,64.93,37,BRN FMF0026!
2025-11-03 04:50:00+00:00,33,57,5884693,64.93,64.94,64.93,64.94,17,BRN FMF0026!
2025-11-03 04:51:00+00:00,33,57,5884693,64.93,64.93,64.93,64.93,56,BRN FMF0026!
2025-11-03 04:52:00+00:00,33,57,5884693,64.93,64.94,64.93,64.94,12,BRN FMF0026!
2025-11-03 04:53:00+00:00,33,57,5884693,64.94,64.94,64.94,64.94,4,BRN FMF0026!
2025-11-03 04:55:00+00:00,33,57,5884693,64.94,64.94,64.94,64.94,5,BRN FMF0026!
2025-11-03 04:57:00+00:00,33,57,5884693,64.93,64.93,64.93,64.93,14,BRN FMF0026!
2025-11-03 04:58:00+00:00,33,57,5884693,64.94,64.95,64.94,64.95,4,BRN FMF0026!
2025-11-03 05:00:00+00:00,33,57,5884693,64.95,64.95,64.94,64.94,12,BRN FMF0026!
2025-11-03 05:01:00+00:00,33,57,5884693,64.94,64.97,64.94,64.97,65,BRN FMF0026!
2025-11-03 05:02:00+00:00,33,57,5884693,64.97,65.0,64.97,64.99,177,BRN FMF0026!
2025-11-03 05:03:00+00:00,33,57,5884693,65.0,65.0,65.0,65.0,9,BRN FMF0026!
2025-11-03 05:04:00+00:00,33,57,5884693,64.99,64.99,64.99,64.99,6,BRN FMF0026!
2025-11-03 05:05:00+00:00,33,57,5884693,64.98,64.98,64.98,64.98,2,BRN FMF0026!
2025-11-03 05:07:00+00:00,33,57,5884693,64.98,64.99,64.98,64.99,2,BRN FMF0026!
2025-11-03 05:08:00+00:00,33,57,5884693,64.97,64.98,64.97,64.98,11,BRN FMF0026!
2025-11-03 05:09:00+00:00,33,57,5884693,64.97,64.99,64.97,64.99,13,BRN FMF0026!
2025-11-03 05:10:00+00:00,33,57,5884693,64.99,65.0,64.99,64.99,8,BRN FMF0026!
2025-11-03 05:11:00+00:00,33,57,5884693,64.99,65.01,64.99,65.01,11,BRN FMF0026!
2025-11-03 05:14:00+00:00,33,57,5884693,65.02,65.02,65.02,65.02,2,BRN FMF0026!
2025-11-03 05:16:00+00:00,33,57,5884693,65.01,65.01,65.01,65.01,9,BRN FMF0026!
2025-11-03 05:17:00+00:00,33,57,5884693,65.02,65.02,65.01,65.02,7,BRN FMF0026!
2025-11-03 05:18:00+00:00,33,57,5884693,65.0,65.01,64.99,64.99,8,BRN FMF0026!
2025-11-03 05:19:00+00:00,33,57,5884693,65.0,65.0,64.99,65.0,8,BRN FMF0026!
2025-11-03 05:20:00+00:00,33,57,5884693,65.0,65.0,64.99,64.99,4,BRN FMF0026!
2025-11-03 05:21:00+00:00,33,57,5884693,64.99,65.0,64.99,65.0,49,BRN FMF0026!
2025-11-03 05:22:00+00:00,33,57,5884693,65.01,65.01,65.0,65.0,10,BRN FMF0026!
2025-11-03 05:23:00+00:00,33,57,5884693,65.0,65.0,64.99,64.99,11,BRN FMF0026!
2025-11-03 05:24:00+00:00,33,57,5884693,64.99,64.99,64.98,64.98,15,BRN FMF0026!
2025-11-03 05:25:00+00:00,33,57,5884693,64.99,65.0,64.99,65.0,7,BRN FMF0026!
2025-11-03 05:26:00+00:00,33,57,5884693,65.01,65.01,64.93,64.98,436,BRN FMF0026!
2025-11-03 05:27:00+00:00,33,57,5884693,64.97,64.98,64.97,64.98,9,BRN FMF0026!
2025-11-03 05:28:00+00:00,33,57,5884693,64.98,64.99,64.98,64.99,26,BRN FMF0026!
2025-11-03 05:29:00+00:00,33,57,5884693,65.0,65.01,65.0,65.01,17,BRN FMF0026!
2025-11-03 05:30:00+00:00,33,57,5884693,65.01,65.01,64.99,65.01,58,BRN FMF0026!
2025-11-03 05:31:00+00:00,33,57,5884693,65.02,65.02,65.01,65.02,18,BRN FMF0026!
2025-11-03 05:32:00+00:00,33,57,5884693,65.03,65.03,65.03,65.03,15,BRN FMF0026!
2025-11-03 05:33:00+00:00,33,57,5884693,65.04,65.04,65.01,65.02,28,BRN FMF0026!
2025-11-03 05:34:00+00:00,33,57,5884693,65.02,65.02,65.02,65.02,8,BRN FMF0026!
2025-11-03 05:36:00+00:00,33,57,5884693,65.02,65.05,65.02,65.05,53,BRN FMF0026!
2025-11-03 05:37:00+00:00,33,57,5884693,65.06,65.06,65.06,65.06,1,BRN FMF0026!
2025-11-03 05:38:00+00:00,33,57,5884693,65.07,65.08,65.07,65.07,129,BRN FMF0026!
2025-11-03 05:39:00+00:00,33,57,5884693,65.08,65.08,65.07,65.07,30,BRN FMF0026!
2025-11-03 05:40:00+00:00,33,57,5884693,65.06,65.11,65.05,65.1,213,BRN FMF0026!
2025-11-03 05:41:00+00:00,33,57,5884693,65.11,65.11,65.1,65.1,25,BRN FMF0026!
2025-11-03 05:42:00+00:00,33,57,5884693,65.1,65.11,65.08,65.1,145,BRN FMF0026!
2025-11-03 05:43:00+00:00,33,57,5884693,65.09,65.09,65.08,65.08,34,BRN FMF0026!
2025-11-03 05:44:00+00:00,33,57,5884693,65.07,65.09,65.06,65.09,42,BRN FMF0026!
2025-11-03 05:45:00+00:00,33,57,5884693,65.09,65.1,65.09,65.09,7,BRN FMF0026!
2025-11-03 05:46:00+00:00,33,57,5884693,65.1,65.1,65.09,65.09,6,BRN FMF0026!
2025-11-03 05:47:00+00:00,33,57,5884693,65.1,65.14,65.1,65.13,301,BRN FMF0026!
2025-11-03 05:48:00+00:00,33,57,5884693,65.12,65.13,65.12,65.13,4,BRN FMF0026!
2025-11-03 05:49:00+00:00,33,57,5884693,65.13,65.14,65.12,65.12,34,BRN FMF0026!
2025-11-03 05:50:00+00:00,33,57,5884693,65.12,65.15,65.12,65.15,21,BRN FMF0026!
2025-11-03 05:51:00+00:00,33,57,5884693,65.15,65.16,65.14,65.15,36,BRN FMF0026!
2025-11-03 05:52:00+00:00,33,57,5884693,65.16,65.19,65.15,65.18,407,BRN FMF0026!
2025-11-03 05:53:00+00:00,33,57,5884693,65.17,65.17,65.15,65.15,25,BRN FMF0026!
2025-11-03 05:54:00+00:00,33,57,5884693,65.15,65.15,65.14,65.15,11,BRN FMF0026!
2025-11-03 05:55:00+00:00,33,57,5884693,65.15,65.18,65.14,65.18,78,BRN FMF0026!
2025-11-03 05:56:00+00:00,33,57,5884693,65.17,65.2,65.17,65.2,48,BRN FMF0026!
2025-11-03 05:57:00+00:00,33,57,5884693,65.21,65.27,65.21,65.26,208,BRN FMF0026!
2025-11-03 05:58:00+00:00,33,57,5884693,65.26,65.26,65.21,65.22,48,BRN FMF0026!
2025-11-03 05:59:00+00:00,33,57,5884693,65.23,65.26,65.23,65.24,54,BRN FMF0026!
2025-11-03 06:00:00+00:00,33,57,5884693,65.24,65.25,65.23,65.23,31,BRN FMF0026!
2025-11-03 06:01:00+00:00,33,57,5884693,65.23,65.25,65.2,65.2,50,BRN FMF0026!
2025-11-03 06:02:00+00:00,33,57,5884693,65.19,65.2,65.19,65.19,24,BRN FMF0026!
2025-11-03 06:03:00+00:00,33,57,5884693,65.19,65.19,65.17,65.19,85,BRN FMF0026!
2025-11-03 06:04:00+00:00,33,57,5884693,65.18,65.2,65.17,65.19,62,BRN FMF0026!
2025-11-03 06:05:00+00:00,33,57,5884693,65.19,65.2,65.17,65.17,42,BRN FMF0026!
2025-11-03 06:06:00+00:00,33,57,5884693,65.18,65.18,65.17,65.18,24,BRN FMF0026!
2025-11-03 06:07:00+00:00,33,57,5884693,65.18,65.19,65.17,65.18,20,BRN FMF0026!
2025-11-03 06:08:00+00:00,33,57,5884693,65.19,65.21,65.19,65.19,63,BRN FMF0026!
2025-11-03 06:09:00+00:00,33,57,5884693,65.19,65.21,65.19,65.2,11,BRN FMF0026!
2025-11-03 06:10:00+00:00,33,57,5884693,65.2,65.23,65.18,65.22,131,BRN FMF0026!
2025-11-03 06:11:00+00:00,33,57,5884693,65.21,65.24,65.21,65.23,67,BRN FMF0026!
2025-11-03 06:12:00+00:00,33,57,5884693,65.23,65.23,65.19,65.2,52,BRN FMF0026!
2025-11-03 06:13:00+00:00,33,57,5884693,65.19,65.2,65.19,65.2,15,BRN FMF0026!
2025-11-03 06:14:00+00:00,33,57,5884693,65.19,65.22,65.19,65.21,233,BRN FMF0026!
2025-11-03 06:15:00+00:00,33,57,5884693,65.21,65.22,65.19,65.22,323,BRN FMF0026!
2025-11-03 06:16:00+00:00,33,57,5884693,65.22,65.25,65.22,65.24,76,BRN FMF0026!
2025-11-03 06:17:00+00:00,33,57,5884693,65.24,65.24,65.23,65.23,45,BRN FMF0026!
2025-11-03 06:18:00+00:00,33,57,5884693,65.24,65.25,65.24,65.25,21,BRN FMF0026!
2025-11-03 06:19:00+00:00,33,57,5884693,65.24,65.27,65.23,65.24,246,BRN FMF0026!
2025-11-03 06:20:00+00:00,33,57,5884693,65.24,65.25,65.23,65.23,59,BRN FMF0026!
2025-11-03 06:21:00+00:00,33,57,5884693,65.22,65.22,65.2,65.21,45,BRN FMF0026!
2025-11-03 06:22:00+00:00,33,57,5884693,65.23,65.23,65.21,65.23,31,BRN FMF0026!
2025-11-03 06:23:00+00:00,33,57,5884693,65.22,65.22,65.21,65.22,29,BRN FMF0026!
2025-11-03 06:24:00+00:00,33,57,5884693,65.21,65.22,65.21,65.21,39,BRN FMF0026!
2025-11-03 06:25:00+00:00,33,57,5884693,65.21,65.21,65.18,65.19,51,BRN FMF0026!
2025-11-03 06:26:00+00:00,33,57,5884693,65.2,65.21,65.2,65.21,15,BRN FMF0026!
2025-11-03 06:27:00+00:00,33,57,5884693,65.2,65.21,65.18,65.18,71,BRN FMF0026!
2025-11-03 06:28:00+00:00,33,57,5884693,65.18,65.19,65.17,65.19,47,BRN FMF0026!
2025-11-03 06:29:00+00:00,33,57,5884693,65.18,65.2,65.18,65.18,161,BRN FMF0026!
2025-11-03 06:30:00+00:00,33,57,5884693,65.18,65.2,65.18,65.19,20,BRN FMF0026!
2025-11-03 06:31:00+00:00,33,57,5884693,65.19,65.22,65.19,65.21,13,BRN FMF0026!
2025-11-03 06:32:00+00:00,33,57,5884693,65.21,65.23,65.21,65.23,12,BRN FMF0026!
2025-11-03 06:33:00+00:00,33,57,5884693,65.23,65.25,65.23,65.24,16,BRN FMF0026!
2025-11-03 06:34:00+00:00,33,57,5884693,65.24,65.25,65.23,65.24,28,BRN FMF0026!
2025-11-03 06:35:00+00:00,33,57,5884693,65.24,65.26,65.24,65.25,140,BRN FMF0026!
2025-11-03 06:36:00+00:00,33,57,5884693,65.26,65.28,65.25,65.28,212,BRN FMF0026!
2025-11-03 06:37:00+00:00,33,57,5884693,65.28,65.32,65.26,65.29,504,BRN FMF0026!
2025-11-03 06:38:00+00:00,33,57,5884693,65.29,65.31,65.29,65.3,13,BRN FMF0026!
2025-11-03 06:39:00+00:00,33,57,5884693,65.3,65.3,65.26,65.26,51,BRN FMF0026!
2025-11-03 06:40:00+00:00,33,57,5884693,65.27,65.27,65.24,65.25,62,BRN FMF0026!
2025-11-03 06:41:00+00:00,33,57,5884693,65.23,65.23,65.23,65.23,14,BRN FMF0026!
2025-11-03 06:42:00+00:00,33,57,5884693,65.22,65.22,65.22,65.22,10,BRN FMF0026!
2025-11-03 06:43:00+00:00,33,57,5884693,65.21,65.22,65.2,65.21,23,BRN FMF0026!
2025-11-03 06:44:00+00:00,33,57,5884693,65.22,65.23,65.19,65.19,32,BRN FMF0026!
2025-11-03 06:45:00+00:00,33,57,5884693,65.2,65.2,65.16,65.16,63,BRN FMF0026!
2025-11-03 06:46:00+00:00,33,57,5884693,65.17,65.2,65.16,65.2,24,BRN FMF0026!
2025-11-03 06:47:00+00:00,33,57,5884693,65.18,65.18,65.17,65.17,16,BRN FMF0026!
2025-11-03 06:48:00+00:00,33,57,5884693,65.16,65.22,65.16,65.21,172,BRN FMF0026!
2025-11-03 06:49:00+00:00,33,57,5884693,65.21,65.24,65.2,65.23,24,BRN FMF0026!
2025-11-03 06:50:00+00:00,33,57,5884693,65.22,65.25,65.22,65.24,22,BRN FMF0026!
2025-11-03 06:51:00+00:00,33,57,5884693,65.25,65.28,65.25,65.26,48,BRN FMF0026!
2025-11-03 06:52:00+00:00,33,57,5884693,65.25,65.27,65.24,65.26,30,BRN FMF0026!
2025-11-03 06:53:00+00:00,33,57,5884693,65.24,65.26,65.24,65.26,46,BRN FMF0026!
2025-11-03 06:54:00+00:00,33,57,5884693,65.25,65.25,65.24,65.24,46,BRN FMF0026!
2025-11-03 06:55:00+00:00,33,57,5884693,65.25,65.25,65.23,65.23,9,BRN FMF0026!
2025-11-03 06:56:00+00:00,33,57,5884693,65.24,65.24,65.22,65.22,35,BRN FMF0026!
2025-11-03 06:57:00+00:00,33,57,5884693,65.22,65.22,65.22,65.22,7,BRN FMF0026!
2025-11-03 06:58:00+00:00,33,57,5884693,65.21,65.22,65.2,65.22,47,BRN FMF0026!
2025-11-03 06:59:00+00:00,33,57,5884693,65.21,65.26,65.2,65.25,239,BRN FMF0026!
2025-11-03 07:00:00+00:00,33,57,5884693,65.25,65.28,65.24,65.27,87,BRN FMF0026!
2025-11-03 07:01:00+00:00,33,57,5884693,65.26,65.29,65.25,65.28,49,BRN FMF0026!
2025-11-03 07:02:00+00:00,33,57,5884693,65.28,65.28,65.25,65.25,40,BRN FMF0026!
2025-11-03 07:03:00+00:00,33,57,5884693,65.25,65.27,65.24,65.25,299,BRN FMF0026!
2025-11-03 07:04:00+00:00,33,57,5884693,65.25,65.26,65.22,65.23,85,BRN FMF0026!
2025-11-03 07:05:00+00:00,33,57,5884693,65.24,65.24,65.22,65.23,88,BRN FMF0026!
2025-11-03 07:06:00+00:00,33,57,5884693,65.22,65.22,65.2,65.2,137,BRN FMF0026!
2025-11-03 07:07:00+00:00,33,57,5884693,65.2,65.21,65.2,65.21,24,BRN FMF0026!
2025-11-03 07:08:00+00:00,33,57,5884693,65.21,65.23,65.2,65.23,58,BRN FMF0026!
2025-11-03 07:09:00+00:00,33,57,5884693,65.23,65.23,65.22,65.22,29,BRN FMF0026!
2025-11-03 07:10:00+00:00,33,57,5884693,65.21,65.21,65.19,65.2,81,BRN FMF0026!
2025-11-03 07:11:00+00:00,33,57,5884693,65.2,65.2,65.19,65.2,22,BRN FMF0026!
2025-11-03 07:12:00+00:00,33,57,5884693,65.19,65.21,65.19,65.19,19,BRN FMF0026!
2025-11-03 07:13:00+00:00,33,57,5884693,65.19,65.19,65.19,65.19,55,BRN FMF0026!
2025-11-03 07:14:00+00:00,33,57,5884693,65.19,65.19,65.16,65.17,92,BRN FMF0026!
2025-11-03 07:15:00+00:00,33,57,5884693,65.16,65.16,65.12,65.14,494,BRN FMF0026!
2025-11-03 07:16:00+00:00,33,57,5884693,65.13,65.14,65.12,65.13,77,BRN FMF0026!
2025-11-03 07:17:00+00:00,33,57,5884693,65.12,65.13,65.11,65.12,512,BRN FMF0026!
2025-11-03 07:18:00+00:00,33,57,5884693,65.12,65.15,65.12,65.12,325,BRN FMF0026!
2025-11-03 07:19:00+00:00,33,57,5884693,65.12,65.12,65.08,65.08,423,BRN FMF0026!
2025-11-03 07:20:00+00:00,33,57,5884693,65.08,65.1,65.06,65.08,420,BRN FMF0026!
2025-11-03 07:21:00+00:00,33,57,5884693,65.07,65.09,65.04,65.05,155,BRN FMF0026!
2025-11-03 07:22:00+00:00,33,57,5884693,65.06,65.08,65.04,65.04,246,BRN FMF0026!
2025-11-03 07:23:00+00:00,33,57,5884693,65.03,65.03,65.02,65.03,78,BRN FMF0026!
2025-11-03 07:24:00+00:00,33,57,5884693,65.04,65.04,65.03,65.03,28,BRN FMF0026!
2025-11-03 07:25:00+00:00,33,57,5884693,65.03,65.04,65.03,65.04,40,BRN FMF0026!
2025-11-03 07:26:00+00:00,33,57,5884693,65.04,65.06,65.04,65.04,74,BRN FMF0026!
2025-11-03 07:27:00+00:00,33,57,5884693,65.04,65.05,65.02,65.04,91,BRN FMF0026!
2025-11-03 07:28:00+00:00,33,57,5884693,65.03,65.1,65.02,65.09,146,BRN FMF0026!
2025-11-03 07:29:00+00:00,33,57,5884693,65.09,65.13,65.09,65.1,174,BRN FMF0026!
2025-11-03 07:30:00+00:00,33,57,5884693,65.11,65.13,65.07,65.08,100,BRN FMF0026!
2025-11-03 07:31:00+00:00,33,57,5884693,65.09,65.11,65.08,65.11,111,BRN FMF0026!
2025-11-03 07:32:00+00:00,33,57,5884693,65.11,65.15,65.11,65.12,166,BRN FMF0026!
2025-11-03 07:33:00+00:00,33,57,5884693,65.13,65.18,65.13,65.15,454,BRN FMF0026!
2025-11-03 07:34:00+00:00,33,57,5884693,65.14,65.16,65.14,65.15,109,BRN FMF0026!
2025-11-03 07:35:00+00:00,33,57,5884693,65.14,65.17,65.14,65.17,150,BRN FMF0026!
2025-11-03 07:36:00+00:00,33,57,5884693,65.18,65.19,65.16,65.19,116,BRN FMF0026!
2025-11-03 07:37:00+00:00,33,57,5884693,65.19,65.24,65.19,65.23,137,BRN FMF0026!
2025-11-03 07:38:00+00:00,33,57,5884693,65.23,65.23,65.16,65.18,231,BRN FMF0026!
2025-11-03 07:39:00+00:00,33,57,5884693,65.17,65.19,65.17,65.17,73,BRN FMF0026!
2025-11-03 07:40:00+00:00,33,57,5884693,65.17,65.17,65.14,65.15,31,BRN FMF0026!
2025-11-03 07:41:00+00:00,33,57,5884693,65.15,65.16,65.14,65.16,11,BRN FMF0026!
2025-11-03 07:42:00+00:00,33,57,5884693,65.16,65.16,65.14,65.14,44,BRN FMF0026!
2025-11-03 07:43:00+00:00,33,57,5884693,65.14,65.14,65.13,65.14,31,BRN FMF0026!
2025-11-03 07:44:00+00:00,33,57,5884693,65.13,65.14,65.13,65.13,23,BRN FMF0026!
2025-11-03 07:45:00+00:00,33,57,5884693,65.14,65.18,65.12,65.18,133,BRN FMF0026!
2025-11-03 07:46:00+00:00,33,57,5884693,65.18,65.2,65.17,65.19,102,BRN FMF0026!
2025-11-03 07:47:00+00:00,33,57,5884693,65.18,65.22,65.18,65.21,216,BRN FMF0026!
2025-11-03 07:48:00+00:00,33,57,5884693,65.2,65.2,65.16,65.16,442,BRN FMF0026!
2025-11-03 07:49:00+00:00,33,57,5884693,65.16,65.17,65.12,65.12,637,BRN FMF0026!
2025-11-03 07:50:00+00:00,33,57,5884693,65.13,65.14,65.11,65.12,201,BRN FMF0026!
2025-11-03 07:51:00+00:00,33,57,5884693,65.12,65.2,65.11,65.2,439,BRN FMF0026!
2025-11-03 07:52:00+00:00,33,57,5884693,65.2,65.2,65.13,65.15,153,BRN FMF0026!
2025-11-03 07:53:00+00:00,33,57,5884693,65.15,65.15,65.14,65.14,32,BRN FMF0026!
2025-11-03 07:54:00+00:00,33,57,5884693,65.14,65.14,65.1,65.1,252,BRN FMF0026!
2025-11-03 07:55:00+00:00,33,57,5884693,65.11,65.11,65.08,65.08,137,BRN FMF0026!
2025-11-03 07:56:00+00:00,33,57,5884693,65.08,65.09,65.07,65.08,88,BRN FMF0026!
2025-11-03 07:57:00+00:00,33,57,5884693,65.08,65.1,65.08,65.09,57,BRN FMF0026!
2025-11-03 07:58:00+00:00,33,57,5884693,65.09,65.11,65.09,65.11,26,BRN FMF0026!
2025-11-03 07:59:00+00:00,33,57,5884693,65.1,65.11,65.07,65.08,114,BRN FMF0026!
2025-11-03 08:00:00+00:00,33,57,5884693,65.09,65.09,65.04,65.05,227,BRN FMF0026!
2025-11-03 08:01:00+00:00,33,57,5884693,65.05,65.08,65.04,65.07,148,BRN FMF0026!
2025-11-03 08:02:00+00:00,33,57,5884693,65.07,65.1,65.07,65.08,117,BRN FMF0026!
2025-11-03 08:03:00+00:00,33,57,5884693,65.09,65.14,65.08,65.13,118,BRN FMF0026!
2025-11-03 08:04:00+00:00,33,57,5884693,65.13,65.13,65.08,65.09,194,BRN FMF0026!
2025-11-03 08:05:00+00:00,33,57,5884693,65.09,65.12,65.08,65.08,126,BRN FMF0026!
2025-11-03 08:06:00+00:00,33,57,5884693,65.08,65.08,65.03,65.03,152,BRN FMF0026!
2025-11-03 08:07:00+00:00,33,57,5884693,65.04,65.06,65.04,65.05,149,BRN FMF0026!
2025-11-03 08:08:00+00:00,33,57,5884693,65.05,65.05,65.03,65.05,115,BRN FMF0026!
2025-11-03 08:09:00+00:00,33,57,5884693,65.04,65.05,65.03,65.04,61,BRN FMF0026!
2025-11-03 08:10:00+00:00,33,57,5884693,65.05,65.05,65.01,65.02,231,BRN FMF0026!
2025-11-03 08:11:00+00:00,33,57,5884693,65.04,65.08,65.03,65.04,322,BRN FMF0026!
2025-11-03 08:12:00+00:00,33,57,5884693,65.03,65.06,65.03,65.06,45,BRN FMF0026!
2025-11-03 08:13:00+00:00,33,57,5884693,65.05,65.08,65.05,65.05,337,BRN FMF0026!
2025-11-03 08:14:00+00:00,33,57,5884693,65.05,65.07,65.01,65.03,165,BRN FMF0026!
2025-11-03 08:15:00+00:00,33,57,5884693,65.02,65.04,64.97,65.0,506,BRN FMF0026!
2025-11-03 08:16:00+00:00,33,57,5884693,65.0,65.01,64.98,64.99,339,BRN FMF0026!
2025-11-03 08:17:00+00:00,33,57,5884693,64.98,64.99,64.95,64.97,1543,BRN FMF0026!
2025-11-03 08:18:00+00:00,33,57,5884693,64.96,64.99,64.96,64.97,239,BRN FMF0026!
2025-11-03 08:19:00+00:00,33,57,5884693,64.98,64.98,64.97,64.97,161,BRN FMF0026!
2025-11-03 08:20:00+00:00,33,57,5884693,64.98,64.98,64.94,64.95,125,BRN FMF0026!
2025-11-03 08:21:00+00:00,33,57,5884693,64.95,64.95,64.88,64.9,4978,BRN FMF0026!
2025-11-03 08:22:00+00:00,33,57,5884693,64.89,64.96,64.88,64.96,227,BRN FMF0026!
2025-11-03 08:23:00+00:00,33,57,5884693,64.95,65.0,64.95,65.0,351,BRN FMF0026!
2025-11-03 08:24:00+00:00,33,57,5884693,64.99,65.01,64.98,64.98,126,BRN FMF0026!
2025-11-03 08:25:00+00:00,33,57,5884693,64.98,64.99,64.94,64.96,1178,BRN FMF0026!
2025-11-03 08:26:00+00:00,33,57,5884693,64.96,64.97,64.92,64.95,565,BRN FMF0026!
2025-11-03 08:27:00+00:00,33,57,5884693,64.95,64.96,64.89,64.89,826,BRN FMF0026!
2025-11-03 08:28:00+00:00,33,57,5884693,64.9,64.92,64.87,64.89,1104,BRN FMF0026!
2025-11-03 08:29:00+00:00,33,57,5884693,64.9,64.92,64.83,64.84,4749,BRN FMF0026!
2025-11-03 08:30:00+00:00,33,57,5884693,64.84,64.93,64.83,64.9,1497,BRN FMF0026!
2025-11-03 08:31:00+00:00,33,57,5884693,64.9,64.92,64.85,64.91,1388,BRN FMF0026!
2025-11-03 08:32:00+00:00,33,57,5884693,64.92,64.94,64.82,64.83,1168,BRN FMF0026!
2025-11-03 08:33:00+00:00,33,57,5884693,64.82,64.86,64.82,64.86,374,BRN FMF0026!
2025-11-03 08:34:00+00:00,33,57,5884693,64.85,64.89,64.84,64.87,276,BRN FMF0026!
2025-11-03 08:35:00+00:00,33,57,5884693,64.88,64.89,64.82,64.84,156,BRN FMF0026!
2025-11-03 08:36:00+00:00,33,57,5884693,64.84,64.85,64.81,64.83,1240,BRN FMF0026!
2025-11-03 08:37:00+00:00,33,57,5884693,64.83,64.83,64.81,64.82,145,BRN FMF0026!
2025-11-03 08:38:00+00:00,33,57,5884693,64.83,64.88,64.83,64.87,457,BRN FMF0026!
2025-11-03 08:39:00+00:00,33,57,5884693,64.87,64.87,64.82,64.83,216,BRN FMF0026!
2025-11-03 08:40:00+00:00,33,57,5884693,64.83,64.9,64.83,64.9,1054,BRN FMF0026!
2025-11-03 08:41:00+00:00,33,57,5884693,64.9,64.9,64.84,64.84,269,BRN FMF0026!
2025-11-03 08:42:00+00:00,33,57,5884693,64.83,64.85,64.8,64.8,258,BRN FMF0026!
2025-11-03 08:43:00+00:00,33,57,5884693,64.8,64.82,64.8,64.82,158,BRN FMF0026!
2025-11-03 08:44:00+00:00,33,57,5884693,64.82,64.84,64.78,64.83,1070,BRN FMF0026!
2025-11-03 08:45:00+00:00,33,57,5884693,64.84,64.84,64.8,64.82,172,BRN FMF0026!
2025-11-03 08:46:00+00:00,33,57,5884693,64.83,64.83,64.79,64.83,442,BRN FMF0026!
2025-11-03 08:47:00+00:00,33,57,5884693,64.83,64.86,64.81,64.86,288,BRN FMF0026!
2025-11-03 08:48:00+00:00,33,57,5884693,64.84,64.86,64.8,64.8,538,BRN FMF0026!
2025-11-03 08:49:00+00:00,33,57,5884693,64.8,64.83,64.78,64.81,291,BRN FMF0026!
2025-11-03 08:50:00+00:00,33,57,5884693,64.81,64.82,64.74,64.79,1912,BRN FMF0026!
2025-11-03 08:51:00+00:00,33,57,5884693,64.79,64.79,64.75,64.75,106,BRN FMF0026!
2025-11-03 08:52:00+00:00,33,57,5884693,64.75,64.78,64.74,64.75,274,BRN FMF0026!
2025-11-03 08:53:00+00:00,33,57,5884693,64.75,64.77,64.75,64.76,77,BRN FMF0026!
2025-11-03 08:54:00+00:00,33,57,5884693,64.76,64.76,64.74,64.75,184,BRN FMF0026!
2025-11-03 08:55:00+00:00,33,57,5884693,64.74,64.75,64.73,64.74,402,BRN FMF0026!
2025-11-03 08:56:00+00:00,33,57,5884693,64.74,64.74,64.7,64.71,1273,BRN FMF0026!
2025-11-03 08:57:00+00:00,33,57,5884693,64.71,64.72,64.69,64.69,478,BRN FMF0026!
2025-11-03 08:58:00+00:00,33,57,5884693,64.69,64.69,64.64,64.68,904,BRN FMF0026!
2025-11-03 08:59:00+00:00,33,57,5884693,64.68,64.7,64.65,64.66,227,BRN FMF0026!
2025-11-03 09:00:00+00:00,33,57,5884693,64.66,64.71,64.64,64.66,590,BRN FMF0026!
2025-11-03 09:01:00+00:00,33,57,5884693,64.67,64.67,64.56,64.58,349,BRN FMF0026!
2025-11-03 09:02:00+00:00,33,57,5884693,64.58,64.58,64.56,64.57,270,BRN FMF0026!
2025-11-03 09:03:00+00:00,33,57,5884693,64.56,64.59,64.56,64.58,249,BRN FMF0026!
2025-11-03 09:04:00+00:00,33,57,5884693,64.58,64.61,64.57,64.6,401,BRN FMF0026!
2025-11-03 09:05:00+00:00,33,57,5884693,64.6,64.63,64.59,64.62,460,BRN FMF0026!
2025-11-03 09:06:00+00:00,33,57,5884693,64.62,64.62,64.54,64.56,369,BRN FMF0026!
2025-11-03 09:07:00+00:00,33,57,5884693,64.56,64.58,64.54,64.56,150,BRN FMF0026!
2025-11-03 09:08:00+00:00,33,57,5884693,64.57,64.57,64.54,64.54,172,BRN FMF0026!
2025-11-03 09:09:00+00:00,33,57,5884693,64.54,64.57,64.53,64.57,374,BRN FMF0026!
2025-11-03 09:10:00+00:00,33,57,5884693,64.57,64.6,64.55,64.58,619,BRN FMF0026!
2025-11-03 09:11:00+00:00,33,57,5884693,64.57,64.6,64.57,64.57,543,BRN FMF0026!
2025-11-03 09:12:00+00:00,33,57,5884693,64.56,64.56,64.54,64.55,123,BRN FMF0026!
2025-11-03 09:13:00+00:00,33,57,5884693,64.54,64.55,64.51,64.52,300,BRN FMF0026!
2025-11-03 09:14:00+00:00,33,57,5884693,64.53,64.55,64.52,64.54,122,BRN FMF0026!
2025-11-03 09:15:00+00:00,33,57,5884693,64.53,64.55,64.53,64.55,239,BRN FMF0026!
2025-11-03 09:16:00+00:00,33,57,5884693,64.53,64.55,64.53,64.55,129,BRN FMF0026!
2025-11-03 09:17:00+00:00,33,57,5884693,64.55,64.56,64.54,64.56,103,BRN FMF0026!
2025-11-03 09:18:00+00:00,33,57,5884693,64.54,64.58,64.54,64.58,122,BRN FMF0026!
2025-11-03 09:19:00+00:00,33,57,5884693,64.56,64.64,64.56,64.63,1232,BRN FMF0026!
2025-11-03 09:20:00+00:00,33,57,5884693,64.62,64.68,64.61,64.66,450,BRN FMF0026!
2025-11-03 09:21:00+00:00,33,57,5884693,64.65,64.71,64.64,64.71,408,BRN FMF0026!
2025-11-03 09:22:00+00:00,33,57,5884693,64.7,64.73,64.69,64.73,381,BRN FMF0026!
2025-11-03 09:23:00+00:00,33,57,5884693,64.73,64.76,64.72,64.74,382,BRN FMF0026!
2025-11-03 09:24:00+00:00,33,57,5884693,64.74,64.76,64.7,64.71,291,BRN FMF0026!
2025-11-03 09:25:00+00:00,33,57,5884693,64.71,64.74,64.7,64.72,165,BRN FMF0026!
2025-11-03 09:26:00+00:00,33,57,5884693,64.72,64.73,64.71,64.73,138,BRN FMF0026!
2025-11-03 09:27:00+00:00,33,57,5884693,64.73,64.73,64.7,64.72,31,BRN FMF0026!
2025-11-03 09:28:00+00:00,33,57,5884693,64.72,64.72,64.68,64.7,114,BRN FMF0026!
2025-11-03 09:29:00+00:00,33,57,5884693,64.7,64.73,64.7,64.71,136,BRN FMF0026!
2025-11-03 09:30:00+00:00,33,57,5884693,64.71,64.71,64.67,64.67,112,BRN FMF0026!
2025-11-03 09:31:00+00:00,33,57,5884693,64.67,64.67,64.63,64.66,785,BRN FMF0026!
2025-11-03 09:32:00+00:00,33,57,5884693,64.65,64.67,64.63,64.66,187,BRN FMF0026!
2025-11-03 09:33:00+00:00,33,57,5884693,64.65,64.71,64.65,64.69,687,BRN FMF0026!
2025-11-03 09:34:00+00:00,33,57,5884693,64.69,64.72,64.69,64.71,209,BRN FMF0026!
2025-11-03 09:35:00+00:00,33,57,5884693,64.71,64.73,64.67,64.69,198,BRN FMF0026!
2025-11-03 09:36:00+00:00,33,57,5884693,64.69,64.7,64.68,64.68,42,BRN FMF0026!
2025-11-03 09:37:00+00:00,33,57,5884693,64.68,64.71,64.66,64.71,104,BRN FMF0026!
2025-11-03 09:38:00+00:00,33,57,5884693,64.7,64.71,64.69,64.69,116,BRN FMF0026!
2025-11-03 09:39:00+00:00,33,57,5884693,64.69,64.69,64.66,64.66,224,BRN FMF0026!
2025-11-03 09:40:00+00:00,33,57,5884693,64.66,64.71,64.66,64.7,315,BRN FMF0026!
2025-11-03 09:41:00+00:00,33,57,5884693,64.7,64.71,64.7,64.71,39,BRN FMF0026!
2025-11-03 09:42:00+00:00,33,57,5884693,64.71,64.71,64.69,64.69,56,BRN FMF0026!
2025-11-03 09:43:00+00:00,33,57,5884693,64.69,64.69,64.66,64.68,233,BRN FMF0026!
2025-11-03 09:44:00+00:00,33,57,5884693,64.67,64.68,64.65,64.66,80,BRN FMF0026!
2025-11-03 09:45:00+00:00,33,57,5884693,64.65,64.7,64.65,64.68,220,BRN FMF0026!
2025-11-03 09:46:00+00:00,33,57,5884693,64.69,64.7,64.68,64.69,85,BRN FMF0026!
2025-11-03 09:47:00+00:00,33,57,5884693,64.71,64.75,64.7,64.75,58,BRN FMF0026!
2025-11-03 09:48:00+00:00,33,57,5884693,64.74,64.79,64.74,64.79,380,BRN FMF0026!
2025-11-03 09:49:00+00:00,33,57,5884693,64.77,64.82,64.77,64.8,373,BRN FMF0026!
2025-11-03 09:50:00+00:00,33,57,5884693,64.79,64.8,64.74,64.75,135,BRN FMF0026!
2025-11-03 09:51:00+00:00,33,57,5884693,64.74,64.77,64.73,64.77,67,BRN FMF0026!
2025-11-03 09:52:00+00:00,33,57,5884693,64.78,64.78,64.76,64.76,96,BRN FMF0026!
2025-11-03 09:53:00+00:00,33,57,5884693,64.77,64.77,64.75,64.77,44,BRN FMF0026!
2025-11-03 09:54:00+00:00,33,57,5884693,64.77,64.79,64.72,64.73,1042,BRN FMF0026!
2025-11-03 09:55:00+00:00,33,57,5884693,64.72,64.76,64.71,64.75,78,BRN FMF0026!
2025-11-03 09:56:00+00:00,33,57,5884693,64.76,64.77,64.76,64.76,32,BRN FMF0026!
2025-11-03 09:57:00+00:00,33,57,5884693,64.76,64.77,64.74,64.76,58,BRN FMF0026!
2025-11-03 09:58:00+00:00,33,57,5884693,64.76,64.8,64.76,64.79,46,BRN FMF0026!
2025-11-03 09:59:00+00:00,33,57,5884693,64.78,64.81,64.77,64.79,1159,BRN FMF0026!
2025-11-03 10:00:00+00:00,33,57,5884693,64.78,64.78,64.74,64.77,206,BRN FMF0026!
2025-11-03 10:01:00+00:00,33,57,5884693,64.76,64.78,64.73,64.73,163,BRN FMF0026!
2025-11-03 10:02:00+00:00,33,57,5884693,64.74,64.79,64.73,64.74,252,BRN FMF0026!
2025-11-03 10:03:00+00:00,33,57,5884693,64.75,64.75,64.71,64.71,102,BRN FMF0026!
2025-11-03 10:04:00+00:00,33,57,5884693,64.72,64.72,64.69,64.69,414,BRN FMF0026!
2025-11-03 10:05:00+00:00,33,57,5884693,64.69,64.74,64.67,64.69,784,BRN FMF0026!
2025-11-03 10:06:00+00:00,33,57,5884693,64.69,64.69,64.66,64.67,196,BRN FMF0026!
2025-11-03 10:07:00+00:00,33,57,5884693,64.67,64.68,64.65,64.68,279,BRN FMF0026!
2025-11-03 10:08:00+00:00,33,57,5884693,64.68,64.71,64.67,64.7,228,BRN FMF0026!
2025-11-03 10:09:00+00:00,33,57,5884693,64.69,64.7,64.69,64.69,100,BRN FMF0026!
2025-11-03 10:10:00+00:00,33,57,5884693,64.69,64.76,64.69,64.76,1104,BRN FMF0026!
2025-11-03 10:11:00+00:00,33,57,5884693,64.75,64.76,64.72,64.75,151,BRN FMF0026!
2025-11-03 10:12:00+00:00,33,57,5884693,64.74,64.82,64.74,64.77,756,BRN FMF0026!
2025-11-03 10:13:00+00:00,33,57,5884693,64.77,64.8,64.76,64.79,179,BRN FMF0026!
2025-11-03 10:14:00+00:00,33,57,5884693,64.8,64.81,64.76,64.79,260,BRN FMF0026!
2025-11-03 10:15:00+00:00,33,57,5884693,64.8,64.81,64.77,64.78,61,BRN FMF0026!
2025-11-03 10:16:00+00:00,33,57,5884693,64.77,64.85,64.74,64.75,694,BRN FMF0026!
2025-11-03 10:17:00+00:00,33,57,5884693,64.75,64.76,64.74,64.75,79,BRN FMF0026!
2025-11-03 10:18:00+00:00,33,57,5884693,64.74,64.75,64.73,64.75,148,BRN FMF0026!
2025-11-03 10:19:00+00:00,33,57,5884693,64.75,64.75,64.71,64.71,41,BRN FMF0026!
2025-11-03 10:20:00+00:00,33,57,5884693,64.7,64.72,64.7,64.7,81,BRN FMF0026!
2025-11-03 10:21:00+00:00,33,57,5884693,64.71,64.73,64.69,64.69,134,BRN FMF0026!
2025-11-03 10:22:00+00:00,33,57,5884693,64.69,64.7,64.66,64.69,139,BRN FMF0026!
2025-11-03 10:23:00+00:00,33,57,5884693,64.69,64.69,64.64,64.64,157,BRN FMF0026!
2025-11-03 10:24:00+00:00,33,57,5884693,64.63,64.63,64.6,64.61,1363,BRN FMF0026!
2025-11-03 10:25:00+00:00,33,57,5884693,64.61,64.65,64.6,64.62,840,BRN FMF0026!
2025-11-03 10:26:00+00:00,33,57,5884693,64.61,64.63,64.61,64.62,257,BRN FMF0026!
2025-11-03 10:27:00+00:00,33,57,5884693,64.62,64.64,64.59,64.64,249,BRN FMF0026!
2025-11-03 10:28:00+00:00,33,57,5884693,64.64,64.75,64.64,64.74,710,BRN FMF0026!
2025-11-03 10:29:00+00:00,33,57,5884693,64.74,64.76,64.74,64.75,49,BRN FMF0026!
2025-11-03 10:30:00+00:00,33,57,5884693,64.76,64.79,64.75,64.77,76,BRN FMF0026!
2025-11-03 10:31:00+00:00,33,57,5884693,64.78,64.79,64.77,64.79,57,BRN FMF0026!
2025-11-03 10:32:00+00:00,33,57,5884693,64.78,64.79,64.78,64.79,61,BRN FMF0026!
2025-11-03 10:33:00+00:00,33,57,5884693,64.79,64.84,64.79,64.83,112,BRN FMF0026!
2025-11-03 10:34:00+00:00,33,57,5884693,64.83,64.89,64.83,64.88,212,BRN FMF0026!
2025-11-03 10:35:00+00:00,33,57,5884693,64.89,64.93,64.88,64.91,340,BRN FMF0026!
2025-11-03 10:36:00+00:00,33,57,5884693,64.91,64.94,64.91,64.94,78,BRN FMF0026!
2025-11-03 10:37:00+00:00,33,57,5884693,64.94,65.0,64.93,64.99,415,BRN FMF0026!
2025-11-03 10:38:00+00:00,33,57,5884693,64.99,65.0,64.96,64.97,120,BRN FMF0026!
2025-11-03 10:39:00+00:00,33,57,5884693,64.97,65.01,64.97,65.01,349,BRN FMF0026!
2025-11-03 10:40:00+00:00,33,57,5884693,65.01,65.03,64.99,65.02,244,BRN FMF0026!
2025-11-03 10:41:00+00:00,33,57,5884693,65.01,65.01,64.98,64.99,162,BRN FMF0026!
2025-11-03 10:42:00+00:00,33,57,5884693,64.99,64.99,64.92,64.92,312,BRN FMF0026!
2025-11-03 10:43:00+00:00,33,57,5884693,64.92,64.92,64.88,64.91,313,BRN FMF0026!
2025-11-03 10:44:00+00:00,33,57,5884693,64.91,64.93,64.91,64.92,118,BRN FMF0026!
2025-11-03 10:45:00+00:00,33,57,5884693,64.91,64.94,64.9,64.9,144,BRN FMF0026!
2025-11-03 10:46:00+00:00,33,57,5884693,64.9,64.94,64.9,64.92,106,BRN FMF0026!
2025-11-03 10:47:00+00:00,33,57,5884693,64.93,64.97,64.91,64.97,113,BRN FMF0026!
2025-11-03 10:48:00+00:00,33,57,5884693,64.96,65.0,64.96,64.99,149,BRN FMF0026!
2025-11-03 10:49:00+00:00,33,57,5884693,64.99,65.01,64.95,64.95,263,BRN FMF0026!
2025-11-03 10:50:00+00:00,33,57,5884693,64.95,64.98,64.95,64.98,28,BRN FMF0026!
2025-11-03 10:51:00+00:00,33,57,5884693,64.97,64.97,64.94,64.95,80,BRN FMF0026!
2025-11-03 10:52:00+00:00,33,57,5884693,64.96,64.97,64.94,64.96,65,BRN FMF0026!
2025-11-03 10:53:00+00:00,33,57,5884693,64.96,64.97,64.95,64.95,66,BRN FMF0026!
2025-11-03 10:54:00+00:00,33,57,5884693,64.95,64.98,64.93,64.98,109,BRN FMF0026!
2025-11-03 10:55:00+00:00,33,57,5884693,64.98,65.0,64.98,65.0,95,BRN FMF0026!
2025-11-03 10:56:00+00:00,33,57,5884693,65.01,65.01,64.94,64.96,281,BRN FMF0026!
2025-11-03 10:57:00+00:00,33,57,5884693,64.95,64.98,64.95,64.97,81,BRN FMF0026!
2025-11-03 10:58:00+00:00,33,57,5884693,64.98,65.01,64.97,64.99,250,BRN FMF0026!
2025-11-03 10:59:00+00:00,33,57,5884693,64.98,65.01,64.98,65.0,91,BRN FMF0026!
2025-11-03 11:00:00+00:00,33,57,5884693,64.99,65.0,64.96,64.99,212,BRN FMF0026!
2025-11-03 11:01:00+00:00,33,57,5884693,64.98,64.98,64.93,64.95,349,BRN FMF0026!
2025-11-03 11:02:00+00:00,33,57,5884693,64.95,64.97,64.95,64.97,32,BRN FMF0026!
2025-11-03 11:03:00+00:00,33,57,5884693,64.97,64.97,64.91,64.91,90,BRN FMF0026!
2025-11-03 11:04:00+00:00,33,57,5884693,64.91,64.92,64.89,64.91,82,BRN FMF0026!
2025-11-03 11:05:00+00:00,33,57,5884693,64.92,64.93,64.84,64.84,594,BRN FMF0026!
2025-11-03 11:06:00+00:00,33,57,5884693,64.84,64.85,64.81,64.81,358,BRN FMF0026!
2025-11-03 11:07:00+00:00,33,57,5884693,64.82,64.82,64.77,64.78,685,BRN FMF0026!
2025-11-03 11:08:00+00:00,33,57,5884693,64.78,64.78,64.77,64.78,536,BRN FMF0026!
2025-11-03 11:09:00+00:00,33,57,5884693,64.78,64.81,64.78,64.79,103,BRN FMF0026!
2025-11-03 11:10:00+00:00,33,57,5884693,64.78,64.78,64.75,64.76,110,BRN FMF0026!
2025-11-03 11:11:00+00:00,33,57,5884693,64.76,64.76,64.72,64.72,142,BRN FMF0026!
2025-11-03 11:12:00+00:00,33,57,5884693,64.72,64.72,64.68,64.69,264,BRN FMF0026!
2025-11-03 11:13:00+00:00,33,57,5884693,64.69,64.69,64.57,64.61,1397,BRN FMF0026!
2025-11-03 11:14:00+00:00,33,57,5884693,64.6,64.62,64.55,64.55,1351,BRN FMF0026!
2025-11-03 11:15:00+00:00,33,57,5884693,64.55,64.6,64.43,64.45,3940,BRN FMF0026!
2025-11-03 11:16:00+00:00,33,57,5884693,64.45,64.45,64.4,64.44,1014,BRN FMF0026!
2025-11-03 11:17:00+00:00,33,57,5884693,64.44,64.47,64.44,64.46,163,BRN FMF0026!
2025-11-03 11:18:00+00:00,33,57,5884693,64.47,64.51,64.45,64.46,983,BRN FMF0026!
2025-11-03 11:19:00+00:00,33,57,5884693,64.46,64.5,64.45,64.49,266,BRN FMF0026!
2025-11-03 11:20:00+00:00,33,57,5884693,64.48,64.5,64.47,64.5,395,BRN FMF0026!
2025-11-03 11:21:00+00:00,33,57,5884693,64.5,64.5,64.46,64.48,100,BRN FMF0026!
2025-11-03 11:22:00+00:00,33,57,5884693,64.48,64.48,64.42,64.42,197,BRN FMF0026!
2025-11-03 11:23:00+00:00,33,57,5884693,64.42,64.44,64.41,64.44,141,BRN FMF0026!
2025-11-03 11:24:00+00:00,33,57,5884693,64.44,64.47,64.43,64.44,266,BRN FMF0026!
2025-11-03 11:25:00+00:00,33,57,5884693,64.44,64.44,64.38,64.41,578,BRN FMF0026!
2025-11-03 11:26:00+00:00,33,57,5884693,64.42,64.42,64.4,64.41,166,BRN FMF0026!
2025-11-03 11:27:00+00:00,33,57,5884693,64.41,64.48,64.41,64.47,351,BRN FMF0026!
2025-11-03 11:28:00+00:00,33,57,5884693,64.47,64.48,64.45,64.46,98,BRN FMF0026!
2025-11-03 11:29:00+00:00,33,57,5884693,64.46,64.48,64.45,64.46,143,BRN FMF0026!
2025-11-03 11:30:00+00:00,33,57,5884693,64.46,64.46,64.43,64.44,51,BRN FMF0026!
2025-11-03 11:31:00+00:00,33,57,5884693,64.44,64.46,64.43,64.44,296,BRN FMF0026!
2025-11-03 11:32:00+00:00,33,57,5884693,64.45,64.5,64.44,64.5,201,BRN FMF0026!
2025-11-03 11:33:00+00:00,33,57,5884693,64.5,64.5,64.45,64.45,296,BRN FMF0026!
2025-11-03 11:34:00+00:00,33,57,5884693,64.44,64.46,64.44,64.44,150,BRN FMF0026!
2025-11-03 11:35:00+00:00,33,57,5884693,64.44,64.45,64.43,64.44,181,BRN FMF0026!
2025-11-03 11:36:00+00:00,33,57,5884693,64.45,64.47,64.44,64.44,371,BRN FMF0026!
2025-11-03 11:37:00+00:00,33,57,5884693,64.44,64.45,64.44,64.44,14,BRN FMF0026!
2025-11-03 11:38:00+00:00,33,57,5884693,64.44,64.47,64.43,64.47,117,BRN FMF0026!
2025-11-03 11:39:00+00:00,33,57,5884693,64.47,64.47,64.45,64.46,62,BRN FMF0026!
2025-11-03 11:40:00+00:00,33,57,5884693,64.46,64.46,64.45,64.45,26,BRN FMF0026!
2025-11-03 11:41:00+00:00,33,57,5884693,64.46,64.46,64.45,64.46,198,BRN FMF0026!
2025-11-03 11:42:00+00:00,33,57,5884693,64.47,64.47,64.45,64.45,197,BRN FMF0026!
2025-11-03 11:43:00+00:00,33,57,5884693,64.45,64.45,64.41,64.42,186,BRN FMF0026!
2025-11-03 11:44:00+00:00,33,57,5884693,64.42,64.44,64.41,64.41,83,BRN FMF0026!
2025-11-03 11:45:00+00:00,33,57,5884693,64.41,64.44,64.41,64.44,146,BRN FMF0026!
2025-11-03 11:46:00+00:00,33,57,5884693,64.43,64.47,64.43,64.47,251,BRN FMF0026!
2025-11-03 11:47:00+00:00,33,57,5884693,64.46,64.47,64.45,64.47,30,BRN FMF0026!
2025-11-03 11:48:00+00:00,33,57,5884693,64.47,64.5,64.47,64.5,93,BRN FMF0026!
2025-11-03 11:49:00+00:00,33,57,5884693,64.5,64.57,64.5,64.56,574,BRN FMF0026!
2025-11-03 11:50:00+00:00,33,57,5884693,64.56,64.61,64.56,64.6,340,BRN FMF0026!
2025-11-03 11:51:00+00:00,33,57,5884693,64.61,64.62,64.6,64.6,123,BRN FMF0026!
2025-11-03 11:52:00+00:00,33,57,5884693,64.61,64.62,64.6,64.61,102,BRN FMF0026!
2025-11-03 11:53:00+00:00,33,57,5884693,64.61,64.62,64.61,64.62,106,BRN FMF0026!
2025-11-03 11:54:00+00:00,33,57,5884693,64.62,64.64,64.62,64.63,73,BRN FMF0026!
2025-11-03 11:55:00+00:00,33,57,5884693,64.64,64.65,64.63,64.64,141,BRN FMF0026!
2025-11-03 11:56:00+00:00,33,57,5884693,64.63,64.65,64.62,64.62,134,BRN FMF0026!
2025-11-03 11:57:00+00:00,33,57,5884693,64.62,64.65,64.59,64.65,334,BRN FMF0026!
2025-11-03 11:58:00+00:00,33,57,5884693,64.64,64.65,64.62,64.63,61,BRN FMF0026!
2025-11-03 11:59:00+00:00,33,57,5884693,64.62,64.64,64.62,64.63,105,BRN FMF0026!
2025-11-03 12:00:00+00:00,33,57,5884693,64.62,64.64,64.62,64.64,392,BRN FMF0026!
2025-11-03 12:01:00+00:00,33,57,5884693,64.63,64.63,64.61,64.61,59,BRN FMF0026!
2025-11-03 12:02:00+00:00,33,57,5884693,64.6,64.63,64.6,64.63,42,BRN FMF0026!
2025-11-03 12:03:00+00:00,33,57,5884693,64.63,64.71,64.63,64.71,253,BRN FMF0026!
2025-11-03 12:04:00+00:00,33,57,5884693,64.71,64.72,64.7,64.7,106,BRN FMF0026!
2025-11-03 12:05:00+00:00,33,57,5884693,64.71,64.73,64.69,64.71,141,BRN FMF0026!
2025-11-03 12:06:00+00:00,33,57,5884693,64.69,64.71,64.68,64.71,133,BRN FMF0026!
2025-11-03 12:07:00+00:00,33,57,5884693,64.72,64.74,64.71,64.72,41,BRN FMF0026!
2025-11-03 12:08:00+00:00,33,57,5884693,64.73,64.73,64.67,64.67,290,BRN FMF0026!
2025-11-03 12:09:00+00:00,33,57,5884693,64.66,64.66,64.61,64.62,270,BRN FMF0026!
2025-11-03 12:10:00+00:00,33,57,5884693,64.62,64.62,64.62,64.62,16,BRN FMF0026!
2025-11-03 12:11:00+00:00,33,57,5884693,64.61,64.69,64.61,64.69,214,BRN FMF0026!
2025-11-03 12:12:00+00:00,33,57,5884693,64.68,64.72,64.68,64.7,365,BRN FMF0026!
2025-11-03 12:13:00+00:00,33,57,5884693,64.7,64.73,64.7,64.72,89,BRN FMF0026!
2025-11-03 12:14:00+00:00,33,57,5884693,64.71,64.72,64.7,64.72,36,BRN FMF0026!
2025-11-03 12:15:00+00:00,33,57,5884693,64.71,64.74,64.71,64.72,142,BRN FMF0026!
2025-11-03 12:16:00+00:00,33,57,5884693,64.72,64.73,64.71,64.72,71,BRN FMF0026!
2025-11-03 12:17:00+00:00,33,57,5884693,64.71,64.72,64.7,64.72,38,BRN FMF0026!
2025-11-03 12:18:00+00:00,33,57,5884693,64.73,64.76,64.69,64.69,358,BRN FMF0026!
2025-11-03 12:19:00+00:00,33,57,5884693,64.69,64.7,64.64,64.66,484,BRN FMF0026!
2025-11-03 12:20:00+00:00,33,57,5884693,64.66,64.7,64.65,64.68,102,BRN FMF0026!
2025-11-03 12:21:00+00:00,33,57,5884693,64.69,64.69,64.68,64.69,24,BRN FMF0026!
2025-11-03 12:22:00+00:00,33,57,5884693,64.68,64.68,64.68,64.68,23,BRN FMF0026!
2025-11-03 12:23:00+00:00,33,57,5884693,64.68,64.68,64.63,64.63,845,BRN FMF0026!
2025-11-03 12:24:00+00:00,33,57,5884693,64.63,64.65,64.62,64.65,68,BRN FMF0026!
2025-11-03 12:25:00+00:00,33,57,5884693,64.65,64.65,64.64,64.64,42,BRN FMF0026!
2025-11-03 12:26:00+00:00,33,57,5884693,64.64,64.65,64.63,64.64,34,BRN FMF0026!
2025-11-03 12:27:00+00:00,33,57,5884693,64.64,64.65,64.63,64.65,53,BRN FMF0026!
2025-11-03 12:28:00+00:00,33,57,5884693,64.64,64.65,64.62,64.65,223,BRN FMF0026!
2025-11-03 12:29:00+00:00,33,57,5884693,64.64,64.67,64.64,64.67,89,BRN FMF0026!
2025-11-03 12:30:00+00:00,33,57,5884693,64.67,64.67,64.64,64.65,349,BRN FMF0026!
2025-11-03 12:31:00+00:00,33,57,5884693,64.64,64.65,64.64,64.65,41,BRN FMF0026!
2025-11-03 12:32:00+00:00,33,57,5884693,64.64,64.66,64.64,64.66,43,BRN FMF0026!
2025-11-03 12:33:00+00:00,33,57,5884693,64.65,64.69,64.65,64.68,64,BRN FMF0026!
2025-11-03 12:34:00+00:00,33,57,5884693,64.68,64.71,64.68,64.7,166,BRN FMF0026!
2025-11-03 12:35:00+00:00,33,57,5884693,64.71,64.71,64.71,64.71,18,BRN FMF0026!
2025-11-03 12:36:00+00:00,33,57,5884693,64.7,64.72,64.69,64.69,103,BRN FMF0026!
2025-11-03 12:37:00+00:00,33,57,5884693,64.69,64.69,64.68,64.68,15,BRN FMF0026!
2025-11-03 12:38:00+00:00,33,57,5884693,64.67,64.68,64.66,64.68,56,BRN FMF0026!
2025-11-03 12:39:00+00:00,33,57,5884693,64.69,64.72,64.68,64.72,34,BRN FMF0026!
2025-11-03 12:40:00+00:00,33,57,5884693,64.72,64.73,64.7,64.71,120,BRN FMF0026!
2025-11-03 12:41:00+00:00,33,57,5884693,64.71,64.73,64.69,64.73,86,BRN FMF0026!
2025-11-03 12:42:00+00:00,33,57,5884693,64.73,64.74,64.72,64.73,127,BRN FMF0026!
2025-11-03 12:43:00+00:00,33,57,5884693,64.73,64.74,64.72,64.74,54,BRN FMF0026!
2025-11-03 12:44:00+00:00,33,57,5884693,64.74,64.74,64.72,64.73,20,BRN FMF0026!
2025-11-03 12:45:00+00:00,33,57,5884693,64.73,64.76,64.73,64.75,158,BRN FMF0026!
2025-11-03 12:46:00+00:00,33,57,5884693,64.74,64.78,64.74,64.78,392,BRN FMF0026!
2025-11-03 12:47:00+00:00,33,57,5884693,64.77,64.79,64.76,64.78,210,BRN FMF0026!
2025-11-03 12:48:00+00:00,33,57,5884693,64.78,64.78,64.75,64.76,90,BRN FMF0026!
2025-11-03 12:49:00+00:00,33,57,5884693,64.76,64.76,64.73,64.73,60,BRN FMF0026!
2025-11-03 12:50:00+00:00,33,57,5884693,64.73,64.73,64.68,64.71,155,BRN FMF0026!
2025-11-03 12:51:00+00:00,33,57,5884693,64.71,64.74,64.71,64.72,170,BRN FMF0026!
2025-11-03 12:52:00+00:00,33,57,5884693,64.72,64.75,64.72,64.74,452,BRN FMF0026!
2025-11-03 12:53:00+00:00,33,57,5884693,64.74,64.76,64.73,64.76,45,BRN FMF0026!
2025-11-03 12:54:00+00:00,33,57,5884693,64.76,64.76,64.74,64.75,68,BRN FMF0026!
2025-11-03 12:55:00+00:00,33,57,5884693,64.75,64.76,64.75,64.75,20,BRN FMF0026!
2025-11-03 12:56:00+00:00,33,57,5884693,64.74,64.75,64.73,64.73,38,BRN FMF0026!
2025-11-03 12:57:00+00:00,33,57,5884693,64.72,64.72,64.66,64.66,236,BRN FMF0026!
2025-11-03 12:58:00+00:00,33,57,5884693,64.66,64.68,64.66,64.68,136,BRN FMF0026!
2025-11-03 12:59:00+00:00,33,57,5884693,64.67,64.68,64.65,64.68,256,BRN FMF0026!
2025-11-03 13:00:00+00:00,33,57,5884693,64.68,64.73,64.64,64.64,569,BRN FMF0026!
2025-11-03 13:01:00+00:00,33,57,5884693,64.64,64.67,64.62,64.64,327,BRN FMF0026!
2025-11-03 13:02:00+00:00,33,57,5884693,64.63,64.69,64.62,64.65,237,BRN FMF0026!
2025-11-03 13:03:00+00:00,33,57,5884693,64.65,64.65,64.62,64.62,67,BRN FMF0026!
2025-11-03 13:04:00+00:00,33,57,5884693,64.64,64.65,64.57,64.61,292,BRN FMF0026!
2025-11-03 13:05:00+00:00,33,57,5884693,64.6,64.62,64.6,64.61,61,BRN FMF0026!
2025-11-03 13:06:00+00:00,33,57,5884693,64.62,64.66,64.62,64.65,85,BRN FMF0026!
2025-11-03 13:07:00+00:00,33,57,5884693,64.66,64.71,64.66,64.71,320,BRN FMF0026!
2025-11-03 13:08:00+00:00,33,57,5884693,64.71,64.71,64.7,64.7,112,BRN FMF0026!
2025-11-03 13:09:00+00:00,33,57,5884693,64.7,64.7,64.67,64.68,64,BRN FMF0026!
2025-11-03 13:10:00+00:00,33,57,5884693,64.68,64.68,64.63,64.66,297,BRN FMF0026!
2025-11-03 13:11:00+00:00,33,57,5884693,64.66,64.67,64.63,64.64,107,BRN FMF0026!
2025-11-03 13:12:00+00:00,33,57,5884693,64.65,64.71,64.65,64.71,78,BRN FMF0026!
2025-11-03 13:13:00+00:00,33,57,5884693,64.71,64.75,64.71,64.75,97,BRN FMF0026!
2025-11-03 13:14:00+00:00,33,57,5884693,64.73,64.73,64.71,64.72,59,BRN FMF0026!
2025-11-03 13:15:00+00:00,33,57,5884693,64.73,64.73,64.69,64.69,118,BRN FMF0026!
2025-11-03 13:16:00+00:00,33,57,5884693,64.68,64.73,64.68,64.73,66,BRN FMF0026!
2025-11-03 13:17:00+00:00,33,57,5884693,64.72,64.72,64.69,64.69,44,BRN FMF0026!
2025-11-03 13:18:00+00:00,33,57,5884693,64.7,64.73,64.7,64.73,109,BRN FMF0026!
2025-11-03 13:19:00+00:00,33,57,5884693,64.73,64.75,64.73,64.75,185,BRN FMF0026!
2025-11-03 13:20:00+00:00,33,57,5884693,64.75,64.76,64.73,64.73,77,BRN FMF0026!
2025-11-03 13:21:00+00:00,33,57,5884693,64.72,64.74,64.71,64.73,36,BRN FMF0026!
2025-11-03 13:22:00+00:00,33,57,5884693,64.73,64.78,64.72,64.77,306,BRN FMF0026!
2025-11-03 13:23:00+00:00,33,57,5884693,64.77,64.78,64.75,64.78,114,BRN FMF0026!
2025-11-03 13:24:00+00:00,33,57,5884693,64.78,64.8,64.77,64.77,72,BRN FMF0026!
2025-11-03 13:25:00+00:00,33,57,5884693,64.76,64.78,64.76,64.78,76,BRN FMF0026!
2025-11-03 13:26:00+00:00,33,57,5884693,64.78,64.83,64.78,64.81,423,BRN FMF0026!
2025-11-03 13:27:00+00:00,33,57,5884693,64.81,64.81,64.76,64.77,734,BRN FMF0026!
2025-11-03 13:28:00+00:00,33,57,5884693,64.77,64.79,64.74,64.75,207,BRN FMF0026!
2025-11-03 13:29:00+00:00,33,57,5884693,64.75,64.78,64.75,64.78,170,BRN FMF0026!
2025-11-03 13:30:00+00:00,33,57,5884693,64.77,64.82,64.75,64.8,319,BRN FMF0026!
2025-11-03 13:31:00+00:00,33,57,5884693,64.81,64.84,64.78,64.78,519,BRN FMF0026!
2025-11-03 13:32:00+00:00,33,57,5884693,64.79,64.81,64.79,64.81,80,BRN FMF0026!
2025-11-03 13:33:00+00:00,33,57,5884693,64.81,64.82,64.78,64.81,80,BRN FMF0026!
2025-11-03 13:34:00+00:00,33,57,5884693,64.81,64.82,64.77,64.78,176,BRN FMF0026!
2025-11-03 13:35:00+00:00,33,57,5884693,64.78,64.78,64.74,64.75,911,BRN FMF0026!
2025-11-03 13:36:00+00:00,33,57,5884693,64.75,64.77,64.75,64.77,224,BRN FMF0026!
2025-11-03 13:37:00+00:00,33,57,5884693,64.77,64.8,64.76,64.78,201,BRN FMF0026!
2025-11-03 13:38:00+00:00,33,57,5884693,64.79,64.82,64.79,64.8,209,BRN FMF0026!
2025-11-03 13:39:00+00:00,33,57,5884693,64.81,64.81,64.78,64.79,99,BRN FMF0026!
2025-11-03 13:40:00+00:00,33,57,5884693,64.78,64.81,64.77,64.78,137,BRN FMF0026!
2025-11-03 13:41:00+00:00,33,57,5884693,64.78,64.79,64.76,64.77,153,BRN FMF0026!
2025-11-03 13:42:00+00:00,33,57,5884693,64.76,64.8,64.76,64.77,92,BRN FMF0026!
2025-11-03 13:43:00+00:00,33,57,5884693,64.78,64.79,64.75,64.78,128,BRN FMF0026!
2025-11-03 13:44:00+00:00,33,57,5884693,64.78,64.79,64.75,64.76,51,BRN FMF0026!
2025-11-03 13:45:00+00:00,33,57,5884693,64.75,64.75,64.74,64.74,110,BRN FMF0026!
2025-11-03 13:46:00+00:00,33,57,5884693,64.74,64.75,64.73,64.75,127,BRN FMF0026!
2025-11-03 13:47:00+00:00,33,57,5884693,64.75,64.77,64.74,64.74,456,BRN FMF0026!
2025-11-03 13:48:00+00:00,33,57,5884693,64.74,64.76,64.72,64.72,152,BRN FMF0026!
2025-11-03 13:49:00+00:00,33,57,5884693,64.72,64.74,64.71,64.73,82,BRN FMF0026!
2025-11-03 13:50:00+00:00,33,57,5884693,64.73,64.74,64.7,64.71,88,BRN FMF0026!
2025-11-03 13:51:00+00:00,33,57,5884693,64.72,64.75,64.72,64.75,67,BRN FMF0026!
2025-11-03 13:52:00+00:00,33,57,5884693,64.76,64.77,64.73,64.74,48,BRN FMF0026!
2025-11-03 13:53:00+00:00,33,57,5884693,64.74,64.75,64.69,64.71,308,BRN FMF0026!
2025-11-03 13:54:00+00:00,33,57,5884693,64.71,64.75,64.7,64.7,160,BRN FMF0026!
2025-11-03 13:55:00+00:00,33,57,5884693,64.69,64.71,64.68,64.71,170,BRN FMF0026!
2025-11-03 13:56:00+00:00,33,57,5884693,64.71,64.71,64.67,64.67,447,BRN FMF0026!
2025-11-03 13:57:00+00:00,33,57,5884693,64.66,64.67,64.65,64.67,69,BRN FMF0026!
2025-11-03 13:58:00+00:00,33,57,5884693,64.68,64.68,64.65,64.65,193,BRN FMF0026!
2025-11-03 13:59:00+00:00,33,57,5884693,64.66,64.69,64.63,64.63,302,BRN FMF0026!
2025-11-03 14:00:00+00:00,33,57,5884693,64.64,64.76,64.62,64.76,605,BRN FMF0026!
2025-11-03 14:01:00+00:00,33,57,5884693,64.76,64.86,64.75,64.85,653,BRN FMF0026!
2025-11-03 14:02:00+00:00,33,57,5884693,64.85,64.85,64.81,64.81,296,BRN FMF0026!
2025-11-03 14:03:00+00:00,33,57,5884693,64.82,64.84,64.78,64.8,229,BRN FMF0026!
2025-11-03 14:04:00+00:00,33,57,5884693,64.8,64.81,64.74,64.8,350,BRN FMF0026!
2025-11-03 14:05:00+00:00,33,57,5884693,64.81,64.86,64.81,64.84,657,BRN FMF0026!
2025-11-03 14:06:00+00:00,33,57,5884693,64.84,64.91,64.84,64.88,473,BRN FMF0026!
2025-11-03 14:07:00+00:00,33,57,5884693,64.89,64.91,64.87,64.9,423,BRN FMF0026!
2025-11-03 14:08:00+00:00,33,57,5884693,64.9,64.92,64.87,64.87,638,BRN FMF0026!
2025-11-03 14:09:00+00:00,33,57,5884693,64.87,64.87,64.83,64.86,298,BRN FMF0026!
2025-11-03 14:10:00+00:00,33,57,5884693,64.86,64.89,64.86,64.88,224,BRN FMF0026!
2025-11-03 14:11:00+00:00,33,57,5884693,64.87,64.92,64.87,64.91,827,BRN FMF0026!
2025-11-03 14:12:00+00:00,33,57,5884693,64.91,64.95,64.91,64.95,517,BRN FMF0026!
2025-11-03 14:13:00+00:00,33,57,5884693,64.95,64.97,64.92,64.92,368,BRN FMF0026!
2025-11-03 14:14:00+00:00,33,57,5884693,64.92,64.93,64.9,64.91,266,BRN FMF0026!
2025-11-03 14:15:00+00:00,33,57,5884693,64.91,64.91,64.81,64.83,1845,BRN FMF0026!
2025-11-03 14:16:00+00:00,33,57,5884693,64.82,64.83,64.78,64.78,702,BRN FMF0026!
2025-11-03 14:17:00+00:00,33,57,5884693,64.79,64.85,64.78,64.82,340,BRN FMF0026!
2025-11-03 14:18:00+00:00,33,57,5884693,64.82,64.86,64.81,64.81,305,BRN FMF0026!
2025-11-03 14:19:00+00:00,33,57,5884693,64.8,64.85,64.79,64.85,149,BRN FMF0026!
2025-11-03 14:20:00+00:00,33,57,5884693,64.85,64.86,64.8,64.82,506,BRN FMF0026!
2025-11-03 14:21:00+00:00,33,57,5884693,64.82,64.84,64.76,64.78,1824,BRN FMF0026!
2025-11-03 14:22:00+00:00,33,57,5884693,64.78,64.8,64.75,64.79,348,BRN FMF0026!
2025-11-03 14:23:00+00:00,33,57,5884693,64.79,64.79,64.75,64.77,249,BRN FMF0026!
2025-11-03 14:24:00+00:00,33,57,5884693,64.77,64.8,64.73,64.78,1132,BRN FMF0026!
2025-11-03 14:25:00+00:00,33,57,5884693,64.79,64.82,64.73,64.8,1405,BRN FMF0026!
2025-11-03 14:26:00+00:00,33,57,5884693,64.8,64.8,64.77,64.77,560,BRN FMF0026!
2025-11-03 14:27:00+00:00,33,57,5884693,64.76,64.77,64.72,64.74,500,BRN FMF0026!
2025-11-03 14:28:00+00:00,33,57,5884693,64.75,64.77,64.74,64.76,527,BRN FMF0026!
2025-11-03 14:29:00+00:00,33,57,5884693,64.76,64.78,64.73,64.77,547,BRN FMF0026!
2025-11-03 14:30:00+00:00,33,57,5884693,64.77,64.77,64.68,64.68,369,BRN FMF0026!
2025-11-03 14:31:00+00:00,33,57,5884693,64.67,64.67,64.56,64.58,1540,BRN FMF0026!
2025-11-03 14:32:00+00:00,33,57,5884693,64.57,64.6,64.55,64.59,859,BRN FMF0026!
2025-11-03 14:33:00+00:00,33,57,5884693,64.59,64.64,64.56,64.59,971,BRN FMF0026!
2025-11-03 14:34:00+00:00,33,57,5884693,64.58,64.59,64.55,64.57,725,BRN FMF0026!
2025-11-03 14:35:00+00:00,33,57,5884693,64.58,64.58,64.54,64.55,302,BRN FMF0026!
2025-11-03 14:36:00+00:00,33,57,5884693,64.54,64.58,64.54,64.56,908,BRN FMF0026!
2025-11-03 14:37:00+00:00,33,57,5884693,64.57,64.63,64.56,64.58,324,BRN FMF0026!
2025-11-03 14:38:00+00:00,33,57,5884693,64.58,64.6,64.53,64.53,440,BRN FMF0026!
2025-11-03 14:39:00+00:00,33,57,5884693,64.52,64.52,64.46,64.5,1934,BRN FMF0026!
2025-11-03 14:40:00+00:00,33,57,5884693,64.49,64.5,64.45,64.48,790,BRN FMF0026!
2025-11-03 14:41:00+00:00,33,57,5884693,64.47,64.55,64.46,64.55,283,BRN FMF0026!
2025-11-03 14:42:00+00:00,33,57,5884693,64.55,64.55,64.52,64.53,163,BRN FMF0026!
2025-11-03 14:43:00+00:00,33,57,5884693,64.52,64.55,64.52,64.53,158,BRN FMF0026!
2025-11-03 14:44:00+00:00,33,57,5884693,64.52,64.61,64.52,64.61,189,BRN FMF0026!
2025-11-03 14:45:00+00:00,33,57,5884693,64.62,64.64,64.6,64.62,325,BRN FMF0026!
2025-11-03 14:46:00+00:00,33,57,5884693,64.62,64.65,64.59,64.65,375,BRN FMF0026!
2025-11-03 14:47:00+00:00,33,57,5884693,64.65,64.74,64.63,64.73,355,BRN FMF0026!
2025-11-03 14:48:00+00:00,33,57,5884693,64.72,64.75,64.67,64.67,484,BRN FMF0026!
2025-11-03 14:49:00+00:00,33,57,5884693,64.67,64.71,64.67,64.7,209,BRN FMF0026!
2025-11-03 14:50:00+00:00,33,57,5884693,64.69,64.69,64.65,64.67,222,BRN FMF0026!
2025-11-03 14:51:00+00:00,33,57,5884693,64.67,64.71,64.63,64.7,605,BRN FMF0026!
2025-11-03 14:52:00+00:00,33,57,5884693,64.69,64.71,64.64,64.68,800,BRN FMF0026!
2025-11-03 14:53:00+00:00,33,57,5884693,64.69,64.7,64.67,64.68,399,BRN FMF0026!
2025-11-03 14:54:00+00:00,33,57,5884693,64.67,64.71,64.66,64.7,158,BRN FMF0026!
2025-11-03 14:55:00+00:00,33,57,5884693,64.7,64.73,64.67,64.71,1168,BRN FMF0026!
2025-11-03 14:56:00+00:00,33,57,5884693,64.7,64.73,64.68,64.69,404,BRN FMF0026!
2025-11-03 14:57:00+00:00,33,57,5884693,64.69,64.7,64.67,64.7,704,BRN FMF0026!
2025-11-03 14:58:00+00:00,33,57,5884693,64.71,64.72,64.67,64.7,334,BRN FMF0026!
2025-11-03 14:59:00+00:00,33,57,5884693,64.69,64.71,64.68,64.71,97,BRN FMF0026!
2025-11-03 15:00:00+00:00,33,57,5884693,64.71,64.74,64.67,64.72,561,BRN FMF0026!
2025-11-03 15:01:00+00:00,33,57,5884693,64.72,64.72,64.69,64.72,251,BRN FMF0026!
2025-11-03 15:02:00+00:00,33,57,5884693,64.73,64.79,64.73,64.79,478,BRN FMF0026!
2025-11-03 15:03:00+00:00,33,57,5884693,64.79,64.82,64.76,64.76,680,BRN FMF0026!
2025-11-03 15:04:00+00:00,33,57,5884693,64.76,64.78,64.74,64.75,295,BRN FMF0026!
2025-11-03 15:05:00+00:00,33,57,5884693,64.76,64.77,64.72,64.74,150,BRN FMF0026!
2025-11-03 15:06:00+00:00,33,57,5884693,64.74,64.79,64.74,64.76,402,BRN FMF0026!
2025-11-03 15:07:00+00:00,33,57,5884693,64.76,64.79,64.74,64.77,376,BRN FMF0026!
2025-11-03 15:08:00+00:00,33,57,5884693,64.76,64.77,64.73,64.75,113,BRN FMF0026!
2025-11-03 15:09:00+00:00,33,57,5884693,64.75,64.78,64.73,64.78,518,BRN FMF0026!
2025-11-03 15:10:00+00:00,33,57,5884693,64.76,64.8,64.76,64.77,242,BRN FMF0026!
2025-11-03 15:11:00+00:00,33,57,5884693,64.77,64.77,64.74,64.75,206,BRN FMF0026!
2025-11-03 15:12:00+00:00,33,57,5884693,64.76,64.79,64.75,64.76,489,BRN FMF0026!
2025-11-03 15:13:00+00:00,33,57,5884693,64.76,64.76,64.7,64.7,490,BRN FMF0026!
2025-11-03 15:14:00+00:00,33,57,5884693,64.7,64.7,64.6,64.6,864,BRN FMF0026!
2025-11-03 15:15:00+00:00,33,57,5884693,64.6,64.62,64.58,64.61,355,BRN FMF0026!
2025-11-03 15:16:00+00:00,33,57,5884693,64.61,64.64,64.59,64.6,434,BRN FMF0026!
2025-11-03 15:17:00+00:00,33,57,5884693,64.61,64.66,64.59,64.63,776,BRN FMF0026!
2025-11-03 15:18:00+00:00,33,57,5884693,64.63,64.64,64.56,64.58,281,BRN FMF0026!
2025-11-03 15:19:00+00:00,33,57,5884693,64.58,64.62,64.57,64.6,324,BRN FMF0026!
2025-11-03 15:20:00+00:00,33,57,5884693,64.59,64.6,64.57,64.59,104,BRN FMF0026!
2025-11-03 15:21:00+00:00,33,57,5884693,64.6,64.67,64.59,64.66,392,BRN FMF0026!
2025-11-03 15:22:00+00:00,33,57,5884693,64.66,64.69,64.65,64.68,250,BRN FMF0026!
2025-11-03 15:23:00+00:00,33,57,5884693,64.68,64.69,64.65,64.65,210,BRN FMF0026!
2025-11-03 15:24:00+00:00,33,57,5884693,64.65,64.67,64.64,64.67,431,BRN FMF0026!
2025-11-03 15:25:00+00:00,33,57,5884693,64.66,64.66,64.6,64.6,92,BRN FMF0026!
2025-11-03 15:26:00+00:00,33,57,5884693,64.6,64.6,64.52,64.53,380,BRN FMF0026!
2025-11-03 15:27:00+00:00,33,57,5884693,64.53,64.53,64.5,64.51,226,BRN FMF0026!
2025-11-03 15:28:00+00:00,33,57,5884693,64.5,64.52,64.45,64.52,319,BRN FMF0026!
2025-11-03 15:29:00+00:00,33,57,5884693,64.52,64.52,64.34,64.36,3098,BRN FMF0026!
2025-11-03 15:30:00+00:00,33,57,5884693,64.36,64.39,64.33,64.39,684,BRN FMF0026!
2025-11-03 15:31:00+00:00,33,57,5884693,64.39,64.4,64.35,64.37,379,BRN FMF0026!
2025-11-03 15:32:00+00:00,33,57,5884693,64.36,64.4,64.35,64.38,876,BRN FMF0026!
2025-11-03 15:33:00+00:00,33,57,5884693,64.37,64.45,64.36,64.43,553,BRN FMF0026!
2025-11-03 15:34:00+00:00,33,57,5884693,64.43,64.49,64.43,64.47,570,BRN FMF0026!
2025-11-03 15:35:00+00:00,33,57,5884693,64.47,64.51,64.45,64.49,394,BRN FMF0026!
2025-11-03 15:36:00+00:00,33,57,5884693,64.49,64.5,64.46,64.47,88,BRN FMF0026!
2025-11-03 15:37:00+00:00,33,57,5884693,64.47,64.57,64.47,64.57,545,BRN FMF0026!
2025-11-03 15:38:00+00:00,33,57,5884693,64.56,64.62,64.56,64.62,938,BRN FMF0026!
2025-11-03 15:39:00+00:00,33,57,5884693,64.62,64.65,64.56,64.57,399,BRN FMF0026!
2025-11-03 15:40:00+00:00,33,57,5884693,64.57,64.63,64.57,64.62,508,BRN FMF0026!
2025-11-03 15:41:00+00:00,33,57,5884693,64.63,64.64,64.59,64.61,1027,BRN FMF0026!
2025-11-03 15:42:00+00:00,33,57,5884693,64.6,64.61,64.58,64.59,108,BRN FMF0026!
2025-11-03 15:43:00+00:00,33,57,5884693,64.59,64.62,64.58,64.61,614,BRN FMF0026!
2025-11-03 15:44:00+00:00,33,57,5884693,64.61,64.65,64.61,64.62,564,BRN FMF0026!
2025-11-03 15:45:00+00:00,33,57,5884693,64.63,64.68,64.62,64.63,2263,BRN FMF0026!
2025-11-03 15:46:00+00:00,33,57,5884693,64.62,64.62,64.56,64.58,830,BRN FMF0026!
2025-11-03 15:47:00+00:00,33,57,5884693,64.59,64.66,64.59,64.66,1018,BRN FMF0026!
2025-11-03 15:48:00+00:00,33,57,5884693,64.67,64.67,64.63,64.65,304,BRN FMF0026!
2025-11-03 15:49:00+00:00,33,57,5884693,64.65,64.66,64.63,64.65,304,BRN FMF0026!
2025-11-03 15:50:00+00:00,33,57,5884693,64.65,64.73,64.64,64.73,479,BRN FMF0026!
2025-11-03 15:51:00+00:00,33,57,5884693,64.72,64.73,64.68,64.7,214,BRN FMF0026!
2025-11-03 15:52:00+00:00,33,57,5884693,64.7,64.71,64.68,64.69,61,BRN FMF0026!
2025-11-03 15:53:00+00:00,33,57,5884693,64.69,64.74,64.69,64.71,170,BRN FMF0026!
2025-11-03 15:54:00+00:00,33,57,5884693,64.7,64.71,64.67,64.68,339,BRN FMF0026!
2025-11-03 15:55:00+00:00,33,57,5884693,64.67,64.74,64.67,64.73,110,BRN FMF0026!
2025-11-03 15:56:00+00:00,33,57,5884693,64.73,64.79,64.73,64.78,450,BRN FMF0026!
2025-11-03 15:57:00+00:00,33,57,5884693,64.79,64.85,64.76,64.83,818,BRN FMF0026!
2025-11-03 15:58:00+00:00,33,57,5884693,64.82,64.85,64.8,64.84,549,BRN FMF0026!
2025-11-03 15:59:00+00:00,33,57,5884693,64.83,64.84,64.79,64.8,449,BRN FMF0026!
2025-11-03 16:00:00+00:00,33,57,5884693,64.8,64.92,64.79,64.9,889,BRN FMF0026!
2025-11-03 16:01:00+00:00,33,57,5884693,64.9,64.95,64.89,64.9,612,BRN FMF0026!
2025-11-03 16:02:00+00:00,33,57,5884693,64.9,65.01,64.9,64.98,854,BRN FMF0026!
2025-11-03 16:03:00+00:00,33,57,5884693,64.97,65.01,64.97,64.98,1501,BRN FMF0026!
2025-11-03 16:04:00+00:00,33,57,5884693,64.99,65.01,64.96,65.01,550,BRN FMF0026!
2025-11-03 16:05:00+00:00,33,57,5884693,65.01,65.01,64.95,64.99,571,BRN FMF0026!
2025-11-03 16:06:00+00:00,33,57,5884693,64.99,65.08,64.98,65.07,1339,BRN FMF0026!
2025-11-03 16:07:00+00:00,33,57,5884693,65.06,65.06,65.01,65.02,662,BRN FMF0026!
2025-11-03 16:08:00+00:00,33,57,5884693,65.03,65.09,65.03,65.08,595,BRN FMF0026!
2025-11-03 16:09:00+00:00,33,57,5884693,65.08,65.12,65.06,65.08,1175,BRN FMF0026!
2025-11-03 16:10:00+00:00,33,57,5884693,65.08,65.19,65.08,65.11,1307,BRN FMF0026!
2025-11-03 16:11:00+00:00,33,57,5884693,65.12,65.12,65.07,65.11,509,BRN FMF0026!
2025-11-03 16:12:00+00:00,33,57,5884693,65.11,65.15,65.1,65.12,736,BRN FMF0026!
2025-11-03 16:13:00+00:00,33,57,5884693,65.13,65.15,65.09,65.15,288,BRN FMF0026!
2025-11-03 16:14:00+00:00,33,57,5884693,65.15,65.15,65.13,65.14,397,BRN FMF0026!
2025-11-03 16:15:00+00:00,33,57,5884693,65.14,65.14,65.11,65.11,244,BRN FMF0026!
2025-11-03 16:16:00+00:00,33,57,5884693,65.12,65.16,65.12,65.14,401,BRN FMF0026!
2025-11-03 16:17:00+00:00,33,57,5884693,65.15,65.17,65.15,65.16,402,BRN FMF0026!
2025-11-03 16:18:00+00:00,33,57,5884693,65.16,65.22,65.16,65.18,1478,BRN FMF0026!
2025-11-03 16:19:00+00:00,33,57,5884693,65.18,65.24,65.18,65.23,500,BRN FMF0026!
2025-11-03 16:20:00+00:00,33,57,5884693,65.24,65.27,65.2,65.2,1023,BRN FMF0026!
2025-11-03 16:21:00+00:00,33,57,5884693,65.2,65.24,65.19,65.24,846,BRN FMF0026!
2025-11-03 16:22:00+00:00,33,57,5884693,65.23,65.26,65.2,65.23,1298,BRN FMF0026!
2025-11-03 16:23:00+00:00,33,57,5884693,65.22,65.27,65.22,65.27,1961,BRN FMF0026!
2025-11-03 16:24:00+00:00,33,57,5884693,65.26,65.26,65.2,65.21,840,BRN FMF0026!
2025-11-03 16:25:00+00:00,33,57,5884693,65.21,65.22,65.14,65.16,964,BRN FMF0026!
2025-11-03 16:26:00+00:00,33,57,5884693,65.16,65.17,65.14,65.15,514,BRN FMF0026!
2025-11-03 16:27:00+00:00,33,57,5884693,65.16,65.18,65.16,65.18,109,BRN FMF0026!
2025-11-03 16:28:00+00:00,33,57,5884693,65.17,65.17,65.11,65.12,749,BRN FMF0026!
2025-11-03 16:29:00+00:00,33,57,5884693,65.12,65.14,65.09,65.11,3416,BRN FMF0026!
2025-11-03 16:30:00+00:00,33,57,5884693,65.11,65.16,65.08,65.1,1476,BRN FMF0026!
2025-11-03 16:31:00+00:00,33,57,5884693,65.1,65.1,65.05,65.08,1978,BRN FMF0026!
2025-11-03 16:32:00+00:00,33,57,5884693,65.08,65.08,65.05,65.07,366,BRN FMF0026!
2025-11-03 16:33:00+00:00,33,57,5884693,65.08,65.15,65.08,65.12,1460,BRN FMF0026!
2025-11-03 16:34:00+00:00,33,57,5884693,65.11,65.14,65.1,65.12,714,BRN FMF0026!
2025-11-03 16:35:00+00:00,33,57,5884693,65.11,65.13,65.1,65.12,369,BRN FMF0026!
2025-11-03 16:36:00+00:00,33,57,5884693,65.13,65.14,65.12,65.12,318,BRN FMF0026!
2025-11-03 16:37:00+00:00,33,57,5884693,65.13,65.19,65.12,65.19,626,BRN FMF0026!
2025-11-03 16:38:00+00:00,33,57,5884693,65.19,65.19,65.16,65.18,298,BRN FMF0026!
2025-11-03 16:39:00+00:00,33,57,5884693,65.17,65.19,65.15,65.18,276,BRN FMF0026!
2025-11-03 16:40:00+00:00,33,57,5884693,65.18,65.22,65.18,65.22,271,BRN FMF0026!
2025-11-03 16:41:00+00:00,33,57,5884693,65.22,65.22,65.16,65.17,948,BRN FMF0026!
2025-11-03 16:42:00+00:00,33,57,5884693,65.17,65.18,65.17,65.17,133,BRN FMF0026!
2025-11-03 16:43:00+00:00,33,57,5884693,65.18,65.2,65.16,65.16,239,BRN FMF0026!
2025-11-03 16:44:00+00:00,33,57,5884693,65.15,65.15,65.11,65.13,766,BRN FMF0026!
2025-11-03 16:45:00+00:00,33,57,5884693,65.13,65.16,65.12,65.13,177,BRN FMF0026!
2025-11-03 16:46:00+00:00,33,57,5884693,65.14,65.16,65.14,65.15,196,BRN FMF0026!
2025-11-03 16:47:00+00:00,33,57,5884693,65.14,65.16,65.13,65.16,393,BRN FMF0026!
2025-11-03 16:48:00+00:00,33,57,5884693,65.16,65.18,65.15,65.18,109,BRN FMF0026!
2025-11-03 16:49:00+00:00,33,57,5884693,65.18,65.19,65.17,65.17,228,BRN FMF0026!
2025-11-03 16:50:00+00:00,33,57,5884693,65.18,65.25,65.17,65.23,650,BRN FMF0026!
2025-11-03 16:51:00+00:00,33,57,5884693,65.22,65.23,65.21,65.22,418,BRN FMF0026!
2025-11-03 16:52:00+00:00,33,57,5884693,65.23,65.24,65.18,65.19,265,BRN FMF0026!
2025-11-03 16:53:00+00:00,33,57,5884693,65.2,65.2,65.17,65.19,203,BRN FMF0026!
2025-11-03 16:54:00+00:00,33,57,5884693,65.19,65.19,65.16,65.18,354,BRN FMF0026!
2025-11-03 16:55:00+00:00,33,57,5884693,65.18,65.19,65.15,65.18,182,BRN FMF0026!
2025-11-03 16:56:00+00:00,33,57,5884693,65.18,65.18,65.16,65.17,184,BRN FMF0026!
2025-11-03 16:57:00+00:00,33,57,5884693,65.16,65.17,65.13,65.13,209,BRN FMF0026!
2025-11-03 16:58:00+00:00,33,57,5884693,65.14,65.15,65.13,65.14,468,BRN FMF0026!
2025-11-03 16:59:00+00:00,33,57,5884693,65.15,65.15,65.13,65.13,281,BRN FMF0026!
2025-11-03 17:00:00+00:00,33,57,5884693,65.12,65.12,65.05,65.08,1245,BRN FMF0026!
2025-11-03 17:01:00+00:00,33,57,5884693,65.08,65.09,65.05,65.05,291,BRN FMF0026!
2025-11-03 17:02:00+00:00,33,57,5884693,65.06,65.12,65.05,65.09,276,BRN FMF0026!
2025-11-03 17:03:00+00:00,33,57,5884693,65.09,65.11,65.06,65.06,184,BRN FMF0026!
2025-11-03 17:04:00+00:00,33,57,5884693,65.07,65.07,65.05,65.06,216,BRN FMF0026!
2025-11-03 17:05:00+00:00,33,57,5884693,65.05,65.06,65.0,65.01,518,BRN FMF0026!
2025-11-03 17:06:00+00:00,33,57,5884693,65.01,65.02,64.99,65.0,1661,BRN FMF0026!
2025-11-03 17:07:00+00:00,33,57,5884693,65.0,65.05,65.0,65.04,239,BRN FMF0026!
2025-11-03 17:08:00+00:00,33,57,5884693,65.04,65.05,65.01,65.03,178,BRN FMF0026!
2025-11-03 17:09:00+00:00,33,57,5884693,65.04,65.05,65.03,65.03,415,BRN FMF0026!
2025-11-03 17:10:00+00:00,33,57,5884693,65.02,65.05,65.02,65.04,139,BRN FMF0026!
2025-11-03 17:11:00+00:00,33,57,5884693,65.05,65.06,65.02,65.02,186,BRN FMF0026!
2025-11-03 17:12:00+00:00,33,57,5884693,65.01,65.03,64.98,64.99,307,BRN FMF0026!
2025-11-03 17:13:00+00:00,33,57,5884693,65.0,65.04,64.98,65.02,426,BRN FMF0026!
2025-11-03 17:14:00+00:00,33,57,5884693,65.01,65.04,65.0,65.02,427,BRN FMF0026!
2025-11-03 17:15:00+00:00,33,57,5884693,65.02,65.05,65.02,65.03,317,BRN FMF0026!
2025-11-03 17:16:00+00:00,33,57,5884693,65.02,65.02,65.01,65.02,331,BRN FMF0026!
2025-11-03 17:17:00+00:00,33,57,5884693,65.02,65.05,65.01,65.04,297,BRN FMF0026!
2025-11-03 17:18:00+00:00,33,57,5884693,65.04,65.07,65.01,65.03,813,BRN FMF0026!
2025-11-03 17:19:00+00:00,33,57,5884693,65.03,65.08,65.03,65.05,384,BRN FMF0026!
2025-11-03 17:20:00+00:00,33,57,5884693,65.05,65.06,65.03,65.05,393,BRN FMF0026!
2025-11-03 17:21:00+00:00,33,57,5884693,65.05,65.07,65.05,65.05,410,BRN FMF0026!
2025-11-03 17:22:00+00:00,33,57,5884693,65.05,65.07,65.05,65.07,119,BRN FMF0026!
2025-11-03 17:23:00+00:00,33,57,5884693,65.07,65.07,65.04,65.05,689,BRN FMF0026!
2025-11-03 17:24:00+00:00,33,57,5884693,65.05,65.06,65.0,65.05,248,BRN FMF0026!
2025-11-03 17:25:00+00:00,33,57,5884693,65.05,65.09,65.0,65.08,317,BRN FMF0026!
2025-11-03 17:26:00+00:00,33,57,5884693,65.08,65.14,65.05,65.12,719,BRN FMF0026!
2025-11-03 17:27:00+00:00,33,57,5884693,65.12,65.12,65.08,65.08,175,BRN FMF0026!
2025-11-03 17:28:00+00:00,33,57,5884693,65.07,65.1,65.07,65.09,49,BRN FMF0026!
2025-11-03 17:29:00+00:00,33,57,5884693,65.1,65.1,65.08,65.09,253,BRN FMF0026!
2025-11-03 17:30:00+00:00,33,57,5884693,65.08,65.11,65.08,65.08,226,BRN FMF0026!
2025-11-03 17:31:00+00:00,33,57,5884693,65.08,65.09,65.07,65.08,176,BRN FMF0026!
2025-11-03 17:32:00+00:00,33,57,5884693,65.08,65.09,65.08,65.09,73,BRN FMF0026!
2025-11-03 17:33:00+00:00,33,57,5884693,65.09,65.13,65.09,65.11,283,BRN FMF0026!
2025-11-03 17:34:00+00:00,33,57,5884693,65.11,65.12,65.11,65.12,89,BRN FMF0026!
2025-11-03 17:35:00+00:00,33,57,5884693,65.12,65.12,65.11,65.12,36,BRN FMF0026!
2025-11-03 17:36:00+00:00,33,57,5884693,65.12,65.13,65.12,65.12,64,BRN FMF0026!
2025-11-03 17:37:00+00:00,33,57,5884693,65.13,65.15,65.13,65.15,215,BRN FMF0026!
2025-11-03 17:38:00+00:00,33,57,5884693,65.15,65.15,65.14,65.14,44,BRN FMF0026!
2025-11-03 17:39:00+00:00,33,57,5884693,65.14,65.17,65.14,65.17,267,BRN FMF0026!
2025-11-03 17:40:00+00:00,33,57,5884693,65.17,65.19,65.14,65.15,307,BRN FMF0026!
2025-11-03 17:41:00+00:00,33,57,5884693,65.15,65.15,65.11,65.13,174,BRN FMF0026!
2025-11-03 17:42:00+00:00,33,57,5884693,65.12,65.15,65.12,65.13,124,BRN FMF0026!
2025-11-03 17:43:00+00:00,33,57,5884693,65.14,65.15,65.13,65.13,106,BRN FMF0026!
2025-11-03 17:44:00+00:00,33,57,5884693,65.12,65.12,65.09,65.09,150,BRN FMF0026!
2025-11-03 17:45:00+00:00,33,57,5884693,65.09,65.11,65.09,65.09,34,BRN FMF0026!
2025-11-03 17:46:00+00:00,33,57,5884693,65.1,65.1,65.09,65.09,71,BRN FMF0026!
2025-11-03 17:47:00+00:00,33,57,5884693,65.09,65.11,65.09,65.09,89,BRN FMF0026!
2025-11-03 17:48:00+00:00,33,57,5884693,65.09,65.09,65.09,65.09,32,BRN FMF0026!
2025-11-03 17:49:00+00:00,33,57,5884693,65.09,65.09,65.05,65.05,278,BRN FMF0026!
2025-11-03 17:50:00+00:00,33,57,5884693,65.05,65.05,65.03,65.03,107,BRN FMF0026!
2025-11-03 17:51:00+00:00,33,57,5884693,65.03,65.05,65.02,65.02,82,BRN FMF0026!
2025-11-03 17:52:00+00:00,33,57,5884693,65.02,65.04,65.02,65.03,161,BRN FMF0026!
2025-11-03 17:53:00+00:00,33,57,5884693,65.04,65.07,65.04,65.07,196,BRN FMF0026!
2025-11-03 17:54:00+00:00,33,57,5884693,65.07,65.07,65.05,65.06,171,BRN FMF0026!
2025-11-03 17:55:00+00:00,33,57,5884693,65.06,65.07,65.03,65.03,113,BRN FMF0026!
2025-11-03 17:56:00+00:00,33,57,5884693,65.03,65.05,65.03,65.05,37,BRN FMF0026!
2025-11-03 17:57:00+00:00,33,57,5884693,65.05,65.07,65.05,65.06,116,BRN FMF0026!
2025-11-03 17:58:00+00:00,33,57,5884693,65.06,65.07,65.06,65.07,65,BRN FMF0026!
2025-11-03 17:59:00+00:00,33,57,5884693,65.08,65.1,65.08,65.08,955,BRN FMF0026!
2025-11-03 18:00:00+00:00,33,57,5884693,65.07,65.07,65.06,65.06,427,BRN FMF0026!
2025-11-03 18:01:00+00:00,33,57,5884693,65.05,65.07,65.05,65.07,98,BRN FMF0026!
2025-11-03 18:02:00+00:00,33,57,5884693,65.07,65.07,65.06,65.06,51,BRN FMF0026!
2025-11-03 18:03:00+00:00,33,57,5884693,65.07,65.08,65.05,65.07,183,BRN FMF0026!
2025-11-03 18:04:00+00:00,33,57,5884693,65.06,65.06,65.02,65.02,231,BRN FMF0026!
2025-11-03 18:05:00+00:00,33,57,5884693,65.02,65.02,64.97,64.97,378,BRN FMF0026!
2025-11-03 18:06:00+00:00,33,57,5884693,64.98,65.07,64.98,65.06,177,BRN FMF0026!
2025-11-03 18:07:00+00:00,33,57,5884693,65.05,65.06,65.02,65.02,36,BRN FMF0026!
2025-11-03 18:08:00+00:00,33,57,5884693,65.02,65.09,65.02,65.08,102,BRN FMF0026!
2025-11-03 18:09:00+00:00,33,57,5884693,65.09,65.09,65.07,65.09,59,BRN FMF0026!
2025-11-03 18:10:00+00:00,33,57,5884693,65.09,65.1,65.07,65.07,202,BRN FMF0026!
2025-11-03 18:11:00+00:00,33,57,5884693,65.06,65.06,65.05,65.06,55,BRN FMF0026!
2025-11-03 18:12:00+00:00,33,57,5884693,65.05,65.06,65.05,65.06,109,BRN FMF0026!
2025-11-03 18:13:00+00:00,33,57,5884693,65.06,65.08,65.06,65.07,131,BRN FMF0026!
2025-11-03 18:14:00+00:00,33,57,5884693,65.07,65.1,65.07,65.1,69,BRN FMF0026!
2025-11-03 18:15:00+00:00,33,57,5884693,65.1,65.1,65.09,65.09,82,BRN FMF0026!
2025-11-03 18:16:00+00:00,33,57,5884693,65.09,65.09,65.05,65.05,102,BRN FMF0026!
2025-11-03 18:17:00+00:00,33,57,5884693,65.05,65.07,65.05,65.07,101,BRN FMF0026!
2025-11-03 18:18:00+00:00,33,57,5884693,65.07,65.09,65.07,65.09,149,BRN FMF0026!
2025-11-03 18:19:00+00:00,33,57,5884693,65.09,65.1,65.08,65.09,69,BRN FMF0026!
2025-11-03 18:20:00+00:00,33,57,5884693,65.08,65.09,65.06,65.06,41,BRN FMF0026!
2025-11-03 18:21:00+00:00,33,57,5884693,65.06,65.07,65.06,65.06,38,BRN FMF0026!
2025-11-03 18:22:00+00:00,33,57,5884693,65.07,65.08,65.06,65.08,45,BRN FMF0026!
2025-11-03 18:23:00+00:00,33,57,5884693,65.08,65.08,65.05,65.06,83,BRN FMF0026!
2025-11-03 18:24:00+00:00,33,57,5884693,65.07,65.07,65.06,65.07,93,BRN FMF0026!
2025-11-03 18:25:00+00:00,33,57,5884693,65.08,65.08,65.07,65.08,54,BRN FMF0026!
2025-11-03 18:26:00+00:00,33,57,5884693,65.06,65.07,65.05,65.07,86,BRN FMF0026!
2025-11-03 18:27:00+00:00,33,57,5884693,65.07,65.11,65.07,65.11,96,BRN FMF0026!
2025-11-03 18:28:00+00:00,33,57,5884693,65.1,65.11,65.07,65.09,83,BRN FMF0026!
2025-11-03 18:29:00+00:00,33,57,5884693,65.09,65.11,65.08,65.1,192,BRN FMF0026!
2025-11-03 18:30:00+00:00,33,57,5884693,65.09,65.12,65.08,65.1,422,BRN FMF0026!
2025-11-03 18:31:00+00:00,33,57,5884693,65.11,65.36,65.09,65.09,189,BRN FMF0026!
2025-11-03 18:32:00+00:00,33,57,5884693,65.08,65.09,65.08,65.09,45,BRN FMF0026!
2025-11-03 18:33:00+00:00,33,57,5884693,65.06,65.1,65.06,65.08,175,BRN FMF0026!
2025-11-03 18:34:00+00:00,33,57,5884693,65.08,65.1,65.07,65.07,132,BRN FMF0026!
2025-11-03 18:35:00+00:00,33,57,5884693,65.06,65.07,65.06,65.06,110,BRN FMF0026!
2025-11-03 18:36:00+00:00,33,57,5884693,65.06,65.07,65.05,65.06,72,BRN FMF0026!
2025-11-03 18:37:00+00:00,33,57,5884693,65.06,65.07,65.05,65.05,177,BRN FMF0026!
2025-11-03 18:38:00+00:00,33,57,5884693,65.05,65.05,65.01,65.01,266,BRN FMF0026!
2025-11-03 18:39:00+00:00,33,57,5884693,65.01,65.02,65.01,65.02,77,BRN FMF0026!
2025-11-03 18:40:00+00:00,33,57,5884693,65.01,65.05,65.01,65.05,108,BRN FMF0026!
2025-11-03 18:41:00+00:00,33,57,5884693,65.05,65.06,65.05,65.05,46,BRN FMF0026!
2025-11-03 18:42:00+00:00,33,57,5884693,65.05,65.05,65.05,65.05,30,BRN FMF0026!
2025-11-03 18:43:00+00:00,33,57,5884693,65.04,65.05,65.02,65.02,163,BRN FMF0026!
2025-11-03 18:44:00+00:00,33,57,5884693,65.02,65.03,65.02,65.03,462,BRN FMF0026!
2025-11-03 18:45:00+00:00,33,57,5884693,65.02,65.03,64.99,64.99,588,BRN FMF0026!
2025-11-03 18:46:00+00:00,33,57,5884693,64.99,64.99,64.97,64.98,519,BRN FMF0026!
2025-11-03 18:47:00+00:00,33,57,5884693,64.99,64.99,64.97,64.99,100,BRN FMF0026!
2025-11-03 18:48:00+00:00,33,57,5884693,64.98,64.99,64.97,64.99,62,BRN FMF0026!
2025-11-03 18:49:00+00:00,33,57,5884693,64.99,65.02,64.97,64.98,317,BRN FMF0026!
2025-11-03 18:50:00+00:00,33,57,5884693,64.97,64.98,64.96,64.97,198,BRN FMF0026!
2025-11-03 18:51:00+00:00,33,57,5884693,64.98,64.99,64.95,64.95,152,BRN FMF0026!
2025-11-03 18:52:00+00:00,33,57,5884693,64.94,64.94,64.89,64.9,285,BRN FMF0026!
2025-11-03 18:53:00+00:00,33,57,5884693,64.9,64.92,64.87,64.9,712,BRN FMF0026!
2025-11-03 18:54:00+00:00,33,57,5884693,64.89,64.92,64.89,64.91,95,BRN FMF0026!
2025-11-03 18:55:00+00:00,33,57,5884693,64.91,64.92,64.88,64.89,76,BRN FMF0026!
2025-11-03 18:56:00+00:00,33,57,5884693,64.88,64.9,64.87,64.88,103,BRN FMF0026!
2025-11-03 18:57:00+00:00,33,57,5884693,64.88,64.91,64.88,64.91,656,BRN FMF0026!
2025-11-03 18:58:00+00:00,33,57,5884693,64.9,64.9,64.87,64.87,158,BRN FMF0026!
2025-11-03 18:59:00+00:00,33,57,5884693,64.87,64.87,64.79,64.8,481,BRN FMF0026!
2025-11-03 19:00:00+00:00,33,57,5884693,64.79,64.82,64.72,64.73,662,BRN FMF0026!
2025-11-03 19:01:00+00:00,33,57,5884693,64.72,64.72,64.62,64.65,555,BRN FMF0026!
2025-11-03 19:02:00+00:00,33,57,5884693,64.65,64.65,64.58,64.63,936,BRN FMF0026!
2025-11-03 19:03:00+00:00,33,57,5884693,64.63,64.64,64.62,64.62,270,BRN FMF0026!
2025-11-03 19:04:00+00:00,33,57,5884693,64.62,64.67,64.62,64.66,482,BRN FMF0026!
2025-11-03 19:05:00+00:00,33,57,5884693,64.66,64.71,64.66,64.66,390,BRN FMF0026!
2025-11-03 19:06:00+00:00,33,57,5884693,64.67,64.76,64.67,64.75,1632,BRN FMF0026!
2025-11-03 19:07:00+00:00,33,57,5884693,64.74,64.77,64.73,64.77,140,BRN FMF0026!
2025-11-03 19:08:00+00:00,33,57,5884693,64.77,64.8,64.77,64.77,64,BRN FMF0026!
2025-11-03 19:09:00+00:00,33,57,5884693,64.78,64.79,64.77,64.77,82,BRN FMF0026!
2025-11-03 19:10:00+00:00,33,57,5884693,64.76,64.78,64.76,64.76,79,BRN FMF0026!
2025-11-03 19:11:00+00:00,33,57,5884693,64.77,64.79,64.77,64.78,69,BRN FMF0026!
2025-11-03 19:12:00+00:00,33,57,5884693,64.79,64.79,64.75,64.76,94,BRN FMF0026!
2025-11-03 19:13:00+00:00,33,57,5884693,64.76,64.81,64.75,64.8,404,BRN FMF0026!
2025-11-03 19:14:00+00:00,33,57,5884693,64.79,64.79,64.78,64.79,170,BRN FMF0026!
2025-11-03 19:15:00+00:00,33,57,5884693,64.79,64.8,64.78,64.79,184,BRN FMF0026!
2025-11-03 19:16:00+00:00,33,57,5884693,64.78,64.81,64.78,64.8,166,BRN FMF0026!
2025-11-03 19:17:00+00:00,33,57,5884693,64.8,64.82,64.8,64.81,112,BRN FMF0026!
2025-11-03 19:18:00+00:00,33,57,5884693,64.81,64.84,64.81,64.84,87,BRN FMF0026!
2025-11-03 19:19:00+00:00,33,57,5884693,64.85,64.89,64.85,64.87,170,BRN FMF0026!
2025-11-03 19:20:00+00:00,33,57,5884693,64.86,64.88,64.86,64.87,111,BRN FMF0026!
2025-11-03 19:21:00+00:00,33,57,5884693,64.87,64.9,64.87,64.9,233,BRN FMF0026!
2025-11-03 19:22:00+00:00,33,57,5884693,64.89,64.89,64.85,64.88,355,BRN FMF0026!
2025-11-03 19:23:00+00:00,33,57,5884693,64.87,64.9,64.86,64.89,299,BRN FMF0026!
2025-11-03 19:24:00+00:00,33,57,5884693,64.88,64.92,64.88,64.9,257,BRN FMF0026!
2025-11-03 19:25:00+00:00,33,57,5884693,64.9,64.92,64.88,64.89,293,BRN FMF0026!
2025-11-03 19:26:00+00:00,33,57,5884693,64.9,64.91,64.88,64.89,364,BRN FMF0026!
2025-11-03 19:27:00+00:00,33,57,5884693,64.89,64.89,64.84,64.86,601,BRN FMF0026!
2025-11-03 19:28:00+00:00,33,57,5884693,64.86,64.94,64.86,64.94,2074,BRN FMF0026!
2025-11-03 19:29:00+00:00,33,57,5884693,64.94,64.94,64.82,64.83,3047,BRN FMF0026!
2025-11-03 19:30:00+00:00,33,57,5884693,64.83,64.86,64.81,64.82,460,BRN FMF0026!
2025-11-03 19:31:00+00:00,33,57,5884693,64.83,64.86,64.8,64.86,212,BRN FMF0026!
2025-11-03 19:32:00+00:00,33,57,5884693,64.86,64.86,64.84,64.84,116,BRN FMF0026!
2025-11-03 19:33:00+00:00,33,57,5884693,64.83,64.89,64.83,64.88,258,BRN FMF0026!
2025-11-03 19:34:00+00:00,33,57,5884693,64.87,64.87,64.86,64.86,113,BRN FMF0026!
2025-11-03 19:35:00+00:00,33,57,5884693,64.85,64.87,64.84,64.86,114,BRN FMF0026!
2025-11-03 19:36:00+00:00,33,57,5884693,64.86,64.89,64.86,64.88,50,BRN FMF0026!
2025-11-03 19:37:00+00:00,33,57,5884693,64.88,64.88,64.87,64.87,18,BRN FMF0026!
2025-11-03 19:38:00+00:00,33,57,5884693,64.87,64.88,64.87,64.88,62,BRN FMF0026!
2025-11-03 19:39:00+00:00,33,57,5884693,64.88,64.88,64.85,64.85,145,BRN FMF0026!
2025-11-03 19:40:00+00:00,33,57,5884693,64.85,64.87,64.84,64.87,99,BRN FMF0026!
2025-11-03 19:41:00+00:00,33,57,5884693,64.86,64.88,64.86,64.88,610,BRN FMF0026!
2025-11-03 19:42:00+00:00,33,57,5884693,64.87,64.88,64.87,64.88,27,BRN FMF0026!
2025-11-03 19:43:00+00:00,33,57,5884693,64.88,64.88,64.87,64.88,82,BRN FMF0026!
2025-11-03 19:44:00+00:00,33,57,5884693,64.87,64.88,64.87,64.87,32,BRN FMF0026!
2025-11-03 19:45:00+00:00,33,57,5884693,64.87,64.88,64.87,64.87,33,BRN FMF0026!
2025-11-03 19:46:00+00:00,33,57,5884693,64.86,64.86,64.85,64.85,45,BRN FMF0026!
2025-11-03 19:47:00+00:00,33,57,5884693,64.86,64.86,64.86,64.86,16,BRN FMF0026!
2025-11-03 19:48:00+00:00,33,57,5884693,64.85,64.85,64.85,64.85,4,BRN FMF0026!
2025-11-03 19:49:00+00:00,33,57,5884693,64.83,64.83,64.82,64.82,53,BRN FMF0026!
2025-11-03 19:50:00+00:00,33,57,5884693,64.82,64.83,64.82,64.83,178,BRN FMF0026!
2025-11-03 19:51:00+00:00,33,57,5884693,64.84,64.85,64.84,64.84,56,BRN FMF0026!
2025-11-03 19:52:00+00:00,33,57,5884693,64.84,64.84,64.83,64.83,19,BRN FMF0026!
2025-11-03 19:53:00+00:00,33,57,5884693,64.83,64.83,64.83,64.83,4,BRN FMF0026!
2025-11-03 19:54:00+00:00,33,57,5884693,64.83,64.85,64.83,64.84,42,BRN FMF0026!
2025-11-03 19:55:00+00:00,33,57,5884693,64.85,64.85,64.84,64.84,28,BRN FMF0026!
2025-11-03 19:56:00+00:00,33,57,5884693,64.84,64.85,64.84,64.84,39,BRN FMF0026!
2025-11-03 19:57:00+00:00,33,57,5884693,64.84,64.84,64.84,64.84,244,BRN FMF0026!
2025-11-03 19:58:00+00:00,33,57,5884693,64.83,64.83,64.82,64.82,36,BRN FMF0026!
2025-11-03 19:59:00+00:00,33,57,5884693,64.81,64.83,64.8,64.83,91,BRN FMF0026!
2025-11-03 20:00:00+00:00,33,57,5884693,64.83,64.83,64.81,64.83,127,BRN FMF0026!
2025-11-03 20:01:00+00:00,33,57,5884693,64.82,64.83,64.82,64.83,21,BRN FMF0026!
2025-11-03 20:02:00+00:00,33,57,5884693,64.83,64.84,64.82,64.82,86,BRN FMF0026!
2025-11-03 20:03:00+00:00,33,57,5884693,64.82,64.82,64.77,64.78,111,BRN FMF0026!
2025-11-03 20:04:00+00:00,33,57,5884693,64.78,64.82,64.78,64.82,51,BRN FMF0026!
2025-11-03 20:05:00+00:00,33,57,5884693,64.83,64.86,64.83,64.86,69,BRN FMF0026!
2025-11-03 20:06:00+00:00,33,57,5884693,64.86,64.86,64.84,64.85,197,BRN FMF0026!
2025-11-03 20:07:00+00:00,33,57,5884693,64.85,64.85,64.84,64.85,23,BRN FMF0026!
2025-11-03 20:08:00+00:00,33,57,5884693,64.84,64.89,64.83,64.88,513,BRN FMF0026!
2025-11-03 20:09:00+00:00,33,57,5884693,64.88,64.88,64.86,64.86,12,BRN FMF0026!
2025-11-03 20:10:00+00:00,33,57,5884693,64.85,64.85,64.83,64.83,252,BRN FMF0026!
2025-11-03 20:11:00+00:00,33,57,5884693,64.83,64.83,64.82,64.83,18,BRN FMF0026!
2025-11-03 20:12:00+00:00,33,57,5884693,64.82,64.82,64.81,64.81,26,BRN FMF0026!
2025-11-03 20:13:00+00:00,33,57,5884693,64.81,64.82,64.81,64.82,24,BRN FMF0026!
2025-11-03 20:14:00+00:00,33,57,5884693,64.82,64.82,64.81,64.82,37,BRN FMF0026!
2025-11-03 20:15:00+00:00,33,57,5884693,64.82,64.84,64.82,64.84,28,BRN FMF0026!
2025-11-03 20:16:00+00:00,33,57,5884693,64.83,64.84,64.83,64.84,5,BRN FMF0026!
2025-11-03 20:17:00+00:00,33,57,5884693,64.83,64.84,64.83,64.83,17,BRN FMF0026!
2025-11-03 20:18:00+00:00,33,57,5884693,64.83,64.84,64.83,64.83,15,BRN FMF0026!
2025-11-03 20:19:00+00:00,33,57,5884693,64.83,64.85,64.83,64.85,35,BRN FMF0026!
2025-11-03 20:20:00+00:00,33,57,5884693,64.84,64.84,64.83,64.84,26,BRN FMF0026!
2025-11-03 20:21:00+00:00,33,57,5884693,64.83,64.84,64.8,64.8,31,BRN FMF0026!
2025-11-03 20:22:00+00:00,33,57,5884693,64.8,64.81,64.8,64.81,17,BRN FMF0026!
2025-11-03 20:23:00+00:00,33,57,5884693,64.8,64.81,64.8,64.81,26,BRN FMF0026!
2025-11-03 20:24:00+00:00,33,57,5884693,64.82,64.82,64.81,64.81,19,BRN FMF0026!
2025-11-03 20:25:00+00:00,33,57,5884693,64.81,64.81,64.8,64.81,15,BRN FMF0026!
2025-11-03 20:26:00+00:00,33,57,5884693,64.82,64.87,64.82,64.87,491,BRN FMF0026!
2025-11-03 20:27:00+00:00,33,57,5884693,64.88,64.88,64.86,64.88,369,BRN FMF0026!
2025-11-03 20:28:00+00:00,33,57,5884693,64.88,64.88,64.88,64.88,19,BRN FMF0026!
2025-11-03 20:29:00+00:00,33,57,5884693,64.88,64.89,64.88,64.88,16,BRN FMF0026!
2025-11-03 20:30:00+00:00,33,57,5884693,64.89,64.89,64.87,64.87,209,BRN FMF0026!
2025-11-03 20:31:00+00:00,33,57,5884693,64.87,64.87,64.86,64.86,33,BRN FMF0026!
2025-11-03 20:32:00+00:00,33,57,5884693,64.86,64.86,64.86,64.86,9,BRN FMF0026!
2025-11-03 20:33:00+00:00,33,57,5884693,64.86,64.86,64.86,64.86,16,BRN FMF0026!
2025-11-03 20:34:00+00:00,33,57,5884693,64.86,64.86,64.84,64.84,29,BRN FMF0026!
2025-11-03 20:35:00+00:00,33,57,5884693,64.84,64.84,64.83,64.83,24,BRN FMF0026!
2025-11-03 20:36:00+00:00,33,57,5884693,64.84,64.85,64.84,64.85,14,BRN FMF0026!
2025-11-03 20:37:00+00:00,33,57,5884693,64.86,64.86,64.84,64.84,11,BRN FMF0026!
2025-11-03 20:38:00+00:00,33,57,5884693,64.84,64.84,64.84,64.84,10,BRN FMF0026!
2025-11-03 20:39:00+00:00,33,57,5884693,64.83,64.83,64.83,64.83,14,BRN FMF0026!
2025-11-03 20:40:00+00:00,33,57,5884693,64.84,64.85,64.84,64.85,10,BRN FMF0026!
2025-11-03 20:41:00+00:00,33,57,5884693,64.84,64.85,64.84,64.85,5,BRN FMF0026!
2025-11-03 20:42:00+00:00,33,57,5884693,64.86,64.87,64.85,64.87,35,BRN FMF0026!
2025-11-03 20:43:00+00:00,33,57,5884693,64.87,64.87,64.86,64.86,30,BRN FMF0026!
2025-11-03 20:44:00+00:00,33,57,5884693,64.87,64.88,64.87,64.87,41,BRN FMF0026!
2025-11-03 20:45:00+00:00,33,57,5884693,64.88,64.88,64.87,64.87,18,BRN FMF0026!
2025-11-03 20:46:00+00:00,33,57,5884693,64.87,64.87,64.87,64.87,2,BRN FMF0026!
2025-11-03 20:47:00+00:00,33,57,5884693,64.87,64.87,64.87,64.87,1,BRN FMF0026!
2025-11-03 20:48:00+00:00,33,57,5884693,64.86,64.87,64.86,64.86,14,BRN FMF0026!
2025-11-03 20:49:00+00:00,33,57,5884693,64.87,64.87,64.82,64.82,78,BRN FMF0026!
2025-11-03 20:50:00+00:00,33,57,5884693,64.83,64.84,64.83,64.83,21,BRN FMF0026!
2025-11-03 20:51:00+00:00,33,57,5884693,64.83,64.83,64.83,64.83,21,BRN FMF0026!
2025-11-03 20:52:00+00:00,33,57,5884693,64.84,64.86,64.84,64.86,28,BRN FMF0026!
2025-11-03 20:53:00+00:00,33,57,5884693,64.85,64.86,64.85,64.86,24,BRN FMF0026!
2025-11-03 20:54:00+00:00,33,57,5884693,64.87,64.88,64.86,64.88,45,BRN FMF0026!
2025-11-03 20:55:00+00:00,33,57,5884693,64.87,64.88,64.86,64.87,132,BRN FMF0026!
2025-11-03 20:56:00+00:00,33,57,5884693,64.87,64.87,64.87,64.87,1,BRN FMF0026!
2025-11-03 20:57:00+00:00,33,57,5884693,64.87,64.87,64.86,64.87,21,BRN FMF0026!
2025-11-03 20:58:00+00:00,33,57,5884693,64.88,64.88,64.87,64.88,11,BRN FMF0026!
2025-11-03 20:59:00+00:00,33,57,5884693,64.89,64.91,64.89,64.9,33,BRN FMF0026!
2025-11-03 21:00:00+00:00,33,57,5884693,64.91,64.92,64.88,64.89,225,BRN FMF0026!
2025-11-03 21:01:00+00:00,33,57,5884693,64.88,64.88,64.86,64.86,59,BRN FMF0026!
2025-11-03 21:02:00+00:00,33,57,5884693,64.85,64.85,64.83,64.84,113,BRN FMF0026!
2025-11-03 21:03:00+00:00,33,57,5884693,64.84,64.84,64.82,64.83,127,BRN FMF0026!
2025-11-03 21:04:00+00:00,33,57,5884693,,,,,1,BRN FMF0026!
2025-11-03 21:05:00+00:00,33,57,5884693,64.84,64.84,64.83,64.83,30,BRN FMF0026!
2025-11-03 21:06:00+00:00,33,57,5884693,64.83,64.83,64.83,64.83,34,BRN FMF0026!
2025-11-03 21:07:00+00:00,33,57,5884693,64.82,64.83,64.82,64.83,20,BRN FMF0026!
2025-11-03 21:08:00+00:00,33,57,5884693,64.84,64.84,64.83,64.83,56,BRN FMF0026!
2025-11-03 21:09:00+00:00,33,57,5884693,64.82,64.82,64.82,64.82,5,BRN FMF0026!
2025-11-03 21:10:00+00:00,33,57,5884693,64.81,64.82,64.81,64.82,2,BRN FMF0026!
2025-11-03 21:11:00+00:00,33,57,5884693,64.81,64.81,64.81,64.81,3,BRN FMF0026!
2025-11-03 21:12:00+00:00,33,57,5884693,64.81,64.81,64.81,64.81,5,BRN FMF0026!
2025-11-03 21:13:00+00:00,33,57,5884693,64.82,64.82,64.81,64.82,9,BRN FMF0026!
2025-11-03 21:14:00+00:00,33,57,5884693,64.82,64.85,64.82,64.85,52,BRN FMF0026!
2025-11-03 21:15:00+00:00,33,57,5884693,64.84,64.86,64.84,64.86,5,BRN FMF0026!
2025-11-03 21:16:00+00:00,33,57,5884693,64.85,64.85,64.85,64.85,3,BRN FMF0026!
2025-11-03 21:18:00+00:00,33,57,5884693,64.85,64.86,64.85,64.86,3,BRN FMF0026!
2025-11-03 21:19:00+00:00,33,57,5884693,64.86,64.86,64.84,64.84,195,BRN FMF0026!
2025-11-03 21:20:00+00:00,33,57,5884693,64.84,64.84,64.84,64.84,2,BRN FMF0026!
2025-11-03 21:21:00+00:00,33,57,5884693,,,,,10,BRN FMF0026!
2025-11-03 21:23:00+00:00,33,57,5884693,,,,,27,BRN FMF0026!
2025-11-03 21:24:00+00:00,33,57,5884693,64.83,64.83,64.83,64.83,15,BRN FMF0026!
2025-11-03 21:25:00+00:00,33,57,5884693,,,,,1,BRN FMF0026!
2025-11-03 21:26:00+00:00,33,57,5884693,64.83,64.83,64.83,64.83,1,BRN FMF0026!
2025-11-03 21:27:00+00:00,33,57,5884693,64.83,64.83,64.83,64.83,10,BRN FMF0026!
2025-11-03 21:28:00+00:00,33,57,5884693,64.84,64.84,64.83,64.83,6,BRN FMF0026!
2025-11-03 21:29:00+00:00,33,57,5884693,64.84,64.84,64.83,64.84,16,BRN FMF0026!
2025-11-03 21:30:00+00:00,33,57,5884693,64.83,64.85,64.83,64.85,31,BRN FMF0026!
2025-11-03 21:31:00+00:00,33,57,5884693,,,,,6,BRN FMF0026!
2025-11-03 21:32:00+00:00,33,57,5884693,64.86,64.86,64.86,64.86,21,BRN FMF0026!
2025-11-03 21:33:00+00:00,33,57,5884693,64.85,64.85,64.85,64.85,25,BRN FMF0026!
2025-11-03 21:35:00+00:00,33,57,5884693,64.86,64.86,64.86,64.86,1,BRN FMF0026!
2025-11-03 21:36:00+00:00,33,57,5884693,64.85,64.85,64.85,64.85,3,BRN FMF0026!
2025-11-03 21:37:00+00:00,33,57,5884693,64.85,64.85,64.85,64.85,9,BRN FMF0026!
2025-11-03 21:38:00+00:00,33,57,5884693,64.85,64.85,64.83,64.83,22,BRN FMF0026!
2025-11-03 21:39:00+00:00,33,57,5884693,64.82,64.82,64.81,64.82,17,BRN FMF0026!
2025-11-03 21:40:00+00:00,33,57,5884693,64.83,64.83,64.81,64.81,54,BRN FMF0026!
2025-11-03 21:41:00+00:00,33,57,5884693,64.82,64.83,64.82,64.83,23,BRN FMF0026!
2025-11-03 21:42:00+00:00,33,57,5884693,64.84,64.84,64.84,64.84,14,BRN FMF0026!
2025-11-03 21:43:00+00:00,33,57,5884693,64.84,64.86,64.84,64.86,14,BRN FMF0026!
2025-11-03 21:44:00+00:00,33,57,5884693,64.85,64.85,64.85,64.85,6,BRN FMF0026!
2025-11-03 21:45:00+00:00,33,57,5884693,64.86,64.86,64.86,64.86,3,BRN FMF0026!
2025-11-03 21:46:00+00:00,33,57,5884693,64.85,64.85,64.85,64.85,11,BRN FMF0026!
2025-11-03 21:47:00+00:00,33,57,5884693,64.85,64.85,64.84,64.84,5,BRN FMF0026!
2025-11-03 21:48:00+00:00,33,57,5884693,64.85,64.86,64.85,64.86,30,BRN FMF0026!
2025-11-03 21:49:00+00:00,33,57,5884693,64.85,64.85,64.85,64.85,14,BRN FMF0026!
2025-11-03 21:50:00+00:00,33,57,5884693,64.84,64.84,64.84,64.84,4,BRN FMF0026!
2025-11-03 21:51:00+00:00,33,57,5884693,64.84,64.86,64.84,64.86,10,BRN FMF0026!
2025-11-03 21:52:00+00:00,33,57,5884693,64.86,64.86,64.86,64.86,5,BRN FMF0026!
2025-11-03 21:53:00+00:00,33,57,5884693,64.86,64.86,64.85,64.86,8,BRN FMF0026!
2025-11-03 21:54:00+00:00,33,57,5884693,64.86,64.87,64.86,64.87,3,BRN FMF0026!
2025-11-03 21:55:00+00:00,33,57,5884693,64.86,64.86,64.85,64.86,10,BRN FMF0026!
2025-11-03 21:56:00+00:00,33,57,5884693,64.87,64.87,64.85,64.85,8,BRN FMF0026!
2025-11-03 21:57:00+00:00,33,57,5884693,64.86,64.87,64.86,64.87,44,BRN FMF0026!
2025-11-03 21:58:00+00:00,33,57,5884693,64.87,64.87,64.85,64.86,100,BRN FMF0026!
2025-11-03 21:59:00+00:00,33,57,5884693,64.86,64.87,64.86,64.86,140,BRN FMF0026!
2025-11-03 22:00:00+00:00,33,57,5884693,,,,,1,BRN FMF0026!
2025-11-03 22:01:00+00:00,33,57,5884693,64.85,64.85,64.84,64.84,22,BRN FMF0026!
2025-11-03 22:07:00+00:00,33,57,5884693,64.85,64.85,64.85,64.85,2,BRN FMF0026!
2025-11-03 22:11:00+00:00,33,57,5884693,64.87,64.87,64.87,64.87,2,BRN FMF0026!
2025-11-03 22:15:00+00:00,33,57,5884693,64.86,64.86,64.85,64.85,6,BRN FMF0026!
2025-11-03 22:19:00+00:00,33,57,5884693,64.84,64.84,64.84,64.84,3,BRN FMF0026!
2025-11-03 22:56:00+00:00,33,57,5884693,64.87,64.87,64.87,64.87,1,BRN FMF0026!
2025-11-03 22:59:00+00:00,33,57,5884693,64.84,64.84,64.84,64.84,97,BRN FMF0026!
2025-11-04 01:00:00+00:00,33,57,5884693,64.73,64.8,64.73,64.74,252,BRN FMF0026!
2025-11-04 01:01:00+00:00,33,57,5884693,64.74,64.74,64.69,64.71,182,BRN FMF0026!
2025-11-04 01:02:00+00:00,33,57,5884693,64.7,64.72,64.69,64.7,41,BRN FMF0026!
2025-11-04 01:03:00+00:00,33,57,5884693,64.71,64.71,64.71,64.71,11,BRN FMF0026!
2025-11-04 01:04:00+00:00,33,57,5884693,64.72,64.74,64.72,64.74,95,BRN FMF0026!
2025-11-04 01:05:00+00:00,33,57,5884693,64.73,64.74,64.73,64.74,18,BRN FMF0026!
2025-11-04 01:06:00+00:00,33,57,5884693,64.74,64.74,64.74,64.74,7,BRN FMF0026!
2025-11-04 01:07:00+00:00,33,57,5884693,64.74,64.78,64.74,64.78,51,BRN FMF0026!
2025-11-04 01:08:00+00:00,33,57,5884693,64.79,64.8,64.79,64.79,17,BRN FMF0026!
2025-11-04 01:09:00+00:00,33,57,5884693,64.79,64.8,64.79,64.8,13,BRN FMF0026!
2025-11-04 01:10:00+00:00,33,57,5884693,64.8,64.8,64.78,64.78,19,BRN FMF0026!
2025-11-04 01:11:00+00:00,33,57,5884693,64.79,64.8,64.77,64.77,24,BRN FMF0026!
2025-11-04 01:12:00+00:00,33,57,5884693,64.78,64.79,64.78,64.78,3,BRN FMF0026!
2025-11-04 01:13:00+00:00,33,57,5884693,64.79,64.79,64.79,64.79,1,BRN FMF0026!
2025-11-04 01:14:00+00:00,33,57,5884693,64.78,64.78,64.78,64.78,3,BRN FMF0026!
2025-11-04 01:15:00+00:00,33,57,5884693,64.77,64.77,64.76,64.76,59,BRN FMF0026!
2025-11-04 01:16:00+00:00,33,57,5884693,64.77,64.78,64.77,64.77,8,BRN FMF0026!
2025-11-04 01:17:00+00:00,33,57,5884693,64.78,64.8,64.78,64.8,126,BRN FMF0026!
2025-11-04 01:18:00+00:00,33,57,5884693,64.78,64.79,64.78,64.79,2,BRN FMF0026!
2025-11-04 01:19:00+00:00,33,57,5884693,64.8,64.8,64.79,64.79,4,BRN FMF0026!
2025-11-04 01:20:00+00:00,33,57,5884693,64.8,64.8,64.79,64.79,12,BRN FMF0026!
2025-11-04 01:21:00+00:00,33,57,5884693,64.8,64.8,64.79,64.79,7,BRN FMF0026!
2025-11-04 01:22:00+00:00,33,57,5884693,64.8,64.8,64.79,64.8,23,BRN FMF0026!
2025-11-04 01:23:00+00:00,33,57,5884693,64.79,64.79,64.79,64.79,3,BRN FMF0026!
2025-11-04 01:24:00+00:00,33,57,5884693,64.79,64.8,64.79,64.8,14,BRN FMF0026!
2025-11-04 01:25:00+00:00,33,57,5884693,64.79,64.79,64.78,64.78,6,BRN FMF0026!
2025-11-04 01:26:00+00:00,33,57,5884693,64.79,64.79,64.79,64.79,7,BRN FMF0026!
2025-11-04 01:27:00+00:00,33,57,5884693,64.79,64.79,64.79,64.79,3,BRN FMF0026!
2025-11-04 01:28:00+00:00,33,57,5884693,64.79,64.79,64.79,64.79,1,BRN FMF0026!
2025-11-04 01:29:00+00:00,33,57,5884693,64.79,64.8,64.78,64.78,6,BRN FMF0026!
2025-11-04 01:30:00+00:00,33,57,5884693,64.79,64.79,64.77,64.78,17,BRN FMF0026!
2025-11-04 01:31:00+00:00,33,57,5884693,64.78,64.78,64.77,64.78,8,BRN FMF0026!
2025-11-04 01:32:00+00:00,33,57,5884693,64.78,64.78,64.78,64.78,14,BRN FMF0026!
2025-11-04 01:33:00+00:00,33,57,5884693,64.78,64.78,64.78,64.78,10,BRN FMF0026!
2025-11-04 01:34:00+00:00,33,57,5884693,64.78,64.78,64.77,64.77,78,BRN FMF0026!
2025-11-04 01:35:00+00:00,33,57,5884693,64.77,64.78,64.77,64.78,19,BRN FMF0026!
2025-11-04 01:36:00+00:00,33,57,5884693,64.77,64.78,64.77,64.78,38,BRN FMF0026!
2025-11-04 01:37:00+00:00,33,57,5884693,64.78,64.78,64.77,64.77,11,BRN FMF0026!
2025-11-04 01:38:00+00:00,33,57,5884693,64.77,64.77,64.74,64.74,155,BRN FMF0026!
2025-11-04 01:39:00+00:00,33,57,5884693,64.74,64.77,64.73,64.77,66,BRN FMF0026!
2025-11-04 01:40:00+00:00,33,57,5884693,64.77,64.77,64.77,64.77,1,BRN FMF0026!
2025-11-04 01:41:00+00:00,33,57,5884693,64.77,64.78,64.76,64.77,14,BRN FMF0026!
2025-11-04 01:42:00+00:00,33,57,5884693,64.77,64.78,64.77,64.78,9,BRN FMF0026!
2025-11-04 01:43:00+00:00,33,57,5884693,64.78,64.78,64.75,64.75,4,BRN FMF0026!
2025-11-04 01:44:00+00:00,33,57,5884693,64.76,64.77,64.76,64.76,5,BRN FMF0026!
2025-11-04 01:45:00+00:00,33,57,5884693,64.77,64.77,64.73,64.73,39,BRN FMF0026!
2025-11-04 01:46:00+00:00,33,57,5884693,64.73,64.75,64.73,64.75,20,BRN FMF0026!
2025-11-04 01:47:00+00:00,33,57,5884693,64.75,64.77,64.75,64.77,14,BRN FMF0026!
2025-11-04 01:49:00+00:00,33,57,5884693,64.78,64.78,64.75,64.77,42,BRN FMF0026!
2025-11-04 01:50:00+00:00,33,57,5884693,64.78,64.79,64.78,64.78,15,BRN FMF0026!
2025-11-04 01:51:00+00:00,33,57,5884693,64.78,64.78,64.78,64.78,3,BRN FMF0026!
2025-11-04 01:52:00+00:00,33,57,5884693,64.79,64.79,64.77,64.77,10,BRN FMF0026!
2025-11-04 01:53:00+00:00,33,57,5884693,64.77,64.77,64.77,64.77,4,BRN FMF0026!
2025-11-04 01:54:00+00:00,33,57,5884693,64.78,64.78,64.77,64.77,11,BRN FMF0026!
2025-11-04 01:55:00+00:00,33,57,5884693,64.77,64.77,64.77,64.77,3,BRN FMF0026!
2025-11-04 01:56:00+00:00,33,57,5884693,64.77,64.77,64.76,64.76,16,BRN FMF0026!
2025-11-04 01:57:00+00:00,33,57,5884693,64.76,64.77,64.76,64.77,12,BRN FMF0026!
2025-11-04 01:58:00+00:00,33,57,5884693,64.77,64.77,64.75,64.76,13,BRN FMF0026!
2025-11-04 01:59:00+00:00,33,57,5884693,64.77,64.77,64.76,64.76,10,BRN FMF0026!
2025-11-04 02:00:00+00:00,33,57,5884693,64.76,64.76,64.75,64.76,5,BRN FMF0026!
2025-11-04 02:01:00+00:00,33,57,5884693,64.75,64.75,64.73,64.73,14,BRN FMF0026!
2025-11-04 02:02:00+00:00,33,57,5884693,64.73,64.73,64.68,64.69,120,BRN FMF0026!
2025-11-04 02:03:00+00:00,33,57,5884693,64.7,64.72,64.7,64.72,12,BRN FMF0026!
2025-11-04 02:05:00+00:00,33,57,5884693,64.73,64.75,64.73,64.75,5,BRN FMF0026!
2025-11-04 02:06:00+00:00,33,57,5884693,64.76,64.76,64.75,64.75,22,BRN FMF0026!
2025-11-04 02:07:00+00:00,33,57,5884693,64.74,64.74,64.74,64.74,3,BRN FMF0026!
2025-11-04 02:08:00+00:00,33,57,5884693,64.74,64.74,64.74,64.74,5,BRN FMF0026!
2025-11-04 02:09:00+00:00,33,57,5884693,64.74,64.75,64.74,64.75,13,BRN FMF0026!
2025-11-04 02:11:00+00:00,33,57,5884693,64.75,64.75,64.75,64.75,2,BRN FMF0026!
2025-11-04 02:12:00+00:00,33,57,5884693,64.76,64.76,64.76,64.76,3,BRN FMF0026!
2025-11-04 02:13:00+00:00,33,57,5884693,64.76,64.76,64.76,64.76,2,BRN FMF0026!
2025-11-04 02:14:00+00:00,33,57,5884693,64.75,64.75,64.73,64.73,8,BRN FMF0026!
2025-11-04 02:15:00+00:00,33,57,5884693,64.73,64.73,64.73,64.73,5,BRN FMF0026!
2025-11-04 02:16:00+00:00,33,57,5884693,64.73,64.74,64.73,64.74,2,BRN FMF0026!
2025-11-04 02:17:00+00:00,33,57,5884693,64.74,64.75,64.74,64.74,24,BRN FMF0026!
2025-11-04 02:18:00+00:00,33,57,5884693,64.74,64.74,64.74,64.74,2,BRN FMF0026!
2025-11-04 02:20:00+00:00,33,57,5884693,64.73,64.73,64.73,64.73,6,BRN FMF0026!
2025-11-04 02:21:00+00:00,33,57,5884693,64.73,64.73,64.73,64.73,2,BRN FMF0026!
2025-11-04 02:24:00+00:00,33,57,5884693,64.72,64.72,64.71,64.71,12,BRN FMF0026!
2025-11-04 02:25:00+00:00,33,57,5884693,64.72,64.72,64.72,64.72,29,BRN FMF0026!
2025-11-04 02:26:00+00:00,33,57,5884693,64.73,64.73,64.72,64.72,11,BRN FMF0026!
2025-11-04 02:27:00+00:00,33,57,5884693,64.73,64.73,64.72,64.72,18,BRN FMF0026!
2025-11-04 02:28:00+00:00,33,57,5884693,64.72,64.72,64.72,64.72,2,BRN FMF0026!
2025-11-04 02:29:00+00:00,33,57,5884693,64.71,64.71,64.71,64.71,2,BRN FMF0026!
2025-11-04 02:30:00+00:00,33,57,5884693,64.7,64.7,64.7,64.7,8,BRN FMF0026!
2025-11-04 02:31:00+00:00,33,57,5884693,64.7,64.71,64.7,64.7,7,BRN FMF0026!
2025-11-04 02:32:00+00:00,33,57,5884693,64.71,64.71,64.69,64.69,5,BRN FMF0026!
2025-11-04 02:33:00+00:00,33,57,5884693,64.68,64.69,64.68,64.68,5,BRN FMF0026!
2025-11-04 02:34:00+00:00,33,57,5884693,64.69,64.69,64.69,64.69,7,BRN FMF0026!
2025-11-04 02:35:00+00:00,33,57,5884693,64.68,64.7,64.68,64.7,5,BRN FMF0026!
2025-11-04 02:36:00+00:00,33,57,5884693,64.71,64.71,64.7,64.7,5,BRN FMF0026!
2025-11-04 02:38:00+00:00,33,57,5884693,64.69,64.69,64.67,64.67,12,BRN FMF0026!
2025-11-04 02:40:00+00:00,33,57,5884693,64.68,64.69,64.68,64.69,7,BRN FMF0026!
2025-11-04 02:41:00+00:00,33,57,5884693,64.69,64.69,64.69,64.69,4,BRN FMF0026!
2025-11-04 02:42:00+00:00,33,57,5884693,64.69,64.69,64.68,64.68,51,BRN FMF0026!
2025-11-04 02:43:00+00:00,33,57,5884693,64.67,64.68,64.67,64.67,22,BRN FMF0026!
2025-11-04 02:44:00+00:00,33,57,5884693,64.68,64.68,64.68,64.68,1,BRN FMF0026!
2025-11-04 02:45:00+00:00,33,57,5884693,64.67,64.68,64.67,64.67,8,BRN FMF0026!
2025-11-04 02:46:00+00:00,33,57,5884693,64.68,64.68,64.67,64.67,25,BRN FMF0026!
2025-11-04 02:47:00+00:00,33,57,5884693,64.67,64.67,64.67,64.67,6,BRN FMF0026!
2025-11-04 02:48:00+00:00,33,57,5884693,64.66,64.66,64.65,64.65,23,BRN FMF0026!
2025-11-04 02:49:00+00:00,33,57,5884693,64.66,64.68,64.66,64.67,17,BRN FMF0026!
2025-11-04 02:50:00+00:00,33,57,5884693,64.66,64.66,64.66,64.66,7,BRN FMF0026!
2025-11-04 02:51:00+00:00,33,57,5884693,64.66,64.66,64.66,64.66,1,BRN FMF0026!
2025-11-04 02:52:00+00:00,33,57,5884693,64.65,64.65,64.65,64.65,21,BRN FMF0026!
2025-11-04 02:53:00+00:00,33,57,5884693,64.65,64.65,64.63,64.64,36,BRN FMF0026!
2025-11-04 02:54:00+00:00,33,57,5884693,64.64,64.65,64.63,64.65,38,BRN FMF0026!
2025-11-04 02:55:00+00:00,33,57,5884693,64.65,64.65,64.64,64.65,103,BRN FMF0026!
2025-11-04 02:56:00+00:00,33,57,5884693,64.65,64.65,64.65,64.65,15,BRN FMF0026!
2025-11-04 02:57:00+00:00,33,57,5884693,64.65,64.65,64.62,64.62,42,BRN FMF0026!
2025-11-04 02:58:00+00:00,33,57,5884693,64.61,64.61,64.61,64.61,8,BRN FMF0026!
2025-11-04 02:59:00+00:00,33,57,5884693,64.62,64.62,64.61,64.62,7,BRN FMF0026!
2025-11-04 03:00:00+00:00,33,57,5884693,64.62,64.67,64.62,64.67,112,BRN FMF0026!
2025-11-04 03:01:00+00:00,33,57,5884693,64.68,64.7,64.67,64.69,57,BRN FMF0026!
2025-11-04 03:02:00+00:00,33,57,5884693,64.69,64.69,64.68,64.68,5,BRN FMF0026!
2025-11-04 03:03:00+00:00,33,57,5884693,64.68,64.68,64.68,64.68,2,BRN FMF0026!
2025-11-04 03:04:00+00:00,33,57,5884693,64.7,64.7,64.7,64.7,38,BRN FMF0026!
2025-11-04 03:05:00+00:00,33,57,5884693,64.69,64.69,64.69,64.69,25,BRN FMF0026!
2025-11-04 03:06:00+00:00,33,57,5884693,64.69,64.69,64.69,64.69,41,BRN FMF0026!
2025-11-04 03:07:00+00:00,33,57,5884693,64.68,64.69,64.68,64.69,16,BRN FMF0026!
2025-11-04 03:08:00+00:00,33,57,5884693,64.68,64.69,64.68,64.69,42,BRN FMF0026!
2025-11-04 03:09:00+00:00,33,57,5884693,64.69,64.69,64.69,64.69,11,BRN FMF0026!
2025-11-04 03:10:00+00:00,33,57,5884693,64.69,64.69,64.68,64.69,13,BRN FMF0026!
2025-11-04 03:11:00+00:00,33,57,5884693,64.69,64.7,64.69,64.69,6,BRN FMF0026!
2025-11-04 03:12:00+00:00,33,57,5884693,64.71,64.71,64.7,64.7,17,BRN FMF0026!
2025-11-04 03:13:00+00:00,33,57,5884693,64.69,64.69,64.68,64.68,12,BRN FMF0026!
2025-11-04 03:14:00+00:00,33,57,5884693,64.68,64.68,64.67,64.68,3,BRN FMF0026!
2025-11-04 03:15:00+00:00,33,57,5884693,64.69,64.69,64.68,64.68,10,BRN FMF0026!
2025-11-04 03:16:00+00:00,33,57,5884693,64.67,64.67,64.66,64.66,7,BRN FMF0026!
2025-11-04 03:17:00+00:00,33,57,5884693,64.67,64.68,64.67,64.68,2,BRN FMF0026!
2025-11-04 03:19:00+00:00,33,57,5884693,64.69,64.7,64.69,64.7,4,BRN FMF0026!
2025-11-04 03:20:00+00:00,33,57,5884693,64.71,64.71,64.71,64.71,3,BRN FMF0026!
2025-11-04 03:21:00+00:00,33,57,5884693,64.7,64.7,64.7,64.7,3,BRN FMF0026!
2025-11-04 03:22:00+00:00,33,57,5884693,64.71,64.71,64.7,64.7,6,BRN FMF0026!
2025-11-04 03:23:00+00:00,33,57,5884693,64.69,64.69,64.68,64.68,5,BRN FMF0026!
2025-11-04 03:24:00+00:00,33,57,5884693,64.68,64.69,64.68,64.69,3,BRN FMF0026!
2025-11-04 03:26:00+00:00,33,57,5884693,64.68,64.68,64.68,64.68,7,BRN FMF0026!
2025-11-04 03:27:00+00:00,33,57,5884693,64.69,64.7,64.69,64.7,6,BRN FMF0026!
2025-11-04 03:28:00+00:00,33,57,5884693,64.7,64.7,64.7,64.7,2,BRN FMF0026!
2025-11-04 03:29:00+00:00,33,57,5884693,64.7,64.7,64.69,64.69,4,BRN FMF0026!
2025-11-04 03:30:00+00:00,33,57,5884693,64.7,64.74,64.7,64.74,45,BRN FMF0026!
2025-11-04 03:31:00+00:00,33,57,5884693,64.75,64.75,64.73,64.73,21,BRN FMF0026!
2025-11-04 03:32:00+00:00,33,57,5884693,64.73,64.73,64.72,64.73,8,BRN FMF0026!
2025-11-04 03:33:00+00:00,33,57,5884693,64.74,64.76,64.74,64.76,16,BRN FMF0026!
2025-11-04 03:34:00+00:00,33,57,5884693,64.77,64.77,64.76,64.76,7,BRN FMF0026!
2025-11-04 03:35:00+00:00,33,57,5884693,64.76,64.76,64.75,64.75,26,BRN FMF0026!
2025-11-04 03:36:00+00:00,33,57,5884693,64.75,64.75,64.74,64.74,17,BRN FMF0026!
2025-11-04 03:37:00+00:00,33,57,5884693,64.74,64.75,64.73,64.74,45,BRN FMF0026!
2025-11-04 03:38:00+00:00,33,57,5884693,64.75,64.75,64.74,64.74,9,BRN FMF0026!
2025-11-04 03:39:00+00:00,33,57,5884693,64.74,64.74,64.74,64.74,2,BRN FMF0026!
2025-11-04 03:40:00+00:00,33,57,5884693,64.75,64.75,64.75,64.75,6,BRN FMF0026!
2025-11-04 03:41:00+00:00,33,57,5884693,64.75,64.75,64.74,64.74,12,BRN FMF0026!
2025-11-04 03:43:00+00:00,33,57,5884693,64.76,64.76,64.76,64.76,6,BRN FMF0026!
2025-11-04 03:44:00+00:00,33,57,5884693,64.76,64.77,64.76,64.77,3,BRN FMF0026!
2025-11-04 03:45:00+00:00,33,57,5884693,64.76,64.76,64.76,64.76,10,BRN FMF0026!
2025-11-04 03:46:00+00:00,33,57,5884693,64.77,64.77,64.77,64.77,1,BRN FMF0026!
2025-11-04 03:47:00+00:00,33,57,5884693,64.76,64.76,64.76,64.76,3,BRN FMF0026!
2025-11-04 03:49:00+00:00,33,57,5884693,64.77,64.77,64.76,64.76,3,BRN FMF0026!
2025-11-04 03:50:00+00:00,33,57,5884693,64.77,64.77,64.74,64.74,46,BRN FMF0026!
2025-11-04 03:51:00+00:00,33,57,5884693,64.75,64.75,64.74,64.75,11,BRN FMF0026!
2025-11-04 03:52:00+00:00,33,57,5884693,64.74,64.75,64.74,64.75,2,BRN FMF0026!
2025-11-04 03:53:00+00:00,33,57,5884693,64.75,64.75,64.74,64.74,6,BRN FMF0026!
2025-11-04 03:54:00+00:00,33,57,5884693,64.74,64.74,64.74,64.74,2,BRN FMF0026!
2025-11-04 03:55:00+00:00,33,57,5884693,64.75,64.75,64.75,64.75,2,BRN FMF0026!
2025-11-04 03:56:00+00:00,33,57,5884693,64.75,64.75,64.75,64.75,8,BRN FMF0026!
2025-11-04 03:57:00+00:00,33,57,5884693,64.75,64.75,64.75,64.75,3,BRN FMF0026!
2025-11-04 03:58:00+00:00,33,57,5884693,64.75,64.75,64.75,64.75,1,BRN FMF0026!
2025-11-04 03:59:00+00:00,33,57,5884693,64.76,64.76,64.76,64.76,3,BRN FMF0026!
2025-11-04 04:00:00+00:00,33,57,5884693,64.76,64.76,64.73,64.74,24,BRN FMF0026!
2025-11-04 04:01:00+00:00,33,57,5884693,64.73,64.73,64.73,64.73,5,BRN FMF0026!
2025-11-04 04:02:00+00:00,33,57,5884693,64.73,64.73,64.73,64.73,1,BRN FMF0026!
2025-11-04 04:04:00+00:00,33,57,5884693,64.75,64.76,64.75,64.76,21,BRN FMF0026!
2025-11-04 04:05:00+00:00,33,57,5884693,64.75,64.75,64.75,64.75,27,BRN FMF0026!
2025-11-04 04:06:00+00:00,33,57,5884693,64.74,64.74,64.74,64.74,5,BRN FMF0026!
2025-11-04 04:07:00+00:00,33,57,5884693,64.73,64.73,64.73,64.73,5,BRN FMF0026!
2025-11-04 04:08:00+00:00,33,57,5884693,64.73,64.73,64.73,64.73,10,BRN FMF0026!
2025-11-04 04:10:00+00:00,33,57,5884693,64.73,64.73,64.72,64.72,18,BRN FMF0026!
2025-11-04 04:11:00+00:00,33,57,5884693,64.72,64.73,64.72,64.73,10,BRN FMF0026!
2025-11-04 04:13:00+00:00,33,57,5884693,64.72,64.72,64.72,64.72,1,BRN FMF0026!
2025-11-04 04:14:00+00:00,33,57,5884693,64.72,64.72,64.71,64.72,40,BRN FMF0026!
2025-11-04 04:15:00+00:00,33,57,5884693,64.72,64.73,64.72,64.72,15,BRN FMF0026!
2025-11-04 04:17:00+00:00,33,57,5884693,64.72,64.73,64.72,64.72,20,BRN FMF0026!
2025-11-04 04:18:00+00:00,33,57,5884693,64.72,64.72,64.72,64.72,10,BRN FMF0026!
2025-11-04 04:19:00+00:00,33,57,5884693,64.74,64.74,64.74,64.74,1,BRN FMF0026!
2025-11-04 04:20:00+00:00,33,57,5884693,64.73,64.73,64.73,64.73,8,BRN FMF0026!
2025-11-04 04:22:00+00:00,33,57,5884693,64.74,64.74,64.73,64.74,9,BRN FMF0026!
2025-11-04 04:23:00+00:00,33,57,5884693,64.75,64.75,64.75,64.75,1,BRN FMF0026!
2025-11-04 04:24:00+00:00,33,57,5884693,64.75,64.75,64.74,64.75,6,BRN FMF0026!
2025-11-04 04:25:00+00:00,33,57,5884693,64.73,64.73,64.71,64.72,12,BRN FMF0026!
2025-11-04 04:26:00+00:00,33,57,5884693,64.71,64.71,64.71,64.71,1,BRN FMF0026!
2025-11-04 04:27:00+00:00,33,57,5884693,64.71,64.71,64.71,64.71,13,BRN FMF0026!
2025-11-04 04:29:00+00:00,33,57,5884693,64.72,64.72,64.71,64.71,3,BRN FMF0026!
2025-11-04 04:30:00+00:00,33,57,5884693,64.73,64.74,64.72,64.74,6,BRN FMF0026!
2025-11-04 04:32:00+00:00,33,57,5884693,64.73,64.73,64.73,64.73,13,BRN FMF0026!
2025-11-04 04:33:00+00:00,33,57,5884693,64.73,64.74,64.73,64.74,3,BRN FMF0026!
2025-11-04 04:34:00+00:00,33,57,5884693,64.73,64.74,64.73,64.74,4,BRN FMF0026!
2025-11-04 04:35:00+00:00,33,57,5884693,64.73,64.73,64.73,64.73,30,BRN FMF0026!
2025-11-04 04:36:00+00:00,33,57,5884693,64.73,64.73,64.72,64.72,11,BRN FMF0026!
2025-11-04 04:38:00+00:00,33,57,5884693,64.71,64.71,64.71,64.71,4,BRN FMF0026!
2025-11-04 04:41:00+00:00,33,57,5884693,64.71,64.71,64.71,64.71,1,BRN FMF0026!
2025-11-04 04:42:00+00:00,33,57,5884693,64.72,64.72,64.72,64.72,19,BRN FMF0026!
2025-11-04 04:43:00+00:00,33,57,5884693,64.72,64.72,64.69,64.69,26,BRN FMF0026!
2025-11-04 04:44:00+00:00,33,57,5884693,64.7,64.7,64.7,64.7,11,BRN FMF0026!
2025-11-04 04:45:00+00:00,33,57,5884693,64.69,64.69,64.68,64.69,30,BRN FMF0026!
2025-11-04 04:46:00+00:00,33,57,5884693,64.69,64.7,64.69,64.7,5,BRN FMF0026!
2025-11-04 04:47:00+00:00,33,57,5884693,,,,,21,BRN FMF0026!
2025-11-04 04:48:00+00:00,33,57,5884693,64.68,64.68,64.68,64.68,2,BRN FMF0026!
2025-11-04 04:49:00+00:00,33,57,5884693,,,,,6,BRN FMF0026!
2025-11-04 04:52:00+00:00,33,57,5884693,64.69,64.7,64.69,64.7,8,BRN FMF0026!
2025-11-04 04:53:00+00:00,33,57,5884693,64.7,64.7,64.7,64.7,14,BRN FMF0026!
2025-11-04 04:54:00+00:00,33,57,5884693,64.7,64.7,64.7,64.7,14,BRN FMF0026!
2025-11-04 04:55:00+00:00,33,57,5884693,64.7,64.7,64.7,64.7,1,BRN FMF0026!
2025-11-04 04:56:00+00:00,33,57,5884693,64.7,64.7,64.7,64.7,2,BRN FMF0026!
2025-11-04 04:57:00+00:00,33,57,5884693,64.69,64.69,64.69,64.69,3,BRN FMF0026!
2025-11-04 05:00:00+00:00,33,57,5884693,64.68,64.68,64.68,64.68,2,BRN FMF0026!
2025-11-04 05:02:00+00:00,33,57,5884693,64.67,64.68,64.66,64.66,80,BRN FMF0026!
2025-11-04 05:03:00+00:00,33,57,5884693,64.67,64.67,64.66,64.66,10,BRN FMF0026!
2025-11-04 05:04:00+00:00,33,57,5884693,64.67,64.67,64.67,64.67,5,BRN FMF0026!
2025-11-04 05:05:00+00:00,33,57,5884693,64.66,64.67,64.66,64.67,3,BRN FMF0026!
2025-11-04 05:06:00+00:00,33,57,5884693,64.66,64.66,64.66,64.66,11,BRN FMF0026!
2025-11-04 05:07:00+00:00,33,57,5884693,64.65,64.65,64.64,64.64,59,BRN FMF0026!
2025-11-04 05:09:00+00:00,33,57,5884693,64.65,64.66,64.65,64.66,12,BRN FMF0026!
2025-11-04 05:10:00+00:00,33,57,5884693,64.65,64.68,64.65,64.68,51,BRN FMF0026!
2025-11-04 05:11:00+00:00,33,57,5884693,64.68,64.68,64.67,64.67,10,BRN FMF0026!
2025-11-04 05:12:00+00:00,33,57,5884693,64.68,64.69,64.68,64.69,38,BRN FMF0026!
2025-11-04 05:13:00+00:00,33,57,5884693,64.7,64.7,64.69,64.7,63,BRN FMF0026!
2025-11-04 05:14:00+00:00,33,57,5884693,64.7,64.71,64.69,64.69,58,BRN FMF0026!
2025-11-04 05:15:00+00:00,33,57,5884693,64.69,64.69,64.69,64.69,15,BRN FMF0026!
2025-11-04 05:16:00+00:00,33,57,5884693,64.69,64.7,64.69,64.7,59,BRN FMF0026!
2025-11-04 05:17:00+00:00,33,57,5884693,64.69,64.7,64.69,64.7,12,BRN FMF0026!
2025-11-04 05:18:00+00:00,33,57,5884693,64.7,64.7,64.7,64.7,23,BRN FMF0026!
2025-11-04 05:19:00+00:00,33,57,5884693,64.69,64.7,64.69,64.69,17,BRN FMF0026!
2025-11-04 05:20:00+00:00,33,57,5884693,64.69,64.69,64.68,64.68,6,BRN FMF0026!
2025-11-04 05:21:00+00:00,33,57,5884693,64.68,64.68,64.67,64.68,17,BRN FMF0026!
2025-11-04 05:22:00+00:00,33,57,5884693,64.66,64.68,64.66,64.68,43,BRN FMF0026!
2025-11-04 05:23:00+00:00,33,57,5884693,64.67,64.67,64.66,64.66,29,BRN FMF0026!
2025-11-04 05:24:00+00:00,33,57,5884693,64.66,64.66,64.66,64.66,5,BRN FMF0026!
2025-11-04 05:25:00+00:00,33,57,5884693,64.67,64.68,64.67,64.68,23,BRN FMF0026!
2025-11-04 05:26:00+00:00,33,57,5884693,64.68,64.7,64.68,64.69,27,BRN FMF0026!
2025-11-04 05:27:00+00:00,33,57,5884693,64.69,64.69,64.69,64.69,2,BRN FMF0026!
2025-11-04 05:28:00+00:00,33,57,5884693,64.7,64.7,64.7,64.7,27,BRN FMF0026!
2025-11-04 05:29:00+00:00,33,57,5884693,64.7,64.7,64.69,64.69,13,BRN FMF0026!
2025-11-04 05:30:00+00:00,33,57,5884693,64.69,64.69,64.68,64.68,38,BRN FMF0026!
2025-11-04 05:31:00+00:00,33,57,5884693,64.67,64.69,64.67,64.67,36,BRN FMF0026!
2025-11-04 05:32:00+00:00,33,57,5884693,64.68,64.68,64.65,64.68,159,BRN FMF0026!
2025-11-04 05:33:00+00:00,33,57,5884693,64.68,64.7,64.68,64.69,29,BRN FMF0026!
2025-11-04 05:34:00+00:00,33,57,5884693,64.69,64.71,64.69,64.7,186,BRN FMF0026!
2025-11-04 05:35:00+00:00,33,57,5884693,64.7,64.7,64.7,64.7,24,BRN FMF0026!
2025-11-04 05:36:00+00:00,33,57,5884693,64.71,64.72,64.71,64.72,26,BRN FMF0026!
2025-11-04 05:37:00+00:00,33,57,5884693,64.72,64.72,64.71,64.71,5,BRN FMF0026!
2025-11-04 05:38:00+00:00,33,57,5884693,64.71,64.71,64.71,64.71,25,BRN FMF0026!
2025-11-04 05:39:00+00:00,33,57,5884693,64.7,64.71,64.7,64.71,65,BRN FMF0026!
2025-11-04 05:40:00+00:00,33,57,5884693,64.71,64.71,64.7,64.7,35,BRN FMF0026!
2025-11-04 05:41:00+00:00,33,57,5884693,64.7,64.7,64.68,64.7,64,BRN FMF0026!
2025-11-04 05:42:00+00:00,33,57,5884693,64.69,64.69,64.67,64.68,90,BRN FMF0026!
2025-11-04 05:43:00+00:00,33,57,5884693,64.69,64.7,64.69,64.69,26,BRN FMF0026!
2025-11-04 05:44:00+00:00,33,57,5884693,64.68,64.69,64.68,64.68,10,BRN FMF0026!
2025-11-04 05:45:00+00:00,33,57,5884693,64.69,64.71,64.69,64.71,12,BRN FMF0026!
2025-11-04 05:46:00+00:00,33,57,5884693,64.71,64.71,64.71,64.71,1,BRN FMF0026!
2025-11-04 05:47:00+00:00,33,57,5884693,64.71,64.71,64.7,64.71,23,BRN FMF0026!
2025-11-04 05:48:00+00:00,33,57,5884693,64.7,64.7,64.69,64.7,52,BRN FMF0026!
2025-11-04 05:49:00+00:00,33,57,5884693,64.7,64.71,64.7,64.7,132,BRN FMF0026!
2025-11-04 05:50:00+00:00,33,57,5884693,64.7,64.72,64.7,64.71,28,BRN FMF0026!
2025-11-04 05:51:00+00:00,33,57,5884693,64.7,64.7,64.67,64.68,105,BRN FMF0026!
2025-11-04 05:52:00+00:00,33,57,5884693,64.67,64.69,64.65,64.68,97,BRN FMF0026!
2025-11-04 05:53:00+00:00,33,57,5884693,64.67,64.7,64.67,64.7,165,BRN FMF0026!
2025-11-04 05:54:00+00:00,33,57,5884693,64.69,64.7,64.68,64.69,31,BRN FMF0026!
2025-11-04 05:55:00+00:00,33,57,5884693,64.68,64.71,64.68,64.71,145,BRN FMF0026!
2025-11-04 05:56:00+00:00,33,57,5884693,64.71,64.71,64.68,64.69,188,BRN FMF0026!
2025-11-04 05:57:00+00:00,33,57,5884693,64.68,64.7,64.67,64.7,219,BRN FMF0026!
2025-11-04 05:58:00+00:00,33,57,5884693,64.7,64.7,64.68,64.69,23,BRN FMF0026!
2025-11-04 05:59:00+00:00,33,57,5884693,64.68,64.7,64.67,64.69,62,BRN FMF0026!
2025-11-04 06:00:00+00:00,33,57,5884693,64.7,64.7,64.68,64.7,62,BRN FMF0026!
2025-11-04 06:01:00+00:00,33,57,5884693,64.7,64.7,64.66,64.68,597,BRN FMF0026!
2025-11-04 06:02:00+00:00,33,57,5884693,64.69,64.72,64.69,64.7,261,BRN FMF0026!
2025-11-04 06:03:00+00:00,33,57,5884693,64.72,64.72,64.7,64.7,19,BRN FMF0026!
2025-11-04 06:05:00+00:00,33,57,5884693,64.7,64.7,64.69,64.7,15,BRN FMF0026!
2025-11-04 06:06:00+00:00,33,57,5884693,64.69,64.71,64.69,64.71,9,BRN FMF0026!
2025-11-04 06:07:00+00:00,33,57,5884693,64.71,64.71,64.7,64.7,7,BRN FMF0026!
2025-11-04 06:08:00+00:00,33,57,5884693,64.69,64.7,64.68,64.68,36,BRN FMF0026!
2025-11-04 06:09:00+00:00,33,57,5884693,64.69,64.7,64.69,64.7,20,BRN FMF0026!
2025-11-04 06:10:00+00:00,33,57,5884693,64.69,64.7,64.69,64.69,75,BRN FMF0026!
2025-11-04 06:11:00+00:00,33,57,5884693,64.69,64.7,64.69,64.7,77,BRN FMF0026!
2025-11-04 06:12:00+00:00,33,57,5884693,64.69,64.69,64.66,64.67,311,BRN FMF0026!
2025-11-04 06:13:00+00:00,33,57,5884693,64.68,64.68,64.66,64.66,131,BRN FMF0026!
2025-11-04 06:14:00+00:00,33,57,5884693,64.65,64.65,64.63,64.65,172,BRN FMF0026!
2025-11-04 06:15:00+00:00,33,57,5884693,64.65,64.66,64.65,64.66,18,BRN FMF0026!
2025-11-04 06:16:00+00:00,33,57,5884693,64.66,64.67,64.66,64.67,13,BRN FMF0026!
2025-11-04 06:17:00+00:00,33,57,5884693,64.67,64.68,64.67,64.68,4,BRN FMF0026!
2025-11-04 06:18:00+00:00,33,57,5884693,64.68,64.71,64.68,64.69,68,BRN FMF0026!
2025-11-04 06:19:00+00:00,33,57,5884693,64.69,64.69,64.68,64.68,3,BRN FMF0026!
2025-11-04 06:20:00+00:00,33,57,5884693,64.67,64.67,64.65,64.65,12,BRN FMF0026!
2025-11-04 06:21:00+00:00,33,57,5884693,64.65,64.65,64.65,64.65,5,BRN FMF0026!
2025-11-04 06:22:00+00:00,33,57,5884693,64.64,64.66,64.64,64.66,46,BRN FMF0026!
2025-11-04 06:23:00+00:00,33,57,5884693,64.67,64.71,64.67,64.71,42,BRN FMF0026!
2025-11-04 06:24:00+00:00,33,57,5884693,64.71,64.71,64.67,64.68,33,BRN FMF0026!
2025-11-04 06:25:00+00:00,33,57,5884693,64.68,64.68,64.67,64.67,4,BRN FMF0026!
2025-11-04 06:26:00+00:00,33,57,5884693,64.67,64.67,64.65,64.66,28,BRN FMF0026!
2025-11-04 06:27:00+00:00,33,57,5884693,64.65,64.66,64.65,64.66,11,BRN FMF0026!
2025-11-04 06:28:00+00:00,33,57,5884693,64.66,64.68,64.66,64.68,16,BRN FMF0026!
2025-11-04 06:29:00+00:00,33,57,5884693,64.67,64.67,64.67,64.67,8,BRN FMF0026!
2025-11-04 06:30:00+00:00,33,57,5884693,64.64,64.65,64.64,64.65,20,BRN FMF0026!
2025-11-04 06:31:00+00:00,33,57,5884693,64.65,64.65,64.65,64.65,1,BRN FMF0026!
2025-11-04 06:32:00+00:00,33,57,5884693,64.64,64.69,64.64,64.68,33,BRN FMF0026!
2025-11-04 06:33:00+00:00,33,57,5884693,64.69,64.69,64.67,64.67,58,BRN FMF0026!
2025-11-04 06:34:00+00:00,33,57,5884693,64.68,64.68,64.67,64.67,9,BRN FMF0026!
2025-11-04 06:35:00+00:00,33,57,5884693,64.67,64.67,64.66,64.67,38,BRN FMF0026!
2025-11-04 06:36:00+00:00,33,57,5884693,64.67,64.67,64.67,64.67,6,BRN FMF0026!
2025-11-04 06:37:00+00:00,33,57,5884693,64.67,64.67,64.67,64.67,14,BRN FMF0026!
2025-11-04 06:38:00+00:00,33,57,5884693,64.67,64.67,64.64,64.65,75,BRN FMF0026!
2025-11-04 06:39:00+00:00,33,57,5884693,64.64,64.65,64.64,64.65,16,BRN FMF0026!
2025-11-04 06:40:00+00:00,33,57,5884693,64.66,64.66,64.66,64.66,2,BRN FMF0026!
2025-11-04 06:41:00+00:00,33,57,5884693,64.68,64.7,64.68,64.69,13,BRN FMF0026!
2025-11-04 06:43:00+00:00,33,57,5884693,64.7,64.7,64.66,64.67,153,BRN FMF0026!
2025-11-04 06:44:00+00:00,33,57,5884693,64.66,64.66,64.64,64.66,32,BRN FMF0026!
2025-11-04 06:45:00+00:00,33,57,5884693,64.66,64.68,64.66,64.66,32,BRN FMF0026!
2025-11-04 06:46:00+00:00,33,57,5884693,64.66,64.66,64.66,64.66,2,BRN FMF0026!
2025-11-04 06:47:00+00:00,33,57,5884693,64.67,64.67,64.67,64.67,9,BRN FMF0026!
2025-11-04 06:48:00+00:00,33,57,5884693,64.66,64.66,64.65,64.65,5,BRN FMF0026!
2025-11-04 06:49:00+00:00,33,57,5884693,64.65,64.65,64.64,64.65,18,BRN FMF0026!
2025-11-04 06:50:00+00:00,33,57,5884693,64.66,64.66,64.65,64.65,13,BRN FMF0026!
2025-11-04 06:51:00+00:00,33,57,5884693,64.65,64.65,64.64,64.64,21,BRN FMF0026!
2025-11-04 06:52:00+00:00,33,57,5884693,64.65,64.65,64.65,64.65,3,BRN FMF0026!
2025-11-04 06:53:00+00:00,33,57,5884693,64.65,64.65,64.65,64.65,8,BRN FMF0026!
2025-11-04 06:54:00+00:00,33,57,5884693,64.63,64.63,64.6,64.6,318,BRN FMF0026!
2025-11-04 06:55:00+00:00,33,57,5884693,64.6,64.62,64.6,64.62,103,BRN FMF0026!
2025-11-04 06:56:00+00:00,33,57,5884693,64.62,64.62,64.61,64.62,22,BRN FMF0026!
2025-11-04 06:57:00+00:00,33,57,5884693,64.62,64.62,64.62,64.62,3,BRN FMF0026!
2025-11-04 06:58:00+00:00,33,57,5884693,64.61,64.65,64.61,64.65,203,BRN FMF0026!
2025-11-04 06:59:00+00:00,33,57,5884693,64.64,64.64,64.6,64.62,182,BRN FMF0026!
2025-11-04 07:00:00+00:00,33,57,5884693,64.62,64.62,64.55,64.55,275,BRN FMF0026!
2025-11-04 07:01:00+00:00,33,57,5884693,64.55,64.55,64.51,64.54,212,BRN FMF0026!
2025-11-04 07:02:00+00:00,33,57,5884693,64.54,64.54,64.51,64.53,122,BRN FMF0026!
2025-11-04 07:03:00+00:00,33,57,5884693,64.54,64.59,64.53,64.59,74,BRN FMF0026!
2025-11-04 07:04:00+00:00,33,57,5884693,64.59,64.6,64.58,64.6,37,BRN FMF0026!
2025-11-04 07:05:00+00:00,33,57,5884693,64.59,64.59,64.54,64.55,131,BRN FMF0026!
2025-11-04 07:06:00+00:00,33,57,5884693,64.56,64.56,64.55,64.55,37,BRN FMF0026!
2025-11-04 07:07:00+00:00,33,57,5884693,64.56,64.61,64.56,64.57,227,BRN FMF0026!
2025-11-04 07:08:00+00:00,33,57,5884693,64.58,64.68,64.58,64.68,1132,BRN FMF0026!
2025-11-04 07:09:00+00:00,33,57,5884693,64.68,64.68,64.63,64.66,718,BRN FMF0026!
2025-11-04 07:10:00+00:00,33,57,5884693,64.65,64.65,64.59,64.59,12,BRN FMF0026!
2025-11-04 07:11:00+00:00,33,57,5884693,64.6,64.6,64.58,64.58,102,BRN FMF0026!
2025-11-04 07:12:00+00:00,33,57,5884693,64.57,64.6,64.57,64.6,76,BRN FMF0026!
2025-11-04 07:13:00+00:00,33,57,5884693,64.59,64.6,64.59,64.6,21,BRN FMF0026!
2025-11-04 07:14:00+00:00,33,57,5884693,64.6,64.6,64.59,64.6,46,BRN FMF0026!
2025-11-04 07:15:00+00:00,33,57,5884693,64.59,64.59,64.57,64.57,9,BRN FMF0026!
2025-11-04 07:16:00+00:00,33,57,5884693,64.57,64.6,64.57,64.59,64,BRN FMF0026!
2025-11-04 07:17:00+00:00,33,57,5884693,64.59,64.61,64.59,64.61,10,BRN FMF0026!
2025-11-04 07:18:00+00:00,33,57,5884693,64.59,64.59,64.57,64.58,16,BRN FMF0026!
2025-11-04 07:19:00+00:00,33,57,5884693,64.57,64.58,64.57,64.58,16,BRN FMF0026!
2025-11-04 07:20:00+00:00,33,57,5884693,64.58,64.59,64.56,64.57,54,BRN FMF0026!
2025-11-04 07:21:00+00:00,33,57,5884693,64.58,64.59,64.5,64.52,421,BRN FMF0026!
2025-11-04 07:22:00+00:00,33,57,5884693,64.52,64.52,64.5,64.51,39,BRN FMF0026!
2025-11-04 07:23:00+00:00,33,57,5884693,64.5,64.51,64.5,64.51,34,BRN FMF0026!
2025-11-04 07:24:00+00:00,33,57,5884693,64.51,64.52,64.51,64.51,19,BRN FMF0026!
2025-11-04 07:25:00+00:00,33,57,5884693,64.52,64.53,64.52,64.52,44,BRN FMF0026!
2025-11-04 07:26:00+00:00,33,57,5884693,64.52,64.54,64.51,64.54,85,BRN FMF0026!
2025-11-04 07:27:00+00:00,33,57,5884693,64.53,64.56,64.53,64.56,82,BRN FMF0026!
2025-11-04 07:28:00+00:00,33,57,5884693,64.57,64.57,64.56,64.57,24,BRN FMF0026!
2025-11-04 07:29:00+00:00,33,57,5884693,64.58,64.58,64.55,64.55,126,BRN FMF0026!
2025-11-04 07:30:00+00:00,33,57,5884693,64.54,64.56,64.54,64.55,82,BRN FMF0026!
2025-11-04 07:31:00+00:00,33,57,5884693,64.55,64.58,64.54,64.58,87,BRN FMF0026!
2025-11-04 07:32:00+00:00,33,57,5884693,64.57,64.58,64.56,64.56,15,BRN FMF0026!
2025-11-04 07:33:00+00:00,33,57,5884693,64.56,64.58,64.56,64.57,24,BRN FMF0026!
2025-11-04 07:34:00+00:00,33,57,5884693,64.56,64.57,64.54,64.57,27,BRN FMF0026!
2025-11-04 07:35:00+00:00,33,57,5884693,64.57,64.59,64.56,64.56,95,BRN FMF0026!
2025-11-04 07:36:00+00:00,33,57,5884693,64.56,64.56,64.5,64.5,153,BRN FMF0026!
2025-11-04 07:37:00+00:00,33,57,5884693,64.49,64.52,64.48,64.52,109,BRN FMF0026!
2025-11-04 07:38:00+00:00,33,57,5884693,64.5,64.51,64.48,64.48,69,BRN FMF0026!
2025-11-04 07:39:00+00:00,33,57,5884693,64.48,64.5,64.48,64.48,56,BRN FMF0026!
2025-11-04 07:40:00+00:00,33,57,5884693,64.47,64.48,64.47,64.48,33,BRN FMF0026!
2025-11-04 07:41:00+00:00,33,57,5884693,64.47,64.5,64.46,64.5,97,BRN FMF0026!
2025-11-04 07:42:00+00:00,33,57,5884693,64.49,64.51,64.49,64.49,149,BRN FMF0026!
2025-11-04 07:43:00+00:00,33,57,5884693,64.5,64.5,64.47,64.49,90,BRN FMF0026!
2025-11-04 07:44:00+00:00,33,57,5884693,64.49,64.5,64.47,64.5,485,BRN FMF0026!
2025-11-04 07:45:00+00:00,33,57,5884693,64.5,64.52,64.49,64.51,125,BRN FMF0026!
2025-11-04 07:46:00+00:00,33,57,5884693,64.52,64.54,64.51,64.52,84,BRN FMF0026!
2025-11-04 07:47:00+00:00,33,57,5884693,64.52,64.54,64.51,64.53,89,BRN FMF0026!
2025-11-04 07:48:00+00:00,33,57,5884693,64.53,64.53,64.52,64.52,17,BRN FMF0026!
2025-11-04 07:49:00+00:00,33,57,5884693,64.52,64.53,64.51,64.51,50,BRN FMF0026!
2025-11-04 07:50:00+00:00,33,57,5884693,64.52,64.52,64.49,64.49,129,BRN FMF0026!
2025-11-04 07:51:00+00:00,33,57,5884693,64.49,64.5,64.48,64.5,134,BRN FMF0026!
2025-11-04 07:52:00+00:00,33,57,5884693,64.5,64.5,64.49,64.5,14,BRN FMF0026!
2025-11-04 07:53:00+00:00,33,57,5884693,64.51,64.51,64.49,64.5,41,BRN FMF0026!
2025-11-04 07:54:00+00:00,33,57,5884693,64.49,64.49,64.45,64.48,159,BRN FMF0026!
2025-11-04 07:55:00+00:00,33,57,5884693,64.48,64.48,64.46,64.46,92,BRN FMF0026!
2025-11-04 07:56:00+00:00,33,57,5884693,64.46,64.46,64.44,64.44,74,BRN FMF0026!
2025-11-04 07:57:00+00:00,33,57,5884693,64.43,64.45,64.42,64.42,70,BRN FMF0026!
2025-11-04 07:58:00+00:00,33,57,5884693,64.43,64.44,64.38,64.39,485,BRN FMF0026!
2025-11-04 07:59:00+00:00,33,57,5884693,64.4,64.43,64.4,64.42,424,BRN FMF0026!
2025-11-04 08:00:00+00:00,33,57,5884693,64.43,64.44,64.41,64.42,409,BRN FMF0026!
2025-11-04 08:01:00+00:00,33,57,5884693,64.42,64.43,64.28,64.31,1770,BRN FMF0026!
2025-11-04 08:02:00+00:00,33,57,5884693,64.31,64.32,64.28,64.3,374,BRN FMF0026!
2025-11-04 08:03:00+00:00,33,57,5884693,64.3,64.3,64.25,64.27,221,BRN FMF0026!
2025-11-04 08:04:00+00:00,33,57,5884693,64.26,64.27,64.23,64.26,765,BRN FMF0026!
2025-11-04 08:05:00+00:00,33,57,5884693,64.26,64.29,64.26,64.29,249,BRN FMF0026!
2025-11-04 08:06:00+00:00,33,57,5884693,64.28,64.33,64.28,64.3,326,BRN FMF0026!
2025-11-04 08:07:00+00:00,33,57,5884693,64.3,64.32,64.29,64.31,174,BRN FMF0026!
2025-11-04 08:08:00+00:00,33,57,5884693,64.3,64.31,64.28,64.28,74,BRN FMF0026!
2025-11-04 08:09:00+00:00,33,57,5884693,64.28,64.29,64.26,64.29,114,BRN FMF0026!
2025-11-04 08:10:00+00:00,33,57,5884693,64.29,64.33,64.27,64.3,1100,BRN FMF0026!
2025-11-04 08:11:00+00:00,33,57,5884693,64.3,64.31,64.28,64.29,133,BRN FMF0026!
2025-11-04 08:12:00+00:00,33,57,5884693,64.28,64.33,64.28,64.3,278,BRN FMF0026!
2025-11-04 08:13:00+00:00,33,57,5884693,64.3,64.32,64.27,64.27,308,BRN FMF0026!
2025-11-04 08:14:00+00:00,33,57,5884693,64.28,64.28,64.22,64.23,429,BRN FMF0026!
2025-11-04 08:15:00+00:00,33,57,5884693,64.22,64.25,64.2,64.21,272,BRN FMF0026!
2025-11-04 08:16:00+00:00,33,57,5884693,64.22,64.23,64.2,64.2,241,BRN FMF0026!
2025-11-04 08:17:00+00:00,33,57,5884693,64.2,64.21,64.16,64.2,686,BRN FMF0026!
2025-11-04 08:18:00+00:00,33,57,5884693,64.2,64.24,64.2,64.23,252,BRN FMF0026!
2025-11-04 08:19:00+00:00,33,57,5884693,64.22,64.25,64.18,64.23,358,BRN FMF0026!
2025-11-04 08:20:00+00:00,33,57,5884693,64.23,64.28,64.22,64.28,345,BRN FMF0026!
2025-11-04 08:21:00+00:00,33,57,5884693,64.27,64.29,64.19,64.23,399,BRN FMF0026!
2025-11-04 08:22:00+00:00,33,57,5884693,64.23,64.25,64.21,64.25,810,BRN FMF0026!
2025-11-04 08:23:00+00:00,33,57,5884693,64.25,64.26,64.22,64.25,168,BRN FMF0026!
2025-11-04 08:24:00+00:00,33,57,5884693,64.25,64.28,64.24,64.27,419,BRN FMF0026!
2025-11-04 08:25:00+00:00,33,57,5884693,64.27,64.3,64.26,64.3,376,BRN FMF0026!
2025-11-04 08:26:00+00:00,33,57,5884693,64.29,64.31,64.27,64.29,480,BRN FMF0026!
2025-11-04 08:27:00+00:00,33,57,5884693,64.29,64.3,64.24,64.26,562,BRN FMF0026!
2025-11-04 08:28:00+00:00,33,57,5884693,64.27,64.3,64.24,64.29,1132,BRN FMF0026!
2025-11-04 08:29:00+00:00,33,57,5884693,64.29,64.36,64.28,64.32,5589,BRN FMF0026!
2025-11-04 08:30:00+00:00,33,57,5884693,64.31,64.38,64.3,64.33,1879,BRN FMF0026!
2025-11-04 08:31:00+00:00,33,57,5884693,64.34,64.35,64.23,64.24,1242,BRN FMF0026!
2025-11-04 08:32:00+00:00,33,57,5884693,64.25,64.26,64.21,64.24,604,BRN FMF0026!
2025-11-04 08:33:00+00:00,33,57,5884693,64.23,64.25,64.19,64.2,164,BRN FMF0026!
2025-11-04 08:34:00+00:00,33,57,5884693,64.2,64.23,64.19,64.21,226,BRN FMF0026!
2025-11-04 08:35:00+00:00,33,57,5884693,64.21,64.21,64.17,64.2,271,BRN FMF0026!
2025-11-04 08:36:00+00:00,33,57,5884693,64.2,64.2,64.12,64.16,1615,BRN FMF0026!
2025-11-04 08:37:00+00:00,33,57,5884693,64.17,64.22,64.17,64.18,959,BRN FMF0026!
2025-11-04 08:38:00+00:00,33,57,5884693,64.18,64.19,64.16,64.17,175,BRN FMF0026!
2025-11-04 08:39:00+00:00,33,57,5884693,64.17,64.17,64.15,64.17,384,BRN FMF0026!
2025-11-04 08:40:00+00:00,33,57,5884693,64.18,64.18,64.14,64.14,131,BRN FMF0026!
2025-11-04 08:41:00+00:00,33,57,5884693,64.14,64.15,64.07,64.08,1260,BRN FMF0026!
2025-11-04 08:42:00+00:00,33,57,5884693,64.08,64.08,64.03,64.05,675,BRN FMF0026!
2025-11-04 08:43:00+00:00,33,57,5884693,64.04,64.09,64.04,64.09,551,BRN FMF0026!
2025-11-04 08:44:00+00:00,33,57,5884693,64.07,64.1,64.06,64.06,279,BRN FMF0026!
2025-11-04 08:45:00+00:00,33,57,5884693,64.06,64.06,64.04,64.05,329,BRN FMF0026!
2025-11-04 08:46:00+00:00,33,57,5884693,64.04,64.04,63.99,64.03,635,BRN FMF0026!
2025-11-04 08:47:00+00:00,33,57,5884693,64.03,64.03,63.97,63.99,1928,BRN FMF0026!
2025-11-04 08:48:00+00:00,33,57,5884693,63.99,63.99,63.9,63.91,924,BRN FMF0026!
2025-11-04 08:49:00+00:00,33,57,5884693,63.9,63.95,63.89,63.93,327,BRN FMF0026!
2025-11-04 08:50:00+00:00,33,57,5884693,63.93,63.95,63.92,63.95,950,BRN FMF0026!
2025-11-04 08:51:00+00:00,33,57,5884693,63.95,63.99,63.95,63.99,469,BRN FMF0026!
2025-11-04 08:52:00+00:00,33,57,5884693,63.99,64.04,63.99,64.02,246,BRN FMF0026!
2025-11-04 08:53:00+00:00,33,57,5884693,64.01,64.04,64.01,64.02,228,BRN FMF0026!
2025-11-04 08:54:00+00:00,33,57,5884693,64.01,64.04,64.0,64.0,427,BRN FMF0026!
2025-11-04 08:55:00+00:00,33,57,5884693,64.0,64.01,63.98,63.99,436,BRN FMF0026!
2025-11-04 08:56:00+00:00,33,57,5884693,63.99,64.04,63.99,64.03,701,BRN FMF0026!
2025-11-04 08:57:00+00:00,33,57,5884693,64.04,64.1,64.03,64.09,734,BRN FMF0026!
2025-11-04 08:58:00+00:00,33,57,5884693,64.09,64.12,64.08,64.1,386,BRN FMF0026!
2025-11-04 08:59:00+00:00,33,57,5884693,64.09,64.1,64.05,64.05,482,BRN FMF0026!
2025-11-04 09:00:00+00:00,33,57,5884693,64.05,64.11,64.05,64.11,435,BRN FMF0026!
2025-11-04 09:01:00+00:00,33,57,5884693,64.11,64.16,64.11,64.16,198,BRN FMF0026!
2025-11-04 09:02:00+00:00,33,57,5884693,64.15,64.18,64.14,64.14,248,BRN FMF0026!
2025-11-04 09:03:00+00:00,33,57,5884693,64.12,64.12,64.05,64.07,301,BRN FMF0026!
2025-11-04 09:04:00+00:00,33,57,5884693,64.07,64.07,64.06,64.07,73,BRN FMF0026!
2025-11-04 09:05:00+00:00,33,57,5884693,64.06,64.08,64.06,64.07,101,BRN FMF0026!
2025-11-04 09:06:00+00:00,33,57,5884693,64.06,64.1,64.06,64.09,351,BRN FMF0026!
2025-11-04 09:07:00+00:00,33,57,5884693,64.09,64.1,64.09,64.09,20,BRN FMF0026!
2025-11-04 09:08:00+00:00,33,57,5884693,64.09,64.1,64.07,64.09,106,BRN FMF0026!
2025-11-04 09:09:00+00:00,33,57,5884693,64.09,64.11,64.08,64.11,115,BRN FMF0026!
2025-11-04 09:10:00+00:00,33,57,5884693,64.11,64.12,64.08,64.12,110,BRN FMF0026!
2025-11-04 09:11:00+00:00,33,57,5884693,64.12,64.12,64.1,64.11,111,BRN FMF0026!
2025-11-04 09:12:00+00:00,33,57,5884693,64.12,64.14,64.12,64.13,86,BRN FMF0026!
2025-11-04 09:13:00+00:00,33,57,5884693,64.14,64.14,64.11,64.12,252,BRN FMF0026!
2025-11-04 09:14:00+00:00,33,57,5884693,64.11,64.12,64.09,64.1,104,BRN FMF0026!
2025-11-04 09:15:00+00:00,33,57,5884693,64.09,64.1,64.09,64.09,101,BRN FMF0026!
2025-11-04 09:16:00+00:00,33,57,5884693,64.09,64.14,64.09,64.12,315,BRN FMF0026!
2025-11-04 09:17:00+00:00,33,57,5884693,64.11,64.17,64.11,64.16,145,BRN FMF0026!
2025-11-04 09:18:00+00:00,33,57,5884693,64.15,64.17,64.14,64.17,407,BRN FMF0026!
2025-11-04 09:19:00+00:00,33,57,5884693,64.17,64.17,64.15,64.17,156,BRN FMF0026!
2025-11-04 09:20:00+00:00,33,57,5884693,64.15,64.18,64.14,64.15,150,BRN FMF0026!
2025-11-04 09:21:00+00:00,33,57,5884693,64.15,64.16,64.13,64.16,111,BRN FMF0026!
2025-11-04 09:22:00+00:00,33,57,5884693,64.16,64.18,64.16,64.17,123,BRN FMF0026!
2025-11-04 09:23:00+00:00,33,57,5884693,64.17,64.18,64.11,64.11,123,BRN FMF0026!
2025-11-04 09:24:00+00:00,33,57,5884693,64.12,64.14,64.1,64.1,225,BRN FMF0026!
2025-11-04 09:25:00+00:00,33,57,5884693,64.1,64.13,64.1,64.12,266,BRN FMF0026!
2025-11-04 09:26:00+00:00,33,57,5884693,64.12,64.14,64.12,64.12,59,BRN FMF0026!
2025-11-04 09:27:00+00:00,33,57,5884693,64.12,64.14,64.08,64.08,264,BRN FMF0026!
2025-11-04 09:28:00+00:00,33,57,5884693,64.08,64.09,64.06,64.09,244,BRN FMF0026!
2025-11-04 09:29:00+00:00,33,57,5884693,64.08,64.09,64.06,64.07,558,BRN FMF0026!
2025-11-04 09:30:00+00:00,33,57,5884693,64.07,64.11,64.06,64.1,442,BRN FMF0026!
2025-11-04 09:31:00+00:00,33,57,5884693,64.1,64.1,64.08,64.09,143,BRN FMF0026!
2025-11-04 09:32:00+00:00,33,57,5884693,64.09,64.1,64.07,64.07,121,BRN FMF0026!
2025-11-04 09:33:00+00:00,33,57,5884693,64.07,64.08,64.06,64.06,250,BRN FMF0026!
2025-11-04 09:34:00+00:00,33,57,5884693,64.07,64.07,64.02,64.02,454,BRN FMF0026!
2025-11-04 09:35:00+00:00,33,57,5884693,64.02,64.04,64.0,64.01,492,BRN FMF0026!
2025-11-04 09:36:00+00:00,33,57,5884693,64.02,64.03,63.98,64.01,838,BRN FMF0026!
2025-11-04 09:37:00+00:00,33,57,5884693,64.01,64.01,63.97,64.0,174,BRN FMF0026!
2025-11-04 09:38:00+00:00,33,57,5884693,63.99,64.01,63.99,64.0,84,BRN FMF0026!
2025-11-04 09:39:00+00:00,33,57,5884693,64.01,64.04,64.01,64.01,203,BRN FMF0026!
2025-11-04 09:40:00+00:00,33,57,5884693,64.03,64.03,64.01,64.01,387,BRN FMF0026!
2025-11-04 09:41:00+00:00,33,57,5884693,64.02,64.03,63.99,64.02,250,BRN FMF0026!
2025-11-04 09:42:00+00:00,33,57,5884693,64.02,64.02,63.97,63.98,319,BRN FMF0026!
2025-11-04 09:43:00+00:00,33,57,5884693,63.98,64.02,63.98,64.01,143,BRN FMF0026!
2025-11-04 09:44:00+00:00,33,57,5884693,64.02,64.03,63.99,64.01,102,BRN FMF0026!
2025-11-04 09:45:00+00:00,33,57,5884693,64.02,64.04,64.01,64.01,367,BRN FMF0026!
2025-11-04 09:46:00+00:00,33,57,5884693,64.0,64.08,63.99,64.06,379,BRN FMF0026!
2025-11-04 09:47:00+00:00,33,57,5884693,64.07,64.12,64.06,64.1,531,BRN FMF0026!
2025-11-04 09:48:00+00:00,33,57,5884693,64.11,64.15,64.09,64.13,255,BRN FMF0026!
2025-11-04 09:49:00+00:00,33,57,5884693,64.13,64.16,64.13,64.14,103,BRN FMF0026!
2025-11-04 09:50:00+00:00,33,57,5884693,64.14,64.18,64.14,64.16,161,BRN FMF0026!
2025-11-04 09:51:00+00:00,33,57,5884693,64.16,64.16,64.08,64.09,106,BRN FMF0026!
2025-11-04 09:52:00+00:00,33,57,5884693,64.08,64.09,64.06,64.07,55,BRN FMF0026!
2025-11-04 09:53:00+00:00,33,57,5884693,64.07,64.08,64.06,64.08,75,BRN FMF0026!
2025-11-04 09:54:00+00:00,33,57,5884693,64.08,64.12,64.08,64.09,239,BRN FMF0026!
2025-11-04 09:55:00+00:00,33,57,5884693,64.1,64.12,64.07,64.08,134,BRN FMF0026!
2025-11-04 09:56:00+00:00,33,57,5884693,64.07,64.07,64.01,64.02,139,BRN FMF0026!
2025-11-04 09:57:00+00:00,33,57,5884693,64.02,64.03,64.01,64.03,144,BRN FMF0026!
2025-11-04 09:58:00+00:00,33,57,5884693,64.01,64.01,63.96,64.0,534,BRN FMF0026!
2025-11-04 09:59:00+00:00,33,57,5884693,64.01,64.02,63.99,64.0,118,BRN FMF0026!
2025-11-04 10:00:00+00:00,33,57,5884693,64.0,64.0,63.91,63.93,594,BRN FMF0026!
2025-11-04 10:01:00+00:00,33,57,5884693,63.93,63.96,63.91,63.92,1290,BRN FMF0026!
2025-11-04 10:02:00+00:00,33,57,5884693,63.92,63.93,63.89,63.89,599,BRN FMF0026!
2025-11-04 10:03:00+00:00,33,57,5884693,63.89,63.91,63.87,63.88,527,BRN FMF0026!
2025-11-04 10:04:00+00:00,33,57,5884693,63.88,63.88,63.82,63.88,956,BRN FMF0026!
2025-11-04 10:05:00+00:00,33,57,5884693,63.89,63.91,63.88,63.89,416,BRN FMF0026!
2025-11-04 10:06:00+00:00,33,57,5884693,63.9,63.95,63.89,63.94,330,BRN FMF0026!
2025-11-04 10:07:00+00:00,33,57,5884693,63.94,63.95,63.89,63.91,236,BRN FMF0026!
2025-11-04 10:08:00+00:00,33,57,5884693,63.91,63.92,63.87,63.87,193,BRN FMF0026!
2025-11-04 10:09:00+00:00,33,57,5884693,63.87,63.88,63.83,63.85,285,BRN FMF0026!
2025-11-04 10:10:00+00:00,33,57,5884693,63.86,63.88,63.85,63.88,182,BRN FMF0026!
2025-11-04 10:11:00+00:00,33,57,5884693,63.88,63.88,63.85,63.86,191,BRN FMF0026!
2025-11-04 10:12:00+00:00,33,57,5884693,63.86,63.87,63.83,63.87,202,BRN FMF0026!
2025-11-04 10:13:00+00:00,33,57,5884693,63.87,63.9,63.86,63.88,206,BRN FMF0026!
2025-11-04 10:14:00+00:00,33,57,5884693,63.88,63.89,63.83,63.84,146,BRN FMF0026!
2025-11-04 10:15:00+00:00,33,57,5884693,63.85,63.87,63.85,63.86,96,BRN FMF0026!
2025-11-04 10:16:00+00:00,33,57,5884693,63.87,63.87,63.84,63.87,81,BRN FMF0026!
2025-11-04 10:17:00+00:00,33,57,5884693,63.87,63.88,63.85,63.88,525,BRN FMF0026!
2025-11-04 10:18:00+00:00,33,57,5884693,63.88,63.96,63.87,63.95,1229,BRN FMF0026!
2025-11-04 10:19:00+00:00,33,57,5884693,63.95,63.95,63.9,63.92,399,BRN FMF0026!
2025-11-04 10:20:00+00:00,33,57,5884693,63.91,63.94,63.9,63.93,88,BRN FMF0026!
2025-11-04 10:21:00+00:00,33,57,5884693,63.93,63.94,63.91,63.92,129,BRN FMF0026!
2025-11-04 10:22:00+00:00,33,57,5884693,63.92,63.94,63.91,63.93,218,BRN FMF0026!
2025-11-04 10:23:00+00:00,33,57,5884693,63.93,63.94,63.93,63.94,148,BRN FMF0026!
2025-11-04 10:24:00+00:00,33,57,5884693,63.94,63.95,63.93,63.95,68,BRN FMF0026!
2025-11-04 10:25:00+00:00,33,57,5884693,63.95,63.95,63.92,63.93,99,BRN FMF0026!
2025-11-04 10:26:00+00:00,33,57,5884693,63.95,63.97,63.95,63.95,81,BRN FMF0026!
2025-11-04 10:27:00+00:00,33,57,5884693,63.96,63.96,63.95,63.95,28,BRN FMF0026!
2025-11-04 10:28:00+00:00,33,57,5884693,63.96,63.98,63.95,63.98,108,BRN FMF0026!
2025-11-04 10:29:00+00:00,33,57,5884693,63.98,63.99,63.96,63.96,49,BRN FMF0026!
2025-11-04 10:30:00+00:00,33,57,5884693,63.96,63.98,63.95,63.97,75,BRN FMF0026!
2025-11-04 10:31:00+00:00,33,57,5884693,63.97,64.02,63.96,64.01,106,BRN FMF0026!
2025-11-04 10:32:00+00:00,33,57,5884693,64.01,64.04,64.01,64.02,185,BRN FMF0026!
2025-11-04 10:33:00+00:00,33,57,5884693,64.02,64.05,64.01,64.04,99,BRN FMF0026!
2025-11-04 10:34:00+00:00,33,57,5884693,64.04,64.07,64.02,64.03,546,BRN FMF0026!
2025-11-04 10:35:00+00:00,33,57,5884693,64.04,64.07,64.03,64.07,208,BRN FMF0026!
2025-11-04 10:36:00+00:00,33,57,5884693,64.07,64.08,64.03,64.05,125,BRN FMF0026!
2025-11-04 10:37:00+00:00,33,57,5884693,64.04,64.05,64.01,64.04,36,BRN FMF0026!
2025-11-04 10:38:00+00:00,33,57,5884693,64.05,64.09,64.05,64.09,95,BRN FMF0026!
2025-11-04 10:39:00+00:00,33,57,5884693,64.08,64.12,64.08,64.12,145,BRN FMF0026!
2025-11-04 10:40:00+00:00,33,57,5884693,64.11,64.13,64.1,64.1,159,BRN FMF0026!
2025-11-04 10:41:00+00:00,33,57,5884693,64.09,64.12,64.05,64.1,203,BRN FMF0026!
2025-11-04 10:42:00+00:00,33,57,5884693,64.1,64.11,64.09,64.1,116,BRN FMF0026!
2025-11-04 10:43:00+00:00,33,57,5884693,64.1,64.1,64.07,64.07,134,BRN FMF0026!
2025-11-04 10:44:00+00:00,33,57,5884693,64.07,64.07,64.06,64.07,51,BRN FMF0026!
2025-11-04 10:45:00+00:00,33,57,5884693,64.08,64.08,64.0,64.01,150,BRN FMF0026!
2025-11-04 10:46:00+00:00,33,57,5884693,64.01,64.02,64.0,64.01,77,BRN FMF0026!
2025-11-04 10:47:00+00:00,33,57,5884693,64.02,64.02,64.0,64.0,40,BRN FMF0026!
2025-11-04 10:48:00+00:00,33,57,5884693,64.01,64.01,63.97,64.01,291,BRN FMF0026!
2025-11-04 10:49:00+00:00,33,57,5884693,64.01,64.02,63.98,64.02,56,BRN FMF0026!
2025-11-04 10:50:00+00:00,33,57,5884693,64.02,64.03,64.01,64.01,39,BRN FMF0026!
2025-11-04 10:51:00+00:00,33,57,5884693,64.02,64.07,64.01,64.07,125,BRN FMF0026!
2025-11-04 10:52:00+00:00,33,57,5884693,64.07,64.07,64.01,64.01,185,BRN FMF0026!
2025-11-04 10:53:00+00:00,33,57,5884693,64.01,64.01,63.99,63.99,126,BRN FMF0026!
2025-11-04 10:54:00+00:00,33,57,5884693,63.99,64.0,63.98,63.99,60,BRN FMF0026!
2025-11-04 10:55:00+00:00,33,57,5884693,64.0,64.01,63.99,63.99,136,BRN FMF0026!
2025-11-04 10:56:00+00:00,33,57,5884693,63.98,63.99,63.97,63.97,284,BRN FMF0026!
2025-11-04 10:57:00+00:00,33,57,5884693,63.98,64.01,63.98,64.01,69,BRN FMF0026!
2025-11-04 10:58:00+00:00,33,57,5884693,64.01,64.01,63.99,64.0,55,BRN FMF0026!
2025-11-04 10:59:00+00:00,33,57,5884693,64.0,64.02,63.98,64.01,271,BRN FMF0026!
2025-11-04 11:00:00+00:00,33,57,5884693,64.01,64.02,63.95,63.95,435,BRN FMF0026!
2025-11-04 11:01:00+00:00,33,57,5884693,63.94,63.97,63.94,63.97,94,BRN FMF0026!
2025-11-04 11:02:00+00:00,33,57,5884693,63.97,64.05,63.95,63.95,361,BRN FMF0026!
2025-11-04 11:03:00+00:00,33,57,5884693,63.95,64.01,63.95,63.96,149,BRN FMF0026!
2025-11-04 11:04:00+00:00,33,57,5884693,63.96,63.99,63.95,63.97,98,BRN FMF0026!
2025-11-04 11:05:00+00:00,33,57,5884693,63.97,64.0,63.96,64.0,671,BRN FMF0026!
2025-11-04 11:06:00+00:00,33,57,5884693,63.99,63.99,63.98,63.98,23,BRN FMF0026!
2025-11-04 11:07:00+00:00,33,57,5884693,63.97,63.97,63.95,63.97,67,BRN FMF0026!
2025-11-04 11:08:00+00:00,33,57,5884693,63.97,63.98,63.94,63.98,266,BRN FMF0026!
2025-11-04 11:09:00+00:00,33,57,5884693,63.98,63.98,63.98,63.98,18,BRN FMF0026!
2025-11-04 11:10:00+00:00,33,57,5884693,63.98,64.0,63.97,63.97,68,BRN FMF0026!
2025-11-04 11:11:00+00:00,33,57,5884693,63.96,63.96,63.93,63.94,88,BRN FMF0026!
2025-11-04 11:12:00+00:00,33,57,5884693,63.94,63.96,63.93,63.93,93,BRN FMF0026!
2025-11-04 11:13:00+00:00,33,57,5884693,63.93,63.94,63.92,63.94,55,BRN FMF0026!
2025-11-04 11:14:00+00:00,33,57,5884693,63.93,63.96,63.93,63.94,73,BRN FMF0026!
2025-11-04 11:15:00+00:00,33,57,5884693,63.93,63.93,63.91,63.93,64,BRN FMF0026!
2025-11-04 11:16:00+00:00,33,57,5884693,63.92,63.93,63.92,63.93,19,BRN FMF0026!
2025-11-04 11:17:00+00:00,33,57,5884693,63.92,63.95,63.91,63.95,61,BRN FMF0026!
2025-11-04 11:18:00+00:00,33,57,5884693,63.94,63.98,63.94,63.97,113,BRN FMF0026!
2025-11-04 11:19:00+00:00,33,57,5884693,63.97,63.97,63.95,63.97,41,BRN FMF0026!
2025-11-04 11:20:00+00:00,33,57,5884693,63.96,64.0,63.96,64.0,43,BRN FMF0026!
2025-11-04 11:21:00+00:00,33,57,5884693,64.0,64.05,63.99,64.05,196,BRN FMF0026!
2025-11-04 11:22:00+00:00,33,57,5884693,64.04,64.05,64.01,64.03,147,BRN FMF0026!
2025-11-04 11:23:00+00:00,33,57,5884693,64.02,64.05,64.02,64.03,128,BRN FMF0026!
2025-11-04 11:24:00+00:00,33,57,5884693,64.03,64.05,64.03,64.05,32,BRN FMF0026!
2025-11-04 11:25:00+00:00,33,57,5884693,64.05,64.07,64.04,64.07,103,BRN FMF0026!
2025-11-04 11:26:00+00:00,33,57,5884693,64.07,64.09,64.07,64.08,126,BRN FMF0026!
2025-11-04 11:27:00+00:00,33,57,5884693,64.08,64.09,64.07,64.07,39,BRN FMF0026!
2025-11-04 11:28:00+00:00,33,57,5884693,64.07,64.07,64.04,64.04,204,BRN FMF0026!
2025-11-04 11:29:00+00:00,33,57,5884693,64.04,64.04,64.03,64.03,34,BRN FMF0026!
2025-11-04 11:30:00+00:00,33,57,5884693,64.03,64.07,64.03,64.05,108,BRN FMF0026!
2025-11-04 11:31:00+00:00,33,57,5884693,64.05,64.06,64.05,64.05,14,BRN FMF0026!
2025-11-04 11:32:00+00:00,33,57,5884693,64.04,64.04,64.01,64.01,64,BRN FMF0026!
2025-11-04 11:33:00+00:00,33,57,5884693,64.01,64.01,63.98,63.98,134,BRN FMF0026!
2025-11-04 11:34:00+00:00,33,57,5884693,64.0,64.01,63.99,63.99,98,BRN FMF0026!
2025-11-04 11:35:00+00:00,33,57,5884693,64.0,64.02,64.0,64.01,34,BRN FMF0026!
2025-11-04 11:36:00+00:00,33,57,5884693,64.02,64.05,64.02,64.04,192,BRN FMF0026!
2025-11-04 11:37:00+00:00,33,57,5884693,64.03,64.06,64.03,64.06,57,BRN FMF0026!
2025-11-04 11:38:00+00:00,33,57,5884693,64.05,64.1,64.05,64.09,105,BRN FMF0026!
2025-11-04 11:39:00+00:00,33,57,5884693,64.09,64.1,64.08,64.08,49,BRN FMF0026!
2025-11-04 11:40:00+00:00,33,57,5884693,64.07,64.1,64.07,64.1,69,BRN FMF0026!
2025-11-04 11:41:00+00:00,33,57,5884693,64.09,64.1,64.06,64.06,84,BRN FMF0026!
2025-11-04 11:42:00+00:00,33,57,5884693,64.07,64.07,64.06,64.06,36,BRN FMF0026!
2025-11-04 11:43:00+00:00,33,57,5884693,64.06,64.09,64.06,64.09,42,BRN FMF0026!
2025-11-04 11:44:00+00:00,33,57,5884693,64.09,64.09,64.06,64.06,54,BRN FMF0026!
2025-11-04 11:45:00+00:00,33,57,5884693,64.06,64.07,64.05,64.07,16,BRN FMF0026!
2025-11-04 11:46:00+00:00,33,57,5884693,64.07,64.09,64.07,64.08,52,BRN FMF0026!
2025-11-04 11:47:00+00:00,33,57,5884693,64.08,64.08,64.08,64.08,18,BRN FMF0026!
2025-11-04 11:48:00+00:00,33,57,5884693,64.07,64.07,64.03,64.03,49,BRN FMF0026!
2025-11-04 11:49:00+00:00,33,57,5884693,64.03,64.04,64.02,64.04,112,BRN FMF0026!
2025-11-04 11:50:00+00:00,33,57,5884693,64.04,64.05,64.04,64.05,21,BRN FMF0026!
2025-11-04 11:51:00+00:00,33,57,5884693,64.04,64.04,64.02,64.04,32,BRN FMF0026!
2025-11-04 11:52:00+00:00,33,57,5884693,64.03,64.05,64.03,64.05,42,BRN FMF0026!
2025-11-04 11:53:00+00:00,33,57,5884693,64.06,64.09,64.06,64.09,75,BRN FMF0026!
2025-11-04 11:54:00+00:00,33,57,5884693,64.09,64.1,64.07,64.08,118,BRN FMF0026!
2025-11-04 11:55:00+00:00,33,57,5884693,64.07,64.07,64.03,64.03,79,BRN FMF0026!
2025-11-04 11:56:00+00:00,33,57,5884693,64.03,64.05,64.03,64.05,31,BRN FMF0026!
2025-11-04 11:57:00+00:00,33,57,5884693,64.04,64.07,64.03,64.07,41,BRN FMF0026!
2025-11-04 11:58:00+00:00,33,57,5884693,64.07,64.09,64.07,64.08,36,BRN FMF0026!
2025-11-04 11:59:00+00:00,33,57,5884693,64.08,64.09,64.06,64.08,77,BRN FMF0026!
2025-11-04 12:00:00+00:00,33,57,5884693,64.08,64.08,64.05,64.06,74,BRN FMF0026!
2025-11-04 12:01:00+00:00,33,57,5884693,64.07,64.08,64.07,64.08,21,BRN FMF0026!
2025-11-04 12:02:00+00:00,33,57,5884693,64.07,64.07,64.04,64.04,42,BRN FMF0026!
2025-11-04 12:03:00+00:00,33,57,5884693,64.05,64.08,64.05,64.08,41,BRN FMF0026!
2025-11-04 12:04:00+00:00,33,57,5884693,64.07,64.07,64.06,64.06,142,BRN FMF0026!
2025-11-04 12:05:00+00:00,33,57,5884693,64.05,64.08,64.05,64.07,51,BRN FMF0026!
2025-11-04 12:06:00+00:00,33,57,5884693,64.08,64.08,64.06,64.08,62,BRN FMF0026!
2025-11-04 12:07:00+00:00,33,57,5884693,64.07,64.09,64.07,64.08,52,BRN FMF0026!
2025-11-04 12:08:00+00:00,33,57,5884693,64.08,64.09,64.08,64.09,44,BRN FMF0026!
2025-11-04 12:09:00+00:00,33,57,5884693,64.07,64.09,64.07,64.09,20,BRN FMF0026!
2025-11-04 12:10:00+00:00,33,57,5884693,64.08,64.11,64.07,64.1,300,BRN FMF0026!
2025-11-04 12:11:00+00:00,33,57,5884693,64.09,64.1,64.08,64.08,134,BRN FMF0026!
2025-11-04 12:12:00+00:00,33,57,5884693,64.08,64.12,64.08,64.11,113,BRN FMF0026!
2025-11-04 12:13:00+00:00,33,57,5884693,64.11,64.14,64.11,64.12,120,BRN FMF0026!
2025-11-04 12:14:00+00:00,33,57,5884693,64.11,64.12,64.1,64.1,111,BRN FMF0026!
2025-11-04 12:15:00+00:00,33,57,5884693,64.11,64.11,64.07,64.08,218,BRN FMF0026!
2025-11-04 12:16:00+00:00,33,57,5884693,64.08,64.11,64.07,64.09,153,BRN FMF0026!
2025-11-04 12:17:00+00:00,33,57,5884693,64.08,64.09,64.05,64.09,93,BRN FMF0026!
2025-11-04 12:18:00+00:00,33,57,5884693,64.1,64.11,64.1,64.1,42,BRN FMF0026!
2025-11-04 12:19:00+00:00,33,57,5884693,64.11,64.11,64.08,64.08,63,BRN FMF0026!
2025-11-04 12:20:00+00:00,33,57,5884693,64.07,64.09,64.07,64.08,65,BRN FMF0026!
2025-11-04 12:21:00+00:00,33,57,5884693,64.08,64.09,64.08,64.09,34,BRN FMF0026!
2025-11-04 12:22:00+00:00,33,57,5884693,64.08,64.1,64.07,64.07,41,BRN FMF0026!
2025-11-04 12:23:00+00:00,33,57,5884693,64.06,64.09,64.05,64.09,54,BRN FMF0026!
2025-11-04 12:24:00+00:00,33,57,5884693,64.08,64.08,64.05,64.05,36,BRN FMF0026!
2025-11-04 12:25:00+00:00,33,57,5884693,64.06,64.08,64.06,64.06,69,BRN FMF0026!
2025-11-04 12:26:00+00:00,33,57,5884693,64.05,64.06,64.04,64.04,76,BRN FMF0026!
2025-11-04 12:27:00+00:00,33,57,5884693,64.04,64.04,64.02,64.02,52,BRN FMF0026!
2025-11-04 12:28:00+00:00,33,57,5884693,64.01,64.04,64.01,64.03,152,BRN FMF0026!
2025-11-04 12:29:00+00:00,33,57,5884693,64.02,64.05,64.01,64.03,145,BRN FMF0026!
2025-11-04 12:30:00+00:00,33,57,5884693,64.03,64.06,64.01,64.03,779,BRN FMF0026!
2025-11-04 12:31:00+00:00,33,57,5884693,64.03,64.07,64.03,64.06,653,BRN FMF0026!
2025-11-04 12:32:00+00:00,33,57,5884693,64.06,64.07,64.05,64.05,46,BRN FMF0026!
2025-11-04 12:33:00+00:00,33,57,5884693,64.04,64.05,64.01,64.04,106,BRN FMF0026!
2025-11-04 12:34:00+00:00,33,57,5884693,64.04,64.04,64.01,64.03,40,BRN FMF0026!
2025-11-04 12:35:00+00:00,33,57,5884693,64.02,64.04,64.02,64.03,71,BRN FMF0026!
2025-11-04 12:36:00+00:00,33,57,5884693,64.02,64.05,64.01,64.05,226,BRN FMF0026!
2025-11-04 12:37:00+00:00,33,57,5884693,64.06,64.08,64.06,64.06,375,BRN FMF0026!
2025-11-04 12:38:00+00:00,33,57,5884693,64.06,64.1,64.06,64.09,582,BRN FMF0026!
2025-11-04 12:39:00+00:00,33,57,5884693,64.09,64.12,64.08,64.08,1044,BRN FMF0026!
2025-11-04 12:40:00+00:00,33,57,5884693,64.08,64.08,64.05,64.06,112,BRN FMF0026!
2025-11-04 12:41:00+00:00,33,57,5884693,64.07,64.08,64.06,64.06,138,BRN FMF0026!
2025-11-04 12:42:00+00:00,33,57,5884693,64.06,64.07,64.05,64.07,33,BRN FMF0026!
2025-11-04 12:43:00+00:00,33,57,5884693,64.08,64.12,64.05,64.12,340,BRN FMF0026!
2025-11-04 12:44:00+00:00,33,57,5884693,64.12,64.12,64.09,64.1,447,BRN FMF0026!
2025-11-04 12:45:00+00:00,33,57,5884693,64.11,64.12,64.1,64.11,70,BRN FMF0026!
2025-11-04 12:46:00+00:00,33,57,5884693,64.11,64.11,64.1,64.11,85,BRN FMF0026!
2025-11-04 12:47:00+00:00,33,57,5884693,64.09,64.1,64.09,64.1,25,BRN FMF0026!
2025-11-04 12:48:00+00:00,33,57,5884693,64.1,64.13,64.1,64.13,142,BRN FMF0026!
2025-11-04 12:49:00+00:00,33,57,5884693,64.12,64.14,64.11,64.13,323,BRN FMF0026!
2025-11-04 12:50:00+00:00,33,57,5884693,64.12,64.16,64.12,64.16,225,BRN FMF0026!
2025-11-04 12:51:00+00:00,33,57,5884693,64.16,64.23,64.16,64.21,586,BRN FMF0026!
2025-11-04 12:52:00+00:00,33,57,5884693,64.22,64.24,64.15,64.16,1421,BRN FMF0026!
2025-11-04 12:53:00+00:00,33,57,5884693,64.15,64.17,64.15,64.15,190,BRN FMF0026!
2025-11-04 12:54:00+00:00,33,57,5884693,64.15,64.15,64.12,64.12,196,BRN FMF0026!
2025-11-04 12:55:00+00:00,33,57,5884693,64.13,64.13,64.11,64.13,116,BRN FMF0026!
2025-11-04 12:56:00+00:00,33,57,5884693,64.13,64.17,64.13,64.15,53,BRN FMF0026!
2025-11-04 12:57:00+00:00,33,57,5884693,64.15,64.16,64.13,64.14,91,BRN FMF0026!
2025-11-04 12:58:00+00:00,33,57,5884693,64.14,64.17,64.13,64.17,109,BRN FMF0026!
2025-11-04 12:59:00+00:00,33,57,5884693,64.17,64.17,64.15,64.17,92,BRN FMF0026!
2025-11-04 13:00:00+00:00,33,57,5884693,64.16,64.16,64.06,64.07,398,BRN FMF0026!
2025-11-04 13:01:00+00:00,33,57,5884693,64.07,64.1,64.07,64.08,101,BRN FMF0026!
2025-11-04 13:02:00+00:00,33,57,5884693,64.08,64.08,64.03,64.06,164,BRN FMF0026!
2025-11-04 13:03:00+00:00,33,57,5884693,64.05,64.06,64.02,64.02,263,BRN FMF0026!
2025-11-04 13:04:00+00:00,33,57,5884693,64.02,64.07,64.0,64.04,293,BRN FMF0026!
2025-11-04 13:05:00+00:00,33,57,5884693,64.05,64.09,64.04,64.08,65,BRN FMF0026!
2025-11-04 13:06:00+00:00,33,57,5884693,64.09,64.13,64.09,64.09,105,BRN FMF0026!
2025-11-04 13:07:00+00:00,33,57,5884693,64.08,64.12,64.08,64.1,44,BRN FMF0026!
2025-11-04 13:08:00+00:00,33,57,5884693,64.09,64.15,64.09,64.14,115,BRN FMF0026!
2025-11-04 13:09:00+00:00,33,57,5884693,64.15,64.18,64.15,64.15,220,BRN FMF0026!
2025-11-04 13:10:00+00:00,33,57,5884693,64.14,64.16,64.13,64.16,253,BRN FMF0026!
2025-11-04 13:11:00+00:00,33,57,5884693,64.16,64.19,64.16,64.18,129,BRN FMF0026!
2025-11-04 13:12:00+00:00,33,57,5884693,64.18,64.18,64.15,64.17,86,BRN FMF0026!
2025-11-04 13:13:00+00:00,33,57,5884693,64.17,64.18,64.13,64.14,254,BRN FMF0026!
2025-11-04 13:14:00+00:00,33,57,5884693,64.15,64.17,64.13,64.14,208,BRN FMF0026!
2025-11-04 13:15:00+00:00,33,57,5884693,64.14,64.15,64.11,64.12,81,BRN FMF0026!
2025-11-04 13:16:00+00:00,33,57,5884693,64.11,64.14,64.11,64.13,211,BRN FMF0026!
2025-11-04 13:17:00+00:00,33,57,5884693,64.14,64.17,64.12,64.12,152,BRN FMF0026!
2025-11-04 13:18:00+00:00,33,57,5884693,64.12,64.14,64.11,64.12,168,BRN FMF0026!
2025-11-04 13:19:00+00:00,33,57,5884693,64.11,64.11,64.09,64.11,102,BRN FMF0026!
2025-11-04 13:20:00+00:00,33,57,5884693,64.1,64.13,64.1,64.11,71,BRN FMF0026!
2025-11-04 13:21:00+00:00,33,57,5884693,64.11,64.11,64.09,64.1,201,BRN FMF0026!
2025-11-04 13:22:00+00:00,33,57,5884693,64.09,64.14,64.09,64.14,111,BRN FMF0026!
2025-11-04 13:23:00+00:00,33,57,5884693,64.13,64.14,64.11,64.12,51,BRN FMF0026!
2025-11-04 13:24:00+00:00,33,57,5884693,64.12,64.14,64.1,64.11,292,BRN FMF0026!
2025-11-04 13:25:00+00:00,33,57,5884693,64.12,64.12,64.07,64.07,247,BRN FMF0026!
2025-11-04 13:26:00+00:00,33,57,5884693,64.07,64.12,64.06,64.09,299,BRN FMF0026!
2025-11-04 13:27:00+00:00,33,57,5884693,64.09,64.1,64.06,64.06,310,BRN FMF0026!
2025-11-04 13:28:00+00:00,33,57,5884693,64.06,64.07,64.05,64.07,73,BRN FMF0026!
2025-11-04 13:29:00+00:00,33,57,5884693,64.08,64.09,64.07,64.09,64,BRN FMF0026!
2025-11-04 13:30:00+00:00,33,57,5884693,64.09,64.09,64.06,64.08,115,BRN FMF0026!
2025-11-04 13:31:00+00:00,33,57,5884693,64.08,64.1,64.08,64.1,112,BRN FMF0026!
2025-11-04 13:32:00+00:00,33,57,5884693,64.1,64.12,64.09,64.1,87,BRN FMF0026!
2025-11-04 13:33:00+00:00,33,57,5884693,64.1,64.1,64.08,64.08,112,BRN FMF0026!
2025-11-04 13:34:00+00:00,33,57,5884693,64.09,64.09,64.07,64.07,113,BRN FMF0026!
2025-11-04 13:35:00+00:00,33,57,5884693,64.06,64.06,64.02,64.05,752,BRN FMF0026!
2025-11-04 13:36:00+00:00,33,57,5884693,64.05,64.05,64.02,64.03,97,BRN FMF0026!
2025-11-04 13:37:00+00:00,33,57,5884693,64.03,64.03,63.94,63.95,741,BRN FMF0026!
2025-11-04 13:38:00+00:00,33,57,5884693,63.95,63.97,63.94,63.95,261,BRN FMF0026!
2025-11-04 13:39:00+00:00,33,57,5884693,63.96,64.02,63.95,64.02,239,BRN FMF0026!
2025-11-04 13:40:00+00:00,33,57,5884693,64.02,64.08,64.02,64.05,278,BRN FMF0026!
2025-11-04 13:41:00+00:00,33,57,5884693,64.05,64.06,64.01,64.01,163,BRN FMF0026!
2025-11-04 13:42:00+00:00,33,57,5884693,64.0,64.01,63.99,63.99,96,BRN FMF0026!
2025-11-04 13:43:00+00:00,33,57,5884693,63.99,64.02,63.99,64.01,95,BRN FMF0026!
2025-11-04 13:44:00+00:00,33,57,5884693,64.01,64.02,64.0,64.02,152,BRN FMF0026!
2025-11-04 13:45:00+00:00,33,57,5884693,64.02,64.06,64.0,64.04,282,BRN FMF0026!
2025-11-04 13:46:00+00:00,33,57,5884693,64.05,64.05,64.01,64.03,234,BRN FMF0026!
2025-11-04 13:47:00+00:00,33,57,5884693,64.03,64.03,63.97,63.98,1077,BRN FMF0026!
2025-11-04 13:48:00+00:00,33,57,5884693,63.99,64.01,63.98,64.0,129,BRN FMF0026!
2025-11-04 13:49:00+00:00,33,57,5884693,64.0,64.01,63.96,63.96,227,BRN FMF0026!
2025-11-04 13:50:00+00:00,33,57,5884693,63.96,63.97,63.93,63.95,317,BRN FMF0026!
2025-11-04 13:51:00+00:00,33,57,5884693,63.94,63.96,63.93,63.96,84,BRN FMF0026!
2025-11-04 13:52:00+00:00,33,57,5884693,63.95,63.96,63.93,63.93,139,BRN FMF0026!
2025-11-04 13:53:00+00:00,33,57,5884693,63.93,63.97,63.91,63.95,300,BRN FMF0026!
2025-11-04 13:54:00+00:00,33,57,5884693,63.96,63.98,63.94,63.98,278,BRN FMF0026!
2025-11-04 13:55:00+00:00,33,57,5884693,63.97,63.98,63.96,63.96,768,BRN FMF0026!
2025-11-04 13:56:00+00:00,33,57,5884693,63.95,63.95,63.91,63.94,167,BRN FMF0026!
2025-11-04 13:57:00+00:00,33,57,5884693,63.93,63.94,63.93,63.94,190,BRN FMF0026!
2025-11-04 13:58:00+00:00,33,57,5884693,63.95,63.98,63.92,63.92,1952,BRN FMF0026!
2025-11-04 13:59:00+00:00,33,57,5884693,63.92,63.93,63.87,63.87,436,BRN FMF0026!
2025-11-04 14:00:00+00:00,33,57,5884693,63.89,64.0,63.89,63.99,734,BRN FMF0026!
2025-11-04 14:01:00+00:00,33,57,5884693,64.0,64.08,64.0,64.08,1023,BRN FMF0026!
2025-11-04 14:02:00+00:00,33,57,5884693,64.07,64.16,64.07,64.14,763,BRN FMF0026!
2025-11-04 14:03:00+00:00,33,57,5884693,64.15,64.16,64.11,64.15,386,BRN FMF0026!
2025-11-04 14:04:00+00:00,33,57,5884693,64.15,64.15,64.11,64.15,224,BRN FMF0026!
2025-11-04 14:05:00+00:00,33,57,5884693,64.16,64.19,64.15,64.16,260,BRN FMF0026!
2025-11-04 14:06:00+00:00,33,57,5884693,64.16,64.16,64.08,64.09,618,BRN FMF0026!
2025-11-04 14:07:00+00:00,33,57,5884693,64.1,64.1,64.06,64.06,258,BRN FMF0026!
2025-11-04 14:08:00+00:00,33,57,5884693,64.07,64.09,64.05,64.09,249,BRN FMF0026!
2025-11-04 14:09:00+00:00,33,57,5884693,64.1,64.13,64.1,64.12,196,BRN FMF0026!
2025-11-04 14:10:00+00:00,33,57,5884693,64.12,64.14,64.06,64.06,497,BRN FMF0026!
2025-11-04 14:11:00+00:00,33,57,5884693,64.07,64.1,64.05,64.06,340,BRN FMF0026!
2025-11-04 14:12:00+00:00,33,57,5884693,64.07,64.15,64.07,64.12,1367,BRN FMF0026!
2025-11-04 14:13:00+00:00,33,57,5884693,64.13,64.18,64.12,64.18,972,BRN FMF0026!
2025-11-04 14:14:00+00:00,33,57,5884693,64.18,64.18,64.16,64.17,168,BRN FMF0026!
2025-11-04 14:15:00+00:00,33,57,5884693,64.18,64.18,64.14,64.16,85,BRN FMF0026!
2025-11-04 14:16:00+00:00,33,57,5884693,64.17,64.27,64.16,64.27,878,BRN FMF0026!
2025-11-04 14:17:00+00:00,33,57,5884693,64.27,64.29,64.26,64.27,412,BRN FMF0026!
2025-11-04 14:18:00+00:00,33,57,5884693,64.28,64.3,64.25,64.29,293,BRN FMF0026!
2025-11-04 14:19:00+00:00,33,57,5884693,64.29,64.31,64.26,64.26,473,BRN FMF0026!
2025-11-04 14:20:00+00:00,33,57,5884693,64.26,64.33,64.25,64.31,608,BRN FMF0026!
2025-11-04 14:21:00+00:00,33,57,5884693,64.31,64.35,64.3,64.32,593,BRN FMF0026!
2025-11-04 14:22:00+00:00,33,57,5884693,64.33,64.33,64.31,64.33,155,BRN FMF0026!
2025-11-04 14:23:00+00:00,33,57,5884693,64.33,64.36,64.3,64.31,633,BRN FMF0026!
2025-11-04 14:24:00+00:00,33,57,5884693,64.32,64.33,64.28,64.32,429,BRN FMF0026!
2025-11-04 14:25:00+00:00,33,57,5884693,64.33,64.33,64.24,64.28,663,BRN FMF0026!
2025-11-04 14:26:00+00:00,33,57,5884693,64.27,64.29,64.23,64.29,242,BRN FMF0026!
2025-11-04 14:27:00+00:00,33,57,5884693,64.29,64.32,64.28,64.3,276,BRN FMF0026!
2025-11-04 14:28:00+00:00,33,57,5884693,64.3,64.31,64.29,64.3,56,BRN FMF0026!
2025-11-04 14:29:00+00:00,33,57,5884693,64.31,64.31,64.29,64.29,212,BRN FMF0026!
2025-11-04 14:30:00+00:00,33,57,5884693,64.29,64.31,64.24,64.31,269,BRN FMF0026!
2025-11-04 14:31:00+00:00,33,57,5884693,64.3,64.3,64.21,64.21,245,BRN FMF0026!
2025-11-04 14:32:00+00:00,33,57,5884693,64.21,64.25,64.2,64.24,166,BRN FMF0026!
2025-11-04 14:33:00+00:00,33,57,5884693,64.25,64.27,64.19,64.21,358,BRN FMF0026!
2025-11-04 14:34:00+00:00,33,57,5884693,64.22,64.24,64.15,64.17,380,BRN FMF0026!
2025-11-04 14:35:00+00:00,33,57,5884693,64.16,64.3,64.14,64.19,813,BRN FMF0026!
2025-11-04 14:36:00+00:00,33,57,5884693,64.2,64.27,64.17,64.26,355,BRN FMF0026!
2025-11-04 14:37:00+00:00,33,57,5884693,64.25,64.25,64.16,64.21,174,BRN FMF0026!
2025-11-04 14:38:00+00:00,33,57,5884693,64.2,64.23,64.18,64.21,331,BRN FMF0026!
2025-11-04 14:39:00+00:00,33,57,5884693,64.21,64.23,64.18,64.21,274,BRN FMF0026!
2025-11-04 14:40:00+00:00,33,57,5884693,64.2,64.22,64.17,64.22,1593,BRN FMF0026!
2025-11-04 14:41:00+00:00,33,57,5884693,64.22,64.26,64.21,64.25,199,BRN FMF0026!
2025-11-04 14:42:00+00:00,33,57,5884693,64.26,64.31,64.25,64.29,1477,BRN FMF0026!
2025-11-04 14:43:00+00:00,33,57,5884693,64.3,64.31,64.28,64.29,308,BRN FMF0026!
2025-11-04 14:44:00+00:00,33,57,5884693,64.29,64.33,64.29,64.31,865,BRN FMF0026!
2025-11-04 14:45:00+00:00,33,57,5884693,64.31,64.35,64.25,64.27,272,BRN FMF0026!
2025-11-04 14:46:00+00:00,33,57,5884693,64.27,64.3,64.24,64.26,220,BRN FMF0026!
2025-11-04 14:47:00+00:00,33,57,5884693,64.26,64.32,64.22,64.24,300,BRN FMF0026!
2025-11-04 14:48:00+00:00,33,57,5884693,64.24,64.29,64.24,64.29,266,BRN FMF0026!
2025-11-04 14:49:00+00:00,33,57,5884693,64.28,64.3,64.26,64.29,150,BRN FMF0026!
2025-11-04 14:50:00+00:00,33,57,5884693,64.28,64.32,64.26,64.32,138,BRN FMF0026!
2025-11-04 14:51:00+00:00,33,57,5884693,64.31,64.34,64.31,64.34,95,BRN FMF0026!
2025-11-04 14:52:00+00:00,33,57,5884693,64.35,64.37,64.32,64.32,839,BRN FMF0026!
2025-11-04 14:53:00+00:00,33,57,5884693,64.32,64.36,64.3,64.31,157,BRN FMF0026!
2025-11-04 14:54:00+00:00,33,57,5884693,64.31,64.36,64.31,64.34,465,BRN FMF0026!
2025-11-04 14:55:00+00:00,33,57,5884693,64.35,64.38,64.35,64.38,342,BRN FMF0026!
2025-11-04 14:56:00+00:00,33,57,5884693,64.38,64.5,64.38,64.48,1456,BRN FMF0026!
2025-11-04 14:57:00+00:00,33,57,5884693,64.48,64.49,64.42,64.43,380,BRN FMF0026!
2025-11-04 14:58:00+00:00,33,57,5884693,64.43,64.43,64.39,64.41,305,BRN FMF0026!
2025-11-04 14:59:00+00:00,33,57,5884693,64.41,64.41,64.38,64.38,387,BRN FMF0026!
2025-11-04 15:00:00+00:00,33,57,5884693,64.39,64.41,64.36,64.4,736,BRN FMF0026!
2025-11-04 15:01:00+00:00,33,57,5884693,64.4,64.41,64.39,64.4,174,BRN FMF0026!
2025-11-04 15:02:00+00:00,33,57,5884693,64.39,64.39,64.33,64.33,266,BRN FMF0026!
2025-11-04 15:03:00+00:00,33,57,5884693,64.33,64.38,64.29,64.36,351,BRN FMF0026!
2025-11-04 15:04:00+00:00,33,57,5884693,64.36,64.39,64.36,64.39,82,BRN FMF0026!
2025-11-04 15:05:00+00:00,33,57,5884693,64.39,64.41,64.33,64.35,228,BRN FMF0026!
2025-11-04 15:06:00+00:00,33,57,5884693,64.34,64.34,64.31,64.32,144,BRN FMF0026!
2025-11-04 15:07:00+00:00,33,57,5884693,64.32,64.35,64.32,64.35,49,BRN FMF0026!
2025-11-04 15:08:00+00:00,33,57,5884693,64.36,64.4,64.36,64.4,199,BRN FMF0026!
2025-11-04 15:09:00+00:00,33,57,5884693,64.4,64.4,64.38,64.4,128,BRN FMF0026!
2025-11-04 15:10:00+00:00,33,57,5884693,64.4,64.42,64.4,64.41,100,BRN FMF0026!
2025-11-04 15:11:00+00:00,33,57,5884693,64.41,64.45,64.39,64.39,181,BRN FMF0026!
2025-11-04 15:12:00+00:00,33,57,5884693,64.39,64.4,64.37,64.4,173,BRN FMF0026!
2025-11-04 15:13:00+00:00,33,57,5884693,64.41,64.45,64.41,64.43,142,BRN FMF0026!
2025-11-04 15:14:00+00:00,33,57,5884693,64.43,64.46,64.43,64.45,525,BRN FMF0026!
2025-11-04 15:15:00+00:00,33,57,5884693,64.45,64.47,64.44,64.46,343,BRN FMF0026!
2025-11-04 15:16:00+00:00,33,57,5884693,64.47,64.49,64.44,64.47,202,BRN FMF0026!
2025-11-04 15:17:00+00:00,33,57,5884693,64.47,64.48,64.44,64.45,133,BRN FMF0026!
2025-11-04 15:18:00+00:00,33,57,5884693,64.45,64.45,64.42,64.44,124,BRN FMF0026!
2025-11-04 15:19:00+00:00,33,57,5884693,64.43,64.45,64.42,64.42,114,BRN FMF0026!
2025-11-04 15:20:00+00:00,33,57,5884693,64.43,64.44,64.37,64.37,266,BRN FMF0026!
2025-11-04 15:21:00+00:00,33,57,5884693,64.38,64.39,64.36,64.37,202,BRN FMF0026!
2025-11-04 15:22:00+00:00,33,57,5884693,64.38,64.41,64.36,64.4,280,BRN FMF0026!
2025-11-04 15:23:00+00:00,33,57,5884693,64.41,64.41,64.36,64.37,227,BRN FMF0026!
2025-11-04 15:24:00+00:00,33,57,5884693,64.38,64.42,64.36,64.4,336,BRN FMF0026!
2025-11-04 15:25:00+00:00,33,57,5884693,64.39,64.4,64.39,64.39,83,BRN FMF0026!
2025-11-04 15:26:00+00:00,33,57,5884693,64.4,64.41,64.38,64.4,368,BRN FMF0026!
2025-11-04 15:27:00+00:00,33,57,5884693,64.4,64.4,64.35,64.38,578,BRN FMF0026!
2025-11-04 15:28:00+00:00,33,57,5884693,64.38,64.39,64.37,64.37,129,BRN FMF0026!
2025-11-04 15:29:00+00:00,33,57,5884693,64.38,64.43,64.38,64.42,1154,BRN FMF0026!
2025-11-04 15:30:00+00:00,33,57,5884693,64.42,64.43,64.4,64.43,235,BRN FMF0026!
2025-11-04 15:31:00+00:00,33,57,5884693,64.44,64.45,64.4,64.41,391,BRN FMF0026!
2025-11-04 15:32:00+00:00,33,57,5884693,64.41,64.43,64.38,64.4,283,BRN FMF0026!
2025-11-04 15:33:00+00:00,33,57,5884693,64.4,64.45,64.39,64.42,121,BRN FMF0026!
2025-11-04 15:34:00+00:00,33,57,5884693,64.42,64.44,64.42,64.42,233,BRN FMF0026!
2025-11-04 15:35:00+00:00,33,57,5884693,64.42,64.45,64.42,64.45,130,BRN FMF0026!
2025-11-04 15:36:00+00:00,33,57,5884693,64.45,64.47,64.43,64.44,190,BRN FMF0026!
2025-11-04 15:37:00+00:00,33,57,5884693,64.44,64.47,64.44,64.46,64,BRN FMF0026!
2025-11-04 15:38:00+00:00,33,57,5884693,64.46,64.5,64.45,64.5,605,BRN FMF0026!
2025-11-04 15:39:00+00:00,33,57,5884693,64.49,64.52,64.46,64.47,542,BRN FMF0026!
2025-11-04 15:40:00+00:00,33,57,5884693,64.47,64.47,64.42,64.44,220,BRN FMF0026!
2025-11-04 15:41:00+00:00,33,57,5884693,64.44,64.48,64.44,64.46,303,BRN FMF0026!
2025-11-04 15:42:00+00:00,33,57,5884693,64.46,64.52,64.45,64.49,680,BRN FMF0026!
2025-11-04 15:43:00+00:00,33,57,5884693,64.49,64.5,64.46,64.48,825,BRN FMF0026!
2025-11-04 15:44:00+00:00,33,57,5884693,64.48,64.51,64.45,64.5,549,BRN FMF0026!
2025-11-04 15:45:00+00:00,33,57,5884693,64.51,64.52,64.48,64.5,644,BRN FMF0026!
2025-11-04 15:46:00+00:00,33,57,5884693,64.51,64.52,64.46,64.46,556,BRN FMF0026!
2025-11-04 15:47:00+00:00,33,57,5884693,64.45,64.47,64.45,64.47,410,BRN FMF0026!
2025-11-04 15:48:00+00:00,33,57,5884693,64.47,64.49,64.42,64.42,244,BRN FMF0026!
2025-11-04 15:49:00+00:00,33,57,5884693,64.43,64.45,64.41,64.44,280,BRN FMF0026!
2025-11-04 15:50:00+00:00,33,57,5884693,64.45,64.45,64.4,64.41,433,BRN FMF0026!
2025-11-04 15:51:00+00:00,33,57,5884693,64.41,64.42,64.39,64.4,113,BRN FMF0026!
2025-11-04 15:52:00+00:00,33,57,5884693,64.4,64.44,64.4,64.43,92,BRN FMF0026!
2025-11-04 15:53:00+00:00,33,57,5884693,64.44,64.47,64.44,64.46,135,BRN FMF0026!
2025-11-04 15:54:00+00:00,33,57,5884693,64.47,64.58,64.46,64.56,543,BRN FMF0026!
2025-11-04 15:55:00+00:00,33,57,5884693,64.57,64.58,64.54,64.54,306,BRN FMF0026!
2025-11-04 15:56:00+00:00,33,57,5884693,64.54,64.56,64.5,64.55,471,BRN FMF0026!
2025-11-04 15:57:00+00:00,33,57,5884693,64.55,64.56,64.53,64.56,269,BRN FMF0026!
2025-11-04 15:58:00+00:00,33,57,5884693,64.56,64.62,64.53,64.56,1072,BRN FMF0026!
2025-11-04 15:59:00+00:00,33,57,5884693,64.55,64.62,64.54,64.62,384,BRN FMF0026!
2025-11-04 16:00:00+00:00,33,57,5884693,64.62,64.69,64.62,64.66,2443,BRN FMF0026!
2025-11-04 16:01:00+00:00,33,57,5884693,64.66,64.66,64.6,64.61,578,BRN FMF0026!
2025-11-04 16:02:00+00:00,33,57,5884693,64.61,64.63,64.59,64.6,220,BRN FMF0026!
2025-11-04 16:03:00+00:00,33,57,5884693,64.61,64.65,64.6,64.63,353,BRN FMF0026!
2025-11-04 16:04:00+00:00,33,57,5884693,64.64,64.65,64.63,64.63,369,BRN FMF0026!
2025-11-04 16:05:00+00:00,33,57,5884693,64.64,64.66,64.6,64.61,583,BRN FMF0026!
2025-11-04 16:06:00+00:00,33,57,5884693,64.61,64.65,64.61,64.64,183,BRN FMF0026!
2025-11-04 16:07:00+00:00,33,57,5884693,64.64,64.64,64.6,64.62,310,BRN FMF0026!
2025-11-04 16:08:00+00:00,33,57,5884693,64.62,64.64,64.61,64.62,201,BRN FMF0026!
2025-11-04 16:09:00+00:00,33,57,5884693,64.62,64.67,64.62,64.65,208,BRN FMF0026!
2025-11-04 16:10:00+00:00,33,57,5884693,64.66,64.66,64.64,64.65,499,BRN FMF0026!
2025-11-04 16:11:00+00:00,33,57,5884693,64.65,64.68,64.65,64.66,704,BRN FMF0026!
2025-11-04 16:12:00+00:00,33,57,5884693,64.67,64.67,64.63,64.63,251,BRN FMF0026!
2025-11-04 16:13:00+00:00,33,57,5884693,64.64,64.64,64.61,64.61,322,BRN FMF0026!
2025-11-04 16:14:00+00:00,33,57,5884693,64.62,64.62,64.58,64.61,321,BRN FMF0026!
2025-11-04 16:15:00+00:00,33,57,5884693,64.62,64.63,64.57,64.61,616,BRN FMF0026!
2025-11-04 16:16:00+00:00,33,57,5884693,64.61,64.62,64.58,64.59,356,BRN FMF0026!
2025-11-04 16:17:00+00:00,33,57,5884693,64.6,64.62,64.58,64.61,926,BRN FMF0026!
2025-11-04 16:18:00+00:00,33,57,5884693,64.6,64.6,64.58,64.59,191,BRN FMF0026!
2025-11-04 16:19:00+00:00,33,57,5884693,64.59,64.61,64.58,64.59,227,BRN FMF0026!
2025-11-04 16:20:00+00:00,33,57,5884693,64.6,64.63,64.59,64.62,604,BRN FMF0026!
2025-11-04 16:21:00+00:00,33,57,5884693,64.62,64.62,64.57,64.6,533,BRN FMF0026!
2025-11-04 16:22:00+00:00,33,57,5884693,64.59,64.6,64.52,64.52,1420,BRN FMF0026!
2025-11-04 16:23:00+00:00,33,57,5884693,64.52,64.55,64.49,64.51,1761,BRN FMF0026!
2025-11-04 16:24:00+00:00,33,57,5884693,64.51,64.57,64.48,64.48,2553,BRN FMF0026!
2025-11-04 16:25:00+00:00,33,57,5884693,64.48,64.51,64.47,64.49,909,BRN FMF0026!
2025-11-04 16:26:00+00:00,33,57,5884693,64.49,64.51,64.45,64.46,776,BRN FMF0026!
2025-11-04 16:27:00+00:00,33,57,5884693,64.47,64.51,64.46,64.48,486,BRN FMF0026!
2025-11-04 16:28:00+00:00,33,57,5884693,64.47,64.51,64.47,64.48,494,BRN FMF0026!
2025-11-04 16:29:00+00:00,33,57,5884693,64.49,64.58,64.49,64.51,2424,BRN FMF0026!
2025-11-04 16:30:00+00:00,33,57,5884693,64.51,64.51,64.45,64.45,1273,BRN FMF0026!
2025-11-04 16:31:00+00:00,33,57,5884693,64.46,64.54,64.45,64.52,417,BRN FMF0026!
2025-11-04 16:32:00+00:00,33,57,5884693,64.53,64.54,64.53,64.54,318,BRN FMF0026!
2025-11-04 16:33:00+00:00,33,57,5884693,64.53,64.58,64.53,64.55,622,BRN FMF0026!
2025-11-04 16:34:00+00:00,33,57,5884693,64.55,64.55,64.51,64.53,454,BRN FMF0026!
2025-11-04 16:35:00+00:00,33,57,5884693,64.53,64.58,64.52,64.56,311,BRN FMF0026!
2025-11-04 16:36:00+00:00,33,57,5884693,64.56,64.58,64.54,64.55,711,BRN FMF0026!
2025-11-04 16:37:00+00:00,33,57,5884693,64.55,64.56,64.51,64.52,2178,BRN FMF0026!
2025-11-04 16:38:00+00:00,33,57,5884693,64.52,64.55,64.49,64.5,509,BRN FMF0026!
2025-11-04 16:39:00+00:00,33,57,5884693,64.5,64.51,64.48,64.51,731,BRN FMF0026!
2025-11-04 16:40:00+00:00,33,57,5884693,64.51,64.52,64.45,64.49,2578,BRN FMF0026!
2025-11-04 16:41:00+00:00,33,57,5884693,64.47,64.49,64.45,64.49,803,BRN FMF0026!
2025-11-04 16:42:00+00:00,33,57,5884693,64.48,64.52,64.47,64.48,588,BRN FMF0026!
2025-11-04 16:43:00+00:00,33,57,5884693,64.48,64.5,64.47,64.5,258,BRN FMF0026!
2025-11-04 16:44:00+00:00,33,57,5884693,64.49,64.5,64.46,64.47,939,BRN FMF0026!
2025-11-04 16:45:00+00:00,33,57,5884693,64.48,64.53,64.48,64.49,456,BRN FMF0026!
2025-11-04 16:46:00+00:00,33,57,5884693,64.49,64.49,64.46,64.49,278,BRN FMF0026!
2025-11-04 16:47:00+00:00,33,57,5884693,64.49,64.51,64.48,64.5,289,BRN FMF0026!
2025-11-04 16:48:00+00:00,33,57,5884693,64.51,64.51,64.47,64.47,340,BRN FMF0026!
2025-11-04 16:49:00+00:00,33,57,5884693,64.47,64.48,64.45,64.47,279,BRN FMF0026!
2025-11-04 16:50:00+00:00,33,57,5884693,64.47,64.48,64.45,64.48,299,BRN FMF0026!
2025-11-04 16:51:00+00:00,33,57,5884693,64.46,64.47,64.43,64.44,563,BRN FMF0026!
2025-11-04 16:52:00+00:00,33,57,5884693,64.44,64.48,64.44,64.48,198,BRN FMF0026!
2025-11-04 16:53:00+00:00,33,57,5884693,64.47,64.53,64.46,64.52,579,BRN FMF0026!
2025-11-04 16:54:00+00:00,33,57,5884693,64.53,64.6,64.53,64.57,573,BRN FMF0026!
2025-11-04 16:55:00+00:00,33,57,5884693,64.57,64.59,64.56,64.58,552,BRN FMF0026!
2025-11-04 16:56:00+00:00,33,57,5884693,64.58,64.58,64.54,64.54,875,BRN FMF0026!
2025-11-04 16:57:00+00:00,33,57,5884693,64.53,64.54,64.51,64.53,620,BRN FMF0026!
2025-11-04 16:58:00+00:00,33,57,5884693,64.52,64.55,64.5,64.55,151,BRN FMF0026!
2025-11-04 16:59:00+00:00,33,57,5884693,64.53,64.59,64.53,64.56,359,BRN FMF0026!
2025-11-04 17:00:00+00:00,33,57,5884693,64.57,64.58,64.54,64.54,136,BRN FMF0026!
2025-11-04 17:01:00+00:00,33,57,5884693,64.54,64.55,64.52,64.54,227,BRN FMF0026!
2025-11-04 17:02:00+00:00,33,57,5884693,64.55,64.57,64.51,64.53,664,BRN FMF0026!
2025-11-04 17:03:00+00:00,33,57,5884693,64.53,64.53,64.51,64.51,305,BRN FMF0026!
2025-11-04 17:04:00+00:00,33,57,5884693,64.51,64.53,64.49,64.5,179,BRN FMF0026!
2025-11-04 17:05:00+00:00,33,57,5884693,64.51,64.52,64.5,64.51,52,BRN FMF0026!
2025-11-04 17:06:00+00:00,33,57,5884693,64.52,64.52,64.5,64.5,86,BRN FMF0026!
2025-11-04 17:07:00+00:00,33,57,5884693,64.51,64.55,64.51,64.53,156,BRN FMF0026!
2025-11-04 17:08:00+00:00,33,57,5884693,64.54,64.55,64.51,64.52,354,BRN FMF0026!
2025-11-04 17:09:00+00:00,33,57,5884693,64.51,64.51,64.47,64.47,340,BRN FMF0026!
2025-11-04 17:10:00+00:00,33,57,5884693,64.48,64.48,64.47,64.47,130,BRN FMF0026!
2025-11-04 17:11:00+00:00,33,57,5884693,64.47,64.52,64.47,64.52,383,BRN FMF0026!
2025-11-04 17:12:00+00:00,33,57,5884693,64.51,64.52,64.5,64.51,204,BRN FMF0026!
2025-11-04 17:13:00+00:00,33,57,5884693,64.51,64.51,64.49,64.5,332,BRN FMF0026!
2025-11-04 17:14:00+00:00,33,57,5884693,64.51,64.53,64.51,64.52,102,BRN FMF0026!
2025-11-04 17:15:00+00:00,33,57,5884693,64.54,64.54,64.5,64.51,140,BRN FMF0026!
2025-11-04 17:16:00+00:00,33,57,5884693,64.51,64.53,64.51,64.53,75,BRN FMF0026!
2025-11-04 17:17:00+00:00,33,57,5884693,64.52,64.54,64.51,64.52,112,BRN FMF0026!
2025-11-04 17:18:00+00:00,33,57,5884693,64.53,64.55,64.52,64.53,120,BRN FMF0026!
2025-11-04 17:19:00+00:00,33,57,5884693,64.52,64.54,64.51,64.53,131,BRN FMF0026!
2025-11-04 17:20:00+00:00,33,57,5884693,64.52,64.6,64.52,64.59,665,BRN FMF0026!
2025-11-04 17:21:00+00:00,33,57,5884693,64.58,64.58,64.53,64.55,146,BRN FMF0026!
2025-11-04 17:22:00+00:00,33,57,5884693,64.55,64.55,64.52,64.55,324,BRN FMF0026!
2025-11-04 17:23:00+00:00,33,57,5884693,64.54,64.55,64.54,64.55,79,BRN FMF0026!
2025-11-04 17:24:00+00:00,33,57,5884693,64.55,64.57,64.53,64.57,161,BRN FMF0026!
2025-11-04 17:25:00+00:00,33,57,5884693,64.57,64.58,64.57,64.58,159,BRN FMF0026!
2025-11-04 17:26:00+00:00,33,57,5884693,64.58,64.59,64.58,64.58,81,BRN FMF0026!
2025-11-04 17:27:00+00:00,33,57,5884693,64.58,64.6,64.58,64.6,520,BRN FMF0026!
2025-11-04 17:28:00+00:00,33,57,5884693,64.6,64.66,64.6,64.63,449,BRN FMF0026!
2025-11-04 17:29:00+00:00,33,57,5884693,64.62,64.62,64.57,64.57,118,BRN FMF0026!
2025-11-04 17:30:00+00:00,33,57,5884693,64.56,64.56,64.52,64.52,514,BRN FMF0026!
2025-11-04 17:31:00+00:00,33,57,5884693,64.52,64.54,64.52,64.53,434,BRN FMF0026!
2025-11-04 17:32:00+00:00,33,57,5884693,64.53,64.53,64.5,64.5,77,BRN FMF0026!
2025-11-04 17:33:00+00:00,33,57,5884693,64.51,64.51,64.48,64.48,190,BRN FMF0026!
2025-11-04 17:34:00+00:00,33,57,5884693,64.48,64.49,64.48,64.49,233,BRN FMF0026!
2025-11-04 17:35:00+00:00,33,57,5884693,64.49,64.5,64.49,64.49,50,BRN FMF0026!
2025-11-04 17:36:00+00:00,33,57,5884693,64.49,64.51,64.48,64.48,157,BRN FMF0026!
2025-11-04 17:37:00+00:00,33,57,5884693,64.47,64.47,64.43,64.45,1974,BRN FMF0026!
2025-11-04 17:38:00+00:00,33,57,5884693,64.46,64.47,64.45,64.45,202,BRN FMF0026!
2025-11-04 17:39:00+00:00,33,57,5884693,64.46,64.51,64.46,64.51,830,BRN FMF0026!
2025-11-04 17:40:00+00:00,33,57,5884693,64.5,64.52,64.48,64.5,84,BRN FMF0026!
2025-11-04 17:41:00+00:00,33,57,5884693,64.5,64.5,64.48,64.49,113,BRN FMF0026!
2025-11-04 17:42:00+00:00,33,57,5884693,64.49,64.49,64.46,64.48,167,BRN FMF0026!
2025-11-04 17:43:00+00:00,33,57,5884693,64.48,64.53,64.48,64.53,122,BRN FMF0026!
2025-11-04 17:44:00+00:00,33,57,5884693,64.53,64.54,64.52,64.53,65,BRN FMF0026!
2025-11-04 17:45:00+00:00,33,57,5884693,64.54,64.56,64.53,64.56,753,BRN FMF0026!
2025-11-04 17:46:00+00:00,33,57,5884693,64.57,64.57,64.55,64.57,112,BRN FMF0026!
2025-11-04 17:47:00+00:00,33,57,5884693,64.57,64.58,64.56,64.57,215,BRN FMF0026!
2025-11-04 17:48:00+00:00,33,57,5884693,64.58,64.59,64.58,64.59,111,BRN FMF0026!
2025-11-04 17:49:00+00:00,33,57,5884693,64.59,64.61,64.58,64.61,140,BRN FMF0026!
2025-11-04 17:50:00+00:00,33,57,5884693,64.61,64.74,64.61,64.69,905,BRN FMF0026!
2025-11-04 17:51:00+00:00,33,57,5884693,64.69,64.72,64.65,64.66,609,BRN FMF0026!
2025-11-04 17:52:00+00:00,33,57,5884693,64.67,64.68,64.63,64.63,246,BRN FMF0026!
2025-11-04 17:53:00+00:00,33,57,5884693,64.64,64.66,64.64,64.64,119,BRN FMF0026!
2025-11-04 17:54:00+00:00,33,57,5884693,64.63,64.64,64.62,64.64,175,BRN FMF0026!
2025-11-04 17:55:00+00:00,33,57,5884693,64.65,64.65,64.63,64.63,256,BRN FMF0026!
2025-11-04 17:56:00+00:00,33,57,5884693,64.63,64.63,64.6,64.61,124,BRN FMF0026!
2025-11-04 17:57:00+00:00,33,57,5884693,64.6,64.6,64.56,64.57,102,BRN FMF0026!
2025-11-04 17:58:00+00:00,33,57,5884693,64.57,64.62,64.57,64.61,118,BRN FMF0026!
2025-11-04 17:59:00+00:00,33,57,5884693,64.61,64.64,64.61,64.62,151,BRN FMF0026!
2025-11-04 18:00:00+00:00,33,57,5884693,64.61,64.62,64.59,64.62,84,BRN FMF0026!
2025-11-04 18:01:00+00:00,33,57,5884693,64.61,64.63,64.6,64.61,92,BRN FMF0026!
2025-11-04 18:02:00+00:00,33,57,5884693,64.6,64.65,64.59,64.6,169,BRN FMF0026!
2025-11-04 18:03:00+00:00,33,57,5884693,64.59,64.61,64.59,64.6,150,BRN FMF0026!
2025-11-04 18:04:00+00:00,33,57,5884693,64.59,64.59,64.57,64.57,199,BRN FMF0026!
2025-11-04 18:05:00+00:00,33,57,5884693,64.56,64.59,64.56,64.57,171,BRN FMF0026!
2025-11-04 18:06:00+00:00,33,57,5884693,64.57,64.6,64.57,64.59,260,BRN FMF0026!
2025-11-04 18:07:00+00:00,33,57,5884693,64.59,64.6,64.58,64.59,143,BRN FMF0026!
2025-11-04 18:08:00+00:00,33,57,5884693,64.59,64.59,64.55,64.58,738,BRN FMF0026!
2025-11-04 18:09:00+00:00,33,57,5884693,64.58,64.59,64.56,64.57,206,BRN FMF0026!
2025-11-04 18:10:00+00:00,33,57,5884693,64.57,64.6,64.55,64.56,376,BRN FMF0026!
2025-11-04 18:11:00+00:00,33,57,5884693,64.57,64.59,64.56,64.59,112,BRN FMF0026!
2025-11-04 18:12:00+00:00,33,57,5884693,64.58,64.58,64.55,64.57,282,BRN FMF0026!
2025-11-04 18:13:00+00:00,33,57,5884693,64.56,64.58,64.55,64.55,84,BRN FMF0026!
2025-11-04 18:14:00+00:00,33,57,5884693,64.56,64.58,64.56,64.57,235,BRN FMF0026!
2025-11-04 18:15:00+00:00,33,57,5884693,64.58,64.58,64.55,64.56,826,BRN FMF0026!
2025-11-04 18:16:00+00:00,33,57,5884693,64.56,64.57,64.55,64.56,143,BRN FMF0026!
2025-11-04 18:17:00+00:00,33,57,5884693,64.56,64.62,64.56,64.6,430,BRN FMF0026!
2025-11-04 18:18:00+00:00,33,57,5884693,64.61,64.62,64.59,64.59,57,BRN FMF0026!
2025-11-04 18:19:00+00:00,33,57,5884693,64.6,64.63,64.59,64.6,117,BRN FMF0026!
2025-11-04 18:20:00+00:00,33,57,5884693,64.6,64.62,64.6,64.61,62,BRN FMF0026!
2025-11-04 18:21:00+00:00,33,57,5884693,64.62,64.64,64.6,64.62,121,BRN FMF0026!
2025-11-04 18:22:00+00:00,33,57,5884693,64.62,64.67,64.61,64.66,76,BRN FMF0026!
2025-11-04 18:23:00+00:00,33,57,5884693,64.66,64.67,64.65,64.65,369,BRN FMF0026!
2025-11-04 18:24:00+00:00,33,57,5884693,64.66,64.7,64.64,64.69,434,BRN FMF0026!
2025-11-04 18:25:00+00:00,33,57,5884693,64.68,64.71,64.66,64.67,490,BRN FMF0026!
2025-11-04 18:26:00+00:00,33,57,5884693,64.66,64.68,64.64,64.65,364,BRN FMF0026!
2025-11-04 18:27:00+00:00,33,57,5884693,64.65,64.68,64.63,64.68,574,BRN FMF0026!
2025-11-04 18:28:00+00:00,33,57,5884693,64.68,64.7,64.64,64.64,731,BRN FMF0026!
2025-11-04 18:29:00+00:00,33,57,5884693,64.65,64.65,64.61,64.62,558,BRN FMF0026!
2025-11-04 18:30:00+00:00,33,57,5884693,64.63,64.67,64.63,64.65,626,BRN FMF0026!
2025-11-04 18:31:00+00:00,33,57,5884693,64.65,64.65,64.62,64.63,130,BRN FMF0026!
2025-11-04 18:32:00+00:00,33,57,5884693,64.64,64.67,64.6,64.61,350,BRN FMF0026!
2025-11-04 18:33:00+00:00,33,57,5884693,64.6,64.6,64.57,64.58,263,BRN FMF0026!
2025-11-04 18:34:00+00:00,33,57,5884693,64.58,64.58,64.56,64.56,152,BRN FMF0026!
2025-11-04 18:35:00+00:00,33,57,5884693,64.55,64.57,64.49,64.49,482,BRN FMF0026!
2025-11-04 18:36:00+00:00,33,57,5884693,64.49,64.49,64.42,64.45,814,BRN FMF0026!
2025-11-04 18:37:00+00:00,33,57,5884693,64.46,64.48,64.39,64.41,380,BRN FMF0026!
2025-11-04 18:38:00+00:00,33,57,5884693,64.41,64.43,64.39,64.4,266,BRN FMF0026!
2025-11-04 18:39:00+00:00,33,57,5884693,64.41,64.43,64.4,64.43,109,BRN FMF0026!
2025-11-04 18:40:00+00:00,33,57,5884693,64.42,64.43,64.4,64.4,333,BRN FMF0026!
2025-11-04 18:41:00+00:00,33,57,5884693,64.41,64.45,64.41,64.45,84,BRN FMF0026!
2025-11-04 18:42:00+00:00,33,57,5884693,64.45,64.48,64.43,64.43,236,BRN FMF0026!
2025-11-04 18:43:00+00:00,33,57,5884693,64.43,64.44,64.42,64.44,99,BRN FMF0026!
2025-11-04 18:44:00+00:00,33,57,5884693,64.44,64.46,64.44,64.45,66,BRN FMF0026!
2025-11-04 18:45:00+00:00,33,57,5884693,64.45,64.46,64.44,64.45,83,BRN FMF0026!
2025-11-04 18:46:00+00:00,33,57,5884693,64.44,64.45,64.42,64.42,131,BRN FMF0026!
2025-11-04 18:47:00+00:00,33,57,5884693,64.43,64.45,64.4,64.4,229,BRN FMF0026!
2025-11-04 18:48:00+00:00,33,57,5884693,64.4,64.43,64.4,64.4,167,BRN FMF0026!
2025-11-04 18:49:00+00:00,33,57,5884693,64.4,64.44,64.4,64.42,153,BRN FMF0026!
2025-11-04 18:50:00+00:00,33,57,5884693,64.43,64.46,64.43,64.45,271,BRN FMF0026!
2025-11-04 18:51:00+00:00,33,57,5884693,64.44,64.46,64.44,64.45,59,BRN FMF0026!
2025-11-04 18:52:00+00:00,33,57,5884693,64.45,64.47,64.44,64.46,171,BRN FMF0026!
2025-11-04 18:53:00+00:00,33,57,5884693,64.46,64.52,64.46,64.48,630,BRN FMF0026!
2025-11-04 18:54:00+00:00,33,57,5884693,64.49,64.54,64.49,64.53,294,BRN FMF0026!
2025-11-04 18:55:00+00:00,33,57,5884693,64.53,64.53,64.5,64.51,140,BRN FMF0026!
2025-11-04 18:56:00+00:00,33,57,5884693,64.51,64.51,64.48,64.51,239,BRN FMF0026!
2025-11-04 18:57:00+00:00,33,57,5884693,64.5,64.53,64.5,64.51,188,BRN FMF0026!
2025-11-04 18:58:00+00:00,33,57,5884693,64.52,64.54,64.5,64.5,92,BRN FMF0026!
2025-11-04 18:59:00+00:00,33,57,5884693,64.51,64.53,64.5,64.52,159,BRN FMF0026!
2025-11-04 19:00:00+00:00,33,57,5884693,64.52,64.55,64.5,64.55,257,BRN FMF0026!
2025-11-04 19:01:00+00:00,33,57,5884693,64.56,64.57,64.55,64.55,317,BRN FMF0026!
2025-11-04 19:02:00+00:00,33,57,5884693,64.56,64.58,64.55,64.57,267,BRN FMF0026!
2025-11-04 19:03:00+00:00,33,57,5884693,64.56,64.57,64.54,64.54,148,BRN FMF0026!
2025-11-04 19:04:00+00:00,33,57,5884693,64.54,64.56,64.52,64.53,255,BRN FMF0026!
2025-11-04 19:05:00+00:00,33,57,5884693,64.53,64.55,64.48,64.49,702,BRN FMF0026!
2025-11-04 19:06:00+00:00,33,57,5884693,64.49,64.49,64.46,64.47,132,BRN FMF0026!
2025-11-04 19:07:00+00:00,33,57,5884693,64.48,64.48,64.45,64.47,254,BRN FMF0026!
2025-11-04 19:08:00+00:00,33,57,5884693,64.47,64.47,64.43,64.44,153,BRN FMF0026!
2025-11-04 19:09:00+00:00,33,57,5884693,64.44,64.45,64.41,64.42,295,BRN FMF0026!
2025-11-04 19:10:00+00:00,33,57,5884693,64.42,64.45,64.42,64.44,109,BRN FMF0026!
2025-11-04 19:11:00+00:00,33,57,5884693,64.44,64.45,64.41,64.42,235,BRN FMF0026!
2025-11-04 19:12:00+00:00,33,57,5884693,64.42,64.45,64.42,64.45,54,BRN FMF0026!
2025-11-04 19:13:00+00:00,33,57,5884693,64.45,64.47,64.43,64.43,82,BRN FMF0026!
2025-11-04 19:14:00+00:00,33,57,5884693,64.44,64.45,64.43,64.43,94,BRN FMF0026!
2025-11-04 19:15:00+00:00,33,57,5884693,64.45,64.45,64.41,64.41,800,BRN FMF0026!
2025-11-04 19:16:00+00:00,33,57,5884693,64.41,64.43,64.38,64.41,934,BRN FMF0026!
2025-11-04 19:17:00+00:00,33,57,5884693,64.41,64.42,64.4,64.4,89,BRN FMF0026!
2025-11-04 19:18:00+00:00,33,57,5884693,64.41,64.45,64.41,64.44,346,BRN FMF0026!
2025-11-04 19:19:00+00:00,33,57,5884693,64.45,64.46,64.42,64.45,385,BRN FMF0026!
2025-11-04 19:20:00+00:00,33,57,5884693,64.45,64.49,64.43,64.48,406,BRN FMF0026!
2025-11-04 19:21:00+00:00,33,57,5884693,64.48,64.5,64.45,64.46,317,BRN FMF0026!
2025-11-04 19:22:00+00:00,33,57,5884693,64.46,64.46,64.43,64.44,404,BRN FMF0026!
2025-11-04 19:23:00+00:00,33,57,5884693,64.43,64.45,64.42,64.44,273,BRN FMF0026!
2025-11-04 19:24:00+00:00,33,57,5884693,64.44,64.44,64.42,64.44,135,BRN FMF0026!
2025-11-04 19:25:00+00:00,33,57,5884693,64.44,64.44,64.4,64.42,725,BRN FMF0026!
2025-11-04 19:26:00+00:00,33,57,5884693,64.43,64.43,64.36,64.39,1584,BRN FMF0026!
2025-11-04 19:27:00+00:00,33,57,5884693,64.39,64.42,64.36,64.4,435,BRN FMF0026!
2025-11-04 19:28:00+00:00,33,57,5884693,64.4,64.47,64.4,64.44,2252,BRN FMF0026!
2025-11-04 19:29:00+00:00,33,57,5884693,64.44,64.48,64.41,64.45,2682,BRN FMF0026!
2025-11-04 19:30:00+00:00,33,57,5884693,64.46,64.47,64.43,64.44,816,BRN FMF0026!
2025-11-04 19:31:00+00:00,33,57,5884693,64.44,64.44,64.37,64.41,521,BRN FMF0026!
2025-11-04 19:32:00+00:00,33,57,5884693,64.41,64.42,64.39,64.4,192,BRN FMF0026!
2025-11-04 19:33:00+00:00,33,57,5884693,64.41,64.42,64.41,64.41,44,BRN FMF0026!
2025-11-04 19:34:00+00:00,33,57,5884693,64.41,64.44,64.4,64.44,132,BRN FMF0026!
2025-11-04 19:35:00+00:00,33,57,5884693,64.45,64.45,64.41,64.41,159,BRN FMF0026!
2025-11-04 19:36:00+00:00,33,57,5884693,64.42,64.43,64.42,64.43,41,BRN FMF0026!
2025-11-04 19:37:00+00:00,33,57,5884693,64.44,64.45,64.44,64.44,97,BRN FMF0026!
2025-11-04 19:38:00+00:00,33,57,5884693,64.45,64.45,64.4,64.41,200,BRN FMF0026!
2025-11-04 19:39:00+00:00,33,57,5884693,64.42,64.45,64.42,64.45,172,BRN FMF0026!
2025-11-04 19:40:00+00:00,33,57,5884693,64.45,64.48,64.45,64.47,84,BRN FMF0026!
2025-11-04 19:41:00+00:00,33,57,5884693,64.48,64.48,64.46,64.47,71,BRN FMF0026!
2025-11-04 19:42:00+00:00,33,57,5884693,64.47,64.49,64.46,64.47,244,BRN FMF0026!
2025-11-04 19:43:00+00:00,33,57,5884693,64.48,64.48,64.46,64.47,95,BRN FMF0026!
2025-11-04 19:44:00+00:00,33,57,5884693,64.46,64.48,64.46,64.46,175,BRN FMF0026!
2025-11-04 19:45:00+00:00,33,57,5884693,64.46,64.48,64.46,64.47,263,BRN FMF0026!
2025-11-04 19:46:00+00:00,33,57,5884693,64.48,64.48,64.45,64.45,215,BRN FMF0026!
2025-11-04 19:47:00+00:00,33,57,5884693,64.46,64.48,64.44,64.47,154,BRN FMF0026!
2025-11-04 19:48:00+00:00,33,57,5884693,64.51,64.51,64.47,64.49,337,BRN FMF0026!
2025-11-04 19:49:00+00:00,33,57,5884693,64.5,64.54,64.5,64.54,77,BRN FMF0026!
2025-11-04 19:50:00+00:00,33,57,5884693,64.53,64.57,64.52,64.56,333,BRN FMF0026!
2025-11-04 19:51:00+00:00,33,57,5884693,64.56,64.58,64.53,64.54,169,BRN FMF0026!
2025-11-04 19:52:00+00:00,33,57,5884693,64.54,64.56,64.54,64.55,131,BRN FMF0026!
2025-11-04 19:53:00+00:00,33,57,5884693,64.55,64.55,64.54,64.54,17,BRN FMF0026!
2025-11-04 19:54:00+00:00,33,57,5884693,64.54,64.55,64.51,64.53,167,BRN FMF0026!
2025-11-04 19:55:00+00:00,33,57,5884693,64.53,64.53,64.51,64.52,30,BRN FMF0026!
2025-11-04 19:56:00+00:00,33,57,5884693,64.52,64.52,64.48,64.49,108,BRN FMF0026!
2025-11-04 19:57:00+00:00,33,57,5884693,64.48,64.48,64.46,64.46,17,BRN FMF0026!
2025-11-04 19:58:00+00:00,33,57,5884693,64.45,64.45,64.43,64.45,25,BRN FMF0026!
2025-11-04 19:59:00+00:00,33,57,5884693,64.45,64.45,64.43,64.43,70,BRN FMF0026!
2025-11-04 20:00:00+00:00,33,57,5884693,64.42,64.44,64.42,64.44,17,BRN FMF0026!
2025-11-04 20:01:00+00:00,33,57,5884693,64.43,64.46,64.43,64.45,27,BRN FMF0026!
2025-11-04 20:02:00+00:00,33,57,5884693,64.44,64.45,64.44,64.44,35,BRN FMF0026!
2025-11-04 20:03:00+00:00,33,57,5884693,64.44,64.44,64.41,64.42,71,BRN FMF0026!
2025-11-04 20:04:00+00:00,33,57,5884693,64.41,64.42,64.41,64.42,21,BRN FMF0026!
2025-11-04 20:05:00+00:00,33,57,5884693,64.41,64.44,64.4,64.44,107,BRN FMF0026!
2025-11-04 20:06:00+00:00,33,57,5884693,64.44,64.44,64.42,64.43,49,BRN FMF0026!
2025-11-04 20:07:00+00:00,33,57,5884693,64.42,64.42,64.41,64.42,20,BRN FMF0026!
2025-11-04 20:08:00+00:00,33,57,5884693,64.42,64.42,64.42,64.42,25,BRN FMF0026!
2025-11-04 20:09:00+00:00,33,57,5884693,64.42,64.42,64.41,64.41,25,BRN FMF0026!
2025-11-04 20:10:00+00:00,33,57,5884693,64.41,64.41,64.41,64.41,3,BRN FMF0026!
2025-11-04 20:11:00+00:00,33,57,5884693,64.42,64.42,64.4,64.4,22,BRN FMF0026!
2025-11-04 20:12:00+00:00,33,57,5884693,64.39,64.39,64.34,64.34,72,BRN FMF0026!
2025-11-04 20:13:00+00:00,33,57,5884693,64.34,64.36,64.33,64.35,144,BRN FMF0026!
2025-11-04 20:14:00+00:00,33,57,5884693,64.35,64.35,64.33,64.34,52,BRN FMF0026!
2025-11-04 20:15:00+00:00,33,57,5884693,64.34,64.36,64.34,64.35,78,BRN FMF0026!
2025-11-04 20:16:00+00:00,33,57,5884693,64.36,64.36,64.36,64.36,9,BRN FMF0026!
2025-11-04 20:17:00+00:00,33,57,5884693,64.35,64.35,64.34,64.34,14,BRN FMF0026!
2025-11-04 20:18:00+00:00,33,57,5884693,64.35,64.35,64.35,64.35,12,BRN FMF0026!
2025-11-04 20:19:00+00:00,33,57,5884693,64.35,64.35,64.35,64.35,15,BRN FMF0026!
2025-11-04 20:20:00+00:00,33,57,5884693,64.36,64.36,64.34,64.35,48,BRN FMF0026!
2025-11-04 20:21:00+00:00,33,57,5884693,64.35,64.35,64.34,64.34,23,BRN FMF0026!
2025-11-04 20:22:00+00:00,33,57,5884693,64.33,64.34,64.33,64.34,31,BRN FMF0026!
2025-11-04 20:23:00+00:00,33,57,5884693,64.33,64.33,64.33,64.33,21,BRN FMF0026!
2025-11-04 20:24:00+00:00,33,57,5884693,64.34,64.35,64.34,64.34,24,BRN FMF0026!
2025-11-04 20:25:00+00:00,33,57,5884693,64.34,64.35,64.34,64.35,20,BRN FMF0026!
2025-11-04 20:26:00+00:00,33,57,5884693,64.35,64.35,64.34,64.34,54,BRN FMF0026!
2025-11-04 20:27:00+00:00,33,57,5884693,64.34,64.35,64.34,64.35,148,BRN FMF0026!
2025-11-04 20:28:00+00:00,33,57,5884693,64.35,64.35,64.34,64.35,12,BRN FMF0026!
2025-11-04 20:29:00+00:00,33,57,5884693,64.35,64.36,64.34,64.34,76,BRN FMF0026!
2025-11-04 20:30:00+00:00,33,57,5884693,64.33,64.34,64.33,64.34,70,BRN FMF0026!
2025-11-04 20:31:00+00:00,33,57,5884693,64.35,64.35,64.33,64.33,10,BRN FMF0026!
2025-11-04 20:32:00+00:00,33,57,5884693,64.33,64.34,64.33,64.34,25,BRN FMF0026!
2025-11-04 20:33:00+00:00,33,57,5884693,64.33,64.33,64.31,64.31,8,BRN FMF0026!
2025-11-04 20:34:00+00:00,33,57,5884693,64.31,64.37,64.31,64.32,249,BRN FMF0026!
2025-11-04 20:35:00+00:00,33,57,5884693,64.32,64.33,64.32,64.33,24,BRN FMF0026!
2025-11-04 20:36:00+00:00,33,57,5884693,64.34,64.34,64.34,64.34,78,BRN FMF0026!
2025-11-04 20:37:00+00:00,33,57,5884693,64.35,64.36,64.35,64.36,13,BRN FMF0026!
2025-11-04 20:38:00+00:00,33,57,5884693,64.36,64.36,64.36,64.36,17,BRN FMF0026!
2025-11-04 20:39:00+00:00,33,57,5884693,64.37,64.37,64.36,64.36,16,BRN FMF0026!
2025-11-04 20:40:00+00:00,33,57,5884693,64.36,64.36,64.36,64.36,28,BRN FMF0026!
2025-11-04 20:41:00+00:00,33,57,5884693,64.37,64.37,64.37,64.37,2,BRN FMF0026!
2025-11-04 20:42:00+00:00,33,57,5884693,64.37,64.38,64.37,64.38,36,BRN FMF0026!
2025-11-04 20:43:00+00:00,33,57,5884693,64.38,64.39,64.38,64.38,52,BRN FMF0026!
2025-11-04 20:44:00+00:00,33,57,5884693,64.37,64.37,64.35,64.36,62,BRN FMF0026!
2025-11-04 20:45:00+00:00,33,57,5884693,64.35,64.36,64.35,64.36,33,BRN FMF0026!
2025-11-04 20:46:00+00:00,33,57,5884693,64.36,64.36,64.35,64.36,30,BRN FMF0026!
2025-11-04 20:47:00+00:00,33,57,5884693,64.36,64.37,64.33,64.33,47,BRN FMF0026!
2025-11-04 20:48:00+00:00,33,57,5884693,64.34,64.36,64.34,64.34,79,BRN FMF0026!
2025-11-04 20:49:00+00:00,33,57,5884693,64.33,64.33,64.31,64.31,20,BRN FMF0026!
2025-11-04 20:50:00+00:00,33,57,5884693,64.31,64.32,64.31,64.32,18,BRN FMF0026!
2025-11-04 20:51:00+00:00,33,57,5884693,64.32,64.32,64.31,64.31,11,BRN FMF0026!
2025-11-04 20:52:00+00:00,33,57,5884693,64.3,64.31,64.29,64.31,88,BRN FMF0026!
2025-11-04 20:53:00+00:00,33,57,5884693,64.32,64.33,64.31,64.32,38,BRN FMF0026!
2025-11-04 20:54:00+00:00,33,57,5884693,64.32,64.32,64.29,64.29,28,BRN FMF0026!
2025-11-04 20:55:00+00:00,33,57,5884693,64.3,64.3,64.28,64.28,79,BRN FMF0026!
2025-11-04 20:56:00+00:00,33,57,5884693,64.27,64.27,64.26,64.27,46,BRN FMF0026!
2025-11-04 20:57:00+00:00,33,57,5884693,64.27,64.27,64.26,64.26,21,BRN FMF0026!
2025-11-04 20:58:00+00:00,33,57,5884693,64.26,64.3,64.26,64.29,775,BRN FMF0026!
2025-11-04 20:59:00+00:00,33,57,5884693,64.29,64.3,64.27,64.29,107,BRN FMF0026!
2025-11-04 21:00:00+00:00,33,57,5884693,64.29,64.29,64.27,64.28,16,BRN FMF0026!
2025-11-04 21:01:00+00:00,33,57,5884693,64.27,64.28,64.26,64.26,147,BRN FMF0026!
2025-11-04 21:02:00+00:00,33,57,5884693,64.25,64.28,64.25,64.28,52,BRN FMF0026!
2025-11-04 21:03:00+00:00,33,57,5884693,64.28,64.29,64.28,64.29,4,BRN FMF0026!
2025-11-04 21:04:00+00:00,33,57,5884693,64.3,64.31,64.3,64.3,20,BRN FMF0026!
2025-11-04 21:05:00+00:00,33,57,5884693,64.29,64.29,64.29,64.29,3,BRN FMF0026!
2025-11-04 21:06:00+00:00,33,57,5884693,64.29,64.29,64.29,64.29,10,BRN FMF0026!
2025-11-04 21:07:00+00:00,33,57,5884693,64.29,64.3,64.29,64.3,8,BRN FMF0026!
2025-11-04 21:08:00+00:00,33,57,5884693,64.29,64.3,64.29,64.29,23,BRN FMF0026!
2025-11-04 21:09:00+00:00,33,57,5884693,64.28,64.28,64.28,64.28,2,BRN FMF0026!
2025-11-04 21:12:00+00:00,33,57,5884693,64.26,64.28,64.26,64.28,6,BRN FMF0026!
2025-11-04 21:13:00+00:00,33,57,5884693,64.27,64.27,64.26,64.26,8,BRN FMF0026!
2025-11-04 21:15:00+00:00,33,57,5884693,64.27,64.27,64.27,64.27,14,BRN FMF0026!
2025-11-04 21:16:00+00:00,33,57,5884693,64.28,64.28,64.28,64.28,6,BRN FMF0026!
2025-11-04 21:17:00+00:00,33,57,5884693,64.26,64.26,64.26,64.26,1,BRN FMF0026!
2025-11-04 21:19:00+00:00,33,57,5884693,64.27,64.27,64.27,64.27,9,BRN FMF0026!
2025-11-04 21:21:00+00:00,33,57,5884693,64.27,64.27,64.27,64.27,7,BRN FMF0026!
2025-11-04 21:22:00+00:00,33,57,5884693,64.26,64.27,64.25,64.26,68,BRN FMF0026!
2025-11-04 21:23:00+00:00,33,57,5884693,64.26,64.26,64.26,64.26,4,BRN FMF0026!
2025-11-04 21:24:00+00:00,33,57,5884693,64.26,64.26,64.26,64.26,5,BRN FMF0026!
2025-11-04 21:25:00+00:00,33,57,5884693,64.26,64.26,64.26,64.26,1,BRN FMF0026!
2025-11-04 21:26:00+00:00,33,57,5884693,,,,,1,BRN FMF0026!
2025-11-04 21:27:00+00:00,33,57,5884693,,,,,6,BRN FMF0026!
2025-11-04 21:28:00+00:00,33,57,5884693,64.25,64.26,64.25,64.26,56,BRN FMF0026!
2025-11-04 21:29:00+00:00,33,57,5884693,64.25,64.25,64.25,64.25,5,BRN FMF0026!
2025-11-04 21:30:00+00:00,33,57,5884693,64.26,64.29,64.23,64.29,355,BRN FMF0026!
2025-11-04 21:31:00+00:00,33,57,5884693,64.3,64.3,64.27,64.27,25,BRN FMF0026!
2025-11-04 21:32:00+00:00,33,57,5884693,64.26,64.27,64.25,64.25,22,BRN FMF0026!
2025-11-04 21:33:00+00:00,33,57,5884693,64.25,64.25,64.25,64.25,4,BRN FMF0026!
2025-11-04 21:34:00+00:00,33,57,5884693,64.26,64.27,64.26,64.27,6,BRN FMF0026!
2025-11-04 21:35:00+00:00,33,57,5884693,64.28,64.29,64.25,64.26,15,BRN FMF0026!
2025-11-04 21:36:00+00:00,33,57,5884693,64.27,64.28,64.27,64.28,22,BRN FMF0026!
2025-11-04 21:37:00+00:00,33,57,5884693,64.29,64.29,64.29,64.29,66,BRN FMF0026!
2025-11-04 21:38:00+00:00,33,57,5884693,64.3,64.33,64.3,64.33,37,BRN FMF0026!
2025-11-04 21:39:00+00:00,33,57,5884693,64.33,64.33,64.32,64.32,14,BRN FMF0026!
2025-11-04 21:40:00+00:00,33,57,5884693,64.32,64.32,64.32,64.32,77,BRN FMF0026!
2025-11-04 21:41:00+00:00,33,57,5884693,64.31,64.31,64.31,64.31,153,BRN FMF0026!
2025-11-04 21:42:00+00:00,33,57,5884693,64.31,64.31,64.31,64.31,18,BRN FMF0026!
2025-11-04 21:43:00+00:00,33,57,5884693,64.32,64.33,64.32,64.33,37,BRN FMF0026!
2025-11-04 21:44:00+00:00,33,57,5884693,64.33,64.33,64.33,64.33,6,BRN FMF0026!
2025-11-04 21:45:00+00:00,33,57,5884693,64.32,64.33,64.31,64.32,45,BRN FMF0026!
2025-11-04 21:46:00+00:00,33,57,5884693,64.31,64.31,64.27,64.28,325,BRN FMF0026!
2025-11-04 21:47:00+00:00,33,57,5884693,64.29,64.29,64.29,64.29,18,BRN FMF0026!
2025-11-04 21:48:00+00:00,33,57,5884693,64.29,64.29,64.29,64.29,6,BRN FMF0026!
2025-11-04 21:49:00+00:00,33,57,5884693,64.3,64.3,64.28,64.28,24,BRN FMF0026!
2025-11-04 21:50:00+00:00,33,57,5884693,64.27,64.28,64.27,64.28,17,BRN FMF0026!
2025-11-04 21:51:00+00:00,33,57,5884693,64.3,64.3,64.3,64.3,7,BRN FMF0026!
2025-11-04 21:52:00+00:00,33,57,5884693,64.3,64.31,64.3,64.31,5,BRN FMF0026!
2025-11-04 21:53:00+00:00,33,57,5884693,64.31,64.33,64.31,64.33,16,BRN FMF0026!
2025-11-04 21:54:00+00:00,33,57,5884693,64.33,64.34,64.33,64.34,56,BRN FMF0026!
2025-11-04 21:55:00+00:00,33,57,5884693,64.33,64.35,64.32,64.32,42,BRN FMF0026!
2025-11-04 21:56:00+00:00,33,57,5884693,64.33,64.34,64.32,64.33,28,BRN FMF0026!
2025-11-04 21:57:00+00:00,33,57,5884693,64.32,64.34,64.32,64.33,30,BRN FMF0026!
2025-11-04 21:58:00+00:00,33,57,5884693,64.33,64.33,64.31,64.31,26,BRN FMF0026!
2025-11-04 21:59:00+00:00,33,57,5884693,64.31,64.34,64.3,64.34,203,BRN FMF0026!
2025-11-04 22:00:00+00:00,33,57,5884693,64.33,64.33,64.33,64.33,1,BRN FMF0026!
2025-11-04 22:04:00+00:00,33,57,5884693,64.31,64.31,64.31,64.31,3,BRN FMF0026!
2025-11-04 22:07:00+00:00,33,57,5884693,64.31,64.31,64.31,64.31,7,BRN FMF0026!
2025-11-04 22:11:00+00:00,33,57,5884693,64.3,64.34,64.3,64.34,61,BRN FMF0026!
2025-11-04 22:12:00+00:00,33,57,5884693,64.3,64.3,64.3,64.3,2,BRN FMF0026!
2025-11-04 22:28:00+00:00,33,57,5884693,64.34,64.34,64.34,64.34,1,BRN FMF0026!
2025-11-04 22:43:00+00:00,33,57,5884693,64.34,64.34,64.34,64.34,1,BRN FMF0026!
2025-11-04 22:56:00+00:00,33,57,5884693,64.31,64.31,64.3,64.3,3,BRN FMF0026!
2025-11-04 22:58:00+00:00,33,57,5884693,64.36,64.36,64.35,64.35,2,BRN FMF0026!
2025-11-04 22:59:00+00:00,33,57,5884693,64.35,64.35,64.35,64.35,1,BRN FMF0026!
2025-11-05 01:00:00+00:00,33,57,5884693,64.18,64.23,64.17,64.18,364,BRN FMF0026!
2025-11-05 01:01:00+00:00,33,57,5884693,64.18,64.24,64.17,64.24,170,BRN FMF0026!
2025-11-05 01:02:00+00:00,33,57,5884693,64.23,64.23,64.19,64.2,65,BRN FMF0026!
2025-11-05 01:03:00+00:00,33,57,5884693,64.2,64.23,64.2,64.21,43,BRN FMF0026!
2025-11-05 01:04:00+00:00,33,57,5884693,64.2,64.2,64.19,64.19,24,BRN FMF0026!
2025-11-05 01:05:00+00:00,33,57,5884693,64.19,64.19,64.14,64.15,95,BRN FMF0026!
2025-11-05 01:06:00+00:00,33,57,5884693,64.14,64.15,64.13,64.13,16,BRN FMF0026!
2025-11-05 01:07:00+00:00,33,57,5884693,64.13,64.15,64.13,64.14,28,BRN FMF0026!
2025-11-05 01:08:00+00:00,33,57,5884693,64.14,64.15,64.11,64.13,207,BRN FMF0026!
2025-11-05 01:09:00+00:00,33,57,5884693,64.12,64.12,64.1,64.1,46,BRN FMF0026!
2025-11-05 01:10:00+00:00,33,57,5884693,64.11,64.11,64.09,64.1,185,BRN FMF0026!
2025-11-05 01:11:00+00:00,33,57,5884693,64.1,64.12,64.1,64.11,56,BRN FMF0026!
2025-11-05 01:12:00+00:00,33,57,5884693,64.11,64.13,64.11,64.11,38,BRN FMF0026!
2025-11-05 01:13:00+00:00,33,57,5884693,64.11,64.11,64.09,64.09,12,BRN FMF0026!
2025-11-05 01:14:00+00:00,33,57,5884693,64.09,64.1,64.09,64.09,13,BRN FMF0026!
2025-11-05 01:15:00+00:00,33,57,5884693,64.08,64.09,64.06,64.07,51,BRN FMF0026!
2025-11-05 01:16:00+00:00,33,57,5884693,64.07,64.07,64.06,64.06,59,BRN FMF0026!
2025-11-05 01:17:00+00:00,33,57,5884693,64.06,64.08,64.06,64.06,21,BRN FMF0026!
2025-11-05 01:18:00+00:00,33,57,5884693,64.06,64.07,64.05,64.05,110,BRN FMF0026!
2025-11-05 01:19:00+00:00,33,57,5884693,64.05,64.05,64.01,64.01,104,BRN FMF0026!
2025-11-05 01:20:00+00:00,33,57,5884693,64.0,64.01,63.97,63.99,162,BRN FMF0026!
2025-11-05 01:21:00+00:00,33,57,5884693,63.98,63.98,63.97,63.97,12,BRN FMF0026!
2025-11-05 01:22:00+00:00,33,57,5884693,63.97,63.99,63.97,63.99,39,BRN FMF0026!
2025-11-05 01:23:00+00:00,33,57,5884693,63.99,63.99,63.94,63.94,223,BRN FMF0026!
2025-11-05 01:24:00+00:00,33,57,5884693,63.93,63.95,63.93,63.95,63,BRN FMF0026!
2025-11-05 01:25:00+00:00,33,57,5884693,63.95,63.95,63.93,63.93,77,BRN FMF0026!
2025-11-05 01:26:00+00:00,33,57,5884693,63.93,63.94,63.93,63.93,50,BRN FMF0026!
2025-11-05 01:27:00+00:00,33,57,5884693,63.93,63.95,63.9,63.92,170,BRN FMF0026!
2025-11-05 01:28:00+00:00,33,57,5884693,63.93,63.94,63.91,63.93,50,BRN FMF0026!
2025-11-05 01:29:00+00:00,33,57,5884693,63.94,63.95,63.94,63.94,55,BRN FMF0026!
2025-11-05 01:30:00+00:00,33,57,5884693,63.94,63.97,63.93,63.96,81,BRN FMF0026!
2025-11-05 01:31:00+00:00,33,57,5884693,63.96,63.96,63.92,63.92,27,BRN FMF0026!
2025-11-05 01:32:00+00:00,33,57,5884693,63.92,63.95,63.92,63.95,62,BRN FMF0026!
2025-11-05 01:33:00+00:00,33,57,5884693,63.95,63.97,63.95,63.96,47,BRN FMF0026!
2025-11-05 01:34:00+00:00,33,57,5884693,63.96,63.97,63.95,63.97,17,BRN FMF0026!
2025-11-05 01:35:00+00:00,33,57,5884693,63.98,64.01,63.97,64.0,103,BRN FMF0026!
2025-11-05 01:36:00+00:00,33,57,5884693,64.01,64.04,64.01,64.02,80,BRN FMF0026!
2025-11-05 01:37:00+00:00,33,57,5884693,64.03,64.03,64.02,64.02,24,BRN FMF0026!
2025-11-05 01:38:00+00:00,33,57,5884693,64.02,64.04,64.02,64.02,23,BRN FMF0026!
2025-11-05 01:39:00+00:00,33,57,5884693,64.02,64.02,63.99,63.99,27,BRN FMF0026!
2025-11-05 01:40:00+00:00,33,57,5884693,63.98,64.03,63.98,64.03,21,BRN FMF0026!
2025-11-05 01:41:00+00:00,33,57,5884693,64.03,64.06,64.03,64.06,71,BRN FMF0026!
2025-11-05 01:42:00+00:00,33,57,5884693,64.06,64.06,64.04,64.04,33,BRN FMF0026!
2025-11-05 01:43:00+00:00,33,57,5884693,,,,,10,BRN FMF0026!
2025-11-05 01:44:00+00:00,33,57,5884693,64.04,64.06,64.02,64.02,66,BRN FMF0026!
2025-11-05 01:45:00+00:00,33,57,5884693,64.01,64.02,64.0,64.02,7,BRN FMF0026!
2025-11-05 01:46:00+00:00,33,57,5884693,64.02,64.04,64.02,64.04,37,BRN FMF0026!
2025-11-05 01:47:00+00:00,33,57,5884693,64.04,64.06,64.04,64.05,33,BRN FMF0026!
2025-11-05 01:48:00+00:00,33,57,5884693,64.05,64.06,64.05,64.06,51,BRN FMF0026!
2025-11-05 01:49:00+00:00,33,57,5884693,64.05,64.05,64.05,64.05,33,BRN FMF0026!
2025-11-05 01:50:00+00:00,33,57,5884693,64.05,64.06,64.04,64.04,30,BRN FMF0026!
2025-11-05 01:51:00+00:00,33,57,5884693,64.04,64.04,64.01,64.02,22,BRN FMF0026!
2025-11-05 01:52:00+00:00,33,57,5884693,64.02,64.05,64.02,64.05,24,BRN FMF0026!
2025-11-05 01:53:00+00:00,33,57,5884693,64.05,64.05,64.04,64.05,37,BRN FMF0026!
2025-11-05 01:54:00+00:00,33,57,5884693,64.04,64.05,64.04,64.04,16,BRN FMF0026!
2025-11-05 01:55:00+00:00,33,57,5884693,64.04,64.05,64.04,64.05,14,BRN FMF0026!
2025-11-05 01:56:00+00:00,33,57,5884693,64.05,64.07,64.05,64.06,23,BRN FMF0026!
2025-11-05 01:57:00+00:00,33,57,5884693,64.07,64.09,64.06,64.07,29,BRN FMF0026!
2025-11-05 01:58:00+00:00,33,57,5884693,64.07,64.07,64.06,64.07,12,BRN FMF0026!
2025-11-05 01:59:00+00:00,33,57,5884693,64.07,64.07,64.03,64.03,38,BRN FMF0026!
2025-11-05 02:00:00+00:00,33,57,5884693,64.03,64.06,64.03,64.06,24,BRN FMF0026!
2025-11-05 02:01:00+00:00,33,57,5884693,64.05,64.06,64.05,64.06,20,BRN FMF0026!
2025-11-05 02:02:00+00:00,33,57,5884693,64.06,64.06,64.05,64.05,22,BRN FMF0026!
2025-11-05 02:03:00+00:00,33,57,5884693,64.04,64.05,64.04,64.05,6,BRN FMF0026!
2025-11-05 02:04:00+00:00,33,57,5884693,64.06,64.07,64.05,64.05,22,BRN FMF0026!
2025-11-05 02:05:00+00:00,33,57,5884693,64.05,64.07,64.05,64.05,100,BRN FMF0026!
2025-11-05 02:06:00+00:00,33,57,5884693,64.05,64.06,64.05,64.06,13,BRN FMF0026!
2025-11-05 02:07:00+00:00,33,57,5884693,64.06,64.07,64.06,64.07,7,BRN FMF0026!
2025-11-05 02:08:00+00:00,33,57,5884693,64.07,64.07,64.05,64.05,9,BRN FMF0026!
2025-11-05 02:09:00+00:00,33,57,5884693,64.06,64.06,64.06,64.06,18,BRN FMF0026!
2025-11-05 02:10:00+00:00,33,57,5884693,64.06,64.07,64.05,64.06,15,BRN FMF0026!
2025-11-05 02:11:00+00:00,33,57,5884693,64.07,64.08,64.05,64.05,11,BRN FMF0026!
2025-11-05 02:13:00+00:00,33,57,5884693,64.04,64.06,64.04,64.06,29,BRN FMF0026!
2025-11-05 02:14:00+00:00,33,57,5884693,64.06,64.07,64.05,64.05,70,BRN FMF0026!
2025-11-05 02:15:00+00:00,33,57,5884693,64.05,64.06,64.04,64.04,18,BRN FMF0026!
2025-11-05 02:16:00+00:00,33,57,5884693,64.04,64.06,64.04,64.04,14,BRN FMF0026!
2025-11-05 02:17:00+00:00,33,57,5884693,64.05,64.05,64.05,64.05,7,BRN FMF0026!
2025-11-05 02:18:00+00:00,33,57,5884693,64.05,64.05,64.05,64.05,2,BRN FMF0026!
2025-11-05 02:19:00+00:00,33,57,5884693,64.06,64.06,64.05,64.05,30,BRN FMF0026!
2025-11-05 02:20:00+00:00,33,57,5884693,64.06,64.1,64.06,64.1,56,BRN FMF0026!
2025-11-05 02:21:00+00:00,33,57,5884693,64.08,64.09,64.07,64.08,22,BRN FMF0026!
2025-11-05 02:22:00+00:00,33,57,5884693,64.07,64.07,64.03,64.03,4,BRN FMF0026!
2025-11-05 02:23:00+00:00,33,57,5884693,64.02,64.03,64.02,64.02,40,BRN FMF0026!
2025-11-05 02:24:00+00:00,33,57,5884693,64.03,64.05,64.03,64.04,17,BRN FMF0026!
2025-11-05 02:25:00+00:00,33,57,5884693,64.04,64.06,64.04,64.04,24,BRN FMF0026!
2025-11-05 02:26:00+00:00,33,57,5884693,64.03,64.06,64.03,64.05,18,BRN FMF0026!
2025-11-05 02:27:00+00:00,33,57,5884693,64.05,64.05,64.04,64.05,6,BRN FMF0026!
2025-11-05 02:28:00+00:00,33,57,5884693,64.05,64.06,64.05,64.05,30,BRN FMF0026!
2025-11-05 02:29:00+00:00,33,57,5884693,64.04,64.04,64.03,64.03,3,BRN FMF0026!
2025-11-05 02:30:00+00:00,33,57,5884693,64.03,64.06,64.02,64.06,20,BRN FMF0026!
2025-11-05 02:31:00+00:00,33,57,5884693,64.06,64.08,64.06,64.08,20,BRN FMF0026!
2025-11-05 02:32:00+00:00,33,57,5884693,64.07,64.07,64.06,64.07,6,BRN FMF0026!
2025-11-05 02:33:00+00:00,33,57,5884693,64.07,64.07,64.07,64.07,4,BRN FMF0026!
2025-11-05 02:34:00+00:00,33,57,5884693,64.07,64.07,64.07,64.07,3,BRN FMF0026!
2025-11-05 02:35:00+00:00,33,57,5884693,64.07,64.07,64.06,64.07,4,BRN FMF0026!
2025-11-05 02:36:00+00:00,33,57,5884693,64.07,64.11,64.07,64.11,82,BRN FMF0026!
2025-11-05 02:37:00+00:00,33,57,5884693,64.12,64.13,64.12,64.13,24,BRN FMF0026!
2025-11-05 02:38:00+00:00,33,57,5884693,64.14,64.14,64.12,64.13,18,BRN FMF0026!
2025-11-05 02:39:00+00:00,33,57,5884693,64.12,64.13,64.1,64.1,33,BRN FMF0026!
2025-11-05 02:40:00+00:00,33,57,5884693,64.1,64.11,64.09,64.1,20,BRN FMF0026!
2025-11-05 02:41:00+00:00,33,57,5884693,64.1,64.1,64.1,64.1,8,BRN FMF0026!
2025-11-05 02:42:00+00:00,33,57,5884693,64.11,64.11,64.1,64.1,4,BRN FMF0026!
2025-11-05 02:43:00+00:00,33,57,5884693,64.1,64.14,64.1,64.13,112,BRN FMF0026!
2025-11-05 02:44:00+00:00,33,57,5884693,64.12,64.13,64.12,64.13,11,BRN FMF0026!
2025-11-05 02:45:00+00:00,33,57,5884693,64.14,64.17,64.14,64.16,66,BRN FMF0026!
2025-11-05 02:46:00+00:00,33,57,5884693,64.16,64.18,64.16,64.18,37,BRN FMF0026!
2025-11-05 02:47:00+00:00,33,57,5884693,64.18,64.18,64.17,64.17,16,BRN FMF0026!
2025-11-05 02:48:00+00:00,33,57,5884693,64.17,64.17,64.16,64.16,7,BRN FMF0026!
2025-11-05 02:49:00+00:00,33,57,5884693,64.17,64.17,64.13,64.13,17,BRN FMF0026!
2025-11-05 02:50:00+00:00,33,57,5884693,64.13,64.13,64.12,64.12,9,BRN FMF0026!
2025-11-05 02:51:00+00:00,33,57,5884693,64.14,64.14,64.12,64.12,4,BRN FMF0026!
2025-11-05 02:52:00+00:00,33,57,5884693,64.13,64.13,64.12,64.12,3,BRN FMF0026!
2025-11-05 02:53:00+00:00,33,57,5884693,64.12,64.13,64.12,64.13,18,BRN FMF0026!
2025-11-05 02:54:00+00:00,33,57,5884693,64.12,64.12,64.11,64.12,11,BRN FMF0026!
2025-11-05 02:55:00+00:00,33,57,5884693,64.13,64.13,64.12,64.12,5,BRN FMF0026!
2025-11-05 02:56:00+00:00,33,57,5884693,64.13,64.13,64.12,64.12,6,BRN FMF0026!
2025-11-05 02:57:00+00:00,33,57,5884693,64.13,64.13,64.12,64.12,6,BRN FMF0026!
2025-11-05 02:58:00+00:00,33,57,5884693,64.13,64.14,64.11,64.14,121,BRN FMF0026!
2025-11-05 02:59:00+00:00,33,57,5884693,64.13,64.13,64.12,64.13,4,BRN FMF0026!
2025-11-05 03:00:00+00:00,33,57,5884693,64.14,64.14,64.13,64.14,10,BRN FMF0026!
2025-11-05 03:01:00+00:00,33,57,5884693,64.15,64.16,64.14,64.14,17,BRN FMF0026!
2025-11-05 03:03:00+00:00,33,57,5884693,64.14,64.14,64.13,64.13,9,BRN FMF0026!
2025-11-05 03:04:00+00:00,33,57,5884693,64.14,64.15,64.14,64.15,28,BRN FMF0026!
2025-11-05 03:05:00+00:00,33,57,5884693,64.16,64.16,64.13,64.14,14,BRN FMF0026!
2025-11-05 03:06:00+00:00,33,57,5884693,,,,,2,BRN FMF0026!
2025-11-05 03:07:00+00:00,33,57,5884693,64.14,64.14,64.14,64.14,6,BRN FMF0026!
2025-11-05 03:08:00+00:00,33,57,5884693,64.13,64.15,64.13,64.14,15,BRN FMF0026!
2025-11-05 03:09:00+00:00,33,57,5884693,64.14,64.15,64.13,64.15,72,BRN FMF0026!
2025-11-05 03:10:00+00:00,33,57,5884693,64.13,64.13,64.13,64.13,6,BRN FMF0026!
2025-11-05 03:11:00+00:00,33,57,5884693,64.13,64.13,64.13,64.13,1,BRN FMF0026!
2025-11-05 03:13:00+00:00,33,57,5884693,64.14,64.14,64.14,64.14,4,BRN FMF0026!
2025-11-05 03:14:00+00:00,33,57,5884693,64.14,64.14,64.13,64.13,20,BRN FMF0026!
2025-11-05 03:15:00+00:00,33,57,5884693,64.14,64.15,64.14,64.15,4,BRN FMF0026!
2025-11-05 03:16:00+00:00,33,57,5884693,64.16,64.17,64.16,64.17,53,BRN FMF0026!
2025-11-05 03:17:00+00:00,33,57,5884693,64.16,64.16,64.15,64.15,15,BRN FMF0026!
2025-11-05 03:18:00+00:00,33,57,5884693,64.16,64.16,64.16,64.16,4,BRN FMF0026!
2025-11-05 03:19:00+00:00,33,57,5884693,64.16,64.16,64.16,64.16,9,BRN FMF0026!
2025-11-05 03:20:00+00:00,33,57,5884693,64.15,64.15,64.15,64.15,4,BRN FMF0026!
2025-11-05 03:21:00+00:00,33,57,5884693,64.15,64.16,64.15,64.16,9,BRN FMF0026!
2025-11-05 03:22:00+00:00,33,57,5884693,64.17,64.17,64.17,64.17,4,BRN FMF0026!
2025-11-05 03:24:00+00:00,33,57,5884693,64.17,64.18,64.17,64.18,9,BRN FMF0026!
2025-11-05 03:25:00+00:00,33,57,5884693,64.17,64.19,64.17,64.19,15,BRN FMF0026!
2025-11-05 03:26:00+00:00,33,57,5884693,64.17,64.22,64.17,64.22,168,BRN FMF0026!
2025-11-05 03:27:00+00:00,33,57,5884693,64.21,64.22,64.21,64.22,24,BRN FMF0026!
2025-11-05 03:28:00+00:00,33,57,5884693,64.23,64.25,64.23,64.25,98,BRN FMF0026!
2025-11-05 03:29:00+00:00,33,57,5884693,64.25,64.26,64.25,64.26,130,BRN FMF0026!
2025-11-05 03:30:00+00:00,33,57,5884693,64.27,64.3,64.27,64.27,628,BRN FMF0026!
2025-11-05 03:31:00+00:00,33,57,5884693,64.27,64.27,64.26,64.27,6,BRN FMF0026!
2025-11-05 03:32:00+00:00,33,57,5884693,64.28,64.28,64.28,64.28,6,BRN FMF0026!
2025-11-05 03:33:00+00:00,33,57,5884693,64.3,64.31,64.3,64.31,19,BRN FMF0026!
2025-11-05 03:34:00+00:00,33,57,5884693,64.3,64.31,64.3,64.31,4,BRN FMF0026!
2025-11-05 03:35:00+00:00,33,57,5884693,64.32,64.32,64.29,64.29,47,BRN FMF0026!
2025-11-05 03:36:00+00:00,33,57,5884693,64.29,64.31,64.29,64.3,55,BRN FMF0026!
2025-11-05 03:37:00+00:00,33,57,5884693,64.28,64.3,64.28,64.3,58,BRN FMF0026!
2025-11-05 03:38:00+00:00,33,57,5884693,64.29,64.29,64.28,64.28,7,BRN FMF0026!
2025-11-05 03:39:00+00:00,33,57,5884693,64.29,64.29,64.29,64.29,11,BRN FMF0026!
2025-11-05 03:40:00+00:00,33,57,5884693,64.29,64.29,64.28,64.28,26,BRN FMF0026!
2025-11-05 03:41:00+00:00,33,57,5884693,64.3,64.32,64.3,64.32,36,BRN FMF0026!
2025-11-05 03:43:00+00:00,33,57,5884693,64.29,64.29,64.29,64.29,3,BRN FMF0026!
2025-11-05 03:44:00+00:00,33,57,5884693,64.3,64.3,64.3,64.3,4,BRN FMF0026!
2025-11-05 03:45:00+00:00,33,57,5884693,64.32,64.32,64.31,64.32,6,BRN FMF0026!
2025-11-05 03:46:00+00:00,33,57,5884693,64.33,64.34,64.32,64.34,18,BRN FMF0026!
2025-11-05 03:47:00+00:00,33,57,5884693,64.33,64.35,64.32,64.35,45,BRN FMF0026!
2025-11-05 03:48:00+00:00,33,57,5884693,64.35,64.37,64.34,64.36,99,BRN FMF0026!
2025-11-05 03:49:00+00:00,33,57,5884693,64.36,64.37,64.36,64.37,22,BRN FMF0026!
2025-11-05 03:50:00+00:00,33,57,5884693,64.36,64.36,64.35,64.36,16,BRN FMF0026!
2025-11-05 03:51:00+00:00,33,57,5884693,64.36,64.41,64.36,64.4,250,BRN FMF0026!
2025-11-05 03:52:00+00:00,33,57,5884693,64.4,64.42,64.38,64.38,79,BRN FMF0026!
2025-11-05 03:53:00+00:00,33,57,5884693,64.39,64.39,64.38,64.38,12,BRN FMF0026!
2025-11-05 03:54:00+00:00,33,57,5884693,64.37,64.37,64.35,64.36,14,BRN FMF0026!
2025-11-05 03:55:00+00:00,33,57,5884693,64.34,64.34,64.33,64.33,30,BRN FMF0026!
2025-11-05 03:56:00+00:00,33,57,5884693,64.33,64.36,64.33,64.36,32,BRN FMF0026!
2025-11-05 03:57:00+00:00,33,57,5884693,64.37,64.41,64.37,64.41,49,BRN FMF0026!
2025-11-05 03:58:00+00:00,33,57,5884693,64.41,64.41,64.39,64.39,42,BRN FMF0026!
2025-11-05 03:59:00+00:00,33,57,5884693,64.39,64.41,64.39,64.41,44,BRN FMF0026!
2025-11-05 04:00:00+00:00,33,57,5884693,64.4,64.42,64.4,64.42,5,BRN FMF0026!
2025-11-05 04:01:00+00:00,33,57,5884693,64.42,64.45,64.42,64.44,167,BRN FMF0026!
2025-11-05 04:02:00+00:00,33,57,5884693,64.43,64.43,64.4,64.4,35,BRN FMF0026!
2025-11-05 04:03:00+00:00,33,57,5884693,64.39,64.39,64.35,64.36,51,BRN FMF0026!
2025-11-05 04:04:00+00:00,33,57,5884693,64.36,64.36,64.36,64.36,7,BRN FMF0026!
2025-11-05 04:06:00+00:00,33,57,5884693,64.36,64.36,64.35,64.35,6,BRN FMF0026!
2025-11-05 04:07:00+00:00,33,57,5884693,64.36,64.38,64.36,64.38,17,BRN FMF0026!
2025-11-05 04:08:00+00:00,33,57,5884693,64.39,64.39,64.39,64.39,5,BRN FMF0026!
2025-11-05 04:09:00+00:00,33,57,5884693,,,,,1,BRN FMF0026!
2025-11-05 04:10:00+00:00,33,57,5884693,64.38,64.4,64.38,64.4,9,BRN FMF0026!
2025-11-05 04:11:00+00:00,33,57,5884693,64.4,64.4,64.39,64.39,15,BRN FMF0026!
2025-11-05 04:12:00+00:00,33,57,5884693,64.39,64.39,64.39,64.39,66,BRN FMF0026!
2025-11-05 04:13:00+00:00,33,57,5884693,64.4,64.4,64.39,64.4,12,BRN FMF0026!
2025-11-05 04:14:00+00:00,33,57,5884693,64.41,64.41,64.4,64.4,24,BRN FMF0026!
2025-11-05 04:15:00+00:00,33,57,5884693,64.4,64.4,64.4,64.4,2,BRN FMF0026!
2025-11-05 04:16:00+00:00,33,57,5884693,,,,,62,BRN FMF0026!
2025-11-05 04:17:00+00:00,33,57,5884693,64.4,64.41,64.39,64.39,16,BRN FMF0026!
2025-11-05 04:18:00+00:00,33,57,5884693,64.38,64.38,64.38,64.38,8,BRN FMF0026!
2025-11-05 04:19:00+00:00,33,57,5884693,64.38,64.39,64.38,64.39,2,BRN FMF0026!
2025-11-05 04:20:00+00:00,33,57,5884693,64.38,64.38,64.38,64.38,3,BRN FMF0026!
2025-11-05 04:22:00+00:00,33,57,5884693,64.38,64.39,64.38,64.39,12,BRN FMF0026!
2025-11-05 04:23:00+00:00,33,57,5884693,64.4,64.4,64.4,64.4,2,BRN FMF0026!
2025-11-05 04:24:00+00:00,33,57,5884693,64.4,64.4,64.4,64.4,1,BRN FMF0026!
2025-11-05 04:25:00+00:00,33,57,5884693,64.4,64.4,64.4,64.4,1,BRN FMF0026!
2025-11-05 04:26:00+00:00,33,57,5884693,64.4,64.41,64.4,64.41,4,BRN FMF0026!
2025-11-05 04:27:00+00:00,33,57,5884693,64.41,64.42,64.4,64.42,20,BRN FMF0026!
2025-11-05 04:28:00+00:00,33,57,5884693,64.4,64.42,64.4,64.42,20,BRN FMF0026!
2025-11-05 04:29:00+00:00,33,57,5884693,64.42,64.43,64.41,64.41,24,BRN FMF0026!
2025-11-05 04:30:00+00:00,33,57,5884693,64.41,64.43,64.4,64.43,196,BRN FMF0026!
2025-11-05 04:31:00+00:00,33,57,5884693,64.44,64.45,64.44,64.44,30,BRN FMF0026!
2025-11-05 04:32:00+00:00,33,57,5884693,64.45,64.45,64.45,64.45,10,BRN FMF0026!
2025-11-05 04:33:00+00:00,33,57,5884693,64.46,64.47,64.45,64.46,75,BRN FMF0026!
2025-11-05 04:34:00+00:00,33,57,5884693,64.46,64.47,64.46,64.47,13,BRN FMF0026!
2025-11-05 04:35:00+00:00,33,57,5884693,64.47,64.47,64.45,64.45,27,BRN FMF0026!
2025-11-05 04:37:00+00:00,33,57,5884693,64.47,64.47,64.47,64.47,4,BRN FMF0026!
2025-11-05 04:38:00+00:00,33,57,5884693,64.46,64.46,64.44,64.46,45,BRN FMF0026!
2025-11-05 04:39:00+00:00,33,57,5884693,64.45,64.45,64.43,64.43,9,BRN FMF0026!
2025-11-05 04:40:00+00:00,33,57,5884693,64.43,64.44,64.43,64.43,13,BRN FMF0026!
2025-11-05 04:41:00+00:00,33,57,5884693,64.43,64.44,64.43,64.44,4,BRN FMF0026!
2025-11-05 04:43:00+00:00,33,57,5884693,64.44,64.44,64.44,64.44,1,BRN FMF0026!
2025-11-05 04:44:00+00:00,33,57,5884693,64.44,64.44,64.44,64.44,2,BRN FMF0026!
2025-11-05 04:45:00+00:00,33,57,5884693,64.44,64.44,64.42,64.43,91,BRN FMF0026!
2025-11-05 04:46:00+00:00,33,57,5884693,64.43,64.43,64.43,64.43,2,BRN FMF0026!
2025-11-05 04:47:00+00:00,33,57,5884693,64.43,64.43,64.4,64.4,14,BRN FMF0026!
2025-11-05 04:48:00+00:00,33,57,5884693,64.4,64.4,64.38,64.39,21,BRN FMF0026!
2025-11-05 04:49:00+00:00,33,57,5884693,64.39,64.39,64.39,64.39,1,BRN FMF0026!
2025-11-05 04:50:00+00:00,33,57,5884693,64.39,64.39,64.38,64.38,44,BRN FMF0026!
2025-11-05 04:51:00+00:00,33,57,5884693,64.38,64.4,64.37,64.4,45,BRN FMF0026!
2025-11-05 04:52:00+00:00,33,57,5884693,64.4,64.42,64.4,64.41,71,BRN FMF0026!
2025-11-05 04:53:00+00:00,33,57,5884693,64.41,64.41,64.4,64.41,6,BRN FMF0026!
2025-11-05 04:54:00+00:00,33,57,5884693,64.4,64.4,64.4,64.4,4,BRN FMF0026!
2025-11-05 04:55:00+00:00,33,57,5884693,64.41,64.41,64.41,64.41,8,BRN FMF0026!
2025-11-05 04:56:00+00:00,33,57,5884693,64.4,64.4,64.4,64.4,7,BRN FMF0026!
2025-11-05 04:57:00+00:00,33,57,5884693,64.41,64.41,64.41,64.41,1,BRN FMF0026!
2025-11-05 04:58:00+00:00,33,57,5884693,64.4,64.4,64.4,64.4,10,BRN FMF0026!
2025-11-05 05:00:00+00:00,33,57,5884693,64.39,64.4,64.39,64.4,23,BRN FMF0026!
2025-11-05 05:01:00+00:00,33,57,5884693,64.4,64.4,64.4,64.4,3,BRN FMF0026!
2025-11-05 05:02:00+00:00,33,57,5884693,64.4,64.42,64.4,64.42,30,BRN FMF0026!
2025-11-05 05:03:00+00:00,33,57,5884693,64.41,64.41,64.38,64.39,70,BRN FMF0026!
2025-11-05 05:04:00+00:00,33,57,5884693,64.39,64.4,64.38,64.4,6,BRN FMF0026!
2025-11-05 05:05:00+00:00,33,57,5884693,64.4,64.4,64.4,64.4,1,BRN FMF0026!
2025-11-05 05:06:00+00:00,33,57,5884693,64.39,64.39,64.39,64.39,8,BRN FMF0026!
2025-11-05 05:07:00+00:00,33,57,5884693,64.4,64.41,64.4,64.41,10,BRN FMF0026!
2025-11-05 05:08:00+00:00,33,57,5884693,64.41,64.42,64.41,64.42,6,BRN FMF0026!
2025-11-05 05:10:00+00:00,33,57,5884693,64.4,64.42,64.39,64.42,11,BRN FMF0026!
2025-11-05 05:11:00+00:00,33,57,5884693,64.42,64.42,64.42,64.42,9,BRN FMF0026!
2025-11-05 05:12:00+00:00,33,57,5884693,64.42,64.42,64.41,64.41,3,BRN FMF0026!
2025-11-05 05:14:00+00:00,33,57,5884693,64.41,64.41,64.41,64.41,5,BRN FMF0026!
2025-11-05 05:15:00+00:00,33,57,5884693,64.42,64.43,64.42,64.43,16,BRN FMF0026!
2025-11-05 05:16:00+00:00,33,57,5884693,64.43,64.43,64.42,64.42,11,BRN FMF0026!
2025-11-05 05:17:00+00:00,33,57,5884693,64.41,64.43,64.41,64.43,6,BRN FMF0026!
2025-11-05 05:18:00+00:00,33,57,5884693,64.42,64.42,64.41,64.42,17,BRN FMF0026!
2025-11-05 05:19:00+00:00,33,57,5884693,64.42,64.44,64.42,64.43,38,BRN FMF0026!
2025-11-05 05:20:00+00:00,33,57,5884693,64.44,64.47,64.44,64.46,32,BRN FMF0026!
2025-11-05 05:21:00+00:00,33,57,5884693,64.46,64.46,64.45,64.45,5,BRN FMF0026!
2025-11-05 05:22:00+00:00,33,57,5884693,64.46,64.46,64.46,64.46,4,BRN FMF0026!
2025-11-05 05:24:00+00:00,33,57,5884693,64.45,64.45,64.45,64.45,3,BRN FMF0026!
2025-11-05 05:25:00+00:00,33,57,5884693,64.45,64.45,64.44,64.44,15,BRN FMF0026!
2025-11-05 05:26:00+00:00,33,57,5884693,64.44,64.44,64.43,64.43,12,BRN FMF0026!
2025-11-05 05:27:00+00:00,33,57,5884693,64.44,64.44,64.44,64.44,5,BRN FMF0026!
2025-11-05 05:28:00+00:00,33,57,5884693,64.45,64.48,64.45,64.47,24,BRN FMF0026!
2025-11-05 05:30:00+00:00,33,57,5884693,64.46,64.47,64.44,64.44,83,BRN FMF0026!
2025-11-05 05:31:00+00:00,33,57,5884693,64.45,64.46,64.44,64.46,30,BRN FMF0026!
2025-11-05 05:32:00+00:00,33,57,5884693,64.45,64.45,64.45,64.45,2,BRN FMF0026!
2025-11-05 05:33:00+00:00,33,57,5884693,64.45,64.46,64.45,64.46,11,BRN FMF0026!
2025-11-05 05:34:00+00:00,33,57,5884693,64.46,64.49,64.46,64.49,29,BRN FMF0026!
2025-11-05 05:35:00+00:00,33,57,5884693,64.49,64.5,64.48,64.49,52,BRN FMF0026!
2025-11-05 05:36:00+00:00,33,57,5884693,64.47,64.48,64.47,64.48,7,BRN FMF0026!
2025-11-05 05:37:00+00:00,33,57,5884693,64.48,64.5,64.48,64.5,8,BRN FMF0026!
2025-11-05 05:38:00+00:00,33,57,5884693,64.5,64.52,64.5,64.51,88,BRN FMF0026!
2025-11-05 05:39:00+00:00,33,57,5884693,64.52,64.53,64.52,64.53,32,BRN FMF0026!
2025-11-05 05:40:00+00:00,33,57,5884693,64.52,64.52,64.49,64.5,28,BRN FMF0026!
2025-11-05 05:41:00+00:00,33,57,5884693,64.49,64.49,64.49,64.49,1,BRN FMF0026!
2025-11-05 05:42:00+00:00,33,57,5884693,64.49,64.49,64.48,64.48,14,BRN FMF0026!
2025-11-05 05:43:00+00:00,33,57,5884693,64.49,64.51,64.49,64.51,25,BRN FMF0026!
2025-11-05 05:44:00+00:00,33,57,5884693,64.51,64.51,64.5,64.5,13,BRN FMF0026!
2025-11-05 05:45:00+00:00,33,57,5884693,64.49,64.5,64.49,64.49,9,BRN FMF0026!
2025-11-05 05:46:00+00:00,33,57,5884693,64.5,64.5,64.47,64.47,5,BRN FMF0026!
2025-11-05 05:47:00+00:00,33,57,5884693,64.47,64.48,64.46,64.47,86,BRN FMF0026!
2025-11-05 05:48:00+00:00,33,57,5884693,64.48,64.49,64.46,64.49,121,BRN FMF0026!
2025-11-05 05:49:00+00:00,33,57,5884693,64.49,64.5,64.48,64.5,15,BRN FMF0026!
2025-11-05 05:50:00+00:00,33,57,5884693,64.5,64.54,64.5,64.54,79,BRN FMF0026!
2025-11-05 05:51:00+00:00,33,57,5884693,64.53,64.56,64.53,64.55,116,BRN FMF0026!
2025-11-05 05:52:00+00:00,33,57,5884693,64.54,64.54,64.53,64.53,18,BRN FMF0026!
2025-11-05 05:53:00+00:00,33,57,5884693,64.53,64.57,64.53,64.54,86,BRN FMF0026!
2025-11-05 05:54:00+00:00,33,57,5884693,64.53,64.54,64.53,64.54,6,BRN FMF0026!
2025-11-05 05:55:00+00:00,33,57,5884693,64.53,64.53,64.52,64.53,17,BRN FMF0026!
2025-11-05 05:56:00+00:00,33,57,5884693,64.53,64.55,64.53,64.55,44,BRN FMF0026!
2025-11-05 05:57:00+00:00,33,57,5884693,64.55,64.55,64.54,64.54,29,BRN FMF0026!
2025-11-05 05:58:00+00:00,33,57,5884693,64.54,64.55,64.54,64.55,47,BRN FMF0026!
2025-11-05 05:59:00+00:00,33,57,5884693,64.55,64.56,64.55,64.56,16,BRN FMF0026!
2025-11-05 06:00:00+00:00,33,57,5884693,64.55,64.57,64.52,64.53,57,BRN FMF0026!
2025-11-05 06:01:00+00:00,33,57,5884693,64.52,64.54,64.52,64.54,12,BRN FMF0026!
2025-11-05 06:02:00+00:00,33,57,5884693,64.55,64.56,64.55,64.56,11,BRN FMF0026!
2025-11-05 06:03:00+00:00,33,57,5884693,64.56,64.56,64.55,64.56,7,BRN FMF0026!
2025-11-05 06:04:00+00:00,33,57,5884693,64.56,64.56,64.54,64.55,10,BRN FMF0026!
2025-11-05 06:05:00+00:00,33,57,5884693,64.54,64.56,64.54,64.55,37,BRN FMF0026!
2025-11-05 06:06:00+00:00,33,57,5884693,64.55,64.55,64.54,64.54,3,BRN FMF0026!
2025-11-05 06:07:00+00:00,33,57,5884693,64.55,64.55,64.55,64.55,3,BRN FMF0026!
2025-11-05 06:08:00+00:00,33,57,5884693,64.54,64.55,64.53,64.53,30,BRN FMF0026!
2025-11-05 06:09:00+00:00,33,57,5884693,64.54,64.54,64.53,64.54,20,BRN FMF0026!
2025-11-05 06:10:00+00:00,33,57,5884693,64.53,64.53,64.53,64.53,8,BRN FMF0026!
2025-11-05 06:11:00+00:00,33,57,5884693,64.53,64.55,64.53,64.55,21,BRN FMF0026!
2025-11-05 06:12:00+00:00,33,57,5884693,64.55,64.55,64.54,64.55,11,BRN FMF0026!
2025-11-05 06:13:00+00:00,33,57,5884693,64.54,64.54,64.54,64.54,56,BRN FMF0026!
2025-11-05 06:14:00+00:00,33,57,5884693,,,,,1,BRN FMF0026!
2025-11-05 06:15:00+00:00,33,57,5884693,64.55,64.55,64.54,64.54,3,BRN FMF0026!
2025-11-05 06:16:00+00:00,33,57,5884693,64.54,64.54,64.54,64.54,4,BRN FMF0026!
2025-11-05 06:17:00+00:00,33,57,5884693,64.54,64.54,64.54,64.54,1,BRN FMF0026!
2025-11-05 06:18:00+00:00,33,57,5884693,64.55,64.59,64.55,64.57,157,BRN FMF0026!
2025-11-05 06:19:00+00:00,33,57,5884693,64.57,64.58,64.57,64.58,18,BRN FMF0026!
2025-11-05 06:20:00+00:00,33,57,5884693,64.58,64.59,64.58,64.58,26,BRN FMF0026!
2025-11-05 06:21:00+00:00,33,57,5884693,64.58,64.58,64.56,64.56,11,BRN FMF0026!
2025-11-05 06:22:00+00:00,33,57,5884693,64.57,64.57,64.56,64.56,26,BRN FMF0026!
2025-11-05 06:23:00+00:00,33,57,5884693,64.56,64.56,64.56,64.56,5,BRN FMF0026!
2025-11-05 06:24:00+00:00,33,57,5884693,64.56,64.57,64.56,64.57,3,BRN FMF0026!
2025-11-05 06:25:00+00:00,33,57,5884693,64.56,64.56,64.56,64.56,5,BRN FMF0026!
2025-11-05 06:26:00+00:00,33,57,5884693,64.56,64.56,64.54,64.54,55,BRN FMF0026!
2025-11-05 06:27:00+00:00,33,57,5884693,64.53,64.53,64.52,64.52,17,BRN FMF0026!
2025-11-05 06:28:00+00:00,33,57,5884693,64.52,64.53,64.52,64.52,8,BRN FMF0026!
2025-11-05 06:29:00+00:00,33,57,5884693,64.52,64.53,64.52,64.52,5,BRN FMF0026!
2025-11-05 06:30:00+00:00,33,57,5884693,64.51,64.52,64.51,64.51,18,BRN FMF0026!
2025-11-05 06:31:00+00:00,33,57,5884693,64.51,64.51,64.5,64.51,61,BRN FMF0026!
2025-11-05 06:32:00+00:00,33,57,5884693,64.51,64.51,64.51,64.51,9,BRN FMF0026!
2025-11-05 06:33:00+00:00,33,57,5884693,64.51,64.57,64.51,64.55,156,BRN FMF0026!
2025-11-05 06:34:00+00:00,33,57,5884693,64.56,64.57,64.56,64.57,70,BRN FMF0026!
2025-11-05 06:35:00+00:00,33,57,5884693,64.57,64.6,64.57,64.57,218,BRN FMF0026!
2025-11-05 06:36:00+00:00,33,57,5884693,64.56,64.56,64.54,64.54,27,BRN FMF0026!
2025-11-05 06:37:00+00:00,33,57,5884693,64.55,64.56,64.55,64.56,108,BRN FMF0026!
2025-11-05 06:38:00+00:00,33,57,5884693,64.56,64.56,64.55,64.56,20,BRN FMF0026!
2025-11-05 06:39:00+00:00,33,57,5884693,64.56,64.56,64.55,64.56,15,BRN FMF0026!
2025-11-05 06:40:00+00:00,33,57,5884693,64.55,64.55,64.54,64.54,6,BRN FMF0026!
2025-11-05 06:41:00+00:00,33,57,5884693,64.54,64.55,64.54,64.54,14,BRN FMF0026!
2025-11-05 06:43:00+00:00,33,57,5884693,64.54,64.55,64.53,64.54,17,BRN FMF0026!
2025-11-05 06:44:00+00:00,33,57,5884693,64.54,64.55,64.53,64.53,23,BRN FMF0026!
2025-11-05 06:45:00+00:00,33,57,5884693,64.53,64.54,64.53,64.53,35,BRN FMF0026!
2025-11-05 06:46:00+00:00,33,57,5884693,64.53,64.54,64.53,64.53,8,BRN FMF0026!
2025-11-05 06:47:00+00:00,33,57,5884693,64.52,64.52,64.5,64.5,30,BRN FMF0026!
2025-11-05 06:48:00+00:00,33,57,5884693,64.5,64.52,64.49,64.5,56,BRN FMF0026!
2025-11-05 06:49:00+00:00,33,57,5884693,64.49,64.52,64.49,64.51,179,BRN FMF0026!
2025-11-05 06:50:00+00:00,33,57,5884693,64.51,64.51,64.49,64.5,65,BRN FMF0026!
2025-11-05 06:51:00+00:00,33,57,5884693,64.49,64.49,64.44,64.46,361,BRN FMF0026!
2025-11-05 06:52:00+00:00,33,57,5884693,64.46,64.46,64.45,64.45,124,BRN FMF0026!
2025-11-05 06:53:00+00:00,33,57,5884693,64.45,64.46,64.44,64.44,109,BRN FMF0026!
2025-11-05 06:54:00+00:00,33,57,5884693,64.45,64.45,64.44,64.45,77,BRN FMF0026!
2025-11-05 06:55:00+00:00,33,57,5884693,64.45,64.45,64.4,64.42,175,BRN FMF0026!
2025-11-05 06:56:00+00:00,33,57,5884693,64.43,64.46,64.43,64.46,107,BRN FMF0026!
2025-11-05 06:57:00+00:00,33,57,5884693,64.46,64.48,64.45,64.46,33,BRN FMF0026!
2025-11-05 06:58:00+00:00,33,57,5884693,64.46,64.46,64.44,64.45,33,BRN FMF0026!
2025-11-05 06:59:00+00:00,33,57,5884693,64.45,64.47,64.45,64.46,15,BRN FMF0026!
2025-11-05 07:00:00+00:00,33,57,5884693,64.46,64.5,64.46,64.46,66,BRN FMF0026!
2025-11-05 07:01:00+00:00,33,57,5884693,64.46,64.46,64.44,64.44,28,BRN FMF0026!
2025-11-05 07:02:00+00:00,33,57,5884693,64.45,64.45,64.42,64.42,68,BRN FMF0026!
2025-11-05 07:03:00+00:00,33,57,5884693,64.41,64.42,64.38,64.38,197,BRN FMF0026!
2025-11-05 07:04:00+00:00,33,57,5884693,64.38,64.39,64.34,64.36,240,BRN FMF0026!
2025-11-05 07:05:00+00:00,33,57,5884693,64.37,64.39,64.36,64.39,54,BRN FMF0026!
2025-11-05 07:06:00+00:00,33,57,5884693,64.38,64.41,64.37,64.37,136,BRN FMF0026!
2025-11-05 07:07:00+00:00,33,57,5884693,64.37,64.4,64.32,64.32,328,BRN FMF0026!
2025-11-05 07:08:00+00:00,33,57,5884693,64.32,64.33,64.27,64.32,403,BRN FMF0026!
2025-11-05 07:09:00+00:00,33,57,5884693,64.32,64.36,64.31,64.35,407,BRN FMF0026!
2025-11-05 07:10:00+00:00,33,57,5884693,64.36,64.4,64.36,64.38,85,BRN FMF0026!
2025-11-05 07:11:00+00:00,33,57,5884693,64.38,64.4,64.37,64.37,50,BRN FMF0026!
2025-11-05 07:12:00+00:00,33,57,5884693,64.38,64.39,64.38,64.38,36,BRN FMF0026!
2025-11-05 07:13:00+00:00,33,57,5884693,64.39,64.41,64.39,64.4,51,BRN FMF0026!
2025-11-05 07:14:00+00:00,33,57,5884693,64.4,64.4,64.38,64.38,75,BRN FMF0026!
2025-11-05 07:15:00+00:00,33,57,5884693,64.38,64.39,64.36,64.36,23,BRN FMF0026!
2025-11-05 07:16:00+00:00,33,57,5884693,64.38,64.39,64.37,64.39,60,BRN FMF0026!
2025-11-05 07:17:00+00:00,33,57,5884693,64.38,64.4,64.33,64.33,265,BRN FMF0026!
2025-11-05 07:18:00+00:00,33,57,5884693,64.34,64.34,64.32,64.33,68,BRN FMF0026!
2025-11-05 07:19:00+00:00,33,57,5884693,64.33,64.37,64.33,64.36,30,BRN FMF0026!
2025-11-05 07:20:00+00:00,33,57,5884693,64.36,64.4,64.36,64.39,235,BRN FMF0026!
2025-11-05 07:21:00+00:00,33,57,5884693,64.38,64.38,64.38,64.38,16,BRN FMF0026!
2025-11-05 07:22:00+00:00,33,57,5884693,64.37,64.38,64.36,64.36,29,BRN FMF0026!
2025-11-05 07:23:00+00:00,33,57,5884693,64.36,64.36,64.32,64.36,247,BRN FMF0026!
2025-11-05 07:24:00+00:00,33,57,5884693,64.36,64.37,64.34,64.35,185,BRN FMF0026!
2025-11-05 07:25:00+00:00,33,57,5884693,64.34,64.37,64.34,64.36,111,BRN FMF0026!
2025-11-05 07:26:00+00:00,33,57,5884693,64.35,64.37,64.35,64.36,18,BRN FMF0026!
2025-11-05 07:27:00+00:00,33,57,5884693,64.36,64.38,64.34,64.38,35,BRN FMF0026!
2025-11-05 07:28:00+00:00,33,57,5884693,64.37,64.39,64.36,64.38,56,BRN FMF0026!
2025-11-05 07:29:00+00:00,33,57,5884693,64.38,64.4,64.37,64.39,66,BRN FMF0026!
2025-11-05 07:30:00+00:00,33,57,5884693,64.38,64.4,64.38,64.4,66,BRN FMF0026!
2025-11-05 07:31:00+00:00,33,57,5884693,64.39,64.39,64.38,64.39,71,BRN FMF0026!
2025-11-05 07:32:00+00:00,33,57,5884693,64.4,64.42,64.38,64.41,182,BRN FMF0026!
2025-11-05 07:33:00+00:00,33,57,5884693,64.41,64.44,64.41,64.41,214,BRN FMF0026!
2025-11-05 07:34:00+00:00,33,57,5884693,64.41,64.42,64.39,64.42,151,BRN FMF0026!
2025-11-05 07:35:00+00:00,33,57,5884693,64.42,64.43,64.39,64.43,183,BRN FMF0026!
2025-11-05 07:36:00+00:00,33,57,5884693,64.42,64.43,64.41,64.43,68,BRN FMF0026!
2025-11-05 07:37:00+00:00,33,57,5884693,64.44,64.47,64.43,64.43,211,BRN FMF0026!
2025-11-05 07:38:00+00:00,33,57,5884693,64.43,64.48,64.43,64.44,103,BRN FMF0026!
2025-11-05 07:39:00+00:00,33,57,5884693,64.44,64.44,64.37,64.38,152,BRN FMF0026!
2025-11-05 07:40:00+00:00,33,57,5884693,64.37,64.4,64.37,64.4,33,BRN FMF0026!
2025-11-05 07:41:00+00:00,33,57,5884693,64.4,64.43,64.39,64.43,164,BRN FMF0026!
2025-11-05 07:42:00+00:00,33,57,5884693,64.43,64.43,64.4,64.42,22,BRN FMF0026!
2025-11-05 07:43:00+00:00,33,57,5884693,64.41,64.41,64.38,64.4,46,BRN FMF0026!
2025-11-05 07:44:00+00:00,33,57,5884693,64.41,64.43,64.4,64.42,82,BRN FMF0026!
2025-11-05 07:45:00+00:00,33,57,5884693,64.41,64.43,64.4,64.43,68,BRN FMF0026!
2025-11-05 07:46:00+00:00,33,57,5884693,64.42,64.43,64.41,64.42,28,BRN FMF0026!
2025-11-05 07:47:00+00:00,33,57,5884693,64.43,64.43,64.4,64.41,126,BRN FMF0026!
2025-11-05 07:48:00+00:00,33,57,5884693,64.42,64.42,64.38,64.38,50,BRN FMF0026!
2025-11-05 07:49:00+00:00,33,57,5884693,64.37,64.37,64.34,64.36,101,BRN FMF0026!
2025-11-05 07:50:00+00:00,33,57,5884693,64.36,64.38,64.34,64.36,108,BRN FMF0026!
2025-11-05 07:51:00+00:00,33,57,5884693,64.37,64.4,64.37,64.4,57,BRN FMF0026!
2025-11-05 07:52:00+00:00,33,57,5884693,64.41,64.46,64.41,64.42,411,BRN FMF0026!
2025-11-05 07:53:00+00:00,33,57,5884693,64.43,64.44,64.4,64.41,139,BRN FMF0026!
2025-11-05 07:54:00+00:00,33,57,5884693,64.41,64.46,64.4,64.46,214,BRN FMF0026!
2025-11-05 07:55:00+00:00,33,57,5884693,64.46,64.47,64.45,64.47,128,BRN FMF0026!
2025-11-05 07:56:00+00:00,33,57,5884693,64.46,64.46,64.42,64.42,92,BRN FMF0026!
2025-11-05 07:57:00+00:00,33,57,5884693,64.41,64.46,64.41,64.46,138,BRN FMF0026!
2025-11-05 07:58:00+00:00,33,57,5884693,64.46,64.49,64.46,64.48,261,BRN FMF0026!
2025-11-05 07:59:00+00:00,33,57,5884693,64.46,64.48,64.46,64.46,83,BRN FMF0026!
2025-11-05 08:00:00+00:00,33,57,5884693,64.46,64.5,64.38,64.38,222,BRN FMF0026!
2025-11-05 08:01:00+00:00,33,57,5884693,64.39,64.44,64.38,64.43,597,BRN FMF0026!
2025-11-05 08:02:00+00:00,33,57,5884693,64.42,64.43,64.37,64.37,129,BRN FMF0026!
2025-11-05 08:03:00+00:00,33,57,5884693,64.37,64.4,64.36,64.39,251,BRN FMF0026!
2025-11-05 08:04:00+00:00,33,57,5884693,64.39,64.42,64.39,64.41,90,BRN FMF0026!
2025-11-05 08:05:00+00:00,33,57,5884693,64.42,64.47,64.42,64.45,248,BRN FMF0026!
2025-11-05 08:06:00+00:00,33,57,5884693,64.44,64.45,64.37,64.37,409,BRN FMF0026!
2025-11-05 08:07:00+00:00,33,57,5884693,64.37,64.38,64.27,64.27,571,BRN FMF0026!
2025-11-05 08:08:00+00:00,33,57,5884693,64.29,64.35,64.27,64.33,496,BRN FMF0026!
2025-11-05 08:09:00+00:00,33,57,5884693,64.34,64.38,64.33,64.36,184,BRN FMF0026!
2025-11-05 08:10:00+00:00,33,57,5884693,64.35,64.38,64.34,64.36,171,BRN FMF0026!
2025-11-05 08:11:00+00:00,33,57,5884693,64.35,64.37,64.32,64.33,118,BRN FMF0026!
2025-11-05 08:12:00+00:00,33,57,5884693,64.33,64.36,64.33,64.34,46,BRN FMF0026!
2025-11-05 08:13:00+00:00,33,57,5884693,64.35,64.38,64.35,64.37,109,BRN FMF0026!
2025-11-05 08:14:00+00:00,33,57,5884693,64.37,64.42,64.36,64.42,415,BRN FMF0026!
2025-11-05 08:15:00+00:00,33,57,5884693,64.41,64.41,64.38,64.38,122,BRN FMF0026!
2025-11-05 08:16:00+00:00,33,57,5884693,64.38,64.41,64.38,64.39,218,BRN FMF0026!
2025-11-05 08:17:00+00:00,33,57,5884693,64.4,64.4,64.37,64.4,114,BRN FMF0026!
2025-11-05 08:18:00+00:00,33,57,5884693,64.4,64.41,64.32,64.34,435,BRN FMF0026!
2025-11-05 08:19:00+00:00,33,57,5884693,64.35,64.37,64.32,64.35,160,BRN FMF0026!
2025-11-05 08:20:00+00:00,33,57,5884693,64.36,64.37,64.35,64.36,173,BRN FMF0026!
2025-11-05 08:21:00+00:00,33,57,5884693,64.36,64.38,64.35,64.38,52,BRN FMF0026!
2025-11-05 08:22:00+00:00,33,57,5884693,64.38,64.38,64.36,64.38,94,BRN FMF0026!
2025-11-05 08:23:00+00:00,33,57,5884693,64.38,64.38,64.35,64.36,128,BRN FMF0026!
2025-11-05 08:24:00+00:00,33,57,5884693,64.37,64.38,64.34,64.37,201,BRN FMF0026!
2025-11-05 08:25:00+00:00,33,57,5884693,64.37,64.37,64.33,64.33,162,BRN FMF0026!
2025-11-05 08:26:00+00:00,33,57,5884693,64.34,64.34,64.3,64.31,276,BRN FMF0026!
2025-11-05 08:27:00+00:00,33,57,5884693,64.31,64.31,64.27,64.3,388,BRN FMF0026!
2025-11-05 08:28:00+00:00,33,57,5884693,64.3,64.33,64.28,64.31,373,BRN FMF0026!
2025-11-05 08:29:00+00:00,33,57,5884693,64.32,64.37,64.31,64.34,3031,BRN FMF0026!
2025-11-05 08:30:00+00:00,33,57,5884693,64.34,64.38,64.32,64.37,1594,BRN FMF0026!
2025-11-05 08:31:00+00:00,33,57,5884693,64.37,64.45,64.36,64.44,709,BRN FMF0026!
2025-11-05 08:32:00+00:00,33,57,5884693,64.45,64.46,64.44,64.46,462,BRN FMF0026!
2025-11-05 08:33:00+00:00,33,57,5884693,64.46,64.48,64.44,64.46,244,BRN FMF0026!
2025-11-05 08:34:00+00:00,33,57,5884693,64.47,64.52,64.47,64.52,247,BRN FMF0026!
2025-11-05 08:35:00+00:00,33,57,5884693,64.52,64.53,64.46,64.46,490,BRN FMF0026!
2025-11-05 08:36:00+00:00,33,57,5884693,64.46,64.47,64.44,64.45,112,BRN FMF0026!
2025-11-05 08:37:00+00:00,33,57,5884693,64.45,64.47,64.45,64.46,58,BRN FMF0026!
2025-11-05 08:38:00+00:00,33,57,5884693,64.47,64.49,64.47,64.49,145,BRN FMF0026!
2025-11-05 08:39:00+00:00,33,57,5884693,64.49,64.51,64.49,64.5,210,BRN FMF0026!
2025-11-05 08:40:00+00:00,33,57,5884693,64.5,64.62,64.5,64.58,1001,BRN FMF0026!
2025-11-05 08:41:00+00:00,33,57,5884693,64.59,64.61,64.56,64.58,374,BRN FMF0026!
2025-11-05 08:42:00+00:00,33,57,5884693,64.59,64.6,64.57,64.59,52,BRN FMF0026!
2025-11-05 08:43:00+00:00,33,57,5884693,64.6,64.6,64.54,64.54,156,BRN FMF0026!
2025-11-05 08:44:00+00:00,33,57,5884693,64.54,64.54,64.51,64.52,58,BRN FMF0026!
2025-11-05 08:45:00+00:00,33,57,5884693,64.52,64.55,64.5,64.54,228,BRN FMF0026!
2025-11-05 08:46:00+00:00,33,57,5884693,64.54,64.59,64.53,64.57,700,BRN FMF0026!
2025-11-05 08:47:00+00:00,33,57,5884693,64.58,64.59,64.54,64.57,200,BRN FMF0026!
2025-11-05 08:48:00+00:00,33,57,5884693,64.57,64.59,64.38,64.57,153,BRN FMF0026!
2025-11-05 08:49:00+00:00,33,57,5884693,64.57,64.58,64.54,64.54,116,BRN FMF0026!
2025-11-05 08:50:00+00:00,33,57,5884693,64.53,64.54,64.48,64.51,257,BRN FMF0026!
2025-11-05 08:51:00+00:00,33,57,5884693,64.5,64.51,64.49,64.49,120,BRN FMF0026!
2025-11-05 08:52:00+00:00,33,57,5884693,64.48,64.48,64.44,64.46,434,BRN FMF0026!
2025-11-05 08:53:00+00:00,33,57,5884693,64.46,64.48,64.44,64.48,92,BRN FMF0026!
2025-11-05 08:54:00+00:00,33,57,5884693,64.48,64.49,64.47,64.48,96,BRN FMF0026!
2025-11-05 08:55:00+00:00,33,57,5884693,64.49,64.51,64.48,64.49,100,BRN FMF0026!
2025-11-05 08:56:00+00:00,33,57,5884693,64.49,64.51,64.45,64.47,441,BRN FMF0026!
2025-11-05 08:57:00+00:00,33,57,5884693,64.47,64.5,64.47,64.47,131,BRN FMF0026!
2025-11-05 08:58:00+00:00,33,57,5884693,64.48,64.54,64.48,64.53,327,BRN FMF0026!
2025-11-05 08:59:00+00:00,33,57,5884693,64.53,64.57,64.52,64.52,209,BRN FMF0026!
2025-11-05 09:00:00+00:00,33,57,5884693,64.53,64.59,64.52,64.56,579,BRN FMF0026!
2025-11-05 09:01:00+00:00,33,57,5884693,64.56,64.56,64.53,64.55,77,BRN FMF0026!
2025-11-05 09:02:00+00:00,33,57,5884693,64.55,64.59,64.54,64.57,246,BRN FMF0026!
2025-11-05 09:03:00+00:00,33,57,5884693,64.55,64.58,64.53,64.57,205,BRN FMF0026!
2025-11-05 09:04:00+00:00,33,57,5884693,64.57,64.59,64.56,64.58,220,BRN FMF0026!
2025-11-05 09:05:00+00:00,33,57,5884693,64.57,64.61,64.57,64.6,63,BRN FMF0026!
2025-11-05 09:06:00+00:00,33,57,5884693,64.59,64.67,64.57,64.65,600,BRN FMF0026!
2025-11-05 09:07:00+00:00,33,57,5884693,64.66,64.67,64.62,64.63,690,BRN FMF0026!
2025-11-05 09:08:00+00:00,33,57,5884693,64.65,64.65,64.55,64.57,187,BRN FMF0026!
2025-11-05 09:09:00+00:00,33,57,5884693,64.58,64.58,64.56,64.56,90,BRN FMF0026!
2025-11-05 09:10:00+00:00,33,57,5884693,64.57,64.58,64.57,64.57,93,BRN FMF0026!
2025-11-05 09:11:00+00:00,33,57,5884693,64.58,64.6,64.57,64.58,73,BRN FMF0026!
2025-11-05 09:12:00+00:00,33,57,5884693,64.58,64.58,64.55,64.56,115,BRN FMF0026!
2025-11-05 09:13:00+00:00,33,57,5884693,64.55,64.55,64.52,64.54,194,BRN FMF0026!
2025-11-05 09:14:00+00:00,33,57,5884693,64.54,64.56,64.53,64.53,510,BRN FMF0026!
2025-11-05 09:15:00+00:00,33,57,5884693,64.52,64.54,64.49,64.49,498,BRN FMF0026!
2025-11-05 09:16:00+00:00,33,57,5884693,64.5,64.52,64.48,64.51,244,BRN FMF0026!
2025-11-05 09:17:00+00:00,33,57,5884693,64.52,64.57,64.51,64.57,226,BRN FMF0026!
2025-11-05 09:18:00+00:00,33,57,5884693,64.57,64.61,64.56,64.61,528,BRN FMF0026!
2025-11-05 09:19:00+00:00,33,57,5884693,64.61,64.64,64.59,64.62,446,BRN FMF0026!
2025-11-05 09:20:00+00:00,33,57,5884693,64.61,64.62,64.57,64.57,323,BRN FMF0026!
2025-11-05 09:21:00+00:00,33,57,5884693,64.57,64.59,64.55,64.59,470,BRN FMF0026!
2025-11-05 09:22:00+00:00,33,57,5884693,64.58,64.61,64.58,64.6,167,BRN FMF0026!
2025-11-05 09:23:00+00:00,33,57,5884693,64.6,64.64,64.6,64.6,212,BRN FMF0026!
2025-11-05 09:24:00+00:00,33,57,5884693,64.61,64.61,64.59,64.6,96,BRN FMF0026!
2025-11-05 09:25:00+00:00,33,57,5884693,64.6,64.62,64.6,64.62,53,BRN FMF0026!
2025-11-05 09:26:00+00:00,33,57,5884693,64.62,64.63,64.59,64.6,932,BRN FMF0026!
2025-11-05 09:27:00+00:00,33,57,5884693,64.6,64.62,64.59,64.61,219,BRN FMF0026!
2025-11-05 09:28:00+00:00,33,57,5884693,64.61,64.62,64.59,64.62,247,BRN FMF0026!
2025-11-05 09:29:00+00:00,33,57,5884693,64.62,64.64,64.61,64.63,168,BRN FMF0026!
2025-11-05 09:30:00+00:00,33,57,5884693,64.63,64.69,64.62,64.68,414,BRN FMF0026!
2025-11-05 09:31:00+00:00,33,57,5884693,64.69,64.75,64.69,64.72,764,BRN FMF0026!
2025-11-05 09:32:00+00:00,33,57,5884693,64.72,64.78,64.72,64.76,603,BRN FMF0026!
2025-11-05 09:33:00+00:00,33,57,5884693,64.75,64.77,64.74,64.75,266,BRN FMF0026!
2025-11-05 09:34:00+00:00,33,57,5884693,64.75,64.78,64.74,64.78,274,BRN FMF0026!
2025-11-05 09:35:00+00:00,33,57,5884693,64.79,64.79,64.75,64.75,431,BRN FMF0026!
2025-11-05 09:36:00+00:00,33,57,5884693,64.76,64.78,64.75,64.77,143,BRN FMF0026!
2025-11-05 09:37:00+00:00,33,57,5884693,64.78,64.8,64.75,64.79,232,BRN FMF0026!
2025-11-05 09:38:00+00:00,33,57,5884693,64.78,64.87,64.78,64.85,792,BRN FMF0026!
2025-11-05 09:39:00+00:00,33,57,5884693,64.85,64.86,64.79,64.79,322,BRN FMF0026!
2025-11-05 09:40:00+00:00,33,57,5884693,64.79,64.79,64.73,64.73,777,BRN FMF0026!
2025-11-05 09:41:00+00:00,33,57,5884693,64.73,64.76,64.73,64.75,256,BRN FMF0026!
2025-11-05 09:42:00+00:00,33,57,5884693,64.75,64.76,64.73,64.73,239,BRN FMF0026!
2025-11-05 09:43:00+00:00,33,57,5884693,64.73,64.76,64.73,64.74,54,BRN FMF0026!
2025-11-05 09:44:00+00:00,33,57,5884693,64.74,64.74,64.71,64.74,377,BRN FMF0026!
2025-11-05 09:45:00+00:00,33,57,5884693,64.74,64.76,64.73,64.75,127,BRN FMF0026!
2025-11-05 09:46:00+00:00,33,57,5884693,64.75,64.76,64.73,64.74,312,BRN FMF0026!
2025-11-05 09:47:00+00:00,33,57,5884693,64.73,64.73,64.72,64.73,67,BRN FMF0026!
2025-11-05 09:48:00+00:00,33,57,5884693,64.72,64.73,64.71,64.71,459,BRN FMF0026!
2025-11-05 09:49:00+00:00,33,57,5884693,64.7,64.73,64.7,64.72,245,BRN FMF0026!
2025-11-05 09:50:00+00:00,33,57,5884693,64.73,64.75,64.72,64.73,406,BRN FMF0026!
2025-11-05 09:51:00+00:00,33,57,5884693,64.73,64.74,64.73,64.74,109,BRN FMF0026!
2025-11-05 09:52:00+00:00,33,57,5884693,64.74,64.75,64.73,64.75,78,BRN FMF0026!
2025-11-05 09:53:00+00:00,33,57,5884693,64.76,64.76,64.72,64.72,84,BRN FMF0026!
2025-11-05 09:54:00+00:00,33,57,5884693,64.72,64.72,64.67,64.68,225,BRN FMF0026!
2025-11-05 09:55:00+00:00,33,57,5884693,64.69,64.72,64.69,64.69,121,BRN FMF0026!
2025-11-05 09:56:00+00:00,33,57,5884693,64.7,64.71,64.7,64.71,50,BRN FMF0026!
2025-11-05 09:57:00+00:00,33,57,5884693,64.71,64.74,64.71,64.74,58,BRN FMF0026!
2025-11-05 09:58:00+00:00,33,57,5884693,64.73,64.75,64.73,64.74,59,BRN FMF0026!
2025-11-05 09:59:00+00:00,33,57,5884693,64.73,64.75,64.73,64.75,160,BRN FMF0026!
2025-11-05 10:00:00+00:00,33,57,5884693,64.75,64.77,64.72,64.73,372,BRN FMF0026!
2025-11-05 10:01:00+00:00,33,57,5884693,64.74,64.75,64.73,64.75,92,BRN FMF0026!
2025-11-05 10:02:00+00:00,33,57,5884693,64.76,64.83,64.76,64.8,635,BRN FMF0026!
2025-11-05 10:03:00+00:00,33,57,5884693,64.8,64.82,64.77,64.78,309,BRN FMF0026!
2025-11-05 10:04:00+00:00,33,57,5884693,64.77,64.79,64.75,64.76,269,BRN FMF0026!
2025-11-05 10:05:00+00:00,33,57,5884693,64.76,64.79,64.74,64.74,355,BRN FMF0026!
2025-11-05 10:06:00+00:00,33,57,5884693,64.74,64.78,64.73,64.77,125,BRN FMF0026!
2025-11-05 10:07:00+00:00,33,57,5884693,64.78,64.84,64.77,64.83,554,BRN FMF0026!
2025-11-05 10:08:00+00:00,33,57,5884693,64.84,64.85,64.83,64.84,101,BRN FMF0026!
2025-11-05 10:09:00+00:00,33,57,5884693,64.84,64.84,64.82,64.83,146,BRN FMF0026!
2025-11-05 10:10:00+00:00,33,57,5884693,64.84,64.87,64.83,64.84,148,BRN FMF0026!
2025-11-05 10:11:00+00:00,33,57,5884693,64.86,64.88,64.86,64.87,173,BRN FMF0026!
2025-11-05 10:12:00+00:00,33,57,5884693,64.87,64.92,64.87,64.89,449,BRN FMF0026!
2025-11-05 10:13:00+00:00,33,57,5884693,64.89,64.9,64.88,64.89,447,BRN FMF0026!
2025-11-05 10:14:00+00:00,33,57,5884693,64.88,64.88,64.86,64.86,227,BRN FMF0026!
2025-11-05 10:15:00+00:00,33,57,5884693,64.86,64.88,64.85,64.86,208,BRN FMF0026!
2025-11-05 10:16:00+00:00,33,57,5884693,64.87,64.88,64.86,64.88,98,BRN FMF0026!
2025-11-05 10:17:00+00:00,33,57,5884693,64.87,64.87,64.81,64.81,408,BRN FMF0026!
2025-11-05 10:18:00+00:00,33,57,5884693,64.81,64.82,64.8,64.82,154,BRN FMF0026!
2025-11-05 10:19:00+00:00,33,57,5884693,64.82,64.82,64.8,64.8,42,BRN FMF0026!
2025-11-05 10:20:00+00:00,33,57,5884693,64.81,64.85,64.81,64.85,273,BRN FMF0026!
2025-11-05 10:21:00+00:00,33,57,5884693,64.85,64.87,64.83,64.86,116,BRN FMF0026!
2025-11-05 10:22:00+00:00,33,57,5884693,64.86,64.87,64.84,64.87,357,BRN FMF0026!
2025-11-05 10:23:00+00:00,33,57,5884693,64.88,64.91,64.86,64.91,56,BRN FMF0026!
2025-11-05 10:24:00+00:00,33,57,5884693,64.91,64.93,64.88,64.9,544,BRN FMF0026!
2025-11-05 10:25:00+00:00,33,57,5884693,64.9,64.9,64.88,64.88,278,BRN FMF0026!
2025-11-05 10:26:00+00:00,33,57,5884693,64.89,64.89,64.84,64.87,180,BRN FMF0026!
2025-11-05 10:27:00+00:00,33,57,5884693,64.88,64.89,64.84,64.88,168,BRN FMF0026!
2025-11-05 10:28:00+00:00,33,57,5884693,64.89,64.92,64.86,64.9,335,BRN FMF0026!
2025-11-05 10:29:00+00:00,33,57,5884693,64.9,64.91,64.86,64.86,101,BRN FMF0026!
2025-11-05 10:30:00+00:00,33,57,5884693,64.86,64.9,64.86,64.88,152,BRN FMF0026!
2025-11-05 10:31:00+00:00,33,57,5884693,64.88,64.91,64.88,64.91,222,BRN FMF0026!
2025-11-05 10:32:00+00:00,33,57,5884693,64.91,64.92,64.89,64.9,153,BRN FMF0026!
2025-11-05 10:33:00+00:00,33,57,5884693,64.91,64.95,64.9,64.91,431,BRN FMF0026!
2025-11-05 10:34:00+00:00,33,57,5884693,64.92,64.92,64.87,64.88,270,BRN FMF0026!
2025-11-05 10:35:00+00:00,33,57,5884693,64.89,64.9,64.86,64.87,723,BRN FMF0026!
2025-11-05 10:36:00+00:00,33,57,5884693,64.88,64.88,64.84,64.86,97,BRN FMF0026!
2025-11-05 10:37:00+00:00,33,57,5884693,64.86,64.88,64.84,64.87,217,BRN FMF0026!
2025-11-05 10:38:00+00:00,33,57,5884693,64.86,64.9,64.85,64.9,324,BRN FMF0026!
2025-11-05 10:39:00+00:00,33,57,5884693,64.9,64.91,64.9,64.91,116,BRN FMF0026!
2025-11-05 10:40:00+00:00,33,57,5884693,64.92,64.93,64.88,64.91,258,BRN FMF0026!
2025-11-05 10:41:00+00:00,33,57,5884693,64.91,64.91,64.86,64.87,212,BRN FMF0026!
2025-11-05 10:42:00+00:00,33,57,5884693,64.87,64.87,64.84,64.85,114,BRN FMF0026!
2025-11-05 10:43:00+00:00,33,57,5884693,64.85,64.85,64.84,64.85,87,BRN FMF0026!
2025-11-05 10:44:00+00:00,33,57,5884693,64.86,64.86,64.85,64.86,80,BRN FMF0026!
2025-11-05 10:45:00+00:00,33,57,5884693,64.86,64.88,64.84,64.88,154,BRN FMF0026!
2025-11-05 10:46:00+00:00,33,57,5884693,64.87,64.89,64.87,64.89,59,BRN FMF0026!
2025-11-05 10:47:00+00:00,33,57,5884693,64.89,64.9,64.89,64.89,93,BRN FMF0026!
2025-11-05 10:48:00+00:00,33,57,5884693,64.89,64.92,64.89,64.91,280,BRN FMF0026!
2025-11-05 10:49:00+00:00,33,57,5884693,64.91,64.93,64.9,64.93,106,BRN FMF0026!
2025-11-05 10:50:00+00:00,33,57,5884693,64.93,64.93,64.9,64.91,99,BRN FMF0026!
2025-11-05 10:51:00+00:00,33,57,5884693,64.91,64.92,64.9,64.9,112,BRN FMF0026!
2025-11-05 10:52:00+00:00,33,57,5884693,64.9,64.91,64.89,64.89,93,BRN FMF0026!
2025-11-05 10:53:00+00:00,33,57,5884693,64.89,64.91,64.88,64.88,232,BRN FMF0026!
2025-11-05 10:54:00+00:00,33,57,5884693,64.88,64.9,64.87,64.88,317,BRN FMF0026!
2025-11-05 10:55:00+00:00,33,57,5884693,64.88,64.89,64.79,64.79,958,BRN FMF0026!
2025-11-05 10:56:00+00:00,33,57,5884693,64.79,64.79,64.76,64.78,175,BRN FMF0026!
2025-11-05 10:57:00+00:00,33,57,5884693,64.78,64.78,64.75,64.77,119,BRN FMF0026!
2025-11-05 10:58:00+00:00,33,57,5884693,64.76,64.78,64.75,64.78,171,BRN FMF0026!
2025-11-05 10:59:00+00:00,33,57,5884693,64.77,64.79,64.76,64.76,312,BRN FMF0026!
2025-11-05 11:00:00+00:00,33,57,5884693,64.77,64.78,64.75,64.76,552,BRN FMF0026!
2025-11-05 11:01:00+00:00,33,57,5884693,64.76,64.85,64.74,64.85,211,BRN FMF0026!
2025-11-05 11:02:00+00:00,33,57,5884693,64.85,64.86,64.84,64.85,271,BRN FMF0026!
2025-11-05 11:03:00+00:00,33,57,5884693,64.85,64.87,64.85,64.86,245,BRN FMF0026!
2025-11-05 11:04:00+00:00,33,57,5884693,64.86,64.88,64.86,64.88,38,BRN FMF0026!
2025-11-05 11:05:00+00:00,33,57,5884693,64.87,64.88,64.87,64.88,103,BRN FMF0026!
2025-11-05 11:06:00+00:00,33,57,5884693,64.87,64.9,64.87,64.88,167,BRN FMF0026!
2025-11-05 11:07:00+00:00,33,57,5884693,64.88,64.88,64.84,64.86,221,BRN FMF0026!
2025-11-05 11:08:00+00:00,33,57,5884693,64.86,64.87,64.86,64.87,55,BRN FMF0026!
2025-11-05 11:09:00+00:00,33,57,5884693,64.86,64.86,64.83,64.84,113,BRN FMF0026!
2025-11-05 11:10:00+00:00,33,57,5884693,64.84,64.84,64.79,64.79,184,BRN FMF0026!
2025-11-05 11:11:00+00:00,33,57,5884693,64.79,64.79,64.76,64.77,166,BRN FMF0026!
2025-11-05 11:12:00+00:00,33,57,5884693,64.78,64.78,64.76,64.76,136,BRN FMF0026!
2025-11-05 11:13:00+00:00,33,57,5884693,64.76,64.78,64.73,64.73,423,BRN FMF0026!
2025-11-05 11:14:00+00:00,33,57,5884693,64.72,64.72,64.69,64.72,553,BRN FMF0026!
2025-11-05 11:15:00+00:00,33,57,5884693,64.72,64.72,64.69,64.72,796,BRN FMF0026!
2025-11-05 11:16:00+00:00,33,57,5884693,64.72,64.73,64.72,64.72,46,BRN FMF0026!
2025-11-05 11:17:00+00:00,33,57,5884693,64.72,64.72,64.68,64.69,245,BRN FMF0026!
2025-11-05 11:18:00+00:00,33,57,5884693,64.7,64.72,64.7,64.7,169,BRN FMF0026!
2025-11-05 11:19:00+00:00,33,57,5884693,64.7,64.72,64.69,64.7,107,BRN FMF0026!
2025-11-05 11:20:00+00:00,33,57,5884693,64.7,64.7,64.68,64.68,91,BRN FMF0026!
2025-11-05 11:21:00+00:00,33,57,5884693,64.67,64.67,64.62,64.64,118,BRN FMF0026!
2025-11-05 11:22:00+00:00,33,57,5884693,64.63,64.63,64.6,64.6,326,BRN FMF0026!
2025-11-05 11:23:00+00:00,33,57,5884693,64.61,64.61,64.56,64.57,306,BRN FMF0026!
2025-11-05 11:24:00+00:00,33,57,5884693,64.57,64.6,64.57,64.6,143,BRN FMF0026!
2025-11-05 11:25:00+00:00,33,57,5884693,64.59,64.61,64.58,64.58,100,BRN FMF0026!
2025-11-05 11:26:00+00:00,33,57,5884693,64.59,64.64,64.59,64.62,159,BRN FMF0026!
2025-11-05 11:27:00+00:00,33,57,5884693,64.63,64.64,64.6,64.6,260,BRN FMF0026!
2025-11-05 11:28:00+00:00,33,57,5884693,64.61,64.61,64.58,64.6,39,BRN FMF0026!
2025-11-05 11:29:00+00:00,33,57,5884693,64.59,64.6,64.55,64.6,351,BRN FMF0026!
2025-11-05 11:30:00+00:00,33,57,5884693,64.6,64.66,64.6,64.65,156,BRN FMF0026!
2025-11-05 11:31:00+00:00,33,57,5884693,64.65,64.66,64.62,64.64,44,BRN FMF0026!
2025-11-05 11:32:00+00:00,33,57,5884693,64.63,64.63,64.61,64.61,40,BRN FMF0026!
2025-11-05 11:33:00+00:00,33,57,5884693,64.61,64.61,64.58,64.58,185,BRN FMF0026!
2025-11-05 11:34:00+00:00,33,57,5884693,64.58,64.61,64.58,64.6,85,BRN FMF0026!
2025-11-05 11:35:00+00:00,33,57,5884693,64.59,64.61,64.59,64.61,70,BRN FMF0026!
2025-11-05 11:36:00+00:00,33,57,5884693,64.6,64.6,64.57,64.59,159,BRN FMF0026!
2025-11-05 11:37:00+00:00,33,57,5884693,64.59,64.59,64.56,64.58,90,BRN FMF0026!
2025-11-05 11:38:00+00:00,33,57,5884693,64.57,64.58,64.56,64.56,94,BRN FMF0026!
2025-11-05 11:39:00+00:00,33,57,5884693,64.56,64.58,64.56,64.58,54,BRN FMF0026!
2025-11-05 11:40:00+00:00,33,57,5884693,64.58,64.58,64.57,64.58,33,BRN FMF0026!
2025-11-05 11:41:00+00:00,33,57,5884693,64.58,64.58,64.56,64.57,53,BRN FMF0026!
2025-11-05 11:42:00+00:00,33,57,5884693,64.57,64.58,64.56,64.58,127,BRN FMF0026!
2025-11-05 11:43:00+00:00,33,57,5884693,64.56,64.57,64.55,64.57,211,BRN FMF0026!
2025-11-05 11:44:00+00:00,33,57,5884693,64.56,64.58,64.51,64.52,262,BRN FMF0026!
2025-11-05 11:45:00+00:00,33,57,5884693,64.52,64.53,64.51,64.53,89,BRN FMF0026!
2025-11-05 11:46:00+00:00,33,57,5884693,64.53,64.55,64.52,64.53,128,BRN FMF0026!
2025-11-05 11:47:00+00:00,33,57,5884693,64.53,64.54,64.53,64.53,84,BRN FMF0026!
2025-11-05 11:48:00+00:00,33,57,5884693,64.53,64.55,64.53,64.54,56,BRN FMF0026!
2025-11-05 11:49:00+00:00,33,57,5884693,64.54,64.54,64.53,64.53,132,BRN FMF0026!
2025-11-05 11:50:00+00:00,33,57,5884693,64.53,64.54,64.52,64.54,97,BRN FMF0026!
2025-11-05 11:51:00+00:00,33,57,5884693,64.54,64.55,64.52,64.54,188,BRN FMF0026!
2025-11-05 11:52:00+00:00,33,57,5884693,64.54,64.54,64.5,64.5,268,BRN FMF0026!
2025-11-05 11:53:00+00:00,33,57,5884693,64.5,64.52,64.5,64.52,198,BRN FMF0026!
2025-11-05 11:54:00+00:00,33,57,5884693,64.52,64.53,64.51,64.51,113,BRN FMF0026!
2025-11-05 11:55:00+00:00,33,57,5884693,64.51,64.52,64.47,64.47,295,BRN FMF0026!
2025-11-05 11:56:00+00:00,33,57,5884693,64.47,64.48,64.45,64.45,1032,BRN FMF0026!
2025-11-05 11:57:00+00:00,33,57,5884693,64.46,64.47,64.41,64.43,697,BRN FMF0026!
2025-11-05 11:58:00+00:00,33,57,5884693,64.42,64.44,64.41,64.42,176,BRN FMF0026!
2025-11-05 11:59:00+00:00,33,57,5884693,64.42,64.43,64.39,64.42,473,BRN FMF0026!
2025-11-05 12:00:00+00:00,33,57,5884693,64.41,64.41,64.29,64.32,2424,BRN FMF0026!
2025-11-05 12:01:00+00:00,33,57,5884693,64.33,64.33,64.22,64.24,715,BRN FMF0026!
2025-11-05 12:02:00+00:00,33,57,5884693,64.23,64.25,64.18,64.21,1239,BRN FMF0026!
2025-11-05 12:03:00+00:00,33,57,5884693,64.2,64.23,64.19,64.19,454,BRN FMF0026!
2025-11-05 12:04:00+00:00,33,57,5884693,64.19,64.22,64.16,64.2,488,BRN FMF0026!
2025-11-05 12:05:00+00:00,33,57,5884693,64.2,64.21,64.18,64.2,344,BRN FMF0026!
2025-11-05 12:06:00+00:00,33,57,5884693,64.19,64.2,64.17,64.18,383,BRN FMF0026!
2025-11-05 12:07:00+00:00,33,57,5884693,64.19,64.2,64.17,64.18,111,BRN FMF0026!
2025-11-05 12:08:00+00:00,33,57,5884693,64.18,64.19,64.17,64.18,105,BRN FMF0026!
2025-11-05 12:09:00+00:00,33,57,5884693,64.18,64.19,64.18,64.19,101,BRN FMF0026!
2025-11-05 12:10:00+00:00,33,57,5884693,64.19,64.19,64.11,64.15,1233,BRN FMF0026!
2025-11-05 12:11:00+00:00,33,57,5884693,64.14,64.15,64.13,64.14,211,BRN FMF0026!
2025-11-05 12:12:00+00:00,33,57,5884693,64.14,64.15,64.13,64.14,152,BRN FMF0026!
2025-11-05 12:13:00+00:00,33,57,5884693,64.13,64.13,64.08,64.11,598,BRN FMF0026!
2025-11-05 12:14:00+00:00,33,57,5884693,64.11,64.12,64.09,64.1,311,BRN FMF0026!
2025-11-05 12:15:00+00:00,33,57,5884693,64.11,64.15,64.1,64.15,369,BRN FMF0026!
2025-11-05 12:16:00+00:00,33,57,5884693,64.15,64.2,64.13,64.2,780,BRN FMF0026!
2025-11-05 12:17:00+00:00,33,57,5884693,64.2,64.27,64.19,64.27,1039,BRN FMF0026!
2025-11-05 12:18:00+00:00,33,57,5884693,64.26,64.28,64.22,64.25,366,BRN FMF0026!
2025-11-05 12:19:00+00:00,33,57,5884693,64.25,64.27,64.25,64.26,222,BRN FMF0026!
2025-11-05 12:20:00+00:00,33,57,5884693,64.26,64.3,64.25,64.3,235,BRN FMF0026!
2025-11-05 12:21:00+00:00,33,57,5884693,64.3,64.31,64.28,64.3,83,BRN FMF0026!
2025-11-05 12:22:00+00:00,33,57,5884693,64.31,64.35,64.3,64.34,174,BRN FMF0026!
2025-11-05 12:23:00+00:00,33,57,5884693,64.34,64.35,64.32,64.34,186,BRN FMF0026!
2025-11-05 12:24:00+00:00,33,57,5884693,64.34,64.35,64.32,64.35,255,BRN FMF0026!
2025-11-05 12:25:00+00:00,33,57,5884693,64.35,64.36,64.33,64.36,110,BRN FMF0026!
2025-11-05 12:26:00+00:00,33,57,5884693,64.36,64.37,64.35,64.37,195,BRN FMF0026!
2025-11-05 12:27:00+00:00,33,57,5884693,64.36,64.39,64.36,64.37,186,BRN FMF0026!
2025-11-05 12:28:00+00:00,33,57,5884693,64.36,64.36,64.29,64.3,60,BRN FMF0026!
2025-11-05 12:29:00+00:00,33,57,5884693,64.31,64.31,64.29,64.29,34,BRN FMF0026!
2025-11-05 12:30:00+00:00,33,57,5884693,64.3,64.33,64.3,64.32,97,BRN FMF0026!
2025-11-05 12:31:00+00:00,33,57,5884693,64.32,64.33,64.31,64.32,389,BRN FMF0026!
2025-11-05 12:32:00+00:00,33,57,5884693,64.31,64.31,64.27,64.29,427,BRN FMF0026!
2025-11-05 12:33:00+00:00,33,57,5884693,64.29,64.3,64.28,64.28,41,BRN FMF0026!
2025-11-05 12:34:00+00:00,33,57,5884693,64.29,64.29,64.24,64.26,344,BRN FMF0026!
2025-11-05 12:35:00+00:00,33,57,5884693,64.26,64.26,64.23,64.24,189,BRN FMF0026!
2025-11-05 12:36:00+00:00,33,57,5884693,64.23,64.23,64.21,64.22,140,BRN FMF0026!
2025-11-05 12:37:00+00:00,33,57,5884693,64.22,64.23,64.2,64.23,924,BRN FMF0026!
2025-11-05 12:38:00+00:00,33,57,5884693,64.23,64.25,64.22,64.24,218,BRN FMF0026!
2025-11-05 12:39:00+00:00,33,57,5884693,64.25,64.28,64.25,64.27,75,BRN FMF0026!
2025-11-05 12:40:00+00:00,33,57,5884693,64.27,64.27,64.24,64.24,77,BRN FMF0026!
2025-11-05 12:41:00+00:00,33,57,5884693,64.25,64.27,64.23,64.25,97,BRN FMF0026!
2025-11-05 12:42:00+00:00,33,57,5884693,64.25,64.28,64.25,64.25,75,BRN FMF0026!
2025-11-05 12:43:00+00:00,33,57,5884693,64.26,64.27,64.26,64.26,57,BRN FMF0026!
2025-11-05 12:44:00+00:00,33,57,5884693,64.26,64.27,64.25,64.26,67,BRN FMF0026!
2025-11-05 12:45:00+00:00,33,57,5884693,64.26,64.34,64.24,64.32,2511,BRN FMF0026!
2025-11-05 12:46:00+00:00,33,57,5884693,64.32,64.34,64.29,64.29,211,BRN FMF0026!
2025-11-05 12:47:00+00:00,33,57,5884693,64.29,64.31,64.29,64.3,36,BRN FMF0026!
2025-11-05 12:48:00+00:00,33,57,5884693,64.3,64.3,64.29,64.29,92,BRN FMF0026!
2025-11-05 12:49:00+00:00,33,57,5884693,64.29,64.31,64.29,64.29,51,BRN FMF0026!
2025-11-05 12:50:00+00:00,33,57,5884693,64.29,64.29,64.28,64.29,49,BRN FMF0026!
2025-11-05 12:51:00+00:00,33,57,5884693,64.28,64.29,64.27,64.29,119,BRN FMF0026!
2025-11-05 12:52:00+00:00,33,57,5884693,64.3,64.3,64.27,64.27,159,BRN FMF0026!
2025-11-05 12:53:00+00:00,33,57,5884693,64.27,64.28,64.25,64.27,178,BRN FMF0026!
2025-11-05 12:54:00+00:00,33,57,5884693,64.27,64.27,64.22,64.22,127,BRN FMF0026!
2025-11-05 12:55:00+00:00,33,57,5884693,64.22,64.24,64.21,64.23,120,BRN FMF0026!
2025-11-05 12:56:00+00:00,33,57,5884693,64.24,64.3,64.24,64.3,61,BRN FMF0026!
2025-11-05 12:57:00+00:00,33,57,5884693,64.3,64.31,64.27,64.28,569,BRN FMF0026!
2025-11-05 12:58:00+00:00,33,57,5884693,64.28,64.29,64.25,64.25,1194,BRN FMF0026!
2025-11-05 12:59:00+00:00,33,57,5884693,64.26,64.26,64.24,64.24,157,BRN FMF0026!
2025-11-05 13:00:00+00:00,33,57,5884693,64.25,64.27,64.25,64.26,248,BRN FMF0026!
2025-11-05 13:01:00+00:00,33,57,5884693,64.26,64.26,64.19,64.21,298,BRN FMF0026!
2025-11-05 13:02:00+00:00,33,57,5884693,64.22,64.24,64.21,64.24,192,BRN FMF0026!
2025-11-05 13:03:00+00:00,33,57,5884693,64.23,64.26,64.22,64.26,120,BRN FMF0026!
2025-11-05 13:04:00+00:00,33,57,5884693,64.27,64.28,64.25,64.28,125,BRN FMF0026!
2025-11-05 13:05:00+00:00,33,57,5884693,64.28,64.28,64.23,64.23,145,BRN FMF0026!
2025-11-05 13:06:00+00:00,33,57,5884693,64.23,64.23,64.19,64.19,191,BRN FMF0026!
2025-11-05 13:07:00+00:00,33,57,5884693,64.19,64.23,64.19,64.2,243,BRN FMF0026!
2025-11-05 13:08:00+00:00,33,57,5884693,64.2,64.23,64.2,64.21,71,BRN FMF0026!
2025-11-05 13:09:00+00:00,33,57,5884693,64.21,64.23,64.2,64.23,66,BRN FMF0026!
2025-11-05 13:10:00+00:00,33,57,5884693,64.23,64.23,64.2,64.2,81,BRN FMF0026!
2025-11-05 13:11:00+00:00,33,57,5884693,64.2,64.2,64.18,64.18,46,BRN FMF0026!
2025-11-05 13:12:00+00:00,33,57,5884693,64.19,64.2,64.16,64.17,1673,BRN FMF0026!
2025-11-05 13:13:00+00:00,33,57,5884693,64.17,64.19,64.16,64.17,545,BRN FMF0026!
2025-11-05 13:14:00+00:00,33,57,5884693,64.16,64.18,64.16,64.17,273,BRN FMF0026!
2025-11-05 13:15:00+00:00,33,57,5884693,64.17,64.2,64.16,64.19,358,BRN FMF0026!
2025-11-05 13:16:00+00:00,33,57,5884693,64.2,64.2,64.17,64.18,100,BRN FMF0026!
2025-11-05 13:17:00+00:00,33,57,5884693,64.17,64.18,64.08,64.1,4188,BRN FMF0026!
2025-11-05 13:18:00+00:00,33,57,5884693,64.1,64.11,64.09,64.09,452,BRN FMF0026!
2025-11-05 13:19:00+00:00,33,57,5884693,64.09,64.11,64.06,64.11,572,BRN FMF0026!
2025-11-05 13:20:00+00:00,33,57,5884693,64.11,64.13,64.11,64.11,381,BRN FMF0026!
2025-11-05 13:21:00+00:00,33,57,5884693,64.12,64.14,64.12,64.14,326,BRN FMF0026!
2025-11-05 13:22:00+00:00,33,57,5884693,64.15,64.15,64.07,64.09,689,BRN FMF0026!
2025-11-05 13:23:00+00:00,33,57,5884693,64.1,64.1,64.05,64.07,1213,BRN FMF0026!
2025-11-05 13:24:00+00:00,33,57,5884693,64.07,64.1,64.07,64.08,199,BRN FMF0026!
2025-11-05 13:25:00+00:00,33,57,5884693,64.09,64.14,64.09,64.13,189,BRN FMF0026!
2025-11-05 13:26:00+00:00,33,57,5884693,64.13,64.14,64.08,64.09,575,BRN FMF0026!
2025-11-05 13:27:00+00:00,33,57,5884693,64.09,64.14,64.08,64.12,624,BRN FMF0026!
2025-11-05 13:28:00+00:00,33,57,5884693,64.12,64.13,64.11,64.11,163,BRN FMF0026!
2025-11-05 13:29:00+00:00,33,57,5884693,64.12,64.16,64.12,64.13,618,BRN FMF0026!
2025-11-05 13:30:00+00:00,33,57,5884693,64.12,64.19,64.11,64.15,250,BRN FMF0026!
2025-11-05 13:31:00+00:00,33,57,5884693,64.15,64.21,64.15,64.21,240,BRN FMF0026!
2025-11-05 13:32:00+00:00,33,57,5884693,64.2,64.22,64.19,64.21,273,BRN FMF0026!
2025-11-05 13:33:00+00:00,33,57,5884693,64.2,64.21,64.19,64.2,112,BRN FMF0026!
2025-11-05 13:34:00+00:00,33,57,5884693,64.19,64.23,64.18,64.22,235,BRN FMF0026!
2025-11-05 13:35:00+00:00,33,57,5884693,64.21,64.21,64.08,64.18,738,BRN FMF0026!
2025-11-05 13:36:00+00:00,33,57,5884693,64.19,64.19,64.18,64.18,159,BRN FMF0026!
2025-11-05 13:37:00+00:00,33,57,5884693,64.19,64.23,64.19,64.23,362,BRN FMF0026!
2025-11-05 13:38:00+00:00,33,57,5884693,64.24,64.26,64.23,64.25,838,BRN FMF0026!
2025-11-05 13:39:00+00:00,33,57,5884693,64.24,64.24,64.23,64.24,127,BRN FMF0026!
2025-11-05 13:40:00+00:00,33,57,5884693,64.24,64.24,64.17,64.17,354,BRN FMF0026!
2025-11-05 13:41:00+00:00,33,57,5884693,64.19,64.22,64.19,64.21,124,BRN FMF0026!
2025-11-05 13:42:00+00:00,33,57,5884693,64.21,64.21,64.19,64.2,71,BRN FMF0026!
2025-11-05 13:43:00+00:00,33,57,5884693,64.2,64.23,64.19,64.22,185,BRN FMF0026!
2025-11-05 13:44:00+00:00,33,57,5884693,64.22,64.22,64.13,64.14,701,BRN FMF0026!
2025-11-05 13:45:00+00:00,33,57,5884693,64.13,64.14,64.11,64.13,131,BRN FMF0026!
2025-11-05 13:46:00+00:00,33,57,5884693,64.13,64.14,64.09,64.11,414,BRN FMF0026!
2025-11-05 13:47:00+00:00,33,57,5884693,64.1,64.12,64.1,64.11,177,BRN FMF0026!
2025-11-05 13:48:00+00:00,33,57,5884693,64.11,64.12,64.08,64.1,286,BRN FMF0026!
2025-11-05 13:49:00+00:00,33,57,5884693,64.1,64.1,64.06,64.07,407,BRN FMF0026!
2025-11-05 13:50:00+00:00,33,57,5884693,64.06,64.1,64.06,64.1,68,BRN FMF0026!
2025-11-05 13:51:00+00:00,33,57,5884693,64.1,64.11,64.09,64.11,115,BRN FMF0026!
2025-11-05 13:52:00+00:00,33,57,5884693,64.11,64.16,64.11,64.16,200,BRN FMF0026!
2025-11-05 13:53:00+00:00,33,57,5884693,64.16,64.2,64.16,64.16,620,BRN FMF0026!
2025-11-05 13:54:00+00:00,33,57,5884693,64.16,64.2,64.15,64.19,509,BRN FMF0026!
2025-11-05 13:55:00+00:00,33,57,5884693,64.19,64.23,64.19,64.19,250,BRN FMF0026!
2025-11-05 13:56:00+00:00,33,57,5884693,64.2,64.2,64.13,64.17,884,BRN FMF0026!
2025-11-05 13:57:00+00:00,33,57,5884693,64.18,64.19,64.17,64.18,322,BRN FMF0026!
2025-11-05 13:58:00+00:00,33,57,5884693,64.18,64.18,64.15,64.15,479,BRN FMF0026!
2025-11-05 13:59:00+00:00,33,57,5884693,64.16,64.17,64.14,64.17,60,BRN FMF0026!
2025-11-05 14:00:00+00:00,33,57,5884693,64.16,64.16,64.09,64.12,580,BRN FMF0026!
2025-11-05 14:01:00+00:00,33,57,5884693,64.12,64.14,64.07,64.09,233,BRN FMF0026!
2025-11-05 14:02:00+00:00,33,57,5884693,64.1,64.13,64.09,64.11,326,BRN FMF0026!
2025-11-05 14:03:00+00:00,33,57,5884693,64.1,64.12,64.08,64.11,640,BRN FMF0026!
2025-11-05 14:04:00+00:00,33,57,5884693,64.11,64.12,64.09,64.12,405,BRN FMF0026!
2025-11-05 14:05:00+00:00,33,57,5884693,64.11,64.11,64.0,64.04,1193,BRN FMF0026!
2025-11-05 14:06:00+00:00,33,57,5884693,64.04,64.08,64.01,64.08,218,BRN FMF0026!
2025-11-05 14:07:00+00:00,33,57,5884693,64.09,64.09,64.07,64.09,187,BRN FMF0026!
2025-11-05 14:08:00+00:00,33,57,5884693,64.09,64.1,64.08,64.09,236,BRN FMF0026!
2025-11-05 14:09:00+00:00,33,57,5884693,64.08,64.12,64.06,64.07,99,BRN FMF0026!
2025-11-05 14:10:00+00:00,33,57,5884693,64.07,64.07,64.03,64.04,157,BRN FMF0026!
2025-11-05 14:11:00+00:00,33,57,5884693,64.04,64.04,64.01,64.02,314,BRN FMF0026!
2025-11-05 14:12:00+00:00,33,57,5884693,64.02,64.06,64.02,64.05,291,BRN FMF0026!
2025-11-05 14:13:00+00:00,33,57,5884693,64.06,64.07,64.04,64.07,412,BRN FMF0026!
2025-11-05 14:14:00+00:00,33,57,5884693,64.06,64.1,64.06,64.1,332,BRN FMF0026!
2025-11-05 14:15:00+00:00,33,57,5884693,64.1,64.1,64.06,64.09,107,BRN FMF0026!
2025-11-05 14:16:00+00:00,33,57,5884693,64.08,64.14,64.07,64.13,456,BRN FMF0026!
2025-11-05 14:17:00+00:00,33,57,5884693,64.13,64.14,64.12,64.12,264,BRN FMF0026!
2025-11-05 14:18:00+00:00,33,57,5884693,64.12,64.12,64.03,64.04,342,BRN FMF0026!
2025-11-05 14:19:00+00:00,33,57,5884693,64.05,64.07,64.05,64.06,139,BRN FMF0026!
2025-11-05 14:20:00+00:00,33,57,5884693,64.07,64.09,64.06,64.09,205,BRN FMF0026!
2025-11-05 14:21:00+00:00,33,57,5884693,64.09,64.1,64.07,64.1,271,BRN FMF0026!
2025-11-05 14:22:00+00:00,33,57,5884693,64.1,64.12,64.09,64.11,268,BRN FMF0026!
2025-11-05 14:23:00+00:00,33,57,5884693,64.11,64.11,64.1,64.1,126,BRN FMF0026!
2025-11-05 14:24:00+00:00,33,57,5884693,64.1,64.14,64.1,64.13,571,BRN FMF0026!
2025-11-05 14:25:00+00:00,33,57,5884693,64.13,64.15,64.13,64.13,217,BRN FMF0026!
2025-11-05 14:26:00+00:00,33,57,5884693,64.13,64.14,64.1,64.13,258,BRN FMF0026!
2025-11-05 14:27:00+00:00,33,57,5884693,64.13,64.16,64.13,64.15,552,BRN FMF0026!
2025-11-05 14:28:00+00:00,33,57,5884693,64.16,64.16,64.14,64.14,83,BRN FMF0026!
2025-11-05 14:29:00+00:00,33,57,5884693,64.14,64.15,64.1,64.1,144,BRN FMF0026!
2025-11-05 14:30:00+00:00,33,57,5884693,64.1,64.1,64.07,64.09,262,BRN FMF0026!
2025-11-05 14:31:00+00:00,33,57,5884693,64.09,64.11,64.08,64.1,96,BRN FMF0026!
2025-11-05 14:32:00+00:00,33,57,5884693,64.1,64.12,64.06,64.08,447,BRN FMF0026!
2025-11-05 14:33:00+00:00,33,57,5884693,64.07,64.07,64.04,64.06,275,BRN FMF0026!
2025-11-05 14:34:00+00:00,33,57,5884693,64.06,64.07,64.01,64.01,1174,BRN FMF0026!
2025-11-05 14:35:00+00:00,33,57,5884693,64.02,64.03,63.97,64.02,510,BRN FMF0026!
2025-11-05 14:36:00+00:00,33,57,5884693,64.02,64.02,63.99,64.0,132,BRN FMF0026!
2025-11-05 14:37:00+00:00,33,57,5884693,64.0,64.04,64.0,64.04,139,BRN FMF0026!
2025-11-05 14:38:00+00:00,33,57,5884693,64.03,64.05,64.01,64.02,140,BRN FMF0026!
2025-11-05 14:39:00+00:00,33,57,5884693,64.03,64.09,64.03,64.07,280,BRN FMF0026!
2025-11-05 14:40:00+00:00,33,57,5884693,64.06,64.1,64.04,64.07,288,BRN FMF0026!
2025-11-05 14:41:00+00:00,33,57,5884693,64.07,64.11,64.06,64.08,231,BRN FMF0026!
2025-11-05 14:42:00+00:00,33,57,5884693,64.08,64.12,64.06,64.07,609,BRN FMF0026!
2025-11-05 14:43:00+00:00,33,57,5884693,64.06,64.11,64.06,64.09,604,BRN FMF0026!
2025-11-05 14:44:00+00:00,33,57,5884693,64.08,64.12,64.06,64.09,398,BRN FMF0026!
2025-11-05 14:45:00+00:00,33,57,5884693,64.1,64.14,64.09,64.13,711,BRN FMF0026!
2025-11-05 14:46:00+00:00,33,57,5884693,64.12,64.13,64.1,64.12,222,BRN FMF0026!
2025-11-05 14:47:00+00:00,33,57,5884693,64.11,64.14,64.1,64.1,586,BRN FMF0026!
2025-11-05 14:48:00+00:00,33,57,5884693,64.1,64.13,64.08,64.09,277,BRN FMF0026!
2025-11-05 14:49:00+00:00,33,57,5884693,64.08,64.08,64.04,64.05,98,BRN FMF0026!
2025-11-05 14:50:00+00:00,33,57,5884693,64.05,64.08,64.0,64.07,863,BRN FMF0026!
2025-11-05 14:51:00+00:00,33,57,5884693,64.06,64.1,64.06,64.09,338,BRN FMF0026!
2025-11-05 14:52:00+00:00,33,57,5884693,64.08,64.13,64.07,64.11,459,BRN FMF0026!
2025-11-05 14:53:00+00:00,33,57,5884693,64.1,64.17,64.09,64.17,166,BRN FMF0026!
2025-11-05 14:54:00+00:00,33,57,5884693,64.17,64.22,64.17,64.2,329,BRN FMF0026!
2025-11-05 14:55:00+00:00,33,57,5884693,64.21,64.21,64.15,64.15,405,BRN FMF0026!
2025-11-05 14:56:00+00:00,33,57,5884693,64.14,64.14,64.0,64.14,1625,BRN FMF0026!
2025-11-05 14:57:00+00:00,33,57,5884693,64.15,64.15,64.12,64.13,823,BRN FMF0026!
2025-11-05 14:58:00+00:00,33,57,5884693,64.13,64.14,64.09,64.1,369,BRN FMF0026!
2025-11-05 14:59:00+00:00,33,57,5884693,64.1,64.1,64.06,64.1,290,BRN FMF0026!
2025-11-05 15:00:00+00:00,33,57,5884693,64.09,64.15,64.07,64.12,750,BRN FMF0026!
2025-11-05 15:01:00+00:00,33,57,5884693,64.13,64.16,64.12,64.13,252,BRN FMF0026!
2025-11-05 15:02:00+00:00,33,57,5884693,64.13,64.13,64.1,64.11,266,BRN FMF0026!
2025-11-05 15:03:00+00:00,33,57,5884693,64.1,64.11,64.09,64.11,167,BRN FMF0026!
2025-11-05 15:04:00+00:00,33,57,5884693,64.11,64.12,64.09,64.11,202,BRN FMF0026!
2025-11-05 15:05:00+00:00,33,57,5884693,64.11,64.17,64.1,64.16,333,BRN FMF0026!
2025-11-05 15:06:00+00:00,33,57,5884693,64.16,64.22,64.16,64.22,533,BRN FMF0026!
2025-11-05 15:07:00+00:00,33,57,5884693,64.21,64.25,64.18,64.22,590,BRN FMF0026!
2025-11-05 15:08:00+00:00,33,57,5884693,64.21,64.29,64.21,64.25,1688,BRN FMF0026!
2025-11-05 15:09:00+00:00,33,57,5884693,64.26,64.27,64.22,64.24,420,BRN FMF0026!
2025-11-05 15:10:00+00:00,33,57,5884693,64.24,64.24,64.17,64.17,234,BRN FMF0026!
2025-11-05 15:11:00+00:00,33,57,5884693,64.17,64.17,64.1,64.11,119,BRN FMF0026!
2025-11-05 15:12:00+00:00,33,57,5884693,64.12,64.14,64.11,64.13,227,BRN FMF0026!
2025-11-05 15:13:00+00:00,33,57,5884693,64.13,64.16,64.12,64.15,1243,BRN FMF0026!
2025-11-05 15:14:00+00:00,33,57,5884693,64.14,64.19,64.14,64.18,272,BRN FMF0026!
2025-11-05 15:15:00+00:00,33,57,5884693,64.19,64.2,64.11,64.12,408,BRN FMF0026!
2025-11-05 15:16:00+00:00,33,57,5884693,64.11,64.12,64.06,64.07,381,BRN FMF0026!
2025-11-05 15:17:00+00:00,33,57,5884693,64.06,64.1,64.05,64.1,143,BRN FMF0026!
2025-11-05 15:18:00+00:00,33,57,5884693,64.09,64.11,64.08,64.11,111,BRN FMF0026!
2025-11-05 15:19:00+00:00,33,57,5884693,64.1,64.12,64.08,64.11,587,BRN FMF0026!
2025-11-05 15:20:00+00:00,33,57,5884693,64.11,64.16,64.11,64.14,443,BRN FMF0026!
2025-11-05 15:21:00+00:00,33,57,5884693,64.14,64.14,64.12,64.13,271,BRN FMF0026!
2025-11-05 15:22:00+00:00,33,57,5884693,64.13,64.14,64.1,64.12,259,BRN FMF0026!
2025-11-05 15:23:00+00:00,33,57,5884693,64.13,64.15,64.12,64.14,158,BRN FMF0026!
2025-11-05 15:24:00+00:00,33,57,5884693,64.15,64.18,64.12,64.17,192,BRN FMF0026!
2025-11-05 15:25:00+00:00,33,57,5884693,64.18,64.19,64.14,64.15,233,BRN FMF0026!
2025-11-05 15:26:00+00:00,33,57,5884693,64.16,64.2,64.16,64.2,115,BRN FMF0026!
2025-11-05 15:27:00+00:00,33,57,5884693,64.19,64.22,64.18,64.21,443,BRN FMF0026!
2025-11-05 15:28:00+00:00,33,57,5884693,64.22,64.22,64.17,64.17,144,BRN FMF0026!
2025-11-05 15:29:00+00:00,33,57,5884693,64.18,64.2,64.16,64.17,281,BRN FMF0026!
2025-11-05 15:30:00+00:00,33,57,5884693,64.18,64.21,64.05,64.21,1480,BRN FMF0026!
2025-11-05 15:31:00+00:00,33,57,5884693,64.2,64.29,64.19,64.25,1216,BRN FMF0026!
2025-11-05 15:32:00+00:00,33,57,5884693,64.25,64.29,64.21,64.25,423,BRN FMF0026!
2025-11-05 15:33:00+00:00,33,57,5884693,64.25,64.26,64.21,64.21,347,BRN FMF0026!
2025-11-05 15:34:00+00:00,33,57,5884693,64.2,64.25,64.2,64.24,154,BRN FMF0026!
2025-11-05 15:35:00+00:00,33,57,5884693,64.24,64.25,64.18,64.24,469,BRN FMF0026!
2025-11-05 15:36:00+00:00,33,57,5884693,64.24,64.24,64.17,64.22,323,BRN FMF0026!
2025-11-05 15:37:00+00:00,33,57,5884693,64.21,64.26,64.18,64.23,256,BRN FMF0026!
2025-11-05 15:38:00+00:00,33,57,5884693,64.22,64.23,64.18,64.22,192,BRN FMF0026!
2025-11-05 15:39:00+00:00,33,57,5884693,64.22,64.26,64.22,64.23,189,BRN FMF0026!
2025-11-05 15:40:00+00:00,33,57,5884693,64.22,64.26,64.2,64.25,387,BRN FMF0026!
2025-11-05 15:41:00+00:00,33,57,5884693,64.25,64.31,64.25,64.28,1060,BRN FMF0026!
2025-11-05 15:42:00+00:00,33,57,5884693,64.28,64.3,64.25,64.29,729,BRN FMF0026!
2025-11-05 15:43:00+00:00,33,57,5884693,64.3,64.4,64.29,64.37,721,BRN FMF0026!
2025-11-05 15:44:00+00:00,33,57,5884693,64.38,64.42,64.34,64.34,680,BRN FMF0026!
2025-11-05 15:45:00+00:00,33,57,5884693,64.35,64.36,64.27,64.31,321,BRN FMF0026!
2025-11-05 15:46:00+00:00,33,57,5884693,64.31,64.39,64.31,64.36,371,BRN FMF0026!
2025-11-05 15:47:00+00:00,33,57,5884693,64.36,64.4,64.35,64.39,187,BRN FMF0026!
2025-11-05 15:48:00+00:00,33,57,5884693,64.38,64.45,64.38,64.42,673,BRN FMF0026!
2025-11-05 15:49:00+00:00,33,57,5884693,64.41,64.43,64.38,64.4,626,BRN FMF0026!
2025-11-05 15:50:00+00:00,33,57,5884693,64.4,64.47,64.4,64.47,524,BRN FMF0026!
2025-11-05 15:51:00+00:00,33,57,5884693,64.46,64.5,64.46,64.47,1662,BRN FMF0026!
2025-11-05 15:52:00+00:00,33,57,5884693,64.48,64.49,64.44,64.48,409,BRN FMF0026!
2025-11-05 15:53:00+00:00,33,57,5884693,64.48,64.53,64.44,64.49,806,BRN FMF0026!
2025-11-05 15:54:00+00:00,33,57,5884693,64.5,64.52,64.49,64.51,314,BRN FMF0026!
2025-11-05 15:55:00+00:00,33,57,5884693,64.51,64.57,64.49,64.52,661,BRN FMF0026!
2025-11-05 15:56:00+00:00,33,57,5884693,64.52,64.53,64.47,64.52,304,BRN FMF0026!
2025-11-05 15:57:00+00:00,33,57,5884693,64.51,64.57,64.5,64.55,699,BRN FMF0026!
2025-11-05 15:58:00+00:00,33,57,5884693,64.56,64.56,64.51,64.54,127,BRN FMF0026!
2025-11-05 15:59:00+00:00,33,57,5884693,64.55,64.64,64.55,64.61,1286,BRN FMF0026!
2025-11-05 16:00:00+00:00,33,57,5884693,64.61,64.67,64.58,64.66,893,BRN FMF0026!
2025-11-05 16:01:00+00:00,33,57,5884693,64.66,64.71,64.65,64.65,972,BRN FMF0026!
2025-11-05 16:02:00+00:00,33,57,5884693,64.64,64.71,64.63,64.63,1487,BRN FMF0026!
2025-11-05 16:03:00+00:00,33,57,5884693,64.64,64.68,64.63,64.66,1175,BRN FMF0026!
2025-11-05 16:04:00+00:00,33,57,5884693,64.66,64.69,64.63,64.68,466,BRN FMF0026!
2025-11-05 16:05:00+00:00,33,57,5884693,64.68,64.69,64.66,64.66,354,BRN FMF0026!
2025-11-05 16:06:00+00:00,33,57,5884693,64.65,64.67,64.6,64.62,412,BRN FMF0026!
2025-11-05 16:07:00+00:00,33,57,5884693,64.61,64.66,64.59,64.62,789,BRN FMF0026!
2025-11-05 16:08:00+00:00,33,57,5884693,64.64,64.64,64.57,64.59,554,BRN FMF0026!
2025-11-05 16:09:00+00:00,33,57,5884693,64.59,64.63,64.58,64.62,770,BRN FMF0026!
2025-11-05 16:10:00+00:00,33,57,5884693,64.63,64.64,64.55,64.55,2495,BRN FMF0026!
2025-11-05 16:11:00+00:00,33,57,5884693,64.55,64.57,64.52,64.55,1632,BRN FMF0026!
2025-11-05 16:12:00+00:00,33,57,5884693,64.57,64.57,64.53,64.57,754,BRN FMF0026!
2025-11-05 16:13:00+00:00,33,57,5884693,64.58,64.61,64.57,64.61,453,BRN FMF0026!
2025-11-05 16:14:00+00:00,33,57,5884693,64.62,64.64,64.54,64.54,881,BRN FMF0026!
2025-11-05 16:15:00+00:00,33,57,5884693,64.55,64.59,64.51,64.58,854,BRN FMF0026!
2025-11-05 16:16:00+00:00,33,57,5884693,64.58,64.59,64.48,64.5,1558,BRN FMF0026!
2025-11-05 16:17:00+00:00,33,57,5884693,64.51,64.51,64.44,64.45,558,BRN FMF0026!
2025-11-05 16:18:00+00:00,33,57,5884693,64.45,64.46,64.41,64.45,804,BRN FMF0026!
2025-11-05 16:19:00+00:00,33,57,5884693,64.45,64.49,64.45,64.47,391,BRN FMF0026!
2025-11-05 16:20:00+00:00,33,57,5884693,64.48,64.53,64.47,64.51,397,BRN FMF0026!
2025-11-05 16:21:00+00:00,33,57,5884693,64.53,64.54,64.5,64.54,485,BRN FMF0026!
2025-11-05 16:22:00+00:00,33,57,5884693,64.54,64.55,64.5,64.5,301,BRN FMF0026!
2025-11-05 16:23:00+00:00,33,57,5884693,64.5,64.53,64.49,64.49,450,BRN FMF0026!
2025-11-05 16:24:00+00:00,33,57,5884693,64.49,64.49,64.44,64.46,2749,BRN FMF0026!
2025-11-05 16:25:00+00:00,33,57,5884693,64.45,64.47,64.35,64.36,2931,BRN FMF0026!
2025-11-05 16:26:00+00:00,33,57,5884693,64.36,64.43,64.36,64.42,879,BRN FMF0026!
2025-11-05 16:27:00+00:00,33,57,5884693,64.41,64.41,64.33,64.38,862,BRN FMF0026!
2025-11-05 16:28:00+00:00,33,57,5884693,64.36,64.37,64.33,64.36,988,BRN FMF0026!
2025-11-05 16:29:00+00:00,33,57,5884693,64.34,64.42,64.34,64.37,2129,BRN FMF0026!
2025-11-05 16:30:00+00:00,33,57,5884693,64.38,64.41,64.32,64.33,2556,BRN FMF0026!
2025-11-05 16:31:00+00:00,33,57,5884693,64.32,64.34,64.31,64.32,1499,BRN FMF0026!
2025-11-05 16:32:00+00:00,33,57,5884693,64.32,64.33,64.3,64.32,1158,BRN FMF0026!
2025-11-05 16:33:00+00:00,33,57,5884693,64.3,64.33,64.22,64.25,1288,BRN FMF0026!
2025-11-05 16:34:00+00:00,33,57,5884693,64.26,64.27,64.16,64.18,962,BRN FMF0026!
2025-11-05 16:35:00+00:00,33,57,5884693,64.17,64.2,64.14,64.16,627,BRN FMF0026!
2025-11-05 16:36:00+00:00,33,57,5884693,64.15,64.18,64.1,64.12,911,BRN FMF0026!
2025-11-05 16:37:00+00:00,33,57,5884693,64.11,64.3,64.02,64.03,2138,BRN FMF0026!
2025-11-05 16:38:00+00:00,33,57,5884693,64.04,64.11,64.03,64.09,755,BRN FMF0026!
2025-11-05 16:39:00+00:00,33,57,5884693,64.08,64.14,64.07,64.09,1372,BRN FMF0026!
2025-11-05 16:40:00+00:00,33,57,5884693,64.09,64.1,64.07,64.07,370,BRN FMF0026!
2025-11-05 16:41:00+00:00,33,57,5884693,64.07,64.07,64.03,64.06,654,BRN FMF0026!
2025-11-05 16:42:00+00:00,33,57,5884693,64.07,64.11,64.05,64.1,412,BRN FMF0026!
2025-11-05 16:43:00+00:00,33,57,5884693,64.09,64.1,64.03,64.07,572,BRN FMF0026!
2025-11-05 16:44:00+00:00,33,57,5884693,64.06,64.06,63.84,63.85,3330,BRN FMF0026!
2025-11-05 16:45:00+00:00,33,57,5884693,63.86,63.88,63.8,63.82,5708,BRN FMF0026!
2025-11-05 16:46:00+00:00,33,57,5884693,63.81,63.86,63.75,63.82,2737,BRN FMF0026!
2025-11-05 16:47:00+00:00,33,57,5884693,63.82,63.96,63.81,63.94,3133,BRN FMF0026!
2025-11-05 16:48:00+00:00,33,57,5884693,63.94,63.96,63.91,63.96,827,BRN FMF0026!
2025-11-05 16:49:00+00:00,33,57,5884693,63.96,63.99,63.94,63.95,630,BRN FMF0026!
2025-11-05 16:50:00+00:00,33,57,5884693,63.94,63.94,63.83,63.84,1643,BRN FMF0026!
2025-11-05 16:51:00+00:00,33,57,5884693,63.84,63.91,63.83,63.91,762,BRN FMF0026!
2025-11-05 16:52:00+00:00,33,57,5884693,63.9,63.92,63.84,63.87,1101,BRN FMF0026!
2025-11-05 16:53:00+00:00,33,57,5884693,63.87,63.87,63.82,63.84,353,BRN FMF0026!
2025-11-05 16:54:00+00:00,33,57,5884693,63.84,63.87,63.82,63.83,334,BRN FMF0026!
2025-11-05 16:55:00+00:00,33,57,5884693,63.82,63.83,63.79,63.82,417,BRN FMF0026!
2025-11-05 16:56:00+00:00,33,57,5884693,63.81,63.83,63.78,63.78,637,BRN FMF0026!
2025-11-05 16:57:00+00:00,33,57,5884693,63.78,63.79,63.75,63.76,1805,BRN FMF0026!
2025-11-05 16:58:00+00:00,33,57,5884693,63.75,63.76,63.73,63.75,1670,BRN FMF0026!
2025-11-05 16:59:00+00:00,33,57,5884693,63.75,63.75,63.72,63.73,1012,BRN FMF0026!
2025-11-05 17:00:00+00:00,33,57,5884693,63.73,63.78,63.73,63.78,378,BRN FMF0026!
2025-11-05 17:01:00+00:00,33,57,5884693,63.78,63.81,63.77,63.77,524,BRN FMF0026!
2025-11-05 17:02:00+00:00,33,57,5884693,63.77,63.78,63.74,63.76,256,BRN FMF0026!
2025-11-05 17:03:00+00:00,33,57,5884693,63.76,63.76,63.7,63.74,465,BRN FMF0026!
2025-11-05 17:04:00+00:00,33,57,5884693,63.74,63.75,63.64,63.65,5578,BRN FMF0026!
2025-11-05 17:05:00+00:00,33,57,5884693,63.65,63.73,63.64,63.72,1881,BRN FMF0026!
2025-11-05 17:06:00+00:00,33,57,5884693,63.71,63.72,63.63,63.64,790,BRN FMF0026!
2025-11-05 17:07:00+00:00,33,57,5884693,63.64,63.7,63.63,63.66,1386,BRN FMF0026!
2025-11-05 17:08:00+00:00,33,57,5884693,63.66,63.66,63.59,63.66,1451,BRN FMF0026!
2025-11-05 17:09:00+00:00,33,57,5884693,63.65,63.72,63.64,63.72,647,BRN FMF0026!
2025-11-05 17:10:00+00:00,33,57,5884693,63.72,63.77,63.72,63.74,1231,BRN FMF0026!
2025-11-05 17:11:00+00:00,33,57,5884693,63.73,63.74,63.67,63.67,441,BRN FMF0026!
2025-11-05 17:12:00+00:00,33,57,5884693,63.67,63.71,63.67,63.71,746,BRN FMF0026!
2025-11-05 17:13:00+00:00,33,57,5884693,63.71,63.77,63.71,63.73,347,BRN FMF0026!
2025-11-05 17:14:00+00:00,33,57,5884693,63.73,63.74,63.71,63.73,961,BRN FMF0026!
2025-11-05 17:15:00+00:00,33,57,5884693,63.73,63.77,63.72,63.76,307,BRN FMF0026!
2025-11-05 17:16:00+00:00,33,57,5884693,63.77,63.77,63.71,63.75,979,BRN FMF0026!
2025-11-05 17:17:00+00:00,33,57,5884693,63.75,63.76,63.73,63.73,110,BRN FMF0026!
2025-11-05 17:18:00+00:00,33,57,5884693,63.72,63.8,63.71,63.8,534,BRN FMF0026!
2025-11-05 17:19:00+00:00,33,57,5884693,63.79,63.79,63.76,63.76,189,BRN FMF0026!
2025-11-05 17:20:00+00:00,33,57,5884693,63.76,63.8,63.74,63.79,2240,BRN FMF0026!
2025-11-05 17:21:00+00:00,33,57,5884693,63.8,63.8,63.77,63.77,83,BRN FMF0026!
2025-11-05 17:22:00+00:00,33,57,5884693,63.77,63.78,63.76,63.77,73,BRN FMF0026!
2025-11-05 17:23:00+00:00,33,57,5884693,63.77,63.78,63.74,63.75,131,BRN FMF0026!
2025-11-05 17:24:00+00:00,33,57,5884693,63.75,63.79,63.75,63.78,106,BRN FMF0026!
2025-11-05 17:25:00+00:00,33,57,5884693,63.77,63.78,63.75,63.76,85,BRN FMF0026!
2025-11-05 17:26:00+00:00,33,57,5884693,63.77,63.77,63.74,63.74,196,BRN FMF0026!
2025-11-05 17:27:00+00:00,33,57,5884693,63.75,63.76,63.72,63.74,462,BRN FMF0026!
2025-11-05 17:28:00+00:00,33,57,5884693,63.73,63.74,63.71,63.72,176,BRN FMF0026!
2025-11-05 17:29:00+00:00,33,57,5884693,63.72,63.74,63.69,63.69,512,BRN FMF0026!
2025-11-05 17:30:00+00:00,33,57,5884693,63.69,63.69,63.62,63.63,246,BRN FMF0026!
2025-11-05 17:31:00+00:00,33,57,5884693,63.63,63.63,63.56,63.56,1465,BRN FMF0026!
2025-11-05 17:32:00+00:00,33,57,5884693,63.57,63.6,63.55,63.56,1154,BRN FMF0026!
2025-11-05 17:33:00+00:00,33,57,5884693,63.56,63.65,63.55,63.64,1776,BRN FMF0026!
2025-11-05 17:34:00+00:00,33,57,5884693,63.64,63.66,63.63,63.64,116,BRN FMF0026!
2025-11-05 17:35:00+00:00,33,57,5884693,63.63,63.66,63.63,63.64,181,BRN FMF0026!
2025-11-05 17:36:00+00:00,33,57,5884693,63.64,63.68,63.64,63.64,1453,BRN FMF0026!
2025-11-05 17:37:00+00:00,33,57,5884693,63.64,63.68,63.64,63.68,593,BRN FMF0026!
2025-11-05 17:38:00+00:00,33,57,5884693,63.68,63.71,63.68,63.69,218,BRN FMF0026!
2025-11-05 17:39:00+00:00,33,57,5884693,63.69,63.71,63.68,63.7,189,BRN FMF0026!
2025-11-05 17:40:00+00:00,33,57,5884693,63.69,63.69,63.66,63.68,193,BRN FMF0026!
2025-11-05 17:41:00+00:00,33,57,5884693,63.67,63.68,63.65,63.66,232,BRN FMF0026!
2025-11-05 17:42:00+00:00,33,57,5884693,63.66,63.71,63.66,63.71,191,BRN FMF0026!
2025-11-05 17:43:00+00:00,33,57,5884693,63.7,63.75,63.68,63.75,226,BRN FMF0026!
2025-11-05 17:44:00+00:00,33,57,5884693,63.74,63.74,63.68,63.69,318,BRN FMF0026!
2025-11-05 17:45:00+00:00,33,57,5884693,63.68,63.7,63.67,63.7,170,BRN FMF0026!
2025-11-05 17:46:00+00:00,33,57,5884693,63.7,63.74,63.69,63.74,131,BRN FMF0026!
2025-11-05 17:47:00+00:00,33,57,5884693,63.74,63.74,63.69,63.72,119,BRN FMF0026!
2025-11-05 17:48:00+00:00,33,57,5884693,63.72,63.73,63.7,63.73,176,BRN FMF0026!
2025-11-05 17:49:00+00:00,33,57,5884693,63.72,63.74,63.67,63.68,83,BRN FMF0026!
2025-11-05 17:50:00+00:00,33,57,5884693,63.67,63.7,63.67,63.69,95,BRN FMF0026!
2025-11-05 17:51:00+00:00,33,57,5884693,63.69,63.7,63.68,63.7,88,BRN FMF0026!
2025-11-05 17:52:00+00:00,33,57,5884693,63.69,63.69,63.68,63.68,45,BRN FMF0026!
2025-11-05 17:53:00+00:00,33,57,5884693,63.68,63.71,63.68,63.7,205,BRN FMF0026!
2025-11-05 17:54:00+00:00,33,57,5884693,63.69,63.69,63.68,63.68,113,BRN FMF0026!
2025-11-05 17:55:00+00:00,33,57,5884693,63.67,63.68,63.65,63.65,141,BRN FMF0026!
2025-11-05 17:56:00+00:00,33,57,5884693,63.65,63.7,63.65,63.68,286,BRN FMF0026!
2025-11-05 17:57:00+00:00,33,57,5884693,63.69,63.69,63.67,63.68,74,BRN FMF0026!
2025-11-05 17:58:00+00:00,33,57,5884693,63.69,63.7,63.65,63.67,194,BRN FMF0026!
2025-11-05 17:59:00+00:00,33,57,5884693,63.67,63.69,63.65,63.67,229,BRN FMF0026!
2025-11-05 18:00:00+00:00,33,57,5884693,63.66,63.7,63.63,63.7,745,BRN FMF0026!
2025-11-05 18:01:00+00:00,33,57,5884693,63.7,63.7,63.61,63.61,392,BRN FMF0026!
2025-11-05 18:02:00+00:00,33,57,5884693,63.61,63.65,63.59,63.62,1427,BRN FMF0026!
2025-11-05 18:03:00+00:00,33,57,5884693,63.62,63.63,63.6,63.6,134,BRN FMF0026!
2025-11-05 18:04:00+00:00,33,57,5884693,63.6,63.61,63.59,63.61,266,BRN FMF0026!
2025-11-05 18:05:00+00:00,33,57,5884693,63.61,63.64,63.6,63.62,206,BRN FMF0026!
2025-11-05 18:06:00+00:00,33,57,5884693,63.61,63.64,63.61,63.64,49,BRN FMF0026!
2025-11-05 18:07:00+00:00,33,57,5884693,63.64,63.65,63.6,63.6,136,BRN FMF0026!
2025-11-05 18:08:00+00:00,33,57,5884693,63.61,63.64,63.61,63.64,77,BRN FMF0026!
2025-11-05 18:09:00+00:00,33,57,5884693,63.64,63.64,63.62,63.63,96,BRN FMF0026!
2025-11-05 18:10:00+00:00,33,57,5884693,63.62,63.62,63.6,63.6,68,BRN FMF0026!
2025-11-05 18:11:00+00:00,33,57,5884693,63.6,63.6,63.59,63.59,143,BRN FMF0026!
2025-11-05 18:12:00+00:00,33,57,5884693,63.58,63.59,63.58,63.58,94,BRN FMF0026!
2025-11-05 18:13:00+00:00,33,57,5884693,63.58,63.59,63.57,63.59,57,BRN FMF0026!
2025-11-05 18:14:00+00:00,33,57,5884693,63.59,63.63,63.59,63.62,117,BRN FMF0026!
2025-11-05 18:15:00+00:00,33,57,5884693,63.62,63.65,63.61,63.64,353,BRN FMF0026!
2025-11-05 18:16:00+00:00,33,57,5884693,63.64,63.64,63.62,63.64,51,BRN FMF0026!
2025-11-05 18:17:00+00:00,33,57,5884693,63.64,63.67,63.64,63.66,96,BRN FMF0026!
2025-11-05 18:18:00+00:00,33,57,5884693,63.66,63.67,63.64,63.65,1744,BRN FMF0026!
2025-11-05 18:19:00+00:00,33,57,5884693,63.64,63.65,63.63,63.64,129,BRN FMF0026!
2025-11-05 18:20:00+00:00,33,57,5884693,63.65,63.66,63.65,63.65,68,BRN FMF0026!
2025-11-05 18:21:00+00:00,33,57,5884693,63.64,63.65,63.64,63.64,46,BRN FMF0026!
2025-11-05 18:22:00+00:00,33,57,5884693,63.63,63.65,63.62,63.65,60,BRN FMF0026!
2025-11-05 18:23:00+00:00,33,57,5884693,63.64,63.66,63.63,63.65,218,BRN FMF0026!
2025-11-05 18:24:00+00:00,33,57,5884693,63.65,63.66,63.64,63.64,128,BRN FMF0026!
2025-11-05 18:25:00+00:00,33,57,5884693,63.63,63.68,63.63,63.68,203,BRN FMF0026!
2025-11-05 18:26:00+00:00,33,57,5884693,63.67,63.7,63.66,63.67,649,BRN FMF0026!
2025-11-05 18:27:00+00:00,33,57,5884693,63.67,63.67,63.62,63.64,201,BRN FMF0026!
2025-11-05 18:28:00+00:00,33,57,5884693,63.64,63.66,63.62,63.62,125,BRN FMF0026!
2025-11-05 18:29:00+00:00,33,57,5884693,63.62,63.64,63.61,63.62,133,BRN FMF0026!
2025-11-05 18:30:00+00:00,33,57,5884693,63.63,63.67,63.63,63.65,269,BRN FMF0026!
2025-11-05 18:31:00+00:00,33,57,5884693,63.65,63.65,63.63,63.63,78,BRN FMF0026!
2025-11-05 18:32:00+00:00,33,57,5884693,63.64,63.65,63.61,63.61,50,BRN FMF0026!
2025-11-05 18:33:00+00:00,33,57,5884693,63.61,63.61,63.59,63.59,63,BRN FMF0026!
2025-11-05 18:34:00+00:00,33,57,5884693,63.59,63.6,63.58,63.6,92,BRN FMF0026!
2025-11-05 18:35:00+00:00,33,57,5884693,63.59,63.61,63.58,63.6,122,BRN FMF0026!
2025-11-05 18:36:00+00:00,33,57,5884693,63.61,63.61,63.56,63.59,218,BRN FMF0026!
2025-11-05 18:37:00+00:00,33,57,5884693,63.58,63.61,63.57,63.6,141,BRN FMF0026!
2025-11-05 18:38:00+00:00,33,57,5884693,63.61,63.62,63.6,63.62,161,BRN FMF0026!
2025-11-05 18:39:00+00:00,33,57,5884693,63.62,63.65,63.62,63.65,87,BRN FMF0026!
2025-11-05 18:40:00+00:00,33,57,5884693,63.64,63.66,63.64,63.65,92,BRN FMF0026!
2025-11-05 18:41:00+00:00,33,57,5884693,63.65,63.65,63.61,63.61,54,BRN FMF0026!
2025-11-05 18:42:00+00:00,33,57,5884693,63.61,63.61,63.58,63.6,131,BRN FMF0026!
2025-11-05 18:43:00+00:00,33,57,5884693,63.61,63.63,63.6,63.61,191,BRN FMF0026!
2025-11-05 18:44:00+00:00,33,57,5884693,63.61,63.62,63.6,63.62,84,BRN FMF0026!
2025-11-05 18:45:00+00:00,33,57,5884693,63.62,63.63,63.6,63.62,114,BRN FMF0026!
2025-11-05 18:46:00+00:00,33,57,5884693,63.62,63.63,63.62,63.62,53,BRN FMF0026!
2025-11-05 18:47:00+00:00,33,57,5884693,63.62,63.65,63.62,63.65,198,BRN FMF0026!
2025-11-05 18:48:00+00:00,33,57,5884693,63.64,63.66,63.64,63.66,171,BRN FMF0026!
2025-11-05 18:49:00+00:00,33,57,5884693,63.67,63.7,63.67,63.69,234,BRN FMF0026!
2025-11-05 18:50:00+00:00,33,57,5884693,63.7,63.73,63.7,63.71,161,BRN FMF0026!
2025-11-05 18:51:00+00:00,33,57,5884693,63.72,63.73,63.71,63.72,211,BRN FMF0026!
2025-11-05 18:52:00+00:00,33,57,5884693,63.72,63.72,63.7,63.7,104,BRN FMF0026!
2025-11-05 18:53:00+00:00,33,57,5884693,63.7,63.72,63.69,63.72,112,BRN FMF0026!
2025-11-05 18:54:00+00:00,33,57,5884693,63.71,63.71,63.7,63.7,55,BRN FMF0026!
2025-11-05 18:55:00+00:00,33,57,5884693,63.7,63.72,63.69,63.71,152,BRN FMF0026!
2025-11-05 18:56:00+00:00,33,57,5884693,63.72,63.73,63.7,63.72,127,BRN FMF0026!
2025-11-05 18:57:00+00:00,33,57,5884693,63.72,63.72,63.7,63.72,26,BRN FMF0026!
2025-11-05 18:58:00+00:00,33,57,5884693,63.72,63.72,63.69,63.7,126,BRN FMF0026!
2025-11-05 18:59:00+00:00,33,57,5884693,63.7,63.7,63.68,63.7,304,BRN FMF0026!
2025-11-05 19:00:00+00:00,33,57,5884693,63.69,63.71,63.65,63.7,336,BRN FMF0026!
2025-11-05 19:01:00+00:00,33,57,5884693,63.69,63.72,63.69,63.69,125,BRN FMF0026!
2025-11-05 19:02:00+00:00,33,57,5884693,63.68,63.68,63.65,63.67,342,BRN FMF0026!
2025-11-05 19:03:00+00:00,33,57,5884693,63.68,63.7,63.68,63.7,100,BRN FMF0026!
2025-11-05 19:04:00+00:00,33,57,5884693,63.69,63.71,63.69,63.71,207,BRN FMF0026!
2025-11-05 19:05:00+00:00,33,57,5884693,63.7,63.7,63.64,63.66,346,BRN FMF0026!
2025-11-05 19:06:00+00:00,33,57,5884693,63.67,63.68,63.65,63.65,270,BRN FMF0026!
2025-11-05 19:07:00+00:00,33,57,5884693,63.64,63.64,63.61,63.62,106,BRN FMF0026!
2025-11-05 19:08:00+00:00,33,57,5884693,63.62,63.62,63.55,63.55,604,BRN FMF0026!
2025-11-05 19:09:00+00:00,33,57,5884693,63.55,63.55,63.5,63.51,714,BRN FMF0026!
2025-11-05 19:10:00+00:00,33,57,5884693,63.5,63.57,63.48,63.56,850,BRN FMF0026!
2025-11-05 19:11:00+00:00,33,57,5884693,63.56,63.62,63.55,63.62,357,BRN FMF0026!
2025-11-05 19:12:00+00:00,33,57,5884693,63.62,63.62,63.6,63.61,177,BRN FMF0026!
2025-11-05 19:13:00+00:00,33,57,5884693,63.6,63.6,63.58,63.59,139,BRN FMF0026!
2025-11-05 19:14:00+00:00,33,57,5884693,63.59,63.6,63.59,63.59,306,BRN FMF0026!
2025-11-05 19:15:00+00:00,33,57,5884693,63.6,63.61,63.54,63.54,175,BRN FMF0026!
2025-11-05 19:16:00+00:00,33,57,5884693,63.54,63.55,63.52,63.52,271,BRN FMF0026!
2025-11-05 19:17:00+00:00,33,57,5884693,63.52,63.53,63.51,63.52,121,BRN FMF0026!
2025-11-05 19:18:00+00:00,33,57,5884693,63.52,63.53,63.52,63.52,149,BRN FMF0026!
2025-11-05 19:19:00+00:00,33,57,5884693,63.52,63.58,63.52,63.57,576,BRN FMF0026!
2025-11-05 19:20:00+00:00,33,57,5884693,63.58,63.62,63.58,63.58,1124,BRN FMF0026!
2025-11-05 19:21:00+00:00,33,57,5884693,63.57,63.57,63.55,63.55,116,BRN FMF0026!
2025-11-05 19:22:00+00:00,33,57,5884693,63.55,63.57,63.54,63.56,578,BRN FMF0026!
2025-11-05 19:23:00+00:00,33,57,5884693,63.57,63.57,63.55,63.55,203,BRN FMF0026!
2025-11-05 19:24:00+00:00,33,57,5884693,63.55,63.56,63.53,63.53,681,BRN FMF0026!
2025-11-05 19:25:00+00:00,33,57,5884693,63.54,63.55,63.51,63.51,281,BRN FMF0026!
2025-11-05 19:26:00+00:00,33,57,5884693,63.51,63.53,63.49,63.51,207,BRN FMF0026!
2025-11-05 19:27:00+00:00,33,57,5884693,63.5,63.57,63.5,63.57,1051,BRN FMF0026!
2025-11-05 19:28:00+00:00,33,57,5884693,63.56,63.56,63.49,63.52,2554,BRN FMF0026!
2025-11-05 19:29:00+00:00,33,57,5884693,63.52,63.55,63.5,63.52,2884,BRN FMF0026!
2025-11-05 19:30:00+00:00,33,57,5884693,63.52,63.54,63.51,63.53,370,BRN FMF0026!
2025-11-05 19:31:00+00:00,33,57,5884693,63.53,63.55,63.52,63.55,340,BRN FMF0026!
2025-11-05 19:32:00+00:00,33,57,5884693,63.55,63.55,63.51,63.52,99,BRN FMF0026!
2025-11-05 19:33:00+00:00,33,57,5884693,63.52,63.52,63.47,63.47,230,BRN FMF0026!
2025-11-05 19:34:00+00:00,33,57,5884693,63.47,63.5,63.45,63.5,230,BRN FMF0026!
2025-11-05 19:35:00+00:00,33,57,5884693,63.49,63.54,63.49,63.5,318,BRN FMF0026!
2025-11-05 19:36:00+00:00,33,57,5884693,63.49,63.5,63.48,63.49,121,BRN FMF0026!
2025-11-05 19:37:00+00:00,33,57,5884693,63.49,63.49,63.48,63.49,41,BRN FMF0026!
2025-11-05 19:38:00+00:00,33,57,5884693,63.49,63.53,63.49,63.51,83,BRN FMF0026!
2025-11-05 19:39:00+00:00,33,57,5884693,63.52,63.53,63.5,63.52,189,BRN FMF0026!
2025-11-05 19:40:00+00:00,33,57,5884693,63.51,63.52,63.5,63.5,63,BRN FMF0026!
2025-11-05 19:41:00+00:00,33,57,5884693,63.5,63.53,63.5,63.53,97,BRN FMF0026!
2025-11-05 19:42:00+00:00,33,57,5884693,63.53,63.53,63.51,63.51,28,BRN FMF0026!
2025-11-05 19:43:00+00:00,33,57,5884693,63.51,63.51,63.5,63.5,51,BRN FMF0026!
2025-11-05 19:44:00+00:00,33,57,5884693,63.5,63.51,63.48,63.5,170,BRN FMF0026!
2025-11-05 19:45:00+00:00,33,57,5884693,63.5,63.5,63.45,63.46,1677,BRN FMF0026!
2025-11-05 19:46:00+00:00,33,57,5884693,63.45,63.46,63.44,63.46,400,BRN FMF0026!
2025-11-05 19:47:00+00:00,33,57,5884693,63.47,63.49,63.47,63.48,20,BRN FMF0026!
2025-11-05 19:48:00+00:00,33,57,5884693,63.48,63.48,63.44,63.45,2282,BRN FMF0026!
2025-11-05 19:49:00+00:00,33,57,5884693,63.45,63.45,63.44,63.45,61,BRN FMF0026!
2025-11-05 19:50:00+00:00,33,57,5884693,63.46,63.48,63.45,63.46,226,BRN FMF0026!
2025-11-05 19:51:00+00:00,33,57,5884693,63.46,63.46,63.45,63.46,40,BRN FMF0026!
2025-11-05 19:52:00+00:00,33,57,5884693,63.47,63.48,63.47,63.48,27,BRN FMF0026!
2025-11-05 19:53:00+00:00,33,57,5884693,63.48,63.5,63.48,63.49,55,BRN FMF0026!
2025-11-05 19:54:00+00:00,33,57,5884693,63.49,63.49,63.48,63.48,15,BRN FMF0026!
2025-11-05 19:55:00+00:00,33,57,5884693,63.48,63.48,63.45,63.46,53,BRN FMF0026!
2025-11-05 19:56:00+00:00,33,57,5884693,63.47,63.49,63.47,63.47,49,BRN FMF0026!
2025-11-05 19:57:00+00:00,33,57,5884693,63.47,63.48,63.47,63.48,20,BRN FMF0026!
2025-11-05 19:58:00+00:00,33,57,5884693,63.48,63.48,63.48,63.48,5,BRN FMF0026!
2025-11-05 19:59:00+00:00,33,57,5884693,63.47,63.49,63.47,63.48,53,BRN FMF0026!
2025-11-05 20:00:00+00:00,33,57,5884693,63.49,63.5,63.49,63.5,25,BRN FMF0026!
2025-11-05 20:01:00+00:00,33,57,5884693,63.51,63.54,63.51,63.54,168,BRN FMF0026!
2025-11-05 20:02:00+00:00,33,57,5884693,63.54,63.55,63.54,63.54,90,BRN FMF0026!
2025-11-05 20:03:00+00:00,33,57,5884693,63.54,63.54,63.53,63.54,10,BRN FMF0026!
2025-11-05 20:04:00+00:00,33,57,5884693,63.53,63.54,63.52,63.54,54,BRN FMF0026!
2025-11-05 20:05:00+00:00,33,57,5884693,63.54,63.55,63.52,63.52,1468,BRN FMF0026!
2025-11-05 20:06:00+00:00,33,57,5884693,63.53,63.55,63.53,63.54,57,BRN FMF0026!
2025-11-05 20:07:00+00:00,33,57,5884693,63.54,63.55,63.54,63.54,51,BRN FMF0026!
2025-11-05 20:08:00+00:00,33,57,5884693,63.55,63.55,63.53,63.53,53,BRN FMF0026!
2025-11-05 20:09:00+00:00,33,57,5884693,63.53,63.53,63.53,63.53,64,BRN FMF0026!
2025-11-05 20:10:00+00:00,33,57,5884693,63.53,63.56,63.52,63.55,195,BRN FMF0026!
2025-11-05 20:11:00+00:00,33,57,5884693,63.55,63.55,63.52,63.52,24,BRN FMF0026!
2025-11-05 20:12:00+00:00,33,57,5884693,63.52,63.52,63.52,63.52,31,BRN FMF0026!
2025-11-05 20:13:00+00:00,33,57,5884693,63.52,63.52,63.52,63.52,185,BRN FMF0026!
2025-11-05 20:14:00+00:00,33,57,5884693,63.53,63.53,63.52,63.53,108,BRN FMF0026!
2025-11-05 20:15:00+00:00,33,57,5884693,63.53,63.55,63.53,63.55,226,BRN FMF0026!
2025-11-05 20:16:00+00:00,33,57,5884693,63.54,63.55,63.53,63.55,53,BRN FMF0026!
2025-11-05 20:17:00+00:00,33,57,5884693,63.54,63.54,63.52,63.52,17,BRN FMF0026!
2025-11-05 20:18:00+00:00,33,57,5884693,63.52,63.52,63.51,63.52,11,BRN FMF0026!
2025-11-05 20:19:00+00:00,33,57,5884693,63.51,63.54,63.51,63.54,28,BRN FMF0026!
2025-11-05 20:20:00+00:00,33,57,5884693,63.54,63.55,63.53,63.53,14,BRN FMF0026!
2025-11-05 20:21:00+00:00,33,57,5884693,63.53,63.55,63.53,63.55,34,BRN FMF0026!
2025-11-05 20:22:00+00:00,33,57,5884693,63.54,63.54,63.54,63.54,19,BRN FMF0026!
2025-11-05 20:23:00+00:00,33,57,5884693,63.54,63.54,63.53,63.54,27,BRN FMF0026!
2025-11-05 20:24:00+00:00,33,57,5884693,63.53,63.54,63.53,63.54,23,BRN FMF0026!
2025-11-05 20:25:00+00:00,33,57,5884693,63.55,63.55,63.54,63.54,7,BRN FMF0026!
2025-11-05 20:26:00+00:00,33,57,5884693,63.54,63.55,63.54,63.55,82,BRN FMF0026!
2025-11-05 20:27:00+00:00,33,57,5884693,63.54,63.54,63.54,63.54,28,BRN FMF0026!
2025-11-05 20:28:00+00:00,33,57,5884693,63.54,63.55,63.54,63.55,24,BRN FMF0026!
2025-11-05 20:29:00+00:00,33,57,5884693,63.54,63.54,63.52,63.52,19,BRN FMF0026!
2025-11-05 20:30:00+00:00,33,57,5884693,63.53,63.54,63.53,63.54,59,BRN FMF0026!
2025-11-05 20:31:00+00:00,33,57,5884693,63.54,63.54,63.53,63.53,24,BRN FMF0026!
2025-11-05 20:32:00+00:00,33,57,5884693,63.53,63.53,63.53,63.53,56,BRN FMF0026!
2025-11-05 20:33:00+00:00,33,57,5884693,63.52,63.52,63.52,63.52,6,BRN FMF0026!
2025-11-05 20:34:00+00:00,33,57,5884693,63.52,63.53,63.52,63.53,23,BRN FMF0026!
2025-11-05 20:35:00+00:00,33,57,5884693,63.53,63.53,63.53,63.53,89,BRN FMF0026!
2025-11-05 20:36:00+00:00,33,57,5884693,63.53,63.53,63.53,63.53,3,BRN FMF0026!
2025-11-05 20:37:00+00:00,33,57,5884693,63.53,63.54,63.52,63.52,10,BRN FMF0026!
2025-11-05 20:38:00+00:00,33,57,5884693,63.52,63.54,63.52,63.54,22,BRN FMF0026!
2025-11-05 20:39:00+00:00,33,57,5884693,63.53,63.56,63.53,63.56,24,BRN FMF0026!
2025-11-05 20:40:00+00:00,33,57,5884693,63.55,63.55,63.54,63.55,7,BRN FMF0026!
2025-11-05 20:41:00+00:00,33,57,5884693,63.54,63.56,63.54,63.55,23,BRN FMF0026!
2025-11-05 20:42:00+00:00,33,57,5884693,63.56,63.57,63.55,63.56,5,BRN FMF0026!
2025-11-05 20:43:00+00:00,33,57,5884693,63.56,63.56,63.56,63.56,16,BRN FMF0026!
2025-11-05 20:44:00+00:00,33,57,5884693,63.55,63.55,63.52,63.54,136,BRN FMF0026!
2025-11-05 20:45:00+00:00,33,57,5884693,63.55,63.55,63.55,63.55,16,BRN FMF0026!
2025-11-05 20:46:00+00:00,33,57,5884693,63.54,63.54,63.53,63.53,12,BRN FMF0026!
2025-11-05 20:47:00+00:00,33,57,5884693,63.54,63.54,63.52,63.53,24,BRN FMF0026!
2025-11-05 20:48:00+00:00,33,57,5884693,63.53,63.55,63.53,63.54,20,BRN FMF0026!
2025-11-05 20:49:00+00:00,33,57,5884693,63.54,63.55,63.54,63.54,10,BRN FMF0026!
2025-11-05 20:50:00+00:00,33,57,5884693,63.53,63.54,63.53,63.54,24,BRN FMF0026!
2025-11-05 20:51:00+00:00,33,57,5884693,63.54,63.56,63.54,63.55,52,BRN FMF0026!
2025-11-05 20:52:00+00:00,33,57,5884693,63.54,63.54,63.54,63.54,10,BRN FMF0026!
2025-11-05 20:53:00+00:00,33,57,5884693,63.54,63.55,63.53,63.54,28,BRN FMF0026!
2025-11-05 20:54:00+00:00,33,57,5884693,63.54,63.56,63.54,63.55,32,BRN FMF0026!
2025-11-05 20:55:00+00:00,33,57,5884693,63.54,63.55,63.52,63.54,282,BRN FMF0026!
2025-11-05 20:56:00+00:00,33,57,5884693,63.54,63.54,63.52,63.52,97,BRN FMF0026!
2025-11-05 20:57:00+00:00,33,57,5884693,63.53,63.53,63.52,63.52,26,BRN FMF0026!
2025-11-05 20:58:00+00:00,33,57,5884693,63.52,63.52,63.51,63.51,36,BRN FMF0026!
2025-11-05 20:59:00+00:00,33,57,5884693,63.51,63.53,63.5,63.5,100,BRN FMF0026!
2025-11-05 21:00:00+00:00,33,57,5884693,63.52,63.52,63.51,63.51,4,BRN FMF0026!
2025-11-05 21:01:00+00:00,33,57,5884693,63.51,63.52,63.51,63.51,5,BRN FMF0026!
2025-11-05 21:02:00+00:00,33,57,5884693,63.51,63.52,63.51,63.52,27,BRN FMF0026!
2025-11-05 21:03:00+00:00,33,57,5884693,63.52,63.54,63.52,63.52,46,BRN FMF0026!
2025-11-05 21:04:00+00:00,33,57,5884693,63.53,63.53,63.52,63.53,23,BRN FMF0026!
2025-11-05 21:05:00+00:00,33,57,5884693,63.53,63.54,63.53,63.53,8,BRN FMF0026!
2025-11-05 21:06:00+00:00,33,57,5884693,63.52,63.52,63.52,63.52,6,BRN FMF0026!
2025-11-05 21:07:00+00:00,33,57,5884693,63.52,63.54,63.52,63.54,20,BRN FMF0026!
2025-11-05 21:08:00+00:00,33,57,5884693,63.53,63.54,63.53,63.53,12,BRN FMF0026!
2025-11-05 21:09:00+00:00,33,57,5884693,63.53,63.53,63.53,63.53,3,BRN FMF0026!
2025-11-05 21:10:00+00:00,33,57,5884693,63.53,63.53,63.53,63.53,6,BRN FMF0026!
2025-11-05 21:11:00+00:00,33,57,5884693,63.53,63.53,63.53,63.53,3,BRN FMF0026!
2025-11-05 21:13:00+00:00,33,57,5884693,63.53,63.54,63.53,63.54,21,BRN FMF0026!
2025-11-05 21:14:00+00:00,33,57,5884693,63.54,63.54,63.53,63.53,22,BRN FMF0026!
2025-11-05 21:15:00+00:00,33,57,5884693,63.53,63.54,63.52,63.53,57,BRN FMF0026!
2025-11-05 21:16:00+00:00,33,57,5884693,63.54,63.55,63.54,63.55,22,BRN FMF0026!
2025-11-05 21:17:00+00:00,33,57,5884693,63.54,63.55,63.54,63.55,8,BRN FMF0026!
2025-11-05 21:18:00+00:00,33,57,5884693,63.55,63.56,63.55,63.55,211,BRN FMF0026!
2025-11-05 21:19:00+00:00,33,57,5884693,63.55,63.56,63.55,63.56,68,BRN FMF0026!
2025-11-05 21:20:00+00:00,33,57,5884693,63.55,63.55,63.55,63.55,30,BRN FMF0026!
2025-11-05 21:21:00+00:00,33,57,5884693,63.55,63.56,63.54,63.54,106,BRN FMF0026!
2025-11-05 21:22:00+00:00,33,57,5884693,63.54,63.55,63.54,63.54,31,BRN FMF0026!
2025-11-05 21:23:00+00:00,33,57,5884693,63.54,63.54,63.54,63.54,5,BRN FMF0026!
2025-11-05 21:24:00+00:00,33,57,5884693,63.54,63.54,63.54,63.54,3,BRN FMF0026!
2025-11-05 21:25:00+00:00,33,57,5884693,63.54,63.54,63.53,63.53,47,BRN FMF0026!
2025-11-05 21:26:00+00:00,33,57,5884693,63.52,63.53,63.5,63.53,176,BRN FMF0026!
2025-11-05 21:27:00+00:00,33,57,5884693,63.53,63.53,63.53,63.53,2,BRN FMF0026!
2025-11-05 21:28:00+00:00,33,57,5884693,63.52,63.52,63.52,63.52,8,BRN FMF0026!
2025-11-05 21:29:00+00:00,33,57,5884693,63.52,63.53,63.52,63.53,17,BRN FMF0026!
2025-11-05 21:30:00+00:00,33,57,5884693,63.54,63.54,63.54,63.54,10,BRN FMF0026!
2025-11-05 21:31:00+00:00,33,57,5884693,63.54,63.54,63.54,63.54,8,BRN FMF0026!
2025-11-05 21:32:00+00:00,33,57,5884693,63.54,63.54,63.53,63.54,5,BRN FMF0026!
2025-11-05 21:33:00+00:00,33,57,5884693,63.54,63.54,63.52,63.52,24,BRN FMF0026!
2025-11-05 21:34:00+00:00,33,57,5884693,63.52,63.52,63.52,63.52,10,BRN FMF0026!
2025-11-05 21:35:00+00:00,33,57,5884693,,,,,165,BRN FMF0026!
2025-11-05 21:36:00+00:00,33,57,5884693,63.53,63.53,63.53,63.53,2,BRN FMF0026!
2025-11-05 21:37:00+00:00,33,57,5884693,63.53,63.54,63.53,63.53,62,BRN FMF0026!
2025-11-05 21:38:00+00:00,33,57,5884693,63.52,63.53,63.52,63.53,10,BRN FMF0026!
2025-11-05 21:39:00+00:00,33,57,5884693,63.53,63.53,63.52,63.52,7,BRN FMF0026!
2025-11-05 21:40:00+00:00,33,57,5884693,63.52,63.52,63.52,63.52,1,BRN FMF0026!
2025-11-05 21:41:00+00:00,33,57,5884693,63.53,63.53,63.53,63.53,1,BRN FMF0026!
2025-11-05 21:42:00+00:00,33,57,5884693,63.53,63.53,63.53,63.53,8,BRN FMF0026!
2025-11-05 21:43:00+00:00,33,57,5884693,63.53,63.54,63.52,63.52,5,BRN FMF0026!
2025-11-05 21:44:00+00:00,33,57,5884693,63.53,63.53,63.53,63.53,28,BRN FMF0026!
2025-11-05 21:45:00+00:00,33,57,5884693,63.53,63.54,63.53,63.54,19,BRN FMF0026!
2025-11-05 21:46:00+00:00,33,57,5884693,63.53,63.53,63.53,63.53,2,BRN FMF0026!
2025-11-05 21:47:00+00:00,33,57,5884693,63.52,63.54,63.52,63.54,22,BRN FMF0026!
2025-11-05 21:48:00+00:00,33,57,5884693,63.54,63.54,63.54,63.54,13,BRN FMF0026!
2025-11-05 21:50:00+00:00,33,57,5884693,63.53,63.53,63.49,63.51,98,BRN FMF0026!
2025-11-05 21:51:00+00:00,33,57,5884693,63.52,63.53,63.52,63.53,6,BRN FMF0026!
2025-11-05 21:52:00+00:00,33,57,5884693,63.54,63.54,63.53,63.53,12,BRN FMF0026!
2025-11-05 21:53:00+00:00,33,57,5884693,,,,,27,BRN FMF0026!
2025-11-05 21:54:00+00:00,33,57,5884693,63.53,63.54,63.52,63.52,64,BRN FMF0026!
2025-11-05 21:55:00+00:00,33,57,5884693,63.52,63.53,63.51,63.53,182,BRN FMF0026!
2025-11-05 21:56:00+00:00,33,57,5884693,63.54,63.54,63.52,63.53,38,BRN FMF0026!
2025-11-05 21:57:00+00:00,33,57,5884693,63.53,63.57,63.53,63.55,131,BRN FMF0026!
2025-11-05 21:58:00+00:00,33,57,5884693,63.55,63.55,63.54,63.54,46,BRN FMF0026!
2025-11-05 21:59:00+00:00,33,57,5884693,63.55,63.55,63.54,63.54,104,BRN FMF0026!
2025-11-05 22:00:00+00:00,33,57,5884693,63.53,63.53,63.53,63.53,2,BRN FMF0026!
2025-11-05 22:01:00+00:00,33,57,5884693,63.51,63.51,63.5,63.5,4,BRN FMF0026!
2025-11-05 22:02:00+00:00,33,57,5884693,,,,,1,BRN FMF0026!
2025-11-05 22:07:00+00:00,33,57,5884693,63.52,63.52,63.52,63.52,2,BRN FMF0026!
2025-11-05 22:09:00+00:00,33,57,5884693,63.53,63.53,63.53,63.53,5,BRN FMF0026!
2025-11-05 22:13:00+00:00,33,57,5884693,63.54,63.54,63.54,63.54,18,BRN FMF0026!
2025-11-05 22:22:00+00:00,33,57,5884693,63.53,63.57,63.53,63.57,47,BRN FMF0026!
2025-11-05 22:34:00+00:00,33,57,5884693,63.54,63.54,63.54,63.54,1,BRN FMF0026!
2025-11-05 22:35:00+00:00,33,57,5884693,63.54,63.54,63.54,63.54,1,BRN FMF0026!
2025-11-05 22:47:00+00:00,33,57,5884693,63.54,63.54,63.53,63.53,4,BRN FMF0026!
2025-11-05 22:48:00+00:00,33,57,5884693,63.52,63.52,63.52,63.52,3,BRN FMF0026!
2025-11-05 22:56:00+00:00,33,57,5884693,63.52,63.52,63.52,63.52,1,BRN FMF0026!
2025-11-05 22:59:00+00:00,33,57,5884693,63.55,63.55,63.55,63.55,1,BRN FMF0026!
2025-11-06 01:00:00+00:00,33,57,5884693,63.58,63.59,63.51,63.55,192,BRN FMF0026!
2025-11-06 01:01:00+00:00,33,57,5884693,63.53,63.59,63.53,63.59,215,BRN FMF0026!
2025-11-06 01:02:00+00:00,33,57,5884693,63.58,63.59,63.49,63.49,397,BRN FMF0026!
2025-11-06 01:03:00+00:00,33,57,5884693,63.5,63.53,63.49,63.53,48,BRN FMF0026!
2025-11-06 01:04:00+00:00,33,57,5884693,63.52,63.52,63.48,63.5,50,BRN FMF0026!
2025-11-06 01:05:00+00:00,33,57,5884693,63.48,63.51,63.48,63.51,16,BRN FMF0026!
2025-11-06 01:06:00+00:00,33,57,5884693,63.51,63.52,63.51,63.51,25,BRN FMF0026!
2025-11-06 01:07:00+00:00,33,57,5884693,63.5,63.53,63.5,63.53,23,BRN FMF0026!
2025-11-06 01:08:00+00:00,33,57,5884693,63.52,63.52,63.51,63.52,10,BRN FMF0026!
2025-11-06 01:09:00+00:00,33,57,5884693,63.51,63.52,63.5,63.52,25,BRN FMF0026!
2025-11-06 01:10:00+00:00,33,57,5884693,63.5,63.52,63.48,63.49,18,BRN FMF0026!
2025-11-06 01:11:00+00:00,33,57,5884693,63.48,63.5,63.48,63.5,10,BRN FMF0026!
2025-11-06 01:12:00+00:00,33,57,5884693,63.51,63.51,63.51,63.51,1,BRN FMF0026!
2025-11-06 01:13:00+00:00,33,57,5884693,63.52,63.53,63.52,63.52,11,BRN FMF0026!
2025-11-06 01:14:00+00:00,33,57,5884693,63.52,63.53,63.5,63.52,106,BRN FMF0026!
2025-11-06 01:15:00+00:00,33,57,5884693,63.51,63.52,63.5,63.52,154,BRN FMF0026!
2025-11-06 01:16:00+00:00,33,57,5884693,63.52,63.52,63.5,63.51,18,BRN FMF0026!
2025-11-06 01:17:00+00:00,33,57,5884693,63.51,63.51,63.5,63.51,28,BRN FMF0026!
2025-11-06 01:18:00+00:00,33,57,5884693,63.51,63.52,63.51,63.52,13,BRN FMF0026!
2025-11-06 01:19:00+00:00,33,57,5884693,63.52,63.53,63.51,63.53,46,BRN FMF0026!
2025-11-06 01:20:00+00:00,33,57,5884693,63.52,63.55,63.52,63.55,36,BRN FMF0026!
2025-11-06 01:21:00+00:00,33,57,5884693,63.56,63.59,63.56,63.58,66,BRN FMF0026!
2025-11-06 01:22:00+00:00,33,57,5884693,63.57,63.61,63.57,63.6,59,BRN FMF0026!
2025-11-06 01:23:00+00:00,33,57,5884693,63.6,63.63,63.6,63.62,32,BRN FMF0026!
2025-11-06 01:24:00+00:00,33,57,5884693,63.61,63.61,63.59,63.61,42,BRN FMF0026!
2025-11-06 01:25:00+00:00,33,57,5884693,63.6,63.6,63.56,63.56,43,BRN FMF0026!
2025-11-06 01:26:00+00:00,33,57,5884693,63.57,63.57,63.54,63.54,25,BRN FMF0026!
2025-11-06 01:27:00+00:00,33,57,5884693,63.54,63.54,63.52,63.54,23,BRN FMF0026!
2025-11-06 01:28:00+00:00,33,57,5884693,63.53,63.54,63.52,63.53,19,BRN FMF0026!
2025-11-06 01:29:00+00:00,33,57,5884693,63.54,63.54,63.53,63.54,19,BRN FMF0026!
2025-11-06 01:30:00+00:00,33,57,5884693,63.54,63.56,63.54,63.56,8,BRN FMF0026!
2025-11-06 01:31:00+00:00,33,57,5884693,63.55,63.55,63.55,63.55,2,BRN FMF0026!
2025-11-06 01:32:00+00:00,33,57,5884693,63.56,63.56,63.54,63.54,8,BRN FMF0026!
2025-11-06 01:33:00+00:00,33,57,5884693,63.56,63.56,63.55,63.56,5,BRN FMF0026!
2025-11-06 01:34:00+00:00,33,57,5884693,63.56,63.56,63.55,63.55,2,BRN FMF0026!
2025-11-06 01:35:00+00:00,33,57,5884693,63.55,63.57,63.55,63.57,9,BRN FMF0026!
2025-11-06 01:36:00+00:00,33,57,5884693,63.57,63.61,63.57,63.6,108,BRN FMF0026!
2025-11-06 01:37:00+00:00,33,57,5884693,63.58,63.61,63.58,63.61,12,BRN FMF0026!
2025-11-06 01:38:00+00:00,33,57,5884693,63.61,63.62,63.61,63.62,4,BRN FMF0026!
2025-11-06 01:39:00+00:00,33,57,5884693,63.62,63.62,63.61,63.62,9,BRN FMF0026!
2025-11-06 01:40:00+00:00,33,57,5884693,63.63,63.63,63.62,63.62,13,BRN FMF0026!
2025-11-06 01:41:00+00:00,33,57,5884693,63.63,63.63,63.62,63.62,31,BRN FMF0026!
2025-11-06 01:42:00+00:00,33,57,5884693,63.62,63.65,63.62,63.65,51,BRN FMF0026!
2025-11-06 01:43:00+00:00,33,57,5884693,63.64,63.65,63.64,63.65,19,BRN FMF0026!
2025-11-06 01:44:00+00:00,33,57,5884693,63.65,63.65,63.65,63.65,10,BRN FMF0026!
2025-11-06 01:45:00+00:00,33,57,5884693,63.65,63.65,63.63,63.63,19,BRN FMF0026!
2025-11-06 01:46:00+00:00,33,57,5884693,63.63,63.63,63.59,63.6,35,BRN FMF0026!
2025-11-06 01:47:00+00:00,33,57,5884693,63.59,63.59,63.58,63.59,7,BRN FMF0026!
2025-11-06 01:48:00+00:00,33,57,5884693,63.57,63.57,63.57,63.57,10,BRN FMF0026!
2025-11-06 01:49:00+00:00,33,57,5884693,63.56,63.57,63.56,63.57,17,BRN FMF0026!
2025-11-06 01:50:00+00:00,33,57,5884693,63.57,63.61,63.56,63.61,32,BRN FMF0026!
2025-11-06 01:51:00+00:00,33,57,5884693,63.6,63.61,63.6,63.6,17,BRN FMF0026!
2025-11-06 01:52:00+00:00,33,57,5884693,63.59,63.59,63.57,63.57,7,BRN FMF0026!
2025-11-06 01:53:00+00:00,33,57,5884693,63.58,63.58,63.56,63.56,41,BRN FMF0026!
2025-11-06 01:54:00+00:00,33,57,5884693,63.56,63.58,63.56,63.58,7,BRN FMF0026!
2025-11-06 01:55:00+00:00,33,57,5884693,63.58,63.58,63.56,63.58,5,BRN FMF0026!
2025-11-06 01:56:00+00:00,33,57,5884693,63.57,63.57,63.55,63.56,26,BRN FMF0026!
2025-11-06 01:57:00+00:00,33,57,5884693,63.55,63.57,63.55,63.55,20,BRN FMF0026!
2025-11-06 01:58:00+00:00,33,57,5884693,63.55,63.56,63.54,63.55,45,BRN FMF0026!
2025-11-06 01:59:00+00:00,33,57,5884693,63.55,63.55,63.54,63.54,8,BRN FMF0026!
2025-11-06 02:00:00+00:00,33,57,5884693,63.54,63.56,63.52,63.55,40,BRN FMF0026!
2025-11-06 02:01:00+00:00,33,57,5884693,63.55,63.55,63.5,63.51,147,BRN FMF0026!
2025-11-06 02:02:00+00:00,33,57,5884693,63.51,63.53,63.5,63.53,65,BRN FMF0026!
2025-11-06 02:03:00+00:00,33,57,5884693,63.52,63.54,63.52,63.54,52,BRN FMF0026!
2025-11-06 02:04:00+00:00,33,57,5884693,63.54,63.55,63.52,63.55,24,BRN FMF0026!
2025-11-06 02:05:00+00:00,33,57,5884693,63.54,63.54,63.52,63.53,8,BRN FMF0026!
2025-11-06 02:06:00+00:00,33,57,5884693,63.53,63.53,63.52,63.53,7,BRN FMF0026!
2025-11-06 02:07:00+00:00,33,57,5884693,63.52,63.53,63.52,63.53,17,BRN FMF0026!
2025-11-06 02:08:00+00:00,33,57,5884693,63.53,63.53,63.53,63.53,6,BRN FMF0026!
2025-11-06 02:09:00+00:00,33,57,5884693,63.53,63.54,63.53,63.54,15,BRN FMF0026!
2025-11-06 02:10:00+00:00,33,57,5884693,63.53,63.55,63.51,63.53,97,BRN FMF0026!
2025-11-06 02:11:00+00:00,33,57,5884693,63.52,63.53,63.51,63.53,17,BRN FMF0026!
2025-11-06 02:12:00+00:00,33,57,5884693,63.53,63.54,63.52,63.54,25,BRN FMF0026!
2025-11-06 02:13:00+00:00,33,57,5884693,63.54,63.55,63.54,63.54,72,BRN FMF0026!
2025-11-06 02:14:00+00:00,33,57,5884693,63.53,63.55,63.53,63.55,14,BRN FMF0026!
2025-11-06 02:15:00+00:00,33,57,5884693,63.55,63.58,63.54,63.58,55,BRN FMF0026!
2025-11-06 02:16:00+00:00,33,57,5884693,63.58,63.6,63.58,63.6,40,BRN FMF0026!
2025-11-06 02:17:00+00:00,33,57,5884693,63.6,63.61,63.59,63.61,56,BRN FMF0026!
2025-11-06 02:18:00+00:00,33,57,5884693,63.6,63.67,63.6,63.65,336,BRN FMF0026!
2025-11-06 02:19:00+00:00,33,57,5884693,63.64,63.65,63.63,63.65,36,BRN FMF0026!
2025-11-06 02:20:00+00:00,33,57,5884693,63.64,63.66,63.64,63.66,61,BRN FMF0026!
2025-11-06 02:21:00+00:00,33,57,5884693,63.65,63.66,63.63,63.63,46,BRN FMF0026!
2025-11-06 02:22:00+00:00,33,57,5884693,63.63,63.65,63.63,63.65,29,BRN FMF0026!
2025-11-06 02:23:00+00:00,33,57,5884693,63.65,63.65,63.62,63.62,25,BRN FMF0026!
2025-11-06 02:24:00+00:00,33,57,5884693,63.61,63.63,63.61,63.61,34,BRN FMF0026!
2025-11-06 02:25:00+00:00,33,57,5884693,63.61,63.64,63.61,63.63,14,BRN FMF0026!
2025-11-06 02:26:00+00:00,33,57,5884693,63.62,63.62,63.61,63.61,9,BRN FMF0026!
2025-11-06 02:27:00+00:00,33,57,5884693,63.61,63.62,63.6,63.62,16,BRN FMF0026!
2025-11-06 02:28:00+00:00,33,57,5884693,63.61,63.63,63.61,63.62,9,BRN FMF0026!
2025-11-06 02:29:00+00:00,33,57,5884693,63.63,63.63,63.62,63.63,6,BRN FMF0026!
2025-11-06 02:30:00+00:00,33,57,5884693,63.62,63.64,63.6,63.62,62,BRN FMF0026!
2025-11-06 02:31:00+00:00,33,57,5884693,63.63,63.64,63.62,63.62,17,BRN FMF0026!
2025-11-06 02:32:00+00:00,33,57,5884693,63.62,63.65,63.61,63.65,22,BRN FMF0026!
2025-11-06 02:33:00+00:00,33,57,5884693,63.66,63.67,63.65,63.67,44,BRN FMF0026!
2025-11-06 02:34:00+00:00,33,57,5884693,63.66,63.67,63.66,63.66,7,BRN FMF0026!
2025-11-06 02:35:00+00:00,33,57,5884693,63.66,63.68,63.65,63.68,30,BRN FMF0026!
2025-11-06 02:36:00+00:00,33,57,5884693,63.67,63.68,63.66,63.67,246,BRN FMF0026!
2025-11-06 02:37:00+00:00,33,57,5884693,63.65,63.67,63.65,63.66,11,BRN FMF0026!
2025-11-06 02:38:00+00:00,33,57,5884693,63.65,63.66,63.63,63.63,6,BRN FMF0026!
2025-11-06 02:39:00+00:00,33,57,5884693,63.63,63.66,63.63,63.66,18,BRN FMF0026!
2025-11-06 02:40:00+00:00,33,57,5884693,63.65,63.68,63.65,63.67,16,BRN FMF0026!
2025-11-06 02:41:00+00:00,33,57,5884693,63.66,63.67,63.66,63.67,5,BRN FMF0026!
2025-11-06 02:42:00+00:00,33,57,5884693,63.66,63.68,63.66,63.66,30,BRN FMF0026!
2025-11-06 02:43:00+00:00,33,57,5884693,63.67,63.68,63.66,63.66,19,BRN FMF0026!
2025-11-06 02:44:00+00:00,33,57,5884693,63.66,63.66,63.65,63.66,15,BRN FMF0026!
2025-11-06 02:45:00+00:00,33,57,5884693,63.66,63.67,63.65,63.65,18,BRN FMF0026!
2025-11-06 02:46:00+00:00,33,57,5884693,63.64,63.64,63.61,63.61,53,BRN FMF0026!
2025-11-06 02:47:00+00:00,33,57,5884693,63.62,63.63,63.6,63.61,74,BRN FMF0026!
2025-11-06 02:48:00+00:00,33,57,5884693,63.61,63.62,63.6,63.61,831,BRN FMF0026!
2025-11-06 02:49:00+00:00,33,57,5884693,63.61,63.64,63.61,63.63,21,BRN FMF0026!
2025-11-06 02:50:00+00:00,33,57,5884693,63.62,63.65,63.62,63.64,5,BRN FMF0026!
2025-11-06 02:51:00+00:00,33,57,5884693,63.65,63.65,63.63,63.63,10,BRN FMF0026!
2025-11-06 02:52:00+00:00,33,57,5884693,63.63,63.65,63.63,63.65,12,BRN FMF0026!
2025-11-06 02:53:00+00:00,33,57,5884693,63.64,63.66,63.64,63.66,12,BRN FMF0026!
2025-11-06 02:54:00+00:00,33,57,5884693,63.66,63.66,63.63,63.63,22,BRN FMF0026!
2025-11-06 02:55:00+00:00,33,57,5884693,63.65,63.65,63.64,63.64,8,BRN FMF0026!
2025-11-06 02:56:00+00:00,33,57,5884693,63.63,63.65,63.63,63.64,15,BRN FMF0026!
2025-11-06 02:57:00+00:00,33,57,5884693,63.64,63.64,63.63,63.64,6,BRN FMF0026!
2025-11-06 02:58:00+00:00,33,57,5884693,63.63,63.65,63.63,63.64,34,BRN FMF0026!
2025-11-06 02:59:00+00:00,33,57,5884693,63.63,63.66,63.63,63.66,53,BRN FMF0026!
2025-11-06 03:00:00+00:00,33,57,5884693,63.65,63.68,63.65,63.68,13,BRN FMF0026!
2025-11-06 03:01:00+00:00,33,57,5884693,63.68,63.68,63.68,63.68,3,BRN FMF0026!
2025-11-06 03:02:00+00:00,33,57,5884693,63.67,63.68,63.67,63.67,4,BRN FMF0026!
2025-11-06 03:03:00+00:00,33,57,5884693,63.65,63.67,63.65,63.67,20,BRN FMF0026!
2025-11-06 03:04:00+00:00,33,57,5884693,63.67,63.67,63.66,63.66,6,BRN FMF0026!
2025-11-06 03:05:00+00:00,33,57,5884693,63.66,63.66,63.65,63.65,26,BRN FMF0026!
2025-11-06 03:06:00+00:00,33,57,5884693,63.66,63.66,63.66,63.66,1,BRN FMF0026!
2025-11-06 03:07:00+00:00,33,57,5884693,63.65,63.65,63.65,63.65,14,BRN FMF0026!
2025-11-06 03:08:00+00:00,33,57,5884693,63.64,63.65,63.63,63.63,19,BRN FMF0026!
2025-11-06 03:09:00+00:00,33,57,5884693,63.63,63.63,63.63,63.63,11,BRN FMF0026!
2025-11-06 03:10:00+00:00,33,57,5884693,63.62,63.65,63.62,63.64,12,BRN FMF0026!
2025-11-06 03:11:00+00:00,33,57,5884693,63.64,63.64,63.64,63.64,4,BRN FMF0026!
2025-11-06 03:13:00+00:00,33,57,5884693,63.63,63.63,63.63,63.63,2,BRN FMF0026!
2025-11-06 03:14:00+00:00,33,57,5884693,63.63,63.63,63.62,63.62,39,BRN FMF0026!
2025-11-06 03:15:00+00:00,33,57,5884693,63.62,63.63,63.62,63.63,3,BRN FMF0026!
2025-11-06 03:16:00+00:00,33,57,5884693,63.64,63.64,63.64,63.64,1,BRN FMF0026!
2025-11-06 03:17:00+00:00,33,57,5884693,63.62,63.63,63.62,63.63,12,BRN FMF0026!
2025-11-06 03:18:00+00:00,33,57,5884693,63.63,63.65,63.62,63.65,34,BRN FMF0026!
2025-11-06 03:19:00+00:00,33,57,5884693,63.65,63.65,63.65,63.65,3,BRN FMF0026!
2025-11-06 03:20:00+00:00,33,57,5884693,63.65,63.65,63.65,63.65,1,BRN FMF0026!
2025-11-06 03:21:00+00:00,33,57,5884693,63.65,63.65,63.64,63.64,7,BRN FMF0026!
2025-11-06 03:22:00+00:00,33,57,5884693,63.64,63.64,63.64,63.64,6,BRN FMF0026!
2025-11-06 03:23:00+00:00,33,57,5884693,63.64,63.65,63.63,63.63,123,BRN FMF0026!
2025-11-06 03:24:00+00:00,33,57,5884693,63.64,63.64,63.64,63.64,9,BRN FMF0026!
2025-11-06 03:25:00+00:00,33,57,5884693,63.64,63.64,63.63,63.63,5,BRN FMF0026!
2025-11-06 03:26:00+00:00,33,57,5884693,63.64,63.64,63.64,63.64,33,BRN FMF0026!
2025-11-06 03:27:00+00:00,33,57,5884693,63.64,63.64,63.63,63.64,115,BRN FMF0026!
2025-11-06 03:28:00+00:00,33,57,5884693,63.64,63.64,63.63,63.63,20,BRN FMF0026!
2025-11-06 03:29:00+00:00,33,57,5884693,63.63,63.63,63.63,63.63,3,BRN FMF0026!
2025-11-06 03:31:00+00:00,33,57,5884693,63.64,63.64,63.63,63.63,28,BRN FMF0026!
2025-11-06 03:32:00+00:00,33,57,5884693,63.64,63.65,63.64,63.65,98,BRN FMF0026!
2025-11-06 03:33:00+00:00,33,57,5884693,63.65,63.65,63.65,63.65,17,BRN FMF0026!
2025-11-06 03:34:00+00:00,33,57,5884693,63.65,63.65,63.64,63.64,193,BRN FMF0026!
2025-11-06 03:35:00+00:00,33,57,5884693,63.64,63.64,63.63,63.63,19,BRN FMF0026!
2025-11-06 03:36:00+00:00,33,57,5884693,63.63,63.63,63.63,63.63,16,BRN FMF0026!
2025-11-06 03:37:00+00:00,33,57,5884693,63.64,63.64,63.64,63.64,4,BRN FMF0026!
2025-11-06 03:38:00+00:00,33,57,5884693,63.64,63.65,63.64,63.64,6,BRN FMF0026!
2025-11-06 03:39:00+00:00,33,57,5884693,63.63,63.64,63.63,63.64,18,BRN FMF0026!
2025-11-06 03:40:00+00:00,33,57,5884693,63.65,63.66,63.65,63.66,58,BRN FMF0026!
2025-11-06 03:41:00+00:00,33,57,5884693,63.65,63.65,63.65,63.65,9,BRN FMF0026!
2025-11-06 03:42:00+00:00,33,57,5884693,63.65,63.67,63.65,63.67,37,BRN FMF0026!
2025-11-06 03:43:00+00:00,33,57,5884693,63.68,63.68,63.68,63.68,161,BRN FMF0026!
2025-11-06 03:44:00+00:00,33,57,5884693,63.67,63.67,63.67,63.67,13,BRN FMF0026!
2025-11-06 03:45:00+00:00,33,57,5884693,63.67,63.68,63.67,63.68,14,BRN FMF0026!
2025-11-06 03:46:00+00:00,33,57,5884693,63.68,63.68,63.68,63.68,14,BRN FMF0026!
2025-11-06 03:47:00+00:00,33,57,5884693,63.67,63.67,63.67,63.67,6,BRN FMF0026!
2025-11-06 03:48:00+00:00,33,57,5884693,63.67,63.67,63.66,63.66,27,BRN FMF0026!
2025-11-06 03:49:00+00:00,33,57,5884693,63.66,63.68,63.66,63.68,24,BRN FMF0026!
2025-11-06 03:50:00+00:00,33,57,5884693,63.67,63.68,63.67,63.68,9,BRN FMF0026!
2025-11-06 03:51:00+00:00,33,57,5884693,63.68,63.69,63.68,63.69,18,BRN FMF0026!
2025-11-06 03:52:00+00:00,33,57,5884693,63.68,63.7,63.68,63.7,204,BRN FMF0026!
2025-11-06 03:53:00+00:00,33,57,5884693,63.7,63.71,63.7,63.7,60,BRN FMF0026!
2025-11-06 03:54:00+00:00,33,57,5884693,63.7,63.71,63.7,63.7,23,BRN FMF0026!
2025-11-06 03:55:00+00:00,33,57,5884693,63.7,63.7,63.7,63.7,21,BRN FMF0026!
2025-11-06 03:56:00+00:00,33,57,5884693,63.7,63.71,63.7,63.7,13,BRN FMF0026!
2025-11-06 03:57:00+00:00,33,57,5884693,63.7,63.7,63.67,63.68,37,BRN FMF0026!
2025-11-06 03:58:00+00:00,33,57,5884693,63.69,63.7,63.69,63.7,11,BRN FMF0026!
2025-11-06 03:59:00+00:00,33,57,5884693,63.69,63.7,63.69,63.69,9,BRN FMF0026!
2025-11-06 04:00:00+00:00,33,57,5884693,63.69,63.69,63.69,63.69,3,BRN FMF0026!
2025-11-06 04:01:00+00:00,33,57,5884693,63.7,63.7,63.68,63.68,28,BRN FMF0026!
2025-11-06 04:02:00+00:00,33,57,5884693,63.68,63.69,63.68,63.69,25,BRN FMF0026!
2025-11-06 04:03:00+00:00,33,57,5884693,63.69,63.7,63.69,63.7,14,BRN FMF0026!
2025-11-06 04:04:00+00:00,33,57,5884693,63.7,63.7,63.69,63.7,4,BRN FMF0026!
2025-11-06 04:05:00+00:00,33,57,5884693,63.7,63.73,63.7,63.72,606,BRN FMF0026!
2025-11-06 04:06:00+00:00,33,57,5884693,63.73,63.77,63.73,63.77,1524,BRN FMF0026!
2025-11-06 04:07:00+00:00,33,57,5884693,63.77,63.77,63.76,63.77,26,BRN FMF0026!
2025-11-06 04:08:00+00:00,33,57,5884693,63.76,63.76,63.75,63.76,20,BRN FMF0026!
2025-11-06 04:09:00+00:00,33,57,5884693,63.76,63.76,63.75,63.75,28,BRN FMF0026!
2025-11-06 04:10:00+00:00,33,57,5884693,63.76,63.76,63.76,63.76,3,BRN FMF0026!
2025-11-06 04:11:00+00:00,33,57,5884693,63.75,63.76,63.75,63.76,7,BRN FMF0026!
2025-11-06 04:12:00+00:00,33,57,5884693,63.76,63.77,63.76,63.77,20,BRN FMF0026!
2025-11-06 04:13:00+00:00,33,57,5884693,63.77,63.77,63.77,63.77,1,BRN FMF0026!
2025-11-06 04:14:00+00:00,33,57,5884693,63.77,63.77,63.77,63.77,1,BRN FMF0026!
2025-11-06 04:15:00+00:00,33,57,5884693,63.77,63.77,63.77,63.77,1,BRN FMF0026!
2025-11-06 04:16:00+00:00,33,57,5884693,63.77,63.78,63.77,63.78,59,BRN FMF0026!
2025-11-06 04:17:00+00:00,33,57,5884693,63.76,63.77,63.75,63.75,18,BRN FMF0026!
2025-11-06 04:18:00+00:00,33,57,5884693,63.76,63.76,63.73,63.74,84,BRN FMF0026!
2025-11-06 04:19:00+00:00,33,57,5884693,63.75,63.75,63.74,63.75,36,BRN FMF0026!
2025-11-06 04:20:00+00:00,33,57,5884693,63.75,63.75,63.75,63.75,6,BRN FMF0026!
2025-11-06 04:21:00+00:00,33,57,5884693,63.75,63.76,63.75,63.76,2,BRN FMF0026!
2025-11-06 04:22:00+00:00,33,57,5884693,63.75,63.75,63.75,63.75,3,BRN FMF0026!
2025-11-06 04:23:00+00:00,33,57,5884693,63.75,63.75,63.71,63.72,46,BRN FMF0026!
2025-11-06 04:24:00+00:00,33,57,5884693,63.72,63.72,63.71,63.72,15,BRN FMF0026!
2025-11-06 04:25:00+00:00,33,57,5884693,63.73,63.73,63.72,63.73,22,BRN FMF0026!
2025-11-06 04:26:00+00:00,33,57,5884693,63.72,63.72,63.71,63.71,8,BRN FMF0026!
2025-11-06 04:27:00+00:00,33,57,5884693,63.71,63.72,63.7,63.72,55,BRN FMF0026!
2025-11-06 04:28:00+00:00,33,57,5884693,63.71,63.71,63.71,63.71,2,BRN FMF0026!
2025-11-06 04:29:00+00:00,33,57,5884693,63.71,63.72,63.71,63.71,11,BRN FMF0026!
2025-11-06 04:30:00+00:00,33,57,5884693,63.7,63.72,63.7,63.72,9,BRN FMF0026!
2025-11-06 04:32:00+00:00,33,57,5884693,63.73,63.73,63.73,63.73,2,BRN FMF0026!
2025-11-06 04:33:00+00:00,33,57,5884693,63.74,63.74,63.73,63.73,3,BRN FMF0026!
2025-11-06 04:35:00+00:00,33,57,5884693,63.74,63.74,63.74,63.74,1,BRN FMF0026!
2025-11-06 04:36:00+00:00,33,57,5884693,63.73,63.73,63.71,63.71,33,BRN FMF0026!
2025-11-06 04:37:00+00:00,33,57,5884693,63.72,63.72,63.72,63.72,3,BRN FMF0026!
2025-11-06 04:40:00+00:00,33,57,5884693,63.72,63.73,63.72,63.72,7,BRN FMF0026!
2025-11-06 04:41:00+00:00,33,57,5884693,63.72,63.72,63.72,63.72,3,BRN FMF0026!
2025-11-06 04:42:00+00:00,33,57,5884693,63.71,63.73,63.71,63.73,6,BRN FMF0026!
2025-11-06 04:43:00+00:00,33,57,5884693,63.73,63.73,63.73,63.73,2,BRN FMF0026!
2025-11-06 04:44:00+00:00,33,57,5884693,63.73,63.73,63.73,63.73,1,BRN FMF0026!
2025-11-06 04:45:00+00:00,33,57,5884693,63.73,63.73,63.72,63.72,4,BRN FMF0026!
2025-11-06 04:46:00+00:00,33,57,5884693,63.71,63.72,63.71,63.72,3,BRN FMF0026!
2025-11-06 04:47:00+00:00,33,57,5884693,63.72,63.72,63.71,63.71,3,BRN FMF0026!
2025-11-06 04:49:00+00:00,33,57,5884693,63.7,63.7,63.68,63.69,24,BRN FMF0026!
2025-11-06 04:50:00+00:00,33,57,5884693,63.68,63.69,63.68,63.69,7,BRN FMF0026!
2025-11-06 04:51:00+00:00,33,57,5884693,63.69,63.7,63.69,63.7,17,BRN FMF0026!
2025-11-06 04:53:00+00:00,33,57,5884693,63.7,63.71,63.7,63.7,6,BRN FMF0026!
2025-11-06 04:54:00+00:00,33,57,5884693,63.71,63.71,63.68,63.69,108,BRN FMF0026!
2025-11-06 04:55:00+00:00,33,57,5884693,63.69,63.69,63.69,63.69,6,BRN FMF0026!
2025-11-06 04:56:00+00:00,33,57,5884693,63.7,63.7,63.69,63.7,311,BRN FMF0026!
2025-11-06 04:57:00+00:00,33,57,5884693,63.7,63.7,63.7,63.7,5,BRN FMF0026!
2025-11-06 04:58:00+00:00,33,57,5884693,63.7,63.7,63.7,63.7,4,BRN FMF0026!
2025-11-06 04:59:00+00:00,33,57,5884693,63.7,63.7,63.7,63.7,8,BRN FMF0026!
2025-11-06 05:00:00+00:00,33,57,5884693,63.7,63.73,63.7,63.73,6,BRN FMF0026!
2025-11-06 05:01:00+00:00,33,57,5884693,63.73,63.73,63.73,63.73,34,BRN FMF0026!
2025-11-06 05:03:00+00:00,33,57,5884693,63.73,63.73,63.71,63.71,15,BRN FMF0026!
2025-11-06 05:04:00+00:00,33,57,5884693,63.7,63.71,63.7,63.71,9,BRN FMF0026!
2025-11-06 05:05:00+00:00,33,57,5884693,63.7,63.71,63.69,63.7,11,BRN FMF0026!
2025-11-06 05:06:00+00:00,33,57,5884693,63.69,63.7,63.69,63.7,15,BRN FMF0026!
2025-11-06 05:07:00+00:00,33,57,5884693,63.71,63.71,63.7,63.7,8,BRN FMF0026!
2025-11-06 05:08:00+00:00,33,57,5884693,63.69,63.69,63.68,63.69,29,BRN FMF0026!
2025-11-06 05:09:00+00:00,33,57,5884693,63.69,63.69,63.69,63.69,5,BRN FMF0026!
2025-11-06 05:10:00+00:00,33,57,5884693,63.7,63.71,63.7,63.71,2,BRN FMF0026!
2025-11-06 05:11:00+00:00,33,57,5884693,63.71,63.71,63.71,63.71,4,BRN FMF0026!
2025-11-06 05:12:00+00:00,33,57,5884693,63.71,63.72,63.71,63.71,5,BRN FMF0026!
2025-11-06 05:13:00+00:00,33,57,5884693,63.72,63.72,63.72,63.72,2,BRN FMF0026!
2025-11-06 05:14:00+00:00,33,57,5884693,63.71,63.75,63.71,63.75,44,BRN FMF0026!
2025-11-06 05:15:00+00:00,33,57,5884693,63.75,63.76,63.74,63.75,15,BRN FMF0026!
2025-11-06 05:16:00+00:00,33,57,5884693,63.74,63.79,63.74,63.77,153,BRN FMF0026!
2025-11-06 05:17:00+00:00,33,57,5884693,63.77,63.78,63.76,63.76,35,BRN FMF0026!
2025-11-06 05:18:00+00:00,33,57,5884693,63.76,63.77,63.76,63.76,26,BRN FMF0026!
2025-11-06 05:19:00+00:00,33,57,5884693,63.77,63.77,63.77,63.77,7,BRN FMF0026!
2025-11-06 05:20:00+00:00,33,57,5884693,63.77,63.78,63.76,63.77,14,BRN FMF0026!
2025-11-06 05:21:00+00:00,33,57,5884693,63.77,63.78,63.77,63.77,11,BRN FMF0026!
2025-11-06 05:22:00+00:00,33,57,5884693,63.78,63.78,63.77,63.78,10,BRN FMF0026!
2025-11-06 05:23:00+00:00,33,57,5884693,63.78,63.78,63.78,63.78,3,BRN FMF0026!
2025-11-06 05:24:00+00:00,33,57,5884693,63.78,63.78,63.77,63.77,26,BRN FMF0026!
2025-11-06 05:25:00+00:00,33,57,5884693,63.77,63.77,63.77,63.77,14,BRN FMF0026!
2025-11-06 05:26:00+00:00,33,57,5884693,63.77,63.77,63.76,63.77,11,BRN FMF0026!
2025-11-06 05:27:00+00:00,33,57,5884693,63.76,63.77,63.76,63.77,13,BRN FMF0026!
2025-11-06 05:28:00+00:00,33,57,5884693,63.77,63.77,63.77,63.77,22,BRN FMF0026!
2025-11-06 05:29:00+00:00,33,57,5884693,63.78,63.78,63.78,63.78,1,BRN FMF0026!
2025-11-06 05:30:00+00:00,33,57,5884693,63.77,63.78,63.76,63.77,54,BRN FMF0026!
2025-11-06 05:31:00+00:00,33,57,5884693,63.77,63.78,63.76,63.77,21,BRN FMF0026!
2025-11-06 05:32:00+00:00,33,57,5884693,63.77,63.78,63.77,63.77,14,BRN FMF0026!
2025-11-06 05:33:00+00:00,33,57,5884693,63.77,63.78,63.77,63.78,20,BRN FMF0026!
2025-11-06 05:34:00+00:00,33,57,5884693,63.77,63.77,63.77,63.77,6,BRN FMF0026!
2025-11-06 05:35:00+00:00,33,57,5884693,63.78,63.79,63.78,63.79,7,BRN FMF0026!
2025-11-06 05:36:00+00:00,33,57,5884693,63.77,63.77,63.76,63.76,12,BRN FMF0026!
2025-11-06 05:37:00+00:00,33,57,5884693,63.75,63.79,63.75,63.79,43,BRN FMF0026!
2025-11-06 05:38:00+00:00,33,57,5884693,63.78,63.78,63.78,63.78,2,BRN FMF0026!
2025-11-06 05:39:00+00:00,33,57,5884693,63.79,63.79,63.78,63.78,5,BRN FMF0026!
2025-11-06 05:40:00+00:00,33,57,5884693,63.78,63.78,63.78,63.78,2,BRN FMF0026!
2025-11-06 05:41:00+00:00,33,57,5884693,63.77,63.77,63.77,63.77,18,BRN FMF0026!
2025-11-06 05:42:00+00:00,33,57,5884693,63.77,63.78,63.77,63.77,25,BRN FMF0026!
2025-11-06 05:43:00+00:00,33,57,5884693,63.77,63.77,63.76,63.76,15,BRN FMF0026!
2025-11-06 05:44:00+00:00,33,57,5884693,63.75,63.75,63.75,63.75,12,BRN FMF0026!
2025-11-06 05:45:00+00:00,33,57,5884693,63.75,63.75,63.74,63.75,9,BRN FMF0026!
2025-11-06 05:46:00+00:00,33,57,5884693,63.76,63.78,63.75,63.77,143,BRN FMF0026!
2025-11-06 05:47:00+00:00,33,57,5884693,63.78,63.79,63.78,63.79,23,BRN FMF0026!
2025-11-06 05:48:00+00:00,33,57,5884693,63.78,63.78,63.77,63.77,107,BRN FMF0026!
2025-11-06 05:49:00+00:00,33,57,5884693,63.77,63.77,63.77,63.77,12,BRN FMF0026!
2025-11-06 05:50:00+00:00,33,57,5884693,63.77,63.78,63.77,63.77,22,BRN FMF0026!
2025-11-06 05:51:00+00:00,33,57,5884693,63.78,63.79,63.78,63.79,17,BRN FMF0026!
2025-11-06 05:52:00+00:00,33,57,5884693,63.79,63.79,63.78,63.79,11,BRN FMF0026!
2025-11-06 05:54:00+00:00,33,57,5884693,63.78,63.79,63.76,63.79,51,BRN FMF0026!
2025-11-06 05:55:00+00:00,33,57,5884693,63.79,63.79,63.77,63.77,54,BRN FMF0026!
2025-11-06 05:56:00+00:00,33,57,5884693,63.78,63.79,63.78,63.79,11,BRN FMF0026!
2025-11-06 05:57:00+00:00,33,57,5884693,63.78,63.78,63.77,63.77,15,BRN FMF0026!
2025-11-06 05:58:00+00:00,33,57,5884693,63.78,63.78,63.78,63.78,4,BRN FMF0026!
2025-11-06 05:59:00+00:00,33,57,5884693,63.79,63.79,63.78,63.78,5,BRN FMF0026!
2025-11-06 06:00:00+00:00,33,57,5884693,63.78,63.78,63.75,63.76,140,BRN FMF0026!
2025-11-06 06:01:00+00:00,33,57,5884693,63.76,63.78,63.76,63.77,17,BRN FMF0026!
2025-11-06 06:02:00+00:00,33,57,5884693,63.77,63.77,63.76,63.76,26,BRN FMF0026!
2025-11-06 06:03:00+00:00,33,57,5884693,63.77,63.77,63.77,63.77,1,BRN FMF0026!
2025-11-06 06:04:00+00:00,33,57,5884693,63.78,63.78,63.77,63.77,3,BRN FMF0026!
2025-11-06 06:05:00+00:00,33,57,5884693,63.77,63.78,63.77,63.78,5,BRN FMF0026!
2025-11-06 06:06:00+00:00,33,57,5884693,63.79,63.81,63.79,63.79,118,BRN FMF0026!
2025-11-06 06:07:00+00:00,33,57,5884693,63.8,63.8,63.8,63.8,6,BRN FMF0026!
2025-11-06 06:08:00+00:00,33,57,5884693,63.8,63.8,63.77,63.78,49,BRN FMF0026!
2025-11-06 06:09:00+00:00,33,57,5884693,63.77,63.79,63.77,63.78,55,BRN FMF0026!
2025-11-06 06:10:00+00:00,33,57,5884693,63.79,63.82,63.79,63.81,30,BRN FMF0026!
2025-11-06 06:11:00+00:00,33,57,5884693,63.82,63.83,63.8,63.83,128,BRN FMF0026!
2025-11-06 06:12:00+00:00,33,57,5884693,63.82,63.82,63.82,63.82,12,BRN FMF0026!
2025-11-06 06:13:00+00:00,33,57,5884693,63.82,63.82,63.81,63.81,17,BRN FMF0026!
2025-11-06 06:14:00+00:00,33,57,5884693,63.8,63.82,63.8,63.82,9,BRN FMF0026!
2025-11-06 06:15:00+00:00,33,57,5884693,63.82,63.83,63.82,63.82,16,BRN FMF0026!
2025-11-06 06:16:00+00:00,33,57,5884693,63.83,63.83,63.8,63.8,20,BRN FMF0026!
2025-11-06 06:17:00+00:00,33,57,5884693,63.79,63.79,63.76,63.77,115,BRN FMF0026!
2025-11-06 06:18:00+00:00,33,57,5884693,63.77,63.79,63.77,63.79,16,BRN FMF0026!
2025-11-06 06:19:00+00:00,33,57,5884693,63.78,63.78,63.76,63.77,90,BRN FMF0026!
2025-11-06 06:20:00+00:00,33,57,5884693,63.77,63.77,63.77,63.77,13,BRN FMF0026!
2025-11-06 06:21:00+00:00,33,57,5884693,63.78,63.79,63.77,63.78,24,BRN FMF0026!
2025-11-06 06:22:00+00:00,33,57,5884693,63.77,63.77,63.77,63.77,16,BRN FMF0026!
2025-11-06 06:23:00+00:00,33,57,5884693,63.78,63.78,63.76,63.77,44,BRN FMF0026!
2025-11-06 06:24:00+00:00,33,57,5884693,63.76,63.77,63.75,63.75,78,BRN FMF0026!
2025-11-06 06:25:00+00:00,33,57,5884693,63.75,63.75,63.74,63.75,61,BRN FMF0026!
2025-11-06 06:26:00+00:00,33,57,5884693,63.75,63.75,63.75,63.75,55,BRN FMF0026!
2025-11-06 06:27:00+00:00,33,57,5884693,63.75,63.75,63.75,63.75,32,BRN FMF0026!
2025-11-06 06:28:00+00:00,33,57,5884693,63.75,63.75,63.74,63.74,8,BRN FMF0026!
2025-11-06 06:29:00+00:00,33,57,5884693,63.75,63.75,63.74,63.74,11,BRN FMF0026!
2025-11-06 06:30:00+00:00,33,57,5884693,63.75,63.76,63.74,63.75,166,BRN FMF0026!
2025-11-06 06:31:00+00:00,33,57,5884693,63.75,63.75,63.72,63.72,203,BRN FMF0026!
2025-11-06 06:32:00+00:00,33,57,5884693,63.71,63.72,63.68,63.69,77,BRN FMF0026!
2025-11-06 06:33:00+00:00,33,57,5884693,63.69,63.73,63.69,63.73,62,BRN FMF0026!
2025-11-06 06:34:00+00:00,33,57,5884693,63.72,63.72,63.68,63.68,155,BRN FMF0026!
2025-11-06 06:35:00+00:00,33,57,5884693,63.7,63.72,63.69,63.72,120,BRN FMF0026!
2025-11-06 06:36:00+00:00,33,57,5884693,63.72,63.73,63.72,63.73,14,BRN FMF0026!
2025-11-06 06:37:00+00:00,33,57,5884693,63.74,63.74,63.73,63.74,6,BRN FMF0026!
2025-11-06 06:38:00+00:00,33,57,5884693,63.74,63.74,63.72,63.73,139,BRN FMF0026!
2025-11-06 06:39:00+00:00,33,57,5884693,63.73,63.73,63.71,63.72,85,BRN FMF0026!
2025-11-06 06:40:00+00:00,33,57,5884693,63.71,63.71,63.7,63.7,8,BRN FMF0026!
2025-11-06 06:41:00+00:00,33,57,5884693,63.7,63.7,63.69,63.69,51,BRN FMF0026!
2025-11-06 06:42:00+00:00,33,57,5884693,63.68,63.68,63.67,63.68,33,BRN FMF0026!
2025-11-06 06:43:00+00:00,33,57,5884693,63.67,63.69,63.67,63.69,145,BRN FMF0026!
2025-11-06 06:44:00+00:00,33,57,5884693,63.69,63.71,63.66,63.7,188,BRN FMF0026!
2025-11-06 06:45:00+00:00,33,57,5884693,63.7,63.73,63.7,63.72,74,BRN FMF0026!
2025-11-06 06:46:00+00:00,33,57,5884693,63.73,63.75,63.72,63.72,45,BRN FMF0026!
2025-11-06 06:47:00+00:00,33,57,5884693,63.74,63.74,63.71,63.74,40,BRN FMF0026!
2025-11-06 06:48:00+00:00,33,57,5884693,63.73,63.73,63.72,63.72,36,BRN FMF0026!
2025-11-06 06:49:00+00:00,33,57,5884693,63.72,63.75,63.72,63.74,215,BRN FMF0026!
2025-11-06 06:50:00+00:00,33,57,5884693,63.74,63.74,63.73,63.74,38,BRN FMF0026!
2025-11-06 06:51:00+00:00,33,57,5884693,63.74,63.74,63.74,63.74,7,BRN FMF0026!
2025-11-06 06:52:00+00:00,33,57,5884693,63.74,63.75,63.73,63.74,86,BRN FMF0026!
2025-11-06 06:53:00+00:00,33,57,5884693,63.74,63.75,63.74,63.74,12,BRN FMF0026!
2025-11-06 06:54:00+00:00,33,57,5884693,63.74,63.76,63.72,63.75,162,BRN FMF0026!
2025-11-06 06:55:00+00:00,33,57,5884693,63.75,63.76,63.74,63.76,110,BRN FMF0026!
2025-11-06 06:56:00+00:00,33,57,5884693,63.75,63.79,63.75,63.79,50,BRN FMF0026!
2025-11-06 06:57:00+00:00,33,57,5884693,63.8,63.81,63.79,63.8,65,BRN FMF0026!
2025-11-06 06:58:00+00:00,33,57,5884693,63.8,63.84,63.8,63.83,382,BRN FMF0026!
2025-11-06 06:59:00+00:00,33,57,5884693,63.83,63.83,63.82,63.83,114,BRN FMF0026!
2025-11-06 07:00:00+00:00,33,57,5884693,63.83,63.86,63.83,63.85,457,BRN FMF0026!
2025-11-06 07:01:00+00:00,33,57,5884693,63.86,63.86,63.83,63.84,102,BRN FMF0026!
2025-11-06 07:02:00+00:00,33,57,5884693,63.83,63.85,63.83,63.85,15,BRN FMF0026!
2025-11-06 07:03:00+00:00,33,57,5884693,63.86,63.86,63.85,63.86,53,BRN FMF0026!
2025-11-06 07:04:00+00:00,33,57,5884693,63.86,63.88,63.86,63.86,27,BRN FMF0026!
2025-11-06 07:05:00+00:00,33,57,5884693,63.87,63.88,63.87,63.88,121,BRN FMF0026!
2025-11-06 07:06:00+00:00,33,57,5884693,63.88,63.88,63.87,63.87,187,BRN FMF0026!
2025-11-06 07:07:00+00:00,33,57,5884693,63.87,63.87,63.86,63.87,20,BRN FMF0026!
2025-11-06 07:08:00+00:00,33,57,5884693,63.86,63.89,63.86,63.88,55,BRN FMF0026!
2025-11-06 07:09:00+00:00,33,57,5884693,63.88,63.88,63.86,63.86,52,BRN FMF0026!
2025-11-06 07:10:00+00:00,33,57,5884693,63.86,63.86,63.82,63.82,342,BRN FMF0026!
2025-11-06 07:11:00+00:00,33,57,5884693,63.82,63.84,63.82,63.84,64,BRN FMF0026!
2025-11-06 07:12:00+00:00,33,57,5884693,63.84,63.84,63.82,63.82,57,BRN FMF0026!
2025-11-06 07:13:00+00:00,33,57,5884693,63.82,63.83,63.81,63.82,67,BRN FMF0026!
2025-11-06 07:14:00+00:00,33,57,5884693,63.82,63.83,63.77,63.78,137,BRN FMF0026!
2025-11-06 07:15:00+00:00,33,57,5884693,63.79,63.8,63.74,63.74,202,BRN FMF0026!
2025-11-06 07:16:00+00:00,33,57,5884693,63.73,63.74,63.71,63.73,178,BRN FMF0026!
2025-11-06 07:17:00+00:00,33,57,5884693,63.74,63.76,63.74,63.75,103,BRN FMF0026!
2025-11-06 07:18:00+00:00,33,57,5884693,63.76,63.76,63.69,63.7,365,BRN FMF0026!
2025-11-06 07:19:00+00:00,33,57,5884693,63.7,63.72,63.7,63.72,52,BRN FMF0026!
2025-11-06 07:20:00+00:00,33,57,5884693,63.74,63.75,63.73,63.74,17,BRN FMF0026!
2025-11-06 07:21:00+00:00,33,57,5884693,63.73,63.73,63.68,63.69,48,BRN FMF0026!
2025-11-06 07:22:00+00:00,33,57,5884693,63.68,63.74,63.68,63.74,104,BRN FMF0026!
2025-11-06 07:23:00+00:00,33,57,5884693,63.74,63.75,63.73,63.73,31,BRN FMF0026!
2025-11-06 07:24:00+00:00,33,57,5884693,63.74,63.76,63.74,63.76,11,BRN FMF0026!
2025-11-06 07:25:00+00:00,33,57,5884693,63.75,63.76,63.75,63.75,27,BRN FMF0026!
2025-11-06 07:26:00+00:00,33,57,5884693,63.76,63.79,63.76,63.78,48,BRN FMF0026!
2025-11-06 07:27:00+00:00,33,57,5884693,63.79,63.79,63.75,63.76,17,BRN FMF0026!
2025-11-06 07:28:00+00:00,33,57,5884693,63.76,63.77,63.75,63.77,170,BRN FMF0026!
2025-11-06 07:29:00+00:00,33,57,5884693,63.77,63.78,63.75,63.75,40,BRN FMF0026!
2025-11-06 07:30:00+00:00,33,57,5884693,63.75,63.78,63.75,63.78,36,BRN FMF0026!
2025-11-06 07:31:00+00:00,33,57,5884693,63.78,63.78,63.73,63.75,35,BRN FMF0026!
2025-11-06 07:32:00+00:00,33,57,5884693,63.73,63.77,63.73,63.76,108,BRN FMF0026!
2025-11-06 07:33:00+00:00,33,57,5884693,63.75,63.78,63.75,63.76,35,BRN FMF0026!
2025-11-06 07:34:00+00:00,33,57,5884693,63.76,63.8,63.76,63.77,35,BRN FMF0026!
2025-11-06 07:35:00+00:00,33,57,5884693,63.77,63.8,63.77,63.8,143,BRN FMF0026!
2025-11-06 07:36:00+00:00,33,57,5884693,63.8,63.8,63.79,63.79,59,BRN FMF0026!
2025-11-06 07:37:00+00:00,33,57,5884693,63.8,63.8,63.77,63.78,42,BRN FMF0026!
2025-11-06 07:38:00+00:00,33,57,5884693,63.79,63.8,63.77,63.77,40,BRN FMF0026!
2025-11-06 07:39:00+00:00,33,57,5884693,63.76,63.8,63.76,63.78,50,BRN FMF0026!
2025-11-06 07:40:00+00:00,33,57,5884693,63.78,63.82,63.76,63.76,1267,BRN FMF0026!
2025-11-06 07:41:00+00:00,33,57,5884693,63.77,63.78,63.75,63.77,140,BRN FMF0026!
2025-11-06 07:42:00+00:00,33,57,5884693,63.77,63.78,63.74,63.74,174,BRN FMF0026!
2025-11-06 07:43:00+00:00,33,57,5884693,63.75,63.75,63.72,63.73,117,BRN FMF0026!
2025-11-06 07:44:00+00:00,33,57,5884693,63.73,63.75,63.73,63.75,101,BRN FMF0026!
2025-11-06 07:45:00+00:00,33,57,5884693,63.75,63.77,63.75,63.77,27,BRN FMF0026!
2025-11-06 07:46:00+00:00,33,57,5884693,63.77,63.77,63.74,63.75,78,BRN FMF0026!
2025-11-06 07:47:00+00:00,33,57,5884693,63.75,63.79,63.74,63.78,73,BRN FMF0026!
2025-11-06 07:48:00+00:00,33,57,5884693,63.78,63.8,63.76,63.76,243,BRN FMF0026!
2025-11-06 07:49:00+00:00,33,57,5884693,63.76,63.76,63.74,63.74,179,BRN FMF0026!
2025-11-06 07:50:00+00:00,33,57,5884693,63.75,63.8,63.75,63.78,101,BRN FMF0026!
2025-11-06 07:51:00+00:00,33,57,5884693,63.77,63.77,63.77,63.77,5,BRN FMF0026!
2025-11-06 07:52:00+00:00,33,57,5884693,63.76,63.76,63.74,63.76,66,BRN FMF0026!
2025-11-06 07:53:00+00:00,33,57,5884693,63.76,63.77,63.73,63.75,72,BRN FMF0026!
2025-11-06 07:54:00+00:00,33,57,5884693,63.75,63.76,63.73,63.75,80,BRN FMF0026!
2025-11-06 07:55:00+00:00,33,57,5884693,63.73,63.74,63.71,63.73,65,BRN FMF0026!
2025-11-06 07:56:00+00:00,33,57,5884693,63.71,63.75,63.7,63.73,322,BRN FMF0026!
2025-11-06 07:57:00+00:00,33,57,5884693,63.72,63.73,63.72,63.73,75,BRN FMF0026!
2025-11-06 07:58:00+00:00,33,57,5884693,63.72,63.73,63.69,63.7,221,BRN FMF0026!
2025-11-06 07:59:00+00:00,33,57,5884693,63.69,63.72,63.65,63.67,624,BRN FMF0026!
2025-11-06 08:00:00+00:00,33,57,5884693,63.67,63.69,63.58,63.59,1000,BRN FMF0026!
2025-11-06 08:01:00+00:00,33,57,5884693,63.6,63.6,63.57,63.58,317,BRN FMF0026!
2025-11-06 08:02:00+00:00,33,57,5884693,63.58,63.63,63.58,63.62,374,BRN FMF0026!
2025-11-06 08:03:00+00:00,33,57,5884693,63.62,63.62,63.53,63.55,3778,BRN FMF0026!
2025-11-06 08:04:00+00:00,33,57,5884693,63.55,63.56,63.46,63.47,605,BRN FMF0026!
2025-11-06 08:05:00+00:00,33,57,5884693,63.47,63.51,63.45,63.46,252,BRN FMF0026!
2025-11-06 08:06:00+00:00,33,57,5884693,63.46,63.5,63.46,63.48,178,BRN FMF0026!
2025-11-06 08:07:00+00:00,33,57,5884693,63.48,63.49,63.37,63.39,2025,BRN FMF0026!
2025-11-06 08:08:00+00:00,33,57,5884693,63.4,63.43,63.4,63.42,524,BRN FMF0026!
2025-11-06 08:09:00+00:00,33,57,5884693,63.42,63.42,63.37,63.4,775,BRN FMF0026!
2025-11-06 08:10:00+00:00,33,57,5884693,63.41,63.43,63.41,63.42,646,BRN FMF0026!
2025-11-06 08:11:00+00:00,33,57,5884693,63.42,63.45,63.42,63.45,263,BRN FMF0026!
2025-11-06 08:12:00+00:00,33,57,5884693,63.45,63.46,63.43,63.45,105,BRN FMF0026!
2025-11-06 08:13:00+00:00,33,57,5884693,63.45,63.47,63.43,63.46,176,BRN FMF0026!
2025-11-06 08:14:00+00:00,33,57,5884693,63.46,63.47,63.46,63.47,316,BRN FMF0026!
2025-11-06 08:15:00+00:00,33,57,5884693,63.48,63.48,63.44,63.45,521,BRN FMF0026!
2025-11-06 08:16:00+00:00,33,57,5884693,63.44,63.5,63.41,63.48,1314,BRN FMF0026!
2025-11-06 08:17:00+00:00,33,57,5884693,63.47,63.55,63.45,63.54,1273,BRN FMF0026!
2025-11-06 08:18:00+00:00,33,57,5884693,63.54,63.6,63.53,63.53,372,BRN FMF0026!
2025-11-06 08:19:00+00:00,33,57,5884693,63.53,63.55,63.52,63.55,265,BRN FMF0026!
2025-11-06 08:20:00+00:00,33,57,5884693,63.55,63.61,63.55,63.6,494,BRN FMF0026!
2025-11-06 08:21:00+00:00,33,57,5884693,63.6,63.63,63.6,63.63,216,BRN FMF0026!
2025-11-06 08:22:00+00:00,33,57,5884693,63.65,63.67,63.6,63.61,303,BRN FMF0026!
2025-11-06 08:23:00+00:00,33,57,5884693,63.61,63.61,63.55,63.57,471,BRN FMF0026!
2025-11-06 08:24:00+00:00,33,57,5884693,63.57,63.58,63.55,63.56,96,BRN FMF0026!
2025-11-06 08:25:00+00:00,33,57,5884693,63.56,63.57,63.52,63.54,665,BRN FMF0026!
2025-11-06 08:26:00+00:00,33,57,5884693,63.54,63.55,63.53,63.54,310,BRN FMF0026!
2025-11-06 08:27:00+00:00,33,57,5884693,63.54,63.61,63.54,63.6,906,BRN FMF0026!
2025-11-06 08:28:00+00:00,33,57,5884693,63.61,63.63,63.58,63.63,1151,BRN FMF0026!
2025-11-06 08:29:00+00:00,33,57,5884693,63.63,63.64,63.58,63.63,3208,BRN FMF0026!
2025-11-06 08:30:00+00:00,33,57,5884693,63.63,63.73,63.63,63.67,2003,BRN FMF0026!
2025-11-06 08:31:00+00:00,33,57,5884693,63.67,63.72,63.67,63.71,529,BRN FMF0026!
2025-11-06 08:32:00+00:00,33,57,5884693,63.71,63.73,63.69,63.71,271,BRN FMF0026!
2025-11-06 08:33:00+00:00,33,57,5884693,63.73,63.73,63.63,63.65,447,BRN FMF0026!
2025-11-06 08:34:00+00:00,33,57,5884693,63.65,63.7,63.64,63.69,132,BRN FMF0026!
2025-11-06 08:35:00+00:00,33,57,5884693,63.7,63.76,63.7,63.75,557,BRN FMF0026!
2025-11-06 08:36:00+00:00,33,57,5884693,63.75,63.84,63.74,63.8,1361,BRN FMF0026!
2025-11-06 08:37:00+00:00,33,57,5884693,63.79,63.82,63.78,63.81,250,BRN FMF0026!
2025-11-06 08:38:00+00:00,33,57,5884693,63.82,63.88,63.81,63.87,352,BRN FMF0026!
2025-11-06 08:39:00+00:00,33,57,5884693,63.88,63.97,63.87,63.93,1338,BRN FMF0026!
2025-11-06 08:40:00+00:00,33,57,5884693,63.93,63.95,63.86,63.86,546,BRN FMF0026!
2025-11-06 08:41:00+00:00,33,57,5884693,63.86,63.88,63.83,63.88,410,BRN FMF0026!
2025-11-06 08:42:00+00:00,33,57,5884693,63.87,63.89,63.86,63.87,240,BRN FMF0026!
2025-11-06 08:43:00+00:00,33,57,5884693,63.87,63.9,63.86,63.89,277,BRN FMF0026!
2025-11-06 08:44:00+00:00,33,57,5884693,63.88,63.93,63.87,63.93,431,BRN FMF0026!
2025-11-06 08:45:00+00:00,33,57,5884693,63.94,63.97,63.91,63.97,613,BRN FMF0026!
2025-11-06 08:46:00+00:00,33,57,5884693,63.97,63.99,63.96,63.99,424,BRN FMF0026!
2025-11-06 08:47:00+00:00,33,57,5884693,63.99,63.99,63.97,63.99,352,BRN FMF0026!
2025-11-06 08:48:00+00:00,33,57,5884693,63.98,64.02,63.96,63.96,486,BRN FMF0026!
2025-11-06 08:49:00+00:00,33,57,5884693,63.97,64.01,63.96,64.01,175,BRN FMF0026!
2025-11-06 08:50:00+00:00,33,57,5884693,64.01,64.09,64.01,64.09,724,BRN FMF0026!
2025-11-06 08:51:00+00:00,33,57,5884693,64.1,64.14,64.08,64.14,1238,BRN FMF0026!
2025-11-06 08:52:00+00:00,33,57,5884693,64.14,64.15,64.07,64.08,832,BRN FMF0026!
2025-11-06 08:53:00+00:00,33,57,5884693,64.08,64.11,64.07,64.07,232,BRN FMF0026!
2025-11-06 08:54:00+00:00,33,57,5884693,64.08,64.13,64.07,64.13,238,BRN FMF0026!
2025-11-06 08:55:00+00:00,33,57,5884693,64.13,64.14,64.12,64.12,545,BRN FMF0026!
2025-11-06 08:56:00+00:00,33,57,5884693,64.13,64.19,64.11,64.12,1057,BRN FMF0026!
2025-11-06 08:57:00+00:00,33,57,5884693,64.13,64.13,64.1,64.12,390,BRN FMF0026!
2025-11-06 08:58:00+00:00,33,57,5884693,64.13,64.16,64.12,64.15,281,BRN FMF0026!
2025-11-06 08:59:00+00:00,33,57,5884693,64.16,64.18,64.13,64.17,796,BRN FMF0026!
2025-11-06 09:00:00+00:00,33,57,5884693,64.16,64.24,64.16,64.23,940,BRN FMF0026!
2025-11-06 09:01:00+00:00,33,57,5884693,64.24,64.24,64.19,64.21,533,BRN FMF0026!
2025-11-06 09:02:00+00:00,33,57,5884693,64.23,64.23,64.19,64.19,186,BRN FMF0026!
2025-11-06 09:03:00+00:00,33,57,5884693,64.2,64.24,64.19,64.19,398,BRN FMF0026!
2025-11-06 09:04:00+00:00,33,57,5884693,64.2,64.23,64.19,64.19,139,BRN FMF0026!
2025-11-06 09:05:00+00:00,33,57,5884693,64.19,64.2,64.14,64.14,317,BRN FMF0026!
2025-11-06 09:06:00+00:00,33,57,5884693,64.14,64.17,64.12,64.16,697,BRN FMF0026!
2025-11-06 09:07:00+00:00,33,57,5884693,64.16,64.16,64.13,64.16,200,BRN FMF0026!
2025-11-06 09:08:00+00:00,33,57,5884693,64.16,64.16,64.1,64.11,220,BRN FMF0026!
2025-11-06 09:09:00+00:00,33,57,5884693,64.12,64.14,64.12,64.12,280,BRN FMF0026!
2025-11-06 09:10:00+00:00,33,57,5884693,64.12,64.14,64.12,64.12,166,BRN FMF0026!
2025-11-06 09:11:00+00:00,33,57,5884693,64.11,64.13,64.05,64.06,752,BRN FMF0026!
2025-11-06 09:12:00+00:00,33,57,5884693,64.07,64.1,64.05,64.1,520,BRN FMF0026!
2025-11-06 09:13:00+00:00,33,57,5884693,64.1,64.11,64.08,64.1,106,BRN FMF0026!
2025-11-06 09:14:00+00:00,33,57,5884693,64.11,64.12,64.08,64.09,245,BRN FMF0026!
2025-11-06 09:15:00+00:00,33,57,5884693,64.08,64.08,64.04,64.05,139,BRN FMF0026!
2025-11-06 09:16:00+00:00,33,57,5884693,64.06,64.12,64.05,64.11,222,BRN FMF0026!
2025-11-06 09:17:00+00:00,33,57,5884693,64.1,64.12,64.1,64.12,71,BRN FMF0026!
2025-11-06 09:18:00+00:00,33,57,5884693,64.11,64.18,64.11,64.15,753,BRN FMF0026!
2025-11-06 09:19:00+00:00,33,57,5884693,64.15,64.18,64.15,64.17,155,BRN FMF0026!
2025-11-06 09:20:00+00:00,33,57,5884693,64.16,64.18,64.16,64.17,116,BRN FMF0026!
2025-11-06 09:21:00+00:00,33,57,5884693,64.16,64.17,64.14,64.16,170,BRN FMF0026!
2025-11-06 09:22:00+00:00,33,57,5884693,64.18,64.23,64.18,64.22,336,BRN FMF0026!
2025-11-06 09:23:00+00:00,33,57,5884693,64.21,64.23,64.19,64.2,288,BRN FMF0026!
2025-11-06 09:24:00+00:00,33,57,5884693,64.21,64.24,64.2,64.22,327,BRN FMF0026!
2025-11-06 09:25:00+00:00,33,57,5884693,64.22,64.26,64.2,64.24,336,BRN FMF0026!
2025-11-06 09:26:00+00:00,33,57,5884693,64.25,64.34,64.24,64.28,1253,BRN FMF0026!
2025-11-06 09:27:00+00:00,33,57,5884693,64.29,64.31,64.26,64.29,256,BRN FMF0026!
2025-11-06 09:28:00+00:00,33,57,5884693,64.3,64.3,64.27,64.27,331,BRN FMF0026!
2025-11-06 09:29:00+00:00,33,57,5884693,64.28,64.31,64.27,64.3,122,BRN FMF0026!
2025-11-06 09:30:00+00:00,33,57,5884693,64.31,64.33,64.31,64.32,208,BRN FMF0026!
2025-11-06 09:31:00+00:00,33,57,5884693,64.33,64.33,64.23,64.23,913,BRN FMF0026!
2025-11-06 09:32:00+00:00,33,57,5884693,64.24,64.24,64.22,64.23,223,BRN FMF0026!
2025-11-06 09:33:00+00:00,33,57,5884693,64.22,64.26,64.21,64.24,388,BRN FMF0026!
2025-11-06 09:34:00+00:00,33,57,5884693,64.24,64.25,64.22,64.22,261,BRN FMF0026!
2025-11-06 09:35:00+00:00,33,57,5884693,64.22,64.23,64.21,64.21,149,BRN FMF0026!
2025-11-06 09:36:00+00:00,33,57,5884693,64.21,64.22,64.2,64.2,64,BRN FMF0026!
2025-11-06 09:37:00+00:00,33,57,5884693,64.19,64.21,64.16,64.19,412,BRN FMF0026!
2025-11-06 09:38:00+00:00,33,57,5884693,64.19,64.22,64.17,64.18,868,BRN FMF0026!
2025-11-06 09:39:00+00:00,33,57,5884693,64.18,64.2,64.16,64.2,176,BRN FMF0026!
2025-11-06 09:40:00+00:00,33,57,5884693,64.19,64.21,64.19,64.19,109,BRN FMF0026!
2025-11-06 09:41:00+00:00,33,57,5884693,64.19,64.19,64.16,64.17,240,BRN FMF0026!
2025-11-06 09:42:00+00:00,33,57,5884693,64.17,64.17,64.15,64.16,200,BRN FMF0026!
2025-11-06 09:43:00+00:00,33,57,5884693,64.16,64.16,64.09,64.1,2525,BRN FMF0026!
2025-11-06 09:44:00+00:00,33,57,5884693,64.1,64.1,64.04,64.04,991,BRN FMF0026!
2025-11-06 09:45:00+00:00,33,57,5884693,64.04,64.06,64.01,64.05,626,BRN FMF0026!
2025-11-06 09:46:00+00:00,33,57,5884693,64.04,64.09,64.02,64.03,510,BRN FMF0026!
2025-11-06 09:47:00+00:00,33,57,5884693,64.01,64.01,63.96,63.99,419,BRN FMF0026!
2025-11-06 09:48:00+00:00,33,57,5884693,63.98,63.98,63.95,63.96,302,BRN FMF0026!
2025-11-06 09:49:00+00:00,33,57,5884693,63.95,63.97,63.94,63.95,446,BRN FMF0026!
2025-11-06 09:50:00+00:00,33,57,5884693,63.95,64.0,63.95,63.99,422,BRN FMF0026!
2025-11-06 09:51:00+00:00,33,57,5884693,63.98,63.98,63.97,63.98,85,BRN FMF0026!
2025-11-06 09:52:00+00:00,33,57,5884693,63.98,64.0,63.98,64.0,899,BRN FMF0026!
2025-11-06 09:53:00+00:00,33,57,5884693,64.0,64.0,63.97,63.97,197,BRN FMF0026!
2025-11-06 09:54:00+00:00,33,57,5884693,63.98,64.02,63.98,63.99,934,BRN FMF0026!
2025-11-06 09:55:00+00:00,33,57,5884693,63.99,63.99,63.95,63.96,295,BRN FMF0026!
2025-11-06 09:56:00+00:00,33,57,5884693,63.95,63.97,63.91,63.94,747,BRN FMF0026!
2025-11-06 09:57:00+00:00,33,57,5884693,63.95,63.96,63.91,63.94,315,BRN FMF0026!
2025-11-06 09:58:00+00:00,33,57,5884693,63.94,63.99,63.94,63.97,351,BRN FMF0026!
2025-11-06 09:59:00+00:00,33,57,5884693,63.96,64.01,63.96,64.01,255,BRN FMF0026!
2025-11-06 10:00:00+00:00,33,57,5884693,63.99,64.05,63.99,64.02,546,BRN FMF0026!
2025-11-06 10:01:00+00:00,33,57,5884693,64.02,64.02,64.0,64.01,269,BRN FMF0026!
2025-11-06 10:02:00+00:00,33,57,5884693,64.01,64.04,64.0,64.0,271,BRN FMF0026!
2025-11-06 10:03:00+00:00,33,57,5884693,64.01,64.04,64.0,64.01,423,BRN FMF0026!
2025-11-06 10:04:00+00:00,33,57,5884693,64.0,64.01,63.97,63.97,318,BRN FMF0026!
2025-11-06 10:05:00+00:00,33,57,5884693,63.98,63.98,63.95,63.97,112,BRN FMF0026!
2025-11-06 10:06:00+00:00,33,57,5884693,63.98,64.05,63.98,64.04,243,BRN FMF0026!
2025-11-06 10:07:00+00:00,33,57,5884693,64.05,64.05,64.02,64.02,380,BRN FMF0026!
2025-11-06 10:08:00+00:00,33,57,5884693,64.02,64.03,64.01,64.01,117,BRN FMF0026!
2025-11-06 10:09:00+00:00,33,57,5884693,64.01,64.02,63.99,64.01,201,BRN FMF0026!
2025-11-06 10:10:00+00:00,33,57,5884693,64.01,64.05,64.0,64.0,274,BRN FMF0026!
2025-11-06 10:11:00+00:00,33,57,5884693,64.01,64.02,63.98,63.98,163,BRN FMF0026!
2025-11-06 10:12:00+00:00,33,57,5884693,63.98,64.04,63.98,64.02,115,BRN FMF0026!
2025-11-06 10:13:00+00:00,33,57,5884693,64.03,64.03,63.97,63.97,176,BRN FMF0026!
2025-11-06 10:14:00+00:00,33,57,5884693,63.98,63.98,63.96,63.97,241,BRN FMF0026!
2025-11-06 10:15:00+00:00,33,57,5884693,63.97,64.0,63.97,63.98,292,BRN FMF0026!
2025-11-06 10:16:00+00:00,33,57,5884693,63.98,63.98,63.91,63.91,843,BRN FMF0026!
2025-11-06 10:17:00+00:00,33,57,5884693,63.91,63.93,63.91,63.92,260,BRN FMF0026!
2025-11-06 10:18:00+00:00,33,57,5884693,63.92,63.94,63.9,63.94,109,BRN FMF0026!
2025-11-06 10:19:00+00:00,33,57,5884693,63.94,63.96,63.94,63.94,129,BRN FMF0026!
2025-11-06 10:20:00+00:00,33,57,5884693,63.94,63.95,63.93,63.95,74,BRN FMF0026!
2025-11-06 10:21:00+00:00,33,57,5884693,63.94,64.0,63.93,63.98,375,BRN FMF0026!
2025-11-06 10:22:00+00:00,33,57,5884693,63.98,64.01,63.97,63.99,380,BRN FMF0026!
2025-11-06 10:23:00+00:00,33,57,5884693,64.0,64.0,63.96,63.98,360,BRN FMF0026!
2025-11-06 10:24:00+00:00,33,57,5884693,63.98,63.99,63.97,63.98,113,BRN FMF0026!
2025-11-06 10:25:00+00:00,33,57,5884693,63.97,63.98,63.95,63.95,138,BRN FMF0026!
2025-11-06 10:26:00+00:00,33,57,5884693,63.96,63.97,63.95,63.95,259,BRN FMF0026!
2025-11-06 10:27:00+00:00,33,57,5884693,63.95,63.95,63.93,63.94,237,BRN FMF0026!
2025-11-06 10:28:00+00:00,33,57,5884693,63.93,63.93,63.87,63.88,350,BRN FMF0026!
2025-11-06 10:29:00+00:00,33,57,5884693,63.87,63.9,63.85,63.89,373,BRN FMF0026!
2025-11-06 10:30:00+00:00,33,57,5884693,63.88,63.9,63.86,63.87,254,BRN FMF0026!
2025-11-06 10:31:00+00:00,33,57,5884693,63.87,63.87,63.85,63.86,407,BRN FMF0026!
2025-11-06 10:32:00+00:00,33,57,5884693,63.84,63.85,63.78,63.82,537,BRN FMF0026!
2025-11-06 10:33:00+00:00,33,57,5884693,63.82,63.88,63.82,63.87,227,BRN FMF0026!
2025-11-06 10:34:00+00:00,33,57,5884693,63.87,63.89,63.87,63.89,177,BRN FMF0026!
2025-11-06 10:35:00+00:00,33,57,5884693,63.88,63.9,63.87,63.89,262,BRN FMF0026!
2025-11-06 10:36:00+00:00,33,57,5884693,63.89,63.94,63.88,63.94,307,BRN FMF0026!
2025-11-06 10:37:00+00:00,33,57,5884693,63.94,63.99,63.94,63.97,440,BRN FMF0026!
2025-11-06 10:38:00+00:00,33,57,5884693,63.97,63.97,63.92,63.95,100,BRN FMF0026!
2025-11-06 10:39:00+00:00,33,57,5884693,63.96,63.99,63.96,63.97,231,BRN FMF0026!
2025-11-06 10:40:00+00:00,33,57,5884693,63.97,63.98,63.94,63.94,244,BRN FMF0026!
2025-11-06 10:41:00+00:00,33,57,5884693,63.95,64.0,63.95,63.98,361,BRN FMF0026!
2025-11-06 10:42:00+00:00,33,57,5884693,63.97,63.98,63.96,63.97,158,BRN FMF0026!
2025-11-06 10:43:00+00:00,33,57,5884693,63.98,64.02,63.97,64.01,323,BRN FMF0026!
2025-11-06 10:44:00+00:00,33,57,5884693,64.0,64.0,63.98,63.98,232,BRN FMF0026!
2025-11-06 10:45:00+00:00,33,57,5884693,63.98,64.01,63.97,64.01,284,BRN FMF0026!
2025-11-06 10:46:00+00:00,33,57,5884693,64.01,64.01,63.93,63.94,377,BRN FMF0026!
2025-11-06 10:47:00+00:00,33,57,5884693,63.95,63.98,63.94,63.95,205,BRN FMF0026!
2025-11-06 10:48:00+00:00,33,57,5884693,63.95,63.96,63.95,63.95,45,BRN FMF0026!
2025-11-06 10:49:00+00:00,33,57,5884693,63.95,63.98,63.94,63.96,149,BRN FMF0026!
2025-11-06 10:50:00+00:00,33,57,5884693,63.98,64.0,63.93,63.93,729,BRN FMF0026!
2025-11-06 10:51:00+00:00,33,57,5884693,63.93,63.93,63.9,63.91,147,BRN FMF0026!
2025-11-06 10:52:00+00:00,33,57,5884693,63.92,63.95,63.92,63.94,300,BRN FMF0026!
2025-11-06 10:53:00+00:00,33,57,5884693,63.94,63.95,63.93,63.95,65,BRN FMF0026!
2025-11-06 10:54:00+00:00,33,57,5884693,63.94,63.96,63.94,63.96,66,BRN FMF0026!
2025-11-06 10:55:00+00:00,33,57,5884693,63.97,63.99,63.97,63.98,167,BRN FMF0026!
2025-11-06 10:56:00+00:00,33,57,5884693,63.97,63.98,63.96,63.98,148,BRN FMF0026!
2025-11-06 10:57:00+00:00,33,57,5884693,63.98,64.02,63.98,64.01,151,BRN FMF0026!
2025-11-06 10:58:00+00:00,33,57,5884693,64.01,64.01,63.97,63.97,89,BRN FMF0026!
2025-11-06 10:59:00+00:00,33,57,5884693,63.97,64.01,63.97,64.01,241,BRN FMF0026!
2025-11-06 11:00:00+00:00,33,57,5884693,64.01,64.05,64.01,64.02,245,BRN FMF0026!
2025-11-06 11:01:00+00:00,33,57,5884693,64.02,64.03,64.0,64.0,79,BRN FMF0026!
2025-11-06 11:02:00+00:00,33,57,5884693,63.99,64.02,63.99,63.99,189,BRN FMF0026!
2025-11-06 11:03:00+00:00,33,57,5884693,63.99,64.01,63.98,63.98,204,BRN FMF0026!
2025-11-06 11:04:00+00:00,33,57,5884693,63.98,64.0,63.97,63.98,260,BRN FMF0026!
2025-11-06 11:05:00+00:00,33,57,5884693,63.97,63.99,63.96,63.97,110,BRN FMF0026!
2025-11-06 11:06:00+00:00,33,57,5884693,63.97,63.97,63.94,63.95,170,BRN FMF0026!
2025-11-06 11:07:00+00:00,33,57,5884693,63.95,63.97,63.91,63.91,174,BRN FMF0026!
2025-11-06 11:08:00+00:00,33,57,5884693,63.92,63.92,63.9,63.91,695,BRN FMF0026!
2025-11-06 11:09:00+00:00,33,57,5884693,63.92,63.92,63.89,63.89,174,BRN FMF0026!
2025-11-06 11:10:00+00:00,33,57,5884693,63.89,63.94,63.88,63.93,190,BRN FMF0026!
2025-11-06 11:11:00+00:00,33,57,5884693,63.94,63.94,63.92,63.93,50,BRN FMF0026!
2025-11-06 11:12:00+00:00,33,57,5884693,63.93,63.94,63.89,63.89,99,BRN FMF0026!
2025-11-06 11:13:00+00:00,33,57,5884693,63.89,63.95,63.89,63.93,663,BRN FMF0026!
2025-11-06 11:14:00+00:00,33,57,5884693,63.93,63.94,63.91,63.93,173,BRN FMF0026!
2025-11-06 11:15:00+00:00,33,57,5884693,63.93,63.95,63.92,63.93,151,BRN FMF0026!
2025-11-06 11:16:00+00:00,33,57,5884693,63.92,63.92,63.88,63.89,143,BRN FMF0026!
2025-11-06 11:17:00+00:00,33,57,5884693,63.87,63.89,63.87,63.88,79,BRN FMF0026!
2025-11-06 11:18:00+00:00,33,57,5884693,63.87,63.91,63.86,63.91,216,BRN FMF0026!
2025-11-06 11:19:00+00:00,33,57,5884693,63.91,63.91,63.87,63.87,219,BRN FMF0026!
2025-11-06 11:20:00+00:00,33,57,5884693,63.88,63.88,63.86,63.88,126,BRN FMF0026!
2025-11-06 11:21:00+00:00,33,57,5884693,63.88,63.92,63.88,63.92,196,BRN FMF0026!
2025-11-06 11:22:00+00:00,33,57,5884693,63.93,63.96,63.93,63.96,57,BRN FMF0026!
2025-11-06 11:23:00+00:00,33,57,5884693,63.96,63.98,63.95,63.96,44,BRN FMF0026!
2025-11-06 11:24:00+00:00,33,57,5884693,63.95,63.96,63.89,63.91,251,BRN FMF0026!
2025-11-06 11:25:00+00:00,33,57,5884693,63.9,63.92,63.89,63.89,122,BRN FMF0026!
2025-11-06 11:26:00+00:00,33,57,5884693,63.9,63.91,63.89,63.9,294,BRN FMF0026!
2025-11-06 11:27:00+00:00,33,57,5884693,63.89,63.9,63.88,63.89,172,BRN FMF0026!
2025-11-06 11:28:00+00:00,33,57,5884693,63.89,63.89,63.87,63.89,260,BRN FMF0026!
2025-11-06 11:29:00+00:00,33,57,5884693,63.89,63.92,63.89,63.91,185,BRN FMF0026!
2025-11-06 11:30:00+00:00,33,57,5884693,63.91,63.91,63.87,63.87,85,BRN FMF0026!
2025-11-06 11:31:00+00:00,33,57,5884693,63.86,63.91,63.86,63.91,157,BRN FMF0026!
2025-11-06 11:32:00+00:00,33,57,5884693,63.9,63.9,63.87,63.88,56,BRN FMF0026!
2025-11-06 11:33:00+00:00,33,57,5884693,63.88,63.88,63.82,63.82,240,BRN FMF0026!
2025-11-06 11:34:00+00:00,33,57,5884693,63.83,63.85,63.83,63.83,87,BRN FMF0026!
2025-11-06 11:35:00+00:00,33,57,5884693,63.83,63.86,63.83,63.85,181,BRN FMF0026!
2025-11-06 11:36:00+00:00,33,57,5884693,63.85,63.89,63.83,63.83,438,BRN FMF0026!
2025-11-06 11:37:00+00:00,33,57,5884693,63.82,63.83,63.78,63.81,653,BRN FMF0026!
2025-11-06 11:38:00+00:00,33,57,5884693,63.8,63.81,63.77,63.77,149,BRN FMF0026!
2025-11-06 11:39:00+00:00,33,57,5884693,63.77,63.8,63.77,63.8,123,BRN FMF0026!
2025-11-06 11:40:00+00:00,33,57,5884693,63.79,63.8,63.77,63.77,73,BRN FMF0026!
2025-11-06 11:41:00+00:00,33,57,5884693,63.78,63.79,63.75,63.75,97,BRN FMF0026!
2025-11-06 11:42:00+00:00,33,57,5884693,63.76,63.78,63.76,63.78,92,BRN FMF0026!
2025-11-06 11:43:00+00:00,33,57,5884693,63.79,63.82,63.78,63.81,138,BRN FMF0026!
2025-11-06 11:44:00+00:00,33,57,5884693,63.81,63.81,63.8,63.81,20,BRN FMF0026!
2025-11-06 11:45:00+00:00,33,57,5884693,63.8,63.83,63.79,63.81,163,BRN FMF0026!
2025-11-06 11:46:00+00:00,33,57,5884693,63.81,63.83,63.81,63.83,95,BRN FMF0026!
2025-11-06 11:47:00+00:00,33,57,5884693,63.83,63.84,63.82,63.83,272,BRN FMF0026!
2025-11-06 11:48:00+00:00,33,57,5884693,63.83,63.85,63.8,63.84,119,BRN FMF0026!
2025-11-06 11:49:00+00:00,33,57,5884693,63.84,63.86,63.82,63.82,453,BRN FMF0026!
2025-11-06 11:50:00+00:00,33,57,5884693,63.82,63.83,63.8,63.82,92,BRN FMF0026!
2025-11-06 11:51:00+00:00,33,57,5884693,63.81,63.82,63.81,63.81,98,BRN FMF0026!
2025-11-06 11:52:00+00:00,33,57,5884693,63.81,63.83,63.81,63.81,74,BRN FMF0026!
2025-11-06 11:53:00+00:00,33,57,5884693,63.8,63.82,63.8,63.82,42,BRN FMF0026!
2025-11-06 11:54:00+00:00,33,57,5884693,63.82,63.83,63.81,63.82,120,BRN FMF0026!
2025-11-06 11:55:00+00:00,33,57,5884693,63.82,63.84,63.81,63.82,81,BRN FMF0026!
2025-11-06 11:56:00+00:00,33,57,5884693,63.82,63.82,63.76,63.77,439,BRN FMF0026!
2025-11-06 11:57:00+00:00,33,57,5884693,63.76,63.78,63.76,63.78,120,BRN FMF0026!
2025-11-06 11:58:00+00:00,33,57,5884693,63.79,63.79,63.77,63.79,53,BRN FMF0026!
2025-11-06 11:59:00+00:00,33,57,5884693,63.79,63.8,63.78,63.78,33,BRN FMF0026!
2025-11-06 12:00:00+00:00,33,57,5884693,63.79,63.84,63.79,63.84,112,BRN FMF0026!
2025-11-06 12:01:00+00:00,33,57,5884693,63.83,63.87,63.83,63.87,83,BRN FMF0026!
2025-11-06 12:02:00+00:00,33,57,5884693,63.86,63.9,63.84,63.9,140,BRN FMF0026!
2025-11-06 12:03:00+00:00,33,57,5884693,63.9,63.94,63.9,63.94,384,BRN FMF0026!
2025-11-06 12:04:00+00:00,33,57,5884693,63.95,63.96,63.94,63.96,163,BRN FMF0026!
2025-11-06 12:05:00+00:00,33,57,5884693,63.97,63.99,63.96,63.98,188,BRN FMF0026!
2025-11-06 12:06:00+00:00,33,57,5884693,63.98,63.98,63.92,63.93,53,BRN FMF0026!
2025-11-06 12:07:00+00:00,33,57,5884693,63.93,63.94,63.88,63.91,443,BRN FMF0026!
2025-11-06 12:08:00+00:00,33,57,5884693,63.9,63.9,63.85,63.86,735,BRN FMF0026!
2025-11-06 12:09:00+00:00,33,57,5884693,63.87,63.89,63.87,63.87,147,BRN FMF0026!
2025-11-06 12:10:00+00:00,33,57,5884693,63.87,63.91,63.87,63.91,91,BRN FMF0026!
2025-11-06 12:11:00+00:00,33,57,5884693,63.91,63.92,63.87,63.88,137,BRN FMF0026!
2025-11-06 12:12:00+00:00,33,57,5884693,63.88,63.89,63.86,63.86,94,BRN FMF0026!
2025-11-06 12:13:00+00:00,33,57,5884693,63.87,63.87,63.84,63.84,74,BRN FMF0026!
2025-11-06 12:14:00+00:00,33,57,5884693,63.84,63.86,63.84,63.86,81,BRN FMF0026!
2025-11-06 12:15:00+00:00,33,57,5884693,63.85,63.85,63.82,63.82,125,BRN FMF0026!
2025-11-06 12:16:00+00:00,33,57,5884693,63.82,63.84,63.81,63.84,73,BRN FMF0026!
2025-11-06 12:17:00+00:00,33,57,5884693,63.84,63.88,63.84,63.88,83,BRN FMF0026!
2025-11-06 12:18:00+00:00,33,57,5884693,63.88,63.89,63.87,63.89,184,BRN FMF0026!
2025-11-06 12:19:00+00:00,33,57,5884693,63.88,63.88,63.83,63.86,2625,BRN FMF0026!
2025-11-06 12:20:00+00:00,33,57,5884693,63.86,63.86,63.8,63.84,731,BRN FMF0026!
2025-11-06 12:21:00+00:00,33,57,5884693,63.84,63.88,63.84,63.87,460,BRN FMF0026!
2025-11-06 12:22:00+00:00,33,57,5884693,63.86,63.88,63.86,63.86,166,BRN FMF0026!
2025-11-06 12:23:00+00:00,33,57,5884693,63.86,63.88,63.85,63.88,175,BRN FMF0026!
2025-11-06 12:24:00+00:00,33,57,5884693,63.88,63.91,63.88,63.89,97,BRN FMF0026!
2025-11-06 12:25:00+00:00,33,57,5884693,63.9,63.93,63.89,63.91,143,BRN FMF0026!
2025-11-06 12:26:00+00:00,33,57,5884693,63.92,63.93,63.89,63.89,115,BRN FMF0026!
2025-11-06 12:27:00+00:00,33,57,5884693,63.9,63.93,63.9,63.92,78,BRN FMF0026!
2025-11-06 12:28:00+00:00,33,57,5884693,63.91,63.91,63.87,63.88,101,BRN FMF0026!
2025-11-06 12:29:00+00:00,33,57,5884693,63.89,63.89,63.85,63.85,203,BRN FMF0026!
2025-11-06 12:30:00+00:00,33,57,5884693,63.86,63.87,63.82,63.86,144,BRN FMF0026!
2025-11-06 12:31:00+00:00,33,57,5884693,63.85,63.85,63.83,63.84,162,BRN FMF0026!
2025-11-06 12:32:00+00:00,33,57,5884693,63.84,63.9,63.84,63.9,128,BRN FMF0026!
2025-11-06 12:33:00+00:00,33,57,5884693,63.89,63.9,63.89,63.89,66,BRN FMF0026!
2025-11-06 12:34:00+00:00,33,57,5884693,63.89,63.92,63.89,63.91,129,BRN FMF0026!
2025-11-06 12:35:00+00:00,33,57,5884693,63.91,63.94,63.9,63.93,671,BRN FMF0026!
2025-11-06 12:36:00+00:00,33,57,5884693,63.95,63.97,63.95,63.97,244,BRN FMF0026!
2025-11-06 12:37:00+00:00,33,57,5884693,63.97,63.98,63.92,63.93,113,BRN FMF0026!
2025-11-06 12:38:00+00:00,33,57,5884693,63.94,63.95,63.91,63.94,229,BRN FMF0026!
2025-11-06 12:39:00+00:00,33,57,5884693,63.94,63.96,63.93,63.95,129,BRN FMF0026!
2025-11-06 12:40:00+00:00,33,57,5884693,63.95,63.97,63.94,63.96,252,BRN FMF0026!
2025-11-06 12:41:00+00:00,33,57,5884693,63.96,63.98,63.95,63.95,235,BRN FMF0026!
2025-11-06 12:42:00+00:00,33,57,5884693,63.95,63.96,63.94,63.96,49,BRN FMF0026!
2025-11-06 12:43:00+00:00,33,57,5884693,63.96,63.98,63.95,63.96,267,BRN FMF0026!
2025-11-06 12:44:00+00:00,33,57,5884693,63.96,63.96,63.94,63.95,252,BRN FMF0026!
2025-11-06 12:45:00+00:00,33,57,5884693,63.94,63.99,63.94,63.98,213,BRN FMF0026!
2025-11-06 12:46:00+00:00,33,57,5884693,63.98,63.98,63.97,63.98,52,BRN FMF0026!
2025-11-06 12:47:00+00:00,33,57,5884693,63.98,63.98,63.95,63.96,59,BRN FMF0026!
2025-11-06 12:48:00+00:00,33,57,5884693,63.97,64.0,63.96,63.97,795,BRN FMF0026!
2025-11-06 12:49:00+00:00,33,57,5884693,63.98,64.0,63.98,63.98,140,BRN FMF0026!
2025-11-06 12:50:00+00:00,33,57,5884693,63.99,64.0,63.98,64.0,116,BRN FMF0026!
2025-11-06 12:51:00+00:00,33,57,5884693,63.99,64.0,63.97,63.97,82,BRN FMF0026!
2025-11-06 12:52:00+00:00,33,57,5884693,63.96,63.98,63.96,63.98,360,BRN FMF0026!
2025-11-06 12:53:00+00:00,33,57,5884693,63.99,63.99,63.95,63.95,621,BRN FMF0026!
2025-11-06 12:54:00+00:00,33,57,5884693,63.95,63.97,63.94,63.97,288,BRN FMF0026!
2025-11-06 12:55:00+00:00,33,57,5884693,63.97,64.0,63.96,64.0,884,BRN FMF0026!
2025-11-06 12:56:00+00:00,33,57,5884693,63.99,64.02,63.99,64.01,265,BRN FMF0026!
2025-11-06 12:57:00+00:00,33,57,5884693,64.01,64.01,63.99,64.0,184,BRN FMF0026!
2025-11-06 12:58:00+00:00,33,57,5884693,64.01,64.03,63.97,63.97,218,BRN FMF0026!
2025-11-06 12:59:00+00:00,33,57,5884693,63.98,64.01,63.96,63.98,296,BRN FMF0026!
2025-11-06 13:00:00+00:00,33,57,5884693,63.98,64.02,63.96,63.96,408,BRN FMF0026!
2025-11-06 13:01:00+00:00,33,57,5884693,63.96,63.98,63.9,63.9,428,BRN FMF0026!
2025-11-06 13:02:00+00:00,33,57,5884693,63.89,63.9,63.88,63.89,304,BRN FMF0026!
2025-11-06 13:03:00+00:00,33,57,5884693,63.88,63.93,63.88,63.9,253,BRN FMF0026!
2025-11-06 13:04:00+00:00,33,57,5884693,63.91,63.93,63.87,63.87,180,BRN FMF0026!
2025-11-06 13:05:00+00:00,33,57,5884693,63.87,63.87,63.83,63.87,411,BRN FMF0026!
2025-11-06 13:06:00+00:00,33,57,5884693,63.86,63.89,63.84,63.88,839,BRN FMF0026!
2025-11-06 13:07:00+00:00,33,57,5884693,63.89,63.89,63.83,63.87,277,BRN FMF0026!
2025-11-06 13:08:00+00:00,33,57,5884693,63.87,63.89,63.86,63.86,180,BRN FMF0026!
2025-11-06 13:09:00+00:00,33,57,5884693,63.85,63.85,63.82,63.82,318,BRN FMF0026!
2025-11-06 13:10:00+00:00,33,57,5884693,63.83,63.85,63.82,63.82,255,BRN FMF0026!
2025-11-06 13:11:00+00:00,33,57,5884693,63.83,63.83,63.82,63.83,101,BRN FMF0026!
2025-11-06 13:12:00+00:00,33,57,5884693,63.81,63.84,63.81,63.83,157,BRN FMF0026!
2025-11-06 13:13:00+00:00,33,57,5884693,63.82,63.85,63.82,63.84,144,BRN FMF0026!
2025-11-06 13:14:00+00:00,33,57,5884693,63.84,63.9,63.84,63.87,942,BRN FMF0026!
2025-11-06 13:15:00+00:00,33,57,5884693,63.86,63.89,63.86,63.86,422,BRN FMF0026!
2025-11-06 13:16:00+00:00,33,57,5884693,63.87,63.9,63.87,63.9,1066,BRN FMF0026!
2025-11-06 13:17:00+00:00,33,57,5884693,63.9,63.92,63.88,63.9,172,BRN FMF0026!
2025-11-06 13:18:00+00:00,33,57,5884693,63.9,63.93,63.9,63.92,189,BRN FMF0026!
2025-11-06 13:19:00+00:00,33,57,5884693,63.91,63.94,63.9,63.9,388,BRN FMF0026!
2025-11-06 13:20:00+00:00,33,57,5884693,63.9,63.94,63.9,63.91,156,BRN FMF0026!
2025-11-06 13:21:00+00:00,33,57,5884693,63.91,63.91,63.88,63.89,271,BRN FMF0026!
2025-11-06 13:22:00+00:00,33,57,5884693,63.9,63.93,63.88,63.88,814,BRN FMF0026!
2025-11-06 13:23:00+00:00,33,57,5884693,63.88,63.91,63.87,63.9,166,BRN FMF0026!
2025-11-06 13:24:00+00:00,33,57,5884693,63.91,63.92,63.87,63.9,162,BRN FMF0026!
2025-11-06 13:25:00+00:00,33,57,5884693,63.9,63.94,63.88,63.93,479,BRN FMF0026!
2025-11-06 13:26:00+00:00,33,57,5884693,63.94,64.0,63.94,64.0,1895,BRN FMF0026!
2025-11-06 13:27:00+00:00,33,57,5884693,63.99,64.04,63.97,64.02,1324,BRN FMF0026!
2025-11-06 13:28:00+00:00,33,57,5884693,64.03,64.03,64.01,64.02,148,BRN FMF0026!
2025-11-06 13:29:00+00:00,33,57,5884693,64.01,64.02,63.98,64.01,317,BRN FMF0026!
2025-11-06 13:30:00+00:00,33,57,5884693,64.01,64.02,63.96,63.97,158,BRN FMF0026!
2025-11-06 13:31:00+00:00,33,57,5884693,63.96,63.96,63.91,63.94,2018,BRN FMF0026!
2025-11-06 13:32:00+00:00,33,57,5884693,63.94,63.95,63.91,63.92,503,BRN FMF0026!
2025-11-06 13:33:00+00:00,33,57,5884693,63.91,63.91,63.88,63.88,363,BRN FMF0026!
2025-11-06 13:34:00+00:00,33,57,5884693,63.89,63.92,63.89,63.91,78,BRN FMF0026!
2025-11-06 13:35:00+00:00,33,57,5884693,63.92,63.93,63.9,63.9,101,BRN FMF0026!
2025-11-06 13:36:00+00:00,33,57,5884693,63.91,63.93,63.9,63.92,179,BRN FMF0026!
2025-11-06 13:37:00+00:00,33,57,5884693,63.92,63.92,63.89,63.92,273,BRN FMF0026!
2025-11-06 13:38:00+00:00,33,57,5884693,63.92,63.92,63.91,63.92,73,BRN FMF0026!
2025-11-06 13:39:00+00:00,33,57,5884693,63.92,63.97,63.92,63.97,104,BRN FMF0026!
2025-11-06 13:40:00+00:00,33,57,5884693,63.96,63.97,63.91,63.92,197,BRN FMF0026!
2025-11-06 13:41:00+00:00,33,57,5884693,63.92,63.95,63.91,63.94,86,BRN FMF0026!
2025-11-06 13:42:00+00:00,33,57,5884693,63.94,63.94,63.91,63.94,128,BRN FMF0026!
2025-11-06 13:43:00+00:00,33,57,5884693,63.94,63.94,63.92,63.92,73,BRN FMF0026!
2025-11-06 13:44:00+00:00,33,57,5884693,63.92,63.95,63.91,63.94,114,BRN FMF0026!
2025-11-06 13:45:00+00:00,33,57,5884693,63.95,63.97,63.93,63.94,95,BRN FMF0026!
2025-11-06 13:46:00+00:00,33,57,5884693,63.94,63.96,63.94,63.96,44,BRN FMF0026!
2025-11-06 13:47:00+00:00,33,57,5884693,63.96,63.96,63.92,63.92,336,BRN FMF0026!
2025-11-06 13:48:00+00:00,33,57,5884693,63.91,63.91,63.87,63.87,123,BRN FMF0026!
2025-11-06 13:49:00+00:00,33,57,5884693,63.86,63.86,63.75,63.77,974,BRN FMF0026!
2025-11-06 13:50:00+00:00,33,57,5884693,63.76,63.76,63.69,63.72,2141,BRN FMF0026!
2025-11-06 13:51:00+00:00,33,57,5884693,63.71,63.74,63.7,63.71,443,BRN FMF0026!
2025-11-06 13:52:00+00:00,33,57,5884693,63.71,63.71,63.68,63.69,141,BRN FMF0026!
2025-11-06 13:53:00+00:00,33,57,5884693,63.7,63.71,63.65,63.69,435,BRN FMF0026!
2025-11-06 13:54:00+00:00,33,57,5884693,63.69,63.72,63.65,63.66,866,BRN FMF0026!
2025-11-06 13:55:00+00:00,33,57,5884693,63.66,63.67,63.6,63.67,1859,BRN FMF0026!
2025-11-06 13:56:00+00:00,33,57,5884693,63.67,63.7,63.65,63.65,727,BRN FMF0026!
2025-11-06 13:57:00+00:00,33,57,5884693,63.66,63.68,63.65,63.65,241,BRN FMF0026!
2025-11-06 13:58:00+00:00,33,57,5884693,63.63,63.67,63.63,63.67,506,BRN FMF0026!
2025-11-06 13:59:00+00:00,33,57,5884693,63.66,63.69,63.65,63.65,440,BRN FMF0026!
2025-11-06 14:00:00+00:00,33,57,5884693,63.66,63.75,63.6,63.6,1456,BRN FMF0026!
2025-11-06 14:01:00+00:00,33,57,5884693,63.6,63.65,63.58,63.58,1543,BRN FMF0026!
2025-11-06 14:02:00+00:00,33,57,5884693,63.58,63.64,63.56,63.6,575,BRN FMF0026!
2025-11-06 14:03:00+00:00,33,57,5884693,63.6,63.63,63.57,63.63,757,BRN FMF0026!
2025-11-06 14:04:00+00:00,33,57,5884693,63.63,63.63,63.58,63.62,301,BRN FMF0026!
2025-11-06 14:05:00+00:00,33,57,5884693,63.62,63.63,63.55,63.55,285,BRN FMF0026!
2025-11-06 14:06:00+00:00,33,57,5884693,63.55,63.56,63.51,63.56,1061,BRN FMF0026!
2025-11-06 14:07:00+00:00,33,57,5884693,63.56,63.61,63.56,63.56,465,BRN FMF0026!
2025-11-06 14:08:00+00:00,33,57,5884693,63.56,63.57,63.52,63.54,644,BRN FMF0026!
2025-11-06 14:09:00+00:00,33,57,5884693,63.53,63.56,63.52,63.53,874,BRN FMF0026!
2025-11-06 14:10:00+00:00,33,57,5884693,63.53,63.54,63.46,63.54,2942,BRN FMF0026!
2025-11-06 14:11:00+00:00,33,57,5884693,63.55,63.6,63.54,63.58,1393,BRN FMF0026!
2025-11-06 14:12:00+00:00,33,57,5884693,63.58,63.64,63.58,63.62,926,BRN FMF0026!
2025-11-06 14:13:00+00:00,33,57,5884693,63.62,63.64,63.59,63.61,348,BRN FMF0026!
2025-11-06 14:14:00+00:00,33,57,5884693,63.61,63.62,63.55,63.56,544,BRN FMF0026!
2025-11-06 14:15:00+00:00,33,57,5884693,63.56,63.57,63.54,63.54,363,BRN FMF0026!
2025-11-06 14:16:00+00:00,33,57,5884693,63.55,63.56,63.49,63.51,557,BRN FMF0026!
2025-11-06 14:17:00+00:00,33,57,5884693,63.51,63.53,63.46,63.46,796,BRN FMF0026!
2025-11-06 14:18:00+00:00,33,57,5884693,63.45,63.45,63.27,63.29,5075,BRN FMF0026!
2025-11-06 14:19:00+00:00,33,57,5884693,63.29,63.32,63.25,63.29,1801,BRN FMF0026!
2025-11-06 14:20:00+00:00,33,57,5884693,63.29,63.35,63.27,63.3,952,BRN FMF0026!
2025-11-06 14:21:00+00:00,33,57,5884693,63.3,63.33,63.23,63.33,2454,BRN FMF0026!
2025-11-06 14:22:00+00:00,33,57,5884693,63.33,63.35,63.24,63.26,964,BRN FMF0026!
2025-11-06 14:23:00+00:00,33,57,5884693,63.25,63.26,63.15,63.23,2798,BRN FMF0026!
2025-11-06 14:24:00+00:00,33,57,5884693,63.24,63.26,63.19,63.2,821,BRN FMF0026!
2025-11-06 14:25:00+00:00,33,57,5884693,63.2,63.24,63.19,63.22,560,BRN FMF0026!
2025-11-06 14:26:00+00:00,33,57,5884693,63.22,63.25,63.14,63.16,1937,BRN FMF0026!
2025-11-06 14:27:00+00:00,33,57,5884693,63.15,63.2,63.12,63.19,1253,BRN FMF0026!
2025-11-06 14:28:00+00:00,33,57,5884693,63.19,63.25,63.14,63.17,1109,BRN FMF0026!
2025-11-06 14:29:00+00:00,33,57,5884693,63.17,63.19,63.14,63.16,874,BRN FMF0026!
2025-11-06 14:30:00+00:00,33,57,5884693,63.17,63.2,63.12,63.13,1657,BRN FMF0026!
2025-11-06 14:31:00+00:00,33,57,5884693,63.14,63.18,63.13,63.15,686,BRN FMF0026!
2025-11-06 14:32:00+00:00,33,57,5884693,63.15,63.17,63.12,63.15,523,BRN FMF0026!
2025-11-06 14:33:00+00:00,33,57,5884693,63.15,63.19,63.13,63.14,753,BRN FMF0026!
2025-11-06 14:34:00+00:00,33,57,5884693,63.14,63.19,63.14,63.19,587,BRN FMF0026!
2025-11-06 14:35:00+00:00,33,57,5884693,63.18,63.19,63.14,63.15,491,BRN FMF0026!
2025-11-06 14:36:00+00:00,33,57,5884693,63.15,63.19,63.15,63.18,254,BRN FMF0026!
2025-11-06 14:37:00+00:00,33,57,5884693,63.19,63.32,63.19,63.31,1435,BRN FMF0026!
2025-11-06 14:38:00+00:00,33,57,5884693,63.31,63.35,63.31,63.33,969,BRN FMF0026!
2025-11-06 14:39:00+00:00,33,57,5884693,63.33,63.36,63.32,63.33,412,BRN FMF0026!
2025-11-06 14:40:00+00:00,33,57,5884693,63.34,63.35,63.28,63.28,512,BRN FMF0026!
2025-11-06 14:41:00+00:00,33,57,5884693,63.27,63.27,63.19,63.2,514,BRN FMF0026!
2025-11-06 14:42:00+00:00,33,57,5884693,63.2,63.23,63.16,63.2,669,BRN FMF0026!
2025-11-06 14:43:00+00:00,33,57,5884693,63.21,63.21,63.16,63.17,333,BRN FMF0026!
2025-11-06 14:44:00+00:00,33,57,5884693,63.17,63.19,63.13,63.15,557,BRN FMF0026!
2025-11-06 14:45:00+00:00,33,57,5884693,63.14,63.2,63.14,63.19,503,BRN FMF0026!
2025-11-06 14:46:00+00:00,33,57,5884693,63.19,63.22,63.18,63.22,708,BRN FMF0026!
2025-11-06 14:47:00+00:00,33,57,5884693,63.22,63.25,63.21,63.22,476,BRN FMF0026!
2025-11-06 14:48:00+00:00,33,57,5884693,63.22,63.26,63.22,63.23,568,BRN FMF0026!
2025-11-06 14:49:00+00:00,33,57,5884693,63.24,63.25,63.17,63.2,828,BRN FMF0026!
2025-11-06 14:50:00+00:00,33,57,5884693,63.2,63.21,63.13,63.14,1114,BRN FMF0026!
2025-11-06 14:51:00+00:00,33,57,5884693,63.14,63.17,63.08,63.1,1760,BRN FMF0026!
2025-11-06 14:52:00+00:00,33,57,5884693,63.12,63.14,63.07,63.09,821,BRN FMF0026!
2025-11-06 14:53:00+00:00,33,57,5884693,63.08,63.13,63.07,63.13,506,BRN FMF0026!
2025-11-06 14:54:00+00:00,33,57,5884693,63.14,63.16,63.09,63.1,1079,BRN FMF0026!
2025-11-06 14:55:00+00:00,33,57,5884693,63.1,63.13,63.09,63.12,461,BRN FMF0026!
2025-11-06 14:56:00+00:00,33,57,5884693,63.11,63.12,63.07,63.11,706,BRN FMF0026!
2025-11-06 14:57:00+00:00,33,57,5884693,63.11,63.18,63.11,63.18,373,BRN FMF0026!
2025-11-06 14:58:00+00:00,33,57,5884693,63.18,63.19,63.16,63.16,710,BRN FMF0026!
2025-11-06 14:59:00+00:00,33,57,5884693,63.15,63.15,63.08,63.09,310,BRN FMF0026!
2025-11-06 15:00:00+00:00,33,57,5884693,63.09,63.09,63.03,63.05,626,BRN FMF0026!
2025-11-06 15:01:00+00:00,33,57,5884693,63.05,63.06,62.96,62.99,2092,BRN FMF0026!
2025-11-06 15:02:00+00:00,33,57,5884693,62.99,62.99,62.93,62.98,937,BRN FMF0026!
2025-11-06 15:03:00+00:00,33,57,5884693,62.99,63.06,62.99,63.03,640,BRN FMF0026!
2025-11-06 15:04:00+00:00,33,57,5884693,63.04,63.04,62.98,62.99,657,BRN FMF0026!
2025-11-06 15:05:00+00:00,33,57,5884693,62.98,63.01,62.96,62.98,391,BRN FMF0026!
2025-11-06 15:06:00+00:00,33,57,5884693,62.98,63.08,62.98,63.08,1141,BRN FMF0026!
2025-11-06 15:07:00+00:00,33,57,5884693,63.08,63.15,63.05,63.1,1560,BRN FMF0026!
2025-11-06 15:08:00+00:00,33,57,5884693,63.09,63.12,63.04,63.05,517,BRN FMF0026!
2025-11-06 15:09:00+00:00,33,57,5884693,63.05,63.05,62.97,62.99,2102,BRN FMF0026!
2025-11-06 15:10:00+00:00,33,57,5884693,62.99,63.08,62.99,63.08,432,BRN FMF0026!
2025-11-06 15:11:00+00:00,33,57,5884693,63.08,63.17,63.08,63.13,722,BRN FMF0026!
2025-11-06 15:12:00+00:00,33,57,5884693,63.13,63.14,63.08,63.11,687,BRN FMF0026!
2025-11-06 15:13:00+00:00,33,57,5884693,63.1,63.12,63.05,63.06,699,BRN FMF0026!
2025-11-06 15:14:00+00:00,33,57,5884693,63.07,63.1,63.01,63.01,694,BRN FMF0026!
2025-11-06 15:15:00+00:00,33,57,5884693,63.02,63.1,62.98,63.04,864,BRN FMF0026!
2025-11-06 15:16:00+00:00,33,57,5884693,63.04,63.09,62.99,63.01,2628,BRN FMF0026!
2025-11-06 15:17:00+00:00,33,57,5884693,63.0,63.04,63.0,63.02,524,BRN FMF0026!
2025-11-06 15:18:00+00:00,33,57,5884693,63.01,63.05,63.0,63.05,481,BRN FMF0026!
2025-11-06 15:19:00+00:00,33,57,5884693,63.05,63.13,63.04,63.12,666,BRN FMF0026!
2025-11-06 15:20:00+00:00,33,57,5884693,63.11,63.17,63.1,63.17,590,BRN FMF0026!
2025-11-06 15:21:00+00:00,33,57,5884693,63.18,63.18,63.11,63.17,954,BRN FMF0026!
2025-11-06 15:22:00+00:00,33,57,5884693,63.16,63.17,63.14,63.16,154,BRN FMF0026!
2025-11-06 15:23:00+00:00,33,57,5884693,63.15,63.18,63.13,63.17,643,BRN FMF0026!
2025-11-06 15:24:00+00:00,33,57,5884693,63.17,63.19,63.14,63.15,373,BRN FMF0026!
2025-11-06 15:25:00+00:00,33,57,5884693,63.15,63.17,63.11,63.11,388,BRN FMF0026!
2025-11-06 15:26:00+00:00,33,57,5884693,63.11,63.12,63.08,63.08,751,BRN FMF0026!
2025-11-06 15:27:00+00:00,33,57,5884693,63.07,63.08,63.06,63.07,173,BRN FMF0026!
2025-11-06 15:28:00+00:00,33,57,5884693,63.07,63.08,63.03,63.06,219,BRN FMF0026!
2025-11-06 15:29:00+00:00,33,57,5884693,63.06,63.06,63.03,63.03,279,BRN FMF0026!
2025-11-06 15:30:00+00:00,33,57,5884693,63.03,63.03,62.99,62.99,314,BRN FMF0026!
2025-11-06 15:31:00+00:00,33,57,5884693,62.99,63.05,62.98,63.03,195,BRN FMF0026!
2025-11-06 15:32:00+00:00,33,57,5884693,63.02,63.04,62.99,63.0,528,BRN FMF0026!
2025-11-06 15:33:00+00:00,33,57,5884693,63.01,63.03,62.97,62.98,551,BRN FMF0026!
2025-11-06 15:34:00+00:00,33,57,5884693,62.98,62.99,62.95,62.99,529,BRN FMF0026!
2025-11-06 15:35:00+00:00,33,57,5884693,63.0,63.04,62.98,63.03,351,BRN FMF0026!
2025-11-06 15:36:00+00:00,33,57,5884693,63.03,63.03,62.99,62.99,224,BRN FMF0026!
2025-11-06 15:37:00+00:00,33,57,5884693,63.0,63.03,62.98,63.01,548,BRN FMF0026!
2025-11-06 15:38:00+00:00,33,57,5884693,63.0,63.03,63.0,63.02,296,BRN FMF0026!
2025-11-06 15:39:00+00:00,33,57,5884693,63.01,63.01,62.97,62.99,379,BRN FMF0026!
2025-11-06 15:40:00+00:00,33,57,5884693,62.99,63.01,62.96,62.97,249,BRN FMF0026!
2025-11-06 15:41:00+00:00,33,57,5884693,62.96,62.97,62.85,62.88,1923,BRN FMF0026!
2025-11-06 15:42:00+00:00,33,57,5884693,62.87,62.9,62.84,62.86,964,BRN FMF0026!
2025-11-06 15:43:00+00:00,33,57,5884693,62.86,62.96,62.86,62.91,769,BRN FMF0026!
2025-11-06 15:44:00+00:00,33,57,5884693,62.91,62.94,62.85,62.85,526,BRN FMF0026!
2025-11-06 15:45:00+00:00,33,57,5884693,62.85,62.92,62.84,62.92,766,BRN FMF0026!
2025-11-06 15:46:00+00:00,33,57,5884693,62.92,62.98,62.92,62.96,425,BRN FMF0026!
2025-11-06 15:47:00+00:00,33,57,5884693,62.96,62.96,62.93,62.94,277,BRN FMF0026!
2025-11-06 15:48:00+00:00,33,57,5884693,62.94,63.03,62.93,63.0,1485,BRN FMF0026!
2025-11-06 15:49:00+00:00,33,57,5884693,63.0,63.02,62.97,62.99,977,BRN FMF0026!
2025-11-06 15:50:00+00:00,33,57,5884693,62.99,63.04,62.95,62.95,1219,BRN FMF0026!
2025-11-06 15:51:00+00:00,33,57,5884693,62.94,62.98,62.94,62.96,270,BRN FMF0026!
2025-11-06 15:52:00+00:00,33,57,5884693,62.96,62.99,62.95,62.97,329,BRN FMF0026!
2025-11-06 15:53:00+00:00,33,57,5884693,62.98,63.02,62.97,62.99,455,BRN FMF0026!
2025-11-06 15:54:00+00:00,33,57,5884693,63.0,63.07,63.0,63.07,799,BRN FMF0026!
2025-11-06 15:55:00+00:00,33,57,5884693,63.06,63.12,63.04,63.1,1124,BRN FMF0026!
2025-11-06 15:56:00+00:00,33,57,5884693,63.09,63.1,63.06,63.09,249,BRN FMF0026!
2025-11-06 15:57:00+00:00,33,57,5884693,63.09,63.15,63.09,63.13,905,BRN FMF0026!
2025-11-06 15:58:00+00:00,33,57,5884693,63.13,63.18,63.13,63.14,632,BRN FMF0026!
2025-11-06 15:59:00+00:00,33,57,5884693,63.13,63.18,63.11,63.11,1622,BRN FMF0026!
2025-11-06 16:00:00+00:00,33,57,5884693,63.11,63.21,63.1,63.21,1862,BRN FMF0026!
2025-11-06 16:01:00+00:00,33,57,5884693,63.2,63.22,63.17,63.19,540,BRN FMF0026!
2025-11-06 16:02:00+00:00,33,57,5884693,63.2,63.24,63.2,63.23,657,BRN FMF0026!
2025-11-06 16:03:00+00:00,33,57,5884693,63.23,63.25,63.19,63.19,660,BRN FMF0026!
2025-11-06 16:04:00+00:00,33,57,5884693,63.19,63.23,63.18,63.18,1067,BRN FMF0026!
2025-11-06 16:05:00+00:00,33,57,5884693,63.17,63.19,63.17,63.17,446,BRN FMF0026!
2025-11-06 16:06:00+00:00,33,57,5884693,63.18,63.21,63.17,63.18,696,BRN FMF0026!
2025-11-06 16:07:00+00:00,33,57,5884693,63.18,63.2,63.16,63.17,405,BRN FMF0026!
2025-11-06 16:08:00+00:00,33,57,5884693,63.18,63.24,63.16,63.24,1104,BRN FMF0026!
2025-11-06 16:09:00+00:00,33,57,5884693,63.23,63.3,63.22,63.28,1244,BRN FMF0026!
2025-11-06 16:10:00+00:00,33,57,5884693,63.27,63.29,63.22,63.22,694,BRN FMF0026!
2025-11-06 16:11:00+00:00,33,57,5884693,63.21,63.24,63.2,63.24,948,BRN FMF0026!
2025-11-06 16:12:00+00:00,33,57,5884693,63.24,63.28,63.22,63.24,531,BRN FMF0026!
2025-11-06 16:13:00+00:00,33,57,5884693,63.25,63.35,63.25,63.33,1359,BRN FMF0026!
2025-11-06 16:14:00+00:00,33,57,5884693,63.33,63.34,63.3,63.32,791,BRN FMF0026!
2025-11-06 16:15:00+00:00,33,57,5884693,63.33,63.33,63.26,63.28,813,BRN FMF0026!
2025-11-06 16:16:00+00:00,33,57,5884693,63.28,63.31,63.24,63.25,1419,BRN FMF0026!
2025-11-06 16:17:00+00:00,33,57,5884693,63.25,63.32,63.24,63.3,577,BRN FMF0026!
2025-11-06 16:18:00+00:00,33,57,5884693,63.3,63.31,63.27,63.28,525,BRN FMF0026!
2025-11-06 16:19:00+00:00,33,57,5884693,63.28,63.3,63.26,63.28,443,BRN FMF0026!
2025-11-06 16:20:00+00:00,33,57,5884693,63.28,63.33,63.28,63.33,257,BRN FMF0026!
2025-11-06 16:21:00+00:00,33,57,5884693,63.32,63.32,63.28,63.29,736,BRN FMF0026!
2025-11-06 16:22:00+00:00,33,57,5884693,63.28,63.3,63.25,63.3,698,BRN FMF0026!
2025-11-06 16:23:00+00:00,33,57,5884693,63.3,63.32,63.27,63.29,390,BRN FMF0026!
2025-11-06 16:24:00+00:00,33,57,5884693,63.28,63.31,63.27,63.28,1223,BRN FMF0026!
2025-11-06 16:25:00+00:00,33,57,5884693,63.28,63.28,63.22,63.25,950,BRN FMF0026!
2025-11-06 16:26:00+00:00,33,57,5884693,63.24,63.26,63.21,63.25,304,BRN FMF0026!
2025-11-06 16:27:00+00:00,33,57,5884693,63.25,63.27,63.21,63.25,462,BRN FMF0026!
2025-11-06 16:28:00+00:00,33,57,5884693,63.24,63.31,63.24,63.3,1010,BRN FMF0026!
2025-11-06 16:29:00+00:00,33,57,5884693,63.3,63.41,63.29,63.37,3938,BRN FMF0026!
2025-11-06 16:30:00+00:00,33,57,5884693,63.37,63.42,63.29,63.29,2486,BRN FMF0026!
2025-11-06 16:31:00+00:00,33,57,5884693,63.28,63.29,63.21,63.24,1449,BRN FMF0026!
2025-11-06 16:32:00+00:00,33,57,5884693,63.23,63.24,63.15,63.19,974,BRN FMF0026!
2025-11-06 16:33:00+00:00,33,57,5884693,63.19,63.19,63.1,63.11,1742,BRN FMF0026!
2025-11-06 16:34:00+00:00,33,57,5884693,63.12,63.18,63.11,63.12,638,BRN FMF0026!
2025-11-06 16:35:00+00:00,33,57,5884693,63.11,63.11,63.03,63.05,474,BRN FMF0026!
2025-11-06 16:36:00+00:00,33,57,5884693,63.05,63.05,63.0,63.02,1958,BRN FMF0026!
2025-11-06 16:37:00+00:00,33,57,5884693,63.02,63.08,63.02,63.06,618,BRN FMF0026!
2025-11-06 16:38:00+00:00,33,57,5884693,63.07,63.17,63.07,63.12,1355,BRN FMF0026!
2025-11-06 16:39:00+00:00,33,57,5884693,63.11,63.12,63.07,63.09,519,BRN FMF0026!
2025-11-06 16:40:00+00:00,33,57,5884693,63.08,63.09,63.03,63.07,301,BRN FMF0026!
2025-11-06 16:41:00+00:00,33,57,5884693,63.08,63.09,63.05,63.09,1148,BRN FMF0026!
2025-11-06 16:42:00+00:00,33,57,5884693,63.09,63.12,63.09,63.09,350,BRN FMF0026!
2025-11-06 16:43:00+00:00,33,57,5884693,63.09,63.09,63.03,63.05,401,BRN FMF0026!
2025-11-06 16:44:00+00:00,33,57,5884693,63.05,63.05,63.03,63.04,471,BRN FMF0026!
2025-11-06 16:45:00+00:00,33,57,5884693,63.04,63.08,63.03,63.04,226,BRN FMF0026!
2025-11-06 16:46:00+00:00,33,57,5884693,63.05,63.08,63.04,63.07,86,BRN FMF0026!
2025-11-06 16:47:00+00:00,33,57,5884693,63.07,63.07,63.02,63.03,269,BRN FMF0026!
2025-11-06 16:48:00+00:00,33,57,5884693,63.03,63.04,62.98,62.99,610,BRN FMF0026!
2025-11-06 16:49:00+00:00,33,57,5884693,62.99,63.03,62.99,63.01,434,BRN FMF0026!
2025-11-06 16:50:00+00:00,33,57,5884693,63.0,63.02,62.94,62.95,1867,BRN FMF0026!
2025-11-06 16:51:00+00:00,33,57,5884693,62.95,62.97,62.95,62.97,617,BRN FMF0026!
2025-11-06 16:52:00+00:00,33,57,5884693,62.98,62.99,62.95,62.99,346,BRN FMF0026!
2025-11-06 16:53:00+00:00,33,57,5884693,63.0,63.03,63.0,63.0,473,BRN FMF0026!
2025-11-06 16:54:00+00:00,33,57,5884693,63.01,63.07,63.01,63.06,2574,BRN FMF0026!
2025-11-06 16:55:00+00:00,33,57,5884693,63.06,63.08,63.03,63.03,560,BRN FMF0026!
2025-11-06 16:56:00+00:00,33,57,5884693,63.03,63.03,62.96,62.96,401,BRN FMF0026!
2025-11-06 16:57:00+00:00,33,57,5884693,62.96,63.0,62.96,62.99,377,BRN FMF0026!
2025-11-06 16:58:00+00:00,33,57,5884693,63.0,63.03,62.98,63.0,340,BRN FMF0026!
2025-11-06 16:59:00+00:00,33,57,5884693,63.01,63.01,62.96,62.98,451,BRN FMF0026!
2025-11-06 17:00:00+00:00,33,57,5884693,62.98,63.05,62.98,63.02,752,BRN FMF0026!
2025-11-06 17:01:00+00:00,33,57,5884693,63.02,63.04,62.99,63.0,480,BRN FMF0026!
2025-11-06 17:02:00+00:00,33,57,5884693,63.01,63.04,62.99,63.03,458,BRN FMF0026!
2025-11-06 17:03:00+00:00,33,57,5884693,63.03,63.05,63.0,63.01,859,BRN FMF0026!
2025-11-06 17:04:00+00:00,33,57,5884693,63.02,63.04,63.02,63.03,282,BRN FMF0026!
2025-11-06 17:05:00+00:00,33,57,5884693,63.04,63.07,63.0,63.06,875,BRN FMF0026!
2025-11-06 17:06:00+00:00,33,57,5884693,63.07,63.07,63.05,63.07,235,BRN FMF0026!
2025-11-06 17:07:00+00:00,33,57,5884693,63.07,63.09,63.04,63.05,282,BRN FMF0026!
2025-11-06 17:08:00+00:00,33,57,5884693,63.05,63.06,63.01,63.03,201,BRN FMF0026!
2025-11-06 17:09:00+00:00,33,57,5884693,63.03,63.04,63.02,63.04,184,BRN FMF0026!
2025-11-06 17:10:00+00:00,33,57,5884693,63.04,63.04,62.98,62.98,204,BRN FMF0026!
2025-11-06 17:11:00+00:00,33,57,5884693,62.98,63.01,62.98,63.0,111,BRN FMF0026!
2025-11-06 17:12:00+00:00,33,57,5884693,63.0,63.0,62.96,62.98,98,BRN FMF0026!
2025-11-06 17:13:00+00:00,33,57,5884693,62.97,62.98,62.95,62.97,238,BRN FMF0026!
2025-11-06 17:14:00+00:00,33,57,5884693,62.97,62.97,62.95,62.95,194,BRN FMF0026!
2025-11-06 17:15:00+00:00,33,57,5884693,62.94,62.99,62.93,62.99,234,BRN FMF0026!
2025-11-06 17:16:00+00:00,33,57,5884693,62.99,62.99,62.94,62.94,159,BRN FMF0026!
2025-11-06 17:17:00+00:00,33,57,5884693,62.94,63.0,62.94,62.99,149,BRN FMF0026!
2025-11-06 17:18:00+00:00,33,57,5884693,62.99,63.0,62.97,62.97,78,BRN FMF0026!
2025-11-06 17:19:00+00:00,33,57,5884693,62.97,63.0,62.96,62.99,162,BRN FMF0026!
2025-11-06 17:20:00+00:00,33,57,5884693,62.99,63.0,62.97,62.99,785,BRN FMF0026!
2025-11-06 17:21:00+00:00,33,57,5884693,62.99,63.0,62.95,62.97,553,BRN FMF0026!
2025-11-06 17:22:00+00:00,33,57,5884693,62.97,62.98,62.96,62.96,238,BRN FMF0026!
2025-11-06 17:23:00+00:00,33,57,5884693,62.96,62.98,62.94,62.94,124,BRN FMF0026!
2025-11-06 17:24:00+00:00,33,57,5884693,62.94,62.97,62.93,62.96,384,BRN FMF0026!
2025-11-06 17:25:00+00:00,33,57,5884693,62.95,62.97,62.93,62.94,365,BRN FMF0026!
2025-11-06 17:26:00+00:00,33,57,5884693,62.93,62.97,62.92,62.92,77,BRN FMF0026!
2025-11-06 17:27:00+00:00,33,57,5884693,62.93,62.94,62.92,62.93,101,BRN FMF0026!
2025-11-06 17:28:00+00:00,33,57,5884693,62.94,62.97,62.94,62.97,100,BRN FMF0026!
2025-11-06 17:29:00+00:00,33,57,5884693,62.97,63.01,62.97,62.99,233,BRN FMF0026!
2025-11-06 17:30:00+00:00,33,57,5884693,62.99,63.02,62.97,62.97,552,BRN FMF0026!
2025-11-06 17:31:00+00:00,33,57,5884693,62.98,63.01,62.97,63.01,872,BRN FMF0026!
2025-11-06 17:32:00+00:00,33,57,5884693,63.02,63.05,63.02,63.04,278,BRN FMF0026!
2025-11-06 17:33:00+00:00,33,57,5884693,63.04,63.06,63.04,63.05,116,BRN FMF0026!
2025-11-06 17:34:00+00:00,33,57,5884693,63.05,63.06,63.0,63.0,93,BRN FMF0026!
2025-11-06 17:35:00+00:00,33,57,5884693,63.01,63.05,63.01,63.03,455,BRN FMF0026!
2025-11-06 17:36:00+00:00,33,57,5884693,63.04,63.05,63.01,63.04,195,BRN FMF0026!
2025-11-06 17:37:00+00:00,33,57,5884693,63.05,63.06,63.0,63.0,100,BRN FMF0026!
2025-11-06 17:38:00+00:00,33,57,5884693,63.0,63.04,63.0,63.03,277,BRN FMF0026!
2025-11-06 17:39:00+00:00,33,57,5884693,63.03,63.07,63.03,63.05,413,BRN FMF0026!
2025-11-06 17:40:00+00:00,33,57,5884693,63.05,63.07,63.04,63.06,188,BRN FMF0026!
2025-11-06 17:41:00+00:00,33,57,5884693,63.06,63.1,63.06,63.07,395,BRN FMF0026!
2025-11-06 17:42:00+00:00,33,57,5884693,63.08,63.08,63.05,63.06,237,BRN FMF0026!
2025-11-06 17:43:00+00:00,33,57,5884693,63.07,63.08,63.06,63.07,196,BRN FMF0026!
2025-11-06 17:44:00+00:00,33,57,5884693,63.07,63.09,63.07,63.08,706,BRN FMF0026!
2025-11-06 17:45:00+00:00,33,57,5884693,63.08,63.1,63.07,63.09,214,BRN FMF0026!
2025-11-06 17:46:00+00:00,33,57,5884693,63.09,63.12,63.07,63.1,459,BRN FMF0026!
2025-11-06 17:47:00+00:00,33,57,5884693,63.1,63.12,63.1,63.11,200,BRN FMF0026!
2025-11-06 17:48:00+00:00,33,57,5884693,63.11,63.12,63.11,63.12,144,BRN FMF0026!
2025-11-06 17:49:00+00:00,33,57,5884693,63.12,63.12,63.12,63.12,96,BRN FMF0026!
2025-11-06 17:50:00+00:00,33,57,5884693,63.12,63.13,63.11,63.11,118,BRN FMF0026!
2025-11-06 17:51:00+00:00,33,57,5884693,63.11,63.12,63.09,63.09,127,BRN FMF0026!
2025-11-06 17:52:00+00:00,33,57,5884693,63.09,63.14,63.09,63.14,261,BRN FMF0026!
2025-11-06 17:53:00+00:00,33,57,5884693,63.13,63.19,63.13,63.16,591,BRN FMF0026!
2025-11-06 17:54:00+00:00,33,57,5884693,63.17,63.19,63.15,63.19,98,BRN FMF0026!
2025-11-06 17:55:00+00:00,33,57,5884693,63.19,63.23,63.18,63.21,266,BRN FMF0026!
2025-11-06 17:56:00+00:00,33,57,5884693,63.21,63.25,63.2,63.25,353,BRN FMF0026!
2025-11-06 17:57:00+00:00,33,57,5884693,63.24,63.25,63.22,63.22,234,BRN FMF0026!
2025-11-06 17:58:00+00:00,33,57,5884693,63.23,63.25,63.22,63.23,197,BRN FMF0026!
2025-11-06 17:59:00+00:00,33,57,5884693,63.24,63.27,63.22,63.23,492,BRN FMF0026!
2025-11-06 18:00:00+00:00,33,57,5884693,63.24,63.28,63.24,63.28,239,BRN FMF0026!
2025-11-06 18:01:00+00:00,33,57,5884693,63.28,63.31,63.28,63.28,383,BRN FMF0026!
2025-11-06 18:02:00+00:00,33,57,5884693,63.28,63.29,63.26,63.27,214,BRN FMF0026!
2025-11-06 18:03:00+00:00,33,57,5884693,63.28,63.3,63.26,63.3,250,BRN FMF0026!
2025-11-06 18:04:00+00:00,33,57,5884693,63.3,63.3,63.27,63.27,81,BRN FMF0026!
2025-11-06 18:05:00+00:00,33,57,5884693,63.27,63.27,63.21,63.21,223,BRN FMF0026!
2025-11-06 18:06:00+00:00,33,57,5884693,63.2,63.2,63.14,63.15,486,BRN FMF0026!
2025-11-06 18:07:00+00:00,33,57,5884693,63.15,63.16,63.15,63.16,113,BRN FMF0026!
2025-11-06 18:08:00+00:00,33,57,5884693,63.16,63.17,63.15,63.16,318,BRN FMF0026!
2025-11-06 18:09:00+00:00,33,57,5884693,63.16,63.17,63.15,63.15,71,BRN FMF0026!
2025-11-06 18:10:00+00:00,33,57,5884693,63.15,63.15,63.1,63.11,278,BRN FMF0026!
2025-11-06 18:11:00+00:00,33,57,5884693,63.1,63.12,63.1,63.11,93,BRN FMF0026!
2025-11-06 18:12:00+00:00,33,57,5884693,63.11,63.11,63.08,63.08,126,BRN FMF0026!
2025-11-06 18:13:00+00:00,33,57,5884693,63.08,63.11,63.07,63.09,92,BRN FMF0026!
2025-11-06 18:14:00+00:00,33,57,5884693,63.09,63.1,63.04,63.04,368,BRN FMF0026!
2025-11-06 18:15:00+00:00,33,57,5884693,63.03,63.06,63.03,63.05,45,BRN FMF0026!
2025-11-06 18:16:00+00:00,33,57,5884693,63.05,63.06,63.03,63.06,119,BRN FMF0026!
2025-11-06 18:17:00+00:00,33,57,5884693,63.06,63.06,63.02,63.02,143,BRN FMF0026!
2025-11-06 18:18:00+00:00,33,57,5884693,63.02,63.04,63.02,63.04,141,BRN FMF0026!
2025-11-06 18:19:00+00:00,33,57,5884693,63.04,63.05,63.03,63.03,221,BRN FMF0026!
2025-11-06 18:20:00+00:00,33,57,5884693,63.02,63.05,63.02,63.04,254,BRN FMF0026!
2025-11-06 18:21:00+00:00,33,57,5884693,63.04,63.05,63.03,63.05,96,BRN FMF0026!
2025-11-06 18:22:00+00:00,33,57,5884693,63.04,63.05,63.04,63.05,59,BRN FMF0026!
2025-11-06 18:23:00+00:00,33,57,5884693,63.05,63.09,63.05,63.09,137,BRN FMF0026!
2025-11-06 18:24:00+00:00,33,57,5884693,63.08,63.12,63.07,63.11,99,BRN FMF0026!
2025-11-06 18:25:00+00:00,33,57,5884693,63.12,63.15,63.12,63.15,158,BRN FMF0026!
2025-11-06 18:26:00+00:00,33,57,5884693,63.13,63.14,63.1,63.14,684,BRN FMF0026!
2025-11-06 18:27:00+00:00,33,57,5884693,63.14,63.23,63.14,63.16,4425,BRN FMF0026!
2025-11-06 18:28:00+00:00,33,57,5884693,63.15,63.17,63.14,63.16,540,BRN FMF0026!
2025-11-06 18:29:00+00:00,33,57,5884693,63.17,63.17,63.14,63.16,134,BRN FMF0026!
2025-11-06 18:30:00+00:00,33,57,5884693,63.17,63.22,63.17,63.22,1170,BRN FMF0026!
2025-11-06 18:31:00+00:00,33,57,5884693,63.22,63.25,63.22,63.24,131,BRN FMF0026!
2025-11-06 18:32:00+00:00,33,57,5884693,63.23,63.25,63.22,63.23,137,BRN FMF0026!
2025-11-06 18:33:00+00:00,33,57,5884693,63.23,63.24,63.22,63.23,498,BRN FMF0026!
2025-11-06 18:34:00+00:00,33,57,5884693,63.24,63.26,63.24,63.26,113,BRN FMF0026!
2025-11-06 18:35:00+00:00,33,57,5884693,63.27,63.3,63.25,63.29,414,BRN FMF0026!
2025-11-06 18:36:00+00:00,33,57,5884693,63.29,63.3,63.24,63.26,408,BRN FMF0026!
2025-11-06 18:37:00+00:00,33,57,5884693,63.26,63.29,63.26,63.28,118,BRN FMF0026!
2025-11-06 18:38:00+00:00,33,57,5884693,63.28,63.29,63.28,63.28,55,BRN FMF0026!
2025-11-06 18:39:00+00:00,33,57,5884693,63.27,63.31,63.27,63.3,187,BRN FMF0026!
2025-11-06 18:40:00+00:00,33,57,5884693,63.31,63.36,63.31,63.34,3209,BRN FMF0026!
2025-11-06 18:41:00+00:00,33,57,5884693,63.34,63.37,63.33,63.37,144,BRN FMF0026!
2025-11-06 18:42:00+00:00,33,57,5884693,63.36,63.37,63.33,63.35,278,BRN FMF0026!
2025-11-06 18:43:00+00:00,33,57,5884693,63.34,63.35,63.32,63.35,158,BRN FMF0026!
2025-11-06 18:44:00+00:00,33,57,5884693,63.35,63.35,63.32,63.32,623,BRN FMF0026!
2025-11-06 18:45:00+00:00,33,57,5884693,63.33,63.35,63.33,63.34,204,BRN FMF0026!
2025-11-06 18:46:00+00:00,33,57,5884693,63.34,63.34,63.3,63.33,224,BRN FMF0026!
2025-11-06 18:47:00+00:00,33,57,5884693,63.32,63.33,63.28,63.3,1755,BRN FMF0026!
2025-11-06 18:48:00+00:00,33,57,5884693,63.3,63.38,63.3,63.37,1469,BRN FMF0026!
2025-11-06 18:49:00+00:00,33,57,5884693,63.38,63.38,63.35,63.37,141,BRN FMF0026!
2025-11-06 18:50:00+00:00,33,57,5884693,63.37,63.38,63.35,63.35,152,BRN FMF0026!
2025-11-06 18:51:00+00:00,33,57,5884693,63.35,63.35,63.32,63.33,109,BRN FMF0026!
2025-11-06 18:52:00+00:00,33,57,5884693,63.33,63.35,63.33,63.33,158,BRN FMF0026!
2025-11-06 18:53:00+00:00,33,57,5884693,63.33,63.34,63.31,63.31,101,BRN FMF0026!
2025-11-06 18:54:00+00:00,33,57,5884693,63.32,63.33,63.31,63.33,118,BRN FMF0026!
2025-11-06 18:55:00+00:00,33,57,5884693,63.33,63.34,63.33,63.33,79,BRN FMF0026!
2025-11-06 18:56:00+00:00,33,57,5884693,63.33,63.33,63.29,63.3,2074,BRN FMF0026!
2025-11-06 18:57:00+00:00,33,57,5884693,63.31,63.31,63.26,63.26,525,BRN FMF0026!
2025-11-06 18:58:00+00:00,33,57,5884693,63.27,63.29,63.26,63.27,265,BRN FMF0026!
2025-11-06 18:59:00+00:00,33,57,5884693,63.27,63.27,63.26,63.27,221,BRN FMF0026!
2025-11-06 19:00:00+00:00,33,57,5884693,63.28,63.28,63.23,63.25,960,BRN FMF0026!
2025-11-06 19:01:00+00:00,33,57,5884693,63.25,63.3,63.25,63.3,227,BRN FMF0026!
2025-11-06 19:02:00+00:00,33,57,5884693,63.3,63.31,63.29,63.3,129,BRN FMF0026!
2025-11-06 19:03:00+00:00,33,57,5884693,63.3,63.33,63.29,63.33,121,BRN FMF0026!
2025-11-06 19:04:00+00:00,33,57,5884693,63.33,63.34,63.31,63.31,576,BRN FMF0026!
2025-11-06 19:05:00+00:00,33,57,5884693,63.31,63.33,63.31,63.31,97,BRN FMF0026!
2025-11-06 19:06:00+00:00,33,57,5884693,63.32,63.34,63.32,63.33,159,BRN FMF0026!
2025-11-06 19:07:00+00:00,33,57,5884693,63.34,63.35,63.29,63.29,438,BRN FMF0026!
2025-11-06 19:08:00+00:00,33,57,5884693,63.29,63.3,63.27,63.27,169,BRN FMF0026!
2025-11-06 19:09:00+00:00,33,57,5884693,63.27,63.28,63.25,63.25,295,BRN FMF0026!
2025-11-06 19:10:00+00:00,33,57,5884693,63.25,63.27,63.25,63.27,196,BRN FMF0026!
2025-11-06 19:11:00+00:00,33,57,5884693,63.27,63.28,63.25,63.26,161,BRN FMF0026!
2025-11-06 19:12:00+00:00,33,57,5884693,63.26,63.28,63.26,63.26,139,BRN FMF0026!
2025-11-06 19:13:00+00:00,33,57,5884693,63.25,63.26,63.25,63.26,109,BRN FMF0026!
2025-11-06 19:14:00+00:00,33,57,5884693,63.26,63.27,63.25,63.25,241,BRN FMF0026!
2025-11-06 19:15:00+00:00,33,57,5884693,63.26,63.28,63.26,63.28,219,BRN FMF0026!
2025-11-06 19:16:00+00:00,33,57,5884693,63.28,63.33,63.27,63.32,442,BRN FMF0026!
2025-11-06 19:17:00+00:00,33,57,5884693,63.32,63.33,63.31,63.32,229,BRN FMF0026!
2025-11-06 19:18:00+00:00,33,57,5884693,63.31,63.34,63.29,63.32,238,BRN FMF0026!
2025-11-06 19:19:00+00:00,33,57,5884693,63.32,63.35,63.3,63.35,266,BRN FMF0026!
2025-11-06 19:20:00+00:00,33,57,5884693,63.35,63.35,63.31,63.32,160,BRN FMF0026!
2025-11-06 19:21:00+00:00,33,57,5884693,63.33,63.36,63.32,63.36,343,BRN FMF0026!
2025-11-06 19:22:00+00:00,33,57,5884693,63.36,63.38,63.35,63.36,550,BRN FMF0026!
2025-11-06 19:23:00+00:00,33,57,5884693,63.36,63.37,63.34,63.37,243,BRN FMF0026!
2025-11-06 19:24:00+00:00,33,57,5884693,63.37,63.38,63.36,63.36,239,BRN FMF0026!
2025-11-06 19:25:00+00:00,33,57,5884693,63.35,63.41,63.34,63.4,3176,BRN FMF0026!
2025-11-06 19:26:00+00:00,33,57,5884693,63.39,63.39,63.36,63.38,602,BRN FMF0026!
2025-11-06 19:27:00+00:00,33,57,5884693,63.39,63.41,63.36,63.36,637,BRN FMF0026!
2025-11-06 19:28:00+00:00,33,57,5884693,63.37,63.41,63.36,63.37,3029,BRN FMF0026!
2025-11-06 19:29:00+00:00,33,57,5884693,63.37,63.4,63.36,63.4,2802,BRN FMF0026!
2025-11-06 19:30:00+00:00,33,57,5884693,63.4,63.44,63.36,63.36,1020,BRN FMF0026!
2025-11-06 19:31:00+00:00,33,57,5884693,63.35,63.37,63.33,63.35,286,BRN FMF0026!
2025-11-06 19:32:00+00:00,33,57,5884693,63.35,63.39,63.35,63.36,149,BRN FMF0026!
2025-11-06 19:33:00+00:00,33,57,5884693,63.37,63.41,63.37,63.39,227,BRN FMF0026!
2025-11-06 19:34:00+00:00,33,57,5884693,63.4,63.41,63.39,63.39,2207,BRN FMF0026!
2025-11-06 19:35:00+00:00,33,57,5884693,63.4,63.41,63.38,63.38,432,BRN FMF0026!
2025-11-06 19:36:00+00:00,33,57,5884693,63.38,63.4,63.38,63.39,383,BRN FMF0026!
2025-11-06 19:37:00+00:00,33,57,5884693,63.39,63.4,63.37,63.38,145,BRN FMF0026!
2025-11-06 19:38:00+00:00,33,57,5884693,63.37,63.4,63.37,63.39,262,BRN FMF0026!
2025-11-06 19:39:00+00:00,33,57,5884693,63.39,63.4,63.38,63.38,184,BRN FMF0026!
2025-11-06 19:40:00+00:00,33,57,5884693,63.38,63.39,63.36,63.39,452,BRN FMF0026!
2025-11-06 19:41:00+00:00,33,57,5884693,63.37,63.37,63.34,63.34,115,BRN FMF0026!
2025-11-06 19:42:00+00:00,33,57,5884693,63.34,63.35,63.33,63.34,58,BRN FMF0026!
2025-11-06 19:43:00+00:00,33,57,5884693,63.35,63.35,63.32,63.35,165,BRN FMF0026!
2025-11-06 19:44:00+00:00,33,57,5884693,63.35,63.36,63.33,63.36,247,BRN FMF0026!
2025-11-06 19:45:00+00:00,33,57,5884693,63.36,63.38,63.36,63.36,126,BRN FMF0026!
2025-11-06 19:46:00+00:00,33,57,5884693,63.36,63.37,63.35,63.35,127,BRN FMF0026!
2025-11-06 19:47:00+00:00,33,57,5884693,63.35,63.36,63.32,63.33,297,BRN FMF0026!
2025-11-06 19:48:00+00:00,33,57,5884693,63.33,63.34,63.32,63.34,48,BRN FMF0026!
2025-11-06 19:49:00+00:00,33,57,5884693,63.34,63.36,63.34,63.36,85,BRN FMF0026!
2025-11-06 19:50:00+00:00,33,57,5884693,63.37,63.37,63.37,63.37,74,BRN FMF0026!
2025-11-06 19:51:00+00:00,33,57,5884693,63.37,63.37,63.35,63.35,67,BRN FMF0026!
2025-11-06 19:52:00+00:00,33,57,5884693,63.35,63.35,63.35,63.35,116,BRN FMF0026!
2025-11-06 19:53:00+00:00,33,57,5884693,63.35,63.37,63.35,63.37,54,BRN FMF0026!
2025-11-06 19:54:00+00:00,33,57,5884693,63.37,63.4,63.37,63.4,169,BRN FMF0026!
2025-11-06 19:55:00+00:00,33,57,5884693,63.4,63.41,63.38,63.39,132,BRN FMF0026!
2025-11-06 19:56:00+00:00,33,57,5884693,63.39,63.39,63.38,63.39,22,BRN FMF0026!
2025-11-06 19:57:00+00:00,33,57,5884693,63.38,63.41,63.38,63.41,54,BRN FMF0026!
2025-11-06 19:58:00+00:00,33,57,5884693,63.4,63.43,63.4,63.42,68,BRN FMF0026!
2025-11-06 19:59:00+00:00,33,57,5884693,63.42,63.43,63.41,63.41,64,BRN FMF0026!
2025-11-06 20:00:00+00:00,33,57,5884693,63.42,63.44,63.42,63.43,45,BRN FMF0026!
2025-11-06 20:01:00+00:00,33,57,5884693,63.43,63.48,63.43,63.46,254,BRN FMF0026!
2025-11-06 20:02:00+00:00,33,57,5884693,63.47,63.48,63.46,63.46,87,BRN FMF0026!
2025-11-06 20:03:00+00:00,33,57,5884693,63.45,63.45,63.42,63.43,95,BRN FMF0026!
2025-11-06 20:04:00+00:00,33,57,5884693,63.44,63.45,63.43,63.44,37,BRN FMF0026!
2025-11-06 20:05:00+00:00,33,57,5884693,63.45,63.47,63.45,63.47,40,BRN FMF0026!
2025-11-06 20:06:00+00:00,33,57,5884693,63.47,63.47,63.44,63.45,107,BRN FMF0026!
2025-11-06 20:07:00+00:00,33,57,5884693,63.46,63.47,63.45,63.47,37,BRN FMF0026!
2025-11-06 20:08:00+00:00,33,57,5884693,63.48,63.52,63.48,63.51,323,BRN FMF0026!
2025-11-06 20:09:00+00:00,33,57,5884693,63.5,63.51,63.5,63.5,93,BRN FMF0026!
2025-11-06 20:10:00+00:00,33,57,5884693,63.49,63.5,63.49,63.49,63,BRN FMF0026!
2025-11-06 20:11:00+00:00,33,57,5884693,63.49,63.49,63.48,63.48,46,BRN FMF0026!
2025-11-06 20:12:00+00:00,33,57,5884693,63.48,63.49,63.48,63.48,12,BRN FMF0026!
2025-11-06 20:13:00+00:00,33,57,5884693,63.48,63.52,63.48,63.52,117,BRN FMF0026!
2025-11-06 20:14:00+00:00,33,57,5884693,63.52,63.53,63.52,63.52,20,BRN FMF0026!
2025-11-06 20:15:00+00:00,33,57,5884693,63.52,63.52,63.5,63.5,18,BRN FMF0026!
2025-11-06 20:16:00+00:00,33,57,5884693,63.51,63.51,63.49,63.51,31,BRN FMF0026!
2025-11-06 20:17:00+00:00,33,57,5884693,63.51,63.52,63.51,63.52,24,BRN FMF0026!
2025-11-06 20:18:00+00:00,33,57,5884693,63.53,63.54,63.52,63.54,191,BRN FMF0026!
2025-11-06 20:19:00+00:00,33,57,5884693,63.55,63.56,63.54,63.55,94,BRN FMF0026!
2025-11-06 20:20:00+00:00,33,57,5884693,63.56,63.57,63.55,63.55,35,BRN FMF0026!
2025-11-06 20:21:00+00:00,33,57,5884693,63.55,63.56,63.55,63.56,108,BRN FMF0026!
2025-11-06 20:22:00+00:00,33,57,5884693,63.54,63.55,63.54,63.54,75,BRN FMF0026!
2025-11-06 20:23:00+00:00,33,57,5884693,63.54,63.59,63.53,63.58,230,BRN FMF0026!
2025-11-06 20:24:00+00:00,33,57,5884693,63.59,63.59,63.57,63.58,56,BRN FMF0026!
2025-11-06 20:25:00+00:00,33,57,5884693,63.58,63.58,63.57,63.58,180,BRN FMF0026!
2025-11-06 20:26:00+00:00,33,57,5884693,63.59,63.59,63.57,63.57,209,BRN FMF0026!
2025-11-06 20:27:00+00:00,33,57,5884693,63.57,63.58,63.55,63.56,42,BRN FMF0026!
2025-11-06 20:28:00+00:00,33,57,5884693,63.56,63.56,63.53,63.54,90,BRN FMF0026!
2025-11-06 20:29:00+00:00,33,57,5884693,63.54,63.56,63.54,63.55,84,BRN FMF0026!
2025-11-06 20:30:00+00:00,33,57,5884693,63.56,63.59,63.56,63.58,43,BRN FMF0026!
2025-11-06 20:31:00+00:00,33,57,5884693,63.58,63.61,63.57,63.59,420,BRN FMF0026!
2025-11-06 20:32:00+00:00,33,57,5884693,63.59,63.59,63.58,63.59,92,BRN FMF0026!
2025-11-06 20:33:00+00:00,33,57,5884693,63.6,63.6,63.6,63.6,20,BRN FMF0026!
2025-11-06 20:34:00+00:00,33,57,5884693,63.6,63.61,63.6,63.61,50,BRN FMF0026!
2025-11-06 20:35:00+00:00,33,57,5884693,63.61,63.62,63.6,63.6,66,BRN FMF0026!
2025-11-06 20:36:00+00:00,33,57,5884693,63.6,63.6,63.59,63.59,58,BRN FMF0026!
2025-11-06 20:37:00+00:00,33,57,5884693,63.61,63.61,63.61,63.61,15,BRN FMF0026!
2025-11-06 20:38:00+00:00,33,57,5884693,63.61,63.61,63.58,63.6,100,BRN FMF0026!
2025-11-06 20:39:00+00:00,33,57,5884693,63.6,63.62,63.6,63.62,58,BRN FMF0026!
2025-11-06 20:40:00+00:00,33,57,5884693,63.62,63.62,63.61,63.62,22,BRN FMF0026!
2025-11-06 20:41:00+00:00,33,57,5884693,63.62,63.62,63.61,63.61,23,BRN FMF0026!
2025-11-06 20:42:00+00:00,33,57,5884693,63.61,63.61,63.58,63.58,56,BRN FMF0026!
2025-11-06 20:43:00+00:00,33,57,5884693,63.59,63.6,63.58,63.6,41,BRN FMF0026!
2025-11-06 20:44:00+00:00,33,57,5884693,63.61,63.61,63.59,63.6,18,BRN FMF0026!
2025-11-06 20:45:00+00:00,33,57,5884693,63.6,63.6,63.57,63.57,16,BRN FMF0026!
2025-11-06 20:46:00+00:00,33,57,5884693,63.57,63.57,63.52,63.53,330,BRN FMF0026!
2025-11-06 20:47:00+00:00,33,57,5884693,63.52,63.54,63.52,63.53,53,BRN FMF0026!
2025-11-06 20:48:00+00:00,33,57,5884693,63.52,63.53,63.52,63.52,18,BRN FMF0026!
2025-11-06 20:49:00+00:00,33,57,5884693,63.52,63.52,63.5,63.5,176,BRN FMF0026!
2025-11-06 20:50:00+00:00,33,57,5884693,63.51,63.52,63.51,63.52,128,BRN FMF0026!
2025-11-06 20:51:00+00:00,33,57,5884693,63.52,63.53,63.52,63.53,69,BRN FMF0026!
2025-11-06 20:52:00+00:00,33,57,5884693,63.52,63.53,63.52,63.52,43,BRN FMF0026!
2025-11-06 20:53:00+00:00,33,57,5884693,63.51,63.51,63.48,63.49,71,BRN FMF0026!
2025-11-06 20:54:00+00:00,33,57,5884693,63.49,63.5,63.48,63.49,82,BRN FMF0026!
2025-11-06 20:55:00+00:00,33,57,5884693,63.49,63.49,63.45,63.45,229,BRN FMF0026!
2025-11-06 20:56:00+00:00,33,57,5884693,63.46,63.46,63.43,63.43,82,BRN FMF0026!
2025-11-06 20:57:00+00:00,33,57,5884693,63.43,63.44,63.43,63.44,46,BRN FMF0026!
2025-11-06 20:58:00+00:00,33,57,5884693,63.44,63.44,63.42,63.43,51,BRN FMF0026!
2025-11-06 20:59:00+00:00,33,57,5884693,63.43,63.44,63.43,63.44,43,BRN FMF0026!
2025-11-06 21:00:00+00:00,33,57,5884693,63.45,63.47,63.45,63.47,55,BRN FMF0026!
2025-11-06 21:01:00+00:00,33,57,5884693,63.46,63.48,63.46,63.47,32,BRN FMF0026!
2025-11-06 21:02:00+00:00,33,57,5884693,63.47,63.48,63.46,63.47,20,BRN FMF0026!
2025-11-06 21:03:00+00:00,33,57,5884693,63.47,63.5,63.47,63.5,245,BRN FMF0026!
2025-11-06 21:04:00+00:00,33,57,5884693,63.5,63.5,63.49,63.49,11,BRN FMF0026!
2025-11-06 21:05:00+00:00,33,57,5884693,63.49,63.5,63.46,63.47,52,BRN FMF0026!
2025-11-06 21:06:00+00:00,33,57,5884693,63.48,63.48,63.48,63.48,7,BRN FMF0026!
2025-11-06 21:07:00+00:00,33,57,5884693,63.47,63.48,63.47,63.48,9,BRN FMF0026!
2025-11-06 21:08:00+00:00,33,57,5884693,63.48,63.48,63.48,63.48,6,BRN FMF0026!
2025-11-06 21:09:00+00:00,33,57,5884693,63.47,63.47,63.47,63.47,10,BRN FMF0026!
2025-11-06 21:10:00+00:00,33,57,5884693,63.48,63.48,63.48,63.48,5,BRN FMF0026!
2025-11-06 21:11:00+00:00,33,57,5884693,63.49,63.49,63.49,63.49,33,BRN FMF0026!
2025-11-06 21:12:00+00:00,33,57,5884693,63.49,63.49,63.49,63.49,3,BRN FMF0026!
2025-11-06 21:14:00+00:00,33,57,5884693,63.49,63.5,63.49,63.5,92,BRN FMF0026!
2025-11-06 21:15:00+00:00,33,57,5884693,63.49,63.5,63.48,63.48,139,BRN FMF0026!
2025-11-06 21:16:00+00:00,33,57,5884693,63.47,63.48,63.47,63.48,89,BRN FMF0026!
2025-11-06 21:17:00+00:00,33,57,5884693,63.47,63.48,63.47,63.48,8,BRN FMF0026!
2025-11-06 21:18:00+00:00,33,57,5884693,63.49,63.49,63.49,63.49,8,BRN FMF0026!
2025-11-06 21:20:00+00:00,33,57,5884693,63.49,63.49,63.49,63.49,3,BRN FMF0026!
2025-11-06 21:21:00+00:00,33,57,5884693,63.49,63.49,63.49,63.49,15,BRN FMF0026!
2025-11-06 21:22:00+00:00,33,57,5884693,,,,,1,BRN FMF0026!
2025-11-06 21:23:00+00:00,33,57,5884693,63.49,63.49,63.49,63.49,4,BRN FMF0026!
2025-11-06 21:24:00+00:00,33,57,5884693,63.5,63.5,63.5,63.5,155,BRN FMF0026!
2025-11-06 21:25:00+00:00,33,57,5884693,63.49,63.49,63.49,63.49,55,BRN FMF0026!
2025-11-06 21:26:00+00:00,33,57,5884693,63.49,63.49,63.49,63.49,23,BRN FMF0026!
2025-11-06 21:27:00+00:00,33,57,5884693,63.49,63.49,63.49,63.49,23,BRN FMF0026!
2025-11-06 21:28:00+00:00,33,57,5884693,63.49,63.49,63.48,63.49,8,BRN FMF0026!
2025-11-06 21:29:00+00:00,33,57,5884693,63.49,63.49,63.48,63.48,6,BRN FMF0026!
2025-11-06 21:30:00+00:00,33,57,5884693,63.47,63.47,63.47,63.47,6,BRN FMF0026!
2025-11-06 21:31:00+00:00,33,57,5884693,63.47,63.47,63.47,63.47,1,BRN FMF0026!
2025-11-06 21:32:00+00:00,33,57,5884693,63.47,63.47,63.46,63.46,25,BRN FMF0026!
2025-11-06 21:33:00+00:00,33,57,5884693,63.45,63.45,63.43,63.44,108,BRN FMF0026!
2025-11-06 21:34:00+00:00,33,57,5884693,63.44,63.44,63.44,63.44,2,BRN FMF0026!
2025-11-06 21:35:00+00:00,33,57,5884693,63.44,63.46,63.44,63.46,19,BRN FMF0026!
2025-11-06 21:36:00+00:00,33,57,5884693,63.47,63.48,63.47,63.48,56,BRN FMF0026!
2025-11-06 21:37:00+00:00,33,57,5884693,63.48,63.48,63.48,63.48,3,BRN FMF0026!
2025-11-06 21:38:00+00:00,33,57,5884693,,,,,2,BRN FMF0026!
2025-11-06 21:39:00+00:00,33,57,5884693,63.48,63.48,63.47,63.48,29,BRN FMF0026!
2025-11-06 21:40:00+00:00,33,57,5884693,63.47,63.47,63.46,63.47,21,BRN FMF0026!
2025-11-06 21:41:00+00:00,33,57,5884693,63.47,63.47,63.47,63.47,4,BRN FMF0026!
2025-11-06 21:42:00+00:00,33,57,5884693,63.47,63.48,63.47,63.48,8,BRN FMF0026!
2025-11-06 21:43:00+00:00,33,57,5884693,63.48,63.48,63.47,63.47,71,BRN FMF0026!
2025-11-06 21:44:00+00:00,33,57,5884693,63.48,63.52,63.48,63.51,122,BRN FMF0026!
2025-11-06 21:45:00+00:00,33,57,5884693,63.5,63.51,63.5,63.5,10,BRN FMF0026!
2025-11-06 21:46:00+00:00,33,57,5884693,63.5,63.5,63.5,63.5,9,BRN FMF0026!
2025-11-06 21:47:00+00:00,33,57,5884693,63.48,63.48,63.48,63.48,2,BRN FMF0026!
2025-11-06 21:49:00+00:00,33,57,5884693,63.49,63.49,63.48,63.48,191,BRN FMF0026!
2025-11-06 21:50:00+00:00,33,57,5884693,63.48,63.49,63.42,63.42,179,BRN FMF0026!
2025-11-06 21:51:00+00:00,33,57,5884693,63.43,63.43,63.43,63.43,5,BRN FMF0026!
2025-11-06 21:52:00+00:00,33,57,5884693,63.45,63.45,63.45,63.45,9,BRN FMF0026!
2025-11-06 21:53:00+00:00,33,57,5884693,63.44,63.45,63.44,63.45,6,BRN FMF0026!
2025-11-06 21:54:00+00:00,33,57,5884693,63.45,63.45,63.45,63.45,5,BRN FMF0026!
2025-11-06 21:55:00+00:00,33,57,5884693,63.45,63.45,63.44,63.45,12,BRN FMF0026!
2025-11-06 21:56:00+00:00,33,57,5884693,63.44,63.46,63.43,63.45,34,BRN FMF0026!
2025-11-06 21:57:00+00:00,33,57,5884693,63.45,63.46,63.44,63.45,5,BRN FMF0026!
2025-11-06 21:58:00+00:00,33,57,5884693,63.45,63.47,63.45,63.46,31,BRN FMF0026!
2025-11-06 21:59:00+00:00,33,57,5884693,63.47,63.48,63.45,63.47,120,BRN FMF0026!
2025-11-06 22:02:00+00:00,33,57,5884693,63.48,63.48,63.48,63.48,1,BRN FMF0026!
2025-11-06 22:03:00+00:00,33,57,5884693,63.49,63.49,63.49,63.49,8,BRN FMF0026!
2025-11-06 22:04:00+00:00,33,57,5884693,63.5,63.5,63.5,63.5,1,BRN FMF0026!
2025-11-06 22:06:00+00:00,33,57,5884693,63.48,63.48,63.48,63.48,1,BRN FMF0026!
2025-11-06 22:08:00+00:00,33,57,5884693,63.52,63.53,63.52,63.53,6,BRN FMF0026!
2025-11-06 22:09:00+00:00,33,57,5884693,63.5,63.5,63.5,63.5,3,BRN FMF0026!
2025-11-06 22:10:00+00:00,33,57,5884693,,,,,7,BRN FMF0026!
2025-11-06 22:11:00+00:00,33,57,5884693,63.52,63.53,63.52,63.53,4,BRN FMF0026!
2025-11-06 22:13:00+00:00,33,57,5884693,63.53,63.53,63.53,63.53,17,BRN FMF0026!
2025-11-06 22:14:00+00:00,33,57,5884693,63.53,63.53,63.53,63.53,3,BRN FMF0026!
2025-11-06 22:15:00+00:00,33,57,5884693,63.53,63.53,63.53,63.53,9,BRN FMF0026!
2025-11-06 22:16:00+00:00,33,57,5884693,,,,,3,BRN FMF0026!
2025-11-06 22:20:00+00:00,33,57,5884693,63.53,63.53,63.53,63.53,16,BRN FMF0026!
2025-11-06 22:25:00+00:00,33,57,5884693,63.53,63.53,63.53,63.53,1,BRN FMF0026!
2025-11-06 22:27:00+00:00,33,57,5884693,,,,,200,BRN FMF0026!
2025-11-06 22:29:00+00:00,33,57,5884693,63.54,63.54,63.54,63.54,3,BRN FMF0026!
2025-11-06 22:30:00+00:00,33,57,5884693,63.55,63.55,63.55,63.55,151,BRN FMF0026!
2025-11-06 22:33:00+00:00,33,57,5884693,63.54,63.56,63.54,63.56,14,BRN FMF0026!
2025-11-06 22:37:00+00:00,33,57,5884693,63.55,63.56,63.54,63.55,29,BRN FMF0026!
2025-11-06 22:38:00+00:00,33,57,5884693,63.54,63.57,63.54,63.57,48,BRN FMF0026!
2025-11-06 22:39:00+00:00,33,57,5884693,63.58,63.58,63.56,63.58,57,BRN FMF0026!
2025-11-06 22:40:00+00:00,33,57,5884693,63.59,63.61,63.56,63.61,57,BRN FMF0026!
2025-11-06 22:41:00+00:00,33,57,5884693,63.61,63.61,63.61,63.61,3,BRN FMF0026!
2025-11-06 22:42:00+00:00,33,57,5884693,63.61,63.62,63.61,63.62,11,BRN FMF0026!
2025-11-06 22:45:00+00:00,33,57,5884693,63.61,63.61,63.61,63.61,5,BRN FMF0026!
2025-11-06 22:46:00+00:00,33,57,5884693,63.6,63.62,63.6,63.6,7,BRN FMF0026!
2025-11-06 22:47:00+00:00,33,57,5884693,63.59,63.59,63.59,63.59,6,BRN FMF0026!
2025-11-06 22:48:00+00:00,33,57,5884693,63.59,63.62,63.59,63.62,10,BRN FMF0026!
2025-11-06 22:49:00+00:00,33,57,5884693,63.62,63.62,63.6,63.6,26,BRN FMF0026!
2025-11-06 22:50:00+00:00,33,57,5884693,63.6,63.63,63.6,63.62,62,BRN FMF0026!
2025-11-06 22:52:00+00:00,33,57,5884693,63.61,63.61,63.61,63.61,25,BRN FMF0026!
2025-11-06 22:53:00+00:00,33,57,5884693,63.61,63.62,63.61,63.62,4,BRN FMF0026!
2025-11-06 22:54:00+00:00,33,57,5884693,63.62,63.62,63.6,63.6,18,BRN FMF0026!
2025-11-06 22:55:00+00:00,33,57,5884693,63.59,63.59,63.55,63.59,5,BRN FMF0026!
2025-11-06 22:56:00+00:00,33,57,5884693,63.6,63.61,63.59,63.61,30,BRN FMF0026!
2025-11-06 22:57:00+00:00,33,57,5884693,63.6,63.61,63.6,63.61,2,BRN FMF0026!
2025-11-06 22:58:00+00:00,33,57,5884693,63.61,63.61,63.61,63.61,3,BRN FMF0026!
2025-11-06 22:59:00+00:00,33,57,5884693,63.6,63.6,63.57,63.57,3,BRN FMF0026!
2025-11-07 01:00:00+00:00,33,57,5884693,63.63,63.63,63.54,63.54,488,BRN FMF0026!
2025-11-07 01:01:00+00:00,33,57,5884693,63.55,63.6,63.53,63.6,74,BRN FMF0026!
2025-11-07 01:02:00+00:00,33,57,5884693,63.59,63.6,63.57,63.6,80,BRN FMF0026!
2025-11-07 01:03:00+00:00,33,57,5884693,63.61,63.66,63.61,63.64,36,BRN FMF0026!
2025-11-07 01:04:00+00:00,33,57,5884693,63.64,63.65,63.63,63.63,118,BRN FMF0026!
2025-11-07 01:05:00+00:00,33,57,5884693,63.63,63.68,63.63,63.65,179,BRN FMF0026!
2025-11-07 01:06:00+00:00,33,57,5884693,63.65,63.65,63.62,63.64,41,BRN FMF0026!
2025-11-07 01:07:00+00:00,33,57,5884693,63.64,63.64,63.63,63.64,30,BRN FMF0026!
2025-11-07 01:08:00+00:00,33,57,5884693,63.64,63.68,63.64,63.68,83,BRN FMF0026!
2025-11-07 01:09:00+00:00,33,57,5884693,63.68,63.68,63.66,63.67,49,BRN FMF0026!
2025-11-07 01:10:00+00:00,33,57,5884693,63.66,63.68,63.66,63.66,146,BRN FMF0026!
2025-11-07 01:11:00+00:00,33,57,5884693,63.66,63.69,63.66,63.69,140,BRN FMF0026!
2025-11-07 01:12:00+00:00,33,57,5884693,63.7,63.71,63.7,63.71,69,BRN FMF0026!
2025-11-07 01:13:00+00:00,33,57,5884693,63.71,63.71,63.69,63.7,29,BRN FMF0026!
2025-11-07 01:14:00+00:00,33,57,5884693,63.69,63.7,63.67,63.7,137,BRN FMF0026!
2025-11-07 01:15:00+00:00,33,57,5884693,63.7,63.7,63.66,63.66,29,BRN FMF0026!
2025-11-07 01:16:00+00:00,33,57,5884693,63.67,63.68,63.67,63.67,46,BRN FMF0026!
2025-11-07 01:17:00+00:00,33,57,5884693,63.66,63.67,63.63,63.64,461,BRN FMF0026!
2025-11-07 01:18:00+00:00,33,57,5884693,63.65,63.66,63.65,63.65,26,BRN FMF0026!
2025-11-07 01:19:00+00:00,33,57,5884693,63.65,63.66,63.65,63.66,19,BRN FMF0026!
2025-11-07 01:20:00+00:00,33,57,5884693,63.66,63.66,63.64,63.64,14,BRN FMF0026!
2025-11-07 01:21:00+00:00,33,57,5884693,63.63,63.63,63.63,63.63,8,BRN FMF0026!
2025-11-07 01:22:00+00:00,33,57,5884693,63.64,63.64,63.63,63.64,45,BRN FMF0026!
2025-11-07 01:23:00+00:00,33,57,5884693,63.64,63.65,63.64,63.65,3,BRN FMF0026!
2025-11-07 01:24:00+00:00,33,57,5884693,63.64,63.65,63.64,63.65,5,BRN FMF0026!
2025-11-07 01:25:00+00:00,33,57,5884693,63.65,63.65,63.64,63.64,49,BRN FMF0026!
2025-11-07 01:26:00+00:00,33,57,5884693,63.64,63.64,63.64,63.64,14,BRN FMF0026!
2025-11-07 01:27:00+00:00,33,57,5884693,63.63,63.63,63.63,63.63,2,BRN FMF0026!
2025-11-07 01:28:00+00:00,33,57,5884693,63.63,63.64,63.63,63.64,18,BRN FMF0026!
2025-11-07 01:29:00+00:00,33,57,5884693,63.63,63.63,63.6,63.6,30,BRN FMF0026!
2025-11-07 01:30:00+00:00,33,57,5884693,63.6,63.61,63.57,63.59,38,BRN FMF0026!
2025-11-07 01:31:00+00:00,33,57,5884693,63.58,63.59,63.57,63.57,80,BRN FMF0026!
2025-11-07 01:32:00+00:00,33,57,5884693,63.56,63.57,63.55,63.55,36,BRN FMF0026!
2025-11-07 01:33:00+00:00,33,57,5884693,63.55,63.57,63.55,63.57,43,BRN FMF0026!
2025-11-07 01:34:00+00:00,33,57,5884693,63.57,63.57,63.56,63.56,24,BRN FMF0026!
2025-11-07 01:35:00+00:00,33,57,5884693,63.56,63.56,63.54,63.54,29,BRN FMF0026!
2025-11-07 01:36:00+00:00,33,57,5884693,63.54,63.56,63.54,63.56,8,BRN FMF0026!
2025-11-07 01:37:00+00:00,33,57,5884693,63.56,63.56,63.56,63.56,5,BRN FMF0026!
2025-11-07 01:38:00+00:00,33,57,5884693,63.57,63.58,63.57,63.58,22,BRN FMF0026!
2025-11-07 01:39:00+00:00,33,57,5884693,63.59,63.6,63.59,63.6,17,BRN FMF0026!
2025-11-07 01:40:00+00:00,33,57,5884693,63.61,63.62,63.59,63.59,333,BRN FMF0026!
2025-11-07 01:41:00+00:00,33,57,5884693,63.59,63.59,63.57,63.58,24,BRN FMF0026!
2025-11-07 01:42:00+00:00,33,57,5884693,63.59,63.64,63.59,63.64,71,BRN FMF0026!
2025-11-07 01:43:00+00:00,33,57,5884693,63.63,63.66,63.63,63.63,78,BRN FMF0026!
2025-11-07 01:44:00+00:00,33,57,5884693,63.63,63.63,63.62,63.63,19,BRN FMF0026!
2025-11-07 01:45:00+00:00,33,57,5884693,63.63,63.66,63.63,63.63,13,BRN FMF0026!
2025-11-07 01:46:00+00:00,33,57,5884693,63.63,63.63,63.63,63.63,3,BRN FMF0026!
2025-11-07 01:47:00+00:00,33,57,5884693,63.62,63.62,63.61,63.61,7,BRN FMF0026!
2025-11-07 01:48:00+00:00,33,57,5884693,63.62,63.62,63.61,63.62,8,BRN FMF0026!
2025-11-07 01:49:00+00:00,33,57,5884693,63.6,63.6,63.58,63.59,45,BRN FMF0026!
2025-11-07 01:50:00+00:00,33,57,5884693,63.59,63.62,63.58,63.61,64,BRN FMF0026!
2025-11-07 01:51:00+00:00,33,57,5884693,63.61,63.64,63.61,63.64,35,BRN FMF0026!
2025-11-07 01:52:00+00:00,33,57,5884693,63.63,63.63,63.62,63.62,14,BRN FMF0026!
2025-11-07 01:53:00+00:00,33,57,5884693,63.62,63.62,63.59,63.6,52,BRN FMF0026!
2025-11-07 01:54:00+00:00,33,57,5884693,63.6,63.6,63.6,63.6,3,BRN FMF0026!
2025-11-07 01:55:00+00:00,33,57,5884693,63.59,63.59,63.59,63.59,12,BRN FMF0026!
2025-11-07 01:56:00+00:00,33,57,5884693,63.59,63.61,63.59,63.61,11,BRN FMF0026!
2025-11-07 01:57:00+00:00,33,57,5884693,63.61,63.63,63.61,63.63,11,BRN FMF0026!
2025-11-07 01:58:00+00:00,33,57,5884693,63.62,63.62,63.61,63.61,54,BRN FMF0026!
2025-11-07 01:59:00+00:00,33,57,5884693,63.62,63.63,63.62,63.62,8,BRN FMF0026!
2025-11-07 02:00:00+00:00,33,57,5884693,63.63,63.63,63.6,63.61,52,BRN FMF0026!
2025-11-07 02:01:00+00:00,33,57,5884693,63.61,63.62,63.61,63.62,52,BRN FMF0026!
2025-11-07 02:02:00+00:00,33,57,5884693,63.63,63.65,63.62,63.64,262,BRN FMF0026!
2025-11-07 02:03:00+00:00,33,57,5884693,63.64,63.67,63.64,63.65,242,BRN FMF0026!
2025-11-07 02:04:00+00:00,33,57,5884693,63.66,63.66,63.65,63.65,14,BRN FMF0026!
2025-11-07 02:05:00+00:00,33,57,5884693,63.65,63.65,63.63,63.63,15,BRN FMF0026!
2025-11-07 02:06:00+00:00,33,57,5884693,63.63,63.66,63.63,63.64,15,BRN FMF0026!
2025-11-07 02:07:00+00:00,33,57,5884693,63.64,63.64,63.62,63.63,41,BRN FMF0026!
2025-11-07 02:08:00+00:00,33,57,5884693,63.62,63.62,63.61,63.61,8,BRN FMF0026!
2025-11-07 02:09:00+00:00,33,57,5884693,63.61,63.62,63.61,63.61,15,BRN FMF0026!
2025-11-07 02:10:00+00:00,33,57,5884693,63.62,63.63,63.59,63.59,42,BRN FMF0026!
2025-11-07 02:11:00+00:00,33,57,5884693,63.6,63.6,63.55,63.57,92,BRN FMF0026!
2025-11-07 02:12:00+00:00,33,57,5884693,63.58,63.58,63.57,63.57,9,BRN FMF0026!
2025-11-07 02:13:00+00:00,33,57,5884693,63.57,63.59,63.56,63.59,50,BRN FMF0026!
2025-11-07 02:14:00+00:00,33,57,5884693,63.59,63.6,63.59,63.6,4,BRN FMF0026!
2025-11-07 02:15:00+00:00,33,57,5884693,63.6,63.6,63.59,63.59,330,BRN FMF0026!
2025-11-07 02:16:00+00:00,33,57,5884693,63.6,63.6,63.6,63.6,1,BRN FMF0026!
2025-11-07 02:17:00+00:00,33,57,5884693,63.59,63.59,63.59,63.59,1,BRN FMF0026!
2025-11-07 02:18:00+00:00,33,57,5884693,63.58,63.58,63.58,63.58,2,BRN FMF0026!
2025-11-07 02:19:00+00:00,33,57,5884693,63.58,63.6,63.58,63.6,33,BRN FMF0026!
2025-11-07 02:20:00+00:00,33,57,5884693,63.6,63.62,63.6,63.62,14,BRN FMF0026!
2025-11-07 02:21:00+00:00,33,57,5884693,63.62,63.62,63.61,63.61,7,BRN FMF0026!
2025-11-07 02:22:00+00:00,33,57,5884693,63.6,63.61,63.6,63.61,9,BRN FMF0026!
2025-11-07 02:23:00+00:00,33,57,5884693,63.61,63.61,63.59,63.59,28,BRN FMF0026!
2025-11-07 02:24:00+00:00,33,57,5884693,63.61,63.61,63.6,63.61,3,BRN FMF0026!
2025-11-07 02:25:00+00:00,33,57,5884693,63.6,63.6,63.59,63.6,4,BRN FMF0026!
2025-11-07 02:26:00+00:00,33,57,5884693,63.61,63.61,63.6,63.61,33,BRN FMF0026!
2025-11-07 02:27:00+00:00,33,57,5884693,63.61,63.61,63.59,63.59,7,BRN FMF0026!
2025-11-07 02:28:00+00:00,33,57,5884693,63.59,63.59,63.59,63.59,3,BRN FMF0026!
2025-11-07 02:29:00+00:00,33,57,5884693,63.59,63.59,63.59,63.59,4,BRN FMF0026!
2025-11-07 02:30:00+00:00,33,57,5884693,63.58,63.59,63.58,63.58,43,BRN FMF0026!
2025-11-07 02:31:00+00:00,33,57,5884693,63.61,63.65,63.61,63.65,18,BRN FMF0026!
2025-11-07 02:32:00+00:00,33,57,5884693,63.64,63.64,63.63,63.63,4,BRN FMF0026!
2025-11-07 02:33:00+00:00,33,57,5884693,63.63,63.64,63.63,63.64,13,BRN FMF0026!
2025-11-07 02:34:00+00:00,33,57,5884693,63.65,63.66,63.65,63.66,18,BRN FMF0026!
2025-11-07 02:35:00+00:00,33,57,5884693,63.67,63.72,63.67,63.7,365,BRN FMF0026!
2025-11-07 02:36:00+00:00,33,57,5884693,63.7,63.73,63.69,63.71,43,BRN FMF0026!
2025-11-07 02:37:00+00:00,33,57,5884693,63.71,63.72,63.7,63.72,21,BRN FMF0026!
2025-11-07 02:38:00+00:00,33,57,5884693,63.71,63.74,63.71,63.73,72,BRN FMF0026!
2025-11-07 02:39:00+00:00,33,57,5884693,63.73,63.73,63.73,63.73,2,BRN FMF0026!
2025-11-07 02:40:00+00:00,33,57,5884693,63.73,63.74,63.72,63.72,46,BRN FMF0026!
2025-11-07 02:41:00+00:00,33,57,5884693,63.72,63.72,63.71,63.71,11,BRN FMF0026!
2025-11-07 02:42:00+00:00,33,57,5884693,63.7,63.7,63.69,63.69,32,BRN FMF0026!
2025-11-07 02:43:00+00:00,33,57,5884693,63.69,63.71,63.68,63.71,52,BRN FMF0026!
2025-11-07 02:44:00+00:00,33,57,5884693,63.72,63.73,63.72,63.72,20,BRN FMF0026!
2025-11-07 02:45:00+00:00,33,57,5884693,63.72,63.73,63.72,63.73,6,BRN FMF0026!
2025-11-07 02:46:00+00:00,33,57,5884693,63.73,63.73,63.71,63.72,17,BRN FMF0026!
2025-11-07 02:47:00+00:00,33,57,5884693,63.71,63.72,63.7,63.7,19,BRN FMF0026!
2025-11-07 02:48:00+00:00,33,57,5884693,63.71,63.71,63.7,63.71,15,BRN FMF0026!
2025-11-07 02:49:00+00:00,33,57,5884693,63.71,63.72,63.71,63.72,13,BRN FMF0026!
2025-11-07 02:50:00+00:00,33,57,5884693,63.71,63.71,63.71,63.71,3,BRN FMF0026!
2025-11-07 02:51:00+00:00,33,57,5884693,63.71,63.71,63.71,63.71,4,BRN FMF0026!
2025-11-07 02:52:00+00:00,33,57,5884693,63.7,63.72,63.7,63.72,31,BRN FMF0026!
2025-11-07 02:53:00+00:00,33,57,5884693,63.71,63.71,63.69,63.69,5,BRN FMF0026!
2025-11-07 02:54:00+00:00,33,57,5884693,63.68,63.7,63.68,63.7,45,BRN FMF0026!
2025-11-07 02:55:00+00:00,33,57,5884693,63.7,63.71,63.7,63.71,12,BRN FMF0026!
2025-11-07 02:56:00+00:00,33,57,5884693,63.7,63.7,63.68,63.69,38,BRN FMF0026!
2025-11-07 02:57:00+00:00,33,57,5884693,63.69,63.69,63.69,63.69,3,BRN FMF0026!
2025-11-07 02:58:00+00:00,33,57,5884693,63.69,63.69,63.69,63.69,3,BRN FMF0026!
2025-11-07 02:59:00+00:00,33,57,5884693,63.69,63.69,63.69,63.69,2,BRN FMF0026!
2025-11-07 03:00:00+00:00,33,57,5884693,63.69,63.7,63.68,63.7,11,BRN FMF0026!
2025-11-07 03:01:00+00:00,33,57,5884693,63.7,63.7,63.7,63.7,6,BRN FMF0026!
2025-11-07 03:02:00+00:00,33,57,5884693,63.69,63.69,63.69,63.69,10,BRN FMF0026!
2025-11-07 03:03:00+00:00,33,57,5884693,63.7,63.7,63.7,63.7,9,BRN FMF0026!
2025-11-07 03:04:00+00:00,33,57,5884693,63.7,63.7,63.69,63.7,4,BRN FMF0026!
2025-11-07 03:05:00+00:00,33,57,5884693,63.7,63.7,63.7,63.7,17,BRN FMF0026!
2025-11-07 03:06:00+00:00,33,57,5884693,63.69,63.69,63.69,63.69,1,BRN FMF0026!
2025-11-07 03:07:00+00:00,33,57,5884693,63.68,63.68,63.68,63.68,2,BRN FMF0026!
2025-11-07 03:08:00+00:00,33,57,5884693,63.68,63.68,63.67,63.68,69,BRN FMF0026!
2025-11-07 03:09:00+00:00,33,57,5884693,63.68,63.68,63.67,63.67,18,BRN FMF0026!
2025-11-07 03:10:00+00:00,33,57,5884693,63.66,63.66,63.66,63.66,8,BRN FMF0026!
2025-11-07 03:11:00+00:00,33,57,5884693,63.67,63.67,63.66,63.66,7,BRN FMF0026!
2025-11-07 03:12:00+00:00,33,57,5884693,63.66,63.66,63.63,63.63,34,BRN FMF0026!
2025-11-07 03:13:00+00:00,33,57,5884693,63.64,63.64,63.64,63.64,2,BRN FMF0026!
2025-11-07 03:14:00+00:00,33,57,5884693,63.64,63.64,63.63,63.64,10,BRN FMF0026!
2025-11-07 03:15:00+00:00,33,57,5884693,63.64,63.64,63.63,63.63,10,BRN FMF0026!
2025-11-07 03:16:00+00:00,33,57,5884693,63.63,63.64,63.63,63.63,7,BRN FMF0026!
2025-11-07 03:17:00+00:00,33,57,5884693,63.62,63.62,63.61,63.61,14,BRN FMF0026!
2025-11-07 03:18:00+00:00,33,57,5884693,63.6,63.61,63.6,63.61,10,BRN FMF0026!
2025-11-07 03:19:00+00:00,33,57,5884693,63.6,63.61,63.58,63.61,81,BRN FMF0026!
2025-11-07 03:20:00+00:00,33,57,5884693,,,,,1,BRN FMF0026!
2025-11-07 03:21:00+00:00,33,57,5884693,63.6,63.6,63.56,63.57,83,BRN FMF0026!
2025-11-07 03:22:00+00:00,33,57,5884693,63.57,63.59,63.57,63.59,20,BRN FMF0026!
2025-11-07 03:23:00+00:00,33,57,5884693,63.6,63.62,63.6,63.62,35,BRN FMF0026!
2025-11-07 03:24:00+00:00,33,57,5884693,63.62,63.62,63.62,63.62,2,BRN FMF0026!
2025-11-07 03:25:00+00:00,33,57,5884693,63.63,63.63,63.63,63.63,6,BRN FMF0026!
2025-11-07 03:26:00+00:00,33,57,5884693,,,,,1,BRN FMF0026!
2025-11-07 03:27:00+00:00,33,57,5884693,,,,,1,BRN FMF0026!
2025-11-07 03:28:00+00:00,33,57,5884693,63.62,63.62,63.62,63.62,3,BRN FMF0026!
2025-11-07 03:30:00+00:00,33,57,5884693,63.61,63.61,63.58,63.58,20,BRN FMF0026!
2025-11-07 03:31:00+00:00,33,57,5884693,63.59,63.59,63.57,63.59,10,BRN FMF0026!
2025-11-07 03:33:00+00:00,33,57,5884693,63.59,63.59,63.59,63.59,5,BRN FMF0026!
2025-11-07 03:34:00+00:00,33,57,5884693,63.58,63.59,63.58,63.59,3,BRN FMF0026!
2025-11-07 03:35:00+00:00,33,57,5884693,63.58,63.59,63.58,63.59,7,BRN FMF0026!
2025-11-07 03:36:00+00:00,33,57,5884693,63.58,63.58,63.58,63.58,5,BRN FMF0026!
2025-11-07 03:37:00+00:00,33,57,5884693,63.57,63.57,63.56,63.56,32,BRN FMF0026!
2025-11-07 03:38:00+00:00,33,57,5884693,63.57,63.58,63.57,63.58,7,BRN FMF0026!
2025-11-07 03:39:00+00:00,33,57,5884693,63.57,63.57,63.56,63.56,6,BRN FMF0026!
2025-11-07 03:40:00+00:00,33,57,5884693,63.57,63.58,63.56,63.56,25,BRN FMF0026!
2025-11-07 03:41:00+00:00,33,57,5884693,63.56,63.56,63.56,63.56,7,BRN FMF0026!
2025-11-07 03:43:00+00:00,33,57,5884693,63.55,63.56,63.55,63.56,12,BRN FMF0026!
2025-11-07 03:44:00+00:00,33,57,5884693,63.56,63.56,63.56,63.56,3,BRN FMF0026!
2025-11-07 03:45:00+00:00,33,57,5884693,63.56,63.57,63.56,63.57,8,BRN FMF0026!
2025-11-07 03:46:00+00:00,33,57,5884693,63.57,63.57,63.57,63.57,5,BRN FMF0026!
2025-11-07 03:47:00+00:00,33,57,5884693,63.57,63.57,63.57,63.57,2,BRN FMF0026!
2025-11-07 03:48:00+00:00,33,57,5884693,63.57,63.57,63.57,63.57,8,BRN FMF0026!
2025-11-07 03:49:00+00:00,33,57,5884693,,,,,1,BRN FMF0026!
2025-11-07 03:50:00+00:00,33,57,5884693,63.57,63.58,63.57,63.57,15,BRN FMF0026!
2025-11-07 03:51:00+00:00,33,57,5884693,63.57,63.57,63.56,63.56,8,BRN FMF0026!
2025-11-07 03:52:00+00:00,33,57,5884693,63.57,63.58,63.57,63.57,10,BRN FMF0026!
2025-11-07 03:53:00+00:00,33,57,5884693,63.57,63.57,63.57,63.57,7,BRN FMF0026!
2025-11-07 03:54:00+00:00,33,57,5884693,63.57,63.59,63.57,63.59,194,BRN FMF0026!
2025-11-07 03:55:00+00:00,33,57,5884693,63.6,63.62,63.6,63.62,138,BRN FMF0026!
2025-11-07 03:57:00+00:00,33,57,5884693,63.61,63.61,63.6,63.6,31,BRN FMF0026!
2025-11-07 03:59:00+00:00,33,57,5884693,63.59,63.61,63.59,63.61,50,BRN FMF0026!
2025-11-07 04:00:00+00:00,33,57,5884693,63.61,63.61,63.6,63.6,4,BRN FMF0026!
2025-11-07 04:01:00+00:00,33,57,5884693,63.6,63.6,63.57,63.58,102,BRN FMF0026!
2025-11-07 04:02:00+00:00,33,57,5884693,63.57,63.57,63.56,63.56,144,BRN FMF0026!
2025-11-07 04:03:00+00:00,33,57,5884693,63.56,63.57,63.54,63.54,75,BRN FMF0026!
2025-11-07 04:04:00+00:00,33,57,5884693,63.54,63.56,63.53,63.56,43,BRN FMF0026!
2025-11-07 04:05:00+00:00,33,57,5884693,63.57,63.59,63.57,63.58,35,BRN FMF0026!
2025-11-07 04:06:00+00:00,33,57,5884693,63.57,63.57,63.57,63.57,24,BRN FMF0026!
2025-11-07 04:07:00+00:00,33,57,5884693,63.58,63.59,63.58,63.59,40,BRN FMF0026!
2025-11-07 04:08:00+00:00,33,57,5884693,63.58,63.58,63.58,63.58,3,BRN FMF0026!
2025-11-07 04:09:00+00:00,33,57,5884693,63.58,63.59,63.58,63.59,10,BRN FMF0026!
2025-11-07 04:10:00+00:00,33,57,5884693,63.58,63.58,63.57,63.57,8,BRN FMF0026!
2025-11-07 04:11:00+00:00,33,57,5884693,63.57,63.57,63.57,63.57,1,BRN FMF0026!
2025-11-07 04:12:00+00:00,33,57,5884693,63.57,63.58,63.57,63.58,3,BRN FMF0026!
2025-11-07 04:13:00+00:00,33,57,5884693,63.58,63.58,63.58,63.58,2,BRN FMF0026!
2025-11-07 04:14:00+00:00,33,57,5884693,63.58,63.58,63.58,63.58,2,BRN FMF0026!
2025-11-07 04:15:00+00:00,33,57,5884693,63.58,63.61,63.58,63.61,8,BRN FMF0026!
2025-11-07 04:16:00+00:00,33,57,5884693,63.61,63.64,63.61,63.64,13,BRN FMF0026!
2025-11-07 04:17:00+00:00,33,57,5884693,63.64,63.64,63.63,63.64,7,BRN FMF0026!
2025-11-07 04:18:00+00:00,33,57,5884693,63.63,63.63,63.63,63.63,4,BRN FMF0026!
2025-11-07 04:19:00+00:00,33,57,5884693,63.63,63.63,63.63,63.63,2,BRN FMF0026!
2025-11-07 04:20:00+00:00,33,57,5884693,63.62,63.62,63.61,63.62,33,BRN FMF0026!
2025-11-07 04:21:00+00:00,33,57,5884693,63.62,63.68,63.62,63.68,122,BRN FMF0026!
2025-11-07 04:22:00+00:00,33,57,5884693,63.66,63.67,63.65,63.66,20,BRN FMF0026!
2025-11-07 04:23:00+00:00,33,57,5884693,63.66,63.66,63.66,63.66,4,BRN FMF0026!
2025-11-07 04:24:00+00:00,33,57,5884693,63.66,63.67,63.66,63.67,45,BRN FMF0026!
2025-11-07 04:25:00+00:00,33,57,5884693,63.66,63.67,63.66,63.67,9,BRN FMF0026!
2025-11-07 04:26:00+00:00,33,57,5884693,63.67,63.72,63.67,63.72,390,BRN FMF0026!
2025-11-07 04:27:00+00:00,33,57,5884693,63.72,63.76,63.72,63.75,181,BRN FMF0026!
2025-11-07 04:28:00+00:00,33,57,5884693,63.75,63.77,63.75,63.77,84,BRN FMF0026!
2025-11-07 04:29:00+00:00,33,57,5884693,63.77,63.78,63.76,63.76,60,BRN FMF0026!
2025-11-07 04:30:00+00:00,33,57,5884693,63.75,63.75,63.75,63.75,38,BRN FMF0026!
2025-11-07 04:31:00+00:00,33,57,5884693,63.74,63.76,63.73,63.74,51,BRN FMF0026!
2025-11-07 04:32:00+00:00,33,57,5884693,63.73,63.73,63.73,63.73,14,BRN FMF0026!
2025-11-07 04:33:00+00:00,33,57,5884693,63.73,63.73,63.72,63.72,36,BRN FMF0026!
2025-11-07 04:34:00+00:00,33,57,5884693,63.72,63.73,63.71,63.73,28,BRN FMF0026!
2025-11-07 04:35:00+00:00,33,57,5884693,63.74,63.74,63.73,63.73,32,BRN FMF0026!
2025-11-07 04:36:00+00:00,33,57,5884693,63.72,63.72,63.72,63.72,26,BRN FMF0026!
2025-11-07 04:37:00+00:00,33,57,5884693,63.71,63.72,63.71,63.72,8,BRN FMF0026!
2025-11-07 04:38:00+00:00,33,57,5884693,63.72,63.72,63.72,63.72,1,BRN FMF0026!
2025-11-07 04:39:00+00:00,33,57,5884693,63.72,63.72,63.71,63.72,27,BRN FMF0026!
2025-11-07 04:40:00+00:00,33,57,5884693,63.71,63.72,63.71,63.72,13,BRN FMF0026!
2025-11-07 04:41:00+00:00,33,57,5884693,63.71,63.71,63.71,63.71,5,BRN FMF0026!
2025-11-07 04:42:00+00:00,33,57,5884693,63.7,63.7,63.69,63.7,12,BRN FMF0026!
2025-11-07 04:43:00+00:00,33,57,5884693,63.7,63.7,63.69,63.69,9,BRN FMF0026!
2025-11-07 04:44:00+00:00,33,57,5884693,63.68,63.69,63.68,63.69,33,BRN FMF0026!
2025-11-07 04:45:00+00:00,33,57,5884693,63.69,63.69,63.69,63.69,1,BRN FMF0026!
2025-11-07 04:46:00+00:00,33,57,5884693,63.69,63.69,63.69,63.69,5,BRN FMF0026!
2025-11-07 04:47:00+00:00,33,57,5884693,63.68,63.68,63.68,63.68,3,BRN FMF0026!
2025-11-07 04:48:00+00:00,33,57,5884693,63.68,63.68,63.66,63.66,63,BRN FMF0026!
2025-11-07 04:49:00+00:00,33,57,5884693,63.67,63.68,63.67,63.68,7,BRN FMF0026!
2025-11-07 04:50:00+00:00,33,57,5884693,63.68,63.68,63.68,63.68,3,BRN FMF0026!
2025-11-07 04:52:00+00:00,33,57,5884693,63.68,63.69,63.68,63.68,72,BRN FMF0026!
2025-11-07 04:53:00+00:00,33,57,5884693,63.69,63.69,63.68,63.68,54,BRN FMF0026!
2025-11-07 04:54:00+00:00,33,57,5884693,63.67,63.67,63.67,63.67,38,BRN FMF0026!
2025-11-07 04:55:00+00:00,33,57,5884693,63.67,63.67,63.65,63.66,24,BRN FMF0026!
2025-11-07 04:56:00+00:00,33,57,5884693,63.66,63.66,63.66,63.66,2,BRN FMF0026!
2025-11-07 04:57:00+00:00,33,57,5884693,63.67,63.67,63.67,63.67,3,BRN FMF0026!
2025-11-07 04:58:00+00:00,33,57,5884693,63.67,63.67,63.67,63.67,7,BRN FMF0026!
2025-11-07 04:59:00+00:00,33,57,5884693,63.68,63.68,63.68,63.68,22,BRN FMF0026!
2025-11-07 05:00:00+00:00,33,57,5884693,63.68,63.68,63.67,63.67,6,BRN FMF0026!
2025-11-07 05:01:00+00:00,33,57,5884693,63.67,63.67,63.66,63.67,59,BRN FMF0026!
2025-11-07 05:02:00+00:00,33,57,5884693,63.67,63.67,63.67,63.67,9,BRN FMF0026!
2025-11-07 05:03:00+00:00,33,57,5884693,63.66,63.68,63.66,63.68,56,BRN FMF0026!
2025-11-07 05:04:00+00:00,33,57,5884693,63.68,63.68,63.66,63.66,14,BRN FMF0026!
2025-11-07 05:05:00+00:00,33,57,5884693,63.66,63.7,63.66,63.7,68,BRN FMF0026!
2025-11-07 05:06:00+00:00,33,57,5884693,63.71,63.72,63.71,63.72,12,BRN FMF0026!
2025-11-07 05:07:00+00:00,33,57,5884693,63.72,63.72,63.72,63.72,23,BRN FMF0026!
2025-11-07 05:08:00+00:00,33,57,5884693,63.72,63.72,63.69,63.7,33,BRN FMF0026!
2025-11-07 05:09:00+00:00,33,57,5884693,63.7,63.7,63.68,63.68,41,BRN FMF0026!
2025-11-07 05:10:00+00:00,33,57,5884693,63.68,63.68,63.67,63.67,24,BRN FMF0026!
2025-11-07 05:11:00+00:00,33,57,5884693,63.67,63.67,63.65,63.65,12,BRN FMF0026!
2025-11-07 05:12:00+00:00,33,57,5884693,63.65,63.65,63.65,63.65,7,BRN FMF0026!
2025-11-07 05:13:00+00:00,33,57,5884693,63.64,63.64,63.64,63.64,25,BRN FMF0026!
2025-11-07 05:14:00+00:00,33,57,5884693,63.65,63.65,63.65,63.65,4,BRN FMF0026!
2025-11-07 05:15:00+00:00,33,57,5884693,63.65,63.67,63.64,63.67,19,BRN FMF0026!
2025-11-07 05:16:00+00:00,33,57,5884693,63.67,63.67,63.67,63.67,1,BRN FMF0026!
2025-11-07 05:17:00+00:00,33,57,5884693,63.68,63.68,63.68,63.68,8,BRN FMF0026!
2025-11-07 05:18:00+00:00,33,57,5884693,63.68,63.68,63.68,63.68,5,BRN FMF0026!
2025-11-07 05:19:00+00:00,33,57,5884693,63.69,63.7,63.68,63.68,11,BRN FMF0026!
2025-11-07 05:20:00+00:00,33,57,5884693,63.68,63.68,63.65,63.65,72,BRN FMF0026!
2025-11-07 05:21:00+00:00,33,57,5884693,63.66,63.67,63.66,63.67,179,BRN FMF0026!
2025-11-07 05:22:00+00:00,33,57,5884693,63.68,63.68,63.65,63.65,14,BRN FMF0026!
2025-11-07 05:23:00+00:00,33,57,5884693,63.66,63.66,63.66,63.66,16,BRN FMF0026!
2025-11-07 05:24:00+00:00,33,57,5884693,63.67,63.67,63.67,63.67,2,BRN FMF0026!
2025-11-07 05:25:00+00:00,33,57,5884693,63.66,63.66,63.66,63.66,23,BRN FMF0026!
2025-11-07 05:26:00+00:00,33,57,5884693,63.65,63.66,63.65,63.66,13,BRN FMF0026!
2025-11-07 05:27:00+00:00,33,57,5884693,63.67,63.7,63.67,63.69,213,BRN FMF0026!
2025-11-07 05:28:00+00:00,33,57,5884693,63.69,63.69,63.69,63.69,1,BRN FMF0026!
2025-11-07 05:29:00+00:00,33,57,5884693,63.69,63.71,63.69,63.71,95,BRN FMF0026!
2025-11-07 05:30:00+00:00,33,57,5884693,63.7,63.7,63.68,63.69,75,BRN FMF0026!
2025-11-07 05:31:00+00:00,33,57,5884693,63.68,63.68,63.66,63.67,36,BRN FMF0026!
2025-11-07 05:32:00+00:00,33,57,5884693,63.67,63.69,63.67,63.69,33,BRN FMF0026!
2025-11-07 05:33:00+00:00,33,57,5884693,63.69,63.69,63.69,63.69,10,BRN FMF0026!
2025-11-07 05:34:00+00:00,33,57,5884693,63.7,63.7,63.67,63.68,15,BRN FMF0026!
2025-11-07 05:35:00+00:00,33,57,5884693,63.69,63.7,63.68,63.7,30,BRN FMF0026!
2025-11-07 05:37:00+00:00,33,57,5884693,63.71,63.74,63.71,63.74,258,BRN FMF0026!
2025-11-07 05:38:00+00:00,33,57,5884693,63.76,63.77,63.76,63.76,26,BRN FMF0026!
2025-11-07 05:39:00+00:00,33,57,5884693,63.76,63.77,63.76,63.77,69,BRN FMF0026!
2025-11-07 05:40:00+00:00,33,57,5884693,63.78,63.78,63.75,63.78,304,BRN FMF0026!
2025-11-07 05:41:00+00:00,33,57,5884693,63.78,63.78,63.76,63.76,7,BRN FMF0026!
2025-11-07 05:42:00+00:00,33,57,5884693,63.75,63.76,63.75,63.76,15,BRN FMF0026!
2025-11-07 05:43:00+00:00,33,57,5884693,63.75,63.75,63.75,63.75,8,BRN FMF0026!
2025-11-07 05:44:00+00:00,33,57,5884693,63.75,63.75,63.72,63.72,26,BRN FMF0026!
2025-11-07 05:45:00+00:00,33,57,5884693,63.73,63.75,63.73,63.75,12,BRN FMF0026!
2025-11-07 05:46:00+00:00,33,57,5884693,63.75,63.75,63.73,63.73,56,BRN FMF0026!
2025-11-07 05:47:00+00:00,33,57,5884693,63.74,63.74,63.74,63.74,5,BRN FMF0026!
2025-11-07 05:48:00+00:00,33,57,5884693,63.74,63.74,63.74,63.74,3,BRN FMF0026!
2025-11-07 05:49:00+00:00,33,57,5884693,63.74,63.75,63.73,63.75,31,BRN FMF0026!
2025-11-07 05:50:00+00:00,33,57,5884693,63.75,63.77,63.75,63.76,33,BRN FMF0026!
2025-11-07 05:51:00+00:00,33,57,5884693,63.77,63.79,63.77,63.78,38,BRN FMF0026!
2025-11-07 05:52:00+00:00,33,57,5884693,63.79,63.79,63.77,63.77,26,BRN FMF0026!
2025-11-07 05:53:00+00:00,33,57,5884693,63.76,63.76,63.75,63.76,17,BRN FMF0026!
2025-11-07 05:54:00+00:00,33,57,5884693,63.76,63.77,63.76,63.77,91,BRN FMF0026!
2025-11-07 05:55:00+00:00,33,57,5884693,63.77,63.78,63.77,63.78,23,BRN FMF0026!
2025-11-07 05:56:00+00:00,33,57,5884693,63.77,63.77,63.76,63.77,21,BRN FMF0026!
2025-11-07 05:57:00+00:00,33,57,5884693,63.77,63.79,63.76,63.79,26,BRN FMF0026!
2025-11-07 05:58:00+00:00,33,57,5884693,63.79,63.8,63.79,63.79,52,BRN FMF0026!
2025-11-07 05:59:00+00:00,33,57,5884693,63.79,63.81,63.79,63.81,118,BRN FMF0026!
2025-11-07 06:00:00+00:00,33,57,5884693,63.8,63.83,63.78,63.8,208,BRN FMF0026!
2025-11-07 06:01:00+00:00,33,57,5884693,63.8,63.81,63.78,63.81,67,BRN FMF0026!
2025-11-07 06:02:00+00:00,33,57,5884693,63.8,63.81,63.8,63.81,27,BRN FMF0026!
2025-11-07 06:03:00+00:00,33,57,5884693,63.81,63.81,63.79,63.79,10,BRN FMF0026!
2025-11-07 06:04:00+00:00,33,57,5884693,63.79,63.79,63.78,63.79,17,BRN FMF0026!
2025-11-07 06:05:00+00:00,33,57,5884693,63.79,63.79,63.78,63.78,23,BRN FMF0026!
2025-11-07 06:06:00+00:00,33,57,5884693,63.79,63.79,63.78,63.79,5,BRN FMF0026!
2025-11-07 06:07:00+00:00,33,57,5884693,63.8,63.83,63.8,63.82,25,BRN FMF0026!
2025-11-07 06:08:00+00:00,33,57,5884693,63.82,63.83,63.81,63.82,40,BRN FMF0026!
2025-11-07 06:09:00+00:00,33,57,5884693,63.82,63.82,63.82,63.82,9,BRN FMF0026!
2025-11-07 06:10:00+00:00,33,57,5884693,63.81,63.82,63.81,63.82,6,BRN FMF0026!
2025-11-07 06:11:00+00:00,33,57,5884693,63.82,63.83,63.82,63.82,14,BRN FMF0026!
2025-11-07 06:12:00+00:00,33,57,5884693,63.83,63.83,63.82,63.82,4,BRN FMF0026!
2025-11-07 06:13:00+00:00,33,57,5884693,63.83,63.86,63.83,63.84,119,BRN FMF0026!
2025-11-07 06:14:00+00:00,33,57,5884693,63.84,63.87,63.84,63.86,81,BRN FMF0026!
2025-11-07 06:15:00+00:00,33,57,5884693,63.85,63.86,63.84,63.85,73,BRN FMF0026!
2025-11-07 06:16:00+00:00,33,57,5884693,63.86,63.87,63.86,63.86,37,BRN FMF0026!
2025-11-07 06:17:00+00:00,33,57,5884693,63.87,63.88,63.86,63.86,142,BRN FMF0026!
2025-11-07 06:18:00+00:00,33,57,5884693,63.87,63.92,63.87,63.9,203,BRN FMF0026!
2025-11-07 06:19:00+00:00,33,57,5884693,63.9,63.91,63.88,63.9,143,BRN FMF0026!
2025-11-07 06:20:00+00:00,33,57,5884693,63.9,63.91,63.89,63.9,71,BRN FMF0026!
2025-11-07 06:21:00+00:00,33,57,5884693,63.9,63.9,63.88,63.89,113,BRN FMF0026!
2025-11-07 06:22:00+00:00,33,57,5884693,63.88,63.92,63.88,63.91,204,BRN FMF0026!
2025-11-07 06:23:00+00:00,33,57,5884693,63.9,63.91,63.89,63.91,19,BRN FMF0026!
2025-11-07 06:24:00+00:00,33,57,5884693,63.9,63.9,63.89,63.9,41,BRN FMF0026!
2025-11-07 06:25:00+00:00,33,57,5884693,63.91,63.91,63.91,63.91,12,BRN FMF0026!
2025-11-07 06:26:00+00:00,33,57,5884693,63.9,63.9,63.9,63.9,63,BRN FMF0026!
2025-11-07 06:27:00+00:00,33,57,5884693,63.89,63.89,63.88,63.89,13,BRN FMF0026!
2025-11-07 06:28:00+00:00,33,57,5884693,63.87,63.88,63.86,63.88,63,BRN FMF0026!
2025-11-07 06:29:00+00:00,33,57,5884693,63.88,63.9,63.88,63.89,24,BRN FMF0026!
2025-11-07 06:30:00+00:00,33,57,5884693,63.88,63.9,63.88,63.89,67,BRN FMF0026!
2025-11-07 06:31:00+00:00,33,57,5884693,63.88,63.9,63.88,63.88,15,BRN FMF0026!
2025-11-07 06:32:00+00:00,33,57,5884693,63.87,63.9,63.87,63.89,56,BRN FMF0026!
2025-11-07 06:33:00+00:00,33,57,5884693,63.88,63.91,63.88,63.9,51,BRN FMF0026!
2025-11-07 06:34:00+00:00,33,57,5884693,63.89,63.94,63.89,63.93,108,BRN FMF0026!
2025-11-07 06:35:00+00:00,33,57,5884693,63.92,63.92,63.91,63.91,20,BRN FMF0026!
2025-11-07 06:36:00+00:00,33,57,5884693,63.89,63.91,63.88,63.88,43,BRN FMF0026!
2025-11-07 06:37:00+00:00,33,57,5884693,63.87,63.88,63.87,63.88,66,BRN FMF0026!
2025-11-07 06:38:00+00:00,33,57,5884693,63.87,63.89,63.87,63.87,321,BRN FMF0026!
2025-11-07 06:39:00+00:00,33,57,5884693,63.87,63.88,63.86,63.88,73,BRN FMF0026!
2025-11-07 06:40:00+00:00,33,57,5884693,63.88,63.89,63.87,63.87,6,BRN FMF0026!
2025-11-07 06:41:00+00:00,33,57,5884693,63.86,63.96,63.85,63.92,1053,BRN FMF0026!
2025-11-07 06:42:00+00:00,33,57,5884693,63.92,63.92,63.91,63.91,52,BRN FMF0026!
2025-11-07 06:43:00+00:00,33,57,5884693,63.91,63.97,63.9,63.96,312,BRN FMF0026!
2025-11-07 06:44:00+00:00,33,57,5884693,63.96,64.12,63.95,64.02,943,BRN FMF0026!
2025-11-07 06:45:00+00:00,33,57,5884693,64.02,64.09,64.01,64.03,641,BRN FMF0026!
2025-11-07 06:46:00+00:00,33,57,5884693,64.04,64.04,63.97,63.97,228,BRN FMF0026!
2025-11-07 06:47:00+00:00,33,57,5884693,63.98,64.02,63.98,64.0,105,BRN FMF0026!
2025-11-07 06:48:00+00:00,33,57,5884693,63.99,64.0,63.97,63.99,122,BRN FMF0026!
2025-11-07 06:49:00+00:00,33,57,5884693,64.0,64.02,63.99,64.02,149,BRN FMF0026!
2025-11-07 06:50:00+00:00,33,57,5884693,64.02,64.06,64.01,64.06,220,BRN FMF0026!
2025-11-07 06:51:00+00:00,33,57,5884693,64.06,64.08,64.06,64.06,148,BRN FMF0026!
2025-11-07 06:52:00+00:00,33,57,5884693,64.05,64.05,64.01,64.01,36,BRN FMF0026!
2025-11-07 06:53:00+00:00,33,57,5884693,64.02,64.05,64.0,64.04,99,BRN FMF0026!
2025-11-07 06:54:00+00:00,33,57,5884693,64.04,64.06,64.01,64.04,180,BRN FMF0026!
2025-11-07 06:55:00+00:00,33,57,5884693,64.06,64.08,64.04,64.06,144,BRN FMF0026!
2025-11-07 06:56:00+00:00,33,57,5884693,64.05,64.08,64.03,64.08,154,BRN FMF0026!
2025-11-07 06:57:00+00:00,33,57,5884693,64.08,64.12,64.08,64.11,422,BRN FMF0026!
2025-11-07 06:58:00+00:00,33,57,5884693,64.12,64.14,64.11,64.11,151,BRN FMF0026!
2025-11-07 06:59:00+00:00,33,57,5884693,64.12,64.13,64.11,64.12,95,BRN FMF0026!
2025-11-07 07:00:00+00:00,33,57,5884693,64.13,64.13,64.09,64.1,270,BRN FMF0026!
2025-11-07 07:01:00+00:00,33,57,5884693,64.1,64.12,64.04,64.05,694,BRN FMF0026!
2025-11-07 07:02:00+00:00,33,57,5884693,64.04,64.07,64.04,64.07,59,BRN FMF0026!
2025-11-07 07:03:00+00:00,33,57,5884693,64.07,64.09,64.06,64.08,65,BRN FMF0026!
2025-11-07 07:04:00+00:00,33,57,5884693,64.07,64.08,64.05,64.08,84,BRN FMF0026!
2025-11-07 07:05:00+00:00,33,57,5884693,64.08,64.1,64.07,64.09,95,BRN FMF0026!
2025-11-07 07:06:00+00:00,33,57,5884693,64.09,64.11,64.08,64.09,75,BRN FMF0026!
2025-11-07 07:07:00+00:00,33,57,5884693,64.08,64.08,64.04,64.07,264,BRN FMF0026!
2025-11-07 07:08:00+00:00,33,57,5884693,64.08,64.1,64.06,64.08,207,BRN FMF0026!
2025-11-07 07:09:00+00:00,33,57,5884693,64.09,64.11,64.08,64.09,140,BRN FMF0026!
2025-11-07 07:10:00+00:00,33,57,5884693,64.1,64.12,64.08,64.09,440,BRN FMF0026!
2025-11-07 07:11:00+00:00,33,57,5884693,64.09,64.09,64.05,64.07,247,BRN FMF0026!
2025-11-07 07:12:00+00:00,33,57,5884693,64.07,64.09,64.06,64.09,90,BRN FMF0026!
2025-11-07 07:13:00+00:00,33,57,5884693,64.09,64.1,64.07,64.08,157,BRN FMF0026!
2025-11-07 07:14:00+00:00,33,57,5884693,64.08,64.09,64.07,64.08,64,BRN FMF0026!
2025-11-07 07:15:00+00:00,33,57,5884693,64.07,64.07,64.01,64.01,330,BRN FMF0026!
2025-11-07 07:16:00+00:00,33,57,5884693,64.03,64.04,64.0,64.01,339,BRN FMF0026!
2025-11-07 07:17:00+00:00,33,57,5884693,64.02,64.02,63.99,64.0,120,BRN FMF0026!
2025-11-07 07:18:00+00:00,33,57,5884693,63.99,64.0,63.98,63.98,301,BRN FMF0026!
2025-11-07 07:19:00+00:00,33,57,5884693,64.0,64.0,63.97,63.98,84,BRN FMF0026!
2025-11-07 07:20:00+00:00,33,57,5884693,63.98,63.98,63.93,63.94,332,BRN FMF0026!
2025-11-07 07:21:00+00:00,33,57,5884693,63.95,63.98,63.94,63.96,254,BRN FMF0026!
2025-11-07 07:22:00+00:00,33,57,5884693,63.96,63.96,63.94,63.96,108,BRN FMF0026!
2025-11-07 07:23:00+00:00,33,57,5884693,63.96,63.97,63.95,63.95,74,BRN FMF0026!
2025-11-07 07:24:00+00:00,33,57,5884693,63.95,64.0,63.95,63.98,224,BRN FMF0026!
2025-11-07 07:25:00+00:00,33,57,5884693,63.99,64.02,63.98,64.02,267,BRN FMF0026!
2025-11-07 07:26:00+00:00,33,57,5884693,64.02,64.05,64.0,64.04,222,BRN FMF0026!
2025-11-07 07:27:00+00:00,33,57,5884693,64.06,64.06,64.03,64.04,167,BRN FMF0026!
2025-11-07 07:28:00+00:00,33,57,5884693,64.04,64.04,64.02,64.04,151,BRN FMF0026!
2025-11-07 07:29:00+00:00,33,57,5884693,64.04,64.05,64.01,64.04,167,BRN FMF0026!
2025-11-07 07:30:00+00:00,33,57,5884693,64.04,64.06,64.02,64.04,400,BRN FMF0026!
2025-11-07 07:31:00+00:00,33,57,5884693,64.04,64.05,64.03,64.04,147,BRN FMF0026!
2025-11-07 07:32:00+00:00,33,57,5884693,64.04,64.04,64.04,64.04,103,BRN FMF0026!
2025-11-07 07:33:00+00:00,33,57,5884693,64.04,64.1,64.04,64.09,206,BRN FMF0026!
2025-11-07 07:34:00+00:00,33,57,5884693,64.1,64.14,64.1,64.12,620,BRN FMF0026!
2025-11-07 07:35:00+00:00,33,57,5884693,64.11,64.12,64.1,64.1,134,BRN FMF0026!
2025-11-07 07:36:00+00:00,33,57,5884693,64.11,64.12,64.09,64.1,113,BRN FMF0026!
2025-11-07 07:37:00+00:00,33,57,5884693,64.1,64.11,64.09,64.1,69,BRN FMF0026!
2025-11-07 07:38:00+00:00,33,57,5884693,64.1,64.11,64.1,64.1,86,BRN FMF0026!
2025-11-07 07:39:00+00:00,33,57,5884693,64.11,64.11,64.08,64.1,162,BRN FMF0026!
2025-11-07 07:40:00+00:00,33,57,5884693,64.1,64.1,64.07,64.07,186,BRN FMF0026!
2025-11-07 07:41:00+00:00,33,57,5884693,64.08,64.08,64.06,64.06,98,BRN FMF0026!
2025-11-07 07:42:00+00:00,33,57,5884693,64.06,64.07,64.04,64.07,108,BRN FMF0026!
2025-11-07 07:43:00+00:00,33,57,5884693,64.06,64.06,64.03,64.04,68,BRN FMF0026!
2025-11-07 07:44:00+00:00,33,57,5884693,64.03,64.04,64.01,64.03,277,BRN FMF0026!
2025-11-07 07:45:00+00:00,33,57,5884693,64.03,64.03,64.0,64.02,119,BRN FMF0026!
2025-11-07 07:46:00+00:00,33,57,5884693,64.02,64.03,64.01,64.01,310,BRN FMF0026!
2025-11-07 07:47:00+00:00,33,57,5884693,64.01,64.04,64.01,64.02,122,BRN FMF0026!
2025-11-07 07:48:00+00:00,33,57,5884693,64.02,64.03,64.01,64.02,63,BRN FMF0026!
2025-11-07 07:49:00+00:00,33,57,5884693,64.02,64.02,64.01,64.02,29,BRN FMF0026!
2025-11-07 07:50:00+00:00,33,57,5884693,64.02,64.02,63.99,64.0,195,BRN FMF0026!
2025-11-07 07:51:00+00:00,33,57,5884693,63.99,64.02,63.99,64.02,104,BRN FMF0026!
2025-11-07 07:52:00+00:00,33,57,5884693,64.01,64.04,63.97,63.98,247,BRN FMF0026!
2025-11-07 07:53:00+00:00,33,57,5884693,63.98,64.0,63.96,64.0,432,BRN FMF0026!
2025-11-07 07:54:00+00:00,33,57,5884693,64.0,64.02,63.98,63.99,141,BRN FMF0026!
2025-11-07 07:55:00+00:00,33,57,5884693,63.99,64.0,63.98,63.98,73,BRN FMF0026!
2025-11-07 07:56:00+00:00,33,57,5884693,63.97,63.98,63.96,63.98,196,BRN FMF0026!
2025-11-07 07:57:00+00:00,33,57,5884693,63.97,63.99,63.96,63.97,267,BRN FMF0026!
2025-11-07 07:58:00+00:00,33,57,5884693,63.97,64.01,63.96,64.01,166,BRN FMF0026!
2025-11-07 07:59:00+00:00,33,57,5884693,64.01,64.04,64.01,64.01,305,BRN FMF0026!
2025-11-07 08:00:00+00:00,33,57,5884693,64.01,64.06,64.01,64.03,421,BRN FMF0026!
2025-11-07 08:01:00+00:00,33,57,5884693,64.03,64.05,64.02,64.05,507,BRN FMF0026!
2025-11-07 08:02:00+00:00,33,57,5884693,64.04,64.04,64.0,64.0,219,BRN FMF0026!
2025-11-07 08:03:00+00:00,33,57,5884693,64.0,64.02,63.98,64.01,500,BRN FMF0026!
2025-11-07 08:04:00+00:00,33,57,5884693,64.02,64.05,64.0,64.04,456,BRN FMF0026!
2025-11-07 08:05:00+00:00,33,57,5884693,64.03,64.07,64.03,64.05,256,BRN FMF0026!
2025-11-07 08:06:00+00:00,33,57,5884693,64.06,64.1,64.05,64.1,514,BRN FMF0026!
2025-11-07 08:07:00+00:00,33,57,5884693,64.09,64.13,64.07,64.11,396,BRN FMF0026!
2025-11-07 08:08:00+00:00,33,57,5884693,64.11,64.15,64.11,64.12,1318,BRN FMF0026!
2025-11-07 08:09:00+00:00,33,57,5884693,64.12,64.13,64.11,64.12,143,BRN FMF0026!
2025-11-07 08:10:00+00:00,33,57,5884693,64.12,64.12,64.03,64.03,632,BRN FMF0026!
2025-11-07 08:11:00+00:00,33,57,5884693,64.04,64.06,64.03,64.04,273,BRN FMF0026!
2025-11-07 08:12:00+00:00,33,57,5884693,64.05,64.11,64.04,64.1,256,BRN FMF0026!
2025-11-07 08:13:00+00:00,33,57,5884693,64.1,64.1,64.07,64.09,213,BRN FMF0026!
2025-11-07 08:14:00+00:00,33,57,5884693,64.1,64.12,64.04,64.04,627,BRN FMF0026!
2025-11-07 08:15:00+00:00,33,57,5884693,64.04,64.07,64.03,64.06,840,BRN FMF0026!
2025-11-07 08:16:00+00:00,33,57,5884693,64.05,64.09,64.05,64.07,91,BRN FMF0026!
2025-11-07 08:17:00+00:00,33,57,5884693,64.08,64.1,64.06,64.07,258,BRN FMF0026!
2025-11-07 08:18:00+00:00,33,57,5884693,64.07,64.09,64.06,64.07,148,BRN FMF0026!
2025-11-07 08:19:00+00:00,33,57,5884693,64.08,64.09,64.07,64.08,132,BRN FMF0026!
2025-11-07 08:20:00+00:00,33,57,5884693,64.08,64.09,64.04,64.08,297,BRN FMF0026!
2025-11-07 08:21:00+00:00,33,57,5884693,64.08,64.09,64.03,64.03,301,BRN FMF0026!
2025-11-07 08:22:00+00:00,33,57,5884693,64.03,64.04,64.02,64.03,185,BRN FMF0026!
2025-11-07 08:23:00+00:00,33,57,5884693,64.03,64.04,64.01,64.03,144,BRN FMF0026!
2025-11-07 08:24:00+00:00,33,57,5884693,64.02,64.04,64.01,64.04,156,BRN FMF0026!
2025-11-07 08:25:00+00:00,33,57,5884693,64.03,64.04,64.01,64.03,205,BRN FMF0026!
2025-11-07 08:26:00+00:00,33,57,5884693,64.03,64.05,64.01,64.02,465,BRN FMF0026!
2025-11-07 08:27:00+00:00,33,57,5884693,64.02,64.03,63.98,64.0,331,BRN FMF0026!
2025-11-07 08:28:00+00:00,33,57,5884693,64.0,64.0,63.95,63.95,798,BRN FMF0026!
2025-11-07 08:29:00+00:00,33,57,5884693,63.96,64.01,63.92,63.99,3043,BRN FMF0026!
2025-11-07 08:30:00+00:00,33,57,5884693,63.99,64.02,63.97,63.98,1062,BRN FMF0026!
2025-11-07 08:31:00+00:00,33,57,5884693,63.98,63.99,63.96,63.97,791,BRN FMF0026!
2025-11-07 08:32:00+00:00,33,57,5884693,63.97,63.97,63.84,63.86,2480,BRN FMF0026!
2025-11-07 08:33:00+00:00,33,57,5884693,63.86,63.89,63.85,63.86,1063,BRN FMF0026!
2025-11-07 08:34:00+00:00,33,57,5884693,63.86,63.87,63.81,63.82,773,BRN FMF0026!
2025-11-07 08:35:00+00:00,33,57,5884693,63.81,63.84,63.8,63.82,803,BRN FMF0026!
2025-11-07 08:36:00+00:00,33,57,5884693,63.82,63.86,63.82,63.85,1727,BRN FMF0026!
2025-11-07 08:37:00+00:00,33,57,5884693,63.85,63.94,63.84,63.92,1314,BRN FMF0026!
2025-11-07 08:38:00+00:00,33,57,5884693,63.93,63.95,63.92,63.95,180,BRN FMF0026!
2025-11-07 08:39:00+00:00,33,57,5884693,63.94,63.95,63.94,63.94,115,BRN FMF0026!
2025-11-07 08:40:00+00:00,33,57,5884693,63.95,63.99,63.94,63.99,149,BRN FMF0026!
2025-11-07 08:41:00+00:00,33,57,5884693,63.99,64.03,63.97,64.03,466,BRN FMF0026!
2025-11-07 08:42:00+00:00,33,57,5884693,64.03,64.1,64.03,64.09,517,BRN FMF0026!
2025-11-07 08:43:00+00:00,33,57,5884693,64.08,64.09,64.04,64.04,146,BRN FMF0026!
2025-11-07 08:44:00+00:00,33,57,5884693,64.03,64.03,64.0,64.02,696,BRN FMF0026!
2025-11-07 08:45:00+00:00,33,57,5884693,64.02,64.06,64.01,64.05,300,BRN FMF0026!
2025-11-07 08:46:00+00:00,33,57,5884693,64.06,64.07,64.05,64.06,53,BRN FMF0026!
2025-11-07 08:47:00+00:00,33,57,5884693,64.05,64.07,64.05,64.06,178,BRN FMF0026!
2025-11-07 08:48:00+00:00,33,57,5884693,64.06,64.09,64.06,64.09,155,BRN FMF0026!
2025-11-07 08:49:00+00:00,33,57,5884693,64.08,64.09,64.07,64.08,75,BRN FMF0026!
2025-11-07 08:50:00+00:00,33,57,5884693,64.09,64.1,64.04,64.04,1043,BRN FMF0026!
2025-11-07 08:51:00+00:00,33,57,5884693,64.04,64.05,64.01,64.01,357,BRN FMF0026!
2025-11-07 08:52:00+00:00,33,57,5884693,64.02,64.03,64.01,64.01,116,BRN FMF0026!
2025-11-07 08:53:00+00:00,33,57,5884693,64.02,64.03,63.98,64.03,346,BRN FMF0026!
2025-11-07 08:54:00+00:00,33,57,5884693,64.02,64.03,63.99,64.01,392,BRN FMF0026!
2025-11-07 08:55:00+00:00,33,57,5884693,64.01,64.02,63.98,64.01,272,BRN FMF0026!
2025-11-07 08:56:00+00:00,33,57,5884693,64.01,64.05,64.0,64.04,262,BRN FMF0026!
2025-11-07 08:57:00+00:00,33,57,5884693,64.03,64.06,64.03,64.05,310,BRN FMF0026!
2025-11-07 08:58:00+00:00,33,57,5884693,64.04,64.06,64.04,64.05,123,BRN FMF0026!
2025-11-07 08:59:00+00:00,33,57,5884693,64.05,64.07,64.04,64.07,70,BRN FMF0026!
2025-11-07 09:00:00+00:00,33,57,5884693,64.07,64.1,64.05,64.07,310,BRN FMF0026!
2025-11-07 09:01:00+00:00,33,57,5884693,64.07,64.08,64.03,64.04,181,BRN FMF0026!
2025-11-07 09:02:00+00:00,33,57,5884693,64.03,64.03,64.0,64.02,2253,BRN FMF0026!
2025-11-07 09:03:00+00:00,33,57,5884693,64.01,64.02,63.95,64.0,713,BRN FMF0026!
2025-11-07 09:04:00+00:00,33,57,5884693,64.0,64.02,63.97,64.02,117,BRN FMF0026!
2025-11-07 09:05:00+00:00,33,57,5884693,64.01,64.02,63.99,64.0,204,BRN FMF0026!
2025-11-07 09:06:00+00:00,33,57,5884693,64.0,64.05,64.0,64.03,74,BRN FMF0026!
2025-11-07 09:07:00+00:00,33,57,5884693,64.04,64.07,64.04,64.07,195,BRN FMF0026!
2025-11-07 09:08:00+00:00,33,57,5884693,64.07,64.1,64.05,64.1,211,BRN FMF0026!
2025-11-07 09:09:00+00:00,33,57,5884693,64.1,64.12,64.09,64.11,1767,BRN FMF0026!
2025-11-07 09:10:00+00:00,33,57,5884693,64.11,64.12,64.09,64.1,436,BRN FMF0026!
2025-11-07 09:11:00+00:00,33,57,5884693,64.11,64.11,64.09,64.1,130,BRN FMF0026!
2025-11-07 09:12:00+00:00,33,57,5884693,64.1,64.11,64.07,64.08,357,BRN FMF0026!
2025-11-07 09:13:00+00:00,33,57,5884693,64.07,64.08,64.06,64.08,165,BRN FMF0026!
2025-11-07 09:14:00+00:00,33,57,5884693,64.08,64.09,64.06,64.07,62,BRN FMF0026!
2025-11-07 09:15:00+00:00,33,57,5884693,64.07,64.07,64.05,64.05,258,BRN FMF0026!
2025-11-07 09:16:00+00:00,33,57,5884693,64.06,64.06,64.04,64.04,180,BRN FMF0026!
2025-11-07 09:17:00+00:00,33,57,5884693,64.05,64.05,64.02,64.03,169,BRN FMF0026!
2025-11-07 09:18:00+00:00,33,57,5884693,64.02,64.06,64.02,64.06,170,BRN FMF0026!
2025-11-07 09:19:00+00:00,33,57,5884693,64.05,64.08,64.05,64.07,91,BRN FMF0026!
2025-11-07 09:20:00+00:00,33,57,5884693,64.06,64.07,64.01,64.03,953,BRN FMF0026!
2025-11-07 09:21:00+00:00,33,57,5884693,64.03,64.03,64.01,64.03,62,BRN FMF0026!
2025-11-07 09:22:00+00:00,33,57,5884693,64.03,64.1,64.02,64.07,204,BRN FMF0026!
2025-11-07 09:23:00+00:00,33,57,5884693,64.08,64.11,64.06,64.09,375,BRN FMF0026!
2025-11-07 09:24:00+00:00,33,57,5884693,64.09,64.11,64.08,64.1,152,BRN FMF0026!
2025-11-07 09:25:00+00:00,33,57,5884693,64.1,64.14,64.1,64.12,399,BRN FMF0026!
2025-11-07 09:26:00+00:00,33,57,5884693,64.13,64.13,64.06,64.07,317,BRN FMF0026!
2025-11-07 09:27:00+00:00,33,57,5884693,64.06,64.08,64.06,64.07,126,BRN FMF0026!
2025-11-07 09:28:00+00:00,33,57,5884693,64.07,64.08,64.06,64.06,77,BRN FMF0026!
2025-11-07 09:29:00+00:00,33,57,5884693,64.07,64.08,64.02,64.08,1998,BRN FMF0026!
2025-11-07 09:30:00+00:00,33,57,5884693,64.08,64.1,64.08,64.1,134,BRN FMF0026!
2025-11-07 09:31:00+00:00,33,57,5884693,64.11,64.13,64.11,64.12,282,BRN FMF0026!
2025-11-07 09:32:00+00:00,33,57,5884693,64.13,64.13,64.11,64.11,111,BRN FMF0026!
2025-11-07 09:33:00+00:00,33,57,5884693,64.11,64.14,64.11,64.14,254,BRN FMF0026!
2025-11-07 09:34:00+00:00,33,57,5884693,64.15,64.17,64.13,64.13,314,BRN FMF0026!
2025-11-07 09:35:00+00:00,33,57,5884693,64.13,64.14,64.11,64.13,170,BRN FMF0026!
2025-11-07 09:36:00+00:00,33,57,5884693,64.14,64.2,64.14,64.19,1171,BRN FMF0026!
2025-11-07 09:37:00+00:00,33,57,5884693,64.2,64.23,64.19,64.22,380,BRN FMF0026!
2025-11-07 09:38:00+00:00,33,57,5884693,64.22,64.24,64.21,64.23,176,BRN FMF0026!
2025-11-07 09:39:00+00:00,33,57,5884693,64.22,64.24,64.2,64.21,398,BRN FMF0026!
2025-11-07 09:40:00+00:00,33,57,5884693,64.21,64.23,64.2,64.21,232,BRN FMF0026!
2025-11-07 09:41:00+00:00,33,57,5884693,64.22,64.26,64.22,64.25,586,BRN FMF0026!
2025-11-07 09:42:00+00:00,33,57,5884693,64.24,64.25,64.19,64.24,497,BRN FMF0026!
2025-11-07 09:43:00+00:00,33,57,5884693,64.23,64.23,64.21,64.22,47,BRN FMF0026!
2025-11-07 09:44:00+00:00,33,57,5884693,64.22,64.25,64.22,64.25,100,BRN FMF0026!
2025-11-07 09:45:00+00:00,33,57,5884693,64.25,64.26,64.23,64.26,532,BRN FMF0026!
2025-11-07 09:46:00+00:00,33,57,5884693,64.25,64.27,64.24,64.24,213,BRN FMF0026!
2025-11-07 09:47:00+00:00,33,57,5884693,64.25,64.25,64.22,64.24,230,BRN FMF0026!
2025-11-07 09:48:00+00:00,33,57,5884693,64.24,64.24,64.22,64.22,240,BRN FMF0026!
2025-11-07 09:49:00+00:00,33,57,5884693,64.22,64.22,64.19,64.2,510,BRN FMF0026!
2025-11-07 09:50:00+00:00,33,57,5884693,64.2,64.21,64.18,64.19,185,BRN FMF0026!
2025-11-07 09:51:00+00:00,33,57,5884693,64.19,64.2,64.18,64.18,179,BRN FMF0026!
2025-11-07 09:52:00+00:00,33,57,5884693,64.18,64.2,64.16,64.19,371,BRN FMF0026!
2025-11-07 09:53:00+00:00,33,57,5884693,64.19,64.2,64.17,64.17,153,BRN FMF0026!
2025-11-07 09:54:00+00:00,33,57,5884693,64.17,64.22,64.13,64.21,2155,BRN FMF0026!
2025-11-07 09:55:00+00:00,33,57,5884693,64.21,64.22,64.19,64.21,216,BRN FMF0026!
2025-11-07 09:56:00+00:00,33,57,5884693,64.22,64.23,64.2,64.23,281,BRN FMF0026!
2025-11-07 09:57:00+00:00,33,57,5884693,64.23,64.25,64.22,64.23,47,BRN FMF0026!
2025-11-07 09:58:00+00:00,33,57,5884693,64.23,64.26,64.22,64.23,159,BRN FMF0026!
2025-11-07 09:59:00+00:00,33,57,5884693,64.24,64.25,64.24,64.25,155,BRN FMF0026!
2025-11-07 10:00:00+00:00,33,57,5884693,64.25,64.27,64.25,64.25,268,BRN FMF0026!
2025-11-07 10:01:00+00:00,33,57,5884693,64.25,64.26,64.24,64.26,484,BRN FMF0026!
2025-11-07 10:02:00+00:00,33,57,5884693,64.26,64.26,64.17,64.18,1149,BRN FMF0026!
2025-11-07 10:03:00+00:00,33,57,5884693,64.18,64.19,64.16,64.16,291,BRN FMF0026!
2025-11-07 10:04:00+00:00,33,57,5884693,64.16,64.18,64.16,64.18,122,BRN FMF0026!
2025-11-07 10:05:00+00:00,33,57,5884693,64.17,64.19,64.15,64.19,289,BRN FMF0026!
2025-11-07 10:06:00+00:00,33,57,5884693,64.19,64.2,64.17,64.17,161,BRN FMF0026!
2025-11-07 10:07:00+00:00,33,57,5884693,64.17,64.2,64.17,64.19,45,BRN FMF0026!
2025-11-07 10:08:00+00:00,33,57,5884693,64.19,64.22,64.17,64.21,228,BRN FMF0026!
2025-11-07 10:09:00+00:00,33,57,5884693,64.21,64.21,64.19,64.2,93,BRN FMF0026!
2025-11-07 10:10:00+00:00,33,57,5884693,64.21,64.25,64.2,64.24,272,BRN FMF0026!
2025-11-07 10:11:00+00:00,33,57,5884693,64.23,64.26,64.23,64.26,132,BRN FMF0026!
2025-11-07 10:12:00+00:00,33,57,5884693,64.26,64.34,64.26,64.34,1860,BRN FMF0026!
2025-11-07 10:13:00+00:00,33,57,5884693,64.33,64.35,64.33,64.33,854,BRN FMF0026!
2025-11-07 10:14:00+00:00,33,57,5884693,64.33,64.36,64.32,64.32,461,BRN FMF0026!
2025-11-07 10:15:00+00:00,33,57,5884693,64.33,64.35,64.32,64.33,336,BRN FMF0026!
2025-11-07 10:16:00+00:00,33,57,5884693,64.34,64.39,64.34,64.37,569,BRN FMF0026!
2025-11-07 10:17:00+00:00,33,57,5884693,64.38,64.38,64.36,64.36,294,BRN FMF0026!
2025-11-07 10:18:00+00:00,33,57,5884693,64.36,64.36,64.31,64.32,306,BRN FMF0026!
2025-11-07 10:19:00+00:00,33,57,5884693,64.31,64.33,64.27,64.27,902,BRN FMF0026!
2025-11-07 10:20:00+00:00,33,57,5884693,64.27,64.29,64.23,64.23,1281,BRN FMF0026!
2025-11-07 10:21:00+00:00,33,57,5884693,64.22,64.22,64.18,64.19,251,BRN FMF0026!
2025-11-07 10:22:00+00:00,33,57,5884693,64.2,64.24,64.17,64.23,237,BRN FMF0026!
2025-11-07 10:23:00+00:00,33,57,5884693,64.22,64.24,64.21,64.23,102,BRN FMF0026!
2025-11-07 10:24:00+00:00,33,57,5884693,64.23,64.25,64.22,64.23,117,BRN FMF0026!
2025-11-07 10:25:00+00:00,33,57,5884693,64.23,64.24,64.17,64.18,328,BRN FMF0026!
2025-11-07 10:26:00+00:00,33,57,5884693,64.18,64.18,64.16,64.18,106,BRN FMF0026!
2025-11-07 10:27:00+00:00,33,57,5884693,64.18,64.18,64.14,64.15,192,BRN FMF0026!
2025-11-07 10:28:00+00:00,33,57,5884693,64.15,64.19,64.11,64.15,1407,BRN FMF0026!
2025-11-07 10:29:00+00:00,33,57,5884693,64.15,64.18,64.14,64.16,314,BRN FMF0026!
2025-11-07 10:30:00+00:00,33,57,5884693,64.15,64.18,64.1,64.12,2866,BRN FMF0026!
2025-11-07 10:31:00+00:00,33,57,5884693,64.13,64.14,64.12,64.12,176,BRN FMF0026!
2025-11-07 10:32:00+00:00,33,57,5884693,64.12,64.12,64.05,64.06,533,BRN FMF0026!
2025-11-07 10:33:00+00:00,33,57,5884693,64.05,64.07,64.04,64.05,402,BRN FMF0026!
2025-11-07 10:34:00+00:00,33,57,5884693,64.04,64.07,64.03,64.06,227,BRN FMF0026!
2025-11-07 10:35:00+00:00,33,57,5884693,64.05,64.08,64.05,64.06,401,BRN FMF0026!
2025-11-07 10:36:00+00:00,33,57,5884693,64.05,64.05,64.02,64.03,1049,BRN FMF0026!
2025-11-07 10:37:00+00:00,33,57,5884693,64.03,64.12,64.03,64.06,369,BRN FMF0026!
2025-11-07 10:38:00+00:00,33,57,5884693,64.05,64.06,64.03,64.03,53,BRN FMF0026!
2025-11-07 10:39:00+00:00,33,57,5884693,64.04,64.04,64.03,64.03,86,BRN FMF0026!
2025-11-07 10:40:00+00:00,33,57,5884693,64.03,64.07,64.03,64.04,1786,BRN FMF0026!
2025-11-07 10:41:00+00:00,33,57,5884693,64.03,64.07,64.03,64.07,170,BRN FMF0026!
2025-11-07 10:42:00+00:00,33,57,5884693,64.07,64.08,64.06,64.07,56,BRN FMF0026!
2025-11-07 10:43:00+00:00,33,57,5884693,64.08,64.12,64.08,64.12,90,BRN FMF0026!
2025-11-07 10:44:00+00:00,33,57,5884693,64.11,64.11,64.08,64.08,128,BRN FMF0026!
2025-11-07 10:45:00+00:00,33,57,5884693,64.08,64.08,64.05,64.08,287,BRN FMF0026!
2025-11-07 10:46:00+00:00,33,57,5884693,64.07,64.11,64.07,64.1,62,BRN FMF0026!
2025-11-07 10:47:00+00:00,33,57,5884693,64.11,64.15,64.11,64.14,473,BRN FMF0026!
2025-11-07 10:48:00+00:00,33,57,5884693,64.13,64.16,64.13,64.14,146,BRN FMF0026!
2025-11-07 10:49:00+00:00,33,57,5884693,64.13,64.15,64.1,64.12,309,BRN FMF0026!
2025-11-07 10:50:00+00:00,33,57,5884693,64.12,64.14,64.11,64.14,127,BRN FMF0026!
2025-11-07 10:51:00+00:00,33,57,5884693,64.14,64.17,64.13,64.16,196,BRN FMF0026!
2025-11-07 10:52:00+00:00,33,57,5884693,64.16,64.17,64.15,64.16,69,BRN FMF0026!
2025-11-07 10:53:00+00:00,33,57,5884693,64.16,64.17,64.15,64.16,80,BRN FMF0026!
2025-11-07 10:54:00+00:00,33,57,5884693,64.16,64.16,64.14,64.15,76,BRN FMF0026!
2025-11-07 10:55:00+00:00,33,57,5884693,64.15,64.16,64.12,64.12,336,BRN FMF0026!
2025-11-07 10:56:00+00:00,33,57,5884693,64.11,64.12,64.1,64.11,95,BRN FMF0026!
2025-11-07 10:57:00+00:00,33,57,5884693,64.11,64.14,64.09,64.1,615,BRN FMF0026!
2025-11-07 10:58:00+00:00,33,57,5884693,64.1,64.11,64.08,64.08,296,BRN FMF0026!
2025-11-07 10:59:00+00:00,33,57,5884693,64.08,64.11,64.08,64.09,252,BRN FMF0026!
2025-11-07 11:00:00+00:00,33,57,5884693,64.08,64.08,63.98,63.99,636,BRN FMF0026!
2025-11-07 11:01:00+00:00,33,57,5884693,63.99,64.01,63.96,64.0,243,BRN FMF0026!
2025-11-07 11:02:00+00:00,33,57,5884693,64.0,64.05,64.0,64.04,158,BRN FMF0026!
2025-11-07 11:03:00+00:00,33,57,5884693,64.04,64.07,64.04,64.06,658,BRN FMF0026!
2025-11-07 11:04:00+00:00,33,57,5884693,64.06,64.06,64.01,64.01,96,BRN FMF0026!
2025-11-07 11:05:00+00:00,33,57,5884693,64.0,64.0,63.96,63.96,185,BRN FMF0026!
2025-11-07 11:06:00+00:00,33,57,5884693,63.97,63.97,63.94,63.96,323,BRN FMF0026!
2025-11-07 11:07:00+00:00,33,57,5884693,63.96,63.96,63.93,63.93,504,BRN FMF0026!
2025-11-07 11:08:00+00:00,33,57,5884693,63.93,63.94,63.9,63.91,123,BRN FMF0026!
2025-11-07 11:09:00+00:00,33,57,5884693,63.92,63.97,63.92,63.95,112,BRN FMF0026!
2025-11-07 11:10:00+00:00,33,57,5884693,63.94,63.96,63.93,63.95,340,BRN FMF0026!
2025-11-07 11:11:00+00:00,33,57,5884693,63.96,63.97,63.95,63.95,106,BRN FMF0026!
2025-11-07 11:12:00+00:00,33,57,5884693,63.95,63.98,63.94,63.97,1289,BRN FMF0026!
2025-11-07 11:13:00+00:00,33,57,5884693,63.97,63.98,63.96,63.97,66,BRN FMF0026!
2025-11-07 11:14:00+00:00,33,57,5884693,63.96,64.01,63.96,63.97,1021,BRN FMF0026!
2025-11-07 11:15:00+00:00,33,57,5884693,63.97,63.98,63.95,63.95,155,BRN FMF0026!
2025-11-07 11:16:00+00:00,33,57,5884693,63.95,63.98,63.93,63.98,381,BRN FMF0026!
2025-11-07 11:17:00+00:00,33,57,5884693,63.99,63.99,63.96,63.98,2999,BRN FMF0026!
2025-11-07 11:18:00+00:00,33,57,5884693,63.98,63.98,63.97,63.97,86,BRN FMF0026!
2025-11-07 11:19:00+00:00,33,57,5884693,63.97,63.97,63.95,63.96,94,BRN FMF0026!
2025-11-07 11:20:00+00:00,33,57,5884693,63.97,63.97,63.92,63.94,454,BRN FMF0026!
2025-11-07 11:21:00+00:00,33,57,5884693,63.94,63.95,63.93,63.93,87,BRN FMF0026!
2025-11-07 11:22:00+00:00,33,57,5884693,63.93,63.94,63.92,63.93,115,BRN FMF0026!
2025-11-07 11:23:00+00:00,33,57,5884693,63.94,63.97,63.94,63.95,149,BRN FMF0026!
2025-11-07 11:24:00+00:00,33,57,5884693,63.94,63.96,63.94,63.94,147,BRN FMF0026!
2025-11-07 11:25:00+00:00,33,57,5884693,63.93,63.94,63.91,63.92,366,BRN FMF0026!
2025-11-07 11:26:00+00:00,33,57,5884693,63.93,63.94,63.9,63.92,225,BRN FMF0026!
2025-11-07 11:27:00+00:00,33,57,5884693,63.91,63.94,63.91,63.92,85,BRN FMF0026!
2025-11-07 11:28:00+00:00,33,57,5884693,63.92,63.95,63.92,63.94,93,BRN FMF0026!
2025-11-07 11:29:00+00:00,33,57,5884693,63.94,63.98,63.94,63.96,160,BRN FMF0026!
2025-11-07 11:30:00+00:00,33,57,5884693,63.96,63.97,63.9,63.92,464,BRN FMF0026!
2025-11-07 11:31:00+00:00,33,57,5884693,63.91,63.94,63.86,63.92,606,BRN FMF0026!
2025-11-07 11:32:00+00:00,33,57,5884693,63.92,63.92,63.86,63.88,486,BRN FMF0026!
2025-11-07 11:33:00+00:00,33,57,5884693,63.88,63.92,63.87,63.87,340,BRN FMF0026!
2025-11-07 11:34:00+00:00,33,57,5884693,63.87,63.89,63.85,63.87,227,BRN FMF0026!
2025-11-07 11:35:00+00:00,33,57,5884693,63.86,63.9,63.85,63.86,290,BRN FMF0026!
2025-11-07 11:36:00+00:00,33,57,5884693,63.86,63.87,63.85,63.85,515,BRN FMF0026!
2025-11-07 11:37:00+00:00,33,57,5884693,63.85,63.87,63.85,63.86,778,BRN FMF0026!
2025-11-07 11:38:00+00:00,33,57,5884693,63.87,63.89,63.86,63.86,173,BRN FMF0026!
2025-11-07 11:39:00+00:00,33,57,5884693,63.85,63.86,63.82,63.85,266,BRN FMF0026!
2025-11-07 11:40:00+00:00,33,57,5884693,63.85,63.88,63.84,63.85,330,BRN FMF0026!
2025-11-07 11:41:00+00:00,33,57,5884693,63.85,63.87,63.84,63.87,56,BRN FMF0026!
2025-11-07 11:42:00+00:00,33,57,5884693,63.87,63.87,63.85,63.86,79,BRN FMF0026!
2025-11-07 11:43:00+00:00,33,57,5884693,63.86,63.93,63.86,63.93,451,BRN FMF0026!
2025-11-07 11:44:00+00:00,33,57,5884693,63.93,63.94,63.92,63.93,120,BRN FMF0026!
2025-11-07 11:45:00+00:00,33,57,5884693,63.93,63.98,63.93,63.97,191,BRN FMF0026!
2025-11-07 11:46:00+00:00,33,57,5884693,63.98,63.99,63.97,63.98,275,BRN FMF0026!
2025-11-07 11:47:00+00:00,33,57,5884693,63.99,64.0,63.98,63.98,185,BRN FMF0026!
2025-11-07 11:48:00+00:00,33,57,5884693,63.99,64.0,63.96,63.96,105,BRN FMF0026!
2025-11-07 11:49:00+00:00,33,57,5884693,63.95,63.98,63.95,63.98,88,BRN FMF0026!
2025-11-07 11:50:00+00:00,33,57,5884693,63.97,64.01,63.97,64.0,412,BRN FMF0026!
2025-11-07 11:51:00+00:00,33,57,5884693,64.01,64.03,63.97,63.99,115,BRN FMF0026!
2025-11-07 11:52:00+00:00,33,57,5884693,63.99,63.99,63.96,63.98,140,BRN FMF0026!
2025-11-07 11:53:00+00:00,33,57,5884693,63.99,64.0,63.94,63.94,1087,BRN FMF0026!
2025-11-07 11:54:00+00:00,33,57,5884693,63.95,63.95,63.9,63.9,212,BRN FMF0026!
2025-11-07 11:55:00+00:00,33,57,5884693,63.9,63.93,63.9,63.92,159,BRN FMF0026!
2025-11-07 11:56:00+00:00,33,57,5884693,63.93,63.95,63.92,63.93,81,BRN FMF0026!
2025-11-07 11:57:00+00:00,33,57,5884693,63.94,63.95,63.94,63.95,76,BRN FMF0026!
2025-11-07 11:58:00+00:00,33,57,5884693,63.94,63.94,63.92,63.92,125,BRN FMF0026!
2025-11-07 11:59:00+00:00,33,57,5884693,63.92,63.94,63.9,63.93,245,BRN FMF0026!
2025-11-07 12:00:00+00:00,33,57,5884693,63.92,63.93,63.9,63.93,350,BRN FMF0026!
2025-11-07 12:01:00+00:00,33,57,5884693,63.94,63.96,63.92,63.96,136,BRN FMF0026!
2025-11-07 12:02:00+00:00,33,57,5884693,63.96,63.99,63.94,63.95,150,BRN FMF0026!
2025-11-07 12:03:00+00:00,33,57,5884693,63.95,63.96,63.94,63.96,101,BRN FMF0026!
2025-11-07 12:04:00+00:00,33,57,5884693,63.96,64.01,63.96,64.01,214,BRN FMF0026!
2025-11-07 12:05:00+00:00,33,57,5884693,64.0,64.01,63.95,63.96,205,BRN FMF0026!
2025-11-07 12:06:00+00:00,33,57,5884693,63.96,63.96,63.94,63.95,82,BRN FMF0026!
2025-11-07 12:07:00+00:00,33,57,5884693,63.96,63.97,63.93,63.95,59,BRN FMF0026!
2025-11-07 12:08:00+00:00,33,57,5884693,63.95,63.97,63.94,63.97,116,BRN FMF0026!
2025-11-07 12:09:00+00:00,33,57,5884693,63.97,63.99,63.96,63.98,144,BRN FMF0026!
2025-11-07 12:10:00+00:00,33,57,5884693,63.99,63.99,63.94,63.94,130,BRN FMF0026!
2025-11-07 12:11:00+00:00,33,57,5884693,63.94,63.95,63.93,63.94,107,BRN FMF0026!
2025-11-07 12:12:00+00:00,33,57,5884693,63.93,63.96,63.93,63.95,115,BRN FMF0026!
2025-11-07 12:13:00+00:00,33,57,5884693,63.94,63.95,63.93,63.94,84,BRN FMF0026!
2025-11-07 12:14:00+00:00,33,57,5884693,63.94,63.98,63.93,63.97,141,BRN FMF0026!
2025-11-07 12:15:00+00:00,33,57,5884693,63.96,63.98,63.93,63.95,436,BRN FMF0026!
2025-11-07 12:16:00+00:00,33,57,5884693,63.95,63.96,63.94,63.96,117,BRN FMF0026!
2025-11-07 12:17:00+00:00,33,57,5884693,63.96,63.96,63.93,63.94,50,BRN FMF0026!
2025-11-07 12:18:00+00:00,33,57,5884693,63.94,64.02,63.93,64.02,243,BRN FMF0026!
2025-11-07 12:19:00+00:00,33,57,5884693,64.02,64.02,63.98,63.98,54,BRN FMF0026!
2025-11-07 12:20:00+00:00,33,57,5884693,63.97,64.01,63.97,64.0,97,BRN FMF0026!
2025-11-07 12:21:00+00:00,33,57,5884693,64.0,64.0,63.98,63.98,36,BRN FMF0026!
2025-11-07 12:22:00+00:00,33,57,5884693,63.97,63.98,63.97,63.98,24,BRN FMF0026!
2025-11-07 12:23:00+00:00,33,57,5884693,63.98,63.99,63.97,63.98,66,BRN FMF0026!
2025-11-07 12:24:00+00:00,33,57,5884693,63.98,64.01,63.98,64.0,60,BRN FMF0026!
2025-11-07 12:25:00+00:00,33,57,5884693,63.99,64.01,63.99,64.01,277,BRN FMF0026!
2025-11-07 12:26:00+00:00,33,57,5884693,64.0,64.01,63.99,63.99,43,BRN FMF0026!
2025-11-07 12:27:00+00:00,33,57,5884693,63.98,64.0,63.96,63.99,206,BRN FMF0026!
2025-11-07 12:28:00+00:00,33,57,5884693,64.0,64.02,63.99,64.01,150,BRN FMF0026!
2025-11-07 12:29:00+00:00,33,57,5884693,64.01,64.01,64.0,64.0,39,BRN FMF0026!
2025-11-07 12:30:00+00:00,33,57,5884693,64.01,64.02,63.99,64.0,335,BRN FMF0026!
2025-11-07 12:31:00+00:00,33,57,5884693,64.0,64.03,64.0,64.01,331,BRN FMF0026!
2025-11-07 12:32:00+00:00,33,57,5884693,64.01,64.03,64.0,64.02,363,BRN FMF0026!
2025-11-07 12:33:00+00:00,33,57,5884693,64.0,64.02,63.98,63.99,189,BRN FMF0026!
2025-11-07 12:34:00+00:00,33,57,5884693,63.99,64.0,63.96,63.99,362,BRN FMF0026!
2025-11-07 12:35:00+00:00,33,57,5884693,64.0,64.0,63.98,63.98,123,BRN FMF0026!
2025-11-07 12:36:00+00:00,33,57,5884693,63.98,64.0,63.96,63.96,71,BRN FMF0026!
2025-11-07 12:37:00+00:00,33,57,5884693,63.96,63.96,63.95,63.95,246,BRN FMF0026!
2025-11-07 12:38:00+00:00,33,57,5884693,63.94,63.97,63.94,63.97,114,BRN FMF0026!
2025-11-07 12:39:00+00:00,33,57,5884693,63.95,63.97,63.91,63.94,204,BRN FMF0026!
2025-11-07 12:40:00+00:00,33,57,5884693,63.93,63.93,63.91,63.92,152,BRN FMF0026!
2025-11-07 12:41:00+00:00,33,57,5884693,63.91,63.92,63.89,63.92,71,BRN FMF0026!
2025-11-07 12:42:00+00:00,33,57,5884693,63.92,63.93,63.87,63.87,53,BRN FMF0026!
2025-11-07 12:43:00+00:00,33,57,5884693,63.88,63.9,63.87,63.88,71,BRN FMF0026!
2025-11-07 12:44:00+00:00,33,57,5884693,63.87,63.88,63.86,63.87,46,BRN FMF0026!
2025-11-07 12:45:00+00:00,33,57,5884693,63.87,63.88,63.83,63.85,1697,BRN FMF0026!
2025-11-07 12:46:00+00:00,33,57,5884693,63.84,63.87,63.83,63.87,204,BRN FMF0026!
2025-11-07 12:47:00+00:00,33,57,5884693,63.87,63.91,63.87,63.9,182,BRN FMF0026!
2025-11-07 12:48:00+00:00,33,57,5884693,63.9,63.9,63.87,63.89,86,BRN FMF0026!
2025-11-07 12:49:00+00:00,33,57,5884693,63.89,63.9,63.87,63.87,74,BRN FMF0026!
2025-11-07 12:50:00+00:00,33,57,5884693,63.87,63.87,63.85,63.86,97,BRN FMF0026!
2025-11-07 12:51:00+00:00,33,57,5884693,63.86,63.86,63.84,63.85,86,BRN FMF0026!
2025-11-07 12:52:00+00:00,33,57,5884693,63.85,63.88,63.85,63.88,68,BRN FMF0026!
2025-11-07 12:53:00+00:00,33,57,5884693,63.87,63.9,63.87,63.89,73,BRN FMF0026!
2025-11-07 12:54:00+00:00,33,57,5884693,63.9,63.9,63.89,63.9,53,BRN FMF0026!
2025-11-07 12:55:00+00:00,33,57,5884693,63.9,63.92,63.89,63.9,126,BRN FMF0026!
2025-11-07 12:56:00+00:00,33,57,5884693,63.9,63.91,63.9,63.9,15,BRN FMF0026!
2025-11-07 12:57:00+00:00,33,57,5884693,63.91,63.92,63.9,63.9,84,BRN FMF0026!
2025-11-07 12:58:00+00:00,33,57,5884693,63.89,63.91,63.89,63.89,190,BRN FMF0026!
2025-11-07 12:59:00+00:00,33,57,5884693,63.9,63.92,63.87,63.87,202,BRN FMF0026!
2025-11-07 13:00:00+00:00,33,57,5884693,63.87,63.91,63.82,63.9,838,BRN FMF0026!
2025-11-07 13:01:00+00:00,33,57,5884693,63.89,63.94,63.88,63.92,328,BRN FMF0026!
2025-11-07 13:02:00+00:00,33,57,5884693,63.92,63.92,63.88,63.88,304,BRN FMF0026!
2025-11-07 13:03:00+00:00,33,57,5884693,63.89,63.89,63.83,63.84,240,BRN FMF0026!
2025-11-07 13:04:00+00:00,33,57,5884693,63.85,63.86,63.83,63.85,125,BRN FMF0026!
2025-11-07 13:05:00+00:00,33,57,5884693,63.86,63.89,63.83,63.83,135,BRN FMF0026!
2025-11-07 13:06:00+00:00,33,57,5884693,63.82,63.83,63.75,63.8,3041,BRN FMF0026!
2025-11-07 13:07:00+00:00,33,57,5884693,63.79,63.8,63.73,63.74,341,BRN FMF0026!
2025-11-07 13:08:00+00:00,33,57,5884693,63.74,63.75,63.71,63.74,2407,BRN FMF0026!
2025-11-07 13:09:00+00:00,33,57,5884693,63.73,63.77,63.73,63.77,157,BRN FMF0026!
2025-11-07 13:10:00+00:00,33,57,5884693,63.78,63.79,63.76,63.79,204,BRN FMF0026!
2025-11-07 13:11:00+00:00,33,57,5884693,63.77,63.8,63.77,63.78,168,BRN FMF0026!
2025-11-07 13:12:00+00:00,33,57,5884693,63.77,63.78,63.77,63.78,79,BRN FMF0026!
2025-11-07 13:13:00+00:00,33,57,5884693,63.77,63.79,63.76,63.77,241,BRN FMF0026!
2025-11-07 13:14:00+00:00,33,57,5884693,63.77,63.82,63.77,63.79,138,BRN FMF0026!
2025-11-07 13:15:00+00:00,33,57,5884693,63.79,63.8,63.77,63.8,328,BRN FMF0026!
2025-11-07 13:16:00+00:00,33,57,5884693,63.79,63.83,63.79,63.82,330,BRN FMF0026!
2025-11-07 13:17:00+00:00,33,57,5884693,63.81,63.81,63.78,63.78,156,BRN FMF0026!
2025-11-07 13:18:00+00:00,33,57,5884693,63.77,63.79,63.77,63.78,83,BRN FMF0026!
2025-11-07 13:19:00+00:00,33,57,5884693,63.77,63.81,63.77,63.81,350,BRN FMF0026!
2025-11-07 13:20:00+00:00,33,57,5884693,63.81,63.88,63.81,63.88,548,BRN FMF0026!
2025-11-07 13:21:00+00:00,33,57,5884693,63.88,63.9,63.88,63.88,242,BRN FMF0026!
2025-11-07 13:22:00+00:00,33,57,5884693,63.88,63.89,63.84,63.85,86,BRN FMF0026!
2025-11-07 13:23:00+00:00,33,57,5884693,63.86,63.86,63.84,63.85,98,BRN FMF0026!
2025-11-07 13:24:00+00:00,33,57,5884693,63.85,63.85,63.79,63.79,551,BRN FMF0026!
2025-11-07 13:25:00+00:00,33,57,5884693,63.79,63.84,63.79,63.83,325,BRN FMF0026!
2025-11-07 13:26:00+00:00,33,57,5884693,63.82,63.83,63.8,63.81,81,BRN FMF0026!
2025-11-07 13:27:00+00:00,33,57,5884693,63.82,63.82,63.79,63.8,102,BRN FMF0026!
2025-11-07 13:28:00+00:00,33,57,5884693,63.8,63.85,63.79,63.84,151,BRN FMF0026!
2025-11-07 13:29:00+00:00,33,57,5884693,63.84,63.87,63.84,63.87,548,BRN FMF0026!
2025-11-07 13:30:00+00:00,33,57,5884693,63.85,63.86,63.81,63.86,870,BRN FMF0026!
2025-11-07 13:31:00+00:00,33,57,5884693,63.85,63.88,63.84,63.87,93,BRN FMF0026!
2025-11-07 13:32:00+00:00,33,57,5884693,63.87,63.87,63.82,63.83,544,BRN FMF0026!
2025-11-07 13:33:00+00:00,33,57,5884693,63.83,63.86,63.82,63.84,112,BRN FMF0026!
2025-11-07 13:34:00+00:00,33,57,5884693,63.84,63.84,63.77,63.79,235,BRN FMF0026!
2025-11-07 13:35:00+00:00,33,57,5884693,63.78,63.78,63.75,63.76,172,BRN FMF0026!
2025-11-07 13:36:00+00:00,33,57,5884693,63.75,63.75,63.73,63.73,316,BRN FMF0026!
2025-11-07 13:37:00+00:00,33,57,5884693,63.73,63.78,63.73,63.78,133,BRN FMF0026!
2025-11-07 13:38:00+00:00,33,57,5884693,63.78,63.79,63.74,63.75,90,BRN FMF0026!
2025-11-07 13:39:00+00:00,33,57,5884693,63.75,63.76,63.74,63.75,355,BRN FMF0026!
2025-11-07 13:40:00+00:00,33,57,5884693,63.75,63.75,63.72,63.73,151,BRN FMF0026!
2025-11-07 13:41:00+00:00,33,57,5884693,63.73,63.75,63.73,63.74,109,BRN FMF0026!
2025-11-07 13:42:00+00:00,33,57,5884693,63.75,63.76,63.74,63.74,40,BRN FMF0026!
2025-11-07 13:43:00+00:00,33,57,5884693,63.75,63.78,63.75,63.77,105,BRN FMF0026!
2025-11-07 13:44:00+00:00,33,57,5884693,63.77,63.79,63.75,63.77,249,BRN FMF0026!
2025-11-07 13:45:00+00:00,33,57,5884693,63.76,63.8,63.75,63.79,108,BRN FMF0026!
2025-11-07 13:46:00+00:00,33,57,5884693,63.8,63.83,63.79,63.83,221,BRN FMF0026!
2025-11-07 13:47:00+00:00,33,57,5884693,63.82,63.84,63.82,63.82,268,BRN FMF0026!
2025-11-07 13:48:00+00:00,33,57,5884693,63.82,63.85,63.81,63.83,209,BRN FMF0026!
2025-11-07 13:49:00+00:00,33,57,5884693,63.83,63.87,63.81,63.86,911,BRN FMF0026!
2025-11-07 13:50:00+00:00,33,57,5884693,63.86,63.9,63.86,63.89,261,BRN FMF0026!
2025-11-07 13:51:00+00:00,33,57,5884693,63.89,63.9,63.87,63.88,260,BRN FMF0026!
2025-11-07 13:52:00+00:00,33,57,5884693,63.89,63.91,63.87,63.88,169,BRN FMF0026!
2025-11-07 13:53:00+00:00,33,57,5884693,63.88,63.93,63.88,63.91,186,BRN FMF0026!
2025-11-07 13:54:00+00:00,33,57,5884693,63.91,63.91,63.85,63.85,128,BRN FMF0026!
2025-11-07 13:55:00+00:00,33,57,5884693,63.85,63.89,63.83,63.85,313,BRN FMF0026!
2025-11-07 13:56:00+00:00,33,57,5884693,63.86,63.86,63.79,63.8,347,BRN FMF0026!
2025-11-07 13:57:00+00:00,33,57,5884693,63.79,63.8,63.79,63.79,38,BRN FMF0026!
2025-11-07 13:58:00+00:00,33,57,5884693,63.8,63.82,63.79,63.81,159,BRN FMF0026!
2025-11-07 13:59:00+00:00,33,57,5884693,63.82,63.82,63.78,63.78,121,BRN FMF0026!
2025-11-07 14:00:00+00:00,33,57,5884693,63.79,63.86,63.74,63.84,572,BRN FMF0026!
2025-11-07 14:01:00+00:00,33,57,5884693,63.85,63.93,63.85,63.92,282,BRN FMF0026!
2025-11-07 14:02:00+00:00,33,57,5884693,63.92,64.0,63.88,63.9,1247,BRN FMF0026!
2025-11-07 14:03:00+00:00,33,57,5884693,63.91,63.93,63.87,63.92,1253,BRN FMF0026!
2025-11-07 14:04:00+00:00,33,57,5884693,63.91,63.92,63.87,63.89,250,BRN FMF0026!
2025-11-07 14:05:00+00:00,33,57,5884693,63.9,63.9,63.85,63.88,137,BRN FMF0026!
2025-11-07 14:06:00+00:00,33,57,5884693,63.88,63.91,63.87,63.89,165,BRN FMF0026!
2025-11-07 14:07:00+00:00,33,57,5884693,63.89,63.9,63.86,63.9,222,BRN FMF0026!
2025-11-07 14:08:00+00:00,33,57,5884693,63.9,63.94,63.88,63.94,404,BRN FMF0026!
2025-11-07 14:09:00+00:00,33,57,5884693,63.94,63.98,63.94,63.95,281,BRN FMF0026!
2025-11-07 14:10:00+00:00,33,57,5884693,63.95,63.96,63.93,63.94,230,BRN FMF0026!
2025-11-07 14:11:00+00:00,33,57,5884693,63.93,63.96,63.91,63.96,432,BRN FMF0026!
2025-11-07 14:12:00+00:00,33,57,5884693,63.96,63.96,63.88,63.89,188,BRN FMF0026!
2025-11-07 14:13:00+00:00,33,57,5884693,63.9,63.93,63.89,63.92,1051,BRN FMF0026!
2025-11-07 14:14:00+00:00,33,57,5884693,63.92,63.94,63.82,63.82,525,BRN FMF0026!
2025-11-07 14:15:00+00:00,33,57,5884693,63.82,63.85,63.8,63.82,490,BRN FMF0026!
2025-11-07 14:16:00+00:00,33,57,5884693,63.82,63.87,63.81,63.83,310,BRN FMF0026!
2025-11-07 14:17:00+00:00,33,57,5884693,63.83,63.87,63.81,63.85,315,BRN FMF0026!
2025-11-07 14:18:00+00:00,33,57,5884693,63.85,63.86,63.76,63.8,852,BRN FMF0026!
2025-11-07 14:19:00+00:00,33,57,5884693,63.81,63.88,63.81,63.85,766,BRN FMF0026!
2025-11-07 14:20:00+00:00,33,57,5884693,63.84,63.88,63.83,63.84,515,BRN FMF0026!
2025-11-07 14:21:00+00:00,33,57,5884693,63.85,63.9,63.84,63.88,740,BRN FMF0026!
2025-11-07 14:22:00+00:00,33,57,5884693,63.89,63.93,63.88,63.91,273,BRN FMF0026!
2025-11-07 14:23:00+00:00,33,57,5884693,63.91,63.94,63.9,63.93,300,BRN FMF0026!
2025-11-07 14:24:00+00:00,33,57,5884693,63.94,63.94,63.85,63.86,441,BRN FMF0026!
2025-11-07 14:25:00+00:00,33,57,5884693,63.86,63.88,63.83,63.88,378,BRN FMF0026!
2025-11-07 14:26:00+00:00,33,57,5884693,63.88,63.88,63.83,63.83,376,BRN FMF0026!
2025-11-07 14:27:00+00:00,33,57,5884693,63.83,63.89,63.81,63.85,221,BRN FMF0026!
2025-11-07 14:28:00+00:00,33,57,5884693,63.85,63.86,63.8,63.81,821,BRN FMF0026!
2025-11-07 14:29:00+00:00,33,57,5884693,63.8,63.82,63.73,63.74,844,BRN FMF0026!
2025-11-07 14:30:00+00:00,33,57,5884693,63.73,63.74,63.64,63.66,1557,BRN FMF0026!
2025-11-07 14:31:00+00:00,33,57,5884693,63.65,63.69,63.58,63.62,1946,BRN FMF0026!
2025-11-07 14:32:00+00:00,33,57,5884693,63.62,63.64,63.58,63.62,624,BRN FMF0026!
2025-11-07 14:33:00+00:00,33,57,5884693,63.62,63.85,63.59,63.63,3097,BRN FMF0026!
2025-11-07 14:34:00+00:00,33,57,5884693,63.63,63.86,63.59,63.64,712,BRN FMF0026!
2025-11-07 14:35:00+00:00,33,57,5884693,63.65,63.71,63.63,63.71,801,BRN FMF0026!
2025-11-07 14:36:00+00:00,33,57,5884693,63.7,63.71,63.62,63.63,595,BRN FMF0026!
2025-11-07 14:37:00+00:00,33,57,5884693,63.63,63.65,63.61,63.64,189,BRN FMF0026!
2025-11-07 14:38:00+00:00,33,57,5884693,63.65,63.65,63.61,63.63,398,BRN FMF0026!
2025-11-07 14:39:00+00:00,33,57,5884693,63.63,63.64,63.54,63.55,1250,BRN FMF0026!
2025-11-07 14:40:00+00:00,33,57,5884693,63.54,63.66,63.51,63.64,1171,BRN FMF0026!
2025-11-07 14:41:00+00:00,33,57,5884693,63.63,63.64,63.57,63.6,249,BRN FMF0026!
2025-11-07 14:42:00+00:00,33,57,5884693,63.59,63.62,63.57,63.6,524,BRN FMF0026!
2025-11-07 14:43:00+00:00,33,57,5884693,63.6,63.66,63.6,63.64,590,BRN FMF0026!
2025-11-07 14:44:00+00:00,33,57,5884693,63.64,63.66,63.6,63.62,203,BRN FMF0026!
2025-11-07 14:45:00+00:00,33,57,5884693,63.62,63.69,63.62,63.68,523,BRN FMF0026!
2025-11-07 14:46:00+00:00,33,57,5884693,63.68,63.71,63.61,63.62,464,BRN FMF0026!
2025-11-07 14:47:00+00:00,33,57,5884693,63.62,63.66,63.6,63.64,267,BRN FMF0026!
2025-11-07 14:48:00+00:00,33,57,5884693,63.64,63.74,63.63,63.73,532,BRN FMF0026!
2025-11-07 14:49:00+00:00,33,57,5884693,63.73,63.74,63.64,63.64,433,BRN FMF0026!
2025-11-07 14:50:00+00:00,33,57,5884693,63.63,63.67,63.6,63.67,1067,BRN FMF0026!
2025-11-07 14:51:00+00:00,33,57,5884693,63.66,63.69,63.63,63.67,242,BRN FMF0026!
2025-11-07 14:52:00+00:00,33,57,5884693,63.66,63.72,63.66,63.71,302,BRN FMF0026!
2025-11-07 14:53:00+00:00,33,57,5884693,63.72,63.8,63.71,63.73,890,BRN FMF0026!
2025-11-07 14:54:00+00:00,33,57,5884693,63.74,63.79,63.74,63.75,260,BRN FMF0026!
2025-11-07 14:55:00+00:00,33,57,5884693,63.75,63.82,63.73,63.76,433,BRN FMF0026!
2025-11-07 14:56:00+00:00,33,57,5884693,63.76,63.86,63.76,63.85,810,BRN FMF0026!
2025-11-07 14:57:00+00:00,33,57,5884693,63.86,63.87,63.84,63.86,239,BRN FMF0026!
2025-11-07 14:58:00+00:00,33,57,5884693,63.86,63.87,63.82,63.84,522,BRN FMF0026!
2025-11-07 14:59:00+00:00,33,57,5884693,63.85,63.86,63.83,63.85,86,BRN FMF0026!
2025-11-07 15:00:00+00:00,33,57,5884693,63.87,63.88,63.73,63.78,2946,BRN FMF0026!
2025-11-07 15:01:00+00:00,33,57,5884693,63.79,63.79,63.69,63.74,529,BRN FMF0026!
2025-11-07 15:02:00+00:00,33,57,5884693,63.74,63.78,63.71,63.71,348,BRN FMF0026!
2025-11-07 15:03:00+00:00,33,57,5884693,63.71,63.73,63.66,63.71,215,BRN FMF0026!
2025-11-07 15:04:00+00:00,33,57,5884693,63.71,63.74,63.7,63.74,425,BRN FMF0026!
2025-11-07 15:05:00+00:00,33,57,5884693,63.74,63.78,63.72,63.73,385,BRN FMF0026!
2025-11-07 15:06:00+00:00,33,57,5884693,63.73,63.74,63.66,63.68,262,BRN FMF0026!
2025-11-07 15:07:00+00:00,33,57,5884693,63.67,63.69,63.64,63.69,410,BRN FMF0026!
2025-11-07 15:08:00+00:00,33,57,5884693,63.68,63.7,63.65,63.69,192,BRN FMF0026!
2025-11-07 15:09:00+00:00,33,57,5884693,63.68,63.73,63.68,63.72,193,BRN FMF0026!
2025-11-07 15:10:00+00:00,33,57,5884693,63.72,63.76,63.72,63.73,180,BRN FMF0026!
2025-11-07 15:11:00+00:00,33,57,5884693,63.73,63.79,63.73,63.74,192,BRN FMF0026!
2025-11-07 15:12:00+00:00,33,57,5884693,63.75,63.77,63.71,63.74,164,BRN FMF0026!
2025-11-07 15:13:00+00:00,33,57,5884693,63.74,63.76,63.71,63.74,94,BRN FMF0026!
2025-11-07 15:14:00+00:00,33,57,5884693,63.74,63.77,63.71,63.72,126,BRN FMF0026!
2025-11-07 15:15:00+00:00,33,57,5884693,63.74,63.79,63.72,63.79,172,BRN FMF0026!
2025-11-07 15:16:00+00:00,33,57,5884693,63.78,63.81,63.73,63.73,302,BRN FMF0026!
2025-11-07 15:17:00+00:00,33,57,5884693,63.73,63.73,63.68,63.68,531,BRN FMF0026!
2025-11-07 15:18:00+00:00,33,57,5884693,63.68,63.71,63.66,63.67,225,BRN FMF0026!
2025-11-07 15:19:00+00:00,33,57,5884693,63.66,63.73,63.64,63.72,323,BRN FMF0026!
2025-11-07 15:20:00+00:00,33,57,5884693,63.72,63.75,63.71,63.71,176,BRN FMF0026!
2025-11-07 15:21:00+00:00,33,57,5884693,63.71,63.73,63.63,63.63,476,BRN FMF0026!
2025-11-07 15:22:00+00:00,33,57,5884693,63.64,63.69,63.63,63.67,360,BRN FMF0026!
2025-11-07 15:23:00+00:00,33,57,5884693,63.66,63.66,63.56,63.6,1086,BRN FMF0026!
2025-11-07 15:24:00+00:00,33,57,5884693,63.61,63.63,63.57,63.57,856,BRN FMF0026!
2025-11-07 15:25:00+00:00,33,57,5884693,63.57,63.63,63.56,63.63,494,BRN FMF0026!
2025-11-07 15:26:00+00:00,33,57,5884693,63.62,63.69,63.62,63.66,285,BRN FMF0026!
2025-11-07 15:27:00+00:00,33,57,5884693,63.67,63.68,63.63,63.64,365,BRN FMF0026!
2025-11-07 15:28:00+00:00,33,57,5884693,63.65,63.66,63.62,63.62,122,BRN FMF0026!
2025-11-07 15:29:00+00:00,33,57,5884693,63.62,63.62,63.56,63.58,664,BRN FMF0026!
2025-11-07 15:30:00+00:00,33,57,5884693,63.57,63.62,63.56,63.58,340,BRN FMF0026!
2025-11-07 15:31:00+00:00,33,57,5884693,63.57,63.65,63.57,63.63,416,BRN FMF0026!
2025-11-07 15:32:00+00:00,33,57,5884693,63.64,63.65,63.59,63.59,254,BRN FMF0026!
2025-11-07 15:33:00+00:00,33,57,5884693,63.58,63.64,63.57,63.59,283,BRN FMF0026!
2025-11-07 15:34:00+00:00,33,57,5884693,63.6,63.63,63.6,63.62,397,BRN FMF0026!
2025-11-07 15:35:00+00:00,33,57,5884693,63.61,63.68,63.61,63.67,498,BRN FMF0026!
2025-11-07 15:36:00+00:00,33,57,5884693,63.68,63.71,63.65,63.69,345,BRN FMF0026!
2025-11-07 15:37:00+00:00,33,57,5884693,63.69,63.69,63.63,63.63,228,BRN FMF0026!
2025-11-07 15:38:00+00:00,33,57,5884693,63.63,63.66,63.61,63.65,135,BRN FMF0026!
2025-11-07 15:39:00+00:00,33,57,5884693,63.64,63.65,63.62,63.62,98,BRN FMF0026!
2025-11-07 15:40:00+00:00,33,57,5884693,63.63,63.65,63.62,63.64,127,BRN FMF0026!
2025-11-07 15:41:00+00:00,33,57,5884693,63.64,63.66,63.61,63.66,216,BRN FMF0026!
2025-11-07 15:42:00+00:00,33,57,5884693,63.66,63.69,63.65,63.65,218,BRN FMF0026!
2025-11-07 15:43:00+00:00,33,57,5884693,63.64,63.64,63.61,63.63,268,BRN FMF0026!
2025-11-07 15:44:00+00:00,33,57,5884693,63.63,63.64,63.62,63.63,113,BRN FMF0026!
2025-11-07 15:45:00+00:00,33,57,5884693,63.62,63.62,63.52,63.53,719,BRN FMF0026!
2025-11-07 15:46:00+00:00,33,57,5884693,63.53,63.53,63.47,63.51,2276,BRN FMF0026!
2025-11-07 15:47:00+00:00,33,57,5884693,63.52,63.57,63.49,63.56,585,BRN FMF0026!
2025-11-07 15:48:00+00:00,33,57,5884693,63.57,63.58,63.53,63.54,983,BRN FMF0026!
2025-11-07 15:49:00+00:00,33,57,5884693,63.55,63.56,63.54,63.56,107,BRN FMF0026!
2025-11-07 15:50:00+00:00,33,57,5884693,63.57,63.63,63.57,63.6,483,BRN FMF0026!
2025-11-07 15:51:00+00:00,33,57,5884693,63.61,63.64,63.58,63.59,185,BRN FMF0026!
2025-11-07 15:52:00+00:00,33,57,5884693,63.59,63.64,63.59,63.63,132,BRN FMF0026!
2025-11-07 15:53:00+00:00,33,57,5884693,63.63,63.65,63.61,63.64,198,BRN FMF0026!
2025-11-07 15:54:00+00:00,33,57,5884693,63.64,63.64,63.57,63.58,380,BRN FMF0026!
2025-11-07 15:55:00+00:00,33,57,5884693,63.58,63.58,63.54,63.56,352,BRN FMF0026!
2025-11-07 15:56:00+00:00,33,57,5884693,63.57,63.57,63.53,63.56,391,BRN FMF0026!
2025-11-07 15:57:00+00:00,33,57,5884693,63.55,63.55,63.52,63.54,266,BRN FMF0026!
2025-11-07 15:58:00+00:00,33,57,5884693,63.53,63.55,63.53,63.54,279,BRN FMF0026!
2025-11-07 15:59:00+00:00,33,57,5884693,63.54,63.54,63.48,63.5,909,BRN FMF0026!
2025-11-07 16:00:00+00:00,33,57,5884693,63.5,63.56,63.47,63.56,429,BRN FMF0026!
2025-11-07 16:01:00+00:00,33,57,5884693,63.55,63.57,63.53,63.54,351,BRN FMF0026!
2025-11-07 16:02:00+00:00,33,57,5884693,63.54,63.57,63.53,63.53,630,BRN FMF0026!
2025-11-07 16:03:00+00:00,33,57,5884693,63.52,63.59,63.52,63.57,442,BRN FMF0026!
2025-11-07 16:04:00+00:00,33,57,5884693,63.57,63.58,63.56,63.58,234,BRN FMF0026!
2025-11-07 16:05:00+00:00,33,57,5884693,63.58,63.6,63.52,63.55,613,BRN FMF0026!
2025-11-07 16:06:00+00:00,33,57,5884693,63.56,63.57,63.54,63.57,240,BRN FMF0026!
2025-11-07 16:07:00+00:00,33,57,5884693,63.57,63.59,63.57,63.57,118,BRN FMF0026!
2025-11-07 16:08:00+00:00,33,57,5884693,63.58,63.59,63.52,63.57,486,BRN FMF0026!
2025-11-07 16:09:00+00:00,33,57,5884693,63.57,63.57,63.55,63.56,532,BRN FMF0026!
2025-11-07 16:10:00+00:00,33,57,5884693,63.56,63.58,63.55,63.57,315,BRN FMF0026!
2025-11-07 16:11:00+00:00,33,57,5884693,63.57,63.58,63.54,63.57,351,BRN FMF0026!
2025-11-07 16:12:00+00:00,33,57,5884693,63.58,63.6,63.57,63.57,168,BRN FMF0026!
2025-11-07 16:13:00+00:00,33,57,5884693,63.56,63.59,63.53,63.58,241,BRN FMF0026!
2025-11-07 16:14:00+00:00,33,57,5884693,63.57,63.57,63.55,63.57,167,BRN FMF0026!
2025-11-07 16:15:00+00:00,33,57,5884693,63.58,63.59,63.56,63.59,177,BRN FMF0026!
2025-11-07 16:16:00+00:00,33,57,5884693,63.58,63.59,63.56,63.56,244,BRN FMF0026!
2025-11-07 16:17:00+00:00,33,57,5884693,63.57,63.62,63.55,63.56,1198,BRN FMF0026!
2025-11-07 16:18:00+00:00,33,57,5884693,63.56,63.61,63.56,63.6,385,BRN FMF0026!
2025-11-07 16:19:00+00:00,33,57,5884693,63.58,63.61,63.57,63.61,263,BRN FMF0026!
2025-11-07 16:20:00+00:00,33,57,5884693,63.61,63.65,63.61,63.61,208,BRN FMF0026!
2025-11-07 16:21:00+00:00,33,57,5884693,63.62,63.67,63.62,63.66,246,BRN FMF0026!
2025-11-07 16:22:00+00:00,33,57,5884693,63.66,63.67,63.62,63.66,435,BRN FMF0026!
2025-11-07 16:23:00+00:00,33,57,5884693,63.66,63.67,63.64,63.66,494,BRN FMF0026!
2025-11-07 16:24:00+00:00,33,57,5884693,63.66,63.68,63.63,63.65,311,BRN FMF0026!
2025-11-07 16:25:00+00:00,33,57,5884693,63.64,63.64,63.56,63.57,784,BRN FMF0026!
2025-11-07 16:26:00+00:00,33,57,5884693,63.56,63.58,63.55,63.56,440,BRN FMF0026!
2025-11-07 16:27:00+00:00,33,57,5884693,63.56,63.59,63.55,63.59,297,BRN FMF0026!
2025-11-07 16:28:00+00:00,33,57,5884693,63.6,63.61,63.58,63.59,1045,BRN FMF0026!
2025-11-07 16:29:00+00:00,33,57,5884693,63.59,63.6,63.55,63.55,1662,BRN FMF0026!
2025-11-07 16:30:00+00:00,33,57,5884693,63.55,63.55,63.51,63.52,1236,BRN FMF0026!
2025-11-07 16:31:00+00:00,33,57,5884693,63.52,63.55,63.51,63.55,584,BRN FMF0026!
2025-11-07 16:32:00+00:00,33,57,5884693,63.56,63.57,63.52,63.53,256,BRN FMF0026!
2025-11-07 16:33:00+00:00,33,57,5884693,63.54,63.54,63.5,63.53,340,BRN FMF0026!
2025-11-07 16:34:00+00:00,33,57,5884693,63.52,63.57,63.51,63.57,297,BRN FMF0026!
2025-11-07 16:35:00+00:00,33,57,5884693,63.57,63.62,63.5,63.59,1018,BRN FMF0026!
2025-11-07 16:36:00+00:00,33,57,5884693,63.58,63.63,63.58,63.59,1369,BRN FMF0026!
2025-11-07 16:37:00+00:00,33,57,5884693,63.61,63.64,63.58,63.63,639,BRN FMF0026!
2025-11-07 16:38:00+00:00,33,57,5884693,63.63,63.64,63.58,63.58,510,BRN FMF0026!
2025-11-07 16:39:00+00:00,33,57,5884693,63.57,63.58,63.55,63.58,241,BRN FMF0026!
2025-11-07 16:40:00+00:00,33,57,5884693,63.57,63.63,63.57,63.63,415,BRN FMF0026!
2025-11-07 16:41:00+00:00,33,57,5884693,63.63,63.63,63.53,63.58,2826,BRN FMF0026!
2025-11-07 16:42:00+00:00,33,57,5884693,63.59,63.59,63.53,63.55,327,BRN FMF0026!
2025-11-07 16:43:00+00:00,33,57,5884693,63.56,63.59,63.53,63.58,229,BRN FMF0026!
2025-11-07 16:44:00+00:00,33,57,5884693,63.59,63.63,63.59,63.59,200,BRN FMF0026!
2025-11-07 16:45:00+00:00,33,57,5884693,63.6,63.61,63.57,63.61,182,BRN FMF0026!
2025-11-07 16:46:00+00:00,33,57,5884693,63.61,63.61,63.58,63.59,251,BRN FMF0026!
2025-11-07 16:47:00+00:00,33,57,5884693,63.59,63.63,63.5,63.61,334,BRN FMF0026!
2025-11-07 16:48:00+00:00,33,57,5884693,63.61,63.61,63.58,63.6,165,BRN FMF0026!
2025-11-07 16:49:00+00:00,33,57,5884693,63.61,63.62,63.59,63.59,232,BRN FMF0026!
2025-11-07 16:50:00+00:00,33,57,5884693,63.59,63.61,63.58,63.6,251,BRN FMF0026!
2025-11-07 16:51:00+00:00,33,57,5884693,63.59,63.66,63.59,63.66,478,BRN FMF0026!
2025-11-07 16:52:00+00:00,33,57,5884693,63.66,63.68,63.63,63.67,537,BRN FMF0026!
2025-11-07 16:53:00+00:00,33,57,5884693,63.68,63.71,63.67,63.68,861,BRN FMF0026!
2025-11-07 16:54:00+00:00,33,57,5884693,63.68,63.68,63.63,63.65,318,BRN FMF0026!
2025-11-07 16:55:00+00:00,33,57,5884693,63.65,63.66,63.63,63.64,521,BRN FMF0026!
2025-11-07 16:56:00+00:00,33,57,5884693,63.65,63.66,63.64,63.64,82,BRN FMF0026!
2025-11-07 16:57:00+00:00,33,57,5884693,63.64,63.64,63.57,63.59,240,BRN FMF0026!
2025-11-07 16:58:00+00:00,33,57,5884693,63.6,63.63,63.58,63.62,294,BRN FMF0026!
2025-11-07 16:59:00+00:00,33,57,5884693,63.61,63.69,63.6,63.66,409,BRN FMF0026!
2025-11-07 17:00:00+00:00,33,57,5884693,63.67,63.7,63.67,63.68,709,BRN FMF0026!
2025-11-07 17:01:00+00:00,33,57,5884693,63.68,63.74,63.68,63.71,246,BRN FMF0026!
2025-11-07 17:02:00+00:00,33,57,5884693,63.71,63.91,63.7,63.8,1527,BRN FMF0026!
2025-11-07 17:03:00+00:00,33,57,5884693,63.8,63.81,63.74,63.78,779,BRN FMF0026!
2025-11-07 17:04:00+00:00,33,57,5884693,63.78,63.78,63.75,63.77,2378,BRN FMF0026!
2025-11-07 17:05:00+00:00,33,57,5884693,63.76,63.76,63.72,63.72,265,BRN FMF0026!
2025-11-07 17:06:00+00:00,33,57,5884693,63.71,63.71,63.67,63.67,337,BRN FMF0026!
2025-11-07 17:07:00+00:00,33,57,5884693,63.67,63.69,63.66,63.69,220,BRN FMF0026!
2025-11-07 17:08:00+00:00,33,57,5884693,63.7,63.72,63.68,63.69,1376,BRN FMF0026!
2025-11-07 17:09:00+00:00,33,57,5884693,63.69,63.71,63.68,63.69,107,BRN FMF0026!
2025-11-07 17:10:00+00:00,33,57,5884693,63.69,63.72,63.68,63.72,117,BRN FMF0026!
2025-11-07 17:11:00+00:00,33,57,5884693,63.71,63.72,63.7,63.71,202,BRN FMF0026!
2025-11-07 17:12:00+00:00,33,57,5884693,63.71,63.71,63.66,63.7,615,BRN FMF0026!
2025-11-07 17:13:00+00:00,33,57,5884693,63.7,63.7,63.64,63.68,450,BRN FMF0026!
2025-11-07 17:14:00+00:00,33,57,5884693,63.68,63.7,63.68,63.7,172,BRN FMF0026!
2025-11-07 17:15:00+00:00,33,57,5884693,63.68,63.7,63.67,63.67,168,BRN FMF0026!
2025-11-07 17:16:00+00:00,33,57,5884693,63.67,63.67,63.63,63.64,324,BRN FMF0026!
2025-11-07 17:17:00+00:00,33,57,5884693,63.64,63.64,63.59,63.6,116,BRN FMF0026!
2025-11-07 17:18:00+00:00,33,57,5884693,63.6,63.61,63.57,63.57,155,BRN FMF0026!
2025-11-07 17:19:00+00:00,33,57,5884693,63.56,63.57,63.55,63.56,448,BRN FMF0026!
2025-11-07 17:20:00+00:00,33,57,5884693,63.57,63.68,63.49,63.5,1790,BRN FMF0026!
2025-11-07 17:21:00+00:00,33,57,5884693,63.49,63.5,63.46,63.49,7103,BRN FMF0026!
2025-11-07 17:22:00+00:00,33,57,5884693,63.49,63.55,63.49,63.55,303,BRN FMF0026!
2025-11-07 17:23:00+00:00,33,57,5884693,63.56,63.57,63.56,63.57,115,BRN FMF0026!
2025-11-07 17:24:00+00:00,33,57,5884693,63.56,63.7,63.55,63.57,623,BRN FMF0026!
2025-11-07 17:25:00+00:00,33,57,5884693,63.57,63.6,63.57,63.58,210,BRN FMF0026!
2025-11-07 17:26:00+00:00,33,57,5884693,63.58,63.59,63.55,63.56,169,BRN FMF0026!
2025-11-07 17:27:00+00:00,33,57,5884693,63.56,63.57,63.55,63.55,180,BRN FMF0026!
2025-11-07 17:28:00+00:00,33,57,5884693,63.55,63.55,63.53,63.54,167,BRN FMF0026!
2025-11-07 17:29:00+00:00,33,57,5884693,63.54,63.57,63.52,63.55,294,BRN FMF0026!
2025-11-07 17:30:00+00:00,33,57,5884693,63.55,63.59,63.54,63.58,295,BRN FMF0026!
2025-11-07 17:31:00+00:00,33,57,5884693,63.58,63.6,63.57,63.6,301,BRN FMF0026!
2025-11-07 17:32:00+00:00,33,57,5884693,63.6,63.64,63.6,63.61,259,BRN FMF0026!
2025-11-07 17:33:00+00:00,33,57,5884693,63.61,63.63,63.6,63.61,212,BRN FMF0026!
2025-11-07 17:34:00+00:00,33,57,5884693,63.6,63.61,63.58,63.59,197,BRN FMF0026!
2025-11-07 17:35:00+00:00,33,57,5884693,63.58,63.58,63.55,63.57,266,BRN FMF0026!
2025-11-07 17:36:00+00:00,33,57,5884693,63.57,63.58,63.56,63.58,644,BRN FMF0026!
2025-11-07 17:37:00+00:00,33,57,5884693,63.58,63.58,63.55,63.56,392,BRN FMF0026!
2025-11-07 17:38:00+00:00,33,57,5884693,63.56,63.57,63.52,63.52,499,BRN FMF0026!
2025-11-07 17:39:00+00:00,33,57,5884693,63.53,63.54,63.51,63.51,387,BRN FMF0026!
2025-11-07 17:40:00+00:00,33,57,5884693,63.51,63.53,63.51,63.53,151,BRN FMF0026!
2025-11-07 17:41:00+00:00,33,57,5884693,63.52,63.53,63.48,63.48,308,BRN FMF0026!
2025-11-07 17:42:00+00:00,33,57,5884693,63.48,63.51,63.45,63.51,486,BRN FMF0026!
2025-11-07 17:43:00+00:00,33,57,5884693,63.51,63.51,63.49,63.51,705,BRN FMF0026!
2025-11-07 17:44:00+00:00,33,57,5884693,63.51,63.52,63.44,63.46,1084,BRN FMF0026!
2025-11-07 17:45:00+00:00,33,57,5884693,63.46,63.5,63.42,63.43,2032,BRN FMF0026!
2025-11-07 17:46:00+00:00,33,57,5884693,63.43,63.47,63.42,63.44,324,BRN FMF0026!
2025-11-07 17:47:00+00:00,33,57,5884693,63.43,63.45,63.4,63.41,409,BRN FMF0026!
2025-11-07 17:48:00+00:00,33,57,5884693,63.41,63.47,63.35,63.36,3091,BRN FMF0026!
2025-11-07 17:49:00+00:00,33,57,5884693,63.37,63.39,63.27,63.29,3231,BRN FMF0026!
2025-11-07 17:50:00+00:00,33,57,5884693,63.28,63.32,63.27,63.29,527,BRN FMF0026!
2025-11-07 17:51:00+00:00,33,57,5884693,63.29,63.29,63.24,63.25,1087,BRN FMF0026!
2025-11-07 17:52:00+00:00,33,57,5884693,63.26,63.33,63.23,63.32,583,BRN FMF0026!
2025-11-07 17:53:00+00:00,33,57,5884693,63.32,63.36,63.3,63.33,317,BRN FMF0026!
2025-11-07 17:54:00+00:00,33,57,5884693,63.32,63.33,63.26,63.28,300,BRN FMF0026!
2025-11-07 17:55:00+00:00,33,57,5884693,63.29,63.31,63.29,63.3,197,BRN FMF0026!
2025-11-07 17:56:00+00:00,33,57,5884693,63.3,63.36,63.3,63.36,182,BRN FMF0026!
2025-11-07 17:57:00+00:00,33,57,5884693,63.36,63.41,63.35,63.38,816,BRN FMF0026!
2025-11-07 17:58:00+00:00,33,57,5884693,63.38,63.4,63.37,63.37,246,BRN FMF0026!
2025-11-07 17:59:00+00:00,33,57,5884693,63.37,63.42,63.37,63.4,217,BRN FMF0026!
2025-11-07 18:00:00+00:00,33,57,5884693,63.41,63.49,63.41,63.49,311,BRN FMF0026!
2025-11-07 18:01:00+00:00,33,57,5884693,63.48,63.49,63.46,63.46,233,BRN FMF0026!
2025-11-07 18:02:00+00:00,33,57,5884693,63.46,63.48,63.42,63.46,1502,BRN FMF0026!
2025-11-07 18:03:00+00:00,33,57,5884693,63.46,63.47,63.44,63.47,106,BRN FMF0026!
2025-11-07 18:04:00+00:00,33,57,5884693,63.48,63.52,63.47,63.5,276,BRN FMF0026!
2025-11-07 18:05:00+00:00,33,57,5884693,63.51,63.52,63.46,63.47,337,BRN FMF0026!
2025-11-07 18:06:00+00:00,33,57,5884693,63.47,63.49,63.44,63.48,188,BRN FMF0026!
2025-11-07 18:07:00+00:00,33,57,5884693,63.49,63.51,63.48,63.51,266,BRN FMF0026!
2025-11-07 18:08:00+00:00,33,57,5884693,63.51,63.55,63.49,63.55,499,BRN FMF0026!
2025-11-07 18:09:00+00:00,33,57,5884693,63.55,63.55,63.51,63.51,242,BRN FMF0026!
2025-11-07 18:10:00+00:00,33,57,5884693,63.52,63.54,63.51,63.53,178,BRN FMF0026!
2025-11-07 18:11:00+00:00,33,57,5884693,63.53,63.54,63.5,63.5,165,BRN FMF0026!
2025-11-07 18:12:00+00:00,33,57,5884693,63.5,63.53,63.47,63.48,716,BRN FMF0026!
2025-11-07 18:13:00+00:00,33,57,5884693,63.48,63.49,63.45,63.49,700,BRN FMF0026!
2025-11-07 18:14:00+00:00,33,57,5884693,63.48,63.49,63.46,63.46,121,BRN FMF0026!
2025-11-07 18:15:00+00:00,33,57,5884693,63.46,63.49,63.46,63.47,143,BRN FMF0026!
2025-11-07 18:16:00+00:00,33,57,5884693,63.47,63.51,63.45,63.5,688,BRN FMF0026!
2025-11-07 18:17:00+00:00,33,57,5884693,63.5,63.52,63.48,63.51,224,BRN FMF0026!
2025-11-07 18:18:00+00:00,33,57,5884693,63.52,63.53,63.5,63.52,82,BRN FMF0026!
2025-11-07 18:19:00+00:00,33,57,5884693,63.52,63.53,63.51,63.51,139,BRN FMF0026!
2025-11-07 18:20:00+00:00,33,57,5884693,63.52,63.54,63.51,63.52,166,BRN FMF0026!
2025-11-07 18:21:00+00:00,33,57,5884693,63.52,63.55,63.5,63.55,430,BRN FMF0026!
2025-11-07 18:22:00+00:00,33,57,5884693,63.54,63.58,63.54,63.57,285,BRN FMF0026!
2025-11-07 18:23:00+00:00,33,57,5884693,63.57,63.57,63.52,63.54,138,BRN FMF0026!
2025-11-07 18:24:00+00:00,33,57,5884693,63.55,63.59,63.54,63.59,198,BRN FMF0026!
2025-11-07 18:25:00+00:00,33,57,5884693,63.59,63.61,63.56,63.57,247,BRN FMF0026!
2025-11-07 18:26:00+00:00,33,57,5884693,63.58,63.6,63.57,63.6,148,BRN FMF0026!
2025-11-07 18:27:00+00:00,33,57,5884693,63.61,63.64,63.6,63.63,1053,BRN FMF0026!
2025-11-07 18:28:00+00:00,33,57,5884693,63.64,63.64,63.61,63.63,426,BRN FMF0026!
2025-11-07 18:29:00+00:00,33,57,5884693,63.62,63.65,63.61,63.64,156,BRN FMF0026!
2025-11-07 18:30:00+00:00,33,57,5884693,63.64,63.65,63.61,63.63,642,BRN FMF0026!
2025-11-07 18:31:00+00:00,33,57,5884693,63.64,63.67,63.64,63.66,283,BRN FMF0026!
2025-11-07 18:32:00+00:00,33,57,5884693,63.66,63.66,63.65,63.65,130,BRN FMF0026!
2025-11-07 18:33:00+00:00,33,57,5884693,63.64,63.64,63.59,63.59,470,BRN FMF0026!
2025-11-07 18:34:00+00:00,33,57,5884693,63.59,63.61,63.57,63.6,169,BRN FMF0026!
2025-11-07 18:35:00+00:00,33,57,5884693,63.59,63.59,63.56,63.58,197,BRN FMF0026!
2025-11-07 18:36:00+00:00,33,57,5884693,63.58,63.6,63.57,63.59,684,BRN FMF0026!
2025-11-07 18:37:00+00:00,33,57,5884693,63.59,63.62,63.59,63.62,132,BRN FMF0026!
2025-11-07 18:38:00+00:00,33,57,5884693,63.62,63.65,63.62,63.65,156,BRN FMF0026!
2025-11-07 18:39:00+00:00,33,57,5884693,63.66,63.72,63.65,63.71,192,BRN FMF0026!
2025-11-07 18:40:00+00:00,33,57,5884693,63.72,63.72,63.71,63.71,149,BRN FMF0026!
2025-11-07 18:41:00+00:00,33,57,5884693,63.71,63.72,63.67,63.67,126,BRN FMF0026!
2025-11-07 18:42:00+00:00,33,57,5884693,63.66,63.69,63.66,63.68,465,BRN FMF0026!
2025-11-07 18:43:00+00:00,33,57,5884693,63.68,63.68,63.64,63.64,375,BRN FMF0026!
2025-11-07 18:44:00+00:00,33,57,5884693,63.65,63.66,63.61,63.62,168,BRN FMF0026!
2025-11-07 18:45:00+00:00,33,57,5884693,63.63,63.65,63.63,63.63,116,BRN FMF0026!
2025-11-07 18:46:00+00:00,33,57,5884693,63.63,63.66,63.63,63.65,353,BRN FMF0026!
2025-11-07 18:47:00+00:00,33,57,5884693,63.64,63.64,63.6,63.6,77,BRN FMF0026!
2025-11-07 18:48:00+00:00,33,57,5884693,63.61,63.62,63.61,63.62,142,BRN FMF0026!
2025-11-07 18:49:00+00:00,33,57,5884693,63.61,63.61,63.59,63.59,112,BRN FMF0026!
2025-11-07 18:50:00+00:00,33,57,5884693,63.59,63.6,63.58,63.6,76,BRN FMF0026!
2025-11-07 18:51:00+00:00,33,57,5884693,63.6,63.6,63.56,63.56,198,BRN FMF0026!
2025-11-07 18:52:00+00:00,33,57,5884693,63.56,63.58,63.55,63.56,485,BRN FMF0026!
2025-11-07 18:53:00+00:00,33,57,5884693,63.56,63.57,63.55,63.56,118,BRN FMF0026!
2025-11-07 18:54:00+00:00,33,57,5884693,63.55,63.58,63.55,63.56,129,BRN FMF0026!
2025-11-07 18:55:00+00:00,33,57,5884693,63.57,63.59,63.57,63.57,636,BRN FMF0026!
2025-11-07 18:56:00+00:00,33,57,5884693,63.57,63.59,63.57,63.57,174,BRN FMF0026!
2025-11-07 18:57:00+00:00,33,57,5884693,63.57,63.58,63.56,63.58,390,BRN FMF0026!
2025-11-07 18:58:00+00:00,33,57,5884693,63.59,63.64,63.59,63.63,302,BRN FMF0026!
2025-11-07 18:59:00+00:00,33,57,5884693,63.64,63.67,63.62,63.62,527,BRN FMF0026!
2025-11-07 19:00:00+00:00,33,57,5884693,63.62,63.65,63.6,63.64,323,BRN FMF0026!
2025-11-07 19:01:00+00:00,33,57,5884693,63.64,63.69,63.64,63.67,722,BRN FMF0026!
2025-11-07 19:02:00+00:00,33,57,5884693,63.67,63.68,63.63,63.65,343,BRN FMF0026!
2025-11-07 19:03:00+00:00,33,57,5884693,63.65,63.68,63.65,63.68,65,BRN FMF0026!
2025-11-07 19:04:00+00:00,33,57,5884693,63.68,63.68,63.63,63.64,409,BRN FMF0026!
2025-11-07 19:05:00+00:00,33,57,5884693,63.64,63.65,63.6,63.6,682,BRN FMF0026!
2025-11-07 19:06:00+00:00,33,57,5884693,63.61,63.64,63.61,63.63,112,BRN FMF0026!
2025-11-07 19:07:00+00:00,33,57,5884693,63.64,63.65,63.62,63.64,151,BRN FMF0026!
2025-11-07 19:08:00+00:00,33,57,5884693,63.65,63.66,63.65,63.66,112,BRN FMF0026!
2025-11-07 19:09:00+00:00,33,57,5884693,63.65,63.65,63.6,63.6,626,BRN FMF0026!
2025-11-07 19:10:00+00:00,33,57,5884693,63.61,63.62,63.6,63.61,159,BRN FMF0026!
2025-11-07 19:11:00+00:00,33,57,5884693,63.61,63.62,63.59,63.6,103,BRN FMF0026!
2025-11-07 19:12:00+00:00,33,57,5884693,63.61,63.63,63.6,63.62,246,BRN FMF0026!
2025-11-07 19:13:00+00:00,33,57,5884693,63.61,63.61,63.58,63.59,206,BRN FMF0026!
2025-11-07 19:14:00+00:00,33,57,5884693,63.59,63.59,63.57,63.58,274,BRN FMF0026!
2025-11-07 19:15:00+00:00,33,57,5884693,63.59,63.62,63.59,63.62,424,BRN FMF0026!
2025-11-07 19:16:00+00:00,33,57,5884693,63.61,63.63,63.61,63.61,354,BRN FMF0026!
2025-11-07 19:17:00+00:00,33,57,5884693,63.61,63.62,63.61,63.61,457,BRN FMF0026!
2025-11-07 19:18:00+00:00,33,57,5884693,63.61,63.62,63.61,63.62,249,BRN FMF0026!
2025-11-07 19:19:00+00:00,33,57,5884693,63.62,63.64,63.61,63.63,420,BRN FMF0026!
2025-11-07 19:20:00+00:00,33,57,5884693,63.62,63.65,63.62,63.62,160,BRN FMF0026!
2025-11-07 19:21:00+00:00,33,57,5884693,63.63,63.69,63.63,63.68,416,BRN FMF0026!
2025-11-07 19:22:00+00:00,33,57,5884693,63.68,63.68,63.66,63.66,182,BRN FMF0026!
2025-11-07 19:23:00+00:00,33,57,5884693,63.67,63.67,63.65,63.67,124,BRN FMF0026!
2025-11-07 19:24:00+00:00,33,57,5884693,63.66,63.69,63.66,63.68,362,BRN FMF0026!
2025-11-07 19:25:00+00:00,33,57,5884693,63.66,63.68,63.63,63.67,1566,BRN FMF0026!
2025-11-07 19:26:00+00:00,33,57,5884693,63.67,63.67,63.63,63.63,375,BRN FMF0026!
2025-11-07 19:27:00+00:00,33,57,5884693,63.64,63.64,63.57,63.61,3660,BRN FMF0026!
2025-11-07 19:28:00+00:00,33,57,5884693,63.61,63.67,63.59,63.64,5552,BRN FMF0026!
2025-11-07 19:29:00+00:00,33,57,5884693,63.64,63.67,63.6,63.62,8509,BRN FMF0026!
2025-11-07 19:30:00+00:00,33,57,5884693,63.63,63.69,63.62,63.69,640,BRN FMF0026!
2025-11-07 19:31:00+00:00,33,57,5884693,63.68,63.71,63.67,63.71,1774,BRN FMF0026!
2025-11-07 19:32:00+00:00,33,57,5884693,63.72,63.76,63.71,63.75,698,BRN FMF0026!
2025-11-07 19:33:00+00:00,33,57,5884693,63.74,63.75,63.73,63.73,275,BRN FMF0026!
2025-11-07 19:34:00+00:00,33,57,5884693,63.72,63.74,63.71,63.73,497,BRN FMF0026!
2025-11-07 19:35:00+00:00,33,57,5884693,63.72,63.73,63.71,63.72,323,BRN FMF0026!
2025-11-07 19:36:00+00:00,33,57,5884693,63.71,63.74,63.71,63.71,267,BRN FMF0026!
2025-11-07 19:37:00+00:00,33,57,5884693,63.71,63.72,63.7,63.72,103,BRN FMF0026!
2025-11-07 19:38:00+00:00,33,57,5884693,63.71,63.74,63.71,63.73,153,BRN FMF0026!
2025-11-07 19:39:00+00:00,33,57,5884693,63.72,63.74,63.71,63.71,822,BRN FMF0026!
2025-11-07 19:40:00+00:00,33,57,5884693,63.71,63.74,63.71,63.73,213,BRN FMF0026!
2025-11-07 19:41:00+00:00,33,57,5884693,63.73,63.75,63.72,63.72,225,BRN FMF0026!
2025-11-07 19:42:00+00:00,33,57,5884693,63.73,63.73,63.68,63.69,151,BRN FMF0026!
2025-11-07 19:43:00+00:00,33,57,5884693,63.69,63.71,63.69,63.71,107,BRN FMF0026!
2025-11-07 19:44:00+00:00,33,57,5884693,63.71,63.72,63.7,63.72,105,BRN FMF0026!
2025-11-07 19:45:00+00:00,33,57,5884693,63.71,63.72,63.7,63.7,148,BRN FMF0026!
2025-11-07 19:46:00+00:00,33,57,5884693,63.7,63.7,63.66,63.68,593,BRN FMF0026!
2025-11-07 19:47:00+00:00,33,57,5884693,63.67,63.7,63.67,63.69,81,BRN FMF0026!
2025-11-07 19:48:00+00:00,33,57,5884693,63.69,63.71,63.68,63.7,315,BRN FMF0026!
2025-11-07 19:49:00+00:00,33,57,5884693,63.7,63.72,63.7,63.72,306,BRN FMF0026!
2025-11-07 19:50:00+00:00,33,57,5884693,63.71,63.72,63.71,63.71,52,BRN FMF0026!
2025-11-07 19:51:00+00:00,33,57,5884693,63.7,63.71,63.7,63.7,63,BRN FMF0026!
2025-11-07 19:52:00+00:00,33,57,5884693,63.71,63.71,63.71,63.71,27,BRN FMF0026!
2025-11-07 19:53:00+00:00,33,57,5884693,63.72,63.72,63.72,63.72,69,BRN FMF0026!
2025-11-07 19:54:00+00:00,33,57,5884693,63.72,63.72,63.71,63.72,122,BRN FMF0026!
2025-11-07 19:55:00+00:00,33,57,5884693,63.72,63.73,63.72,63.73,65,BRN FMF0026!
2025-11-07 19:56:00+00:00,33,57,5884693,63.72,63.74,63.72,63.74,14,BRN FMF0026!
2025-11-07 19:57:00+00:00,33,57,5884693,63.73,63.73,63.72,63.73,49,BRN FMF0026!
2025-11-07 19:58:00+00:00,33,57,5884693,63.73,63.74,63.73,63.73,229,BRN FMF0026!
2025-11-07 19:59:00+00:00,33,57,5884693,63.74,63.74,63.73,63.73,134,BRN FMF0026!
2025-11-07 20:00:00+00:00,33,57,5884693,63.73,63.74,63.73,63.73,47,BRN FMF0026!
2025-11-07 20:01:00+00:00,33,57,5884693,63.73,63.73,63.72,63.73,43,BRN FMF0026!
2025-11-07 20:02:00+00:00,33,57,5884693,63.73,63.74,63.71,63.71,69,BRN FMF0026!
2025-11-07 20:03:00+00:00,33,57,5884693,63.72,63.72,63.7,63.71,116,BRN FMF0026!
2025-11-07 20:04:00+00:00,33,57,5884693,63.71,63.72,63.71,63.71,106,BRN FMF0026!
2025-11-07 20:05:00+00:00,33,57,5884693,63.71,63.71,63.67,63.69,88,BRN FMF0026!
2025-11-07 20:06:00+00:00,33,57,5884693,63.69,63.69,63.69,63.69,87,BRN FMF0026!
2025-11-07 20:07:00+00:00,33,57,5884693,63.69,63.69,63.67,63.68,113,BRN FMF0026!
2025-11-07 20:08:00+00:00,33,57,5884693,63.68,63.71,63.68,63.71,76,BRN FMF0026!
2025-11-07 20:09:00+00:00,33,57,5884693,63.72,63.72,63.71,63.71,89,BRN FMF0026!
2025-11-07 20:10:00+00:00,33,57,5884693,63.72,63.72,63.72,63.72,10,BRN FMF0026!
2025-11-07 20:11:00+00:00,33,57,5884693,63.71,63.72,63.71,63.72,46,BRN FMF0026!
2025-11-07 20:12:00+00:00,33,57,5884693,63.73,63.75,63.72,63.73,433,BRN FMF0026!
2025-11-07 20:13:00+00:00,33,57,5884693,63.72,63.72,63.71,63.71,120,BRN FMF0026!
2025-11-07 20:14:00+00:00,33,57,5884693,63.71,63.71,63.69,63.71,103,BRN FMF0026!
2025-11-07 20:15:00+00:00,33,57,5884693,63.71,63.72,63.71,63.72,37,BRN FMF0026!
2025-11-07 20:16:00+00:00,33,57,5884693,63.71,63.71,63.71,63.71,16,BRN FMF0026!
2025-11-07 20:17:00+00:00,33,57,5884693,63.7,63.7,63.69,63.7,87,BRN FMF0026!
2025-11-07 20:18:00+00:00,33,57,5884693,63.7,63.7,63.69,63.69,142,BRN FMF0026!
2025-11-07 20:19:00+00:00,33,57,5884693,63.69,63.69,63.69,63.69,45,BRN FMF0026!
2025-11-07 20:20:00+00:00,33,57,5884693,63.69,63.7,63.68,63.68,52,BRN FMF0026!
2025-11-07 20:21:00+00:00,33,57,5884693,63.68,63.69,63.68,63.69,15,BRN FMF0026!
2025-11-07 20:22:00+00:00,33,57,5884693,63.69,63.7,63.6,63.61,278,BRN FMF0026!
2025-11-07 20:23:00+00:00,33,57,5884693,63.61,63.63,63.61,63.62,53,BRN FMF0026!
2025-11-07 20:24:00+00:00,33,57,5884693,63.63,63.63,63.63,63.63,38,BRN FMF0026!
2025-11-07 20:25:00+00:00,33,57,5884693,63.63,63.63,63.6,63.6,18,BRN FMF0026!
2025-11-07 20:26:00+00:00,33,57,5884693,63.6,63.6,63.59,63.59,130,BRN FMF0026!
2025-11-07 20:27:00+00:00,33,57,5884693,63.59,63.62,63.59,63.62,106,BRN FMF0026!
2025-11-07 20:28:00+00:00,33,57,5884693,63.62,63.62,63.54,63.6,718,BRN FMF0026!
2025-11-07 20:29:00+00:00,33,57,5884693,63.6,63.61,63.59,63.6,60,BRN FMF0026!
2025-11-07 20:30:00+00:00,33,57,5884693,63.6,63.61,63.58,63.61,48,BRN FMF0026!
2025-11-07 20:31:00+00:00,33,57,5884693,63.6,63.6,63.58,63.6,19,BRN FMF0026!
2025-11-07 20:32:00+00:00,33,57,5884693,63.61,63.61,63.6,63.6,10,BRN FMF0026!
2025-11-07 20:33:00+00:00,33,57,5884693,63.6,63.61,63.6,63.61,14,BRN FMF0026!
2025-11-07 20:34:00+00:00,33,57,5884693,63.61,63.62,63.6,63.61,38,BRN FMF0026!
2025-11-07 20:35:00+00:00,33,57,5884693,63.61,63.62,63.61,63.62,19,BRN FMF0026!
2025-11-07 20:36:00+00:00,33,57,5884693,63.62,63.65,63.62,63.65,28,BRN FMF0026!
2025-11-07 20:37:00+00:00,33,57,5884693,63.65,63.65,63.63,63.63,33,BRN FMF0026!
2025-11-07 20:38:00+00:00,33,57,5884693,63.63,63.64,63.63,63.63,28,BRN FMF0026!
2025-11-07 20:39:00+00:00,33,57,5884693,63.63,63.64,63.63,63.63,36,BRN FMF0026!
2025-11-07 20:40:00+00:00,33,57,5884693,63.64,63.64,63.64,63.64,13,BRN FMF0026!
2025-11-07 20:41:00+00:00,33,57,5884693,63.63,63.64,63.63,63.64,21,BRN FMF0026!
2025-11-07 20:42:00+00:00,33,57,5884693,63.64,63.64,63.64,63.64,15,BRN FMF0026!
2025-11-07 20:43:00+00:00,33,57,5884693,63.64,63.64,63.63,63.64,38,BRN FMF0026!
2025-11-07 20:44:00+00:00,33,57,5884693,63.64,63.67,63.64,63.67,25,BRN FMF0026!
2025-11-07 20:45:00+00:00,33,57,5884693,63.66,63.66,63.64,63.65,13,BRN FMF0026!
2025-11-07 20:46:00+00:00,33,57,5884693,63.64,63.65,63.64,63.64,29,BRN FMF0026!
2025-11-07 20:47:00+00:00,33,57,5884693,63.64,63.64,63.62,63.62,10,BRN FMF0026!
2025-11-07 20:48:00+00:00,33,57,5884693,63.62,63.62,63.62,63.62,11,BRN FMF0026!
2025-11-07 20:49:00+00:00,33,57,5884693,63.62,63.62,63.61,63.62,21,BRN FMF0026!
2025-11-07 20:50:00+00:00,33,57,5884693,63.62,63.65,63.62,63.64,29,BRN FMF0026!
2025-11-07 20:51:00+00:00,33,57,5884693,63.64,63.66,63.64,63.66,48,BRN FMF0026!
2025-11-07 20:52:00+00:00,33,57,5884693,63.66,63.68,63.66,63.67,94,BRN FMF0026!
2025-11-07 20:53:00+00:00,33,57,5884693,63.68,63.69,63.66,63.67,96,BRN FMF0026!
2025-11-07 20:54:00+00:00,33,57,5884693,63.67,63.69,63.67,63.67,55,BRN FMF0026!
2025-11-07 20:55:00+00:00,33,57,5884693,63.67,63.69,63.65,63.69,160,BRN FMF0026!
2025-11-07 20:56:00+00:00,33,57,5884693,63.69,63.7,63.67,63.67,71,BRN FMF0026!
2025-11-07 20:57:00+00:00,33,57,5884693,63.67,63.68,63.66,63.68,43,BRN FMF0026!
2025-11-07 20:58:00+00:00,33,57,5884693,63.68,63.69,63.68,63.69,41,BRN FMF0026!
2025-11-07 20:59:00+00:00,33,57,5884693,63.69,63.69,63.68,63.69,42,BRN FMF0026!
2025-11-07 21:00:00+00:00,33,57,5884693,63.68,63.68,63.67,63.68,25,BRN FMF0026!
2025-11-07 21:01:00+00:00,33,57,5884693,63.69,63.71,63.69,63.71,18,BRN FMF0026!
2025-11-07 21:02:00+00:00,33,57,5884693,63.7,63.73,63.7,63.72,18,BRN FMF0026!
2025-11-07 21:03:00+00:00,33,57,5884693,63.72,63.73,63.72,63.73,58,BRN FMF0026!
2025-11-07 21:04:00+00:00,33,57,5884693,63.72,63.72,63.72,63.72,2,BRN FMF0026!
2025-11-07 21:05:00+00:00,33,57,5884693,63.72,63.73,63.72,63.73,34,BRN FMF0026!
2025-11-07 21:06:00+00:00,33,57,5884693,63.73,63.73,63.72,63.73,24,BRN FMF0026!
2025-11-07 21:07:00+00:00,33,57,5884693,63.72,63.73,63.71,63.73,64,BRN FMF0026!
2025-11-07 21:08:00+00:00,33,57,5884693,63.72,63.74,63.72,63.74,504,BRN FMF0026!
2025-11-07 21:09:00+00:00,33,57,5884693,63.74,63.74,63.73,63.74,22,BRN FMF0026!
2025-11-07 21:10:00+00:00,33,57,5884693,63.74,63.76,63.73,63.76,44,BRN FMF0026!
2025-11-07 21:11:00+00:00,33,57,5884693,63.75,63.75,63.75,63.75,8,BRN FMF0026!
2025-11-07 21:12:00+00:00,33,57,5884693,63.76,63.76,63.75,63.76,24,BRN FMF0026!
2025-11-07 21:13:00+00:00,33,57,5884693,63.76,63.76,63.74,63.75,27,BRN FMF0026!
2025-11-07 21:14:00+00:00,33,57,5884693,63.76,63.76,63.76,63.76,9,BRN FMF0026!
2025-11-07 21:15:00+00:00,33,57,5884693,63.75,63.75,63.74,63.75,28,BRN FMF0026!
2025-11-07 21:16:00+00:00,33,57,5884693,63.75,63.75,63.75,63.75,8,BRN FMF0026!
2025-11-07 21:17:00+00:00,33,57,5884693,63.75,63.75,63.73,63.73,10,BRN FMF0026!
2025-11-07 21:18:00+00:00,33,57,5884693,63.74,63.74,63.74,63.74,255,BRN FMF0026!
2025-11-07 21:19:00+00:00,33,57,5884693,63.74,63.75,63.73,63.75,211,BRN FMF0026!
2025-11-07 21:20:00+00:00,33,57,5884693,63.76,63.77,63.76,63.76,369,BRN FMF0026!
2025-11-07 21:21:00+00:00,33,57,5884693,63.77,63.77,63.76,63.76,44,BRN FMF0026!
2025-11-07 21:22:00+00:00,33,57,5884693,63.76,63.76,63.75,63.75,5,BRN FMF0026!
2025-11-07 21:23:00+00:00,33,57,5884693,63.75,63.76,63.75,63.76,4,BRN FMF0026!
2025-11-07 21:24:00+00:00,33,57,5884693,63.77,63.77,63.77,63.77,28,BRN FMF0026!
2025-11-07 21:25:00+00:00,33,57,5884693,63.77,63.77,63.76,63.77,564,BRN FMF0026!
2025-11-07 21:26:00+00:00,33,57,5884693,,,,,1,BRN FMF0026!
2025-11-07 21:27:00+00:00,33,57,5884693,63.76,63.76,63.75,63.75,24,BRN FMF0026!
2025-11-07 21:28:00+00:00,33,57,5884693,63.75,63.75,63.75,63.75,19,BRN FMF0026!
2025-11-07 21:29:00+00:00,33,57,5884693,63.75,63.75,63.74,63.74,20,BRN FMF0026!
2025-11-07 21:30:00+00:00,33,57,5884693,63.76,63.76,63.74,63.74,129,BRN FMF0026!
2025-11-07 21:31:00+00:00,33,57,5884693,63.74,63.74,63.72,63.73,126,BRN FMF0026!
2025-11-07 21:32:00+00:00,33,57,5884693,63.73,63.73,63.72,63.72,88,BRN FMF0026!
2025-11-07 21:33:00+00:00,33,57,5884693,63.71,63.73,63.71,63.73,23,BRN FMF0026!
2025-11-07 21:34:00+00:00,33,57,5884693,63.73,63.73,63.72,63.73,19,BRN FMF0026!
2025-11-07 21:35:00+00:00,33,57,5884693,63.73,63.73,63.72,63.73,70,BRN FMF0026!
2025-11-07 21:36:00+00:00,33,57,5884693,63.73,63.73,63.72,63.73,8,BRN FMF0026!
2025-11-07 21:37:00+00:00,33,57,5884693,63.72,63.72,63.71,63.71,10,BRN FMF0026!
2025-11-07 21:38:00+00:00,33,57,5884693,63.72,63.73,63.72,63.73,145,BRN FMF0026!
2025-11-07 21:39:00+00:00,33,57,5884693,63.72,63.72,63.71,63.71,108,BRN FMF0026!
2025-11-07 21:40:00+00:00,33,57,5884693,63.7,63.71,63.68,63.69,53,BRN FMF0026!
2025-11-07 21:41:00+00:00,33,57,5884693,63.68,63.68,63.68,63.68,2,BRN FMF0026!
2025-11-07 21:42:00+00:00,33,57,5884693,63.7,63.71,63.7,63.71,30,BRN FMF0026!
2025-11-07 21:43:00+00:00,33,57,5884693,63.7,63.7,63.7,63.7,31,BRN FMF0026!
2025-11-07 21:44:00+00:00,33,57,5884693,63.7,63.7,63.7,63.7,67,BRN FMF0026!
2025-11-07 21:45:00+00:00,33,57,5884693,63.71,63.71,63.7,63.71,72,BRN FMF0026!
2025-11-07 21:46:00+00:00,33,57,5884693,63.71,63.71,63.71,63.71,17,BRN FMF0026!
2025-11-07 21:47:00+00:00,33,57,5884693,63.7,63.7,63.7,63.7,15,BRN FMF0026!
2025-11-07 21:48:00+00:00,33,57,5884693,63.71,63.71,63.7,63.7,39,BRN FMF0026!
2025-11-07 21:49:00+00:00,33,57,5884693,63.7,63.7,63.7,63.7,44,BRN FMF0026!
2025-11-07 21:50:00+00:00,33,57,5884693,63.7,63.7,63.67,63.67,95,BRN FMF0026!
2025-11-07 21:51:00+00:00,33,57,5884693,63.67,63.68,63.67,63.68,111,BRN FMF0026!
2025-11-07 21:52:00+00:00,33,57,5884693,63.67,63.68,63.67,63.68,12,BRN FMF0026!
2025-11-07 21:53:00+00:00,33,57,5884693,63.68,63.68,63.68,63.68,2,BRN FMF0026!
2025-11-07 21:54:00+00:00,33,57,5884693,63.69,63.69,63.66,63.68,31,BRN FMF0026!
2025-11-07 21:55:00+00:00,33,57,5884693,63.67,63.67,63.66,63.67,20,BRN FMF0026!
2025-11-07 21:56:00+00:00,33,57,5884693,63.67,63.69,63.67,63.69,18,BRN FMF0026!
2025-11-07 21:57:00+00:00,33,57,5884693,63.69,63.69,63.68,63.69,10,BRN FMF0026!
2025-11-07 21:58:00+00:00,33,57,5884693,63.69,63.69,63.69,63.69,20,BRN FMF0026!
2025-11-07 21:59:00+00:00,33,57,5884693,63.69,63.7,63.68,63.69,239,BRN FMF0026!
2025-11-07 22:00:00+00:00,33,57,5884693,63.68,63.68,63.68,63.68,1,BRN FMF0026!
