ts_event,rtype,publisher_id,instrument_id,open,high,low,close,volume,symbol
2025-11-17 00:00:00+00:00,33,1,42007130,4097.6,4099.6,4095.0,4095.8,411,MGCZ5
2025-11-17 00:01:00+00:00,33,1,42007130,4096.1,4096.3,4090.9,4092.1,910,MGCZ5
2025-11-17 00:02:00+00:00,33,1,42007130,4092.2,4095.9,4092.2,4094.8,427,MGCZ5
2025-11-17 00:03:00+00:00,33,1,42007130,4094.8,4096.6,4092.4,4092.4,316,MGCZ5
2025-11-17 00:04:00+00:00,33,1,42007130,4092.5,4096.4,4092.5,4094.4,281,MGCZ5
2025-11-17 00:05:00+00:00,33,1,42007130,4094.3,4095.4,4092.2,4092.6,268,MGCZ5
2025-11-17 00:06:00+00:00,33,1,42007130,4092.3,4093.8,4091.8,4092.8,230,MGCZ5
2025-11-17 00:07:00+00:00,33,1,42007130,4092.2,4092.4,4088.0,4091.5,985,MGCZ5
2025-11-17 00:08:00+00:00,33,1,42007130,4091.4,4091.9,4087.9,4088.4,443,MGCZ5
2025-11-17 00:09:00+00:00,33,1,42007130,4088.4,4090.8,4088.4,4089.6,272,MGCZ5
2025-11-17 00:10:00+00:00,33,1,42007130,4089.8,4090.3,4086.9,4087.0,345,MGCZ5
2025-11-17 00:11:00+00:00,33,1,42007130,4087.0,4089.0,4085.9,4088.2,542,MGCZ5
2025-11-17 00:12:00+00:00,33,1,42007130,4088.1,4091.4,4088.0,4090.8,360,MGCZ5
2025-11-17 00:13:00+00:00,33,1,42007130,4090.6,4090.6,4086.3,4086.8,343,MGCZ5
2025-11-17 00:14:00+00:00,33,1,42007130,4086.7,4087.9,4085.2,4086.1,463,MGCZ5
2025-11-17 00:15:00+00:00,33,1,42007130,4086.3,4088.7,4086.3,4087.8,290,MGCZ5
2025-11-17 00:16:00+00:00,33,1,42007130,4087.6,4088.3,4085.5,4086.3,299,MGCZ5
2025-11-17 00:17:00+00:00,33,1,42007130,4086.3,4088.8,4086.1,4086.8,227,MGCZ5
2025-11-17 00:18:00+00:00,33,1,42007130,4087.0,4090.6,4086.7,4089.2,448,MGCZ5
2025-11-17 00:19:00+00:00,33,1,42007130,4089.2,4089.6,4088.2,4088.8,196,MGCZ5
2025-11-17 00:20:00+00:00,33,1,42007130,4088.7,4093.2,4088.7,4093.0,564,MGCZ5
2025-11-17 00:21:00+00:00,33,1,42007130,4093.1,4093.2,4087.7,4088.1,504,MGCZ5
2025-11-17 00:22:00+00:00,33,1,42007130,4087.9,4088.7,4086.7,4088.3,365,MGCZ5
2025-11-17 00:23:00+00:00,33,1,42007130,4088.6,4089.3,4085.4,4087.2,396,MGCZ5
2025-11-17 00:24:00+00:00,33,1,42007130,4087.4,4088.5,4086.5,4086.7,247,MGCZ5
2025-11-17 00:25:00+00:00,33,1,42007130,4086.8,4089.2,4086.8,4088.2,169,MGCZ5
2025-11-17 00:26:00+00:00,33,1,42007130,4088.1,4088.3,4086.7,4086.9,151,MGCZ5
2025-11-17 00:27:00+00:00,33,1,42007130,4087.1,4087.2,4081.0,4083.7,1001,MGCZ5
2025-11-17 00:28:00+00:00,33,1,42007130,4083.7,4089.0,4083.2,4088.7,570,MGCZ5
2025-11-17 00:29:00+00:00,33,1,42007130,4088.7,4090.0,4087.1,4088.0,435,MGCZ5
2025-11-17 00:30:00+00:00,33,1,42007130,4088.0,4091.1,4087.6,4089.8,483,MGCZ5
2025-11-17 00:31:00+00:00,33,1,42007130,4089.6,4091.3,4088.6,4089.7,367,MGCZ5
2025-11-17 00:32:00+00:00,33,1,42007130,4089.9,4091.3,4089.3,4091.2,222,MGCZ5
2025-11-17 00:33:00+00:00,33,1,42007130,4091.2,4092.0,4089.6,4090.4,402,MGCZ5
2025-11-17 00:34:00+00:00,33,1,42007130,4090.3,4090.3,4088.1,4089.1,249,MGCZ5
2025-11-17 00:35:00+00:00,33,1,42007130,4089.0,4089.9,4087.6,4088.3,276,MGCZ5
2025-11-17 00:36:00+00:00,33,1,42007130,4088.2,4089.6,4086.9,4089.6,209,MGCZ5
2025-11-17 00:37:00+00:00,33,1,42007130,4089.5,4091.5,4089.3,4089.7,256,MGCZ5
2025-11-17 00:38:00+00:00,33,1,42007130,4089.4,4090.7,4087.3,4088.7,239,MGCZ5
2025-11-17 00:39:00+00:00,33,1,42007130,4088.9,4090.7,4088.2,4089.4,139,MGCZ5
2025-11-17 00:40:00+00:00,33,1,42007130,4089.6,4090.3,4088.5,4089.4,137,MGCZ5
2025-11-17 00:41:00+00:00,33,1,42007130,4089.4,4090.9,4088.1,4088.5,333,MGCZ5
2025-11-17 00:42:00+00:00,33,1,42007130,4088.6,4089.6,4086.4,4089.0,551,MGCZ5
2025-11-17 00:43:00+00:00,33,1,42007130,4088.8,4093.5,4088.8,4093.3,547,MGCZ5
2025-11-17 00:44:00+00:00,33,1,42007130,4093.6,4093.7,4089.8,4091.4,410,MGCZ5
2025-11-17 00:45:00+00:00,33,1,42007130,4091.3,4092.2,4090.6,4091.4,244,MGCZ5
2025-11-17 00:46:00+00:00,33,1,42007130,4091.5,4092.0,4090.4,4091.2,217,MGCZ5
2025-11-17 00:47:00+00:00,33,1,42007130,4091.2,4091.2,4088.4,4089.5,303,MGCZ5
2025-11-17 00:48:00+00:00,33,1,42007130,4089.5,4090.8,4089.3,4089.3,157,MGCZ5
2025-11-17 00:49:00+00:00,33,1,42007130,4089.2,4092.7,4089.1,4092.0,262,MGCZ5
2025-11-17 00:50:00+00:00,33,1,42007130,4092.2,4093.0,4090.5,4091.4,160,MGCZ5
2025-11-17 00:51:00+00:00,33,1,42007130,4091.5,4092.6,4090.4,4091.3,162,MGCZ5
2025-11-17 00:52:00+00:00,33,1,42007130,4091.3,4092.2,4090.8,4091.4,124,MGCZ5
2025-11-17 00:53:00+00:00,33,1,42007130,4091.2,4091.3,4089.2,4089.8,155,MGCZ5
2025-11-17 00:54:00+00:00,33,1,42007130,4089.9,4089.9,4087.7,4088.1,397,MGCZ5
2025-11-17 00:55:00+00:00,33,1,42007130,4088.2,4088.2,4085.4,4087.8,436,MGCZ5
2025-11-17 00:56:00+00:00,33,1,42007130,4087.2,4087.3,4085.5,4086.3,182,MGCZ5
2025-11-17 00:57:00+00:00,33,1,42007130,4086.3,4087.8,4084.2,4084.7,356,MGCZ5
2025-11-17 00:58:00+00:00,33,1,42007130,4084.7,4087.2,4084.7,4085.8,255,MGCZ5
2025-11-17 00:59:00+00:00,33,1,42007130,4085.5,4085.8,4082.5,4084.3,576,MGCZ5
2025-11-17 01:00:00+00:00,33,1,42007130,4084.1,4089.4,4083.7,4089.4,841,MGCZ5
2025-11-17 01:01:00+00:00,33,1,42007130,4089.5,4092.3,4087.5,4088.6,753,MGCZ5
2025-11-17 01:02:00+00:00,33,1,42007130,4088.5,4091.8,4086.4,4091.2,597,MGCZ5
2025-11-17 01:03:00+00:00,33,1,42007130,4091.6,4091.8,4087.3,4090.3,389,MGCZ5
2025-11-17 01:04:00+00:00,33,1,42007130,4090.4,4091.8,4089.1,4090.0,275,MGCZ5
2025-11-17 01:05:00+00:00,33,1,42007130,4090.1,4092.2,4088.2,4088.4,357,MGCZ5
2025-11-17 01:06:00+00:00,33,1,42007130,4088.1,4089.9,4086.7,4088.9,304,MGCZ5
2025-11-17 01:07:00+00:00,33,1,42007130,4089.6,4091.7,4087.6,4091.1,324,MGCZ5
2025-11-17 01:08:00+00:00,33,1,42007130,4091.1,4092.9,4090.2,4090.2,384,MGCZ5
2025-11-17 01:09:00+00:00,33,1,42007130,4090.6,4092.0,4089.2,4091.5,389,MGCZ5
2025-11-17 01:10:00+00:00,33,1,42007130,4091.1,4095.6,4090.0,4095.6,653,MGCZ5
2025-11-17 01:11:00+00:00,33,1,42007130,4095.4,4096.4,4093.6,4095.5,568,MGCZ5
2025-11-17 01:12:00+00:00,33,1,42007130,4095.5,4098.2,4095.1,4095.9,442,MGCZ5
2025-11-17 01:13:00+00:00,33,1,42007130,4096.1,4097.4,4094.5,4094.9,354,MGCZ5
2025-11-17 01:14:00+00:00,33,1,42007130,4095.0,4095.5,4092.6,4095.4,319,MGCZ5
2025-11-17 01:15:00+00:00,33,1,42007130,4095.5,4095.5,4089.0,4089.5,461,MGCZ5
2025-11-17 01:16:00+00:00,33,1,42007130,4089.6,4091.1,4087.5,4087.7,523,MGCZ5
2025-11-17 01:17:00+00:00,33,1,42007130,4087.9,4090.2,4086.7,4088.6,352,MGCZ5
2025-11-17 01:18:00+00:00,33,1,42007130,4088.5,4091.0,4088.0,4091.0,386,MGCZ5
2025-11-17 01:19:00+00:00,33,1,42007130,4090.7,4091.2,4087.5,4090.1,286,MGCZ5
2025-11-17 01:20:00+00:00,33,1,42007130,4089.8,4090.0,4088.0,4089.5,210,MGCZ5
2025-11-17 01:21:00+00:00,33,1,42007130,4089.5,4090.8,4088.7,4089.9,295,MGCZ5
2025-11-17 01:22:00+00:00,33,1,42007130,4089.8,4092.1,4089.1,4090.0,293,MGCZ5
2025-11-17 01:23:00+00:00,33,1,42007130,4090.2,4093.3,4090.2,4093.1,457,MGCZ5
2025-11-17 01:24:00+00:00,33,1,42007130,4093.3,4095.3,4092.9,4093.4,502,MGCZ5
2025-11-17 01:25:00+00:00,33,1,42007130,4093.4,4096.1,4092.9,4094.6,339,MGCZ5
2025-11-17 01:26:00+00:00,33,1,42007130,4094.7,4095.1,4092.7,4093.8,207,MGCZ5
2025-11-17 01:27:00+00:00,33,1,42007130,4094.1,4096.0,4094.1,4096.0,157,MGCZ5
2025-11-17 01:28:00+00:00,33,1,42007130,4095.9,4098.0,4095.1,4097.9,430,MGCZ5
2025-11-17 01:29:00+00:00,33,1,42007130,4098.0,4098.1,4096.3,4097.1,374,MGCZ5
2025-11-17 01:30:00+00:00,33,1,42007130,4097.0,4097.0,4095.4,4096.7,304,MGCZ5
2025-11-17 01:31:00+00:00,33,1,42007130,4096.6,4097.8,4096.1,4096.1,187,MGCZ5
2025-11-17 01:32:00+00:00,33,1,42007130,4096.3,4100.7,4095.5,4100.7,624,MGCZ5
2025-11-17 01:33:00+00:00,33,1,42007130,4100.5,4101.1,4098.0,4099.8,518,MGCZ5
2025-11-17 01:34:00+00:00,33,1,42007130,4099.9,4101.5,4098.6,4101.1,348,MGCZ5
2025-11-17 01:35:00+00:00,33,1,42007130,4100.9,4103.5,4100.5,4103.4,578,MGCZ5
2025-11-17 01:36:00+00:00,33,1,42007130,4103.2,4103.3,4101.6,4101.9,308,MGCZ5
2025-11-17 01:37:00+00:00,33,1,42007130,4102.2,4102.6,4100.5,4101.7,347,MGCZ5
2025-11-17 01:38:00+00:00,33,1,42007130,4102.0,4102.0,4099.1,4100.6,291,MGCZ5
2025-11-17 01:39:00+00:00,33,1,42007130,4100.5,4102.7,4100.3,4102.7,282,MGCZ5
2025-11-17 01:40:00+00:00,33,1,42007130,4102.7,4102.7,4101.2,4102.0,189,MGCZ5
2025-11-17 01:41:00+00:00,33,1,42007130,4102.0,4102.1,4100.4,4100.5,199,MGCZ5
2025-11-17 01:42:00+00:00,33,1,42007130,4100.5,4102.3,4099.7,4102.0,302,MGCZ5
2025-11-17 01:43:00+00:00,33,1,42007130,4102.0,4102.6,4100.2,4100.6,264,MGCZ5
2025-11-17 01:44:00+00:00,33,1,42007130,4100.8,4102.0,4099.8,4100.0,201,MGCZ5
2025-11-17 01:45:00+00:00,33,1,42007130,4100.2,4101.1,4098.5,4098.8,270,MGCZ5
2025-11-17 01:46:00+00:00,33,1,42007130,4098.8,4099.4,4096.4,4096.6,491,MGCZ5
2025-11-17 01:47:00+00:00,33,1,42007130,4096.7,4098.0,4096.2,4097.4,408,MGCZ5
2025-11-17 01:48:00+00:00,33,1,42007130,4097.4,4099.3,4097.2,4097.6,429,MGCZ5
2025-11-17 01:49:00+00:00,33,1,42007130,4097.3,4098.0,4095.8,4096.0,301,MGCZ5
2025-11-17 01:50:00+00:00,33,1,42007130,4095.8,4098.4,4095.7,4097.0,291,MGCZ5
2025-11-17 01:51:00+00:00,33,1,42007130,4097.1,4097.4,4094.6,4094.8,394,MGCZ5
2025-11-17 01:52:00+00:00,33,1,42007130,4094.5,4096.2,4093.7,4094.1,355,MGCZ5
2025-11-17 01:53:00+00:00,33,1,42007130,4094.2,4096.1,4093.4,4095.9,339,MGCZ5
2025-11-17 01:54:00+00:00,33,1,42007130,4095.7,4098.7,4094.9,4097.4,450,MGCZ5
2025-11-17 01:55:00+00:00,33,1,42007130,4097.4,4098.5,4096.2,4096.7,292,MGCZ5
2025-11-17 01:56:00+00:00,33,1,42007130,4096.5,4097.2,4094.9,4095.1,275,MGCZ5
2025-11-17 01:57:00+00:00,33,1,42007130,4095.0,4095.3,4092.2,4092.3,393,MGCZ5
2025-11-17 01:58:00+00:00,33,1,42007130,4092.2,4093.9,4092.0,4093.5,451,MGCZ5
2025-11-17 01:59:00+00:00,33,1,42007130,4093.0,4093.1,4091.2,4092.4,386,MGCZ5
2025-11-17 02:00:00+00:00,33,1,42007130,4092.4,4093.9,4090.9,4092.8,466,MGCZ5
2025-11-17 02:01:00+00:00,33,1,42007130,4092.7,4093.6,4089.1,4089.9,551,MGCZ5
2025-11-17 02:02:00+00:00,33,1,42007130,4089.9,4092.2,4089.5,4089.8,403,MGCZ5
2025-11-17 02:03:00+00:00,33,1,42007130,4090.0,4090.0,4085.7,4087.2,833,MGCZ5
2025-11-17 02:04:00+00:00,33,1,42007130,4086.5,4087.9,4084.5,4086.9,423,MGCZ5
2025-11-17 02:05:00+00:00,33,1,42007130,4087.3,4089.0,4086.9,4088.9,445,MGCZ5
2025-11-17 02:06:00+00:00,33,1,42007130,4088.8,4089.3,4087.1,4087.5,276,MGCZ5
2025-11-17 02:07:00+00:00,33,1,42007130,4087.8,4090.5,4087.8,4090.2,381,MGCZ5
2025-11-17 02:08:00+00:00,33,1,42007130,4090.1,4091.0,4089.7,4090.6,314,MGCZ5
2025-11-17 02:09:00+00:00,33,1,42007130,4090.8,4090.8,4088.2,4089.4,291,MGCZ5
2025-11-17 02:10:00+00:00,33,1,42007130,4089.4,4090.1,4087.3,4088.2,281,MGCZ5
2025-11-17 02:11:00+00:00,33,1,42007130,4088.3,4090.1,4087.5,4089.3,133,MGCZ5
2025-11-17 02:12:00+00:00,33,1,42007130,4089.4,4089.9,4087.7,4089.9,168,MGCZ5
2025-11-17 02:13:00+00:00,33,1,42007130,4089.7,4091.8,4089.1,4091.5,300,MGCZ5
2025-11-17 02:14:00+00:00,33,1,42007130,4091.7,4092.5,4089.7,4090.5,347,MGCZ5
2025-11-17 02:15:00+00:00,33,1,42007130,4090.5,4091.1,4089.0,4089.6,195,MGCZ5
2025-11-17 02:16:00+00:00,33,1,42007130,4089.8,4091.3,4089.5,4090.3,266,MGCZ5
2025-11-17 02:17:00+00:00,33,1,42007130,4090.4,4091.0,4088.6,4089.9,232,MGCZ5
2025-11-17 02:18:00+00:00,33,1,42007130,4090.0,4090.2,4088.0,4089.8,254,MGCZ5
2025-11-17 02:19:00+00:00,33,1,42007130,4090.0,4090.4,4088.2,4089.0,136,MGCZ5
2025-11-17 02:20:00+00:00,33,1,42007130,4088.8,4090.5,4088.1,4090.1,178,MGCZ5
2025-11-17 02:21:00+00:00,33,1,42007130,4090.1,4091.9,4088.7,4090.6,268,MGCZ5
2025-11-17 02:22:00+00:00,33,1,42007130,4090.6,4091.6,4089.4,4089.4,192,MGCZ5
2025-11-17 02:23:00+00:00,33,1,42007130,4089.6,4090.7,4089.0,4089.2,164,MGCZ5
2025-11-17 02:24:00+00:00,33,1,42007130,4089.0,4089.0,4087.3,4088.2,428,MGCZ5
2025-11-17 02:25:00+00:00,33,1,42007130,4088.2,4090.1,4087.4,4090.1,217,MGCZ5
2025-11-17 02:26:00+00:00,33,1,42007130,4089.9,4090.4,4087.6,4088.0,207,MGCZ5
2025-11-17 02:27:00+00:00,33,1,42007130,4088.0,4090.7,4087.5,4090.3,264,MGCZ5
2025-11-17 02:28:00+00:00,33,1,42007130,4090.5,4091.8,4089.4,4091.7,179,MGCZ5
2025-11-17 02:29:00+00:00,33,1,42007130,4091.7,4094.0,4091.7,4093.3,416,MGCZ5
2025-11-17 02:30:00+00:00,33,1,42007130,4093.4,4095.2,4093.0,4094.2,512,MGCZ5
2025-11-17 02:31:00+00:00,33,1,42007130,4094.0,4094.2,4090.4,4090.5,379,MGCZ5
2025-11-17 02:32:00+00:00,33,1,42007130,4090.5,4093.0,4090.4,4091.8,300,MGCZ5
2025-11-17 02:33:00+00:00,33,1,42007130,4092.0,4092.2,4089.9,4091.4,232,MGCZ5
2025-11-17 02:34:00+00:00,33,1,42007130,4091.5,4092.2,4090.2,4090.6,219,MGCZ5
2025-11-17 02:35:00+00:00,33,1,42007130,4090.4,4092.3,4090.2,4091.2,233,MGCZ5
2025-11-17 02:36:00+00:00,33,1,42007130,4091.2,4091.3,4086.7,4088.6,601,MGCZ5
2025-11-17 02:37:00+00:00,33,1,42007130,4088.9,4090.9,4087.1,4088.4,500,MGCZ5
2025-11-17 02:38:00+00:00,33,1,42007130,4088.2,4089.9,4087.5,4089.2,347,MGCZ5
2025-11-17 02:39:00+00:00,33,1,42007130,4088.7,4089.7,4087.7,4088.5,219,MGCZ5
2025-11-17 02:40:00+00:00,33,1,42007130,4088.5,4089.9,4087.8,4088.6,198,MGCZ5
2025-11-17 02:41:00+00:00,33,1,42007130,4088.7,4089.9,4087.8,4089.4,168,MGCZ5
2025-11-17 02:42:00+00:00,33,1,42007130,4089.3,4090.4,4087.6,4087.6,184,MGCZ5
2025-11-17 02:43:00+00:00,33,1,42007130,4088.0,4089.5,4088.0,4089.4,111,MGCZ5
2025-11-17 02:44:00+00:00,33,1,42007130,4089.6,4091.2,4089.0,4089.6,284,MGCZ5
2025-11-17 02:45:00+00:00,33,1,42007130,4089.6,4090.5,4088.7,4089.7,112,MGCZ5
2025-11-17 02:46:00+00:00,33,1,42007130,4090.0,4090.6,4088.6,4089.4,159,MGCZ5
2025-11-17 02:47:00+00:00,33,1,42007130,4089.5,4090.6,4087.9,4089.1,287,MGCZ5
2025-11-17 02:48:00+00:00,33,1,42007130,4089.2,4090.8,4088.3,4090.4,354,MGCZ5
2025-11-17 02:49:00+00:00,33,1,42007130,4090.5,4090.5,4087.0,4088.1,382,MGCZ5
2025-11-17 02:50:00+00:00,33,1,42007130,4088.1,4089.8,4084.7,4089.3,748,MGCZ5
2025-11-17 02:51:00+00:00,33,1,42007130,4089.0,4089.2,4085.1,4085.7,322,MGCZ5
2025-11-17 02:52:00+00:00,33,1,42007130,4085.2,4085.3,4082.3,4083.2,767,MGCZ5
2025-11-17 02:53:00+00:00,33,1,42007130,4083.6,4086.1,4083.0,4085.3,420,MGCZ5
2025-11-17 02:54:00+00:00,33,1,42007130,4085.0,4087.3,4085.0,4086.1,311,MGCZ5
2025-11-17 02:55:00+00:00,33,1,42007130,4086.1,4086.1,4083.6,4084.1,267,MGCZ5
2025-11-17 02:56:00+00:00,33,1,42007130,4084.3,4085.9,4083.8,4084.2,194,MGCZ5
2025-11-17 02:57:00+00:00,33,1,42007130,4084.4,4086.8,4084.1,4085.2,268,MGCZ5
2025-11-17 02:58:00+00:00,33,1,42007130,4085.0,4085.0,4083.7,4083.8,219,MGCZ5
2025-11-17 02:59:00+00:00,33,1,42007130,4083.9,4084.1,4081.4,4082.9,601,MGCZ5
2025-11-17 03:00:00+00:00,33,1,42007130,4082.7,4082.7,4072.2,4073.1,2101,MGCZ5
2025-11-17 03:01:00+00:00,33,1,42007130,4073.5,4075.5,4070.6,4074.3,1395,MGCZ5
2025-11-17 03:02:00+00:00,33,1,42007130,4074.3,4078.5,4074.3,4076.9,737,MGCZ5
2025-11-17 03:03:00+00:00,33,1,42007130,4077.1,4082.4,4077.1,4081.4,596,MGCZ5
2025-11-17 03:04:00+00:00,33,1,42007130,4081.7,4082.0,4079.5,4080.5,425,MGCZ5
2025-11-17 03:05:00+00:00,33,1,42007130,4080.8,4084.1,4080.8,4081.0,538,MGCZ5
2025-11-17 03:06:00+00:00,33,1,42007130,4080.9,4081.1,4077.1,4080.2,714,MGCZ5
2025-11-17 03:07:00+00:00,33,1,42007130,4080.1,4080.3,4078.0,4079.4,371,MGCZ5
2025-11-17 03:08:00+00:00,33,1,42007130,4079.8,4081.9,4079.3,4079.4,392,MGCZ5
2025-11-17 03:09:00+00:00,33,1,42007130,4079.2,4080.4,4077.4,4080.0,374,MGCZ5
2025-11-17 03:10:00+00:00,33,1,42007130,4079.7,4080.5,4077.4,4078.0,330,MGCZ5
2025-11-17 03:11:00+00:00,33,1,42007130,4078.0,4079.3,4077.4,4077.9,334,MGCZ5
2025-11-17 03:12:00+00:00,33,1,42007130,4078.2,4083.1,4078.0,4081.8,465,MGCZ5
2025-11-17 03:13:00+00:00,33,1,42007130,4081.6,4082.4,4080.4,4081.5,385,MGCZ5
2025-11-17 03:14:00+00:00,33,1,42007130,4081.4,4081.7,4078.8,4081.3,367,MGCZ5
2025-11-17 03:15:00+00:00,33,1,42007130,4081.2,4082.7,4079.7,4080.7,370,MGCZ5
2025-11-17 03:16:00+00:00,33,1,42007130,4080.7,4085.9,4080.2,4084.3,683,MGCZ5
2025-11-17 03:17:00+00:00,33,1,42007130,4084.1,4086.7,4082.0,4086.7,497,MGCZ5
2025-11-17 03:18:00+00:00,33,1,42007130,4086.6,4086.9,4083.6,4084.6,457,MGCZ5
2025-11-17 03:19:00+00:00,33,1,42007130,4084.8,4085.0,4080.4,4080.8,531,MGCZ5
2025-11-17 03:20:00+00:00,33,1,42007130,4080.7,4082.3,4079.0,4079.6,424,MGCZ5
2025-11-17 03:21:00+00:00,33,1,42007130,4079.8,4082.1,4079.7,4080.6,314,MGCZ5
2025-11-17 03:22:00+00:00,33,1,42007130,4080.2,4080.9,4078.6,4079.1,311,MGCZ5
2025-11-17 03:23:00+00:00,33,1,42007130,4079.1,4080.9,4078.0,4078.3,422,MGCZ5
2025-11-17 03:24:00+00:00,33,1,42007130,4078.0,4078.5,4076.4,4078.4,468,MGCZ5
2025-11-17 03:25:00+00:00,33,1,42007130,4078.2,4079.8,4078.0,4079.1,194,MGCZ5
2025-11-17 03:26:00+00:00,33,1,42007130,4078.6,4079.5,4077.2,4078.4,219,MGCZ5
2025-11-17 03:27:00+00:00,33,1,42007130,4077.7,4080.6,4077.2,4080.5,443,MGCZ5
2025-11-17 03:28:00+00:00,33,1,42007130,4080.4,4081.5,4079.5,4079.8,393,MGCZ5
2025-11-17 03:29:00+00:00,33,1,42007130,4079.8,4080.9,4079.0,4080.4,315,MGCZ5
2025-11-17 03:30:00+00:00,33,1,42007130,4080.8,4080.8,4077.9,4078.7,292,MGCZ5
2025-11-17 03:31:00+00:00,33,1,42007130,4078.9,4080.6,4078.9,4080.1,136,MGCZ5
2025-11-17 03:32:00+00:00,33,1,42007130,4080.3,4080.5,4078.7,4079.8,181,MGCZ5
2025-11-17 03:33:00+00:00,33,1,42007130,4079.8,4081.4,4079.2,4080.1,338,MGCZ5
2025-11-17 03:34:00+00:00,33,1,42007130,4080.0,4080.9,4079.3,4080.9,124,MGCZ5
2025-11-17 03:35:00+00:00,33,1,42007130,4080.7,4082.8,4080.7,4082.3,416,MGCZ5
2025-11-17 03:36:00+00:00,33,1,42007130,4082.1,4083.6,4081.4,4082.0,488,MGCZ5
2025-11-17 03:37:00+00:00,33,1,42007130,4082.5,4084.0,4081.1,4081.4,311,MGCZ5
2025-11-17 03:38:00+00:00,33,1,42007130,4081.5,4083.2,4081.5,4082.7,113,MGCZ5
2025-11-17 03:39:00+00:00,33,1,42007130,4082.6,4083.1,4081.1,4082.5,178,MGCZ5
2025-11-17 03:40:00+00:00,33,1,42007130,4082.2,4082.6,4081.4,4082.6,136,MGCZ5
2025-11-17 03:41:00+00:00,33,1,42007130,4082.3,4083.1,4081.2,4082.9,126,MGCZ5
2025-11-17 03:42:00+00:00,33,1,42007130,4082.8,4083.0,4082.1,4082.8,119,MGCZ5
2025-11-17 03:43:00+00:00,33,1,42007130,4082.6,4083.7,4082.1,4083.1,146,MGCZ5
2025-11-17 03:44:00+00:00,33,1,42007130,4083.0,4084.4,4083.0,4084.3,230,MGCZ5
2025-11-17 03:45:00+00:00,33,1,42007130,4083.9,4084.1,4082.1,4082.8,144,MGCZ5
2025-11-17 03:46:00+00:00,33,1,42007130,4082.8,4084.3,4082.6,4084.3,163,MGCZ5
2025-11-17 03:47:00+00:00,33,1,42007130,4084.2,4085.1,4083.5,4084.8,205,MGCZ5
2025-11-17 03:48:00+00:00,33,1,42007130,4084.9,4085.4,4083.4,4083.9,180,MGCZ5
2025-11-17 03:49:00+00:00,33,1,42007130,4083.6,4084.0,4082.8,4083.3,147,MGCZ5
2025-11-17 03:50:00+00:00,33,1,42007130,4083.3,4083.6,4081.7,4082.4,274,MGCZ5
2025-11-17 03:51:00+00:00,33,1,42007130,4082.6,4084.0,4081.9,4082.8,329,MGCZ5
2025-11-17 03:52:00+00:00,33,1,42007130,4082.8,4085.3,4082.7,4085.0,188,MGCZ5
2025-11-17 03:53:00+00:00,33,1,42007130,4084.9,4086.0,4084.9,4085.9,238,MGCZ5
2025-11-17 03:54:00+00:00,33,1,42007130,4085.8,4086.0,4083.9,4085.6,377,MGCZ5
2025-11-17 03:55:00+00:00,33,1,42007130,4085.5,4086.5,4083.7,4084.6,305,MGCZ5
2025-11-17 03:56:00+00:00,33,1,42007130,4084.7,4085.2,4083.6,4084.1,159,MGCZ5
2025-11-17 03:57:00+00:00,33,1,42007130,4084.3,4084.6,4083.3,4083.7,93,MGCZ5
2025-11-17 03:58:00+00:00,33,1,42007130,4083.7,4084.5,4083.3,4084.2,45,MGCZ5
2025-11-17 03:59:00+00:00,33,1,42007130,4084.3,4085.6,4084.1,4084.1,185,MGCZ5
2025-11-17 04:00:00+00:00,33,1,42007130,4084.1,4085.0,4083.9,4084.1,180,MGCZ5
2025-11-17 04:01:00+00:00,33,1,42007130,4084.0,4084.7,4083.3,4084.7,111,MGCZ5
2025-11-17 04:02:00+00:00,33,1,42007130,4084.7,4085.4,4084.4,4084.9,129,MGCZ5
2025-11-17 04:03:00+00:00,33,1,42007130,4085.0,4085.6,4084.0,4085.3,273,MGCZ5
2025-11-17 04:04:00+00:00,33,1,42007130,4085.1,4088.1,4084.8,4086.3,595,MGCZ5
2025-11-17 04:05:00+00:00,33,1,42007130,4086.4,4088.9,4085.2,4088.2,551,MGCZ5
2025-11-17 04:06:00+00:00,33,1,42007130,4088.2,4088.4,4087.1,4087.4,332,MGCZ5
2025-11-17 04:07:00+00:00,33,1,42007130,4087.3,4089.1,4087.1,4088.4,317,MGCZ5
2025-11-17 04:08:00+00:00,33,1,42007130,4088.4,4088.6,4086.6,4087.3,238,MGCZ5
2025-11-17 04:09:00+00:00,33,1,42007130,4087.3,4087.9,4086.4,4087.1,181,MGCZ5
2025-11-17 04:10:00+00:00,33,1,42007130,4086.9,4087.3,4085.9,4087.0,236,MGCZ5
2025-11-17 04:11:00+00:00,33,1,42007130,4086.8,4088.0,4086.3,4087.4,225,MGCZ5
2025-11-17 04:12:00+00:00,33,1,42007130,4087.6,4087.6,4085.5,4086.0,232,MGCZ5
2025-11-17 04:13:00+00:00,33,1,42007130,4086.1,4086.4,4084.1,4086.2,387,MGCZ5
2025-11-17 04:14:00+00:00,33,1,42007130,4086.2,4086.6,4085.0,4085.0,177,MGCZ5
2025-11-17 04:15:00+00:00,33,1,42007130,4085.2,4085.5,4083.9,4084.5,217,MGCZ5
2025-11-17 04:16:00+00:00,33,1,42007130,4084.7,4085.7,4084.6,4085.0,163,MGCZ5
2025-11-17 04:17:00+00:00,33,1,42007130,4085.1,4085.6,4084.3,4084.6,115,MGCZ5
2025-11-17 04:18:00+00:00,33,1,42007130,4084.4,4084.6,4083.4,4084.0,280,MGCZ5
2025-11-17 04:19:00+00:00,33,1,42007130,4084.1,4084.2,4082.0,4082.6,278,MGCZ5
2025-11-17 04:20:00+00:00,33,1,42007130,4082.5,4083.5,4082.5,4082.9,159,MGCZ5
2025-11-17 04:21:00+00:00,33,1,42007130,4083.2,4083.6,4082.9,4083.3,101,MGCZ5
2025-11-17 04:22:00+00:00,33,1,42007130,4083.2,4084.7,4083.0,4084.4,285,MGCZ5
2025-11-17 04:23:00+00:00,33,1,42007130,4084.4,4085.2,4084.4,4085.2,96,MGCZ5
2025-11-17 04:24:00+00:00,33,1,42007130,4085.1,4085.3,4084.5,4084.5,81,MGCZ5
2025-11-17 04:25:00+00:00,33,1,42007130,4084.4,4085.0,4084.2,4084.5,47,MGCZ5
2025-11-17 04:26:00+00:00,33,1,42007130,4084.3,4085.0,4084.1,4084.8,63,MGCZ5
2025-11-17 04:27:00+00:00,33,1,42007130,4084.6,4085.1,4084.2,4084.6,60,MGCZ5
2025-11-17 04:28:00+00:00,33,1,42007130,4084.6,4084.8,4084.3,4084.8,31,MGCZ5
2025-11-17 04:29:00+00:00,33,1,42007130,4084.7,4084.8,4084.4,4084.5,40,MGCZ5
2025-11-17 04:30:00+00:00,33,1,42007130,4084.4,4084.8,4084.3,4084.5,81,MGCZ5
2025-11-17 04:31:00+00:00,33,1,42007130,4084.5,4084.8,4083.5,4083.7,101,MGCZ5
2025-11-17 04:32:00+00:00,33,1,42007130,4083.8,4084.4,4082.9,4083.1,184,MGCZ5
2025-11-17 04:33:00+00:00,33,1,42007130,4083.1,4083.2,4082.4,4083.0,158,MGCZ5
2025-11-17 04:34:00+00:00,33,1,42007130,4082.3,4083.5,4082.2,4083.5,77,MGCZ5
2025-11-17 04:35:00+00:00,33,1,42007130,4083.5,4084.3,4083.2,4084.3,145,MGCZ5
2025-11-17 04:36:00+00:00,33,1,42007130,4084.5,4086.0,4084.5,4084.9,242,MGCZ5
2025-11-17 04:37:00+00:00,33,1,42007130,4084.8,4085.0,4084.3,4084.6,77,MGCZ5
2025-11-17 04:38:00+00:00,33,1,42007130,4084.4,4084.9,4083.9,4084.7,90,MGCZ5
2025-11-17 04:39:00+00:00,33,1,42007130,4084.4,4084.8,4084.3,4084.7,46,MGCZ5
2025-11-17 04:40:00+00:00,33,1,42007130,4084.8,4084.8,4083.6,4084.2,64,MGCZ5
2025-11-17 04:41:00+00:00,33,1,42007130,4084.4,4084.5,4083.7,4084.3,89,MGCZ5
2025-11-17 04:42:00+00:00,33,1,42007130,4084.1,4084.4,4083.8,4084.0,63,MGCZ5
2025-11-17 04:43:00+00:00,33,1,42007130,4084.1,4085.2,4083.8,4084.5,116,MGCZ5
2025-11-17 04:44:00+00:00,33,1,42007130,4084.5,4086.1,4084.0,4084.3,240,MGCZ5
2025-11-17 04:45:00+00:00,33,1,42007130,4084.3,4084.6,4082.5,4082.5,151,MGCZ5
2025-11-17 04:46:00+00:00,33,1,42007130,4082.7,4082.7,4079.7,4079.7,557,MGCZ5
2025-11-17 04:47:00+00:00,33,1,42007130,4079.6,4080.2,4078.2,4078.5,325,MGCZ5
2025-11-17 04:48:00+00:00,33,1,42007130,4078.2,4079.0,4077.7,4078.6,322,MGCZ5
2025-11-17 04:49:00+00:00,33,1,42007130,4078.7,4081.0,4078.6,4080.8,329,MGCZ5
2025-11-17 04:50:00+00:00,33,1,42007130,4080.7,4081.7,4080.4,4081.2,199,MGCZ5
2025-11-17 04:51:00+00:00,33,1,42007130,4081.3,4082.8,4081.3,4082.8,106,MGCZ5
2025-11-17 04:52:00+00:00,33,1,42007130,4082.8,4082.9,4082.0,4082.8,179,MGCZ5
2025-11-17 04:53:00+00:00,33,1,42007130,4082.9,4084.2,4082.6,4083.8,222,MGCZ5
2025-11-17 04:54:00+00:00,33,1,42007130,4083.8,4084.0,4082.7,4082.7,171,MGCZ5
2025-11-17 04:55:00+00:00,33,1,42007130,4082.7,4082.9,4081.6,4082.2,163,MGCZ5
2025-11-17 04:56:00+00:00,33,1,42007130,4081.9,4081.9,4080.6,4081.4,183,MGCZ5
2025-11-17 04:57:00+00:00,33,1,42007130,4081.6,4082.3,4080.3,4080.8,235,MGCZ5
2025-11-17 04:58:00+00:00,33,1,42007130,4081.0,4081.0,4078.8,4079.0,240,MGCZ5
2025-11-17 04:59:00+00:00,33,1,42007130,4079.1,4080.8,4078.5,4079.8,257,MGCZ5
2025-11-17 05:00:00+00:00,33,1,42007130,4079.8,4079.9,4077.6,4078.3,309,MGCZ5
2025-11-17 05:01:00+00:00,33,1,42007130,4078.2,4079.4,4077.9,4079.3,260,MGCZ5
2025-11-17 05:02:00+00:00,33,1,42007130,4079.0,4079.0,4076.6,4078.1,300,MGCZ5
2025-11-17 05:03:00+00:00,33,1,42007130,4077.7,4078.6,4076.6,4078.6,182,MGCZ5
2025-11-17 05:04:00+00:00,33,1,42007130,4078.5,4079.3,4076.7,4077.9,238,MGCZ5
2025-11-17 05:05:00+00:00,33,1,42007130,4077.7,4077.7,4075.2,4076.6,364,MGCZ5
2025-11-17 05:06:00+00:00,33,1,42007130,4076.6,4077.0,4075.1,4075.6,189,MGCZ5
2025-11-17 05:07:00+00:00,33,1,42007130,4075.7,4077.0,4075.1,4076.5,174,MGCZ5
2025-11-17 05:08:00+00:00,33,1,42007130,4076.5,4078.7,4076.4,4077.9,266,MGCZ5
2025-11-17 05:09:00+00:00,33,1,42007130,4077.9,4078.2,4076.3,4076.8,169,MGCZ5
2025-11-17 05:10:00+00:00,33,1,42007130,4076.8,4077.1,4075.9,4076.5,167,MGCZ5
2025-11-17 05:11:00+00:00,33,1,42007130,4076.6,4077.2,4076.0,4076.7,111,MGCZ5
2025-11-17 05:12:00+00:00,33,1,42007130,4076.7,4077.5,4076.1,4076.3,115,MGCZ5
2025-11-17 05:13:00+00:00,33,1,42007130,4076.4,4076.8,4075.2,4075.2,173,MGCZ5
2025-11-17 05:14:00+00:00,33,1,42007130,4075.2,4075.2,4073.1,4073.7,446,MGCZ5
2025-11-17 05:15:00+00:00,33,1,42007130,4073.5,4074.0,4072.5,4073.3,302,MGCZ5
2025-11-17 05:16:00+00:00,33,1,42007130,4073.4,4073.9,4072.6,4072.8,271,MGCZ5
2025-11-17 05:17:00+00:00,33,1,42007130,4072.6,4073.1,4070.8,4071.4,398,MGCZ5
2025-11-17 05:18:00+00:00,33,1,42007130,4071.1,4073.0,4070.0,4070.1,607,MGCZ5
2025-11-17 05:19:00+00:00,33,1,42007130,4070.0,4070.3,4067.1,4068.8,911,MGCZ5
2025-11-17 05:20:00+00:00,33,1,42007130,4068.8,4071.5,4068.7,4069.9,476,MGCZ5
2025-11-17 05:21:00+00:00,33,1,42007130,4069.9,4071.1,4068.0,4071.1,489,MGCZ5
2025-11-17 05:22:00+00:00,33,1,42007130,4071.0,4072.3,4070.3,4070.5,444,MGCZ5
2025-11-17 05:23:00+00:00,33,1,42007130,4070.3,4070.6,4066.8,4068.8,614,MGCZ5
2025-11-17 05:24:00+00:00,33,1,42007130,4068.9,4070.1,4067.2,4067.3,252,MGCZ5
2025-11-17 05:25:00+00:00,33,1,42007130,4067.2,4067.2,4063.4,4064.1,888,MGCZ5
2025-11-17 05:26:00+00:00,33,1,42007130,4064.0,4064.5,4057.1,4063.9,2074,MGCZ5
2025-11-17 05:27:00+00:00,33,1,42007130,4063.9,4065.8,4062.5,4065.5,545,MGCZ5
2025-11-17 05:28:00+00:00,33,1,42007130,4065.4,4066.8,4065.4,4065.7,343,MGCZ5
2025-11-17 05:29:00+00:00,33,1,42007130,4065.8,4066.4,4064.5,4065.4,271,MGCZ5
2025-11-17 05:30:00+00:00,33,1,42007130,4065.6,4066.2,4060.5,4061.3,954,MGCZ5
2025-11-17 05:31:00+00:00,33,1,42007130,4061.2,4062.6,4058.3,4060.6,800,MGCZ5
2025-11-17 05:32:00+00:00,33,1,42007130,4060.5,4061.9,4055.0,4055.5,1108,MGCZ5
2025-11-17 05:33:00+00:00,33,1,42007130,4055.7,4056.3,4053.7,4056.0,828,MGCZ5
2025-11-17 05:34:00+00:00,33,1,42007130,4055.6,4058.0,4053.9,4054.5,697,MGCZ5
2025-11-17 05:35:00+00:00,33,1,42007130,4054.5,4057.9,4052.6,4053.1,795,MGCZ5
2025-11-17 05:36:00+00:00,33,1,42007130,4052.8,4053.4,4051.2,4051.3,893,MGCZ5
2025-11-17 05:37:00+00:00,33,1,42007130,4051.4,4055.9,4051.3,4055.0,721,MGCZ5
2025-11-17 05:38:00+00:00,33,1,42007130,4054.9,4056.5,4054.1,4055.1,422,MGCZ5
2025-11-17 05:39:00+00:00,33,1,42007130,4055.0,4055.6,4052.7,4055.6,358,MGCZ5
2025-11-17 05:40:00+00:00,33,1,42007130,4055.6,4056.5,4053.6,4053.8,355,MGCZ5
2025-11-17 05:41:00+00:00,33,1,42007130,4053.5,4055.6,4053.3,4053.8,196,MGCZ5
2025-11-17 05:42:00+00:00,33,1,42007130,4053.9,4055.7,4053.6,4055.7,251,MGCZ5
2025-11-17 05:43:00+00:00,33,1,42007130,4055.9,4058.4,4055.7,4058.3,453,MGCZ5
2025-11-17 05:44:00+00:00,33,1,42007130,4058.5,4059.6,4057.9,4059.2,485,MGCZ5
2025-11-17 05:45:00+00:00,33,1,42007130,4059.2,4061.3,4057.6,4061.3,510,MGCZ5
2025-11-17 05:46:00+00:00,33,1,42007130,4061.2,4062.0,4059.6,4060.6,473,MGCZ5
2025-11-17 05:47:00+00:00,33,1,42007130,4060.6,4060.7,4057.7,4058.9,355,MGCZ5
2025-11-17 05:48:00+00:00,33,1,42007130,4059.2,4059.9,4058.3,4058.6,266,MGCZ5
2025-11-17 05:49:00+00:00,33,1,42007130,4058.7,4059.5,4057.8,4059.0,233,MGCZ5
2025-11-17 05:50:00+00:00,33,1,42007130,4059.1,4061.8,4058.9,4061.4,310,MGCZ5
2025-11-17 05:51:00+00:00,33,1,42007130,4061.4,4062.7,4059.4,4060.0,476,MGCZ5
2025-11-17 05:52:00+00:00,33,1,42007130,4059.8,4059.9,4057.8,4058.7,307,MGCZ5
2025-11-17 05:53:00+00:00,33,1,42007130,4059.1,4059.5,4057.6,4057.9,232,MGCZ5
2025-11-17 05:54:00+00:00,33,1,42007130,4058.2,4059.0,4057.0,4057.5,249,MGCZ5
2025-11-17 05:55:00+00:00,33,1,42007130,4057.4,4057.5,4054.6,4055.8,573,MGCZ5
2025-11-17 05:56:00+00:00,33,1,42007130,4055.6,4057.7,4055.4,4057.5,254,MGCZ5
2025-11-17 05:57:00+00:00,33,1,42007130,4057.2,4060.8,4056.8,4060.2,267,MGCZ5
2025-11-17 05:58:00+00:00,33,1,42007130,4060.3,4060.8,4059.0,4059.2,192,MGCZ5
2025-11-17 05:59:00+00:00,33,1,42007130,4059.3,4060.4,4058.9,4060.2,284,MGCZ5
2025-11-17 06:00:00+00:00,33,1,42007130,4060.1,4062.9,4059.4,4062.6,614,MGCZ5
2025-11-17 06:01:00+00:00,33,1,42007130,4062.7,4064.7,4061.0,4063.8,583,MGCZ5
2025-11-17 06:02:00+00:00,33,1,42007130,4063.8,4065.0,4062.2,4064.6,490,MGCZ5
2025-11-17 06:03:00+00:00,33,1,42007130,4064.6,4065.5,4063.4,4064.1,514,MGCZ5
2025-11-17 06:04:00+00:00,33,1,42007130,4064.2,4065.9,4063.7,4065.6,277,MGCZ5
2025-11-17 06:05:00+00:00,33,1,42007130,4065.5,4067.3,4065.1,4066.1,608,MGCZ5
2025-11-17 06:06:00+00:00,33,1,42007130,4066.4,4067.9,4065.9,4066.7,539,MGCZ5
2025-11-17 06:07:00+00:00,33,1,42007130,4066.8,4067.2,4064.4,4064.6,439,MGCZ5
2025-11-17 06:08:00+00:00,33,1,42007130,4064.6,4065.9,4063.5,4063.6,379,MGCZ5
2025-11-17 06:09:00+00:00,33,1,42007130,4063.5,4063.5,4060.7,4061.2,489,MGCZ5
2025-11-17 06:10:00+00:00,33,1,42007130,4061.1,4062.0,4059.5,4059.5,341,MGCZ5
2025-11-17 06:11:00+00:00,33,1,42007130,4059.6,4059.9,4056.2,4057.1,641,MGCZ5
2025-11-17 06:12:00+00:00,33,1,42007130,4057.0,4059.1,4055.4,4059.0,521,MGCZ5
2025-11-17 06:13:00+00:00,33,1,42007130,4059.0,4059.1,4057.5,4058.5,207,MGCZ5
2025-11-17 06:14:00+00:00,33,1,42007130,4058.5,4060.0,4058.5,4059.6,149,MGCZ5
2025-11-17 06:15:00+00:00,33,1,42007130,4059.6,4060.0,4056.7,4056.7,337,MGCZ5
2025-11-17 06:16:00+00:00,33,1,42007130,4056.9,4059.6,4056.9,4059.5,200,MGCZ5
2025-11-17 06:17:00+00:00,33,1,42007130,4059.6,4062.3,4059.1,4062.2,335,MGCZ5
2025-11-17 06:18:00+00:00,33,1,42007130,4062.2,4064.2,4061.7,4064.0,437,MGCZ5
2025-11-17 06:19:00+00:00,33,1,42007130,4063.7,4066.3,4063.5,4064.1,434,MGCZ5
2025-11-17 06:20:00+00:00,33,1,42007130,4064.2,4064.3,4062.3,4062.4,216,MGCZ5
2025-11-17 06:21:00+00:00,33,1,42007130,4062.5,4063.1,4061.3,4062.2,200,MGCZ5
2025-11-17 06:22:00+00:00,33,1,42007130,4062.0,4063.2,4062.0,4062.5,106,MGCZ5
2025-11-17 06:23:00+00:00,33,1,42007130,4062.7,4062.7,4060.1,4060.8,248,MGCZ5
2025-11-17 06:24:00+00:00,33,1,42007130,4060.5,4061.5,4059.1,4061.0,289,MGCZ5
2025-11-17 06:25:00+00:00,33,1,42007130,4060.9,4060.9,4058.4,4059.4,198,MGCZ5
2025-11-17 06:26:00+00:00,33,1,42007130,4059.3,4060.0,4059.0,4059.6,110,MGCZ5
2025-11-17 06:27:00+00:00,33,1,42007130,4059.8,4063.8,4059.8,4063.8,284,MGCZ5
2025-11-17 06:28:00+00:00,33,1,42007130,4063.5,4064.8,4063.1,4064.5,273,MGCZ5
2025-11-17 06:29:00+00:00,33,1,42007130,4064.5,4064.6,4063.5,4063.8,348,MGCZ5
2025-11-17 06:30:00+00:00,33,1,42007130,4063.8,4065.3,4063.3,4065.3,288,MGCZ5
2025-11-17 06:31:00+00:00,33,1,42007130,4065.2,4067.3,4063.7,4066.0,545,MGCZ5
2025-11-17 06:32:00+00:00,33,1,42007130,4066.1,4070.0,4065.9,4069.9,650,MGCZ5
2025-11-17 06:33:00+00:00,33,1,42007130,4069.8,4071.9,4067.5,4067.7,689,MGCZ5
2025-11-17 06:34:00+00:00,33,1,42007130,4067.7,4067.7,4065.4,4066.2,335,MGCZ5
2025-11-17 06:35:00+00:00,33,1,42007130,4066.1,4069.3,4065.8,4068.8,258,MGCZ5
2025-11-17 06:36:00+00:00,33,1,42007130,4068.8,4070.0,4068.5,4070.0,244,MGCZ5
2025-11-17 06:37:00+00:00,33,1,42007130,4070.0,4071.1,4069.2,4069.8,285,MGCZ5
2025-11-17 06:38:00+00:00,33,1,42007130,4070.0,4072.5,4068.8,4072.4,415,MGCZ5
2025-11-17 06:39:00+00:00,33,1,42007130,4072.4,4072.4,4070.4,4070.4,281,MGCZ5
2025-11-17 06:40:00+00:00,33,1,42007130,4070.6,4071.2,4068.9,4069.1,396,MGCZ5
2025-11-17 06:41:00+00:00,33,1,42007130,4068.8,4071.0,4068.1,4070.5,412,MGCZ5
2025-11-17 06:42:00+00:00,33,1,42007130,4070.7,4071.2,4069.2,4070.0,223,MGCZ5
2025-11-17 06:43:00+00:00,33,1,42007130,4070.1,4070.1,4068.2,4068.7,212,MGCZ5
2025-11-17 06:44:00+00:00,33,1,42007130,4068.5,4069.1,4067.3,4067.4,221,MGCZ5
2025-11-17 06:45:00+00:00,33,1,42007130,4067.7,4069.2,4067.4,4068.3,278,MGCZ5
2025-11-17 06:46:00+00:00,33,1,42007130,4068.4,4070.8,4068.3,4070.1,285,MGCZ5
2025-11-17 06:47:00+00:00,33,1,42007130,4070.3,4070.8,4068.4,4068.4,251,MGCZ5
2025-11-17 06:48:00+00:00,33,1,42007130,4068.6,4069.1,4067.0,4068.2,227,MGCZ5
2025-11-17 06:49:00+00:00,33,1,42007130,4068.3,4068.7,4067.2,4068.7,141,MGCZ5
2025-11-17 06:50:00+00:00,33,1,42007130,4068.8,4069.5,4067.3,4069.4,183,MGCZ5
2025-11-17 06:51:00+00:00,33,1,42007130,4069.5,4069.5,4066.8,4067.6,163,MGCZ5
2025-11-17 06:52:00+00:00,33,1,42007130,4067.7,4067.9,4066.7,4067.6,207,MGCZ5
2025-11-17 06:53:00+00:00,33,1,42007130,4067.6,4068.6,4067.3,4068.6,165,MGCZ5
2025-11-17 06:54:00+00:00,33,1,42007130,4068.4,4068.8,4065.3,4067.0,282,MGCZ5
2025-11-17 06:55:00+00:00,33,1,42007130,4067.1,4068.2,4066.6,4067.4,159,MGCZ5
2025-11-17 06:56:00+00:00,33,1,42007130,4067.3,4068.8,4066.0,4066.1,395,MGCZ5
2025-11-17 06:57:00+00:00,33,1,42007130,4066.4,4068.6,4066.3,4067.6,143,MGCZ5
2025-11-17 06:58:00+00:00,33,1,42007130,4067.5,4067.6,4066.7,4066.7,137,MGCZ5
2025-11-17 06:59:00+00:00,33,1,42007130,4067.1,4067.2,4066.0,4066.6,154,MGCZ5
2025-11-17 07:00:00+00:00,33,1,42007130,4066.1,4069.0,4065.6,4068.0,396,MGCZ5
2025-11-17 07:01:00+00:00,33,1,42007130,4068.3,4070.6,4068.3,4069.9,261,MGCZ5
2025-11-17 07:02:00+00:00,33,1,42007130,4070.0,4073.0,4070.0,4071.9,403,MGCZ5
2025-11-17 07:03:00+00:00,33,1,42007130,4072.0,4072.2,4070.1,4072.1,326,MGCZ5
2025-11-17 07:04:00+00:00,33,1,42007130,4072.3,4072.6,4069.6,4069.6,364,MGCZ5
2025-11-17 07:05:00+00:00,33,1,42007130,4069.6,4070.0,4067.8,4067.8,308,MGCZ5
2025-11-17 07:06:00+00:00,33,1,42007130,4068.1,4068.9,4067.3,4067.8,224,MGCZ5
2025-11-17 07:07:00+00:00,33,1,42007130,4068.0,4069.3,4068.0,4069.0,86,MGCZ5
2025-11-17 07:08:00+00:00,33,1,42007130,4069.2,4071.6,4069.1,4071.4,221,MGCZ5
2025-11-17 07:09:00+00:00,33,1,42007130,4071.1,4071.2,4070.4,4070.9,76,MGCZ5
2025-11-17 07:10:00+00:00,33,1,42007130,4070.9,4074.3,4070.8,4074.0,444,MGCZ5
2025-11-17 07:11:00+00:00,33,1,42007130,4074.1,4074.5,4071.4,4071.9,313,MGCZ5
2025-11-17 07:12:00+00:00,33,1,42007130,4072.1,4073.5,4071.8,4073.1,177,MGCZ5
2025-11-17 07:13:00+00:00,33,1,42007130,4073.3,4073.8,4072.4,4072.6,154,MGCZ5
2025-11-17 07:14:00+00:00,33,1,42007130,4072.7,4073.6,4071.7,4073.6,116,MGCZ5
2025-11-17 07:15:00+00:00,33,1,42007130,4073.6,4074.8,4073.0,4073.6,260,MGCZ5
2025-11-17 07:16:00+00:00,33,1,42007130,4073.6,4076.2,4073.1,4076.1,438,MGCZ5
2025-11-17 07:17:00+00:00,33,1,42007130,4076.1,4076.1,4074.5,4074.8,339,MGCZ5
2025-11-17 07:18:00+00:00,33,1,42007130,4074.9,4076.6,4074.6,4075.6,248,MGCZ5
2025-11-17 07:19:00+00:00,33,1,42007130,4075.4,4077.2,4074.7,4076.7,326,MGCZ5
2025-11-17 07:20:00+00:00,33,1,42007130,4076.8,4077.4,4075.8,4075.8,250,MGCZ5
2025-11-17 07:21:00+00:00,33,1,42007130,4075.7,4076.6,4075.5,4076.4,169,MGCZ5
2025-11-17 07:22:00+00:00,33,1,42007130,4076.5,4076.8,4074.6,4076.8,230,MGCZ5
2025-11-17 07:23:00+00:00,33,1,42007130,4076.9,4077.2,4076.1,4076.6,217,MGCZ5
2025-11-17 07:24:00+00:00,33,1,42007130,4076.5,4077.3,4075.4,4075.5,203,MGCZ5
2025-11-17 07:25:00+00:00,33,1,42007130,4075.4,4076.5,4074.8,4076.3,210,MGCZ5
2025-11-17 07:26:00+00:00,33,1,42007130,4076.0,4076.4,4075.0,4076.0,179,MGCZ5
2025-11-17 07:27:00+00:00,33,1,42007130,4076.0,4079.1,4075.7,4078.5,548,MGCZ5
2025-11-17 07:28:00+00:00,33,1,42007130,4078.4,4079.1,4077.3,4077.3,253,MGCZ5
2025-11-17 07:29:00+00:00,33,1,42007130,4077.1,4080.3,4076.8,4079.5,569,MGCZ5
2025-11-17 07:30:00+00:00,33,1,42007130,4079.2,4080.1,4077.5,4079.1,385,MGCZ5
2025-11-17 07:31:00+00:00,33,1,42007130,4079.4,4080.6,4079.4,4080.2,247,MGCZ5
2025-11-17 07:32:00+00:00,33,1,42007130,4080.0,4080.3,4079.4,4079.8,183,MGCZ5
2025-11-17 07:33:00+00:00,33,1,42007130,4080.1,4080.2,4078.8,4078.8,221,MGCZ5
2025-11-17 07:34:00+00:00,33,1,42007130,4078.9,4079.8,4078.9,4079.7,99,MGCZ5
2025-11-17 07:35:00+00:00,33,1,42007130,4079.9,4080.3,4078.7,4079.0,163,MGCZ5
2025-11-17 07:36:00+00:00,33,1,42007130,4079.1,4080.6,4078.9,4080.5,215,MGCZ5
2025-11-17 07:37:00+00:00,33,1,42007130,4080.6,4080.6,4078.8,4078.9,161,MGCZ5
2025-11-17 07:38:00+00:00,33,1,42007130,4079.1,4080.2,4078.8,4080.0,115,MGCZ5
2025-11-17 07:39:00+00:00,33,1,42007130,4080.2,4083.0,4080.2,4082.6,518,MGCZ5
2025-11-17 07:40:00+00:00,33,1,42007130,4082.3,4083.5,4081.3,4082.1,351,MGCZ5
2025-11-17 07:41:00+00:00,33,1,42007130,4082.0,4082.9,4081.3,4082.1,169,MGCZ5
2025-11-17 07:42:00+00:00,33,1,42007130,4082.2,4083.0,4082.0,4082.7,235,MGCZ5
2025-11-17 07:43:00+00:00,33,1,42007130,4082.7,4083.8,4082.5,4083.8,252,MGCZ5
2025-11-17 07:44:00+00:00,33,1,42007130,4083.7,4084.3,4083.3,4084.3,179,MGCZ5
2025-11-17 07:45:00+00:00,33,1,42007130,4084.1,4086.0,4084.1,4085.1,648,MGCZ5
2025-11-17 07:46:00+00:00,33,1,42007130,4085.2,4087.5,4084.9,4087.0,405,MGCZ5
2025-11-17 07:47:00+00:00,33,1,42007130,4086.9,4088.3,4086.4,4088.0,450,MGCZ5
2025-11-17 07:48:00+00:00,33,1,42007130,4087.8,4088.2,4085.1,4086.3,392,MGCZ5
2025-11-17 07:49:00+00:00,33,1,42007130,4086.2,4087.0,4085.5,4086.7,285,MGCZ5
2025-11-17 07:50:00+00:00,33,1,42007130,4086.6,4087.8,4086.5,4087.7,198,MGCZ5
2025-11-17 07:51:00+00:00,33,1,42007130,4087.5,4087.9,4086.0,4086.2,166,MGCZ5
2025-11-17 07:52:00+00:00,33,1,42007130,4086.2,4087.1,4086.2,4086.2,107,MGCZ5
2025-11-17 07:53:00+00:00,33,1,42007130,4086.1,4086.2,4085.1,4085.7,294,MGCZ5
2025-11-17 07:54:00+00:00,33,1,42007130,4085.8,4087.3,4085.5,4087.0,129,MGCZ5
2025-11-17 07:55:00+00:00,33,1,42007130,4087.2,4088.7,4087.1,4088.6,308,MGCZ5
2025-11-17 07:56:00+00:00,33,1,42007130,4088.6,4090.0,4088.3,4088.9,544,MGCZ5
2025-11-17 07:57:00+00:00,33,1,42007130,4088.9,4089.5,4087.3,4087.3,247,MGCZ5
2025-11-17 07:58:00+00:00,33,1,42007130,4087.3,4088.8,4087.1,4088.8,141,MGCZ5
2025-11-17 07:59:00+00:00,33,1,42007130,4088.8,4089.7,4088.6,4088.6,186,MGCZ5
2025-11-17 08:00:00+00:00,33,1,42007130,4088.7,4091.2,4087.2,4088.1,713,MGCZ5
2025-11-17 08:01:00+00:00,33,1,42007130,4087.8,4089.4,4087.1,4089.3,329,MGCZ5
2025-11-17 08:02:00+00:00,33,1,42007130,4089.6,4092.4,4088.4,4091.7,419,MGCZ5
2025-11-17 08:03:00+00:00,33,1,42007130,4091.7,4092.5,4090.6,4092.0,264,MGCZ5
2025-11-17 08:04:00+00:00,33,1,42007130,4092.0,4092.8,4090.7,4092.3,240,MGCZ5
2025-11-17 08:05:00+00:00,33,1,42007130,4092.2,4092.9,4091.0,4092.3,249,MGCZ5
2025-11-17 08:06:00+00:00,33,1,42007130,4092.2,4092.4,4090.8,4092.2,220,MGCZ5
2025-11-17 08:07:00+00:00,33,1,42007130,4092.2,4094.7,4091.9,4093.8,503,MGCZ5
2025-11-17 08:08:00+00:00,33,1,42007130,4093.8,4095.2,4092.6,4094.5,363,MGCZ5
2025-11-17 08:09:00+00:00,33,1,42007130,4094.8,4095.9,4093.7,4095.0,431,MGCZ5
2025-11-17 08:10:00+00:00,33,1,42007130,4094.9,4096.9,4093.8,4094.6,558,MGCZ5
2025-11-17 08:11:00+00:00,33,1,42007130,4094.4,4095.2,4091.6,4092.6,525,MGCZ5
2025-11-17 08:12:00+00:00,33,1,42007130,4092.4,4094.4,4091.6,4093.7,361,MGCZ5
2025-11-17 08:13:00+00:00,33,1,42007130,4093.9,4094.9,4093.1,4093.2,163,MGCZ5
2025-11-17 08:14:00+00:00,33,1,42007130,4093.0,4093.9,4090.5,4091.0,411,MGCZ5
2025-11-17 08:15:00+00:00,33,1,42007130,4091.0,4091.8,4090.3,4091.1,380,MGCZ5
2025-11-17 08:16:00+00:00,33,1,42007130,4090.9,4091.4,4089.6,4089.8,262,MGCZ5
2025-11-17 08:17:00+00:00,33,1,42007130,4089.9,4091.4,4089.9,4090.5,160,MGCZ5
2025-11-17 08:18:00+00:00,33,1,42007130,4090.2,4090.4,4088.6,4088.9,360,MGCZ5
2025-11-17 08:19:00+00:00,33,1,42007130,4088.9,4089.1,4087.6,4087.9,417,MGCZ5
2025-11-17 08:20:00+00:00,33,1,42007130,4088.0,4088.4,4086.1,4086.8,413,MGCZ5
2025-11-17 08:21:00+00:00,33,1,42007130,4087.0,4087.4,4085.7,4086.7,417,MGCZ5
2025-11-17 08:22:00+00:00,33,1,42007130,4086.8,4086.9,4084.2,4084.4,368,MGCZ5
2025-11-17 08:23:00+00:00,33,1,42007130,4084.6,4086.2,4082.5,4085.0,596,MGCZ5
2025-11-17 08:24:00+00:00,33,1,42007130,4085.0,4085.7,4081.8,4081.8,449,MGCZ5
2025-11-17 08:25:00+00:00,33,1,42007130,4081.8,4082.8,4080.4,4081.9,717,MGCZ5
2025-11-17 08:26:00+00:00,33,1,42007130,4081.8,4082.5,4081.0,4081.4,352,MGCZ5
2025-11-17 08:27:00+00:00,33,1,42007130,4081.2,4082.8,4080.0,4082.6,403,MGCZ5
2025-11-17 08:28:00+00:00,33,1,42007130,4082.3,4083.8,4082.0,4082.3,403,MGCZ5
2025-11-17 08:29:00+00:00,33,1,42007130,4082.4,4083.5,4081.0,4082.5,211,MGCZ5
2025-11-17 08:30:00+00:00,33,1,42007130,4082.5,4084.2,4082.3,4083.5,339,MGCZ5
2025-11-17 08:31:00+00:00,33,1,42007130,4083.4,4084.2,4082.0,4083.3,285,MGCZ5
2025-11-17 08:32:00+00:00,33,1,42007130,4083.4,4085.2,4083.3,4085.0,308,MGCZ5
2025-11-17 08:33:00+00:00,33,1,42007130,4085.0,4085.4,4081.7,4082.9,356,MGCZ5
2025-11-17 08:34:00+00:00,33,1,42007130,4083.0,4083.5,4081.5,4082.4,179,MGCZ5
2025-11-17 08:35:00+00:00,33,1,42007130,4082.0,4082.0,4077.2,4078.3,1004,MGCZ5
2025-11-17 08:36:00+00:00,33,1,42007130,4078.5,4079.3,4077.4,4078.6,507,MGCZ5
2025-11-17 08:37:00+00:00,33,1,42007130,4079.0,4082.1,4078.6,4080.6,430,MGCZ5
2025-11-17 08:38:00+00:00,33,1,42007130,4080.8,4082.0,4078.3,4078.3,326,MGCZ5
2025-11-17 08:39:00+00:00,33,1,42007130,4078.3,4080.1,4078.0,4079.0,210,MGCZ5
2025-11-17 08:40:00+00:00,33,1,42007130,4079.2,4079.2,4077.8,4078.3,154,MGCZ5
2025-11-17 08:41:00+00:00,33,1,42007130,4078.3,4079.7,4077.5,4078.4,250,MGCZ5
2025-11-17 08:42:00+00:00,33,1,42007130,4078.2,4078.3,4077.5,4077.7,177,MGCZ5
2025-11-17 08:43:00+00:00,33,1,42007130,4077.5,4077.9,4076.7,4076.9,191,MGCZ5
2025-11-17 08:44:00+00:00,33,1,42007130,4076.8,4078.8,4076.3,4078.5,268,MGCZ5
2025-11-17 08:45:00+00:00,33,1,42007130,4078.6,4079.4,4077.2,4079.3,191,MGCZ5
2025-11-17 08:46:00+00:00,33,1,42007130,4079.3,4079.3,4077.5,4078.0,199,MGCZ5
2025-11-17 08:47:00+00:00,33,1,42007130,4077.9,4078.0,4075.2,4076.8,408,MGCZ5
2025-11-17 08:48:00+00:00,33,1,42007130,4076.6,4077.2,4073.0,4073.2,609,MGCZ5
2025-11-17 08:49:00+00:00,33,1,42007130,4073.3,4076.1,4073.0,4074.3,455,MGCZ5
2025-11-17 08:50:00+00:00,33,1,42007130,4074.2,4075.3,4073.0,4075.0,388,MGCZ5
2025-11-17 08:51:00+00:00,33,1,42007130,4075.3,4078.4,4075.2,4078.3,384,MGCZ5
2025-11-17 08:52:00+00:00,33,1,42007130,4078.1,4080.2,4077.7,4079.4,443,MGCZ5
2025-11-17 08:53:00+00:00,33,1,42007130,4079.5,4080.9,4078.7,4080.2,370,MGCZ5
2025-11-17 08:54:00+00:00,33,1,42007130,4079.9,4079.9,4076.8,4077.2,260,MGCZ5
2025-11-17 08:55:00+00:00,33,1,42007130,4077.0,4077.9,4076.2,4077.6,181,MGCZ5
2025-11-17 08:56:00+00:00,33,1,42007130,4077.4,4079.9,4077.0,4079.9,226,MGCZ5
2025-11-17 08:57:00+00:00,33,1,42007130,4079.7,4080.2,4079.1,4079.8,154,MGCZ5
2025-11-17 08:58:00+00:00,33,1,42007130,4079.8,4080.3,4077.5,4080.3,164,MGCZ5
2025-11-17 08:59:00+00:00,33,1,42007130,4080.1,4081.0,4078.5,4078.7,224,MGCZ5
2025-11-17 09:00:00+00:00,33,1,42007130,4078.5,4079.3,4076.7,4077.8,289,MGCZ5
2025-11-17 09:01:00+00:00,33,1,42007130,4077.8,4078.3,4075.7,4076.5,239,MGCZ5
2025-11-17 09:02:00+00:00,33,1,42007130,4076.7,4076.9,4075.5,4076.6,178,MGCZ5
2025-11-17 09:03:00+00:00,33,1,42007130,4076.4,4077.3,4074.3,4074.3,296,MGCZ5
2025-11-17 09:04:00+00:00,33,1,42007130,4074.4,4076.5,4073.4,4076.5,477,MGCZ5
2025-11-17 09:05:00+00:00,33,1,42007130,4076.6,4079.0,4074.8,4079.0,231,MGCZ5
2025-11-17 09:06:00+00:00,33,1,42007130,4078.7,4079.4,4078.0,4078.3,268,MGCZ5
2025-11-17 09:07:00+00:00,33,1,42007130,4078.2,4079.0,4076.9,4077.3,180,MGCZ5
2025-11-17 09:08:00+00:00,33,1,42007130,4077.5,4079.7,4077.4,4078.1,250,MGCZ5
2025-11-17 09:09:00+00:00,33,1,42007130,4078.2,4080.2,4078.2,4079.9,152,MGCZ5
2025-11-17 09:10:00+00:00,33,1,42007130,4080.1,4080.6,4079.4,4080.5,128,MGCZ5
2025-11-17 09:11:00+00:00,33,1,42007130,4080.6,4082.5,4079.8,4082.2,416,MGCZ5
2025-11-17 09:12:00+00:00,33,1,42007130,4082.2,4082.2,4079.0,4079.0,255,MGCZ5
2025-11-17 09:13:00+00:00,33,1,42007130,4079.1,4080.9,4079.0,4080.5,113,MGCZ5
2025-11-17 09:14:00+00:00,33,1,42007130,4080.3,4083.8,4080.3,4083.4,333,MGCZ5
2025-11-17 09:15:00+00:00,33,1,42007130,4083.3,4083.7,4082.2,4082.4,336,MGCZ5
2025-11-17 09:16:00+00:00,33,1,42007130,4082.2,4082.5,4080.5,4081.6,327,MGCZ5
2025-11-17 09:17:00+00:00,33,1,42007130,4081.6,4083.2,4081.5,4083.1,171,MGCZ5
2025-11-17 09:18:00+00:00,33,1,42007130,4083.2,4084.2,4082.6,4082.9,246,MGCZ5
2025-11-17 09:19:00+00:00,33,1,42007130,4083.0,4083.7,4081.4,4082.9,278,MGCZ5
2025-11-17 09:20:00+00:00,33,1,42007130,4082.7,4084.8,4082.2,4084.6,424,MGCZ5
2025-11-17 09:21:00+00:00,33,1,42007130,4083.6,4083.9,4081.9,4083.9,157,MGCZ5
2025-11-17 09:22:00+00:00,33,1,42007130,4084.0,4085.8,4083.5,4083.8,411,MGCZ5
2025-11-17 09:23:00+00:00,33,1,42007130,4084.1,4086.4,4083.9,4085.5,269,MGCZ5
2025-11-17 09:24:00+00:00,33,1,42007130,4085.5,4086.1,4083.9,4084.3,173,MGCZ5
2025-11-17 09:25:00+00:00,33,1,42007130,4084.0,4086.2,4083.9,4086.1,141,MGCZ5
2025-11-17 09:26:00+00:00,33,1,42007130,4086.3,4086.4,4084.8,4085.8,88,MGCZ5
2025-11-17 09:27:00+00:00,33,1,42007130,4085.5,4086.0,4085.0,4085.9,85,MGCZ5
2025-11-17 09:28:00+00:00,33,1,42007130,4086.1,4086.1,4084.3,4084.6,81,MGCZ5
2025-11-17 09:29:00+00:00,33,1,42007130,4084.6,4085.5,4083.9,4084.5,186,MGCZ5
2025-11-17 09:30:00+00:00,33,1,42007130,4084.6,4085.3,4083.3,4084.9,127,MGCZ5
2025-11-17 09:31:00+00:00,33,1,42007130,4084.6,4084.6,4083.0,4083.7,130,MGCZ5
2025-11-17 09:32:00+00:00,33,1,42007130,4083.7,4084.5,4083.6,4084.4,134,MGCZ5
2025-11-17 09:33:00+00:00,33,1,42007130,4084.4,4088.3,4084.2,4088.0,522,MGCZ5
2025-11-17 09:34:00+00:00,33,1,42007130,4088.0,4089.9,4087.9,4089.9,567,MGCZ5
2025-11-17 09:35:00+00:00,33,1,42007130,4089.6,4089.9,4086.9,4089.2,314,MGCZ5
2025-11-17 09:36:00+00:00,33,1,42007130,4089.0,4089.5,4086.6,4088.6,385,MGCZ5
2025-11-17 09:37:00+00:00,33,1,42007130,4088.5,4089.3,4088.1,4088.9,119,MGCZ5
2025-11-17 09:38:00+00:00,33,1,42007130,4089.0,4089.0,4085.6,4087.2,279,MGCZ5
2025-11-17 09:39:00+00:00,33,1,42007130,4087.4,4088.1,4086.8,4086.9,82,MGCZ5
2025-11-17 09:40:00+00:00,33,1,42007130,4086.9,4088.0,4086.0,4087.8,216,MGCZ5
2025-11-17 09:41:00+00:00,33,1,42007130,4087.5,4087.8,4085.4,4085.8,210,MGCZ5
2025-11-17 09:42:00+00:00,33,1,42007130,4086.0,4087.9,4085.9,4086.3,200,MGCZ5
2025-11-17 09:43:00+00:00,33,1,42007130,4086.7,4087.2,4086.2,4087.2,51,MGCZ5
2025-11-17 09:44:00+00:00,33,1,42007130,4087.2,4087.5,4086.8,4087.1,81,MGCZ5
2025-11-17 09:45:00+00:00,33,1,42007130,4087.4,4087.9,4085.8,4085.8,196,MGCZ5
2025-11-17 09:46:00+00:00,33,1,42007130,4085.8,4086.5,4085.3,4085.7,202,MGCZ5
2025-11-17 09:47:00+00:00,33,1,42007130,4085.8,4085.9,4085.1,4085.2,157,MGCZ5
2025-11-17 09:48:00+00:00,33,1,42007130,4085.4,4086.4,4084.6,4086.1,152,MGCZ5
2025-11-17 09:49:00+00:00,33,1,42007130,4086.0,4086.0,4084.1,4085.1,213,MGCZ5
2025-11-17 09:50:00+00:00,33,1,42007130,4085.1,4086.5,4084.8,4085.3,131,MGCZ5
2025-11-17 09:51:00+00:00,33,1,42007130,4085.5,4085.9,4081.5,4081.8,486,MGCZ5
2025-11-17 09:52:00+00:00,33,1,42007130,4082.1,4083.8,4082.0,4083.4,235,MGCZ5
2025-11-17 09:53:00+00:00,33,1,42007130,4083.3,4083.3,4080.0,4081.2,349,MGCZ5
2025-11-17 09:54:00+00:00,33,1,42007130,4081.2,4082.7,4081.1,4082.2,143,MGCZ5
2025-11-17 09:55:00+00:00,33,1,42007130,4082.2,4084.0,4081.0,4083.6,178,MGCZ5
2025-11-17 09:56:00+00:00,33,1,42007130,4083.6,4084.3,4083.1,4084.2,127,MGCZ5
2025-11-17 09:57:00+00:00,33,1,42007130,4084.3,4085.8,4084.0,4085.4,197,MGCZ5
2025-11-17 09:58:00+00:00,33,1,42007130,4085.1,4085.6,4084.1,4084.2,165,MGCZ5
2025-11-17 09:59:00+00:00,33,1,42007130,4084.5,4084.5,4083.0,4083.6,115,MGCZ5
2025-11-17 10:00:00+00:00,33,1,42007130,4083.3,4084.6,4082.3,4084.1,218,MGCZ5
2025-11-17 10:01:00+00:00,33,1,42007130,4084.1,4088.1,4083.9,4087.3,381,MGCZ5
2025-11-17 10:02:00+00:00,33,1,42007130,4087.4,4089.5,4087.3,4088.8,378,MGCZ5
2025-11-17 10:03:00+00:00,33,1,42007130,4089.0,4090.7,4088.0,4089.3,283,MGCZ5
2025-11-17 10:04:00+00:00,33,1,42007130,4089.5,4090.0,4087.3,4087.7,304,MGCZ5
2025-11-17 10:05:00+00:00,33,1,42007130,4087.6,4089.4,4087.2,4088.8,157,MGCZ5
2025-11-17 10:06:00+00:00,33,1,42007130,4088.4,4088.4,4086.9,4087.6,129,MGCZ5
2025-11-17 10:07:00+00:00,33,1,42007130,4087.7,4088.2,4087.1,4088.2,154,MGCZ5
2025-11-17 10:08:00+00:00,33,1,42007130,4088.0,4088.0,4086.7,4087.6,118,MGCZ5
2025-11-17 10:09:00+00:00,33,1,42007130,4087.9,4089.8,4087.8,4088.7,162,MGCZ5
2025-11-17 10:10:00+00:00,33,1,42007130,4088.8,4090.8,4088.8,4089.5,184,MGCZ5
2025-11-17 10:11:00+00:00,33,1,42007130,4089.6,4091.1,4089.5,4090.8,133,MGCZ5
2025-11-17 10:12:00+00:00,33,1,42007130,4090.8,4091.1,4089.5,4089.7,238,MGCZ5
2025-11-17 10:13:00+00:00,33,1,42007130,4089.6,4090.1,4088.7,4088.9,137,MGCZ5
2025-11-17 10:14:00+00:00,33,1,42007130,4089.1,4089.3,4088.4,4088.8,75,MGCZ5
2025-11-17 10:15:00+00:00,33,1,42007130,4088.8,4089.4,4087.9,4088.7,106,MGCZ5
2025-11-17 10:16:00+00:00,33,1,42007130,4088.4,4089.4,4088.3,4089.1,105,MGCZ5
2025-11-17 10:17:00+00:00,33,1,42007130,4089.2,4090.3,4088.8,4089.6,152,MGCZ5
2025-11-17 10:18:00+00:00,33,1,42007130,4089.8,4091.0,4088.8,4089.7,228,MGCZ5
2025-11-17 10:19:00+00:00,33,1,42007130,4089.5,4089.9,4088.2,4088.3,166,MGCZ5
2025-11-17 10:20:00+00:00,33,1,42007130,4088.1,4090.8,4088.0,4090.1,136,MGCZ5
2025-11-17 10:21:00+00:00,33,1,42007130,4089.8,4089.8,4088.5,4088.6,63,MGCZ5
2025-11-17 10:22:00+00:00,33,1,42007130,4088.2,4089.4,4087.9,4089.1,140,MGCZ5
2025-11-17 10:23:00+00:00,33,1,42007130,4089.2,4089.7,4088.2,4088.2,74,MGCZ5
2025-11-17 10:24:00+00:00,33,1,42007130,4088.1,4088.2,4085.1,4086.9,360,MGCZ5
2025-11-17 10:25:00+00:00,33,1,42007130,4087.0,4088.5,4086.6,4087.3,179,MGCZ5
2025-11-17 10:26:00+00:00,33,1,42007130,4087.3,4088.5,4086.4,4088.2,164,MGCZ5
2025-11-17 10:27:00+00:00,33,1,42007130,4088.2,4088.2,4086.9,4087.3,164,MGCZ5
2025-11-17 10:28:00+00:00,33,1,42007130,4087.2,4088.9,4086.8,4087.2,266,MGCZ5
2025-11-17 10:29:00+00:00,33,1,42007130,4087.2,4087.8,4085.7,4086.0,245,MGCZ5
2025-11-17 10:30:00+00:00,33,1,42007130,4085.8,4085.8,4082.0,4083.0,681,MGCZ5
2025-11-17 10:31:00+00:00,33,1,42007130,4083.0,4083.2,4080.9,4081.7,501,MGCZ5
2025-11-17 10:32:00+00:00,33,1,42007130,4081.8,4083.2,4078.9,4082.8,513,MGCZ5
2025-11-17 10:33:00+00:00,33,1,42007130,4083.1,4086.0,4083.1,4085.9,232,MGCZ5
2025-11-17 10:34:00+00:00,33,1,42007130,4086.0,4086.3,4083.9,4084.3,283,MGCZ5
2025-11-17 10:35:00+00:00,33,1,42007130,4084.6,4087.3,4083.6,4086.7,290,MGCZ5
2025-11-17 10:36:00+00:00,33,1,42007130,4086.8,4087.2,4084.9,4085.6,221,MGCZ5
2025-11-17 10:37:00+00:00,33,1,42007130,4086.0,4087.7,4085.4,4087.2,181,MGCZ5
2025-11-17 10:38:00+00:00,33,1,42007130,4087.3,4087.3,4085.3,4085.4,154,MGCZ5
2025-11-17 10:39:00+00:00,33,1,42007130,4085.6,4086.3,4084.8,4085.0,196,MGCZ5
2025-11-17 10:40:00+00:00,33,1,42007130,4084.8,4085.0,4083.0,4083.1,205,MGCZ5
2025-11-17 10:41:00+00:00,33,1,42007130,4083.3,4083.9,4082.4,4083.3,194,MGCZ5
2025-11-17 10:42:00+00:00,33,1,42007130,4083.2,4084.9,4083.0,4084.4,128,MGCZ5
2025-11-17 10:43:00+00:00,33,1,42007130,4084.5,4085.0,4081.9,4081.9,187,MGCZ5
2025-11-17 10:44:00+00:00,33,1,42007130,4082.1,4082.1,4080.1,4080.9,335,MGCZ5
2025-11-17 10:45:00+00:00,33,1,42007130,4081.0,4081.0,4079.1,4080.3,232,MGCZ5
2025-11-17 10:46:00+00:00,33,1,42007130,4080.4,4082.5,4080.4,4082.2,172,MGCZ5
2025-11-17 10:47:00+00:00,33,1,42007130,4081.9,4082.9,4080.9,4081.0,177,MGCZ5
2025-11-17 10:48:00+00:00,33,1,42007130,4081.1,4082.4,4080.4,4081.9,112,MGCZ5
2025-11-17 10:49:00+00:00,33,1,42007130,4081.7,4082.4,4079.1,4079.1,177,MGCZ5
2025-11-17 10:50:00+00:00,33,1,42007130,4079.2,4079.3,4076.1,4077.9,557,MGCZ5
2025-11-17 10:51:00+00:00,33,1,42007130,4077.6,4078.1,4074.4,4075.7,408,MGCZ5
2025-11-17 10:52:00+00:00,33,1,42007130,4075.8,4076.7,4073.9,4074.2,285,MGCZ5
2025-11-17 10:53:00+00:00,33,1,42007130,4074.4,4075.5,4071.8,4072.3,614,MGCZ5
2025-11-17 10:54:00+00:00,33,1,42007130,4072.3,4072.4,4069.6,4071.6,752,MGCZ5
2025-11-17 10:55:00+00:00,33,1,42007130,4071.4,4074.0,4071.1,4072.9,324,MGCZ5
2025-11-17 10:56:00+00:00,33,1,42007130,4073.3,4075.0,4072.5,4073.7,288,MGCZ5
2025-11-17 10:57:00+00:00,33,1,42007130,4073.8,4074.9,4072.4,4072.6,202,MGCZ5
2025-11-17 10:58:00+00:00,33,1,42007130,4072.8,4072.9,4070.6,4071.9,245,MGCZ5
2025-11-17 10:59:00+00:00,33,1,42007130,4072.0,4072.8,4070.5,4072.0,217,MGCZ5
2025-11-17 11:00:00+00:00,33,1,42007130,4072.0,4072.3,4067.0,4067.0,753,MGCZ5
2025-11-17 11:01:00+00:00,33,1,42007130,4067.0,4069.6,4065.1,4069.6,600,MGCZ5
2025-11-17 11:02:00+00:00,33,1,42007130,4069.5,4069.8,4065.0,4065.4,386,MGCZ5
2025-11-17 11:03:00+00:00,33,1,42007130,4065.0,4065.9,4062.2,4063.4,766,MGCZ5
2025-11-17 11:04:00+00:00,33,1,42007130,4063.6,4066.6,4063.1,4065.0,385,MGCZ5
2025-11-17 11:05:00+00:00,33,1,42007130,4065.0,4067.9,4064.8,4065.7,444,MGCZ5
2025-11-17 11:06:00+00:00,33,1,42007130,4065.8,4067.7,4065.8,4066.7,249,MGCZ5
2025-11-17 11:07:00+00:00,33,1,42007130,4066.9,4071.1,4066.7,4070.2,562,MGCZ5
2025-11-17 11:08:00+00:00,33,1,42007130,4070.3,4072.6,4068.8,4072.2,303,MGCZ5
2025-11-17 11:09:00+00:00,33,1,42007130,4072.1,4075.4,4071.8,4075.2,492,MGCZ5
2025-11-17 11:10:00+00:00,33,1,42007130,4075.3,4075.4,4072.4,4072.9,400,MGCZ5
2025-11-17 11:11:00+00:00,33,1,42007130,4072.5,4072.6,4070.4,4070.5,276,MGCZ5
2025-11-17 11:12:00+00:00,33,1,42007130,4070.5,4072.4,4069.7,4070.1,266,MGCZ5
2025-11-17 11:13:00+00:00,33,1,42007130,4069.9,4070.1,4067.3,4068.1,542,MGCZ5
2025-11-17 11:14:00+00:00,33,1,42007130,4067.6,4070.1,4067.2,4070.0,392,MGCZ5
2025-11-17 11:15:00+00:00,33,1,42007130,4069.6,4072.9,4069.5,4072.8,255,MGCZ5
2025-11-17 11:16:00+00:00,33,1,42007130,4072.8,4074.1,4072.1,4073.1,222,MGCZ5
2025-11-17 11:17:00+00:00,33,1,42007130,4073.3,4073.5,4072.2,4072.5,165,MGCZ5
2025-11-17 11:18:00+00:00,33,1,42007130,4072.9,4072.9,4070.9,4071.0,109,MGCZ5
2025-11-17 11:19:00+00:00,33,1,42007130,4070.9,4072.5,4070.7,4071.5,128,MGCZ5
2025-11-17 11:20:00+00:00,33,1,42007130,4071.6,4073.0,4071.5,4072.3,124,MGCZ5
2025-11-17 11:21:00+00:00,33,1,42007130,4072.3,4072.7,4070.7,4070.8,101,MGCZ5
2025-11-17 11:22:00+00:00,33,1,42007130,4070.6,4071.8,4070.5,4071.3,101,MGCZ5
2025-11-17 11:23:00+00:00,33,1,42007130,4071.3,4071.7,4071.0,4071.7,71,MGCZ5
2025-11-17 11:24:00+00:00,33,1,42007130,4071.6,4072.1,4069.1,4069.9,350,MGCZ5
2025-11-17 11:25:00+00:00,33,1,42007130,4069.9,4070.2,4068.5,4069.2,157,MGCZ5
2025-11-17 11:26:00+00:00,33,1,42007130,4069.0,4069.6,4068.1,4068.7,253,MGCZ5
2025-11-17 11:27:00+00:00,33,1,42007130,4068.6,4070.3,4067.6,4068.1,258,MGCZ5
2025-11-17 11:28:00+00:00,33,1,42007130,4068.1,4068.5,4066.7,4067.7,233,MGCZ5
2025-11-17 11:29:00+00:00,33,1,42007130,4068.0,4068.7,4066.9,4067.4,229,MGCZ5
2025-11-17 11:30:00+00:00,33,1,42007130,4067.2,4069.3,4066.0,4068.5,363,MGCZ5
2025-11-17 11:31:00+00:00,33,1,42007130,4068.4,4069.6,4067.2,4067.3,154,MGCZ5
2025-11-17 11:32:00+00:00,33,1,42007130,4067.1,4068.5,4066.4,4068.5,222,MGCZ5
2025-11-17 11:33:00+00:00,33,1,42007130,4068.3,4072.7,4068.3,4072.5,370,MGCZ5
2025-11-17 11:34:00+00:00,33,1,42007130,4072.4,4074.5,4071.7,4074.3,503,MGCZ5
2025-11-17 11:35:00+00:00,33,1,42007130,4074.3,4078.9,4074.0,4078.3,793,MGCZ5
2025-11-17 11:36:00+00:00,33,1,42007130,4078.4,4080.9,4076.8,4080.1,643,MGCZ5
2025-11-17 11:37:00+00:00,33,1,42007130,4080.1,4082.0,4079.1,4079.3,570,MGCZ5
2025-11-17 11:38:00+00:00,33,1,42007130,4079.1,4079.6,4077.3,4078.0,307,MGCZ5
2025-11-17 11:39:00+00:00,33,1,42007130,4078.0,4080.0,4077.6,4079.5,245,MGCZ5
2025-11-17 11:40:00+00:00,33,1,42007130,4079.5,4080.3,4079.0,4079.4,188,MGCZ5
2025-11-17 11:41:00+00:00,33,1,42007130,4079.5,4080.3,4078.6,4080.0,202,MGCZ5
2025-11-17 11:42:00+00:00,33,1,42007130,4080.0,4084.7,4079.9,4082.8,652,MGCZ5
2025-11-17 11:43:00+00:00,33,1,42007130,4082.6,4084.5,4082.0,4082.5,349,MGCZ5
2025-11-17 11:44:00+00:00,33,1,42007130,4082.5,4082.7,4080.8,4082.1,246,MGCZ5
2025-11-17 11:45:00+00:00,33,1,42007130,4082.3,4083.3,4081.4,4082.5,339,MGCZ5
2025-11-17 11:46:00+00:00,33,1,42007130,4082.4,4083.1,4079.4,4080.5,281,MGCZ5
2025-11-17 11:47:00+00:00,33,1,42007130,4080.2,4080.4,4078.4,4078.8,268,MGCZ5
2025-11-17 11:48:00+00:00,33,1,42007130,4079.0,4079.9,4078.2,4078.8,179,MGCZ5
2025-11-17 11:49:00+00:00,33,1,42007130,4078.6,4079.1,4078.0,4078.3,190,MGCZ5
2025-11-17 11:50:00+00:00,33,1,42007130,4078.2,4082.3,4078.1,4080.5,345,MGCZ5
2025-11-17 11:51:00+00:00,33,1,42007130,4080.5,4083.0,4080.4,4082.5,276,MGCZ5
2025-11-17 11:52:00+00:00,33,1,42007130,4082.3,4086.2,4081.9,4086.1,363,MGCZ5
2025-11-17 11:53:00+00:00,33,1,42007130,4086.0,4086.3,4083.2,4083.3,324,MGCZ5
2025-11-17 11:54:00+00:00,33,1,42007130,4083.3,4087.1,4082.0,4086.9,356,MGCZ5
2025-11-17 11:55:00+00:00,33,1,42007130,4086.9,4087.5,4084.8,4086.1,366,MGCZ5
2025-11-17 11:56:00+00:00,33,1,42007130,4086.3,4086.7,4082.6,4082.7,313,MGCZ5
2025-11-17 11:57:00+00:00,33,1,42007130,4082.5,4083.1,4081.1,4081.7,353,MGCZ5
2025-11-17 11:58:00+00:00,33,1,42007130,4081.4,4081.7,4079.0,4079.6,304,MGCZ5
2025-11-17 11:59:00+00:00,33,1,42007130,4079.7,4080.6,4079.6,4079.9,131,MGCZ5
2025-11-17 12:00:00+00:00,33,1,42007130,4080.0,4081.5,4079.8,4080.3,177,MGCZ5
2025-11-17 12:01:00+00:00,33,1,42007130,4080.4,4080.4,4078.3,4080.1,184,MGCZ5
2025-11-17 12:02:00+00:00,33,1,42007130,4080.2,4080.7,4078.9,4079.0,141,MGCZ5
2025-11-17 12:03:00+00:00,33,1,42007130,4078.9,4080.8,4078.0,4080.4,213,MGCZ5
2025-11-17 12:04:00+00:00,33,1,42007130,4080.6,4082.0,4080.4,4081.2,188,MGCZ5
2025-11-17 12:05:00+00:00,33,1,42007130,4081.0,4081.4,4079.8,4081.0,126,MGCZ5
2025-11-17 12:06:00+00:00,33,1,42007130,4081.0,4081.9,4080.2,4080.6,104,MGCZ5
2025-11-17 12:07:00+00:00,33,1,42007130,4080.6,4081.3,4080.3,4080.9,65,MGCZ5
2025-11-17 12:08:00+00:00,33,1,42007130,4080.9,4080.9,4079.5,4079.8,151,MGCZ5
2025-11-17 12:09:00+00:00,33,1,42007130,4079.7,4081.8,4079.7,4081.4,85,MGCZ5
2025-11-17 12:10:00+00:00,33,1,42007130,4081.1,4082.0,4080.2,4081.4,230,MGCZ5
2025-11-17 12:11:00+00:00,33,1,42007130,4081.5,4081.8,4080.8,4080.8,73,MGCZ5
2025-11-17 12:12:00+00:00,33,1,42007130,4080.4,4081.3,4079.8,4080.4,110,MGCZ5
2025-11-17 12:13:00+00:00,33,1,42007130,4080.4,4080.5,4078.8,4079.1,148,MGCZ5
2025-11-17 12:14:00+00:00,33,1,42007130,4079.2,4080.5,4078.8,4080.0,122,MGCZ5
2025-11-17 12:15:00+00:00,33,1,42007130,4079.9,4080.7,4078.6,4079.0,154,MGCZ5
2025-11-17 12:16:00+00:00,33,1,42007130,4078.9,4079.1,4076.4,4076.6,418,MGCZ5
2025-11-17 12:17:00+00:00,33,1,42007130,4076.9,4078.6,4076.7,4077.3,222,MGCZ5
2025-11-17 12:18:00+00:00,33,1,42007130,4076.9,4079.2,4076.1,4079.2,219,MGCZ5
2025-11-17 12:19:00+00:00,33,1,42007130,4079.0,4082.3,4079.0,4081.4,451,MGCZ5
2025-11-17 12:20:00+00:00,33,1,42007130,4081.7,4081.7,4077.6,4077.6,253,MGCZ5
2025-11-17 12:21:00+00:00,33,1,42007130,4077.8,4078.4,4076.5,4076.6,195,MGCZ5
2025-11-17 12:22:00+00:00,33,1,42007130,4076.6,4078.8,4075.7,4078.6,314,MGCZ5
2025-11-17 12:23:00+00:00,33,1,42007130,4078.3,4080.5,4077.9,4080.2,175,MGCZ5
2025-11-17 12:24:00+00:00,33,1,42007130,4080.5,4081.9,4079.7,4079.7,224,MGCZ5
2025-11-17 12:25:00+00:00,33,1,42007130,4079.7,4081.0,4079.0,4079.5,196,MGCZ5
2025-11-17 12:26:00+00:00,33,1,42007130,4079.5,4080.5,4077.5,4080.1,231,MGCZ5
2025-11-17 12:27:00+00:00,33,1,42007130,4080.1,4080.6,4079.6,4080.1,91,MGCZ5
2025-11-17 12:28:00+00:00,33,1,42007130,4080.2,4080.6,4079.5,4080.1,124,MGCZ5
2025-11-17 12:29:00+00:00,33,1,42007130,4080.1,4080.6,4079.6,4079.6,91,MGCZ5
2025-11-17 12:30:00+00:00,33,1,42007130,4079.8,4080.5,4078.9,4079.9,160,MGCZ5
2025-11-17 12:31:00+00:00,33,1,42007130,4079.8,4085.5,4079.8,4085.0,702,MGCZ5
2025-11-17 12:32:00+00:00,33,1,42007130,4085.0,4087.2,4083.8,4086.2,557,MGCZ5
2025-11-17 12:33:00+00:00,33,1,42007130,4086.2,4086.5,4084.3,4084.8,218,MGCZ5
2025-11-17 12:34:00+00:00,33,1,42007130,4084.8,4085.0,4083.4,4084.6,200,MGCZ5
2025-11-17 12:35:00+00:00,33,1,42007130,4084.6,4085.9,4084.3,4085.2,192,MGCZ5
2025-11-17 12:36:00+00:00,33,1,42007130,4085.2,4085.6,4083.0,4083.7,232,MGCZ5
2025-11-17 12:37:00+00:00,33,1,42007130,4083.5,4085.4,4083.5,4084.8,127,MGCZ5
2025-11-17 12:38:00+00:00,33,1,42007130,4084.6,4085.4,4083.4,4085.2,144,MGCZ5
2025-11-17 12:39:00+00:00,33,1,42007130,4085.1,4085.3,4084.0,4084.2,84,MGCZ5
2025-11-17 12:40:00+00:00,33,1,42007130,4084.2,4084.8,4083.4,4083.8,109,MGCZ5
2025-11-17 12:41:00+00:00,33,1,42007130,4083.8,4084.3,4082.2,4082.9,193,MGCZ5
2025-11-17 12:42:00+00:00,33,1,42007130,4083.2,4083.6,4082.1,4082.7,117,MGCZ5
2025-11-17 12:43:00+00:00,33,1,42007130,4082.9,4083.1,4082.1,4083.0,115,MGCZ5
2025-11-17 12:44:00+00:00,33,1,42007130,4082.3,4084.6,4081.9,4084.2,179,MGCZ5
2025-11-17 12:45:00+00:00,33,1,42007130,4084.4,4084.8,4084.2,4084.4,113,MGCZ5
2025-11-17 12:46:00+00:00,33,1,42007130,4084.2,4085.0,4083.5,4083.5,117,MGCZ5
2025-11-17 12:47:00+00:00,33,1,42007130,4083.7,4083.7,4081.5,4082.0,188,MGCZ5
2025-11-17 12:48:00+00:00,33,1,42007130,4082.1,4082.3,4080.9,4081.5,144,MGCZ5
2025-11-17 12:49:00+00:00,33,1,42007130,4081.3,4083.3,4081.3,4081.8,141,MGCZ5
2025-11-17 12:50:00+00:00,33,1,42007130,4081.7,4081.8,4078.8,4079.1,246,MGCZ5
2025-11-17 12:51:00+00:00,33,1,42007130,4079.2,4079.3,4077.6,4077.6,331,MGCZ5
2025-11-17 12:52:00+00:00,33,1,42007130,4077.6,4078.1,4076.2,4076.8,286,MGCZ5
2025-11-17 12:53:00+00:00,33,1,42007130,4076.8,4079.5,4076.7,4078.4,291,MGCZ5
2025-11-17 12:54:00+00:00,33,1,42007130,4078.3,4080.1,4078.3,4079.4,197,MGCZ5
2025-11-17 12:55:00+00:00,33,1,42007130,4079.3,4082.0,4079.2,4081.7,243,MGCZ5
2025-11-17 12:56:00+00:00,33,1,42007130,4081.5,4082.8,4080.0,4080.7,196,MGCZ5
2025-11-17 12:57:00+00:00,33,1,42007130,4080.4,4080.4,4079.1,4080.1,137,MGCZ5
2025-11-17 12:58:00+00:00,33,1,42007130,4080.5,4080.8,4079.2,4080.0,161,MGCZ5
2025-11-17 12:59:00+00:00,33,1,42007130,4079.8,4079.9,4078.2,4078.4,171,MGCZ5
2025-11-17 13:00:00+00:00,33,1,42007130,4078.4,4081.4,4077.1,4081.3,487,MGCZ5
2025-11-17 13:01:00+00:00,33,1,42007130,4081.4,4085.8,4081.4,4084.3,681,MGCZ5
2025-11-17 13:02:00+00:00,33,1,42007130,4084.5,4087.0,4084.4,4086.5,429,MGCZ5
2025-11-17 13:03:00+00:00,33,1,42007130,4086.6,4090.0,4086.6,4088.9,789,MGCZ5
2025-11-17 13:04:00+00:00,33,1,42007130,4089.0,4089.9,4086.8,4088.8,356,MGCZ5
2025-11-17 13:05:00+00:00,33,1,42007130,4088.8,4092.3,4088.7,4091.8,664,MGCZ5
2025-11-17 13:06:00+00:00,33,1,42007130,4092.0,4093.7,4088.3,4089.2,669,MGCZ5
2025-11-17 13:07:00+00:00,33,1,42007130,4089.3,4089.5,4086.9,4087.9,451,MGCZ5
2025-11-17 13:08:00+00:00,33,1,42007130,4087.8,4088.6,4084.2,4084.8,449,MGCZ5
2025-11-17 13:09:00+00:00,33,1,42007130,4084.7,4085.5,4083.0,4083.0,477,MGCZ5
2025-11-17 13:10:00+00:00,33,1,42007130,4082.9,4083.3,4081.6,4082.3,441,MGCZ5
2025-11-17 13:11:00+00:00,33,1,42007130,4082.2,4084.2,4081.6,4082.6,389,MGCZ5
2025-11-17 13:12:00+00:00,33,1,42007130,4082.2,4085.2,4082.2,4085.0,292,MGCZ5
2025-11-17 13:13:00+00:00,33,1,42007130,4084.9,4086.7,4083.3,4083.4,461,MGCZ5
2025-11-17 13:14:00+00:00,33,1,42007130,4083.4,4085.6,4083.0,4085.2,241,MGCZ5
2025-11-17 13:15:00+00:00,33,1,42007130,4085.2,4085.9,4083.8,4084.6,284,MGCZ5
2025-11-17 13:16:00+00:00,33,1,42007130,4084.5,4086.0,4084.5,4085.0,176,MGCZ5
2025-11-17 13:17:00+00:00,33,1,42007130,4085.3,4085.7,4084.6,4084.7,109,MGCZ5
2025-11-17 13:18:00+00:00,33,1,42007130,4084.6,4085.4,4083.8,4084.5,215,MGCZ5
2025-11-17 13:19:00+00:00,33,1,42007130,4084.8,4087.5,4084.4,4087.4,344,MGCZ5
2025-11-17 13:20:00+00:00,33,1,42007130,4087.5,4088.8,4085.3,4088.0,561,MGCZ5
2025-11-17 13:21:00+00:00,33,1,42007130,4088.3,4088.8,4086.0,4086.6,214,MGCZ5
2025-11-17 13:22:00+00:00,33,1,42007130,4086.9,4087.6,4085.8,4086.3,229,MGCZ5
2025-11-17 13:23:00+00:00,33,1,42007130,4086.7,4087.3,4081.7,4082.6,508,MGCZ5
2025-11-17 13:24:00+00:00,33,1,42007130,4082.5,4082.7,4079.1,4080.0,741,MGCZ5
2025-11-17 13:25:00+00:00,33,1,42007130,4080.2,4080.2,4076.4,4078.6,868,MGCZ5
2025-11-17 13:26:00+00:00,33,1,42007130,4078.6,4080.2,4078.0,4078.7,338,MGCZ5
2025-11-17 13:27:00+00:00,33,1,42007130,4078.9,4079.3,4077.0,4077.1,299,MGCZ5
2025-11-17 13:28:00+00:00,33,1,42007130,4077.4,4078.4,4075.9,4077.4,470,MGCZ5
2025-11-17 13:29:00+00:00,33,1,42007130,4077.4,4078.7,4076.5,4077.9,206,MGCZ5
2025-11-17 13:30:00+00:00,33,1,42007130,4077.6,4079.8,4075.0,4079.8,524,MGCZ5
2025-11-17 13:31:00+00:00,33,1,42007130,4079.4,4079.4,4077.1,4077.9,276,MGCZ5
2025-11-17 13:32:00+00:00,33,1,42007130,4077.8,4080.9,4077.6,4078.6,491,MGCZ5
2025-11-17 13:33:00+00:00,33,1,42007130,4078.8,4079.6,4076.1,4077.3,352,MGCZ5
2025-11-17 13:34:00+00:00,33,1,42007130,4077.5,4078.3,4076.6,4077.1,286,MGCZ5
2025-11-17 13:35:00+00:00,33,1,42007130,4076.8,4076.8,4071.4,4073.9,1171,MGCZ5
2025-11-17 13:36:00+00:00,33,1,42007130,4074.0,4074.5,4070.9,4073.2,534,MGCZ5
2025-11-17 13:37:00+00:00,33,1,42007130,4073.3,4073.3,4068.7,4069.0,743,MGCZ5
2025-11-17 13:38:00+00:00,33,1,42007130,4068.7,4071.4,4068.2,4069.3,797,MGCZ5
2025-11-17 13:39:00+00:00,33,1,42007130,4069.7,4073.0,4068.7,4070.4,604,MGCZ5
2025-11-17 13:40:00+00:00,33,1,42007130,4070.2,4072.6,4069.3,4070.8,388,MGCZ5
2025-11-17 13:41:00+00:00,33,1,42007130,4070.8,4071.0,4068.8,4069.5,364,MGCZ5
2025-11-17 13:42:00+00:00,33,1,42007130,4069.5,4072.0,4069.2,4070.6,299,MGCZ5
2025-11-17 13:43:00+00:00,33,1,42007130,4070.5,4071.7,4068.9,4069.4,422,MGCZ5
2025-11-17 13:44:00+00:00,33,1,42007130,4069.3,4070.9,4069.1,4070.5,191,MGCZ5
2025-11-17 13:45:00+00:00,33,1,42007130,4069.8,4069.8,4065.9,4066.6,775,MGCZ5
2025-11-17 13:46:00+00:00,33,1,42007130,4066.8,4070.8,4065.5,4068.7,826,MGCZ5
2025-11-17 13:47:00+00:00,33,1,42007130,4068.9,4071.7,4068.9,4070.1,542,MGCZ5
2025-11-17 13:48:00+00:00,33,1,42007130,4070.5,4072.4,4069.3,4070.7,352,MGCZ5
2025-11-17 13:49:00+00:00,33,1,42007130,4070.6,4070.6,4066.6,4067.3,430,MGCZ5
2025-11-17 13:50:00+00:00,33,1,42007130,4067.6,4068.2,4062.7,4063.7,1064,MGCZ5
2025-11-17 13:51:00+00:00,33,1,42007130,4063.8,4065.0,4062.1,4064.4,596,MGCZ5
2025-11-17 13:52:00+00:00,33,1,42007130,4064.5,4065.0,4062.8,4063.9,445,MGCZ5
2025-11-17 13:53:00+00:00,33,1,42007130,4063.9,4064.8,4062.6,4062.9,481,MGCZ5
2025-11-17 13:54:00+00:00,33,1,42007130,4062.8,4064.4,4060.0,4064.3,962,MGCZ5
2025-11-17 13:55:00+00:00,33,1,42007130,4064.1,4066.6,4063.9,4066.0,652,MGCZ5
2025-11-17 13:56:00+00:00,33,1,42007130,4065.9,4066.4,4064.8,4066.0,310,MGCZ5
2025-11-17 13:57:00+00:00,33,1,42007130,4066.2,4068.0,4065.9,4067.4,489,MGCZ5
2025-11-17 13:58:00+00:00,33,1,42007130,4067.5,4067.9,4064.7,4064.8,287,MGCZ5
2025-11-17 13:59:00+00:00,33,1,42007130,4064.8,4066.7,4064.8,4066.3,322,MGCZ5
2025-11-17 14:00:00+00:00,33,1,42007130,4066.1,4066.1,4061.3,4062.1,963,MGCZ5
2025-11-17 14:01:00+00:00,33,1,42007130,4062.0,4065.4,4060.9,4064.9,777,MGCZ5
2025-11-17 14:02:00+00:00,33,1,42007130,4064.9,4069.1,4064.8,4068.4,706,MGCZ5
2025-11-17 14:03:00+00:00,33,1,42007130,4068.5,4068.5,4066.2,4066.6,328,MGCZ5
2025-11-17 14:04:00+00:00,33,1,42007130,4066.4,4067.0,4064.1,4065.7,365,MGCZ5
2025-11-17 14:05:00+00:00,33,1,42007130,4065.7,4066.5,4062.8,4065.6,440,MGCZ5
2025-11-17 14:06:00+00:00,33,1,42007130,4065.6,4069.4,4065.6,4069.3,443,MGCZ5
2025-11-17 14:07:00+00:00,33,1,42007130,4069.3,4071.2,4068.1,4069.5,539,MGCZ5
2025-11-17 14:08:00+00:00,33,1,42007130,4069.3,4070.0,4067.4,4068.1,260,MGCZ5
2025-11-17 14:09:00+00:00,33,1,42007130,4068.2,4070.3,4067.1,4070.2,208,MGCZ5
2025-11-17 14:10:00+00:00,33,1,42007130,4070.2,4072.1,4069.6,4071.2,433,MGCZ5
2025-11-17 14:11:00+00:00,33,1,42007130,4071.2,4075.0,4070.5,4074.1,970,MGCZ5
2025-11-17 14:12:00+00:00,33,1,42007130,4074.2,4075.0,4073.3,4073.4,332,MGCZ5
2025-11-17 14:13:00+00:00,33,1,42007130,4073.4,4074.1,4072.9,4073.3,194,MGCZ5
2025-11-17 14:14:00+00:00,33,1,42007130,4073.2,4075.3,4073.0,4074.2,305,MGCZ5
2025-11-17 14:15:00+00:00,33,1,42007130,4074.5,4075.5,4072.4,4072.4,257,MGCZ5
2025-11-17 14:16:00+00:00,33,1,42007130,4072.6,4073.6,4072.2,4072.6,161,MGCZ5
2025-11-17 14:17:00+00:00,33,1,42007130,4073.0,4073.4,4070.8,4071.5,276,MGCZ5
2025-11-17 14:18:00+00:00,33,1,42007130,4071.3,4071.7,4070.3,4071.5,273,MGCZ5
2025-11-17 14:19:00+00:00,33,1,42007130,4071.6,4072.4,4068.1,4068.1,433,MGCZ5
2025-11-17 14:20:00+00:00,33,1,42007130,4068.1,4069.4,4067.4,4069.0,425,MGCZ5
2025-11-17 14:21:00+00:00,33,1,42007130,4068.7,4069.3,4066.8,4067.0,310,MGCZ5
2025-11-17 14:22:00+00:00,33,1,42007130,4067.0,4068.0,4065.7,4067.8,417,MGCZ5
2025-11-17 14:23:00+00:00,33,1,42007130,4067.6,4069.1,4067.4,4067.5,302,MGCZ5
2025-11-17 14:24:00+00:00,33,1,42007130,4067.3,4067.8,4065.5,4065.8,256,MGCZ5
2025-11-17 14:25:00+00:00,33,1,42007130,4065.7,4066.6,4065.0,4065.5,343,MGCZ5
2025-11-17 14:26:00+00:00,33,1,42007130,4065.3,4067.8,4065.3,4066.4,244,MGCZ5
2025-11-17 14:27:00+00:00,33,1,42007130,4066.6,4068.0,4066.0,4067.1,281,MGCZ5
2025-11-17 14:28:00+00:00,33,1,42007130,4066.9,4069.1,4066.6,4068.9,257,MGCZ5
2025-11-17 14:29:00+00:00,33,1,42007130,4069.1,4070.2,4067.1,4067.7,429,MGCZ5
2025-11-17 14:30:00+00:00,33,1,42007130,4067.5,4072.9,4066.1,4069.7,1131,MGCZ5
2025-11-17 14:31:00+00:00,33,1,42007130,4069.6,4071.8,4066.9,4068.1,713,MGCZ5
2025-11-17 14:32:00+00:00,33,1,42007130,4068.6,4071.2,4067.9,4069.0,602,MGCZ5
2025-11-17 14:33:00+00:00,33,1,42007130,4068.9,4071.0,4067.7,4070.9,372,MGCZ5
2025-11-17 14:34:00+00:00,33,1,42007130,4070.8,4076.3,4069.9,4076.1,1162,MGCZ5
2025-11-17 14:35:00+00:00,33,1,42007130,4076.2,4080.1,4076.2,4078.1,1535,MGCZ5
2025-11-17 14:36:00+00:00,33,1,42007130,4078.0,4082.0,4078.0,4080.1,927,MGCZ5
2025-11-17 14:37:00+00:00,33,1,42007130,4080.3,4083.5,4079.2,4083.2,790,MGCZ5
2025-11-17 14:38:00+00:00,33,1,42007130,4083.4,4083.7,4076.9,4077.0,1044,MGCZ5
2025-11-17 14:39:00+00:00,33,1,42007130,4077.4,4080.2,4075.9,4076.2,638,MGCZ5
2025-11-17 14:40:00+00:00,33,1,42007130,4076.0,4077.6,4073.6,4076.0,826,MGCZ5
2025-11-17 14:41:00+00:00,33,1,42007130,4075.8,4075.8,4072.1,4073.2,819,MGCZ5
2025-11-17 14:42:00+00:00,33,1,42007130,4073.4,4077.5,4072.4,4077.0,843,MGCZ5
2025-11-17 14:43:00+00:00,33,1,42007130,4076.8,4080.8,4076.0,4078.9,778,MGCZ5
2025-11-17 14:44:00+00:00,33,1,42007130,4078.8,4079.0,4074.3,4075.6,561,MGCZ5
2025-11-17 14:45:00+00:00,33,1,42007130,4075.5,4079.6,4075.4,4077.8,546,MGCZ5
2025-11-17 14:46:00+00:00,33,1,42007130,4078.0,4078.0,4074.3,4075.2,476,MGCZ5
2025-11-17 14:47:00+00:00,33,1,42007130,4075.6,4078.0,4075.4,4076.7,308,MGCZ5
2025-11-17 14:48:00+00:00,33,1,42007130,4076.4,4077.1,4075.2,4075.7,235,MGCZ5
2025-11-17 14:49:00+00:00,33,1,42007130,4075.7,4078.1,4075.7,4076.3,267,MGCZ5
2025-11-17 14:50:00+00:00,33,1,42007130,4076.3,4079.0,4075.6,4078.9,353,MGCZ5
2025-11-17 14:51:00+00:00,33,1,42007130,4078.7,4081.0,4077.8,4079.5,530,MGCZ5
2025-11-17 14:52:00+00:00,33,1,42007130,4079.7,4082.0,4078.4,4080.2,534,MGCZ5
2025-11-17 14:53:00+00:00,33,1,42007130,4079.8,4081.2,4077.5,4078.8,479,MGCZ5
2025-11-17 14:54:00+00:00,33,1,42007130,4078.4,4079.2,4076.2,4076.8,309,MGCZ5
2025-11-17 14:55:00+00:00,33,1,42007130,4076.7,4078.1,4075.3,4076.5,380,MGCZ5
2025-11-17 14:56:00+00:00,33,1,42007130,4076.3,4076.4,4073.2,4075.0,658,MGCZ5
2025-11-17 14:57:00+00:00,33,1,42007130,4075.0,4076.3,4074.8,4075.8,400,MGCZ5
2025-11-17 14:58:00+00:00,33,1,42007130,4075.8,4078.2,4075.7,4077.9,367,MGCZ5
2025-11-17 14:59:00+00:00,33,1,42007130,4077.8,4079.9,4077.1,4077.8,514,MGCZ5
2025-11-17 15:00:00+00:00,33,1,42007130,4077.8,4078.5,4070.0,4070.5,1377,MGCZ5
2025-11-17 15:01:00+00:00,33,1,42007130,4070.5,4074.4,4070.4,4073.7,701,MGCZ5
2025-11-17 15:02:00+00:00,33,1,42007130,4073.6,4074.2,4071.6,4073.7,397,MGCZ5
2025-11-17 15:03:00+00:00,33,1,42007130,4073.6,4079.1,4073.6,4075.2,896,MGCZ5
2025-11-17 15:04:00+00:00,33,1,42007130,4075.0,4077.3,4071.9,4072.1,785,MGCZ5
2025-11-17 15:05:00+00:00,33,1,42007130,4072.1,4074.9,4071.7,4074.0,565,MGCZ5
2025-11-17 15:06:00+00:00,33,1,42007130,4074.1,4074.6,4071.3,4072.9,546,MGCZ5
2025-11-17 15:07:00+00:00,33,1,42007130,4072.9,4072.9,4068.8,4070.4,768,MGCZ5
2025-11-17 15:08:00+00:00,33,1,42007130,4070.8,4071.2,4064.5,4065.6,1247,MGCZ5
2025-11-17 15:09:00+00:00,33,1,42007130,4065.5,4067.7,4062.5,4066.2,1226,MGCZ5
2025-11-17 15:10:00+00:00,33,1,42007130,4066.2,4068.9,4063.2,4068.0,1083,MGCZ5
2025-11-17 15:11:00+00:00,33,1,42007130,4067.7,4069.9,4066.6,4067.4,650,MGCZ5
2025-11-17 15:12:00+00:00,33,1,42007130,4067.3,4068.4,4066.0,4067.8,358,MGCZ5
2025-11-17 15:13:00+00:00,33,1,42007130,4067.4,4070.7,4066.2,4070.4,533,MGCZ5
2025-11-17 15:14:00+00:00,33,1,42007130,4070.6,4071.3,4068.4,4070.2,485,MGCZ5
2025-11-17 15:15:00+00:00,33,1,42007130,4070.2,4071.3,4069.0,4070.3,474,MGCZ5
2025-11-17 15:16:00+00:00,33,1,42007130,4070.2,4071.2,4069.2,4070.6,301,MGCZ5
2025-11-17 15:17:00+00:00,33,1,42007130,4070.5,4071.2,4067.2,4068.5,438,MGCZ5
2025-11-17 15:18:00+00:00,33,1,42007130,4068.4,4069.2,4065.8,4066.2,451,MGCZ5
2025-11-17 15:19:00+00:00,33,1,42007130,4066.1,4066.3,4061.4,4063.9,1121,MGCZ5
2025-11-17 15:20:00+00:00,33,1,42007130,4063.5,4067.9,4062.6,4067.2,759,MGCZ5
2025-11-17 15:21:00+00:00,33,1,42007130,4067.2,4067.6,4065.4,4066.8,466,MGCZ5
2025-11-17 15:22:00+00:00,33,1,42007130,4066.8,4070.8,4066.1,4069.8,571,MGCZ5
2025-11-17 15:23:00+00:00,33,1,42007130,4069.9,4073.6,4069.5,4072.6,748,MGCZ5
2025-11-17 15:24:00+00:00,33,1,42007130,4072.4,4076.2,4072.0,4074.8,922,MGCZ5
2025-11-17 15:25:00+00:00,33,1,42007130,4074.9,4075.3,4070.6,4071.0,531,MGCZ5
2025-11-17 15:26:00+00:00,33,1,42007130,4070.7,4072.3,4070.2,4070.3,374,MGCZ5
2025-11-17 15:27:00+00:00,33,1,42007130,4070.2,4072.3,4070.0,4071.5,251,MGCZ5
2025-11-17 15:28:00+00:00,33,1,42007130,4071.5,4076.8,4071.5,4076.3,479,MGCZ5
2025-11-17 15:29:00+00:00,33,1,42007130,4076.3,4077.5,4073.6,4073.9,541,MGCZ5
2025-11-17 15:30:00+00:00,33,1,42007130,4073.7,4075.4,4073.3,4074.7,288,MGCZ5
2025-11-17 15:31:00+00:00,33,1,42007130,4074.6,4075.6,4073.8,4075.5,332,MGCZ5
2025-11-17 15:32:00+00:00,33,1,42007130,4075.6,4075.7,4071.8,4073.7,566,MGCZ5
2025-11-17 15:33:00+00:00,33,1,42007130,4073.7,4074.3,4071.8,4073.8,351,MGCZ5
2025-11-17 15:34:00+00:00,33,1,42007130,4073.7,4076.3,4072.7,4076.3,274,MGCZ5
2025-11-17 15:35:00+00:00,33,1,42007130,4076.2,4076.9,4073.5,4075.4,399,MGCZ5
2025-11-17 15:36:00+00:00,33,1,42007130,4075.3,4078.2,4074.8,4078.0,477,MGCZ5
2025-11-17 15:37:00+00:00,33,1,42007130,4077.8,4078.0,4075.3,4076.5,422,MGCZ5
2025-11-17 15:38:00+00:00,33,1,42007130,4076.5,4079.0,4075.6,4078.8,388,MGCZ5
2025-11-17 15:39:00+00:00,33,1,42007130,4078.9,4078.9,4075.6,4075.6,257,MGCZ5
2025-11-17 15:40:00+00:00,33,1,42007130,4075.5,4075.7,4073.5,4074.1,414,MGCZ5
2025-11-17 15:41:00+00:00,33,1,42007130,4074.1,4074.7,4072.8,4073.1,280,MGCZ5
2025-11-17 15:42:00+00:00,33,1,42007130,4073.2,4074.6,4072.3,4074.0,280,MGCZ5
2025-11-17 15:43:00+00:00,33,1,42007130,4074.0,4076.4,4073.6,4075.3,357,MGCZ5
2025-11-17 15:44:00+00:00,33,1,42007130,4075.0,4076.1,4074.2,4075.0,226,MGCZ5
2025-11-17 15:45:00+00:00,33,1,42007130,4074.9,4075.2,4072.4,4073.0,331,MGCZ5
2025-11-17 15:46:00+00:00,33,1,42007130,4072.9,4075.0,4072.4,4073.9,293,MGCZ5
2025-11-17 15:47:00+00:00,33,1,42007130,4074.0,4074.5,4073.1,4074.0,195,MGCZ5
2025-11-17 15:48:00+00:00,33,1,42007130,4073.8,4074.7,4073.2,4073.8,127,MGCZ5
2025-11-17 15:49:00+00:00,33,1,42007130,4074.1,4074.4,4069.9,4071.1,681,MGCZ5
2025-11-17 15:50:00+00:00,33,1,42007130,4071.0,4071.6,4068.0,4068.8,653,MGCZ5
2025-11-17 15:51:00+00:00,33,1,42007130,4068.8,4070.6,4067.6,4068.5,385,MGCZ5
2025-11-17 15:52:00+00:00,33,1,42007130,4068.4,4068.7,4067.0,4068.2,351,MGCZ5
2025-11-17 15:53:00+00:00,33,1,42007130,4068.1,4070.8,4067.9,4069.2,369,MGCZ5
2025-11-17 15:54:00+00:00,33,1,42007130,4069.1,4071.3,4069.0,4069.4,248,MGCZ5
2025-11-17 15:55:00+00:00,33,1,42007130,4069.6,4071.2,4069.2,4069.8,238,MGCZ5
2025-11-17 15:56:00+00:00,33,1,42007130,4069.9,4070.0,4065.4,4066.8,504,MGCZ5
2025-11-17 15:57:00+00:00,33,1,42007130,4066.8,4067.8,4065.9,4066.3,328,MGCZ5
2025-11-17 15:58:00+00:00,33,1,42007130,4066.1,4066.8,4064.7,4066.5,387,MGCZ5
2025-11-17 15:59:00+00:00,33,1,42007130,4066.6,4067.1,4064.6,4065.4,340,MGCZ5
2025-11-17 16:00:00+00:00,33,1,42007130,4065.3,4066.7,4064.5,4065.3,454,MGCZ5
2025-11-17 16:01:00+00:00,33,1,42007130,4065.2,4065.5,4061.2,4064.0,1055,MGCZ5
2025-11-17 16:02:00+00:00,33,1,42007130,4063.7,4064.6,4062.4,4064.1,384,MGCZ5
2025-11-17 16:03:00+00:00,33,1,42007130,4064.2,4066.0,4061.2,4061.2,621,MGCZ5
2025-11-17 16:04:00+00:00,33,1,42007130,4061.1,4061.8,4057.0,4058.1,1597,MGCZ5
2025-11-17 16:05:00+00:00,33,1,42007130,4057.9,4058.8,4055.3,4058.0,1008,MGCZ5
2025-11-17 16:06:00+00:00,33,1,42007130,4058.0,4058.1,4055.8,4056.2,646,MGCZ5
2025-11-17 16:07:00+00:00,33,1,42007130,4056.3,4059.5,4056.1,4056.7,679,MGCZ5
2025-11-17 16:08:00+00:00,33,1,42007130,4056.7,4056.8,4053.2,4056.0,1189,MGCZ5
2025-11-17 16:09:00+00:00,33,1,42007130,4055.8,4059.7,4053.5,4059.6,749,MGCZ5
2025-11-17 16:10:00+00:00,33,1,42007130,4059.5,4060.7,4057.5,4060.4,781,MGCZ5
2025-11-17 16:11:00+00:00,33,1,42007130,4060.3,4061.6,4058.9,4061.5,439,MGCZ5
2025-11-17 16:12:00+00:00,33,1,42007130,4061.6,4061.7,4059.3,4060.9,482,MGCZ5
2025-11-17 16:13:00+00:00,33,1,42007130,4061.0,4062.0,4059.5,4061.4,380,MGCZ5
2025-11-17 16:14:00+00:00,33,1,42007130,4061.2,4062.9,4060.2,4062.7,349,MGCZ5
2025-11-17 16:15:00+00:00,33,1,42007130,4062.9,4064.4,4061.7,4061.7,554,MGCZ5
2025-11-17 16:16:00+00:00,33,1,42007130,4061.6,4063.4,4060.5,4062.6,575,MGCZ5
2025-11-17 16:17:00+00:00,33,1,42007130,4062.4,4065.6,4061.2,4064.9,735,MGCZ5
2025-11-17 16:18:00+00:00,33,1,42007130,4065.1,4066.6,4062.4,4062.5,573,MGCZ5
2025-11-17 16:19:00+00:00,33,1,42007130,4062.3,4064.0,4062.0,4063.4,195,MGCZ5
2025-11-17 16:20:00+00:00,33,1,42007130,4063.3,4063.3,4060.8,4061.4,455,MGCZ5
2025-11-17 16:21:00+00:00,33,1,42007130,4061.2,4062.2,4060.7,4060.7,272,MGCZ5
2025-11-17 16:22:00+00:00,33,1,42007130,4060.8,4064.8,4060.2,4064.7,458,MGCZ5
2025-11-17 16:23:00+00:00,33,1,42007130,4064.8,4068.3,4064.3,4067.1,897,MGCZ5
2025-11-17 16:24:00+00:00,33,1,42007130,4067.1,4067.7,4065.9,4066.8,360,MGCZ5
2025-11-17 16:25:00+00:00,33,1,42007130,4066.5,4068.5,4066.0,4066.8,433,MGCZ5
2025-11-17 16:26:00+00:00,33,1,42007130,4067.1,4067.6,4066.2,4066.9,233,MGCZ5
2025-11-17 16:27:00+00:00,33,1,42007130,4066.7,4069.2,4066.2,4068.2,344,MGCZ5
2025-11-17 16:28:00+00:00,33,1,42007130,4068.3,4069.0,4067.1,4068.1,314,MGCZ5
2025-11-17 16:29:00+00:00,33,1,42007130,4068.0,4070.2,4067.2,4070.2,340,MGCZ5
2025-11-17 16:30:00+00:00,33,1,42007130,4070.1,4072.5,4070.1,4070.8,733,MGCZ5
2025-11-17 16:31:00+00:00,33,1,42007130,4070.7,4073.3,4070.7,4072.2,607,MGCZ5
2025-11-17 16:32:00+00:00,33,1,42007130,4072.5,4074.3,4071.9,4071.9,567,MGCZ5
2025-11-17 16:33:00+00:00,33,1,42007130,4071.8,4073.6,4071.0,4072.0,439,MGCZ5
2025-11-17 16:34:00+00:00,33,1,42007130,4072.2,4074.7,4071.8,4072.9,315,MGCZ5
2025-11-17 16:35:00+00:00,33,1,42007130,4073.2,4073.9,4071.2,4072.1,340,MGCZ5
2025-11-17 16:36:00+00:00,33,1,42007130,4072.1,4073.1,4070.5,4071.1,477,MGCZ5
2025-11-17 16:37:00+00:00,33,1,42007130,4071.2,4072.1,4071.0,4071.4,201,MGCZ5
2025-11-17 16:38:00+00:00,33,1,42007130,4071.6,4072.0,4070.6,4071.0,241,MGCZ5
2025-11-17 16:39:00+00:00,33,1,42007130,4070.5,4071.3,4069.7,4070.4,422,MGCZ5
2025-11-17 16:40:00+00:00,33,1,42007130,4070.4,4073.6,4070.1,4072.4,438,MGCZ5
2025-11-17 16:41:00+00:00,33,1,42007130,4072.9,4073.6,4070.8,4071.0,269,MGCZ5
2025-11-17 16:42:00+00:00,33,1,42007130,4070.9,4071.1,4069.2,4069.8,379,MGCZ5
2025-11-17 16:43:00+00:00,33,1,42007130,4070.0,4070.2,4068.7,4069.0,199,MGCZ5
2025-11-17 16:44:00+00:00,33,1,42007130,4068.9,4070.4,4068.8,4069.4,174,MGCZ5
2025-11-17 16:45:00+00:00,33,1,42007130,4069.6,4070.8,4069.3,4069.9,300,MGCZ5
2025-11-17 16:46:00+00:00,33,1,42007130,4070.2,4071.2,4069.6,4069.6,183,MGCZ5
2025-11-17 16:47:00+00:00,33,1,42007130,4069.8,4070.0,4066.8,4067.1,434,MGCZ5
2025-11-17 16:48:00+00:00,33,1,42007130,4067.1,4068.4,4066.9,4068.4,172,MGCZ5
2025-11-17 16:49:00+00:00,33,1,42007130,4068.3,4068.8,4067.1,4067.6,181,MGCZ5
2025-11-17 16:50:00+00:00,33,1,42007130,4067.9,4071.1,4067.7,4069.7,555,MGCZ5
2025-11-17 16:51:00+00:00,33,1,42007130,4069.9,4070.3,4068.7,4069.1,172,MGCZ5
2025-11-17 16:52:00+00:00,33,1,42007130,4069.2,4069.5,4067.3,4067.6,228,MGCZ5
2025-11-17 16:53:00+00:00,33,1,42007130,4067.5,4069.1,4067.4,4068.0,170,MGCZ5
2025-11-17 16:54:00+00:00,33,1,42007130,4068.0,4069.5,4067.6,4068.9,207,MGCZ5
2025-11-17 16:55:00+00:00,33,1,42007130,4069.1,4069.4,4065.7,4067.6,502,MGCZ5
2025-11-17 16:56:00+00:00,33,1,42007130,4067.7,4071.0,4067.6,4070.7,501,MGCZ5
2025-11-17 16:57:00+00:00,33,1,42007130,4070.8,4072.1,4070.2,4071.3,374,MGCZ5
2025-11-17 16:58:00+00:00,33,1,42007130,4071.1,4072.0,4070.4,4071.5,227,MGCZ5
2025-11-17 16:59:00+00:00,33,1,42007130,4071.6,4071.9,4070.7,4071.1,160,MGCZ5
2025-11-17 17:00:00+00:00,33,1,42007130,4071.3,4072.1,4070.5,4071.3,324,MGCZ5
2025-11-17 17:01:00+00:00,33,1,42007130,4071.2,4074.0,4071.0,4072.8,487,MGCZ5
2025-11-17 17:02:00+00:00,33,1,42007130,4072.9,4076.1,4072.9,4074.2,651,MGCZ5
2025-11-17 17:03:00+00:00,33,1,42007130,4074.0,4075.3,4073.7,4074.2,213,MGCZ5
2025-11-17 17:04:00+00:00,33,1,42007130,4074.1,4075.6,4073.3,4075.2,192,MGCZ5
2025-11-17 17:05:00+00:00,33,1,42007130,4075.3,4076.5,4074.7,4074.9,325,MGCZ5
2025-11-17 17:06:00+00:00,33,1,42007130,4074.6,4075.3,4073.0,4074.3,301,MGCZ5
2025-11-17 17:07:00+00:00,33,1,42007130,4074.6,4075.1,4073.9,4074.2,200,MGCZ5
2025-11-17 17:08:00+00:00,33,1,42007130,4074.0,4074.2,4073.1,4074.2,139,MGCZ5
2025-11-17 17:09:00+00:00,33,1,42007130,4074.1,4074.4,4073.7,4074.1,142,MGCZ5
2025-11-17 17:10:00+00:00,33,1,42007130,4074.1,4074.6,4072.5,4072.8,222,MGCZ5
2025-11-17 17:11:00+00:00,33,1,42007130,4072.8,4076.0,4072.6,4074.7,502,MGCZ5
2025-11-17 17:12:00+00:00,33,1,42007130,4075.0,4075.9,4074.5,4074.9,301,MGCZ5
2025-11-17 17:13:00+00:00,33,1,42007130,4075.1,4076.6,4075.1,4075.5,204,MGCZ5
2025-11-17 17:14:00+00:00,33,1,42007130,4075.6,4075.9,4074.6,4074.9,129,MGCZ5
2025-11-17 17:15:00+00:00,33,1,42007130,4075.0,4075.5,4072.9,4074.7,325,MGCZ5
2025-11-17 17:16:00+00:00,33,1,42007130,4074.8,4076.2,4074.4,4076.0,212,MGCZ5
2025-11-17 17:17:00+00:00,33,1,42007130,4075.8,4077.2,4074.9,4077.2,260,MGCZ5
2025-11-17 17:18:00+00:00,33,1,42007130,4077.0,4078.3,4076.5,4078.0,352,MGCZ5
2025-11-17 17:19:00+00:00,33,1,42007130,4078.1,4079.2,4077.4,4077.6,418,MGCZ5
2025-11-17 17:20:00+00:00,33,1,42007130,4077.6,4080.0,4077.3,4079.5,385,MGCZ5
2025-11-17 17:21:00+00:00,33,1,42007130,4079.6,4079.6,4076.5,4077.4,405,MGCZ5
2025-11-17 17:22:00+00:00,33,1,42007130,4077.3,4078.5,4076.4,4078.3,237,MGCZ5
2025-11-17 17:23:00+00:00,33,1,42007130,4078.3,4078.7,4077.8,4078.0,178,MGCZ5
2025-11-17 17:24:00+00:00,33,1,42007130,4078.2,4079.7,4078.0,4078.7,260,MGCZ5
2025-11-17 17:25:00+00:00,33,1,42007130,4079.1,4080.6,4077.4,4079.9,329,MGCZ5
2025-11-17 17:26:00+00:00,33,1,42007130,4080.0,4081.3,4079.3,4081.0,252,MGCZ5
2025-11-17 17:27:00+00:00,33,1,42007130,4081.2,4081.8,4079.4,4079.8,374,MGCZ5
2025-11-17 17:28:00+00:00,33,1,42007130,4079.5,4079.8,4077.9,4077.9,217,MGCZ5
2025-11-17 17:29:00+00:00,33,1,42007130,4078.1,4079.4,4078.0,4078.4,180,MGCZ5
2025-11-17 17:30:00+00:00,33,1,42007130,4078.5,4079.0,4076.9,4077.8,382,MGCZ5
2025-11-17 17:31:00+00:00,33,1,42007130,4077.6,4078.7,4077.6,4078.3,141,MGCZ5
2025-11-17 17:32:00+00:00,33,1,42007130,4078.4,4080.5,4078.4,4080.4,303,MGCZ5
2025-11-17 17:33:00+00:00,33,1,42007130,4080.4,4082.4,4080.3,4081.5,478,MGCZ5
2025-11-17 17:34:00+00:00,33,1,42007130,4081.9,4082.0,4080.7,4080.9,177,MGCZ5
2025-11-17 17:35:00+00:00,33,1,42007130,4080.9,4082.0,4080.5,4080.6,199,MGCZ5
2025-11-17 17:36:00+00:00,33,1,42007130,4080.5,4081.8,4080.2,4081.2,197,MGCZ5
2025-11-17 17:37:00+00:00,33,1,42007130,4081.3,4081.6,4079.7,4081.1,228,MGCZ5
2025-11-17 17:38:00+00:00,33,1,42007130,4081.1,4081.1,4078.7,4079.1,342,MGCZ5
2025-11-17 17:39:00+00:00,33,1,42007130,4079.1,4079.7,4078.1,4079.1,238,MGCZ5
2025-11-17 17:40:00+00:00,33,1,42007130,4079.0,4079.2,4077.1,4077.4,243,MGCZ5
2025-11-17 17:41:00+00:00,33,1,42007130,4077.2,4077.2,4074.7,4076.4,679,MGCZ5
2025-11-17 17:42:00+00:00,33,1,42007130,4076.4,4077.9,4076.3,4077.2,292,MGCZ5
2025-11-17 17:43:00+00:00,33,1,42007130,4077.3,4077.7,4076.6,4077.7,142,MGCZ5
2025-11-17 17:44:00+00:00,33,1,42007130,4077.6,4077.7,4075.7,4076.4,178,MGCZ5
2025-11-17 17:45:00+00:00,33,1,42007130,4076.5,4076.9,4074.5,4075.1,342,MGCZ5
2025-11-17 17:46:00+00:00,33,1,42007130,4075.5,4076.2,4074.0,4074.5,263,MGCZ5
2025-11-17 17:47:00+00:00,33,1,42007130,4074.3,4075.8,4074.3,4075.5,147,MGCZ5
2025-11-17 17:48:00+00:00,33,1,42007130,4075.5,4075.5,4073.9,4075.1,189,MGCZ5
2025-11-17 17:49:00+00:00,33,1,42007130,4074.7,4076.3,4074.2,4076.0,188,MGCZ5
2025-11-17 17:50:00+00:00,33,1,42007130,4075.9,4076.3,4074.3,4075.1,214,MGCZ5
2025-11-17 17:51:00+00:00,33,1,42007130,4074.8,4075.4,4073.4,4073.9,260,MGCZ5
2025-11-17 17:52:00+00:00,33,1,42007130,4074.1,4074.2,4072.5,4073.3,306,MGCZ5
2025-11-17 17:53:00+00:00,33,1,42007130,4073.3,4074.9,4073.2,4074.4,136,MGCZ5
2025-11-17 17:54:00+00:00,33,1,42007130,4074.2,4074.2,4072.8,4073.9,125,MGCZ5
2025-11-17 17:55:00+00:00,33,1,42007130,4073.9,4074.3,4072.3,4073.9,207,MGCZ5
2025-11-17 17:56:00+00:00,33,1,42007130,4073.9,4074.3,4073.2,4073.9,130,MGCZ5
2025-11-17 17:57:00+00:00,33,1,42007130,4073.9,4074.5,4072.9,4074.5,116,MGCZ5
2025-11-17 17:58:00+00:00,33,1,42007130,4074.5,4074.6,4073.9,4074.5,160,MGCZ5
2025-11-17 17:59:00+00:00,33,1,42007130,4074.5,4075.0,4073.8,4074.6,210,MGCZ5
2025-11-17 18:00:00+00:00,33,1,42007130,4074.7,4076.1,4073.6,4075.1,497,MGCZ5
2025-11-17 18:01:00+00:00,33,1,42007130,4075.0,4075.2,4072.3,4074.0,532,MGCZ5
2025-11-17 18:02:00+00:00,33,1,42007130,4073.7,4075.0,4073.2,4074.7,246,MGCZ5
2025-11-17 18:03:00+00:00,33,1,42007130,4074.6,4076.0,4074.2,4074.8,216,MGCZ5
2025-11-17 18:04:00+00:00,33,1,42007130,4074.8,4075.0,4073.4,4074.2,162,MGCZ5
2025-11-17 18:05:00+00:00,33,1,42007130,4074.3,4074.9,4074.0,4074.4,98,MGCZ5
2025-11-17 18:06:00+00:00,33,1,42007130,4074.3,4076.6,4074.3,4076.2,309,MGCZ5
2025-11-17 18:07:00+00:00,33,1,42007130,4076.1,4076.1,4074.6,4074.8,128,MGCZ5
2025-11-17 18:08:00+00:00,33,1,42007130,4074.7,4074.8,4073.2,4074.2,175,MGCZ5
2025-11-17 18:09:00+00:00,33,1,42007130,4074.0,4075.1,4073.4,4074.7,134,MGCZ5
2025-11-17 18:10:00+00:00,33,1,42007130,4074.7,4077.1,4074.7,4075.7,312,MGCZ5
2025-11-17 18:11:00+00:00,33,1,42007130,4075.8,4076.0,4073.5,4073.8,205,MGCZ5
2025-11-17 18:12:00+00:00,33,1,42007130,4073.6,4074.5,4071.8,4072.3,411,MGCZ5
2025-11-17 18:13:00+00:00,33,1,42007130,4072.2,4073.6,4071.9,4072.9,173,MGCZ5
2025-11-17 18:14:00+00:00,33,1,42007130,4072.9,4074.3,4072.9,4073.8,134,MGCZ5
2025-11-17 18:15:00+00:00,33,1,42007130,4073.6,4074.1,4072.1,4072.4,121,MGCZ5
2025-11-17 18:16:00+00:00,33,1,42007130,4072.4,4073.3,4072.0,4073.2,132,MGCZ5
2025-11-17 18:17:00+00:00,33,1,42007130,4073.3,4073.8,4072.7,4073.4,148,MGCZ5
2025-11-17 18:18:00+00:00,33,1,42007130,4073.5,4074.6,4073.5,4073.8,123,MGCZ5
2025-11-17 18:19:00+00:00,33,1,42007130,4073.7,4074.0,4073.3,4073.6,82,MGCZ5
2025-11-17 18:20:00+00:00,33,1,42007130,4073.9,4074.2,4072.6,4073.9,149,MGCZ5
2025-11-17 18:21:00+00:00,33,1,42007130,4074.3,4076.2,4073.8,4076.1,190,MGCZ5
2025-11-17 18:22:00+00:00,33,1,42007130,4076.3,4076.7,4075.0,4075.3,192,MGCZ5
2025-11-17 18:23:00+00:00,33,1,42007130,4074.9,4075.7,4074.2,4075.0,84,MGCZ5
2025-11-17 18:24:00+00:00,33,1,42007130,4074.4,4075.1,4073.8,4074.8,95,MGCZ5
2025-11-17 18:25:00+00:00,33,1,42007130,4075.1,4075.1,4071.1,4072.1,509,MGCZ5
2025-11-17 18:26:00+00:00,33,1,42007130,4071.6,4072.1,4069.8,4071.1,428,MGCZ5
2025-11-17 18:27:00+00:00,33,1,42007130,4070.9,4071.6,4069.2,4069.6,302,MGCZ5
2025-11-17 18:28:00+00:00,33,1,42007130,4069.4,4071.4,4068.9,4071.1,348,MGCZ5
2025-11-17 18:29:00+00:00,33,1,42007130,4071.2,4075.9,4071.1,4074.5,805,MGCZ5
2025-11-17 18:30:00+00:00,33,1,42007130,4074.3,4074.4,4072.0,4072.7,316,MGCZ5
2025-11-17 18:31:00+00:00,33,1,42007130,4072.4,4072.4,4070.2,4071.5,301,MGCZ5
2025-11-17 18:32:00+00:00,33,1,42007130,4071.4,4072.9,4070.8,4072.3,260,MGCZ5
2025-11-17 18:33:00+00:00,33,1,42007130,4072.2,4072.8,4071.1,4072.0,121,MGCZ5
2025-11-17 18:34:00+00:00,33,1,42007130,4072.1,4073.2,4071.7,4072.3,113,MGCZ5
2025-11-17 18:35:00+00:00,33,1,42007130,4072.4,4072.4,4070.3,4070.3,94,MGCZ5
2025-11-17 18:36:00+00:00,33,1,42007130,4070.6,4071.4,4069.0,4070.0,245,MGCZ5
2025-11-17 18:37:00+00:00,33,1,42007130,4069.9,4071.0,4068.9,4068.9,201,MGCZ5
2025-11-17 18:38:00+00:00,33,1,42007130,4069.1,4071.3,4069.1,4071.2,170,MGCZ5
2025-11-17 18:39:00+00:00,33,1,42007130,4070.9,4071.0,4069.3,4070.5,89,MGCZ5
2025-11-17 18:40:00+00:00,33,1,42007130,4070.6,4071.2,4069.3,4070.1,138,MGCZ5
2025-11-17 18:41:00+00:00,33,1,42007130,4070.1,4070.8,4069.2,4070.6,119,MGCZ5
2025-11-17 18:42:00+00:00,33,1,42007130,4070.7,4071.7,4070.6,4070.9,204,MGCZ5
2025-11-17 18:43:00+00:00,33,1,42007130,4070.7,4071.1,4069.5,4069.7,134,MGCZ5
2025-11-17 18:44:00+00:00,33,1,42007130,4070.0,4071.0,4070.0,4070.2,87,MGCZ5
2025-11-17 18:45:00+00:00,33,1,42007130,4070.2,4070.5,4069.7,4070.2,91,MGCZ5
2025-11-17 18:46:00+00:00,33,1,42007130,4070.0,4070.5,4069.3,4070.5,155,MGCZ5
2025-11-17 18:47:00+00:00,33,1,42007130,4070.3,4073.2,4070.3,4073.2,322,MGCZ5
2025-11-17 18:48:00+00:00,33,1,42007130,4073.2,4073.5,4071.6,4072.1,171,MGCZ5
2025-11-17 18:49:00+00:00,33,1,42007130,4071.8,4072.1,4070.7,4071.2,146,MGCZ5
2025-11-17 18:50:00+00:00,33,1,42007130,4071.1,4071.2,4069.9,4071.1,137,MGCZ5
2025-11-17 18:51:00+00:00,33,1,42007130,4071.0,4071.0,4067.8,4069.0,275,MGCZ5
2025-11-17 18:52:00+00:00,33,1,42007130,4069.1,4070.2,4067.7,4068.1,224,MGCZ5
2025-11-17 18:53:00+00:00,33,1,42007130,4068.1,4068.3,4067.4,4067.6,224,MGCZ5
2025-11-17 18:54:00+00:00,33,1,42007130,4067.6,4068.1,4065.4,4066.0,427,MGCZ5
2025-11-17 18:55:00+00:00,33,1,42007130,4066.2,4066.3,4064.6,4066.2,447,MGCZ5
2025-11-17 18:56:00+00:00,33,1,42007130,4065.9,4066.5,4064.3,4065.4,261,MGCZ5
2025-11-17 18:57:00+00:00,33,1,42007130,4065.3,4067.1,4065.2,4066.2,224,MGCZ5
2025-11-17 18:58:00+00:00,33,1,42007130,4066.0,4066.0,4063.5,4064.8,294,MGCZ5
2025-11-17 18:59:00+00:00,33,1,42007130,4064.8,4065.1,4063.9,4063.9,128,MGCZ5
2025-11-17 19:00:00+00:00,33,1,42007130,4063.8,4065.8,4062.3,4064.6,571,MGCZ5
2025-11-17 19:01:00+00:00,33,1,42007130,4064.8,4064.9,4062.7,4063.0,179,MGCZ5
2025-11-17 19:02:00+00:00,33,1,42007130,4063.1,4063.6,4061.4,4061.8,362,MGCZ5
2025-11-17 19:03:00+00:00,33,1,42007130,4061.6,4062.6,4059.5,4060.2,624,MGCZ5
2025-11-17 19:04:00+00:00,33,1,42007130,4060.2,4062.5,4059.6,4062.0,346,MGCZ5
2025-11-17 19:05:00+00:00,33,1,42007130,4061.9,4062.1,4060.5,4062.1,263,MGCZ5
2025-11-17 19:06:00+00:00,33,1,42007130,4061.9,4061.9,4058.9,4059.2,438,MGCZ5
2025-11-17 19:07:00+00:00,33,1,42007130,4059.1,4060.0,4058.4,4059.2,238,MGCZ5
2025-11-17 19:08:00+00:00,33,1,42007130,4058.9,4060.3,4058.7,4059.5,304,MGCZ5
2025-11-17 19:09:00+00:00,33,1,42007130,4059.2,4060.5,4058.5,4059.3,399,MGCZ5
2025-11-17 19:10:00+00:00,33,1,42007130,4059.0,4060.4,4057.5,4059.3,368,MGCZ5
2025-11-17 19:11:00+00:00,33,1,42007130,4059.7,4062.8,4059.3,4062.4,515,MGCZ5
2025-11-17 19:12:00+00:00,33,1,42007130,4062.6,4064.5,4062.0,4062.5,570,MGCZ5
2025-11-17 19:13:00+00:00,33,1,42007130,4062.3,4062.6,4061.2,4061.8,249,MGCZ5
2025-11-17 19:14:00+00:00,33,1,42007130,4061.9,4062.6,4061.0,4062.0,167,MGCZ5
2025-11-17 19:15:00+00:00,33,1,42007130,4062.2,4065.0,4062.2,4064.4,338,MGCZ5
2025-11-17 19:16:00+00:00,33,1,42007130,4064.4,4064.7,4062.9,4063.8,183,MGCZ5
2025-11-17 19:17:00+00:00,33,1,42007130,4064.1,4065.4,4064.1,4065.1,199,MGCZ5
2025-11-17 19:18:00+00:00,33,1,42007130,4065.1,4066.7,4064.8,4065.4,202,MGCZ5
2025-11-17 19:19:00+00:00,33,1,42007130,4065.5,4065.9,4064.1,4065.1,191,MGCZ5
2025-11-17 19:20:00+00:00,33,1,42007130,4065.2,4066.2,4064.6,4065.6,166,MGCZ5
2025-11-17 19:21:00+00:00,33,1,42007130,4065.8,4066.2,4064.7,4064.7,96,MGCZ5
2025-11-17 19:22:00+00:00,33,1,42007130,4065.1,4065.1,4063.8,4063.9,164,MGCZ5
2025-11-17 19:23:00+00:00,33,1,42007130,4063.8,4064.6,4063.5,4064.4,182,MGCZ5
2025-11-17 19:24:00+00:00,33,1,42007130,4064.4,4065.1,4062.2,4062.9,226,MGCZ5
2025-11-17 19:25:00+00:00,33,1,42007130,4062.6,4063.4,4060.7,4060.7,264,MGCZ5
2025-11-17 19:26:00+00:00,33,1,42007130,4060.7,4061.5,4059.4,4060.0,294,MGCZ5
2025-11-17 19:27:00+00:00,33,1,42007130,4060.0,4060.2,4058.0,4058.7,342,MGCZ5
2025-11-17 19:28:00+00:00,33,1,42007130,4058.4,4058.7,4055.3,4055.4,770,MGCZ5
2025-11-17 19:29:00+00:00,33,1,42007130,4055.7,4058.4,4054.8,4058.2,511,MGCZ5
2025-11-17 19:30:00+00:00,33,1,42007130,4057.9,4060.3,4057.0,4058.0,448,MGCZ5
2025-11-17 19:31:00+00:00,33,1,42007130,4058.0,4058.2,4054.4,4055.4,392,MGCZ5
2025-11-17 19:32:00+00:00,33,1,42007130,4055.1,4055.1,4044.8,4045.0,2977,MGCZ5
2025-11-17 19:33:00+00:00,33,1,42007130,4045.3,4045.6,4041.1,4042.0,1311,MGCZ5
2025-11-17 19:34:00+00:00,33,1,42007130,4042.1,4042.1,4036.5,4039.1,1717,MGCZ5
2025-11-17 19:35:00+00:00,33,1,42007130,4039.3,4040.2,4030.2,4038.2,2517,MGCZ5
2025-11-17 19:36:00+00:00,33,1,42007130,4038.5,4040.7,4035.0,4040.4,1291,MGCZ5
2025-11-17 19:37:00+00:00,33,1,42007130,4040.2,4040.6,4033.8,4035.2,1171,MGCZ5
2025-11-17 19:38:00+00:00,33,1,42007130,4035.2,4037.5,4033.2,4036.3,786,MGCZ5
2025-11-17 19:39:00+00:00,33,1,42007130,4036.1,4037.3,4030.7,4032.2,1067,MGCZ5
2025-11-17 19:40:00+00:00,33,1,42007130,4032.1,4033.2,4027.7,4032.6,1624,MGCZ5
2025-11-17 19:41:00+00:00,33,1,42007130,4032.6,4033.6,4027.0,4027.1,1205,MGCZ5
2025-11-17 19:42:00+00:00,33,1,42007130,4027.1,4028.9,4018.5,4020.8,2305,MGCZ5
2025-11-17 19:43:00+00:00,33,1,42007130,4020.9,4022.4,4015.8,4019.7,1843,MGCZ5
2025-11-17 19:44:00+00:00,33,1,42007130,4019.9,4022.3,4016.3,4019.5,1241,MGCZ5
2025-11-17 19:45:00+00:00,33,1,42007130,4019.7,4023.8,4016.2,4016.4,1271,MGCZ5
2025-11-17 19:46:00+00:00,33,1,42007130,4016.7,4022.2,4013.0,4021.8,1184,MGCZ5
2025-11-17 19:47:00+00:00,33,1,42007130,4021.9,4023.8,4020.3,4021.7,975,MGCZ5
2025-11-17 19:48:00+00:00,33,1,42007130,4021.3,4023.0,4018.3,4022.2,736,MGCZ5
2025-11-17 19:49:00+00:00,33,1,42007130,4022.5,4026.2,4018.4,4024.5,824,MGCZ5
2025-11-17 19:50:00+00:00,33,1,42007130,4024.4,4025.3,4020.3,4024.1,1046,MGCZ5
2025-11-17 19:51:00+00:00,33,1,42007130,4024.3,4025.3,4021.9,4023.5,809,MGCZ5
2025-11-17 19:52:00+00:00,33,1,42007130,4023.7,4023.9,4021.5,4021.8,431,MGCZ5
2025-11-17 19:53:00+00:00,33,1,42007130,4021.8,4021.9,4019.6,4021.6,540,MGCZ5
2025-11-17 19:54:00+00:00,33,1,42007130,4021.7,4023.9,4020.8,4021.0,448,MGCZ5
2025-11-17 19:55:00+00:00,33,1,42007130,4020.8,4020.8,4016.1,4018.1,919,MGCZ5
2025-11-17 19:56:00+00:00,33,1,42007130,4018.2,4019.1,4011.0,4011.5,1379,MGCZ5
2025-11-17 19:57:00+00:00,33,1,42007130,4011.4,4013.1,4010.4,4012.3,890,MGCZ5
2025-11-17 19:58:00+00:00,33,1,42007130,4012.0,4013.4,4010.6,4011.2,649,MGCZ5
2025-11-17 19:59:00+00:00,33,1,42007130,4011.5,4012.4,4010.6,4011.3,549,MGCZ5
2025-11-17 20:00:00+00:00,33,1,42007130,4011.2,4012.7,4006.7,4012.3,1605,MGCZ5
2025-11-17 20:01:00+00:00,33,1,42007130,4012.0,4012.2,4007.5,4008.6,934,MGCZ5
2025-11-17 20:02:00+00:00,33,1,42007130,4008.8,4011.1,4007.9,4010.5,551,MGCZ5
2025-11-17 20:03:00+00:00,33,1,42007130,4010.4,4014.7,4010.3,4012.5,844,MGCZ5
2025-11-17 20:04:00+00:00,33,1,42007130,4012.6,4015.8,4012.6,4015.2,771,MGCZ5
2025-11-17 20:05:00+00:00,33,1,42007130,4014.8,4016.2,4013.5,4014.3,704,MGCZ5
2025-11-17 20:06:00+00:00,33,1,42007130,4014.2,4016.1,4013.0,4013.3,512,MGCZ5
2025-11-17 20:07:00+00:00,33,1,42007130,4013.3,4017.7,4010.8,4016.7,941,MGCZ5
2025-11-17 20:08:00+00:00,33,1,42007130,4016.8,4021.2,4016.1,4019.2,1163,MGCZ5
2025-11-17 20:09:00+00:00,33,1,42007130,4019.4,4021.7,4018.2,4020.8,827,MGCZ5
2025-11-17 20:10:00+00:00,33,1,42007130,4021.0,4022.6,4017.9,4019.2,675,MGCZ5
2025-11-17 20:11:00+00:00,33,1,42007130,4019.2,4020.3,4018.3,4020.0,362,MGCZ5
2025-11-17 20:12:00+00:00,33,1,42007130,4020.0,4022.1,4019.1,4020.0,370,MGCZ5
2025-11-17 20:13:00+00:00,33,1,42007130,4020.0,4020.3,4018.5,4019.9,303,MGCZ5
2025-11-17 20:14:00+00:00,33,1,42007130,4019.6,4019.8,4016.0,4016.6,483,MGCZ5
2025-11-17 20:15:00+00:00,33,1,42007130,4017.0,4019.0,4015.6,4018.5,353,MGCZ5
2025-11-17 20:16:00+00:00,33,1,42007130,4018.4,4022.0,4018.1,4020.8,614,MGCZ5
2025-11-17 20:17:00+00:00,33,1,42007130,4020.8,4024.2,4019.9,4024.0,601,MGCZ5
2025-11-17 20:18:00+00:00,33,1,42007130,4024.1,4026.8,4022.9,4023.4,685,MGCZ5
2025-11-17 20:19:00+00:00,33,1,42007130,4023.2,4023.5,4018.7,4019.1,433,MGCZ5
2025-11-17 20:20:00+00:00,33,1,42007130,4018.9,4022.2,4018.2,4021.2,424,MGCZ5
2025-11-17 20:21:00+00:00,33,1,42007130,4021.0,4021.4,4019.3,4019.3,213,MGCZ5
2025-11-17 20:22:00+00:00,33,1,42007130,4019.3,4021.4,4018.4,4020.6,356,MGCZ5
2025-11-17 20:23:00+00:00,33,1,42007130,4020.5,4026.4,4019.9,4026.0,539,MGCZ5
2025-11-17 20:24:00+00:00,33,1,42007130,4026.0,4026.8,4019.1,4020.5,836,MGCZ5
2025-11-17 20:25:00+00:00,33,1,42007130,4020.4,4022.1,4020.1,4020.5,339,MGCZ5
2025-11-17 20:26:00+00:00,33,1,42007130,4020.6,4025.3,4020.6,4024.1,467,MGCZ5
2025-11-17 20:27:00+00:00,33,1,42007130,4024.0,4025.6,4023.0,4025.4,302,MGCZ5
2025-11-17 20:28:00+00:00,33,1,42007130,4025.1,4026.1,4024.0,4025.8,457,MGCZ5
2025-11-17 20:29:00+00:00,33,1,42007130,4026.1,4028.1,4025.2,4027.3,595,MGCZ5
2025-11-17 20:30:00+00:00,33,1,42007130,4027.5,4031.8,4027.0,4027.5,994,MGCZ5
2025-11-17 20:31:00+00:00,33,1,42007130,4027.5,4028.0,4026.0,4026.6,382,MGCZ5
2025-11-17 20:32:00+00:00,33,1,42007130,4026.2,4029.2,4025.4,4028.2,505,MGCZ5
2025-11-17 20:33:00+00:00,33,1,42007130,4028.1,4028.9,4026.7,4027.8,324,MGCZ5
2025-11-17 20:34:00+00:00,33,1,42007130,4027.7,4027.8,4025.6,4025.9,263,MGCZ5
2025-11-17 20:35:00+00:00,33,1,42007130,4025.9,4027.7,4025.2,4027.6,289,MGCZ5
2025-11-17 20:36:00+00:00,33,1,42007130,4027.4,4030.0,4026.6,4029.7,405,MGCZ5
2025-11-17 20:37:00+00:00,33,1,42007130,4029.5,4032.0,4029.2,4030.7,497,MGCZ5
2025-11-17 20:38:00+00:00,33,1,42007130,4030.8,4031.0,4027.0,4027.2,429,MGCZ5
2025-11-17 20:39:00+00:00,33,1,42007130,4027.0,4028.5,4026.5,4027.2,217,MGCZ5
2025-11-17 20:40:00+00:00,33,1,42007130,4027.2,4029.1,4027.0,4028.8,221,MGCZ5
2025-11-17 20:41:00+00:00,33,1,42007130,4029.0,4029.5,4027.5,4028.5,195,MGCZ5
2025-11-17 20:42:00+00:00,33,1,42007130,4028.7,4029.4,4027.8,4028.9,175,MGCZ5
2025-11-17 20:43:00+00:00,33,1,42007130,4028.8,4030.1,4028.3,4029.3,309,MGCZ5
2025-11-17 20:44:00+00:00,33,1,42007130,4029.4,4030.1,4028.7,4030.1,176,MGCZ5
2025-11-17 20:45:00+00:00,33,1,42007130,4030.2,4031.7,4029.4,4030.5,283,MGCZ5
2025-11-17 20:46:00+00:00,33,1,42007130,4030.7,4032.9,4029.7,4032.7,466,MGCZ5
2025-11-17 20:47:00+00:00,33,1,42007130,4032.6,4033.3,4031.3,4032.8,363,MGCZ5
2025-11-17 20:48:00+00:00,33,1,42007130,4033.0,4034.1,4032.0,4033.1,335,MGCZ5
2025-11-17 20:49:00+00:00,33,1,42007130,4033.1,4034.0,4031.1,4034.0,378,MGCZ5
2025-11-17 20:50:00+00:00,33,1,42007130,4034.0,4036.9,4034.0,4036.7,503,MGCZ5
2025-11-17 20:51:00+00:00,33,1,42007130,4036.8,4038.0,4035.3,4037.7,495,MGCZ5
2025-11-17 20:52:00+00:00,33,1,42007130,4037.9,4037.9,4035.2,4036.8,245,MGCZ5
2025-11-17 20:53:00+00:00,33,1,42007130,4037.0,4037.4,4035.0,4035.8,250,MGCZ5
2025-11-17 20:54:00+00:00,33,1,42007130,4036.1,4037.0,4035.5,4036.7,235,MGCZ5
2025-11-17 20:55:00+00:00,33,1,42007130,4036.7,4039.8,4036.3,4037.9,523,MGCZ5
2025-11-17 20:56:00+00:00,33,1,42007130,4037.7,4042.2,4037.5,4041.9,516,MGCZ5
2025-11-17 20:57:00+00:00,33,1,42007130,4041.9,4042.3,4039.8,4040.8,481,MGCZ5
2025-11-17 20:58:00+00:00,33,1,42007130,4040.9,4044.5,4040.8,4041.5,769,MGCZ5
2025-11-17 20:59:00+00:00,33,1,42007130,4041.6,4041.8,4038.6,4041.2,628,MGCZ5
2025-11-17 21:00:00+00:00,33,1,42007130,4041.1,4041.8,4038.9,4040.2,544,MGCZ5
2025-11-17 21:01:00+00:00,33,1,42007130,4040.1,4041.0,4039.1,4041.0,345,MGCZ5
2025-11-17 21:02:00+00:00,33,1,42007130,4041.0,4043.7,4041.0,4043.5,288,MGCZ5
2025-11-17 21:03:00+00:00,33,1,42007130,4043.6,4044.0,4041.2,4041.4,186,MGCZ5
2025-11-17 21:04:00+00:00,33,1,42007130,4041.6,4042.0,4039.4,4041.7,265,MGCZ5
2025-11-17 21:05:00+00:00,33,1,42007130,4041.8,4043.4,4041.5,4041.8,439,MGCZ5
2025-11-17 21:06:00+00:00,33,1,42007130,4041.8,4042.8,4041.5,4042.0,98,MGCZ5
2025-11-17 21:07:00+00:00,33,1,42007130,4041.9,4042.2,4040.6,4040.8,113,MGCZ5
2025-11-17 21:08:00+00:00,33,1,42007130,4040.8,4041.6,4040.3,4041.6,90,MGCZ5
2025-11-17 21:09:00+00:00,33,1,42007130,4041.6,4045.6,4041.6,4045.0,458,MGCZ5
2025-11-17 21:10:00+00:00,33,1,42007130,4045.1,4045.2,4043.5,4044.3,174,MGCZ5
2025-11-17 21:11:00+00:00,33,1,42007130,4044.2,4045.0,4043.6,4044.9,178,MGCZ5
2025-11-17 21:12:00+00:00,33,1,42007130,4045.1,4045.3,4043.9,4044.2,85,MGCZ5
2025-11-17 21:13:00+00:00,33,1,42007130,4044.3,4045.8,4044.2,4045.2,94,MGCZ5
2025-11-17 21:14:00+00:00,33,1,42007130,4045.2,4045.5,4044.4,4044.4,71,MGCZ5
2025-11-17 21:15:00+00:00,33,1,42007130,4044.7,4045.8,4043.6,4045.5,141,MGCZ5
2025-11-17 21:16:00+00:00,33,1,42007130,4045.7,4046.2,4044.8,4045.2,119,MGCZ5
2025-11-17 21:17:00+00:00,33,1,42007130,4045.1,4045.3,4043.1,4043.6,266,MGCZ5
2025-11-17 21:18:00+00:00,33,1,42007130,4043.6,4044.0,4043.3,4043.6,93,MGCZ5
2025-11-17 21:19:00+00:00,33,1,42007130,4043.4,4044.0,4042.9,4043.3,114,MGCZ5
2025-11-17 21:20:00+00:00,33,1,42007130,4043.7,4044.0,4043.1,4043.7,57,MGCZ5
2025-11-17 21:21:00+00:00,33,1,42007130,4043.7,4045.0,4043.2,4044.5,107,MGCZ5
2025-11-17 21:22:00+00:00,33,1,42007130,4044.3,4045.6,4044.0,4045.6,61,MGCZ5
2025-11-17 21:23:00+00:00,33,1,42007130,4045.7,4045.7,4044.5,4044.9,81,MGCZ5
2025-11-17 21:24:00+00:00,33,1,42007130,4045.2,4045.2,4044.5,4044.5,47,MGCZ5
2025-11-17 21:25:00+00:00,33,1,42007130,4044.5,4045.0,4043.8,4043.8,100,MGCZ5
2025-11-17 21:26:00+00:00,33,1,42007130,4043.7,4044.1,4043.2,4043.4,116,MGCZ5
2025-11-17 21:27:00+00:00,33,1,42007130,4043.3,4043.4,4042.6,4043.1,133,MGCZ5
2025-11-17 21:28:00+00:00,33,1,42007130,4042.9,4043.5,4042.9,4043.3,89,MGCZ5
2025-11-17 21:29:00+00:00,33,1,42007130,4043.2,4044.2,4042.9,4044.2,91,MGCZ5
2025-11-17 21:30:00+00:00,33,1,42007130,4044.1,4044.3,4043.8,4043.8,55,MGCZ5
2025-11-17 21:31:00+00:00,33,1,42007130,4043.8,4044.1,4043.4,4043.5,68,MGCZ5
2025-11-17 21:32:00+00:00,33,1,42007130,4043.6,4045.1,4043.2,4045.0,115,MGCZ5
2025-11-17 21:33:00+00:00,33,1,42007130,4044.9,4045.4,4044.6,4044.7,92,MGCZ5
2025-11-17 21:34:00+00:00,33,1,42007130,4044.8,4044.9,4044.2,4044.6,76,MGCZ5
2025-11-17 21:35:00+00:00,33,1,42007130,4044.5,4044.5,4043.6,4043.8,88,MGCZ5
2025-11-17 21:36:00+00:00,33,1,42007130,4043.5,4044.2,4041.8,4043.1,457,MGCZ5
2025-11-17 21:37:00+00:00,33,1,42007130,4043.1,4044.3,4042.8,4044.3,125,MGCZ5
2025-11-17 21:38:00+00:00,33,1,42007130,4043.8,4043.9,4042.9,4043.3,106,MGCZ5
2025-11-17 21:39:00+00:00,33,1,42007130,4043.1,4043.6,4043.1,4043.2,24,MGCZ5
2025-11-17 21:40:00+00:00,33,1,42007130,4043.3,4043.5,4043.0,4043.2,29,MGCZ5
2025-11-17 21:41:00+00:00,33,1,42007130,4043.0,4043.4,4042.7,4043.0,48,MGCZ5
2025-11-17 21:42:00+00:00,33,1,42007130,4043.1,4043.5,4043.1,4043.1,33,MGCZ5
2025-11-17 21:43:00+00:00,33,1,42007130,4043.2,4043.5,4042.9,4043.1,57,MGCZ5
2025-11-17 21:44:00+00:00,33,1,42007130,4043.2,4044.2,4043.2,4043.8,68,MGCZ5
2025-11-17 21:45:00+00:00,33,1,42007130,4043.9,4044.1,4043.4,4043.8,117,MGCZ5
2025-11-17 21:46:00+00:00,33,1,42007130,4043.9,4045.2,4043.8,4044.8,89,MGCZ5
2025-11-17 21:47:00+00:00,33,1,42007130,4044.6,4044.6,4043.8,4043.9,65,MGCZ5
2025-11-17 21:48:00+00:00,33,1,42007130,4044.0,4044.8,4043.8,4044.7,58,MGCZ5
2025-11-17 21:49:00+00:00,33,1,42007130,4044.9,4045.3,4044.3,4045.1,67,MGCZ5
2025-11-17 21:50:00+00:00,33,1,42007130,4045.2,4045.4,4042.9,4043.2,105,MGCZ5
2025-11-17 21:51:00+00:00,33,1,42007130,4043.4,4043.5,4042.9,4043.4,29,MGCZ5
2025-11-17 21:52:00+00:00,33,1,42007130,4043.7,4044.4,4043.7,4043.9,37,MGCZ5
2025-11-17 21:53:00+00:00,33,1,42007130,4044.0,4044.1,4043.5,4043.7,34,MGCZ5
2025-11-17 21:54:00+00:00,33,1,42007130,4043.6,4045.4,4043.5,4045.4,138,MGCZ5
2025-11-17 21:55:00+00:00,33,1,42007130,4045.5,4046.8,4045.2,4046.0,186,MGCZ5
2025-11-17 21:56:00+00:00,33,1,42007130,4046.0,4046.0,4045.4,4045.8,50,MGCZ5
2025-11-17 21:57:00+00:00,33,1,42007130,4045.8,4046.7,4045.8,4046.2,103,MGCZ5
2025-11-17 21:58:00+00:00,33,1,42007130,4046.2,4046.8,4046.0,4046.1,94,MGCZ5
2025-11-17 21:59:00+00:00,33,1,42007130,4046.6,4046.6,4045.2,4045.5,127,MGCZ5
2025-11-17 23:00:00+00:00,33,1,42007130,4045.4,4052.6,4044.3,4050.4,607,MGCZ5
2025-11-17 23:01:00+00:00,33,1,42007130,4050.5,4056.1,4050.5,4053.9,479,MGCZ5
2025-11-17 23:02:00+00:00,33,1,42007130,4053.8,4055.2,4050.1,4051.6,354,MGCZ5
2025-11-17 23:03:00+00:00,33,1,42007130,4051.4,4054.2,4050.6,4052.5,205,MGCZ5
2025-11-17 23:04:00+00:00,33,1,42007130,4052.1,4052.7,4049.5,4050.8,186,MGCZ5
2025-11-17 23:05:00+00:00,33,1,42007130,4050.8,4054.5,4050.1,4054.3,309,MGCZ5
2025-11-17 23:06:00+00:00,33,1,42007130,4054.4,4055.7,4053.0,4054.0,249,MGCZ5
2025-11-17 23:07:00+00:00,33,1,42007130,4053.7,4054.6,4052.6,4053.3,142,MGCZ5
2025-11-17 23:08:00+00:00,33,1,42007130,4053.2,4053.5,4048.0,4048.0,300,MGCZ5
2025-11-17 23:09:00+00:00,33,1,42007130,4048.2,4052.3,4046.7,4048.3,367,MGCZ5
2025-11-17 23:10:00+00:00,33,1,42007130,4048.2,4049.0,4046.4,4047.3,273,MGCZ5
2025-11-17 23:11:00+00:00,33,1,42007130,4047.4,4049.8,4046.1,4048.9,236,MGCZ5
2025-11-17 23:12:00+00:00,33,1,42007130,4049.3,4050.6,4049.0,4050.6,102,MGCZ5
2025-11-17 23:13:00+00:00,33,1,42007130,4050.7,4050.7,4048.8,4049.4,88,MGCZ5
2025-11-17 23:14:00+00:00,33,1,42007130,4049.5,4050.4,4049.5,4050.2,82,MGCZ5
2025-11-17 23:15:00+00:00,33,1,42007130,4050.3,4051.9,4050.0,4051.2,124,MGCZ5
2025-11-17 23:16:00+00:00,33,1,42007130,4051.1,4052.1,4050.6,4052.1,98,MGCZ5
2025-11-17 23:17:00+00:00,33,1,42007130,4051.9,4052.5,4051.6,4051.9,129,MGCZ5
2025-11-17 23:18:00+00:00,33,1,42007130,4052.0,4052.1,4049.1,4050.1,148,MGCZ5
2025-11-17 23:19:00+00:00,33,1,42007130,4050.2,4050.8,4049.0,4050.3,109,MGCZ5
2025-11-17 23:20:00+00:00,33,1,42007130,4050.1,4050.8,4048.1,4048.6,160,MGCZ5
2025-11-17 23:21:00+00:00,33,1,42007130,4048.4,4049.4,4047.5,4049.4,156,MGCZ5
2025-11-17 23:22:00+00:00,33,1,42007130,4049.2,4050.5,4047.1,4050.3,156,MGCZ5
2025-11-17 23:23:00+00:00,33,1,42007130,4050.3,4050.7,4048.2,4048.6,107,MGCZ5
2025-11-17 23:24:00+00:00,33,1,42007130,4048.6,4049.8,4048.6,4048.8,76,MGCZ5
2025-11-17 23:25:00+00:00,33,1,42007130,4048.7,4050.0,4048.4,4049.1,79,MGCZ5
2025-11-17 23:26:00+00:00,33,1,42007130,4049.2,4050.6,4049.2,4050.2,77,MGCZ5
2025-11-17 23:27:00+00:00,33,1,42007130,4050.6,4050.8,4049.6,4049.9,66,MGCZ5
2025-11-17 23:28:00+00:00,33,1,42007130,4049.8,4051.0,4049.4,4050.1,146,MGCZ5
2025-11-17 23:29:00+00:00,33,1,42007130,4050.1,4050.1,4047.4,4047.9,197,MGCZ5
2025-11-17 23:30:00+00:00,33,1,42007130,4047.9,4048.8,4045.0,4045.5,212,MGCZ5
2025-11-17 23:31:00+00:00,33,1,42007130,4045.7,4046.5,4043.3,4043.8,406,MGCZ5
2025-11-17 23:32:00+00:00,33,1,42007130,4044.0,4048.1,4043.5,4047.3,410,MGCZ5
2025-11-17 23:33:00+00:00,33,1,42007130,4047.5,4049.5,4047.5,4048.3,279,MGCZ5
2025-11-17 23:34:00+00:00,33,1,42007130,4048.4,4048.7,4045.2,4045.9,249,MGCZ5
2025-11-17 23:35:00+00:00,33,1,42007130,4046.2,4046.2,4043.2,4044.9,274,MGCZ5
2025-11-17 23:36:00+00:00,33,1,42007130,4044.6,4046.9,4044.4,4044.6,170,MGCZ5
2025-11-17 23:37:00+00:00,33,1,42007130,4044.7,4047.4,4044.6,4045.5,202,MGCZ5
2025-11-17 23:38:00+00:00,33,1,42007130,4045.5,4045.7,4043.9,4044.5,134,MGCZ5
2025-11-17 23:39:00+00:00,33,1,42007130,4044.2,4044.5,4043.0,4043.8,172,MGCZ5
2025-11-17 23:40:00+00:00,33,1,42007130,4044.3,4045.1,4038.6,4041.9,690,MGCZ5
2025-11-17 23:41:00+00:00,33,1,42007130,4041.6,4042.9,4039.2,4040.9,569,MGCZ5
2025-11-17 23:42:00+00:00,33,1,42007130,4040.7,4041.6,4039.4,4039.7,287,MGCZ5
2025-11-17 23:43:00+00:00,33,1,42007130,4039.8,4040.5,4035.8,4036.4,751,MGCZ5
2025-11-17 23:44:00+00:00,33,1,42007130,4036.7,4037.5,4034.2,4036.9,750,MGCZ5
2025-11-17 23:45:00+00:00,33,1,42007130,4036.6,4039.9,4035.6,4037.9,564,MGCZ5
2025-11-17 23:46:00+00:00,33,1,42007130,4037.8,4037.9,4030.5,4032.9,1295,MGCZ5
2025-11-17 23:47:00+00:00,33,1,42007130,4032.9,4035.0,4028.0,4034.7,1024,MGCZ5
2025-11-17 23:48:00+00:00,33,1,42007130,4035.0,4038.8,4033.0,4038.8,614,MGCZ5
2025-11-17 23:49:00+00:00,33,1,42007130,4038.7,4041.0,4036.4,4036.7,697,MGCZ5
2025-11-17 23:50:00+00:00,33,1,42007130,4036.7,4037.7,4035.8,4037.3,376,MGCZ5
2025-11-17 23:51:00+00:00,33,1,42007130,4037.4,4039.4,4036.5,4038.5,245,MGCZ5
2025-11-17 23:52:00+00:00,33,1,42007130,4038.7,4041.9,4038.7,4041.9,410,MGCZ5
2025-11-17 23:53:00+00:00,33,1,42007130,4041.9,4042.7,4040.1,4041.4,325,MGCZ5
2025-11-17 23:54:00+00:00,33,1,42007130,4041.5,4042.0,4037.2,4037.8,273,MGCZ5
2025-11-17 23:55:00+00:00,33,1,42007130,4038.0,4038.5,4033.9,4036.3,518,MGCZ5
2025-11-17 23:56:00+00:00,33,1,42007130,4036.1,4036.8,4034.8,4035.3,306,MGCZ5
2025-11-17 23:57:00+00:00,33,1,42007130,4035.2,4036.2,4033.6,4033.7,262,MGCZ5
2025-11-17 23:58:00+00:00,33,1,42007130,4034.1,4036.5,4032.9,4036.1,351,MGCZ5
2025-11-17 23:59:00+00:00,33,1,42007130,4036.2,4037.4,4036.0,4036.8,219,MGCZ5
2025-11-18 00:00:00+00:00,33,1,42007130,4036.8,4037.2,4034.2,4037.2,321,MGCZ5
2025-11-18 00:01:00+00:00,33,1,42007130,4036.9,4036.9,4030.4,4030.5,686,MGCZ5
2025-11-18 00:02:00+00:00,33,1,42007130,4030.5,4036.2,4030.1,4035.9,441,MGCZ5
2025-11-18 00:03:00+00:00,33,1,42007130,4035.6,4037.9,4034.6,4035.5,309,MGCZ5
2025-11-18 00:04:00+00:00,33,1,42007130,4035.7,4036.8,4033.5,4034.5,332,MGCZ5
2025-11-18 00:05:00+00:00,33,1,42007130,4034.2,4035.4,4032.0,4034.2,335,MGCZ5
2025-11-18 00:06:00+00:00,33,1,42007130,4034.2,4035.9,4033.0,4033.7,314,MGCZ5
2025-11-18 00:07:00+00:00,33,1,42007130,4033.9,4035.1,4032.4,4033.0,152,MGCZ5
2025-11-18 00:08:00+00:00,33,1,42007130,4032.8,4034.9,4031.8,4032.7,220,MGCZ5
2025-11-18 00:09:00+00:00,33,1,42007130,4032.7,4037.9,4031.5,4037.9,443,MGCZ5
2025-11-18 00:10:00+00:00,33,1,42007130,4037.9,4039.8,4035.9,4039.3,333,MGCZ5
2025-11-18 00:11:00+00:00,33,1,42007130,4039.1,4040.2,4038.0,4038.0,197,MGCZ5
2025-11-18 00:12:00+00:00,33,1,42007130,4038.1,4039.5,4037.4,4039.4,161,MGCZ5
2025-11-18 00:13:00+00:00,33,1,42007130,4039.1,4039.7,4036.0,4037.0,239,MGCZ5
2025-11-18 00:14:00+00:00,33,1,42007130,4036.8,4037.2,4035.1,4036.6,281,MGCZ5
2025-11-18 00:15:00+00:00,33,1,42007130,4036.7,4036.8,4033.5,4033.8,273,MGCZ5
2025-11-18 00:16:00+00:00,33,1,42007130,4033.8,4036.2,4033.2,4035.9,213,MGCZ5
2025-11-18 00:17:00+00:00,33,1,42007130,4035.6,4036.3,4032.5,4032.6,280,MGCZ5
2025-11-18 00:18:00+00:00,33,1,42007130,4032.8,4033.9,4029.7,4030.9,535,MGCZ5
2025-11-18 00:19:00+00:00,33,1,42007130,4031.1,4033.2,4030.0,4031.3,299,MGCZ5
2025-11-18 00:20:00+00:00,33,1,42007130,4031.6,4033.0,4029.8,4031.5,268,MGCZ5
2025-11-18 00:21:00+00:00,33,1,42007130,4031.5,4031.7,4029.2,4030.7,271,MGCZ5
2025-11-18 00:22:00+00:00,33,1,42007130,4030.9,4032.1,4028.6,4029.6,347,MGCZ5
2025-11-18 00:23:00+00:00,33,1,42007130,4029.4,4029.6,4026.8,4029.0,603,MGCZ5
2025-11-18 00:24:00+00:00,33,1,42007130,4029.4,4034.3,4027.4,4032.7,617,MGCZ5
2025-11-18 00:25:00+00:00,33,1,42007130,4032.9,4035.4,4030.3,4032.7,428,MGCZ5
2025-11-18 00:26:00+00:00,33,1,42007130,4032.7,4035.5,4032.5,4034.9,267,MGCZ5
2025-11-18 00:27:00+00:00,33,1,42007130,4034.9,4035.4,4030.4,4031.5,292,MGCZ5
2025-11-18 00:28:00+00:00,33,1,42007130,4031.6,4033.2,4028.7,4031.7,364,MGCZ5
2025-11-18 00:29:00+00:00,33,1,42007130,4031.9,4032.9,4029.8,4030.3,142,MGCZ5
2025-11-18 00:30:00+00:00,33,1,42007130,4030.5,4033.5,4030.4,4032.5,217,MGCZ5
2025-11-18 00:31:00+00:00,33,1,42007130,4032.7,4033.1,4031.5,4032.3,138,MGCZ5
2025-11-18 00:32:00+00:00,33,1,42007130,4032.1,4032.7,4028.1,4029.9,337,MGCZ5
2025-11-18 00:33:00+00:00,33,1,42007130,4029.7,4032.5,4029.0,4032.4,221,MGCZ5
2025-11-18 00:34:00+00:00,33,1,42007130,4032.1,4033.6,4031.1,4033.6,186,MGCZ5
2025-11-18 00:35:00+00:00,33,1,42007130,4033.7,4035.6,4032.2,4033.9,250,MGCZ5
2025-11-18 00:36:00+00:00,33,1,42007130,4034.0,4035.1,4033.1,4034.0,207,MGCZ5
2025-11-18 00:37:00+00:00,33,1,42007130,4034.6,4036.6,4034.1,4036.6,234,MGCZ5
2025-11-18 00:38:00+00:00,33,1,42007130,4036.5,4036.5,4035.1,4035.4,132,MGCZ5
2025-11-18 00:39:00+00:00,33,1,42007130,4035.4,4038.8,4035.4,4038.8,326,MGCZ5
2025-11-18 00:40:00+00:00,33,1,42007130,4038.8,4038.8,4035.4,4037.1,227,MGCZ5
2025-11-18 00:41:00+00:00,33,1,42007130,4037.4,4037.5,4034.3,4034.8,209,MGCZ5
2025-11-18 00:42:00+00:00,33,1,42007130,4034.6,4035.4,4033.2,4033.4,178,MGCZ5
2025-11-18 00:43:00+00:00,33,1,42007130,4033.2,4036.2,4032.7,4035.6,215,MGCZ5
2025-11-18 00:44:00+00:00,33,1,42007130,4035.8,4037.1,4035.0,4036.8,153,MGCZ5
2025-11-18 00:45:00+00:00,33,1,42007130,4036.9,4037.0,4034.4,4036.5,150,MGCZ5
2025-11-18 00:46:00+00:00,33,1,42007130,4036.7,4038.5,4036.0,4038.2,320,MGCZ5
2025-11-18 00:47:00+00:00,33,1,42007130,4038.4,4038.5,4035.8,4036.2,222,MGCZ5
2025-11-18 00:48:00+00:00,33,1,42007130,4036.3,4036.6,4033.6,4034.3,206,MGCZ5
2025-11-18 00:49:00+00:00,33,1,42007130,4034.7,4035.3,4032.3,4033.1,224,MGCZ5
2025-11-18 00:50:00+00:00,33,1,42007130,4032.9,4034.7,4032.9,4034.4,158,MGCZ5
2025-11-18 00:51:00+00:00,33,1,42007130,4034.2,4034.6,4032.7,4032.7,89,MGCZ5
2025-11-18 00:52:00+00:00,33,1,42007130,4033.0,4033.8,4031.3,4033.4,340,MGCZ5
2025-11-18 00:53:00+00:00,33,1,42007130,4033.4,4034.2,4031.7,4033.6,133,MGCZ5
2025-11-18 00:54:00+00:00,33,1,42007130,4033.9,4033.9,4031.5,4031.7,113,MGCZ5
2025-11-18 00:55:00+00:00,33,1,42007130,4031.9,4034.1,4031.9,4033.1,134,MGCZ5
2025-11-18 00:56:00+00:00,33,1,42007130,4033.3,4034.4,4032.4,4033.7,86,MGCZ5
2025-11-18 00:57:00+00:00,33,1,42007130,4033.9,4036.7,4033.9,4034.7,267,MGCZ5
2025-11-18 00:58:00+00:00,33,1,42007130,4034.4,4036.6,4033.5,4036.0,189,MGCZ5
2025-11-18 00:59:00+00:00,33,1,42007130,4036.0,4041.1,4036.0,4039.7,801,MGCZ5
2025-11-18 01:00:00+00:00,33,1,42007130,4039.8,4043.9,4037.7,4040.9,1094,MGCZ5
2025-11-18 01:01:00+00:00,33,1,42007130,4040.3,4044.7,4039.4,4041.0,779,MGCZ5
2025-11-18 01:02:00+00:00,33,1,42007130,4040.5,4042.2,4036.8,4036.9,484,MGCZ5
2025-11-18 01:03:00+00:00,33,1,42007130,4036.7,4040.0,4035.9,4037.7,368,MGCZ5
2025-11-18 01:04:00+00:00,33,1,42007130,4038.2,4041.9,4036.3,4041.1,286,MGCZ5
2025-11-18 01:05:00+00:00,33,1,42007130,4041.1,4042.6,4039.1,4042.0,382,MGCZ5
2025-11-18 01:06:00+00:00,33,1,42007130,4042.0,4042.7,4038.7,4040.9,317,MGCZ5
2025-11-18 01:07:00+00:00,33,1,42007130,4041.0,4041.6,4036.6,4037.1,325,MGCZ5
2025-11-18 01:08:00+00:00,33,1,42007130,4037.2,4037.4,4034.7,4034.7,348,MGCZ5
2025-11-18 01:09:00+00:00,33,1,42007130,4034.7,4038.4,4034.1,4038.4,284,MGCZ5
2025-11-18 01:10:00+00:00,33,1,42007130,4038.1,4038.1,4035.9,4037.6,271,MGCZ5
2025-11-18 01:11:00+00:00,33,1,42007130,4038.0,4040.4,4037.7,4039.4,358,MGCZ5
2025-11-18 01:12:00+00:00,33,1,42007130,4039.1,4041.4,4038.7,4040.6,190,MGCZ5
2025-11-18 01:13:00+00:00,33,1,42007130,4040.7,4042.9,4040.7,4041.9,232,MGCZ5
2025-11-18 01:14:00+00:00,33,1,42007130,4042.0,4042.7,4040.0,4040.4,224,MGCZ5
2025-11-18 01:15:00+00:00,33,1,42007130,4040.3,4041.7,4039.0,4040.2,196,MGCZ5
2025-11-18 01:16:00+00:00,33,1,42007130,4039.7,4040.2,4038.5,4039.7,169,MGCZ5
2025-11-18 01:17:00+00:00,33,1,42007130,4039.6,4041.6,4039.6,4040.5,244,MGCZ5
2025-11-18 01:18:00+00:00,33,1,42007130,4040.3,4042.0,4040.1,4040.5,177,MGCZ5
2025-11-18 01:19:00+00:00,33,1,42007130,4040.4,4041.3,4038.9,4039.7,203,MGCZ5
2025-11-18 01:20:00+00:00,33,1,42007130,4039.9,4042.2,4037.8,4041.2,252,MGCZ5
2025-11-18 01:21:00+00:00,33,1,42007130,4041.4,4044.3,4041.4,4043.2,427,MGCZ5
2025-11-18 01:22:00+00:00,33,1,42007130,4043.1,4044.0,4039.9,4040.9,283,MGCZ5
2025-11-18 01:23:00+00:00,33,1,42007130,4040.9,4041.4,4038.6,4039.0,182,MGCZ5
2025-11-18 01:24:00+00:00,33,1,42007130,4038.5,4038.8,4036.8,4038.7,297,MGCZ5
2025-11-18 01:25:00+00:00,33,1,42007130,4038.5,4042.1,4038.1,4040.4,281,MGCZ5
2025-11-18 01:26:00+00:00,33,1,42007130,4040.2,4040.5,4038.7,4039.6,104,MGCZ5
2025-11-18 01:27:00+00:00,33,1,42007130,4039.5,4040.0,4037.8,4038.4,145,MGCZ5
2025-11-18 01:28:00+00:00,33,1,42007130,4038.1,4039.0,4036.0,4038.9,314,MGCZ5
2025-11-18 01:29:00+00:00,33,1,42007130,4039.0,4040.1,4038.5,4038.9,168,MGCZ5
2025-11-18 01:30:00+00:00,33,1,42007130,4039.4,4040.5,4038.9,4039.8,183,MGCZ5
2025-11-18 01:31:00+00:00,33,1,42007130,4039.8,4040.0,4038.5,4039.7,127,MGCZ5
2025-11-18 01:32:00+00:00,33,1,42007130,4039.4,4039.6,4037.4,4038.0,194,MGCZ5
2025-11-18 01:33:00+00:00,33,1,42007130,4037.7,4038.8,4037.2,4038.2,125,MGCZ5
2025-11-18 01:34:00+00:00,33,1,42007130,4038.1,4038.1,4034.6,4034.7,370,MGCZ5
2025-11-18 01:35:00+00:00,33,1,42007130,4034.6,4036.6,4033.2,4035.5,541,MGCZ5
2025-11-18 01:36:00+00:00,33,1,42007130,4035.3,4037.8,4035.1,4036.7,286,MGCZ5
2025-11-18 01:37:00+00:00,33,1,42007130,4036.6,4036.7,4033.3,4033.7,228,MGCZ5
2025-11-18 01:38:00+00:00,33,1,42007130,4033.6,4037.5,4033.4,4036.5,265,MGCZ5
2025-11-18 01:39:00+00:00,33,1,42007130,4036.3,4037.7,4034.9,4037.6,170,MGCZ5
2025-11-18 01:40:00+00:00,33,1,42007130,4037.7,4038.4,4036.2,4038.3,290,MGCZ5
2025-11-18 01:41:00+00:00,33,1,42007130,4037.9,4038.2,4033.7,4033.7,369,MGCZ5
2025-11-18 01:42:00+00:00,33,1,42007130,4033.6,4033.8,4030.1,4030.3,570,MGCZ5
2025-11-18 01:43:00+00:00,33,1,42007130,4030.1,4031.8,4028.8,4030.3,453,MGCZ5
2025-11-18 01:44:00+00:00,33,1,42007130,4030.4,4032.6,4029.8,4031.8,228,MGCZ5
2025-11-18 01:45:00+00:00,33,1,42007130,4031.9,4032.7,4029.8,4032.0,265,MGCZ5
2025-11-18 01:46:00+00:00,33,1,42007130,4031.7,4032.4,4030.4,4031.4,122,MGCZ5
2025-11-18 01:47:00+00:00,33,1,42007130,4031.4,4032.0,4029.9,4030.5,157,MGCZ5
2025-11-18 01:48:00+00:00,33,1,42007130,4030.3,4030.3,4028.3,4030.1,306,MGCZ5
2025-11-18 01:49:00+00:00,33,1,42007130,4030.1,4032.2,4029.2,4030.8,306,MGCZ5
2025-11-18 01:50:00+00:00,33,1,42007130,4030.5,4031.1,4029.5,4029.9,225,MGCZ5
2025-11-18 01:51:00+00:00,33,1,42007130,4029.9,4030.4,4024.4,4026.7,933,MGCZ5
2025-11-18 01:52:00+00:00,33,1,42007130,4026.8,4027.2,4023.7,4025.7,464,MGCZ5
2025-11-18 01:53:00+00:00,33,1,42007130,4025.7,4026.5,4023.6,4024.4,365,MGCZ5
2025-11-18 01:54:00+00:00,33,1,42007130,4024.5,4024.8,4022.1,4023.8,409,MGCZ5
2025-11-18 01:55:00+00:00,33,1,42007130,4023.9,4024.8,4022.0,4022.7,423,MGCZ5
2025-11-18 01:56:00+00:00,33,1,42007130,4022.6,4024.3,4021.6,4022.9,355,MGCZ5
2025-11-18 01:57:00+00:00,33,1,42007130,4022.9,4024.7,4022.4,4024.3,218,MGCZ5
2025-11-18 01:58:00+00:00,33,1,42007130,4024.5,4026.2,4022.8,4023.0,655,MGCZ5
2025-11-18 01:59:00+00:00,33,1,42007130,4023.2,4026.0,4023.1,4024.4,188,MGCZ5
2025-11-18 02:00:00+00:00,33,1,42007130,4024.3,4024.3,4021.1,4021.8,527,MGCZ5
2025-11-18 02:01:00+00:00,33,1,42007130,4021.7,4022.3,4018.7,4020.5,837,MGCZ5
2025-11-18 02:02:00+00:00,33,1,42007130,4020.7,4021.8,4019.9,4021.4,266,MGCZ5
2025-11-18 02:03:00+00:00,33,1,42007130,4021.8,4022.8,4021.2,4022.6,235,MGCZ5
2025-11-18 02:04:00+00:00,33,1,42007130,4022.8,4023.1,4020.7,4022.7,255,MGCZ5
2025-11-18 02:05:00+00:00,33,1,42007130,4022.9,4024.8,4021.8,4023.6,361,MGCZ5
2025-11-18 02:06:00+00:00,33,1,42007130,4023.7,4028.2,4023.3,4027.9,632,MGCZ5
2025-11-18 02:07:00+00:00,33,1,42007130,4027.5,4029.4,4027.4,4028.9,372,MGCZ5
2025-11-18 02:08:00+00:00,33,1,42007130,4028.9,4031.2,4028.9,4030.5,583,MGCZ5
2025-11-18 02:09:00+00:00,33,1,42007130,4030.3,4031.5,4029.8,4030.9,335,MGCZ5
2025-11-18 02:10:00+00:00,33,1,42007130,4030.9,4031.6,4030.0,4031.1,258,MGCZ5
2025-11-18 02:11:00+00:00,33,1,42007130,4031.1,4032.2,4030.4,4030.8,245,MGCZ5
2025-11-18 02:12:00+00:00,33,1,42007130,4031.3,4031.4,4029.2,4031.2,259,MGCZ5
2025-11-18 02:13:00+00:00,33,1,42007130,4031.1,4034.2,4031.1,4033.7,431,MGCZ5
2025-11-18 02:14:00+00:00,33,1,42007130,4034.0,4034.2,4032.6,4034.2,309,MGCZ5
2025-11-18 02:15:00+00:00,33,1,42007130,4034.2,4034.4,4032.8,4033.7,253,MGCZ5
2025-11-18 02:16:00+00:00,33,1,42007130,4033.4,4033.4,4030.4,4031.2,344,MGCZ5
2025-11-18 02:17:00+00:00,33,1,42007130,4031.2,4032.0,4029.6,4030.9,296,MGCZ5
2025-11-18 02:18:00+00:00,33,1,42007130,4030.5,4031.8,4029.1,4031.4,201,MGCZ5
2025-11-18 02:19:00+00:00,33,1,42007130,4031.3,4032.0,4030.9,4031.7,145,MGCZ5
2025-11-18 02:20:00+00:00,33,1,42007130,4031.9,4032.5,4030.9,4031.9,194,MGCZ5
2025-11-18 02:21:00+00:00,33,1,42007130,4031.8,4032.0,4029.9,4030.0,222,MGCZ5
2025-11-18 02:22:00+00:00,33,1,42007130,4030.1,4030.9,4028.6,4029.1,286,MGCZ5
2025-11-18 02:23:00+00:00,33,1,42007130,4029.0,4029.5,4027.8,4029.2,201,MGCZ5
2025-11-18 02:24:00+00:00,33,1,42007130,4029.2,4029.9,4028.1,4028.8,154,MGCZ5
2025-11-18 02:25:00+00:00,33,1,42007130,4028.5,4029.2,4026.6,4027.7,302,MGCZ5
2025-11-18 02:26:00+00:00,33,1,42007130,4027.8,4028.3,4026.5,4027.2,188,MGCZ5
2025-11-18 02:27:00+00:00,33,1,42007130,4027.0,4029.7,4027.0,4029.7,222,MGCZ5
2025-11-18 02:28:00+00:00,33,1,42007130,4029.6,4029.8,4027.8,4027.8,138,MGCZ5
2025-11-18 02:29:00+00:00,33,1,42007130,4027.8,4030.5,4027.7,4030.5,202,MGCZ5
2025-11-18 02:30:00+00:00,33,1,42007130,4030.6,4032.9,4029.2,4029.6,469,MGCZ5
2025-11-18 02:31:00+00:00,33,1,42007130,4029.6,4032.3,4029.1,4032.2,260,MGCZ5
2025-11-18 02:32:00+00:00,33,1,42007130,4032.2,4032.3,4029.9,4030.6,193,MGCZ5
2025-11-18 02:33:00+00:00,33,1,42007130,4030.6,4033.2,4029.1,4032.8,283,MGCZ5
2025-11-18 02:34:00+00:00,33,1,42007130,4032.8,4035.5,4032.6,4035.3,518,MGCZ5
2025-11-18 02:35:00+00:00,33,1,42007130,4035.3,4035.9,4033.3,4033.9,272,MGCZ5
2025-11-18 02:36:00+00:00,33,1,42007130,4033.8,4035.1,4032.0,4032.4,239,MGCZ5
2025-11-18 02:37:00+00:00,33,1,42007130,4032.4,4033.0,4030.6,4031.7,279,MGCZ5
2025-11-18 02:38:00+00:00,33,1,42007130,4031.9,4033.7,4031.9,4032.1,261,MGCZ5
2025-11-18 02:39:00+00:00,33,1,42007130,4032.2,4034.0,4031.9,4033.5,126,MGCZ5
2025-11-18 02:40:00+00:00,33,1,42007130,4033.7,4034.8,4033.2,4034.8,265,MGCZ5
2025-11-18 02:41:00+00:00,33,1,42007130,4034.9,4035.0,4032.6,4032.7,234,MGCZ5
2025-11-18 02:42:00+00:00,33,1,42007130,4032.7,4032.7,4030.1,4030.3,233,MGCZ5
2025-11-18 02:43:00+00:00,33,1,42007130,4030.3,4030.5,4028.4,4028.6,309,MGCZ5
2025-11-18 02:44:00+00:00,33,1,42007130,4028.5,4030.5,4028.4,4030.3,158,MGCZ5
2025-11-18 02:45:00+00:00,33,1,42007130,4029.8,4030.8,4027.7,4027.7,246,MGCZ5
2025-11-18 02:46:00+00:00,33,1,42007130,4027.7,4029.7,4027.3,4027.8,297,MGCZ5
2025-11-18 02:47:00+00:00,33,1,42007130,4027.8,4028.6,4026.0,4026.6,299,MGCZ5
2025-11-18 02:48:00+00:00,33,1,42007130,4026.7,4026.9,4024.8,4025.6,342,MGCZ5
2025-11-18 02:49:00+00:00,33,1,42007130,4025.9,4026.8,4025.7,4026.4,157,MGCZ5
2025-11-18 02:50:00+00:00,33,1,42007130,4026.3,4026.4,4023.6,4024.2,324,MGCZ5
2025-11-18 02:51:00+00:00,33,1,42007130,4024.4,4025.9,4023.6,4024.5,282,MGCZ5
2025-11-18 02:52:00+00:00,33,1,42007130,4024.6,4024.9,4022.4,4022.9,465,MGCZ5
2025-11-18 02:53:00+00:00,33,1,42007130,4022.9,4023.8,4018.3,4018.7,816,MGCZ5
2025-11-18 02:54:00+00:00,33,1,42007130,4018.5,4021.7,4016.9,4021.7,830,MGCZ5
2025-11-18 02:55:00+00:00,33,1,42007130,4021.7,4022.5,4020.5,4021.6,488,MGCZ5
2025-11-18 02:56:00+00:00,33,1,42007130,4021.5,4021.6,4019.3,4020.4,307,MGCZ5
2025-11-18 02:57:00+00:00,33,1,42007130,4020.4,4020.4,4015.7,4016.5,673,MGCZ5
2025-11-18 02:58:00+00:00,33,1,42007130,4016.8,4018.7,4016.3,4018.7,377,MGCZ5
2025-11-18 02:59:00+00:00,33,1,42007130,4018.7,4019.4,4017.4,4018.3,364,MGCZ5
2025-11-18 03:00:00+00:00,33,1,42007130,4018.1,4018.4,4014.8,4015.7,628,MGCZ5
2025-11-18 03:01:00+00:00,33,1,42007130,4015.7,4018.7,4015.6,4018.3,431,MGCZ5
2025-11-18 03:02:00+00:00,33,1,42007130,4018.2,4020.4,4018.1,4019.2,401,MGCZ5
2025-11-18 03:03:00+00:00,33,1,42007130,4019.2,4019.8,4017.1,4019.7,283,MGCZ5
2025-11-18 03:04:00+00:00,33,1,42007130,4019.8,4020.3,4017.9,4018.4,269,MGCZ5
2025-11-18 03:05:00+00:00,33,1,42007130,4018.4,4020.1,4018.0,4018.0,264,MGCZ5
2025-11-18 03:06:00+00:00,33,1,42007130,4018.0,4018.1,4015.3,4016.3,392,MGCZ5
2025-11-18 03:07:00+00:00,33,1,42007130,4016.1,4017.4,4015.5,4016.1,303,MGCZ5
2025-11-18 03:08:00+00:00,33,1,42007130,4015.9,4017.1,4014.1,4016.6,586,MGCZ5
2025-11-18 03:09:00+00:00,33,1,42007130,4016.6,4017.6,4014.1,4014.8,512,MGCZ5
2025-11-18 03:10:00+00:00,33,1,42007130,4015.0,4015.4,4011.3,4012.5,953,MGCZ5
2025-11-18 03:11:00+00:00,33,1,42007130,4012.5,4015.0,4012.4,4013.0,473,MGCZ5
2025-11-18 03:12:00+00:00,33,1,42007130,4012.8,4013.3,4010.4,4011.2,523,MGCZ5
2025-11-18 03:13:00+00:00,33,1,42007130,4011.1,4013.0,4010.9,4012.0,289,MGCZ5
2025-11-18 03:14:00+00:00,33,1,42007130,4012.3,4015.4,4011.9,4015.4,393,MGCZ5
2025-11-18 03:15:00+00:00,33,1,42007130,4015.4,4015.4,4013.2,4014.5,392,MGCZ5
2025-11-18 03:16:00+00:00,33,1,42007130,4014.6,4015.8,4013.1,4015.6,293,MGCZ5
2025-11-18 03:17:00+00:00,33,1,42007130,4015.6,4015.9,4012.7,4013.0,360,MGCZ5
2025-11-18 03:18:00+00:00,33,1,42007130,4013.0,4013.5,4010.3,4011.9,385,MGCZ5
2025-11-18 03:19:00+00:00,33,1,42007130,4011.8,4012.4,4010.1,4010.1,254,MGCZ5
2025-11-18 03:20:00+00:00,33,1,42007130,4010.2,4011.9,4008.9,4009.8,676,MGCZ5
2025-11-18 03:21:00+00:00,33,1,42007130,4009.7,4010.7,4008.2,4009.6,477,MGCZ5
2025-11-18 03:22:00+00:00,33,1,42007130,4009.8,4012.9,4009.1,4012.2,419,MGCZ5
2025-11-18 03:23:00+00:00,33,1,42007130,4012.3,4013.3,4011.3,4013.0,448,MGCZ5
2025-11-18 03:24:00+00:00,33,1,42007130,4012.9,4012.9,4010.9,4011.2,208,MGCZ5
2025-11-18 03:25:00+00:00,33,1,42007130,4011.4,4013.5,4010.9,4013.3,313,MGCZ5
2025-11-18 03:26:00+00:00,33,1,42007130,4013.2,4013.2,4011.8,4012.0,159,MGCZ5
2025-11-18 03:27:00+00:00,33,1,42007130,4012.1,4014.3,4011.5,4013.5,311,MGCZ5
2025-11-18 03:28:00+00:00,33,1,42007130,4013.4,4013.5,4012.6,4013.3,147,MGCZ5
2025-11-18 03:29:00+00:00,33,1,42007130,4013.2,4014.3,4012.9,4013.3,174,MGCZ5
2025-11-18 03:30:00+00:00,33,1,42007130,4013.4,4015.3,4013.0,4014.2,363,MGCZ5
2025-11-18 03:31:00+00:00,33,1,42007130,4014.2,4015.0,4013.0,4013.5,354,MGCZ5
2025-11-18 03:32:00+00:00,33,1,42007130,4013.3,4014.2,4011.4,4011.8,266,MGCZ5
2025-11-18 03:33:00+00:00,33,1,42007130,4012.0,4014.5,4011.7,4014.4,260,MGCZ5
2025-11-18 03:34:00+00:00,33,1,42007130,4014.5,4017.0,4014.5,4016.6,465,MGCZ5
2025-11-18 03:35:00+00:00,33,1,42007130,4016.8,4018.0,4015.1,4017.6,517,MGCZ5
2025-11-18 03:36:00+00:00,33,1,42007130,4017.4,4019.4,4017.4,4019.4,345,MGCZ5
2025-11-18 03:37:00+00:00,33,1,42007130,4019.3,4020.9,4018.6,4019.9,463,MGCZ5
2025-11-18 03:38:00+00:00,33,1,42007130,4020.0,4021.7,4018.6,4021.5,309,MGCZ5
2025-11-18 03:39:00+00:00,33,1,42007130,4021.3,4023.0,4021.1,4022.6,373,MGCZ5
2025-11-18 03:40:00+00:00,33,1,42007130,4022.7,4024.7,4021.7,4024.7,492,MGCZ5
2025-11-18 03:41:00+00:00,33,1,42007130,4024.8,4026.0,4019.9,4020.7,1062,MGCZ5
2025-11-18 03:42:00+00:00,33,1,42007130,4021.1,4022.3,4019.6,4019.8,368,MGCZ5
2025-11-18 03:43:00+00:00,33,1,42007130,4019.5,4021.3,4018.8,4021.3,282,MGCZ5
2025-11-18 03:44:00+00:00,33,1,42007130,4021.3,4022.9,4021.0,4021.8,508,MGCZ5
2025-11-18 03:45:00+00:00,33,1,42007130,4021.7,4021.8,4019.8,4019.9,276,MGCZ5
2025-11-18 03:46:00+00:00,33,1,42007130,4019.7,4020.3,4016.7,4016.9,422,MGCZ5
2025-11-18 03:47:00+00:00,33,1,42007130,4016.7,4019.3,4016.3,4019.1,390,MGCZ5
2025-11-18 03:48:00+00:00,33,1,42007130,4019.3,4019.7,4016.7,4017.1,321,MGCZ5
2025-11-18 03:49:00+00:00,33,1,42007130,4017.2,4017.9,4016.6,4017.2,235,MGCZ5
2025-11-18 03:50:00+00:00,33,1,42007130,4017.0,4017.8,4016.5,4017.5,284,MGCZ5
2025-11-18 03:51:00+00:00,33,1,42007130,4017.3,4018.0,4016.7,4017.8,193,MGCZ5
2025-11-18 03:52:00+00:00,33,1,42007130,4017.6,4017.6,4014.6,4015.8,441,MGCZ5
2025-11-18 03:53:00+00:00,33,1,42007130,4015.9,4016.0,4013.3,4015.4,483,MGCZ5
2025-11-18 03:54:00+00:00,33,1,42007130,4015.2,4015.5,4013.2,4013.7,252,MGCZ5
2025-11-18 03:55:00+00:00,33,1,42007130,4013.5,4015.8,4013.4,4015.8,288,MGCZ5
2025-11-18 03:56:00+00:00,33,1,42007130,4015.7,4015.7,4013.3,4014.6,243,MGCZ5
2025-11-18 03:57:00+00:00,33,1,42007130,4014.9,4014.9,4013.3,4013.4,181,MGCZ5
2025-11-18 03:58:00+00:00,33,1,42007130,4013.3,4013.5,4011.1,4011.4,297,MGCZ5
2025-11-18 03:59:00+00:00,33,1,42007130,4011.4,4013.0,4010.5,4012.5,430,MGCZ5
2025-11-18 04:00:00+00:00,33,1,42007130,4012.3,4012.4,4010.1,4010.1,278,MGCZ5
2025-11-18 04:01:00+00:00,33,1,42007130,4010.2,4012.7,4009.6,4012.5,358,MGCZ5
2025-11-18 04:02:00+00:00,33,1,42007130,4012.5,4012.9,4009.9,4011.0,184,MGCZ5
2025-11-18 04:03:00+00:00,33,1,42007130,4011.1,4012.4,4010.3,4010.4,197,MGCZ5
2025-11-18 04:04:00+00:00,33,1,42007130,4010.4,4012.3,4010.4,4012.3,167,MGCZ5
2025-11-18 04:05:00+00:00,33,1,42007130,4012.4,4012.9,4010.5,4010.7,228,MGCZ5
2025-11-18 04:06:00+00:00,33,1,42007130,4010.8,4011.3,4009.3,4009.8,283,MGCZ5
2025-11-18 04:07:00+00:00,33,1,42007130,4009.8,4010.3,4008.8,4009.3,244,MGCZ5
2025-11-18 04:08:00+00:00,33,1,42007130,4009.3,4010.8,4009.3,4010.3,89,MGCZ5
2025-11-18 04:09:00+00:00,33,1,42007130,4010.5,4011.1,4009.0,4010.4,153,MGCZ5
2025-11-18 04:10:00+00:00,33,1,42007130,4010.7,4012.5,4010.4,4012.2,310,MGCZ5
2025-11-18 04:11:00+00:00,33,1,42007130,4012.2,4012.3,4010.8,4011.0,142,MGCZ5
2025-11-18 04:12:00+00:00,33,1,42007130,4010.9,4010.9,4009.2,4010.3,236,MGCZ5
2025-11-18 04:13:00+00:00,33,1,42007130,4010.3,4010.5,4009.3,4009.3,144,MGCZ5
2025-11-18 04:14:00+00:00,33,1,42007130,4009.2,4011.2,4009.1,4010.4,161,MGCZ5
2025-11-18 04:15:00+00:00,33,1,42007130,4010.6,4011.1,4009.3,4011.0,173,MGCZ5
2025-11-18 04:16:00+00:00,33,1,42007130,4011.2,4011.2,4008.2,4008.8,238,MGCZ5
2025-11-18 04:17:00+00:00,33,1,42007130,4008.5,4008.6,4005.1,4007.7,1065,MGCZ5
2025-11-18 04:18:00+00:00,33,1,42007130,4008.0,4008.0,4006.2,4006.6,313,MGCZ5
2025-11-18 04:19:00+00:00,33,1,42007130,4006.6,4007.3,4005.1,4006.5,424,MGCZ5
2025-11-18 04:20:00+00:00,33,1,42007130,4006.6,4007.5,4003.1,4004.7,1274,MGCZ5
2025-11-18 04:21:00+00:00,33,1,42007130,4004.8,4006.0,4002.6,4005.4,999,MGCZ5
2025-11-18 04:22:00+00:00,33,1,42007130,4005.7,4009.3,4004.8,4008.8,732,MGCZ5
2025-11-18 04:23:00+00:00,33,1,42007130,4008.8,4009.8,4006.1,4006.5,633,MGCZ5
2025-11-18 04:24:00+00:00,33,1,42007130,4006.4,4007.7,4005.4,4006.7,338,MGCZ5
2025-11-18 04:25:00+00:00,33,1,42007130,4006.7,4010.2,4006.6,4009.8,483,MGCZ5
2025-11-18 04:26:00+00:00,33,1,42007130,4009.8,4014.1,4009.6,4013.8,627,MGCZ5
2025-11-18 04:27:00+00:00,33,1,42007130,4013.9,4016.8,4013.8,4016.4,1016,MGCZ5
2025-11-18 04:28:00+00:00,33,1,42007130,4016.4,4017.6,4014.6,4017.2,467,MGCZ5
2025-11-18 04:29:00+00:00,33,1,42007130,4017.3,4017.5,4015.1,4017.0,425,MGCZ5
2025-11-18 04:30:00+00:00,33,1,42007130,4017.2,4017.4,4015.8,4016.0,310,MGCZ5
2025-11-18 04:31:00+00:00,33,1,42007130,4016.2,4016.2,4013.7,4015.0,323,MGCZ5
2025-11-18 04:32:00+00:00,33,1,42007130,4015.0,4015.2,4013.6,4015.1,256,MGCZ5
2025-11-18 04:33:00+00:00,33,1,42007130,4015.1,4015.1,4013.5,4013.9,267,MGCZ5
2025-11-18 04:34:00+00:00,33,1,42007130,4013.6,4014.0,4012.0,4012.3,216,MGCZ5
2025-11-18 04:35:00+00:00,33,1,42007130,4012.3,4013.4,4011.1,4012.4,344,MGCZ5
2025-11-18 04:36:00+00:00,33,1,42007130,4012.4,4012.4,4008.3,4008.5,476,MGCZ5
2025-11-18 04:37:00+00:00,33,1,42007130,4008.5,4009.0,4007.2,4008.4,415,MGCZ5
2025-11-18 04:38:00+00:00,33,1,42007130,4008.5,4010.3,4008.0,4010.1,254,MGCZ5
2025-11-18 04:39:00+00:00,33,1,42007130,4010.1,4010.7,4009.6,4010.3,161,MGCZ5
2025-11-18 04:40:00+00:00,33,1,42007130,4010.3,4010.6,4008.6,4009.2,198,MGCZ5
2025-11-18 04:41:00+00:00,33,1,42007130,4009.1,4010.1,4007.0,4007.5,452,MGCZ5
2025-11-18 04:42:00+00:00,33,1,42007130,4007.5,4009.5,4007.3,4008.3,257,MGCZ5
2025-11-18 04:43:00+00:00,33,1,42007130,4008.1,4009.7,4007.0,4009.6,185,MGCZ5
2025-11-18 04:44:00+00:00,33,1,42007130,4009.4,4010.3,4009.0,4009.6,197,MGCZ5
2025-11-18 04:45:00+00:00,33,1,42007130,4009.6,4011.4,4009.3,4009.9,387,MGCZ5
2025-11-18 04:46:00+00:00,33,1,42007130,4009.7,4009.7,4008.4,4008.4,129,MGCZ5
2025-11-18 04:47:00+00:00,33,1,42007130,4008.3,4009.7,4008.2,4009.1,125,MGCZ5
2025-11-18 04:48:00+00:00,33,1,42007130,4009.2,4012.1,4008.5,4009.5,406,MGCZ5
2025-11-18 04:49:00+00:00,33,1,42007130,4009.4,4010.8,4008.3,4008.9,443,MGCZ5
2025-11-18 04:50:00+00:00,33,1,42007130,4009.2,4009.3,4008.3,4008.8,117,MGCZ5
2025-11-18 04:51:00+00:00,33,1,42007130,4008.7,4011.5,4008.4,4011.2,240,MGCZ5
2025-11-18 04:52:00+00:00,33,1,42007130,4011.1,4011.8,4009.1,4009.5,259,MGCZ5
2025-11-18 04:53:00+00:00,33,1,42007130,4009.5,4009.9,4008.2,4009.0,189,MGCZ5
2025-11-18 04:54:00+00:00,33,1,42007130,4009.0,4010.4,4009.0,4010.4,98,MGCZ5
2025-11-18 04:55:00+00:00,33,1,42007130,4010.5,4010.8,4009.8,4010.5,162,MGCZ5
2025-11-18 04:56:00+00:00,33,1,42007130,4010.8,4011.2,4009.2,4009.6,143,MGCZ5
2025-11-18 04:57:00+00:00,33,1,42007130,4009.6,4010.2,4008.6,4010.0,148,MGCZ5
2025-11-18 04:58:00+00:00,33,1,42007130,4010.1,4011.4,4009.8,4011.0,148,MGCZ5
2025-11-18 04:59:00+00:00,33,1,42007130,4010.8,4012.0,4010.0,4010.0,235,MGCZ5
2025-11-18 05:00:00+00:00,33,1,42007130,4010.1,4012.3,4009.8,4011.4,337,MGCZ5
2025-11-18 05:01:00+00:00,33,1,42007130,4011.3,4011.3,4009.7,4010.3,202,MGCZ5
2025-11-18 05:02:00+00:00,33,1,42007130,4010.3,4011.9,4009.0,4011.6,239,MGCZ5
2025-11-18 05:03:00+00:00,33,1,42007130,4011.7,4011.7,4009.7,4010.4,183,MGCZ5
2025-11-18 05:04:00+00:00,33,1,42007130,4010.6,4010.6,4008.9,4009.3,125,MGCZ5
2025-11-18 05:05:00+00:00,33,1,42007130,4009.5,4014.3,4009.4,4013.6,462,MGCZ5
2025-11-18 05:06:00+00:00,33,1,42007130,4013.4,4013.9,4012.2,4012.4,249,MGCZ5
2025-11-18 05:07:00+00:00,33,1,42007130,4012.4,4012.8,4010.8,4012.3,207,MGCZ5
2025-11-18 05:08:00+00:00,33,1,42007130,4012.2,4012.5,4010.5,4010.9,143,MGCZ5
2025-11-18 05:09:00+00:00,33,1,42007130,4010.5,4010.5,4007.5,4008.1,403,MGCZ5
2025-11-18 05:10:00+00:00,33,1,42007130,4008.0,4010.4,4007.8,4010.4,194,MGCZ5
2025-11-18 05:11:00+00:00,33,1,42007130,4010.3,4010.7,4008.4,4009.9,174,MGCZ5
2025-11-18 05:12:00+00:00,33,1,42007130,4009.5,4011.5,4008.5,4011.2,355,MGCZ5
2025-11-18 05:13:00+00:00,33,1,42007130,4011.2,4012.3,4010.8,4011.3,174,MGCZ5
2025-11-18 05:14:00+00:00,33,1,42007130,4011.5,4012.3,4010.4,4012.2,188,MGCZ5
2025-11-18 05:15:00+00:00,33,1,42007130,4012.0,4012.9,4012.0,4012.4,155,MGCZ5
2025-11-18 05:16:00+00:00,33,1,42007130,4012.6,4012.6,4010.2,4010.5,168,MGCZ5
2025-11-18 05:17:00+00:00,33,1,42007130,4010.5,4012.0,4010.5,4011.9,90,MGCZ5
2025-11-18 05:18:00+00:00,33,1,42007130,4011.6,4015.0,4011.6,4015.0,251,MGCZ5
2025-11-18 05:19:00+00:00,33,1,42007130,4015.0,4015.6,4014.6,4015.3,288,MGCZ5
2025-11-18 05:20:00+00:00,33,1,42007130,4015.3,4018.1,4014.8,4017.5,638,MGCZ5
2025-11-18 05:21:00+00:00,33,1,42007130,4017.5,4020.7,4016.5,4020.4,648,MGCZ5
2025-11-18 05:22:00+00:00,33,1,42007130,4020.5,4021.6,4019.0,4019.5,577,MGCZ5
2025-11-18 05:23:00+00:00,33,1,42007130,4019.7,4020.1,4017.1,4017.3,479,MGCZ5
2025-11-18 05:24:00+00:00,33,1,42007130,4017.3,4018.8,4016.7,4018.1,277,MGCZ5
2025-11-18 05:25:00+00:00,33,1,42007130,4018.1,4018.4,4016.6,4018.2,292,MGCZ5
2025-11-18 05:26:00+00:00,33,1,42007130,4018.4,4018.4,4015.8,4016.1,255,MGCZ5
2025-11-18 05:27:00+00:00,33,1,42007130,4016.0,4016.2,4014.9,4015.3,192,MGCZ5
2025-11-18 05:28:00+00:00,33,1,42007130,4015.0,4016.4,4014.5,4016.2,159,MGCZ5
2025-11-18 05:29:00+00:00,33,1,42007130,4016.3,4017.0,4016.0,4016.3,129,MGCZ5
2025-11-18 05:30:00+00:00,33,1,42007130,4016.1,4018.6,4015.8,4017.5,464,MGCZ5
2025-11-18 05:31:00+00:00,33,1,42007130,4017.5,4019.6,4016.5,4019.1,373,MGCZ5
2025-11-18 05:32:00+00:00,33,1,42007130,4018.6,4019.9,4016.2,4017.5,385,MGCZ5
2025-11-18 05:33:00+00:00,33,1,42007130,4017.3,4018.6,4017.2,4018.2,140,MGCZ5
2025-11-18 05:34:00+00:00,33,1,42007130,4018.3,4020.4,4017.7,4018.9,243,MGCZ5
2025-11-18 05:35:00+00:00,33,1,42007130,4019.3,4020.8,4018.4,4020.1,227,MGCZ5
2025-11-18 05:36:00+00:00,33,1,42007130,4020.2,4021.1,4019.3,4019.4,252,MGCZ5
2025-11-18 05:37:00+00:00,33,1,42007130,4019.3,4019.8,4017.9,4018.8,217,MGCZ5
2025-11-18 05:38:00+00:00,33,1,42007130,4019.0,4020.6,4018.7,4020.6,131,MGCZ5
2025-11-18 05:39:00+00:00,33,1,42007130,4020.7,4022.3,4020.6,4022.0,337,MGCZ5
2025-11-18 05:40:00+00:00,33,1,42007130,4022.0,4022.5,4020.2,4020.2,251,MGCZ5
2025-11-18 05:41:00+00:00,33,1,42007130,4020.3,4022.2,4020.1,4021.3,225,MGCZ5
2025-11-18 05:42:00+00:00,33,1,42007130,4021.2,4024.0,4021.2,4023.1,397,MGCZ5
2025-11-18 05:43:00+00:00,33,1,42007130,4023.2,4023.9,4022.2,4023.6,244,MGCZ5
2025-11-18 05:44:00+00:00,33,1,42007130,4023.6,4024.5,4023.1,4023.5,198,MGCZ5
2025-11-18 05:45:00+00:00,33,1,42007130,4023.4,4024.1,4022.1,4022.6,195,MGCZ5
2025-11-18 05:46:00+00:00,33,1,42007130,4022.3,4022.8,4018.9,4020.1,509,MGCZ5
2025-11-18 05:47:00+00:00,33,1,42007130,4019.8,4020.2,4018.1,4019.1,369,MGCZ5
2025-11-18 05:48:00+00:00,33,1,42007130,4019.1,4021.6,4018.8,4021.5,239,MGCZ5
2025-11-18 05:49:00+00:00,33,1,42007130,4021.5,4021.8,4020.2,4020.5,145,MGCZ5
2025-11-18 05:50:00+00:00,33,1,42007130,4020.5,4021.3,4020.2,4021.2,67,MGCZ5
2025-11-18 05:51:00+00:00,33,1,42007130,4021.2,4021.3,4020.4,4020.7,108,MGCZ5
2025-11-18 05:52:00+00:00,33,1,42007130,4020.9,4022.5,4020.2,4021.6,232,MGCZ5
2025-11-18 05:53:00+00:00,33,1,42007130,4021.7,4023.6,4021.0,4023.0,151,MGCZ5
2025-11-18 05:54:00+00:00,33,1,42007130,4023.1,4024.6,4023.0,4023.9,236,MGCZ5
2025-11-18 05:55:00+00:00,33,1,42007130,4023.8,4023.8,4021.7,4021.7,158,MGCZ5
2025-11-18 05:56:00+00:00,33,1,42007130,4021.8,4022.1,4018.7,4018.7,266,MGCZ5
2025-11-18 05:57:00+00:00,33,1,42007130,4018.6,4019.8,4017.3,4018.6,349,MGCZ5
2025-11-18 05:58:00+00:00,33,1,42007130,4018.7,4018.8,4015.3,4017.3,463,MGCZ5
2025-11-18 05:59:00+00:00,33,1,42007130,4017.0,4018.8,4016.4,4018.7,221,MGCZ5
2025-11-18 06:00:00+00:00,33,1,42007130,4018.7,4020.3,4018.4,4019.6,321,MGCZ5
2025-11-18 06:01:00+00:00,33,1,42007130,4019.4,4020.1,4016.7,4019.0,270,MGCZ5
2025-11-18 06:02:00+00:00,33,1,42007130,4019.1,4019.7,4015.7,4016.1,218,MGCZ5
2025-11-18 06:03:00+00:00,33,1,42007130,4016.5,4017.6,4015.0,4015.0,250,MGCZ5
2025-11-18 06:04:00+00:00,33,1,42007130,4015.0,4015.7,4013.6,4015.6,495,MGCZ5
2025-11-18 06:05:00+00:00,33,1,42007130,4015.6,4015.6,4013.7,4014.6,458,MGCZ5
2025-11-18 06:06:00+00:00,33,1,42007130,4014.7,4016.5,4012.8,4016.3,366,MGCZ5
2025-11-18 06:07:00+00:00,33,1,42007130,4016.3,4016.3,4014.3,4014.8,188,MGCZ5
2025-11-18 06:08:00+00:00,33,1,42007130,4014.9,4016.3,4014.9,4016.3,95,MGCZ5
2025-11-18 06:09:00+00:00,33,1,42007130,4016.0,4016.5,4015.0,4016.3,92,MGCZ5
2025-11-18 06:10:00+00:00,33,1,42007130,4016.3,4016.4,4014.6,4015.7,143,MGCZ5
2025-11-18 06:11:00+00:00,33,1,42007130,4015.5,4015.6,4014.1,4014.2,94,MGCZ5
2025-11-18 06:12:00+00:00,33,1,42007130,4014.1,4014.5,4013.3,4013.6,193,MGCZ5
2025-11-18 06:13:00+00:00,33,1,42007130,4013.8,4014.4,4013.1,4014.4,147,MGCZ5
2025-11-18 06:14:00+00:00,33,1,42007130,4014.7,4014.7,4011.7,4011.9,262,MGCZ5
2025-11-18 06:15:00+00:00,33,1,42007130,4011.9,4014.5,4011.8,4013.4,262,MGCZ5
2025-11-18 06:16:00+00:00,33,1,42007130,4013.5,4015.2,4013.2,4013.7,125,MGCZ5
2025-11-18 06:17:00+00:00,33,1,42007130,4013.8,4015.4,4013.5,4013.7,125,MGCZ5
2025-11-18 06:18:00+00:00,33,1,42007130,4013.8,4013.9,4010.1,4010.6,328,MGCZ5
2025-11-18 06:19:00+00:00,33,1,42007130,4010.5,4011.8,4010.1,4011.1,213,MGCZ5
2025-11-18 06:20:00+00:00,33,1,42007130,4011.1,4011.7,4008.4,4009.0,488,MGCZ5
2025-11-18 06:21:00+00:00,33,1,42007130,4008.9,4010.2,4007.6,4008.8,474,MGCZ5
2025-11-18 06:22:00+00:00,33,1,42007130,4008.6,4010.5,4008.2,4010.5,214,MGCZ5
2025-11-18 06:23:00+00:00,33,1,42007130,4010.5,4011.0,4009.0,4010.9,175,MGCZ5
2025-11-18 06:24:00+00:00,33,1,42007130,4011.2,4012.2,4010.9,4011.8,266,MGCZ5
2025-11-18 06:25:00+00:00,33,1,42007130,4011.6,4012.5,4010.2,4012.3,325,MGCZ5
2025-11-18 06:26:00+00:00,33,1,42007130,4012.2,4012.6,4011.4,4011.7,161,MGCZ5
2025-11-18 06:27:00+00:00,33,1,42007130,4011.4,4014.3,4010.8,4013.7,262,MGCZ5
2025-11-18 06:28:00+00:00,33,1,42007130,4013.5,4013.8,4012.6,4013.0,153,MGCZ5
2025-11-18 06:29:00+00:00,33,1,42007130,4013.2,4014.3,4013.1,4013.3,155,MGCZ5
2025-11-18 06:30:00+00:00,33,1,42007130,4013.3,4013.9,4012.4,4012.7,182,MGCZ5
2025-11-18 06:31:00+00:00,33,1,42007130,4012.9,4014.9,4012.1,4014.1,197,MGCZ5
2025-11-18 06:32:00+00:00,33,1,42007130,4013.6,4013.9,4011.7,4012.4,178,MGCZ5
2025-11-18 06:33:00+00:00,33,1,42007130,4012.6,4014.7,4012.5,4013.9,214,MGCZ5
2025-11-18 06:34:00+00:00,33,1,42007130,4013.7,4014.9,4012.8,4013.5,222,MGCZ5
2025-11-18 06:35:00+00:00,33,1,42007130,4013.6,4013.9,4012.4,4012.5,117,MGCZ5
2025-11-18 06:36:00+00:00,33,1,42007130,4012.7,4012.7,4009.7,4010.3,287,MGCZ5
2025-11-18 06:37:00+00:00,33,1,42007130,4010.2,4010.2,4007.7,4008.7,313,MGCZ5
2025-11-18 06:38:00+00:00,33,1,42007130,4008.7,4009.6,4007.0,4009.4,388,MGCZ5
2025-11-18 06:39:00+00:00,33,1,42007130,4009.4,4010.3,4007.5,4010.1,219,MGCZ5
2025-11-18 06:40:00+00:00,33,1,42007130,4010.0,4010.6,4009.6,4009.7,223,MGCZ5
2025-11-18 06:41:00+00:00,33,1,42007130,4009.7,4012.0,4009.7,4011.3,247,MGCZ5
2025-11-18 06:42:00+00:00,33,1,42007130,4011.3,4012.4,4009.6,4010.9,306,MGCZ5
2025-11-18 06:43:00+00:00,33,1,42007130,4011.0,4012.3,4010.0,4012.0,210,MGCZ5
2025-11-18 06:44:00+00:00,33,1,42007130,4012.0,4012.9,4010.5,4010.8,273,MGCZ5
2025-11-18 06:45:00+00:00,33,1,42007130,4010.8,4012.6,4009.6,4012.3,251,MGCZ5
2025-11-18 06:46:00+00:00,33,1,42007130,4012.2,4012.5,4010.9,4012.5,155,MGCZ5
2025-11-18 06:47:00+00:00,33,1,42007130,4012.6,4014.4,4012.2,4014.1,277,MGCZ5
2025-11-18 06:48:00+00:00,33,1,42007130,4014.2,4015.1,4013.4,4013.7,420,MGCZ5
2025-11-18 06:49:00+00:00,33,1,42007130,4013.8,4013.8,4012.4,4013.0,188,MGCZ5
2025-11-18 06:50:00+00:00,33,1,42007130,4013.0,4013.0,4010.9,4011.7,196,MGCZ5
2025-11-18 06:51:00+00:00,33,1,42007130,4011.3,4012.5,4011.1,4011.8,105,MGCZ5
2025-11-18 06:52:00+00:00,33,1,42007130,4011.8,4012.5,4011.1,4011.1,90,MGCZ5
2025-11-18 06:53:00+00:00,33,1,42007130,4011.5,4011.6,4009.5,4010.4,245,MGCZ5
2025-11-18 06:54:00+00:00,33,1,42007130,4010.5,4010.6,4009.4,4009.9,126,MGCZ5
2025-11-18 06:55:00+00:00,33,1,42007130,4009.9,4011.6,4009.9,4011.5,139,MGCZ5
2025-11-18 06:56:00+00:00,33,1,42007130,4011.6,4012.3,4011.2,4011.3,142,MGCZ5
2025-11-18 06:57:00+00:00,33,1,42007130,4011.2,4011.6,4010.6,4010.8,132,MGCZ5
2025-11-18 06:58:00+00:00,33,1,42007130,4010.8,4011.1,4009.0,4009.8,278,MGCZ5
2025-11-18 06:59:00+00:00,33,1,42007130,4009.7,4009.7,4008.0,4008.3,242,MGCZ5
2025-11-18 07:00:00+00:00,33,1,42007130,4008.5,4008.5,4006.5,4008.0,553,MGCZ5
2025-11-18 07:01:00+00:00,33,1,42007130,4007.4,4008.0,4004.1,4005.9,688,MGCZ5
2025-11-18 07:02:00+00:00,33,1,42007130,4005.8,4006.0,4004.0,4005.7,351,MGCZ5
2025-11-18 07:03:00+00:00,33,1,42007130,4005.8,4007.0,4005.5,4006.7,378,MGCZ5
2025-11-18 07:04:00+00:00,33,1,42007130,4006.7,4007.1,4005.5,4006.6,195,MGCZ5
2025-11-18 07:05:00+00:00,33,1,42007130,4006.3,4008.2,4006.2,4006.2,192,MGCZ5
2025-11-18 07:06:00+00:00,33,1,42007130,4006.6,4007.7,4006.1,4007.2,178,MGCZ5
2025-11-18 07:07:00+00:00,33,1,42007130,4007.1,4008.3,4007.1,4007.9,173,MGCZ5
2025-11-18 07:08:00+00:00,33,1,42007130,4008.1,4008.9,4007.0,4007.5,234,MGCZ5
2025-11-18 07:09:00+00:00,33,1,42007130,4007.3,4007.4,4006.2,4006.5,193,MGCZ5
2025-11-18 07:10:00+00:00,33,1,42007130,4007.0,4007.0,4004.5,4004.5,345,MGCZ5
2025-11-18 07:11:00+00:00,33,1,42007130,4004.6,4005.2,4004.3,4004.4,116,MGCZ5
2025-11-18 07:12:00+00:00,33,1,42007130,4004.5,4005.1,4001.1,4004.4,847,MGCZ5
2025-11-18 07:13:00+00:00,33,1,42007130,4004.6,4007.3,4004.5,4006.3,355,MGCZ5
2025-11-18 07:14:00+00:00,33,1,42007130,4006.0,4008.4,4005.4,4008.0,207,MGCZ5
2025-11-18 07:15:00+00:00,33,1,42007130,4007.9,4010.5,4007.9,4009.1,585,MGCZ5
2025-11-18 07:16:00+00:00,33,1,42007130,4009.3,4009.9,4008.0,4008.5,248,MGCZ5
2025-11-18 07:17:00+00:00,33,1,42007130,4008.6,4009.9,4008.3,4009.5,169,MGCZ5
2025-11-18 07:18:00+00:00,33,1,42007130,4009.7,4010.3,4008.5,4009.0,214,MGCZ5
2025-11-18 07:19:00+00:00,33,1,42007130,4009.1,4009.8,4008.0,4008.0,131,MGCZ5
2025-11-18 07:20:00+00:00,33,1,42007130,4008.1,4009.1,4007.5,4007.9,172,MGCZ5
2025-11-18 07:21:00+00:00,33,1,42007130,4008.0,4008.2,4006.9,4007.6,238,MGCZ5
2025-11-18 07:22:00+00:00,33,1,42007130,4007.6,4007.7,4004.0,4004.5,402,MGCZ5
2025-11-18 07:23:00+00:00,33,1,42007130,4004.5,4005.4,4003.8,4004.1,289,MGCZ5
2025-11-18 07:24:00+00:00,33,1,42007130,4004.1,4004.3,4003.0,4003.5,331,MGCZ5
2025-11-18 07:25:00+00:00,33,1,42007130,4003.4,4005.6,4002.6,4005.4,275,MGCZ5
2025-11-18 07:26:00+00:00,33,1,42007130,4005.1,4006.4,4004.7,4004.7,238,MGCZ5
2025-11-18 07:27:00+00:00,33,1,42007130,4004.7,4005.5,4004.3,4005.1,176,MGCZ5
2025-11-18 07:28:00+00:00,33,1,42007130,4005.1,4005.6,4003.5,4004.2,294,MGCZ5
2025-11-18 07:29:00+00:00,33,1,42007130,4004.1,4004.7,4001.3,4001.6,398,MGCZ5
2025-11-18 07:30:00+00:00,33,1,42007130,4001.5,4002.9,3999.8,4002.4,1042,MGCZ5
2025-11-18 07:31:00+00:00,33,1,42007130,4002.8,4004.1,4002.5,4003.1,392,MGCZ5
2025-11-18 07:32:00+00:00,33,1,42007130,4002.9,4006.2,4002.6,4005.7,377,MGCZ5
2025-11-18 07:33:00+00:00,33,1,42007130,4006.0,4006.0,4003.0,4003.0,436,MGCZ5
2025-11-18 07:34:00+00:00,33,1,42007130,4003.2,4003.7,4000.0,4001.3,557,MGCZ5
2025-11-18 07:35:00+00:00,33,1,42007130,4001.3,4004.3,4001.0,4002.0,510,MGCZ5
2025-11-18 07:36:00+00:00,33,1,42007130,4001.9,4002.4,3998.1,4000.9,747,MGCZ5
2025-11-18 07:37:00+00:00,33,1,42007130,4000.7,4000.9,3999.2,3999.8,373,MGCZ5
2025-11-18 07:38:00+00:00,33,1,42007130,3999.8,3999.8,3997.4,3998.4,843,MGCZ5
2025-11-18 07:39:00+00:00,33,1,42007130,3998.8,4005.5,3998.7,4005.3,748,MGCZ5
2025-11-18 07:40:00+00:00,33,1,42007130,4005.3,4012.8,4004.9,4012.6,1095,MGCZ5
2025-11-18 07:41:00+00:00,33,1,42007130,4012.9,4015.0,4011.6,4011.8,975,MGCZ5
2025-11-18 07:42:00+00:00,33,1,42007130,4011.9,4012.0,4010.0,4010.3,474,MGCZ5
2025-11-18 07:43:00+00:00,33,1,42007130,4010.1,4013.9,4009.7,4011.9,437,MGCZ5
2025-11-18 07:44:00+00:00,33,1,42007130,4012.0,4012.2,4009.9,4011.5,339,MGCZ5
2025-11-18 07:45:00+00:00,33,1,42007130,4011.6,4012.0,4009.5,4010.9,380,MGCZ5
2025-11-18 07:46:00+00:00,33,1,42007130,4011.0,4014.2,4011.0,4014.2,297,MGCZ5
2025-11-18 07:47:00+00:00,33,1,42007130,4014.2,4015.2,4013.6,4015.1,361,MGCZ5
2025-11-18 07:48:00+00:00,33,1,42007130,4015.1,4017.5,4014.7,4016.1,670,MGCZ5
2025-11-18 07:49:00+00:00,33,1,42007130,4016.2,4016.4,4013.6,4014.1,367,MGCZ5
2025-11-18 07:50:00+00:00,33,1,42007130,4014.1,4015.9,4014.1,4015.1,249,MGCZ5
2025-11-18 07:51:00+00:00,33,1,42007130,4015.1,4015.3,4014.0,4014.6,163,MGCZ5
2025-11-18 07:52:00+00:00,33,1,42007130,4014.6,4015.5,4013.9,4015.3,243,MGCZ5
2025-11-18 07:53:00+00:00,33,1,42007130,4015.0,4015.7,4012.4,4013.0,435,MGCZ5
2025-11-18 07:54:00+00:00,33,1,42007130,4013.0,4013.7,4012.3,4012.6,211,MGCZ5
2025-11-18 07:55:00+00:00,33,1,42007130,4012.8,4015.5,4012.4,4015.0,219,MGCZ5
2025-11-18 07:56:00+00:00,33,1,42007130,4014.9,4015.2,4012.4,4013.1,193,MGCZ5
2025-11-18 07:57:00+00:00,33,1,42007130,4012.8,4014.5,4012.5,4013.3,228,MGCZ5
2025-11-18 07:58:00+00:00,33,1,42007130,4013.3,4013.8,4012.4,4013.7,186,MGCZ5
2025-11-18 07:59:00+00:00,33,1,42007130,4013.9,4014.2,4013.4,4013.4,146,MGCZ5
2025-11-18 08:00:00+00:00,33,1,42007130,4013.6,4013.9,4010.2,4011.5,556,MGCZ5
2025-11-18 08:01:00+00:00,33,1,42007130,4011.6,4013.2,4011.2,4013.1,278,MGCZ5
2025-11-18 08:02:00+00:00,33,1,42007130,4013.1,4013.8,4011.5,4012.2,249,MGCZ5
2025-11-18 08:03:00+00:00,33,1,42007130,4012.2,4016.5,4012.2,4016.0,372,MGCZ5
2025-11-18 08:04:00+00:00,33,1,42007130,4016.2,4019.2,4015.0,4018.5,574,MGCZ5
2025-11-18 08:05:00+00:00,33,1,42007130,4018.6,4020.8,4018.2,4019.9,612,MGCZ5
2025-11-18 08:06:00+00:00,33,1,42007130,4020.2,4025.0,4020.0,4024.3,963,MGCZ5
2025-11-18 08:07:00+00:00,33,1,42007130,4024.2,4024.8,4022.3,4023.8,382,MGCZ5
2025-11-18 08:08:00+00:00,33,1,42007130,4024.0,4024.1,4020.3,4020.4,388,MGCZ5
2025-11-18 08:09:00+00:00,33,1,42007130,4020.6,4023.1,4019.9,4022.7,288,MGCZ5
2025-11-18 08:10:00+00:00,33,1,42007130,4022.8,4023.4,4020.2,4020.4,283,MGCZ5
2025-11-18 08:11:00+00:00,33,1,42007130,4020.2,4021.0,4018.7,4020.3,289,MGCZ5
2025-11-18 08:12:00+00:00,33,1,42007130,4020.1,4022.6,4020.1,4022.2,213,MGCZ5
2025-11-18 08:13:00+00:00,33,1,42007130,4021.9,4026.7,4021.2,4026.7,660,MGCZ5
2025-11-18 08:14:00+00:00,33,1,42007130,4026.4,4027.1,4024.5,4024.9,503,MGCZ5
2025-11-18 08:15:00+00:00,33,1,42007130,4025.1,4025.2,4021.1,4021.3,264,MGCZ5
2025-11-18 08:16:00+00:00,33,1,42007130,4021.5,4024.9,4021.3,4024.5,321,MGCZ5
2025-11-18 08:17:00+00:00,33,1,42007130,4024.4,4025.9,4024.0,4025.9,137,MGCZ5
2025-11-18 08:18:00+00:00,33,1,42007130,4025.7,4026.1,4023.4,4023.8,318,MGCZ5
2025-11-18 08:19:00+00:00,33,1,42007130,4023.9,4025.2,4023.3,4024.5,266,MGCZ5
2025-11-18 08:20:00+00:00,33,1,42007130,4024.6,4024.6,4022.1,4023.3,251,MGCZ5
2025-11-18 08:21:00+00:00,33,1,42007130,4023.5,4024.0,4021.4,4021.8,273,MGCZ5
2025-11-18 08:22:00+00:00,33,1,42007130,4021.9,4023.2,4021.3,4021.7,172,MGCZ5
2025-11-18 08:23:00+00:00,33,1,42007130,4021.6,4023.6,4021.3,4023.5,172,MGCZ5
2025-11-18 08:24:00+00:00,33,1,42007130,4023.3,4023.8,4022.3,4022.3,137,MGCZ5
2025-11-18 08:25:00+00:00,33,1,42007130,4022.2,4022.8,4021.0,4022.0,252,MGCZ5
2025-11-18 08:26:00+00:00,33,1,42007130,4022.0,4022.3,4021.4,4021.8,133,MGCZ5
2025-11-18 08:27:00+00:00,33,1,42007130,4022.0,4023.5,4020.9,4021.3,203,MGCZ5
2025-11-18 08:28:00+00:00,33,1,42007130,4021.4,4023.2,4021.1,4022.9,162,MGCZ5
2025-11-18 08:29:00+00:00,33,1,42007130,4022.8,4022.9,4021.6,4021.9,159,MGCZ5
2025-11-18 08:30:00+00:00,33,1,42007130,4021.8,4024.3,4021.2,4023.4,173,MGCZ5
2025-11-18 08:31:00+00:00,33,1,42007130,4023.3,4026.7,4021.7,4026.5,365,MGCZ5
2025-11-18 08:32:00+00:00,33,1,42007130,4026.5,4029.6,4026.3,4029.6,652,MGCZ5
2025-11-18 08:33:00+00:00,33,1,42007130,4029.3,4035.0,4029.2,4032.7,1145,MGCZ5
2025-11-18 08:34:00+00:00,33,1,42007130,4032.9,4036.9,4032.9,4036.4,1048,MGCZ5
2025-11-18 08:35:00+00:00,33,1,42007130,4036.3,4038.7,4034.2,4037.3,1384,MGCZ5
2025-11-18 08:36:00+00:00,33,1,42007130,4037.1,4039.0,4036.6,4038.5,523,MGCZ5
2025-11-18 08:37:00+00:00,33,1,42007130,4038.4,4039.2,4037.6,4038.2,434,MGCZ5
2025-11-18 08:38:00+00:00,33,1,42007130,4038.2,4042.0,4037.9,4040.6,841,MGCZ5
2025-11-18 08:39:00+00:00,33,1,42007130,4040.6,4041.5,4038.5,4041.1,414,MGCZ5
2025-11-18 08:40:00+00:00,33,1,42007130,4041.0,4042.6,4038.2,4038.2,597,MGCZ5
2025-11-18 08:41:00+00:00,33,1,42007130,4038.1,4039.4,4037.1,4037.7,391,MGCZ5
2025-11-18 08:42:00+00:00,33,1,42007130,4037.6,4039.8,4037.3,4039.4,332,MGCZ5
2025-11-18 08:43:00+00:00,33,1,42007130,4039.3,4041.2,4037.4,4038.4,552,MGCZ5
2025-11-18 08:44:00+00:00,33,1,42007130,4038.3,4038.7,4036.1,4036.4,386,MGCZ5
2025-11-18 08:45:00+00:00,33,1,42007130,4036.5,4038.0,4035.2,4036.1,479,MGCZ5
2025-11-18 08:46:00+00:00,33,1,42007130,4036.1,4037.2,4034.1,4034.7,313,MGCZ5
2025-11-18 08:47:00+00:00,33,1,42007130,4034.8,4035.1,4033.2,4034.4,328,MGCZ5
2025-11-18 08:48:00+00:00,33,1,42007130,4034.2,4035.0,4033.1,4033.9,301,MGCZ5
2025-11-18 08:49:00+00:00,33,1,42007130,4034.0,4035.9,4033.4,4035.5,258,MGCZ5
2025-11-18 08:50:00+00:00,33,1,42007130,4035.6,4036.6,4034.3,4036.6,241,MGCZ5
2025-11-18 08:51:00+00:00,33,1,42007130,4036.7,4037.9,4036.2,4037.2,312,MGCZ5
2025-11-18 08:52:00+00:00,33,1,42007130,4037.6,4039.5,4037.6,4038.2,262,MGCZ5
2025-11-18 08:53:00+00:00,33,1,42007130,4038.3,4040.0,4038.2,4039.4,252,MGCZ5
2025-11-18 08:54:00+00:00,33,1,42007130,4039.6,4041.1,4039.5,4040.9,291,MGCZ5
2025-11-18 08:55:00+00:00,33,1,42007130,4040.7,4040.9,4037.7,4039.6,373,MGCZ5
2025-11-18 08:56:00+00:00,33,1,42007130,4039.8,4040.2,4037.3,4037.3,226,MGCZ5
2025-11-18 08:57:00+00:00,33,1,42007130,4037.5,4038.6,4036.7,4036.9,224,MGCZ5
2025-11-18 08:58:00+00:00,33,1,42007130,4036.8,4038.8,4036.1,4036.7,263,MGCZ5
2025-11-18 08:59:00+00:00,33,1,42007130,4036.6,4037.7,4035.6,4036.3,170,MGCZ5
2025-11-18 09:00:00+00:00,33,1,42007130,4036.0,4036.6,4034.7,4035.2,337,MGCZ5
2025-11-18 09:01:00+00:00,33,1,42007130,4035.3,4038.8,4035.1,4036.5,297,MGCZ5
2025-11-18 09:02:00+00:00,33,1,42007130,4036.4,4036.5,4035.5,4035.5,114,MGCZ5
2025-11-18 09:03:00+00:00,33,1,42007130,4035.7,4036.2,4034.6,4035.2,156,MGCZ5
2025-11-18 09:04:00+00:00,33,1,42007130,4035.2,4035.2,4032.6,4033.7,349,MGCZ5
2025-11-18 09:05:00+00:00,33,1,42007130,4033.8,4035.6,4032.9,4034.8,355,MGCZ5
2025-11-18 09:06:00+00:00,33,1,42007130,4034.7,4036.4,4034.0,4034.9,359,MGCZ5
2025-11-18 09:07:00+00:00,33,1,42007130,4035.0,4035.9,4033.7,4034.0,170,MGCZ5
2025-11-18 09:08:00+00:00,33,1,42007130,4033.9,4033.9,4032.7,4032.8,167,MGCZ5
2025-11-18 09:09:00+00:00,33,1,42007130,4032.8,4034.4,4031.8,4033.8,272,MGCZ5
2025-11-18 09:10:00+00:00,33,1,42007130,4033.9,4034.0,4029.7,4032.3,442,MGCZ5
2025-11-18 09:11:00+00:00,33,1,42007130,4032.2,4034.0,4031.7,4033.3,378,MGCZ5
2025-11-18 09:12:00+00:00,33,1,42007130,4033.0,4033.0,4031.7,4032.2,134,MGCZ5
2025-11-18 09:13:00+00:00,33,1,42007130,4032.1,4032.3,4031.4,4032.3,96,MGCZ5
2025-11-18 09:14:00+00:00,33,1,42007130,4032.2,4033.5,4032.2,4032.7,134,MGCZ5
2025-11-18 09:15:00+00:00,33,1,42007130,4032.9,4035.5,4032.9,4034.6,230,MGCZ5
2025-11-18 09:16:00+00:00,33,1,42007130,4034.8,4037.7,4034.8,4037.6,364,MGCZ5
2025-11-18 09:17:00+00:00,33,1,42007130,4037.8,4039.1,4036.7,4038.7,387,MGCZ5
2025-11-18 09:18:00+00:00,33,1,42007130,4038.8,4039.5,4036.9,4036.9,178,MGCZ5
2025-11-18 09:19:00+00:00,33,1,42007130,4037.0,4039.2,4037.0,4038.5,279,MGCZ5
2025-11-18 09:20:00+00:00,33,1,42007130,4038.5,4039.9,4037.6,4038.5,331,MGCZ5
2025-11-18 09:21:00+00:00,33,1,42007130,4038.7,4039.1,4037.9,4038.4,194,MGCZ5
2025-11-18 09:22:00+00:00,33,1,42007130,4038.1,4039.8,4037.3,4039.6,229,MGCZ5
2025-11-18 09:23:00+00:00,33,1,42007130,4039.4,4039.4,4035.8,4035.8,302,MGCZ5
2025-11-18 09:24:00+00:00,33,1,42007130,4035.8,4037.7,4035.6,4037.7,174,MGCZ5
2025-11-18 09:25:00+00:00,33,1,42007130,4037.8,4038.2,4037.3,4037.8,123,MGCZ5
2025-11-18 09:26:00+00:00,33,1,42007130,4038.0,4038.0,4037.3,4037.4,63,MGCZ5
2025-11-18 09:27:00+00:00,33,1,42007130,4037.4,4037.8,4036.6,4037.2,140,MGCZ5
2025-11-18 09:28:00+00:00,33,1,42007130,4037.2,4037.2,4035.8,4036.3,162,MGCZ5
2025-11-18 09:29:00+00:00,33,1,42007130,4035.9,4036.2,4034.4,4034.5,139,MGCZ5
2025-11-18 09:30:00+00:00,33,1,42007130,4034.4,4034.6,4032.8,4033.2,209,MGCZ5
2025-11-18 09:31:00+00:00,33,1,42007130,4033.3,4034.4,4033.0,4033.4,120,MGCZ5
2025-11-18 09:32:00+00:00,33,1,42007130,4033.5,4035.2,4032.6,4033.6,230,MGCZ5
2025-11-18 09:33:00+00:00,33,1,42007130,4033.7,4036.3,4033.5,4036.1,205,MGCZ5
2025-11-18 09:34:00+00:00,33,1,42007130,4036.1,4036.8,4031.4,4031.9,364,MGCZ5
2025-11-18 09:35:00+00:00,33,1,42007130,4032.1,4034.0,4031.5,4033.4,214,MGCZ5
2025-11-18 09:36:00+00:00,33,1,42007130,4033.5,4034.0,4030.5,4030.9,272,MGCZ5
2025-11-18 09:37:00+00:00,33,1,42007130,4030.7,4031.3,4029.5,4029.9,351,MGCZ5
2025-11-18 09:38:00+00:00,33,1,42007130,4030.0,4033.1,4030.0,4032.4,272,MGCZ5
2025-11-18 09:39:00+00:00,33,1,42007130,4032.4,4034.7,4032.4,4034.7,138,MGCZ5
2025-11-18 09:40:00+00:00,33,1,42007130,4034.8,4034.8,4032.7,4033.6,145,MGCZ5
2025-11-18 09:41:00+00:00,33,1,42007130,4034.0,4034.1,4032.2,4032.6,134,MGCZ5
2025-11-18 09:42:00+00:00,33,1,42007130,4032.5,4032.7,4031.5,4031.8,203,MGCZ5
2025-11-18 09:43:00+00:00,33,1,42007130,4031.7,4034.3,4031.6,4033.8,98,MGCZ5
2025-11-18 09:44:00+00:00,33,1,42007130,4033.9,4037.2,4033.8,4037.1,236,MGCZ5
2025-11-18 09:45:00+00:00,33,1,42007130,4037.2,4037.3,4035.5,4037.0,232,MGCZ5
2025-11-18 09:46:00+00:00,33,1,42007130,4037.0,4038.1,4036.2,4036.5,183,MGCZ5
2025-11-18 09:47:00+00:00,33,1,42007130,4036.1,4037.1,4036.0,4036.7,126,MGCZ5
2025-11-18 09:48:00+00:00,33,1,42007130,4036.9,4037.4,4036.1,4037.0,139,MGCZ5
2025-11-18 09:49:00+00:00,33,1,42007130,4036.8,4038.4,4035.8,4036.4,253,MGCZ5
2025-11-18 09:50:00+00:00,33,1,42007130,4036.5,4038.8,4036.5,4038.5,153,MGCZ5
2025-11-18 09:51:00+00:00,33,1,42007130,4038.4,4041.6,4038.0,4041.4,369,MGCZ5
2025-11-18 09:52:00+00:00,33,1,42007130,4041.0,4041.3,4039.4,4040.7,235,MGCZ5
2025-11-18 09:53:00+00:00,33,1,42007130,4040.6,4041.0,4039.8,4040.5,138,MGCZ5
2025-11-18 09:54:00+00:00,33,1,42007130,4040.5,4043.0,4040.3,4042.6,448,MGCZ5
2025-11-18 09:55:00+00:00,33,1,42007130,4042.6,4046.7,4041.9,4046.6,877,MGCZ5
2025-11-18 09:56:00+00:00,33,1,42007130,4046.4,4047.1,4044.6,4045.1,646,MGCZ5
2025-11-18 09:57:00+00:00,33,1,42007130,4045.0,4045.2,4040.8,4040.9,356,MGCZ5
2025-11-18 09:58:00+00:00,33,1,42007130,4040.8,4041.0,4038.2,4038.9,347,MGCZ5
2025-11-18 09:59:00+00:00,33,1,42007130,4038.7,4040.0,4038.3,4039.8,189,MGCZ5
2025-11-18 10:00:00+00:00,33,1,42007130,4039.5,4041.2,4039.5,4041.0,369,MGCZ5
2025-11-18 10:01:00+00:00,33,1,42007130,4040.9,4042.3,4039.0,4039.4,285,MGCZ5
2025-11-18 10:02:00+00:00,33,1,42007130,4039.6,4041.0,4037.3,4038.8,279,MGCZ5
2025-11-18 10:03:00+00:00,33,1,42007130,4038.9,4040.4,4038.7,4040.3,206,MGCZ5
2025-11-18 10:04:00+00:00,33,1,42007130,4040.2,4041.0,4039.5,4040.6,280,MGCZ5
2025-11-18 10:05:00+00:00,33,1,42007130,4040.6,4040.8,4038.4,4039.2,214,MGCZ5
2025-11-18 10:06:00+00:00,33,1,42007130,4039.8,4039.8,4036.8,4038.1,343,MGCZ5
2025-11-18 10:07:00+00:00,33,1,42007130,4037.8,4040.1,4037.8,4038.3,171,MGCZ5
2025-11-18 10:08:00+00:00,33,1,42007130,4038.4,4042.1,4038.4,4042.1,334,MGCZ5
2025-11-18 10:09:00+00:00,33,1,42007130,4042.1,4044.6,4042.1,4043.5,339,MGCZ5
2025-11-18 10:10:00+00:00,33,1,42007130,4043.4,4044.0,4041.1,4043.8,203,MGCZ5
2025-11-18 10:11:00+00:00,33,1,42007130,4043.7,4043.8,4042.0,4042.1,126,MGCZ5
2025-11-18 10:12:00+00:00,33,1,42007130,4041.9,4042.4,4040.0,4040.7,274,MGCZ5
2025-11-18 10:13:00+00:00,33,1,42007130,4040.3,4040.8,4038.1,4039.0,447,MGCZ5
2025-11-18 10:14:00+00:00,33,1,42007130,4039.2,4041.2,4037.9,4040.2,301,MGCZ5
2025-11-18 10:15:00+00:00,33,1,42007130,4040.3,4041.6,4039.9,4040.9,316,MGCZ5
2025-11-18 10:16:00+00:00,33,1,42007130,4040.8,4042.7,4040.5,4041.2,208,MGCZ5
2025-11-18 10:17:00+00:00,33,1,42007130,4041.1,4041.7,4039.3,4039.8,253,MGCZ5
2025-11-18 10:18:00+00:00,33,1,42007130,4040.1,4041.8,4038.6,4041.1,258,MGCZ5
2025-11-18 10:19:00+00:00,33,1,42007130,4041.0,4041.3,4039.8,4040.1,119,MGCZ5
2025-11-18 10:20:00+00:00,33,1,42007130,4040.2,4040.3,4039.3,4039.8,108,MGCZ5
2025-11-18 10:21:00+00:00,33,1,42007130,4040.0,4041.5,4039.2,4040.8,146,MGCZ5
2025-11-18 10:22:00+00:00,33,1,42007130,4041.0,4041.7,4040.8,4041.4,88,MGCZ5
2025-11-18 10:23:00+00:00,33,1,42007130,4041.4,4041.8,4040.4,4041.0,76,MGCZ5
2025-11-18 10:24:00+00:00,33,1,42007130,4041.2,4042.6,4040.5,4041.5,181,MGCZ5
2025-11-18 10:25:00+00:00,33,1,42007130,4041.7,4042.2,4040.4,4040.6,121,MGCZ5
2025-11-18 10:26:00+00:00,33,1,42007130,4040.6,4041.2,4040.4,4041.0,44,MGCZ5
2025-11-18 10:27:00+00:00,33,1,42007130,4040.8,4041.5,4040.3,4040.7,154,MGCZ5
2025-11-18 10:28:00+00:00,33,1,42007130,4040.6,4041.4,4040.4,4040.5,71,MGCZ5
2025-11-18 10:29:00+00:00,33,1,42007130,4040.9,4040.9,4037.7,4037.7,249,MGCZ5
2025-11-18 10:30:00+00:00,33,1,42007130,4037.8,4040.3,4036.8,4040.0,323,MGCZ5
2025-11-18 10:31:00+00:00,33,1,42007130,4040.0,4041.0,4039.3,4040.1,217,MGCZ5
2025-11-18 10:32:00+00:00,33,1,42007130,4040.0,4040.4,4038.9,4039.6,148,MGCZ5
2025-11-18 10:33:00+00:00,33,1,42007130,4039.7,4041.8,4039.7,4041.5,192,MGCZ5
2025-11-18 10:34:00+00:00,33,1,42007130,4041.4,4041.7,4039.1,4039.6,162,MGCZ5
2025-11-18 10:35:00+00:00,33,1,42007130,4039.7,4041.7,4039.7,4040.2,169,MGCZ5
2025-11-18 10:36:00+00:00,33,1,42007130,4040.0,4042.1,4039.2,4040.9,228,MGCZ5
2025-11-18 10:37:00+00:00,33,1,42007130,4040.8,4041.5,4039.8,4041.2,149,MGCZ5
2025-11-18 10:38:00+00:00,33,1,42007130,4041.1,4042.2,4041.0,4041.4,142,MGCZ5
2025-11-18 10:39:00+00:00,33,1,42007130,4041.2,4041.4,4040.3,4040.7,83,MGCZ5
2025-11-18 10:40:00+00:00,33,1,42007130,4040.5,4041.3,4040.5,4040.9,89,MGCZ5
2025-11-18 10:41:00+00:00,33,1,42007130,4040.6,4041.2,4039.2,4040.9,236,MGCZ5
2025-11-18 10:42:00+00:00,33,1,42007130,4040.9,4043.1,4040.8,4042.3,224,MGCZ5
2025-11-18 10:43:00+00:00,33,1,42007130,4042.2,4043.0,4041.9,4042.1,103,MGCZ5
2025-11-18 10:44:00+00:00,33,1,42007130,4042.1,4043.0,4041.9,4042.7,128,MGCZ5
2025-11-18 10:45:00+00:00,33,1,42007130,4042.8,4046.8,4042.8,4046.4,569,MGCZ5
2025-11-18 10:46:00+00:00,33,1,42007130,4046.4,4050.2,4044.8,4049.2,1064,MGCZ5
2025-11-18 10:47:00+00:00,33,1,42007130,4049.3,4049.3,4046.7,4047.4,348,MGCZ5
2025-11-18 10:48:00+00:00,33,1,42007130,4047.2,4047.6,4045.9,4047.0,213,MGCZ5
2025-11-18 10:49:00+00:00,33,1,42007130,4047.0,4048.9,4047.0,4048.1,218,MGCZ5
2025-11-18 10:50:00+00:00,33,1,42007130,4048.0,4048.1,4046.5,4046.6,171,MGCZ5
2025-11-18 10:51:00+00:00,33,1,42007130,4046.8,4047.0,4045.4,4045.5,225,MGCZ5
2025-11-18 10:52:00+00:00,33,1,42007130,4045.6,4047.3,4044.7,4047.3,252,MGCZ5
2025-11-18 10:53:00+00:00,33,1,42007130,4047.3,4047.8,4045.9,4046.8,163,MGCZ5
2025-11-18 10:54:00+00:00,33,1,42007130,4046.8,4046.8,4045.3,4046.0,138,MGCZ5
2025-11-18 10:55:00+00:00,33,1,42007130,4046.1,4046.3,4045.2,4045.5,82,MGCZ5
2025-11-18 10:56:00+00:00,33,1,42007130,4045.5,4045.6,4044.8,4045.6,134,MGCZ5
2025-11-18 10:57:00+00:00,33,1,42007130,4045.6,4045.7,4043.5,4043.9,181,MGCZ5
2025-11-18 10:58:00+00:00,33,1,42007130,4043.7,4043.7,4041.1,4041.3,508,MGCZ5
2025-11-18 10:59:00+00:00,33,1,42007130,4041.6,4044.1,4041.5,4043.9,140,MGCZ5
2025-11-18 11:00:00+00:00,33,1,42007130,4043.5,4046.5,4043.4,4046.3,207,MGCZ5
2025-11-18 11:01:00+00:00,33,1,42007130,4046.5,4048.1,4045.9,4047.7,307,MGCZ5
2025-11-18 11:02:00+00:00,33,1,42007130,4047.9,4048.2,4045.2,4045.4,167,MGCZ5
2025-11-18 11:03:00+00:00,33,1,42007130,4045.3,4046.4,4045.0,4045.4,114,MGCZ5
2025-11-18 11:04:00+00:00,33,1,42007130,4045.3,4045.9,4043.3,4043.3,251,MGCZ5
2025-11-18 11:05:00+00:00,33,1,42007130,4043.4,4043.8,4042.3,4042.6,156,MGCZ5
2025-11-18 11:06:00+00:00,33,1,42007130,4042.9,4043.5,4042.5,4043.1,226,MGCZ5
2025-11-18 11:07:00+00:00,33,1,42007130,4043.1,4043.4,4041.9,4042.6,144,MGCZ5
2025-11-18 11:08:00+00:00,33,1,42007130,4042.5,4043.8,4042.0,4043.8,163,MGCZ5
2025-11-18 11:09:00+00:00,33,1,42007130,4043.6,4044.2,4043.0,4043.0,119,MGCZ5
2025-11-18 11:10:00+00:00,33,1,42007130,4042.9,4043.6,4042.3,4043.4,117,MGCZ5
2025-11-18 11:11:00+00:00,33,1,42007130,4043.4,4044.7,4043.4,4044.5,90,MGCZ5
2025-11-18 11:12:00+00:00,33,1,42007130,4044.6,4045.0,4044.2,4044.5,84,MGCZ5
2025-11-18 11:13:00+00:00,33,1,42007130,4044.5,4044.6,4043.0,4044.4,133,MGCZ5
2025-11-18 11:14:00+00:00,33,1,42007130,4044.5,4045.3,4044.0,4044.9,70,MGCZ5
2025-11-18 11:15:00+00:00,33,1,42007130,4045.1,4045.5,4043.7,4043.7,96,MGCZ5
2025-11-18 11:16:00+00:00,33,1,42007130,4043.7,4046.8,4043.7,4046.5,219,MGCZ5
2025-11-18 11:17:00+00:00,33,1,42007130,4046.5,4047.0,4045.4,4047.0,205,MGCZ5
2025-11-18 11:18:00+00:00,33,1,42007130,4047.0,4047.2,4045.4,4046.2,188,MGCZ5
2025-11-18 11:19:00+00:00,33,1,42007130,4046.3,4046.3,4045.0,4045.9,120,MGCZ5
2025-11-18 11:20:00+00:00,33,1,42007130,4045.9,4047.6,4045.5,4047.1,141,MGCZ5
2025-11-18 11:21:00+00:00,33,1,42007130,4047.3,4047.6,4046.7,4047.1,133,MGCZ5
2025-11-18 11:22:00+00:00,33,1,42007130,4046.7,4048.2,4046.3,4047.3,184,MGCZ5
2025-11-18 11:23:00+00:00,33,1,42007130,4047.5,4047.8,4046.2,4046.5,124,MGCZ5
2025-11-18 11:24:00+00:00,33,1,42007130,4046.3,4048.5,4046.2,4048.2,191,MGCZ5
2025-11-18 11:25:00+00:00,33,1,42007130,4048.1,4048.4,4047.0,4047.0,134,MGCZ5
2025-11-18 11:26:00+00:00,33,1,42007130,4047.1,4047.3,4046.4,4046.7,127,MGCZ5
2025-11-18 11:27:00+00:00,33,1,42007130,4046.6,4046.7,4045.8,4045.9,104,MGCZ5
2025-11-18 11:28:00+00:00,33,1,42007130,4045.8,4047.4,4045.3,4047.0,162,MGCZ5
2025-11-18 11:29:00+00:00,33,1,42007130,4047.1,4048.0,4047.0,4047.7,89,MGCZ5
2025-11-18 11:30:00+00:00,33,1,42007130,4047.9,4049.2,4047.1,4047.3,248,MGCZ5
2025-11-18 11:31:00+00:00,33,1,42007130,4047.3,4048.5,4046.6,4047.9,252,MGCZ5
2025-11-18 11:32:00+00:00,33,1,42007130,4048.0,4049.2,4048.0,4048.7,130,MGCZ5
2025-11-18 11:33:00+00:00,33,1,42007130,4048.8,4049.8,4048.2,4048.2,183,MGCZ5
2025-11-18 11:34:00+00:00,33,1,42007130,4048.4,4049.3,4048.1,4048.4,99,MGCZ5
2025-11-18 11:35:00+00:00,33,1,42007130,4048.5,4049.4,4048.1,4048.2,92,MGCZ5
2025-11-18 11:36:00+00:00,33,1,42007130,4048.1,4048.5,4047.5,4047.9,205,MGCZ5
2025-11-18 11:37:00+00:00,33,1,42007130,4048.0,4048.5,4047.2,4047.5,69,MGCZ5
2025-11-18 11:38:00+00:00,33,1,42007130,4047.7,4048.3,4046.8,4048.3,129,MGCZ5
2025-11-18 11:39:00+00:00,33,1,42007130,4048.0,4048.3,4047.7,4048.1,70,MGCZ5
2025-11-18 11:40:00+00:00,33,1,42007130,4048.0,4048.2,4046.5,4046.5,82,MGCZ5
2025-11-18 11:41:00+00:00,33,1,42007130,4046.5,4046.9,4045.9,4046.4,165,MGCZ5
2025-11-18 11:42:00+00:00,33,1,42007130,4046.2,4046.6,4044.5,4044.8,223,MGCZ5
2025-11-18 11:43:00+00:00,33,1,42007130,4045.0,4045.1,4042.9,4043.6,257,MGCZ5
2025-11-18 11:44:00+00:00,33,1,42007130,4043.4,4045.3,4043.4,4044.5,250,MGCZ5
2025-11-18 11:45:00+00:00,33,1,42007130,4044.4,4044.9,4043.2,4043.9,151,MGCZ5
2025-11-18 11:46:00+00:00,33,1,42007130,4043.9,4043.9,4042.1,4042.2,197,MGCZ5
2025-11-18 11:47:00+00:00,33,1,42007130,4042.2,4042.4,4040.5,4042.0,415,MGCZ5
2025-11-18 11:48:00+00:00,33,1,42007130,4041.9,4042.6,4041.0,4041.6,164,MGCZ5
2025-11-18 11:49:00+00:00,33,1,42007130,4041.6,4042.9,4041.6,4041.8,128,MGCZ5
2025-11-18 11:50:00+00:00,33,1,42007130,4041.7,4043.0,4040.7,4040.7,148,MGCZ5
2025-11-18 11:51:00+00:00,33,1,42007130,4040.6,4043.2,4040.0,4042.8,380,MGCZ5
2025-11-18 11:52:00+00:00,33,1,42007130,4042.8,4043.3,4041.7,4041.9,128,MGCZ5
2025-11-18 11:53:00+00:00,33,1,42007130,4042.2,4042.2,4041.3,4041.5,74,MGCZ5
2025-11-18 11:54:00+00:00,33,1,42007130,4041.7,4042.4,4041.4,4041.8,105,MGCZ5
2025-11-18 11:55:00+00:00,33,1,42007130,4041.9,4042.1,4040.2,4040.8,193,MGCZ5
2025-11-18 11:56:00+00:00,33,1,42007130,4040.8,4040.9,4037.8,4039.8,416,MGCZ5
2025-11-18 11:57:00+00:00,33,1,42007130,4039.6,4040.5,4038.5,4038.5,291,MGCZ5
2025-11-18 11:58:00+00:00,33,1,42007130,4038.5,4038.8,4037.3,4037.3,218,MGCZ5
2025-11-18 11:59:00+00:00,33,1,42007130,4037.4,4039.3,4036.3,4038.8,528,MGCZ5
2025-11-18 12:00:00+00:00,33,1,42007130,4039.0,4040.2,4038.0,4039.3,393,MGCZ5
2025-11-18 12:01:00+00:00,33,1,42007130,4039.4,4039.8,4037.5,4037.6,228,MGCZ5
2025-11-18 12:02:00+00:00,33,1,42007130,4037.7,4041.9,4037.4,4041.2,347,MGCZ5
2025-11-18 12:03:00+00:00,33,1,42007130,4041.5,4044.3,4041.1,4043.6,442,MGCZ5
2025-11-18 12:04:00+00:00,33,1,42007130,4043.5,4044.9,4043.3,4044.3,342,MGCZ5
2025-11-18 12:05:00+00:00,33,1,42007130,4044.3,4044.3,4042.2,4042.9,215,MGCZ5
2025-11-18 12:06:00+00:00,33,1,42007130,4042.7,4042.8,4040.5,4041.0,252,MGCZ5
2025-11-18 12:07:00+00:00,33,1,42007130,4041.5,4043.1,4041.5,4042.1,183,MGCZ5
2025-11-18 12:08:00+00:00,33,1,42007130,4042.3,4042.3,4040.5,4041.5,127,MGCZ5
2025-11-18 12:09:00+00:00,33,1,42007130,4041.7,4044.4,4041.4,4044.3,274,MGCZ5
2025-11-18 12:10:00+00:00,33,1,42007130,4044.3,4044.5,4042.0,4042.0,188,MGCZ5
2025-11-18 12:11:00+00:00,33,1,42007130,4042.0,4042.1,4040.1,4041.4,251,MGCZ5
2025-11-18 12:12:00+00:00,33,1,42007130,4041.0,4041.2,4039.4,4039.5,261,MGCZ5
2025-11-18 12:13:00+00:00,33,1,42007130,4039.7,4041.0,4038.3,4040.2,395,MGCZ5
2025-11-18 12:14:00+00:00,33,1,42007130,4039.9,4039.9,4038.7,4039.5,209,MGCZ5
2025-11-18 12:15:00+00:00,33,1,42007130,4039.5,4040.5,4038.0,4039.3,347,MGCZ5
2025-11-18 12:16:00+00:00,33,1,42007130,4039.0,4039.5,4036.7,4037.2,254,MGCZ5
2025-11-18 12:17:00+00:00,33,1,42007130,4037.4,4040.7,4037.2,4040.4,287,MGCZ5
2025-11-18 12:18:00+00:00,33,1,42007130,4040.4,4042.9,4040.3,4042.4,255,MGCZ5
2025-11-18 12:19:00+00:00,33,1,42007130,4042.5,4042.9,4041.3,4041.4,152,MGCZ5
2025-11-18 12:20:00+00:00,33,1,42007130,4041.6,4041.9,4040.7,4041.4,147,MGCZ5
2025-11-18 12:21:00+00:00,33,1,42007130,4041.3,4041.5,4040.3,4041.2,149,MGCZ5
2025-11-18 12:22:00+00:00,33,1,42007130,4040.9,4040.9,4039.0,4039.0,155,MGCZ5
2025-11-18 12:23:00+00:00,33,1,42007130,4039.0,4039.0,4037.5,4037.6,184,MGCZ5
2025-11-18 12:24:00+00:00,33,1,42007130,4037.4,4037.7,4035.2,4035.7,608,MGCZ5
2025-11-18 12:25:00+00:00,33,1,42007130,4035.7,4036.0,4031.3,4031.4,737,MGCZ5
2025-11-18 12:26:00+00:00,33,1,42007130,4031.6,4034.2,4031.5,4033.9,411,MGCZ5
2025-11-18 12:27:00+00:00,33,1,42007130,4033.8,4035.0,4032.6,4033.3,255,MGCZ5
2025-11-18 12:28:00+00:00,33,1,42007130,4033.4,4033.9,4031.6,4033.9,364,MGCZ5
2025-11-18 12:29:00+00:00,33,1,42007130,4033.9,4034.4,4032.1,4032.3,250,MGCZ5
2025-11-18 12:30:00+00:00,33,1,42007130,4032.3,4034.0,4031.4,4033.7,385,MGCZ5
2025-11-18 12:31:00+00:00,33,1,42007130,4033.8,4034.9,4032.4,4032.6,379,MGCZ5
2025-11-18 12:32:00+00:00,33,1,42007130,4032.5,4033.5,4032.5,4033.5,168,MGCZ5
2025-11-18 12:33:00+00:00,33,1,42007130,4033.7,4034.1,4032.6,4033.6,200,MGCZ5
2025-11-18 12:34:00+00:00,33,1,42007130,4033.5,4037.0,4033.5,4036.5,339,MGCZ5
2025-11-18 12:35:00+00:00,33,1,42007130,4036.6,4036.7,4034.3,4034.9,209,MGCZ5
2025-11-18 12:36:00+00:00,33,1,42007130,4035.0,4036.5,4034.2,4036.4,261,MGCZ5
2025-11-18 12:37:00+00:00,33,1,42007130,4036.4,4037.4,4036.2,4037.0,323,MGCZ5
2025-11-18 12:38:00+00:00,33,1,42007130,4037.1,4037.5,4034.6,4037.5,339,MGCZ5
2025-11-18 12:39:00+00:00,33,1,42007130,4037.5,4039.7,4037.4,4038.0,420,MGCZ5
2025-11-18 12:40:00+00:00,33,1,42007130,4038.1,4039.3,4037.6,4038.9,171,MGCZ5
2025-11-18 12:41:00+00:00,33,1,42007130,4039.1,4039.2,4036.4,4036.7,318,MGCZ5
2025-11-18 12:42:00+00:00,33,1,42007130,4036.9,4037.1,4034.2,4034.6,303,MGCZ5
2025-11-18 12:43:00+00:00,33,1,42007130,4034.8,4035.9,4034.5,4034.6,242,MGCZ5
2025-11-18 12:44:00+00:00,33,1,42007130,4034.5,4035.2,4033.1,4033.2,213,MGCZ5
2025-11-18 12:45:00+00:00,33,1,42007130,4033.0,4034.9,4031.8,4034.7,338,MGCZ5
2025-11-18 12:46:00+00:00,33,1,42007130,4034.7,4035.1,4032.7,4032.8,179,MGCZ5
2025-11-18 12:47:00+00:00,33,1,42007130,4032.9,4034.8,4031.8,4034.6,334,MGCZ5
2025-11-18 12:48:00+00:00,33,1,42007130,4034.6,4034.6,4032.5,4033.0,188,MGCZ5
2025-11-18 12:49:00+00:00,33,1,42007130,4033.0,4033.4,4032.5,4033.0,144,MGCZ5
2025-11-18 12:50:00+00:00,33,1,42007130,4032.4,4033.0,4031.4,4033.0,232,MGCZ5
2025-11-18 12:51:00+00:00,33,1,42007130,4033.0,4033.4,4032.0,4032.8,175,MGCZ5
2025-11-18 12:52:00+00:00,33,1,42007130,4032.5,4034.3,4031.9,4034.3,271,MGCZ5
2025-11-18 12:53:00+00:00,33,1,42007130,4034.4,4034.6,4032.1,4032.4,194,MGCZ5
2025-11-18 12:54:00+00:00,33,1,42007130,4032.6,4034.0,4032.6,4033.2,188,MGCZ5
2025-11-18 12:55:00+00:00,33,1,42007130,4033.2,4033.7,4031.7,4032.1,207,MGCZ5
2025-11-18 12:56:00+00:00,33,1,42007130,4032.2,4032.5,4029.7,4030.0,511,MGCZ5
2025-11-18 12:57:00+00:00,33,1,42007130,4030.2,4032.1,4028.2,4029.7,678,MGCZ5
2025-11-18 12:58:00+00:00,33,1,42007130,4029.7,4030.7,4028.4,4029.6,499,MGCZ5
2025-11-18 12:59:00+00:00,33,1,42007130,4030.0,4032.5,4029.8,4031.7,352,MGCZ5
2025-11-18 13:00:00+00:00,33,1,42007130,4031.9,4036.8,4030.4,4036.0,918,MGCZ5
2025-11-18 13:01:00+00:00,33,1,42007130,4036.0,4038.4,4035.9,4038.2,575,MGCZ5
2025-11-18 13:02:00+00:00,33,1,42007130,4038.0,4040.0,4036.3,4039.1,576,MGCZ5
2025-11-18 13:03:00+00:00,33,1,42007130,4038.8,4043.6,4038.1,4043.2,867,MGCZ5
2025-11-18 13:04:00+00:00,33,1,42007130,4043.2,4046.3,4043.0,4044.3,1060,MGCZ5
2025-11-18 13:05:00+00:00,33,1,42007130,4044.4,4045.5,4042.1,4042.4,604,MGCZ5
2025-11-18 13:06:00+00:00,33,1,42007130,4042.3,4042.3,4040.0,4040.9,676,MGCZ5
2025-11-18 13:07:00+00:00,33,1,42007130,4041.2,4042.9,4041.0,4041.6,371,MGCZ5
2025-11-18 13:08:00+00:00,33,1,42007130,4041.5,4042.8,4040.9,4041.8,327,MGCZ5
2025-11-18 13:09:00+00:00,33,1,42007130,4041.8,4041.8,4038.8,4039.5,442,MGCZ5
2025-11-18 13:10:00+00:00,33,1,42007130,4039.3,4040.3,4038.8,4039.1,243,MGCZ5
2025-11-18 13:11:00+00:00,33,1,42007130,4038.9,4040.5,4038.7,4040.2,234,MGCZ5
2025-11-18 13:12:00+00:00,33,1,42007130,4040.4,4043.6,4040.4,4042.8,306,MGCZ5
2025-11-18 13:13:00+00:00,33,1,42007130,4042.7,4044.2,4041.7,4041.7,251,MGCZ5
2025-11-18 13:14:00+00:00,33,1,42007130,4041.6,4043.1,4041.5,4042.9,143,MGCZ5
2025-11-18 13:15:00+00:00,33,1,42007130,4043.0,4044.5,4041.9,4043.9,380,MGCZ5
2025-11-18 13:16:00+00:00,33,1,42007130,4044.0,4044.5,4040.8,4041.5,320,MGCZ5
2025-11-18 13:17:00+00:00,33,1,42007130,4041.2,4042.3,4040.9,4042.0,201,MGCZ5
2025-11-18 13:18:00+00:00,33,1,42007130,4041.7,4044.2,4041.5,4043.7,226,MGCZ5
2025-11-18 13:19:00+00:00,33,1,42007130,4043.5,4043.7,4040.3,4041.2,361,MGCZ5
2025-11-18 13:20:00+00:00,33,1,42007130,4041.3,4046.1,4041.3,4045.3,484,MGCZ5
2025-11-18 13:21:00+00:00,33,1,42007130,4045.6,4048.3,4045.5,4046.9,623,MGCZ5
2025-11-18 13:22:00+00:00,33,1,42007130,4046.8,4047.5,4045.1,4047.5,339,MGCZ5
2025-11-18 13:23:00+00:00,33,1,42007130,4047.7,4052.5,4047.4,4049.1,1139,MGCZ5
2025-11-18 13:24:00+00:00,33,1,42007130,4049.0,4050.5,4048.3,4048.8,523,MGCZ5
2025-11-18 13:25:00+00:00,33,1,42007130,4049.1,4053.3,4047.8,4051.2,849,MGCZ5
2025-11-18 13:26:00+00:00,33,1,42007130,4051.3,4052.8,4050.1,4050.1,602,MGCZ5
2025-11-18 13:27:00+00:00,33,1,42007130,4050.0,4051.8,4047.0,4048.1,776,MGCZ5
2025-11-18 13:28:00+00:00,33,1,42007130,4048.1,4049.3,4047.4,4048.8,227,MGCZ5
2025-11-18 13:29:00+00:00,33,1,42007130,4048.7,4049.7,4047.8,4048.7,180,MGCZ5
2025-11-18 13:30:00+00:00,33,1,42007130,4048.5,4051.2,4048.2,4050.4,322,MGCZ5
2025-11-18 13:31:00+00:00,33,1,42007130,4049.8,4049.8,4047.7,4048.3,276,MGCZ5
2025-11-18 13:32:00+00:00,33,1,42007130,4048.1,4050.3,4048.0,4050.2,254,MGCZ5
2025-11-18 13:33:00+00:00,33,1,42007130,4050.2,4053.8,4049.6,4051.2,749,MGCZ5
2025-11-18 13:34:00+00:00,33,1,42007130,4051.4,4054.0,4051.1,4053.9,701,MGCZ5
2025-11-18 13:35:00+00:00,33,1,42007130,4053.9,4061.0,4053.4,4060.2,2348,MGCZ5
2025-11-18 13:36:00+00:00,33,1,42007130,4060.3,4065.3,4059.4,4064.4,1872,MGCZ5
2025-11-18 13:37:00+00:00,33,1,42007130,4064.1,4068.0,4062.3,4066.0,1343,MGCZ5
2025-11-18 13:38:00+00:00,33,1,42007130,4066.1,4067.5,4061.6,4062.3,1303,MGCZ5
2025-11-18 13:39:00+00:00,33,1,42007130,4062.3,4065.8,4062.3,4065.5,928,MGCZ5
2025-11-18 13:40:00+00:00,33,1,42007130,4065.4,4066.0,4062.8,4064.5,632,MGCZ5
2025-11-18 13:41:00+00:00,33,1,42007130,4064.6,4065.6,4062.5,4062.9,319,MGCZ5
2025-11-18 13:42:00+00:00,33,1,42007130,4062.6,4064.9,4062.0,4063.6,583,MGCZ5
2025-11-18 13:43:00+00:00,33,1,42007130,4063.7,4064.4,4062.5,4063.2,314,MGCZ5
2025-11-18 13:44:00+00:00,33,1,42007130,4063.5,4065.0,4062.8,4062.9,421,MGCZ5
2025-11-18 13:45:00+00:00,33,1,42007130,4062.9,4065.0,4062.5,4063.7,368,MGCZ5
2025-11-18 13:46:00+00:00,33,1,42007130,4063.8,4064.8,4061.6,4061.6,354,MGCZ5
2025-11-18 13:47:00+00:00,33,1,42007130,4061.7,4064.4,4061.4,4062.5,425,MGCZ5
2025-11-18 13:48:00+00:00,33,1,42007130,4062.6,4067.0,4062.3,4066.3,577,MGCZ5
2025-11-18 13:49:00+00:00,33,1,42007130,4066.5,4069.3,4066.2,4068.8,972,MGCZ5
2025-11-18 13:50:00+00:00,33,1,42007130,4068.8,4070.2,4068.0,4068.4,824,MGCZ5
2025-11-18 13:51:00+00:00,33,1,42007130,4068.3,4070.5,4066.9,4067.4,589,MGCZ5
2025-11-18 13:52:00+00:00,33,1,42007130,4067.6,4069.5,4067.3,4067.5,281,MGCZ5
2025-11-18 13:53:00+00:00,33,1,42007130,4067.5,4068.8,4066.4,4068.2,399,MGCZ5
2025-11-18 13:54:00+00:00,33,1,42007130,4068.5,4069.8,4067.9,4069.0,288,MGCZ5
2025-11-18 13:55:00+00:00,33,1,42007130,4069.4,4069.7,4067.4,4068.6,460,MGCZ5
2025-11-18 13:56:00+00:00,33,1,42007130,4068.3,4069.1,4067.5,4068.9,279,MGCZ5
2025-11-18 13:57:00+00:00,33,1,42007130,4068.5,4070.4,4068.3,4070.2,371,MGCZ5
2025-11-18 13:58:00+00:00,33,1,42007130,4070.0,4071.0,4068.4,4068.5,494,MGCZ5
2025-11-18 13:59:00+00:00,33,1,42007130,4068.4,4068.4,4065.2,4065.3,599,MGCZ5
2025-11-18 14:00:00+00:00,33,1,42007130,4065.5,4066.6,4063.6,4064.0,905,MGCZ5
2025-11-18 14:01:00+00:00,33,1,42007130,4064.0,4068.0,4063.9,4067.7,595,MGCZ5
2025-11-18 14:02:00+00:00,33,1,42007130,4067.5,4070.7,4066.9,4070.2,565,MGCZ5
2025-11-18 14:03:00+00:00,33,1,42007130,4070.0,4070.8,4069.3,4070.3,427,MGCZ5
2025-11-18 14:04:00+00:00,33,1,42007130,4070.3,4075.6,4070.2,4075.1,1402,MGCZ5
2025-11-18 14:05:00+00:00,33,1,42007130,4074.9,4075.7,4073.2,4073.7,831,MGCZ5
2025-11-18 14:06:00+00:00,33,1,42007130,4073.5,4074.8,4071.5,4072.0,537,MGCZ5
2025-11-18 14:07:00+00:00,33,1,42007130,4071.8,4073.6,4071.0,4073.6,539,MGCZ5
2025-11-18 14:08:00+00:00,33,1,42007130,4073.5,4074.2,4071.8,4071.8,320,MGCZ5
2025-11-18 14:09:00+00:00,33,1,42007130,4072.0,4073.6,4070.8,4071.6,324,MGCZ5
2025-11-18 14:10:00+00:00,33,1,42007130,4071.2,4071.2,4068.6,4070.5,571,MGCZ5
2025-11-18 14:11:00+00:00,33,1,42007130,4070.5,4074.3,4070.5,4072.5,530,MGCZ5
2025-11-18 14:12:00+00:00,33,1,42007130,4072.6,4073.1,4071.1,4072.6,278,MGCZ5
2025-11-18 14:13:00+00:00,33,1,42007130,4072.9,4075.0,4072.4,4074.7,254,MGCZ5
2025-11-18 14:14:00+00:00,33,1,42007130,4074.7,4074.8,4073.2,4074.0,340,MGCZ5
2025-11-18 14:15:00+00:00,33,1,42007130,4074.0,4077.7,4073.9,4077.2,804,MGCZ5
2025-11-18 14:16:00+00:00,33,1,42007130,4077.4,4079.0,4076.1,4076.6,773,MGCZ5
2025-11-18 14:17:00+00:00,33,1,42007130,4076.6,4079.5,4076.4,4079.4,553,MGCZ5
2025-11-18 14:18:00+00:00,33,1,42007130,4079.5,4080.7,4078.7,4080.5,693,MGCZ5
2025-11-18 14:19:00+00:00,33,1,42007130,4080.4,4080.5,4078.4,4080.4,484,MGCZ5
2025-11-18 14:20:00+00:00,33,1,42007130,4080.4,4080.5,4077.3,4077.6,545,MGCZ5
2025-11-18 14:21:00+00:00,33,1,42007130,4077.5,4078.8,4076.8,4078.2,371,MGCZ5
2025-11-18 14:22:00+00:00,33,1,42007130,4078.2,4078.8,4076.3,4077.4,446,MGCZ5
2025-11-18 14:23:00+00:00,33,1,42007130,4077.8,4078.5,4076.0,4076.2,388,MGCZ5
2025-11-18 14:24:00+00:00,33,1,42007130,4076.2,4078.6,4075.6,4078.4,396,MGCZ5
2025-11-18 14:25:00+00:00,33,1,42007130,4078.3,4079.4,4077.0,4077.0,328,MGCZ5
2025-11-18 14:26:00+00:00,33,1,42007130,4076.9,4076.9,4073.7,4074.8,727,MGCZ5
2025-11-18 14:27:00+00:00,33,1,42007130,4074.5,4074.6,4073.1,4073.8,471,MGCZ5
2025-11-18 14:28:00+00:00,33,1,42007130,4074.0,4075.9,4073.9,4075.9,301,MGCZ5
2025-11-18 14:29:00+00:00,33,1,42007130,4075.7,4075.7,4073.8,4075.0,343,MGCZ5
2025-11-18 14:30:00+00:00,33,1,42007130,4074.9,4075.4,4072.6,4073.5,826,MGCZ5
2025-11-18 14:31:00+00:00,33,1,42007130,4073.7,4073.9,4069.2,4071.7,1220,MGCZ5
2025-11-18 14:32:00+00:00,33,1,42007130,4071.7,4081.0,4071.7,4077.9,1430,MGCZ5
2025-11-18 14:33:00+00:00,33,1,42007130,4078.0,4079.8,4076.0,4077.0,976,MGCZ5
2025-11-18 14:34:00+00:00,33,1,42007130,4076.9,4077.7,4074.2,4075.5,675,MGCZ5
2025-11-18 14:35:00+00:00,33,1,42007130,4075.0,4076.3,4073.1,4074.8,661,MGCZ5
2025-11-18 14:36:00+00:00,33,1,42007130,4074.8,4077.4,4073.1,4076.6,530,MGCZ5
2025-11-18 14:37:00+00:00,33,1,42007130,4076.4,4077.3,4074.1,4075.2,527,MGCZ5
2025-11-18 14:38:00+00:00,33,1,42007130,4075.6,4077.9,4074.9,4076.2,457,MGCZ5
2025-11-18 14:39:00+00:00,33,1,42007130,4076.1,4078.1,4074.7,4077.8,590,MGCZ5
2025-11-18 14:40:00+00:00,33,1,42007130,4078.0,4081.4,4077.0,4081.4,1087,MGCZ5
2025-11-18 14:41:00+00:00,33,1,42007130,4081.2,4082.5,4078.9,4080.7,1087,MGCZ5
2025-11-18 14:42:00+00:00,33,1,42007130,4081.0,4081.0,4078.7,4079.8,491,MGCZ5
2025-11-18 14:43:00+00:00,33,1,42007130,4079.6,4080.3,4077.3,4077.6,560,MGCZ5
2025-11-18 14:44:00+00:00,33,1,42007130,4077.6,4077.8,4072.1,4073.2,1151,MGCZ5
2025-11-18 14:45:00+00:00,33,1,42007130,4073.3,4077.3,4073.2,4073.8,768,MGCZ5
2025-11-18 14:46:00+00:00,33,1,42007130,4073.8,4073.9,4067.3,4070.7,2127,MGCZ5
2025-11-18 14:47:00+00:00,33,1,42007130,4070.9,4072.8,4069.1,4072.4,759,MGCZ5
2025-11-18 14:48:00+00:00,33,1,42007130,4072.6,4077.9,4072.5,4076.0,917,MGCZ5
2025-11-18 14:49:00+00:00,33,1,42007130,4075.9,4077.8,4074.3,4074.9,621,MGCZ5
2025-11-18 14:50:00+00:00,33,1,42007130,4074.9,4075.0,4071.8,4074.3,750,MGCZ5
2025-11-18 14:51:00+00:00,33,1,42007130,4074.0,4074.2,4070.1,4071.4,728,MGCZ5
2025-11-18 14:52:00+00:00,33,1,42007130,4071.2,4072.0,4065.4,4067.0,1173,MGCZ5
2025-11-18 14:53:00+00:00,33,1,42007130,4067.0,4067.2,4062.0,4063.2,1484,MGCZ5
2025-11-18 14:54:00+00:00,33,1,42007130,4063.3,4065.0,4061.3,4061.5,969,MGCZ5
2025-11-18 14:55:00+00:00,33,1,42007130,4061.4,4064.3,4057.8,4064.0,1764,MGCZ5
2025-11-18 14:56:00+00:00,33,1,42007130,4064.0,4068.7,4063.6,4068.7,1246,MGCZ5
2025-11-18 14:57:00+00:00,33,1,42007130,4068.6,4071.7,4068.0,4069.5,921,MGCZ5
2025-11-18 14:58:00+00:00,33,1,42007130,4069.2,4070.1,4067.7,4068.3,719,MGCZ5
2025-11-18 14:59:00+00:00,33,1,42007130,4068.1,4068.2,4064.5,4065.1,596,MGCZ5
2025-11-18 15:00:00+00:00,33,1,42007130,4065.7,4069.7,4062.2,4064.8,1227,MGCZ5
2025-11-18 15:01:00+00:00,33,1,42007130,4064.8,4065.0,4061.5,4063.3,701,MGCZ5
2025-11-18 15:02:00+00:00,33,1,42007130,4063.5,4063.7,4058.3,4058.3,1171,MGCZ5
2025-11-18 15:03:00+00:00,33,1,42007130,4058.3,4058.7,4053.8,4057.8,2224,MGCZ5
2025-11-18 15:04:00+00:00,33,1,42007130,4057.9,4061.3,4057.6,4059.7,854,MGCZ5
2025-11-18 15:05:00+00:00,33,1,42007130,4059.7,4060.0,4056.0,4058.4,769,MGCZ5
2025-11-18 15:06:00+00:00,33,1,42007130,4058.3,4060.1,4056.4,4059.4,750,MGCZ5
2025-11-18 15:07:00+00:00,33,1,42007130,4059.2,4065.3,4059.0,4061.0,1470,MGCZ5
2025-11-18 15:08:00+00:00,33,1,42007130,4061.2,4061.6,4058.1,4059.7,627,MGCZ5
2025-11-18 15:09:00+00:00,33,1,42007130,4059.3,4059.5,4055.6,4056.0,740,MGCZ5
2025-11-18 15:10:00+00:00,33,1,42007130,4055.8,4058.9,4053.1,4056.7,1241,MGCZ5
2025-11-18 15:11:00+00:00,33,1,42007130,4057.0,4057.9,4054.6,4056.5,520,MGCZ5
2025-11-18 15:12:00+00:00,33,1,42007130,4056.3,4058.3,4053.1,4054.2,624,MGCZ5
2025-11-18 15:13:00+00:00,33,1,42007130,4054.2,4059.6,4053.6,4059.0,669,MGCZ5
2025-11-18 15:14:00+00:00,33,1,42007130,4058.9,4062.1,4058.9,4059.2,771,MGCZ5
2025-11-18 15:15:00+00:00,33,1,42007130,4059.3,4062.4,4058.0,4062.2,721,MGCZ5
2025-11-18 15:16:00+00:00,33,1,42007130,4062.2,4064.1,4060.5,4061.1,675,MGCZ5
2025-11-18 15:17:00+00:00,33,1,42007130,4061.1,4061.2,4058.9,4059.7,549,MGCZ5
2025-11-18 15:18:00+00:00,33,1,42007130,4059.3,4060.6,4055.6,4055.8,621,MGCZ5
2025-11-18 15:19:00+00:00,33,1,42007130,4055.6,4057.6,4054.0,4057.4,773,MGCZ5
2025-11-18 15:20:00+00:00,33,1,42007130,4057.2,4062.5,4057.1,4061.8,687,MGCZ5
2025-11-18 15:21:00+00:00,33,1,42007130,4062.0,4064.5,4061.7,4063.1,934,MGCZ5
2025-11-18 15:22:00+00:00,33,1,42007130,4062.7,4064.1,4059.7,4061.2,829,MGCZ5
2025-11-18 15:23:00+00:00,33,1,42007130,4061.1,4063.8,4060.7,4063.4,479,MGCZ5
2025-11-18 15:24:00+00:00,33,1,42007130,4063.3,4063.5,4058.6,4058.9,477,MGCZ5
2025-11-18 15:25:00+00:00,33,1,42007130,4059.2,4061.0,4056.0,4060.9,734,MGCZ5
2025-11-18 15:26:00+00:00,33,1,42007130,4060.6,4062.8,4059.5,4061.8,422,MGCZ5
2025-11-18 15:27:00+00:00,33,1,42007130,4061.9,4067.4,4060.9,4065.3,1208,MGCZ5
2025-11-18 15:28:00+00:00,33,1,42007130,4065.4,4066.2,4063.3,4064.6,530,MGCZ5
2025-11-18 15:29:00+00:00,33,1,42007130,4064.6,4065.0,4062.8,4064.8,418,MGCZ5
2025-11-18 15:30:00+00:00,33,1,42007130,4064.8,4068.7,4064.2,4067.7,1033,MGCZ5
2025-11-18 15:31:00+00:00,33,1,42007130,4067.6,4072.9,4067.6,4068.7,1517,MGCZ5
2025-11-18 15:32:00+00:00,33,1,42007130,4069.0,4070.3,4067.2,4067.8,850,MGCZ5
2025-11-18 15:33:00+00:00,33,1,42007130,4067.9,4068.4,4064.5,4066.2,814,MGCZ5
2025-11-18 15:34:00+00:00,33,1,42007130,4066.2,4067.6,4064.3,4064.7,608,MGCZ5
2025-11-18 15:35:00+00:00,33,1,42007130,4064.6,4065.5,4061.0,4061.6,754,MGCZ5
2025-11-18 15:36:00+00:00,33,1,42007130,4061.8,4063.1,4060.1,4060.8,601,MGCZ5
2025-11-18 15:37:00+00:00,33,1,42007130,4061.0,4062.1,4059.3,4059.9,470,MGCZ5
2025-11-18 15:38:00+00:00,33,1,42007130,4060.0,4063.8,4059.5,4062.3,561,MGCZ5
2025-11-18 15:39:00+00:00,33,1,42007130,4062.2,4063.1,4060.1,4063.0,351,MGCZ5
2025-11-18 15:40:00+00:00,33,1,42007130,4063.0,4063.6,4058.1,4059.5,584,MGCZ5
2025-11-18 15:41:00+00:00,33,1,42007130,4059.3,4062.2,4058.6,4061.6,407,MGCZ5
2025-11-18 15:42:00+00:00,33,1,42007130,4061.9,4062.0,4058.1,4059.0,400,MGCZ5
2025-11-18 15:43:00+00:00,33,1,42007130,4059.0,4061.3,4058.9,4060.4,397,MGCZ5
2025-11-18 15:44:00+00:00,33,1,42007130,4060.5,4062.4,4059.2,4060.6,259,MGCZ5
2025-11-18 15:45:00+00:00,33,1,42007130,4060.1,4061.3,4058.7,4060.2,323,MGCZ5
2025-11-18 15:46:00+00:00,33,1,42007130,4059.7,4060.4,4058.0,4059.6,350,MGCZ5
2025-11-18 15:47:00+00:00,33,1,42007130,4059.6,4059.6,4054.1,4056.0,860,MGCZ5
2025-11-18 15:48:00+00:00,33,1,42007130,4056.2,4057.9,4056.0,4057.5,395,MGCZ5
2025-11-18 15:49:00+00:00,33,1,42007130,4057.6,4058.9,4057.1,4058.9,237,MGCZ5
2025-11-18 15:50:00+00:00,33,1,42007130,4058.4,4058.4,4050.9,4051.1,1205,MGCZ5
2025-11-18 15:51:00+00:00,33,1,42007130,4051.4,4054.4,4048.7,4054.2,1317,MGCZ5
2025-11-18 15:52:00+00:00,33,1,42007130,4054.1,4056.6,4054.0,4055.4,703,MGCZ5
2025-11-18 15:53:00+00:00,33,1,42007130,4055.3,4055.4,4051.3,4052.2,683,MGCZ5
2025-11-18 15:54:00+00:00,33,1,42007130,4052.3,4055.3,4051.4,4054.3,552,MGCZ5
2025-11-18 15:55:00+00:00,33,1,42007130,4054.4,4057.0,4053.6,4055.0,682,MGCZ5
2025-11-18 15:56:00+00:00,33,1,42007130,4055.0,4057.0,4053.7,4054.0,429,MGCZ5
2025-11-18 15:57:00+00:00,33,1,42007130,4054.0,4056.4,4054.0,4055.9,298,MGCZ5
2025-11-18 15:58:00+00:00,33,1,42007130,4056.0,4056.0,4053.9,4054.4,249,MGCZ5
2025-11-18 15:59:00+00:00,33,1,42007130,4054.6,4055.1,4052.2,4053.3,357,MGCZ5
2025-11-18 16:00:00+00:00,33,1,42007130,4052.9,4054.7,4051.5,4054.1,572,MGCZ5
2025-11-18 16:01:00+00:00,33,1,42007130,4054.2,4054.5,4051.6,4052.7,391,MGCZ5
2025-11-18 16:02:00+00:00,33,1,42007130,4052.5,4054.4,4044.6,4045.3,2004,MGCZ5
2025-11-18 16:03:00+00:00,33,1,42007130,4045.1,4045.3,4040.0,4041.0,2320,MGCZ5
2025-11-18 16:04:00+00:00,33,1,42007130,4041.3,4044.7,4040.2,4044.1,1041,MGCZ5
2025-11-18 16:05:00+00:00,33,1,42007130,4044.3,4047.8,4042.3,4046.9,959,MGCZ5
2025-11-18 16:06:00+00:00,33,1,42007130,4046.6,4048.0,4043.8,4045.7,494,MGCZ5
2025-11-18 16:07:00+00:00,33,1,42007130,4045.6,4049.0,4045.3,4046.6,544,MGCZ5
2025-11-18 16:08:00+00:00,33,1,42007130,4046.9,4048.0,4044.1,4045.1,454,MGCZ5
2025-11-18 16:09:00+00:00,33,1,42007130,4044.8,4047.5,4042.8,4046.3,760,MGCZ5
2025-11-18 16:10:00+00:00,33,1,42007130,4046.1,4049.7,4046.1,4047.8,799,MGCZ5
2025-11-18 16:11:00+00:00,33,1,42007130,4047.6,4051.5,4047.6,4048.5,667,MGCZ5
2025-11-18 16:12:00+00:00,33,1,42007130,4048.6,4050.0,4045.3,4047.5,597,MGCZ5
2025-11-18 16:13:00+00:00,33,1,42007130,4047.7,4054.9,4047.5,4054.3,890,MGCZ5
2025-11-18 16:14:00+00:00,33,1,42007130,4054.1,4055.0,4052.4,4054.1,765,MGCZ5
2025-11-18 16:15:00+00:00,33,1,42007130,4053.9,4054.7,4051.5,4054.2,524,MGCZ5
2025-11-18 16:16:00+00:00,33,1,42007130,4053.9,4058.1,4053.4,4057.7,1047,MGCZ5
2025-11-18 16:17:00+00:00,33,1,42007130,4057.3,4059.0,4056.4,4057.7,715,MGCZ5
2025-11-18 16:18:00+00:00,33,1,42007130,4057.8,4060.5,4057.4,4059.8,824,MGCZ5
2025-11-18 16:19:00+00:00,33,1,42007130,4059.9,4061.8,4058.7,4059.4,850,MGCZ5
2025-11-18 16:20:00+00:00,33,1,42007130,4059.3,4060.7,4058.1,4058.8,534,MGCZ5
2025-11-18 16:21:00+00:00,33,1,42007130,4058.8,4060.4,4055.8,4056.0,855,MGCZ5
2025-11-18 16:22:00+00:00,33,1,42007130,4056.2,4058.5,4055.5,4055.7,559,MGCZ5
2025-11-18 16:23:00+00:00,33,1,42007130,4055.6,4056.8,4054.6,4056.8,485,MGCZ5
2025-11-18 16:24:00+00:00,33,1,42007130,4056.7,4060.3,4056.5,4059.8,537,MGCZ5
2025-11-18 16:25:00+00:00,33,1,42007130,4059.6,4061.5,4058.8,4061.3,572,MGCZ5
2025-11-18 16:26:00+00:00,33,1,42007130,4061.3,4063.1,4060.2,4060.9,674,MGCZ5
2025-11-18 16:27:00+00:00,33,1,42007130,4061.1,4062.0,4059.3,4059.5,396,MGCZ5
2025-11-18 16:28:00+00:00,33,1,42007130,4059.7,4061.4,4059.4,4060.9,287,MGCZ5
2025-11-18 16:29:00+00:00,33,1,42007130,4060.6,4066.3,4060.2,4065.3,964,MGCZ5
2025-11-18 16:30:00+00:00,33,1,42007130,4065.4,4066.8,4063.3,4064.7,791,MGCZ5
2025-11-18 16:31:00+00:00,33,1,42007130,4065.2,4067.3,4065.0,4066.5,577,MGCZ5
2025-11-18 16:32:00+00:00,33,1,42007130,4066.7,4067.4,4063.8,4064.4,527,MGCZ5
2025-11-18 16:33:00+00:00,33,1,42007130,4064.8,4065.2,4062.9,4063.2,443,MGCZ5
2025-11-18 16:34:00+00:00,33,1,42007130,4063.2,4063.5,4060.5,4060.6,342,MGCZ5
2025-11-18 16:35:00+00:00,33,1,42007130,4060.9,4063.3,4057.7,4059.1,1268,MGCZ5
2025-11-18 16:36:00+00:00,33,1,42007130,4059.1,4060.7,4058.3,4060.7,363,MGCZ5
2025-11-18 16:37:00+00:00,33,1,42007130,4060.8,4062.7,4060.8,4062.3,338,MGCZ5
2025-11-18 16:38:00+00:00,33,1,42007130,4062.2,4064.2,4060.8,4063.9,410,MGCZ5
2025-11-18 16:39:00+00:00,33,1,42007130,4063.8,4064.1,4061.1,4061.1,359,MGCZ5
2025-11-18 16:40:00+00:00,33,1,42007130,4061.3,4062.4,4060.4,4062.0,251,MGCZ5
2025-11-18 16:41:00+00:00,33,1,42007130,4062.1,4062.6,4061.3,4061.7,172,MGCZ5
2025-11-18 16:42:00+00:00,33,1,42007130,4061.9,4064.1,4061.9,4063.4,348,MGCZ5
2025-11-18 16:43:00+00:00,33,1,42007130,4063.5,4064.1,4062.3,4062.7,219,MGCZ5
2025-11-18 16:44:00+00:00,33,1,42007130,4062.7,4063.6,4062.0,4063.1,199,MGCZ5
2025-11-18 16:45:00+00:00,33,1,42007130,4063.1,4065.9,4062.7,4063.7,392,MGCZ5
2025-11-18 16:46:00+00:00,33,1,42007130,4063.8,4064.1,4062.5,4062.9,208,MGCZ5
2025-11-18 16:47:00+00:00,33,1,42007130,4062.7,4063.0,4061.1,4061.6,379,MGCZ5
2025-11-18 16:48:00+00:00,33,1,42007130,4061.4,4064.4,4061.4,4063.2,234,MGCZ5
2025-11-18 16:49:00+00:00,33,1,42007130,4063.6,4066.0,4063.4,4064.0,364,MGCZ5
2025-11-18 16:50:00+00:00,33,1,42007130,4063.9,4064.9,4063.1,4063.7,213,MGCZ5
2025-11-18 16:51:00+00:00,33,1,42007130,4063.5,4064.0,4061.3,4061.5,245,MGCZ5
2025-11-18 16:52:00+00:00,33,1,42007130,4061.6,4063.1,4061.2,4062.9,253,MGCZ5
2025-11-18 16:53:00+00:00,33,1,42007130,4062.9,4064.0,4061.9,4063.0,200,MGCZ5
2025-11-18 16:54:00+00:00,33,1,42007130,4063.0,4064.9,4062.9,4064.3,150,MGCZ5
2025-11-18 16:55:00+00:00,33,1,42007130,4064.5,4067.8,4064.4,4067.4,558,MGCZ5
2025-11-18 16:56:00+00:00,33,1,42007130,4067.4,4069.0,4065.8,4068.6,471,MGCZ5
2025-11-18 16:57:00+00:00,33,1,42007130,4068.4,4069.8,4067.1,4068.0,403,MGCZ5
2025-11-18 16:58:00+00:00,33,1,42007130,4067.9,4069.7,4066.6,4066.6,325,MGCZ5
2025-11-18 16:59:00+00:00,33,1,42007130,4066.5,4068.0,4066.5,4067.5,241,MGCZ5
2025-11-18 17:00:00+00:00,33,1,42007130,4067.3,4069.5,4067.1,4068.2,389,MGCZ5
2025-11-18 17:01:00+00:00,33,1,42007130,4068.2,4069.5,4067.7,4069.0,238,MGCZ5
2025-11-18 17:02:00+00:00,33,1,42007130,4069.3,4069.7,4067.5,4069.5,239,MGCZ5
2025-11-18 17:03:00+00:00,33,1,42007130,4069.2,4069.6,4067.2,4067.9,325,MGCZ5
2025-11-18 17:04:00+00:00,33,1,42007130,4067.9,4071.1,4067.9,4071.1,567,MGCZ5
2025-11-18 17:05:00+00:00,33,1,42007130,4071.0,4071.0,4069.1,4069.8,367,MGCZ5
2025-11-18 17:06:00+00:00,33,1,42007130,4069.6,4069.8,4066.5,4066.6,357,MGCZ5
2025-11-18 17:07:00+00:00,33,1,42007130,4066.6,4068.8,4066.5,4068.2,275,MGCZ5
2025-11-18 17:08:00+00:00,33,1,42007130,4068.2,4068.2,4066.9,4066.9,166,MGCZ5
2025-11-18 17:09:00+00:00,33,1,42007130,4066.9,4069.2,4066.9,4067.9,211,MGCZ5
2025-11-18 17:10:00+00:00,33,1,42007130,4067.5,4068.2,4065.1,4065.4,347,MGCZ5
2025-11-18 17:11:00+00:00,33,1,42007130,4065.6,4065.7,4064.1,4064.5,332,MGCZ5
2025-11-18 17:12:00+00:00,33,1,42007130,4064.6,4065.7,4064.1,4064.8,291,MGCZ5
2025-11-18 17:13:00+00:00,33,1,42007130,4064.8,4068.3,4064.8,4068.3,297,MGCZ5
2025-11-18 17:14:00+00:00,33,1,42007130,4068.0,4068.8,4066.5,4066.7,248,MGCZ5
2025-11-18 17:15:00+00:00,33,1,42007130,4066.8,4068.7,4066.5,4066.9,230,MGCZ5
2025-11-18 17:16:00+00:00,33,1,42007130,4067.1,4067.3,4065.5,4066.3,264,MGCZ5
2025-11-18 17:17:00+00:00,33,1,42007130,4066.5,4066.5,4061.3,4062.1,571,MGCZ5
2025-11-18 17:18:00+00:00,33,1,42007130,4062.1,4062.9,4061.1,4062.2,399,MGCZ5
2025-11-18 17:19:00+00:00,33,1,42007130,4062.0,4063.3,4061.3,4062.0,260,MGCZ5
2025-11-18 17:20:00+00:00,33,1,42007130,4062.2,4064.1,4062.1,4063.1,236,MGCZ5
2025-11-18 17:21:00+00:00,33,1,42007130,4063.2,4064.6,4062.8,4063.7,168,MGCZ5
2025-11-18 17:22:00+00:00,33,1,42007130,4063.6,4064.1,4061.3,4062.3,160,MGCZ5
2025-11-18 17:23:00+00:00,33,1,42007130,4062.2,4063.2,4061.8,4062.6,155,MGCZ5
2025-11-18 17:24:00+00:00,33,1,42007130,4062.2,4062.4,4061.1,4062.2,227,MGCZ5
2025-11-18 17:25:00+00:00,33,1,42007130,4062.1,4065.0,4061.9,4064.0,258,MGCZ5
2025-11-18 17:26:00+00:00,33,1,42007130,4064.1,4065.5,4063.8,4065.5,192,MGCZ5
2025-11-18 17:27:00+00:00,33,1,42007130,4065.4,4065.4,4062.1,4062.5,208,MGCZ5
2025-11-18 17:28:00+00:00,33,1,42007130,4062.5,4063.0,4059.2,4060.3,835,MGCZ5
2025-11-18 17:29:00+00:00,33,1,42007130,4060.3,4062.2,4060.1,4061.9,247,MGCZ5
2025-11-18 17:30:00+00:00,33,1,42007130,4061.6,4063.1,4061.3,4062.2,212,MGCZ5
2025-11-18 17:31:00+00:00,33,1,42007130,4062.3,4063.5,4062.2,4063.0,174,MGCZ5
2025-11-18 17:32:00+00:00,33,1,42007130,4063.2,4063.2,4061.0,4061.4,224,MGCZ5
2025-11-18 17:33:00+00:00,33,1,42007130,4061.0,4063.9,4060.7,4063.6,206,MGCZ5
2025-11-18 17:34:00+00:00,33,1,42007130,4063.4,4066.7,4063.2,4066.6,349,MGCZ5
2025-11-18 17:35:00+00:00,33,1,42007130,4066.3,4068.7,4065.9,4067.6,559,MGCZ5
2025-11-18 17:36:00+00:00,33,1,42007130,4067.4,4070.8,4067.4,4070.6,538,MGCZ5
2025-11-18 17:37:00+00:00,33,1,42007130,4070.6,4073.2,4070.6,4071.6,862,MGCZ5
2025-11-18 17:38:00+00:00,33,1,42007130,4071.7,4073.6,4071.0,4071.2,441,MGCZ5
2025-11-18 17:39:00+00:00,33,1,42007130,4071.2,4072.1,4069.7,4071.2,387,MGCZ5
2025-11-18 17:40:00+00:00,33,1,42007130,4071.1,4074.5,4071.1,4073.4,444,MGCZ5
2025-11-18 17:41:00+00:00,33,1,42007130,4073.8,4074.5,4072.3,4072.5,335,MGCZ5
2025-11-18 17:42:00+00:00,33,1,42007130,4072.7,4074.7,4072.3,4074.0,262,MGCZ5
2025-11-18 17:43:00+00:00,33,1,42007130,4074.0,4076.3,4073.7,4074.3,443,MGCZ5
2025-11-18 17:44:00+00:00,33,1,42007130,4074.7,4075.4,4073.3,4073.7,239,MGCZ5
2025-11-18 17:45:00+00:00,33,1,42007130,4073.7,4073.8,4071.0,4071.0,266,MGCZ5
2025-11-18 17:46:00+00:00,33,1,42007130,4071.2,4072.6,4070.8,4071.3,268,MGCZ5
2025-11-18 17:47:00+00:00,33,1,42007130,4071.5,4073.9,4071.4,4073.5,174,MGCZ5
2025-11-18 17:48:00+00:00,33,1,42007130,4073.3,4075.0,4072.5,4072.8,218,MGCZ5
2025-11-18 17:49:00+00:00,33,1,42007130,4073.0,4073.5,4072.7,4073.1,122,MGCZ5
2025-11-18 17:50:00+00:00,33,1,42007130,4073.3,4073.3,4071.2,4071.6,224,MGCZ5
2025-11-18 17:51:00+00:00,33,1,42007130,4071.7,4072.0,4070.5,4071.0,210,MGCZ5
2025-11-18 17:52:00+00:00,33,1,42007130,4071.0,4072.7,4070.5,4072.1,177,MGCZ5
2025-11-18 17:53:00+00:00,33,1,42007130,4071.8,4073.5,4071.6,4073.2,197,MGCZ5
2025-11-18 17:54:00+00:00,33,1,42007130,4073.4,4073.7,4072.3,4072.9,122,MGCZ5
2025-11-18 17:55:00+00:00,33,1,42007130,4072.9,4073.7,4071.4,4072.5,230,MGCZ5
2025-11-18 17:56:00+00:00,33,1,42007130,4072.5,4074.2,4072.4,4073.9,184,MGCZ5
2025-11-18 17:57:00+00:00,33,1,42007130,4073.7,4073.9,4072.1,4072.6,132,MGCZ5
2025-11-18 17:58:00+00:00,33,1,42007130,4072.8,4073.3,4072.4,4073.1,128,MGCZ5
2025-11-18 17:59:00+00:00,33,1,42007130,4073.2,4073.5,4071.5,4072.1,135,MGCZ5
2025-11-18 18:00:00+00:00,33,1,42007130,4072.0,4073.2,4072.0,4073.1,199,MGCZ5
2025-11-18 18:01:00+00:00,33,1,42007130,4073.0,4075.0,4073.0,4074.6,325,MGCZ5
2025-11-18 18:02:00+00:00,33,1,42007130,4075.0,4075.5,4071.5,4072.5,384,MGCZ5
2025-11-18 18:03:00+00:00,33,1,42007130,4072.3,4073.1,4071.4,4071.9,158,MGCZ5
2025-11-18 18:04:00+00:00,33,1,42007130,4071.6,4072.0,4069.7,4070.0,350,MGCZ5
2025-11-18 18:05:00+00:00,33,1,42007130,4070.0,4073.1,4070.0,4072.7,239,MGCZ5
2025-11-18 18:06:00+00:00,33,1,42007130,4072.8,4073.8,4071.3,4072.0,275,MGCZ5
2025-11-18 18:07:00+00:00,33,1,42007130,4072.2,4072.5,4071.2,4071.2,125,MGCZ5
2025-11-18 18:08:00+00:00,33,1,42007130,4071.0,4071.6,4069.0,4069.3,293,MGCZ5
2025-11-18 18:09:00+00:00,33,1,42007130,4069.4,4070.3,4068.0,4070.3,326,MGCZ5
2025-11-18 18:10:00+00:00,33,1,42007130,4070.3,4072.0,4070.3,4071.2,190,MGCZ5
2025-11-18 18:11:00+00:00,33,1,42007130,4071.4,4072.6,4070.5,4071.2,185,MGCZ5
2025-11-18 18:12:00+00:00,33,1,42007130,4071.2,4071.2,4068.1,4069.6,241,MGCZ5
2025-11-18 18:13:00+00:00,33,1,42007130,4069.7,4070.3,4068.7,4068.7,142,MGCZ5
2025-11-18 18:14:00+00:00,33,1,42007130,4068.8,4069.7,4068.7,4068.7,133,MGCZ5
2025-11-18 18:15:00+00:00,33,1,42007130,4068.9,4068.9,4067.2,4068.5,319,MGCZ5
2025-11-18 18:16:00+00:00,33,1,42007130,4068.8,4070.9,4068.1,4070.8,241,MGCZ5
2025-11-18 18:17:00+00:00,33,1,42007130,4070.5,4070.8,4068.6,4069.8,170,MGCZ5
2025-11-18 18:18:00+00:00,33,1,42007130,4070.0,4070.9,4069.5,4070.4,125,MGCZ5
2025-11-18 18:19:00+00:00,33,1,42007130,4070.2,4070.9,4069.7,4070.5,98,MGCZ5
2025-11-18 18:20:00+00:00,33,1,42007130,4070.3,4070.6,4067.7,4067.7,217,MGCZ5
2025-11-18 18:21:00+00:00,33,1,42007130,4068.1,4068.8,4067.8,4068.2,116,MGCZ5
2025-11-18 18:22:00+00:00,33,1,42007130,4068.0,4068.2,4065.7,4068.2,456,MGCZ5
2025-11-18 18:23:00+00:00,33,1,42007130,4068.1,4068.8,4067.4,4068.0,154,MGCZ5
2025-11-18 18:24:00+00:00,33,1,42007130,4067.9,4067.9,4065.6,4066.0,256,MGCZ5
2025-11-18 18:25:00+00:00,33,1,42007130,4065.6,4065.7,4063.6,4064.0,419,MGCZ5
2025-11-18 18:26:00+00:00,33,1,42007130,4064.4,4065.0,4063.4,4064.9,217,MGCZ5
2025-11-18 18:27:00+00:00,33,1,42007130,4064.9,4066.9,4064.7,4066.0,277,MGCZ5
2025-11-18 18:28:00+00:00,33,1,42007130,4066.0,4066.2,4064.1,4064.4,207,MGCZ5
2025-11-18 18:29:00+00:00,33,1,42007130,4064.4,4067.4,4064.4,4066.4,537,MGCZ5
2025-11-18 18:30:00+00:00,33,1,42007130,4066.5,4067.5,4064.5,4064.7,255,MGCZ5
2025-11-18 18:31:00+00:00,33,1,42007130,4064.6,4066.3,4064.2,4065.5,122,MGCZ5
2025-11-18 18:32:00+00:00,33,1,42007130,4065.4,4065.7,4064.4,4064.7,130,MGCZ5
2025-11-18 18:33:00+00:00,33,1,42007130,4064.5,4065.6,4063.8,4065.3,172,MGCZ5
2025-11-18 18:34:00+00:00,33,1,42007130,4065.5,4067.7,4065.3,4067.7,206,MGCZ5
2025-11-18 18:35:00+00:00,33,1,42007130,4067.7,4069.8,4067.7,4069.0,405,MGCZ5
2025-11-18 18:36:00+00:00,33,1,42007130,4069.2,4069.6,4067.0,4068.3,244,MGCZ5
2025-11-18 18:37:00+00:00,33,1,42007130,4068.2,4069.7,4067.1,4069.4,160,MGCZ5
2025-11-18 18:38:00+00:00,33,1,42007130,4069.0,4071.1,4068.5,4070.8,238,MGCZ5
2025-11-18 18:39:00+00:00,33,1,42007130,4070.7,4072.5,4070.2,4072.4,284,MGCZ5
2025-11-18 18:40:00+00:00,33,1,42007130,4072.7,4073.3,4072.1,4072.6,310,MGCZ5
2025-11-18 18:41:00+00:00,33,1,42007130,4072.6,4073.5,4071.9,4073.4,158,MGCZ5
2025-11-18 18:42:00+00:00,33,1,42007130,4073.5,4073.6,4072.0,4072.6,201,MGCZ5
2025-11-18 18:43:00+00:00,33,1,42007130,4072.4,4073.0,4071.2,4072.3,271,MGCZ5
2025-11-18 18:44:00+00:00,33,1,42007130,4072.2,4072.6,4071.1,4071.1,81,MGCZ5
2025-11-18 18:45:00+00:00,33,1,42007130,4071.5,4073.4,4071.5,4072.8,205,MGCZ5
2025-11-18 18:46:00+00:00,33,1,42007130,4072.7,4074.6,4072.7,4073.8,214,MGCZ5
2025-11-18 18:47:00+00:00,33,1,42007130,4073.8,4074.3,4071.7,4072.0,172,MGCZ5
2025-11-18 18:48:00+00:00,33,1,42007130,4072.5,4072.6,4070.8,4070.9,196,MGCZ5
2025-11-18 18:49:00+00:00,33,1,42007130,4070.6,4071.7,4069.8,4071.2,251,MGCZ5
2025-11-18 18:50:00+00:00,33,1,42007130,4071.2,4071.3,4070.0,4070.2,134,MGCZ5
2025-11-18 18:51:00+00:00,33,1,42007130,4070.1,4071.8,4070.0,4071.8,157,MGCZ5
2025-11-18 18:52:00+00:00,33,1,42007130,4071.9,4073.7,4071.6,4073.2,246,MGCZ5
2025-11-18 18:53:00+00:00,33,1,42007130,4073.6,4073.6,4072.3,4072.5,186,MGCZ5
2025-11-18 18:54:00+00:00,33,1,42007130,4072.4,4074.9,4072.3,4073.9,252,MGCZ5
2025-11-18 18:55:00+00:00,33,1,42007130,4074.0,4075.3,4073.1,4074.9,231,MGCZ5
2025-11-18 18:56:00+00:00,33,1,42007130,4074.7,4075.2,4073.1,4074.0,177,MGCZ5
2025-11-18 18:57:00+00:00,33,1,42007130,4073.9,4075.1,4073.7,4074.8,133,MGCZ5
2025-11-18 18:58:00+00:00,33,1,42007130,4074.8,4074.8,4072.5,4073.1,190,MGCZ5
2025-11-18 18:59:00+00:00,33,1,42007130,4073.2,4073.5,4072.4,4073.1,102,MGCZ5
2025-11-18 19:00:00+00:00,33,1,42007130,4073.4,4074.4,4073.1,4074.2,148,MGCZ5
2025-11-18 19:01:00+00:00,33,1,42007130,4074.0,4075.7,4074.0,4074.4,165,MGCZ5
2025-11-18 19:02:00+00:00,33,1,42007130,4074.1,4074.8,4073.2,4074.8,126,MGCZ5
2025-11-18 19:03:00+00:00,33,1,42007130,4074.8,4074.9,4073.4,4073.7,65,MGCZ5
2025-11-18 19:04:00+00:00,33,1,42007130,4073.8,4075.0,4073.8,4074.9,103,MGCZ5
2025-11-18 19:05:00+00:00,33,1,42007130,4074.8,4076.5,4074.1,4074.1,367,MGCZ5
2025-11-18 19:06:00+00:00,33,1,42007130,4074.2,4074.8,4074.1,4074.6,117,MGCZ5
2025-11-18 19:07:00+00:00,33,1,42007130,4074.9,4075.1,4074.2,4074.8,87,MGCZ5
2025-11-18 19:08:00+00:00,33,1,42007130,4074.8,4075.5,4074.1,4075.0,143,MGCZ5
2025-11-18 19:09:00+00:00,33,1,42007130,4075.0,4075.4,4074.3,4075.1,75,MGCZ5
2025-11-18 19:10:00+00:00,33,1,42007130,4075.5,4077.7,4075.2,4076.8,334,MGCZ5
2025-11-18 19:11:00+00:00,33,1,42007130,4076.5,4076.5,4074.6,4075.1,227,MGCZ5
2025-11-18 19:12:00+00:00,33,1,42007130,4075.6,4077.9,4075.2,4077.4,346,MGCZ5
2025-11-18 19:13:00+00:00,33,1,42007130,4077.2,4080.0,4076.2,4079.6,602,MGCZ5
2025-11-18 19:14:00+00:00,33,1,42007130,4079.7,4080.8,4079.4,4080.6,528,MGCZ5
2025-11-18 19:15:00+00:00,33,1,42007130,4080.4,4081.1,4077.3,4078.7,482,MGCZ5
2025-11-18 19:16:00+00:00,33,1,42007130,4078.9,4080.1,4078.8,4080.1,218,MGCZ5
2025-11-18 19:17:00+00:00,33,1,42007130,4079.9,4079.9,4078.6,4079.0,211,MGCZ5
2025-11-18 19:18:00+00:00,33,1,42007130,4079.1,4081.3,4079.1,4080.8,298,MGCZ5
2025-11-18 19:19:00+00:00,33,1,42007130,4081.1,4081.4,4080.2,4080.3,224,MGCZ5
2025-11-18 19:20:00+00:00,33,1,42007130,4080.2,4081.7,4078.7,4079.7,274,MGCZ5
2025-11-18 19:21:00+00:00,33,1,42007130,4079.6,4079.6,4077.6,4077.6,240,MGCZ5
2025-11-18 19:22:00+00:00,33,1,42007130,4077.9,4079.1,4076.8,4077.8,207,MGCZ5
2025-11-18 19:23:00+00:00,33,1,42007130,4077.6,4077.7,4076.5,4077.1,184,MGCZ5
2025-11-18 19:24:00+00:00,33,1,42007130,4077.2,4077.7,4076.9,4077.0,90,MGCZ5
2025-11-18 19:25:00+00:00,33,1,42007130,4077.1,4078.9,4077.1,4078.8,136,MGCZ5
2025-11-18 19:26:00+00:00,33,1,42007130,4078.9,4079.8,4077.4,4077.4,289,MGCZ5
2025-11-18 19:27:00+00:00,33,1,42007130,4077.2,4077.3,4075.9,4076.4,252,MGCZ5
2025-11-18 19:28:00+00:00,33,1,42007130,4076.3,4076.8,4075.6,4076.0,185,MGCZ5
2025-11-18 19:29:00+00:00,33,1,42007130,4075.9,4076.7,4075.8,4076.4,103,MGCZ5
2025-11-18 19:30:00+00:00,33,1,42007130,4076.3,4080.5,4076.2,4079.8,603,MGCZ5
2025-11-18 19:31:00+00:00,33,1,42007130,4079.7,4079.9,4076.9,4077.2,220,MGCZ5
2025-11-18 19:32:00+00:00,33,1,42007130,4077.2,4077.3,4073.9,4075.5,606,MGCZ5
2025-11-18 19:33:00+00:00,33,1,42007130,4075.6,4076.7,4075.0,4075.6,198,MGCZ5
2025-11-18 19:34:00+00:00,33,1,42007130,4075.7,4076.1,4074.1,4076.1,209,MGCZ5
2025-11-18 19:35:00+00:00,33,1,42007130,4076.2,4079.0,4076.1,4078.6,233,MGCZ5
2025-11-18 19:36:00+00:00,33,1,42007130,4078.7,4079.8,4078.4,4078.5,194,MGCZ5
2025-11-18 19:37:00+00:00,33,1,42007130,4078.6,4081.4,4077.7,4081.1,469,MGCZ5
2025-11-18 19:38:00+00:00,33,1,42007130,4081.0,4082.2,4078.8,4078.9,559,MGCZ5
2025-11-18 19:39:00+00:00,33,1,42007130,4079.1,4080.0,4078.1,4080.0,282,MGCZ5
2025-11-18 19:40:00+00:00,33,1,42007130,4079.7,4080.1,4078.0,4079.1,185,MGCZ5
2025-11-18 19:41:00+00:00,33,1,42007130,4078.9,4078.9,4077.5,4078.0,124,MGCZ5
2025-11-18 19:42:00+00:00,33,1,42007130,4077.8,4078.0,4076.3,4077.6,124,MGCZ5
2025-11-18 19:43:00+00:00,33,1,42007130,4077.7,4078.9,4077.4,4078.5,122,MGCZ5
2025-11-18 19:44:00+00:00,33,1,42007130,4078.4,4078.6,4077.1,4078.0,121,MGCZ5
2025-11-18 19:45:00+00:00,33,1,42007130,4078.1,4079.2,4078.0,4079.0,128,MGCZ5
2025-11-18 19:46:00+00:00,33,1,42007130,4079.0,4079.6,4078.3,4078.6,120,MGCZ5
2025-11-18 19:47:00+00:00,33,1,42007130,4079.0,4081.2,4079.0,4080.9,196,MGCZ5
2025-11-18 19:48:00+00:00,33,1,42007130,4080.9,4081.4,4079.6,4080.3,338,MGCZ5
2025-11-18 19:49:00+00:00,33,1,42007130,4080.4,4082.1,4080.4,4082.1,164,MGCZ5
2025-11-18 19:50:00+00:00,33,1,42007130,4081.7,4082.1,4080.4,4080.9,138,MGCZ5
2025-11-18 19:51:00+00:00,33,1,42007130,4080.9,4080.9,4079.6,4079.6,207,MGCZ5
2025-11-18 19:52:00+00:00,33,1,42007130,4079.9,4080.3,4078.8,4080.0,192,MGCZ5
2025-11-18 19:53:00+00:00,33,1,42007130,4080.0,4080.0,4077.8,4078.4,119,MGCZ5
2025-11-18 19:54:00+00:00,33,1,42007130,4078.4,4079.5,4078.0,4078.7,147,MGCZ5
2025-11-18 19:55:00+00:00,33,1,42007130,4078.4,4079.3,4077.4,4079.3,152,MGCZ5
2025-11-18 19:56:00+00:00,33,1,42007130,4079.1,4081.1,4079.1,4081.1,113,MGCZ5
2025-11-18 19:57:00+00:00,33,1,42007130,4080.9,4081.7,4079.5,4079.7,237,MGCZ5
2025-11-18 19:58:00+00:00,33,1,42007130,4080.0,4083.7,4079.9,4081.9,806,MGCZ5
2025-11-18 19:59:00+00:00,33,1,42007130,4081.8,4083.2,4081.8,4082.1,172,MGCZ5
2025-11-18 20:00:00+00:00,33,1,42007130,4082.3,4083.7,4081.7,4083.0,340,MGCZ5
2025-11-18 20:01:00+00:00,33,1,42007130,4082.7,4083.1,4082.2,4082.2,167,MGCZ5
2025-11-18 20:02:00+00:00,33,1,42007130,4082.4,4082.8,4080.4,4082.1,220,MGCZ5
2025-11-18 20:03:00+00:00,33,1,42007130,4081.9,4082.4,4080.2,4082.2,292,MGCZ5
2025-11-18 20:04:00+00:00,33,1,42007130,4082.4,4082.4,4079.3,4079.5,248,MGCZ5
2025-11-18 20:05:00+00:00,33,1,42007130,4079.2,4080.0,4077.9,4078.3,207,MGCZ5
2025-11-18 20:06:00+00:00,33,1,42007130,4078.1,4078.1,4076.3,4076.6,242,MGCZ5
2025-11-18 20:07:00+00:00,33,1,42007130,4076.6,4077.4,4076.0,4077.0,245,MGCZ5
2025-11-18 20:08:00+00:00,33,1,42007130,4076.8,4078.4,4076.7,4076.9,166,MGCZ5
2025-11-18 20:09:00+00:00,33,1,42007130,4076.7,4077.4,4076.2,4076.6,147,MGCZ5
2025-11-18 20:10:00+00:00,33,1,42007130,4076.7,4078.4,4076.2,4077.3,153,MGCZ5
2025-11-18 20:11:00+00:00,33,1,42007130,4077.4,4077.5,4076.3,4077.5,142,MGCZ5
2025-11-18 20:12:00+00:00,33,1,42007130,4077.6,4078.4,4077.3,4077.9,108,MGCZ5
2025-11-18 20:13:00+00:00,33,1,42007130,4077.6,4077.6,4074.6,4075.4,282,MGCZ5
2025-11-18 20:14:00+00:00,33,1,42007130,4075.6,4075.8,4073.6,4074.1,360,MGCZ5
2025-11-18 20:15:00+00:00,33,1,42007130,4074.4,4076.4,4074.2,4076.1,259,MGCZ5
2025-11-18 20:16:00+00:00,33,1,42007130,4076.0,4076.0,4074.5,4075.4,150,MGCZ5
2025-11-18 20:17:00+00:00,33,1,42007130,4075.4,4077.4,4075.3,4076.7,183,MGCZ5
2025-11-18 20:18:00+00:00,33,1,42007130,4076.4,4077.3,4076.0,4076.0,103,MGCZ5
2025-11-18 20:19:00+00:00,33,1,42007130,4076.2,4076.2,4074.7,4075.0,146,MGCZ5
2025-11-18 20:20:00+00:00,33,1,42007130,4075.1,4075.8,4074.7,4075.8,103,MGCZ5
2025-11-18 20:21:00+00:00,33,1,42007130,4076.0,4076.7,4075.5,4075.7,141,MGCZ5
2025-11-18 20:22:00+00:00,33,1,42007130,4075.6,4076.5,4074.9,4075.4,136,MGCZ5
2025-11-18 20:23:00+00:00,33,1,42007130,4075.0,4075.4,4072.6,4073.7,240,MGCZ5
2025-11-18 20:24:00+00:00,33,1,42007130,4073.3,4073.6,4071.6,4072.2,420,MGCZ5
2025-11-18 20:25:00+00:00,33,1,42007130,4072.3,4073.3,4071.0,4071.0,285,MGCZ5
2025-11-18 20:26:00+00:00,33,1,42007130,4071.2,4071.4,4069.6,4071.1,456,MGCZ5
2025-11-18 20:27:00+00:00,33,1,42007130,4070.7,4072.4,4070.3,4071.1,184,MGCZ5
2025-11-18 20:28:00+00:00,33,1,42007130,4070.9,4071.8,4069.9,4071.6,127,MGCZ5
2025-11-18 20:29:00+00:00,33,1,42007130,4071.4,4073.1,4071.4,4072.9,163,MGCZ5
2025-11-18 20:30:00+00:00,33,1,42007130,4073.1,4073.6,4071.6,4072.9,236,MGCZ5
2025-11-18 20:31:00+00:00,33,1,42007130,4072.7,4073.1,4071.9,4072.1,155,MGCZ5
2025-11-18 20:32:00+00:00,33,1,42007130,4072.0,4074.4,4072.0,4074.2,235,MGCZ5
2025-11-18 20:33:00+00:00,33,1,42007130,4074.0,4074.1,4072.9,4072.9,121,MGCZ5
2025-11-18 20:34:00+00:00,33,1,42007130,4072.7,4073.4,4072.0,4072.2,154,MGCZ5
2025-11-18 20:35:00+00:00,33,1,42007130,4072.5,4073.1,4071.9,4072.2,114,MGCZ5
2025-11-18 20:36:00+00:00,33,1,42007130,4072.0,4072.2,4070.3,4070.6,231,MGCZ5
2025-11-18 20:37:00+00:00,33,1,42007130,4070.6,4071.7,4070.3,4071.3,123,MGCZ5
2025-11-18 20:38:00+00:00,33,1,42007130,4071.5,4073.3,4071.0,4073.0,141,MGCZ5
2025-11-18 20:39:00+00:00,33,1,42007130,4072.9,4073.9,4072.1,4073.3,118,MGCZ5
2025-11-18 20:40:00+00:00,33,1,42007130,4073.4,4073.5,4072.1,4072.2,115,MGCZ5
2025-11-18 20:41:00+00:00,33,1,42007130,4072.3,4072.4,4070.8,4071.0,142,MGCZ5
2025-11-18 20:42:00+00:00,33,1,42007130,4070.9,4070.9,4069.7,4070.1,140,MGCZ5
2025-11-18 20:43:00+00:00,33,1,42007130,4070.3,4071.4,4069.2,4070.8,217,MGCZ5
2025-11-18 20:44:00+00:00,33,1,42007130,4070.9,4071.2,4068.6,4068.8,189,MGCZ5
2025-11-18 20:45:00+00:00,33,1,42007130,4068.9,4070.4,4068.7,4069.8,162,MGCZ5
2025-11-18 20:46:00+00:00,33,1,42007130,4070.1,4070.7,4067.3,4068.5,260,MGCZ5
2025-11-18 20:47:00+00:00,33,1,42007130,4068.5,4069.6,4067.6,4069.5,131,MGCZ5
2025-11-18 20:48:00+00:00,33,1,42007130,4069.3,4071.3,4068.9,4071.1,220,MGCZ5
2025-11-18 20:49:00+00:00,33,1,42007130,4071.1,4071.9,4069.9,4070.1,144,MGCZ5
2025-11-18 20:50:00+00:00,33,1,42007130,4070.0,4071.8,4069.7,4070.4,162,MGCZ5
2025-11-18 20:51:00+00:00,33,1,42007130,4070.9,4071.1,4069.8,4070.2,89,MGCZ5
2025-11-18 20:52:00+00:00,33,1,42007130,4070.2,4070.8,4069.3,4070.1,116,MGCZ5
2025-11-18 20:53:00+00:00,33,1,42007130,4070.1,4070.5,4069.8,4070.5,78,MGCZ5
2025-11-18 20:54:00+00:00,33,1,42007130,4070.7,4070.8,4069.6,4069.9,91,MGCZ5
2025-11-18 20:55:00+00:00,33,1,42007130,4069.8,4071.3,4069.8,4070.3,176,MGCZ5
2025-11-18 20:56:00+00:00,33,1,42007130,4070.1,4070.3,4069.3,4069.7,150,MGCZ5
2025-11-18 20:57:00+00:00,33,1,42007130,4069.7,4069.8,4068.6,4069.1,173,MGCZ5
2025-11-18 20:58:00+00:00,33,1,42007130,4069.3,4070.8,4069.1,4070.5,167,MGCZ5
2025-11-18 20:59:00+00:00,33,1,42007130,4070.6,4070.7,4068.5,4069.7,302,MGCZ5
2025-11-18 21:00:00+00:00,33,1,42007130,4069.9,4071.2,4069.2,4071.2,258,MGCZ5
2025-11-18 21:01:00+00:00,33,1,42007130,4071.0,4071.5,4069.6,4070.8,111,MGCZ5
2025-11-18 21:02:00+00:00,33,1,42007130,4070.7,4072.5,4070.2,4072.0,216,MGCZ5
2025-11-18 21:03:00+00:00,33,1,42007130,4072.0,4072.6,4071.7,4072.0,84,MGCZ5
2025-11-18 21:04:00+00:00,33,1,42007130,4072.0,4072.0,4070.5,4070.5,115,MGCZ5
2025-11-18 21:05:00+00:00,33,1,42007130,4070.3,4071.4,4070.3,4071.3,55,MGCZ5
2025-11-18 21:06:00+00:00,33,1,42007130,4071.1,4071.1,4069.5,4070.3,86,MGCZ5
2025-11-18 21:07:00+00:00,33,1,42007130,4070.1,4071.0,4069.7,4070.4,53,MGCZ5
2025-11-18 21:08:00+00:00,33,1,42007130,4070.2,4071.0,4070.0,4070.5,44,MGCZ5
2025-11-18 21:09:00+00:00,33,1,42007130,4070.7,4070.9,4070.2,4070.6,41,MGCZ5
2025-11-18 21:10:00+00:00,33,1,42007130,4070.7,4071.1,4070.5,4071.0,69,MGCZ5
2025-11-18 21:11:00+00:00,33,1,42007130,4071.0,4071.0,4069.6,4070.2,60,MGCZ5
2025-11-18 21:12:00+00:00,33,1,42007130,4070.2,4070.8,4069.9,4070.8,25,MGCZ5
2025-11-18 21:13:00+00:00,33,1,42007130,4070.9,4071.1,4070.8,4070.9,33,MGCZ5
2025-11-18 21:14:00+00:00,33,1,42007130,4070.9,4071.0,4070.4,4070.5,43,MGCZ5
2025-11-18 21:15:00+00:00,33,1,42007130,4070.0,4070.2,4069.4,4069.5,79,MGCZ5
2025-11-18 21:16:00+00:00,33,1,42007130,4069.4,4069.4,4066.8,4067.1,276,MGCZ5
2025-11-18 21:17:00+00:00,33,1,42007130,4067.1,4068.3,4067.1,4067.3,76,MGCZ5
2025-11-18 21:18:00+00:00,33,1,42007130,4067.4,4067.4,4067.0,4067.2,60,MGCZ5
2025-11-18 21:19:00+00:00,33,1,42007130,4067.5,4067.7,4066.4,4066.5,63,MGCZ5
2025-11-18 21:20:00+00:00,33,1,42007130,4066.4,4066.7,4064.9,4065.7,229,MGCZ5
2025-11-18 21:21:00+00:00,33,1,42007130,4065.5,4066.8,4065.4,4066.8,72,MGCZ5
2025-11-18 21:22:00+00:00,33,1,42007130,4066.8,4067.2,4066.3,4066.6,90,MGCZ5
2025-11-18 21:23:00+00:00,33,1,42007130,4066.6,4066.8,4065.9,4066.5,60,MGCZ5
2025-11-18 21:24:00+00:00,33,1,42007130,4066.4,4067.0,4066.1,4066.7,65,MGCZ5
2025-11-18 21:25:00+00:00,33,1,42007130,4067.1,4067.1,4066.3,4066.5,61,MGCZ5
2025-11-18 21:26:00+00:00,33,1,42007130,4066.6,4066.7,4065.2,4065.2,112,MGCZ5
2025-11-18 21:27:00+00:00,33,1,42007130,4065.1,4065.8,4065.1,4065.3,69,MGCZ5
2025-11-18 21:28:00+00:00,33,1,42007130,4065.3,4065.8,4065.3,4065.5,23,MGCZ5
2025-11-18 21:29:00+00:00,33,1,42007130,4065.3,4066.0,4065.2,4066.0,28,MGCZ5
2025-11-18 21:30:00+00:00,33,1,42007130,4065.9,4067.7,4065.9,4067.1,177,MGCZ5
2025-11-18 21:31:00+00:00,33,1,42007130,4067.0,4068.0,4067.0,4068.0,69,MGCZ5
2025-11-18 21:32:00+00:00,33,1,42007130,4068.0,4068.2,4067.5,4067.8,50,MGCZ5
2025-11-18 21:33:00+00:00,33,1,42007130,4067.7,4068.0,4067.4,4068.0,28,MGCZ5
2025-11-18 21:34:00+00:00,33,1,42007130,4067.8,4067.9,4067.4,4067.9,41,MGCZ5
2025-11-18 21:35:00+00:00,33,1,42007130,4067.7,4068.6,4067.6,4068.3,48,MGCZ5
2025-11-18 21:36:00+00:00,33,1,42007130,4067.9,4068.2,4067.3,4067.8,70,MGCZ5
2025-11-18 21:37:00+00:00,33,1,42007130,4067.7,4067.8,4067.4,4067.6,40,MGCZ5
2025-11-18 21:38:00+00:00,33,1,42007130,4067.7,4068.3,4067.6,4068.0,69,MGCZ5
2025-11-18 21:39:00+00:00,33,1,42007130,4067.8,4068.0,4066.8,4066.8,71,MGCZ5
2025-11-18 21:40:00+00:00,33,1,42007130,4067.0,4067.0,4065.6,4065.9,65,MGCZ5
2025-11-18 21:41:00+00:00,33,1,42007130,4065.6,4065.8,4064.9,4065.4,61,MGCZ5
2025-11-18 21:42:00+00:00,33,1,42007130,4065.2,4066.9,4065.1,4066.9,92,MGCZ5
2025-11-18 21:43:00+00:00,33,1,42007130,4066.6,4067.2,4066.6,4066.7,42,MGCZ5
2025-11-18 21:44:00+00:00,33,1,42007130,4066.8,4068.0,4066.7,4067.4,104,MGCZ5
2025-11-18 21:45:00+00:00,33,1,42007130,4067.1,4067.9,4065.6,4065.6,142,MGCZ5
2025-11-18 21:46:00+00:00,33,1,42007130,4065.9,4067.0,4065.8,4067.0,50,MGCZ5
2025-11-18 21:47:00+00:00,33,1,42007130,4067.2,4068.2,4067.2,4068.2,50,MGCZ5
2025-11-18 21:48:00+00:00,33,1,42007130,4068.2,4068.2,4067.3,4067.9,25,MGCZ5
2025-11-18 21:49:00+00:00,33,1,42007130,4068.0,4068.4,4067.5,4067.5,50,MGCZ5
2025-11-18 21:50:00+00:00,33,1,42007130,4067.6,4067.6,4066.0,4066.5,79,MGCZ5
2025-11-18 21:51:00+00:00,33,1,42007130,4066.6,4066.8,4066.4,4066.4,32,MGCZ5
2025-11-18 21:52:00+00:00,33,1,42007130,4066.6,4067.5,4066.6,4067.2,85,MGCZ5
2025-11-18 21:53:00+00:00,33,1,42007130,4067.1,4067.1,4066.6,4066.6,31,MGCZ5
2025-11-18 21:54:00+00:00,33,1,42007130,4066.7,4067.4,4066.7,4067.2,18,MGCZ5
2025-11-18 21:55:00+00:00,33,1,42007130,4067.1,4067.4,4066.8,4067.0,33,MGCZ5
2025-11-18 21:56:00+00:00,33,1,42007130,4066.8,4067.0,4066.3,4066.5,44,MGCZ5
2025-11-18 21:57:00+00:00,33,1,42007130,4066.5,4067.5,4066.5,4067.4,29,MGCZ5
2025-11-18 21:58:00+00:00,33,1,42007130,4067.1,4067.4,4067.0,4067.4,34,MGCZ5
2025-11-18 21:59:00+00:00,33,1,42007130,4067.2,4067.9,4066.6,4067.6,110,MGCZ5
2025-11-18 23:00:00+00:00,33,1,42007130,4067.6,4069.5,4066.5,4068.7,344,MGCZ5
2025-11-18 23:01:00+00:00,33,1,42007130,4068.8,4071.3,4068.6,4069.5,367,MGCZ5
2025-11-18 23:02:00+00:00,33,1,42007130,4069.1,4069.5,4065.6,4067.3,239,MGCZ5
2025-11-18 23:03:00+00:00,33,1,42007130,4067.2,4068.1,4065.4,4067.9,154,MGCZ5
2025-11-18 23:04:00+00:00,33,1,42007130,4068.0,4068.1,4066.6,4066.6,106,MGCZ5
2025-11-18 23:05:00+00:00,33,1,42007130,4066.5,4068.8,4066.4,4067.7,80,MGCZ5
2025-11-18 23:06:00+00:00,33,1,42007130,4067.4,4069.9,4066.3,4069.6,167,MGCZ5
2025-11-18 23:07:00+00:00,33,1,42007130,4069.6,4070.5,4068.5,4069.4,144,MGCZ5
2025-11-18 23:08:00+00:00,33,1,42007130,4069.1,4071.8,4068.7,4071.1,131,MGCZ5
2025-11-18 23:09:00+00:00,33,1,42007130,4070.9,4073.1,4070.9,4071.6,297,MGCZ5
2025-11-18 23:10:00+00:00,33,1,42007130,4071.8,4072.4,4069.5,4069.8,247,MGCZ5
2025-11-18 23:11:00+00:00,33,1,42007130,4069.5,4071.1,4069.5,4070.0,109,MGCZ5
2025-11-18 23:12:00+00:00,33,1,42007130,4069.8,4070.6,4069.0,4070.2,93,MGCZ5
2025-11-18 23:13:00+00:00,33,1,42007130,4070.8,4072.0,4070.2,4070.5,101,MGCZ5
2025-11-18 23:14:00+00:00,33,1,42007130,4070.5,4070.7,4069.3,4070.7,116,MGCZ5
2025-11-18 23:15:00+00:00,33,1,42007130,4070.7,4071.3,4070.7,4070.9,68,MGCZ5
2025-11-18 23:16:00+00:00,33,1,42007130,4071.2,4073.2,4070.8,4072.6,178,MGCZ5
2025-11-18 23:17:00+00:00,33,1,42007130,4072.6,4072.7,4069.9,4070.0,210,MGCZ5
2025-11-18 23:18:00+00:00,33,1,42007130,4070.0,4071.0,4070.0,4070.0,57,MGCZ5
2025-11-18 23:19:00+00:00,33,1,42007130,4070.4,4071.8,4070.2,4071.5,96,MGCZ5
2025-11-18 23:20:00+00:00,33,1,42007130,4071.5,4071.8,4070.7,4070.9,54,MGCZ5
2025-11-18 23:21:00+00:00,33,1,42007130,4071.2,4072.7,4071.1,4072.4,113,MGCZ5
2025-11-18 23:22:00+00:00,33,1,42007130,4072.4,4072.5,4071.4,4071.5,70,MGCZ5
2025-11-18 23:23:00+00:00,33,1,42007130,4071.4,4072.0,4070.9,4071.6,39,MGCZ5
2025-11-18 23:24:00+00:00,33,1,42007130,4071.5,4072.1,4071.2,4072.0,35,MGCZ5
2025-11-18 23:25:00+00:00,33,1,42007130,4072.1,4072.4,4070.7,4070.8,75,MGCZ5
2025-11-18 23:26:00+00:00,33,1,42007130,4070.7,4072.0,4070.7,4071.9,96,MGCZ5
2025-11-18 23:27:00+00:00,33,1,42007130,4071.9,4071.9,4070.9,4071.1,28,MGCZ5
2025-11-18 23:28:00+00:00,33,1,42007130,4071.4,4071.4,4070.6,4070.9,44,MGCZ5
2025-11-18 23:29:00+00:00,33,1,42007130,4070.6,4070.9,4070.1,4070.6,63,MGCZ5
2025-11-18 23:30:00+00:00,33,1,42007130,4070.6,4070.6,4068.0,4069.7,245,MGCZ5
2025-11-18 23:31:00+00:00,33,1,42007130,4069.6,4069.6,4067.2,4067.7,160,MGCZ5
2025-11-18 23:32:00+00:00,33,1,42007130,4067.8,4068.8,4067.7,4068.0,143,MGCZ5
2025-11-18 23:33:00+00:00,33,1,42007130,4068.3,4068.8,4067.3,4068.5,126,MGCZ5
2025-11-18 23:34:00+00:00,33,1,42007130,4068.5,4068.9,4067.7,4068.8,65,MGCZ5
2025-11-18 23:35:00+00:00,33,1,42007130,4068.7,4069.2,4067.9,4069.0,125,MGCZ5
2025-11-18 23:36:00+00:00,33,1,42007130,4068.7,4068.9,4067.9,4068.3,99,MGCZ5
2025-11-18 23:37:00+00:00,33,1,42007130,4068.9,4069.7,4068.7,4068.9,229,MGCZ5
2025-11-18 23:38:00+00:00,33,1,42007130,4068.8,4069.7,4068.4,4068.4,73,MGCZ5
2025-11-18 23:39:00+00:00,33,1,42007130,4068.3,4068.6,4067.5,4068.3,87,MGCZ5
2025-11-18 23:40:00+00:00,33,1,42007130,4068.3,4068.8,4067.8,4068.4,48,MGCZ5
2025-11-18 23:41:00+00:00,33,1,42007130,4068.3,4068.8,4067.8,4067.9,44,MGCZ5
2025-11-18 23:42:00+00:00,33,1,42007130,4067.8,4070.4,4067.8,4070.0,322,MGCZ5
2025-11-18 23:43:00+00:00,33,1,42007130,4070.1,4071.6,4070.0,4071.6,238,MGCZ5
2025-11-18 23:44:00+00:00,33,1,42007130,4071.6,4073.4,4071.5,4072.9,368,MGCZ5
2025-11-18 23:45:00+00:00,33,1,42007130,4072.9,4074.7,4072.2,4074.5,407,MGCZ5
2025-11-18 23:46:00+00:00,33,1,42007130,4074.5,4074.8,4071.8,4072.7,307,MGCZ5
2025-11-18 23:47:00+00:00,33,1,42007130,4072.5,4072.5,4069.6,4071.4,404,MGCZ5
2025-11-18 23:48:00+00:00,33,1,42007130,4071.4,4072.5,4070.8,4071.1,131,MGCZ5
2025-11-18 23:49:00+00:00,33,1,42007130,4071.0,4071.6,4069.2,4069.6,160,MGCZ5
2025-11-18 23:50:00+00:00,33,1,42007130,4069.7,4070.7,4069.4,4070.5,89,MGCZ5
2025-11-18 23:51:00+00:00,33,1,42007130,4070.7,4072.7,4070.5,4072.7,101,MGCZ5
2025-11-18 23:52:00+00:00,33,1,42007130,4072.5,4073.1,4071.2,4072.2,108,MGCZ5
2025-11-18 23:53:00+00:00,33,1,42007130,4072.1,4072.1,4070.9,4071.3,78,MGCZ5
2025-11-18 23:54:00+00:00,33,1,42007130,4071.5,4074.3,4070.7,4073.9,210,MGCZ5
2025-11-18 23:55:00+00:00,33,1,42007130,4073.8,4074.9,4073.0,4074.4,160,MGCZ5
2025-11-18 23:56:00+00:00,33,1,42007130,4074.5,4074.9,4073.9,4074.5,103,MGCZ5
2025-11-18 23:57:00+00:00,33,1,42007130,4074.6,4076.3,4074.2,4076.3,289,MGCZ5
2025-11-18 23:58:00+00:00,33,1,42007130,4076.3,4077.7,4075.5,4076.8,318,MGCZ5
2025-11-18 23:59:00+00:00,33,1,42007130,4076.5,4077.1,4075.8,4076.3,119,MGCZ5
2025-11-19 00:00:00+00:00,33,1,42007130,4076.2,4077.4,4072.7,4073.2,533,MGCZ5
2025-11-19 00:01:00+00:00,33,1,42007130,4073.1,4074.4,4072.0,4073.1,279,MGCZ5
2025-11-19 00:02:00+00:00,33,1,42007130,4072.9,4074.8,4072.7,4074.6,133,MGCZ5
2025-11-19 00:03:00+00:00,33,1,42007130,4074.5,4074.5,4073.2,4073.5,107,MGCZ5
2025-11-19 00:04:00+00:00,33,1,42007130,4073.6,4074.9,4073.2,4073.2,92,MGCZ5
2025-11-19 00:05:00+00:00,33,1,42007130,4073.1,4074.0,4072.6,4073.4,121,MGCZ5
2025-11-19 00:06:00+00:00,33,1,42007130,4073.7,4074.6,4073.2,4073.6,129,MGCZ5
2025-11-19 00:07:00+00:00,33,1,42007130,4073.4,4073.5,4071.6,4072.7,255,MGCZ5
2025-11-19 00:08:00+00:00,33,1,42007130,4072.7,4073.1,4070.7,4072.2,224,MGCZ5
2025-11-19 00:09:00+00:00,33,1,42007130,4072.0,4074.0,4071.9,4074.0,240,MGCZ5
2025-11-19 00:10:00+00:00,33,1,42007130,4073.8,4074.4,4073.1,4074.4,107,MGCZ5
2025-11-19 00:11:00+00:00,33,1,42007130,4074.5,4075.0,4073.8,4073.8,137,MGCZ5
2025-11-19 00:12:00+00:00,33,1,42007130,4073.9,4074.2,4072.2,4072.8,108,MGCZ5
2025-11-19 00:13:00+00:00,33,1,42007130,4073.2,4073.6,4072.7,4073.1,57,MGCZ5
2025-11-19 00:14:00+00:00,33,1,42007130,4073.2,4073.4,4072.6,4072.7,37,MGCZ5
2025-11-19 00:15:00+00:00,33,1,42007130,4072.5,4072.8,4070.8,4071.0,182,MGCZ5
2025-11-19 00:16:00+00:00,33,1,42007130,4070.8,4073.9,4070.7,4073.9,179,MGCZ5
2025-11-19 00:17:00+00:00,33,1,42007130,4073.7,4074.0,4071.7,4071.9,131,MGCZ5
2025-11-19 00:18:00+00:00,33,1,42007130,4071.5,4072.5,4070.3,4072.5,188,MGCZ5
2025-11-19 00:19:00+00:00,33,1,42007130,4072.4,4072.5,4070.4,4071.8,140,MGCZ5
2025-11-19 00:20:00+00:00,33,1,42007130,4071.6,4074.3,4071.0,4073.8,235,MGCZ5
2025-11-19 00:21:00+00:00,33,1,42007130,4073.8,4074.7,4073.8,4074.4,118,MGCZ5
2025-11-19 00:22:00+00:00,33,1,42007130,4074.2,4076.6,4073.8,4076.3,237,MGCZ5
2025-11-19 00:23:00+00:00,33,1,42007130,4076.5,4078.0,4076.2,4077.2,336,MGCZ5
2025-11-19 00:24:00+00:00,33,1,42007130,4077.3,4078.0,4076.1,4076.5,195,MGCZ5
2025-11-19 00:25:00+00:00,33,1,42007130,4076.4,4076.4,4075.1,4076.4,174,MGCZ5
2025-11-19 00:26:00+00:00,33,1,42007130,4076.4,4076.9,4076.2,4076.3,75,MGCZ5
2025-11-19 00:27:00+00:00,33,1,42007130,4076.3,4077.0,4075.6,4075.8,151,MGCZ5
2025-11-19 00:28:00+00:00,33,1,42007130,4075.6,4075.6,4074.1,4074.3,181,MGCZ5
2025-11-19 00:29:00+00:00,33,1,42007130,4074.4,4074.6,4073.6,4074.2,93,MGCZ5
2025-11-19 00:30:00+00:00,33,1,42007130,4074.2,4076.9,4073.7,4076.5,239,MGCZ5
2025-11-19 00:31:00+00:00,33,1,42007130,4076.8,4077.0,4076.3,4076.4,97,MGCZ5
2025-11-19 00:32:00+00:00,33,1,42007130,4076.4,4076.4,4074.2,4074.9,129,MGCZ5
2025-11-19 00:33:00+00:00,33,1,42007130,4075.5,4077.0,4075.0,4076.7,81,MGCZ5
2025-11-19 00:34:00+00:00,33,1,42007130,4076.8,4076.8,4074.9,4075.5,130,MGCZ5
2025-11-19 00:35:00+00:00,33,1,42007130,4075.6,4076.2,4074.8,4074.8,86,MGCZ5
2025-11-19 00:36:00+00:00,33,1,42007130,4075.0,4075.4,4074.7,4075.3,44,MGCZ5
2025-11-19 00:37:00+00:00,33,1,42007130,4075.2,4075.2,4074.9,4075.0,25,MGCZ5
2025-11-19 00:38:00+00:00,33,1,42007130,4074.9,4076.2,4074.6,4075.7,127,MGCZ5
2025-11-19 00:39:00+00:00,33,1,42007130,4075.6,4076.3,4075.3,4076.0,63,MGCZ5
2025-11-19 00:40:00+00:00,33,1,42007130,4076.0,4076.3,4073.9,4074.8,359,MGCZ5
2025-11-19 00:41:00+00:00,33,1,42007130,4074.9,4076.2,4074.9,4075.6,425,MGCZ5
2025-11-19 00:42:00+00:00,33,1,42007130,4075.6,4075.8,4074.7,4075.2,292,MGCZ5
2025-11-19 00:43:00+00:00,33,1,42007130,4075.2,4075.6,4074.3,4074.3,309,MGCZ5
2025-11-19 00:44:00+00:00,33,1,42007130,4074.5,4075.7,4074.3,4074.9,497,MGCZ5
2025-11-19 00:45:00+00:00,33,1,42007130,4075.0,4075.6,4073.9,4075.5,313,MGCZ5
2025-11-19 00:46:00+00:00,33,1,42007130,4075.5,4075.5,4073.0,4074.0,203,MGCZ5
2025-11-19 00:47:00+00:00,33,1,42007130,4074.2,4074.9,4073.9,4074.3,80,MGCZ5
2025-11-19 00:48:00+00:00,33,1,42007130,4074.4,4074.5,4071.4,4072.5,363,MGCZ5
2025-11-19 00:49:00+00:00,33,1,42007130,4072.3,4072.6,4071.1,4071.7,172,MGCZ5
2025-11-19 00:50:00+00:00,33,1,42007130,4071.7,4072.2,4069.5,4069.7,472,MGCZ5
2025-11-19 00:51:00+00:00,33,1,42007130,4069.6,4071.7,4068.9,4069.0,359,MGCZ5
2025-11-19 00:52:00+00:00,33,1,42007130,4069.3,4070.2,4067.3,4067.3,396,MGCZ5
2025-11-19 00:53:00+00:00,33,1,42007130,4067.5,4071.2,4067.4,4071.1,342,MGCZ5
2025-11-19 00:54:00+00:00,33,1,42007130,4071.3,4072.4,4070.4,4071.5,350,MGCZ5
2025-11-19 00:55:00+00:00,33,1,42007130,4071.5,4071.5,4067.7,4067.7,277,MGCZ5
2025-11-19 00:56:00+00:00,33,1,42007130,4067.7,4068.9,4067.1,4068.3,216,MGCZ5
2025-11-19 00:57:00+00:00,33,1,42007130,4068.3,4069.3,4068.0,4068.9,108,MGCZ5
2025-11-19 00:58:00+00:00,33,1,42007130,4069.2,4069.3,4067.8,4067.8,92,MGCZ5
2025-11-19 00:59:00+00:00,33,1,42007130,4068.2,4070.0,4068.2,4068.9,110,MGCZ5
2025-11-19 01:00:00+00:00,33,1,42007130,4068.9,4070.0,4067.0,4068.0,385,MGCZ5
2025-11-19 01:01:00+00:00,33,1,42007130,4068.4,4068.7,4065.7,4068.4,444,MGCZ5
2025-11-19 01:02:00+00:00,33,1,42007130,4068.1,4068.7,4066.6,4068.1,207,MGCZ5
2025-11-19 01:03:00+00:00,33,1,42007130,4068.0,4068.0,4064.2,4065.5,642,MGCZ5
2025-11-19 01:04:00+00:00,33,1,42007130,4065.5,4067.4,4065.0,4066.9,270,MGCZ5
2025-11-19 01:05:00+00:00,33,1,42007130,4066.9,4067.0,4065.0,4065.9,189,MGCZ5
2025-11-19 01:06:00+00:00,33,1,42007130,4065.9,4066.8,4062.5,4062.9,517,MGCZ5
2025-11-19 01:07:00+00:00,33,1,42007130,4062.9,4063.5,4061.6,4062.4,513,MGCZ5
2025-11-19 01:08:00+00:00,33,1,42007130,4062.4,4063.8,4061.2,4061.2,326,MGCZ5
2025-11-19 01:09:00+00:00,33,1,42007130,4061.4,4062.5,4061.2,4061.7,370,MGCZ5
2025-11-19 01:10:00+00:00,33,1,42007130,4061.6,4062.9,4061.2,4062.7,227,MGCZ5
2025-11-19 01:11:00+00:00,33,1,42007130,4062.7,4063.3,4062.2,4062.8,191,MGCZ5
2025-11-19 01:12:00+00:00,33,1,42007130,4062.6,4064.3,4062.4,4063.9,277,MGCZ5
2025-11-19 01:13:00+00:00,33,1,42007130,4063.8,4064.3,4062.5,4063.7,157,MGCZ5
2025-11-19 01:14:00+00:00,33,1,42007130,4063.9,4064.7,4063.5,4064.6,146,MGCZ5
2025-11-19 01:15:00+00:00,33,1,42007130,4064.8,4065.8,4064.3,4064.6,316,MGCZ5
2025-11-19 01:16:00+00:00,33,1,42007130,4064.5,4065.1,4062.6,4062.9,232,MGCZ5
2025-11-19 01:17:00+00:00,33,1,42007130,4062.8,4063.2,4061.7,4062.3,254,MGCZ5
2025-11-19 01:18:00+00:00,33,1,42007130,4062.2,4063.7,4060.7,4063.2,408,MGCZ5
2025-11-19 01:19:00+00:00,33,1,42007130,4063.2,4067.5,4063.2,4067.4,558,MGCZ5
2025-11-19 01:20:00+00:00,33,1,42007130,4067.3,4070.0,4067.3,4069.3,584,MGCZ5
2025-11-19 01:21:00+00:00,33,1,42007130,4069.2,4069.3,4067.9,4068.0,258,MGCZ5
2025-11-19 01:22:00+00:00,33,1,42007130,4067.9,4067.9,4066.0,4067.2,363,MGCZ5
2025-11-19 01:23:00+00:00,33,1,42007130,4067.2,4067.4,4065.8,4066.1,138,MGCZ5
2025-11-19 01:24:00+00:00,33,1,42007130,4066.0,4066.6,4065.3,4066.5,146,MGCZ5
2025-11-19 01:25:00+00:00,33,1,42007130,4066.5,4068.5,4066.3,4068.3,203,MGCZ5
2025-11-19 01:26:00+00:00,33,1,42007130,4068.1,4068.7,4067.8,4068.1,115,MGCZ5
2025-11-19 01:27:00+00:00,33,1,42007130,4068.2,4069.9,4068.2,4069.4,268,MGCZ5
2025-11-19 01:28:00+00:00,33,1,42007130,4069.5,4070.0,4068.1,4069.0,201,MGCZ5
2025-11-19 01:29:00+00:00,33,1,42007130,4069.0,4069.3,4067.7,4067.9,124,MGCZ5
2025-11-19 01:30:00+00:00,33,1,42007130,4067.9,4068.4,4067.2,4067.9,141,MGCZ5
2025-11-19 01:31:00+00:00,33,1,42007130,4067.8,4070.7,4067.8,4070.2,297,MGCZ5
2025-11-19 01:32:00+00:00,33,1,42007130,4070.2,4070.3,4067.2,4067.4,236,MGCZ5
2025-11-19 01:33:00+00:00,33,1,42007130,4067.6,4067.7,4064.1,4065.3,555,MGCZ5
2025-11-19 01:34:00+00:00,33,1,42007130,4065.1,4065.2,4063.5,4065.0,326,MGCZ5
2025-11-19 01:35:00+00:00,33,1,42007130,4065.0,4066.7,4063.5,4065.8,352,MGCZ5
2025-11-19 01:36:00+00:00,33,1,42007130,4066.0,4067.7,4065.0,4067.0,182,MGCZ5
2025-11-19 01:37:00+00:00,33,1,42007130,4067.3,4067.4,4065.4,4065.4,129,MGCZ5
2025-11-19 01:38:00+00:00,33,1,42007130,4065.3,4065.3,4063.5,4063.8,215,MGCZ5
2025-11-19 01:39:00+00:00,33,1,42007130,4063.9,4063.9,4061.3,4061.4,593,MGCZ5
2025-11-19 01:40:00+00:00,33,1,42007130,4061.4,4063.5,4061.2,4062.9,273,MGCZ5
2025-11-19 01:41:00+00:00,33,1,42007130,4063.0,4063.9,4063.0,4063.6,137,MGCZ5
2025-11-19 01:42:00+00:00,33,1,42007130,4063.8,4063.9,4062.4,4063.3,99,MGCZ5
2025-11-19 01:43:00+00:00,33,1,42007130,4063.4,4065.9,4063.3,4065.8,255,MGCZ5
2025-11-19 01:44:00+00:00,33,1,42007130,4065.8,4066.4,4065.1,4065.6,199,MGCZ5
2025-11-19 01:45:00+00:00,33,1,42007130,4066.0,4066.0,4063.4,4063.4,202,MGCZ5
2025-11-19 01:46:00+00:00,33,1,42007130,4063.4,4064.2,4063.0,4063.9,153,MGCZ5
2025-11-19 01:47:00+00:00,33,1,42007130,4064.2,4065.1,4064.2,4064.5,116,MGCZ5
2025-11-19 01:48:00+00:00,33,1,42007130,4064.7,4065.1,4063.9,4065.0,59,MGCZ5
2025-11-19 01:49:00+00:00,33,1,42007130,4065.2,4065.4,4062.6,4062.7,149,MGCZ5
2025-11-19 01:50:00+00:00,33,1,42007130,4062.7,4063.6,4060.1,4061.3,381,MGCZ5
2025-11-19 01:51:00+00:00,33,1,42007130,4061.4,4061.4,4059.7,4060.7,472,MGCZ5
2025-11-19 01:52:00+00:00,33,1,42007130,4060.7,4060.7,4057.9,4059.5,640,MGCZ5
2025-11-19 01:53:00+00:00,33,1,42007130,4059.5,4060.8,4058.5,4060.8,257,MGCZ5
2025-11-19 01:54:00+00:00,33,1,42007130,4060.9,4061.2,4059.6,4060.5,173,MGCZ5
2025-11-19 01:55:00+00:00,33,1,42007130,4060.5,4061.2,4060.0,4061.0,120,MGCZ5
2025-11-19 01:56:00+00:00,33,1,42007130,4061.2,4061.4,4057.6,4057.6,373,MGCZ5
2025-11-19 01:57:00+00:00,33,1,42007130,4057.8,4059.1,4057.2,4058.2,373,MGCZ5
2025-11-19 01:58:00+00:00,33,1,42007130,4058.2,4058.7,4056.5,4058.5,407,MGCZ5
2025-11-19 01:59:00+00:00,33,1,42007130,4058.3,4060.3,4058.0,4059.5,350,MGCZ5
2025-11-19 02:00:00+00:00,33,1,42007130,4059.6,4061.1,4059.3,4060.3,344,MGCZ5
2025-11-19 02:01:00+00:00,33,1,42007130,4060.3,4063.4,4060.3,4061.1,478,MGCZ5
2025-11-19 02:02:00+00:00,33,1,42007130,4061.2,4062.7,4058.1,4058.4,446,MGCZ5
2025-11-19 02:03:00+00:00,33,1,42007130,4058.6,4058.6,4056.2,4056.8,474,MGCZ5
2025-11-19 02:04:00+00:00,33,1,42007130,4056.8,4060.8,4056.3,4060.4,499,MGCZ5
2025-11-19 02:05:00+00:00,33,1,42007130,4060.2,4063.9,4060.1,4063.7,546,MGCZ5
2025-11-19 02:06:00+00:00,33,1,42007130,4063.5,4063.8,4062.2,4062.3,224,MGCZ5
2025-11-19 02:07:00+00:00,33,1,42007130,4062.2,4064.9,4062.2,4064.0,310,MGCZ5
2025-11-19 02:08:00+00:00,33,1,42007130,4063.9,4064.5,4061.6,4061.6,214,MGCZ5
2025-11-19 02:09:00+00:00,33,1,42007130,4061.5,4062.8,4061.5,4061.9,146,MGCZ5
2025-11-19 02:10:00+00:00,33,1,42007130,4062.0,4062.2,4060.2,4061.7,240,MGCZ5
2025-11-19 02:11:00+00:00,33,1,42007130,4061.7,4061.7,4059.9,4060.0,167,MGCZ5
2025-11-19 02:12:00+00:00,33,1,42007130,4059.9,4060.3,4059.0,4059.0,176,MGCZ5
2025-11-19 02:13:00+00:00,33,1,42007130,4059.0,4061.0,4058.8,4059.8,205,MGCZ5
2025-11-19 02:14:00+00:00,33,1,42007130,4059.7,4060.8,4058.9,4060.3,148,MGCZ5
2025-11-19 02:15:00+00:00,33,1,42007130,4060.6,4061.5,4060.3,4060.6,139,MGCZ5
2025-11-19 02:16:00+00:00,33,1,42007130,4060.7,4062.6,4060.5,4061.6,205,MGCZ5
2025-11-19 02:17:00+00:00,33,1,42007130,4061.5,4062.3,4061.4,4061.9,130,MGCZ5
2025-11-19 02:18:00+00:00,33,1,42007130,4061.9,4063.9,4061.7,4063.7,187,MGCZ5
2025-11-19 02:19:00+00:00,33,1,42007130,4063.5,4064.8,4062.1,4062.3,333,MGCZ5
2025-11-19 02:20:00+00:00,33,1,42007130,4062.4,4063.1,4062.3,4062.5,120,MGCZ5
2025-11-19 02:21:00+00:00,33,1,42007130,4062.7,4063.7,4062.4,4062.5,93,MGCZ5
2025-11-19 02:22:00+00:00,33,1,42007130,4062.9,4063.0,4060.7,4061.3,195,MGCZ5
2025-11-19 02:23:00+00:00,33,1,42007130,4061.3,4061.7,4060.3,4060.7,195,MGCZ5
2025-11-19 02:24:00+00:00,33,1,42007130,4060.6,4062.1,4060.5,4062.1,118,MGCZ5
2025-11-19 02:25:00+00:00,33,1,42007130,4062.2,4063.2,4062.0,4062.0,107,MGCZ5
2025-11-19 02:26:00+00:00,33,1,42007130,4061.8,4062.7,4061.5,4062.5,100,MGCZ5
2025-11-19 02:27:00+00:00,33,1,42007130,4062.4,4063.6,4062.4,4063.4,95,MGCZ5
2025-11-19 02:28:00+00:00,33,1,42007130,4063.4,4065.7,4063.4,4065.1,405,MGCZ5
2025-11-19 02:29:00+00:00,33,1,42007130,4065.2,4066.2,4064.3,4065.1,313,MGCZ5
2025-11-19 02:30:00+00:00,33,1,42007130,4065.3,4067.4,4064.9,4066.1,502,MGCZ5
2025-11-19 02:31:00+00:00,33,1,42007130,4066.0,4067.4,4065.3,4067.4,213,MGCZ5
2025-11-19 02:32:00+00:00,33,1,42007130,4067.4,4068.9,4067.1,4068.0,540,MGCZ5
2025-11-19 02:33:00+00:00,33,1,42007130,4068.1,4070.7,4068.1,4070.5,497,MGCZ5
2025-11-19 02:34:00+00:00,33,1,42007130,4070.2,4071.1,4069.0,4071.1,373,MGCZ5
2025-11-19 02:35:00+00:00,33,1,42007130,4071.0,4071.6,4069.9,4071.4,463,MGCZ5
2025-11-19 02:36:00+00:00,33,1,42007130,4071.6,4074.5,4071.2,4074.1,778,MGCZ5
2025-11-19 02:37:00+00:00,33,1,42007130,4074.4,4074.9,4072.4,4073.0,498,MGCZ5
2025-11-19 02:38:00+00:00,33,1,42007130,4073.0,4073.1,4070.9,4072.4,341,MGCZ5
2025-11-19 02:39:00+00:00,33,1,42007130,4072.2,4074.0,4072.1,4072.4,295,MGCZ5
2025-11-19 02:40:00+00:00,33,1,42007130,4072.6,4074.2,4072.5,4073.9,284,MGCZ5
2025-11-19 02:41:00+00:00,33,1,42007130,4073.8,4076.1,4073.8,4075.7,471,MGCZ5
2025-11-19 02:42:00+00:00,33,1,42007130,4075.7,4076.7,4074.6,4075.4,403,MGCZ5
2025-11-19 02:43:00+00:00,33,1,42007130,4075.5,4077.0,4074.1,4076.8,413,MGCZ5
2025-11-19 02:44:00+00:00,33,1,42007130,4076.7,4079.5,4076.7,4079.1,759,MGCZ5
2025-11-19 02:45:00+00:00,33,1,42007130,4079.0,4080.4,4079.0,4079.3,671,MGCZ5
2025-11-19 02:46:00+00:00,33,1,42007130,4079.3,4081.0,4078.5,4080.9,480,MGCZ5
2025-11-19 02:47:00+00:00,33,1,42007130,4080.8,4081.4,4080.2,4080.8,400,MGCZ5
2025-11-19 02:48:00+00:00,33,1,42007130,4080.6,4080.6,4078.4,4078.7,345,MGCZ5
2025-11-19 02:49:00+00:00,33,1,42007130,4078.5,4079.1,4077.2,4077.8,432,MGCZ5
2025-11-19 02:50:00+00:00,33,1,42007130,4077.4,4078.2,4076.4,4078.2,311,MGCZ5
2025-11-19 02:51:00+00:00,33,1,42007130,4078.1,4079.3,4077.7,4079.1,215,MGCZ5
2025-11-19 02:52:00+00:00,33,1,42007130,4079.3,4080.5,4079.3,4080.2,198,MGCZ5
2025-11-19 02:53:00+00:00,33,1,42007130,4080.1,4080.9,4077.5,4077.7,299,MGCZ5
2025-11-19 02:54:00+00:00,33,1,42007130,4077.6,4078.9,4076.8,4078.9,206,MGCZ5
2025-11-19 02:55:00+00:00,33,1,42007130,4079.0,4079.4,4077.5,4077.6,159,MGCZ5
2025-11-19 02:56:00+00:00,33,1,42007130,4077.3,4077.9,4076.4,4076.5,157,MGCZ5
2025-11-19 02:57:00+00:00,33,1,42007130,4076.2,4077.4,4075.4,4076.0,323,MGCZ5
2025-11-19 02:58:00+00:00,33,1,42007130,4076.0,4077.4,4075.9,4076.4,201,MGCZ5
2025-11-19 02:59:00+00:00,33,1,42007130,4076.6,4077.1,4075.4,4075.6,193,MGCZ5
2025-11-19 03:00:00+00:00,33,1,42007130,4075.4,4076.6,4074.0,4075.5,514,MGCZ5
2025-11-19 03:01:00+00:00,33,1,42007130,4075.6,4078.0,4075.6,4077.0,331,MGCZ5
2025-11-19 03:02:00+00:00,33,1,42007130,4077.1,4077.2,4075.4,4076.4,166,MGCZ5
2025-11-19 03:03:00+00:00,33,1,42007130,4076.4,4076.7,4074.1,4074.9,304,MGCZ5
2025-11-19 03:04:00+00:00,33,1,42007130,4074.7,4076.4,4074.7,4076.3,247,MGCZ5
2025-11-19 03:05:00+00:00,33,1,42007130,4076.3,4079.3,4076.0,4077.3,521,MGCZ5
2025-11-19 03:06:00+00:00,33,1,42007130,4077.3,4077.8,4076.0,4077.0,191,MGCZ5
2025-11-19 03:07:00+00:00,33,1,42007130,4076.8,4077.2,4073.3,4074.0,328,MGCZ5
2025-11-19 03:08:00+00:00,33,1,42007130,4073.9,4075.4,4073.7,4075.0,278,MGCZ5
2025-11-19 03:09:00+00:00,33,1,42007130,4075.0,4075.0,4073.5,4073.6,173,MGCZ5
2025-11-19 03:10:00+00:00,33,1,42007130,4073.5,4073.5,4072.5,4072.8,285,MGCZ5
2025-11-19 03:11:00+00:00,33,1,42007130,4072.6,4074.3,4072.3,4073.8,163,MGCZ5
2025-11-19 03:12:00+00:00,33,1,42007130,4073.6,4074.1,4072.2,4073.0,201,MGCZ5
2025-11-19 03:13:00+00:00,33,1,42007130,4073.0,4073.5,4072.6,4072.6,97,MGCZ5
2025-11-19 03:14:00+00:00,33,1,42007130,4072.6,4074.1,4072.6,4073.8,161,MGCZ5
2025-11-19 03:15:00+00:00,33,1,42007130,4073.7,4074.3,4073.4,4073.8,193,MGCZ5
2025-11-19 03:16:00+00:00,33,1,42007130,4073.5,4075.2,4073.5,4074.8,267,MGCZ5
2025-11-19 03:17:00+00:00,33,1,42007130,4074.6,4074.6,4071.7,4073.8,339,MGCZ5
2025-11-19 03:18:00+00:00,33,1,42007130,4073.9,4074.3,4072.0,4072.7,165,MGCZ5
2025-11-19 03:19:00+00:00,33,1,42007130,4072.5,4073.1,4071.8,4072.9,202,MGCZ5
2025-11-19 03:20:00+00:00,33,1,42007130,4072.9,4074.0,4072.2,4072.8,167,MGCZ5
2025-11-19 03:21:00+00:00,33,1,42007130,4072.9,4073.7,4072.2,4072.4,137,MGCZ5
2025-11-19 03:22:00+00:00,33,1,42007130,4072.2,4073.7,4071.2,4073.7,203,MGCZ5
2025-11-19 03:23:00+00:00,33,1,42007130,4073.7,4074.2,4072.2,4073.8,252,MGCZ5
2025-11-19 03:24:00+00:00,33,1,42007130,4073.9,4075.6,4073.3,4075.0,347,MGCZ5
2025-11-19 03:25:00+00:00,33,1,42007130,4075.0,4075.6,4073.4,4073.9,321,MGCZ5
2025-11-19 03:26:00+00:00,33,1,42007130,4074.0,4074.0,4070.6,4071.3,432,MGCZ5
2025-11-19 03:27:00+00:00,33,1,42007130,4071.3,4071.4,4069.5,4069.7,350,MGCZ5
2025-11-19 03:28:00+00:00,33,1,42007130,4069.6,4072.5,4069.6,4072.0,228,MGCZ5
2025-11-19 03:29:00+00:00,33,1,42007130,4072.0,4072.2,4071.1,4071.9,161,MGCZ5
2025-11-19 03:30:00+00:00,33,1,42007130,4071.8,4072.9,4071.8,4072.4,185,MGCZ5
2025-11-19 03:31:00+00:00,33,1,42007130,4072.1,4072.1,4070.6,4071.6,161,MGCZ5
2025-11-19 03:32:00+00:00,33,1,42007130,4071.4,4071.8,4070.7,4071.1,162,MGCZ5
2025-11-19 03:33:00+00:00,33,1,42007130,4071.1,4072.9,4070.4,4072.1,180,MGCZ5
2025-11-19 03:34:00+00:00,33,1,42007130,4072.2,4073.3,4071.6,4072.5,163,MGCZ5
2025-11-19 03:35:00+00:00,33,1,42007130,4072.6,4072.7,4072.0,4072.2,59,MGCZ5
2025-11-19 03:36:00+00:00,33,1,42007130,4072.4,4073.6,4072.2,4073.6,122,MGCZ5
2025-11-19 03:37:00+00:00,33,1,42007130,4073.6,4073.6,4071.5,4072.2,260,MGCZ5
2025-11-19 03:38:00+00:00,33,1,42007130,4072.3,4072.5,4071.1,4071.4,82,MGCZ5
2025-11-19 03:39:00+00:00,33,1,42007130,4071.4,4072.7,4071.3,4072.7,80,MGCZ5
2025-11-19 03:40:00+00:00,33,1,42007130,4072.7,4073.5,4072.3,4073.1,111,MGCZ5
2025-11-19 03:41:00+00:00,33,1,42007130,4073.3,4074.4,4072.8,4072.8,165,MGCZ5
2025-11-19 03:42:00+00:00,33,1,42007130,4073.0,4073.9,4073.0,4073.8,104,MGCZ5
2025-11-19 03:43:00+00:00,33,1,42007130,4073.7,4074.0,4073.2,4073.6,63,MGCZ5
2025-11-19 03:44:00+00:00,33,1,42007130,4073.9,4074.4,4073.1,4073.6,129,MGCZ5
2025-11-19 03:45:00+00:00,33,1,42007130,4073.6,4075.4,4073.6,4075.4,257,MGCZ5
2025-11-19 03:46:00+00:00,33,1,42007130,4075.4,4076.0,4074.6,4074.6,281,MGCZ5
2025-11-19 03:47:00+00:00,33,1,42007130,4074.7,4075.1,4073.0,4073.5,153,MGCZ5
2025-11-19 03:48:00+00:00,33,1,42007130,4073.5,4075.5,4073.4,4075.5,102,MGCZ5
2025-11-19 03:49:00+00:00,33,1,42007130,4075.4,4076.2,4074.5,4075.1,141,MGCZ5
2025-11-19 03:50:00+00:00,33,1,42007130,4075.0,4076.4,4075.0,4075.7,273,MGCZ5
2025-11-19 03:51:00+00:00,33,1,42007130,4075.6,4075.7,4073.3,4073.3,202,MGCZ5
2025-11-19 03:52:00+00:00,33,1,42007130,4073.2,4074.2,4072.5,4074.2,192,MGCZ5
2025-11-19 03:53:00+00:00,33,1,42007130,4074.2,4075.0,4073.3,4073.4,134,MGCZ5
2025-11-19 03:54:00+00:00,33,1,42007130,4073.5,4073.6,4071.2,4071.5,311,MGCZ5
2025-11-19 03:55:00+00:00,33,1,42007130,4071.4,4071.4,4069.6,4071.0,584,MGCZ5
2025-11-19 03:56:00+00:00,33,1,42007130,4070.9,4071.9,4070.5,4070.7,275,MGCZ5
2025-11-19 03:57:00+00:00,33,1,42007130,4070.6,4071.0,4067.2,4067.8,773,MGCZ5
2025-11-19 03:58:00+00:00,33,1,42007130,4068.0,4068.3,4066.6,4066.8,424,MGCZ5
2025-11-19 03:59:00+00:00,33,1,42007130,4066.6,4066.9,4065.8,4066.6,286,MGCZ5
2025-11-19 04:00:00+00:00,33,1,42007130,4066.7,4066.7,4064.9,4066.1,443,MGCZ5
2025-11-19 04:01:00+00:00,33,1,42007130,4066.0,4066.0,4064.4,4064.6,331,MGCZ5
2025-11-19 04:02:00+00:00,33,1,42007130,4064.5,4065.4,4064.2,4065.3,184,MGCZ5
2025-11-19 04:03:00+00:00,33,1,42007130,4065.5,4066.9,4065.2,4066.4,252,MGCZ5
2025-11-19 04:04:00+00:00,33,1,42007130,4066.5,4068.6,4066.2,4068.4,302,MGCZ5
2025-11-19 04:05:00+00:00,33,1,42007130,4068.3,4069.3,4068.1,4069.1,225,MGCZ5
2025-11-19 04:06:00+00:00,33,1,42007130,4069.0,4069.8,4068.7,4069.0,222,MGCZ5
2025-11-19 04:07:00+00:00,33,1,42007130,4069.0,4069.0,4067.9,4068.6,151,MGCZ5
2025-11-19 04:08:00+00:00,33,1,42007130,4068.3,4069.1,4067.7,4068.9,87,MGCZ5
2025-11-19 04:09:00+00:00,33,1,42007130,4069.0,4069.8,4068.7,4069.5,100,MGCZ5
2025-11-19 04:10:00+00:00,33,1,42007130,4069.5,4070.8,4069.5,4070.5,200,MGCZ5
2025-11-19 04:11:00+00:00,33,1,42007130,4070.6,4071.1,4069.6,4069.8,195,MGCZ5
2025-11-19 04:12:00+00:00,33,1,42007130,4069.7,4070.0,4069.0,4069.3,92,MGCZ5
2025-11-19 04:13:00+00:00,33,1,42007130,4069.3,4069.7,4068.8,4069.5,105,MGCZ5
2025-11-19 04:14:00+00:00,33,1,42007130,4069.3,4069.6,4068.3,4068.5,158,MGCZ5
2025-11-19 04:15:00+00:00,33,1,42007130,4068.5,4070.3,4068.0,4070.3,145,MGCZ5
2025-11-19 04:16:00+00:00,33,1,42007130,4070.3,4070.4,4069.3,4069.3,100,MGCZ5
2025-11-19 04:17:00+00:00,33,1,42007130,4069.1,4070.6,4068.5,4070.0,141,MGCZ5
2025-11-19 04:18:00+00:00,33,1,42007130,4070.2,4071.5,4070.2,4071.3,189,MGCZ5
2025-11-19 04:19:00+00:00,33,1,42007130,4071.3,4071.3,4070.3,4070.3,129,MGCZ5
2025-11-19 04:20:00+00:00,33,1,42007130,4070.3,4070.3,4069.2,4069.3,69,MGCZ5
2025-11-19 04:21:00+00:00,33,1,42007130,4069.1,4070.6,4068.6,4070.2,131,MGCZ5
2025-11-19 04:22:00+00:00,33,1,42007130,4070.1,4071.0,4069.9,4070.3,111,MGCZ5
2025-11-19 04:23:00+00:00,33,1,42007130,4070.2,4070.2,4068.9,4068.9,76,MGCZ5
2025-11-19 04:24:00+00:00,33,1,42007130,4069.0,4071.3,4069.0,4069.9,200,MGCZ5
2025-11-19 04:25:00+00:00,33,1,42007130,4069.9,4070.6,4069.2,4070.6,131,MGCZ5
2025-11-19 04:26:00+00:00,33,1,42007130,4070.7,4073.6,4070.4,4073.4,402,MGCZ5
2025-11-19 04:27:00+00:00,33,1,42007130,4073.5,4075.0,4073.3,4074.9,405,MGCZ5
2025-11-19 04:28:00+00:00,33,1,42007130,4074.9,4076.0,4074.4,4075.2,311,MGCZ5
2025-11-19 04:29:00+00:00,33,1,42007130,4075.4,4075.6,4073.6,4074.1,252,MGCZ5
2025-11-19 04:30:00+00:00,33,1,42007130,4074.1,4075.0,4073.6,4074.8,200,MGCZ5
2025-11-19 04:31:00+00:00,33,1,42007130,4074.9,4075.9,4074.5,4074.9,181,MGCZ5
2025-11-19 04:32:00+00:00,33,1,42007130,4074.9,4075.8,4074.6,4075.5,156,MGCZ5
2025-11-19 04:33:00+00:00,33,1,42007130,4075.6,4077.1,4073.6,4073.8,353,MGCZ5
2025-11-19 04:34:00+00:00,33,1,42007130,4073.7,4073.9,4072.5,4073.9,238,MGCZ5
2025-11-19 04:35:00+00:00,33,1,42007130,4073.7,4073.9,4072.2,4073.7,122,MGCZ5
2025-11-19 04:36:00+00:00,33,1,42007130,4073.7,4073.7,4072.3,4072.5,97,MGCZ5
2025-11-19 04:37:00+00:00,33,1,42007130,4072.6,4073.9,4072.6,4073.8,95,MGCZ5
2025-11-19 04:38:00+00:00,33,1,42007130,4073.8,4074.3,4073.2,4074.0,126,MGCZ5
2025-11-19 04:39:00+00:00,33,1,42007130,4073.7,4075.7,4073.7,4075.6,186,MGCZ5
2025-11-19 04:40:00+00:00,33,1,42007130,4075.7,4076.5,4074.8,4074.8,182,MGCZ5
2025-11-19 04:41:00+00:00,33,1,42007130,4074.7,4074.8,4072.7,4073.1,175,MGCZ5
2025-11-19 04:42:00+00:00,33,1,42007130,4073.2,4074.3,4072.9,4073.6,73,MGCZ5
2025-11-19 04:43:00+00:00,33,1,42007130,4074.1,4074.2,4073.5,4074.1,76,MGCZ5
2025-11-19 04:44:00+00:00,33,1,42007130,4074.3,4074.9,4073.7,4074.9,47,MGCZ5
2025-11-19 04:45:00+00:00,33,1,42007130,4074.7,4074.8,4073.6,4073.9,87,MGCZ5
2025-11-19 04:46:00+00:00,33,1,42007130,4074.0,4074.5,4073.3,4073.7,66,MGCZ5
2025-11-19 04:47:00+00:00,33,1,42007130,4074.2,4074.6,4073.7,4074.1,52,MGCZ5
2025-11-19 04:48:00+00:00,33,1,42007130,4074.0,4074.4,4073.7,4074.0,59,MGCZ5
2025-11-19 04:49:00+00:00,33,1,42007130,4074.2,4074.6,4073.4,4073.9,74,MGCZ5
2025-11-19 04:50:00+00:00,33,1,42007130,4073.9,4075.3,4073.9,4075.3,160,MGCZ5
2025-11-19 04:51:00+00:00,33,1,42007130,4075.4,4076.7,4075.4,4076.0,146,MGCZ5
2025-11-19 04:52:00+00:00,33,1,42007130,4075.8,4076.4,4075.6,4076.2,70,MGCZ5
2025-11-19 04:53:00+00:00,33,1,42007130,4076.5,4076.6,4074.5,4075.5,144,MGCZ5
2025-11-19 04:54:00+00:00,33,1,42007130,4075.5,4076.0,4075.3,4076.0,41,MGCZ5
2025-11-19 04:55:00+00:00,33,1,42007130,4076.0,4076.5,4075.1,4076.0,93,MGCZ5
2025-11-19 04:56:00+00:00,33,1,42007130,4076.0,4076.1,4075.3,4075.5,74,MGCZ5
2025-11-19 04:57:00+00:00,33,1,42007130,4075.5,4075.7,4074.8,4075.1,72,MGCZ5
2025-11-19 04:58:00+00:00,33,1,42007130,4075.1,4076.1,4074.8,4075.4,93,MGCZ5
2025-11-19 04:59:00+00:00,33,1,42007130,4075.2,4076.1,4074.7,4075.1,123,MGCZ5
2025-11-19 05:00:00+00:00,33,1,42007130,4075.0,4075.2,4074.0,4074.7,140,MGCZ5
2025-11-19 05:01:00+00:00,33,1,42007130,4074.6,4075.6,4074.1,4075.4,158,MGCZ5
2025-11-19 05:02:00+00:00,33,1,42007130,4075.2,4075.7,4074.6,4075.5,136,MGCZ5
2025-11-19 05:03:00+00:00,33,1,42007130,4075.5,4077.3,4074.9,4076.8,156,MGCZ5
2025-11-19 05:04:00+00:00,33,1,42007130,4076.3,4076.3,4075.4,4075.4,36,MGCZ5
2025-11-19 05:05:00+00:00,33,1,42007130,4075.5,4076.2,4074.7,4076.2,96,MGCZ5
2025-11-19 05:06:00+00:00,33,1,42007130,4076.2,4076.8,4076.0,4076.8,88,MGCZ5
2025-11-19 05:07:00+00:00,33,1,42007130,4076.6,4076.9,4075.8,4076.0,156,MGCZ5
2025-11-19 05:08:00+00:00,33,1,42007130,4076.3,4078.5,4076.3,4078.0,325,MGCZ5
2025-11-19 05:09:00+00:00,33,1,42007130,4078.0,4079.3,4077.0,4079.1,249,MGCZ5
2025-11-19 05:10:00+00:00,33,1,42007130,4079.0,4079.3,4078.3,4079.1,227,MGCZ5
2025-11-19 05:11:00+00:00,33,1,42007130,4079.1,4079.7,4078.0,4078.6,194,MGCZ5
2025-11-19 05:12:00+00:00,33,1,42007130,4078.6,4079.3,4077.0,4078.2,255,MGCZ5
2025-11-19 05:13:00+00:00,33,1,42007130,4078.0,4078.9,4077.4,4078.9,109,MGCZ5
2025-11-19 05:14:00+00:00,33,1,42007130,4078.7,4079.4,4078.0,4079.3,113,MGCZ5
2025-11-19 05:15:00+00:00,33,1,42007130,4079.0,4080.4,4078.8,4080.2,196,MGCZ5
2025-11-19 05:16:00+00:00,33,1,42007130,4080.2,4086.0,4080.1,4084.8,1853,MGCZ5
2025-11-19 05:17:00+00:00,33,1,42007130,4085.2,4086.1,4084.4,4086.0,480,MGCZ5
2025-11-19 05:18:00+00:00,33,1,42007130,4086.1,4090.3,4085.5,4087.4,1366,MGCZ5
2025-11-19 05:19:00+00:00,33,1,42007130,4087.4,4087.8,4086.0,4087.3,604,MGCZ5
2025-11-19 05:20:00+00:00,33,1,42007130,4087.3,4090.5,4087.3,4090.1,489,MGCZ5
2025-11-19 05:21:00+00:00,33,1,42007130,4090.5,4091.5,4089.4,4090.1,557,MGCZ5
2025-11-19 05:22:00+00:00,33,1,42007130,4090.0,4090.9,4088.9,4090.6,364,MGCZ5
2025-11-19 05:23:00+00:00,33,1,42007130,4090.4,4092.0,4089.6,4090.2,502,MGCZ5
2025-11-19 05:24:00+00:00,33,1,42007130,4090.6,4092.7,4088.9,4092.0,570,MGCZ5
2025-11-19 05:25:00+00:00,33,1,42007130,4092.0,4092.9,4090.5,4092.2,346,MGCZ5
2025-11-19 05:26:00+00:00,33,1,42007130,4092.3,4092.7,4089.3,4090.0,301,MGCZ5
2025-11-19 05:27:00+00:00,33,1,42007130,4089.8,4090.7,4089.3,4089.8,316,MGCZ5
2025-11-19 05:28:00+00:00,33,1,42007130,4089.9,4090.6,4087.9,4089.1,395,MGCZ5
2025-11-19 05:29:00+00:00,33,1,42007130,4089.2,4089.5,4087.8,4089.2,265,MGCZ5
2025-11-19 05:30:00+00:00,33,1,42007130,4089.6,4092.2,4088.4,4091.0,666,MGCZ5
2025-11-19 05:31:00+00:00,33,1,42007130,4091.1,4093.7,4091.0,4091.7,553,MGCZ5
2025-11-19 05:32:00+00:00,33,1,42007130,4091.8,4094.3,4091.3,4093.7,440,MGCZ5
2025-11-19 05:33:00+00:00,33,1,42007130,4093.8,4096.0,4093.4,4095.8,659,MGCZ5
2025-11-19 05:34:00+00:00,33,1,42007130,4095.8,4098.5,4095.0,4096.2,883,MGCZ5
2025-11-19 05:35:00+00:00,33,1,42007130,4096.4,4098.0,4095.8,4096.4,471,MGCZ5
2025-11-19 05:36:00+00:00,33,1,42007130,4096.5,4098.4,4096.0,4097.8,368,MGCZ5
2025-11-19 05:37:00+00:00,33,1,42007130,4097.4,4098.0,4096.0,4096.9,335,MGCZ5
2025-11-19 05:38:00+00:00,33,1,42007130,4097.2,4097.2,4093.9,4095.5,482,MGCZ5
2025-11-19 05:39:00+00:00,33,1,42007130,4095.4,4095.5,4092.3,4094.2,455,MGCZ5
2025-11-19 05:40:00+00:00,33,1,42007130,4094.1,4094.1,4091.5,4092.1,413,MGCZ5
2025-11-19 05:41:00+00:00,33,1,42007130,4092.1,4094.0,4091.6,4093.7,283,MGCZ5
2025-11-19 05:42:00+00:00,33,1,42007130,4093.7,4093.9,4091.6,4091.6,292,MGCZ5
2025-11-19 05:43:00+00:00,33,1,42007130,4091.7,4093.0,4090.5,4092.6,487,MGCZ5
2025-11-19 05:44:00+00:00,33,1,42007130,4092.8,4094.2,4092.2,4093.4,332,MGCZ5
2025-11-19 05:45:00+00:00,33,1,42007130,4093.7,4095.0,4092.5,4093.0,342,MGCZ5
2025-11-19 05:46:00+00:00,33,1,42007130,4093.1,4093.3,4091.2,4093.3,226,MGCZ5
2025-11-19 05:47:00+00:00,33,1,42007130,4093.2,4094.0,4092.0,4092.8,187,MGCZ5
2025-11-19 05:48:00+00:00,33,1,42007130,4093.0,4094.5,4092.0,4094.0,327,MGCZ5
2025-11-19 05:49:00+00:00,33,1,42007130,4094.1,4095.5,4093.8,4094.6,238,MGCZ5
2025-11-19 05:50:00+00:00,33,1,42007130,4094.9,4096.7,4093.0,4093.6,538,MGCZ5
2025-11-19 05:51:00+00:00,33,1,42007130,4093.9,4095.1,4092.6,4093.6,289,MGCZ5
2025-11-19 05:52:00+00:00,33,1,42007130,4093.5,4095.2,4092.9,4094.6,166,MGCZ5
2025-11-19 05:53:00+00:00,33,1,42007130,4094.8,4096.1,4093.6,4093.7,186,MGCZ5
2025-11-19 05:54:00+00:00,33,1,42007130,4093.7,4094.8,4092.8,4093.6,130,MGCZ5
2025-11-19 05:55:00+00:00,33,1,42007130,4093.5,4094.7,4093.0,4094.7,139,MGCZ5
2025-11-19 05:56:00+00:00,33,1,42007130,4094.6,4094.9,4093.3,4094.9,168,MGCZ5
2025-11-19 05:57:00+00:00,33,1,42007130,4094.9,4096.1,4094.8,4095.4,188,MGCZ5
2025-11-19 05:58:00+00:00,33,1,42007130,4095.6,4096.6,4095.2,4095.6,209,MGCZ5
2025-11-19 05:59:00+00:00,33,1,42007130,4095.4,4096.7,4094.9,4096.5,280,MGCZ5
2025-11-19 06:00:00+00:00,33,1,42007130,4096.5,4100.0,4095.9,4099.1,886,MGCZ5
2025-11-19 06:01:00+00:00,33,1,42007130,4099.1,4099.6,4094.8,4095.4,551,MGCZ5
2025-11-19 06:02:00+00:00,33,1,42007130,4095.6,4095.9,4093.1,4093.7,366,MGCZ5
2025-11-19 06:03:00+00:00,33,1,42007130,4093.6,4094.9,4093.0,4093.8,207,MGCZ5
2025-11-19 06:04:00+00:00,33,1,42007130,4093.8,4095.0,4093.2,4094.8,188,MGCZ5
2025-11-19 06:05:00+00:00,33,1,42007130,4095.2,4096.4,4093.8,4096.3,359,MGCZ5
2025-11-19 06:06:00+00:00,33,1,42007130,4096.5,4096.5,4093.8,4095.5,279,MGCZ5
2025-11-19 06:07:00+00:00,33,1,42007130,4095.5,4096.1,4094.7,4095.4,159,MGCZ5
2025-11-19 06:08:00+00:00,33,1,42007130,4095.3,4097.6,4094.4,4097.3,331,MGCZ5
2025-11-19 06:09:00+00:00,33,1,42007130,4097.6,4097.8,4095.7,4096.8,247,MGCZ5
2025-11-19 06:10:00+00:00,33,1,42007130,4096.7,4097.1,4094.8,4096.0,196,MGCZ5
2025-11-19 06:11:00+00:00,33,1,42007130,4096.1,4097.3,4094.8,4097.2,160,MGCZ5
2025-11-19 06:12:00+00:00,33,1,42007130,4097.2,4099.4,4096.4,4099.3,291,MGCZ5
2025-11-19 06:13:00+00:00,33,1,42007130,4099.2,4099.3,4096.7,4097.3,241,MGCZ5
2025-11-19 06:14:00+00:00,33,1,42007130,4097.4,4097.8,4096.5,4097.4,168,MGCZ5
2025-11-19 06:15:00+00:00,33,1,42007130,4097.4,4097.7,4095.7,4095.7,177,MGCZ5
2025-11-19 06:16:00+00:00,33,1,42007130,4095.5,4096.2,4094.6,4095.0,202,MGCZ5
2025-11-19 06:17:00+00:00,33,1,42007130,4095.0,4095.4,4094.0,4094.1,169,MGCZ5
2025-11-19 06:18:00+00:00,33,1,42007130,4094.3,4096.0,4094.2,4095.8,156,MGCZ5
2025-11-19 06:19:00+00:00,33,1,42007130,4095.9,4096.5,4092.0,4092.9,459,MGCZ5
2025-11-19 06:20:00+00:00,33,1,42007130,4092.9,4093.6,4091.3,4091.5,258,MGCZ5
2025-11-19 06:21:00+00:00,33,1,42007130,4091.7,4092.3,4091.0,4091.0,249,MGCZ5
2025-11-19 06:22:00+00:00,33,1,42007130,4090.8,4091.6,4089.9,4091.3,392,MGCZ5
2025-11-19 06:23:00+00:00,33,1,42007130,4091.3,4091.8,4090.3,4090.3,241,MGCZ5
2025-11-19 06:24:00+00:00,33,1,42007130,4090.3,4091.2,4090.0,4090.5,221,MGCZ5
2025-11-19 06:25:00+00:00,33,1,42007130,4090.3,4092.5,4090.3,4092.3,341,MGCZ5
2025-11-19 06:26:00+00:00,33,1,42007130,4092.2,4095.2,4092.1,4095.2,541,MGCZ5
2025-11-19 06:27:00+00:00,33,1,42007130,4095.2,4095.3,4092.8,4094.4,231,MGCZ5
2025-11-19 06:28:00+00:00,33,1,42007130,4094.3,4094.3,4092.4,4093.0,195,MGCZ5
2025-11-19 06:29:00+00:00,33,1,42007130,4093.1,4093.6,4092.7,4092.9,128,MGCZ5
2025-11-19 06:30:00+00:00,33,1,42007130,4093.0,4094.3,4091.9,4093.0,251,MGCZ5
2025-11-19 06:31:00+00:00,33,1,42007130,4092.8,4093.2,4091.3,4092.1,141,MGCZ5
2025-11-19 06:32:00+00:00,33,1,42007130,4091.6,4091.9,4090.6,4090.7,189,MGCZ5
2025-11-19 06:33:00+00:00,33,1,42007130,4090.6,4092.1,4090.3,4092.1,164,MGCZ5
2025-11-19 06:34:00+00:00,33,1,42007130,4092.1,4094.8,4091.7,4094.8,269,MGCZ5
2025-11-19 06:35:00+00:00,33,1,42007130,4094.8,4095.3,4093.7,4094.3,141,MGCZ5
2025-11-19 06:36:00+00:00,33,1,42007130,4093.9,4094.6,4092.8,4093.3,217,MGCZ5
2025-11-19 06:37:00+00:00,33,1,42007130,4093.4,4094.5,4093.0,4094.1,122,MGCZ5
2025-11-19 06:38:00+00:00,33,1,42007130,4094.1,4095.6,4094.0,4095.3,213,MGCZ5
2025-11-19 06:39:00+00:00,33,1,42007130,4095.1,4096.3,4093.8,4096.0,234,MGCZ5
2025-11-19 06:40:00+00:00,33,1,42007130,4095.8,4096.1,4093.0,4094.0,162,MGCZ5
2025-11-19 06:41:00+00:00,33,1,42007130,4094.1,4094.3,4093.3,4094.0,88,MGCZ5
2025-11-19 06:42:00+00:00,33,1,42007130,4094.1,4094.4,4093.3,4093.7,69,MGCZ5
2025-11-19 06:43:00+00:00,33,1,42007130,4093.8,4094.5,4093.5,4093.9,103,MGCZ5
2025-11-19 06:44:00+00:00,33,1,42007130,4093.8,4095.0,4093.5,4095.0,128,MGCZ5
2025-11-19 06:45:00+00:00,33,1,42007130,4094.9,4096.1,4094.9,4095.3,178,MGCZ5
2025-11-19 06:46:00+00:00,33,1,42007130,4095.0,4095.6,4094.1,4094.9,102,MGCZ5
2025-11-19 06:47:00+00:00,33,1,42007130,4094.9,4095.2,4094.2,4094.7,64,MGCZ5
2025-11-19 06:48:00+00:00,33,1,42007130,4094.6,4095.3,4094.5,4095.0,83,MGCZ5
2025-11-19 06:49:00+00:00,33,1,42007130,4094.7,4096.1,4094.7,4095.0,83,MGCZ5
2025-11-19 06:50:00+00:00,33,1,42007130,4094.8,4095.1,4094.2,4095.0,51,MGCZ5
2025-11-19 06:51:00+00:00,33,1,42007130,4095.4,4095.9,4095.0,4095.8,64,MGCZ5
2025-11-19 06:52:00+00:00,33,1,42007130,4095.8,4096.2,4095.3,4096.0,91,MGCZ5
2025-11-19 06:53:00+00:00,33,1,42007130,4095.9,4096.1,4095.4,4095.4,137,MGCZ5
2025-11-19 06:54:00+00:00,33,1,42007130,4095.5,4095.5,4094.1,4095.0,152,MGCZ5
2025-11-19 06:55:00+00:00,33,1,42007130,4095.1,4095.1,4093.6,4094.1,122,MGCZ5
2025-11-19 06:56:00+00:00,33,1,42007130,4094.3,4094.6,4093.8,4093.8,60,MGCZ5
2025-11-19 06:57:00+00:00,33,1,42007130,4093.7,4094.0,4091.7,4092.1,267,MGCZ5
2025-11-19 06:58:00+00:00,33,1,42007130,4092.2,4092.3,4090.5,4091.0,232,MGCZ5
2025-11-19 06:59:00+00:00,33,1,42007130,4090.8,4092.1,4090.5,4091.7,167,MGCZ5
2025-11-19 07:00:00+00:00,33,1,42007130,4091.4,4093.1,4091.1,4093.1,234,MGCZ5
2025-11-19 07:01:00+00:00,33,1,42007130,4093.0,4093.2,4091.8,4092.7,146,MGCZ5
2025-11-19 07:02:00+00:00,33,1,42007130,4092.8,4093.2,4092.6,4093.1,189,MGCZ5
2025-11-19 07:03:00+00:00,33,1,42007130,4093.2,4093.3,4092.8,4093.2,72,MGCZ5
2025-11-19 07:04:00+00:00,33,1,42007130,4093.2,4093.3,4092.6,4093.1,51,MGCZ5
2025-11-19 07:05:00+00:00,33,1,42007130,4093.3,4093.5,4091.8,4092.0,122,MGCZ5
2025-11-19 07:06:00+00:00,33,1,42007130,4092.1,4092.2,4090.2,4090.6,333,MGCZ5
2025-11-19 07:07:00+00:00,33,1,42007130,4090.6,4090.7,4087.5,4087.7,566,MGCZ5
2025-11-19 07:08:00+00:00,33,1,42007130,4087.6,4088.4,4084.9,4088.1,813,MGCZ5
2025-11-19 07:09:00+00:00,33,1,42007130,4088.3,4089.7,4087.2,4087.3,403,MGCZ5
2025-11-19 07:10:00+00:00,33,1,42007130,4087.7,4087.8,4085.7,4086.1,383,MGCZ5
2025-11-19 07:11:00+00:00,33,1,42007130,4086.2,4087.7,4086.0,4087.3,213,MGCZ5
2025-11-19 07:12:00+00:00,33,1,42007130,4087.2,4087.8,4086.0,4086.3,126,MGCZ5
2025-11-19 07:13:00+00:00,33,1,42007130,4086.0,4087.0,4085.5,4086.5,239,MGCZ5
2025-11-19 07:14:00+00:00,33,1,42007130,4086.5,4087.7,4086.3,4087.7,141,MGCZ5
2025-11-19 07:15:00+00:00,33,1,42007130,4087.7,4087.9,4086.6,4087.2,187,MGCZ5
2025-11-19 07:16:00+00:00,33,1,42007130,4087.2,4087.6,4086.2,4087.0,109,MGCZ5
2025-11-19 07:17:00+00:00,33,1,42007130,4087.2,4087.6,4085.3,4085.5,206,MGCZ5
2025-11-19 07:18:00+00:00,33,1,42007130,4085.5,4087.5,4085.4,4087.0,163,MGCZ5
2025-11-19 07:19:00+00:00,33,1,42007130,4086.6,4088.6,4086.4,4088.5,180,MGCZ5
2025-11-19 07:20:00+00:00,33,1,42007130,4088.4,4089.0,4088.1,4088.3,193,MGCZ5
2025-11-19 07:21:00+00:00,33,1,42007130,4088.2,4090.2,4088.0,4089.5,241,MGCZ5
2025-11-19 07:22:00+00:00,33,1,42007130,4089.5,4091.2,4088.5,4088.9,358,MGCZ5
2025-11-19 07:23:00+00:00,33,1,42007130,4088.9,4089.2,4088.3,4089.2,117,MGCZ5
2025-11-19 07:24:00+00:00,33,1,42007130,4089.4,4090.5,4089.0,4090.3,148,MGCZ5
2025-11-19 07:25:00+00:00,33,1,42007130,4090.1,4090.3,4089.5,4090.3,97,MGCZ5
2025-11-19 07:26:00+00:00,33,1,42007130,4090.1,4090.5,4089.5,4089.6,105,MGCZ5
2025-11-19 07:27:00+00:00,33,1,42007130,4089.3,4090.2,4088.5,4089.4,135,MGCZ5
2025-11-19 07:28:00+00:00,33,1,42007130,4089.7,4089.7,4088.4,4088.8,86,MGCZ5
2025-11-19 07:29:00+00:00,33,1,42007130,4088.5,4089.1,4088.2,4088.6,108,MGCZ5
2025-11-19 07:30:00+00:00,33,1,42007130,4089.1,4089.7,4088.5,4089.0,144,MGCZ5
2025-11-19 07:31:00+00:00,33,1,42007130,4089.3,4089.7,4088.6,4089.6,67,MGCZ5
2025-11-19 07:32:00+00:00,33,1,42007130,4089.7,4090.2,4089.1,4090.2,100,MGCZ5
2025-11-19 07:33:00+00:00,33,1,42007130,4090.0,4091.2,4089.4,4090.9,142,MGCZ5
2025-11-19 07:34:00+00:00,33,1,42007130,4090.8,4091.7,4090.1,4091.1,259,MGCZ5
2025-11-19 07:35:00+00:00,33,1,42007130,4091.3,4092.4,4090.7,4091.1,294,MGCZ5
2025-11-19 07:36:00+00:00,33,1,42007130,4090.9,4092.8,4090.9,4092.7,211,MGCZ5
2025-11-19 07:37:00+00:00,33,1,42007130,4092.7,4093.5,4092.1,4093.4,247,MGCZ5
2025-11-19 07:38:00+00:00,33,1,42007130,4093.4,4093.5,4092.3,4093.1,170,MGCZ5
2025-11-19 07:39:00+00:00,33,1,42007130,4093.1,4094.5,4092.4,4094.3,256,MGCZ5
2025-11-19 07:40:00+00:00,33,1,42007130,4094.3,4095.3,4093.8,4095.2,333,MGCZ5
2025-11-19 07:41:00+00:00,33,1,42007130,4095.2,4096.6,4094.9,4095.1,363,MGCZ5
2025-11-19 07:42:00+00:00,33,1,42007130,4095.0,4095.6,4094.3,4095.2,184,MGCZ5
2025-11-19 07:43:00+00:00,33,1,42007130,4095.4,4095.9,4094.0,4095.5,187,MGCZ5
2025-11-19 07:44:00+00:00,33,1,42007130,4095.2,4095.6,4094.6,4095.2,111,MGCZ5
2025-11-19 07:45:00+00:00,33,1,42007130,4095.3,4095.7,4095.0,4095.3,66,MGCZ5
2025-11-19 07:46:00+00:00,33,1,42007130,4095.2,4095.8,4095.0,4095.6,68,MGCZ5
2025-11-19 07:47:00+00:00,33,1,42007130,4095.3,4096.2,4095.1,4095.9,157,MGCZ5
2025-11-19 07:48:00+00:00,33,1,42007130,4096.0,4096.4,4095.4,4096.4,85,MGCZ5
2025-11-19 07:49:00+00:00,33,1,42007130,4096.4,4097.9,4095.2,4095.2,453,MGCZ5
2025-11-19 07:50:00+00:00,33,1,42007130,4095.2,4096.0,4094.2,4096.0,222,MGCZ5
2025-11-19 07:51:00+00:00,33,1,42007130,4095.9,4096.4,4094.3,4094.4,151,MGCZ5
2025-11-19 07:52:00+00:00,33,1,42007130,4094.5,4095.0,4094.0,4094.8,170,MGCZ5
2025-11-19 07:53:00+00:00,33,1,42007130,4094.7,4094.7,4093.1,4093.5,180,MGCZ5
2025-11-19 07:54:00+00:00,33,1,42007130,4093.4,4093.8,4092.6,4092.7,146,MGCZ5
2025-11-19 07:55:00+00:00,33,1,42007130,4092.6,4092.7,4091.2,4091.2,250,MGCZ5
2025-11-19 07:56:00+00:00,33,1,42007130,4091.3,4091.7,4089.3,4089.3,295,MGCZ5
2025-11-19 07:57:00+00:00,33,1,42007130,4089.4,4090.5,4088.5,4088.8,253,MGCZ5
2025-11-19 07:58:00+00:00,33,1,42007130,4089.0,4089.3,4086.9,4087.4,360,MGCZ5
2025-11-19 07:59:00+00:00,33,1,42007130,4087.2,4088.2,4086.2,4087.2,252,MGCZ5
2025-11-19 08:00:00+00:00,33,1,42007130,4087.2,4087.2,4084.2,4084.8,667,MGCZ5
2025-11-19 08:01:00+00:00,33,1,42007130,4084.9,4085.7,4083.3,4085.2,408,MGCZ5
2025-11-19 08:02:00+00:00,33,1,42007130,4085.4,4086.0,4084.1,4085.0,267,MGCZ5
2025-11-19 08:03:00+00:00,33,1,42007130,4084.9,4087.2,4084.8,4085.1,263,MGCZ5
2025-11-19 08:04:00+00:00,33,1,42007130,4085.3,4086.2,4084.7,4085.0,176,MGCZ5
2025-11-19 08:05:00+00:00,33,1,42007130,4085.0,4086.5,4084.6,4084.7,267,MGCZ5
2025-11-19 08:06:00+00:00,33,1,42007130,4084.5,4084.9,4083.2,4083.6,347,MGCZ5
2025-11-19 08:07:00+00:00,33,1,42007130,4083.7,4085.3,4083.5,4085.0,180,MGCZ5
2025-11-19 08:08:00+00:00,33,1,42007130,4085.0,4085.1,4082.7,4082.9,237,MGCZ5
2025-11-19 08:09:00+00:00,33,1,42007130,4082.9,4083.9,4082.9,4083.2,218,MGCZ5
2025-11-19 08:10:00+00:00,33,1,42007130,4083.0,4083.3,4081.4,4082.8,390,MGCZ5
2025-11-19 08:11:00+00:00,33,1,42007130,4082.6,4082.6,4078.1,4078.9,1021,MGCZ5
2025-11-19 08:12:00+00:00,33,1,42007130,4079.2,4081.4,4078.9,4080.3,398,MGCZ5
2025-11-19 08:13:00+00:00,33,1,42007130,4080.3,4082.1,4079.3,4081.7,296,MGCZ5
2025-11-19 08:14:00+00:00,33,1,42007130,4081.7,4082.8,4081.5,4082.5,225,MGCZ5
2025-11-19 08:15:00+00:00,33,1,42007130,4082.5,4084.4,4082.2,4082.8,542,MGCZ5
2025-11-19 08:16:00+00:00,33,1,42007130,4082.7,4083.0,4081.2,4081.2,204,MGCZ5
2025-11-19 08:17:00+00:00,33,1,42007130,4081.2,4082.7,4081.0,4082.2,137,MGCZ5
2025-11-19 08:18:00+00:00,33,1,42007130,4082.0,4084.4,4081.8,4083.6,193,MGCZ5
2025-11-19 08:19:00+00:00,33,1,42007130,4083.8,4084.8,4083.6,4084.7,223,MGCZ5
2025-11-19 08:20:00+00:00,33,1,42007130,4084.6,4085.0,4083.9,4084.7,171,MGCZ5
2025-11-19 08:21:00+00:00,33,1,42007130,4084.8,4085.6,4083.7,4085.4,233,MGCZ5
2025-11-19 08:22:00+00:00,33,1,42007130,4085.3,4085.9,4085.1,4085.4,263,MGCZ5
2025-11-19 08:23:00+00:00,33,1,42007130,4085.5,4085.7,4084.6,4085.7,152,MGCZ5
2025-11-19 08:24:00+00:00,33,1,42007130,4085.8,4087.2,4085.8,4086.6,221,MGCZ5
2025-11-19 08:25:00+00:00,33,1,42007130,4086.7,4086.7,4084.1,4084.7,244,MGCZ5
2025-11-19 08:26:00+00:00,33,1,42007130,4084.6,4086.3,4084.6,4086.3,135,MGCZ5
2025-11-19 08:27:00+00:00,33,1,42007130,4086.5,4088.0,4086.4,4087.3,216,MGCZ5
2025-11-19 08:28:00+00:00,33,1,42007130,4087.5,4089.5,4087.4,4089.2,394,MGCZ5
2025-11-19 08:29:00+00:00,33,1,42007130,4089.2,4089.5,4087.9,4088.6,245,MGCZ5
2025-11-19 08:30:00+00:00,33,1,42007130,4088.7,4089.4,4087.6,4088.0,183,MGCZ5
2025-11-19 08:31:00+00:00,33,1,42007130,4088.1,4088.8,4087.9,4088.2,122,MGCZ5
2025-11-19 08:32:00+00:00,33,1,42007130,4088.3,4088.6,4085.7,4085.7,270,MGCZ5
2025-11-19 08:33:00+00:00,33,1,42007130,4085.8,4085.8,4083.7,4085.4,377,MGCZ5
2025-11-19 08:34:00+00:00,33,1,42007130,4085.4,4085.5,4084.2,4084.7,99,MGCZ5
2025-11-19 08:35:00+00:00,33,1,42007130,4084.8,4085.7,4084.4,4085.2,138,MGCZ5
2025-11-19 08:36:00+00:00,33,1,42007130,4085.3,4085.3,4083.5,4084.1,140,MGCZ5
2025-11-19 08:37:00+00:00,33,1,42007130,4084.0,4085.7,4083.4,4085.2,152,MGCZ5
2025-11-19 08:38:00+00:00,33,1,42007130,4085.0,4086.6,4084.6,4085.8,231,MGCZ5
2025-11-19 08:39:00+00:00,33,1,42007130,4085.5,4085.8,4084.3,4084.3,104,MGCZ5
2025-11-19 08:40:00+00:00,33,1,42007130,4084.4,4085.0,4082.7,4084.3,290,MGCZ5
2025-11-19 08:41:00+00:00,33,1,42007130,4084.5,4085.1,4082.3,4082.4,210,MGCZ5
2025-11-19 08:42:00+00:00,33,1,42007130,4082.2,4084.1,4080.5,4083.3,572,MGCZ5
2025-11-19 08:43:00+00:00,33,1,42007130,4083.3,4083.6,4081.8,4082.3,168,MGCZ5
2025-11-19 08:44:00+00:00,33,1,42007130,4082.3,4083.1,4081.6,4082.0,177,MGCZ5
2025-11-19 08:45:00+00:00,33,1,42007130,4082.0,4084.4,4081.7,4084.1,199,MGCZ5
2025-11-19 08:46:00+00:00,33,1,42007130,4084.1,4084.4,4082.6,4083.0,184,MGCZ5
2025-11-19 08:47:00+00:00,33,1,42007130,4082.8,4084.3,4082.8,4084.0,110,MGCZ5
2025-11-19 08:48:00+00:00,33,1,42007130,4084.0,4084.1,4082.9,4083.6,84,MGCZ5
2025-11-19 08:49:00+00:00,33,1,42007130,4082.9,4083.1,4081.2,4081.8,149,MGCZ5
2025-11-19 08:50:00+00:00,33,1,42007130,4081.8,4081.8,4080.5,4081.5,236,MGCZ5
2025-11-19 08:51:00+00:00,33,1,42007130,4081.5,4083.5,4081.3,4082.7,177,MGCZ5
2025-11-19 08:52:00+00:00,33,1,42007130,4082.9,4083.6,4081.1,4082.2,130,MGCZ5
2025-11-19 08:53:00+00:00,33,1,42007130,4082.2,4083.3,4082.2,4083.3,89,MGCZ5
2025-11-19 08:54:00+00:00,33,1,42007130,4083.2,4085.4,4083.2,4085.3,388,MGCZ5
2025-11-19 08:55:00+00:00,33,1,42007130,4085.2,4086.2,4085.0,4085.7,189,MGCZ5
2025-11-19 08:56:00+00:00,33,1,42007130,4085.5,4085.6,4083.6,4084.5,147,MGCZ5
2025-11-19 08:57:00+00:00,33,1,42007130,4084.6,4085.2,4083.4,4084.2,132,MGCZ5
2025-11-19 08:58:00+00:00,33,1,42007130,4084.3,4085.5,4083.9,4084.6,135,MGCZ5
2025-11-19 08:59:00+00:00,33,1,42007130,4084.1,4084.8,4083.6,4083.6,59,MGCZ5
2025-11-19 09:00:00+00:00,33,1,42007130,4083.8,4084.9,4082.8,4084.8,276,MGCZ5
2025-11-19 09:01:00+00:00,33,1,42007130,4084.8,4085.5,4083.0,4083.5,133,MGCZ5
2025-11-19 09:02:00+00:00,33,1,42007130,4083.0,4084.7,4082.5,4084.5,152,MGCZ5
2025-11-19 09:03:00+00:00,33,1,42007130,4084.1,4084.3,4082.6,4082.6,182,MGCZ5
2025-11-19 09:04:00+00:00,33,1,42007130,4082.6,4084.1,4081.2,4083.9,378,MGCZ5
2025-11-19 09:05:00+00:00,33,1,42007130,4084.0,4086.9,4083.9,4086.9,314,MGCZ5
2025-11-19 09:06:00+00:00,33,1,42007130,4086.9,4087.7,4085.9,4086.1,305,MGCZ5
2025-11-19 09:07:00+00:00,33,1,42007130,4086.2,4086.7,4084.5,4085.8,199,MGCZ5
2025-11-19 09:08:00+00:00,33,1,42007130,4085.8,4088.3,4085.5,4088.1,374,MGCZ5
2025-11-19 09:09:00+00:00,33,1,42007130,4087.8,4088.5,4087.4,4088.2,117,MGCZ5
2025-11-19 09:10:00+00:00,33,1,42007130,4087.8,4088.8,4087.1,4088.4,195,MGCZ5
2025-11-19 09:11:00+00:00,33,1,42007130,4088.7,4090.5,4088.0,4090.5,389,MGCZ5
2025-11-19 09:12:00+00:00,33,1,42007130,4090.4,4091.5,4089.9,4090.2,281,MGCZ5
2025-11-19 09:13:00+00:00,33,1,42007130,4090.1,4091.2,4089.0,4089.1,275,MGCZ5
2025-11-19 09:14:00+00:00,33,1,42007130,4089.3,4091.0,4088.5,4090.4,257,MGCZ5
2025-11-19 09:15:00+00:00,33,1,42007130,4090.3,4090.4,4087.2,4087.7,262,MGCZ5
2025-11-19 09:16:00+00:00,33,1,42007130,4087.6,4087.9,4086.0,4086.4,357,MGCZ5
2025-11-19 09:17:00+00:00,33,1,42007130,4086.5,4088.9,4086.4,4088.7,160,MGCZ5
2025-11-19 09:18:00+00:00,33,1,42007130,4088.4,4090.3,4088.1,4089.5,207,MGCZ5
2025-11-19 09:19:00+00:00,33,1,42007130,4089.5,4089.9,4087.7,4089.4,171,MGCZ5
2025-11-19 09:20:00+00:00,33,1,42007130,4089.5,4091.8,4088.0,4091.0,362,MGCZ5
2025-11-19 09:21:00+00:00,33,1,42007130,4091.0,4092.5,4090.7,4091.9,244,MGCZ5
2025-11-19 09:22:00+00:00,33,1,42007130,4091.9,4092.4,4091.1,4091.7,149,MGCZ5
2025-11-19 09:23:00+00:00,33,1,42007130,4091.5,4091.7,4090.3,4090.7,185,MGCZ5
2025-11-19 09:24:00+00:00,33,1,42007130,4090.7,4091.2,4090.2,4090.3,109,MGCZ5
2025-11-19 09:25:00+00:00,33,1,42007130,4090.3,4091.5,4090.1,4091.1,102,MGCZ5
2025-11-19 09:26:00+00:00,33,1,42007130,4090.8,4091.0,4090.2,4090.5,86,MGCZ5
2025-11-19 09:27:00+00:00,33,1,42007130,4090.6,4091.2,4089.7,4089.7,172,MGCZ5
2025-11-19 09:28:00+00:00,33,1,42007130,4089.7,4090.7,4089.2,4090.2,147,MGCZ5
2025-11-19 09:29:00+00:00,33,1,42007130,4090.2,4091.9,4090.1,4091.9,71,MGCZ5
2025-11-19 09:30:00+00:00,33,1,42007130,4091.9,4092.2,4090.5,4091.0,204,MGCZ5
2025-11-19 09:31:00+00:00,33,1,42007130,4091.0,4091.8,4090.7,4091.3,81,MGCZ5
2025-11-19 09:32:00+00:00,33,1,42007130,4091.0,4091.7,4089.0,4089.3,218,MGCZ5
2025-11-19 09:33:00+00:00,33,1,42007130,4089.5,4089.6,4088.3,4089.3,176,MGCZ5
2025-11-19 09:34:00+00:00,33,1,42007130,4089.1,4090.7,4088.8,4090.5,93,MGCZ5
2025-11-19 09:35:00+00:00,33,1,42007130,4090.6,4091.4,4090.3,4091.2,95,MGCZ5
2025-11-19 09:36:00+00:00,33,1,42007130,4091.1,4091.4,4089.3,4090.0,99,MGCZ5
2025-11-19 09:37:00+00:00,33,1,42007130,4089.9,4090.8,4089.6,4090.4,84,MGCZ5
2025-11-19 09:38:00+00:00,33,1,42007130,4090.7,4092.0,4089.5,4090.4,157,MGCZ5
2025-11-19 09:39:00+00:00,33,1,42007130,4091.2,4091.5,4090.4,4090.5,86,MGCZ5
2025-11-19 09:40:00+00:00,33,1,42007130,4090.6,4092.5,4090.6,4092.3,162,MGCZ5
2025-11-19 09:41:00+00:00,33,1,42007130,4092.4,4094.3,4092.3,4094.0,304,MGCZ5
2025-11-19 09:42:00+00:00,33,1,42007130,4094.0,4094.6,4092.7,4093.0,185,MGCZ5
2025-11-19 09:43:00+00:00,33,1,42007130,4092.9,4097.6,4092.8,4097.5,505,MGCZ5
2025-11-19 09:44:00+00:00,33,1,42007130,4097.4,4099.5,4096.0,4099.1,667,MGCZ5
2025-11-19 09:45:00+00:00,33,1,42007130,4099.2,4100.0,4098.8,4099.4,664,MGCZ5
2025-11-19 09:46:00+00:00,33,1,42007130,4099.3,4104.7,4098.9,4102.3,1599,MGCZ5
2025-11-19 09:47:00+00:00,33,1,42007130,4102.3,4104.8,4102.2,4104.8,516,MGCZ5
2025-11-19 09:48:00+00:00,33,1,42007130,4104.8,4107.7,4104.8,4105.3,935,MGCZ5
2025-11-19 09:49:00+00:00,33,1,42007130,4105.4,4105.4,4102.9,4104.4,511,MGCZ5
2025-11-19 09:50:00+00:00,33,1,42007130,4104.2,4106.1,4102.8,4104.6,650,MGCZ5
2025-11-19 09:51:00+00:00,33,1,42007130,4104.8,4106.9,4103.5,4104.3,522,MGCZ5
2025-11-19 09:52:00+00:00,33,1,42007130,4104.3,4106.8,4104.0,4106.2,338,MGCZ5
2025-11-19 09:53:00+00:00,33,1,42007130,4106.3,4109.0,4106.0,4107.3,687,MGCZ5
2025-11-19 09:54:00+00:00,33,1,42007130,4107.4,4108.9,4105.2,4106.7,489,MGCZ5
2025-11-19 09:55:00+00:00,33,1,42007130,4106.4,4110.2,4106.4,4110.1,615,MGCZ5
2025-11-19 09:56:00+00:00,33,1,42007130,4110.1,4111.3,4108.7,4111.0,462,MGCZ5
2025-11-19 09:57:00+00:00,33,1,42007130,4110.6,4115.8,4110.3,4114.6,963,MGCZ5
2025-11-19 09:58:00+00:00,33,1,42007130,4114.3,4117.2,4112.5,4113.9,968,MGCZ5
2025-11-19 09:59:00+00:00,33,1,42007130,4113.8,4116.1,4113.5,4114.3,493,MGCZ5
2025-11-19 10:00:00+00:00,33,1,42007130,4114.3,4116.2,4112.0,4113.4,933,MGCZ5
2025-11-19 10:01:00+00:00,33,1,42007130,4113.4,4115.8,4112.2,4115.0,519,MGCZ5
2025-11-19 10:02:00+00:00,33,1,42007130,4114.3,4114.7,4112.1,4114.6,373,MGCZ5
2025-11-19 10:03:00+00:00,33,1,42007130,4114.6,4115.5,4112.0,4112.7,409,MGCZ5
2025-11-19 10:04:00+00:00,33,1,42007130,4112.9,4115.0,4111.4,4114.2,433,MGCZ5
2025-11-19 10:05:00+00:00,33,1,42007130,4113.7,4117.1,4113.4,4115.5,442,MGCZ5
2025-11-19 10:06:00+00:00,33,1,42007130,4116.0,4120.0,4115.9,4117.5,895,MGCZ5
2025-11-19 10:07:00+00:00,33,1,42007130,4117.4,4117.8,4115.2,4117.6,409,MGCZ5
2025-11-19 10:08:00+00:00,33,1,42007130,4117.6,4118.2,4115.3,4115.4,405,MGCZ5
2025-11-19 10:09:00+00:00,33,1,42007130,4115.2,4116.7,4113.1,4113.1,445,MGCZ5
2025-11-19 10:10:00+00:00,33,1,42007130,4113.0,4113.3,4111.3,4111.8,473,MGCZ5
2025-11-19 10:11:00+00:00,33,1,42007130,4111.7,4113.5,4109.1,4110.3,667,MGCZ5
2025-11-19 10:12:00+00:00,33,1,42007130,4110.4,4113.2,4109.2,4112.6,550,MGCZ5
2025-11-19 10:13:00+00:00,33,1,42007130,4112.8,4114.0,4111.3,4111.9,233,MGCZ5
2025-11-19 10:14:00+00:00,33,1,42007130,4112.1,4112.4,4111.4,4111.7,171,MGCZ5
2025-11-19 10:15:00+00:00,33,1,42007130,4111.8,4114.8,4111.4,4114.1,263,MGCZ5
2025-11-19 10:16:00+00:00,33,1,42007130,4114.2,4116.2,4114.2,4115.7,332,MGCZ5
2025-11-19 10:17:00+00:00,33,1,42007130,4115.5,4116.5,4115.4,4116.0,229,MGCZ5
2025-11-19 10:18:00+00:00,33,1,42007130,4115.9,4116.3,4114.0,4115.0,225,MGCZ5
2025-11-19 10:19:00+00:00,33,1,42007130,4114.7,4115.5,4113.4,4115.1,146,MGCZ5
2025-11-19 10:20:00+00:00,33,1,42007130,4115.3,4116.4,4115.1,4115.3,213,MGCZ5
2025-11-19 10:21:00+00:00,33,1,42007130,4115.3,4115.3,4112.4,4112.8,303,MGCZ5
2025-11-19 10:22:00+00:00,33,1,42007130,4112.5,4113.2,4111.5,4112.1,202,MGCZ5
2025-11-19 10:23:00+00:00,33,1,42007130,4112.1,4112.3,4111.0,4112.0,151,MGCZ5
2025-11-19 10:24:00+00:00,33,1,42007130,4112.0,4114.0,4112.0,4113.9,198,MGCZ5
2025-11-19 10:25:00+00:00,33,1,42007130,4113.6,4114.3,4112.9,4113.1,110,MGCZ5
2025-11-19 10:26:00+00:00,33,1,42007130,4113.0,4113.7,4111.4,4111.6,167,MGCZ5
2025-11-19 10:27:00+00:00,33,1,42007130,4111.8,4112.8,4111.4,4111.5,98,MGCZ5
2025-11-19 10:28:00+00:00,33,1,42007130,4111.4,4114.0,4111.1,4113.7,255,MGCZ5
2025-11-19 10:29:00+00:00,33,1,42007130,4113.6,4114.2,4112.1,4112.4,198,MGCZ5
2025-11-19 10:30:00+00:00,33,1,42007130,4112.5,4112.7,4110.6,4112.3,258,MGCZ5
2025-11-19 10:31:00+00:00,33,1,42007130,4112.2,4113.8,4110.8,4112.1,319,MGCZ5
2025-11-19 10:32:00+00:00,33,1,42007130,4111.9,4115.2,4111.8,4114.9,263,MGCZ5
2025-11-19 10:33:00+00:00,33,1,42007130,4115.1,4115.6,4113.3,4113.3,316,MGCZ5
2025-11-19 10:34:00+00:00,33,1,42007130,4113.2,4113.7,4111.6,4113.0,173,MGCZ5
2025-11-19 10:35:00+00:00,33,1,42007130,4113.2,4115.3,4113.2,4115.1,151,MGCZ5
2025-11-19 10:36:00+00:00,33,1,42007130,4115.1,4115.3,4113.0,4113.3,157,MGCZ5
2025-11-19 10:37:00+00:00,33,1,42007130,4113.3,4113.3,4112.0,4112.6,118,MGCZ5
2025-11-19 10:38:00+00:00,33,1,42007130,4112.6,4113.4,4112.1,4113.2,83,MGCZ5
2025-11-19 10:39:00+00:00,33,1,42007130,4113.4,4114.5,4113.2,4114.2,76,MGCZ5
2025-11-19 10:40:00+00:00,33,1,42007130,4114.0,4114.5,4112.4,4112.5,110,MGCZ5
2025-11-19 10:41:00+00:00,33,1,42007130,4112.6,4113.6,4112.0,4113.5,166,MGCZ5
2025-11-19 10:42:00+00:00,33,1,42007130,4113.6,4114.8,4113.1,4113.4,178,MGCZ5
2025-11-19 10:43:00+00:00,33,1,42007130,4113.7,4114.4,4113.7,4114.2,58,MGCZ5
2025-11-19 10:44:00+00:00,33,1,42007130,4114.2,4114.5,4112.5,4113.3,155,MGCZ5
2025-11-19 10:45:00+00:00,33,1,42007130,4113.4,4114.0,4112.4,4113.6,122,MGCZ5
2025-11-19 10:46:00+00:00,33,1,42007130,4113.5,4114.3,4113.1,4113.9,160,MGCZ5
2025-11-19 10:47:00+00:00,33,1,42007130,4113.8,4114.2,4112.7,4112.7,138,MGCZ5
2025-11-19 10:48:00+00:00,33,1,42007130,4112.5,4113.2,4112.0,4112.3,94,MGCZ5
2025-11-19 10:49:00+00:00,33,1,42007130,4112.4,4112.4,4111.3,4112.1,165,MGCZ5
2025-11-19 10:50:00+00:00,33,1,42007130,4112.1,4113.8,4111.9,4113.7,228,MGCZ5
2025-11-19 10:51:00+00:00,33,1,42007130,4113.6,4114.1,4112.4,4112.6,230,MGCZ5
2025-11-19 10:52:00+00:00,33,1,42007130,4112.4,4114.2,4111.5,4112.3,189,MGCZ5
2025-11-19 10:53:00+00:00,33,1,42007130,4112.5,4113.0,4111.9,4112.7,76,MGCZ5
2025-11-19 10:54:00+00:00,33,1,42007130,4113.0,4113.1,4112.1,4112.6,59,MGCZ5
2025-11-19 10:55:00+00:00,33,1,42007130,4112.6,4112.6,4109.4,4110.8,477,MGCZ5
2025-11-19 10:56:00+00:00,33,1,42007130,4111.1,4111.5,4110.1,4110.5,181,MGCZ5
2025-11-19 10:57:00+00:00,33,1,42007130,4110.4,4110.8,4109.5,4109.5,193,MGCZ5
2025-11-19 10:58:00+00:00,33,1,42007130,4109.5,4110.1,4107.4,4108.1,611,MGCZ5
2025-11-19 10:59:00+00:00,33,1,42007130,4108.1,4109.9,4107.4,4109.8,344,MGCZ5
2025-11-19 11:00:00+00:00,33,1,42007130,4110.0,4112.3,4109.9,4111.2,391,MGCZ5
2025-11-19 11:01:00+00:00,33,1,42007130,4110.7,4111.5,4109.6,4109.8,211,MGCZ5
2025-11-19 11:02:00+00:00,33,1,42007130,4109.8,4109.8,4107.5,4108.5,311,MGCZ5
2025-11-19 11:03:00+00:00,33,1,42007130,4108.5,4108.9,4107.1,4108.3,354,MGCZ5
2025-11-19 11:04:00+00:00,33,1,42007130,4108.2,4109.9,4107.7,4109.3,218,MGCZ5
2025-11-19 11:05:00+00:00,33,1,42007130,4109.0,4109.3,4107.2,4107.3,160,MGCZ5
2025-11-19 11:06:00+00:00,33,1,42007130,4107.2,4109.8,4107.1,4108.9,210,MGCZ5
2025-11-19 11:07:00+00:00,33,1,42007130,4108.9,4110.7,4108.5,4110.4,197,MGCZ5
2025-11-19 11:08:00+00:00,33,1,42007130,4110.1,4110.5,4108.4,4109.3,228,MGCZ5
2025-11-19 11:09:00+00:00,33,1,42007130,4109.1,4109.8,4108.5,4109.6,110,MGCZ5
2025-11-19 11:10:00+00:00,33,1,42007130,4109.6,4109.8,4108.8,4109.2,61,MGCZ5
2025-11-19 11:11:00+00:00,33,1,42007130,4109.2,4110.0,4107.8,4109.5,190,MGCZ5
2025-11-19 11:12:00+00:00,33,1,42007130,4109.6,4111.7,4109.5,4111.2,132,MGCZ5
2025-11-19 11:13:00+00:00,33,1,42007130,4111.4,4111.5,4109.5,4109.6,200,MGCZ5
2025-11-19 11:14:00+00:00,33,1,42007130,4109.7,4111.4,4109.6,4110.8,100,MGCZ5
2025-11-19 11:15:00+00:00,33,1,42007130,4110.7,4112.7,4110.6,4112.3,311,MGCZ5
2025-11-19 11:16:00+00:00,33,1,42007130,4112.4,4114.3,4112.3,4114.0,317,MGCZ5
2025-11-19 11:17:00+00:00,33,1,42007130,4113.9,4117.4,4113.9,4117.1,700,MGCZ5
2025-11-19 11:18:00+00:00,33,1,42007130,4117.2,4117.2,4114.7,4115.9,313,MGCZ5
2025-11-19 11:19:00+00:00,33,1,42007130,4115.8,4118.6,4115.5,4118.0,403,MGCZ5
2025-11-19 11:20:00+00:00,33,1,42007130,4117.8,4118.0,4116.1,4116.2,305,MGCZ5
2025-11-19 11:21:00+00:00,33,1,42007130,4116.2,4116.9,4115.4,4116.1,251,MGCZ5
2025-11-19 11:22:00+00:00,33,1,42007130,4116.2,4116.6,4115.6,4116.0,89,MGCZ5
2025-11-19 11:23:00+00:00,33,1,42007130,4115.8,4115.9,4113.1,4113.6,354,MGCZ5
2025-11-19 11:24:00+00:00,33,1,42007130,4113.6,4114.6,4113.6,4114.3,126,MGCZ5
2025-11-19 11:25:00+00:00,33,1,42007130,4114.3,4115.1,4113.9,4114.9,170,MGCZ5
2025-11-19 11:26:00+00:00,33,1,42007130,4114.8,4115.2,4113.9,4114.3,60,MGCZ5
2025-11-19 11:27:00+00:00,33,1,42007130,4114.2,4114.8,4113.1,4114.8,145,MGCZ5
2025-11-19 11:28:00+00:00,33,1,42007130,4114.8,4115.4,4114.1,4115.0,120,MGCZ5
2025-11-19 11:29:00+00:00,33,1,42007130,4115.2,4115.5,4114.9,4115.1,81,MGCZ5
2025-11-19 11:30:00+00:00,33,1,42007130,4114.8,4115.4,4114.4,4114.4,146,MGCZ5
2025-11-19 11:31:00+00:00,33,1,42007130,4114.4,4114.5,4113.3,4113.7,121,MGCZ5
2025-11-19 11:32:00+00:00,33,1,42007130,4113.6,4114.2,4113.2,4114.1,143,MGCZ5
2025-11-19 11:33:00+00:00,33,1,42007130,4113.9,4115.3,4113.9,4115.1,151,MGCZ5
2025-11-19 11:34:00+00:00,33,1,42007130,4115.2,4115.8,4114.2,4114.3,119,MGCZ5
2025-11-19 11:35:00+00:00,33,1,42007130,4114.2,4115.1,4113.8,4114.0,71,MGCZ5
2025-11-19 11:36:00+00:00,33,1,42007130,4113.9,4115.0,4113.9,4114.5,85,MGCZ5
2025-11-19 11:37:00+00:00,33,1,42007130,4114.3,4114.3,4113.3,4113.3,205,MGCZ5
2025-11-19 11:38:00+00:00,33,1,42007130,4113.3,4114.0,4112.1,4113.5,365,MGCZ5
2025-11-19 11:39:00+00:00,33,1,42007130,4113.8,4114.2,4113.0,4113.2,138,MGCZ5
2025-11-19 11:40:00+00:00,33,1,42007130,4113.5,4114.5,4112.9,4112.9,105,MGCZ5
2025-11-19 11:41:00+00:00,33,1,42007130,4112.9,4113.1,4112.3,4112.7,128,MGCZ5
2025-11-19 11:42:00+00:00,33,1,42007130,4112.5,4114.1,4111.1,4113.7,369,MGCZ5
2025-11-19 11:43:00+00:00,33,1,42007130,4113.7,4114.0,4110.6,4111.7,235,MGCZ5
2025-11-19 11:44:00+00:00,33,1,42007130,4111.5,4113.0,4111.4,4112.6,100,MGCZ5
2025-11-19 11:45:00+00:00,33,1,42007130,4112.4,4114.1,4112.2,4114.0,85,MGCZ5
2025-11-19 11:46:00+00:00,33,1,42007130,4113.8,4114.7,4112.5,4114.7,136,MGCZ5
2025-11-19 11:47:00+00:00,33,1,42007130,4114.4,4116.2,4114.3,4116.0,231,MGCZ5
2025-11-19 11:48:00+00:00,33,1,42007130,4115.9,4116.1,4114.9,4115.8,183,MGCZ5
2025-11-19 11:49:00+00:00,33,1,42007130,4115.9,4116.4,4115.4,4115.9,131,MGCZ5
2025-11-19 11:50:00+00:00,33,1,42007130,4115.8,4117.9,4115.4,4117.8,326,MGCZ5
2025-11-19 11:51:00+00:00,33,1,42007130,4117.8,4117.9,4117.0,4117.3,180,MGCZ5
2025-11-19 11:52:00+00:00,33,1,42007130,4117.2,4117.3,4116.3,4116.6,178,MGCZ5
2025-11-19 11:53:00+00:00,33,1,42007130,4116.2,4117.5,4115.8,4116.8,163,MGCZ5
2025-11-19 11:54:00+00:00,33,1,42007130,4116.8,4117.0,4115.9,4116.3,93,MGCZ5
2025-11-19 11:55:00+00:00,33,1,42007130,4116.3,4116.3,4114.1,4115.2,207,MGCZ5
2025-11-19 11:56:00+00:00,33,1,42007130,4114.9,4115.6,4114.1,4114.7,170,MGCZ5
2025-11-19 11:57:00+00:00,33,1,42007130,4114.6,4114.9,4113.9,4114.3,83,MGCZ5
2025-11-19 11:58:00+00:00,33,1,42007130,4114.3,4114.9,4112.9,4113.5,442,MGCZ5
2025-11-19 11:59:00+00:00,33,1,42007130,4113.6,4114.1,4113.0,4113.7,164,MGCZ5
2025-11-19 12:00:00+00:00,33,1,42007130,4113.6,4116.1,4113.3,4115.2,260,MGCZ5
2025-11-19 12:01:00+00:00,33,1,42007130,4115.4,4116.0,4114.5,4115.8,196,MGCZ5
2025-11-19 12:02:00+00:00,33,1,42007130,4115.9,4117.0,4115.7,4116.5,423,MGCZ5
2025-11-19 12:03:00+00:00,33,1,42007130,4116.6,4117.7,4115.6,4116.4,194,MGCZ5
2025-11-19 12:04:00+00:00,33,1,42007130,4116.4,4117.2,4115.5,4116.0,126,MGCZ5
2025-11-19 12:05:00+00:00,33,1,42007130,4115.8,4116.5,4115.8,4115.9,58,MGCZ5
2025-11-19 12:06:00+00:00,33,1,42007130,4116.0,4116.5,4115.7,4116.0,73,MGCZ5
2025-11-19 12:07:00+00:00,33,1,42007130,4116.0,4116.4,4115.8,4116.4,60,MGCZ5
2025-11-19 12:08:00+00:00,33,1,42007130,4116.3,4117.9,4116.3,4117.2,123,MGCZ5
2025-11-19 12:09:00+00:00,33,1,42007130,4117.2,4118.5,4116.8,4117.0,218,MGCZ5
2025-11-19 12:10:00+00:00,33,1,42007130,4117.2,4120.4,4117.1,4120.3,452,MGCZ5
2025-11-19 12:11:00+00:00,33,1,42007130,4120.4,4120.9,4119.2,4119.4,414,MGCZ5
2025-11-19 12:12:00+00:00,33,1,42007130,4119.5,4119.8,4118.3,4118.6,172,MGCZ5
2025-11-19 12:13:00+00:00,33,1,42007130,4118.5,4119.1,4117.4,4117.5,139,MGCZ5
2025-11-19 12:14:00+00:00,33,1,42007130,4117.5,4118.0,4116.9,4116.9,128,MGCZ5
2025-11-19 12:15:00+00:00,33,1,42007130,4117.1,4117.1,4115.4,4115.7,252,MGCZ5
2025-11-19 12:16:00+00:00,33,1,42007130,4115.6,4115.7,4114.1,4115.6,410,MGCZ5
2025-11-19 12:17:00+00:00,33,1,42007130,4115.7,4116.8,4115.2,4116.5,174,MGCZ5
2025-11-19 12:18:00+00:00,33,1,42007130,4116.5,4116.6,4115.1,4115.4,95,MGCZ5
2025-11-19 12:19:00+00:00,33,1,42007130,4115.1,4115.3,4113.7,4114.2,174,MGCZ5
2025-11-19 12:20:00+00:00,33,1,42007130,4114.0,4115.1,4113.8,4114.0,154,MGCZ5
2025-11-19 12:21:00+00:00,33,1,42007130,4114.0,4115.1,4112.9,4115.0,287,MGCZ5
2025-11-19 12:22:00+00:00,33,1,42007130,4115.0,4116.8,4114.8,4115.9,220,MGCZ5
2025-11-19 12:23:00+00:00,33,1,42007130,4115.8,4116.6,4115.3,4116.5,144,MGCZ5
2025-11-19 12:24:00+00:00,33,1,42007130,4116.5,4117.5,4116.4,4117.4,368,MGCZ5
2025-11-19 12:25:00+00:00,33,1,42007130,4117.2,4117.8,4115.8,4116.4,256,MGCZ5
2025-11-19 12:26:00+00:00,33,1,42007130,4116.2,4117.1,4116.0,4116.8,120,MGCZ5
2025-11-19 12:27:00+00:00,33,1,42007130,4116.8,4117.7,4116.3,4116.8,107,MGCZ5
2025-11-19 12:28:00+00:00,33,1,42007130,4116.8,4117.5,4116.8,4117.4,80,MGCZ5
2025-11-19 12:29:00+00:00,33,1,42007130,4117.3,4118.6,4117.1,4117.7,199,MGCZ5
2025-11-19 12:30:00+00:00,33,1,42007130,4118.1,4118.9,4117.3,4117.6,248,MGCZ5
2025-11-19 12:31:00+00:00,33,1,42007130,4117.9,4118.0,4116.4,4116.7,82,MGCZ5
2025-11-19 12:32:00+00:00,33,1,42007130,4116.5,4117.0,4116.1,4116.6,87,MGCZ5
2025-11-19 12:33:00+00:00,33,1,42007130,4116.5,4116.8,4116.4,4116.6,43,MGCZ5
2025-11-19 12:34:00+00:00,33,1,42007130,4116.4,4116.8,4116.0,4116.0,60,MGCZ5
2025-11-19 12:35:00+00:00,33,1,42007130,4115.9,4117.0,4115.4,4116.8,97,MGCZ5
2025-11-19 12:36:00+00:00,33,1,42007130,4116.6,4118.5,4116.4,4118.2,155,MGCZ5
2025-11-19 12:37:00+00:00,33,1,42007130,4118.3,4118.6,4117.2,4118.2,129,MGCZ5
2025-11-19 12:38:00+00:00,33,1,42007130,4118.4,4119.9,4118.1,4119.5,228,MGCZ5
2025-11-19 12:39:00+00:00,33,1,42007130,4119.5,4119.7,4118.9,4119.4,129,MGCZ5
2025-11-19 12:40:00+00:00,33,1,42007130,4119.4,4119.5,4118.8,4119.4,107,MGCZ5
2025-11-19 12:41:00+00:00,33,1,42007130,4119.3,4120.7,4118.8,4119.1,242,MGCZ5
2025-11-19 12:42:00+00:00,33,1,42007130,4119.3,4119.5,4117.6,4117.7,144,MGCZ5
2025-11-19 12:43:00+00:00,33,1,42007130,4117.7,4118.0,4116.1,4116.8,184,MGCZ5
2025-11-19 12:44:00+00:00,33,1,42007130,4117.0,4118.2,4116.1,4118.0,203,MGCZ5
2025-11-19 12:45:00+00:00,33,1,42007130,4118.0,4119.0,4116.8,4118.4,185,MGCZ5
2025-11-19 12:46:00+00:00,33,1,42007130,4118.4,4118.5,4117.2,4118.4,76,MGCZ5
2025-11-19 12:47:00+00:00,33,1,42007130,4118.5,4120.2,4118.0,4118.7,203,MGCZ5
2025-11-19 12:48:00+00:00,33,1,42007130,4118.9,4119.9,4118.5,4119.8,109,MGCZ5
2025-11-19 12:49:00+00:00,33,1,42007130,4119.8,4119.8,4118.5,4118.5,73,MGCZ5
2025-11-19 12:50:00+00:00,33,1,42007130,4118.7,4119.7,4118.7,4119.7,101,MGCZ5
2025-11-19 12:51:00+00:00,33,1,42007130,4119.4,4119.6,4117.4,4117.7,211,MGCZ5
2025-11-19 12:52:00+00:00,33,1,42007130,4117.7,4118.1,4116.2,4116.2,309,MGCZ5
2025-11-19 12:53:00+00:00,33,1,42007130,4116.4,4116.4,4114.0,4114.4,474,MGCZ5
2025-11-19 12:54:00+00:00,33,1,42007130,4114.5,4116.3,4112.8,4115.9,423,MGCZ5
2025-11-19 12:55:00+00:00,33,1,42007130,4115.9,4117.1,4115.1,4116.7,170,MGCZ5
2025-11-19 12:56:00+00:00,33,1,42007130,4116.6,4116.8,4115.5,4115.8,110,MGCZ5
2025-11-19 12:57:00+00:00,33,1,42007130,4115.8,4116.2,4115.1,4115.6,113,MGCZ5
2025-11-19 12:58:00+00:00,33,1,42007130,4115.5,4115.8,4114.1,4114.1,172,MGCZ5
2025-11-19 12:59:00+00:00,33,1,42007130,4114.1,4115.4,4114.1,4115.1,149,MGCZ5
2025-11-19 13:00:00+00:00,33,1,42007130,4115.0,4115.9,4110.8,4111.8,948,MGCZ5
2025-11-19 13:01:00+00:00,33,1,42007130,4111.9,4112.6,4109.6,4112.6,803,MGCZ5
2025-11-19 13:02:00+00:00,33,1,42007130,4112.3,4112.9,4110.7,4112.5,347,MGCZ5
2025-11-19 13:03:00+00:00,33,1,42007130,4112.5,4115.3,4111.3,4111.5,493,MGCZ5
2025-11-19 13:04:00+00:00,33,1,42007130,4111.8,4112.3,4110.5,4110.6,389,MGCZ5
2025-11-19 13:05:00+00:00,33,1,42007130,4110.5,4113.6,4110.5,4112.3,282,MGCZ5
2025-11-19 13:06:00+00:00,33,1,42007130,4111.9,4112.1,4108.4,4108.6,502,MGCZ5
2025-11-19 13:07:00+00:00,33,1,42007130,4108.6,4110.1,4106.7,4108.6,803,MGCZ5
2025-11-19 13:08:00+00:00,33,1,42007130,4108.5,4110.3,4107.5,4109.0,482,MGCZ5
2025-11-19 13:09:00+00:00,33,1,42007130,4109.0,4110.9,4107.6,4107.7,447,MGCZ5
2025-11-19 13:10:00+00:00,33,1,42007130,4107.8,4109.3,4105.2,4105.4,677,MGCZ5
2025-11-19 13:11:00+00:00,33,1,42007130,4105.3,4107.4,4103.5,4105.9,806,MGCZ5
2025-11-19 13:12:00+00:00,33,1,42007130,4106.2,4106.3,4103.8,4105.7,425,MGCZ5
2025-11-19 13:13:00+00:00,33,1,42007130,4105.7,4107.1,4104.6,4104.7,307,MGCZ5
2025-11-19 13:14:00+00:00,33,1,42007130,4105.1,4105.1,4101.5,4103.7,822,MGCZ5
2025-11-19 13:15:00+00:00,33,1,42007130,4103.3,4103.9,4101.0,4102.5,735,MGCZ5
2025-11-19 13:16:00+00:00,33,1,42007130,4103.0,4105.2,4101.8,4103.9,564,MGCZ5
2025-11-19 13:17:00+00:00,33,1,42007130,4103.7,4105.7,4103.0,4104.4,410,MGCZ5
2025-11-19 13:18:00+00:00,33,1,42007130,4104.2,4105.3,4103.4,4103.6,353,MGCZ5
2025-11-19 13:19:00+00:00,33,1,42007130,4103.5,4104.6,4101.9,4104.4,333,MGCZ5
2025-11-19 13:20:00+00:00,33,1,42007130,4104.3,4108.0,4103.6,4107.8,669,MGCZ5
2025-11-19 13:21:00+00:00,33,1,42007130,4107.8,4110.3,4107.5,4109.5,851,MGCZ5
2025-11-19 13:22:00+00:00,33,1,42007130,4109.6,4109.9,4107.5,4108.5,485,MGCZ5
2025-11-19 13:23:00+00:00,33,1,42007130,4108.8,4108.8,4104.7,4104.9,393,MGCZ5
2025-11-19 13:24:00+00:00,33,1,42007130,4105.0,4105.2,4103.2,4104.9,487,MGCZ5
2025-11-19 13:25:00+00:00,33,1,42007130,4104.8,4107.2,4104.6,4106.1,296,MGCZ5
2025-11-19 13:26:00+00:00,33,1,42007130,4106.5,4108.6,4106.3,4108.2,289,MGCZ5
2025-11-19 13:27:00+00:00,33,1,42007130,4108.5,4108.6,4106.5,4108.1,230,MGCZ5
2025-11-19 13:28:00+00:00,33,1,42007130,4108.2,4110.6,4107.9,4110.6,418,MGCZ5
2025-11-19 13:29:00+00:00,33,1,42007130,4110.3,4110.6,4108.8,4110.5,252,MGCZ5
2025-11-19 13:30:00+00:00,33,1,42007130,4110.1,4112.8,4108.5,4112.2,566,MGCZ5
2025-11-19 13:31:00+00:00,33,1,42007130,4112.3,4116.0,4112.1,4115.5,873,MGCZ5
2025-11-19 13:32:00+00:00,33,1,42007130,4115.3,4115.5,4111.0,4111.1,675,MGCZ5
2025-11-19 13:33:00+00:00,33,1,42007130,4111.1,4111.5,4108.9,4109.2,714,MGCZ5
2025-11-19 13:34:00+00:00,33,1,42007130,4109.0,4109.5,4107.2,4107.9,553,MGCZ5
2025-11-19 13:35:00+00:00,33,1,42007130,4107.6,4110.3,4107.4,4109.7,455,MGCZ5
2025-11-19 13:36:00+00:00,33,1,42007130,4109.8,4112.5,4109.7,4111.5,434,MGCZ5
2025-11-19 13:37:00+00:00,33,1,42007130,4111.5,4113.7,4110.2,4113.4,338,MGCZ5
2025-11-19 13:38:00+00:00,33,1,42007130,4113.1,4114.6,4113.0,4113.9,320,MGCZ5
2025-11-19 13:39:00+00:00,33,1,42007130,4113.7,4114.1,4111.5,4112.5,346,MGCZ5
2025-11-19 13:40:00+00:00,33,1,42007130,4112.5,4114.2,4112.5,4113.7,263,MGCZ5
2025-11-19 13:41:00+00:00,33,1,42007130,4113.6,4114.6,4112.8,4114.2,205,MGCZ5
2025-11-19 13:42:00+00:00,33,1,42007130,4114.1,4114.2,4112.6,4112.6,161,MGCZ5
2025-11-19 13:43:00+00:00,33,1,42007130,4112.7,4114.9,4112.1,4114.4,267,MGCZ5
2025-11-19 13:44:00+00:00,33,1,42007130,4114.4,4115.7,4113.5,4115.7,273,MGCZ5
2025-11-19 13:45:00+00:00,33,1,42007130,4115.4,4118.0,4115.4,4117.9,658,MGCZ5
2025-11-19 13:46:00+00:00,33,1,42007130,4117.7,4118.8,4116.6,4116.9,489,MGCZ5
2025-11-19 13:47:00+00:00,33,1,42007130,4116.8,4116.8,4113.5,4114.7,496,MGCZ5
2025-11-19 13:48:00+00:00,33,1,42007130,4114.8,4116.1,4113.9,4114.2,378,MGCZ5
2025-11-19 13:49:00+00:00,33,1,42007130,4114.0,4114.9,4113.0,4113.1,346,MGCZ5
2025-11-19 13:50:00+00:00,33,1,42007130,4113.1,4113.3,4110.1,4110.5,799,MGCZ5
2025-11-19 13:51:00+00:00,33,1,42007130,4110.4,4110.8,4108.6,4109.0,647,MGCZ5
2025-11-19 13:52:00+00:00,33,1,42007130,4109.0,4110.5,4108.3,4109.1,364,MGCZ5
2025-11-19 13:53:00+00:00,33,1,42007130,4108.8,4109.4,4107.7,4108.6,308,MGCZ5
2025-11-19 13:54:00+00:00,33,1,42007130,4108.6,4108.9,4106.7,4107.2,509,MGCZ5
2025-11-19 13:55:00+00:00,33,1,42007130,4107.1,4110.2,4106.9,4108.9,494,MGCZ5
2025-11-19 13:56:00+00:00,33,1,42007130,4109.2,4110.2,4108.4,4109.5,249,MGCZ5
2025-11-19 13:57:00+00:00,33,1,42007130,4109.5,4109.5,4108.1,4109.5,179,MGCZ5
2025-11-19 13:58:00+00:00,33,1,42007130,4109.3,4111.2,4109.0,4111.2,263,MGCZ5
2025-11-19 13:59:00+00:00,33,1,42007130,4111.0,4112.5,4110.9,4111.7,379,MGCZ5
2025-11-19 14:00:00+00:00,33,1,42007130,4111.7,4114.9,4111.7,4114.0,457,MGCZ5
2025-11-19 14:01:00+00:00,33,1,42007130,4114.1,4115.1,4112.1,4113.1,632,MGCZ5
2025-11-19 14:02:00+00:00,33,1,42007130,4113.2,4113.6,4112.2,4112.4,205,MGCZ5
2025-11-19 14:03:00+00:00,33,1,42007130,4112.3,4114.2,4112.3,4113.7,265,MGCZ5
2025-11-19 14:04:00+00:00,33,1,42007130,4113.7,4116.3,4113.7,4116.0,569,MGCZ5
2025-11-19 14:05:00+00:00,33,1,42007130,4115.9,4116.7,4114.9,4115.8,321,MGCZ5
2025-11-19 14:06:00+00:00,33,1,42007130,4115.9,4116.7,4113.2,4114.1,302,MGCZ5
2025-11-19 14:07:00+00:00,33,1,42007130,4114.0,4115.3,4112.4,4114.5,355,MGCZ5
2025-11-19 14:08:00+00:00,33,1,42007130,4114.3,4114.8,4113.9,4114.2,182,MGCZ5
2025-11-19 14:09:00+00:00,33,1,42007130,4114.3,4115.1,4112.4,4112.8,260,MGCZ5
2025-11-19 14:10:00+00:00,33,1,42007130,4112.8,4114.0,4112.0,4112.4,344,MGCZ5
2025-11-19 14:11:00+00:00,33,1,42007130,4112.8,4114.9,4112.8,4114.8,201,MGCZ5
2025-11-19 14:12:00+00:00,33,1,42007130,4115.0,4117.9,4114.9,4117.6,498,MGCZ5
2025-11-19 14:13:00+00:00,33,1,42007130,4117.7,4119.2,4117.1,4119.0,589,MGCZ5
2025-11-19 14:14:00+00:00,33,1,42007130,4119.1,4119.7,4117.6,4119.0,475,MGCZ5
2025-11-19 14:15:00+00:00,33,1,42007130,4118.8,4119.9,4116.5,4117.5,694,MGCZ5
2025-11-19 14:16:00+00:00,33,1,42007130,4117.5,4117.5,4115.2,4116.4,478,MGCZ5
2025-11-19 14:17:00+00:00,33,1,42007130,4116.3,4119.9,4116.3,4119.4,470,MGCZ5
2025-11-19 14:18:00+00:00,33,1,42007130,4119.4,4119.4,4114.5,4114.6,457,MGCZ5
2025-11-19 14:19:00+00:00,33,1,42007130,4114.5,4116.2,4113.2,4114.4,549,MGCZ5
2025-11-19 14:20:00+00:00,33,1,42007130,4114.1,4115.2,4113.6,4113.7,304,MGCZ5
2025-11-19 14:21:00+00:00,33,1,42007130,4114.0,4114.1,4111.3,4112.5,608,MGCZ5
2025-11-19 14:22:00+00:00,33,1,42007130,4112.5,4113.1,4110.1,4110.6,469,MGCZ5
2025-11-19 14:23:00+00:00,33,1,42007130,4110.7,4111.1,4109.7,4110.2,248,MGCZ5
2025-11-19 14:24:00+00:00,33,1,42007130,4110.4,4111.8,4109.5,4110.6,352,MGCZ5
2025-11-19 14:25:00+00:00,33,1,42007130,4110.5,4111.3,4109.0,4109.2,313,MGCZ5
2025-11-19 14:26:00+00:00,33,1,42007130,4109.1,4109.4,4107.3,4109.4,642,MGCZ5
2025-11-19 14:27:00+00:00,33,1,42007130,4109.3,4110.5,4109.2,4110.1,312,MGCZ5
2025-11-19 14:28:00+00:00,33,1,42007130,4109.4,4109.7,4107.0,4107.6,324,MGCZ5
2025-11-19 14:29:00+00:00,33,1,42007130,4107.3,4108.3,4106.7,4107.6,309,MGCZ5
2025-11-19 14:30:00+00:00,33,1,42007130,4107.8,4107.9,4102.4,4104.4,1299,MGCZ5
2025-11-19 14:31:00+00:00,33,1,42007130,4104.9,4109.9,4104.7,4107.9,864,MGCZ5
2025-11-19 14:32:00+00:00,33,1,42007130,4107.7,4111.1,4107.3,4110.7,730,MGCZ5
2025-11-19 14:33:00+00:00,33,1,42007130,4110.7,4113.7,4110.3,4113.7,954,MGCZ5
2025-11-19 14:34:00+00:00,33,1,42007130,4113.6,4114.8,4111.9,4114.2,833,MGCZ5
2025-11-19 14:35:00+00:00,33,1,42007130,4114.5,4117.5,4114.4,4117.5,893,MGCZ5
2025-11-19 14:36:00+00:00,33,1,42007130,4117.4,4118.6,4116.1,4116.6,773,MGCZ5
2025-11-19 14:37:00+00:00,33,1,42007130,4116.5,4117.6,4113.8,4114.2,733,MGCZ5
2025-11-19 14:38:00+00:00,33,1,42007130,4114.6,4114.9,4111.4,4113.7,847,MGCZ5
2025-11-19 14:39:00+00:00,33,1,42007130,4113.7,4117.4,4111.8,4116.0,561,MGCZ5
2025-11-19 14:40:00+00:00,33,1,42007130,4115.9,4117.0,4113.6,4114.9,525,MGCZ5
2025-11-19 14:41:00+00:00,33,1,42007130,4114.9,4115.5,4112.9,4113.6,381,MGCZ5
2025-11-19 14:42:00+00:00,33,1,42007130,4113.7,4115.3,4113.3,4114.5,287,MGCZ5
2025-11-19 14:43:00+00:00,33,1,42007130,4114.7,4118.3,4114.3,4115.9,674,MGCZ5
2025-11-19 14:44:00+00:00,33,1,42007130,4116.0,4116.0,4113.2,4113.5,410,MGCZ5
2025-11-19 14:45:00+00:00,33,1,42007130,4113.3,4115.1,4110.5,4113.7,948,MGCZ5
2025-11-19 14:46:00+00:00,33,1,42007130,4113.4,4115.4,4111.8,4113.0,477,MGCZ5
2025-11-19 14:47:00+00:00,33,1,42007130,4113.0,4114.2,4111.9,4113.5,294,MGCZ5
2025-11-19 14:48:00+00:00,33,1,42007130,4113.2,4115.6,4113.0,4114.8,350,MGCZ5
2025-11-19 14:49:00+00:00,33,1,42007130,4114.6,4115.9,4114.4,4114.4,339,MGCZ5
2025-11-19 14:50:00+00:00,33,1,42007130,4114.9,4115.0,4111.8,4112.0,491,MGCZ5
2025-11-19 14:51:00+00:00,33,1,42007130,4112.0,4112.9,4109.7,4111.6,647,MGCZ5
2025-11-19 14:52:00+00:00,33,1,42007130,4112.0,4114.5,4111.8,4114.0,348,MGCZ5
2025-11-19 14:53:00+00:00,33,1,42007130,4114.1,4117.6,4113.5,4116.5,672,MGCZ5
2025-11-19 14:54:00+00:00,33,1,42007130,4116.7,4119.4,4116.7,4118.5,732,MGCZ5
2025-11-19 14:55:00+00:00,33,1,42007130,4118.7,4123.8,4118.2,4123.5,2263,MGCZ5
2025-11-19 14:56:00+00:00,33,1,42007130,4123.5,4126.1,4122.3,4125.9,1475,MGCZ5
2025-11-19 14:57:00+00:00,33,1,42007130,4125.9,4125.9,4123.9,4124.7,738,MGCZ5
2025-11-19 14:58:00+00:00,33,1,42007130,4124.8,4125.8,4123.1,4125.7,622,MGCZ5
2025-11-19 14:59:00+00:00,33,1,42007130,4125.9,4130.6,4125.8,4129.3,1794,MGCZ5
2025-11-19 15:00:00+00:00,33,1,42007130,4129.1,4131.2,4127.5,4130.3,1399,MGCZ5
2025-11-19 15:01:00+00:00,33,1,42007130,4130.2,4130.3,4127.6,4129.4,760,MGCZ5
2025-11-19 15:02:00+00:00,33,1,42007130,4129.3,4129.3,4126.2,4127.9,799,MGCZ5
2025-11-19 15:03:00+00:00,33,1,42007130,4128.0,4129.8,4127.1,4129.1,646,MGCZ5
2025-11-19 15:04:00+00:00,33,1,42007130,4129.4,4129.9,4127.1,4128.3,451,MGCZ5
2025-11-19 15:05:00+00:00,33,1,42007130,4128.3,4128.6,4124.5,4125.0,826,MGCZ5
2025-11-19 15:06:00+00:00,33,1,42007130,4125.1,4125.2,4121.7,4123.6,800,MGCZ5
2025-11-19 15:07:00+00:00,33,1,42007130,4123.9,4126.3,4123.1,4125.3,491,MGCZ5
2025-11-19 15:08:00+00:00,33,1,42007130,4125.2,4126.9,4124.2,4124.9,469,MGCZ5
2025-11-19 15:09:00+00:00,33,1,42007130,4125.0,4127.8,4125.0,4127.8,463,MGCZ5
2025-11-19 15:10:00+00:00,33,1,42007130,4127.5,4127.7,4124.3,4125.0,549,MGCZ5
2025-11-19 15:11:00+00:00,33,1,42007130,4124.9,4125.5,4123.0,4124.1,503,MGCZ5
2025-11-19 15:12:00+00:00,33,1,42007130,4124.1,4125.9,4123.0,4125.3,407,MGCZ5
2025-11-19 15:13:00+00:00,33,1,42007130,4125.5,4127.1,4124.0,4126.5,317,MGCZ5
2025-11-19 15:14:00+00:00,33,1,42007130,4126.8,4131.6,4126.0,4131.1,1181,MGCZ5
2025-11-19 15:15:00+00:00,33,1,42007130,4131.4,4134.3,4130.3,4134.0,1368,MGCZ5
2025-11-19 15:16:00+00:00,33,1,42007130,4133.9,4134.2,4132.1,4133.1,762,MGCZ5
2025-11-19 15:17:00+00:00,33,1,42007130,4132.9,4133.2,4129.3,4130.0,844,MGCZ5
2025-11-19 15:18:00+00:00,33,1,42007130,4130.1,4131.7,4128.2,4131.3,815,MGCZ5
2025-11-19 15:19:00+00:00,33,1,42007130,4131.3,4131.5,4128.8,4130.5,480,MGCZ5
2025-11-19 15:20:00+00:00,33,1,42007130,4130.7,4131.4,4126.7,4128.3,802,MGCZ5
2025-11-19 15:21:00+00:00,33,1,42007130,4128.5,4130.5,4127.7,4128.7,412,MGCZ5
2025-11-19 15:22:00+00:00,33,1,42007130,4128.5,4128.8,4126.2,4127.6,381,MGCZ5
2025-11-19 15:23:00+00:00,33,1,42007130,4127.6,4128.4,4126.4,4127.7,300,MGCZ5
2025-11-19 15:24:00+00:00,33,1,42007130,4127.7,4128.1,4125.7,4125.7,373,MGCZ5
2025-11-19 15:25:00+00:00,33,1,42007130,4125.6,4126.4,4122.1,4124.1,848,MGCZ5
2025-11-19 15:26:00+00:00,33,1,42007130,4124.0,4124.0,4120.0,4120.6,845,MGCZ5
2025-11-19 15:27:00+00:00,33,1,42007130,4120.3,4123.1,4119.4,4122.6,1025,MGCZ5
2025-11-19 15:28:00+00:00,33,1,42007130,4122.6,4122.7,4118.8,4119.5,597,MGCZ5
2025-11-19 15:29:00+00:00,33,1,42007130,4119.6,4120.8,4116.8,4117.3,907,MGCZ5
2025-11-19 15:30:00+00:00,33,1,42007130,4117.4,4119.9,4115.3,4119.9,1074,MGCZ5
2025-11-19 15:31:00+00:00,33,1,42007130,4119.9,4120.5,4117.1,4117.5,771,MGCZ5
2025-11-19 15:32:00+00:00,33,1,42007130,4117.4,4119.0,4114.4,4118.7,912,MGCZ5
2025-11-19 15:33:00+00:00,33,1,42007130,4118.8,4119.6,4116.9,4117.6,404,MGCZ5
2025-11-19 15:34:00+00:00,33,1,42007130,4117.9,4119.3,4117.1,4118.2,440,MGCZ5
2025-11-19 15:35:00+00:00,33,1,42007130,4118.2,4121.7,4118.2,4121.5,678,MGCZ5
2025-11-19 15:36:00+00:00,33,1,42007130,4121.5,4122.6,4118.8,4119.3,946,MGCZ5
2025-11-19 15:37:00+00:00,33,1,42007130,4119.2,4121.6,4118.1,4120.5,448,MGCZ5
2025-11-19 15:38:00+00:00,33,1,42007130,4120.7,4120.8,4117.6,4117.9,461,MGCZ5
2025-11-19 15:39:00+00:00,33,1,42007130,4117.4,4117.6,4111.7,4113.9,1745,MGCZ5
2025-11-19 15:40:00+00:00,33,1,42007130,4114.1,4114.8,4112.1,4113.5,534,MGCZ5
2025-11-19 15:41:00+00:00,33,1,42007130,4113.4,4113.9,4109.7,4113.7,1055,MGCZ5
2025-11-19 15:42:00+00:00,33,1,42007130,4113.5,4113.5,4110.1,4112.9,499,MGCZ5
2025-11-19 15:43:00+00:00,33,1,42007130,4113.0,4113.3,4110.5,4111.3,400,MGCZ5
2025-11-19 15:44:00+00:00,33,1,42007130,4111.4,4113.4,4110.5,4110.6,307,MGCZ5
2025-11-19 15:45:00+00:00,33,1,42007130,4110.7,4111.5,4104.5,4104.8,1504,MGCZ5
2025-11-19 15:46:00+00:00,33,1,42007130,4104.9,4107.9,4104.3,4107.6,734,MGCZ5
2025-11-19 15:47:00+00:00,33,1,42007130,4107.5,4110.5,4106.3,4107.1,857,MGCZ5
2025-11-19 15:48:00+00:00,33,1,42007130,4107.1,4109.2,4105.4,4109.0,687,MGCZ5
2025-11-19 15:49:00+00:00,33,1,42007130,4108.9,4109.2,4106.3,4107.2,311,MGCZ5
2025-11-19 15:50:00+00:00,33,1,42007130,4106.9,4108.8,4105.2,4108.7,535,MGCZ5
2025-11-19 15:51:00+00:00,33,1,42007130,4108.5,4110.1,4105.6,4107.1,563,MGCZ5
2025-11-19 15:52:00+00:00,33,1,42007130,4106.8,4108.3,4104.0,4104.5,661,MGCZ5
2025-11-19 15:53:00+00:00,33,1,42007130,4104.3,4104.3,4090.4,4094.3,4419,MGCZ5
2025-11-19 15:54:00+00:00,33,1,42007130,4094.2,4096.0,4091.4,4092.1,1587,MGCZ5
2025-11-19 15:55:00+00:00,33,1,42007130,4092.2,4098.0,4091.4,4095.4,1371,MGCZ5
2025-11-19 15:56:00+00:00,33,1,42007130,4095.2,4097.4,4092.8,4095.1,879,MGCZ5
2025-11-19 15:57:00+00:00,33,1,42007130,4094.6,4096.7,4092.7,4094.9,664,MGCZ5
2025-11-19 15:58:00+00:00,33,1,42007130,4094.8,4094.9,4092.0,4094.0,719,MGCZ5
2025-11-19 15:59:00+00:00,33,1,42007130,4093.7,4097.4,4092.9,4097.3,630,MGCZ5
2025-11-19 16:00:00+00:00,33,1,42007130,4097.1,4098.6,4094.5,4098.1,978,MGCZ5
2025-11-19 16:01:00+00:00,33,1,42007130,4098.1,4099.3,4087.3,4088.6,1753,MGCZ5
2025-11-19 16:02:00+00:00,33,1,42007130,4088.4,4089.2,4083.8,4087.3,2147,MGCZ5
2025-11-19 16:03:00+00:00,33,1,42007130,4087.1,4090.9,4086.9,4089.9,957,MGCZ5
2025-11-19 16:04:00+00:00,33,1,42007130,4089.9,4091.8,4088.1,4091.2,686,MGCZ5
2025-11-19 16:05:00+00:00,33,1,42007130,4091.6,4094.8,4090.8,4091.5,788,MGCZ5
2025-11-19 16:06:00+00:00,33,1,42007130,4091.4,4093.0,4089.3,4093.0,677,MGCZ5
2025-11-19 16:07:00+00:00,33,1,42007130,4092.7,4094.3,4091.6,4093.6,554,MGCZ5
2025-11-19 16:08:00+00:00,33,1,42007130,4093.7,4093.8,4089.2,4090.7,646,MGCZ5
2025-11-19 16:09:00+00:00,33,1,42007130,4090.5,4091.7,4089.4,4089.9,386,MGCZ5
2025-11-19 16:10:00+00:00,33,1,42007130,4089.8,4091.0,4087.0,4090.8,693,MGCZ5
2025-11-19 16:11:00+00:00,33,1,42007130,4091.1,4091.6,4087.9,4089.3,428,MGCZ5
2025-11-19 16:12:00+00:00,33,1,42007130,4089.7,4091.1,4086.7,4090.2,610,MGCZ5
2025-11-19 16:13:00+00:00,33,1,42007130,4090.0,4092.3,4089.5,4091.4,334,MGCZ5
2025-11-19 16:14:00+00:00,33,1,42007130,4091.2,4095.6,4091.1,4095.1,795,MGCZ5
2025-11-19 16:15:00+00:00,33,1,42007130,4095.1,4096.1,4091.9,4094.5,626,MGCZ5
2025-11-19 16:16:00+00:00,33,1,42007130,4094.4,4094.4,4090.1,4090.7,496,MGCZ5
2025-11-19 16:17:00+00:00,33,1,42007130,4090.5,4090.8,4084.0,4086.0,1158,MGCZ5
2025-11-19 16:18:00+00:00,33,1,42007130,4086.2,4086.6,4082.1,4083.7,1352,MGCZ5
2025-11-19 16:19:00+00:00,33,1,42007130,4083.7,4085.8,4082.9,4084.8,803,MGCZ5
2025-11-19 16:20:00+00:00,33,1,42007130,4084.8,4089.5,4084.6,4086.5,817,MGCZ5
2025-11-19 16:21:00+00:00,33,1,42007130,4086.4,4089.9,4086.4,4089.3,469,MGCZ5
2025-11-19 16:22:00+00:00,33,1,42007130,4089.3,4092.4,4089.3,4089.7,550,MGCZ5
2025-11-19 16:23:00+00:00,33,1,42007130,4089.5,4089.5,4087.3,4088.2,457,MGCZ5
2025-11-19 16:24:00+00:00,33,1,42007130,4088.0,4089.5,4086.6,4087.0,420,MGCZ5
2025-11-19 16:25:00+00:00,33,1,42007130,4086.8,4087.4,4081.3,4082.3,1197,MGCZ5
2025-11-19 16:26:00+00:00,33,1,42007130,4082.6,4082.8,4072.9,4074.2,3213,MGCZ5
2025-11-19 16:27:00+00:00,33,1,42007130,4074.4,4076.3,4071.5,4076.2,1391,MGCZ5
2025-11-19 16:28:00+00:00,33,1,42007130,4076.0,4076.4,4073.0,4073.0,796,MGCZ5
2025-11-19 16:29:00+00:00,33,1,42007130,4073.3,4075.7,4072.6,4075.1,874,MGCZ5
2025-11-19 16:30:00+00:00,33,1,42007130,4075.0,4079.0,4073.2,4079.0,1071,MGCZ5
2025-11-19 16:31:00+00:00,33,1,42007130,4078.9,4080.1,4074.9,4075.9,810,MGCZ5
2025-11-19 16:32:00+00:00,33,1,42007130,4075.6,4078.0,4074.5,4075.3,554,MGCZ5
2025-11-19 16:33:00+00:00,33,1,42007130,4075.4,4077.4,4072.3,4077.4,856,MGCZ5
2025-11-19 16:34:00+00:00,33,1,42007130,4077.5,4079.0,4076.6,4078.1,555,MGCZ5
2025-11-19 16:35:00+00:00,33,1,42007130,4078.3,4080.4,4076.7,4077.2,647,MGCZ5
2025-11-19 16:36:00+00:00,33,1,42007130,4077.4,4077.7,4072.8,4073.9,740,MGCZ5
2025-11-19 16:37:00+00:00,33,1,42007130,4073.8,4074.3,4068.2,4071.3,1548,MGCZ5
2025-11-19 16:38:00+00:00,33,1,42007130,4071.1,4071.9,4069.2,4070.9,641,MGCZ5
2025-11-19 16:39:00+00:00,33,1,42007130,4070.9,4075.7,4070.6,4074.6,744,MGCZ5
2025-11-19 16:40:00+00:00,33,1,42007130,4074.9,4075.0,4070.1,4072.3,588,MGCZ5
2025-11-19 16:41:00+00:00,33,1,42007130,4072.6,4074.7,4072.0,4073.9,393,MGCZ5
2025-11-19 16:42:00+00:00,33,1,42007130,4073.6,4076.7,4073.6,4076.7,558,MGCZ5
2025-11-19 16:43:00+00:00,33,1,42007130,4076.4,4076.6,4071.6,4072.9,494,MGCZ5
2025-11-19 16:44:00+00:00,33,1,42007130,4072.9,4075.7,4072.9,4074.5,375,MGCZ5
2025-11-19 16:45:00+00:00,33,1,42007130,4074.4,4074.7,4071.6,4073.3,406,MGCZ5
2025-11-19 16:46:00+00:00,33,1,42007130,4073.2,4074.3,4071.6,4073.9,336,MGCZ5
2025-11-19 16:47:00+00:00,33,1,42007130,4073.8,4078.8,4072.4,4077.3,636,MGCZ5
2025-11-19 16:48:00+00:00,33,1,42007130,4077.4,4077.5,4071.0,4071.7,635,MGCZ5
2025-11-19 16:49:00+00:00,33,1,42007130,4071.7,4074.8,4071.1,4074.2,482,MGCZ5
2025-11-19 16:50:00+00:00,33,1,42007130,4073.5,4075.3,4072.0,4074.0,401,MGCZ5
2025-11-19 16:51:00+00:00,33,1,42007130,4074.1,4078.0,4073.2,4076.5,528,MGCZ5
2025-11-19 16:52:00+00:00,33,1,42007130,4076.3,4077.0,4075.2,4076.8,349,MGCZ5
2025-11-19 16:53:00+00:00,33,1,42007130,4077.0,4077.7,4075.9,4077.4,325,MGCZ5
2025-11-19 16:54:00+00:00,33,1,42007130,4077.3,4079.2,4075.4,4078.3,466,MGCZ5
2025-11-19 16:55:00+00:00,33,1,42007130,4078.0,4078.0,4072.8,4074.6,514,MGCZ5
2025-11-19 16:56:00+00:00,33,1,42007130,4074.3,4077.2,4073.9,4074.5,314,MGCZ5
2025-11-19 16:57:00+00:00,33,1,42007130,4074.6,4077.5,4073.7,4075.5,323,MGCZ5
2025-11-19 16:58:00+00:00,33,1,42007130,4075.4,4076.0,4073.2,4073.4,536,MGCZ5
2025-11-19 16:59:00+00:00,33,1,42007130,4073.2,4076.8,4072.8,4075.3,361,MGCZ5
2025-11-19 17:00:00+00:00,33,1,42007130,4075.0,4077.2,4073.6,4075.7,584,MGCZ5
2025-11-19 17:01:00+00:00,33,1,42007130,4075.7,4076.5,4073.6,4073.9,383,MGCZ5
2025-11-19 17:02:00+00:00,33,1,42007130,4073.7,4073.7,4069.7,4072.7,787,MGCZ5
2025-11-19 17:03:00+00:00,33,1,42007130,4072.6,4072.9,4063.3,4065.5,1722,MGCZ5
2025-11-19 17:04:00+00:00,33,1,42007130,4065.5,4066.0,4056.3,4061.4,2216,MGCZ5
2025-11-19 17:05:00+00:00,33,1,42007130,4061.5,4062.5,4059.6,4060.8,851,MGCZ5
2025-11-19 17:06:00+00:00,33,1,42007130,4060.8,4063.6,4059.6,4061.2,784,MGCZ5
2025-11-19 17:07:00+00:00,33,1,42007130,4061.1,4062.1,4057.9,4059.8,647,MGCZ5
2025-11-19 17:08:00+00:00,33,1,42007130,4060.1,4061.1,4055.6,4060.7,1413,MGCZ5
2025-11-19 17:09:00+00:00,33,1,42007130,4060.5,4062.5,4057.8,4061.0,702,MGCZ5
2025-11-19 17:10:00+00:00,33,1,42007130,4061.0,4064.3,4059.9,4064.0,582,MGCZ5
2025-11-19 17:11:00+00:00,33,1,42007130,4064.0,4068.8,4063.1,4068.1,984,MGCZ5
2025-11-19 17:12:00+00:00,33,1,42007130,4068.1,4071.1,4066.1,4066.5,1070,MGCZ5
2025-11-19 17:13:00+00:00,33,1,42007130,4066.4,4069.1,4066.3,4068.0,449,MGCZ5
2025-11-19 17:14:00+00:00,33,1,42007130,4067.8,4067.8,4066.0,4066.1,484,MGCZ5
2025-11-19 17:15:00+00:00,33,1,42007130,4066.1,4067.2,4064.8,4065.6,394,MGCZ5
2025-11-19 17:16:00+00:00,33,1,42007130,4065.5,4065.8,4062.1,4065.1,896,MGCZ5
2025-11-19 17:17:00+00:00,33,1,42007130,4065.2,4068.0,4064.9,4066.3,588,MGCZ5
2025-11-19 17:18:00+00:00,33,1,42007130,4066.4,4067.7,4065.8,4066.7,326,MGCZ5
2025-11-19 17:19:00+00:00,33,1,42007130,4066.8,4067.1,4064.8,4066.6,259,MGCZ5
2025-11-19 17:20:00+00:00,33,1,42007130,4066.6,4068.7,4066.1,4067.5,346,MGCZ5
2025-11-19 17:21:00+00:00,33,1,42007130,4067.7,4070.7,4067.7,4069.7,452,MGCZ5
2025-11-19 17:22:00+00:00,33,1,42007130,4069.7,4071.5,4068.7,4070.9,651,MGCZ5
2025-11-19 17:23:00+00:00,33,1,42007130,4070.9,4072.0,4069.7,4070.8,476,MGCZ5
2025-11-19 17:24:00+00:00,33,1,42007130,4071.1,4071.5,4069.4,4070.2,284,MGCZ5
2025-11-19 17:25:00+00:00,33,1,42007130,4070.3,4073.4,4068.9,4070.0,771,MGCZ5
2025-11-19 17:26:00+00:00,33,1,42007130,4070.0,4071.0,4067.3,4068.2,494,MGCZ5
2025-11-19 17:27:00+00:00,33,1,42007130,4068.4,4071.1,4068.3,4070.2,374,MGCZ5
2025-11-19 17:28:00+00:00,33,1,42007130,4070.3,4073.6,4070.3,4073.2,485,MGCZ5
2025-11-19 17:29:00+00:00,33,1,42007130,4073.0,4074.1,4071.7,4073.1,554,MGCZ5
2025-11-19 17:30:00+00:00,33,1,42007130,4073.0,4074.0,4071.1,4073.8,516,MGCZ5
2025-11-19 17:31:00+00:00,33,1,42007130,4073.9,4073.9,4070.9,4071.2,381,MGCZ5
2025-11-19 17:32:00+00:00,33,1,42007130,4071.3,4072.4,4069.1,4071.2,521,MGCZ5
2025-11-19 17:33:00+00:00,33,1,42007130,4071.1,4072.6,4069.3,4071.1,360,MGCZ5
2025-11-19 17:34:00+00:00,33,1,42007130,4071.1,4071.6,4069.7,4071.5,303,MGCZ5
2025-11-19 17:35:00+00:00,33,1,42007130,4071.3,4071.3,4065.5,4066.7,1001,MGCZ5
2025-11-19 17:36:00+00:00,33,1,42007130,4066.5,4067.7,4063.6,4067.0,816,MGCZ5
2025-11-19 17:37:00+00:00,33,1,42007130,4067.4,4068.8,4065.6,4068.1,452,MGCZ5
2025-11-19 17:38:00+00:00,33,1,42007130,4067.7,4072.3,4066.5,4072.1,575,MGCZ5
2025-11-19 17:39:00+00:00,33,1,42007130,4072.1,4072.8,4070.9,4072.3,481,MGCZ5
2025-11-19 17:40:00+00:00,33,1,42007130,4072.1,4072.1,4070.2,4071.9,334,MGCZ5
2025-11-19 17:41:00+00:00,33,1,42007130,4071.6,4077.6,4071.5,4077.2,1222,MGCZ5
2025-11-19 17:42:00+00:00,33,1,42007130,4077.1,4079.4,4074.0,4074.7,1111,MGCZ5
2025-11-19 17:43:00+00:00,33,1,42007130,4075.0,4076.5,4074.4,4074.9,328,MGCZ5
2025-11-19 17:44:00+00:00,33,1,42007130,4074.9,4076.8,4073.7,4076.1,428,MGCZ5
2025-11-19 17:45:00+00:00,33,1,42007130,4076.1,4076.9,4072.7,4074.3,567,MGCZ5
2025-11-19 17:46:00+00:00,33,1,42007130,4074.5,4076.7,4074.2,4075.2,336,MGCZ5
2025-11-19 17:47:00+00:00,33,1,42007130,4075.4,4077.3,4074.4,4076.2,282,MGCZ5
2025-11-19 17:48:00+00:00,33,1,42007130,4076.5,4077.1,4074.9,4076.6,318,MGCZ5
2025-11-19 17:49:00+00:00,33,1,42007130,4076.6,4079.0,4076.6,4077.8,324,MGCZ5
2025-11-19 17:50:00+00:00,33,1,42007130,4077.7,4081.3,4077.7,4080.7,762,MGCZ5
2025-11-19 17:51:00+00:00,33,1,42007130,4080.5,4082.0,4079.5,4081.2,715,MGCZ5
2025-11-19 17:52:00+00:00,33,1,42007130,4081.3,4081.3,4079.1,4080.5,425,MGCZ5
2025-11-19 17:53:00+00:00,33,1,42007130,4080.5,4080.9,4078.4,4078.8,415,MGCZ5
2025-11-19 17:54:00+00:00,33,1,42007130,4078.7,4079.3,4077.0,4077.0,370,MGCZ5
2025-11-19 17:55:00+00:00,33,1,42007130,4076.9,4079.9,4076.7,4077.8,433,MGCZ5
2025-11-19 17:56:00+00:00,33,1,42007130,4078.3,4079.7,4077.0,4078.0,309,MGCZ5
2025-11-19 17:57:00+00:00,33,1,42007130,4078.2,4080.4,4078.2,4078.7,366,MGCZ5
2025-11-19 17:58:00+00:00,33,1,42007130,4078.6,4079.3,4078.0,4078.9,189,MGCZ5
2025-11-19 17:59:00+00:00,33,1,42007130,4078.9,4080.0,4078.5,4079.7,181,MGCZ5
2025-11-19 18:00:00+00:00,33,1,42007130,4079.5,4080.9,4079.2,4080.0,369,MGCZ5
2025-11-19 18:01:00+00:00,33,1,42007130,4080.0,4081.5,4079.6,4080.3,203,MGCZ5
2025-11-19 18:02:00+00:00,33,1,42007130,4080.4,4082.4,4080.2,4081.3,388,MGCZ5
2025-11-19 18:03:00+00:00,33,1,42007130,4081.5,4082.3,4080.5,4081.7,347,MGCZ5
2025-11-19 18:04:00+00:00,33,1,42007130,4081.5,4084.4,4081.4,4083.3,520,MGCZ5
2025-11-19 18:05:00+00:00,33,1,42007130,4083.5,4083.9,4081.5,4082.5,470,MGCZ5
2025-11-19 18:06:00+00:00,33,1,42007130,4082.7,4084.9,4082.2,4083.5,419,MGCZ5
2025-11-19 18:07:00+00:00,33,1,42007130,4083.7,4083.8,4079.7,4082.0,663,MGCZ5
2025-11-19 18:08:00+00:00,33,1,42007130,4081.9,4082.1,4080.6,4081.6,397,MGCZ5
2025-11-19 18:09:00+00:00,33,1,42007130,4081.3,4084.3,4081.3,4083.6,302,MGCZ5
2025-11-19 18:10:00+00:00,33,1,42007130,4083.0,4084.3,4082.2,4084.2,274,MGCZ5
2025-11-19 18:11:00+00:00,33,1,42007130,4084.2,4085.3,4083.8,4084.7,333,MGCZ5
2025-11-19 18:12:00+00:00,33,1,42007130,4084.8,4086.5,4083.4,4086.3,427,MGCZ5
2025-11-19 18:13:00+00:00,33,1,42007130,4086.3,4086.5,4083.5,4083.6,364,MGCZ5
2025-11-19 18:14:00+00:00,33,1,42007130,4083.8,4085.2,4083.3,4084.8,136,MGCZ5
2025-11-19 18:15:00+00:00,33,1,42007130,4085.5,4086.0,4084.0,4084.9,324,MGCZ5
2025-11-19 18:16:00+00:00,33,1,42007130,4085.2,4086.2,4084.7,4085.8,244,MGCZ5
2025-11-19 18:17:00+00:00,33,1,42007130,4085.8,4087.6,4085.1,4086.4,390,MGCZ5
2025-11-19 18:18:00+00:00,33,1,42007130,4086.1,4086.5,4084.4,4085.8,316,MGCZ5
2025-11-19 18:19:00+00:00,33,1,42007130,4085.7,4085.9,4083.7,4085.0,419,MGCZ5
2025-11-19 18:20:00+00:00,33,1,42007130,4085.0,4086.3,4084.5,4086.2,193,MGCZ5
2025-11-19 18:21:00+00:00,33,1,42007130,4086.2,4087.3,4085.2,4086.6,251,MGCZ5
2025-11-19 18:22:00+00:00,33,1,42007130,4086.9,4087.5,4086.2,4087.1,186,MGCZ5
2025-11-19 18:23:00+00:00,33,1,42007130,4087.3,4087.6,4083.4,4084.9,489,MGCZ5
2025-11-19 18:24:00+00:00,33,1,42007130,4084.9,4086.1,4084.2,4085.6,185,MGCZ5
2025-11-19 18:25:00+00:00,33,1,42007130,4085.7,4086.5,4085.0,4085.2,208,MGCZ5
2025-11-19 18:26:00+00:00,33,1,42007130,4085.0,4085.9,4082.9,4083.5,438,MGCZ5
2025-11-19 18:27:00+00:00,33,1,42007130,4083.5,4084.4,4081.1,4081.3,625,MGCZ5
2025-11-19 18:28:00+00:00,33,1,42007130,4081.2,4082.1,4079.1,4080.8,656,MGCZ5
2025-11-19 18:29:00+00:00,33,1,42007130,4080.8,4083.8,4080.8,4082.7,528,MGCZ5
2025-11-19 18:30:00+00:00,33,1,42007130,4082.6,4082.6,4078.5,4078.7,650,MGCZ5
2025-11-19 18:31:00+00:00,33,1,42007130,4078.4,4083.3,4077.9,4083.1,537,MGCZ5
2025-11-19 18:32:00+00:00,33,1,42007130,4082.9,4083.9,4078.1,4078.4,523,MGCZ5
2025-11-19 18:33:00+00:00,33,1,42007130,4078.4,4079.2,4076.3,4078.9,486,MGCZ5
2025-11-19 18:34:00+00:00,33,1,42007130,4079.1,4079.1,4076.7,4078.6,293,MGCZ5
2025-11-19 18:35:00+00:00,33,1,42007130,4078.6,4078.9,4076.9,4078.3,221,MGCZ5
2025-11-19 18:36:00+00:00,33,1,42007130,4078.4,4082.0,4078.0,4081.6,421,MGCZ5
2025-11-19 18:37:00+00:00,33,1,42007130,4081.7,4084.1,4081.1,4083.9,381,MGCZ5
2025-11-19 18:38:00+00:00,33,1,42007130,4084.0,4085.6,4079.5,4082.0,802,MGCZ5
2025-11-19 18:39:00+00:00,33,1,42007130,4081.8,4082.9,4079.8,4082.7,249,MGCZ5
2025-11-19 18:40:00+00:00,33,1,42007130,4083.0,4083.0,4079.2,4080.5,353,MGCZ5
2025-11-19 18:41:00+00:00,33,1,42007130,4080.4,4081.1,4079.5,4080.2,128,MGCZ5
2025-11-19 18:42:00+00:00,33,1,42007130,4079.8,4081.9,4079.2,4079.6,156,MGCZ5
2025-11-19 18:43:00+00:00,33,1,42007130,4079.8,4080.2,4077.9,4079.1,234,MGCZ5
2025-11-19 18:44:00+00:00,33,1,42007130,4079.1,4080.3,4078.5,4080.2,139,MGCZ5
2025-11-19 18:45:00+00:00,33,1,42007130,4080.0,4080.8,4079.0,4080.4,178,MGCZ5
2025-11-19 18:46:00+00:00,33,1,42007130,4080.4,4080.9,4079.3,4080.0,134,MGCZ5
2025-11-19 18:47:00+00:00,33,1,42007130,4080.1,4081.5,4079.5,4080.8,180,MGCZ5
2025-11-19 18:48:00+00:00,33,1,42007130,4080.6,4082.7,4080.6,4082.2,297,MGCZ5
2025-11-19 18:49:00+00:00,33,1,42007130,4082.2,4082.8,4081.1,4082.6,181,MGCZ5
2025-11-19 18:50:00+00:00,33,1,42007130,4082.9,4087.2,4082.8,4087.0,602,MGCZ5
2025-11-19 18:51:00+00:00,33,1,42007130,4087.2,4089.9,4086.1,4088.4,838,MGCZ5
2025-11-19 18:52:00+00:00,33,1,42007130,4088.2,4091.6,4087.8,4091.1,439,MGCZ5
2025-11-19 18:53:00+00:00,33,1,42007130,4091.1,4091.3,4089.4,4091.0,377,MGCZ5
2025-11-19 18:54:00+00:00,33,1,42007130,4090.8,4092.4,4090.6,4090.9,356,MGCZ5
2025-11-19 18:55:00+00:00,33,1,42007130,4090.7,4090.8,4088.1,4088.5,423,MGCZ5
2025-11-19 18:56:00+00:00,33,1,42007130,4088.5,4090.2,4087.9,4090.2,350,MGCZ5
2025-11-19 18:57:00+00:00,33,1,42007130,4090.3,4090.4,4089.5,4089.7,182,MGCZ5
2025-11-19 18:58:00+00:00,33,1,42007130,4089.6,4089.6,4087.4,4087.9,219,MGCZ5
2025-11-19 18:59:00+00:00,33,1,42007130,4087.7,4088.7,4087.3,4087.5,146,MGCZ5
2025-11-19 19:00:00+00:00,33,1,42007130,4087.5,4088.2,4079.8,4082.3,1033,MGCZ5
2025-11-19 19:01:00+00:00,33,1,42007130,4082.6,4086.7,4082.2,4085.8,427,MGCZ5
2025-11-19 19:02:00+00:00,33,1,42007130,4085.5,4085.9,4081.9,4085.7,423,MGCZ5
2025-11-19 19:03:00+00:00,33,1,42007130,4086.0,4087.1,4082.2,4083.0,442,MGCZ5
2025-11-19 19:04:00+00:00,33,1,42007130,4083.2,4084.5,4080.0,4083.8,569,MGCZ5
2025-11-19 19:05:00+00:00,33,1,42007130,4084.1,4085.0,4083.2,4084.4,245,MGCZ5
2025-11-19 19:06:00+00:00,33,1,42007130,4084.3,4085.8,4083.3,4084.2,303,MGCZ5
2025-11-19 19:07:00+00:00,33,1,42007130,4084.1,4084.7,4082.3,4083.1,184,MGCZ5
2025-11-19 19:08:00+00:00,33,1,42007130,4082.9,4082.9,4079.2,4082.0,619,MGCZ5
2025-11-19 19:09:00+00:00,33,1,42007130,4082.1,4085.8,4080.6,4084.8,349,MGCZ5
2025-11-19 19:10:00+00:00,33,1,42007130,4084.7,4084.7,4078.8,4079.6,393,MGCZ5
2025-11-19 19:11:00+00:00,33,1,42007130,4079.6,4081.2,4076.7,4077.8,627,MGCZ5
2025-11-19 19:12:00+00:00,33,1,42007130,4077.9,4081.3,4076.7,4077.4,589,MGCZ5
2025-11-19 19:13:00+00:00,33,1,42007130,4077.6,4078.7,4073.2,4076.2,882,MGCZ5
2025-11-19 19:14:00+00:00,33,1,42007130,4076.1,4078.6,4074.9,4078.2,426,MGCZ5
2025-11-19 19:15:00+00:00,33,1,42007130,4078.2,4078.5,4073.4,4074.4,446,MGCZ5
2025-11-19 19:16:00+00:00,33,1,42007130,4074.4,4077.7,4074.2,4076.6,410,MGCZ5
2025-11-19 19:17:00+00:00,33,1,42007130,4076.4,4076.4,4073.8,4076.0,321,MGCZ5
2025-11-19 19:18:00+00:00,33,1,42007130,4076.0,4078.2,4075.0,4077.2,315,MGCZ5
2025-11-19 19:19:00+00:00,33,1,42007130,4077.3,4079.6,4076.7,4077.8,522,MGCZ5
2025-11-19 19:20:00+00:00,33,1,42007130,4077.9,4077.9,4074.9,4075.3,318,MGCZ5
2025-11-19 19:21:00+00:00,33,1,42007130,4075.2,4076.6,4074.1,4074.5,270,MGCZ5
2025-11-19 19:22:00+00:00,33,1,42007130,4074.0,4075.8,4073.1,4074.3,262,MGCZ5
2025-11-19 19:23:00+00:00,33,1,42007130,4074.5,4074.8,4073.1,4073.6,332,MGCZ5
2025-11-19 19:24:00+00:00,33,1,42007130,4073.6,4077.0,4073.1,4075.0,520,MGCZ5
2025-11-19 19:25:00+00:00,33,1,42007130,4074.9,4076.0,4072.5,4074.8,411,MGCZ5
2025-11-19 19:26:00+00:00,33,1,42007130,4074.6,4074.6,4070.9,4072.5,458,MGCZ5
2025-11-19 19:27:00+00:00,33,1,42007130,4072.4,4072.4,4070.6,4071.3,481,MGCZ5
2025-11-19 19:28:00+00:00,33,1,42007130,4071.5,4072.0,4069.1,4070.8,710,MGCZ5
2025-11-19 19:29:00+00:00,33,1,42007130,4071.0,4073.0,4071.0,4071.8,319,MGCZ5
2025-11-19 19:30:00+00:00,33,1,42007130,4071.8,4073.1,4071.0,4072.0,272,MGCZ5
2025-11-19 19:31:00+00:00,33,1,42007130,4071.7,4072.7,4070.7,4071.3,248,MGCZ5
2025-11-19 19:32:00+00:00,33,1,42007130,4071.5,4072.8,4070.4,4070.4,262,MGCZ5
2025-11-19 19:33:00+00:00,33,1,42007130,4070.4,4071.0,4069.2,4070.4,283,MGCZ5
2025-11-19 19:34:00+00:00,33,1,42007130,4070.6,4072.4,4070.6,4072.1,267,MGCZ5
2025-11-19 19:35:00+00:00,33,1,42007130,4072.2,4076.6,4072.2,4076.6,709,MGCZ5
2025-11-19 19:36:00+00:00,33,1,42007130,4076.5,4076.6,4073.6,4076.0,306,MGCZ5
2025-11-19 19:37:00+00:00,33,1,42007130,4075.7,4076.9,4074.5,4074.5,309,MGCZ5
2025-11-19 19:38:00+00:00,33,1,42007130,4074.4,4074.5,4072.4,4073.6,295,MGCZ5
2025-11-19 19:39:00+00:00,33,1,42007130,4073.4,4073.9,4070.6,4071.2,243,MGCZ5
2025-11-19 19:40:00+00:00,33,1,42007130,4070.9,4073.0,4070.4,4072.5,273,MGCZ5
2025-11-19 19:41:00+00:00,33,1,42007130,4072.3,4072.6,4070.2,4070.5,175,MGCZ5
2025-11-19 19:42:00+00:00,33,1,42007130,4070.8,4071.9,4070.6,4071.0,168,MGCZ5
2025-11-19 19:43:00+00:00,33,1,42007130,4071.1,4072.5,4071.1,4072.2,212,MGCZ5
2025-11-19 19:44:00+00:00,33,1,42007130,4072.1,4072.2,4071.0,4071.7,134,MGCZ5
2025-11-19 19:45:00+00:00,33,1,42007130,4071.7,4073.6,4071.7,4073.1,186,MGCZ5
2025-11-19 19:46:00+00:00,33,1,42007130,4072.8,4072.8,4070.7,4070.9,189,MGCZ5
2025-11-19 19:47:00+00:00,33,1,42007130,4071.0,4074.0,4070.9,4072.7,201,MGCZ5
2025-11-19 19:48:00+00:00,33,1,42007130,4072.8,4074.5,4072.8,4073.7,169,MGCZ5
2025-11-19 19:49:00+00:00,33,1,42007130,4074.0,4074.1,4072.8,4073.3,137,MGCZ5
2025-11-19 19:50:00+00:00,33,1,42007130,4073.2,4073.7,4071.4,4072.5,217,MGCZ5
2025-11-19 19:51:00+00:00,33,1,42007130,4072.9,4075.1,4072.5,4074.3,302,MGCZ5
2025-11-19 19:52:00+00:00,33,1,42007130,4074.1,4076.0,4072.9,4076.0,223,MGCZ5
2025-11-19 19:53:00+00:00,33,1,42007130,4076.0,4077.0,4075.6,4077.0,217,MGCZ5
2025-11-19 19:54:00+00:00,33,1,42007130,4076.9,4077.6,4075.2,4075.5,309,MGCZ5
2025-11-19 19:55:00+00:00,33,1,42007130,4075.9,4075.9,4073.4,4073.7,263,MGCZ5
2025-11-19 19:56:00+00:00,33,1,42007130,4073.9,4074.4,4073.1,4073.7,166,MGCZ5
2025-11-19 19:57:00+00:00,33,1,42007130,4073.7,4074.6,4072.7,4074.4,169,MGCZ5
2025-11-19 19:58:00+00:00,33,1,42007130,4074.1,4074.6,4072.9,4073.0,111,MGCZ5
2025-11-19 19:59:00+00:00,33,1,42007130,4073.0,4073.8,4072.2,4073.8,146,MGCZ5
2025-11-19 20:00:00+00:00,33,1,42007130,4073.7,4075.0,4073.0,4074.3,171,MGCZ5
2025-11-19 20:01:00+00:00,33,1,42007130,4074.2,4075.2,4072.1,4072.9,287,MGCZ5
2025-11-19 20:02:00+00:00,33,1,42007130,4072.9,4074.1,4072.2,4073.5,122,MGCZ5
2025-11-19 20:03:00+00:00,33,1,42007130,4073.5,4074.1,4072.4,4073.4,52,MGCZ5
2025-11-19 20:04:00+00:00,33,1,42007130,4073.1,4074.0,4072.9,4073.5,95,MGCZ5
2025-11-19 20:05:00+00:00,33,1,42007130,4074.0,4074.8,4073.7,4074.0,87,MGCZ5
2025-11-19 20:06:00+00:00,33,1,42007130,4073.8,4078.4,4073.7,4077.0,328,MGCZ5
2025-11-19 20:07:00+00:00,33,1,42007130,4076.7,4077.1,4075.2,4075.8,136,MGCZ5
2025-11-19 20:08:00+00:00,33,1,42007130,4075.8,4077.0,4075.7,4076.9,76,MGCZ5
2025-11-19 20:09:00+00:00,33,1,42007130,4076.7,4077.3,4075.5,4075.8,229,MGCZ5
2025-11-19 20:10:00+00:00,33,1,42007130,4075.9,4076.8,4073.6,4075.1,201,MGCZ5
2025-11-19 20:11:00+00:00,33,1,42007130,4075.1,4076.0,4074.8,4075.0,80,MGCZ5
2025-11-19 20:12:00+00:00,33,1,42007130,4075.0,4075.3,4074.1,4074.6,148,MGCZ5
2025-11-19 20:13:00+00:00,33,1,42007130,4074.2,4074.8,4073.5,4074.8,72,MGCZ5
2025-11-19 20:14:00+00:00,33,1,42007130,4075.1,4076.2,4075.1,4075.9,88,MGCZ5
2025-11-19 20:15:00+00:00,33,1,42007130,4076.0,4079.6,4076.0,4079.4,247,MGCZ5
2025-11-19 20:16:00+00:00,33,1,42007130,4079.1,4079.9,4079.0,4079.8,250,MGCZ5
2025-11-19 20:17:00+00:00,33,1,42007130,4079.8,4080.8,4078.4,4079.6,421,MGCZ5
2025-11-19 20:18:00+00:00,33,1,42007130,4079.7,4080.7,4079.0,4080.7,101,MGCZ5
2025-11-19 20:19:00+00:00,33,1,42007130,4080.9,4082.0,4080.9,4081.4,200,MGCZ5
2025-11-19 20:20:00+00:00,33,1,42007130,4081.4,4082.7,4081.2,4081.2,251,MGCZ5
2025-11-19 20:21:00+00:00,33,1,42007130,4081.2,4081.7,4079.0,4079.8,328,MGCZ5
2025-11-19 20:22:00+00:00,33,1,42007130,4079.8,4080.0,4078.4,4079.3,142,MGCZ5
2025-11-19 20:23:00+00:00,33,1,42007130,4079.3,4080.0,4077.5,4077.6,237,MGCZ5
2025-11-19 20:24:00+00:00,33,1,42007130,4077.7,4079.3,4077.2,4078.5,231,MGCZ5
2025-11-19 20:25:00+00:00,33,1,42007130,4078.1,4078.1,4076.4,4076.5,292,MGCZ5
2025-11-19 20:26:00+00:00,33,1,42007130,4076.7,4079.3,4076.6,4079.0,232,MGCZ5
2025-11-19 20:27:00+00:00,33,1,42007130,4078.8,4080.0,4078.7,4079.9,138,MGCZ5
2025-11-19 20:28:00+00:00,33,1,42007130,4080.1,4081.6,4079.8,4080.2,275,MGCZ5
2025-11-19 20:29:00+00:00,33,1,42007130,4080.4,4080.5,4078.7,4080.0,220,MGCZ5
2025-11-19 20:30:00+00:00,33,1,42007130,4079.8,4080.5,4077.2,4077.6,202,MGCZ5
2025-11-19 20:31:00+00:00,33,1,42007130,4077.5,4078.1,4076.7,4076.9,182,MGCZ5
2025-11-19 20:32:00+00:00,33,1,42007130,4076.9,4076.9,4075.0,4075.9,384,MGCZ5
2025-11-19 20:33:00+00:00,33,1,42007130,4075.7,4077.3,4075.1,4077.1,172,MGCZ5
2025-11-19 20:34:00+00:00,33,1,42007130,4077.0,4078.4,4077.0,4077.8,195,MGCZ5
2025-11-19 20:35:00+00:00,33,1,42007130,4077.8,4078.3,4076.9,4077.2,116,MGCZ5
2025-11-19 20:36:00+00:00,33,1,42007130,4077.7,4079.0,4077.5,4079.0,166,MGCZ5
2025-11-19 20:37:00+00:00,33,1,42007130,4078.9,4080.0,4078.3,4079.7,207,MGCZ5
2025-11-19 20:38:00+00:00,33,1,42007130,4079.7,4081.4,4079.7,4079.9,176,MGCZ5
2025-11-19 20:39:00+00:00,33,1,42007130,4080.1,4080.2,4078.2,4078.8,151,MGCZ5
2025-11-19 20:40:00+00:00,33,1,42007130,4078.8,4079.0,4077.4,4077.9,106,MGCZ5
2025-11-19 20:41:00+00:00,33,1,42007130,4078.1,4078.1,4075.9,4076.8,164,MGCZ5
2025-11-19 20:42:00+00:00,33,1,42007130,4077.0,4078.4,4076.9,4077.0,102,MGCZ5
2025-11-19 20:43:00+00:00,33,1,42007130,4077.3,4078.0,4076.2,4077.5,113,MGCZ5
2025-11-19 20:44:00+00:00,33,1,42007130,4077.2,4078.6,4077.1,4078.0,127,MGCZ5
2025-11-19 20:45:00+00:00,33,1,42007130,4078.3,4078.5,4075.5,4076.1,207,MGCZ5
2025-11-19 20:46:00+00:00,33,1,42007130,4076.1,4076.2,4075.0,4075.4,186,MGCZ5
2025-11-19 20:47:00+00:00,33,1,42007130,4075.5,4075.5,4073.6,4074.2,311,MGCZ5
2025-11-19 20:48:00+00:00,33,1,42007130,4074.3,4074.5,4072.8,4073.6,313,MGCZ5
2025-11-19 20:49:00+00:00,33,1,42007130,4073.7,4074.4,4072.8,4073.0,171,MGCZ5
2025-11-19 20:50:00+00:00,33,1,42007130,4073.0,4075.5,4072.8,4074.6,214,MGCZ5
2025-11-19 20:51:00+00:00,33,1,42007130,4074.7,4077.3,4074.6,4077.2,215,MGCZ5
2025-11-19 20:52:00+00:00,33,1,42007130,4077.0,4077.3,4076.5,4076.9,83,MGCZ5
2025-11-19 20:53:00+00:00,33,1,42007130,4077.0,4079.0,4076.9,4078.3,243,MGCZ5
2025-11-19 20:54:00+00:00,33,1,42007130,4078.5,4079.4,4077.1,4077.5,302,MGCZ5
2025-11-19 20:55:00+00:00,33,1,42007130,4077.7,4079.1,4076.0,4076.6,391,MGCZ5
2025-11-19 20:56:00+00:00,33,1,42007130,4076.4,4077.0,4075.3,4076.5,144,MGCZ5
2025-11-19 20:57:00+00:00,33,1,42007130,4076.7,4077.3,4076.0,4076.1,76,MGCZ5
2025-11-19 20:58:00+00:00,33,1,42007130,4076.2,4076.6,4075.3,4076.0,114,MGCZ5
2025-11-19 20:59:00+00:00,33,1,42007130,4076.5,4076.7,4075.7,4076.4,101,MGCZ5
2025-11-19 21:00:00+00:00,33,1,42007130,4076.5,4076.5,4074.0,4075.2,231,MGCZ5
2025-11-19 21:01:00+00:00,33,1,42007130,4074.9,4074.9,4073.2,4073.4,140,MGCZ5
2025-11-19 21:02:00+00:00,33,1,42007130,4073.3,4073.8,4071.6,4073.8,164,MGCZ5
2025-11-19 21:03:00+00:00,33,1,42007130,4073.6,4074.5,4073.0,4074.4,96,MGCZ5
2025-11-19 21:04:00+00:00,33,1,42007130,4074.6,4074.6,4073.1,4074.4,90,MGCZ5
2025-11-19 21:05:00+00:00,33,1,42007130,4074.7,4074.8,4071.9,4071.9,137,MGCZ5
2025-11-19 21:06:00+00:00,33,1,42007130,4072.0,4074.4,4072.0,4074.0,261,MGCZ5
2025-11-19 21:07:00+00:00,33,1,42007130,4073.7,4073.9,4072.8,4072.8,56,MGCZ5
2025-11-19 21:08:00+00:00,33,1,42007130,4073.0,4074.0,4073.0,4074.0,69,MGCZ5
2025-11-19 21:09:00+00:00,33,1,42007130,4073.8,4073.8,4072.5,4072.8,100,MGCZ5
2025-11-19 21:10:00+00:00,33,1,42007130,4072.5,4072.9,4071.8,4071.9,124,MGCZ5
2025-11-19 21:11:00+00:00,33,1,42007130,4071.7,4073.4,4071.6,4073.3,68,MGCZ5
2025-11-19 21:12:00+00:00,33,1,42007130,4073.1,4073.6,4073.1,4073.5,41,MGCZ5
2025-11-19 21:13:00+00:00,33,1,42007130,4073.4,4074.6,4073.4,4074.3,79,MGCZ5
2025-11-19 21:14:00+00:00,33,1,42007130,4074.1,4074.4,4071.6,4072.7,147,MGCZ5
2025-11-19 21:15:00+00:00,33,1,42007130,4072.7,4072.7,4065.4,4066.7,842,MGCZ5
2025-11-19 21:16:00+00:00,33,1,42007130,4066.8,4070.6,4065.4,4070.6,330,MGCZ5
2025-11-19 21:17:00+00:00,33,1,42007130,4070.5,4071.0,4068.2,4068.7,169,MGCZ5
2025-11-19 21:18:00+00:00,33,1,42007130,4068.7,4069.9,4068.0,4068.2,101,MGCZ5
2025-11-19 21:19:00+00:00,33,1,42007130,4068.3,4069.2,4067.7,4068.7,89,MGCZ5
2025-11-19 21:20:00+00:00,33,1,42007130,4068.8,4070.9,4067.5,4070.7,207,MGCZ5
2025-11-19 21:21:00+00:00,33,1,42007130,4070.4,4071.6,4069.5,4070.9,162,MGCZ5
2025-11-19 21:22:00+00:00,33,1,42007130,4070.5,4072.7,4070.2,4072.4,96,MGCZ5
2025-11-19 21:23:00+00:00,33,1,42007130,4072.5,4075.3,4071.6,4074.3,289,MGCZ5
2025-11-19 21:24:00+00:00,33,1,42007130,4074.7,4076.4,4074.4,4076.0,215,MGCZ5
2025-11-19 21:25:00+00:00,33,1,42007130,4076.5,4077.7,4075.4,4075.9,143,MGCZ5
2025-11-19 21:26:00+00:00,33,1,42007130,4075.6,4075.6,4074.1,4074.8,112,MGCZ5
2025-11-19 21:27:00+00:00,33,1,42007130,4074.7,4075.1,4074.4,4074.8,68,MGCZ5
2025-11-19 21:28:00+00:00,33,1,42007130,4074.9,4075.8,4074.2,4075.8,68,MGCZ5
2025-11-19 21:29:00+00:00,33,1,42007130,4075.8,4077.1,4075.6,4076.9,111,MGCZ5
2025-11-19 21:30:00+00:00,33,1,42007130,4076.9,4078.8,4076.5,4078.4,145,MGCZ5
2025-11-19 21:31:00+00:00,33,1,42007130,4078.2,4080.1,4077.9,4079.6,161,MGCZ5
2025-11-19 21:32:00+00:00,33,1,42007130,4079.6,4082.1,4079.4,4080.9,277,MGCZ5
2025-11-19 21:33:00+00:00,33,1,42007130,4080.8,4082.6,4080.5,4081.7,172,MGCZ5
2025-11-19 21:34:00+00:00,33,1,42007130,4081.8,4084.1,4081.3,4084.0,163,MGCZ5
2025-11-19 21:35:00+00:00,33,1,42007130,4084.2,4085.5,4082.9,4082.9,384,MGCZ5
2025-11-19 21:36:00+00:00,33,1,42007130,4083.0,4084.0,4082.6,4083.3,145,MGCZ5
2025-11-19 21:37:00+00:00,33,1,42007130,4083.3,4083.4,4080.5,4080.6,263,MGCZ5
2025-11-19 21:38:00+00:00,33,1,42007130,4080.7,4082.7,4080.5,4082.6,121,MGCZ5
2025-11-19 21:39:00+00:00,33,1,42007130,4082.6,4082.7,4080.6,4080.9,113,MGCZ5
2025-11-19 21:40:00+00:00,33,1,42007130,4081.0,4081.0,4079.3,4079.7,179,MGCZ5
2025-11-19 21:41:00+00:00,33,1,42007130,4079.5,4079.5,4078.3,4078.9,127,MGCZ5
2025-11-19 21:42:00+00:00,33,1,42007130,4078.9,4079.1,4078.3,4078.9,83,MGCZ5
2025-11-19 21:43:00+00:00,33,1,42007130,4079.1,4081.2,4078.7,4080.5,155,MGCZ5
2025-11-19 21:44:00+00:00,33,1,42007130,4080.4,4080.7,4079.6,4080.3,49,MGCZ5
2025-11-19 21:45:00+00:00,33,1,42007130,4080.5,4082.2,4080.2,4081.7,121,MGCZ5
2025-11-19 21:46:00+00:00,33,1,42007130,4081.8,4082.5,4081.7,4082.0,94,MGCZ5
2025-11-19 21:47:00+00:00,33,1,42007130,4081.9,4081.9,4081.1,4081.2,70,MGCZ5
2025-11-19 21:48:00+00:00,33,1,42007130,4081.0,4082.1,4081.0,4081.6,56,MGCZ5
2025-11-19 21:49:00+00:00,33,1,42007130,4082.0,4082.2,4081.8,4082.0,40,MGCZ5
2025-11-19 21:50:00+00:00,33,1,42007130,4082.1,4082.3,4077.7,4078.6,204,MGCZ5
2025-11-19 21:51:00+00:00,33,1,42007130,4078.7,4079.1,4078.2,4078.4,34,MGCZ5
2025-11-19 21:52:00+00:00,33,1,42007130,4078.5,4079.0,4078.0,4078.5,39,MGCZ5
2025-11-19 21:53:00+00:00,33,1,42007130,4078.2,4079.4,4078.0,4078.7,66,MGCZ5
2025-11-19 21:54:00+00:00,33,1,42007130,4078.9,4078.9,4077.7,4077.9,46,MGCZ5
2025-11-19 21:55:00+00:00,33,1,42007130,4078.2,4079.0,4076.4,4078.1,218,MGCZ5
2025-11-19 21:56:00+00:00,33,1,42007130,4078.2,4078.9,4077.6,4078.4,82,MGCZ5
2025-11-19 21:57:00+00:00,33,1,42007130,4078.4,4079.1,4078.3,4078.3,53,MGCZ5
2025-11-19 21:58:00+00:00,33,1,42007130,4078.3,4078.3,4077.5,4078.1,55,MGCZ5
2025-11-19 21:59:00+00:00,33,1,42007130,4078.1,4079.0,4077.5,4078.1,140,MGCZ5
2025-11-19 23:00:00+00:00,33,1,42007130,4078.8,4080.6,4076.5,4080.6,226,MGCZ5
2025-11-19 23:01:00+00:00,33,1,42007130,4079.5,4083.5,4079.5,4082.0,209,MGCZ5
2025-11-19 23:02:00+00:00,33,1,42007130,4082.0,4083.0,4081.0,4082.7,120,MGCZ5
2025-11-19 23:03:00+00:00,33,1,42007130,4083.2,4084.5,4079.9,4081.9,295,MGCZ5
2025-11-19 23:04:00+00:00,33,1,42007130,4082.1,4087.3,4082.0,4087.3,457,MGCZ5
2025-11-19 23:05:00+00:00,33,1,42007130,4087.0,4087.3,4083.0,4084.6,407,MGCZ5
2025-11-19 23:06:00+00:00,33,1,42007130,4084.9,4087.2,4084.3,4086.7,243,MGCZ5
2025-11-19 23:07:00+00:00,33,1,42007130,4086.4,4086.4,4083.8,4084.5,306,MGCZ5
2025-11-19 23:08:00+00:00,33,1,42007130,4084.1,4084.7,4082.4,4084.4,179,MGCZ5
2025-11-19 23:09:00+00:00,33,1,42007130,4084.3,4086.1,4083.5,4084.8,139,MGCZ5
2025-11-19 23:10:00+00:00,33,1,42007130,4084.9,4086.0,4083.1,4084.5,299,MGCZ5
2025-11-19 23:11:00+00:00,33,1,42007130,4084.0,4089.0,4084.0,4088.4,497,MGCZ5
2025-11-19 23:12:00+00:00,33,1,42007130,4088.3,4088.5,4086.9,4087.9,197,MGCZ5
2025-11-19 23:13:00+00:00,33,1,42007130,4088.3,4089.9,4087.9,4088.2,228,MGCZ5
2025-11-19 23:14:00+00:00,33,1,42007130,4088.2,4089.2,4087.5,4088.0,224,MGCZ5
2025-11-19 23:15:00+00:00,33,1,42007130,4088.4,4089.1,4087.9,4088.2,168,MGCZ5
2025-11-19 23:16:00+00:00,33,1,42007130,4088.1,4089.2,4087.3,4088.0,175,MGCZ5
2025-11-19 23:17:00+00:00,33,1,42007130,4088.0,4092.1,4088.0,4090.7,538,MGCZ5
2025-11-19 23:18:00+00:00,33,1,42007130,4090.2,4091.2,4088.5,4090.9,289,MGCZ5
2025-11-19 23:19:00+00:00,33,1,42007130,4090.9,4091.1,4090.0,4090.4,115,MGCZ5
2025-11-19 23:20:00+00:00,33,1,42007130,4090.2,4090.2,4087.3,4088.0,389,MGCZ5
2025-11-19 23:21:00+00:00,33,1,42007130,4088.0,4090.9,4088.0,4090.7,216,MGCZ5
2025-11-19 23:22:00+00:00,33,1,42007130,4090.7,4091.4,4089.2,4090.7,296,MGCZ5
2025-11-19 23:23:00+00:00,33,1,42007130,4090.4,4090.9,4089.2,4089.7,126,MGCZ5
2025-11-19 23:24:00+00:00,33,1,42007130,4089.5,4089.6,4088.0,4088.4,86,MGCZ5
2025-11-19 23:25:00+00:00,33,1,42007130,4088.4,4090.9,4088.0,4090.6,131,MGCZ5
2025-11-19 23:26:00+00:00,33,1,42007130,4090.6,4090.8,4090.0,4090.2,84,MGCZ5
2025-11-19 23:27:00+00:00,33,1,42007130,4090.1,4090.6,4089.7,4089.8,60,MGCZ5
2025-11-19 23:28:00+00:00,33,1,42007130,4090.0,4090.0,4089.0,4089.4,76,MGCZ5
2025-11-19 23:29:00+00:00,33,1,42007130,4089.3,4089.3,4088.2,4088.2,100,MGCZ5
2025-11-19 23:30:00+00:00,33,1,42007130,4088.3,4088.4,4085.8,4086.5,310,MGCZ5
2025-11-19 23:31:00+00:00,33,1,42007130,4086.5,4087.4,4086.0,4086.2,157,MGCZ5
2025-11-19 23:32:00+00:00,33,1,42007130,4086.2,4087.6,4086.0,4087.0,96,MGCZ5
2025-11-19 23:33:00+00:00,33,1,42007130,4087.1,4088.5,4086.9,4088.0,172,MGCZ5
2025-11-19 23:34:00+00:00,33,1,42007130,4088.4,4089.3,4088.1,4089.1,97,MGCZ5
2025-11-19 23:35:00+00:00,33,1,42007130,4089.1,4089.9,4088.9,4089.8,88,MGCZ5
2025-11-19 23:36:00+00:00,33,1,42007130,4089.8,4090.0,4088.2,4089.5,115,MGCZ5
2025-11-19 23:37:00+00:00,33,1,42007130,4089.4,4093.7,4089.2,4093.5,587,MGCZ5
2025-11-19 23:38:00+00:00,33,1,42007130,4093.5,4097.4,4093.1,4096.1,769,MGCZ5
2025-11-19 23:39:00+00:00,33,1,42007130,4096.2,4096.6,4094.4,4095.3,405,MGCZ5
2025-11-19 23:40:00+00:00,33,1,42007130,4095.3,4097.0,4095.1,4096.6,268,MGCZ5
2025-11-19 23:41:00+00:00,33,1,42007130,4096.7,4099.3,4096.0,4096.5,628,MGCZ5
2025-11-19 23:42:00+00:00,33,1,42007130,4096.3,4096.3,4094.5,4095.8,316,MGCZ5
2025-11-19 23:43:00+00:00,33,1,42007130,4095.8,4097.7,4095.8,4096.9,242,MGCZ5
2025-11-19 23:44:00+00:00,33,1,42007130,4096.9,4098.0,4096.2,4096.4,205,MGCZ5
2025-11-19 23:45:00+00:00,33,1,42007130,4096.5,4099.3,4096.3,4098.8,417,MGCZ5
2025-11-19 23:46:00+00:00,33,1,42007130,4098.5,4099.5,4096.6,4098.4,270,MGCZ5
2025-11-19 23:47:00+00:00,33,1,42007130,4098.7,4100.7,4098.2,4100.2,429,MGCZ5
2025-11-19 23:48:00+00:00,33,1,42007130,4100.1,4101.8,4099.4,4100.8,398,MGCZ5
2025-11-19 23:49:00+00:00,33,1,42007130,4101.0,4102.2,4098.8,4102.2,436,MGCZ5
2025-11-19 23:50:00+00:00,33,1,42007130,4102.1,4105.5,4101.2,4104.8,741,MGCZ5
2025-11-19 23:51:00+00:00,33,1,42007130,4104.7,4105.9,4102.9,4105.2,535,MGCZ5
2025-11-19 23:52:00+00:00,33,1,42007130,4105.2,4108.0,4104.7,4106.5,600,MGCZ5
2025-11-19 23:53:00+00:00,33,1,42007130,4106.7,4106.7,4103.7,4105.5,397,MGCZ5
2025-11-19 23:54:00+00:00,33,1,42007130,4105.7,4106.4,4103.3,4105.4,345,MGCZ5
2025-11-19 23:55:00+00:00,33,1,42007130,4105.5,4106.9,4104.3,4106.0,314,MGCZ5
2025-11-19 23:56:00+00:00,33,1,42007130,4105.9,4107.9,4105.1,4106.9,377,MGCZ5
2025-11-19 23:57:00+00:00,33,1,42007130,4107.0,4107.1,4104.3,4104.9,220,MGCZ5
2025-11-19 23:58:00+00:00,33,1,42007130,4104.9,4105.1,4103.4,4103.6,210,MGCZ5
2025-11-19 23:59:00+00:00,33,1,42007130,4103.6,4104.4,4102.9,4104.2,198,MGCZ5
2025-11-20 00:00:00+00:00,33,1,42007130,4104.0,4108.5,4104.0,4107.9,580,MGCZ5
2025-11-20 00:01:00+00:00,33,1,42007130,4107.8,4109.8,4106.4,4109.1,522,MGCZ5
2025-11-20 00:02:00+00:00,33,1,42007130,4108.8,4109.5,4108.1,4108.8,317,MGCZ5
2025-11-20 00:03:00+00:00,33,1,42007130,4108.4,4109.2,4105.0,4106.2,388,MGCZ5
2025-11-20 00:04:00+00:00,33,1,42007130,4106.2,4106.2,4104.3,4104.6,334,MGCZ5
2025-11-20 00:05:00+00:00,33,1,42007130,4104.4,4106.1,4103.2,4105.8,374,MGCZ5
2025-11-20 00:06:00+00:00,33,1,42007130,4106.1,4106.2,4103.7,4105.6,364,MGCZ5
2025-11-20 00:07:00+00:00,33,1,42007130,4105.7,4107.5,4105.7,4107.3,239,MGCZ5
2025-11-20 00:08:00+00:00,33,1,42007130,4107.5,4108.2,4106.8,4106.9,226,MGCZ5
2025-11-20 00:09:00+00:00,33,1,42007130,4106.9,4107.6,4105.7,4107.5,218,MGCZ5
2025-11-20 00:10:00+00:00,33,1,42007130,4107.8,4108.7,4106.4,4106.5,168,MGCZ5
2025-11-20 00:11:00+00:00,33,1,42007130,4106.4,4107.2,4103.5,4104.2,326,MGCZ5
2025-11-20 00:12:00+00:00,33,1,42007130,4104.1,4105.3,4103.0,4103.9,270,MGCZ5
2025-11-20 00:13:00+00:00,33,1,42007130,4104.0,4104.7,4103.2,4103.4,159,MGCZ5
2025-11-20 00:14:00+00:00,33,1,42007130,4103.3,4105.0,4102.5,4104.8,264,MGCZ5
2025-11-20 00:15:00+00:00,33,1,42007130,4104.7,4106.2,4104.4,4104.6,203,MGCZ5
2025-11-20 00:16:00+00:00,33,1,42007130,4104.5,4104.8,4104.1,4104.8,85,MGCZ5
2025-11-20 00:17:00+00:00,33,1,42007130,4104.9,4106.5,4104.8,4106.5,158,MGCZ5
2025-11-20 00:18:00+00:00,33,1,42007130,4106.4,4107.6,4105.6,4105.6,226,MGCZ5
2025-11-20 00:19:00+00:00,33,1,42007130,4105.5,4107.6,4105.1,4106.9,137,MGCZ5
2025-11-20 00:20:00+00:00,33,1,42007130,4106.6,4107.7,4106.0,4107.2,136,MGCZ5
2025-11-20 00:21:00+00:00,33,1,42007130,4107.0,4107.2,4105.4,4106.8,105,MGCZ5
2025-11-20 00:22:00+00:00,33,1,42007130,4106.7,4108.2,4106.0,4106.4,213,MGCZ5
2025-11-20 00:23:00+00:00,33,1,42007130,4106.3,4108.2,4105.8,4107.4,173,MGCZ5
2025-11-20 00:24:00+00:00,33,1,42007130,4107.4,4108.4,4107.4,4107.8,107,MGCZ5
2025-11-20 00:25:00+00:00,33,1,42007130,4107.8,4108.0,4105.2,4106.0,169,MGCZ5
2025-11-20 00:26:00+00:00,33,1,42007130,4105.9,4107.0,4105.9,4106.6,193,MGCZ5
2025-11-20 00:27:00+00:00,33,1,42007130,4106.6,4106.8,4105.5,4106.3,116,MGCZ5
2025-11-20 00:28:00+00:00,33,1,42007130,4106.4,4106.7,4104.8,4106.7,206,MGCZ5
2025-11-20 00:29:00+00:00,33,1,42007130,4106.3,4106.6,4104.4,4104.8,149,MGCZ5
2025-11-20 00:30:00+00:00,33,1,42007130,4104.8,4106.3,4104.2,4105.8,205,MGCZ5
2025-11-20 00:31:00+00:00,33,1,42007130,4105.9,4107.2,4105.9,4106.0,151,MGCZ5
2025-11-20 00:32:00+00:00,33,1,42007130,4105.8,4107.8,4105.8,4107.0,144,MGCZ5
2025-11-20 00:33:00+00:00,33,1,42007130,4107.0,4108.3,4106.2,4106.6,196,MGCZ5
2025-11-20 00:34:00+00:00,33,1,42007130,4106.5,4106.9,4104.8,4104.9,151,MGCZ5
2025-11-20 00:35:00+00:00,33,1,42007130,4105.2,4105.7,4104.0,4104.4,251,MGCZ5
2025-11-20 00:36:00+00:00,33,1,42007130,4104.7,4105.0,4101.8,4102.2,362,MGCZ5
2025-11-20 00:37:00+00:00,33,1,42007130,4102.1,4102.6,4100.6,4101.4,361,MGCZ5
2025-11-20 00:38:00+00:00,33,1,42007130,4101.4,4102.0,4100.5,4100.8,208,MGCZ5
2025-11-20 00:39:00+00:00,33,1,42007130,4101.0,4102.1,4100.9,4101.9,121,MGCZ5
2025-11-20 00:40:00+00:00,33,1,42007130,4102.0,4102.8,4101.6,4102.4,179,MGCZ5
2025-11-20 00:41:00+00:00,33,1,42007130,4102.3,4102.6,4099.9,4101.9,331,MGCZ5
2025-11-20 00:42:00+00:00,33,1,42007130,4102.0,4103.5,4101.8,4102.7,194,MGCZ5
2025-11-20 00:43:00+00:00,33,1,42007130,4102.7,4102.9,4101.1,4102.4,149,MGCZ5
2025-11-20 00:44:00+00:00,33,1,42007130,4102.5,4104.7,4102.2,4104.1,190,MGCZ5
2025-11-20 00:45:00+00:00,33,1,42007130,4104.1,4105.3,4102.9,4103.8,344,MGCZ5
2025-11-20 00:46:00+00:00,33,1,42007130,4103.8,4104.6,4102.8,4102.8,132,MGCZ5
2025-11-20 00:47:00+00:00,33,1,42007130,4102.9,4104.1,4102.0,4103.3,207,MGCZ5
2025-11-20 00:48:00+00:00,33,1,42007130,4103.3,4103.4,4102.3,4103.0,154,MGCZ5
2025-11-20 00:49:00+00:00,33,1,42007130,4103.3,4104.0,4101.7,4101.8,96,MGCZ5
2025-11-20 00:50:00+00:00,33,1,42007130,4102.0,4102.5,4100.9,4100.9,197,MGCZ5
2025-11-20 00:51:00+00:00,33,1,42007130,4101.1,4101.8,4100.3,4100.5,232,MGCZ5
2025-11-20 00:52:00+00:00,33,1,42007130,4100.4,4100.9,4099.1,4100.2,337,MGCZ5
2025-11-20 00:53:00+00:00,33,1,42007130,4100.1,4100.3,4099.0,4100.1,182,MGCZ5
2025-11-20 00:54:00+00:00,33,1,42007130,4099.9,4101.4,4099.5,4101.3,168,MGCZ5
2025-11-20 00:55:00+00:00,33,1,42007130,4101.3,4101.7,4100.0,4100.3,104,MGCZ5
2025-11-20 00:56:00+00:00,33,1,42007130,4100.2,4101.2,4099.9,4101.0,105,MGCZ5
2025-11-20 00:57:00+00:00,33,1,42007130,4101.1,4101.6,4100.3,4100.9,185,MGCZ5
2025-11-20 00:58:00+00:00,33,1,42007130,4101.1,4101.5,4099.7,4099.7,82,MGCZ5
2025-11-20 00:59:00+00:00,33,1,42007130,4099.7,4103.1,4099.6,4101.8,383,MGCZ5
2025-11-20 01:00:00+00:00,33,1,42007130,4101.7,4104.6,4100.0,4104.0,530,MGCZ5
2025-11-20 01:01:00+00:00,33,1,42007130,4104.1,4106.6,4102.5,4105.3,732,MGCZ5
2025-11-20 01:02:00+00:00,33,1,42007130,4105.7,4107.1,4104.8,4104.9,336,MGCZ5
2025-11-20 01:03:00+00:00,33,1,42007130,4104.9,4106.0,4102.7,4105.5,419,MGCZ5
2025-11-20 01:04:00+00:00,33,1,42007130,4105.0,4106.0,4103.9,4104.9,166,MGCZ5
2025-11-20 01:05:00+00:00,33,1,42007130,4104.9,4106.6,4103.3,4106.0,306,MGCZ5
2025-11-20 01:06:00+00:00,33,1,42007130,4106.3,4107.9,4105.7,4107.0,381,MGCZ5
2025-11-20 01:07:00+00:00,33,1,42007130,4106.7,4106.8,4103.4,4104.6,287,MGCZ5
2025-11-20 01:08:00+00:00,33,1,42007130,4104.6,4106.0,4101.5,4101.5,421,MGCZ5
2025-11-20 01:09:00+00:00,33,1,42007130,4101.4,4103.2,4099.3,4100.5,491,MGCZ5
2025-11-20 01:10:00+00:00,33,1,42007130,4100.4,4102.3,4098.4,4102.1,513,MGCZ5
2025-11-20 01:11:00+00:00,33,1,42007130,4102.4,4103.6,4098.9,4100.4,476,MGCZ5
2025-11-20 01:12:00+00:00,33,1,42007130,4100.2,4100.2,4096.2,4096.4,570,MGCZ5
2025-11-20 01:13:00+00:00,33,1,42007130,4096.1,4098.8,4095.0,4095.7,575,MGCZ5
2025-11-20 01:14:00+00:00,33,1,42007130,4095.6,4098.3,4095.5,4096.6,335,MGCZ5
2025-11-20 01:15:00+00:00,33,1,42007130,4096.3,4096.7,4095.1,4096.2,371,MGCZ5
2025-11-20 01:16:00+00:00,33,1,42007130,4096.4,4097.9,4096.2,4097.2,247,MGCZ5
2025-11-20 01:17:00+00:00,33,1,42007130,4097.5,4097.8,4096.0,4096.5,142,MGCZ5
2025-11-20 01:18:00+00:00,33,1,42007130,4096.5,4097.0,4095.3,4096.8,196,MGCZ5
2025-11-20 01:19:00+00:00,33,1,42007130,4096.8,4097.2,4096.3,4097.0,129,MGCZ5
2025-11-20 01:20:00+00:00,33,1,42007130,4097.0,4097.0,4092.1,4092.6,783,MGCZ5
2025-11-20 01:21:00+00:00,33,1,42007130,4092.6,4094.0,4091.6,4092.5,548,MGCZ5
2025-11-20 01:22:00+00:00,33,1,42007130,4092.5,4094.4,4092.5,4093.4,293,MGCZ5
2025-11-20 01:23:00+00:00,33,1,42007130,4093.5,4094.7,4092.6,4093.4,224,MGCZ5
2025-11-20 01:24:00+00:00,33,1,42007130,4093.6,4096.2,4093.0,4096.1,275,MGCZ5
2025-11-20 01:25:00+00:00,33,1,42007130,4096.2,4097.7,4095.0,4096.6,541,MGCZ5
2025-11-20 01:26:00+00:00,33,1,42007130,4096.7,4096.8,4094.7,4096.2,282,MGCZ5
2025-11-20 01:27:00+00:00,33,1,42007130,4096.4,4097.2,4095.4,4096.9,261,MGCZ5
2025-11-20 01:28:00+00:00,33,1,42007130,4097.1,4099.0,4095.6,4096.5,454,MGCZ5
2025-11-20 01:29:00+00:00,33,1,42007130,4096.6,4098.0,4093.8,4094.3,380,MGCZ5
2025-11-20 01:30:00+00:00,33,1,42007130,4094.1,4094.9,4092.8,4092.8,255,MGCZ5
2025-11-20 01:31:00+00:00,33,1,42007130,4092.9,4093.1,4090.9,4091.5,532,MGCZ5
2025-11-20 01:32:00+00:00,33,1,42007130,4091.5,4091.7,4089.2,4091.0,651,MGCZ5
2025-11-20 01:33:00+00:00,33,1,42007130,4090.9,4091.2,4088.3,4090.2,545,MGCZ5
2025-11-20 01:34:00+00:00,33,1,42007130,4090.1,4092.1,4089.9,4091.7,293,MGCZ5
2025-11-20 01:35:00+00:00,33,1,42007130,4091.5,4093.5,4091.5,4093.2,361,MGCZ5
2025-11-20 01:36:00+00:00,33,1,42007130,4093.5,4093.8,4090.8,4091.8,301,MGCZ5
2025-11-20 01:37:00+00:00,33,1,42007130,4091.6,4092.1,4090.6,4092.1,148,MGCZ5
2025-11-20 01:38:00+00:00,33,1,42007130,4092.5,4092.6,4090.5,4090.9,156,MGCZ5
2025-11-20 01:39:00+00:00,33,1,42007130,4090.8,4092.3,4090.5,4091.4,213,MGCZ5
2025-11-20 01:40:00+00:00,33,1,42007130,4091.7,4092.1,4090.3,4091.3,155,MGCZ5
2025-11-20 01:41:00+00:00,33,1,42007130,4091.4,4092.3,4090.5,4092.3,172,MGCZ5
2025-11-20 01:42:00+00:00,33,1,42007130,4092.5,4092.5,4089.9,4090.5,168,MGCZ5
2025-11-20 01:43:00+00:00,33,1,42007130,4090.4,4092.0,4088.6,4091.2,386,MGCZ5
2025-11-20 01:44:00+00:00,33,1,42007130,4091.2,4092.2,4090.4,4092.2,244,MGCZ5
2025-11-20 01:45:00+00:00,33,1,42007130,4091.8,4096.0,4091.8,4095.3,608,MGCZ5
2025-11-20 01:46:00+00:00,33,1,42007130,4095.3,4097.7,4094.7,4097.7,569,MGCZ5
2025-11-20 01:47:00+00:00,33,1,42007130,4097.7,4098.3,4095.5,4096.6,442,MGCZ5
2025-11-20 01:48:00+00:00,33,1,42007130,4096.8,4097.5,4094.3,4095.4,288,MGCZ5
2025-11-20 01:49:00+00:00,33,1,42007130,4095.5,4095.5,4093.8,4095.1,203,MGCZ5
2025-11-20 01:50:00+00:00,33,1,42007130,4095.2,4095.9,4093.4,4093.6,143,MGCZ5
2025-11-20 01:51:00+00:00,33,1,42007130,4093.7,4095.1,4093.7,4094.5,144,MGCZ5
2025-11-20 01:52:00+00:00,33,1,42007130,4094.2,4094.3,4092.7,4092.9,198,MGCZ5
2025-11-20 01:53:00+00:00,33,1,42007130,4093.0,4093.3,4091.3,4091.9,291,MGCZ5
2025-11-20 01:54:00+00:00,33,1,42007130,4091.3,4091.7,4088.4,4089.0,470,MGCZ5
2025-11-20 01:55:00+00:00,33,1,42007130,4089.3,4089.3,4083.8,4084.6,1230,MGCZ5
2025-11-20 01:56:00+00:00,33,1,42007130,4084.6,4086.2,4082.1,4084.4,774,MGCZ5
2025-11-20 01:57:00+00:00,33,1,42007130,4084.4,4084.8,4082.6,4084.3,311,MGCZ5
2025-11-20 01:58:00+00:00,33,1,42007130,4083.9,4084.7,4082.8,4084.0,222,MGCZ5
2025-11-20 01:59:00+00:00,33,1,42007130,4084.1,4084.4,4080.8,4081.5,675,MGCZ5
2025-11-20 02:00:00+00:00,33,1,42007130,4081.1,4081.8,4078.5,4078.7,984,MGCZ5
2025-11-20 02:01:00+00:00,33,1,42007130,4078.7,4079.6,4072.1,4072.5,1786,MGCZ5
2025-11-20 02:02:00+00:00,33,1,42007130,4072.7,4074.5,4071.1,4073.9,963,MGCZ5
2025-11-20 02:03:00+00:00,33,1,42007130,4074.1,4075.6,4072.8,4073.8,785,MGCZ5
2025-11-20 02:04:00+00:00,33,1,42007130,4073.7,4074.1,4070.4,4071.2,765,MGCZ5
2025-11-20 02:05:00+00:00,33,1,42007130,4071.2,4071.2,4067.1,4068.3,1447,MGCZ5
2025-11-20 02:06:00+00:00,33,1,42007130,4068.6,4070.5,4065.8,4066.0,885,MGCZ5
2025-11-20 02:07:00+00:00,33,1,42007130,4066.2,4067.7,4058.5,4062.3,2112,MGCZ5
2025-11-20 02:08:00+00:00,33,1,42007130,4062.1,4064.3,4059.6,4063.1,998,MGCZ5
2025-11-20 02:09:00+00:00,33,1,42007130,4062.9,4064.8,4062.0,4063.6,724,MGCZ5
2025-11-20 02:10:00+00:00,33,1,42007130,4063.5,4063.7,4059.1,4061.6,889,MGCZ5
2025-11-20 02:11:00+00:00,33,1,42007130,4061.6,4064.7,4060.2,4063.5,653,MGCZ5
2025-11-20 02:12:00+00:00,33,1,42007130,4063.4,4064.6,4061.5,4064.3,517,MGCZ5
2025-11-20 02:13:00+00:00,33,1,42007130,4064.2,4066.9,4063.0,4063.4,768,MGCZ5
2025-11-20 02:14:00+00:00,33,1,42007130,4063.6,4065.8,4063.2,4063.4,521,MGCZ5
2025-11-20 02:15:00+00:00,33,1,42007130,4063.3,4064.3,4061.3,4062.8,586,MGCZ5
2025-11-20 02:16:00+00:00,33,1,42007130,4062.7,4063.8,4058.0,4059.6,1311,MGCZ5
2025-11-20 02:17:00+00:00,33,1,42007130,4059.4,4059.6,4051.9,4052.7,2695,MGCZ5
2025-11-20 02:18:00+00:00,33,1,42007130,4052.9,4055.5,4041.9,4045.0,2101,MGCZ5
2025-11-20 02:19:00+00:00,33,1,42007130,4036.3,4050.3,4035.0,4048.5,2682,MGCZ5
2025-11-20 02:20:00+00:00,33,1,42007130,4048.6,4049.3,4040.5,4047.2,1646,MGCZ5
2025-11-20 02:21:00+00:00,33,1,42007130,4047.4,4050.9,4046.9,4050.2,1676,MGCZ5
2025-11-20 02:22:00+00:00,33,1,42007130,4050.2,4050.8,4046.3,4049.7,1058,MGCZ5
2025-11-20 02:23:00+00:00,33,1,42007130,4049.5,4052.3,4049.4,4050.1,681,MGCZ5
2025-11-20 02:24:00+00:00,33,1,42007130,4049.8,4053.2,4049.5,4052.7,607,MGCZ5
2025-11-20 02:25:00+00:00,33,1,42007130,4052.9,4054.3,4050.7,4052.7,768,MGCZ5
2025-11-20 02:26:00+00:00,33,1,42007130,4053.0,4053.3,4051.0,4052.8,455,MGCZ5
2025-11-20 02:27:00+00:00,33,1,42007130,4052.5,4054.8,4050.8,4054.8,566,MGCZ5
2025-11-20 02:28:00+00:00,33,1,42007130,4054.7,4055.1,4053.1,4053.5,424,MGCZ5
2025-11-20 02:29:00+00:00,33,1,42007130,4053.5,4054.7,4052.9,4053.9,289,MGCZ5
2025-11-20 02:30:00+00:00,33,1,42007130,4054.1,4057.4,4052.0,4057.1,837,MGCZ5
2025-11-20 02:31:00+00:00,33,1,42007130,4057.3,4059.5,4056.8,4059.0,982,MGCZ5
2025-11-20 02:32:00+00:00,33,1,42007130,4058.9,4059.2,4056.6,4056.9,528,MGCZ5
2025-11-20 02:33:00+00:00,33,1,42007130,4057.0,4057.7,4055.5,4055.5,376,MGCZ5
2025-11-20 02:34:00+00:00,33,1,42007130,4055.6,4056.6,4052.7,4052.9,570,MGCZ5
2025-11-20 02:35:00+00:00,33,1,42007130,4052.9,4055.5,4051.8,4053.5,527,MGCZ5
2025-11-20 02:36:00+00:00,33,1,42007130,4053.5,4054.7,4052.0,4053.3,349,MGCZ5
2025-11-20 02:37:00+00:00,33,1,42007130,4053.4,4057.4,4053.4,4056.7,528,MGCZ5
2025-11-20 02:38:00+00:00,33,1,42007130,4056.8,4057.1,4054.4,4056.8,341,MGCZ5
2025-11-20 02:39:00+00:00,33,1,42007130,4056.7,4057.3,4055.1,4055.4,225,MGCZ5
2025-11-20 02:40:00+00:00,33,1,42007130,4055.6,4057.6,4055.6,4057.4,260,MGCZ5
2025-11-20 02:41:00+00:00,33,1,42007130,4057.5,4058.2,4055.9,4056.6,278,MGCZ5
2025-11-20 02:42:00+00:00,33,1,42007130,4056.3,4057.8,4054.0,4057.8,458,MGCZ5
2025-11-20 02:43:00+00:00,33,1,42007130,4057.8,4058.4,4056.7,4058.3,248,MGCZ5
2025-11-20 02:44:00+00:00,33,1,42007130,4058.2,4060.7,4057.8,4060.1,699,MGCZ5
2025-11-20 02:45:00+00:00,33,1,42007130,4060.3,4061.4,4059.8,4060.6,606,MGCZ5
2025-11-20 02:46:00+00:00,33,1,42007130,4060.6,4061.5,4059.2,4059.5,459,MGCZ5
2025-11-20 02:47:00+00:00,33,1,42007130,4059.6,4060.4,4058.5,4060.3,271,MGCZ5
2025-11-20 02:48:00+00:00,33,1,42007130,4060.1,4061.5,4059.7,4060.9,204,MGCZ5
2025-11-20 02:49:00+00:00,33,1,42007130,4061.2,4066.4,4060.6,4064.6,1058,MGCZ5
2025-11-20 02:50:00+00:00,33,1,42007130,4064.6,4066.6,4064.0,4065.8,628,MGCZ5
2025-11-20 02:51:00+00:00,33,1,42007130,4065.7,4066.8,4065.1,4066.1,449,MGCZ5
2025-11-20 02:52:00+00:00,33,1,42007130,4065.9,4067.6,4065.5,4066.5,330,MGCZ5
2025-11-20 02:53:00+00:00,33,1,42007130,4066.5,4067.0,4065.2,4065.2,208,MGCZ5
2025-11-20 02:54:00+00:00,33,1,42007130,4065.4,4066.8,4063.8,4066.6,438,MGCZ5
2025-11-20 02:55:00+00:00,33,1,42007130,4066.3,4068.5,4065.9,4068.5,407,MGCZ5
2025-11-20 02:56:00+00:00,33,1,42007130,4068.5,4068.8,4067.1,4067.3,343,MGCZ5
2025-11-20 02:57:00+00:00,33,1,42007130,4067.1,4068.5,4067.0,4067.9,248,MGCZ5
2025-11-20 02:58:00+00:00,33,1,42007130,4068.1,4068.3,4064.6,4065.5,535,MGCZ5
2025-11-20 02:59:00+00:00,33,1,42007130,4065.5,4067.0,4065.0,4065.5,420,MGCZ5
2025-11-20 03:00:00+00:00,33,1,42007130,4065.3,4073.0,4064.6,4071.7,1526,MGCZ5
2025-11-20 03:01:00+00:00,33,1,42007130,4071.6,4072.9,4069.2,4072.3,686,MGCZ5
2025-11-20 03:02:00+00:00,33,1,42007130,4072.6,4072.6,4068.9,4071.8,557,MGCZ5
2025-11-20 03:03:00+00:00,33,1,42007130,4072.1,4074.5,4071.3,4073.9,647,MGCZ5
2025-11-20 03:04:00+00:00,33,1,42007130,4073.9,4074.2,4072.1,4073.1,513,MGCZ5
2025-11-20 03:05:00+00:00,33,1,42007130,4073.0,4076.1,4072.2,4075.9,813,MGCZ5
2025-11-20 03:06:00+00:00,33,1,42007130,4076.1,4078.5,4075.8,4077.8,734,MGCZ5
2025-11-20 03:07:00+00:00,33,1,42007130,4077.9,4081.3,4077.6,4081.3,794,MGCZ5
2025-11-20 03:08:00+00:00,33,1,42007130,4081.3,4083.8,4079.4,4080.1,1147,MGCZ5
2025-11-20 03:09:00+00:00,33,1,42007130,4080.1,4081.9,4079.9,4081.4,386,MGCZ5
2025-11-20 03:10:00+00:00,33,1,42007130,4081.3,4081.3,4079.5,4079.7,451,MGCZ5
2025-11-20 03:11:00+00:00,33,1,42007130,4079.5,4080.7,4077.9,4078.6,645,MGCZ5
2025-11-20 03:12:00+00:00,33,1,42007130,4078.5,4079.2,4078.3,4078.7,239,MGCZ5
2025-11-20 03:13:00+00:00,33,1,42007130,4078.8,4080.1,4077.4,4077.6,286,MGCZ5
2025-11-20 03:14:00+00:00,33,1,42007130,4078.3,4078.3,4075.7,4076.6,491,MGCZ5
2025-11-20 03:15:00+00:00,33,1,42007130,4076.4,4076.4,4071.3,4071.7,875,MGCZ5
2025-11-20 03:16:00+00:00,33,1,42007130,4071.8,4075.7,4071.7,4074.7,678,MGCZ5
2025-11-20 03:17:00+00:00,33,1,42007130,4074.6,4075.5,4074.1,4074.8,221,MGCZ5
2025-11-20 03:18:00+00:00,33,1,42007130,4074.5,4075.1,4072.9,4075.0,254,MGCZ5
2025-11-20 03:19:00+00:00,33,1,42007130,4075.1,4075.7,4072.6,4073.3,253,MGCZ5
2025-11-20 03:20:00+00:00,33,1,42007130,4073.4,4073.4,4071.8,4072.3,307,MGCZ5
2025-11-20 03:21:00+00:00,33,1,42007130,4072.2,4075.4,4071.5,4074.1,391,MGCZ5
2025-11-20 03:22:00+00:00,33,1,42007130,4074.0,4075.6,4073.4,4075.1,223,MGCZ5
2025-11-20 03:23:00+00:00,33,1,42007130,4075.3,4075.8,4072.7,4073.9,282,MGCZ5
2025-11-20 03:24:00+00:00,33,1,42007130,4074.0,4075.7,4073.9,4074.6,170,MGCZ5
2025-11-20 03:25:00+00:00,33,1,42007130,4074.6,4075.0,4073.2,4073.2,142,MGCZ5
2025-11-20 03:26:00+00:00,33,1,42007130,4073.2,4073.5,4072.3,4072.9,209,MGCZ5
2025-11-20 03:27:00+00:00,33,1,42007130,4073.0,4076.3,4072.9,4076.2,346,MGCZ5
2025-11-20 03:28:00+00:00,33,1,42007130,4076.3,4077.7,4075.3,4076.5,412,MGCZ5
2025-11-20 03:29:00+00:00,33,1,42007130,4076.4,4076.5,4075.1,4075.3,195,MGCZ5
2025-11-20 03:30:00+00:00,33,1,42007130,4075.3,4075.7,4073.3,4073.8,225,MGCZ5
2025-11-20 03:31:00+00:00,33,1,42007130,4073.7,4074.3,4073.0,4073.4,184,MGCZ5
2025-11-20 03:32:00+00:00,33,1,42007130,4073.2,4074.2,4073.0,4074.2,116,MGCZ5
2025-11-20 03:33:00+00:00,33,1,42007130,4074.4,4075.4,4072.6,4073.1,246,MGCZ5
2025-11-20 03:34:00+00:00,33,1,42007130,4073.0,4073.2,4068.4,4068.7,968,MGCZ5
2025-11-20 03:35:00+00:00,33,1,42007130,4069.0,4069.8,4067.7,4069.8,507,MGCZ5
2025-11-20 03:36:00+00:00,33,1,42007130,4069.8,4072.5,4068.9,4070.3,370,MGCZ5
2025-11-20 03:37:00+00:00,33,1,42007130,4070.5,4070.5,4068.8,4069.0,207,MGCZ5
2025-11-20 03:38:00+00:00,33,1,42007130,4069.0,4069.3,4068.4,4069.0,169,MGCZ5
2025-11-20 03:39:00+00:00,33,1,42007130,4068.8,4070.4,4067.3,4070.3,364,MGCZ5
2025-11-20 03:40:00+00:00,33,1,42007130,4070.3,4070.9,4069.7,4070.1,234,MGCZ5
2025-11-20 03:41:00+00:00,33,1,42007130,4070.0,4070.0,4067.1,4067.5,442,MGCZ5
2025-11-20 03:42:00+00:00,33,1,42007130,4067.5,4068.2,4066.3,4067.9,396,MGCZ5
2025-11-20 03:43:00+00:00,33,1,42007130,4068.2,4068.3,4066.5,4066.5,170,MGCZ5
2025-11-20 03:44:00+00:00,33,1,42007130,4066.6,4066.6,4061.7,4064.1,846,MGCZ5
2025-11-20 03:45:00+00:00,33,1,42007130,4063.9,4066.3,4063.7,4065.3,489,MGCZ5
2025-11-20 03:46:00+00:00,33,1,42007130,4065.1,4067.7,4064.2,4067.4,250,MGCZ5
2025-11-20 03:47:00+00:00,33,1,42007130,4067.2,4067.6,4065.4,4066.6,252,MGCZ5
2025-11-20 03:48:00+00:00,33,1,42007130,4066.4,4067.5,4066.3,4067.2,149,MGCZ5
2025-11-20 03:49:00+00:00,33,1,42007130,4067.0,4068.0,4066.5,4067.9,117,MGCZ5
2025-11-20 03:50:00+00:00,33,1,42007130,4067.7,4067.8,4062.7,4064.2,620,MGCZ5
2025-11-20 03:51:00+00:00,33,1,42007130,4064.2,4065.6,4063.8,4064.5,305,MGCZ5
2025-11-20 03:52:00+00:00,33,1,42007130,4064.4,4065.1,4063.0,4064.0,277,MGCZ5
2025-11-20 03:53:00+00:00,33,1,42007130,4064.1,4066.4,4063.4,4066.0,160,MGCZ5
2025-11-20 03:54:00+00:00,33,1,42007130,4065.9,4067.1,4065.9,4066.5,147,MGCZ5
2025-11-20 03:55:00+00:00,33,1,42007130,4066.1,4067.9,4066.1,4067.8,283,MGCZ5
2025-11-20 03:56:00+00:00,33,1,42007130,4067.6,4068.9,4066.7,4068.5,290,MGCZ5
2025-11-20 03:57:00+00:00,33,1,42007130,4068.3,4069.8,4068.2,4068.6,282,MGCZ5
2025-11-20 03:58:00+00:00,33,1,42007130,4068.3,4070.1,4067.5,4070.0,338,MGCZ5
2025-11-20 03:59:00+00:00,33,1,42007130,4070.1,4071.1,4069.7,4070.6,321,MGCZ5
2025-11-20 04:00:00+00:00,33,1,42007130,4070.5,4070.7,4069.2,4069.8,186,MGCZ5
2025-11-20 04:01:00+00:00,33,1,42007130,4070.0,4072.6,4069.8,4072.5,355,MGCZ5
2025-11-20 04:02:00+00:00,33,1,42007130,4072.3,4072.6,4067.1,4067.2,461,MGCZ5
2025-11-20 04:03:00+00:00,33,1,42007130,4067.4,4068.3,4066.6,4066.8,393,MGCZ5
2025-11-20 04:04:00+00:00,33,1,42007130,4066.9,4068.8,4066.4,4068.5,190,MGCZ5
2025-11-20 04:05:00+00:00,33,1,42007130,4068.4,4068.9,4067.3,4068.6,208,MGCZ5
2025-11-20 04:06:00+00:00,33,1,42007130,4068.6,4070.8,4068.5,4070.1,249,MGCZ5
2025-11-20 04:07:00+00:00,33,1,42007130,4070.0,4071.5,4069.9,4070.1,235,MGCZ5
2025-11-20 04:08:00+00:00,33,1,42007130,4070.0,4072.2,4070.0,4071.7,277,MGCZ5
2025-11-20 04:09:00+00:00,33,1,42007130,4071.8,4073.3,4071.5,4073.3,299,MGCZ5
2025-11-20 04:10:00+00:00,33,1,42007130,4073.2,4077.2,4073.2,4077.2,773,MGCZ5
2025-11-20 04:11:00+00:00,33,1,42007130,4077.0,4077.2,4075.5,4075.8,386,MGCZ5
2025-11-20 04:12:00+00:00,33,1,42007130,4075.6,4075.9,4074.0,4074.4,291,MGCZ5
2025-11-20 04:13:00+00:00,33,1,42007130,4074.6,4075.8,4073.9,4074.9,198,MGCZ5
2025-11-20 04:14:00+00:00,33,1,42007130,4074.9,4076.5,4074.7,4076.5,127,MGCZ5
2025-11-20 04:15:00+00:00,33,1,42007130,4076.3,4078.0,4076.3,4077.1,331,MGCZ5
2025-11-20 04:16:00+00:00,33,1,42007130,4077.1,4078.5,4076.4,4077.8,295,MGCZ5
2025-11-20 04:17:00+00:00,33,1,42007130,4077.7,4078.5,4077.1,4077.1,135,MGCZ5
2025-11-20 04:18:00+00:00,33,1,42007130,4077.1,4077.1,4075.8,4076.7,285,MGCZ5
2025-11-20 04:19:00+00:00,33,1,42007130,4076.9,4077.6,4076.6,4077.0,123,MGCZ5
2025-11-20 04:20:00+00:00,33,1,42007130,4077.1,4077.8,4076.6,4077.1,132,MGCZ5
2025-11-20 04:21:00+00:00,33,1,42007130,4076.9,4077.1,4074.7,4075.7,402,MGCZ5
2025-11-20 04:22:00+00:00,33,1,42007130,4075.8,4076.1,4074.5,4075.0,137,MGCZ5
2025-11-20 04:23:00+00:00,33,1,42007130,4075.3,4076.1,4075.0,4075.3,112,MGCZ5
2025-11-20 04:24:00+00:00,33,1,42007130,4075.3,4075.6,4074.3,4075.0,114,MGCZ5
2025-11-20 04:25:00+00:00,33,1,42007130,4074.9,4076.0,4074.5,4075.9,120,MGCZ5
2025-11-20 04:26:00+00:00,33,1,42007130,4075.7,4077.0,4075.6,4076.5,142,MGCZ5
2025-11-20 04:27:00+00:00,33,1,42007130,4076.5,4076.6,4075.2,4076.4,103,MGCZ5
2025-11-20 04:28:00+00:00,33,1,42007130,4076.3,4076.7,4075.6,4075.9,31,MGCZ5
2025-11-20 04:29:00+00:00,33,1,42007130,4075.9,4076.8,4075.9,4076.3,82,MGCZ5
2025-11-20 04:30:00+00:00,33,1,42007130,4076.5,4077.0,4075.8,4076.5,53,MGCZ5
2025-11-20 04:31:00+00:00,33,1,42007130,4076.5,4076.9,4076.0,4076.3,61,MGCZ5
2025-11-20 04:32:00+00:00,33,1,42007130,4076.0,4077.9,4075.5,4077.8,225,MGCZ5
2025-11-20 04:33:00+00:00,33,1,42007130,4077.8,4077.9,4075.7,4076.1,133,MGCZ5
2025-11-20 04:34:00+00:00,33,1,42007130,4076.1,4076.3,4074.1,4074.2,270,MGCZ5
2025-11-20 04:35:00+00:00,33,1,42007130,4074.4,4074.6,4072.9,4073.9,264,MGCZ5
2025-11-20 04:36:00+00:00,33,1,42007130,4073.4,4074.8,4073.4,4074.4,157,MGCZ5
2025-11-20 04:37:00+00:00,33,1,42007130,4074.3,4074.8,4073.3,4074.3,114,MGCZ5
2025-11-20 04:38:00+00:00,33,1,42007130,4074.7,4074.8,4074.0,4074.1,58,MGCZ5
2025-11-20 04:39:00+00:00,33,1,42007130,4074.2,4074.8,4073.5,4073.9,135,MGCZ5
2025-11-20 04:40:00+00:00,33,1,42007130,4074.0,4074.3,4073.2,4073.7,122,MGCZ5
2025-11-20 04:41:00+00:00,33,1,42007130,4073.5,4073.7,4072.3,4072.6,212,MGCZ5
2025-11-20 04:42:00+00:00,33,1,42007130,4072.5,4072.8,4071.7,4072.0,152,MGCZ5
2025-11-20 04:43:00+00:00,33,1,42007130,4071.8,4073.3,4071.7,4073.3,118,MGCZ5
2025-11-20 04:44:00+00:00,33,1,42007130,4073.5,4075.1,4073.3,4074.8,367,MGCZ5
2025-11-20 04:45:00+00:00,33,1,42007130,4074.9,4075.2,4072.4,4074.1,327,MGCZ5
2025-11-20 04:46:00+00:00,33,1,42007130,4074.0,4075.1,4073.6,4074.8,110,MGCZ5
2025-11-20 04:47:00+00:00,33,1,42007130,4074.4,4074.4,4073.3,4073.6,54,MGCZ5
2025-11-20 04:48:00+00:00,33,1,42007130,4073.5,4075.7,4073.5,4075.6,124,MGCZ5
2025-11-20 04:49:00+00:00,33,1,42007130,4075.6,4077.0,4075.2,4077.0,241,MGCZ5
2025-11-20 04:50:00+00:00,33,1,42007130,4076.8,4077.0,4075.4,4075.7,100,MGCZ5
2025-11-20 04:51:00+00:00,33,1,42007130,4075.8,4077.8,4075.6,4077.5,159,MGCZ5
2025-11-20 04:52:00+00:00,33,1,42007130,4077.6,4077.8,4076.5,4076.7,126,MGCZ5
2025-11-20 04:53:00+00:00,33,1,42007130,4076.3,4077.4,4075.8,4077.2,132,MGCZ5
2025-11-20 04:54:00+00:00,33,1,42007130,4077.2,4078.3,4077.0,4078.0,133,MGCZ5
2025-11-20 04:55:00+00:00,33,1,42007130,4078.3,4079.2,4077.9,4078.8,287,MGCZ5
2025-11-20 04:56:00+00:00,33,1,42007130,4078.8,4078.8,4076.6,4076.8,155,MGCZ5
2025-11-20 04:57:00+00:00,33,1,42007130,4076.6,4076.9,4075.0,4075.0,211,MGCZ5
2025-11-20 04:58:00+00:00,33,1,42007130,4075.0,4076.0,4074.2,4075.1,240,MGCZ5
2025-11-20 04:59:00+00:00,33,1,42007130,4075.3,4075.3,4074.0,4074.1,139,MGCZ5
2025-11-20 05:00:00+00:00,33,1,42007130,4074.1,4074.3,4072.2,4072.3,285,MGCZ5
2025-11-20 05:01:00+00:00,33,1,42007130,4072.3,4074.5,4072.0,4072.2,248,MGCZ5
2025-11-20 05:02:00+00:00,33,1,42007130,4072.1,4072.2,4070.3,4070.6,352,MGCZ5
2025-11-20 05:03:00+00:00,33,1,42007130,4070.7,4071.4,4068.2,4070.5,540,MGCZ5
2025-11-20 05:04:00+00:00,33,1,42007130,4070.8,4072.1,4070.3,4070.8,212,MGCZ5
2025-11-20 05:05:00+00:00,33,1,42007130,4070.9,4071.5,4068.7,4070.9,330,MGCZ5
2025-11-20 05:06:00+00:00,33,1,42007130,4071.0,4072.5,4070.9,4071.9,327,MGCZ5
2025-11-20 05:07:00+00:00,33,1,42007130,4072.3,4072.9,4070.3,4071.1,278,MGCZ5
2025-11-20 05:08:00+00:00,33,1,42007130,4070.9,4071.3,4069.2,4070.1,207,MGCZ5
2025-11-20 05:09:00+00:00,33,1,42007130,4070.1,4070.2,4068.9,4068.9,201,MGCZ5
2025-11-20 05:10:00+00:00,33,1,42007130,4069.0,4069.1,4067.3,4068.5,303,MGCZ5
2025-11-20 05:11:00+00:00,33,1,42007130,4068.6,4068.7,4067.7,4068.5,207,MGCZ5
2025-11-20 05:12:00+00:00,33,1,42007130,4068.7,4071.1,4068.0,4068.1,281,MGCZ5
2025-11-20 05:13:00+00:00,33,1,42007130,4067.9,4069.2,4067.1,4068.6,306,MGCZ5
2025-11-20 05:14:00+00:00,33,1,42007130,4068.6,4070.8,4067.4,4070.8,204,MGCZ5
2025-11-20 05:15:00+00:00,33,1,42007130,4070.6,4070.6,4068.8,4069.5,134,MGCZ5
2025-11-20 05:16:00+00:00,33,1,42007130,4069.4,4071.7,4069.4,4070.6,210,MGCZ5
2025-11-20 05:17:00+00:00,33,1,42007130,4070.7,4072.6,4070.7,4072.1,344,MGCZ5
2025-11-20 05:18:00+00:00,33,1,42007130,4072.0,4072.7,4070.6,4070.8,181,MGCZ5
2025-11-20 05:19:00+00:00,33,1,42007130,4070.6,4073.4,4070.1,4073.2,249,MGCZ5
2025-11-20 05:20:00+00:00,33,1,42007130,4073.1,4073.6,4070.9,4071.6,325,MGCZ5
2025-11-20 05:21:00+00:00,33,1,42007130,4071.8,4071.8,4069.9,4070.2,266,MGCZ5
2025-11-20 05:22:00+00:00,33,1,42007130,4070.4,4072.5,4070.4,4071.8,99,MGCZ5
2025-11-20 05:23:00+00:00,33,1,42007130,4072.0,4072.3,4071.5,4072.2,67,MGCZ5
2025-11-20 05:24:00+00:00,33,1,42007130,4072.0,4072.3,4071.5,4071.8,37,MGCZ5
2025-11-20 05:25:00+00:00,33,1,42007130,4071.5,4071.9,4070.6,4070.8,117,MGCZ5
2025-11-20 05:26:00+00:00,33,1,42007130,4070.6,4070.7,4069.5,4069.9,106,MGCZ5
2025-11-20 05:27:00+00:00,33,1,42007130,4070.0,4070.0,4067.4,4068.0,233,MGCZ5
2025-11-20 05:28:00+00:00,33,1,42007130,4068.1,4069.8,4068.1,4069.2,155,MGCZ5
2025-11-20 05:29:00+00:00,33,1,42007130,4069.1,4070.0,4068.6,4068.6,118,MGCZ5
2025-11-20 05:30:00+00:00,33,1,42007130,4068.6,4068.9,4066.3,4067.9,504,MGCZ5
2025-11-20 05:31:00+00:00,33,1,42007130,4067.8,4069.2,4067.1,4068.6,229,MGCZ5
2025-11-20 05:32:00+00:00,33,1,42007130,4068.3,4069.6,4065.2,4066.1,416,MGCZ5
2025-11-20 05:33:00+00:00,33,1,42007130,4066.2,4068.0,4065.3,4065.9,337,MGCZ5
2025-11-20 05:34:00+00:00,33,1,42007130,4065.6,4070.7,4065.6,4070.1,584,MGCZ5
2025-11-20 05:35:00+00:00,33,1,42007130,4070.6,4071.9,4068.4,4069.7,333,MGCZ5
2025-11-20 05:36:00+00:00,33,1,42007130,4069.7,4069.7,4065.8,4065.8,310,MGCZ5
2025-11-20 05:37:00+00:00,33,1,42007130,4065.7,4069.0,4065.7,4066.6,299,MGCZ5
2025-11-20 05:38:00+00:00,33,1,42007130,4066.4,4067.5,4063.4,4066.1,514,MGCZ5
2025-11-20 05:39:00+00:00,33,1,42007130,4066.2,4068.0,4066.0,4067.9,145,MGCZ5
2025-11-20 05:40:00+00:00,33,1,42007130,4067.8,4069.3,4067.7,4067.9,191,MGCZ5
2025-11-20 05:41:00+00:00,33,1,42007130,4067.9,4069.9,4067.7,4069.2,299,MGCZ5
2025-11-20 05:42:00+00:00,33,1,42007130,4069.4,4070.0,4068.9,4069.3,139,MGCZ5
2025-11-20 05:43:00+00:00,33,1,42007130,4069.4,4069.6,4066.6,4067.6,229,MGCZ5
2025-11-20 05:44:00+00:00,33,1,42007130,4067.5,4068.0,4065.7,4066.2,173,MGCZ5
2025-11-20 05:45:00+00:00,33,1,42007130,4066.0,4067.6,4065.7,4067.1,146,MGCZ5
2025-11-20 05:46:00+00:00,33,1,42007130,4067.0,4068.4,4066.0,4067.3,150,MGCZ5
2025-11-20 05:47:00+00:00,33,1,42007130,4067.8,4070.0,4067.6,4069.0,224,MGCZ5
2025-11-20 05:48:00+00:00,33,1,42007130,4069.1,4069.6,4068.2,4068.7,67,MGCZ5
2025-11-20 05:49:00+00:00,33,1,42007130,4068.7,4068.7,4065.8,4067.3,342,MGCZ5
2025-11-20 05:50:00+00:00,33,1,42007130,4067.4,4069.3,4067.4,4069.0,80,MGCZ5
2025-11-20 05:51:00+00:00,33,1,42007130,4069.3,4069.7,4067.4,4067.6,186,MGCZ5
2025-11-20 05:52:00+00:00,33,1,42007130,4067.5,4067.8,4065.6,4067.6,218,MGCZ5
2025-11-20 05:53:00+00:00,33,1,42007130,4067.3,4068.0,4066.8,4066.9,114,MGCZ5
2025-11-20 05:54:00+00:00,33,1,42007130,4066.7,4068.9,4066.7,4068.3,142,MGCZ5
2025-11-20 05:55:00+00:00,33,1,42007130,4068.1,4069.6,4066.8,4069.6,117,MGCZ5
2025-11-20 05:56:00+00:00,33,1,42007130,4069.4,4069.9,4068.8,4069.6,130,MGCZ5
2025-11-20 05:57:00+00:00,33,1,42007130,4069.6,4070.4,4068.4,4069.1,256,MGCZ5
2025-11-20 05:58:00+00:00,33,1,42007130,4069.1,4069.4,4067.3,4067.9,151,MGCZ5
2025-11-20 05:59:00+00:00,33,1,42007130,4067.6,4067.7,4064.6,4065.0,455,MGCZ5
2025-11-20 06:00:00+00:00,33,1,42007130,4064.9,4066.2,4064.6,4064.8,256,MGCZ5
2025-11-20 06:01:00+00:00,33,1,42007130,4064.7,4066.2,4063.5,4065.9,342,MGCZ5
2025-11-20 06:02:00+00:00,33,1,42007130,4066.2,4067.7,4065.8,4066.9,253,MGCZ5
2025-11-20 06:03:00+00:00,33,1,42007130,4066.7,4068.3,4066.3,4066.3,223,MGCZ5
2025-11-20 06:04:00+00:00,33,1,42007130,4066.3,4066.3,4065.5,4065.6,104,MGCZ5
2025-11-20 06:05:00+00:00,33,1,42007130,4066.3,4069.5,4066.3,4069.5,208,MGCZ5
2025-11-20 06:06:00+00:00,33,1,42007130,4069.3,4069.9,4067.9,4069.0,174,MGCZ5
2025-11-20 06:07:00+00:00,33,1,42007130,4069.1,4070.5,4068.2,4069.1,241,MGCZ5
2025-11-20 06:08:00+00:00,33,1,42007130,4068.9,4076.5,4067.8,4076.2,971,MGCZ5
2025-11-20 06:09:00+00:00,33,1,42007130,4076.1,4076.7,4074.4,4074.7,523,MGCZ5
2025-11-20 06:10:00+00:00,33,1,42007130,4074.6,4075.9,4073.7,4074.1,260,MGCZ5
2025-11-20 06:11:00+00:00,33,1,42007130,4074.0,4075.8,4073.0,4074.1,344,MGCZ5
2025-11-20 06:12:00+00:00,33,1,42007130,4074.0,4074.8,4071.5,4072.9,403,MGCZ5
2025-11-20 06:13:00+00:00,33,1,42007130,4072.9,4073.1,4071.6,4072.2,148,MGCZ5
2025-11-20 06:14:00+00:00,33,1,42007130,4072.0,4072.7,4071.7,4072.4,97,MGCZ5
2025-11-20 06:15:00+00:00,33,1,42007130,4072.4,4073.7,4072.1,4073.3,176,MGCZ5
2025-11-20 06:16:00+00:00,33,1,42007130,4073.1,4073.4,4072.1,4072.2,175,MGCZ5
2025-11-20 06:17:00+00:00,33,1,42007130,4072.3,4072.6,4069.9,4070.1,287,MGCZ5
2025-11-20 06:18:00+00:00,33,1,42007130,4070.3,4071.0,4068.4,4068.6,327,MGCZ5
2025-11-20 06:19:00+00:00,33,1,42007130,4068.5,4069.7,4067.3,4068.8,495,MGCZ5
2025-11-20 06:20:00+00:00,33,1,42007130,4068.7,4068.7,4065.8,4066.2,223,MGCZ5
2025-11-20 06:21:00+00:00,33,1,42007130,4066.4,4066.8,4064.7,4065.5,406,MGCZ5
2025-11-20 06:22:00+00:00,33,1,42007130,4065.2,4066.7,4064.0,4066.1,375,MGCZ5
2025-11-20 06:23:00+00:00,33,1,42007130,4065.9,4066.2,4064.8,4065.5,232,MGCZ5
2025-11-20 06:24:00+00:00,33,1,42007130,4065.5,4067.1,4065.1,4065.7,159,MGCZ5
2025-11-20 06:25:00+00:00,33,1,42007130,4065.5,4065.5,4062.1,4062.8,569,MGCZ5
2025-11-20 06:26:00+00:00,33,1,42007130,4062.6,4063.3,4059.5,4060.3,731,MGCZ5
2025-11-20 06:27:00+00:00,33,1,42007130,4060.1,4061.1,4057.6,4059.9,633,MGCZ5
2025-11-20 06:28:00+00:00,33,1,42007130,4059.9,4062.1,4059.8,4061.6,322,MGCZ5
2025-11-20 06:29:00+00:00,33,1,42007130,4061.3,4062.1,4061.0,4061.5,227,MGCZ5
2025-11-20 06:30:00+00:00,33,1,42007130,4061.5,4064.0,4060.9,4063.5,446,MGCZ5
2025-11-20 06:31:00+00:00,33,1,42007130,4063.6,4065.8,4062.6,4063.1,492,MGCZ5
2025-11-20 06:32:00+00:00,33,1,42007130,4063.0,4063.0,4061.1,4061.6,329,MGCZ5
2025-11-20 06:33:00+00:00,33,1,42007130,4061.7,4062.5,4061.0,4061.4,163,MGCZ5
2025-11-20 06:34:00+00:00,33,1,42007130,4061.2,4061.8,4060.3,4060.7,197,MGCZ5
2025-11-20 06:35:00+00:00,33,1,42007130,4061.2,4064.2,4060.5,4063.7,301,MGCZ5
2025-11-20 06:36:00+00:00,33,1,42007130,4063.9,4065.6,4063.8,4065.0,267,MGCZ5
2025-11-20 06:37:00+00:00,33,1,42007130,4065.4,4066.2,4064.6,4065.4,232,MGCZ5
2025-11-20 06:38:00+00:00,33,1,42007130,4065.4,4066.4,4064.6,4066.2,143,MGCZ5
2025-11-20 06:39:00+00:00,33,1,42007130,4066.3,4067.1,4065.7,4066.7,191,MGCZ5
2025-11-20 06:40:00+00:00,33,1,42007130,4066.9,4069.4,4066.5,4069.2,433,MGCZ5
2025-11-20 06:41:00+00:00,33,1,42007130,4069.3,4070.9,4068.6,4069.3,474,MGCZ5
2025-11-20 06:42:00+00:00,33,1,42007130,4069.2,4069.8,4067.8,4068.0,346,MGCZ5
2025-11-20 06:43:00+00:00,33,1,42007130,4068.2,4068.3,4066.6,4067.1,275,MGCZ5
2025-11-20 06:44:00+00:00,33,1,42007130,4067.0,4067.3,4065.9,4066.3,139,MGCZ5
2025-11-20 06:45:00+00:00,33,1,42007130,4066.4,4066.6,4065.1,4066.2,209,MGCZ5
2025-11-20 06:46:00+00:00,33,1,42007130,4066.0,4067.2,4065.4,4067.0,216,MGCZ5
2025-11-20 06:47:00+00:00,33,1,42007130,4066.8,4068.9,4066.8,4067.8,280,MGCZ5
2025-11-20 06:48:00+00:00,33,1,42007130,4067.5,4067.6,4066.3,4066.9,105,MGCZ5
2025-11-20 06:49:00+00:00,33,1,42007130,4067.1,4067.4,4065.6,4065.8,133,MGCZ5
2025-11-20 06:50:00+00:00,33,1,42007130,4065.7,4066.2,4063.3,4063.3,480,MGCZ5
2025-11-20 06:51:00+00:00,33,1,42007130,4063.2,4063.4,4061.6,4062.8,463,MGCZ5
2025-11-20 06:52:00+00:00,33,1,42007130,4062.8,4063.7,4062.2,4063.3,196,MGCZ5
2025-11-20 06:53:00+00:00,33,1,42007130,4063.2,4066.2,4062.6,4065.2,307,MGCZ5
2025-11-20 06:54:00+00:00,33,1,42007130,4064.9,4065.1,4063.1,4064.7,138,MGCZ5
2025-11-20 06:55:00+00:00,33,1,42007130,4064.6,4064.8,4064.0,4064.4,76,MGCZ5
2025-11-20 06:56:00+00:00,33,1,42007130,4064.6,4065.9,4063.2,4065.6,148,MGCZ5
2025-11-20 06:57:00+00:00,33,1,42007130,4065.9,4066.8,4065.8,4066.2,133,MGCZ5
2025-11-20 06:58:00+00:00,33,1,42007130,4066.3,4067.0,4065.7,4066.5,121,MGCZ5
2025-11-20 06:59:00+00:00,33,1,42007130,4066.5,4067.4,4066.3,4067.0,116,MGCZ5
2025-11-20 07:00:00+00:00,33,1,42007130,4066.8,4066.8,4065.2,4065.6,318,MGCZ5
2025-11-20 07:01:00+00:00,33,1,42007130,4065.5,4066.3,4063.9,4063.9,161,MGCZ5
2025-11-20 07:02:00+00:00,33,1,42007130,4064.1,4066.0,4064.1,4066.0,186,MGCZ5
2025-11-20 07:03:00+00:00,33,1,42007130,4065.7,4067.4,4065.1,4066.2,207,MGCZ5
2025-11-20 07:04:00+00:00,33,1,42007130,4065.9,4067.4,4064.9,4067.1,215,MGCZ5
2025-11-20 07:05:00+00:00,33,1,42007130,4067.2,4069.1,4067.2,4067.9,232,MGCZ5
2025-11-20 07:06:00+00:00,33,1,42007130,4068.0,4072.3,4067.6,4071.7,442,MGCZ5
2025-11-20 07:07:00+00:00,33,1,42007130,4071.6,4074.1,4070.3,4072.8,677,MGCZ5
2025-11-20 07:08:00+00:00,33,1,42007130,4072.7,4072.7,4071.1,4072.2,367,MGCZ5
2025-11-20 07:09:00+00:00,33,1,42007130,4072.1,4074.2,4072.0,4074.0,304,MGCZ5
2025-11-20 07:10:00+00:00,33,1,42007130,4073.9,4073.9,4072.0,4072.8,313,MGCZ5
2025-11-20 07:11:00+00:00,33,1,42007130,4072.9,4074.3,4071.4,4074.0,451,MGCZ5
2025-11-20 07:12:00+00:00,33,1,42007130,4074.0,4075.3,4072.3,4073.7,420,MGCZ5
2025-11-20 07:13:00+00:00,33,1,42007130,4073.7,4074.5,4073.0,4073.0,121,MGCZ5
2025-11-20 07:14:00+00:00,33,1,42007130,4073.1,4073.4,4071.7,4072.2,234,MGCZ5
2025-11-20 07:15:00+00:00,33,1,42007130,4072.5,4072.5,4070.7,4071.2,197,MGCZ5
2025-11-20 07:16:00+00:00,33,1,42007130,4071.0,4071.8,4069.0,4069.1,302,MGCZ5
2025-11-20 07:17:00+00:00,33,1,42007130,4069.4,4069.5,4065.5,4065.8,627,MGCZ5
2025-11-20 07:18:00+00:00,33,1,42007130,4065.6,4067.7,4064.0,4067.0,473,MGCZ5
2025-11-20 07:19:00+00:00,33,1,42007130,4067.2,4067.2,4064.3,4064.6,240,MGCZ5
2025-11-20 07:20:00+00:00,33,1,42007130,4064.3,4064.6,4062.4,4062.4,363,MGCZ5
2025-11-20 07:21:00+00:00,33,1,42007130,4062.5,4064.6,4061.9,4064.1,336,MGCZ5
2025-11-20 07:22:00+00:00,33,1,42007130,4064.0,4064.1,4061.0,4061.0,300,MGCZ5
2025-11-20 07:23:00+00:00,33,1,42007130,4061.0,4062.3,4058.8,4060.2,573,MGCZ5
2025-11-20 07:24:00+00:00,33,1,42007130,4060.2,4061.7,4059.9,4060.5,251,MGCZ5
2025-11-20 07:25:00+00:00,33,1,42007130,4060.4,4061.1,4058.9,4059.6,359,MGCZ5
2025-11-20 07:26:00+00:00,33,1,42007130,4059.8,4061.7,4059.2,4060.5,365,MGCZ5
2025-11-20 07:27:00+00:00,33,1,42007130,4060.4,4062.8,4059.6,4062.8,267,MGCZ5
2025-11-20 07:28:00+00:00,33,1,42007130,4062.8,4064.2,4061.8,4062.0,295,MGCZ5
2025-11-20 07:29:00+00:00,33,1,42007130,4062.4,4062.9,4061.1,4061.4,180,MGCZ5
2025-11-20 07:30:00+00:00,33,1,42007130,4061.4,4066.4,4060.8,4065.7,554,MGCZ5
2025-11-20 07:31:00+00:00,33,1,42007130,4065.8,4066.7,4065.2,4065.5,337,MGCZ5
2025-11-20 07:32:00+00:00,33,1,42007130,4065.5,4065.9,4064.1,4064.9,260,MGCZ5
2025-11-20 07:33:00+00:00,33,1,42007130,4064.9,4066.6,4064.3,4066.2,146,MGCZ5
2025-11-20 07:34:00+00:00,33,1,42007130,4066.5,4066.6,4064.7,4065.3,113,MGCZ5
2025-11-20 07:35:00+00:00,33,1,42007130,4065.2,4066.5,4064.8,4065.9,152,MGCZ5
2025-11-20 07:36:00+00:00,33,1,42007130,4066.0,4066.0,4065.0,4065.7,86,MGCZ5
2025-11-20 07:37:00+00:00,33,1,42007130,4065.6,4065.9,4062.7,4063.5,346,MGCZ5
2025-11-20 07:38:00+00:00,33,1,42007130,4063.5,4064.9,4063.1,4064.8,187,MGCZ5
2025-11-20 07:39:00+00:00,33,1,42007130,4064.6,4064.8,4061.8,4063.3,210,MGCZ5
2025-11-20 07:40:00+00:00,33,1,42007130,4063.3,4063.7,4062.7,4063.3,92,MGCZ5
2025-11-20 07:41:00+00:00,33,1,42007130,4063.1,4063.9,4062.2,4062.6,169,MGCZ5
2025-11-20 07:42:00+00:00,33,1,42007130,4062.3,4062.3,4060.9,4061.6,343,MGCZ5
2025-11-20 07:43:00+00:00,33,1,42007130,4061.6,4062.0,4059.0,4059.5,588,MGCZ5
2025-11-20 07:44:00+00:00,33,1,42007130,4059.6,4059.8,4056.9,4058.4,443,MGCZ5
2025-11-20 07:45:00+00:00,33,1,42007130,4058.2,4058.6,4053.5,4053.9,994,MGCZ5
2025-11-20 07:46:00+00:00,33,1,42007130,4053.9,4057.0,4052.6,4056.5,661,MGCZ5
2025-11-20 07:47:00+00:00,33,1,42007130,4056.4,4060.5,4056.2,4058.8,669,MGCZ5
2025-11-20 07:48:00+00:00,33,1,42007130,4058.6,4059.8,4058.0,4058.5,210,MGCZ5
2025-11-20 07:49:00+00:00,33,1,42007130,4058.6,4059.5,4057.5,4057.9,174,MGCZ5
2025-11-20 07:50:00+00:00,33,1,42007130,4057.5,4060.4,4056.4,4059.8,327,MGCZ5
2025-11-20 07:51:00+00:00,33,1,42007130,4059.8,4059.9,4057.2,4058.1,283,MGCZ5
2025-11-20 07:52:00+00:00,33,1,42007130,4057.9,4058.1,4056.6,4057.2,126,MGCZ5
2025-11-20 07:53:00+00:00,33,1,42007130,4057.0,4059.2,4056.6,4059.2,148,MGCZ5
2025-11-20 07:54:00+00:00,33,1,42007130,4059.1,4060.2,4058.2,4059.4,230,MGCZ5
2025-11-20 07:55:00+00:00,33,1,42007130,4059.2,4059.3,4057.6,4057.7,201,MGCZ5
2025-11-20 07:56:00+00:00,33,1,42007130,4057.9,4059.7,4057.9,4058.9,110,MGCZ5
2025-11-20 07:57:00+00:00,33,1,42007130,4058.9,4059.7,4058.6,4059.0,150,MGCZ5
2025-11-20 07:58:00+00:00,33,1,42007130,4058.7,4060.0,4056.7,4058.7,301,MGCZ5
2025-11-20 07:59:00+00:00,33,1,42007130,4058.8,4059.4,4057.6,4058.8,131,MGCZ5
2025-11-20 08:00:00+00:00,33,1,42007130,4058.6,4062.2,4058.2,4061.0,644,MGCZ5
2025-11-20 08:01:00+00:00,33,1,42007130,4061.2,4061.6,4057.1,4057.3,298,MGCZ5
2025-11-20 08:02:00+00:00,33,1,42007130,4057.1,4058.2,4055.3,4055.3,263,MGCZ5
2025-11-20 08:03:00+00:00,33,1,42007130,4055.3,4055.7,4051.0,4051.9,724,MGCZ5
2025-11-20 08:04:00+00:00,33,1,42007130,4051.9,4052.4,4047.0,4047.0,915,MGCZ5
2025-11-20 08:05:00+00:00,33,1,42007130,4047.2,4053.4,4047.1,4053.1,752,MGCZ5
2025-11-20 08:06:00+00:00,33,1,42007130,4053.5,4053.9,4050.2,4051.2,513,MGCZ5
2025-11-20 08:07:00+00:00,33,1,42007130,4051.1,4053.0,4049.8,4051.5,290,MGCZ5
2025-11-20 08:08:00+00:00,33,1,42007130,4051.7,4052.5,4049.0,4049.9,322,MGCZ5
2025-11-20 08:09:00+00:00,33,1,42007130,4049.7,4051.4,4047.4,4048.3,459,MGCZ5
2025-11-20 08:10:00+00:00,33,1,42007130,4048.3,4049.5,4047.1,4048.6,378,MGCZ5
2025-11-20 08:11:00+00:00,33,1,42007130,4048.9,4050.2,4047.8,4048.6,350,MGCZ5
2025-11-20 08:12:00+00:00,33,1,42007130,4048.8,4048.9,4041.1,4043.0,1312,MGCZ5
2025-11-20 08:13:00+00:00,33,1,42007130,4043.2,4048.1,4043.2,4047.6,573,MGCZ5
2025-11-20 08:14:00+00:00,33,1,42007130,4048.0,4049.2,4045.3,4045.4,559,MGCZ5
2025-11-20 08:15:00+00:00,33,1,42007130,4045.3,4048.8,4044.2,4048.7,470,MGCZ5
2025-11-20 08:16:00+00:00,33,1,42007130,4048.7,4049.2,4046.2,4047.9,377,MGCZ5
2025-11-20 08:17:00+00:00,33,1,42007130,4048.1,4048.4,4045.2,4045.2,245,MGCZ5
2025-11-20 08:18:00+00:00,33,1,42007130,4045.2,4045.7,4044.0,4045.3,374,MGCZ5
2025-11-20 08:19:00+00:00,33,1,42007130,4045.5,4046.0,4041.3,4041.5,525,MGCZ5
2025-11-20 08:20:00+00:00,33,1,42007130,4041.8,4045.7,4039.6,4045.5,875,MGCZ5
2025-11-20 08:21:00+00:00,33,1,42007130,4045.3,4046.4,4042.2,4042.2,397,MGCZ5
2025-11-20 08:22:00+00:00,33,1,42007130,4042.3,4043.5,4038.8,4039.0,711,MGCZ5
2025-11-20 08:23:00+00:00,33,1,42007130,4039.1,4040.8,4037.5,4039.0,808,MGCZ5
2025-11-20 08:24:00+00:00,33,1,42007130,4038.8,4044.3,4038.3,4043.4,628,MGCZ5
2025-11-20 08:25:00+00:00,33,1,42007130,4043.6,4044.2,4040.9,4042.9,456,MGCZ5
2025-11-20 08:26:00+00:00,33,1,42007130,4042.9,4043.0,4039.7,4040.1,229,MGCZ5
2025-11-20 08:27:00+00:00,33,1,42007130,4040.1,4043.3,4040.1,4041.3,323,MGCZ5
2025-11-20 08:28:00+00:00,33,1,42007130,4041.3,4043.7,4041.0,4043.2,261,MGCZ5
2025-11-20 08:29:00+00:00,33,1,42007130,4043.1,4044.7,4041.7,4044.4,352,MGCZ5
2025-11-20 08:30:00+00:00,33,1,42007130,4044.7,4047.0,4042.5,4043.2,714,MGCZ5
2025-11-20 08:31:00+00:00,33,1,42007130,4043.1,4046.5,4042.3,4046.2,343,MGCZ5
2025-11-20 08:32:00+00:00,33,1,42007130,4046.1,4049.4,4046.0,4049.1,662,MGCZ5
2025-11-20 08:33:00+00:00,33,1,42007130,4049.3,4051.3,4046.8,4049.1,804,MGCZ5
2025-11-20 08:34:00+00:00,33,1,42007130,4049.2,4052.1,4049.2,4052.1,406,MGCZ5
2025-11-20 08:35:00+00:00,33,1,42007130,4052.2,4055.7,4051.6,4054.6,758,MGCZ5
2025-11-20 08:36:00+00:00,33,1,42007130,4054.7,4057.0,4054.4,4055.1,554,MGCZ5
2025-11-20 08:37:00+00:00,33,1,42007130,4055.2,4055.5,4051.7,4052.5,799,MGCZ5
2025-11-20 08:38:00+00:00,33,1,42007130,4052.6,4053.4,4050.4,4051.1,267,MGCZ5
2025-11-20 08:39:00+00:00,33,1,42007130,4051.2,4053.6,4050.9,4052.0,349,MGCZ5
2025-11-20 08:40:00+00:00,33,1,42007130,4051.9,4053.3,4050.1,4051.9,383,MGCZ5
2025-11-20 08:41:00+00:00,33,1,42007130,4052.0,4052.2,4048.8,4051.6,472,MGCZ5
2025-11-20 08:42:00+00:00,33,1,42007130,4051.6,4052.6,4049.6,4051.6,442,MGCZ5
2025-11-20 08:43:00+00:00,33,1,42007130,4051.6,4051.9,4049.9,4050.5,124,MGCZ5
2025-11-20 08:44:00+00:00,33,1,42007130,4050.7,4053.3,4049.7,4053.1,383,MGCZ5
2025-11-20 08:45:00+00:00,33,1,42007130,4053.3,4053.3,4050.5,4052.1,267,MGCZ5
2025-11-20 08:46:00+00:00,33,1,42007130,4051.7,4056.0,4051.5,4055.7,349,MGCZ5
2025-11-20 08:47:00+00:00,33,1,42007130,4055.4,4058.4,4054.0,4054.8,635,MGCZ5
2025-11-20 08:48:00+00:00,33,1,42007130,4054.9,4057.7,4054.9,4056.9,314,MGCZ5
2025-11-20 08:49:00+00:00,33,1,42007130,4057.0,4057.4,4054.2,4054.2,229,MGCZ5
2025-11-20 08:50:00+00:00,33,1,42007130,4054.2,4055.9,4053.5,4055.9,181,MGCZ5
2025-11-20 08:51:00+00:00,33,1,42007130,4056.0,4056.0,4052.9,4054.2,186,MGCZ5
2025-11-20 08:52:00+00:00,33,1,42007130,4054.2,4054.2,4051.6,4052.8,260,MGCZ5
2025-11-20 08:53:00+00:00,33,1,42007130,4052.6,4055.4,4052.1,4053.6,371,MGCZ5
2025-11-20 08:54:00+00:00,33,1,42007130,4053.6,4057.5,4053.5,4057.1,294,MGCZ5
2025-11-20 08:55:00+00:00,33,1,42007130,4057.3,4058.4,4055.3,4057.7,326,MGCZ5
2025-11-20 08:56:00+00:00,33,1,42007130,4057.6,4061.9,4057.0,4061.5,600,MGCZ5
2025-11-20 08:57:00+00:00,33,1,42007130,4061.3,4067.4,4060.9,4066.7,1078,MGCZ5
2025-11-20 08:58:00+00:00,33,1,42007130,4067.0,4068.6,4066.2,4067.7,586,MGCZ5
2025-11-20 08:59:00+00:00,33,1,42007130,4067.6,4067.8,4062.5,4062.6,554,MGCZ5
2025-11-20 09:00:00+00:00,33,1,42007130,4062.5,4064.8,4062.1,4064.3,620,MGCZ5
2025-11-20 09:01:00+00:00,33,1,42007130,4064.7,4067.8,4064.7,4067.3,489,MGCZ5
2025-11-20 09:02:00+00:00,33,1,42007130,4067.1,4070.2,4067.1,4069.8,463,MGCZ5
2025-11-20 09:03:00+00:00,33,1,42007130,4069.9,4069.9,4066.1,4066.7,479,MGCZ5
2025-11-20 09:04:00+00:00,33,1,42007130,4066.5,4068.7,4066.3,4067.8,335,MGCZ5
2025-11-20 09:05:00+00:00,33,1,42007130,4067.6,4068.4,4065.9,4066.9,278,MGCZ5
2025-11-20 09:06:00+00:00,33,1,42007130,4067.4,4068.4,4064.3,4065.8,339,MGCZ5
2025-11-20 09:07:00+00:00,33,1,42007130,4065.6,4068.1,4063.5,4067.0,411,MGCZ5
2025-11-20 09:08:00+00:00,33,1,42007130,4067.3,4067.3,4064.3,4064.8,278,MGCZ5
2025-11-20 09:09:00+00:00,33,1,42007130,4064.8,4065.6,4064.0,4065.2,161,MGCZ5
2025-11-20 09:10:00+00:00,33,1,42007130,4065.3,4067.0,4064.4,4065.2,212,MGCZ5
2025-11-20 09:11:00+00:00,33,1,42007130,4065.2,4067.8,4064.8,4067.8,242,MGCZ5
2025-11-20 09:12:00+00:00,33,1,42007130,4067.8,4071.6,4067.7,4069.4,777,MGCZ5
2025-11-20 09:13:00+00:00,33,1,42007130,4069.3,4069.4,4066.8,4067.8,222,MGCZ5
2025-11-20 09:14:00+00:00,33,1,42007130,4067.8,4068.2,4066.4,4067.4,295,MGCZ5
2025-11-20 09:15:00+00:00,33,1,42007130,4067.8,4069.2,4066.4,4068.2,184,MGCZ5
2025-11-20 09:16:00+00:00,33,1,42007130,4068.4,4070.4,4068.1,4068.3,308,MGCZ5
2025-11-20 09:17:00+00:00,33,1,42007130,4068.5,4069.8,4065.7,4066.9,389,MGCZ5
2025-11-20 09:18:00+00:00,33,1,42007130,4066.7,4067.2,4063.8,4063.8,370,MGCZ5
2025-11-20 09:19:00+00:00,33,1,42007130,4063.8,4063.9,4061.6,4062.2,396,MGCZ5
2025-11-20 09:20:00+00:00,33,1,42007130,4062.4,4066.3,4062.2,4065.3,483,MGCZ5
2025-11-20 09:21:00+00:00,33,1,42007130,4065.3,4067.0,4064.8,4066.8,165,MGCZ5
2025-11-20 09:22:00+00:00,33,1,42007130,4066.6,4067.5,4066.0,4066.8,164,MGCZ5
2025-11-20 09:23:00+00:00,33,1,42007130,4066.5,4066.8,4065.0,4065.7,143,MGCZ5
2025-11-20 09:24:00+00:00,33,1,42007130,4065.8,4065.8,4062.8,4062.8,187,MGCZ5
2025-11-20 09:25:00+00:00,33,1,42007130,4062.8,4063.8,4061.4,4062.1,353,MGCZ5
2025-11-20 09:26:00+00:00,33,1,42007130,4062.1,4064.3,4060.8,4062.2,314,MGCZ5
2025-11-20 09:27:00+00:00,33,1,42007130,4061.7,4061.7,4059.8,4061.1,331,MGCZ5
2025-11-20 09:28:00+00:00,33,1,42007130,4061.0,4061.8,4059.4,4060.7,315,MGCZ5
2025-11-20 09:29:00+00:00,33,1,42007130,4060.8,4060.9,4057.7,4058.3,413,MGCZ5
2025-11-20 09:30:00+00:00,33,1,42007130,4058.0,4060.1,4056.7,4059.3,719,MGCZ5
2025-11-20 09:31:00+00:00,33,1,42007130,4059.4,4059.9,4054.2,4055.1,617,MGCZ5
2025-11-20 09:32:00+00:00,33,1,42007130,4054.8,4057.3,4054.6,4056.8,257,MGCZ5
2025-11-20 09:33:00+00:00,33,1,42007130,4057.1,4059.7,4057.1,4059.3,301,MGCZ5
2025-11-20 09:34:00+00:00,33,1,42007130,4059.3,4060.4,4058.8,4059.6,153,MGCZ5
2025-11-20 09:35:00+00:00,33,1,42007130,4059.4,4062.3,4058.6,4062.3,467,MGCZ5
2025-11-20 09:36:00+00:00,33,1,42007130,4062.1,4063.3,4061.5,4062.8,333,MGCZ5
2025-11-20 09:37:00+00:00,33,1,42007130,4062.5,4065.8,4061.3,4063.9,710,MGCZ5
2025-11-20 09:38:00+00:00,33,1,42007130,4063.5,4063.5,4061.5,4062.2,295,MGCZ5
2025-11-20 09:39:00+00:00,33,1,42007130,4062.1,4063.8,4061.0,4063.5,252,MGCZ5
2025-11-20 09:40:00+00:00,33,1,42007130,4063.5,4064.1,4062.5,4062.8,196,MGCZ5
2025-11-20 09:41:00+00:00,33,1,42007130,4062.8,4064.2,4062.0,4063.2,148,MGCZ5
2025-11-20 09:42:00+00:00,33,1,42007130,4063.0,4064.8,4062.9,4064.2,77,MGCZ5
2025-11-20 09:43:00+00:00,33,1,42007130,4064.2,4066.2,4063.0,4065.5,243,MGCZ5
2025-11-20 09:44:00+00:00,33,1,42007130,4064.9,4065.4,4061.7,4062.1,437,MGCZ5
2025-11-20 09:45:00+00:00,33,1,42007130,4062.0,4062.5,4060.3,4062.2,199,MGCZ5
2025-11-20 09:46:00+00:00,33,1,42007130,4062.2,4063.8,4061.4,4062.5,168,MGCZ5
2025-11-20 09:47:00+00:00,33,1,42007130,4062.6,4062.7,4060.4,4061.1,203,MGCZ5
2025-11-20 09:48:00+00:00,33,1,42007130,4061.3,4061.7,4059.0,4059.7,237,MGCZ5
2025-11-20 09:49:00+00:00,33,1,42007130,4059.8,4061.0,4058.0,4060.4,555,MGCZ5
2025-11-20 09:50:00+00:00,33,1,42007130,4059.9,4063.3,4059.9,4062.9,291,MGCZ5
2025-11-20 09:51:00+00:00,33,1,42007130,4063.2,4064.3,4062.6,4063.5,273,MGCZ5
2025-11-20 09:52:00+00:00,33,1,42007130,4063.7,4067.0,4063.7,4066.6,431,MGCZ5
2025-11-20 09:53:00+00:00,33,1,42007130,4066.5,4067.7,4064.7,4065.7,215,MGCZ5
2025-11-20 09:54:00+00:00,33,1,42007130,4065.6,4066.0,4064.3,4066.0,149,MGCZ5
2025-11-20 09:55:00+00:00,33,1,42007130,4066.2,4067.5,4065.1,4065.1,192,MGCZ5
2025-11-20 09:56:00+00:00,33,1,42007130,4065.2,4065.7,4064.5,4065.0,61,MGCZ5
2025-11-20 09:57:00+00:00,33,1,42007130,4065.2,4065.5,4063.5,4064.4,190,MGCZ5
2025-11-20 09:58:00+00:00,33,1,42007130,4064.6,4064.9,4062.0,4062.9,169,MGCZ5
2025-11-20 09:59:00+00:00,33,1,42007130,4062.8,4063.4,4062.3,4062.5,81,MGCZ5
2025-11-20 10:00:00+00:00,33,1,42007130,4062.8,4063.4,4062.4,4063.4,96,MGCZ5
2025-11-20 10:01:00+00:00,33,1,42007130,4063.1,4063.4,4061.6,4062.6,150,MGCZ5
2025-11-20 10:02:00+00:00,33,1,42007130,4062.6,4064.8,4062.1,4063.6,210,MGCZ5
2025-11-20 10:03:00+00:00,33,1,42007130,4063.5,4065.9,4063.2,4065.9,300,MGCZ5
2025-11-20 10:04:00+00:00,33,1,42007130,4065.9,4066.7,4065.5,4066.2,109,MGCZ5
2025-11-20 10:05:00+00:00,33,1,42007130,4066.2,4066.6,4065.2,4065.3,88,MGCZ5
2025-11-20 10:06:00+00:00,33,1,42007130,4065.4,4066.3,4064.6,4066.3,190,MGCZ5
2025-11-20 10:07:00+00:00,33,1,42007130,4066.2,4066.3,4065.4,4065.6,72,MGCZ5
2025-11-20 10:08:00+00:00,33,1,42007130,4065.8,4065.9,4064.0,4064.6,118,MGCZ5
2025-11-20 10:09:00+00:00,33,1,42007130,4064.7,4066.7,4064.5,4065.4,112,MGCZ5
2025-11-20 10:10:00+00:00,33,1,42007130,4065.2,4065.3,4062.8,4063.0,255,MGCZ5
2025-11-20 10:11:00+00:00,33,1,42007130,4063.0,4063.3,4061.5,4061.8,346,MGCZ5
2025-11-20 10:12:00+00:00,33,1,42007130,4061.8,4061.9,4060.6,4061.6,166,MGCZ5
2025-11-20 10:13:00+00:00,33,1,42007130,4061.8,4061.8,4058.4,4058.4,317,MGCZ5
2025-11-20 10:14:00+00:00,33,1,42007130,4058.4,4061.8,4057.7,4058.6,420,MGCZ5
2025-11-20 10:15:00+00:00,33,1,42007130,4058.5,4060.7,4058.5,4060.0,324,MGCZ5
2025-11-20 10:16:00+00:00,33,1,42007130,4060.0,4062.5,4059.2,4061.8,197,MGCZ5
2025-11-20 10:17:00+00:00,33,1,42007130,4062.1,4062.8,4061.6,4062.1,132,MGCZ5
2025-11-20 10:18:00+00:00,33,1,42007130,4061.9,4062.2,4061.1,4061.6,97,MGCZ5
2025-11-20 10:19:00+00:00,33,1,42007130,4061.6,4061.6,4059.1,4059.4,119,MGCZ5
2025-11-20 10:20:00+00:00,33,1,42007130,4059.4,4061.8,4059.2,4061.8,106,MGCZ5
2025-11-20 10:21:00+00:00,33,1,42007130,4061.7,4061.7,4059.9,4060.6,183,MGCZ5
2025-11-20 10:22:00+00:00,33,1,42007130,4060.8,4060.8,4059.0,4059.0,85,MGCZ5
2025-11-20 10:23:00+00:00,33,1,42007130,4059.1,4060.6,4056.9,4060.0,344,MGCZ5
2025-11-20 10:24:00+00:00,33,1,42007130,4060.0,4061.0,4058.8,4061.0,82,MGCZ5
2025-11-20 10:25:00+00:00,33,1,42007130,4060.8,4062.6,4060.3,4061.7,235,MGCZ5
2025-11-20 10:26:00+00:00,33,1,42007130,4061.8,4062.3,4061.2,4062.3,112,MGCZ5
2025-11-20 10:27:00+00:00,33,1,42007130,4062.1,4062.3,4060.9,4061.8,88,MGCZ5
2025-11-20 10:28:00+00:00,33,1,42007130,4062.2,4063.1,4061.8,4062.6,97,MGCZ5
2025-11-20 10:29:00+00:00,33,1,42007130,4062.6,4063.1,4060.4,4060.5,196,MGCZ5
2025-11-20 10:30:00+00:00,33,1,42007130,4060.5,4062.9,4060.1,4062.6,89,MGCZ5
2025-11-20 10:31:00+00:00,33,1,42007130,4062.7,4063.0,4061.8,4062.5,102,MGCZ5
2025-11-20 10:32:00+00:00,33,1,42007130,4062.7,4064.2,4062.2,4063.8,209,MGCZ5
2025-11-20 10:33:00+00:00,33,1,42007130,4063.9,4065.7,4063.5,4065.7,228,MGCZ5
2025-11-20 10:34:00+00:00,33,1,42007130,4065.7,4066.0,4063.0,4063.9,237,MGCZ5
2025-11-20 10:35:00+00:00,33,1,42007130,4063.9,4065.1,4062.9,4063.8,181,MGCZ5
2025-11-20 10:36:00+00:00,33,1,42007130,4063.8,4064.2,4063.0,4063.6,101,MGCZ5
2025-11-20 10:37:00+00:00,33,1,42007130,4063.5,4063.5,4061.7,4061.7,154,MGCZ5
2025-11-20 10:38:00+00:00,33,1,42007130,4061.6,4062.9,4060.8,4061.4,154,MGCZ5
2025-11-20 10:39:00+00:00,33,1,42007130,4061.4,4062.7,4060.5,4062.7,110,MGCZ5
2025-11-20 10:40:00+00:00,33,1,42007130,4062.4,4062.5,4060.7,4061.1,103,MGCZ5
2025-11-20 10:41:00+00:00,33,1,42007130,4061.1,4063.4,4061.1,4063.4,93,MGCZ5
2025-11-20 10:42:00+00:00,33,1,42007130,4063.8,4064.9,4063.5,4064.6,114,MGCZ5
2025-11-20 10:43:00+00:00,33,1,42007130,4064.6,4064.8,4062.9,4063.1,101,MGCZ5
2025-11-20 10:44:00+00:00,33,1,42007130,4063.2,4063.3,4062.0,4062.4,76,MGCZ5
2025-11-20 10:45:00+00:00,33,1,42007130,4062.3,4062.6,4060.9,4061.8,124,MGCZ5
2025-11-20 10:46:00+00:00,33,1,42007130,4061.7,4062.4,4060.7,4061.6,73,MGCZ5
2025-11-20 10:47:00+00:00,33,1,42007130,4061.4,4062.8,4061.0,4062.4,103,MGCZ5
2025-11-20 10:48:00+00:00,33,1,42007130,4062.4,4062.6,4062.1,4062.6,42,MGCZ5
2025-11-20 10:49:00+00:00,33,1,42007130,4062.6,4063.9,4062.0,4062.1,125,MGCZ5
2025-11-20 10:50:00+00:00,33,1,42007130,4061.9,4061.9,4060.7,4061.3,98,MGCZ5
2025-11-20 10:51:00+00:00,33,1,42007130,4061.3,4062.6,4061.3,4062.6,67,MGCZ5
2025-11-20 10:52:00+00:00,33,1,42007130,4062.4,4062.6,4061.7,4061.9,56,MGCZ5
2025-11-20 10:53:00+00:00,33,1,42007130,4062.2,4062.6,4059.3,4060.9,267,MGCZ5
2025-11-20 10:54:00+00:00,33,1,42007130,4060.7,4061.1,4059.2,4059.3,124,MGCZ5
2025-11-20 10:55:00+00:00,33,1,42007130,4059.3,4060.5,4057.3,4057.7,354,MGCZ5
2025-11-20 10:56:00+00:00,33,1,42007130,4057.7,4061.0,4056.6,4059.2,438,MGCZ5
2025-11-20 10:57:00+00:00,33,1,42007130,4059.2,4060.2,4057.3,4059.2,264,MGCZ5
2025-11-20 10:58:00+00:00,33,1,42007130,4059.5,4060.2,4058.9,4059.8,103,MGCZ5
2025-11-20 10:59:00+00:00,33,1,42007130,4059.9,4060.3,4058.3,4058.5,92,MGCZ5
2025-11-20 11:00:00+00:00,33,1,42007130,4058.4,4059.7,4056.1,4059.6,347,MGCZ5
2025-11-20 11:01:00+00:00,33,1,42007130,4059.3,4060.1,4058.2,4059.2,139,MGCZ5
2025-11-20 11:02:00+00:00,33,1,42007130,4059.1,4060.0,4058.7,4059.2,99,MGCZ5
2025-11-20 11:03:00+00:00,33,1,42007130,4059.2,4059.4,4055.2,4055.5,290,MGCZ5
2025-11-20 11:04:00+00:00,33,1,42007130,4055.2,4055.3,4052.9,4054.1,331,MGCZ5
2025-11-20 11:05:00+00:00,33,1,42007130,4053.7,4055.9,4053.4,4055.0,263,MGCZ5
2025-11-20 11:06:00+00:00,33,1,42007130,4054.8,4055.0,4052.4,4054.8,420,MGCZ5
2025-11-20 11:07:00+00:00,33,1,42007130,4054.9,4057.0,4054.8,4056.7,244,MGCZ5
2025-11-20 11:08:00+00:00,33,1,42007130,4056.6,4057.0,4055.4,4055.6,146,MGCZ5
2025-11-20 11:09:00+00:00,33,1,42007130,4055.5,4055.6,4054.8,4054.9,115,MGCZ5
2025-11-20 11:10:00+00:00,33,1,42007130,4054.9,4055.4,4054.5,4055.0,118,MGCZ5
2025-11-20 11:11:00+00:00,33,1,42007130,4055.3,4057.2,4055.2,4056.9,118,MGCZ5
2025-11-20 11:12:00+00:00,33,1,42007130,4057.1,4057.9,4056.7,4057.5,132,MGCZ5
2025-11-20 11:13:00+00:00,33,1,42007130,4057.3,4057.4,4056.1,4056.2,88,MGCZ5
2025-11-20 11:14:00+00:00,33,1,42007130,4056.0,4056.1,4055.3,4055.9,107,MGCZ5
2025-11-20 11:15:00+00:00,33,1,42007130,4055.7,4055.8,4052.2,4052.4,369,MGCZ5
2025-11-20 11:16:00+00:00,33,1,42007130,4052.3,4053.0,4050.9,4052.5,387,MGCZ5
2025-11-20 11:17:00+00:00,33,1,42007130,4052.3,4052.8,4050.8,4051.2,172,MGCZ5
2025-11-20 11:18:00+00:00,33,1,42007130,4051.3,4051.7,4050.6,4051.3,235,MGCZ5
2025-11-20 11:19:00+00:00,33,1,42007130,4051.3,4053.8,4050.7,4052.2,326,MGCZ5
2025-11-20 11:20:00+00:00,33,1,42007130,4052.4,4053.6,4051.4,4051.7,120,MGCZ5
2025-11-20 11:21:00+00:00,33,1,42007130,4051.8,4051.9,4049.7,4049.8,368,MGCZ5
2025-11-20 11:22:00+00:00,33,1,42007130,4050.0,4052.1,4050.0,4052.1,192,MGCZ5
2025-11-20 11:23:00+00:00,33,1,42007130,4052.1,4053.0,4051.2,4053.0,158,MGCZ5
2025-11-20 11:24:00+00:00,33,1,42007130,4053.0,4053.8,4052.8,4053.0,177,MGCZ5
2025-11-20 11:25:00+00:00,33,1,42007130,4053.1,4053.2,4051.2,4051.5,141,MGCZ5
2025-11-20 11:26:00+00:00,33,1,42007130,4051.4,4053.1,4051.2,4051.8,161,MGCZ5
2025-11-20 11:27:00+00:00,33,1,42007130,4051.8,4053.2,4051.4,4052.4,181,MGCZ5
2025-11-20 11:28:00+00:00,33,1,42007130,4052.6,4054.9,4052.6,4054.6,207,MGCZ5
2025-11-20 11:29:00+00:00,33,1,42007130,4054.5,4055.2,4053.8,4055.1,161,MGCZ5
2025-11-20 11:30:00+00:00,33,1,42007130,4055.0,4055.0,4052.7,4054.0,228,MGCZ5
2025-11-20 11:31:00+00:00,33,1,42007130,4053.8,4055.6,4053.4,4055.3,188,MGCZ5
2025-11-20 11:32:00+00:00,33,1,42007130,4055.5,4055.8,4052.7,4054.5,292,MGCZ5
2025-11-20 11:33:00+00:00,33,1,42007130,4054.4,4055.0,4053.9,4054.5,76,MGCZ5
2025-11-20 11:34:00+00:00,33,1,42007130,4054.8,4056.0,4054.5,4055.8,100,MGCZ5
2025-11-20 11:35:00+00:00,33,1,42007130,4055.6,4056.4,4055.3,4055.9,116,MGCZ5
2025-11-20 11:36:00+00:00,33,1,42007130,4056.2,4057.8,4055.6,4057.6,216,MGCZ5
2025-11-20 11:37:00+00:00,33,1,42007130,4057.7,4057.9,4056.6,4057.6,147,MGCZ5
2025-11-20 11:38:00+00:00,33,1,42007130,4057.7,4058.9,4057.6,4058.4,206,MGCZ5
2025-11-20 11:39:00+00:00,33,1,42007130,4058.3,4060.4,4058.2,4058.5,309,MGCZ5
2025-11-20 11:40:00+00:00,33,1,42007130,4058.5,4060.9,4058.2,4060.5,394,MGCZ5
2025-11-20 11:41:00+00:00,33,1,42007130,4060.9,4063.4,4060.5,4062.5,565,MGCZ5
2025-11-20 11:42:00+00:00,33,1,42007130,4062.5,4065.8,4062.5,4064.2,587,MGCZ5
2025-11-20 11:43:00+00:00,33,1,42007130,4064.0,4066.4,4063.3,4066.1,355,MGCZ5
2025-11-20 11:44:00+00:00,33,1,42007130,4066.5,4066.9,4064.9,4065.1,291,MGCZ5
2025-11-20 11:45:00+00:00,33,1,42007130,4065.2,4065.2,4061.0,4062.2,496,MGCZ5
2025-11-20 11:46:00+00:00,33,1,42007130,4061.9,4061.9,4060.1,4060.5,237,MGCZ5
2025-11-20 11:47:00+00:00,33,1,42007130,4060.4,4060.5,4058.3,4059.0,324,MGCZ5
2025-11-20 11:48:00+00:00,33,1,42007130,4058.9,4060.7,4058.4,4058.6,198,MGCZ5
2025-11-20 11:49:00+00:00,33,1,42007130,4058.6,4059.6,4057.4,4057.4,382,MGCZ5
2025-11-20 11:50:00+00:00,33,1,42007130,4057.3,4058.2,4057.1,4057.3,223,MGCZ5
2025-11-20 11:51:00+00:00,33,1,42007130,4057.3,4057.3,4055.1,4056.3,332,MGCZ5
2025-11-20 11:52:00+00:00,33,1,42007130,4056.0,4057.6,4056.0,4057.4,159,MGCZ5
2025-11-20 11:53:00+00:00,33,1,42007130,4057.2,4058.3,4056.1,4056.9,215,MGCZ5
2025-11-20 11:54:00+00:00,33,1,42007130,4057.1,4059.2,4057.0,4058.6,242,MGCZ5
2025-11-20 11:55:00+00:00,33,1,42007130,4058.6,4058.9,4057.6,4058.8,130,MGCZ5
2025-11-20 11:56:00+00:00,33,1,42007130,4058.8,4060.2,4058.4,4060.2,155,MGCZ5
2025-11-20 11:57:00+00:00,33,1,42007130,4060.3,4060.4,4056.9,4056.9,170,MGCZ5
2025-11-20 11:58:00+00:00,33,1,42007130,4057.0,4059.6,4056.4,4059.3,207,MGCZ5
2025-11-20 11:59:00+00:00,33,1,42007130,4059.1,4060.0,4059.1,4059.6,108,MGCZ5
2025-11-20 12:00:00+00:00,33,1,42007130,4059.6,4060.4,4059.0,4059.5,173,MGCZ5
2025-11-20 12:01:00+00:00,33,1,42007130,4059.4,4060.9,4059.4,4060.7,146,MGCZ5
2025-11-20 12:02:00+00:00,33,1,42007130,4060.7,4062.0,4060.3,4061.5,151,MGCZ5
2025-11-20 12:03:00+00:00,33,1,42007130,4061.5,4064.0,4060.7,4063.5,394,MGCZ5
2025-11-20 12:04:00+00:00,33,1,42007130,4063.6,4063.8,4062.1,4062.5,180,MGCZ5
2025-11-20 12:05:00+00:00,33,1,42007130,4062.3,4062.9,4061.9,4062.8,212,MGCZ5
2025-11-20 12:06:00+00:00,33,1,42007130,4063.0,4065.5,4062.7,4065.0,245,MGCZ5
2025-11-20 12:07:00+00:00,33,1,42007130,4065.0,4066.3,4064.6,4066.0,357,MGCZ5
2025-11-20 12:08:00+00:00,33,1,42007130,4066.1,4068.2,4065.9,4067.9,291,MGCZ5
2025-11-20 12:09:00+00:00,33,1,42007130,4067.7,4068.4,4066.3,4067.2,312,MGCZ5
2025-11-20 12:10:00+00:00,33,1,42007130,4067.1,4068.8,4064.7,4068.7,779,MGCZ5
2025-11-20 12:11:00+00:00,33,1,42007130,4068.5,4073.0,4068.5,4071.7,871,MGCZ5
2025-11-20 12:12:00+00:00,33,1,42007130,4071.6,4073.9,4070.9,4071.1,430,MGCZ5
2025-11-20 12:13:00+00:00,33,1,42007130,4071.2,4071.5,4068.0,4068.4,356,MGCZ5
2025-11-20 12:14:00+00:00,33,1,42007130,4068.4,4071.4,4066.8,4071.4,429,MGCZ5
2025-11-20 12:15:00+00:00,33,1,42007130,4071.5,4072.0,4069.9,4070.7,279,MGCZ5
2025-11-20 12:16:00+00:00,33,1,42007130,4070.6,4070.8,4069.4,4070.5,209,MGCZ5
2025-11-20 12:17:00+00:00,33,1,42007130,4070.5,4070.6,4068.3,4069.0,179,MGCZ5
2025-11-20 12:18:00+00:00,33,1,42007130,4069.1,4074.9,4069.1,4074.1,580,MGCZ5
2025-11-20 12:19:00+00:00,33,1,42007130,4074.1,4077.2,4073.8,4076.3,743,MGCZ5
2025-11-20 12:20:00+00:00,33,1,42007130,4076.4,4078.3,4076.1,4077.6,476,MGCZ5
2025-11-20 12:21:00+00:00,33,1,42007130,4077.8,4078.2,4074.5,4074.9,363,MGCZ5
2025-11-20 12:22:00+00:00,33,1,42007130,4075.0,4075.0,4072.9,4072.9,290,MGCZ5
2025-11-20 12:23:00+00:00,33,1,42007130,4073.0,4073.1,4071.5,4071.7,224,MGCZ5
2025-11-20 12:24:00+00:00,33,1,42007130,4071.8,4073.1,4071.5,4072.0,171,MGCZ5
2025-11-20 12:25:00+00:00,33,1,42007130,4071.9,4073.3,4071.7,4073.0,196,MGCZ5
2025-11-20 12:26:00+00:00,33,1,42007130,4073.1,4073.7,4071.7,4072.1,192,MGCZ5
2025-11-20 12:27:00+00:00,33,1,42007130,4072.1,4073.0,4071.2,4072.0,182,MGCZ5
2025-11-20 12:28:00+00:00,33,1,42007130,4072.2,4073.1,4071.3,4072.8,252,MGCZ5
2025-11-20 12:29:00+00:00,33,1,42007130,4072.6,4073.4,4071.5,4072.4,174,MGCZ5
2025-11-20 12:30:00+00:00,33,1,42007130,4072.3,4074.8,4071.9,4073.9,242,MGCZ5
2025-11-20 12:31:00+00:00,33,1,42007130,4074.0,4074.5,4073.2,4073.8,144,MGCZ5
2025-11-20 12:32:00+00:00,33,1,42007130,4073.8,4076.9,4073.4,4076.4,319,MGCZ5
2025-11-20 12:33:00+00:00,33,1,42007130,4076.3,4077.8,4074.9,4076.4,517,MGCZ5
2025-11-20 12:34:00+00:00,33,1,42007130,4076.4,4078.9,4075.8,4076.7,433,MGCZ5
2025-11-20 12:35:00+00:00,33,1,42007130,4076.9,4077.5,4074.3,4074.6,249,MGCZ5
2025-11-20 12:36:00+00:00,33,1,42007130,4074.9,4075.3,4074.4,4074.6,132,MGCZ5
2025-11-20 12:37:00+00:00,33,1,42007130,4074.6,4074.6,4073.7,4074.0,99,MGCZ5
2025-11-20 12:38:00+00:00,33,1,42007130,4074.0,4076.0,4073.9,4075.1,201,MGCZ5
2025-11-20 12:39:00+00:00,33,1,42007130,4075.2,4075.3,4073.0,4073.5,187,MGCZ5
2025-11-20 12:40:00+00:00,33,1,42007130,4073.7,4074.4,4073.0,4073.9,167,MGCZ5
2025-11-20 12:41:00+00:00,33,1,42007130,4074.0,4075.8,4073.5,4074.5,145,MGCZ5
2025-11-20 12:42:00+00:00,33,1,42007130,4074.4,4077.7,4074.4,4076.8,357,MGCZ5
2025-11-20 12:43:00+00:00,33,1,42007130,4076.8,4077.0,4073.5,4074.2,198,MGCZ5
2025-11-20 12:44:00+00:00,33,1,42007130,4074.2,4076.2,4074.1,4075.9,174,MGCZ5
2025-11-20 12:45:00+00:00,33,1,42007130,4076.1,4076.6,4073.4,4075.6,213,MGCZ5
2025-11-20 12:46:00+00:00,33,1,42007130,4075.5,4077.1,4075.3,4076.7,157,MGCZ5
2025-11-20 12:47:00+00:00,33,1,42007130,4077.0,4077.5,4076.3,4076.5,97,MGCZ5
2025-11-20 12:48:00+00:00,33,1,42007130,4076.5,4077.3,4075.6,4075.7,185,MGCZ5
2025-11-20 12:49:00+00:00,33,1,42007130,4075.7,4078.3,4075.3,4077.7,204,MGCZ5
2025-11-20 12:50:00+00:00,33,1,42007130,4077.7,4080.4,4077.1,4079.7,637,MGCZ5
2025-11-20 12:51:00+00:00,33,1,42007130,4079.3,4080.3,4077.9,4079.1,464,MGCZ5
2025-11-20 12:52:00+00:00,33,1,42007130,4079.2,4079.8,4077.3,4079.0,310,MGCZ5
2025-11-20 12:53:00+00:00,33,1,42007130,4079.0,4080.0,4077.8,4079.5,191,MGCZ5
2025-11-20 12:54:00+00:00,33,1,42007130,4079.7,4080.0,4078.5,4078.7,154,MGCZ5
2025-11-20 12:55:00+00:00,33,1,42007130,4078.6,4078.7,4077.3,4077.7,195,MGCZ5
2025-11-20 12:56:00+00:00,33,1,42007130,4077.5,4079.1,4077.5,4078.5,158,MGCZ5
2025-11-20 12:57:00+00:00,33,1,42007130,4078.4,4078.5,4076.8,4078.3,184,MGCZ5
2025-11-20 12:58:00+00:00,33,1,42007130,4078.5,4079.4,4077.9,4077.9,147,MGCZ5
2025-11-20 12:59:00+00:00,33,1,42007130,4078.5,4081.7,4078.1,4081.4,474,MGCZ5
2025-11-20 13:00:00+00:00,33,1,42007130,4081.3,4084.3,4080.7,4083.5,1011,MGCZ5
2025-11-20 13:01:00+00:00,33,1,42007130,4083.7,4088.5,4083.6,4086.1,1333,MGCZ5
2025-11-20 13:02:00+00:00,33,1,42007130,4086.2,4088.2,4085.0,4087.1,674,MGCZ5
2025-11-20 13:03:00+00:00,33,1,42007130,4087.2,4088.2,4084.3,4084.7,499,MGCZ5
2025-11-20 13:04:00+00:00,33,1,42007130,4084.6,4088.4,4084.3,4087.2,398,MGCZ5
2025-11-20 13:05:00+00:00,33,1,42007130,4087.3,4089.7,4086.9,4088.3,832,MGCZ5
2025-11-20 13:06:00+00:00,33,1,42007130,4088.4,4094.0,4087.2,4092.4,1279,MGCZ5
2025-11-20 13:07:00+00:00,33,1,42007130,4092.5,4093.1,4089.2,4089.6,700,MGCZ5
2025-11-20 13:08:00+00:00,33,1,42007130,4089.3,4089.7,4085.7,4086.7,664,MGCZ5
2025-11-20 13:09:00+00:00,33,1,42007130,4086.6,4091.0,4086.6,4090.6,432,MGCZ5
2025-11-20 13:10:00+00:00,33,1,42007130,4090.6,4091.1,4087.1,4087.9,415,MGCZ5
2025-11-20 13:11:00+00:00,33,1,42007130,4087.6,4088.2,4085.1,4086.6,485,MGCZ5
2025-11-20 13:12:00+00:00,33,1,42007130,4086.7,4089.6,4086.2,4088.9,356,MGCZ5
2025-11-20 13:13:00+00:00,33,1,42007130,4088.8,4090.8,4088.7,4090.5,311,MGCZ5
2025-11-20 13:14:00+00:00,33,1,42007130,4090.5,4091.0,4088.3,4089.4,327,MGCZ5
2025-11-20 13:15:00+00:00,33,1,42007130,4089.6,4091.6,4088.9,4090.5,461,MGCZ5
2025-11-20 13:16:00+00:00,33,1,42007130,4090.7,4091.7,4088.9,4090.6,266,MGCZ5
2025-11-20 13:17:00+00:00,33,1,42007130,4090.4,4092.7,4089.5,4089.6,443,MGCZ5
2025-11-20 13:18:00+00:00,33,1,42007130,4089.6,4090.1,4087.1,4088.0,595,MGCZ5
2025-11-20 13:19:00+00:00,33,1,42007130,4087.6,4090.7,4087.2,4089.2,326,MGCZ5
2025-11-20 13:20:00+00:00,33,1,42007130,4089.4,4090.6,4087.2,4088.5,394,MGCZ5
2025-11-20 13:21:00+00:00,33,1,42007130,4088.3,4089.4,4085.5,4086.4,613,MGCZ5
2025-11-20 13:22:00+00:00,33,1,42007130,4086.4,4087.2,4084.0,4085.7,600,MGCZ5
2025-11-20 13:23:00+00:00,33,1,42007130,4085.4,4086.6,4082.8,4084.9,545,MGCZ5
2025-11-20 13:24:00+00:00,33,1,42007130,4085.3,4087.6,4084.9,4087.3,309,MGCZ5
2025-11-20 13:25:00+00:00,33,1,42007130,4087.3,4087.7,4085.7,4086.2,526,MGCZ5
2025-11-20 13:26:00+00:00,33,1,42007130,4086.3,4089.5,4085.1,4089.3,552,MGCZ5
2025-11-20 13:27:00+00:00,33,1,42007130,4089.4,4091.0,4087.6,4090.3,404,MGCZ5
2025-11-20 13:28:00+00:00,33,1,42007130,4089.9,4090.2,4085.3,4086.1,411,MGCZ5
2025-11-20 13:29:00+00:00,33,1,42007130,4086.0,4086.8,4084.4,4085.6,283,MGCZ5
2025-11-20 13:30:00+00:00,33,1,42007130,4085.9,4088.8,4066.1,4081.0,2589,MGCZ5
2025-11-20 13:31:00+00:00,33,1,42007130,4080.9,4087.9,4080.0,4082.3,1449,MGCZ5
2025-11-20 13:32:00+00:00,33,1,42007130,4082.0,4085.5,4080.0,4083.5,1157,MGCZ5
2025-11-20 13:33:00+00:00,33,1,42007130,4083.6,4087.0,4077.2,4077.7,1451,MGCZ5
2025-11-20 13:34:00+00:00,33,1,42007130,4078.1,4079.3,4072.4,4074.1,1698,MGCZ5
2025-11-20 13:35:00+00:00,33,1,42007130,4074.1,4081.7,4073.5,4081.2,1378,MGCZ5
2025-11-20 13:36:00+00:00,33,1,42007130,4081.0,4082.6,4078.1,4082.1,1000,MGCZ5
2025-11-20 13:37:00+00:00,33,1,42007130,4082.1,4089.8,4082.1,4088.8,1865,MGCZ5
2025-11-20 13:38:00+00:00,33,1,42007130,4088.2,4096.4,4087.9,4092.3,2010,MGCZ5
2025-11-20 13:39:00+00:00,33,1,42007130,4092.0,4094.3,4090.4,4092.5,1056,MGCZ5
2025-11-20 13:40:00+00:00,33,1,42007130,4092.8,4095.2,4088.7,4090.4,1103,MGCZ5
2025-11-20 13:41:00+00:00,33,1,42007130,4090.4,4090.4,4085.6,4086.1,888,MGCZ5
2025-11-20 13:42:00+00:00,33,1,42007130,4086.0,4089.7,4085.6,4089.5,745,MGCZ5
2025-11-20 13:43:00+00:00,33,1,42007130,4089.6,4092.3,4085.9,4086.2,826,MGCZ5
2025-11-20 13:44:00+00:00,33,1,42007130,4086.4,4086.7,4080.0,4080.4,1161,MGCZ5
2025-11-20 13:45:00+00:00,33,1,42007130,4080.3,4083.2,4078.9,4081.6,893,MGCZ5
2025-11-20 13:46:00+00:00,33,1,42007130,4081.6,4081.6,4075.1,4076.7,994,MGCZ5
2025-11-20 13:47:00+00:00,33,1,42007130,4077.1,4082.0,4076.2,4081.9,647,MGCZ5
2025-11-20 13:48:00+00:00,33,1,42007130,4081.8,4084.9,4080.4,4084.6,687,MGCZ5
2025-11-20 13:49:00+00:00,33,1,42007130,4084.9,4088.5,4084.5,4088.1,849,MGCZ5
2025-11-20 13:50:00+00:00,33,1,42007130,4088.4,4089.8,4084.5,4085.3,775,MGCZ5
2025-11-20 13:51:00+00:00,33,1,42007130,4085.3,4086.9,4081.9,4082.8,640,MGCZ5
2025-11-20 13:52:00+00:00,33,1,42007130,4082.7,4083.1,4079.8,4081.2,587,MGCZ5
2025-11-20 13:53:00+00:00,33,1,42007130,4081.2,4082.1,4079.5,4079.9,411,MGCZ5
2025-11-20 13:54:00+00:00,33,1,42007130,4079.9,4080.1,4077.0,4077.8,729,MGCZ5
2025-11-20 13:55:00+00:00,33,1,42007130,4077.8,4077.8,4072.9,4075.0,1130,MGCZ5
2025-11-20 13:56:00+00:00,33,1,42007130,4074.8,4075.7,4072.4,4074.7,878,MGCZ5
2025-11-20 13:57:00+00:00,33,1,42007130,4074.7,4080.4,4074.3,4078.9,720,MGCZ5
2025-11-20 13:58:00+00:00,33,1,42007130,4079.0,4082.4,4077.2,4082.0,660,MGCZ5
2025-11-20 13:59:00+00:00,33,1,42007130,4082.0,4083.3,4079.5,4079.8,624,MGCZ5
2025-11-20 14:00:00+00:00,33,1,42007130,4080.0,4082.6,4078.2,4079.8,839,MGCZ5
2025-11-20 14:01:00+00:00,33,1,42007130,4080.0,4083.1,4079.4,4081.7,438,MGCZ5
2025-11-20 14:02:00+00:00,33,1,42007130,4082.1,4082.6,4078.0,4078.8,437,MGCZ5
2025-11-20 14:03:00+00:00,33,1,42007130,4078.7,4080.1,4076.2,4077.4,474,MGCZ5
2025-11-20 14:04:00+00:00,33,1,42007130,4077.3,4077.9,4073.6,4075.5,701,MGCZ5
2025-11-20 14:05:00+00:00,33,1,42007130,4075.6,4076.3,4072.1,4073.7,743,MGCZ5
2025-11-20 14:06:00+00:00,33,1,42007130,4073.6,4077.0,4071.6,4076.7,628,MGCZ5
2025-11-20 14:07:00+00:00,33,1,42007130,4076.7,4078.1,4075.3,4076.6,468,MGCZ5
2025-11-20 14:08:00+00:00,33,1,42007130,4076.0,4077.5,4076.0,4077.3,262,MGCZ5
2025-11-20 14:09:00+00:00,33,1,42007130,4077.5,4078.9,4076.0,4076.2,398,MGCZ5
2025-11-20 14:10:00+00:00,33,1,42007130,4076.0,4076.9,4073.9,4076.8,505,MGCZ5
2025-11-20 14:11:00+00:00,33,1,42007130,4076.7,4082.5,4076.7,4081.2,892,MGCZ5
2025-11-20 14:12:00+00:00,33,1,42007130,4081.1,4081.2,4075.3,4075.7,652,MGCZ5
2025-11-20 14:13:00+00:00,33,1,42007130,4076.0,4078.3,4075.9,4077.2,406,MGCZ5
2025-11-20 14:14:00+00:00,33,1,42007130,4077.2,4079.7,4075.6,4078.1,392,MGCZ5
2025-11-20 14:15:00+00:00,33,1,42007130,4078.1,4083.3,4077.8,4081.6,666,MGCZ5
2025-11-20 14:16:00+00:00,33,1,42007130,4081.5,4084.4,4081.2,4082.7,630,MGCZ5
2025-11-20 14:17:00+00:00,33,1,42007130,4082.9,4085.7,4082.6,4084.9,523,MGCZ5
2025-11-20 14:18:00+00:00,33,1,42007130,4084.8,4087.6,4084.7,4085.7,820,MGCZ5
2025-11-20 14:19:00+00:00,33,1,42007130,4085.8,4088.0,4083.9,4087.9,511,MGCZ5
2025-11-20 14:20:00+00:00,33,1,42007130,4088.0,4088.1,4084.3,4084.5,490,MGCZ5
2025-11-20 14:21:00+00:00,33,1,42007130,4084.5,4086.7,4083.8,4084.7,407,MGCZ5
2025-11-20 14:22:00+00:00,33,1,42007130,4084.3,4085.6,4082.6,4085.0,395,MGCZ5
2025-11-20 14:23:00+00:00,33,1,42007130,4085.0,4085.0,4082.3,4082.3,237,MGCZ5
2025-11-20 14:24:00+00:00,33,1,42007130,4082.4,4084.3,4082.4,4083.9,266,MGCZ5
2025-11-20 14:25:00+00:00,33,1,42007130,4083.8,4085.2,4082.9,4084.0,308,MGCZ5
2025-11-20 14:26:00+00:00,33,1,42007130,4083.9,4084.4,4082.1,4082.4,222,MGCZ5
2025-11-20 14:27:00+00:00,33,1,42007130,4082.6,4083.7,4081.5,4082.3,292,MGCZ5
2025-11-20 14:28:00+00:00,33,1,42007130,4082.3,4085.0,4082.1,4082.3,334,MGCZ5
2025-11-20 14:29:00+00:00,33,1,42007130,4082.5,4082.5,4078.3,4079.4,762,MGCZ5
2025-11-20 14:30:00+00:00,33,1,42007130,4079.7,4079.9,4075.0,4078.2,1340,MGCZ5
2025-11-20 14:31:00+00:00,33,1,42007130,4078.2,4078.3,4073.7,4073.8,862,MGCZ5
2025-11-20 14:32:00+00:00,33,1,42007130,4073.9,4078.0,4073.2,4077.6,834,MGCZ5
2025-11-20 14:33:00+00:00,33,1,42007130,4077.7,4081.8,4073.4,4081.2,908,MGCZ5
2025-11-20 14:34:00+00:00,33,1,42007130,4081.5,4083.7,4077.1,4077.6,974,MGCZ5
2025-11-20 14:35:00+00:00,33,1,42007130,4077.6,4078.9,4076.2,4078.1,530,MGCZ5
2025-11-20 14:36:00+00:00,33,1,42007130,4078.3,4084.7,4075.3,4083.2,767,MGCZ5
2025-11-20 14:37:00+00:00,33,1,42007130,4083.4,4086.0,4081.1,4082.2,933,MGCZ5
2025-11-20 14:38:00+00:00,33,1,42007130,4082.0,4083.4,4080.3,4082.0,460,MGCZ5
2025-11-20 14:39:00+00:00,33,1,42007130,4081.8,4084.4,4081.2,4081.6,653,MGCZ5
2025-11-20 14:40:00+00:00,33,1,42007130,4081.9,4083.7,4077.4,4079.1,747,MGCZ5
2025-11-20 14:41:00+00:00,33,1,42007130,4079.1,4082.3,4078.3,4080.0,549,MGCZ5
2025-11-20 14:42:00+00:00,33,1,42007130,4079.9,4086.6,4079.9,4086.1,831,MGCZ5
2025-11-20 14:43:00+00:00,33,1,42007130,4086.0,4090.8,4086.0,4087.0,1565,MGCZ5
2025-11-20 14:44:00+00:00,33,1,42007130,4086.9,4088.8,4085.0,4088.6,823,MGCZ5
2025-11-20 14:45:00+00:00,33,1,42007130,4088.5,4090.8,4085.9,4089.4,608,MGCZ5
2025-11-20 14:46:00+00:00,33,1,42007130,4089.3,4094.1,4088.6,4091.9,1235,MGCZ5
2025-11-20 14:47:00+00:00,33,1,42007130,4092.2,4094.2,4090.1,4090.9,820,MGCZ5
2025-11-20 14:48:00+00:00,33,1,42007130,4091.2,4094.9,4090.7,4094.3,783,MGCZ5
2025-11-20 14:49:00+00:00,33,1,42007130,4094.3,4104.0,4094.2,4102.6,2447,MGCZ5
2025-11-20 14:50:00+00:00,33,1,42007130,4102.6,4106.7,4102.4,4105.2,1741,MGCZ5
2025-11-20 14:51:00+00:00,33,1,42007130,4105.1,4105.7,4101.5,4103.6,960,MGCZ5
2025-11-20 14:52:00+00:00,33,1,42007130,4103.5,4106.9,4103.0,4103.9,826,MGCZ5
2025-11-20 14:53:00+00:00,33,1,42007130,4104.0,4105.4,4102.3,4102.4,625,MGCZ5
2025-11-20 14:54:00+00:00,33,1,42007130,4102.3,4103.1,4099.4,4099.7,952,MGCZ5
2025-11-20 14:55:00+00:00,33,1,42007130,4099.6,4099.7,4093.0,4093.9,1418,MGCZ5
2025-11-20 14:56:00+00:00,33,1,42007130,4093.8,4097.1,4091.5,4096.8,1190,MGCZ5
2025-11-20 14:57:00+00:00,33,1,42007130,4096.8,4098.5,4093.2,4094.8,864,MGCZ5
2025-11-20 14:58:00+00:00,33,1,42007130,4094.5,4095.6,4091.9,4092.0,570,MGCZ5
2025-11-20 14:59:00+00:00,33,1,42007130,4092.1,4093.7,4089.4,4092.9,827,MGCZ5
2025-11-20 15:00:00+00:00,33,1,42007130,4092.6,4094.4,4088.6,4089.6,1555,MGCZ5
2025-11-20 15:01:00+00:00,33,1,42007130,4090.2,4094.4,4088.8,4094.0,679,MGCZ5
2025-11-20 15:02:00+00:00,33,1,42007130,4093.8,4094.2,4089.5,4091.2,663,MGCZ5
2025-11-20 15:03:00+00:00,33,1,42007130,4090.8,4096.5,4089.2,4093.2,850,MGCZ5
2025-11-20 15:04:00+00:00,33,1,42007130,4093.5,4096.8,4093.3,4094.1,648,MGCZ5
2025-11-20 15:05:00+00:00,33,1,42007130,4094.0,4095.6,4092.1,4095.1,475,MGCZ5
2025-11-20 15:06:00+00:00,33,1,42007130,4094.6,4095.0,4086.9,4087.7,1170,MGCZ5
2025-11-20 15:07:00+00:00,33,1,42007130,4087.7,4088.0,4083.3,4085.9,1115,MGCZ5
2025-11-20 15:08:00+00:00,33,1,42007130,4085.8,4087.3,4081.4,4084.5,949,MGCZ5
2025-11-20 15:09:00+00:00,33,1,42007130,4084.7,4088.3,4083.5,4088.0,625,MGCZ5
2025-11-20 15:10:00+00:00,33,1,42007130,4087.9,4090.1,4086.6,4088.4,594,MGCZ5
2025-11-20 15:11:00+00:00,33,1,42007130,4088.2,4093.7,4087.4,4092.9,945,MGCZ5
2025-11-20 15:12:00+00:00,33,1,42007130,4092.9,4093.6,4089.0,4089.3,589,MGCZ5
2025-11-20 15:13:00+00:00,33,1,42007130,4089.6,4090.8,4087.3,4090.8,445,MGCZ5
2025-11-20 15:14:00+00:00,33,1,42007130,4090.5,4092.5,4089.8,4091.9,418,MGCZ5
2025-11-20 15:15:00+00:00,33,1,42007130,4091.8,4094.5,4089.4,4094.2,614,MGCZ5
2025-11-20 15:16:00+00:00,33,1,42007130,4094.0,4096.5,4091.1,4093.2,997,MGCZ5
2025-11-20 15:17:00+00:00,33,1,42007130,4093.0,4094.8,4091.0,4091.2,388,MGCZ5
2025-11-20 15:18:00+00:00,33,1,42007130,4091.1,4094.4,4090.4,4092.3,483,MGCZ5
2025-11-20 15:19:00+00:00,33,1,42007130,4092.0,4094.1,4091.2,4091.4,326,MGCZ5
2025-11-20 15:20:00+00:00,33,1,42007130,4091.4,4091.4,4087.3,4088.7,678,MGCZ5
2025-11-20 15:21:00+00:00,33,1,42007130,4088.6,4089.4,4085.9,4087.2,555,MGCZ5
2025-11-20 15:22:00+00:00,33,1,42007130,4087.1,4088.0,4086.1,4086.8,315,MGCZ5
2025-11-20 15:23:00+00:00,33,1,42007130,4086.6,4091.2,4086.5,4090.9,378,MGCZ5
2025-11-20 15:24:00+00:00,33,1,42007130,4090.8,4093.6,4090.3,4093.6,422,MGCZ5
2025-11-20 15:25:00+00:00,33,1,42007130,4093.5,4094.1,4091.8,4092.8,499,MGCZ5
2025-11-20 15:26:00+00:00,33,1,42007130,4092.8,4097.8,4092.8,4097.5,741,MGCZ5
2025-11-20 15:27:00+00:00,33,1,42007130,4097.5,4098.3,4095.7,4097.8,789,MGCZ5
2025-11-20 15:28:00+00:00,33,1,42007130,4098.0,4098.4,4096.3,4097.3,446,MGCZ5
2025-11-20 15:29:00+00:00,33,1,42007130,4097.1,4097.1,4094.2,4094.7,592,MGCZ5
2025-11-20 15:30:00+00:00,33,1,42007130,4094.8,4095.7,4091.3,4091.5,763,MGCZ5
2025-11-20 15:31:00+00:00,33,1,42007130,4091.5,4093.1,4090.6,4091.3,475,MGCZ5
2025-11-20 15:32:00+00:00,33,1,42007130,4091.4,4091.9,4086.9,4087.6,865,MGCZ5
2025-11-20 15:33:00+00:00,33,1,42007130,4087.7,4087.7,4081.5,4083.5,1229,MGCZ5
2025-11-20 15:34:00+00:00,33,1,42007130,4083.4,4083.6,4077.1,4077.2,1257,MGCZ5
2025-11-20 15:35:00+00:00,33,1,42007130,4077.7,4081.3,4075.4,4078.4,1366,MGCZ5
2025-11-20 15:36:00+00:00,33,1,42007130,4078.7,4081.3,4077.2,4078.3,818,MGCZ5
2025-11-20 15:37:00+00:00,33,1,42007130,4078.4,4079.4,4073.7,4077.0,1012,MGCZ5
2025-11-20 15:38:00+00:00,33,1,42007130,4077.0,4081.1,4076.5,4077.2,611,MGCZ5
2025-11-20 15:39:00+00:00,33,1,42007130,4077.0,4082.3,4076.6,4080.9,545,MGCZ5
2025-11-20 15:40:00+00:00,33,1,42007130,4081.2,4086.3,4081.0,4085.9,1162,MGCZ5
2025-11-20 15:41:00+00:00,33,1,42007130,4086.2,4086.7,4080.8,4082.5,897,MGCZ5
2025-11-20 15:42:00+00:00,33,1,42007130,4082.7,4083.0,4080.1,4080.8,436,MGCZ5
2025-11-20 15:43:00+00:00,33,1,42007130,4080.5,4084.8,4080.5,4084.8,350,MGCZ5
2025-11-20 15:44:00+00:00,33,1,42007130,4084.8,4087.9,4084.8,4087.6,680,MGCZ5
2025-11-20 15:45:00+00:00,33,1,42007130,4087.8,4088.5,4084.4,4084.9,583,MGCZ5
2025-11-20 15:46:00+00:00,33,1,42007130,4085.1,4085.3,4082.1,4082.7,461,MGCZ5
2025-11-20 15:47:00+00:00,33,1,42007130,4082.8,4083.7,4080.9,4082.9,386,MGCZ5
2025-11-20 15:48:00+00:00,33,1,42007130,4082.8,4083.5,4077.6,4080.4,692,MGCZ5
2025-11-20 15:49:00+00:00,33,1,42007130,4080.5,4082.2,4080.4,4081.3,309,MGCZ5
2025-11-20 15:50:00+00:00,33,1,42007130,4081.5,4085.5,4081.3,4084.5,533,MGCZ5
2025-11-20 15:51:00+00:00,33,1,42007130,4084.5,4084.5,4081.5,4082.6,378,MGCZ5
2025-11-20 15:52:00+00:00,33,1,42007130,4082.7,4084.4,4081.8,4083.3,236,MGCZ5
2025-11-20 15:53:00+00:00,33,1,42007130,4083.3,4086.4,4082.9,4086.2,325,MGCZ5
2025-11-20 15:54:00+00:00,33,1,42007130,4086.0,4086.9,4084.1,4084.6,290,MGCZ5
2025-11-20 15:55:00+00:00,33,1,42007130,4084.5,4084.8,4081.3,4082.0,358,MGCZ5
2025-11-20 15:56:00+00:00,33,1,42007130,4082.0,4082.0,4078.3,4079.1,484,MGCZ5
2025-11-20 15:57:00+00:00,33,1,42007130,4078.7,4078.7,4075.8,4076.0,665,MGCZ5
2025-11-20 15:58:00+00:00,33,1,42007130,4076.1,4078.4,4074.6,4074.9,490,MGCZ5
2025-11-20 15:59:00+00:00,33,1,42007130,4075.0,4076.6,4068.7,4069.2,1385,MGCZ5
2025-11-20 16:00:00+00:00,33,1,42007130,4069.2,4073.5,4067.4,4072.4,1759,MGCZ5
2025-11-20 16:01:00+00:00,33,1,42007130,4072.9,4074.6,4070.5,4074.1,669,MGCZ5
2025-11-20 16:02:00+00:00,33,1,42007130,4074.1,4076.4,4071.4,4075.2,764,MGCZ5
2025-11-20 16:03:00+00:00,33,1,42007130,4075.2,4076.2,4073.1,4076.2,471,MGCZ5
2025-11-20 16:04:00+00:00,33,1,42007130,4076.1,4077.4,4074.1,4075.1,515,MGCZ5
2025-11-20 16:05:00+00:00,33,1,42007130,4075.0,4077.3,4071.9,4077.2,686,MGCZ5
2025-11-20 16:06:00+00:00,33,1,42007130,4077.3,4078.8,4076.9,4078.2,659,MGCZ5
2025-11-20 16:07:00+00:00,33,1,42007130,4078.2,4078.7,4074.5,4075.9,504,MGCZ5
2025-11-20 16:08:00+00:00,33,1,42007130,4075.6,4081.3,4075.0,4081.2,604,MGCZ5
2025-11-20 16:09:00+00:00,33,1,42007130,4081.1,4082.4,4079.7,4080.0,597,MGCZ5
2025-11-20 16:10:00+00:00,33,1,42007130,4079.9,4081.0,4078.6,4080.9,308,MGCZ5
2025-11-20 16:11:00+00:00,33,1,42007130,4080.7,4081.6,4078.6,4079.5,431,MGCZ5
2025-11-20 16:12:00+00:00,33,1,42007130,4079.4,4080.1,4075.1,4075.5,579,MGCZ5
2025-11-20 16:13:00+00:00,33,1,42007130,4075.6,4077.1,4074.9,4075.8,385,MGCZ5
2025-11-20 16:14:00+00:00,33,1,42007130,4075.3,4076.2,4072.3,4073.2,676,MGCZ5
2025-11-20 16:15:00+00:00,33,1,42007130,4073.1,4074.9,4071.1,4074.8,732,MGCZ5
2025-11-20 16:16:00+00:00,33,1,42007130,4074.7,4074.8,4072.6,4073.7,391,MGCZ5
2025-11-20 16:17:00+00:00,33,1,42007130,4073.8,4077.5,4072.3,4076.5,621,MGCZ5
2025-11-20 16:18:00+00:00,33,1,42007130,4076.3,4077.4,4071.4,4071.5,503,MGCZ5
2025-11-20 16:19:00+00:00,33,1,42007130,4071.5,4071.5,4068.4,4069.9,990,MGCZ5
2025-11-20 16:20:00+00:00,33,1,42007130,4070.0,4072.5,4069.6,4070.7,553,MGCZ5
2025-11-20 16:21:00+00:00,33,1,42007130,4070.4,4071.2,4068.0,4070.9,595,MGCZ5
2025-11-20 16:22:00+00:00,33,1,42007130,4070.9,4071.5,4064.3,4068.3,1260,MGCZ5
2025-11-20 16:23:00+00:00,33,1,42007130,4068.3,4071.0,4065.9,4069.8,603,MGCZ5
2025-11-20 16:24:00+00:00,33,1,42007130,4069.9,4070.5,4067.5,4069.3,436,MGCZ5
2025-11-20 16:25:00+00:00,33,1,42007130,4069.3,4070.1,4064.3,4068.7,1060,MGCZ5
2025-11-20 16:26:00+00:00,33,1,42007130,4068.8,4069.3,4061.3,4062.9,1117,MGCZ5
2025-11-20 16:27:00+00:00,33,1,42007130,4062.7,4069.1,4062.4,4067.6,712,MGCZ5
2025-11-20 16:28:00+00:00,33,1,42007130,4067.5,4069.0,4066.3,4066.8,529,MGCZ5
2025-11-20 16:29:00+00:00,33,1,42007130,4066.6,4066.6,4063.0,4063.1,578,MGCZ5
2025-11-20 16:30:00+00:00,33,1,42007130,4062.8,4066.3,4062.3,4064.7,575,MGCZ5
2025-11-20 16:31:00+00:00,33,1,42007130,4064.4,4064.5,4058.0,4058.8,1188,MGCZ5
2025-11-20 16:32:00+00:00,33,1,42007130,4058.9,4063.0,4058.4,4061.6,664,MGCZ5
2025-11-20 16:33:00+00:00,33,1,42007130,4061.3,4063.6,4061.0,4063.0,595,MGCZ5
2025-11-20 16:34:00+00:00,33,1,42007130,4063.0,4065.0,4061.0,4064.8,499,MGCZ5
2025-11-20 16:35:00+00:00,33,1,42007130,4064.7,4067.1,4064.0,4064.8,709,MGCZ5
2025-11-20 16:36:00+00:00,33,1,42007130,4065.0,4065.0,4060.7,4062.5,444,MGCZ5
2025-11-20 16:37:00+00:00,33,1,42007130,4062.5,4064.5,4061.2,4063.3,388,MGCZ5
2025-11-20 16:38:00+00:00,33,1,42007130,4063.3,4064.0,4059.8,4060.9,413,MGCZ5
2025-11-20 16:39:00+00:00,33,1,42007130,4061.0,4063.9,4061.0,4061.6,500,MGCZ5
2025-11-20 16:40:00+00:00,33,1,42007130,4061.6,4062.6,4058.1,4061.0,695,MGCZ5
2025-11-20 16:41:00+00:00,33,1,42007130,4060.9,4062.5,4055.9,4060.0,681,MGCZ5
2025-11-20 16:42:00+00:00,33,1,42007130,4060.0,4060.0,4056.5,4057.8,544,MGCZ5
2025-11-20 16:43:00+00:00,33,1,42007130,4057.6,4061.2,4057.2,4060.9,436,MGCZ5
2025-11-20 16:44:00+00:00,33,1,42007130,4061.1,4061.1,4056.1,4057.8,462,MGCZ5
2025-11-20 16:45:00+00:00,33,1,42007130,4057.7,4064.1,4056.1,4063.8,892,MGCZ5
2025-11-20 16:46:00+00:00,33,1,42007130,4063.6,4065.5,4059.4,4061.1,638,MGCZ5
2025-11-20 16:47:00+00:00,33,1,42007130,4061.0,4063.4,4059.5,4062.6,374,MGCZ5
2025-11-20 16:48:00+00:00,33,1,42007130,4062.4,4066.0,4062.2,4064.3,649,MGCZ5
2025-11-20 16:49:00+00:00,33,1,42007130,4064.1,4065.5,4059.8,4060.4,523,MGCZ5
2025-11-20 16:50:00+00:00,33,1,42007130,4059.9,4063.6,4059.5,4062.1,383,MGCZ5
2025-11-20 16:51:00+00:00,33,1,42007130,4061.9,4065.5,4060.6,4065.0,374,MGCZ5
2025-11-20 16:52:00+00:00,33,1,42007130,4064.8,4065.7,4061.4,4061.9,419,MGCZ5
2025-11-20 16:53:00+00:00,33,1,42007130,4061.7,4064.2,4058.7,4059.2,466,MGCZ5
2025-11-20 16:54:00+00:00,33,1,42007130,4059.0,4059.5,4053.8,4054.5,1132,MGCZ5
2025-11-20 16:55:00+00:00,33,1,42007130,4054.5,4055.1,4052.3,4053.0,927,MGCZ5
2025-11-20 16:56:00+00:00,33,1,42007130,4053.1,4054.7,4051.0,4054.0,788,MGCZ5
2025-11-20 16:57:00+00:00,33,1,42007130,4054.0,4054.4,4049.6,4050.4,776,MGCZ5
2025-11-20 16:58:00+00:00,33,1,42007130,4050.4,4052.1,4047.4,4047.7,1136,MGCZ5
2025-11-20 16:59:00+00:00,33,1,42007130,4047.6,4050.2,4043.4,4047.6,1455,MGCZ5
2025-11-20 17:00:00+00:00,33,1,42007130,4047.3,4053.2,4043.6,4050.2,1205,MGCZ5
2025-11-20 17:01:00+00:00,33,1,42007130,4050.0,4050.7,4046.6,4049.0,560,MGCZ5
2025-11-20 17:02:00+00:00,33,1,42007130,4048.8,4049.4,4044.7,4047.9,596,MGCZ5
2025-11-20 17:03:00+00:00,33,1,42007130,4047.8,4050.0,4047.5,4049.2,401,MGCZ5
2025-11-20 17:04:00+00:00,33,1,42007130,4049.4,4051.9,4047.6,4049.8,567,MGCZ5
2025-11-20 17:05:00+00:00,33,1,42007130,4049.6,4050.9,4044.7,4045.0,589,MGCZ5
2025-11-20 17:06:00+00:00,33,1,42007130,4045.0,4047.4,4044.4,4046.8,421,MGCZ5
2025-11-20 17:07:00+00:00,33,1,42007130,4046.9,4047.6,4042.7,4044.8,660,MGCZ5
2025-11-20 17:08:00+00:00,33,1,42007130,4045.0,4048.9,4043.5,4047.8,553,MGCZ5
2025-11-20 17:09:00+00:00,33,1,42007130,4047.7,4051.1,4047.3,4050.4,382,MGCZ5
2025-11-20 17:10:00+00:00,33,1,42007130,4050.2,4051.5,4048.0,4050.9,598,MGCZ5
2025-11-20 17:11:00+00:00,33,1,42007130,4050.9,4051.7,4046.9,4047.9,488,MGCZ5
2025-11-20 17:12:00+00:00,33,1,42007130,4048.0,4048.8,4045.1,4047.7,589,MGCZ5
2025-11-20 17:13:00+00:00,33,1,42007130,4047.8,4049.6,4046.9,4047.9,273,MGCZ5
2025-11-20 17:14:00+00:00,33,1,42007130,4047.9,4054.2,4047.9,4051.9,780,MGCZ5
2025-11-20 17:15:00+00:00,33,1,42007130,4051.5,4054.4,4049.5,4054.2,521,MGCZ5
2025-11-20 17:16:00+00:00,33,1,42007130,4054.0,4054.6,4050.5,4051.1,643,MGCZ5
2025-11-20 17:17:00+00:00,33,1,42007130,4051.3,4055.9,4049.2,4055.4,748,MGCZ5
2025-11-20 17:18:00+00:00,33,1,42007130,4055.1,4056.3,4052.4,4053.9,635,MGCZ5
2025-11-20 17:19:00+00:00,33,1,42007130,4053.9,4057.0,4053.7,4053.8,523,MGCZ5
2025-11-20 17:20:00+00:00,33,1,42007130,4053.9,4054.1,4050.2,4051.5,676,MGCZ5
2025-11-20 17:21:00+00:00,33,1,42007130,4051.4,4058.9,4050.7,4058.5,744,MGCZ5
2025-11-20 17:22:00+00:00,33,1,42007130,4058.7,4060.4,4055.4,4057.8,705,MGCZ5
2025-11-20 17:23:00+00:00,33,1,42007130,4057.7,4059.6,4056.9,4058.7,498,MGCZ5
2025-11-20 17:24:00+00:00,33,1,42007130,4058.7,4060.4,4058.0,4058.4,439,MGCZ5
2025-11-20 17:25:00+00:00,33,1,42007130,4058.0,4058.4,4052.8,4054.2,766,MGCZ5
2025-11-20 17:26:00+00:00,33,1,42007130,4054.3,4057.7,4053.3,4057.7,424,MGCZ5
2025-11-20 17:27:00+00:00,33,1,42007130,4057.7,4059.3,4055.2,4056.1,408,MGCZ5
2025-11-20 17:28:00+00:00,33,1,42007130,4055.9,4058.1,4055.2,4057.3,344,MGCZ5
2025-11-20 17:29:00+00:00,33,1,42007130,4057.1,4057.4,4054.9,4055.2,383,MGCZ5
2025-11-20 17:30:00+00:00,33,1,42007130,4055.2,4059.3,4055.0,4058.5,561,MGCZ5
2025-11-20 17:31:00+00:00,33,1,42007130,4058.6,4059.0,4054.5,4054.9,528,MGCZ5
2025-11-20 17:32:00+00:00,33,1,42007130,4054.8,4056.6,4053.4,4054.3,449,MGCZ5
2025-11-20 17:33:00+00:00,33,1,42007130,4054.2,4054.5,4051.8,4052.4,510,MGCZ5
2025-11-20 17:34:00+00:00,33,1,42007130,4052.4,4052.8,4049.9,4051.3,514,MGCZ5
2025-11-20 17:35:00+00:00,33,1,42007130,4051.5,4051.7,4048.6,4050.1,575,MGCZ5
2025-11-20 17:36:00+00:00,33,1,42007130,4050.1,4050.2,4048.4,4049.5,248,MGCZ5
2025-11-20 17:37:00+00:00,33,1,42007130,4049.6,4052.2,4048.8,4051.6,376,MGCZ5
2025-11-20 17:38:00+00:00,33,1,42007130,4051.4,4055.7,4049.5,4055.4,497,MGCZ5
2025-11-20 17:39:00+00:00,33,1,42007130,4055.4,4056.6,4054.3,4056.2,360,MGCZ5
2025-11-20 17:40:00+00:00,33,1,42007130,4056.2,4057.0,4053.6,4056.3,480,MGCZ5
2025-11-20 17:41:00+00:00,33,1,42007130,4056.1,4058.6,4056.0,4056.7,405,MGCZ5
2025-11-20 17:42:00+00:00,33,1,42007130,4056.8,4057.2,4053.1,4053.6,380,MGCZ5
2025-11-20 17:43:00+00:00,33,1,42007130,4053.8,4054.3,4050.5,4050.8,359,MGCZ5
2025-11-20 17:44:00+00:00,33,1,42007130,4050.9,4052.0,4049.5,4051.4,346,MGCZ5
2025-11-20 17:45:00+00:00,33,1,42007130,4051.5,4054.7,4050.5,4054.4,328,MGCZ5
2025-11-20 17:46:00+00:00,33,1,42007130,4054.4,4054.6,4051.6,4053.7,252,MGCZ5
2025-11-20 17:47:00+00:00,33,1,42007130,4054.0,4058.8,4053.9,4058.6,409,MGCZ5
2025-11-20 17:48:00+00:00,33,1,42007130,4058.6,4059.8,4056.8,4058.8,478,MGCZ5
2025-11-20 17:49:00+00:00,33,1,42007130,4059.1,4060.0,4057.3,4057.7,408,MGCZ5
2025-11-20 17:50:00+00:00,33,1,42007130,4057.9,4058.8,4055.1,4057.5,504,MGCZ5
2025-11-20 17:51:00+00:00,33,1,42007130,4057.2,4057.4,4054.7,4057.0,373,MGCZ5
2025-11-20 17:52:00+00:00,33,1,42007130,4057.2,4061.2,4057.2,4060.7,686,MGCZ5
2025-11-20 17:53:00+00:00,33,1,42007130,4060.8,4062.3,4058.4,4059.9,543,MGCZ5
2025-11-20 17:54:00+00:00,33,1,42007130,4060.0,4061.8,4059.8,4060.6,327,MGCZ5
2025-11-20 17:55:00+00:00,33,1,42007130,4060.4,4066.0,4060.3,4065.1,728,MGCZ5
2025-11-20 17:56:00+00:00,33,1,42007130,4065.2,4067.4,4063.7,4064.3,581,MGCZ5
2025-11-20 17:57:00+00:00,33,1,42007130,4064.4,4065.3,4062.2,4063.1,376,MGCZ5
2025-11-20 17:58:00+00:00,33,1,42007130,4063.0,4066.6,4062.8,4065.3,393,MGCZ5
2025-11-20 17:59:00+00:00,33,1,42007130,4065.3,4066.6,4064.4,4065.0,353,MGCZ5
2025-11-20 18:00:00+00:00,33,1,42007130,4064.7,4065.8,4063.7,4065.2,388,MGCZ5
2025-11-20 18:01:00+00:00,33,1,42007130,4065.1,4066.7,4064.8,4065.9,182,MGCZ5
2025-11-20 18:02:00+00:00,33,1,42007130,4065.6,4068.6,4064.9,4066.4,432,MGCZ5
2025-11-20 18:03:00+00:00,33,1,42007130,4066.7,4067.3,4065.4,4066.9,219,MGCZ5
2025-11-20 18:04:00+00:00,33,1,42007130,4066.6,4068.5,4066.2,4067.7,373,MGCZ5
2025-11-20 18:05:00+00:00,33,1,42007130,4067.7,4070.3,4066.9,4070.3,472,MGCZ5
2025-11-20 18:06:00+00:00,33,1,42007130,4070.3,4071.7,4068.2,4068.2,492,MGCZ5
2025-11-20 18:07:00+00:00,33,1,42007130,4068.1,4069.5,4065.7,4066.7,365,MGCZ5
2025-11-20 18:08:00+00:00,33,1,42007130,4066.6,4069.0,4066.2,4068.4,321,MGCZ5
2025-11-20 18:09:00+00:00,33,1,42007130,4068.0,4068.8,4065.2,4065.2,438,MGCZ5
2025-11-20 18:10:00+00:00,33,1,42007130,4065.3,4065.9,4063.3,4065.0,507,MGCZ5
2025-11-20 18:11:00+00:00,33,1,42007130,4064.9,4067.9,4064.9,4067.1,254,MGCZ5
2025-11-20 18:12:00+00:00,33,1,42007130,4067.3,4070.3,4067.3,4069.0,350,MGCZ5
2025-11-20 18:13:00+00:00,33,1,42007130,4069.1,4070.1,4068.3,4069.1,249,MGCZ5
2025-11-20 18:14:00+00:00,33,1,42007130,4069.2,4069.5,4065.5,4065.8,415,MGCZ5
2025-11-20 18:15:00+00:00,33,1,42007130,4065.8,4066.5,4061.9,4062.4,498,MGCZ5
2025-11-20 18:16:00+00:00,33,1,42007130,4062.3,4062.7,4060.4,4061.4,385,MGCZ5
2025-11-20 18:17:00+00:00,33,1,42007130,4061.3,4062.5,4060.3,4061.7,269,MGCZ5
2025-11-20 18:18:00+00:00,33,1,42007130,4061.9,4062.4,4060.1,4061.4,295,MGCZ5
2025-11-20 18:19:00+00:00,33,1,42007130,4061.2,4062.4,4060.3,4061.1,237,MGCZ5
2025-11-20 18:20:00+00:00,33,1,42007130,4061.0,4061.5,4059.6,4060.4,376,MGCZ5
2025-11-20 18:21:00+00:00,33,1,42007130,4060.4,4063.1,4059.0,4059.8,453,MGCZ5
2025-11-20 18:22:00+00:00,33,1,42007130,4059.8,4060.1,4056.8,4057.4,419,MGCZ5
2025-11-20 18:23:00+00:00,33,1,42007130,4057.4,4060.5,4056.9,4060.2,365,MGCZ5
2025-11-20 18:24:00+00:00,33,1,42007130,4060.2,4061.0,4058.0,4058.4,276,MGCZ5
2025-11-20 18:25:00+00:00,33,1,42007130,4058.7,4059.1,4056.6,4058.7,329,MGCZ5
2025-11-20 18:26:00+00:00,33,1,42007130,4058.5,4059.1,4057.1,4057.6,219,MGCZ5
2025-11-20 18:27:00+00:00,33,1,42007130,4057.3,4058.8,4055.5,4057.5,434,MGCZ5
2025-11-20 18:28:00+00:00,33,1,42007130,4057.1,4058.0,4056.3,4057.3,356,MGCZ5
2025-11-20 18:29:00+00:00,33,1,42007130,4057.2,4061.3,4057.2,4059.7,532,MGCZ5
2025-11-20 18:30:00+00:00,33,1,42007130,4059.5,4060.7,4058.0,4060.0,326,MGCZ5
2025-11-20 18:31:00+00:00,33,1,42007130,4059.7,4061.8,4059.3,4060.6,340,MGCZ5
2025-11-20 18:32:00+00:00,33,1,42007130,4060.6,4062.8,4059.6,4060.4,345,MGCZ5
2025-11-20 18:33:00+00:00,33,1,42007130,4060.5,4060.8,4056.6,4057.6,350,MGCZ5
2025-11-20 18:34:00+00:00,33,1,42007130,4057.9,4063.5,4057.1,4063.1,342,MGCZ5
2025-11-20 18:35:00+00:00,33,1,42007130,4063.1,4063.9,4061.4,4062.6,312,MGCZ5
2025-11-20 18:36:00+00:00,33,1,42007130,4062.5,4066.5,4062.3,4066.1,487,MGCZ5
2025-11-20 18:37:00+00:00,33,1,42007130,4066.1,4066.5,4062.9,4063.6,503,MGCZ5
2025-11-20 18:38:00+00:00,33,1,42007130,4063.8,4064.8,4063.1,4064.3,151,MGCZ5
2025-11-20 18:39:00+00:00,33,1,42007130,4064.7,4066.5,4064.6,4065.2,206,MGCZ5
2025-11-20 18:40:00+00:00,33,1,42007130,4065.1,4065.5,4062.5,4062.7,213,MGCZ5
2025-11-20 18:41:00+00:00,33,1,42007130,4062.6,4063.3,4061.7,4063.1,195,MGCZ5
2025-11-20 18:42:00+00:00,33,1,42007130,4062.8,4064.4,4061.5,4061.7,186,MGCZ5
2025-11-20 18:43:00+00:00,33,1,42007130,4061.6,4062.2,4059.8,4060.0,371,MGCZ5
2025-11-20 18:44:00+00:00,33,1,42007130,4059.8,4060.8,4058.8,4060.2,297,MGCZ5
2025-11-20 18:45:00+00:00,33,1,42007130,4060.3,4060.3,4055.9,4056.7,372,MGCZ5
2025-11-20 18:46:00+00:00,33,1,42007130,4056.5,4058.6,4056.1,4056.9,343,MGCZ5
2025-11-20 18:47:00+00:00,33,1,42007130,4057.1,4059.0,4057.1,4058.8,274,MGCZ5
2025-11-20 18:48:00+00:00,33,1,42007130,4058.5,4059.3,4057.1,4057.3,222,MGCZ5
2025-11-20 18:49:00+00:00,33,1,42007130,4057.3,4059.5,4056.6,4059.5,200,MGCZ5
2025-11-20 18:50:00+00:00,33,1,42007130,4059.5,4059.6,4057.4,4057.4,285,MGCZ5
2025-11-20 18:51:00+00:00,33,1,42007130,4057.3,4059.2,4057.2,4058.4,291,MGCZ5
2025-11-20 18:52:00+00:00,33,1,42007130,4058.7,4059.5,4058.3,4058.7,120,MGCZ5
2025-11-20 18:53:00+00:00,33,1,42007130,4059.1,4060.0,4057.3,4057.4,195,MGCZ5
2025-11-20 18:54:00+00:00,33,1,42007130,4057.3,4059.3,4057.3,4059.2,154,MGCZ5
2025-11-20 18:55:00+00:00,33,1,42007130,4059.3,4059.3,4057.6,4058.9,218,MGCZ5
2025-11-20 18:56:00+00:00,33,1,42007130,4059.2,4060.3,4058.6,4058.6,309,MGCZ5
2025-11-20 18:57:00+00:00,33,1,42007130,4058.8,4059.2,4057.2,4058.1,220,MGCZ5
2025-11-20 18:58:00+00:00,33,1,42007130,4057.6,4061.6,4057.6,4061.0,336,MGCZ5
2025-11-20 18:59:00+00:00,33,1,42007130,4061.2,4062.9,4059.8,4059.9,284,MGCZ5
2025-11-20 19:00:00+00:00,33,1,42007130,4059.9,4062.6,4058.5,4062.1,367,MGCZ5
2025-11-20 19:01:00+00:00,33,1,42007130,4061.9,4063.6,4061.1,4061.4,304,MGCZ5
2025-11-20 19:02:00+00:00,33,1,42007130,4061.2,4063.4,4060.2,4061.0,290,MGCZ5
2025-11-20 19:03:00+00:00,33,1,42007130,4061.0,4061.1,4059.0,4059.8,244,MGCZ5
2025-11-20 19:04:00+00:00,33,1,42007130,4059.6,4060.9,4059.2,4060.2,150,MGCZ5
2025-11-20 19:05:00+00:00,33,1,42007130,4059.9,4062.2,4059.5,4062.2,179,MGCZ5
2025-11-20 19:06:00+00:00,33,1,42007130,4062.0,4062.0,4060.3,4061.0,120,MGCZ5
2025-11-20 19:07:00+00:00,33,1,42007130,4060.6,4060.7,4060.0,4060.3,148,MGCZ5
2025-11-20 19:08:00+00:00,33,1,42007130,4060.5,4061.8,4059.8,4061.1,143,MGCZ5
2025-11-20 19:09:00+00:00,33,1,42007130,4061.5,4064.2,4061.0,4063.7,236,MGCZ5
2025-11-20 19:10:00+00:00,33,1,42007130,4063.5,4065.9,4063.5,4065.8,263,MGCZ5
2025-11-20 19:11:00+00:00,33,1,42007130,4066.0,4067.6,4064.7,4065.4,397,MGCZ5
2025-11-20 19:12:00+00:00,33,1,42007130,4065.5,4065.9,4063.4,4065.6,285,MGCZ5
2025-11-20 19:13:00+00:00,33,1,42007130,4065.6,4067.6,4065.4,4066.6,317,MGCZ5
2025-11-20 19:14:00+00:00,33,1,42007130,4066.7,4069.1,4065.7,4068.5,231,MGCZ5
2025-11-20 19:15:00+00:00,33,1,42007130,4068.7,4069.3,4065.6,4067.6,311,MGCZ5
2025-11-20 19:16:00+00:00,33,1,42007130,4067.7,4069.7,4067.1,4069.5,286,MGCZ5
2025-11-20 19:17:00+00:00,33,1,42007130,4069.7,4072.3,4069.3,4072.0,456,MGCZ5
2025-11-20 19:18:00+00:00,33,1,42007130,4072.1,4073.6,4071.5,4072.0,507,MGCZ5
2025-11-20 19:19:00+00:00,33,1,42007130,4072.1,4073.0,4070.8,4072.8,378,MGCZ5
2025-11-20 19:20:00+00:00,33,1,42007130,4072.4,4077.3,4072.4,4077.0,593,MGCZ5
2025-11-20 19:21:00+00:00,33,1,42007130,4077.0,4080.0,4076.2,4078.9,945,MGCZ5
2025-11-20 19:22:00+00:00,33,1,42007130,4079.2,4081.5,4078.5,4080.3,646,MGCZ5
2025-11-20 19:23:00+00:00,33,1,42007130,4080.5,4085.4,4080.4,4083.7,816,MGCZ5
2025-11-20 19:24:00+00:00,33,1,42007130,4083.6,4083.6,4078.9,4080.7,616,MGCZ5
2025-11-20 19:25:00+00:00,33,1,42007130,4080.7,4083.5,4080.1,4082.7,394,MGCZ5
2025-11-20 19:26:00+00:00,33,1,42007130,4083.0,4083.6,4081.2,4082.6,270,MGCZ5
2025-11-20 19:27:00+00:00,33,1,42007130,4082.2,4086.9,4081.9,4085.5,482,MGCZ5
2025-11-20 19:28:00+00:00,33,1,42007130,4085.5,4087.0,4083.6,4084.1,596,MGCZ5
2025-11-20 19:29:00+00:00,33,1,42007130,4084.3,4085.0,4082.5,4084.0,417,MGCZ5
2025-11-20 19:30:00+00:00,33,1,42007130,4083.9,4084.1,4081.7,4082.2,510,MGCZ5
2025-11-20 19:31:00+00:00,33,1,42007130,4082.5,4082.7,4080.7,4081.5,583,MGCZ5
2025-11-20 19:32:00+00:00,33,1,42007130,4081.6,4082.4,4079.2,4081.2,442,MGCZ5
2025-11-20 19:33:00+00:00,33,1,42007130,4081.4,4082.4,4081.2,4082.3,290,MGCZ5
2025-11-20 19:34:00+00:00,33,1,42007130,4082.0,4082.7,4080.0,4080.9,353,MGCZ5
2025-11-20 19:35:00+00:00,33,1,42007130,4081.1,4085.5,4081.1,4085.5,570,MGCZ5
2025-11-20 19:36:00+00:00,33,1,42007130,4085.6,4087.1,4084.6,4085.9,552,MGCZ5
2025-11-20 19:37:00+00:00,33,1,42007130,4086.2,4087.2,4083.1,4083.6,341,MGCZ5
2025-11-20 19:38:00+00:00,33,1,42007130,4083.9,4083.9,4081.7,4082.5,359,MGCZ5
2025-11-20 19:39:00+00:00,33,1,42007130,4082.1,4083.7,4081.5,4081.7,189,MGCZ5
2025-11-20 19:40:00+00:00,33,1,42007130,4081.7,4083.2,4081.5,4083.1,195,MGCZ5
2025-11-20 19:41:00+00:00,33,1,42007130,4083.0,4084.9,4082.5,4084.1,314,MGCZ5
2025-11-20 19:42:00+00:00,33,1,42007130,4083.9,4084.5,4082.4,4084.0,276,MGCZ5
2025-11-20 19:43:00+00:00,33,1,42007130,4084.2,4084.6,4081.9,4082.3,263,MGCZ5
2025-11-20 19:44:00+00:00,33,1,42007130,4082.6,4083.5,4082.0,4082.8,191,MGCZ5
2025-11-20 19:45:00+00:00,33,1,42007130,4083.0,4083.0,4080.4,4081.1,353,MGCZ5
2025-11-20 19:46:00+00:00,33,1,42007130,4081.2,4082.5,4080.2,4080.9,287,MGCZ5
2025-11-20 19:47:00+00:00,33,1,42007130,4081.1,4082.0,4080.3,4081.9,146,MGCZ5
2025-11-20 19:48:00+00:00,33,1,42007130,4082.1,4083.7,4081.8,4083.6,183,MGCZ5
2025-11-20 19:49:00+00:00,33,1,42007130,4083.7,4083.9,4081.6,4082.1,274,MGCZ5
2025-11-20 19:50:00+00:00,33,1,42007130,4082.4,4083.2,4080.2,4081.4,193,MGCZ5
2025-11-20 19:51:00+00:00,33,1,42007130,4081.5,4082.5,4080.1,4080.8,179,MGCZ5
2025-11-20 19:52:00+00:00,33,1,42007130,4081.1,4082.3,4080.7,4081.7,161,MGCZ5
2025-11-20 19:53:00+00:00,33,1,42007130,4081.9,4083.5,4081.4,4082.2,224,MGCZ5
2025-11-20 19:54:00+00:00,33,1,42007130,4082.5,4083.5,4082.1,4082.7,130,MGCZ5
2025-11-20 19:55:00+00:00,33,1,42007130,4082.7,4084.7,4082.3,4084.5,206,MGCZ5
2025-11-20 19:56:00+00:00,33,1,42007130,4084.7,4084.9,4081.0,4081.7,266,MGCZ5
2025-11-20 19:57:00+00:00,33,1,42007130,4081.9,4084.3,4081.7,4083.9,275,MGCZ5
2025-11-20 19:58:00+00:00,33,1,42007130,4083.9,4085.5,4083.5,4085.0,231,MGCZ5
2025-11-20 19:59:00+00:00,33,1,42007130,4084.9,4085.2,4084.1,4084.2,232,MGCZ5
2025-11-20 20:00:00+00:00,33,1,42007130,4084.2,4084.9,4082.4,4082.8,401,MGCZ5
2025-11-20 20:01:00+00:00,33,1,42007130,4082.7,4083.3,4080.6,4081.8,389,MGCZ5
2025-11-20 20:02:00+00:00,33,1,42007130,4081.8,4082.3,4081.0,4081.6,189,MGCZ5
2025-11-20 20:03:00+00:00,33,1,42007130,4081.5,4084.3,4081.5,4083.2,212,MGCZ5
2025-11-20 20:04:00+00:00,33,1,42007130,4083.3,4084.0,4081.2,4081.6,168,MGCZ5
2025-11-20 20:05:00+00:00,33,1,42007130,4081.6,4082.2,4081.0,4081.5,130,MGCZ5
2025-11-20 20:06:00+00:00,33,1,42007130,4081.3,4083.7,4081.3,4083.0,210,MGCZ5
2025-11-20 20:07:00+00:00,33,1,42007130,4083.2,4083.3,4080.1,4080.9,343,MGCZ5
2025-11-20 20:08:00+00:00,33,1,42007130,4081.0,4081.0,4079.2,4079.5,366,MGCZ5
2025-11-20 20:09:00+00:00,33,1,42007130,4079.5,4079.5,4078.1,4078.3,391,MGCZ5
2025-11-20 20:10:00+00:00,33,1,42007130,4078.2,4079.6,4077.9,4079.4,201,MGCZ5
2025-11-20 20:11:00+00:00,33,1,42007130,4079.5,4080.0,4077.3,4077.3,281,MGCZ5
2025-11-20 20:12:00+00:00,33,1,42007130,4077.4,4077.7,4075.0,4075.3,444,MGCZ5
2025-11-20 20:13:00+00:00,33,1,42007130,4075.4,4076.5,4073.2,4076.4,477,MGCZ5
2025-11-20 20:14:00+00:00,33,1,42007130,4076.4,4077.9,4075.4,4076.3,252,MGCZ5
2025-11-20 20:15:00+00:00,33,1,42007130,4076.6,4079.0,4076.2,4078.7,327,MGCZ5
2025-11-20 20:16:00+00:00,33,1,42007130,4079.0,4080.4,4077.0,4080.4,308,MGCZ5
2025-11-20 20:17:00+00:00,33,1,42007130,4080.5,4080.7,4079.1,4079.6,275,MGCZ5
2025-11-20 20:18:00+00:00,33,1,42007130,4079.4,4080.7,4078.2,4078.5,159,MGCZ5
2025-11-20 20:19:00+00:00,33,1,42007130,4078.4,4080.9,4078.4,4079.8,216,MGCZ5
2025-11-20 20:20:00+00:00,33,1,42007130,4079.7,4080.1,4078.4,4079.1,246,MGCZ5
2025-11-20 20:21:00+00:00,33,1,42007130,4079.2,4080.6,4079.2,4080.0,114,MGCZ5
2025-11-20 20:22:00+00:00,33,1,42007130,4079.8,4079.8,4078.3,4078.7,131,MGCZ5
2025-11-20 20:23:00+00:00,33,1,42007130,4078.5,4079.0,4076.9,4077.1,265,MGCZ5
2025-11-20 20:24:00+00:00,33,1,42007130,4077.2,4077.2,4074.3,4075.1,663,MGCZ5
2025-11-20 20:25:00+00:00,33,1,42007130,4075.0,4075.4,4074.5,4075.0,222,MGCZ5
2025-11-20 20:26:00+00:00,33,1,42007130,4075.1,4075.3,4073.4,4073.7,257,MGCZ5
2025-11-20 20:27:00+00:00,33,1,42007130,4073.6,4075.6,4073.2,4075.3,177,MGCZ5
2025-11-20 20:28:00+00:00,33,1,42007130,4075.4,4075.8,4074.5,4075.5,93,MGCZ5
2025-11-20 20:29:00+00:00,33,1,42007130,4075.1,4077.0,4074.7,4076.9,146,MGCZ5
2025-11-20 20:30:00+00:00,33,1,42007130,4076.7,4077.6,4076.0,4076.2,177,MGCZ5
2025-11-20 20:31:00+00:00,33,1,42007130,4076.4,4077.3,4075.6,4075.9,179,MGCZ5
2025-11-20 20:32:00+00:00,33,1,42007130,4075.9,4076.2,4074.2,4075.9,235,MGCZ5
2025-11-20 20:33:00+00:00,33,1,42007130,4075.8,4076.0,4074.7,4074.7,233,MGCZ5
2025-11-20 20:34:00+00:00,33,1,42007130,4074.9,4075.3,4073.7,4074.1,218,MGCZ5
2025-11-20 20:35:00+00:00,33,1,42007130,4074.1,4074.3,4072.8,4073.9,223,MGCZ5
2025-11-20 20:36:00+00:00,33,1,42007130,4073.6,4074.1,4072.7,4073.9,221,MGCZ5
2025-11-20 20:37:00+00:00,33,1,42007130,4073.8,4074.7,4072.9,4073.3,197,MGCZ5
2025-11-20 20:38:00+00:00,33,1,42007130,4073.3,4074.4,4073.2,4074.2,126,MGCZ5
2025-11-20 20:39:00+00:00,33,1,42007130,4074.5,4074.8,4073.9,4074.3,142,MGCZ5
2025-11-20 20:40:00+00:00,33,1,42007130,4074.5,4076.9,4074.0,4075.1,210,MGCZ5
2025-11-20 20:41:00+00:00,33,1,42007130,4075.1,4075.2,4072.8,4074.0,207,MGCZ5
2025-11-20 20:42:00+00:00,33,1,42007130,4073.9,4074.0,4072.8,4073.9,123,MGCZ5
2025-11-20 20:43:00+00:00,33,1,42007130,4073.7,4076.4,4073.7,4076.4,140,MGCZ5
2025-11-20 20:44:00+00:00,33,1,42007130,4076.4,4077.8,4076.3,4077.4,194,MGCZ5
2025-11-20 20:45:00+00:00,33,1,42007130,4077.4,4079.8,4076.7,4079.3,243,MGCZ5
2025-11-20 20:46:00+00:00,33,1,42007130,4079.3,4079.3,4075.7,4076.0,352,MGCZ5
2025-11-20 20:47:00+00:00,33,1,42007130,4076.0,4076.0,4074.9,4075.7,101,MGCZ5
2025-11-20 20:48:00+00:00,33,1,42007130,4075.6,4076.4,4074.7,4075.1,120,MGCZ5
2025-11-20 20:49:00+00:00,33,1,42007130,4075.1,4075.6,4073.8,4075.6,132,MGCZ5
2025-11-20 20:50:00+00:00,33,1,42007130,4075.8,4078.9,4075.8,4077.7,232,MGCZ5
2025-11-20 20:51:00+00:00,33,1,42007130,4077.5,4077.5,4074.6,4076.4,140,MGCZ5
2025-11-20 20:52:00+00:00,33,1,42007130,4076.2,4076.7,4075.0,4075.2,116,MGCZ5
2025-11-20 20:53:00+00:00,33,1,42007130,4075.2,4075.9,4073.8,4075.2,133,MGCZ5
2025-11-20 20:54:00+00:00,33,1,42007130,4075.2,4076.3,4074.0,4075.5,136,MGCZ5
2025-11-20 20:55:00+00:00,33,1,42007130,4075.8,4077.2,4074.8,4075.5,105,MGCZ5
2025-11-20 20:56:00+00:00,33,1,42007130,4075.9,4076.6,4074.3,4074.3,117,MGCZ5
2025-11-20 20:57:00+00:00,33,1,42007130,4074.3,4074.8,4073.1,4073.6,296,MGCZ5
2025-11-20 20:58:00+00:00,33,1,42007130,4074.0,4075.2,4073.1,4074.5,515,MGCZ5
2025-11-20 20:59:00+00:00,33,1,42007130,4074.7,4077.7,4074.7,4077.7,384,MGCZ5
2025-11-20 21:00:00+00:00,33,1,42007130,4077.7,4077.7,4074.0,4075.9,280,MGCZ5
2025-11-20 21:01:00+00:00,33,1,42007130,4075.6,4077.3,4075.5,4076.7,146,MGCZ5
2025-11-20 21:02:00+00:00,33,1,42007130,4076.8,4078.9,4076.8,4078.5,138,MGCZ5
2025-11-20 21:03:00+00:00,33,1,42007130,4078.5,4079.1,4077.4,4078.5,118,MGCZ5
2025-11-20 21:04:00+00:00,33,1,42007130,4078.4,4079.2,4077.9,4078.4,90,MGCZ5
2025-11-20 21:05:00+00:00,33,1,42007130,4079.0,4079.2,4078.3,4078.8,123,MGCZ5
2025-11-20 21:06:00+00:00,33,1,42007130,4078.9,4079.0,4078.0,4078.2,88,MGCZ5
2025-11-20 21:07:00+00:00,33,1,42007130,4078.3,4078.9,4078.3,4078.9,51,MGCZ5
2025-11-20 21:08:00+00:00,33,1,42007130,4079.0,4079.1,4078.1,4078.2,111,MGCZ5
2025-11-20 21:09:00+00:00,33,1,42007130,4078.0,4078.5,4077.6,4078.5,83,MGCZ5
2025-11-20 21:10:00+00:00,33,1,42007130,4078.5,4078.8,4077.3,4077.3,99,MGCZ5
2025-11-20 21:11:00+00:00,33,1,42007130,4077.1,4077.3,4075.7,4076.0,129,MGCZ5
2025-11-20 21:12:00+00:00,33,1,42007130,4076.0,4077.5,4076.0,4077.0,73,MGCZ5
2025-11-20 21:13:00+00:00,33,1,42007130,4077.0,4077.4,4076.7,4077.3,69,MGCZ5
2025-11-20 21:14:00+00:00,33,1,42007130,4077.3,4077.4,4076.3,4076.5,57,MGCZ5
2025-11-20 21:15:00+00:00,33,1,42007130,4076.4,4076.6,4075.9,4076.3,61,MGCZ5
2025-11-20 21:16:00+00:00,33,1,42007130,4076.4,4076.6,4075.7,4076.3,71,MGCZ5
2025-11-20 21:17:00+00:00,33,1,42007130,4076.5,4078.1,4076.5,4077.8,63,MGCZ5
2025-11-20 21:18:00+00:00,33,1,42007130,4078.0,4079.7,4078.0,4079.1,98,MGCZ5
2025-11-20 21:19:00+00:00,33,1,42007130,4079.4,4079.4,4078.6,4078.6,57,MGCZ5
2025-11-20 21:20:00+00:00,33,1,42007130,4078.9,4079.2,4078.8,4079.1,34,MGCZ5
2025-11-20 21:21:00+00:00,33,1,42007130,4079.0,4079.3,4078.7,4078.9,36,MGCZ5
2025-11-20 21:22:00+00:00,33,1,42007130,4078.8,4079.5,4078.5,4079.1,55,MGCZ5
2025-11-20 21:23:00+00:00,33,1,42007130,4079.2,4079.2,4078.6,4079.1,26,MGCZ5
2025-11-20 21:24:00+00:00,33,1,42007130,4078.9,4079.1,4078.7,4079.1,33,MGCZ5
2025-11-20 21:25:00+00:00,33,1,42007130,4079.2,4080.4,4078.9,4079.2,137,MGCZ5
2025-11-20 21:26:00+00:00,33,1,42007130,4079.0,4079.0,4078.4,4078.9,52,MGCZ5
2025-11-20 21:27:00+00:00,33,1,42007130,4078.9,4080.4,4078.9,4079.5,48,MGCZ5
2025-11-20 21:28:00+00:00,33,1,42007130,4079.3,4079.6,4078.9,4079.0,21,MGCZ5
2025-11-20 21:29:00+00:00,33,1,42007130,4078.7,4078.7,4078.1,4078.2,40,MGCZ5
2025-11-20 21:30:00+00:00,33,1,42007130,4078.2,4079.7,4078.2,4078.5,100,MGCZ5
2025-11-20 21:31:00+00:00,33,1,42007130,4078.2,4078.9,4077.4,4078.0,147,MGCZ5
2025-11-20 21:32:00+00:00,33,1,42007130,4078.0,4078.3,4077.6,4077.6,31,MGCZ5
2025-11-20 21:33:00+00:00,33,1,42007130,4077.5,4077.8,4077.3,4077.7,28,MGCZ5
2025-11-20 21:34:00+00:00,33,1,42007130,4077.5,4078.4,4077.4,4078.4,28,MGCZ5
2025-11-20 21:35:00+00:00,33,1,42007130,4078.5,4078.6,4078.0,4078.3,22,MGCZ5
2025-11-20 21:36:00+00:00,33,1,42007130,4078.2,4079.1,4078.1,4078.3,33,MGCZ5
2025-11-20 21:37:00+00:00,33,1,42007130,4078.7,4078.7,4077.8,4078.1,42,MGCZ5
2025-11-20 21:38:00+00:00,33,1,42007130,4077.9,4078.2,4076.3,4076.5,56,MGCZ5
2025-11-20 21:39:00+00:00,33,1,42007130,4076.5,4077.3,4076.4,4077.1,35,MGCZ5
2025-11-20 21:40:00+00:00,33,1,42007130,4077.4,4077.4,4076.2,4076.3,80,MGCZ5
2025-11-20 21:41:00+00:00,33,1,42007130,4076.2,4076.9,4076.2,4076.7,63,MGCZ5
2025-11-20 21:42:00+00:00,33,1,42007130,4076.5,4077.0,4076.3,4076.5,66,MGCZ5
2025-11-20 21:43:00+00:00,33,1,42007130,4076.4,4077.1,4076.0,4076.2,64,MGCZ5
2025-11-20 21:44:00+00:00,33,1,42007130,4076.3,4076.7,4076.0,4076.2,67,MGCZ5
2025-11-20 21:45:00+00:00,33,1,42007130,4076.3,4077.8,4076.2,4077.8,52,MGCZ5
2025-11-20 21:46:00+00:00,33,1,42007130,4077.6,4077.7,4077.0,4077.1,48,MGCZ5
2025-11-20 21:47:00+00:00,33,1,42007130,4077.4,4077.4,4076.6,4076.8,51,MGCZ5
2025-11-20 21:48:00+00:00,33,1,42007130,4076.9,4077.2,4076.5,4076.5,32,MGCZ5
2025-11-20 21:49:00+00:00,33,1,42007130,4076.5,4077.4,4076.5,4076.9,43,MGCZ5
2025-11-20 21:50:00+00:00,33,1,42007130,4076.9,4077.5,4076.5,4076.7,45,MGCZ5
2025-11-20 21:51:00+00:00,33,1,42007130,4077.1,4078.8,4077.1,4078.8,45,MGCZ5
2025-11-20 21:52:00+00:00,33,1,42007130,4078.9,4079.7,4078.3,4078.3,121,MGCZ5
2025-11-20 21:53:00+00:00,33,1,42007130,4078.4,4079.0,4078.0,4078.5,94,MGCZ5
2025-11-20 21:54:00+00:00,33,1,42007130,4078.3,4078.4,4077.6,4077.6,64,MGCZ5
2025-11-20 21:55:00+00:00,33,1,42007130,4077.6,4078.3,4077.5,4077.8,50,MGCZ5
2025-11-20 21:56:00+00:00,33,1,42007130,4077.8,4077.8,4076.8,4077.0,43,MGCZ5
2025-11-20 21:57:00+00:00,33,1,42007130,4077.2,4077.9,4076.7,4076.7,53,MGCZ5
2025-11-20 21:58:00+00:00,33,1,42007130,4076.9,4077.1,4076.5,4077.1,62,MGCZ5
2025-11-20 21:59:00+00:00,33,1,42007130,4077.2,4077.4,4076.2,4076.9,150,MGCZ5
2025-11-20 23:00:00+00:00,33,1,42007130,4075.0,4078.0,4071.7,4074.1,701,MGCZ5
2025-11-20 23:01:00+00:00,33,1,42007130,4074.1,4075.7,4073.4,4074.4,127,MGCZ5
2025-11-20 23:02:00+00:00,33,1,42007130,4074.6,4074.6,4071.9,4072.2,133,MGCZ5
2025-11-20 23:03:00+00:00,33,1,42007130,4072.7,4074.8,4072.3,4073.3,164,MGCZ5
2025-11-20 23:04:00+00:00,33,1,42007130,4073.4,4075.0,4072.2,4072.8,144,MGCZ5
2025-11-20 23:05:00+00:00,33,1,42007130,4072.9,4077.5,4072.9,4077.1,207,MGCZ5
2025-11-20 23:06:00+00:00,33,1,42007130,4076.7,4079.5,4074.0,4075.0,352,MGCZ5
2025-11-20 23:07:00+00:00,33,1,42007130,4075.1,4078.2,4074.1,4075.5,155,MGCZ5
2025-11-20 23:08:00+00:00,33,1,42007130,4075.9,4078.2,4075.1,4077.6,123,MGCZ5
2025-11-20 23:09:00+00:00,33,1,42007130,4077.6,4079.8,4076.3,4079.1,118,MGCZ5
2025-11-20 23:10:00+00:00,33,1,42007130,4079.1,4083.6,4079.0,4082.1,425,MGCZ5
2025-11-20 23:11:00+00:00,33,1,42007130,4081.7,4082.7,4078.7,4079.2,351,MGCZ5
2025-11-20 23:12:00+00:00,33,1,42007130,4078.9,4080.9,4077.6,4080.9,195,MGCZ5
2025-11-20 23:13:00+00:00,33,1,42007130,4080.9,4083.4,4080.4,4083.1,191,MGCZ5
2025-11-20 23:14:00+00:00,33,1,42007130,4083.0,4085.3,4082.6,4084.9,333,MGCZ5
2025-11-20 23:15:00+00:00,33,1,42007130,4085.1,4085.9,4082.6,4082.9,201,MGCZ5
2025-11-20 23:16:00+00:00,33,1,42007130,4082.8,4083.1,4081.8,4083.0,200,MGCZ5
2025-11-20 23:17:00+00:00,33,1,42007130,4083.2,4084.3,4082.0,4082.2,152,MGCZ5
2025-11-20 23:18:00+00:00,33,1,42007130,4082.4,4083.4,4080.4,4081.0,176,MGCZ5
2025-11-20 23:19:00+00:00,33,1,42007130,4081.0,4082.7,4079.5,4081.8,205,MGCZ5
2025-11-20 23:20:00+00:00,33,1,42007130,4082.1,4082.9,4080.5,4081.2,145,MGCZ5
2025-11-20 23:21:00+00:00,33,1,42007130,4081.3,4083.6,4081.3,4083.2,126,MGCZ5
2025-11-20 23:22:00+00:00,33,1,42007130,4083.3,4083.4,4080.6,4082.8,201,MGCZ5
2025-11-20 23:23:00+00:00,33,1,42007130,4082.7,4083.3,4081.9,4082.1,102,MGCZ5
2025-11-20 23:24:00+00:00,33,1,42007130,4082.1,4083.1,4082.0,4082.2,87,MGCZ5
2025-11-20 23:25:00+00:00,33,1,42007130,4082.2,4082.4,4079.5,4080.0,175,MGCZ5
2025-11-20 23:26:00+00:00,33,1,42007130,4079.7,4079.7,4076.5,4078.7,373,MGCZ5
2025-11-20 23:27:00+00:00,33,1,42007130,4078.9,4079.3,4077.6,4079.3,116,MGCZ5
2025-11-20 23:28:00+00:00,33,1,42007130,4079.2,4081.2,4079.2,4080.9,167,MGCZ5
2025-11-20 23:29:00+00:00,33,1,42007130,4080.8,4082.0,4080.6,4080.8,135,MGCZ5
2025-11-20 23:30:00+00:00,33,1,42007130,4081.0,4082.9,4081.0,4081.6,157,MGCZ5
2025-11-20 23:31:00+00:00,33,1,42007130,4082.0,4082.5,4081.1,4082.2,86,MGCZ5
2025-11-20 23:32:00+00:00,33,1,42007130,4082.5,4084.2,4079.6,4079.8,280,MGCZ5
2025-11-20 23:33:00+00:00,33,1,42007130,4079.9,4081.8,4079.7,4081.5,145,MGCZ5
2025-11-20 23:34:00+00:00,33,1,42007130,4081.5,4082.5,4080.6,4081.5,95,MGCZ5
2025-11-20 23:35:00+00:00,33,1,42007130,4081.6,4082.7,4081.6,4081.8,52,MGCZ5
2025-11-20 23:36:00+00:00,33,1,42007130,4082.0,4082.3,4080.3,4081.6,169,MGCZ5
2025-11-20 23:37:00+00:00,33,1,42007130,4081.9,4081.9,4080.4,4080.8,88,MGCZ5
2025-11-20 23:38:00+00:00,33,1,42007130,4080.8,4082.5,4080.6,4081.6,81,MGCZ5
2025-11-20 23:39:00+00:00,33,1,42007130,4081.6,4082.0,4081.4,4081.8,51,MGCZ5
2025-11-20 23:40:00+00:00,33,1,42007130,4082.0,4084.9,4081.9,4084.5,178,MGCZ5
2025-11-20 23:41:00+00:00,33,1,42007130,4084.3,4086.7,4083.4,4085.0,407,MGCZ5
2025-11-20 23:42:00+00:00,33,1,42007130,4084.9,4086.0,4084.0,4084.4,160,MGCZ5
2025-11-20 23:43:00+00:00,33,1,42007130,4084.1,4084.4,4081.8,4082.6,259,MGCZ5
2025-11-20 23:44:00+00:00,33,1,42007130,4082.8,4088.6,4081.2,4087.1,687,MGCZ5
2025-11-20 23:45:00+00:00,33,1,42007130,4086.9,4089.3,4085.2,4086.4,669,MGCZ5
2025-11-20 23:46:00+00:00,33,1,42007130,4086.1,4087.0,4081.3,4081.3,530,MGCZ5
2025-11-20 23:47:00+00:00,33,1,42007130,4081.3,4085.0,4081.0,4085.0,250,MGCZ5
2025-11-20 23:48:00+00:00,33,1,42007130,4085.0,4085.9,4083.0,4083.4,173,MGCZ5
2025-11-20 23:49:00+00:00,33,1,42007130,4082.9,4084.1,4082.2,4083.6,168,MGCZ5
2025-11-20 23:50:00+00:00,33,1,42007130,4083.3,4083.5,4079.9,4080.1,253,MGCZ5
2025-11-20 23:51:00+00:00,33,1,42007130,4079.8,4081.6,4077.2,4077.6,349,MGCZ5
2025-11-20 23:52:00+00:00,33,1,42007130,4077.6,4078.4,4076.1,4076.4,277,MGCZ5
2025-11-20 23:53:00+00:00,33,1,42007130,4076.5,4077.0,4074.0,4074.8,442,MGCZ5
2025-11-20 23:54:00+00:00,33,1,42007130,4074.7,4079.7,4074.7,4078.1,331,MGCZ5
2025-11-20 23:55:00+00:00,33,1,42007130,4078.2,4080.4,4078.0,4079.7,177,MGCZ5
2025-11-20 23:56:00+00:00,33,1,42007130,4079.7,4080.3,4078.7,4078.7,116,MGCZ5
2025-11-20 23:57:00+00:00,33,1,42007130,4078.5,4079.2,4078.1,4078.7,85,MGCZ5
2025-11-20 23:58:00+00:00,33,1,42007130,4078.8,4079.0,4078.0,4078.5,66,MGCZ5
2025-11-20 23:59:00+00:00,33,1,42007130,4078.5,4080.4,4078.5,4079.7,143,MGCZ5
2025-11-21 00:00:00+00:00,33,1,42007130,4079.5,4080.7,4076.3,4077.4,452,MGCZ5
2025-11-21 00:01:00+00:00,33,1,42007130,4077.5,4079.2,4076.6,4077.7,168,MGCZ5
2025-11-21 00:02:00+00:00,33,1,42007130,4077.7,4080.1,4077.7,4080.1,105,MGCZ5
2025-11-21 00:03:00+00:00,33,1,42007130,4080.1,4080.2,4074.7,4074.8,257,MGCZ5
2025-11-21 00:04:00+00:00,33,1,42007130,4074.8,4079.1,4074.0,4076.7,439,MGCZ5
2025-11-21 00:05:00+00:00,33,1,42007130,4076.3,4078.7,4075.9,4078.2,148,MGCZ5
2025-11-21 00:06:00+00:00,33,1,42007130,4078.6,4079.2,4077.5,4078.8,78,MGCZ5
2025-11-21 00:07:00+00:00,33,1,42007130,4079.2,4079.8,4078.3,4079.5,73,MGCZ5
2025-11-21 00:08:00+00:00,33,1,42007130,4079.3,4079.6,4079.0,4079.1,67,MGCZ5
2025-11-21 00:09:00+00:00,33,1,42007130,4079.2,4081.1,4079.2,4079.5,205,MGCZ5
2025-11-21 00:10:00+00:00,33,1,42007130,4079.5,4080.1,4077.3,4078.5,210,MGCZ5
2025-11-21 00:11:00+00:00,33,1,42007130,4078.3,4080.7,4078.2,4080.6,117,MGCZ5
2025-11-21 00:12:00+00:00,33,1,42007130,4080.3,4081.2,4078.5,4078.8,175,MGCZ5
2025-11-21 00:13:00+00:00,33,1,42007130,4078.9,4080.4,4078.4,4079.4,111,MGCZ5
2025-11-21 00:14:00+00:00,33,1,42007130,4079.7,4079.9,4078.4,4079.3,82,MGCZ5
2025-11-21 00:15:00+00:00,33,1,42007130,4079.4,4079.8,4079.0,4079.2,75,MGCZ5
2025-11-21 00:16:00+00:00,33,1,42007130,4079.4,4079.7,4079.2,4079.3,25,MGCZ5
2025-11-21 00:17:00+00:00,33,1,42007130,4079.3,4080.7,4079.1,4080.6,82,MGCZ5
2025-11-21 00:18:00+00:00,33,1,42007130,4080.6,4080.7,4076.7,4076.7,180,MGCZ5
2025-11-21 00:19:00+00:00,33,1,42007130,4076.9,4078.0,4076.8,4077.8,83,MGCZ5
2025-11-21 00:20:00+00:00,33,1,42007130,4078.1,4078.7,4075.3,4075.8,252,MGCZ5
2025-11-21 00:21:00+00:00,33,1,42007130,4075.7,4076.8,4074.7,4075.0,189,MGCZ5
2025-11-21 00:22:00+00:00,33,1,42007130,4075.2,4075.8,4074.1,4074.1,144,MGCZ5
2025-11-21 00:23:00+00:00,33,1,42007130,4074.3,4074.3,4071.3,4072.4,474,MGCZ5
2025-11-21 00:24:00+00:00,33,1,42007130,4072.7,4074.7,4072.7,4073.8,226,MGCZ5
2025-11-21 00:25:00+00:00,33,1,42007130,4073.5,4073.6,4070.5,4071.8,279,MGCZ5
2025-11-21 00:26:00+00:00,33,1,42007130,4071.6,4074.4,4071.4,4073.7,197,MGCZ5
2025-11-21 00:27:00+00:00,33,1,42007130,4073.9,4076.0,4073.8,4075.4,261,MGCZ5
2025-11-21 00:28:00+00:00,33,1,42007130,4075.4,4076.8,4075.0,4075.1,128,MGCZ5
2025-11-21 00:29:00+00:00,33,1,42007130,4075.3,4075.4,4073.7,4074.5,81,MGCZ5
2025-11-21 00:30:00+00:00,33,1,42007130,4074.7,4075.5,4073.3,4073.3,165,MGCZ5
2025-11-21 00:31:00+00:00,33,1,42007130,4073.3,4075.1,4073.2,4074.4,110,MGCZ5
2025-11-21 00:32:00+00:00,33,1,42007130,4074.2,4076.0,4073.6,4074.9,238,MGCZ5
2025-11-21 00:33:00+00:00,33,1,42007130,4074.8,4075.9,4074.4,4074.9,55,MGCZ5
2025-11-21 00:34:00+00:00,33,1,42007130,4075.0,4075.1,4071.0,4072.2,292,MGCZ5
2025-11-21 00:35:00+00:00,33,1,42007130,4072.5,4073.2,4072.0,4072.8,123,MGCZ5
2025-11-21 00:36:00+00:00,33,1,42007130,4072.8,4073.5,4072.4,4072.6,125,MGCZ5
2025-11-21 00:37:00+00:00,33,1,42007130,4072.6,4073.5,4071.7,4072.5,120,MGCZ5
2025-11-21 00:38:00+00:00,33,1,42007130,4072.5,4075.1,4072.4,4073.5,126,MGCZ5
2025-11-21 00:39:00+00:00,33,1,42007130,4073.4,4075.2,4072.7,4075.2,95,MGCZ5
2025-11-21 00:40:00+00:00,33,1,42007130,4075.2,4076.8,4074.6,4076.3,134,MGCZ5
2025-11-21 00:41:00+00:00,33,1,42007130,4076.2,4077.1,4075.4,4076.0,128,MGCZ5
2025-11-21 00:42:00+00:00,33,1,42007130,4075.9,4075.9,4074.6,4075.1,111,MGCZ5
2025-11-21 00:43:00+00:00,33,1,42007130,4075.3,4077.8,4075.3,4077.5,104,MGCZ5
2025-11-21 00:44:00+00:00,33,1,42007130,4077.6,4079.7,4077.6,4078.0,253,MGCZ5
2025-11-21 00:45:00+00:00,33,1,42007130,4078.1,4079.4,4077.9,4078.2,150,MGCZ5
2025-11-21 00:46:00+00:00,33,1,42007130,4078.1,4078.9,4076.5,4078.9,161,MGCZ5
2025-11-21 00:47:00+00:00,33,1,42007130,4078.7,4078.7,4077.0,4078.2,84,MGCZ5
2025-11-21 00:48:00+00:00,33,1,42007130,4078.2,4078.2,4075.2,4077.4,245,MGCZ5
2025-11-21 00:49:00+00:00,33,1,42007130,4077.4,4078.0,4077.3,4077.5,48,MGCZ5
2025-11-21 00:50:00+00:00,33,1,42007130,4077.7,4078.3,4077.4,4078.0,36,MGCZ5
2025-11-21 00:51:00+00:00,33,1,42007130,4078.2,4078.7,4076.2,4076.2,145,MGCZ5
2025-11-21 00:52:00+00:00,33,1,42007130,4076.4,4076.4,4072.9,4073.8,239,MGCZ5
2025-11-21 00:53:00+00:00,33,1,42007130,4073.9,4073.9,4071.3,4073.7,265,MGCZ5
2025-11-21 00:54:00+00:00,33,1,42007130,4073.6,4073.8,4071.7,4072.2,219,MGCZ5
2025-11-21 00:55:00+00:00,33,1,42007130,4072.2,4073.6,4071.5,4073.1,153,MGCZ5
2025-11-21 00:56:00+00:00,33,1,42007130,4073.2,4074.6,4073.1,4073.3,128,MGCZ5
2025-11-21 00:57:00+00:00,33,1,42007130,4073.0,4073.9,4072.4,4073.9,69,MGCZ5
2025-11-21 00:58:00+00:00,33,1,42007130,4073.7,4074.2,4073.3,4073.8,86,MGCZ5
2025-11-21 00:59:00+00:00,33,1,42007130,4074.1,4074.1,4072.7,4073.6,97,MGCZ5
2025-11-21 01:00:00+00:00,33,1,42007130,4073.5,4073.5,4066.7,4068.9,953,MGCZ5
2025-11-21 01:01:00+00:00,33,1,42007130,4069.3,4071.2,4067.5,4068.8,373,MGCZ5
2025-11-21 01:02:00+00:00,33,1,42007130,4068.9,4070.1,4066.5,4067.1,404,MGCZ5
2025-11-21 01:03:00+00:00,33,1,42007130,4067.0,4067.7,4064.8,4065.3,474,MGCZ5
2025-11-21 01:04:00+00:00,33,1,42007130,4065.1,4065.8,4063.8,4064.9,432,MGCZ5
2025-11-21 01:05:00+00:00,33,1,42007130,4064.6,4068.1,4063.4,4066.4,464,MGCZ5
2025-11-21 01:06:00+00:00,33,1,42007130,4066.8,4068.0,4065.8,4067.5,255,MGCZ5
2025-11-21 01:07:00+00:00,33,1,42007130,4067.5,4069.0,4066.3,4067.9,266,MGCZ5
2025-11-21 01:08:00+00:00,33,1,42007130,4068.1,4068.1,4066.0,4066.2,189,MGCZ5
2025-11-21 01:09:00+00:00,33,1,42007130,4066.4,4066.5,4063.5,4064.4,351,MGCZ5
2025-11-21 01:10:00+00:00,33,1,42007130,4064.2,4066.6,4063.6,4064.4,252,MGCZ5
2025-11-21 01:11:00+00:00,33,1,42007130,4064.5,4064.8,4063.0,4063.4,313,MGCZ5
2025-11-21 01:12:00+00:00,33,1,42007130,4063.4,4065.2,4062.8,4064.3,265,MGCZ5
2025-11-21 01:13:00+00:00,33,1,42007130,4064.3,4064.3,4062.5,4063.3,213,MGCZ5
2025-11-21 01:14:00+00:00,33,1,42007130,4063.1,4064.9,4062.9,4064.3,201,MGCZ5
2025-11-21 01:15:00+00:00,33,1,42007130,4064.4,4066.0,4063.7,4065.7,243,MGCZ5
2025-11-21 01:16:00+00:00,33,1,42007130,4065.7,4066.6,4063.8,4065.1,192,MGCZ5
2025-11-21 01:17:00+00:00,33,1,42007130,4065.3,4065.3,4064.1,4064.6,62,MGCZ5
2025-11-21 01:18:00+00:00,33,1,42007130,4064.9,4066.2,4064.0,4066.0,177,MGCZ5
2025-11-21 01:19:00+00:00,33,1,42007130,4065.8,4067.6,4065.4,4066.4,258,MGCZ5
2025-11-21 01:20:00+00:00,33,1,42007130,4066.7,4068.7,4064.5,4067.8,212,MGCZ5
2025-11-21 01:21:00+00:00,33,1,42007130,4067.6,4068.8,4066.0,4066.4,271,MGCZ5
2025-11-21 01:22:00+00:00,33,1,42007130,4066.7,4067.7,4064.8,4065.3,129,MGCZ5
2025-11-21 01:23:00+00:00,33,1,42007130,4065.2,4065.2,4062.9,4063.5,244,MGCZ5
2025-11-21 01:24:00+00:00,33,1,42007130,4063.4,4064.2,4063.0,4063.9,124,MGCZ5
2025-11-21 01:25:00+00:00,33,1,42007130,4064.2,4064.2,4061.8,4062.6,331,MGCZ5
2025-11-21 01:26:00+00:00,33,1,42007130,4062.3,4062.8,4061.3,4062.5,306,MGCZ5
2025-11-21 01:27:00+00:00,33,1,42007130,4062.6,4063.4,4062.3,4062.7,160,MGCZ5
2025-11-21 01:28:00+00:00,33,1,42007130,4062.5,4063.2,4061.4,4061.4,146,MGCZ5
2025-11-21 01:29:00+00:00,33,1,42007130,4061.6,4062.7,4061.4,4061.7,198,MGCZ5
2025-11-21 01:30:00+00:00,33,1,42007130,4061.9,4063.9,4060.8,4062.9,362,MGCZ5
2025-11-21 01:31:00+00:00,33,1,42007130,4062.9,4063.2,4061.0,4061.2,95,MGCZ5
2025-11-21 01:32:00+00:00,33,1,42007130,4061.2,4062.1,4060.7,4060.9,210,MGCZ5
2025-11-21 01:33:00+00:00,33,1,42007130,4060.8,4062.6,4060.1,4062.6,221,MGCZ5
2025-11-21 01:34:00+00:00,33,1,42007130,4062.5,4062.9,4061.3,4062.6,134,MGCZ5
2025-11-21 01:35:00+00:00,33,1,42007130,4062.5,4064.0,4060.4,4061.2,324,MGCZ5
2025-11-21 01:36:00+00:00,33,1,42007130,4061.2,4063.9,4061.0,4063.9,184,MGCZ5
2025-11-21 01:37:00+00:00,33,1,42007130,4064.0,4064.2,4061.1,4061.6,209,MGCZ5
2025-11-21 01:38:00+00:00,33,1,42007130,4061.5,4063.5,4061.4,4061.9,142,MGCZ5
2025-11-21 01:39:00+00:00,33,1,42007130,4061.7,4063.6,4061.5,4062.5,134,MGCZ5
2025-11-21 01:40:00+00:00,33,1,42007130,4062.7,4063.0,4060.6,4062.5,160,MGCZ5
2025-11-21 01:41:00+00:00,33,1,42007130,4062.3,4062.7,4061.4,4061.6,67,MGCZ5
2025-11-21 01:42:00+00:00,33,1,42007130,4061.7,4061.7,4060.3,4060.9,129,MGCZ5
2025-11-21 01:43:00+00:00,33,1,42007130,4060.8,4062.0,4060.2,4061.9,129,MGCZ5
2025-11-21 01:44:00+00:00,33,1,42007130,4062.3,4064.9,4061.8,4064.2,277,MGCZ5
2025-11-21 01:45:00+00:00,33,1,42007130,4064.1,4066.9,4063.4,4066.7,424,MGCZ5
2025-11-21 01:46:00+00:00,33,1,42007130,4066.6,4067.1,4065.1,4066.8,263,MGCZ5
2025-11-21 01:47:00+00:00,33,1,42007130,4066.7,4068.4,4066.2,4067.3,303,MGCZ5
2025-11-21 01:48:00+00:00,33,1,42007130,4067.4,4068.1,4066.3,4067.6,145,MGCZ5
2025-11-21 01:49:00+00:00,33,1,42007130,4067.6,4068.6,4066.7,4067.1,170,MGCZ5
2025-11-21 01:50:00+00:00,33,1,42007130,4067.3,4067.9,4066.9,4067.3,131,MGCZ5
2025-11-21 01:51:00+00:00,33,1,42007130,4067.4,4068.3,4066.5,4067.8,148,MGCZ5
2025-11-21 01:52:00+00:00,33,1,42007130,4067.6,4070.2,4067.6,4070.2,455,MGCZ5
2025-11-21 01:53:00+00:00,33,1,42007130,4070.3,4071.5,4070.0,4071.1,316,MGCZ5
2025-11-21 01:54:00+00:00,33,1,42007130,4070.9,4072.5,4070.8,4072.0,379,MGCZ5
2025-11-21 01:55:00+00:00,33,1,42007130,4072.0,4074.0,4071.2,4071.2,334,MGCZ5
2025-11-21 01:56:00+00:00,33,1,42007130,4071.1,4071.1,4069.3,4070.7,309,MGCZ5
2025-11-21 01:57:00+00:00,33,1,42007130,4070.6,4071.0,4068.0,4068.6,334,MGCZ5
2025-11-21 01:58:00+00:00,33,1,42007130,4068.5,4070.1,4067.6,4069.9,210,MGCZ5
2025-11-21 01:59:00+00:00,33,1,42007130,4069.7,4069.8,4067.5,4067.5,175,MGCZ5
2025-11-21 02:00:00+00:00,33,1,42007130,4067.7,4070.5,4067.1,4070.5,343,MGCZ5
2025-11-21 02:01:00+00:00,33,1,42007130,4070.4,4072.2,4069.8,4070.7,267,MGCZ5
2025-11-21 02:02:00+00:00,33,1,42007130,4070.7,4072.2,4070.1,4071.9,171,MGCZ5
2025-11-21 02:03:00+00:00,33,1,42007130,4072.1,4072.8,4071.2,4072.4,192,MGCZ5
2025-11-21 02:04:00+00:00,33,1,42007130,4072.5,4072.9,4071.4,4071.4,143,MGCZ5
2025-11-21 02:05:00+00:00,33,1,42007130,4071.4,4072.1,4070.0,4070.2,188,MGCZ5
2025-11-21 02:06:00+00:00,33,1,42007130,4070.0,4071.6,4069.1,4071.1,206,MGCZ5
2025-11-21 02:07:00+00:00,33,1,42007130,4071.4,4072.2,4071.0,4071.9,107,MGCZ5
2025-11-21 02:08:00+00:00,33,1,42007130,4072.0,4073.9,4070.9,4071.5,303,MGCZ5
2025-11-21 02:09:00+00:00,33,1,42007130,4071.4,4071.8,4069.8,4070.0,199,MGCZ5
2025-11-21 02:10:00+00:00,33,1,42007130,4070.1,4071.0,4069.2,4071.0,225,MGCZ5
2025-11-21 02:11:00+00:00,33,1,42007130,4071.0,4073.4,4070.8,4073.0,199,MGCZ5
2025-11-21 02:12:00+00:00,33,1,42007130,4073.0,4074.4,4072.8,4073.7,255,MGCZ5
2025-11-21 02:13:00+00:00,33,1,42007130,4073.9,4075.0,4072.7,4072.9,275,MGCZ5
2025-11-21 02:14:00+00:00,33,1,42007130,4073.0,4073.4,4071.7,4072.4,123,MGCZ5
2025-11-21 02:15:00+00:00,33,1,42007130,4072.6,4074.4,4072.4,4074.2,167,MGCZ5
2025-11-21 02:16:00+00:00,33,1,42007130,4074.1,4074.4,4072.7,4072.7,193,MGCZ5
2025-11-21 02:17:00+00:00,33,1,42007130,4072.6,4072.6,4069.5,4069.6,238,MGCZ5
2025-11-21 02:18:00+00:00,33,1,42007130,4069.7,4069.7,4067.4,4067.9,498,MGCZ5
2025-11-21 02:19:00+00:00,33,1,42007130,4067.9,4067.9,4065.3,4065.7,499,MGCZ5
2025-11-21 02:20:00+00:00,33,1,42007130,4065.7,4067.7,4065.3,4067.1,345,MGCZ5
2025-11-21 02:21:00+00:00,33,1,42007130,4067.0,4069.6,4066.1,4069.5,357,MGCZ5
2025-11-21 02:22:00+00:00,33,1,42007130,4069.3,4069.9,4068.5,4069.7,213,MGCZ5
2025-11-21 02:23:00+00:00,33,1,42007130,4069.6,4069.7,4068.3,4069.2,148,MGCZ5
2025-11-21 02:24:00+00:00,33,1,42007130,4069.4,4070.4,4068.4,4068.5,139,MGCZ5
2025-11-21 02:25:00+00:00,33,1,42007130,4068.7,4071.2,4068.3,4070.1,209,MGCZ5
2025-11-21 02:26:00+00:00,33,1,42007130,4070.0,4071.5,4070.0,4070.9,105,MGCZ5
2025-11-21 02:27:00+00:00,33,1,42007130,4071.1,4071.1,4069.8,4070.7,137,MGCZ5
2025-11-21 02:28:00+00:00,33,1,42007130,4070.7,4072.5,4070.3,4071.8,161,MGCZ5
2025-11-21 02:29:00+00:00,33,1,42007130,4071.6,4072.6,4071.3,4072.2,115,MGCZ5
2025-11-21 02:30:00+00:00,33,1,42007130,4072.4,4074.9,4071.7,4074.6,391,MGCZ5
2025-11-21 02:31:00+00:00,33,1,42007130,4074.8,4078.0,4074.8,4076.1,686,MGCZ5
2025-11-21 02:32:00+00:00,33,1,42007130,4076.3,4078.6,4076.3,4078.5,257,MGCZ5
2025-11-21 02:33:00+00:00,33,1,42007130,4078.4,4079.1,4076.8,4077.3,279,MGCZ5
2025-11-21 02:34:00+00:00,33,1,42007130,4077.5,4077.5,4074.9,4075.9,293,MGCZ5
2025-11-21 02:35:00+00:00,33,1,42007130,4075.6,4077.1,4075.2,4076.7,221,MGCZ5
2025-11-21 02:36:00+00:00,33,1,42007130,4076.9,4077.8,4076.4,4077.4,145,MGCZ5
2025-11-21 02:37:00+00:00,33,1,42007130,4077.2,4077.4,4073.8,4074.2,190,MGCZ5
2025-11-21 02:38:00+00:00,33,1,42007130,4074.2,4074.9,4073.4,4074.9,175,MGCZ5
2025-11-21 02:39:00+00:00,33,1,42007130,4075.0,4075.7,4072.6,4073.0,166,MGCZ5
2025-11-21 02:40:00+00:00,33,1,42007130,4072.9,4073.1,4071.2,4071.8,223,MGCZ5
2025-11-21 02:41:00+00:00,33,1,42007130,4072.1,4073.5,4071.5,4073.5,225,MGCZ5
2025-11-21 02:42:00+00:00,33,1,42007130,4073.3,4074.1,4071.6,4071.6,254,MGCZ5
2025-11-21 02:43:00+00:00,33,1,42007130,4071.5,4074.5,4071.4,4072.2,172,MGCZ5
2025-11-21 02:44:00+00:00,33,1,42007130,4072.2,4073.4,4071.8,4072.5,171,MGCZ5
2025-11-21 02:45:00+00:00,33,1,42007130,4072.5,4072.6,4070.4,4070.7,276,MGCZ5
2025-11-21 02:46:00+00:00,33,1,42007130,4070.7,4070.7,4066.2,4066.4,664,MGCZ5
2025-11-21 02:47:00+00:00,33,1,42007130,4066.2,4066.3,4063.8,4065.2,575,MGCZ5
2025-11-21 02:48:00+00:00,33,1,42007130,4065.4,4066.0,4064.5,4065.0,444,MGCZ5
2025-11-21 02:49:00+00:00,33,1,42007130,4064.8,4067.8,4064.8,4066.7,344,MGCZ5
2025-11-21 02:50:00+00:00,33,1,42007130,4067.0,4067.5,4065.0,4065.5,250,MGCZ5
2025-11-21 02:51:00+00:00,33,1,42007130,4065.4,4065.9,4063.4,4065.2,379,MGCZ5
2025-11-21 02:52:00+00:00,33,1,42007130,4064.8,4064.8,4061.1,4063.2,604,MGCZ5
2025-11-21 02:53:00+00:00,33,1,42007130,4062.7,4063.6,4059.1,4059.4,536,MGCZ5
2025-11-21 02:54:00+00:00,33,1,42007130,4059.5,4062.3,4058.8,4061.7,513,MGCZ5
2025-11-21 02:55:00+00:00,33,1,42007130,4062.0,4062.0,4059.2,4059.5,423,MGCZ5
2025-11-21 02:56:00+00:00,33,1,42007130,4059.5,4060.1,4056.2,4057.7,668,MGCZ5
2025-11-21 02:57:00+00:00,33,1,42007130,4057.7,4058.8,4054.4,4055.8,581,MGCZ5
2025-11-21 02:58:00+00:00,33,1,42007130,4055.8,4057.4,4054.9,4056.6,361,MGCZ5
2025-11-21 02:59:00+00:00,33,1,42007130,4056.6,4058.4,4055.1,4055.7,438,MGCZ5
2025-11-21 03:00:00+00:00,33,1,42007130,4055.3,4055.5,4052.6,4053.3,881,MGCZ5
2025-11-21 03:01:00+00:00,33,1,42007130,4053.4,4056.6,4052.0,4056.1,594,MGCZ5
2025-11-21 03:02:00+00:00,33,1,42007130,4056.2,4058.1,4055.6,4055.6,511,MGCZ5
2025-11-21 03:03:00+00:00,33,1,42007130,4055.7,4056.8,4053.0,4053.7,386,MGCZ5
2025-11-21 03:04:00+00:00,33,1,42007130,4053.9,4053.9,4051.0,4052.1,598,MGCZ5
2025-11-21 03:05:00+00:00,33,1,42007130,4052.1,4053.7,4050.5,4051.4,486,MGCZ5
2025-11-21 03:06:00+00:00,33,1,42007130,4051.2,4053.1,4050.9,4053.0,235,MGCZ5
2025-11-21 03:07:00+00:00,33,1,42007130,4052.9,4054.6,4052.9,4053.8,313,MGCZ5
2025-11-21 03:08:00+00:00,33,1,42007130,4053.7,4055.4,4053.1,4054.1,282,MGCZ5
2025-11-21 03:09:00+00:00,33,1,42007130,4054.0,4055.0,4052.0,4052.6,213,MGCZ5
2025-11-21 03:10:00+00:00,33,1,42007130,4052.6,4052.7,4051.0,4051.8,277,MGCZ5
2025-11-21 03:11:00+00:00,33,1,42007130,4051.8,4053.8,4051.5,4052.3,208,MGCZ5
2025-11-21 03:12:00+00:00,33,1,42007130,4052.4,4052.9,4050.9,4052.6,213,MGCZ5
2025-11-21 03:13:00+00:00,33,1,42007130,4052.5,4056.0,4052.5,4055.1,336,MGCZ5
2025-11-21 03:14:00+00:00,33,1,42007130,4055.0,4055.8,4054.3,4055.2,206,MGCZ5
2025-11-21 03:15:00+00:00,33,1,42007130,4055.4,4057.0,4054.4,4056.6,328,MGCZ5
2025-11-21 03:16:00+00:00,33,1,42007130,4056.7,4057.0,4053.1,4053.4,280,MGCZ5
2025-11-21 03:17:00+00:00,33,1,42007130,4053.4,4053.4,4049.4,4051.2,761,MGCZ5
2025-11-21 03:18:00+00:00,33,1,42007130,4051.6,4052.8,4049.4,4052.7,434,MGCZ5
2025-11-21 03:19:00+00:00,33,1,42007130,4052.5,4052.6,4048.8,4049.7,426,MGCZ5
2025-11-21 03:20:00+00:00,33,1,42007130,4049.9,4052.4,4049.5,4052.0,298,MGCZ5
2025-11-21 03:21:00+00:00,33,1,42007130,4051.9,4051.9,4049.0,4049.7,228,MGCZ5
2025-11-21 03:22:00+00:00,33,1,42007130,4049.7,4049.8,4048.2,4048.5,385,MGCZ5
2025-11-21 03:23:00+00:00,33,1,42007130,4048.5,4050.8,4048.1,4050.5,403,MGCZ5
2025-11-21 03:24:00+00:00,33,1,42007130,4050.5,4050.6,4048.6,4050.0,265,MGCZ5
2025-11-21 03:25:00+00:00,33,1,42007130,4050.2,4052.4,4049.2,4051.8,291,MGCZ5
2025-11-21 03:26:00+00:00,33,1,42007130,4051.8,4052.4,4050.4,4051.4,199,MGCZ5
2025-11-21 03:27:00+00:00,33,1,42007130,4051.6,4052.0,4050.6,4051.0,163,MGCZ5
2025-11-21 03:28:00+00:00,33,1,42007130,4050.8,4051.6,4049.8,4051.2,247,MGCZ5
2025-11-21 03:29:00+00:00,33,1,42007130,4051.2,4051.2,4050.2,4050.7,103,MGCZ5
2025-11-21 03:30:00+00:00,33,1,42007130,4051.0,4051.0,4049.0,4050.3,246,MGCZ5
2025-11-21 03:31:00+00:00,33,1,42007130,4050.1,4051.3,4050.0,4050.4,155,MGCZ5
2025-11-21 03:32:00+00:00,33,1,42007130,4050.5,4050.9,4049.4,4050.8,161,MGCZ5
2025-11-21 03:33:00+00:00,33,1,42007130,4051.0,4051.5,4049.5,4049.6,171,MGCZ5
2025-11-21 03:34:00+00:00,33,1,42007130,4049.5,4050.7,4048.7,4050.4,262,MGCZ5
2025-11-21 03:35:00+00:00,33,1,42007130,4050.6,4052.3,4049.2,4051.8,250,MGCZ5
2025-11-21 03:36:00+00:00,33,1,42007130,4052.0,4053.0,4051.3,4051.7,289,MGCZ5
2025-11-21 03:37:00+00:00,33,1,42007130,4051.7,4052.1,4050.8,4051.7,125,MGCZ5
2025-11-21 03:38:00+00:00,33,1,42007130,4051.4,4051.8,4049.8,4051.8,154,MGCZ5
2025-11-21 03:39:00+00:00,33,1,42007130,4052.0,4052.6,4051.1,4051.9,108,MGCZ5
2025-11-21 03:40:00+00:00,33,1,42007130,4051.9,4053.7,4051.1,4053.5,185,MGCZ5
2025-11-21 03:41:00+00:00,33,1,42007130,4053.7,4054.7,4053.5,4054.4,301,MGCZ5
2025-11-21 03:42:00+00:00,33,1,42007130,4054.4,4055.4,4053.9,4054.6,269,MGCZ5
2025-11-21 03:43:00+00:00,33,1,42007130,4054.6,4055.8,4054.3,4055.4,152,MGCZ5
2025-11-21 03:44:00+00:00,33,1,42007130,4055.3,4055.4,4052.7,4053.1,213,MGCZ5
2025-11-21 03:45:00+00:00,33,1,42007130,4053.2,4053.4,4050.4,4052.0,317,MGCZ5
2025-11-21 03:46:00+00:00,33,1,42007130,4052.0,4052.2,4050.6,4052.0,144,MGCZ5
2025-11-21 03:47:00+00:00,33,1,42007130,4051.9,4056.3,4051.0,4056.0,415,MGCZ5
2025-11-21 03:48:00+00:00,33,1,42007130,4055.8,4056.4,4054.2,4056.2,327,MGCZ5
2025-11-21 03:49:00+00:00,33,1,42007130,4056.2,4056.9,4054.9,4055.6,225,MGCZ5
2025-11-21 03:50:00+00:00,33,1,42007130,4055.6,4056.5,4054.4,4056.5,169,MGCZ5
2025-11-21 03:51:00+00:00,33,1,42007130,4056.6,4057.2,4055.6,4056.8,154,MGCZ5
2025-11-21 03:52:00+00:00,33,1,42007130,4056.5,4057.9,4056.5,4056.5,216,MGCZ5
2025-11-21 03:53:00+00:00,33,1,42007130,4056.4,4056.9,4055.5,4056.6,181,MGCZ5
2025-11-21 03:54:00+00:00,33,1,42007130,4056.6,4056.6,4055.3,4055.4,119,MGCZ5
2025-11-21 03:55:00+00:00,33,1,42007130,4055.5,4055.5,4053.4,4054.7,224,MGCZ5
2025-11-21 03:56:00+00:00,33,1,42007130,4054.5,4054.9,4052.7,4054.2,189,MGCZ5
2025-11-21 03:57:00+00:00,33,1,42007130,4054.2,4055.9,4054.1,4054.7,158,MGCZ5
2025-11-21 03:58:00+00:00,33,1,42007130,4054.8,4055.1,4054.4,4054.8,36,MGCZ5
2025-11-21 03:59:00+00:00,33,1,42007130,4054.5,4054.9,4053.5,4054.4,89,MGCZ5
2025-11-21 04:00:00+00:00,33,1,42007130,4054.2,4054.2,4053.4,4054.2,100,MGCZ5
2025-11-21 04:01:00+00:00,33,1,42007130,4054.1,4054.3,4052.3,4052.6,141,MGCZ5
2025-11-21 04:02:00+00:00,33,1,42007130,4052.5,4052.6,4051.0,4051.0,185,MGCZ5
2025-11-21 04:03:00+00:00,33,1,42007130,4051.2,4053.7,4051.0,4053.3,145,MGCZ5
2025-11-21 04:04:00+00:00,33,1,42007130,4053.4,4053.7,4052.5,4052.7,73,MGCZ5
2025-11-21 04:05:00+00:00,33,1,42007130,4052.9,4054.6,4052.9,4054.2,154,MGCZ5
2025-11-21 04:06:00+00:00,33,1,42007130,4054.0,4057.4,4053.8,4057.1,310,MGCZ5
2025-11-21 04:07:00+00:00,33,1,42007130,4056.8,4058.4,4056.2,4056.2,274,MGCZ5
2025-11-21 04:08:00+00:00,33,1,42007130,4056.4,4058.5,4056.4,4058.1,237,MGCZ5
2025-11-21 04:09:00+00:00,33,1,42007130,4058.3,4058.8,4057.5,4058.1,166,MGCZ5
2025-11-21 04:10:00+00:00,33,1,42007130,4058.1,4060.4,4057.8,4059.9,365,MGCZ5
2025-11-21 04:11:00+00:00,33,1,42007130,4059.7,4060.6,4057.2,4057.2,311,MGCZ5
2025-11-21 04:12:00+00:00,33,1,42007130,4057.3,4057.9,4055.8,4057.2,264,MGCZ5
2025-11-21 04:13:00+00:00,33,1,42007130,4057.1,4057.7,4056.3,4057.0,109,MGCZ5
2025-11-21 04:14:00+00:00,33,1,42007130,4057.0,4057.0,4053.0,4053.2,385,MGCZ5
2025-11-21 04:15:00+00:00,33,1,42007130,4053.0,4053.3,4052.1,4052.3,321,MGCZ5
2025-11-21 04:16:00+00:00,33,1,42007130,4052.3,4053.6,4051.4,4053.5,223,MGCZ5
2025-11-21 04:17:00+00:00,33,1,42007130,4053.6,4055.1,4052.8,4054.8,141,MGCZ5
2025-11-21 04:18:00+00:00,33,1,42007130,4054.6,4055.0,4053.7,4054.4,108,MGCZ5
2025-11-21 04:19:00+00:00,33,1,42007130,4054.4,4055.4,4054.2,4055.0,93,MGCZ5
2025-11-21 04:20:00+00:00,33,1,42007130,4055.0,4055.7,4053.9,4055.2,94,MGCZ5
2025-11-21 04:21:00+00:00,33,1,42007130,4055.1,4055.4,4054.3,4054.7,124,MGCZ5
2025-11-21 04:22:00+00:00,33,1,42007130,4054.9,4054.9,4053.4,4054.8,116,MGCZ5
2025-11-21 04:23:00+00:00,33,1,42007130,4054.6,4054.7,4054.1,4054.6,80,MGCZ5
2025-11-21 04:24:00+00:00,33,1,42007130,4054.2,4054.5,4052.7,4054.3,158,MGCZ5
2025-11-21 04:25:00+00:00,33,1,42007130,4054.0,4056.8,4053.8,4056.6,235,MGCZ5
2025-11-21 04:26:00+00:00,33,1,42007130,4056.7,4056.7,4055.2,4055.8,152,MGCZ5
2025-11-21 04:27:00+00:00,33,1,42007130,4055.7,4058.0,4055.7,4057.0,192,MGCZ5
2025-11-21 04:28:00+00:00,33,1,42007130,4057.2,4058.3,4057.0,4057.2,201,MGCZ5
2025-11-21 04:29:00+00:00,33,1,42007130,4057.4,4058.3,4055.8,4057.6,188,MGCZ5
2025-11-21 04:30:00+00:00,33,1,42007130,4057.7,4058.3,4057.2,4057.7,130,MGCZ5
2025-11-21 04:31:00+00:00,33,1,42007130,4057.7,4057.7,4053.1,4053.8,284,MGCZ5
2025-11-21 04:32:00+00:00,33,1,42007130,4053.6,4053.7,4050.9,4052.2,375,MGCZ5
2025-11-21 04:33:00+00:00,33,1,42007130,4052.3,4052.6,4049.5,4049.5,272,MGCZ5
2025-11-21 04:34:00+00:00,33,1,42007130,4049.7,4051.6,4049.5,4051.1,205,MGCZ5
2025-11-21 04:35:00+00:00,33,1,42007130,4051.0,4051.0,4048.7,4050.9,260,MGCZ5
2025-11-21 04:36:00+00:00,33,1,42007130,4050.8,4051.5,4050.3,4051.5,116,MGCZ5
2025-11-21 04:37:00+00:00,33,1,42007130,4051.3,4051.3,4048.9,4048.9,148,MGCZ5
2025-11-21 04:38:00+00:00,33,1,42007130,4049.1,4049.7,4048.4,4048.8,150,MGCZ5
2025-11-21 04:39:00+00:00,33,1,42007130,4048.7,4049.5,4048.0,4048.5,400,MGCZ5
2025-11-21 04:40:00+00:00,33,1,42007130,4048.2,4049.2,4046.7,4047.8,634,MGCZ5
2025-11-21 04:41:00+00:00,33,1,42007130,4048.0,4048.0,4045.4,4046.7,473,MGCZ5
2025-11-21 04:42:00+00:00,33,1,42007130,4046.4,4047.2,4045.9,4047.2,268,MGCZ5
2025-11-21 04:43:00+00:00,33,1,42007130,4047.3,4049.5,4047.3,4048.7,302,MGCZ5
2025-11-21 04:44:00+00:00,33,1,42007130,4048.7,4049.1,4047.9,4048.5,141,MGCZ5
2025-11-21 04:45:00+00:00,33,1,42007130,4048.6,4049.4,4047.1,4047.8,191,MGCZ5
2025-11-21 04:46:00+00:00,33,1,42007130,4047.8,4047.8,4045.7,4045.9,237,MGCZ5
2025-11-21 04:47:00+00:00,33,1,42007130,4045.8,4046.6,4045.5,4046.6,227,MGCZ5
2025-11-21 04:48:00+00:00,33,1,42007130,4046.5,4047.2,4046.2,4046.7,100,MGCZ5
2025-11-21 04:49:00+00:00,33,1,42007130,4046.6,4048.5,4046.4,4047.7,208,MGCZ5
2025-11-21 04:50:00+00:00,33,1,42007130,4047.4,4047.4,4046.4,4047.1,93,MGCZ5
2025-11-21 04:51:00+00:00,33,1,42007130,4047.3,4048.1,4046.1,4047.4,128,MGCZ5
2025-11-21 04:52:00+00:00,33,1,42007130,4047.5,4047.5,4046.5,4046.8,85,MGCZ5
2025-11-21 04:53:00+00:00,33,1,42007130,4046.8,4047.6,4046.3,4047.6,102,MGCZ5
2025-11-21 04:54:00+00:00,33,1,42007130,4047.6,4048.4,4047.3,4047.4,116,MGCZ5
2025-11-21 04:55:00+00:00,33,1,42007130,4047.2,4047.3,4046.4,4047.3,107,MGCZ5
2025-11-21 04:56:00+00:00,33,1,42007130,4047.4,4049.5,4047.4,4049.3,161,MGCZ5
2025-11-21 04:57:00+00:00,33,1,42007130,4049.2,4051.0,4048.4,4048.9,290,MGCZ5
2025-11-21 04:58:00+00:00,33,1,42007130,4049.1,4049.4,4048.6,4049.4,46,MGCZ5
2025-11-21 04:59:00+00:00,33,1,42007130,4049.5,4050.8,4049.3,4050.4,107,MGCZ5
2025-11-21 05:00:00+00:00,33,1,42007130,4050.6,4054.2,4049.3,4053.9,599,MGCZ5
2025-11-21 05:01:00+00:00,33,1,42007130,4054.0,4054.7,4052.1,4053.3,282,MGCZ5
2025-11-21 05:02:00+00:00,33,1,42007130,4053.0,4053.4,4051.4,4052.8,179,MGCZ5
2025-11-21 05:03:00+00:00,33,1,42007130,4052.6,4052.9,4051.1,4051.6,126,MGCZ5
2025-11-21 05:04:00+00:00,33,1,42007130,4051.6,4052.5,4051.6,4052.3,87,MGCZ5
2025-11-21 05:05:00+00:00,33,1,42007130,4052.5,4054.3,4051.6,4053.4,150,MGCZ5
2025-11-21 05:06:00+00:00,33,1,42007130,4053.3,4055.3,4053.3,4055.0,240,MGCZ5
2025-11-21 05:07:00+00:00,33,1,42007130,4054.9,4055.6,4054.1,4055.2,139,MGCZ5
2025-11-21 05:08:00+00:00,33,1,42007130,4055.3,4055.5,4053.0,4053.4,195,MGCZ5
2025-11-21 05:09:00+00:00,33,1,42007130,4053.3,4053.4,4052.1,4053.0,105,MGCZ5
2025-11-21 05:10:00+00:00,33,1,42007130,4052.7,4053.2,4050.9,4051.4,217,MGCZ5
2025-11-21 05:11:00+00:00,33,1,42007130,4051.2,4053.4,4050.6,4053.1,165,MGCZ5
2025-11-21 05:12:00+00:00,33,1,42007130,4053.4,4054.9,4053.3,4053.7,148,MGCZ5
2025-11-21 05:13:00+00:00,33,1,42007130,4054.0,4055.4,4053.9,4054.8,69,MGCZ5
2025-11-21 05:14:00+00:00,33,1,42007130,4055.0,4055.2,4053.9,4054.5,94,MGCZ5
2025-11-21 05:15:00+00:00,33,1,42007130,4054.5,4054.8,4052.1,4052.3,126,MGCZ5
2025-11-21 05:16:00+00:00,33,1,42007130,4052.3,4052.7,4051.9,4052.4,116,MGCZ5
2025-11-21 05:17:00+00:00,33,1,42007130,4052.7,4054.0,4052.4,4054.0,67,MGCZ5
2025-11-21 05:18:00+00:00,33,1,42007130,4054.4,4055.6,4054.2,4055.2,163,MGCZ5
2025-11-21 05:19:00+00:00,33,1,42007130,4055.3,4055.3,4054.2,4054.6,57,MGCZ5
2025-11-21 05:20:00+00:00,33,1,42007130,4054.5,4054.5,4053.3,4053.5,92,MGCZ5
2025-11-21 05:21:00+00:00,33,1,42007130,4053.4,4053.6,4052.1,4053.0,126,MGCZ5
2025-11-21 05:22:00+00:00,33,1,42007130,4053.1,4054.0,4052.3,4052.3,64,MGCZ5
2025-11-21 05:23:00+00:00,33,1,42007130,4052.6,4054.1,4052.5,4054.1,102,MGCZ5
2025-11-21 05:24:00+00:00,33,1,42007130,4054.4,4054.7,4053.9,4054.5,87,MGCZ5
2025-11-21 05:25:00+00:00,33,1,42007130,4054.5,4054.7,4053.4,4053.6,61,MGCZ5
2025-11-21 05:26:00+00:00,33,1,42007130,4053.4,4053.5,4052.6,4053.0,55,MGCZ5
2025-11-21 05:27:00+00:00,33,1,42007130,4052.8,4052.9,4052.1,4052.1,34,MGCZ5
2025-11-21 05:28:00+00:00,33,1,42007130,4052.0,4052.8,4051.1,4051.5,141,MGCZ5
2025-11-21 05:29:00+00:00,33,1,42007130,4051.5,4051.9,4051.0,4051.2,101,MGCZ5
2025-11-21 05:30:00+00:00,33,1,42007130,4050.9,4053.4,4050.8,4053.0,197,MGCZ5
2025-11-21 05:31:00+00:00,33,1,42007130,4053.4,4054.4,4053.4,4054.0,126,MGCZ5
2025-11-21 05:32:00+00:00,33,1,42007130,4054.2,4055.9,4054.1,4055.5,206,MGCZ5
2025-11-21 05:33:00+00:00,33,1,42007130,4055.4,4055.8,4052.7,4053.1,201,MGCZ5
2025-11-21 05:34:00+00:00,33,1,42007130,4053.4,4053.9,4051.5,4053.7,210,MGCZ5
2025-11-21 05:35:00+00:00,33,1,42007130,4053.7,4055.3,4053.2,4053.6,184,MGCZ5
2025-11-21 05:36:00+00:00,33,1,42007130,4053.9,4054.5,4050.5,4050.9,135,MGCZ5
2025-11-21 05:37:00+00:00,33,1,42007130,4050.8,4051.5,4049.3,4050.1,337,MGCZ5
2025-11-21 05:38:00+00:00,33,1,42007130,4050.0,4051.3,4048.6,4048.7,236,MGCZ5
2025-11-21 05:39:00+00:00,33,1,42007130,4048.8,4049.4,4047.4,4047.4,294,MGCZ5
2025-11-21 05:40:00+00:00,33,1,42007130,4047.4,4050.0,4046.4,4049.7,406,MGCZ5
2025-11-21 05:41:00+00:00,33,1,42007130,4049.6,4049.6,4048.2,4049.4,223,MGCZ5
2025-11-21 05:42:00+00:00,33,1,42007130,4049.4,4049.9,4046.6,4046.9,295,MGCZ5
2025-11-21 05:43:00+00:00,33,1,42007130,4046.9,4047.5,4045.2,4046.5,367,MGCZ5
2025-11-21 05:44:00+00:00,33,1,42007130,4046.7,4047.5,4046.0,4046.7,152,MGCZ5
2025-11-21 05:45:00+00:00,33,1,42007130,4046.7,4047.5,4046.2,4046.3,129,MGCZ5
2025-11-21 05:46:00+00:00,33,1,42007130,4046.1,4046.6,4045.4,4046.0,237,MGCZ5
2025-11-21 05:47:00+00:00,33,1,42007130,4046.0,4047.0,4045.9,4046.2,163,MGCZ5
2025-11-21 05:48:00+00:00,33,1,42007130,4046.1,4046.3,4043.3,4044.2,626,MGCZ5
2025-11-21 05:49:00+00:00,33,1,42007130,4044.0,4045.9,4043.9,4045.5,221,MGCZ5
2025-11-21 05:50:00+00:00,33,1,42007130,4045.3,4045.5,4042.9,4043.4,319,MGCZ5
2025-11-21 05:51:00+00:00,33,1,42007130,4043.5,4043.5,4041.0,4041.5,809,MGCZ5
2025-11-21 05:52:00+00:00,33,1,42007130,4041.2,4041.6,4040.9,4041.5,379,MGCZ5
2025-11-21 05:53:00+00:00,33,1,42007130,4041.5,4042.6,4038.5,4038.7,1040,MGCZ5
2025-11-21 05:54:00+00:00,33,1,42007130,4038.7,4039.9,4037.3,4039.8,674,MGCZ5
2025-11-21 05:55:00+00:00,33,1,42007130,4039.5,4042.8,4039.3,4042.8,358,MGCZ5
2025-11-21 05:56:00+00:00,33,1,42007130,4042.8,4055.8,4042.2,4054.6,2369,MGCZ5
2025-11-21 05:57:00+00:00,33,1,42007130,4054.5,4055.7,4043.9,4045.3,1484,MGCZ5
2025-11-21 05:58:00+00:00,33,1,42007130,4045.2,4057.3,4044.4,4054.4,1202,MGCZ5
2025-11-21 05:59:00+00:00,33,1,42007130,4054.3,4057.2,4052.6,4056.1,636,MGCZ5
2025-11-21 06:00:00+00:00,33,1,42007130,4056.2,4063.4,4056.2,4058.8,1748,MGCZ5
2025-11-21 06:01:00+00:00,33,1,42007130,4059.1,4059.1,4055.8,4056.1,405,MGCZ5
2025-11-21 06:02:00+00:00,33,1,42007130,4055.9,4057.8,4055.5,4057.4,400,MGCZ5
2025-11-21 06:03:00+00:00,33,1,42007130,4057.6,4058.2,4056.4,4057.7,290,MGCZ5
2025-11-21 06:04:00+00:00,33,1,42007130,4057.5,4058.1,4056.4,4056.6,309,MGCZ5
2025-11-21 06:05:00+00:00,33,1,42007130,4056.8,4058.0,4055.3,4055.9,386,MGCZ5
2025-11-21 06:06:00+00:00,33,1,42007130,4055.8,4058.7,4055.3,4057.3,313,MGCZ5
2025-11-21 06:07:00+00:00,33,1,42007130,4057.0,4059.3,4056.9,4057.3,229,MGCZ5
2025-11-21 06:08:00+00:00,33,1,42007130,4057.3,4059.4,4056.9,4058.7,143,MGCZ5
2025-11-21 06:09:00+00:00,33,1,42007130,4059.0,4059.3,4055.5,4056.5,270,MGCZ5
2025-11-21 06:10:00+00:00,33,1,42007130,4056.3,4056.4,4053.1,4053.3,341,MGCZ5
2025-11-21 06:11:00+00:00,33,1,42007130,4053.1,4055.8,4053.1,4054.7,240,MGCZ5
2025-11-21 06:12:00+00:00,33,1,42007130,4054.9,4055.6,4053.7,4054.5,192,MGCZ5
2025-11-21 06:13:00+00:00,33,1,42007130,4054.7,4054.9,4051.3,4051.7,296,MGCZ5
2025-11-21 06:14:00+00:00,33,1,42007130,4051.9,4052.3,4049.9,4050.3,302,MGCZ5
2025-11-21 06:15:00+00:00,33,1,42007130,4050.4,4051.1,4046.2,4046.9,578,MGCZ5
2025-11-21 06:16:00+00:00,33,1,42007130,4047.0,4049.9,4046.8,4048.7,331,MGCZ5
2025-11-21 06:17:00+00:00,33,1,42007130,4048.7,4049.0,4045.4,4046.5,328,MGCZ5
2025-11-21 06:18:00+00:00,33,1,42007130,4046.5,4046.9,4043.5,4044.9,409,MGCZ5
2025-11-21 06:19:00+00:00,33,1,42007130,4044.9,4044.9,4040.5,4041.4,854,MGCZ5
2025-11-21 06:20:00+00:00,33,1,42007130,4041.3,4041.9,4038.5,4041.6,800,MGCZ5
2025-11-21 06:21:00+00:00,33,1,42007130,4041.7,4044.3,4041.7,4042.9,493,MGCZ5
2025-11-21 06:22:00+00:00,33,1,42007130,4043.0,4043.3,4040.6,4041.5,265,MGCZ5
2025-11-21 06:23:00+00:00,33,1,42007130,4041.7,4042.5,4039.5,4042.5,298,MGCZ5
2025-11-21 06:24:00+00:00,33,1,42007130,4042.7,4042.9,4041.6,4042.6,156,MGCZ5
2025-11-21 06:25:00+00:00,33,1,42007130,4042.7,4043.6,4041.8,4042.5,232,MGCZ5
2025-11-21 06:26:00+00:00,33,1,42007130,4042.4,4042.6,4038.9,4039.1,260,MGCZ5
2025-11-21 06:27:00+00:00,33,1,42007130,4039.1,4040.9,4039.0,4039.6,332,MGCZ5
2025-11-21 06:28:00+00:00,33,1,42007130,4039.6,4039.8,4026.5,4030.7,3108,MGCZ5
2025-11-21 06:29:00+00:00,33,1,42007130,4031.0,4032.1,4028.2,4028.4,839,MGCZ5
2025-11-21 06:30:00+00:00,33,1,42007130,4028.7,4034.8,4026.1,4033.1,1182,MGCZ5
2025-11-21 06:31:00+00:00,33,1,42007130,4033.2,4035.0,4032.5,4033.0,645,MGCZ5
2025-11-21 06:32:00+00:00,33,1,42007130,4033.3,4035.1,4031.9,4033.4,565,MGCZ5
2025-11-21 06:33:00+00:00,33,1,42007130,4033.6,4035.6,4031.8,4033.0,481,MGCZ5
2025-11-21 06:34:00+00:00,33,1,42007130,4032.8,4034.8,4031.7,4034.4,273,MGCZ5
2025-11-21 06:35:00+00:00,33,1,42007130,4034.4,4036.2,4032.8,4033.1,342,MGCZ5
2025-11-21 06:36:00+00:00,33,1,42007130,4032.8,4034.7,4032.2,4033.9,306,MGCZ5
2025-11-21 06:37:00+00:00,33,1,42007130,4033.9,4033.9,4031.2,4031.4,332,MGCZ5
2025-11-21 06:38:00+00:00,33,1,42007130,4031.6,4033.1,4029.8,4032.3,358,MGCZ5
2025-11-21 06:39:00+00:00,33,1,42007130,4032.3,4032.4,4030.3,4031.6,223,MGCZ5
2025-11-21 06:40:00+00:00,33,1,42007130,4031.8,4034.4,4030.7,4034.3,292,MGCZ5
2025-11-21 06:41:00+00:00,33,1,42007130,4034.2,4036.7,4033.0,4036.1,306,MGCZ5
2025-11-21 06:42:00+00:00,33,1,42007130,4035.9,4038.2,4035.0,4036.9,425,MGCZ5
2025-11-21 06:43:00+00:00,33,1,42007130,4036.9,4037.7,4034.1,4035.2,361,MGCZ5
2025-11-21 06:44:00+00:00,33,1,42007130,4035.0,4035.5,4032.8,4033.4,200,MGCZ5
2025-11-21 06:45:00+00:00,33,1,42007130,4033.5,4035.6,4033.0,4033.3,216,MGCZ5
2025-11-21 06:46:00+00:00,33,1,42007130,4033.3,4034.7,4033.2,4033.8,134,MGCZ5
2025-11-21 06:47:00+00:00,33,1,42007130,4033.9,4036.8,4033.6,4035.5,307,MGCZ5
2025-11-21 06:48:00+00:00,33,1,42007130,4035.8,4036.3,4033.7,4034.7,245,MGCZ5
2025-11-21 06:49:00+00:00,33,1,42007130,4034.5,4034.5,4031.8,4034.0,344,MGCZ5
2025-11-21 06:50:00+00:00,33,1,42007130,4034.1,4034.3,4031.3,4032.1,199,MGCZ5
2025-11-21 06:51:00+00:00,33,1,42007130,4031.7,4034.4,4031.0,4033.7,221,MGCZ5
2025-11-21 06:52:00+00:00,33,1,42007130,4033.9,4034.4,4030.8,4031.6,285,MGCZ5
2025-11-21 06:53:00+00:00,33,1,42007130,4031.6,4033.5,4030.9,4033.2,160,MGCZ5
2025-11-21 06:54:00+00:00,33,1,42007130,4033.0,4034.3,4032.2,4033.9,210,MGCZ5
2025-11-21 06:55:00+00:00,33,1,42007130,4034.0,4036.3,4033.7,4034.9,295,MGCZ5
2025-11-21 06:56:00+00:00,33,1,42007130,4035.0,4036.0,4034.2,4034.9,157,MGCZ5
2025-11-21 06:57:00+00:00,33,1,42007130,4034.9,4035.0,4032.0,4032.8,180,MGCZ5
2025-11-21 06:58:00+00:00,33,1,42007130,4032.9,4032.9,4030.8,4031.2,161,MGCZ5
2025-11-21 06:59:00+00:00,33,1,42007130,4031.1,4031.5,4030.3,4030.3,196,MGCZ5
2025-11-21 07:00:00+00:00,33,1,42007130,4030.4,4030.4,4026.6,4027.7,957,MGCZ5
2025-11-21 07:01:00+00:00,33,1,42007130,4027.6,4027.7,4022.6,4024.3,1283,MGCZ5
2025-11-21 07:02:00+00:00,33,1,42007130,4024.3,4026.5,4022.2,4025.1,606,MGCZ5
2025-11-21 07:03:00+00:00,33,1,42007130,4025.1,4025.3,4021.0,4023.2,811,MGCZ5
2025-11-21 07:04:00+00:00,33,1,42007130,4023.4,4028.2,4023.0,4027.9,556,MGCZ5
2025-11-21 07:05:00+00:00,33,1,42007130,4027.9,4029.9,4026.7,4027.3,411,MGCZ5
2025-11-21 07:06:00+00:00,33,1,42007130,4027.5,4028.9,4026.9,4027.9,300,MGCZ5
2025-11-21 07:07:00+00:00,33,1,42007130,4027.4,4028.5,4026.5,4028.2,277,MGCZ5
2025-11-21 07:08:00+00:00,33,1,42007130,4028.1,4028.5,4027.1,4028.2,237,MGCZ5
2025-11-21 07:09:00+00:00,33,1,42007130,4028.4,4029.2,4027.6,4027.8,207,MGCZ5
2025-11-21 07:10:00+00:00,33,1,42007130,4027.9,4028.7,4027.1,4027.6,228,MGCZ5
2025-11-21 07:11:00+00:00,33,1,42007130,4027.5,4029.6,4027.1,4028.2,271,MGCZ5
2025-11-21 07:12:00+00:00,33,1,42007130,4028.4,4029.8,4026.7,4029.3,314,MGCZ5
2025-11-21 07:13:00+00:00,33,1,42007130,4029.4,4030.0,4027.4,4029.2,404,MGCZ5
2025-11-21 07:14:00+00:00,33,1,42007130,4029.3,4030.5,4028.7,4029.5,328,MGCZ5
2025-11-21 07:15:00+00:00,33,1,42007130,4029.6,4030.2,4027.5,4028.7,494,MGCZ5
2025-11-21 07:16:00+00:00,33,1,42007130,4028.5,4033.9,4027.8,4033.9,758,MGCZ5
2025-11-21 07:17:00+00:00,33,1,42007130,4033.9,4034.9,4032.2,4033.5,816,MGCZ5
2025-11-21 07:18:00+00:00,33,1,42007130,4033.5,4033.5,4031.3,4032.1,200,MGCZ5
2025-11-21 07:19:00+00:00,33,1,42007130,4032.0,4032.5,4027.6,4029.1,358,MGCZ5
2025-11-21 07:20:00+00:00,33,1,42007130,4029.3,4030.0,4027.9,4030.0,175,MGCZ5
2025-11-21 07:21:00+00:00,33,1,42007130,4029.9,4031.7,4029.5,4030.7,229,MGCZ5
2025-11-21 07:22:00+00:00,33,1,42007130,4030.9,4032.7,4030.3,4031.6,393,MGCZ5
2025-11-21 07:23:00+00:00,33,1,42007130,4032.0,4033.3,4031.1,4031.7,278,MGCZ5
2025-11-21 07:24:00+00:00,33,1,42007130,4031.6,4032.7,4030.8,4031.8,196,MGCZ5
2025-11-21 07:25:00+00:00,33,1,42007130,4032.0,4033.2,4030.4,4032.5,247,MGCZ5
2025-11-21 07:26:00+00:00,33,1,42007130,4032.6,4033.0,4031.2,4032.1,169,MGCZ5
2025-11-21 07:27:00+00:00,33,1,42007130,4032.2,4033.8,4032.1,4033.1,185,MGCZ5
2025-11-21 07:28:00+00:00,33,1,42007130,4033.4,4034.5,4032.3,4034.5,215,MGCZ5
2025-11-21 07:29:00+00:00,33,1,42007130,4034.5,4034.8,4032.7,4034.5,312,MGCZ5
2025-11-21 07:30:00+00:00,33,1,42007130,4034.7,4036.8,4034.6,4035.5,476,MGCZ5
2025-11-21 07:31:00+00:00,33,1,42007130,4035.7,4036.3,4035.1,4036.1,166,MGCZ5
2025-11-21 07:32:00+00:00,33,1,42007130,4036.0,4037.0,4035.4,4036.7,189,MGCZ5
2025-11-21 07:33:00+00:00,33,1,42007130,4036.9,4037.0,4032.7,4033.1,361,MGCZ5
2025-11-21 07:34:00+00:00,33,1,42007130,4033.3,4034.3,4032.1,4033.3,299,MGCZ5
2025-11-21 07:35:00+00:00,33,1,42007130,4033.0,4036.6,4032.6,4035.9,457,MGCZ5
2025-11-21 07:36:00+00:00,33,1,42007130,4036.0,4036.0,4034.2,4034.5,315,MGCZ5
2025-11-21 07:37:00+00:00,33,1,42007130,4034.7,4035.5,4033.1,4033.4,247,MGCZ5
2025-11-21 07:38:00+00:00,33,1,42007130,4033.4,4033.4,4031.5,4032.0,231,MGCZ5
2025-11-21 07:39:00+00:00,33,1,42007130,4032.1,4032.2,4028.9,4029.9,343,MGCZ5
2025-11-21 07:40:00+00:00,33,1,42007130,4029.8,4032.8,4029.4,4032.8,431,MGCZ5
2025-11-21 07:41:00+00:00,33,1,42007130,4032.4,4032.9,4031.2,4032.3,119,MGCZ5
2025-11-21 07:42:00+00:00,33,1,42007130,4032.5,4033.0,4030.7,4031.5,232,MGCZ5
2025-11-21 07:43:00+00:00,33,1,42007130,4031.5,4031.5,4030.1,4030.5,123,MGCZ5
2025-11-21 07:44:00+00:00,33,1,42007130,4030.2,4031.1,4030.0,4030.7,78,MGCZ5
2025-11-21 07:45:00+00:00,33,1,42007130,4030.6,4031.5,4029.8,4031.2,196,MGCZ5
2025-11-21 07:46:00+00:00,33,1,42007130,4031.0,4031.3,4029.1,4029.3,198,MGCZ5
2025-11-21 07:47:00+00:00,33,1,42007130,4029.1,4029.1,4027.6,4028.6,488,MGCZ5
2025-11-21 07:48:00+00:00,33,1,42007130,4028.3,4031.9,4028.3,4030.3,352,MGCZ5
2025-11-21 07:49:00+00:00,33,1,42007130,4030.1,4030.3,4029.1,4029.5,154,MGCZ5
2025-11-21 07:50:00+00:00,33,1,42007130,4029.3,4031.0,4029.2,4030.7,273,MGCZ5
2025-11-21 07:51:00+00:00,33,1,42007130,4030.6,4030.8,4026.8,4028.1,429,MGCZ5
2025-11-21 07:52:00+00:00,33,1,42007130,4028.3,4030.5,4027.8,4030.1,170,MGCZ5
2025-11-21 07:53:00+00:00,33,1,42007130,4030.3,4031.5,4028.9,4031.1,221,MGCZ5
2025-11-21 07:54:00+00:00,33,1,42007130,4031.3,4032.4,4030.3,4031.8,223,MGCZ5
2025-11-21 07:55:00+00:00,33,1,42007130,4031.9,4032.9,4030.2,4030.6,219,MGCZ5
2025-11-21 07:56:00+00:00,33,1,42007130,4030.1,4030.4,4026.8,4027.4,374,MGCZ5
2025-11-21 07:57:00+00:00,33,1,42007130,4027.3,4028.1,4025.6,4027.7,337,MGCZ5
2025-11-21 07:58:00+00:00,33,1,42007130,4027.3,4029.3,4026.9,4029.1,150,MGCZ5
2025-11-21 07:59:00+00:00,33,1,42007130,4028.9,4029.8,4028.6,4028.9,97,MGCZ5
2025-11-21 08:00:00+00:00,33,1,42007130,4028.6,4028.6,4025.1,4026.1,436,MGCZ5
2025-11-21 08:01:00+00:00,33,1,42007130,4025.9,4027.4,4023.5,4025.1,498,MGCZ5
2025-11-21 08:02:00+00:00,33,1,42007130,4025.4,4026.6,4023.5,4025.1,284,MGCZ5
2025-11-21 08:03:00+00:00,33,1,42007130,4025.4,4025.4,4019.0,4020.6,1011,MGCZ5
2025-11-21 08:04:00+00:00,33,1,42007130,4020.6,4030.0,4020.6,4030.0,694,MGCZ5
2025-11-21 08:05:00+00:00,33,1,42007130,4029.9,4033.6,4029.7,4031.2,884,MGCZ5
2025-11-21 08:06:00+00:00,33,1,42007130,4031.3,4032.8,4027.9,4032.8,561,MGCZ5
2025-11-21 08:07:00+00:00,33,1,42007130,4032.9,4036.1,4032.4,4035.1,615,MGCZ5
2025-11-21 08:08:00+00:00,33,1,42007130,4035.3,4035.5,4033.4,4034.7,408,MGCZ5
2025-11-21 08:09:00+00:00,33,1,42007130,4034.5,4036.7,4031.2,4031.8,487,MGCZ5
2025-11-21 08:10:00+00:00,33,1,42007130,4031.7,4033.7,4029.7,4030.2,547,MGCZ5
2025-11-21 08:11:00+00:00,33,1,42007130,4030.3,4031.2,4028.3,4030.4,363,MGCZ5
2025-11-21 08:12:00+00:00,33,1,42007130,4030.4,4030.8,4028.7,4030.7,203,MGCZ5
2025-11-21 08:13:00+00:00,33,1,42007130,4030.8,4033.7,4030.5,4032.6,262,MGCZ5
2025-11-21 08:14:00+00:00,33,1,42007130,4032.5,4035.0,4032.4,4034.2,184,MGCZ5
2025-11-21 08:15:00+00:00,33,1,42007130,4034.2,4038.6,4033.6,4037.6,595,MGCZ5
2025-11-21 08:16:00+00:00,33,1,42007130,4037.4,4041.8,4036.5,4041.5,759,MGCZ5
2025-11-21 08:17:00+00:00,33,1,42007130,4041.7,4042.9,4037.3,4037.9,700,MGCZ5
2025-11-21 08:18:00+00:00,33,1,42007130,4037.6,4038.9,4035.8,4036.0,335,MGCZ5
2025-11-21 08:19:00+00:00,33,1,42007130,4035.9,4035.9,4031.0,4031.6,657,MGCZ5
2025-11-21 08:20:00+00:00,33,1,42007130,4031.7,4036.3,4031.3,4036.3,333,MGCZ5
2025-11-21 08:21:00+00:00,33,1,42007130,4036.4,4037.1,4032.5,4034.2,276,MGCZ5
2025-11-21 08:22:00+00:00,33,1,42007130,4034.4,4038.9,4034.1,4037.7,393,MGCZ5
2025-11-21 08:23:00+00:00,33,1,42007130,4037.7,4040.3,4037.7,4038.2,316,MGCZ5
2025-11-21 08:24:00+00:00,33,1,42007130,4038.0,4039.0,4035.8,4036.6,478,MGCZ5
2025-11-21 08:25:00+00:00,33,1,42007130,4036.6,4040.3,4036.5,4040.0,219,MGCZ5
2025-11-21 08:26:00+00:00,33,1,42007130,4040.1,4042.8,4040.1,4042.5,325,MGCZ5
2025-11-21 08:27:00+00:00,33,1,42007130,4042.7,4045.3,4042.7,4044.8,600,MGCZ5
2025-11-21 08:28:00+00:00,33,1,42007130,4045.1,4045.2,4042.0,4042.2,399,MGCZ5
2025-11-21 08:29:00+00:00,33,1,42007130,4042.3,4042.3,4039.3,4039.7,255,MGCZ5
2025-11-21 08:30:00+00:00,33,1,42007130,4039.4,4041.6,4037.5,4041.2,426,MGCZ5
2025-11-21 08:31:00+00:00,33,1,42007130,4041.2,4041.6,4038.5,4041.2,218,MGCZ5
2025-11-21 08:32:00+00:00,33,1,42007130,4041.2,4041.7,4039.4,4041.7,195,MGCZ5
2025-11-21 08:33:00+00:00,33,1,42007130,4041.8,4042.3,4040.8,4042.3,174,MGCZ5
2025-11-21 08:34:00+00:00,33,1,42007130,4042.3,4043.0,4041.2,4042.2,195,MGCZ5
2025-11-21 08:35:00+00:00,33,1,42007130,4042.1,4043.1,4040.4,4041.5,290,MGCZ5
2025-11-21 08:36:00+00:00,33,1,42007130,4041.3,4044.0,4040.6,4043.3,266,MGCZ5
2025-11-21 08:37:00+00:00,33,1,42007130,4043.4,4044.3,4042.2,4042.9,282,MGCZ5
2025-11-21 08:38:00+00:00,33,1,42007130,4043.0,4044.5,4042.1,4043.0,202,MGCZ5
2025-11-21 08:39:00+00:00,33,1,42007130,4043.1,4044.1,4041.3,4042.7,256,MGCZ5
2025-11-21 08:40:00+00:00,33,1,42007130,4042.5,4044.1,4041.5,4041.6,194,MGCZ5
2025-11-21 08:41:00+00:00,33,1,42007130,4041.4,4041.4,4038.8,4039.0,361,MGCZ5
2025-11-21 08:42:00+00:00,33,1,42007130,4038.9,4039.8,4038.0,4039.8,249,MGCZ5
2025-11-21 08:43:00+00:00,33,1,42007130,4039.8,4041.3,4039.6,4040.2,190,MGCZ5
2025-11-21 08:44:00+00:00,33,1,42007130,4040.5,4041.5,4039.7,4040.4,172,MGCZ5
2025-11-21 08:45:00+00:00,33,1,42007130,4040.2,4040.8,4039.1,4040.8,144,MGCZ5
2025-11-21 08:46:00+00:00,33,1,42007130,4040.8,4044.2,4040.8,4043.5,326,MGCZ5
2025-11-21 08:47:00+00:00,33,1,42007130,4043.4,4043.4,4041.3,4041.8,193,MGCZ5
2025-11-21 08:48:00+00:00,33,1,42007130,4042.0,4042.4,4039.8,4041.5,310,MGCZ5
2025-11-21 08:49:00+00:00,33,1,42007130,4041.2,4041.4,4038.1,4038.7,210,MGCZ5
2025-11-21 08:50:00+00:00,33,1,42007130,4038.9,4039.0,4036.2,4037.1,366,MGCZ5
2025-11-21 08:51:00+00:00,33,1,42007130,4037.1,4037.9,4035.8,4037.3,297,MGCZ5
2025-11-21 08:52:00+00:00,33,1,42007130,4037.4,4038.1,4035.6,4036.1,263,MGCZ5
2025-11-21 08:53:00+00:00,33,1,42007130,4036.2,4037.4,4035.4,4036.8,180,MGCZ5
2025-11-21 08:54:00+00:00,33,1,42007130,4036.8,4038.1,4036.3,4036.9,225,MGCZ5
2025-11-21 08:55:00+00:00,33,1,42007130,4037.0,4039.0,4036.4,4038.8,258,MGCZ5
2025-11-21 08:56:00+00:00,33,1,42007130,4038.7,4040.7,4038.7,4040.5,236,MGCZ5
2025-11-21 08:57:00+00:00,33,1,42007130,4040.7,4040.8,4038.7,4038.8,201,MGCZ5
2025-11-21 08:58:00+00:00,33,1,42007130,4039.2,4039.5,4036.2,4036.2,256,MGCZ5
2025-11-21 08:59:00+00:00,33,1,42007130,4036.3,4038.6,4035.9,4037.9,162,MGCZ5
2025-11-21 09:00:00+00:00,33,1,42007130,4037.6,4040.1,4037.0,4040.0,280,MGCZ5
2025-11-21 09:01:00+00:00,33,1,42007130,4039.4,4044.1,4038.6,4043.8,645,MGCZ5
2025-11-21 09:02:00+00:00,33,1,42007130,4044.0,4044.7,4041.1,4043.9,507,MGCZ5
2025-11-21 09:03:00+00:00,33,1,42007130,4044.1,4045.0,4042.8,4042.9,241,MGCZ5
2025-11-21 09:04:00+00:00,33,1,42007130,4043.1,4044.9,4042.9,4044.4,193,MGCZ5
2025-11-21 09:05:00+00:00,33,1,42007130,4044.9,4045.7,4044.0,4044.9,245,MGCZ5
2025-11-21 09:06:00+00:00,33,1,42007130,4044.7,4045.5,4043.5,4043.9,109,MGCZ5
2025-11-21 09:07:00+00:00,33,1,42007130,4044.1,4045.0,4043.8,4044.1,49,MGCZ5
2025-11-21 09:08:00+00:00,33,1,42007130,4044.2,4047.0,4043.4,4046.6,366,MGCZ5
2025-11-21 09:09:00+00:00,33,1,42007130,4046.8,4048.1,4043.5,4043.8,502,MGCZ5
2025-11-21 09:10:00+00:00,33,1,42007130,4044.0,4046.1,4043.3,4046.0,321,MGCZ5
2025-11-21 09:11:00+00:00,33,1,42007130,4045.8,4050.5,4045.7,4049.2,586,MGCZ5
2025-11-21 09:12:00+00:00,33,1,42007130,4049.1,4050.4,4049.1,4049.8,167,MGCZ5
2025-11-21 09:13:00+00:00,33,1,42007130,4049.9,4053.0,4049.8,4052.4,622,MGCZ5
2025-11-21 09:14:00+00:00,33,1,42007130,4052.6,4057.0,4052.6,4055.3,947,MGCZ5
2025-11-21 09:15:00+00:00,33,1,42007130,4055.4,4055.8,4052.4,4053.3,329,MGCZ5
2025-11-21 09:16:00+00:00,33,1,42007130,4052.9,4053.3,4051.3,4051.4,222,MGCZ5
2025-11-21 09:17:00+00:00,33,1,42007130,4051.7,4053.9,4051.7,4053.8,214,MGCZ5
2025-11-21 09:18:00+00:00,33,1,42007130,4053.8,4056.0,4053.0,4056.0,323,MGCZ5
2025-11-21 09:19:00+00:00,33,1,42007130,4056.3,4060.5,4056.0,4059.4,1108,MGCZ5
2025-11-21 09:20:00+00:00,33,1,42007130,4059.8,4060.2,4056.0,4056.2,580,MGCZ5
2025-11-21 09:21:00+00:00,33,1,42007130,4056.3,4056.3,4053.9,4054.2,471,MGCZ5
2025-11-21 09:22:00+00:00,33,1,42007130,4054.5,4054.5,4052.0,4052.5,289,MGCZ5
2025-11-21 09:23:00+00:00,33,1,42007130,4052.6,4056.0,4052.4,4054.8,273,MGCZ5
2025-11-21 09:24:00+00:00,33,1,42007130,4054.6,4056.2,4053.3,4055.4,321,MGCZ5
2025-11-21 09:25:00+00:00,33,1,42007130,4055.3,4055.9,4054.0,4054.8,349,MGCZ5
2025-11-21 09:26:00+00:00,33,1,42007130,4054.6,4054.9,4053.9,4054.5,125,MGCZ5
2025-11-21 09:27:00+00:00,33,1,42007130,4054.5,4054.5,4051.4,4051.4,279,MGCZ5
2025-11-21 09:28:00+00:00,33,1,42007130,4051.2,4051.9,4050.6,4051.1,208,MGCZ5
2025-11-21 09:29:00+00:00,33,1,42007130,4051.0,4053.6,4051.0,4053.3,203,MGCZ5
2025-11-21 09:30:00+00:00,33,1,42007130,4053.0,4054.8,4052.5,4053.2,227,MGCZ5
2025-11-21 09:31:00+00:00,33,1,42007130,4052.7,4053.5,4051.3,4053.1,233,MGCZ5
2025-11-21 09:32:00+00:00,33,1,42007130,4053.1,4054.5,4053.1,4053.7,114,MGCZ5
2025-11-21 09:33:00+00:00,33,1,42007130,4054.0,4057.0,4053.6,4054.2,467,MGCZ5
2025-11-21 09:34:00+00:00,33,1,42007130,4054.4,4056.0,4054.3,4055.5,137,MGCZ5
2025-11-21 09:35:00+00:00,33,1,42007130,4055.6,4057.4,4055.3,4055.6,218,MGCZ5
2025-11-21 09:36:00+00:00,33,1,42007130,4055.3,4057.6,4055.1,4055.5,239,MGCZ5
2025-11-21 09:37:00+00:00,33,1,42007130,4055.3,4055.4,4053.1,4054.5,275,MGCZ5
2025-11-21 09:38:00+00:00,33,1,42007130,4054.6,4055.2,4053.3,4053.8,209,MGCZ5
2025-11-21 09:39:00+00:00,33,1,42007130,4053.6,4053.6,4049.5,4050.2,521,MGCZ5
2025-11-21 09:40:00+00:00,33,1,42007130,4050.4,4051.2,4049.5,4051.0,254,MGCZ5
2025-11-21 09:41:00+00:00,33,1,42007130,4050.9,4053.3,4050.2,4050.8,229,MGCZ5
2025-11-21 09:42:00+00:00,33,1,42007130,4051.1,4051.9,4047.8,4048.1,289,MGCZ5
2025-11-21 09:43:00+00:00,33,1,42007130,4048.5,4048.9,4047.0,4047.1,349,MGCZ5
2025-11-21 09:44:00+00:00,33,1,42007130,4047.1,4048.0,4046.4,4046.6,286,MGCZ5
2025-11-21 09:45:00+00:00,33,1,42007130,4046.4,4047.5,4045.1,4046.8,431,MGCZ5
2025-11-21 09:46:00+00:00,33,1,42007130,4046.9,4050.3,4046.6,4049.9,285,MGCZ5
2025-11-21 09:47:00+00:00,33,1,42007130,4049.8,4051.2,4048.9,4050.9,275,MGCZ5
2025-11-21 09:48:00+00:00,33,1,42007130,4051.2,4051.7,4050.4,4050.6,197,MGCZ5
2025-11-21 09:49:00+00:00,33,1,42007130,4050.9,4052.2,4049.9,4050.7,196,MGCZ5
2025-11-21 09:50:00+00:00,33,1,42007130,4050.9,4051.3,4048.1,4049.6,251,MGCZ5
2025-11-21 09:51:00+00:00,33,1,42007130,4049.4,4049.8,4047.9,4047.9,140,MGCZ5
2025-11-21 09:52:00+00:00,33,1,42007130,4047.9,4049.1,4047.2,4048.0,190,MGCZ5
2025-11-21 09:53:00+00:00,33,1,42007130,4047.7,4047.8,4046.6,4047.3,164,MGCZ5
2025-11-21 09:54:00+00:00,33,1,42007130,4047.5,4049.3,4047.5,4048.9,120,MGCZ5
2025-11-21 09:55:00+00:00,33,1,42007130,4048.5,4049.7,4048.1,4049.3,107,MGCZ5
2025-11-21 09:56:00+00:00,33,1,42007130,4049.6,4050.0,4048.4,4049.2,129,MGCZ5
2025-11-21 09:57:00+00:00,33,1,42007130,4049.1,4049.1,4047.2,4047.2,105,MGCZ5
2025-11-21 09:58:00+00:00,33,1,42007130,4047.1,4048.7,4046.5,4047.7,168,MGCZ5
2025-11-21 09:59:00+00:00,33,1,42007130,4047.7,4049.1,4047.1,4047.9,210,MGCZ5
2025-11-21 10:00:00+00:00,33,1,42007130,4047.5,4048.7,4045.9,4048.4,333,MGCZ5
2025-11-21 10:01:00+00:00,33,1,42007130,4048.3,4049.5,4047.5,4049.4,207,MGCZ5
2025-11-21 10:02:00+00:00,33,1,42007130,4049.4,4050.0,4047.0,4049.0,290,MGCZ5
2025-11-21 10:03:00+00:00,33,1,42007130,4049.0,4049.3,4046.5,4047.5,218,MGCZ5
2025-11-21 10:04:00+00:00,33,1,42007130,4047.4,4047.6,4042.6,4042.7,557,MGCZ5
2025-11-21 10:05:00+00:00,33,1,42007130,4042.6,4045.8,4042.1,4043.1,582,MGCZ5
2025-11-21 10:06:00+00:00,33,1,42007130,4042.9,4044.9,4041.3,4041.7,555,MGCZ5
2025-11-21 10:07:00+00:00,33,1,42007130,4041.6,4044.0,4039.1,4042.8,529,MGCZ5
2025-11-21 10:08:00+00:00,33,1,42007130,4043.2,4043.9,4040.6,4043.3,673,MGCZ5
2025-11-21 10:09:00+00:00,33,1,42007130,4043.5,4044.6,4039.0,4039.9,345,MGCZ5
2025-11-21 10:10:00+00:00,33,1,42007130,4039.8,4041.0,4038.0,4038.7,894,MGCZ5
2025-11-21 10:11:00+00:00,33,1,42007130,4038.2,4040.5,4037.3,4039.9,483,MGCZ5
2025-11-21 10:12:00+00:00,33,1,42007130,4039.6,4042.3,4038.9,4042.1,360,MGCZ5
2025-11-21 10:13:00+00:00,33,1,42007130,4042.1,4042.2,4036.3,4037.3,448,MGCZ5
2025-11-21 10:14:00+00:00,33,1,42007130,4037.2,4037.9,4032.0,4035.3,810,MGCZ5
2025-11-21 10:15:00+00:00,33,1,42007130,4035.4,4037.3,4034.3,4034.8,405,MGCZ5
2025-11-21 10:16:00+00:00,33,1,42007130,4034.8,4036.6,4033.6,4035.4,286,MGCZ5
2025-11-21 10:17:00+00:00,33,1,42007130,4035.4,4037.9,4035.1,4036.7,184,MGCZ5
2025-11-21 10:18:00+00:00,33,1,42007130,4036.7,4038.3,4035.2,4037.6,353,MGCZ5
2025-11-21 10:19:00+00:00,33,1,42007130,4037.7,4040.3,4037.6,4038.7,383,MGCZ5
2025-11-21 10:20:00+00:00,33,1,42007130,4038.9,4039.3,4036.9,4037.8,243,MGCZ5
2025-11-21 10:21:00+00:00,33,1,42007130,4037.5,4037.8,4034.2,4035.2,298,MGCZ5
2025-11-21 10:22:00+00:00,33,1,42007130,4034.9,4034.9,4031.7,4033.4,411,MGCZ5
2025-11-21 10:23:00+00:00,33,1,42007130,4033.0,4034.6,4031.9,4034.5,361,MGCZ5
2025-11-21 10:24:00+00:00,33,1,42007130,4034.8,4038.5,4034.4,4037.2,419,MGCZ5
2025-11-21 10:25:00+00:00,33,1,42007130,4037.0,4038.1,4034.6,4034.7,197,MGCZ5
2025-11-21 10:26:00+00:00,33,1,42007130,4034.5,4035.0,4032.2,4033.0,280,MGCZ5
2025-11-21 10:27:00+00:00,33,1,42007130,4033.0,4033.5,4030.3,4032.7,543,MGCZ5
2025-11-21 10:28:00+00:00,33,1,42007130,4032.4,4034.6,4031.2,4032.2,495,MGCZ5
2025-11-21 10:29:00+00:00,33,1,42007130,4032.2,4032.4,4029.3,4029.4,556,MGCZ5
2025-11-21 10:30:00+00:00,33,1,42007130,4029.2,4033.3,4028.9,4032.7,624,MGCZ5
2025-11-21 10:31:00+00:00,33,1,42007130,4032.5,4034.7,4030.9,4033.6,315,MGCZ5
2025-11-21 10:32:00+00:00,33,1,42007130,4033.4,4033.8,4030.3,4030.5,321,MGCZ5
2025-11-21 10:33:00+00:00,33,1,42007130,4030.4,4035.1,4030.1,4035.0,386,MGCZ5
2025-11-21 10:34:00+00:00,33,1,42007130,4035.1,4035.6,4030.4,4031.1,425,MGCZ5
2025-11-21 10:35:00+00:00,33,1,42007130,4030.9,4034.4,4030.7,4034.2,203,MGCZ5
2025-11-21 10:36:00+00:00,33,1,42007130,4034.5,4034.8,4031.1,4031.2,457,MGCZ5
2025-11-21 10:37:00+00:00,33,1,42007130,4031.2,4032.4,4031.1,4032.0,149,MGCZ5
2025-11-21 10:38:00+00:00,33,1,42007130,4031.8,4034.7,4031.2,4034.5,275,MGCZ5
2025-11-21 10:39:00+00:00,33,1,42007130,4034.5,4035.5,4031.7,4032.3,386,MGCZ5
2025-11-21 10:40:00+00:00,33,1,42007130,4032.5,4033.8,4031.5,4032.2,339,MGCZ5
2025-11-21 10:41:00+00:00,33,1,42007130,4032.2,4032.9,4030.0,4031.5,305,MGCZ5
2025-11-21 10:42:00+00:00,33,1,42007130,4031.1,4032.5,4030.1,4031.8,248,MGCZ5
2025-11-21 10:43:00+00:00,33,1,42007130,4031.6,4033.3,4031.0,4033.3,225,MGCZ5
2025-11-21 10:44:00+00:00,33,1,42007130,4032.9,4033.0,4030.8,4030.8,254,MGCZ5
2025-11-21 10:45:00+00:00,33,1,42007130,4030.8,4032.4,4030.5,4031.0,174,MGCZ5
2025-11-21 10:46:00+00:00,33,1,42007130,4031.0,4034.9,4031.0,4034.8,234,MGCZ5
2025-11-21 10:47:00+00:00,33,1,42007130,4034.9,4036.2,4034.1,4035.4,507,MGCZ5
2025-11-21 10:48:00+00:00,33,1,42007130,4035.4,4036.6,4034.3,4036.2,301,MGCZ5
2025-11-21 10:49:00+00:00,33,1,42007130,4036.4,4037.5,4034.6,4037.0,397,MGCZ5
2025-11-21 10:50:00+00:00,33,1,42007130,4036.7,4037.0,4035.1,4035.4,252,MGCZ5
2025-11-21 10:51:00+00:00,33,1,42007130,4035.6,4035.9,4033.5,4034.6,283,MGCZ5
2025-11-21 10:52:00+00:00,33,1,42007130,4034.6,4039.2,4034.6,4038.4,342,MGCZ5
2025-11-21 10:53:00+00:00,33,1,42007130,4038.3,4038.3,4035.6,4035.9,216,MGCZ5
2025-11-21 10:54:00+00:00,33,1,42007130,4035.8,4036.7,4035.0,4035.0,162,MGCZ5
2025-11-21 10:55:00+00:00,33,1,42007130,4035.0,4035.0,4032.6,4033.5,247,MGCZ5
2025-11-21 10:56:00+00:00,33,1,42007130,4033.7,4035.5,4033.0,4034.9,253,MGCZ5
2025-11-21 10:57:00+00:00,33,1,42007130,4034.7,4035.3,4033.1,4035.0,121,MGCZ5
2025-11-21 10:58:00+00:00,33,1,42007130,4035.4,4035.6,4032.6,4034.4,323,MGCZ5
2025-11-21 10:59:00+00:00,33,1,42007130,4034.4,4035.3,4033.6,4034.2,186,MGCZ5
2025-11-21 11:00:00+00:00,33,1,42007130,4034.3,4038.1,4034.0,4038.1,303,MGCZ5
2025-11-21 11:01:00+00:00,33,1,42007130,4038.1,4039.6,4036.8,4037.0,404,MGCZ5
2025-11-21 11:02:00+00:00,33,1,42007130,4036.9,4037.1,4035.1,4035.8,235,MGCZ5
2025-11-21 11:03:00+00:00,33,1,42007130,4035.8,4036.1,4033.0,4033.5,241,MGCZ5
2025-11-21 11:04:00+00:00,33,1,42007130,4033.5,4035.3,4032.8,4034.8,170,MGCZ5
2025-11-21 11:05:00+00:00,33,1,42007130,4034.2,4036.9,4034.2,4036.4,159,MGCZ5
2025-11-21 11:06:00+00:00,33,1,42007130,4036.9,4039.0,4036.6,4038.2,146,MGCZ5
2025-11-21 11:07:00+00:00,33,1,42007130,4038.3,4041.6,4037.0,4041.5,412,MGCZ5
2025-11-21 11:08:00+00:00,33,1,42007130,4041.7,4044.1,4041.6,4042.6,590,MGCZ5
2025-11-21 11:09:00+00:00,33,1,42007130,4042.4,4043.2,4039.0,4039.5,373,MGCZ5
2025-11-21 11:10:00+00:00,33,1,42007130,4039.5,4040.9,4038.7,4040.0,221,MGCZ5
2025-11-21 11:11:00+00:00,33,1,42007130,4039.8,4040.2,4038.7,4039.4,159,MGCZ5
2025-11-21 11:12:00+00:00,33,1,42007130,4039.2,4040.7,4038.8,4040.4,172,MGCZ5
2025-11-21 11:13:00+00:00,33,1,42007130,4040.6,4041.8,4039.1,4039.4,268,MGCZ5
2025-11-21 11:14:00+00:00,33,1,42007130,4039.4,4039.4,4037.2,4037.5,203,MGCZ5
2025-11-21 11:15:00+00:00,33,1,42007130,4037.5,4037.7,4035.7,4037.5,227,MGCZ5
2025-11-21 11:16:00+00:00,33,1,42007130,4037.9,4039.3,4037.0,4037.0,302,MGCZ5
2025-11-21 11:17:00+00:00,33,1,42007130,4037.1,4037.1,4034.8,4034.9,249,MGCZ5
2025-11-21 11:18:00+00:00,33,1,42007130,4035.0,4036.0,4034.1,4034.1,249,MGCZ5
2025-11-21 11:19:00+00:00,33,1,42007130,4034.1,4037.5,4034.0,4036.5,177,MGCZ5
2025-11-21 11:20:00+00:00,33,1,42007130,4036.7,4038.2,4036.2,4037.8,108,MGCZ5
2025-11-21 11:21:00+00:00,33,1,42007130,4037.7,4037.8,4034.8,4035.5,171,MGCZ5
2025-11-21 11:22:00+00:00,33,1,42007130,4035.2,4036.8,4034.2,4036.0,152,MGCZ5
2025-11-21 11:23:00+00:00,33,1,42007130,4036.3,4038.8,4036.3,4038.2,117,MGCZ5
2025-11-21 11:24:00+00:00,33,1,42007130,4038.5,4038.5,4036.8,4037.1,171,MGCZ5
2025-11-21 11:25:00+00:00,33,1,42007130,4037.3,4038.0,4035.3,4036.0,150,MGCZ5
2025-11-21 11:26:00+00:00,33,1,42007130,4035.9,4036.6,4035.3,4035.4,118,MGCZ5
2025-11-21 11:27:00+00:00,33,1,42007130,4035.5,4037.9,4035.2,4037.4,115,MGCZ5
2025-11-21 11:28:00+00:00,33,1,42007130,4037.9,4038.5,4036.9,4037.5,195,MGCZ5
2025-11-21 11:29:00+00:00,33,1,42007130,4037.8,4038.1,4036.5,4036.7,136,MGCZ5
2025-11-21 11:30:00+00:00,33,1,42007130,4036.7,4037.8,4036.2,4037.7,133,MGCZ5
2025-11-21 11:31:00+00:00,33,1,42007130,4037.4,4038.5,4036.7,4037.0,84,MGCZ5
2025-11-21 11:32:00+00:00,33,1,42007130,4037.0,4038.0,4036.6,4037.3,68,MGCZ5
2025-11-21 11:33:00+00:00,33,1,42007130,4037.5,4037.6,4035.3,4035.8,133,MGCZ5
2025-11-21 11:34:00+00:00,33,1,42007130,4035.5,4036.3,4034.5,4035.8,162,MGCZ5
2025-11-21 11:35:00+00:00,33,1,42007130,4035.7,4037.3,4035.6,4037.0,74,MGCZ5
2025-11-21 11:36:00+00:00,33,1,42007130,4036.7,4038.1,4035.9,4036.0,124,MGCZ5
2025-11-21 11:37:00+00:00,33,1,42007130,4036.0,4036.3,4033.3,4033.8,207,MGCZ5
2025-11-21 11:38:00+00:00,33,1,42007130,4033.5,4035.1,4033.5,4034.8,163,MGCZ5
2025-11-21 11:39:00+00:00,33,1,42007130,4034.8,4036.3,4034.2,4035.0,161,MGCZ5
2025-11-21 11:40:00+00:00,33,1,42007130,4034.8,4035.7,4032.1,4032.3,185,MGCZ5
2025-11-21 11:41:00+00:00,33,1,42007130,4032.5,4034.4,4032.4,4034.1,167,MGCZ5
2025-11-21 11:42:00+00:00,33,1,42007130,4034.2,4034.8,4032.6,4033.0,95,MGCZ5
2025-11-21 11:43:00+00:00,33,1,42007130,4033.0,4034.3,4032.9,4033.8,62,MGCZ5
2025-11-21 11:44:00+00:00,33,1,42007130,4033.9,4034.6,4033.6,4033.9,57,MGCZ5
2025-11-21 11:45:00+00:00,33,1,42007130,4033.7,4033.7,4031.6,4032.6,193,MGCZ5
2025-11-21 11:46:00+00:00,33,1,42007130,4032.5,4034.5,4031.5,4031.6,145,MGCZ5
2025-11-21 11:47:00+00:00,33,1,42007130,4031.6,4032.1,4030.4,4031.0,172,MGCZ5
2025-11-21 11:48:00+00:00,33,1,42007130,4031.0,4032.1,4031.0,4031.5,138,MGCZ5
2025-11-21 11:49:00+00:00,33,1,42007130,4031.6,4032.6,4030.3,4030.3,178,MGCZ5
2025-11-21 11:50:00+00:00,33,1,42007130,4030.6,4032.4,4030.5,4031.8,165,MGCZ5
2025-11-21 11:51:00+00:00,33,1,42007130,4031.5,4031.7,4030.6,4031.0,105,MGCZ5
2025-11-21 11:52:00+00:00,33,1,42007130,4031.1,4031.7,4030.4,4030.7,230,MGCZ5
2025-11-21 11:53:00+00:00,33,1,42007130,4030.7,4031.2,4028.4,4028.7,420,MGCZ5
2025-11-21 11:54:00+00:00,33,1,42007130,4028.7,4029.5,4028.0,4029.0,266,MGCZ5
2025-11-21 11:55:00+00:00,33,1,42007130,4029.2,4030.6,4029.0,4029.7,100,MGCZ5
2025-11-21 11:56:00+00:00,33,1,42007130,4029.5,4031.8,4029.5,4031.8,176,MGCZ5
2025-11-21 11:57:00+00:00,33,1,42007130,4031.8,4034.0,4031.7,4033.8,220,MGCZ5
2025-11-21 11:58:00+00:00,33,1,42007130,4033.8,4035.6,4033.8,4035.4,231,MGCZ5
2025-11-21 11:59:00+00:00,33,1,42007130,4035.4,4036.6,4033.9,4034.1,356,MGCZ5
2025-11-21 12:00:00+00:00,33,1,42007130,4034.1,4035.5,4033.1,4033.1,234,MGCZ5
2025-11-21 12:01:00+00:00,33,1,42007130,4033.4,4034.5,4032.4,4032.6,175,MGCZ5
2025-11-21 12:02:00+00:00,33,1,42007130,4032.7,4036.4,4032.7,4036.3,174,MGCZ5
2025-11-21 12:03:00+00:00,33,1,42007130,4036.0,4036.9,4033.8,4035.5,295,MGCZ5
2025-11-21 12:04:00+00:00,33,1,42007130,4035.0,4036.0,4033.8,4034.1,129,MGCZ5
2025-11-21 12:05:00+00:00,33,1,42007130,4034.3,4034.9,4033.6,4034.8,136,MGCZ5
2025-11-21 12:06:00+00:00,33,1,42007130,4034.7,4039.1,4034.6,4038.6,287,MGCZ5
2025-11-21 12:07:00+00:00,33,1,42007130,4038.7,4043.1,4038.3,4042.9,441,MGCZ5
2025-11-21 12:08:00+00:00,33,1,42007130,4042.9,4043.9,4039.0,4039.0,567,MGCZ5
2025-11-21 12:09:00+00:00,33,1,42007130,4039.2,4042.2,4038.9,4042.1,217,MGCZ5
2025-11-21 12:10:00+00:00,33,1,42007130,4041.9,4042.2,4039.6,4039.6,182,MGCZ5
2025-11-21 12:11:00+00:00,33,1,42007130,4039.9,4040.1,4038.7,4039.2,153,MGCZ5
2025-11-21 12:12:00+00:00,33,1,42007130,4039.3,4040.1,4037.6,4037.8,274,MGCZ5
2025-11-21 12:13:00+00:00,33,1,42007130,4037.8,4042.1,4036.7,4041.9,363,MGCZ5
2025-11-21 12:14:00+00:00,33,1,42007130,4042.2,4043.3,4041.3,4041.9,285,MGCZ5
2025-11-21 12:15:00+00:00,33,1,42007130,4041.9,4042.6,4039.1,4039.1,178,MGCZ5
2025-11-21 12:16:00+00:00,33,1,42007130,4039.3,4040.5,4038.6,4039.3,174,MGCZ5
2025-11-21 12:17:00+00:00,33,1,42007130,4039.5,4040.5,4038.9,4040.5,96,MGCZ5
2025-11-21 12:18:00+00:00,33,1,42007130,4040.5,4041.2,4039.9,4041.1,184,MGCZ5
2025-11-21 12:19:00+00:00,33,1,42007130,4041.2,4042.1,4040.1,4041.3,150,MGCZ5
2025-11-21 12:20:00+00:00,33,1,42007130,4040.9,4044.6,4040.9,4044.0,344,MGCZ5
2025-11-21 12:21:00+00:00,33,1,42007130,4044.0,4045.0,4042.5,4044.0,386,MGCZ5
2025-11-21 12:22:00+00:00,33,1,42007130,4043.8,4046.8,4043.6,4046.6,320,MGCZ5
2025-11-21 12:23:00+00:00,33,1,42007130,4046.8,4048.1,4046.1,4046.1,387,MGCZ5
2025-11-21 12:24:00+00:00,33,1,42007130,4046.1,4046.4,4043.7,4044.5,444,MGCZ5
2025-11-21 12:25:00+00:00,33,1,42007130,4044.3,4046.6,4043.9,4045.0,284,MGCZ5
2025-11-21 12:26:00+00:00,33,1,42007130,4045.1,4046.4,4044.1,4045.4,140,MGCZ5
2025-11-21 12:27:00+00:00,33,1,42007130,4045.4,4047.0,4045.4,4046.6,195,MGCZ5
2025-11-21 12:28:00+00:00,33,1,42007130,4046.9,4047.3,4043.2,4043.2,332,MGCZ5
2025-11-21 12:29:00+00:00,33,1,42007130,4043.0,4043.9,4041.8,4041.9,312,MGCZ5
2025-11-21 12:30:00+00:00,33,1,42007130,4041.8,4055.4,4040.7,4053.5,2306,MGCZ5
2025-11-21 12:31:00+00:00,33,1,42007130,4053.7,4059.0,4051.5,4058.3,1429,MGCZ5
2025-11-21 12:32:00+00:00,33,1,42007130,4058.3,4062.0,4054.5,4055.2,1273,MGCZ5
2025-11-21 12:33:00+00:00,33,1,42007130,4055.7,4058.4,4053.9,4054.5,550,MGCZ5
2025-11-21 12:34:00+00:00,33,1,42007130,4054.8,4056.3,4052.5,4054.1,497,MGCZ5
2025-11-21 12:35:00+00:00,33,1,42007130,4054.2,4059.0,4053.4,4057.6,686,MGCZ5
2025-11-21 12:36:00+00:00,33,1,42007130,4057.3,4057.6,4053.5,4056.1,457,MGCZ5
2025-11-21 12:37:00+00:00,33,1,42007130,4055.9,4058.1,4053.9,4057.6,541,MGCZ5
2025-11-21 12:38:00+00:00,33,1,42007130,4057.9,4060.5,4055.7,4059.1,698,MGCZ5
2025-11-21 12:39:00+00:00,33,1,42007130,4058.4,4061.4,4057.2,4061.1,620,MGCZ5
2025-11-21 12:40:00+00:00,33,1,42007130,4061.0,4061.2,4058.2,4059.1,493,MGCZ5
2025-11-21 12:41:00+00:00,33,1,42007130,4059.5,4060.4,4055.7,4056.1,594,MGCZ5
2025-11-21 12:42:00+00:00,33,1,42007130,4056.5,4059.0,4055.8,4056.9,376,MGCZ5
2025-11-21 12:43:00+00:00,33,1,42007130,4056.8,4057.7,4055.8,4057.6,326,MGCZ5
2025-11-21 12:44:00+00:00,33,1,42007130,4057.6,4061.0,4057.5,4060.0,469,MGCZ5
2025-11-21 12:45:00+00:00,33,1,42007130,4060.0,4070.0,4059.5,4068.6,2080,MGCZ5
2025-11-21 12:46:00+00:00,33,1,42007130,4068.8,4070.5,4066.2,4066.9,994,MGCZ5
2025-11-21 12:47:00+00:00,33,1,42007130,4066.8,4067.6,4062.9,4062.9,705,MGCZ5
2025-11-21 12:48:00+00:00,33,1,42007130,4062.8,4065.8,4062.2,4063.9,460,MGCZ5
2025-11-21 12:49:00+00:00,33,1,42007130,4063.9,4066.6,4062.9,4065.8,393,MGCZ5
2025-11-21 12:50:00+00:00,33,1,42007130,4065.8,4067.7,4061.8,4062.2,447,MGCZ5
2025-11-21 12:51:00+00:00,33,1,42007130,4062.3,4064.6,4061.9,4062.1,428,MGCZ5
2025-11-21 12:52:00+00:00,33,1,42007130,4062.0,4063.4,4061.2,4062.4,347,MGCZ5
2025-11-21 12:53:00+00:00,33,1,42007130,4062.8,4063.5,4060.8,4061.3,305,MGCZ5
2025-11-21 12:54:00+00:00,33,1,42007130,4061.5,4062.1,4058.9,4059.5,469,MGCZ5
2025-11-21 12:55:00+00:00,33,1,42007130,4059.7,4061.5,4059.7,4060.1,302,MGCZ5
2025-11-21 12:56:00+00:00,33,1,42007130,4060.6,4063.7,4060.6,4062.9,301,MGCZ5
2025-11-21 12:57:00+00:00,33,1,42007130,4063.1,4064.6,4061.7,4064.3,399,MGCZ5
2025-11-21 12:58:00+00:00,33,1,42007130,4064.7,4065.7,4062.7,4064.5,431,MGCZ5
2025-11-21 12:59:00+00:00,33,1,42007130,4064.7,4065.6,4063.8,4064.2,277,MGCZ5
2025-11-21 13:00:00+00:00,33,1,42007130,4064.5,4065.9,4062.5,4063.4,590,MGCZ5
2025-11-21 13:01:00+00:00,33,1,42007130,4063.6,4064.3,4060.9,4061.3,451,MGCZ5
2025-11-21 13:02:00+00:00,33,1,42007130,4061.7,4062.1,4059.1,4061.8,428,MGCZ5
2025-11-21 13:03:00+00:00,33,1,42007130,4061.6,4061.7,4057.6,4057.8,498,MGCZ5
2025-11-21 13:04:00+00:00,33,1,42007130,4058.0,4059.1,4057.2,4058.5,440,MGCZ5
2025-11-21 13:05:00+00:00,33,1,42007130,4058.5,4062.0,4058.3,4062.0,344,MGCZ5
2025-11-21 13:06:00+00:00,33,1,42007130,4062.0,4063.0,4058.5,4058.8,383,MGCZ5
2025-11-21 13:07:00+00:00,33,1,42007130,4058.9,4060.8,4057.6,4060.1,490,MGCZ5
2025-11-21 13:08:00+00:00,33,1,42007130,4060.2,4063.0,4060.2,4061.8,309,MGCZ5
2025-11-21 13:09:00+00:00,33,1,42007130,4062.1,4063.4,4061.5,4062.9,309,MGCZ5
2025-11-21 13:10:00+00:00,33,1,42007130,4063.0,4063.8,4060.9,4063.2,431,MGCZ5
2025-11-21 13:11:00+00:00,33,1,42007130,4063.1,4065.5,4062.7,4064.9,385,MGCZ5
2025-11-21 13:12:00+00:00,33,1,42007130,4064.7,4065.0,4059.2,4059.4,539,MGCZ5
2025-11-21 13:13:00+00:00,33,1,42007130,4059.4,4060.2,4058.3,4060.0,355,MGCZ5
2025-11-21 13:14:00+00:00,33,1,42007130,4060.3,4060.9,4059.4,4060.2,158,MGCZ5
2025-11-21 13:15:00+00:00,33,1,42007130,4060.5,4060.8,4057.8,4059.1,360,MGCZ5
2025-11-21 13:16:00+00:00,33,1,42007130,4059.5,4062.8,4058.5,4062.1,264,MGCZ5
2025-11-21 13:17:00+00:00,33,1,42007130,4061.9,4064.4,4061.9,4064.0,450,MGCZ5
2025-11-21 13:18:00+00:00,33,1,42007130,4064.1,4064.2,4060.5,4062.9,457,MGCZ5
2025-11-21 13:19:00+00:00,33,1,42007130,4062.9,4064.5,4062.1,4062.6,348,MGCZ5
2025-11-21 13:20:00+00:00,33,1,42007130,4062.3,4066.0,4061.9,4064.2,722,MGCZ5
2025-11-21 13:21:00+00:00,33,1,42007130,4064.4,4068.4,4064.3,4068.1,649,MGCZ5
2025-11-21 13:22:00+00:00,33,1,42007130,4068.1,4069.1,4065.2,4065.8,498,MGCZ5
2025-11-21 13:23:00+00:00,33,1,42007130,4065.7,4065.7,4063.0,4064.3,416,MGCZ5
2025-11-21 13:24:00+00:00,33,1,42007130,4064.2,4064.9,4062.9,4063.8,316,MGCZ5
2025-11-21 13:25:00+00:00,33,1,42007130,4063.8,4065.6,4063.5,4064.2,367,MGCZ5
2025-11-21 13:26:00+00:00,33,1,42007130,4064.1,4065.8,4062.8,4064.8,238,MGCZ5
2025-11-21 13:27:00+00:00,33,1,42007130,4064.9,4067.6,4063.9,4066.8,418,MGCZ5
2025-11-21 13:28:00+00:00,33,1,42007130,4066.6,4067.9,4066.0,4067.2,323,MGCZ5
2025-11-21 13:29:00+00:00,33,1,42007130,4067.3,4067.6,4065.5,4066.0,190,MGCZ5
2025-11-21 13:30:00+00:00,33,1,42007130,4066.0,4070.5,4065.8,4068.5,615,MGCZ5
2025-11-21 13:31:00+00:00,33,1,42007130,4068.7,4068.7,4064.8,4065.0,282,MGCZ5
2025-11-21 13:32:00+00:00,33,1,42007130,4065.1,4068.0,4064.8,4067.1,321,MGCZ5
2025-11-21 13:33:00+00:00,33,1,42007130,4067.0,4068.8,4065.8,4067.6,235,MGCZ5
2025-11-21 13:34:00+00:00,33,1,42007130,4067.4,4069.3,4067.4,4068.0,351,MGCZ5
2025-11-21 13:35:00+00:00,33,1,42007130,4068.0,4068.9,4066.3,4066.9,256,MGCZ5
2025-11-21 13:36:00+00:00,33,1,42007130,4067.6,4069.4,4067.0,4068.6,275,MGCZ5
2025-11-21 13:37:00+00:00,33,1,42007130,4068.7,4069.2,4067.2,4067.4,383,MGCZ5
2025-11-21 13:38:00+00:00,33,1,42007130,4067.3,4067.3,4064.2,4066.5,585,MGCZ5
2025-11-21 13:39:00+00:00,33,1,42007130,4066.6,4067.0,4065.0,4065.9,261,MGCZ5
2025-11-21 13:40:00+00:00,33,1,42007130,4065.8,4066.7,4064.7,4066.1,195,MGCZ5
2025-11-21 13:41:00+00:00,33,1,42007130,4066.5,4066.7,4065.0,4065.5,200,MGCZ5
2025-11-21 13:42:00+00:00,33,1,42007130,4065.6,4067.5,4065.3,4066.1,180,MGCZ5
2025-11-21 13:43:00+00:00,33,1,42007130,4066.1,4069.0,4065.8,4067.4,296,MGCZ5
2025-11-21 13:44:00+00:00,33,1,42007130,4067.5,4071.0,4067.5,4070.8,494,MGCZ5
2025-11-21 13:45:00+00:00,33,1,42007130,4070.9,4074.7,4070.5,4073.3,1174,MGCZ5
2025-11-21 13:46:00+00:00,33,1,42007130,4073.3,4075.8,4073.3,4075.2,747,MGCZ5
2025-11-21 13:47:00+00:00,33,1,42007130,4075.0,4076.3,4071.8,4072.2,710,MGCZ5
2025-11-21 13:48:00+00:00,33,1,42007130,4072.0,4074.2,4071.2,4074.2,409,MGCZ5
2025-11-21 13:49:00+00:00,33,1,42007130,4074.0,4075.3,4073.0,4075.1,463,MGCZ5
2025-11-21 13:50:00+00:00,33,1,42007130,4075.1,4077.3,4074.0,4075.0,642,MGCZ5
2025-11-21 13:51:00+00:00,33,1,42007130,4074.9,4075.0,4072.5,4073.9,363,MGCZ5
2025-11-21 13:52:00+00:00,33,1,42007130,4074.1,4076.1,4073.7,4075.0,283,MGCZ5
2025-11-21 13:53:00+00:00,33,1,42007130,4075.5,4077.1,4075.4,4076.7,470,MGCZ5
2025-11-21 13:54:00+00:00,33,1,42007130,4076.6,4077.0,4074.8,4076.8,306,MGCZ5
2025-11-21 13:55:00+00:00,33,1,42007130,4077.0,4079.4,4076.4,4077.5,800,MGCZ5
2025-11-21 13:56:00+00:00,33,1,42007130,4077.7,4078.7,4075.9,4077.0,378,MGCZ5
2025-11-21 13:57:00+00:00,33,1,42007130,4076.8,4080.2,4075.5,4077.9,669,MGCZ5
2025-11-21 13:58:00+00:00,33,1,42007130,4078.1,4079.2,4076.6,4077.1,433,MGCZ5
2025-11-21 13:59:00+00:00,33,1,42007130,4077.1,4078.8,4076.6,4078.3,418,MGCZ5
2025-11-21 14:00:00+00:00,33,1,42007130,4078.2,4082.0,4078.1,4080.8,1171,MGCZ5
2025-11-21 14:01:00+00:00,33,1,42007130,4080.9,4083.0,4078.6,4081.1,860,MGCZ5
2025-11-21 14:02:00+00:00,33,1,42007130,4081.3,4083.0,4080.0,4080.2,491,MGCZ5
2025-11-21 14:03:00+00:00,33,1,42007130,4080.4,4080.5,4076.6,4077.3,753,MGCZ5
2025-11-21 14:04:00+00:00,33,1,42007130,4077.3,4079.2,4076.4,4077.1,452,MGCZ5
2025-11-21 14:05:00+00:00,33,1,42007130,4077.0,4077.0,4074.6,4075.2,767,MGCZ5
2025-11-21 14:06:00+00:00,33,1,42007130,4075.5,4077.7,4074.3,4076.7,483,MGCZ5
2025-11-21 14:07:00+00:00,33,1,42007130,4076.6,4079.0,4075.4,4075.5,414,MGCZ5
2025-11-21 14:08:00+00:00,33,1,42007130,4075.6,4076.3,4073.3,4073.4,404,MGCZ5
2025-11-21 14:09:00+00:00,33,1,42007130,4073.3,4073.8,4072.0,4072.9,612,MGCZ5
2025-11-21 14:10:00+00:00,33,1,42007130,4072.7,4074.1,4070.6,4070.8,506,MGCZ5
2025-11-21 14:11:00+00:00,33,1,42007130,4070.8,4073.7,4070.5,4072.8,347,MGCZ5
2025-11-21 14:12:00+00:00,33,1,42007130,4072.8,4075.1,4072.2,4073.7,440,MGCZ5
2025-11-21 14:13:00+00:00,33,1,42007130,4073.9,4075.5,4073.0,4073.8,291,MGCZ5
2025-11-21 14:14:00+00:00,33,1,42007130,4074.1,4075.5,4073.6,4075.4,223,MGCZ5
2025-11-21 14:15:00+00:00,33,1,42007130,4075.3,4075.9,4072.2,4072.7,414,MGCZ5
2025-11-21 14:16:00+00:00,33,1,42007130,4073.0,4074.9,4072.1,4072.9,231,MGCZ5
2025-11-21 14:17:00+00:00,33,1,42007130,4072.7,4075.2,4071.5,4074.6,279,MGCZ5
2025-11-21 14:18:00+00:00,33,1,42007130,4074.7,4075.4,4072.4,4072.7,298,MGCZ5
2025-11-21 14:19:00+00:00,33,1,42007130,4072.9,4073.5,4069.0,4069.5,806,MGCZ5
2025-11-21 14:20:00+00:00,33,1,42007130,4069.5,4070.2,4067.3,4068.9,769,MGCZ5
2025-11-21 14:21:00+00:00,33,1,42007130,4069.1,4069.4,4066.8,4067.3,508,MGCZ5
2025-11-21 14:22:00+00:00,33,1,42007130,4067.3,4069.1,4066.5,4066.8,441,MGCZ5
2025-11-21 14:23:00+00:00,33,1,42007130,4067.1,4067.8,4065.3,4066.5,337,MGCZ5
2025-11-21 14:24:00+00:00,33,1,42007130,4066.4,4067.2,4065.2,4065.3,340,MGCZ5
2025-11-21 14:25:00+00:00,33,1,42007130,4065.5,4066.9,4062.7,4066.4,781,MGCZ5
2025-11-21 14:26:00+00:00,33,1,42007130,4066.3,4068.1,4065.1,4066.6,540,MGCZ5
2025-11-21 14:27:00+00:00,33,1,42007130,4066.8,4068.1,4065.3,4065.3,245,MGCZ5
2025-11-21 14:28:00+00:00,33,1,42007130,4065.3,4066.4,4064.6,4066.3,259,MGCZ5
2025-11-21 14:29:00+00:00,33,1,42007130,4066.3,4066.3,4064.6,4065.3,268,MGCZ5
2025-11-21 14:30:00+00:00,33,1,42007130,4065.5,4066.9,4061.6,4065.2,1028,MGCZ5
2025-11-21 14:31:00+00:00,33,1,42007130,4065.3,4065.3,4062.1,4063.5,570,MGCZ5
2025-11-21 14:32:00+00:00,33,1,42007130,4063.6,4065.3,4061.1,4064.1,859,MGCZ5
2025-11-21 14:33:00+00:00,33,1,42007130,4063.9,4064.1,4060.0,4062.6,881,MGCZ5
2025-11-21 14:34:00+00:00,33,1,42007130,4062.5,4066.5,4061.8,4065.9,752,MGCZ5
2025-11-21 14:35:00+00:00,33,1,42007130,4066.2,4066.4,4061.3,4062.7,686,MGCZ5
2025-11-21 14:36:00+00:00,33,1,42007130,4062.5,4066.3,4060.4,4064.8,916,MGCZ5
2025-11-21 14:37:00+00:00,33,1,42007130,4065.0,4069.7,4064.2,4068.8,895,MGCZ5
2025-11-21 14:38:00+00:00,33,1,42007130,4068.9,4069.2,4065.2,4065.7,565,MGCZ5
2025-11-21 14:39:00+00:00,33,1,42007130,4065.4,4066.8,4062.7,4063.5,545,MGCZ5
2025-11-21 14:40:00+00:00,33,1,42007130,4063.4,4066.1,4061.3,4066.0,759,MGCZ5
2025-11-21 14:41:00+00:00,33,1,42007130,4066.1,4069.4,4066.0,4068.5,601,MGCZ5
2025-11-21 14:42:00+00:00,33,1,42007130,4069.1,4069.8,4066.8,4068.8,528,MGCZ5
2025-11-21 14:43:00+00:00,33,1,42007130,4068.3,4068.3,4061.6,4062.3,768,MGCZ5
2025-11-21 14:44:00+00:00,33,1,42007130,4062.2,4063.7,4060.6,4061.4,382,MGCZ5
2025-11-21 14:45:00+00:00,33,1,42007130,4062.5,4066.0,4060.2,4064.9,489,MGCZ5
2025-11-21 14:46:00+00:00,33,1,42007130,4065.0,4065.8,4061.6,4061.6,497,MGCZ5
2025-11-21 14:47:00+00:00,33,1,42007130,4061.5,4063.6,4060.3,4061.4,508,MGCZ5
2025-11-21 14:48:00+00:00,33,1,42007130,4061.4,4065.8,4061.2,4064.3,391,MGCZ5
2025-11-21 14:49:00+00:00,33,1,42007130,4064.9,4068.4,4064.7,4066.1,584,MGCZ5
2025-11-21 14:50:00+00:00,33,1,42007130,4066.2,4072.6,4065.9,4072.1,978,MGCZ5
2025-11-21 14:51:00+00:00,33,1,42007130,4072.4,4072.7,4069.6,4069.9,599,MGCZ5
2025-11-21 14:52:00+00:00,33,1,42007130,4069.7,4070.9,4068.0,4070.1,490,MGCZ5
2025-11-21 14:53:00+00:00,33,1,42007130,4070.0,4071.8,4067.5,4071.2,402,MGCZ5
2025-11-21 14:54:00+00:00,33,1,42007130,4071.5,4074.3,4071.4,4073.1,754,MGCZ5
2025-11-21 14:55:00+00:00,33,1,42007130,4073.2,4073.8,4071.0,4071.5,491,MGCZ5
2025-11-21 14:56:00+00:00,33,1,42007130,4071.6,4072.1,4070.1,4070.9,397,MGCZ5
2025-11-21 14:57:00+00:00,33,1,42007130,4070.9,4072.7,4069.2,4070.2,368,MGCZ5
2025-11-21 14:58:00+00:00,33,1,42007130,4070.5,4071.9,4069.7,4071.3,188,MGCZ5
2025-11-21 14:59:00+00:00,33,1,42007130,4071.8,4071.8,4069.7,4070.4,197,MGCZ5
2025-11-21 15:00:00+00:00,33,1,42007130,4070.0,4076.1,4069.6,4072.7,1222,MGCZ5
2025-11-21 15:01:00+00:00,33,1,42007130,4072.5,4074.1,4070.7,4071.9,689,MGCZ5
2025-11-21 15:02:00+00:00,33,1,42007130,4071.7,4072.6,4069.9,4070.7,549,MGCZ5
2025-11-21 15:03:00+00:00,33,1,42007130,4070.9,4071.4,4067.1,4069.6,875,MGCZ5
2025-11-21 15:04:00+00:00,33,1,42007130,4069.8,4070.9,4067.3,4069.1,537,MGCZ5
2025-11-21 15:05:00+00:00,33,1,42007130,4069.1,4073.5,4068.6,4071.2,705,MGCZ5
2025-11-21 15:06:00+00:00,33,1,42007130,4071.3,4073.0,4070.9,4071.6,434,MGCZ5
2025-11-21 15:07:00+00:00,33,1,42007130,4071.4,4072.2,4067.9,4069.0,487,MGCZ5
2025-11-21 15:08:00+00:00,33,1,42007130,4069.2,4069.5,4065.3,4068.4,743,MGCZ5
2025-11-21 15:09:00+00:00,33,1,42007130,4068.4,4071.0,4066.6,4070.7,448,MGCZ5
2025-11-21 15:10:00+00:00,33,1,42007130,4070.7,4072.5,4069.1,4072.2,481,MGCZ5
2025-11-21 15:11:00+00:00,33,1,42007130,4072.2,4072.2,4070.0,4071.2,296,MGCZ5
2025-11-21 15:12:00+00:00,33,1,42007130,4071.5,4074.8,4070.8,4074.5,506,MGCZ5
2025-11-21 15:13:00+00:00,33,1,42007130,4074.7,4074.8,4071.7,4071.9,547,MGCZ5
2025-11-21 15:14:00+00:00,33,1,42007130,4072.0,4073.4,4070.9,4071.6,244,MGCZ5
2025-11-21 15:15:00+00:00,33,1,42007130,4071.2,4072.2,4069.7,4070.9,494,MGCZ5
2025-11-21 15:16:00+00:00,33,1,42007130,4070.4,4071.2,4068.6,4069.6,508,MGCZ5
2025-11-21 15:17:00+00:00,33,1,42007130,4069.8,4069.8,4066.9,4067.2,473,MGCZ5
2025-11-21 15:18:00+00:00,33,1,42007130,4066.9,4069.5,4066.7,4069.2,424,MGCZ5
2025-11-21 15:19:00+00:00,33,1,42007130,4069.3,4070.8,4068.5,4069.8,641,MGCZ5
2025-11-21 15:20:00+00:00,33,1,42007130,4070.0,4070.5,4066.7,4069.8,473,MGCZ5
2025-11-21 15:21:00+00:00,33,1,42007130,4069.8,4069.8,4066.4,4068.4,267,MGCZ5
2025-11-21 15:22:00+00:00,33,1,42007130,4068.1,4072.1,4066.2,4071.7,555,MGCZ5
2025-11-21 15:23:00+00:00,33,1,42007130,4071.9,4074.0,4071.0,4071.1,470,MGCZ5
2025-11-21 15:24:00+00:00,33,1,42007130,4071.3,4072.9,4069.4,4072.5,430,MGCZ5
2025-11-21 15:25:00+00:00,33,1,42007130,4072.8,4075.6,4072.7,4073.2,853,MGCZ5
2025-11-21 15:26:00+00:00,33,1,42007130,4073.2,4073.2,4069.2,4071.8,516,MGCZ5
2025-11-21 15:27:00+00:00,33,1,42007130,4071.7,4071.9,4068.7,4069.3,325,MGCZ5
2025-11-21 15:28:00+00:00,33,1,42007130,4069.1,4071.0,4068.1,4069.9,297,MGCZ5
2025-11-21 15:29:00+00:00,33,1,42007130,4069.8,4070.6,4067.3,4068.1,722,MGCZ5
2025-11-21 15:30:00+00:00,33,1,42007130,4067.6,4068.8,4066.3,4067.2,482,MGCZ5
2025-11-21 15:31:00+00:00,33,1,42007130,4067.4,4068.2,4065.5,4067.5,475,MGCZ5
2025-11-21 15:32:00+00:00,33,1,42007130,4067.4,4068.8,4065.8,4068.6,397,MGCZ5
2025-11-21 15:33:00+00:00,33,1,42007130,4068.5,4069.2,4067.2,4067.7,322,MGCZ5
2025-11-21 15:34:00+00:00,33,1,42007130,4067.6,4069.0,4064.1,4066.0,584,MGCZ5
2025-11-21 15:35:00+00:00,33,1,42007130,4065.7,4066.4,4063.0,4064.8,694,MGCZ5
2025-11-21 15:36:00+00:00,33,1,42007130,4064.8,4067.1,4063.9,4064.9,540,MGCZ5
2025-11-21 15:37:00+00:00,33,1,42007130,4065.0,4065.4,4062.5,4062.9,884,MGCZ5
2025-11-21 15:38:00+00:00,33,1,42007130,4063.0,4064.1,4060.6,4061.1,871,MGCZ5
2025-11-21 15:39:00+00:00,33,1,42007130,4061.2,4062.4,4058.8,4060.0,798,MGCZ5
2025-11-21 15:40:00+00:00,33,1,42007130,4060.0,4060.2,4053.8,4054.4,1841,MGCZ5
2025-11-21 15:41:00+00:00,33,1,42007130,4054.5,4056.9,4053.2,4054.2,1106,MGCZ5
2025-11-21 15:42:00+00:00,33,1,42007130,4054.4,4057.7,4053.9,4055.5,761,MGCZ5
2025-11-21 15:43:00+00:00,33,1,42007130,4055.6,4059.1,4054.0,4058.7,609,MGCZ5
2025-11-21 15:44:00+00:00,33,1,42007130,4058.5,4062.4,4058.5,4062.2,1125,MGCZ5
2025-11-21 15:45:00+00:00,33,1,42007130,4062.3,4067.2,4061.3,4067.2,1195,MGCZ5
2025-11-21 15:46:00+00:00,33,1,42007130,4067.1,4071.0,4067.0,4069.3,1023,MGCZ5
2025-11-21 15:47:00+00:00,33,1,42007130,4069.4,4070.4,4068.6,4068.8,575,MGCZ5
2025-11-21 15:48:00+00:00,33,1,42007130,4069.2,4069.2,4066.1,4067.1,684,MGCZ5
2025-11-21 15:49:00+00:00,33,1,42007130,4066.8,4067.4,4064.1,4065.2,758,MGCZ5
2025-11-21 15:50:00+00:00,33,1,42007130,4065.0,4065.8,4063.6,4065.6,605,MGCZ5
2025-11-21 15:51:00+00:00,33,1,42007130,4065.3,4066.8,4063.8,4064.4,379,MGCZ5
2025-11-21 15:52:00+00:00,33,1,42007130,4064.6,4066.1,4063.4,4063.7,352,MGCZ5
2025-11-21 15:53:00+00:00,33,1,42007130,4063.5,4064.9,4062.9,4064.7,287,MGCZ5
2025-11-21 15:54:00+00:00,33,1,42007130,4064.5,4067.0,4064.5,4066.5,359,MGCZ5
2025-11-21 15:55:00+00:00,33,1,42007130,4066.4,4068.9,4065.5,4067.0,566,MGCZ5
2025-11-21 15:56:00+00:00,33,1,42007130,4067.0,4068.8,4066.0,4068.5,340,MGCZ5
2025-11-21 15:57:00+00:00,33,1,42007130,4068.4,4070.0,4067.3,4069.1,380,MGCZ5
2025-11-21 15:58:00+00:00,33,1,42007130,4069.1,4071.1,4067.9,4070.6,500,MGCZ5
2025-11-21 15:59:00+00:00,33,1,42007130,4070.6,4071.2,4068.6,4068.6,236,MGCZ5
2025-11-21 16:00:00+00:00,33,1,42007130,4068.5,4070.6,4067.8,4070.0,335,MGCZ5
2025-11-21 16:01:00+00:00,33,1,42007130,4069.8,4070.0,4068.5,4069.6,171,MGCZ5
2025-11-21 16:02:00+00:00,33,1,42007130,4069.3,4071.7,4067.1,4068.0,603,MGCZ5
2025-11-21 16:03:00+00:00,33,1,42007130,4067.8,4069.7,4066.7,4069.0,409,MGCZ5
2025-11-21 16:04:00+00:00,33,1,42007130,4068.7,4068.7,4065.3,4066.7,497,MGCZ5
2025-11-21 16:05:00+00:00,33,1,42007130,4066.7,4066.9,4063.9,4064.6,448,MGCZ5
2025-11-21 16:06:00+00:00,33,1,42007130,4064.6,4064.7,4061.7,4064.6,666,MGCZ5
2025-11-21 16:07:00+00:00,33,1,42007130,4064.8,4067.1,4063.4,4066.3,329,MGCZ5
2025-11-21 16:08:00+00:00,33,1,42007130,4066.6,4066.6,4064.3,4065.7,217,MGCZ5
2025-11-21 16:09:00+00:00,33,1,42007130,4066.0,4066.9,4063.9,4065.0,417,MGCZ5
2025-11-21 16:10:00+00:00,33,1,42007130,4065.2,4065.5,4063.5,4064.0,226,MGCZ5
2025-11-21 16:11:00+00:00,33,1,42007130,4064.6,4065.8,4063.2,4063.7,255,MGCZ5
2025-11-21 16:12:00+00:00,33,1,42007130,4063.6,4066.6,4062.7,4065.7,448,MGCZ5
2025-11-21 16:13:00+00:00,33,1,42007130,4065.6,4068.2,4065.3,4067.1,355,MGCZ5
2025-11-21 16:14:00+00:00,33,1,42007130,4067.2,4067.3,4065.5,4066.2,235,MGCZ5
2025-11-21 16:15:00+00:00,33,1,42007130,4066.2,4066.9,4064.8,4066.6,365,MGCZ5
2025-11-21 16:16:00+00:00,33,1,42007130,4066.5,4068.0,4065.4,4067.6,355,MGCZ5
2025-11-21 16:17:00+00:00,33,1,42007130,4068.0,4069.2,4066.4,4067.5,525,MGCZ5
2025-11-21 16:18:00+00:00,33,1,42007130,4067.6,4067.6,4063.3,4064.8,524,MGCZ5
2025-11-21 16:19:00+00:00,33,1,42007130,4064.7,4068.4,4064.2,4068.4,471,MGCZ5
2025-11-21 16:20:00+00:00,33,1,42007130,4068.1,4068.9,4066.9,4066.9,481,MGCZ5
2025-11-21 16:21:00+00:00,33,1,42007130,4067.0,4067.0,4065.2,4066.2,354,MGCZ5
2025-11-21 16:22:00+00:00,33,1,42007130,4066.4,4069.1,4066.0,4069.0,609,MGCZ5
2025-11-21 16:23:00+00:00,33,1,42007130,4068.7,4070.1,4067.1,4069.3,503,MGCZ5
2025-11-21 16:24:00+00:00,33,1,42007130,4069.4,4070.5,4068.2,4070.5,289,MGCZ5
2025-11-21 16:25:00+00:00,33,1,42007130,4070.5,4070.5,4068.3,4069.5,391,MGCZ5
2025-11-21 16:26:00+00:00,33,1,42007130,4069.4,4069.8,4067.5,4067.5,284,MGCZ5
2025-11-21 16:27:00+00:00,33,1,42007130,4067.4,4069.0,4067.2,4068.1,226,MGCZ5
2025-11-21 16:28:00+00:00,33,1,42007130,4068.2,4070.0,4068.0,4069.4,205,MGCZ5
2025-11-21 16:29:00+00:00,33,1,42007130,4069.1,4070.0,4068.1,4069.0,178,MGCZ5
2025-11-21 16:30:00+00:00,33,1,42007130,4068.5,4070.5,4068.4,4069.7,340,MGCZ5
2025-11-21 16:31:00+00:00,33,1,42007130,4069.9,4073.9,4069.9,4073.9,773,MGCZ5
2025-11-21 16:32:00+00:00,33,1,42007130,4073.8,4074.4,4071.8,4073.0,463,MGCZ5
2025-11-21 16:33:00+00:00,33,1,42007130,4072.8,4073.7,4071.7,4072.2,393,MGCZ5
2025-11-21 16:34:00+00:00,33,1,42007130,4072.0,4075.0,4071.3,4073.1,738,MGCZ5
2025-11-21 16:35:00+00:00,33,1,42007130,4073.3,4074.7,4070.2,4071.1,784,MGCZ5
2025-11-21 16:36:00+00:00,33,1,42007130,4071.1,4071.6,4069.4,4070.1,246,MGCZ5
2025-11-21 16:37:00+00:00,33,1,42007130,4070.1,4072.1,4069.6,4072.1,219,MGCZ5
2025-11-21 16:38:00+00:00,33,1,42007130,4072.1,4074.9,4072.0,4074.6,317,MGCZ5
2025-11-21 16:39:00+00:00,33,1,42007130,4074.7,4076.7,4074.7,4075.5,590,MGCZ5
2025-11-21 16:40:00+00:00,33,1,42007130,4075.6,4076.4,4073.9,4074.2,391,MGCZ5
2025-11-21 16:41:00+00:00,33,1,42007130,4074.0,4075.1,4072.9,4074.7,323,MGCZ5
2025-11-21 16:42:00+00:00,33,1,42007130,4074.9,4078.8,4074.5,4078.8,718,MGCZ5
2025-11-21 16:43:00+00:00,33,1,42007130,4078.8,4079.6,4078.0,4078.9,422,MGCZ5
2025-11-21 16:44:00+00:00,33,1,42007130,4078.7,4080.7,4078.3,4078.6,573,MGCZ5
2025-11-21 16:45:00+00:00,33,1,42007130,4078.6,4079.6,4075.6,4076.8,538,MGCZ5
2025-11-21 16:46:00+00:00,33,1,42007130,4076.7,4078.4,4076.1,4076.5,316,MGCZ5
2025-11-21 16:47:00+00:00,33,1,42007130,4076.3,4078.8,4075.9,4078.0,243,MGCZ5
2025-11-21 16:48:00+00:00,33,1,42007130,4078.2,4080.6,4077.4,4080.3,350,MGCZ5
2025-11-21 16:49:00+00:00,33,1,42007130,4080.6,4082.3,4079.6,4081.9,575,MGCZ5
2025-11-21 16:50:00+00:00,33,1,42007130,4082.3,4093.9,4082.0,4093.0,2923,MGCZ5
2025-11-21 16:51:00+00:00,33,1,42007130,4092.9,4096.6,4092.5,4096.6,1582,MGCZ5
2025-11-21 16:52:00+00:00,33,1,42007130,4096.1,4096.5,4092.1,4093.6,935,MGCZ5
2025-11-21 16:53:00+00:00,33,1,42007130,4093.5,4095.3,4091.3,4092.0,898,MGCZ5
2025-11-21 16:54:00+00:00,33,1,42007130,4091.9,4095.1,4091.2,4094.1,721,MGCZ5
2025-11-21 16:55:00+00:00,33,1,42007130,4093.8,4099.4,4093.8,4097.4,1208,MGCZ5
2025-11-21 16:56:00+00:00,33,1,42007130,4097.7,4100.0,4096.8,4098.9,857,MGCZ5
2025-11-21 16:57:00+00:00,33,1,42007130,4098.8,4099.4,4096.8,4097.6,617,MGCZ5
2025-11-21 16:58:00+00:00,33,1,42007130,4097.4,4098.5,4095.3,4096.5,571,MGCZ5
2025-11-21 16:59:00+00:00,33,1,42007130,4096.8,4100.6,4096.4,4099.9,717,MGCZ5
2025-11-21 17:00:00+00:00,33,1,42007130,4099.6,4101.1,4094.9,4094.9,1117,MGCZ5
2025-11-21 17:01:00+00:00,33,1,42007130,4094.9,4096.1,4092.4,4094.4,939,MGCZ5
2025-11-21 17:02:00+00:00,33,1,42007130,4094.5,4095.9,4090.0,4091.4,851,MGCZ5
2025-11-21 17:03:00+00:00,33,1,42007130,4091.5,4093.5,4089.2,4092.8,890,MGCZ5
2025-11-21 17:04:00+00:00,33,1,42007130,4093.0,4093.2,4091.2,4092.6,501,MGCZ5
2025-11-21 17:05:00+00:00,33,1,42007130,4092.5,4092.5,4090.2,4090.8,396,MGCZ5
2025-11-21 17:06:00+00:00,33,1,42007130,4091.1,4091.1,4087.6,4088.8,606,MGCZ5
2025-11-21 17:07:00+00:00,33,1,42007130,4088.9,4091.3,4088.2,4089.6,542,MGCZ5
2025-11-21 17:08:00+00:00,33,1,42007130,4089.7,4090.7,4088.9,4090.4,203,MGCZ5
2025-11-21 17:09:00+00:00,33,1,42007130,4090.4,4090.4,4088.1,4089.1,411,MGCZ5
2025-11-21 17:10:00+00:00,33,1,42007130,4088.9,4089.1,4085.0,4086.2,947,MGCZ5
2025-11-21 17:11:00+00:00,33,1,42007130,4086.3,4087.9,4084.9,4087.9,352,MGCZ5
2025-11-21 17:12:00+00:00,33,1,42007130,4087.9,4088.0,4084.7,4085.4,400,MGCZ5
2025-11-21 17:13:00+00:00,33,1,42007130,4085.0,4085.5,4082.6,4085.0,574,MGCZ5
2025-11-21 17:14:00+00:00,33,1,42007130,4084.9,4085.9,4083.8,4084.1,259,MGCZ5
2025-11-21 17:15:00+00:00,33,1,42007130,4084.2,4085.0,4081.7,4083.3,542,MGCZ5
2025-11-21 17:16:00+00:00,33,1,42007130,4083.3,4084.4,4082.7,4084.0,450,MGCZ5
2025-11-21 17:17:00+00:00,33,1,42007130,4083.8,4087.3,4083.8,4084.7,754,MGCZ5
2025-11-21 17:18:00+00:00,33,1,42007130,4084.7,4085.7,4084.1,4085.3,280,MGCZ5
2025-11-21 17:19:00+00:00,33,1,42007130,4085.7,4086.7,4083.7,4083.8,337,MGCZ5
2025-11-21 17:20:00+00:00,33,1,42007130,4084.0,4084.0,4079.7,4081.4,818,MGCZ5
2025-11-21 17:21:00+00:00,33,1,42007130,4081.5,4082.9,4080.9,4081.4,309,MGCZ5
2025-11-21 17:22:00+00:00,33,1,42007130,4081.7,4083.2,4081.6,4082.9,200,MGCZ5
2025-11-21 17:23:00+00:00,33,1,42007130,4082.9,4083.3,4081.3,4082.8,272,MGCZ5
2025-11-21 17:24:00+00:00,33,1,42007130,4083.1,4084.5,4082.4,4082.5,445,MGCZ5
2025-11-21 17:25:00+00:00,33,1,42007130,4082.6,4085.1,4081.8,4083.7,472,MGCZ5
2025-11-21 17:26:00+00:00,33,1,42007130,4083.5,4083.9,4082.3,4083.5,219,MGCZ5
2025-11-21 17:27:00+00:00,33,1,42007130,4083.4,4083.4,4080.7,4082.2,267,MGCZ5
2025-11-21 17:28:00+00:00,33,1,42007130,4082.3,4082.4,4078.7,4079.4,523,MGCZ5
2025-11-21 17:29:00+00:00,33,1,42007130,4079.2,4082.0,4079.2,4081.4,256,MGCZ5
2025-11-21 17:30:00+00:00,33,1,42007130,4082.0,4082.9,4080.9,4081.9,266,MGCZ5
2025-11-21 17:31:00+00:00,33,1,42007130,4081.9,4084.2,4081.5,4081.8,373,MGCZ5
2025-11-21 17:32:00+00:00,33,1,42007130,4082.3,4084.3,4081.7,4083.8,318,MGCZ5
2025-11-21 17:33:00+00:00,33,1,42007130,4083.7,4084.4,4082.7,4082.7,257,MGCZ5
2025-11-21 17:34:00+00:00,33,1,42007130,4082.7,4083.8,4081.8,4081.8,177,MGCZ5
2025-11-21 17:35:00+00:00,33,1,42007130,4081.8,4083.2,4081.3,4083.0,316,MGCZ5
2025-11-21 17:36:00+00:00,33,1,42007130,4082.7,4083.9,4082.2,4082.7,119,MGCZ5
2025-11-21 17:37:00+00:00,33,1,42007130,4082.8,4083.1,4080.5,4081.1,293,MGCZ5
2025-11-21 17:38:00+00:00,33,1,42007130,4081.1,4081.3,4079.4,4080.0,259,MGCZ5
2025-11-21 17:39:00+00:00,33,1,42007130,4080.0,4083.0,4079.6,4082.4,276,MGCZ5
2025-11-21 17:40:00+00:00,33,1,42007130,4082.8,4083.4,4081.3,4081.4,190,MGCZ5
2025-11-21 17:41:00+00:00,33,1,42007130,4081.4,4081.8,4079.7,4081.8,174,MGCZ5
2025-11-21 17:42:00+00:00,33,1,42007130,4081.0,4081.2,4079.0,4080.2,282,MGCZ5
2025-11-21 17:43:00+00:00,33,1,42007130,4080.4,4082.0,4080.2,4082.0,140,MGCZ5
2025-11-21 17:44:00+00:00,33,1,42007130,4082.1,4083.8,4082.1,4083.1,306,MGCZ5
2025-11-21 17:45:00+00:00,33,1,42007130,4083.0,4085.2,4082.5,4083.7,458,MGCZ5
2025-11-21 17:46:00+00:00,33,1,42007130,4083.8,4083.9,4080.5,4082.4,288,MGCZ5
2025-11-21 17:47:00+00:00,33,1,42007130,4082.5,4083.1,4081.7,4082.4,128,MGCZ5
2025-11-21 17:48:00+00:00,33,1,42007130,4082.4,4084.4,4081.5,4084.3,164,MGCZ5
2025-11-21 17:49:00+00:00,33,1,42007130,4084.2,4085.6,4084.0,4085.1,297,MGCZ5
2025-11-21 17:50:00+00:00,33,1,42007130,4085.1,4085.3,4084.0,4084.8,179,MGCZ5
2025-11-21 17:51:00+00:00,33,1,42007130,4084.5,4086.2,4083.4,4085.8,390,MGCZ5
2025-11-21 17:52:00+00:00,33,1,42007130,4085.6,4086.2,4083.8,4085.5,226,MGCZ5
2025-11-21 17:53:00+00:00,33,1,42007130,4085.6,4087.3,4085.1,4087.2,385,MGCZ5
2025-11-21 17:54:00+00:00,33,1,42007130,4087.2,4088.3,4086.7,4087.4,401,MGCZ5
2025-11-21 17:55:00+00:00,33,1,42007130,4087.6,4088.4,4085.2,4085.9,451,MGCZ5
2025-11-21 17:56:00+00:00,33,1,42007130,4085.6,4086.3,4084.6,4085.3,270,MGCZ5
2025-11-21 17:57:00+00:00,33,1,42007130,4085.5,4085.6,4083.3,4085.2,318,MGCZ5
2025-11-21 17:58:00+00:00,33,1,42007130,4085.2,4085.7,4084.1,4084.3,208,MGCZ5
2025-11-21 17:59:00+00:00,33,1,42007130,4084.2,4085.7,4083.9,4085.0,184,MGCZ5
2025-11-21 18:00:00+00:00,33,1,42007130,4084.8,4087.3,4084.7,4086.0,438,MGCZ5
2025-11-21 18:01:00+00:00,33,1,42007130,4085.8,4086.1,4084.8,4085.2,91,MGCZ5
2025-11-21 18:02:00+00:00,33,1,42007130,4084.8,4085.7,4084.0,4085.3,172,MGCZ5
2025-11-21 18:03:00+00:00,33,1,42007130,4085.1,4085.8,4083.6,4085.7,232,MGCZ5
2025-11-21 18:04:00+00:00,33,1,42007130,4085.3,4085.3,4080.7,4081.5,578,MGCZ5
2025-11-21 18:05:00+00:00,33,1,42007130,4081.6,4082.0,4079.5,4080.7,356,MGCZ5
2025-11-21 18:06:00+00:00,33,1,42007130,4080.9,4082.3,4080.5,4081.0,237,MGCZ5
2025-11-21 18:07:00+00:00,33,1,42007130,4080.8,4081.6,4079.5,4081.6,226,MGCZ5
2025-11-21 18:08:00+00:00,33,1,42007130,4081.7,4083.4,4080.6,4082.3,229,MGCZ5
2025-11-21 18:09:00+00:00,33,1,42007130,4082.3,4085.2,4082.0,4085.2,192,MGCZ5
2025-11-21 18:10:00+00:00,33,1,42007130,4085.2,4085.3,4083.8,4084.3,218,MGCZ5
2025-11-21 18:11:00+00:00,33,1,42007130,4084.9,4085.2,4081.9,4082.3,362,MGCZ5
2025-11-21 18:12:00+00:00,33,1,42007130,4082.3,4082.7,4081.1,4081.7,238,MGCZ5
2025-11-21 18:13:00+00:00,33,1,42007130,4081.6,4081.7,4080.5,4080.6,240,MGCZ5
2025-11-21 18:14:00+00:00,33,1,42007130,4080.2,4081.6,4079.9,4080.4,232,MGCZ5
2025-11-21 18:15:00+00:00,33,1,42007130,4080.7,4081.3,4079.4,4080.8,412,MGCZ5
2025-11-21 18:16:00+00:00,33,1,42007130,4080.7,4081.9,4080.0,4081.9,130,MGCZ5
2025-11-21 18:17:00+00:00,33,1,42007130,4081.7,4082.3,4080.3,4081.9,155,MGCZ5
2025-11-21 18:18:00+00:00,33,1,42007130,4081.5,4081.8,4081.0,4081.4,68,MGCZ5
2025-11-21 18:19:00+00:00,33,1,42007130,4081.5,4082.2,4080.8,4080.9,138,MGCZ5
2025-11-21 18:20:00+00:00,33,1,42007130,4081.5,4083.1,4081.1,4081.4,370,MGCZ5
2025-11-21 18:21:00+00:00,33,1,42007130,4082.0,4083.5,4081.4,4083.0,218,MGCZ5
2025-11-21 18:22:00+00:00,33,1,42007130,4082.5,4083.2,4081.9,4083.0,205,MGCZ5
2025-11-21 18:23:00+00:00,33,1,42007130,4082.8,4084.1,4082.3,4082.8,154,MGCZ5
2025-11-21 18:24:00+00:00,33,1,42007130,4082.6,4083.0,4080.6,4080.7,197,MGCZ5
2025-11-21 18:25:00+00:00,33,1,42007130,4080.8,4082.0,4080.2,4081.0,213,MGCZ5
2025-11-21 18:26:00+00:00,33,1,42007130,4080.9,4081.4,4080.0,4080.8,178,MGCZ5
2025-11-21 18:27:00+00:00,33,1,42007130,4080.3,4080.6,4079.5,4079.6,216,MGCZ5
2025-11-21 18:28:00+00:00,33,1,42007130,4079.6,4081.0,4078.9,4080.7,294,MGCZ5
2025-11-21 18:29:00+00:00,33,1,42007130,4080.7,4081.5,4078.1,4079.2,790,MGCZ5
2025-11-21 18:30:00+00:00,33,1,42007130,4079.1,4079.1,4076.1,4077.3,959,MGCZ5
2025-11-21 18:31:00+00:00,33,1,42007130,4077.4,4077.8,4075.5,4076.6,349,MGCZ5
2025-11-21 18:32:00+00:00,33,1,42007130,4076.5,4077.8,4076.2,4077.0,198,MGCZ5
2025-11-21 18:33:00+00:00,33,1,42007130,4077.2,4079.0,4077.1,4078.4,348,MGCZ5
2025-11-21 18:34:00+00:00,33,1,42007130,4078.3,4079.8,4077.5,4078.4,220,MGCZ5
2025-11-21 18:35:00+00:00,33,1,42007130,4078.4,4079.4,4077.9,4078.4,116,MGCZ5
2025-11-21 18:36:00+00:00,33,1,42007130,4078.4,4079.6,4078.4,4079.1,161,MGCZ5
2025-11-21 18:37:00+00:00,33,1,42007130,4079.0,4079.1,4078.0,4078.2,133,MGCZ5
2025-11-21 18:38:00+00:00,33,1,42007130,4078.5,4080.7,4078.1,4080.3,202,MGCZ5
2025-11-21 18:39:00+00:00,33,1,42007130,4080.3,4081.2,4079.8,4080.4,184,MGCZ5
2025-11-21 18:40:00+00:00,33,1,42007130,4080.4,4080.4,4077.6,4078.0,264,MGCZ5
2025-11-21 18:41:00+00:00,33,1,42007130,4077.8,4077.8,4076.3,4077.5,209,MGCZ5
2025-11-21 18:42:00+00:00,33,1,42007130,4077.5,4077.5,4076.2,4076.6,206,MGCZ5
2025-11-21 18:43:00+00:00,33,1,42007130,4076.7,4077.6,4075.7,4077.4,232,MGCZ5
2025-11-21 18:44:00+00:00,33,1,42007130,4077.2,4078.9,4077.2,4078.9,181,MGCZ5
2025-11-21 18:45:00+00:00,33,1,42007130,4078.9,4080.5,4078.9,4079.6,259,MGCZ5
2025-11-21 18:46:00+00:00,33,1,42007130,4079.8,4080.2,4078.7,4079.9,222,MGCZ5
2025-11-21 18:47:00+00:00,33,1,42007130,4080.1,4083.5,4079.7,4082.8,603,MGCZ5
2025-11-21 18:48:00+00:00,33,1,42007130,4082.9,4087.1,4082.3,4085.3,783,MGCZ5
2025-11-21 18:49:00+00:00,33,1,42007130,4085.4,4087.6,4083.2,4083.9,497,MGCZ5
2025-11-21 18:50:00+00:00,33,1,42007130,4083.9,4085.7,4083.6,4084.7,343,MGCZ5
2025-11-21 18:51:00+00:00,33,1,42007130,4084.4,4085.0,4083.8,4084.7,204,MGCZ5
2025-11-21 18:52:00+00:00,33,1,42007130,4084.7,4084.8,4081.5,4081.7,434,MGCZ5
2025-11-21 18:53:00+00:00,33,1,42007130,4082.2,4084.4,4082.2,4082.8,211,MGCZ5
2025-11-21 18:54:00+00:00,33,1,42007130,4082.9,4083.1,4081.0,4081.7,270,MGCZ5
2025-11-21 18:55:00+00:00,33,1,42007130,4081.0,4083.4,4080.7,4082.7,254,MGCZ5
2025-11-21 18:56:00+00:00,33,1,42007130,4082.8,4083.8,4082.3,4082.9,212,MGCZ5
2025-11-21 18:57:00+00:00,33,1,42007130,4083.0,4083.0,4081.7,4082.6,167,MGCZ5
2025-11-21 18:58:00+00:00,33,1,42007130,4082.5,4082.7,4081.1,4082.2,180,MGCZ5
2025-11-21 18:59:00+00:00,33,1,42007130,4082.2,4082.4,4081.1,4081.8,128,MGCZ5
2025-11-21 19:00:00+00:00,33,1,42007130,4082.0,4083.6,4082.0,4082.9,311,MGCZ5
2025-11-21 19:01:00+00:00,33,1,42007130,4083.5,4084.2,4082.7,4082.9,177,MGCZ5
2025-11-21 19:02:00+00:00,33,1,42007130,4083.0,4083.9,4081.8,4083.9,151,MGCZ5
2025-11-21 19:03:00+00:00,33,1,42007130,4083.8,4084.6,4083.3,4084.0,158,MGCZ5
2025-11-21 19:04:00+00:00,33,1,42007130,4083.9,4084.8,4083.9,4084.2,129,MGCZ5
2025-11-21 19:05:00+00:00,33,1,42007130,4084.3,4085.4,4083.4,4083.6,146,MGCZ5
2025-11-21 19:06:00+00:00,33,1,42007130,4083.5,4084.1,4082.5,4083.5,149,MGCZ5
2025-11-21 19:07:00+00:00,33,1,42007130,4083.7,4084.7,4083.4,4084.7,99,MGCZ5
2025-11-21 19:08:00+00:00,33,1,42007130,4084.8,4085.2,4083.8,4084.3,79,MGCZ5
2025-11-21 19:09:00+00:00,33,1,42007130,4084.2,4085.1,4083.9,4084.1,105,MGCZ5
2025-11-21 19:10:00+00:00,33,1,42007130,4084.2,4084.7,4083.1,4084.5,179,MGCZ5
2025-11-21 19:11:00+00:00,33,1,42007130,4084.3,4085.2,4084.1,4085.0,103,MGCZ5
2025-11-21 19:12:00+00:00,33,1,42007130,4085.1,4085.7,4084.3,4084.3,114,MGCZ5
2025-11-21 19:13:00+00:00,33,1,42007130,4084.3,4084.8,4083.3,4083.8,127,MGCZ5
2025-11-21 19:14:00+00:00,33,1,42007130,4083.8,4084.9,4083.6,4083.8,73,MGCZ5
2025-11-21 19:15:00+00:00,33,1,42007130,4083.9,4084.6,4083.5,4084.3,77,MGCZ5
2025-11-21 19:16:00+00:00,33,1,42007130,4084.6,4085.9,4084.6,4085.6,132,MGCZ5
2025-11-21 19:17:00+00:00,33,1,42007130,4085.7,4086.8,4085.0,4085.8,316,MGCZ5
2025-11-21 19:18:00+00:00,33,1,42007130,4085.8,4085.8,4084.6,4085.7,101,MGCZ5
2025-11-21 19:19:00+00:00,33,1,42007130,4085.6,4086.5,4085.5,4086.1,95,MGCZ5
2025-11-21 19:20:00+00:00,33,1,42007130,4086.0,4086.9,4085.7,4086.6,151,MGCZ5
2025-11-21 19:21:00+00:00,33,1,42007130,4086.5,4086.6,4085.8,4086.2,125,MGCZ5
2025-11-21 19:22:00+00:00,33,1,42007130,4086.4,4087.7,4086.2,4087.7,151,MGCZ5
2025-11-21 19:23:00+00:00,33,1,42007130,4087.6,4088.6,4086.9,4088.5,258,MGCZ5
2025-11-21 19:24:00+00:00,33,1,42007130,4088.5,4089.0,4087.7,4088.8,224,MGCZ5
2025-11-21 19:25:00+00:00,33,1,42007130,4088.8,4091.9,4088.6,4089.7,813,MGCZ5
2025-11-21 19:26:00+00:00,33,1,42007130,4089.6,4090.1,4088.4,4089.1,221,MGCZ5
2025-11-21 19:27:00+00:00,33,1,42007130,4089.1,4090.0,4088.1,4088.3,206,MGCZ5
2025-11-21 19:28:00+00:00,33,1,42007130,4088.1,4089.1,4087.3,4089.1,246,MGCZ5
2025-11-21 19:29:00+00:00,33,1,42007130,4088.9,4090.2,4088.8,4090.2,224,MGCZ5
2025-11-21 19:30:00+00:00,33,1,42007130,4090.3,4091.3,4089.6,4089.6,290,MGCZ5
2025-11-21 19:31:00+00:00,33,1,42007130,4089.7,4091.7,4088.9,4091.4,264,MGCZ5
2025-11-21 19:32:00+00:00,33,1,42007130,4091.5,4091.5,4089.4,4090.0,179,MGCZ5
2025-11-21 19:33:00+00:00,33,1,42007130,4090.1,4090.5,4089.5,4090.0,108,MGCZ5
2025-11-21 19:34:00+00:00,33,1,42007130,4089.9,4089.9,4087.5,4088.4,295,MGCZ5
2025-11-21 19:35:00+00:00,33,1,42007130,4088.4,4089.4,4088.1,4089.3,180,MGCZ5
2025-11-21 19:36:00+00:00,33,1,42007130,4089.1,4090.6,4088.9,4090.1,126,MGCZ5
2025-11-21 19:37:00+00:00,33,1,42007130,4089.7,4090.4,4088.9,4090.1,83,MGCZ5
2025-11-21 19:38:00+00:00,33,1,42007130,4090.1,4090.2,4088.8,4089.1,59,MGCZ5
2025-11-21 19:39:00+00:00,33,1,42007130,4089.0,4089.8,4088.6,4088.9,85,MGCZ5
2025-11-21 19:40:00+00:00,33,1,42007130,4088.8,4089.1,4086.6,4086.6,350,MGCZ5
2025-11-21 19:41:00+00:00,33,1,42007130,4086.7,4087.6,4086.6,4087.5,228,MGCZ5
2025-11-21 19:42:00+00:00,33,1,42007130,4087.6,4087.8,4086.9,4087.6,89,MGCZ5
2025-11-21 19:43:00+00:00,33,1,42007130,4087.7,4087.8,4084.5,4085.8,362,MGCZ5
2025-11-21 19:44:00+00:00,33,1,42007130,4085.8,4086.1,4084.8,4085.3,131,MGCZ5
2025-11-21 19:45:00+00:00,33,1,42007130,4085.0,4086.0,4084.8,4085.4,157,MGCZ5
2025-11-21 19:46:00+00:00,33,1,42007130,4085.4,4085.6,4083.9,4085.2,301,MGCZ5
2025-11-21 19:47:00+00:00,33,1,42007130,4085.2,4085.8,4083.8,4085.4,258,MGCZ5
2025-11-21 19:48:00+00:00,33,1,42007130,4085.6,4088.5,4085.6,4088.3,295,MGCZ5
2025-11-21 19:49:00+00:00,33,1,42007130,4088.2,4088.3,4087.0,4087.6,188,MGCZ5
2025-11-21 19:50:00+00:00,33,1,42007130,4087.5,4088.2,4086.6,4088.1,141,MGCZ5
2025-11-21 19:51:00+00:00,33,1,42007130,4088.0,4088.5,4087.1,4088.5,121,MGCZ5
2025-11-21 19:52:00+00:00,33,1,42007130,4088.5,4088.8,4086.7,4087.0,141,MGCZ5
2025-11-21 19:53:00+00:00,33,1,42007130,4087.1,4087.6,4085.6,4085.6,148,MGCZ5
2025-11-21 19:54:00+00:00,33,1,42007130,4085.6,4087.3,4084.4,4087.3,198,MGCZ5
2025-11-21 19:55:00+00:00,33,1,42007130,4087.0,4088.4,4086.5,4088.1,204,MGCZ5
2025-11-21 19:56:00+00:00,33,1,42007130,4088.4,4088.4,4086.7,4087.1,88,MGCZ5
2025-11-21 19:57:00+00:00,33,1,42007130,4087.1,4087.1,4086.3,4086.5,82,MGCZ5
2025-11-21 19:58:00+00:00,33,1,42007130,4086.6,4086.8,4085.9,4086.0,61,MGCZ5
2025-11-21 19:59:00+00:00,33,1,42007130,4085.9,4087.7,4085.9,4087.2,112,MGCZ5
2025-11-21 20:00:00+00:00,33,1,42007130,4086.9,4088.2,4086.7,4087.5,593,MGCZ5
2025-11-21 20:01:00+00:00,33,1,42007130,4087.5,4087.5,4086.0,4086.4,109,MGCZ5
2025-11-21 20:02:00+00:00,33,1,42007130,4086.4,4086.4,4084.6,4085.4,126,MGCZ5
2025-11-21 20:03:00+00:00,33,1,42007130,4085.4,4087.0,4085.2,4086.6,124,MGCZ5
2025-11-21 20:04:00+00:00,33,1,42007130,4086.3,4086.7,4084.9,4085.2,140,MGCZ5
2025-11-21 20:05:00+00:00,33,1,42007130,4085.1,4085.6,4082.7,4083.3,426,MGCZ5
2025-11-21 20:06:00+00:00,33,1,42007130,4083.3,4084.0,4081.1,4081.8,349,MGCZ5
2025-11-21 20:07:00+00:00,33,1,42007130,4081.8,4083.0,4081.2,4081.9,201,MGCZ5
2025-11-21 20:08:00+00:00,33,1,42007130,4081.9,4083.0,4081.4,4082.6,189,MGCZ5
2025-11-21 20:09:00+00:00,33,1,42007130,4082.8,4084.1,4082.4,4083.8,155,MGCZ5
2025-11-21 20:10:00+00:00,33,1,42007130,4083.7,4084.1,4082.7,4083.3,149,MGCZ5
2025-11-21 20:11:00+00:00,33,1,42007130,4083.0,4083.9,4082.9,4083.5,112,MGCZ5
2025-11-21 20:12:00+00:00,33,1,42007130,4083.2,4083.6,4081.5,4081.8,178,MGCZ5
2025-11-21 20:13:00+00:00,33,1,42007130,4081.6,4081.9,4080.5,4080.8,226,MGCZ5
2025-11-21 20:14:00+00:00,33,1,42007130,4080.7,4081.1,4079.5,4080.4,322,MGCZ5
2025-11-21 20:15:00+00:00,33,1,42007130,4080.4,4080.4,4079.3,4080.1,177,MGCZ5
2025-11-21 20:16:00+00:00,33,1,42007130,4079.7,4080.0,4078.8,4079.6,233,MGCZ5
2025-11-21 20:17:00+00:00,33,1,42007130,4079.6,4081.0,4078.2,4081.0,244,MGCZ5
2025-11-21 20:18:00+00:00,33,1,42007130,4081.0,4082.4,4080.7,4081.2,247,MGCZ5
2025-11-21 20:19:00+00:00,33,1,42007130,4081.2,4082.1,4081.2,4081.5,129,MGCZ5
2025-11-21 20:20:00+00:00,33,1,42007130,4081.8,4081.8,4079.8,4080.3,140,MGCZ5
2025-11-21 20:21:00+00:00,33,1,42007130,4080.2,4080.4,4079.1,4079.4,169,MGCZ5
2025-11-21 20:22:00+00:00,33,1,42007130,4079.8,4080.8,4079.2,4080.6,243,MGCZ5
2025-11-21 20:23:00+00:00,33,1,42007130,4080.7,4080.7,4067.5,4069.8,2219,MGCZ5
2025-11-21 20:24:00+00:00,33,1,42007130,4069.7,4070.6,4067.4,4068.8,789,MGCZ5
2025-11-21 20:25:00+00:00,33,1,42007130,4068.7,4072.5,4068.7,4071.4,552,MGCZ5
2025-11-21 20:26:00+00:00,33,1,42007130,4071.5,4071.8,4068.7,4069.8,440,MGCZ5
2025-11-21 20:27:00+00:00,33,1,42007130,4069.6,4071.3,4068.7,4069.8,300,MGCZ5
2025-11-21 20:28:00+00:00,33,1,42007130,4069.5,4070.3,4066.5,4067.5,475,MGCZ5
2025-11-21 20:29:00+00:00,33,1,42007130,4067.8,4069.1,4065.8,4067.8,405,MGCZ5
2025-11-21 20:30:00+00:00,33,1,42007130,4067.5,4067.5,4060.0,4062.0,1062,MGCZ5
2025-11-21 20:31:00+00:00,33,1,42007130,4062.0,4063.2,4058.9,4061.4,730,MGCZ5
2025-11-21 20:32:00+00:00,33,1,42007130,4061.5,4061.8,4059.3,4059.9,412,MGCZ5
2025-11-21 20:33:00+00:00,33,1,42007130,4059.8,4061.5,4057.2,4060.7,708,MGCZ5
2025-11-21 20:34:00+00:00,33,1,42007130,4060.7,4063.3,4059.8,4061.2,509,MGCZ5
2025-11-21 20:35:00+00:00,33,1,42007130,4061.6,4063.4,4059.1,4060.8,410,MGCZ5
2025-11-21 20:36:00+00:00,33,1,42007130,4060.5,4061.1,4057.5,4057.5,448,MGCZ5
2025-11-21 20:37:00+00:00,33,1,42007130,4057.6,4059.2,4054.9,4056.3,586,MGCZ5
2025-11-21 20:38:00+00:00,33,1,42007130,4056.4,4057.5,4055.6,4056.5,356,MGCZ5
2025-11-21 20:39:00+00:00,33,1,42007130,4056.4,4061.1,4056.2,4060.9,487,MGCZ5
2025-11-21 20:40:00+00:00,33,1,42007130,4060.8,4061.4,4057.5,4058.6,267,MGCZ5
2025-11-21 20:41:00+00:00,33,1,42007130,4058.6,4058.8,4056.2,4057.6,282,MGCZ5
2025-11-21 20:42:00+00:00,33,1,42007130,4057.9,4058.1,4055.0,4055.1,250,MGCZ5
2025-11-21 20:43:00+00:00,33,1,42007130,4055.5,4059.2,4055.0,4058.2,375,MGCZ5
2025-11-21 20:44:00+00:00,33,1,42007130,4058.4,4058.5,4056.3,4058.0,213,MGCZ5
2025-11-21 20:45:00+00:00,33,1,42007130,4058.1,4059.1,4056.5,4059.0,215,MGCZ5
2025-11-21 20:46:00+00:00,33,1,42007130,4059.1,4061.3,4058.0,4060.9,243,MGCZ5
2025-11-21 20:47:00+00:00,33,1,42007130,4061.1,4062.7,4059.1,4060.5,385,MGCZ5
2025-11-21 20:48:00+00:00,33,1,42007130,4060.5,4060.5,4055.8,4057.5,389,MGCZ5
2025-11-21 20:49:00+00:00,33,1,42007130,4057.9,4058.8,4056.0,4056.0,246,MGCZ5
2025-11-21 20:50:00+00:00,33,1,42007130,4055.8,4057.3,4053.5,4053.9,572,MGCZ5
2025-11-21 20:51:00+00:00,33,1,42007130,4054.1,4059.2,4053.6,4058.2,441,MGCZ5
2025-11-21 20:52:00+00:00,33,1,42007130,4058.5,4058.7,4056.9,4058.3,204,MGCZ5
2025-11-21 20:53:00+00:00,33,1,42007130,4058.3,4059.1,4057.2,4058.2,172,MGCZ5
2025-11-21 20:54:00+00:00,33,1,42007130,4058.2,4061.3,4057.4,4060.8,382,MGCZ5
2025-11-21 20:55:00+00:00,33,1,42007130,4061.0,4062.0,4060.0,4061.5,328,MGCZ5
2025-11-21 20:56:00+00:00,33,1,42007130,4061.4,4061.6,4059.8,4061.0,201,MGCZ5
2025-11-21 20:57:00+00:00,33,1,42007130,4060.7,4061.6,4060.0,4060.3,230,MGCZ5
2025-11-21 20:58:00+00:00,33,1,42007130,4060.2,4062.8,4059.1,4061.6,593,MGCZ5
2025-11-21 20:59:00+00:00,33,1,42007130,4061.7,4066.9,4061.7,4064.5,1224,MGCZ5
2025-11-21 21:00:00+00:00,33,1,42007130,4064.6,4066.2,4062.4,4063.2,579,MGCZ5
2025-11-21 21:01:00+00:00,33,1,42007130,4063.2,4063.8,4060.1,4060.3,296,MGCZ5
2025-11-21 21:02:00+00:00,33,1,42007130,4060.2,4060.8,4058.8,4059.2,254,MGCZ5
2025-11-21 21:03:00+00:00,33,1,42007130,4059.2,4059.9,4057.8,4058.1,203,MGCZ5
2025-11-21 21:04:00+00:00,33,1,42007130,4058.2,4059.3,4057.3,4057.3,172,MGCZ5
2025-11-21 21:05:00+00:00,33,1,42007130,4057.4,4058.3,4057.4,4057.5,123,MGCZ5
2025-11-21 21:06:00+00:00,33,1,42007130,4057.5,4058.2,4055.9,4056.4,220,MGCZ5
2025-11-21 21:07:00+00:00,33,1,42007130,4056.4,4056.4,4054.3,4054.5,208,MGCZ5
2025-11-21 21:08:00+00:00,33,1,42007130,4054.5,4055.4,4052.9,4053.3,298,MGCZ5
2025-11-21 21:09:00+00:00,33,1,42007130,4053.4,4053.9,4052.5,4053.2,193,MGCZ5
2025-11-21 21:10:00+00:00,33,1,42007130,4053.2,4054.3,4052.4,4052.8,229,MGCZ5
2025-11-21 21:11:00+00:00,33,1,42007130,4052.9,4053.3,4052.2,4052.3,173,MGCZ5
2025-11-21 21:12:00+00:00,33,1,42007130,4052.3,4054.1,4052.3,4054.1,226,MGCZ5
2025-11-21 21:13:00+00:00,33,1,42007130,4054.0,4056.3,4053.8,4056.0,320,MGCZ5
2025-11-21 21:14:00+00:00,33,1,42007130,4056.3,4057.1,4055.7,4056.9,97,MGCZ5
2025-11-21 21:15:00+00:00,33,1,42007130,4057.1,4057.8,4056.6,4057.8,160,MGCZ5
2025-11-21 21:16:00+00:00,33,1,42007130,4057.7,4059.0,4057.6,4057.8,179,MGCZ5
2025-11-21 21:17:00+00:00,33,1,42007130,4057.8,4057.8,4055.6,4056.3,141,MGCZ5
2025-11-21 21:18:00+00:00,33,1,42007130,4056.3,4057.5,4055.2,4057.3,163,MGCZ5
2025-11-21 21:19:00+00:00,33,1,42007130,4057.4,4059.1,4057.0,4059.1,140,MGCZ5
2025-11-21 21:20:00+00:00,33,1,42007130,4059.2,4060.0,4058.9,4060.0,173,MGCZ5
2025-11-21 21:21:00+00:00,33,1,42007130,4059.8,4060.3,4059.1,4059.5,90,MGCZ5
2025-11-21 21:22:00+00:00,33,1,42007130,4059.5,4060.1,4058.6,4060.1,104,MGCZ5
2025-11-21 21:23:00+00:00,33,1,42007130,4060.1,4061.1,4059.8,4060.9,99,MGCZ5
2025-11-21 21:24:00+00:00,33,1,42007130,4061.1,4061.5,4060.8,4061.4,80,MGCZ5
2025-11-21 21:25:00+00:00,33,1,42007130,4061.2,4061.2,4060.4,4060.9,61,MGCZ5
2025-11-21 21:26:00+00:00,33,1,42007130,4060.6,4061.1,4060.3,4061.1,59,MGCZ5
2025-11-21 21:27:00+00:00,33,1,42007130,4060.9,4061.2,4059.4,4060.5,85,MGCZ5
2025-11-21 21:28:00+00:00,33,1,42007130,4059.9,4060.1,4059.2,4060.1,47,MGCZ5
2025-11-21 21:29:00+00:00,33,1,42007130,4059.8,4060.1,4059.3,4060.1,49,MGCZ5
2025-11-21 21:30:00+00:00,33,1,42007130,4060.1,4062.1,4059.5,4061.5,176,MGCZ5
2025-11-21 21:31:00+00:00,33,1,42007130,4061.3,4061.6,4060.5,4060.5,60,MGCZ5
2025-11-21 21:32:00+00:00,33,1,42007130,4060.3,4062.7,4060.3,4062.2,102,MGCZ5
2025-11-21 21:33:00+00:00,33,1,42007130,4062.2,4063.4,4061.2,4062.8,172,MGCZ5
2025-11-21 21:34:00+00:00,33,1,42007130,4062.7,4063.1,4062.2,4062.7,30,MGCZ5
2025-11-21 21:35:00+00:00,33,1,42007130,4062.7,4063.2,4062.3,4063.1,76,MGCZ5
2025-11-21 21:36:00+00:00,33,1,42007130,4062.9,4064.3,4062.9,4064.3,93,MGCZ5
2025-11-21 21:37:00+00:00,33,1,42007130,4064.2,4064.4,4063.0,4063.6,121,MGCZ5
2025-11-21 21:38:00+00:00,33,1,42007130,4063.5,4063.5,4062.6,4063.2,50,MGCZ5
2025-11-21 21:39:00+00:00,33,1,42007130,4063.3,4064.2,4063.2,4063.9,62,MGCZ5
2025-11-21 21:40:00+00:00,33,1,42007130,4063.9,4064.1,4063.3,4063.6,60,MGCZ5
2025-11-21 21:41:00+00:00,33,1,42007130,4063.3,4063.3,4061.8,4062.2,114,MGCZ5
2025-11-21 21:42:00+00:00,33,1,42007130,4062.3,4062.8,4062.3,4062.5,37,MGCZ5
2025-11-21 21:43:00+00:00,33,1,42007130,4062.5,4062.7,4061.6,4062.1,107,MGCZ5
2025-11-21 21:44:00+00:00,33,1,42007130,4061.9,4063.0,4061.7,4063.0,54,MGCZ5
2025-11-21 21:45:00+00:00,33,1,42007130,4062.9,4063.1,4062.2,4062.3,94,MGCZ5
2025-11-21 21:46:00+00:00,33,1,42007130,4062.3,4062.7,4061.6,4062.0,69,MGCZ5
2025-11-21 21:47:00+00:00,33,1,42007130,4062.0,4064.0,4062.0,4063.2,173,MGCZ5
2025-11-21 21:48:00+00:00,33,1,42007130,4062.9,4063.9,4062.9,4063.5,56,MGCZ5
2025-11-21 21:49:00+00:00,33,1,42007130,4063.6,4064.1,4063.3,4063.5,93,MGCZ5
2025-11-21 21:50:00+00:00,33,1,42007130,4063.5,4063.6,4060.6,4060.7,118,MGCZ5
2025-11-21 21:51:00+00:00,33,1,42007130,4060.7,4061.7,4060.6,4061.5,41,MGCZ5
2025-11-21 21:52:00+00:00,33,1,42007130,4061.5,4061.8,4061.4,4061.4,25,MGCZ5
2025-11-21 21:53:00+00:00,33,1,42007130,4061.4,4063.9,4061.4,4063.9,113,MGCZ5
2025-11-21 21:54:00+00:00,33,1,42007130,4063.7,4063.8,4063.1,4063.6,100,MGCZ5
2025-11-21 21:55:00+00:00,33,1,42007130,4063.7,4064.9,4062.7,4063.5,264,MGCZ5
2025-11-21 21:56:00+00:00,33,1,42007130,4063.3,4063.4,4062.3,4062.8,76,MGCZ5
2025-11-21 21:57:00+00:00,33,1,42007130,4062.7,4063.8,4062.6,4063.8,46,MGCZ5
2025-11-21 21:58:00+00:00,33,1,42007130,4063.5,4063.5,4062.2,4062.2,135,MGCZ5
2025-11-21 21:59:00+00:00,33,1,42007130,4062.1,4063.1,4062.1,4062.8,138,MGCZ5
