ts_event,rtype,publisher_id,instrument_id,open,high,low,close,volume,symbol
2025-11-17 09:00:00+00:00,33,2,10924,202.11,202.4,201.71,201.71,510,MSTR
2025-11-17 09:01:00+00:00,33,2,10924,201.89,202.1,201.74,201.74,2135,MSTR
2025-11-17 09:02:00+00:00,33,2,10924,201.7,201.9,201.57,201.9,356,MSTR
2025-11-17 09:03:00+00:00,33,2,10924,201.83,201.83,201.57,201.59,2243,MSTR
2025-11-17 09:04:00+00:00,33,2,10924,201.46,201.72,201.4,201.54,342,MSTR
2025-11-17 09:05:00+00:00,33,2,10924,201.58,201.86,201.54,201.84,546,MSTR
2025-11-17 09:06:00+00:00,33,2,10924,201.73,201.73,201.6,201.6,122,MSTR
2025-11-17 09:07:00+00:00,33,2,10924,201.54,201.83,201.54,201.7,497,MSTR
2025-11-17 09:08:00+00:00,33,2,10924,201.7,201.7,201.7,201.7,848,MSTR
2025-11-17 09:09:00+00:00,33,2,10924,201.8,201.97,201.7,201.97,204,MSTR
2025-11-17 09:10:00+00:00,33,2,10924,202.0,202.58,202.0,202.58,591,MSTR
2025-11-17 09:11:00+00:00,33,2,10924,202.65,202.96,202.58,202.8,345,MSTR
2025-11-17 09:12:00+00:00,33,2,10924,202.8,202.8,202.65,202.65,45,MSTR
2025-11-17 09:15:00+00:00,33,2,10924,202.44,202.6,202.41,202.42,281,MSTR
2025-11-17 09:16:00+00:00,33,2,10924,202.44,202.44,202.41,202.42,156,MSTR
2025-11-17 09:18:00+00:00,33,2,10924,202.76,202.86,202.73,202.86,115,MSTR
2025-11-17 09:19:00+00:00,33,2,10924,202.71,202.71,202.71,202.71,150,MSTR
2025-11-17 09:20:00+00:00,33,2,10924,202.73,203.0,202.58,203.0,234,MSTR
2025-11-17 09:21:00+00:00,33,2,10924,202.68,202.68,202.55,202.55,340,MSTR
2025-11-17 09:22:00+00:00,33,2,10924,202.99,202.99,202.99,202.99,3,MSTR
2025-11-17 09:24:00+00:00,33,2,10924,202.86,202.87,202.86,202.87,4,MSTR
2025-11-17 09:25:00+00:00,33,2,10924,202.7,202.7,202.7,202.7,2,MSTR
2025-11-17 09:26:00+00:00,33,2,10924,202.65,202.75,202.65,202.75,54,MSTR
2025-11-17 09:27:00+00:00,33,2,10924,202.7,202.79,202.7,202.79,315,MSTR
2025-11-17 09:28:00+00:00,33,2,10924,202.78,202.78,202.78,202.78,10,MSTR
2025-11-17 09:30:00+00:00,33,2,10924,202.65,202.68,202.65,202.68,360,MSTR
2025-11-17 09:31:00+00:00,33,2,10924,202.65,202.9,202.65,202.68,636,MSTR
2025-11-17 09:33:00+00:00,33,2,10924,202.57,202.8,202.57,202.8,79,MSTR
2025-11-17 09:35:00+00:00,33,2,10924,202.56,202.56,202.56,202.56,10,MSTR
2025-11-17 09:36:00+00:00,33,2,10924,202.44,202.44,202.0,202.1,648,MSTR
2025-11-17 09:37:00+00:00,33,2,10924,201.89,202.2,201.8,202.02,830,MSTR
2025-11-17 09:38:00+00:00,33,2,10924,202.2,202.3,202.15,202.15,898,MSTR
2025-11-17 09:41:00+00:00,33,2,10924,202.28,202.32,202.24,202.24,33,MSTR
2025-11-17 09:42:00+00:00,33,2,10924,202.25,202.59,202.25,202.59,274,MSTR
2025-11-17 09:45:00+00:00,33,2,10924,202.66,202.66,202.51,202.57,254,MSTR
2025-11-17 09:46:00+00:00,33,2,10924,202.57,202.61,202.57,202.61,82,MSTR
2025-11-17 09:47:00+00:00,33,2,10924,202.49,202.5,202.49,202.5,220,MSTR
2025-11-17 09:48:00+00:00,33,2,10924,202.39,202.61,202.39,202.5,1537,MSTR
2025-11-17 09:49:00+00:00,33,2,10924,202.5,202.58,202.48,202.48,145,MSTR
2025-11-17 09:50:00+00:00,33,2,10924,202.48,202.51,202.44,202.51,53,MSTR
2025-11-17 09:51:00+00:00,33,2,10924,202.39,202.39,202.39,202.39,30,MSTR
2025-11-17 09:53:00+00:00,33,2,10924,202.31,202.31,202.24,202.24,34,MSTR
2025-11-17 09:55:00+00:00,33,2,10924,202.4,202.4,202.4,202.4,2,MSTR
2025-11-17 09:58:00+00:00,33,2,10924,202.4,202.43,202.4,202.4,21,MSTR
2025-11-17 10:00:00+00:00,33,2,10924,202.26,202.26,202.26,202.26,50,MSTR
2025-11-17 10:02:00+00:00,33,2,10924,202.3,202.3,202.3,202.3,2,MSTR
2025-11-17 10:03:00+00:00,33,2,10924,202.16,202.16,202.16,202.16,13,MSTR
2025-11-17 10:05:00+00:00,33,2,10924,202.19,202.19,202.19,202.19,35,MSTR
2025-11-17 10:06:00+00:00,33,2,10924,202.37,202.39,202.37,202.39,20,MSTR
2025-11-17 10:07:00+00:00,33,2,10924,202.31,202.31,202.31,202.31,4,MSTR
2025-11-17 10:08:00+00:00,33,2,10924,202.14,202.14,202.14,202.14,3,MSTR
2025-11-17 10:11:00+00:00,33,2,10924,202.3,204.0,202.3,204.0,2696,MSTR
2025-11-17 10:12:00+00:00,33,2,10924,203.45,208.4,203.45,206.2,10005,MSTR
2025-11-17 10:13:00+00:00,33,2,10924,206.1,206.17,204.95,205.12,1490,MSTR
2025-11-17 10:14:00+00:00,33,2,10924,204.91,205.48,204.91,205.06,1144,MSTR
2025-11-17 10:15:00+00:00,33,2,10924,204.66,204.77,204.19,204.19,800,MSTR
2025-11-17 10:16:00+00:00,33,2,10924,204.11,204.11,203.2,203.2,1019,MSTR
2025-11-17 10:17:00+00:00,33,2,10924,203.68,206.5,203.68,205.51,2738,MSTR
2025-11-17 10:18:00+00:00,33,2,10924,205.83,206.87,205.01,205.01,878,MSTR
2025-11-17 10:19:00+00:00,33,2,10924,205.28,205.9,205.28,205.9,1470,MSTR
2025-11-17 10:20:00+00:00,33,2,10924,205.01,205.01,204.75,204.75,65,MSTR
2025-11-17 10:21:00+00:00,33,2,10924,204.64,204.94,204.64,204.94,11,MSTR
2025-11-17 10:22:00+00:00,33,2,10924,204.25,204.25,204.21,204.21,216,MSTR
2025-11-17 10:23:00+00:00,33,2,10924,204.13,204.13,204.13,204.13,14,MSTR
2025-11-17 10:24:00+00:00,33,2,10924,204.0,204.0,204.0,204.0,165,MSTR
2025-11-17 10:25:00+00:00,33,2,10924,204.38,204.5,204.38,204.43,95,MSTR
2025-11-17 10:26:00+00:00,33,2,10924,204.5,204.8,204.5,204.8,322,MSTR
2025-11-17 10:27:00+00:00,33,2,10924,204.73,204.9,204.7,204.7,143,MSTR
2025-11-17 10:28:00+00:00,33,2,10924,204.57,204.57,204.4,204.4,112,MSTR
2025-11-17 10:30:00+00:00,33,2,10924,203.95,203.95,203.45,203.45,6,MSTR
2025-11-17 10:33:00+00:00,33,2,10924,203.4,203.44,203.4,203.44,502,MSTR
2025-11-17 10:36:00+00:00,33,2,10924,204.42,205.4,204.2,205.4,882,MSTR
2025-11-17 10:38:00+00:00,33,2,10924,204.06,204.06,204.06,204.06,31,MSTR
2025-11-17 10:39:00+00:00,33,2,10924,204.09,204.09,204.09,204.09,15,MSTR
2025-11-17 10:40:00+00:00,33,2,10924,204.3,204.35,204.3,204.33,244,MSTR
2025-11-17 10:41:00+00:00,33,2,10924,204.16,204.4,204.01,204.37,153,MSTR
2025-11-17 10:42:00+00:00,33,2,10924,204.18,204.18,203.86,203.89,198,MSTR
2025-11-17 10:43:00+00:00,33,2,10924,203.85,203.86,203.85,203.86,12,MSTR
2025-11-17 10:44:00+00:00,33,2,10924,203.99,203.99,203.5,203.5,272,MSTR
2025-11-17 10:45:00+00:00,33,2,10924,203.5,203.5,203.5,203.5,1,MSTR
2025-11-17 10:47:00+00:00,33,2,10924,203.8,203.8,203.54,203.54,105,MSTR
2025-11-17 10:49:00+00:00,33,2,10924,203.79,203.94,203.5,203.94,225,MSTR
2025-11-17 10:50:00+00:00,33,2,10924,203.81,203.94,203.44,203.44,507,MSTR
2025-11-17 10:51:00+00:00,33,2,10924,203.5,203.55,203.19,203.19,276,MSTR
2025-11-17 10:52:00+00:00,33,2,10924,203.24,203.25,203.24,203.25,272,MSTR
2025-11-17 10:53:00+00:00,33,2,10924,203.25,203.25,203.2,203.2,251,MSTR
2025-11-17 10:54:00+00:00,33,2,10924,203.02,203.02,202.57,202.57,771,MSTR
2025-11-17 10:55:00+00:00,33,2,10924,202.7,202.7,202.7,202.7,81,MSTR
2025-11-17 10:56:00+00:00,33,2,10924,202.77,202.77,202.77,202.77,30,MSTR
2025-11-17 10:57:00+00:00,33,2,10924,202.93,202.99,202.9,202.9,66,MSTR
2025-11-17 10:58:00+00:00,33,2,10924,202.8,202.8,202.78,202.78,260,MSTR
2025-11-17 10:59:00+00:00,33,2,10924,202.78,202.78,202.78,202.78,1,MSTR
2025-11-17 11:00:00+00:00,33,2,10924,203.13,203.13,203.0,203.0,222,MSTR
2025-11-17 11:01:00+00:00,33,2,10924,202.79,202.9,202.79,202.9,284,MSTR
2025-11-17 11:02:00+00:00,33,2,10924,202.71,202.83,202.69,202.83,204,MSTR
2025-11-17 11:03:00+00:00,33,2,10924,202.85,202.85,202.85,202.85,2,MSTR
2025-11-17 11:04:00+00:00,33,2,10924,202.75,202.75,202.4,202.51,641,MSTR
2025-11-17 11:05:00+00:00,33,2,10924,202.52,202.75,202.52,202.7,70,MSTR
2025-11-17 11:06:00+00:00,33,2,10924,202.7,202.77,202.7,202.77,37,MSTR
2025-11-17 11:07:00+00:00,33,2,10924,202.69,202.89,202.69,202.89,103,MSTR
2025-11-17 11:08:00+00:00,33,2,10924,202.89,202.89,202.89,202.89,238,MSTR
2025-11-17 11:09:00+00:00,33,2,10924,202.95,203.15,202.95,203.09,1106,MSTR
2025-11-17 11:10:00+00:00,33,2,10924,203.17,203.31,203.17,203.25,230,MSTR
2025-11-17 11:11:00+00:00,33,2,10924,203.05,203.05,203.02,203.02,76,MSTR
2025-11-17 11:12:00+00:00,33,2,10924,203.23,203.23,203.22,203.22,7,MSTR
2025-11-17 11:13:00+00:00,33,2,10924,203.32,203.32,203.3,203.3,483,MSTR
2025-11-17 11:16:00+00:00,33,2,10924,203.32,203.63,203.32,203.52,212,MSTR
2025-11-17 11:17:00+00:00,33,2,10924,203.5,203.5,203.24,203.24,190,MSTR
2025-11-17 11:18:00+00:00,33,2,10924,203.2,203.2,203.15,203.15,34,MSTR
2025-11-17 11:20:00+00:00,33,2,10924,203.14,203.14,203.03,203.03,100,MSTR
2025-11-17 11:21:00+00:00,33,2,10924,203.07,203.07,203.07,203.07,3,MSTR
2025-11-17 11:22:00+00:00,33,2,10924,202.9,202.9,202.9,202.9,2,MSTR
2025-11-17 11:23:00+00:00,33,2,10924,202.85,202.95,202.85,202.95,200,MSTR
2025-11-17 11:25:00+00:00,33,2,10924,203.1,203.13,202.92,202.92,169,MSTR
2025-11-17 11:31:00+00:00,33,2,10924,203.05,203.05,203.05,203.05,90,MSTR
2025-11-17 11:32:00+00:00,33,2,10924,203.24,203.4,203.23,203.23,73,MSTR
2025-11-17 11:33:00+00:00,33,2,10924,203.4,203.5,203.4,203.5,31,MSTR
2025-11-17 11:34:00+00:00,33,2,10924,203.6,203.6,203.6,203.6,286,MSTR
2025-11-17 11:36:00+00:00,33,2,10924,203.49,203.49,203.49,203.49,16,MSTR
2025-11-17 11:39:00+00:00,33,2,10924,203.5,203.5,203.49,203.49,33,MSTR
2025-11-17 11:40:00+00:00,33,2,10924,203.31,203.31,203.05,203.05,51,MSTR
2025-11-17 11:41:00+00:00,33,2,10924,203.06,203.11,203.06,203.11,105,MSTR
2025-11-17 11:44:00+00:00,33,2,10924,202.73,202.73,202.5,202.5,237,MSTR
2025-11-17 11:45:00+00:00,33,2,10924,202.55,202.55,201.49,201.49,2709,MSTR
2025-11-17 11:46:00+00:00,33,2,10924,201.54,201.93,201.2,201.81,2113,MSTR
2025-11-17 11:47:00+00:00,33,2,10924,202.09,202.1,202.09,202.1,100,MSTR
2025-11-17 11:48:00+00:00,33,2,10924,202.09,202.16,202.09,202.16,200,MSTR
2025-11-17 11:49:00+00:00,33,2,10924,202.25,202.25,202.25,202.25,20,MSTR
2025-11-17 11:50:00+00:00,33,2,10924,202.34,202.34,202.21,202.21,85,MSTR
2025-11-17 11:53:00+00:00,33,2,10924,202.69,202.69,202.69,202.69,30,MSTR
2025-11-17 11:55:00+00:00,33,2,10924,202.77,202.77,202.69,202.69,7,MSTR
2025-11-17 11:59:00+00:00,33,2,10924,202.62,202.62,202.24,202.46,126,MSTR
2025-11-17 12:00:00+00:00,33,2,10924,202.33,202.39,201.8,201.8,74,MSTR
2025-11-17 12:01:00+00:00,33,2,10924,201.69,201.69,201.43,201.43,136,MSTR
2025-11-17 12:02:00+00:00,33,2,10924,201.44,201.44,201.44,201.44,30,MSTR
2025-11-17 12:03:00+00:00,33,2,10924,201.3,201.3,201.2,201.2,196,MSTR
2025-11-17 12:04:00+00:00,33,2,10924,201.01,201.03,200.64,200.75,1113,MSTR
2025-11-17 12:05:00+00:00,33,2,10924,200.79,201.01,200.79,201.01,104,MSTR
2025-11-17 12:06:00+00:00,33,2,10924,201.15,201.5,201.15,201.5,74,MSTR
2025-11-17 12:07:00+00:00,33,2,10924,201.28,201.28,200.8,200.8,33,MSTR
2025-11-17 12:08:00+00:00,33,2,10924,200.83,200.83,200.77,200.77,27,MSTR
2025-11-17 12:09:00+00:00,33,2,10924,200.65,200.75,200.55,200.64,263,MSTR
2025-11-17 12:10:00+00:00,33,2,10924,200.66,200.68,200.66,200.66,75,MSTR
2025-11-17 12:11:00+00:00,33,2,10924,200.77,200.77,200.01,200.01,1370,MSTR
2025-11-17 12:12:00+00:00,33,2,10924,200.18,200.22,200.0,200.05,72,MSTR
2025-11-17 12:15:00+00:00,33,2,10924,200.55,200.7,200.55,200.7,102,MSTR
2025-11-17 12:17:00+00:00,33,2,10924,200.7,200.7,200.7,200.7,15,MSTR
2025-11-17 12:18:00+00:00,33,2,10924,200.74,200.94,200.66,200.94,822,MSTR
2025-11-17 12:19:00+00:00,33,2,10924,200.95,201.09,200.95,201.09,725,MSTR
2025-11-17 12:24:00+00:00,33,2,10924,200.96,200.99,200.85,200.99,105,MSTR
2025-11-17 12:26:00+00:00,33,2,10924,200.8,200.8,200.75,200.75,172,MSTR
2025-11-17 12:27:00+00:00,33,2,10924,201.0,201.0,200.99,201.0,800,MSTR
2025-11-17 12:28:00+00:00,33,2,10924,200.87,200.87,200.87,200.87,7,MSTR
2025-11-17 12:29:00+00:00,33,2,10924,200.8,200.8,200.8,200.8,150,MSTR
2025-11-17 12:30:00+00:00,33,2,10924,200.8,200.8,200.75,200.75,68,MSTR
2025-11-17 12:31:00+00:00,33,2,10924,200.72,200.75,200.72,200.75,22,MSTR
2025-11-17 12:32:00+00:00,33,2,10924,200.75,200.75,200.75,200.75,100,MSTR
2025-11-17 12:33:00+00:00,33,2,10924,200.69,201.09,200.69,201.09,98,MSTR
2025-11-17 12:34:00+00:00,33,2,10924,201.25,201.49,201.24,201.24,540,MSTR
2025-11-17 12:36:00+00:00,33,2,10924,200.71,200.93,200.71,200.87,278,MSTR
2025-11-17 12:38:00+00:00,33,2,10924,201.01,201.01,201.01,201.01,1,MSTR
2025-11-17 12:40:00+00:00,33,2,10924,201.03,201.03,201.02,201.02,73,MSTR
2025-11-17 12:41:00+00:00,33,2,10924,200.97,201.0,200.97,201.0,60,MSTR
2025-11-17 12:42:00+00:00,33,2,10924,200.97,200.97,200.97,200.97,68,MSTR
2025-11-17 12:43:00+00:00,33,2,10924,200.93,200.93,200.93,200.93,25,MSTR
2025-11-17 12:44:00+00:00,33,2,10924,200.88,201.01,200.88,201.01,95,MSTR
2025-11-17 12:45:00+00:00,33,2,10924,201.03,201.03,200.9,200.9,71,MSTR
2025-11-17 12:46:00+00:00,33,2,10924,200.9,200.9,200.9,200.9,355,MSTR
2025-11-17 12:47:00+00:00,33,2,10924,200.75,200.75,200.7,200.7,40,MSTR
2025-11-17 12:48:00+00:00,33,2,10924,200.76,200.93,200.76,200.93,140,MSTR
2025-11-17 12:49:00+00:00,33,2,10924,200.98,201.17,200.9,201.17,55,MSTR
2025-11-17 12:51:00+00:00,33,2,10924,201.1,201.1,201.1,201.1,310,MSTR
2025-11-17 12:52:00+00:00,33,2,10924,201.1,201.1,201.1,201.1,125,MSTR
2025-11-17 12:53:00+00:00,33,2,10924,201.06,201.06,201.04,201.04,59,MSTR
2025-11-17 12:54:00+00:00,33,2,10924,201.21,201.21,201.21,201.21,95,MSTR
2025-11-17 12:55:00+00:00,33,2,10924,201.2,201.2,201.2,201.2,55,MSTR
2025-11-17 12:56:00+00:00,33,2,10924,201.36,201.4,201.36,201.4,68,MSTR
2025-11-17 12:57:00+00:00,33,2,10924,201.4,201.45,201.4,201.45,45,MSTR
2025-11-17 12:58:00+00:00,33,2,10924,201.34,201.34,201.34,201.34,50,MSTR
2025-11-17 12:59:00+00:00,33,2,10924,201.14,201.49,201.14,201.49,696,MSTR
2025-11-17 13:00:00+00:00,33,2,10924,201.68,201.68,201.33,201.38,549,MSTR
2025-11-17 13:01:00+00:00,33,2,10924,201.33,201.36,201.24,201.36,263,MSTR
2025-11-17 13:02:00+00:00,33,2,10924,201.3,201.32,201.29,201.29,156,MSTR
2025-11-17 13:03:00+00:00,33,2,10924,201.35,201.35,201.18,201.18,57,MSTR
2025-11-17 13:04:00+00:00,33,2,10924,201.03,201.18,201.03,201.18,178,MSTR
2025-11-17 13:05:00+00:00,33,2,10924,201.0,201.03,200.87,200.87,202,MSTR
2025-11-17 13:06:00+00:00,33,2,10924,201.2,201.23,201.2,201.23,50,MSTR
2025-11-17 13:07:00+00:00,33,2,10924,201.13,201.13,201.0,201.0,54,MSTR
2025-11-17 13:08:00+00:00,33,2,10924,200.81,200.81,200.4,200.4,148,MSTR
2025-11-17 13:09:00+00:00,33,2,10924,200.35,200.35,199.5,199.56,2394,MSTR
2025-11-17 13:10:00+00:00,33,2,10924,199.75,199.75,199.4,199.64,963,MSTR
2025-11-17 13:11:00+00:00,33,2,10924,199.35,199.47,199.32,199.34,70,MSTR
2025-11-17 13:12:00+00:00,33,2,10924,199.5,199.52,199.11,199.11,334,MSTR
2025-11-17 13:13:00+00:00,33,2,10924,199.36,199.36,199.11,199.11,325,MSTR
2025-11-17 13:14:00+00:00,33,2,10924,199.12,199.3,199.12,199.3,411,MSTR
2025-11-17 13:15:00+00:00,33,2,10924,199.36,199.73,199.36,199.73,1133,MSTR
2025-11-17 13:16:00+00:00,33,2,10924,199.79,200.0,199.79,200.0,600,MSTR
2025-11-17 13:17:00+00:00,33,2,10924,200.01,200.01,199.84,199.99,225,MSTR
2025-11-17 13:18:00+00:00,33,2,10924,199.94,200.0,199.58,199.58,245,MSTR
2025-11-17 13:19:00+00:00,33,2,10924,199.5,199.5,199.21,199.26,238,MSTR
2025-11-17 13:20:00+00:00,33,2,10924,199.19,199.26,199.0,199.26,914,MSTR
2025-11-17 13:21:00+00:00,33,2,10924,199.09,199.12,199.09,199.12,238,MSTR
2025-11-17 13:22:00+00:00,33,2,10924,199.0,199.0,198.7,198.9,397,MSTR
2025-11-17 13:23:00+00:00,33,2,10924,198.95,198.99,198.63,198.63,706,MSTR
2025-11-17 13:24:00+00:00,33,2,10924,198.55,198.78,198.5,198.5,107,MSTR
2025-11-17 13:25:00+00:00,33,2,10924,198.5,198.52,197.94,197.94,997,MSTR
2025-11-17 13:26:00+00:00,33,2,10924,197.85,198.18,197.84,198.1,1037,MSTR
2025-11-17 13:27:00+00:00,33,2,10924,198.03,198.15,198.03,198.15,31,MSTR
2025-11-17 13:28:00+00:00,33,2,10924,198.41,198.66,197.75,197.75,1360,MSTR
2025-11-17 13:29:00+00:00,33,2,10924,197.65,197.65,197.41,197.51,977,MSTR
2025-11-17 13:30:00+00:00,33,2,10924,197.53,197.61,196.55,196.57,1032,MSTR
2025-11-17 13:31:00+00:00,33,2,10924,196.83,196.9,196.3,196.3,1725,MSTR
2025-11-17 13:32:00+00:00,33,2,10924,196.4,196.9,196.4,196.45,662,MSTR
2025-11-17 13:33:00+00:00,33,2,10924,196.54,196.8,196.54,196.65,3662,MSTR
2025-11-17 13:34:00+00:00,33,2,10924,196.65,196.65,195.25,195.41,5407,MSTR
2025-11-17 13:35:00+00:00,33,2,10924,195.45,195.5,195.29,195.35,1088,MSTR
2025-11-17 13:36:00+00:00,33,2,10924,195.28,195.44,194.67,194.84,1373,MSTR
2025-11-17 13:37:00+00:00,33,2,10924,194.91,195.48,194.67,194.7,2133,MSTR
2025-11-17 13:38:00+00:00,33,2,10924,194.65,194.65,193.8,194.21,2174,MSTR
2025-11-17 13:39:00+00:00,33,2,10924,194.32,194.65,194.26,194.47,602,MSTR
2025-11-17 13:40:00+00:00,33,2,10924,194.32,194.5,193.75,193.99,3522,MSTR
2025-11-17 13:41:00+00:00,33,2,10924,194.0,194.28,193.9,193.93,710,MSTR
2025-11-17 13:42:00+00:00,33,2,10924,194.04,194.04,193.44,194.0,1401,MSTR
2025-11-17 13:43:00+00:00,33,2,10924,194.03,194.03,193.83,193.84,1325,MSTR
2025-11-17 13:44:00+00:00,33,2,10924,193.84,193.91,193.45,193.51,4766,MSTR
2025-11-17 13:45:00+00:00,33,2,10924,193.5,194.0,193.5,193.8,2096,MSTR
2025-11-17 13:46:00+00:00,33,2,10924,193.8,194.52,193.66,194.3,332,MSTR
2025-11-17 13:47:00+00:00,33,2,10924,194.64,194.76,194.36,194.65,3266,MSTR
2025-11-17 13:48:00+00:00,33,2,10924,194.84,194.9,194.84,194.9,153,MSTR
2025-11-17 13:49:00+00:00,33,2,10924,194.82,194.84,194.47,194.49,2201,MSTR
2025-11-17 13:50:00+00:00,33,2,10924,194.11,194.24,194.0,194.24,2697,MSTR
2025-11-17 13:51:00+00:00,33,2,10924,194.32,194.76,194.3,194.76,494,MSTR
2025-11-17 13:52:00+00:00,33,2,10924,194.7,194.76,194.55,194.76,366,MSTR
2025-11-17 13:53:00+00:00,33,2,10924,194.83,194.83,194.55,194.76,1512,MSTR
2025-11-17 13:54:00+00:00,33,2,10924,195.0,195.21,194.95,194.95,149,MSTR
2025-11-17 13:55:00+00:00,33,2,10924,195.0,195.1,194.98,195.1,278,MSTR
2025-11-17 13:56:00+00:00,33,2,10924,195.35,195.46,195.31,195.45,47,MSTR
2025-11-17 13:57:00+00:00,33,2,10924,195.64,196.06,195.64,195.9,525,MSTR
2025-11-17 13:58:00+00:00,33,2,10924,195.88,196.07,195.7,195.7,1578,MSTR
2025-11-17 13:59:00+00:00,33,2,10924,195.8,195.95,195.8,195.95,193,MSTR
2025-11-17 14:00:00+00:00,33,2,10924,195.87,195.87,195.45,195.45,90,MSTR
2025-11-17 14:01:00+00:00,33,2,10924,195.43,195.57,195.0,195.57,381,MSTR
2025-11-17 14:02:00+00:00,33,2,10924,195.79,195.81,195.79,195.81,162,MSTR
2025-11-17 14:03:00+00:00,33,2,10924,195.69,195.86,195.66,195.86,411,MSTR
2025-11-17 14:04:00+00:00,33,2,10924,195.95,196.16,195.95,196.15,6341,MSTR
2025-11-17 14:05:00+00:00,33,2,10924,196.15,196.16,195.77,195.77,1238,MSTR
2025-11-17 14:06:00+00:00,33,2,10924,195.8,195.8,195.8,195.8,50,MSTR
2025-11-17 14:07:00+00:00,33,2,10924,195.75,195.89,195.45,195.85,589,MSTR
2025-11-17 14:08:00+00:00,33,2,10924,195.5,195.69,195.47,195.69,66,MSTR
2025-11-17 14:09:00+00:00,33,2,10924,195.8,195.84,195.7,195.77,64,MSTR
2025-11-17 14:10:00+00:00,33,2,10924,195.7,195.73,195.6,195.63,1336,MSTR
2025-11-17 14:11:00+00:00,33,2,10924,195.63,195.8,195.55,195.79,494,MSTR
2025-11-17 14:12:00+00:00,33,2,10924,195.65,195.8,195.65,195.76,543,MSTR
2025-11-17 14:13:00+00:00,33,2,10924,195.58,195.58,195.38,195.41,140,MSTR
2025-11-17 14:14:00+00:00,33,2,10924,195.6,195.6,195.45,195.45,86,MSTR
2025-11-17 14:15:00+00:00,33,2,10924,195.51,195.56,195.51,195.56,148,MSTR
2025-11-17 14:16:00+00:00,33,2,10924,195.84,196.19,195.72,196.08,575,MSTR
2025-11-17 14:17:00+00:00,33,2,10924,196.17,197.2,196.17,197.01,746,MSTR
2025-11-17 14:18:00+00:00,33,2,10924,196.97,197.29,196.86,196.86,473,MSTR
2025-11-17 14:19:00+00:00,33,2,10924,196.9,197.15,196.85,197.12,1320,MSTR
2025-11-17 14:20:00+00:00,33,2,10924,196.86,197.45,196.86,197.45,616,MSTR
2025-11-17 14:21:00+00:00,33,2,10924,197.4,197.5,197.28,197.48,249,MSTR
2025-11-17 14:22:00+00:00,33,2,10924,197.55,197.55,197.2,197.2,31,MSTR
2025-11-17 14:23:00+00:00,33,2,10924,197.21,197.21,197.17,197.17,78,MSTR
2025-11-17 14:24:00+00:00,33,2,10924,197.03,197.03,196.61,196.91,372,MSTR
2025-11-17 14:25:00+00:00,33,2,10924,196.5,196.51,196.01,196.16,939,MSTR
2025-11-17 14:26:00+00:00,33,2,10924,196.36,196.58,196.1,196.1,312,MSTR
2025-11-17 14:27:00+00:00,33,2,10924,196.3,196.35,196.2,196.35,616,MSTR
2025-11-17 14:28:00+00:00,33,2,10924,196.46,196.79,196.19,196.35,3683,MSTR
2025-11-17 14:29:00+00:00,33,2,10924,196.3,197.2,196.3,196.98,5014,MSTR
2025-11-17 14:30:00+00:00,33,2,10924,196.91,199.22,196.49,198.96,146563,MSTR
2025-11-17 14:31:00+00:00,33,2,10924,198.95,200.12,198.16,198.29,27755,MSTR
2025-11-17 14:32:00+00:00,33,2,10924,198.17,199.86,198.16,199.355,20395,MSTR
2025-11-17 14:33:00+00:00,33,2,10924,199.465,199.78,198.5,198.52,10808,MSTR
2025-11-17 14:34:00+00:00,33,2,10924,198.5,199.49,198.34,199.0,19871,MSTR
2025-11-17 14:35:00+00:00,33,2,10924,199.08,199.85,199.05,199.59,21316,MSTR
2025-11-17 14:36:00+00:00,33,2,10924,199.67,201.64,199.67,201.57,18508,MSTR
2025-11-17 14:37:00+00:00,33,2,10924,201.5,203.0,201.26,202.635,14817,MSTR
2025-11-17 14:38:00+00:00,33,2,10924,202.65,202.68,200.53,200.77,13209,MSTR
2025-11-17 14:39:00+00:00,33,2,10924,200.75,201.26,200.46,201.25,23677,MSTR
2025-11-17 14:40:00+00:00,33,2,10924,201.41,202.2,201.14,201.73,8639,MSTR
2025-11-17 14:41:00+00:00,33,2,10924,201.83,201.83,200.7,201.0,10721,MSTR
2025-11-17 14:42:00+00:00,33,2,10924,201.05,201.05,199.27,199.97,25035,MSTR
2025-11-17 14:43:00+00:00,33,2,10924,200.05,201.14,199.96,200.57,6167,MSTR
2025-11-17 14:44:00+00:00,33,2,10924,200.69,200.69,199.31,199.49,6468,MSTR
2025-11-17 14:45:00+00:00,33,2,10924,199.57,201.11,199.32,201.0,8076,MSTR
2025-11-17 14:46:00+00:00,33,2,10924,200.96,202.55,200.85,202.55,10972,MSTR
2025-11-17 14:47:00+00:00,33,2,10924,202.53,203.3,202.5,203.26,10130,MSTR
2025-11-17 14:48:00+00:00,33,2,10924,203.22,203.5,202.92,203.1,19318,MSTR
2025-11-17 14:49:00+00:00,33,2,10924,203.19,203.57,203.15,203.52,7506,MSTR
2025-11-17 14:50:00+00:00,33,2,10924,203.59,204.02,202.98,203.54,12219,MSTR
2025-11-17 14:51:00+00:00,33,2,10924,203.52,204.15,203.47,203.81,9810,MSTR
2025-11-17 14:52:00+00:00,33,2,10924,203.82,204.0,203.26,203.65,9203,MSTR
2025-11-17 14:53:00+00:00,33,2,10924,203.75,203.75,202.37,202.7,7138,MSTR
2025-11-17 14:54:00+00:00,33,2,10924,202.68,202.73,201.75,201.83,7644,MSTR
2025-11-17 14:55:00+00:00,33,2,10924,201.94,202.0,200.33,200.65,15367,MSTR
2025-11-17 14:56:00+00:00,33,2,10924,200.5,200.5,199.425,199.85,14919,MSTR
2025-11-17 14:57:00+00:00,33,2,10924,199.86,199.95,199.29,199.95,8122,MSTR
2025-11-17 14:58:00+00:00,33,2,10924,199.8,200.55,199.8,200.3,11934,MSTR
2025-11-17 14:59:00+00:00,33,2,10924,200.29,200.38,199.99,200.27,5363,MSTR
2025-11-17 15:00:00+00:00,33,2,10924,200.21,200.39,199.27,199.98,8224,MSTR
2025-11-17 15:01:00+00:00,33,2,10924,199.99,200.6,199.98,200.4,9477,MSTR
2025-11-17 15:02:00+00:00,33,2,10924,200.44,200.8,200.34,200.66,11337,MSTR
2025-11-17 15:03:00+00:00,33,2,10924,200.66,200.83,199.66,199.66,6408,MSTR
2025-11-17 15:04:00+00:00,33,2,10924,199.77,200.48,199.59,200.27,21682,MSTR
2025-11-17 15:05:00+00:00,33,2,10924,200.15,201.4,200.02,201.33,11748,MSTR
2025-11-17 15:06:00+00:00,33,2,10924,201.39,201.88,201.31,201.69,5887,MSTR
2025-11-17 15:07:00+00:00,33,2,10924,201.56,201.56,200.46,200.5,4441,MSTR
2025-11-17 15:08:00+00:00,33,2,10924,200.44,200.44,198.57,198.71,19343,MSTR
2025-11-17 15:09:00+00:00,33,2,10924,198.74,198.74,197.75,198.24,13690,MSTR
2025-11-17 15:10:00+00:00,33,2,10924,198.33,199.19,198.26,199.04,7254,MSTR
2025-11-17 15:11:00+00:00,33,2,10924,198.95,199.63,198.79,199.45,6048,MSTR
2025-11-17 15:12:00+00:00,33,2,10924,199.36,199.97,199.13,199.57,5553,MSTR
2025-11-17 15:13:00+00:00,33,2,10924,199.58,199.63,198.68,199.15,5397,MSTR
2025-11-17 15:14:00+00:00,33,2,10924,199.08,199.31,198.5,199.16,3050,MSTR
2025-11-17 15:15:00+00:00,33,2,10924,199.29,199.58,198.89,199.24,3608,MSTR
2025-11-17 15:16:00+00:00,33,2,10924,199.14,199.22,198.39,198.94,10136,MSTR
2025-11-17 15:17:00+00:00,33,2,10924,198.81,198.89,197.0,197.34,12441,MSTR
2025-11-17 15:18:00+00:00,33,2,10924,197.27,197.745,197.04,197.09,9400,MSTR
2025-11-17 15:19:00+00:00,33,2,10924,197.04,197.04,196.16,196.36,9474,MSTR
2025-11-17 15:20:00+00:00,33,2,10924,196.34,197.53,196.16,197.22,7839,MSTR
2025-11-17 15:21:00+00:00,33,2,10924,197.16,197.33,196.59,197.305,4484,MSTR
2025-11-17 15:22:00+00:00,33,2,10924,197.19,197.79,197.07,197.65,6511,MSTR
2025-11-17 15:23:00+00:00,33,2,10924,197.65,198.34,197.65,198.245,7268,MSTR
2025-11-17 15:24:00+00:00,33,2,10924,198.14,198.16,197.15,197.62,10013,MSTR
2025-11-17 15:25:00+00:00,33,2,10924,197.68,197.68,196.68,197.12,4095,MSTR
2025-11-17 15:26:00+00:00,33,2,10924,197.15,197.97,197.05,197.8,3957,MSTR
2025-11-17 15:27:00+00:00,33,2,10924,197.8,198.51,197.74,198.075,12407,MSTR
2025-11-17 15:28:00+00:00,33,2,10924,198.4,199.93,198.4,199.6,5278,MSTR
2025-11-17 15:29:00+00:00,33,2,10924,199.57,200.08,199.57,199.95,10902,MSTR
2025-11-17 15:30:00+00:00,33,2,10924,199.945,200.37,199.65,200.13,5953,MSTR
2025-11-17 15:31:00+00:00,33,2,10924,200.09,200.55,199.37,199.45,6457,MSTR
2025-11-17 15:32:00+00:00,33,2,10924,199.43,199.43,197.82,197.83,14498,MSTR
2025-11-17 15:33:00+00:00,33,2,10924,197.81,197.81,196.79,196.915,14020,MSTR
2025-11-17 15:34:00+00:00,33,2,10924,196.9,197.45,196.68,197.4,16399,MSTR
2025-11-17 15:35:00+00:00,33,2,10924,197.37,197.48,196.77,197.07,5645,MSTR
2025-11-17 15:36:00+00:00,33,2,10924,197.0,197.32,196.88,197.3,3636,MSTR
2025-11-17 15:37:00+00:00,33,2,10924,197.265,197.845,197.09,197.52,10372,MSTR
2025-11-17 15:38:00+00:00,33,2,10924,197.52,197.64,197.18,197.41,14175,MSTR
2025-11-17 15:39:00+00:00,33,2,10924,197.38,197.38,196.9,196.97,8448,MSTR
2025-11-17 15:40:00+00:00,33,2,10924,196.975,196.975,196.5,196.74,5822,MSTR
2025-11-17 15:41:00+00:00,33,2,10924,196.63,197.2,196.51,196.84,4470,MSTR
2025-11-17 15:42:00+00:00,33,2,10924,196.84,197.06,196.66,196.895,1944,MSTR
2025-11-17 15:43:00+00:00,33,2,10924,196.83,197.31,196.76,197.22,3703,MSTR
2025-11-17 15:44:00+00:00,33,2,10924,197.15,197.72,197.04,197.72,2979,MSTR
2025-11-17 15:45:00+00:00,33,2,10924,197.645,197.92,197.4,197.73,6062,MSTR
2025-11-17 15:46:00+00:00,33,2,10924,197.71,197.91,197.41,197.72,2011,MSTR
2025-11-17 15:47:00+00:00,33,2,10924,197.66,197.76,197.26,197.37,3147,MSTR
2025-11-17 15:48:00+00:00,33,2,10924,197.59,197.79,197.28,197.38,2494,MSTR
2025-11-17 15:49:00+00:00,33,2,10924,197.41,197.52,196.64,197.285,5390,MSTR
2025-11-17 15:50:00+00:00,33,2,10924,197.22,197.27,196.7,196.85,2838,MSTR
2025-11-17 15:51:00+00:00,33,2,10924,196.7,197.11,196.33,196.33,4829,MSTR
2025-11-17 15:52:00+00:00,33,2,10924,196.38,196.38,195.88,196.32,11352,MSTR
2025-11-17 15:53:00+00:00,33,2,10924,196.37,197.13,196.37,196.97,4441,MSTR
2025-11-17 15:54:00+00:00,33,2,10924,197.07,197.16,196.87,196.94,3946,MSTR
2025-11-17 15:55:00+00:00,33,2,10924,197.08,197.15,196.5,196.82,3510,MSTR
2025-11-17 15:56:00+00:00,33,2,10924,196.93,196.96,196.1,196.4,3543,MSTR
2025-11-17 15:57:00+00:00,33,2,10924,196.44,196.49,195.67,195.785,9040,MSTR
2025-11-17 15:58:00+00:00,33,2,10924,195.79,196.23,195.71,195.915,21034,MSTR
2025-11-17 15:59:00+00:00,33,2,10924,195.915,196.39,195.88,196.24,6060,MSTR
2025-11-17 16:00:00+00:00,33,2,10924,196.22,196.48,196.0,196.04,10840,MSTR
2025-11-17 16:01:00+00:00,33,2,10924,196.13,196.13,195.06,195.51,10763,MSTR
2025-11-17 16:02:00+00:00,33,2,10924,195.45,195.45,194.91,194.99,18701,MSTR
2025-11-17 16:03:00+00:00,33,2,10924,195.025,195.12,194.68,194.9,12266,MSTR
2025-11-17 16:04:00+00:00,33,2,10924,194.93,195.11,194.79,194.92,5160,MSTR
2025-11-17 16:05:00+00:00,33,2,10924,194.87,194.89,194.25,194.44,8384,MSTR
2025-11-17 16:06:00+00:00,33,2,10924,194.4,194.44,193.46,193.6,24732,MSTR
2025-11-17 16:07:00+00:00,33,2,10924,193.55,194.24,193.54,193.86,6770,MSTR
2025-11-17 16:08:00+00:00,33,2,10924,193.85,194.05,193.49,193.51,4100,MSTR
2025-11-17 16:09:00+00:00,33,2,10924,193.5,194.22,193.34,194.14,5866,MSTR
2025-11-17 16:10:00+00:00,33,2,10924,194.1,194.55,194.0,194.22,10786,MSTR
2025-11-17 16:11:00+00:00,33,2,10924,194.12,194.19,193.76,194.19,5581,MSTR
2025-11-17 16:12:00+00:00,33,2,10924,194.21,194.27,193.61,193.61,3251,MSTR
2025-11-17 16:13:00+00:00,33,2,10924,193.69,193.71,193.26,193.4,6975,MSTR
2025-11-17 16:14:00+00:00,33,2,10924,193.39,193.4,192.8,192.88,21454,MSTR
2025-11-17 16:15:00+00:00,33,2,10924,192.79,192.81,192.2,192.2,14787,MSTR
2025-11-17 16:16:00+00:00,33,2,10924,192.23,192.52,192.08,192.41,25558,MSTR
2025-11-17 16:17:00+00:00,33,2,10924,192.41,192.55,192.13,192.45,27530,MSTR
2025-11-17 16:18:00+00:00,33,2,10924,192.46,193.16,192.46,192.8,7178,MSTR
2025-11-17 16:19:00+00:00,33,2,10924,192.77,192.77,191.82,191.87,12971,MSTR
2025-11-17 16:20:00+00:00,33,2,10924,191.85,192.24,191.44,192.19,12083,MSTR
2025-11-17 16:21:00+00:00,33,2,10924,192.23,192.41,192.0,192.13,10407,MSTR
2025-11-17 16:22:00+00:00,33,2,10924,192.15,192.6,192.06,192.545,6325,MSTR
2025-11-17 16:23:00+00:00,33,2,10924,192.6,193.39,192.56,193.01,10911,MSTR
2025-11-17 16:24:00+00:00,33,2,10924,193.08,193.39,192.98,193.2,3816,MSTR
2025-11-17 16:25:00+00:00,33,2,10924,193.21,193.31,192.6,192.71,6080,MSTR
2025-11-17 16:26:00+00:00,33,2,10924,192.705,193.54,192.705,193.47,4765,MSTR
2025-11-17 16:27:00+00:00,33,2,10924,193.46,194.0,193.3,193.97,4841,MSTR
2025-11-17 16:28:00+00:00,33,2,10924,193.9,194.2,193.47,193.98,3623,MSTR
2025-11-17 16:29:00+00:00,33,2,10924,194.01,194.92,194.0,194.62,8020,MSTR
2025-11-17 16:30:00+00:00,33,2,10924,194.685,194.685,194.29,194.52,3668,MSTR
2025-11-17 16:31:00+00:00,33,2,10924,194.58,194.75,194.46,194.67,1635,MSTR
2025-11-17 16:32:00+00:00,33,2,10924,194.7,195.21,194.5,195.21,2899,MSTR
2025-11-17 16:33:00+00:00,33,2,10924,195.16,195.55,194.88,195.03,5906,MSTR
2025-11-17 16:34:00+00:00,33,2,10924,195.01,195.13,194.58,194.64,2576,MSTR
2025-11-17 16:35:00+00:00,33,2,10924,194.8,195.21,194.75,195.16,5380,MSTR
2025-11-17 16:36:00+00:00,33,2,10924,195.19,195.47,195.065,195.29,3319,MSTR
2025-11-17 16:37:00+00:00,33,2,10924,195.33,195.33,195.08,195.33,2513,MSTR
2025-11-17 16:38:00+00:00,33,2,10924,195.33,195.36,194.95,195.18,1801,MSTR
2025-11-17 16:39:00+00:00,33,2,10924,195.24,195.55,195.22,195.51,2400,MSTR
2025-11-17 16:40:00+00:00,33,2,10924,195.58,196.18,195.54,196.18,3738,MSTR
2025-11-17 16:41:00+00:00,33,2,10924,196.165,196.58,196.03,196.21,9911,MSTR
2025-11-17 16:42:00+00:00,33,2,10924,196.215,196.44,195.94,195.99,3748,MSTR
2025-11-17 16:43:00+00:00,33,2,10924,196.035,196.07,195.905,195.905,1201,MSTR
2025-11-17 16:44:00+00:00,33,2,10924,195.88,195.93,195.48,195.5,2708,MSTR
2025-11-17 16:45:00+00:00,33,2,10924,195.57,195.83,195.5,195.66,2529,MSTR
2025-11-17 16:46:00+00:00,33,2,10924,195.64,195.64,195.33,195.485,2031,MSTR
2025-11-17 16:47:00+00:00,33,2,10924,195.53,195.63,195.18,195.28,3603,MSTR
2025-11-17 16:48:00+00:00,33,2,10924,195.29,195.87,195.27,195.61,1879,MSTR
2025-11-17 16:49:00+00:00,33,2,10924,195.62,195.89,195.51,195.8,4731,MSTR
2025-11-17 16:50:00+00:00,33,2,10924,195.87,196.6,195.87,196.6,2338,MSTR
2025-11-17 16:51:00+00:00,33,2,10924,196.52,197.15,196.52,197.03,7597,MSTR
2025-11-17 16:52:00+00:00,33,2,10924,197.09,197.63,197.06,197.54,5025,MSTR
2025-11-17 16:53:00+00:00,33,2,10924,197.5,197.65,197.13,197.275,4122,MSTR
2025-11-17 16:54:00+00:00,33,2,10924,197.3,197.45,196.96,197.28,2770,MSTR
2025-11-17 16:55:00+00:00,33,2,10924,197.28,197.3,196.47,196.81,4996,MSTR
2025-11-17 16:56:00+00:00,33,2,10924,196.89,197.4,196.89,197.375,1791,MSTR
2025-11-17 16:57:00+00:00,33,2,10924,197.3,197.5,197.22,197.3,1088,MSTR
2025-11-17 16:58:00+00:00,33,2,10924,197.24,197.48,197.18,197.475,728,MSTR
2025-11-17 16:59:00+00:00,33,2,10924,197.45,198.09,197.45,198.09,6220,MSTR
2025-11-17 17:00:00+00:00,33,2,10924,198.07,198.3,197.65,197.825,3653,MSTR
2025-11-17 17:01:00+00:00,33,2,10924,197.95,198.035,197.63,197.85,1568,MSTR
2025-11-17 17:02:00+00:00,33,2,10924,197.92,198.2,197.84,197.88,2540,MSTR
2025-11-17 17:03:00+00:00,33,2,10924,197.85,198.05,197.75,197.94,766,MSTR
2025-11-17 17:04:00+00:00,33,2,10924,197.94,198.09,197.56,197.78,1581,MSTR
2025-11-17 17:05:00+00:00,33,2,10924,197.93,198.3,197.93,198.19,2079,MSTR
2025-11-17 17:06:00+00:00,33,2,10924,198.2,198.2,197.56,197.88,1804,MSTR
2025-11-17 17:07:00+00:00,33,2,10924,197.94,198.39,197.94,198.14,2595,MSTR
2025-11-17 17:08:00+00:00,33,2,10924,198.09,198.3,197.95,198.3,2041,MSTR
2025-11-17 17:09:00+00:00,33,2,10924,198.35,198.55,198.35,198.53,1997,MSTR
2025-11-17 17:10:00+00:00,33,2,10924,198.54,198.79,198.41,198.44,2925,MSTR
2025-11-17 17:11:00+00:00,33,2,10924,198.44,198.44,198.2,198.28,2041,MSTR
2025-11-17 17:12:00+00:00,33,2,10924,198.205,198.3,197.71,198.0,2672,MSTR
2025-11-17 17:13:00+00:00,33,2,10924,198.02,198.62,198.02,198.53,3713,MSTR
2025-11-17 17:14:00+00:00,33,2,10924,198.5,198.55,198.05,198.05,3109,MSTR
2025-11-17 17:15:00+00:00,33,2,10924,198.05,198.15,197.64,198.11,6430,MSTR
2025-11-17 17:16:00+00:00,33,2,10924,198.18,198.4,197.865,197.89,5479,MSTR
2025-11-17 17:17:00+00:00,33,2,10924,197.82,197.82,196.85,196.92,9809,MSTR
2025-11-17 17:18:00+00:00,33,2,10924,196.92,196.95,196.39,196.48,4567,MSTR
2025-11-17 17:19:00+00:00,33,2,10924,196.45,197.22,196.07,197.03,7154,MSTR
2025-11-17 17:20:00+00:00,33,2,10924,197.01,197.3,196.71,197.3,2623,MSTR
2025-11-17 17:21:00+00:00,33,2,10924,197.2,197.2,196.87,197.11,2487,MSTR
2025-11-17 17:22:00+00:00,33,2,10924,197.28,197.8,197.25,197.63,2618,MSTR
2025-11-17 17:23:00+00:00,33,2,10924,197.55,198.25,197.38,198.01,4646,MSTR
2025-11-17 17:24:00+00:00,33,2,10924,198.04,198.42,197.88,197.88,2564,MSTR
2025-11-17 17:25:00+00:00,33,2,10924,197.93,197.95,197.51,197.6,4514,MSTR
2025-11-17 17:26:00+00:00,33,2,10924,197.6,197.74,197.42,197.42,4357,MSTR
2025-11-17 17:27:00+00:00,33,2,10924,197.34,197.45,196.92,197.33,5917,MSTR
2025-11-17 17:28:00+00:00,33,2,10924,197.31,197.32,196.92,196.98,4381,MSTR
2025-11-17 17:29:00+00:00,33,2,10924,197.06,197.35,196.96,197.25,5595,MSTR
2025-11-17 17:30:00+00:00,33,2,10924,197.31,197.44,197.05,197.27,6925,MSTR
2025-11-17 17:31:00+00:00,33,2,10924,197.27,197.38,196.95,197.16,3974,MSTR
2025-11-17 17:32:00+00:00,33,2,10924,197.19,197.4,197.02,197.32,3449,MSTR
2025-11-17 17:33:00+00:00,33,2,10924,197.3,197.3,197.15,197.3,2331,MSTR
2025-11-17 17:34:00+00:00,33,2,10924,197.33,197.56,197.33,197.5,5921,MSTR
2025-11-17 17:35:00+00:00,33,2,10924,197.39,197.87,197.39,197.77,1065,MSTR
2025-11-17 17:36:00+00:00,33,2,10924,197.63,197.71,197.44,197.52,1318,MSTR
2025-11-17 17:37:00+00:00,33,2,10924,197.53,197.72,197.29,197.42,3539,MSTR
2025-11-17 17:38:00+00:00,33,2,10924,197.355,197.39,196.69,196.69,14344,MSTR
2025-11-17 17:39:00+00:00,33,2,10924,196.68,196.68,196.0,196.29,31755,MSTR
2025-11-17 17:40:00+00:00,33,2,10924,196.31,196.4,195.04,195.04,8485,MSTR
2025-11-17 17:41:00+00:00,33,2,10924,195.25,195.3,194.9,195.05,4319,MSTR
2025-11-17 17:42:00+00:00,33,2,10924,195.09,195.44,195.0,195.07,5004,MSTR
2025-11-17 17:43:00+00:00,33,2,10924,195.07,195.07,194.73,194.82,6478,MSTR
2025-11-17 17:44:00+00:00,33,2,10924,194.84,194.87,193.53,193.93,25581,MSTR
2025-11-17 17:45:00+00:00,33,2,10924,193.96,193.96,192.69,193.36,24139,MSTR
2025-11-17 17:46:00+00:00,33,2,10924,193.35,194.15,193.07,194.145,19106,MSTR
2025-11-17 17:47:00+00:00,33,2,10924,194.08,194.37,193.88,194.34,6755,MSTR
2025-11-17 17:48:00+00:00,33,2,10924,194.27,194.325,194.01,194.27,3810,MSTR
2025-11-17 17:49:00+00:00,33,2,10924,194.3,194.95,194.17,194.81,5628,MSTR
2025-11-17 17:50:00+00:00,33,2,10924,194.77,194.89,194.43,194.48,2053,MSTR
2025-11-17 17:51:00+00:00,33,2,10924,194.42,194.59,194.16,194.19,2034,MSTR
2025-11-17 17:52:00+00:00,33,2,10924,194.23,194.29,193.765,193.79,6765,MSTR
2025-11-17 17:53:00+00:00,33,2,10924,193.79,194.36,193.79,193.86,2414,MSTR
2025-11-17 17:54:00+00:00,33,2,10924,194.055,194.07,193.78,194.07,2854,MSTR
2025-11-17 17:55:00+00:00,33,2,10924,194.0,194.17,193.91,194.08,2997,MSTR
2025-11-17 17:56:00+00:00,33,2,10924,194.02,194.21,193.9,194.21,1760,MSTR
2025-11-17 17:57:00+00:00,33,2,10924,194.07,194.33,193.86,194.33,4214,MSTR
2025-11-17 17:58:00+00:00,33,2,10924,194.33,194.55,194.19,194.43,1461,MSTR
2025-11-17 17:59:00+00:00,33,2,10924,194.35,194.37,194.03,194.21,1611,MSTR
2025-11-17 18:00:00+00:00,33,2,10924,194.23,194.51,194.02,194.32,1382,MSTR
2025-11-17 18:01:00+00:00,33,2,10924,194.29,194.39,193.7,193.78,3997,MSTR
2025-11-17 18:02:00+00:00,33,2,10924,193.71,193.84,193.36,193.68,7037,MSTR
2025-11-17 18:03:00+00:00,33,2,10924,193.65,193.88,193.22,193.79,4793,MSTR
2025-11-17 18:04:00+00:00,33,2,10924,193.7,193.76,193.54,193.74,2304,MSTR
2025-11-17 18:05:00+00:00,33,2,10924,193.71,194.17,193.71,193.92,5268,MSTR
2025-11-17 18:06:00+00:00,33,2,10924,193.86,194.23,193.63,193.77,5003,MSTR
2025-11-17 18:07:00+00:00,33,2,10924,193.64,193.83,193.5,193.58,6846,MSTR
2025-11-17 18:08:00+00:00,33,2,10924,193.51,193.93,193.38,193.61,3958,MSTR
2025-11-17 18:09:00+00:00,33,2,10924,193.62,193.62,193.35,193.53,2634,MSTR
2025-11-17 18:10:00+00:00,33,2,10924,193.64,194.38,193.64,194.19,7626,MSTR
2025-11-17 18:11:00+00:00,33,2,10924,194.18,194.225,193.62,193.81,12428,MSTR
2025-11-17 18:12:00+00:00,33,2,10924,193.91,193.93,193.42,193.42,5928,MSTR
2025-11-17 18:13:00+00:00,33,2,10924,193.37,193.71,193.29,193.525,2265,MSTR
2025-11-17 18:14:00+00:00,33,2,10924,193.48,193.53,193.3,193.35,2681,MSTR
2025-11-17 18:15:00+00:00,33,2,10924,193.35,193.43,192.46,192.5,7233,MSTR
2025-11-17 18:16:00+00:00,33,2,10924,192.5,193.07,192.4,193.07,5988,MSTR
2025-11-17 18:17:00+00:00,33,2,10924,193.11,193.85,193.04,193.58,4405,MSTR
2025-11-17 18:18:00+00:00,33,2,10924,193.55,193.66,193.14,193.44,4068,MSTR
2025-11-17 18:19:00+00:00,33,2,10924,193.48,193.54,193.04,193.13,2468,MSTR
2025-11-17 18:20:00+00:00,33,2,10924,193.16,193.4,192.79,193.24,3624,MSTR
2025-11-17 18:21:00+00:00,33,2,10924,193.22,193.33,192.91,193.2,3343,MSTR
2025-11-17 18:22:00+00:00,33,2,10924,193.22,193.3,192.31,192.55,9150,MSTR
2025-11-17 18:23:00+00:00,33,2,10924,192.55,192.64,192.25,192.36,3637,MSTR
2025-11-17 18:24:00+00:00,33,2,10924,192.45,192.5,192.15,192.36,5281,MSTR
2025-11-17 18:25:00+00:00,33,2,10924,192.39,192.67,192.29,192.5,4557,MSTR
2025-11-17 18:26:00+00:00,33,2,10924,192.55,192.55,192.11,192.13,2622,MSTR
2025-11-17 18:27:00+00:00,33,2,10924,192.27,192.48,192.01,192.06,6858,MSTR
2025-11-17 18:28:00+00:00,33,2,10924,192.04,192.14,191.75,191.84,6929,MSTR
2025-11-17 18:29:00+00:00,33,2,10924,191.84,191.97,191.41,191.43,7770,MSTR
2025-11-17 18:30:00+00:00,33,2,10924,191.45,191.51,191.16,191.43,8163,MSTR
2025-11-17 18:31:00+00:00,33,2,10924,191.38,191.79,191.35,191.76,7605,MSTR
2025-11-17 18:32:00+00:00,33,2,10924,191.75,191.91,191.53,191.815,6700,MSTR
2025-11-17 18:33:00+00:00,33,2,10924,191.76,191.76,191.25,191.56,3404,MSTR
2025-11-17 18:34:00+00:00,33,2,10924,191.6,191.78,191.56,191.65,5721,MSTR
2025-11-17 18:35:00+00:00,33,2,10924,191.7,191.79,191.36,191.39,5354,MSTR
2025-11-17 18:36:00+00:00,33,2,10924,191.43,191.67,191.15,191.15,18595,MSTR
2025-11-17 18:37:00+00:00,33,2,10924,191.14,191.58,191.07,191.28,5916,MSTR
2025-11-17 18:38:00+00:00,33,2,10924,191.24,191.8,191.2,191.65,11323,MSTR
2025-11-17 18:39:00+00:00,33,2,10924,191.53,191.95,191.38,191.755,6271,MSTR
2025-11-17 18:40:00+00:00,33,2,10924,191.78,191.79,191.24,191.32,8216,MSTR
2025-11-17 18:41:00+00:00,33,2,10924,191.37,191.79,191.24,191.69,8074,MSTR
2025-11-17 18:42:00+00:00,33,2,10924,191.8,192.3,191.67,192.07,10414,MSTR
2025-11-17 18:43:00+00:00,33,2,10924,192.08,192.1,191.64,192.0,4698,MSTR
2025-11-17 18:44:00+00:00,33,2,10924,192.0,192.59,192.0,192.475,3763,MSTR
2025-11-17 18:45:00+00:00,33,2,10924,192.54,193.185,192.43,193.185,29212,MSTR
2025-11-17 18:46:00+00:00,33,2,10924,193.14,193.73,193.08,193.7,4156,MSTR
2025-11-17 18:47:00+00:00,33,2,10924,193.68,194.03,193.6,193.98,5002,MSTR
2025-11-17 18:48:00+00:00,33,2,10924,194.0,194.31,194.0,194.24,3506,MSTR
2025-11-17 18:49:00+00:00,33,2,10924,194.15,194.15,193.87,194.09,9308,MSTR
2025-11-17 18:50:00+00:00,33,2,10924,194.15,194.55,194.11,194.55,4826,MSTR
2025-11-17 18:51:00+00:00,33,2,10924,194.55,194.55,194.1,194.33,5470,MSTR
2025-11-17 18:52:00+00:00,33,2,10924,194.37,194.42,194.11,194.24,5574,MSTR
2025-11-17 18:53:00+00:00,33,2,10924,194.21,194.5,194.09,194.26,3149,MSTR
2025-11-17 18:54:00+00:00,33,2,10924,194.26,194.31,193.82,193.87,8477,MSTR
2025-11-17 18:55:00+00:00,33,2,10924,193.83,193.89,193.52,193.61,5747,MSTR
2025-11-17 18:56:00+00:00,33,2,10924,193.62,193.88,193.48,193.54,6386,MSTR
2025-11-17 18:57:00+00:00,33,2,10924,193.54,193.73,193.05,193.05,9770,MSTR
2025-11-17 18:58:00+00:00,33,2,10924,193.04,193.04,192.74,192.82,13666,MSTR
2025-11-17 18:59:00+00:00,33,2,10924,192.86,193.44,192.85,193.25,8739,MSTR
2025-11-17 19:00:00+00:00,33,2,10924,193.26,193.72,193.24,193.72,6548,MSTR
2025-11-17 19:01:00+00:00,33,2,10924,193.805,193.92,193.21,193.71,7599,MSTR
2025-11-17 19:02:00+00:00,33,2,10924,193.7,193.78,193.48,193.55,7578,MSTR
2025-11-17 19:03:00+00:00,33,2,10924,193.51,193.51,192.855,193.0,11796,MSTR
2025-11-17 19:04:00+00:00,33,2,10924,193.01,193.32,192.88,193.31,4934,MSTR
2025-11-17 19:05:00+00:00,33,2,10924,193.27,193.27,192.825,193.17,10286,MSTR
2025-11-17 19:06:00+00:00,33,2,10924,193.12,193.65,193.03,193.57,12723,MSTR
2025-11-17 19:07:00+00:00,33,2,10924,193.51,194.0,193.28,193.63,12864,MSTR
2025-11-17 19:08:00+00:00,33,2,10924,193.73,194.33,193.73,194.09,8716,MSTR
2025-11-17 19:09:00+00:00,33,2,10924,194.1,194.15,193.92,194.09,11045,MSTR
2025-11-17 19:10:00+00:00,33,2,10924,194.05,194.22,193.49,193.935,11176,MSTR
2025-11-17 19:11:00+00:00,33,2,10924,193.935,193.935,193.03,193.13,7037,MSTR
2025-11-17 19:12:00+00:00,33,2,10924,193.05,193.45,192.94,193.14,7903,MSTR
2025-11-17 19:13:00+00:00,33,2,10924,193.14,193.28,192.9,193.16,5805,MSTR
2025-11-17 19:14:00+00:00,33,2,10924,193.12,193.19,192.87,193.19,5129,MSTR
2025-11-17 19:15:00+00:00,33,2,10924,193.2,193.3,192.91,192.98,5632,MSTR
2025-11-17 19:16:00+00:00,33,2,10924,193.0,193.13,192.73,192.98,9792,MSTR
2025-11-17 19:17:00+00:00,33,2,10924,193.1,193.35,192.87,192.93,8194,MSTR
2025-11-17 19:18:00+00:00,33,2,10924,192.88,193.01,192.43,192.46,17689,MSTR
2025-11-17 19:19:00+00:00,33,2,10924,192.44,192.86,192.23,192.86,9817,MSTR
2025-11-17 19:20:00+00:00,33,2,10924,192.8,193.24,192.75,192.95,7650,MSTR
2025-11-17 19:21:00+00:00,33,2,10924,192.92,193.0,192.47,192.5,14951,MSTR
2025-11-17 19:22:00+00:00,33,2,10924,192.63,192.88,192.56,192.65,17268,MSTR
2025-11-17 19:23:00+00:00,33,2,10924,192.55,193.0,192.5,192.85,12926,MSTR
2025-11-17 19:24:00+00:00,33,2,10924,192.98,193.12,192.35,192.51,17204,MSTR
2025-11-17 19:25:00+00:00,33,2,10924,192.44,192.72,191.86,192.04,13093,MSTR
2025-11-17 19:26:00+00:00,33,2,10924,191.88,191.88,191.19,191.22,9973,MSTR
2025-11-17 19:27:00+00:00,33,2,10924,191.3,191.46,190.63,190.84,18267,MSTR
2025-11-17 19:28:00+00:00,33,2,10924,190.79,191.08,190.7,190.9,9665,MSTR
2025-11-17 19:29:00+00:00,33,2,10924,191.04,191.91,191.04,191.82,7175,MSTR
2025-11-17 19:30:00+00:00,33,2,10924,191.77,191.78,191.4,191.44,7873,MSTR
2025-11-17 19:31:00+00:00,33,2,10924,191.36,191.36,190.72,190.93,5511,MSTR
2025-11-17 19:32:00+00:00,33,2,10924,190.98,190.99,189.8,190.0,40129,MSTR
2025-11-17 19:33:00+00:00,33,2,10924,190.03,190.54,190.0,190.23,9885,MSTR
2025-11-17 19:34:00+00:00,33,2,10924,190.21,190.67,189.88,190.55,7422,MSTR
2025-11-17 19:35:00+00:00,33,2,10924,190.55,190.89,190.33,190.58,8473,MSTR
2025-11-17 19:36:00+00:00,33,2,10924,190.57,190.8,190.35,190.57,4627,MSTR
2025-11-17 19:37:00+00:00,33,2,10924,190.65,190.75,189.7,189.77,10051,MSTR
2025-11-17 19:38:00+00:00,33,2,10924,189.72,189.99,189.59,189.64,10863,MSTR
2025-11-17 19:39:00+00:00,33,2,10924,189.71,190.1,189.62,189.68,6641,MSTR
2025-11-17 19:40:00+00:00,33,2,10924,189.66,190.75,189.66,190.75,11587,MSTR
2025-11-17 19:41:00+00:00,33,2,10924,190.73,191.2,190.63,191.09,18057,MSTR
2025-11-17 19:42:00+00:00,33,2,10924,191.15,191.19,190.81,190.97,12003,MSTR
2025-11-17 19:43:00+00:00,33,2,10924,190.97,191.29,190.86,191.2,9029,MSTR
2025-11-17 19:44:00+00:00,33,2,10924,191.29,191.93,191.29,191.59,9848,MSTR
2025-11-17 19:45:00+00:00,33,2,10924,191.6,191.67,191.15,191.45,7568,MSTR
2025-11-17 19:46:00+00:00,33,2,10924,191.38,191.42,190.98,190.99,7900,MSTR
2025-11-17 19:47:00+00:00,33,2,10924,191.04,191.12,190.71,190.96,10612,MSTR
2025-11-17 19:48:00+00:00,33,2,10924,190.88,191.28,190.68,191.28,7194,MSTR
2025-11-17 19:49:00+00:00,33,2,10924,191.23,192.27,191.22,192.27,9916,MSTR
2025-11-17 19:50:00+00:00,33,2,10924,192.23,192.48,191.75,191.85,6177,MSTR
2025-11-17 19:51:00+00:00,33,2,10924,191.85,192.15,191.44,191.99,4385,MSTR
2025-11-17 19:52:00+00:00,33,2,10924,192.0,192.2,191.52,191.7,3807,MSTR
2025-11-17 19:53:00+00:00,33,2,10924,191.71,192.0,191.39,191.51,4295,MSTR
2025-11-17 19:54:00+00:00,33,2,10924,191.42,191.81,191.42,191.47,2848,MSTR
2025-11-17 19:55:00+00:00,33,2,10924,191.48,191.48,190.8,191.36,8127,MSTR
2025-11-17 19:56:00+00:00,33,2,10924,191.34,191.775,191.27,191.45,6100,MSTR
2025-11-17 19:57:00+00:00,33,2,10924,191.44,191.66,191.34,191.55,7929,MSTR
2025-11-17 19:58:00+00:00,33,2,10924,191.61,192.0,191.57,191.9,7001,MSTR
2025-11-17 19:59:00+00:00,33,2,10924,191.82,192.0,191.6,191.88,9054,MSTR
2025-11-17 20:00:00+00:00,33,2,10924,191.86,192.07,191.34,191.545,10521,MSTR
2025-11-17 20:01:00+00:00,33,2,10924,191.6,191.63,191.16,191.22,17482,MSTR
2025-11-17 20:02:00+00:00,33,2,10924,191.21,191.43,191.2,191.295,18945,MSTR
2025-11-17 20:03:00+00:00,33,2,10924,191.22,191.36,190.94,191.03,8780,MSTR
2025-11-17 20:04:00+00:00,33,2,10924,190.97,191.7,190.97,191.7,4617,MSTR
2025-11-17 20:05:00+00:00,33,2,10924,191.58,192.63,191.54,192.21,18929,MSTR
2025-11-17 20:06:00+00:00,33,2,10924,192.17,192.28,191.73,191.88,7246,MSTR
2025-11-17 20:07:00+00:00,33,2,10924,191.78,191.91,191.41,191.76,9042,MSTR
2025-11-17 20:08:00+00:00,33,2,10924,191.77,192.13,191.77,191.99,6028,MSTR
2025-11-17 20:09:00+00:00,33,2,10924,191.93,192.04,191.7,192.04,6812,MSTR
2025-11-17 20:10:00+00:00,33,2,10924,192.07,192.54,192.07,192.09,2525,MSTR
2025-11-17 20:11:00+00:00,33,2,10924,192.13,192.5,191.7,192.5,4426,MSTR
2025-11-17 20:12:00+00:00,33,2,10924,192.53,193.09,192.21,192.21,10499,MSTR
2025-11-17 20:13:00+00:00,33,2,10924,192.3,192.45,191.99,191.99,3002,MSTR
2025-11-17 20:14:00+00:00,33,2,10924,191.95,191.97,191.19,191.25,2938,MSTR
2025-11-17 20:15:00+00:00,33,2,10924,191.25,192.29,191.1,191.96,14371,MSTR
2025-11-17 20:16:00+00:00,33,2,10924,192.04,192.79,192.04,192.62,10696,MSTR
2025-11-17 20:17:00+00:00,33,2,10924,192.66,192.88,192.29,192.56,4367,MSTR
2025-11-17 20:18:00+00:00,33,2,10924,192.56,193.05,192.37,193.05,3025,MSTR
2025-11-17 20:19:00+00:00,33,2,10924,193.01,193.11,192.4,192.445,3638,MSTR
2025-11-17 20:20:00+00:00,33,2,10924,192.34,192.66,192.315,192.54,2665,MSTR
2025-11-17 20:21:00+00:00,33,2,10924,192.48,192.63,192.355,192.39,21073,MSTR
2025-11-17 20:22:00+00:00,33,2,10924,192.38,192.45,191.93,192.13,3287,MSTR
2025-11-17 20:23:00+00:00,33,2,10924,192.05,192.58,192.05,192.52,5052,MSTR
2025-11-17 20:24:00+00:00,33,2,10924,192.51,192.6,192.12,192.2,6193,MSTR
2025-11-17 20:25:00+00:00,33,2,10924,192.17,193.16,192.07,192.94,12401,MSTR
2025-11-17 20:26:00+00:00,33,2,10924,192.95,193.16,192.82,192.87,16901,MSTR
2025-11-17 20:27:00+00:00,33,2,10924,192.86,192.95,192.6,192.71,12650,MSTR
2025-11-17 20:28:00+00:00,33,2,10924,192.695,192.78,192.54,192.63,19314,MSTR
2025-11-17 20:29:00+00:00,33,2,10924,192.67,193.04,192.52,192.995,20659,MSTR
2025-11-17 20:30:00+00:00,33,2,10924,193.07,194.2,193.07,194.13,20513,MSTR
2025-11-17 20:31:00+00:00,33,2,10924,194.14,194.16,193.77,193.8,5665,MSTR
2025-11-17 20:32:00+00:00,33,2,10924,193.82,193.97,193.24,193.29,6980,MSTR
2025-11-17 20:33:00+00:00,33,2,10924,193.25,193.38,192.95,193.24,7923,MSTR
2025-11-17 20:34:00+00:00,33,2,10924,193.2,193.68,193.2,193.32,5365,MSTR
2025-11-17 20:35:00+00:00,33,2,10924,193.29,193.58,193.28,193.46,6308,MSTR
2025-11-17 20:36:00+00:00,33,2,10924,193.45,193.9,193.4,193.81,5003,MSTR
2025-11-17 20:37:00+00:00,33,2,10924,193.785,193.88,193.53,193.56,5797,MSTR
2025-11-17 20:38:00+00:00,33,2,10924,193.5,193.67,193.225,193.28,4904,MSTR
2025-11-17 20:39:00+00:00,33,2,10924,193.25,193.51,193.14,193.24,8258,MSTR
2025-11-17 20:40:00+00:00,33,2,10924,193.235,193.62,193.235,193.52,4542,MSTR
2025-11-17 20:41:00+00:00,33,2,10924,193.51,193.53,192.99,193.25,9599,MSTR
2025-11-17 20:42:00+00:00,33,2,10924,193.29,193.53,193.22,193.5,6228,MSTR
2025-11-17 20:43:00+00:00,33,2,10924,193.41,193.43,192.88,192.96,17160,MSTR
2025-11-17 20:44:00+00:00,33,2,10924,192.97,193.405,192.97,193.4,5279,MSTR
2025-11-17 20:45:00+00:00,33,2,10924,193.46,193.7,193.32,193.38,11684,MSTR
2025-11-17 20:46:00+00:00,33,2,10924,193.39,193.89,193.24,193.87,10049,MSTR
2025-11-17 20:47:00+00:00,33,2,10924,193.78,193.97,193.63,193.8,5998,MSTR
2025-11-17 20:48:00+00:00,33,2,10924,193.83,194.28,193.72,194.27,10289,MSTR
2025-11-17 20:49:00+00:00,33,2,10924,194.22,194.31,194.07,194.11,17487,MSTR
2025-11-17 20:50:00+00:00,33,2,10924,194.06,194.75,193.48,194.66,19534,MSTR
2025-11-17 20:51:00+00:00,33,2,10924,194.72,194.87,194.45,194.68,13633,MSTR
2025-11-17 20:52:00+00:00,33,2,10924,194.63,194.7,194.29,194.46,9057,MSTR
2025-11-17 20:53:00+00:00,33,2,10924,194.44,194.49,194.2,194.36,8431,MSTR
2025-11-17 20:54:00+00:00,33,2,10924,194.36,194.62,194.01,194.49,33676,MSTR
2025-11-17 20:55:00+00:00,33,2,10924,194.54,195.29,194.32,194.71,35155,MSTR
2025-11-17 20:56:00+00:00,33,2,10924,194.72,194.83,194.375,194.83,29454,MSTR
2025-11-17 20:57:00+00:00,33,2,10924,194.82,195.23,194.57,195.14,56546,MSTR
2025-11-17 20:58:00+00:00,33,2,10924,195.14,195.39,195.01,195.38,69367,MSTR
2025-11-17 20:59:00+00:00,33,2,10924,195.39,195.9,195.09,195.41,137931,MSTR
2025-11-17 21:00:00+00:00,33,2,10924,195.41,195.71,195.37,195.58,1061504,MSTR
2025-11-17 21:01:00+00:00,33,2,10924,195.51,196.06,195.46,196.03,1736,MSTR
2025-11-17 21:02:00+00:00,33,2,10924,196.06,196.89,196.03,196.66,3152,MSTR
2025-11-17 21:03:00+00:00,33,2,10924,196.61,196.91,196.57,196.87,948,MSTR
2025-11-17 21:04:00+00:00,33,2,10924,196.93,197.37,196.93,197.0,3622,MSTR
2025-11-17 21:05:00+00:00,33,2,10924,197.03,197.39,196.96,197.3,10918,MSTR
2025-11-17 21:06:00+00:00,33,2,10924,197.32,197.9,196.8,196.99,25117,MSTR
2025-11-17 21:07:00+00:00,33,2,10924,197.05,197.09,197.0,197.0,71,MSTR
2025-11-17 21:08:00+00:00,33,2,10924,197.03,198.89,197.03,198.46,3615,MSTR
2025-11-17 21:09:00+00:00,33,2,10924,198.18,199.16,197.82,198.0,2995,MSTR
2025-11-17 21:10:00+00:00,33,2,10924,197.6,198.7,197.6,198.6,4144,MSTR
2025-11-17 21:11:00+00:00,33,2,10924,198.19,198.82,198.19,198.44,13458,MSTR
2025-11-17 21:12:00+00:00,33,2,10924,198.39,198.7,198.32,198.47,1667,MSTR
2025-11-17 21:13:00+00:00,33,2,10924,198.35,198.8,198.25,198.78,2046,MSTR
2025-11-17 21:14:00+00:00,33,2,10924,198.75,198.75,198.09,198.6,4782,MSTR
2025-11-17 21:15:00+00:00,33,2,10924,198.42,198.53,198.31,198.31,103,MSTR
2025-11-17 21:16:00+00:00,33,2,10924,198.2,198.36,198.05,198.18,1473,MSTR
2025-11-17 21:17:00+00:00,33,2,10924,198.0,198.0,197.56,197.56,784,MSTR
2025-11-17 21:18:00+00:00,33,2,10924,197.49,197.82,197.49,197.82,478,MSTR
2025-11-17 21:19:00+00:00,33,2,10924,197.65,197.65,197.4,197.4,207,MSTR
2025-11-17 21:20:00+00:00,33,2,10924,197.33,197.46,197.17,197.4,1218,MSTR
2025-11-17 21:21:00+00:00,33,2,10924,197.41,198.2,197.1,197.93,1973,MSTR
2025-11-17 21:22:00+00:00,33,2,10924,197.66,197.75,197.65,197.72,256,MSTR
2025-11-17 21:23:00+00:00,33,2,10924,197.66,197.71,197.53,197.71,254,MSTR
2025-11-17 21:24:00+00:00,33,2,10924,197.7,198.0,197.7,197.84,128,MSTR
2025-11-17 21:25:00+00:00,33,2,10924,198.0,198.02,197.99,198.0,560,MSTR
2025-11-17 21:26:00+00:00,33,2,10924,197.6,197.62,197.53,197.53,66,MSTR
2025-11-17 21:27:00+00:00,33,2,10924,197.52,197.52,197.24,197.29,20,MSTR
2025-11-17 21:28:00+00:00,33,2,10924,197.1,197.1,196.99,197.03,166,MSTR
2025-11-17 21:30:00+00:00,33,2,10924,197.05,197.05,196.58,196.58,296,MSTR
2025-11-17 21:31:00+00:00,33,2,10924,196.48,196.6,196.34,196.6,1100,MSTR
2025-11-17 21:32:00+00:00,33,2,10924,196.8,197.0,196.8,197.0,329,MSTR
2025-11-17 21:33:00+00:00,33,2,10924,197.05,197.17,197.0,197.16,762,MSTR
2025-11-17 21:34:00+00:00,33,2,10924,197.15,197.15,197.05,197.07,70,MSTR
2025-11-17 21:35:00+00:00,33,2,10924,197.05,197.05,196.98,196.98,532,MSTR
2025-11-17 21:36:00+00:00,33,2,10924,196.7,196.7,196.68,196.68,8,MSTR
2025-11-17 21:37:00+00:00,33,2,10924,196.61,196.62,196.56,196.56,266,MSTR
2025-11-17 21:38:00+00:00,33,2,10924,196.5,196.7,196.5,196.7,329,MSTR
2025-11-17 21:39:00+00:00,33,2,10924,196.7,196.88,196.7,196.84,98,MSTR
2025-11-17 21:40:00+00:00,33,2,10924,196.96,196.96,196.96,196.96,1,MSTR
2025-11-17 21:41:00+00:00,33,2,10924,196.76,196.76,196.71,196.71,17,MSTR
2025-11-17 21:42:00+00:00,33,2,10924,196.97,197.0,196.97,197.0,27,MSTR
2025-11-17 21:43:00+00:00,33,2,10924,196.78,197.25,196.72,197.25,390,MSTR
2025-11-17 21:44:00+00:00,33,2,10924,197.13,197.16,196.99,197.0,134,MSTR
2025-11-17 21:46:00+00:00,33,2,10924,196.68,196.72,196.51,196.51,95,MSTR
2025-11-17 21:48:00+00:00,33,2,10924,196.5,196.5,196.5,196.5,15,MSTR
2025-11-17 21:49:00+00:00,33,2,10924,196.46,196.5,196.37,196.37,198,MSTR
2025-11-17 21:50:00+00:00,33,2,10924,196.38,196.38,196.38,196.38,2,MSTR
2025-11-17 21:51:00+00:00,33,2,10924,196.72,196.72,196.72,196.72,1,MSTR
2025-11-17 21:52:00+00:00,33,2,10924,196.73,196.73,196.11,196.36,930,MSTR
2025-11-17 21:53:00+00:00,33,2,10924,196.69,196.97,196.65,196.65,503,MSTR
2025-11-17 21:54:00+00:00,33,2,10924,196.68,196.75,196.65,196.75,331,MSTR
2025-11-17 21:55:00+00:00,33,2,10924,196.7,196.7,196.64,196.64,12,MSTR
2025-11-17 21:56:00+00:00,33,2,10924,196.71,196.71,196.71,196.71,14,MSTR
2025-11-17 21:57:00+00:00,33,2,10924,196.93,196.95,196.93,196.95,20,MSTR
2025-11-17 21:58:00+00:00,33,2,10924,196.73,196.9,196.72,196.72,194,MSTR
2025-11-17 22:00:00+00:00,33,2,10924,196.88,196.88,196.7,196.7,16,MSTR
2025-11-17 22:01:00+00:00,33,2,10924,196.5,196.5,196.5,196.5,17,MSTR
2025-11-17 22:02:00+00:00,33,2,10924,196.53,196.53,196.51,196.51,45,MSTR
2025-11-17 22:04:00+00:00,33,2,10924,196.67,196.67,196.67,196.67,4,MSTR
2025-11-17 22:06:00+00:00,33,2,10924,196.66,196.66,196.61,196.61,19,MSTR
2025-11-17 22:10:00+00:00,33,2,10924,197.17,197.25,197.17,197.25,236,MSTR
2025-11-17 22:11:00+00:00,33,2,10924,197.01,197.01,197.01,197.01,199,MSTR
2025-11-17 22:12:00+00:00,33,2,10924,197.06,197.06,197.06,197.06,10,MSTR
2025-11-17 22:13:00+00:00,33,2,10924,197.3,197.3,197.3,197.3,10,MSTR
2025-11-17 22:14:00+00:00,33,2,10924,197.3,197.3,197.3,197.3,2,MSTR
2025-11-17 22:15:00+00:00,33,2,10924,197.33,197.33,197.32,197.33,680,MSTR
2025-11-17 22:16:00+00:00,33,2,10924,197.25,197.25,197.03,197.03,34,MSTR
2025-11-17 22:18:00+00:00,33,2,10924,197.05,197.29,197.01,197.29,221,MSTR
2025-11-17 22:19:00+00:00,33,2,10924,197.08,197.19,197.05,197.05,210,MSTR
2025-11-17 22:20:00+00:00,33,2,10924,197.05,197.07,197.0,197.04,61,MSTR
2025-11-17 22:21:00+00:00,33,2,10924,197.05,197.05,197.05,197.05,10,MSTR
2025-11-17 22:22:00+00:00,33,2,10924,197.01,197.08,197.01,197.08,13,MSTR
2025-11-17 22:23:00+00:00,33,2,10924,197.05,197.05,197.05,197.05,20,MSTR
2025-11-17 22:24:00+00:00,33,2,10924,197.2,197.2,197.2,197.2,98,MSTR
2025-11-17 22:25:00+00:00,33,2,10924,197.05,197.05,197.04,197.04,44,MSTR
2025-11-17 22:26:00+00:00,33,2,10924,197.14,197.25,197.14,197.25,124,MSTR
2025-11-17 22:27:00+00:00,33,2,10924,197.35,197.5,197.2,197.2,221,MSTR
2025-11-17 22:29:00+00:00,33,2,10924,197.5,197.5,197.41,197.41,2534,MSTR
2025-11-17 22:30:00+00:00,33,2,10924,197.57,197.57,197.5,197.5,130,MSTR
2025-11-17 22:31:00+00:00,33,2,10924,197.5,197.5,197.22,197.22,156,MSTR
2025-11-17 22:32:00+00:00,33,2,10924,197.28,197.28,197.2,197.27,441,MSTR
2025-11-17 22:33:00+00:00,33,2,10924,197.57,197.57,197.57,197.57,3,MSTR
2025-11-17 22:34:00+00:00,33,2,10924,197.56,197.58,197.56,197.58,49,MSTR
2025-11-17 22:37:00+00:00,33,2,10924,197.22,197.22,197.12,197.12,173,MSTR
2025-11-17 22:38:00+00:00,33,2,10924,197.38,197.5,197.38,197.5,259,MSTR
2025-11-17 22:40:00+00:00,33,2,10924,197.53,197.64,197.47,197.6,273,MSTR
2025-11-17 22:44:00+00:00,33,2,10924,197.31,197.45,197.31,197.45,247,MSTR
2025-11-17 22:45:00+00:00,33,2,10924,197.49,197.49,197.49,197.49,1,MSTR
2025-11-17 22:47:00+00:00,33,2,10924,197.32,197.32,197.3,197.3,219,MSTR
2025-11-17 22:50:00+00:00,33,2,10924,197.4,197.4,197.31,197.31,136,MSTR
2025-11-17 22:51:00+00:00,33,2,10924,197.3,197.3,197.3,197.3,71,MSTR
2025-11-17 22:52:00+00:00,33,2,10924,197.4,197.4,197.4,197.4,29,MSTR
2025-11-17 22:53:00+00:00,33,2,10924,197.4,197.4,197.4,197.4,1,MSTR
2025-11-17 22:55:00+00:00,33,2,10924,197.4,197.49,197.2,197.2,321,MSTR
2025-11-17 22:57:00+00:00,33,2,10924,197.23,197.23,197.23,197.23,108,MSTR
2025-11-17 22:58:00+00:00,33,2,10924,197.11,197.11,197.1,197.1,125,MSTR
2025-11-17 22:59:00+00:00,33,2,10924,197.1,197.23,197.1,197.21,2525,MSTR
2025-11-17 23:00:00+00:00,33,2,10924,197.2,197.21,197.2,197.21,156,MSTR
2025-11-17 23:01:00+00:00,33,2,10924,197.21,197.58,197.21,197.58,261,MSTR
2025-11-17 23:02:00+00:00,33,2,10924,197.51,197.51,197.51,197.51,5,MSTR
2025-11-17 23:03:00+00:00,33,2,10924,197.5,197.5,197.5,197.5,8,MSTR
2025-11-17 23:04:00+00:00,33,2,10924,197.75,197.75,197.75,197.75,14,MSTR
2025-11-17 23:05:00+00:00,33,2,10924,197.75,197.75,197.6,197.6,2554,MSTR
2025-11-17 23:06:00+00:00,33,2,10924,197.73,197.73,197.73,197.73,6,MSTR
2025-11-17 23:07:00+00:00,33,2,10924,197.5,197.5,197.4,197.4,6,MSTR
2025-11-17 23:08:00+00:00,33,2,10924,197.15,197.15,197.09,197.15,987,MSTR
2025-11-17 23:09:00+00:00,33,2,10924,197.11,197.11,197.05,197.05,457,MSTR
2025-11-17 23:12:00+00:00,33,2,10924,197.05,197.05,197.05,197.05,2,MSTR
2025-11-17 23:13:00+00:00,33,2,10924,197.15,197.15,197.15,197.15,3,MSTR
2025-11-17 23:14:00+00:00,33,2,10924,197.12,197.12,197.11,197.11,81,MSTR
2025-11-17 23:15:00+00:00,33,2,10924,197.03,197.34,196.85,196.85,346,MSTR
2025-11-17 23:16:00+00:00,33,2,10924,196.8,196.8,196.8,196.8,514,MSTR
2025-11-17 23:17:00+00:00,33,2,10924,196.69,196.69,196.69,196.69,11,MSTR
2025-11-17 23:18:00+00:00,33,2,10924,196.98,196.98,196.98,196.98,5,MSTR
2025-11-17 23:19:00+00:00,33,2,10924,196.69,196.69,196.69,196.69,7,MSTR
2025-11-17 23:20:00+00:00,33,2,10924,196.74,196.74,196.74,196.74,5,MSTR
2025-11-17 23:21:00+00:00,33,2,10924,196.74,197.0,196.74,197.0,644,MSTR
2025-11-17 23:22:00+00:00,33,2,10924,196.75,196.75,196.41,196.41,38,MSTR
2025-11-17 23:23:00+00:00,33,2,10924,196.43,196.43,196.43,196.43,1,MSTR
2025-11-17 23:25:00+00:00,33,2,10924,196.43,196.43,196.34,196.38,610,MSTR
2025-11-17 23:29:00+00:00,33,2,10924,196.58,196.58,196.56,196.56,20,MSTR
2025-11-17 23:30:00+00:00,33,2,10924,196.5,196.5,196.4,196.4,208,MSTR
2025-11-17 23:31:00+00:00,33,2,10924,196.35,196.35,196.34,196.34,168,MSTR
2025-11-17 23:32:00+00:00,33,2,10924,196.39,196.64,196.39,196.64,33,MSTR
2025-11-17 23:33:00+00:00,33,2,10924,196.39,196.39,196.39,196.39,42,MSTR
2025-11-17 23:34:00+00:00,33,2,10924,196.39,196.39,196.34,196.34,130,MSTR
2025-11-17 23:35:00+00:00,33,2,10924,196.64,196.64,196.44,196.44,71,MSTR
2025-11-17 23:36:00+00:00,33,2,10924,196.44,196.44,196.35,196.35,180,MSTR
2025-11-17 23:37:00+00:00,33,2,10924,196.5,196.5,196.5,196.5,213,MSTR
2025-11-17 23:38:00+00:00,33,2,10924,196.5,196.5,196.5,196.5,32,MSTR
2025-11-17 23:39:00+00:00,33,2,10924,196.38,196.38,196.38,196.38,5,MSTR
2025-11-17 23:40:00+00:00,33,2,10924,196.57,196.75,196.56,196.62,515,MSTR
2025-11-17 23:41:00+00:00,33,2,10924,196.6,196.6,196.57,196.57,12,MSTR
2025-11-17 23:42:00+00:00,33,2,10924,196.79,196.79,196.41,196.41,2,MSTR
2025-11-17 23:45:00+00:00,33,2,10924,196.41,196.49,196.41,196.49,25,MSTR
2025-11-17 23:46:00+00:00,33,2,10924,196.41,196.48,196.41,196.48,20,MSTR
2025-11-17 23:47:00+00:00,33,2,10924,196.5,196.52,196.5,196.52,90,MSTR
2025-11-17 23:48:00+00:00,33,2,10924,196.5,196.5,196.5,196.5,31,MSTR
2025-11-17 23:49:00+00:00,33,2,10924,196.5,196.5,196.5,196.5,290,MSTR
2025-11-17 23:50:00+00:00,33,2,10924,196.56,196.56,196.56,196.56,5,MSTR
2025-11-17 23:51:00+00:00,33,2,10924,196.63,196.63,196.63,196.63,20,MSTR
2025-11-17 23:52:00+00:00,33,2,10924,196.63,196.63,196.63,196.63,975,MSTR
2025-11-17 23:57:00+00:00,33,2,10924,196.74,196.87,196.71,196.71,494,MSTR
2025-11-17 23:58:00+00:00,33,2,10924,196.71,196.71,196.71,196.71,127,MSTR
2025-11-17 23:59:00+00:00,33,2,10924,196.72,196.72,196.72,196.72,35,MSTR
2025-11-18 09:00:00+00:00,33,2,10924,192.78,194.13,192.78,194.01,306,MSTR
2025-11-18 09:01:00+00:00,33,2,10924,194.19,194.3,194.15,194.3,845,MSTR
2025-11-18 09:02:00+00:00,33,2,10924,194.05,194.5,194.0,194.5,281,MSTR
2025-11-18 09:03:00+00:00,33,2,10924,194.51,194.51,194.2,194.2,64,MSTR
2025-11-18 09:04:00+00:00,33,2,10924,194.24,194.33,194.2,194.33,159,MSTR
2025-11-18 09:05:00+00:00,33,2,10924,194.3,194.3,193.79,193.79,646,MSTR
2025-11-18 09:06:00+00:00,33,2,10924,193.7,194.04,193.7,193.96,319,MSTR
2025-11-18 09:07:00+00:00,33,2,10924,193.77,193.77,193.77,193.77,2,MSTR
2025-11-18 09:08:00+00:00,33,2,10924,193.5,193.57,193.5,193.57,40,MSTR
2025-11-18 09:09:00+00:00,33,2,10924,193.54,193.59,193.48,193.48,378,MSTR
2025-11-18 09:10:00+00:00,33,2,10924,193.5,193.55,193.5,193.54,247,MSTR
2025-11-18 09:11:00+00:00,33,2,10924,193.62,194.1,193.62,194.1,720,MSTR
2025-11-18 09:12:00+00:00,33,2,10924,194.0,194.0,193.87,193.95,559,MSTR
2025-11-18 09:13:00+00:00,33,2,10924,193.87,193.87,193.6,193.65,148,MSTR
2025-11-18 09:14:00+00:00,33,2,10924,193.94,194.03,193.9,194.03,336,MSTR
2025-11-18 09:15:00+00:00,33,2,10924,194.15,194.25,194.11,194.25,66,MSTR
2025-11-18 09:16:00+00:00,33,2,10924,194.25,194.49,194.25,194.49,223,MSTR
2025-11-18 09:17:00+00:00,33,2,10924,194.39,194.49,194.38,194.41,421,MSTR
2025-11-18 09:18:00+00:00,33,2,10924,194.6,194.64,194.6,194.64,38,MSTR
2025-11-18 09:19:00+00:00,33,2,10924,194.64,194.84,194.6,194.69,400,MSTR
2025-11-18 09:20:00+00:00,33,2,10924,194.8,194.8,194.35,194.35,95,MSTR
2025-11-18 09:21:00+00:00,33,2,10924,194.3,194.3,194.1,194.2,371,MSTR
2025-11-18 09:22:00+00:00,33,2,10924,194.04,194.05,193.84,193.84,480,MSTR
2025-11-18 09:23:00+00:00,33,2,10924,193.83,193.83,193.78,193.78,163,MSTR
2025-11-18 09:24:00+00:00,33,2,10924,193.8,193.8,193.73,193.73,58,MSTR
2025-11-18 09:25:00+00:00,33,2,10924,193.79,193.8,193.6,193.61,182,MSTR
2025-11-18 09:26:00+00:00,33,2,10924,193.57,193.69,193.57,193.69,41,MSTR
2025-11-18 09:27:00+00:00,33,2,10924,193.4,193.6,193.4,193.51,256,MSTR
2025-11-18 09:28:00+00:00,33,2,10924,193.47,193.58,193.45,193.58,741,MSTR
2025-11-18 09:29:00+00:00,33,2,10924,193.45,193.46,193.3,193.46,160,MSTR
2025-11-18 09:30:00+00:00,33,2,10924,193.27,193.38,193.24,193.38,112,MSTR
2025-11-18 09:31:00+00:00,33,2,10924,193.52,193.69,193.43,193.66,338,MSTR
2025-11-18 09:33:00+00:00,33,2,10924,193.5,193.5,193.32,193.32,95,MSTR
2025-11-18 09:34:00+00:00,33,2,10924,193.41,193.41,193.24,193.3,63,MSTR
2025-11-18 09:35:00+00:00,33,2,10924,193.33,193.4,193.33,193.4,490,MSTR
2025-11-18 09:36:00+00:00,33,2,10924,193.4,193.4,192.53,192.66,359,MSTR
2025-11-18 09:37:00+00:00,33,2,10924,192.74,192.77,192.71,192.77,277,MSTR
2025-11-18 09:38:00+00:00,33,2,10924,192.77,192.77,192.77,192.77,3,MSTR
2025-11-18 09:39:00+00:00,33,2,10924,192.76,192.76,192.22,192.22,619,MSTR
2025-11-18 09:40:00+00:00,33,2,10924,192.59,192.84,192.59,192.84,633,MSTR
2025-11-18 09:43:00+00:00,33,2,10924,192.99,193.22,192.99,193.17,667,MSTR
2025-11-18 09:44:00+00:00,33,2,10924,193.48,193.49,193.48,193.49,71,MSTR
2025-11-18 09:46:00+00:00,33,2,10924,193.44,193.5,193.33,193.35,93,MSTR
2025-11-18 09:48:00+00:00,33,2,10924,193.5,193.8,193.5,193.8,295,MSTR
2025-11-18 09:49:00+00:00,33,2,10924,193.93,194.2,193.93,194.03,277,MSTR
2025-11-18 09:50:00+00:00,33,2,10924,193.9,193.95,193.9,193.95,46,MSTR
2025-11-18 09:51:00+00:00,33,2,10924,193.95,194.04,193.95,194.04,12,MSTR
2025-11-18 09:52:00+00:00,33,2,10924,194.0,194.0,194.0,194.0,15,MSTR
2025-11-18 09:53:00+00:00,33,2,10924,193.89,193.89,193.89,193.89,62,MSTR
2025-11-18 09:54:00+00:00,33,2,10924,193.54,193.55,193.51,193.55,56,MSTR
2025-11-18 09:55:00+00:00,33,2,10924,193.71,193.75,193.55,193.75,339,MSTR
2025-11-18 09:57:00+00:00,33,2,10924,194.0,194.22,194.0,194.22,121,MSTR
2025-11-18 09:58:00+00:00,33,2,10924,194.29,194.29,194.29,194.29,20,MSTR
2025-11-18 09:59:00+00:00,33,2,10924,194.15,194.22,194.14,194.22,115,MSTR
2025-11-18 10:01:00+00:00,33,2,10924,194.49,194.49,194.38,194.38,19,MSTR
2025-11-18 10:02:00+00:00,33,2,10924,194.36,194.36,194.36,194.36,50,MSTR
2025-11-18 10:03:00+00:00,33,2,10924,194.5,194.51,194.5,194.51,26,MSTR
2025-11-18 10:04:00+00:00,33,2,10924,194.8,194.81,194.8,194.81,563,MSTR
2025-11-18 10:05:00+00:00,33,2,10924,194.92,195.0,194.74,194.74,394,MSTR
2025-11-18 10:06:00+00:00,33,2,10924,194.71,194.71,194.4,194.47,508,MSTR
2025-11-18 10:07:00+00:00,33,2,10924,194.47,194.51,194.44,194.45,485,MSTR
2025-11-18 10:08:00+00:00,33,2,10924,194.39,194.51,194.39,194.51,147,MSTR
2025-11-18 10:10:00+00:00,33,2,10924,194.18,194.18,194.18,194.18,9,MSTR
2025-11-18 10:14:00+00:00,33,2,10924,194.16,194.16,194.16,194.16,95,MSTR
2025-11-18 10:15:00+00:00,33,2,10924,193.9,193.9,193.83,193.9,663,MSTR
2025-11-18 10:16:00+00:00,33,2,10924,193.9,193.9,193.4,193.4,1110,MSTR
2025-11-18 10:17:00+00:00,33,2,10924,193.63,193.63,193.63,193.63,100,MSTR
2025-11-18 10:18:00+00:00,33,2,10924,193.94,194.2,193.86,193.87,316,MSTR
2025-11-18 10:19:00+00:00,33,2,10924,194.06,194.06,194.06,194.06,162,MSTR
2025-11-18 10:21:00+00:00,33,2,10924,193.97,193.99,193.97,193.99,57,MSTR
2025-11-18 10:24:00+00:00,33,2,10924,193.7,193.7,193.7,193.7,110,MSTR
2025-11-18 10:25:00+00:00,33,2,10924,193.73,193.73,193.73,193.73,40,MSTR
2025-11-18 10:29:00+00:00,33,2,10924,193.6,193.6,193.6,193.6,1281,MSTR
2025-11-18 10:30:00+00:00,33,2,10924,193.66,193.66,193.66,193.66,30,MSTR
2025-11-18 10:31:00+00:00,33,2,10924,193.86,194.04,193.86,194.01,509,MSTR
2025-11-18 10:34:00+00:00,33,2,10924,194.21,194.21,194.2,194.21,290,MSTR
2025-11-18 10:35:00+00:00,33,2,10924,194.25,194.25,194.05,194.05,14,MSTR
2025-11-18 10:36:00+00:00,33,2,10924,194.21,194.23,194.21,194.23,1870,MSTR
2025-11-18 10:38:00+00:00,33,2,10924,194.44,194.44,194.44,194.44,5,MSTR
2025-11-18 10:39:00+00:00,33,2,10924,194.47,194.5,194.47,194.5,10,MSTR
2025-11-18 10:41:00+00:00,33,2,10924,194.25,194.32,194.25,194.25,120,MSTR
2025-11-18 10:43:00+00:00,33,2,10924,194.41,194.41,194.37,194.37,33,MSTR
2025-11-18 10:44:00+00:00,33,2,10924,194.48,194.48,194.48,194.48,7,MSTR
2025-11-18 10:46:00+00:00,33,2,10924,194.59,194.59,194.59,194.59,26,MSTR
2025-11-18 10:48:00+00:00,33,2,10924,194.7,194.75,194.7,194.75,104,MSTR
2025-11-18 10:49:00+00:00,33,2,10924,194.64,194.64,194.5,194.5,117,MSTR
2025-11-18 10:50:00+00:00,33,2,10924,194.36,194.36,194.05,194.05,352,MSTR
2025-11-18 10:53:00+00:00,33,2,10924,194.28,194.53,194.17,194.5,909,MSTR
2025-11-18 10:54:00+00:00,33,2,10924,194.52,194.52,194.4,194.4,445,MSTR
2025-11-18 10:55:00+00:00,33,2,10924,194.37,194.9,194.37,194.5,4162,MSTR
2025-11-18 10:56:00+00:00,33,2,10924,194.92,194.96,194.84,194.84,397,MSTR
2025-11-18 10:57:00+00:00,33,2,10924,194.77,194.77,194.77,194.77,49,MSTR
2025-11-18 10:58:00+00:00,33,2,10924,194.93,195.13,194.93,195.13,1650,MSTR
2025-11-18 10:59:00+00:00,33,2,10924,195.05,195.05,194.95,194.95,25,MSTR
2025-11-18 11:00:00+00:00,33,2,10924,194.8,194.8,194.8,194.8,324,MSTR
2025-11-18 11:01:00+00:00,33,2,10924,194.91,194.91,194.84,194.9,175,MSTR
2025-11-18 11:03:00+00:00,33,2,10924,194.85,194.95,194.71,194.71,570,MSTR
2025-11-18 11:04:00+00:00,33,2,10924,194.5,194.61,194.5,194.61,12,MSTR
2025-11-18 11:06:00+00:00,33,2,10924,194.51,194.51,194.5,194.5,200,MSTR
2025-11-18 11:07:00+00:00,33,2,10924,194.54,194.65,194.5,194.65,647,MSTR
2025-11-18 11:08:00+00:00,33,2,10924,194.44,194.44,194.39,194.4,637,MSTR
2025-11-18 11:09:00+00:00,33,2,10924,194.29,194.34,194.29,194.34,180,MSTR
2025-11-18 11:10:00+00:00,33,2,10924,194.33,194.33,194.33,194.33,5,MSTR
2025-11-18 11:14:00+00:00,33,2,10924,194.03,194.03,193.8,193.8,1131,MSTR
2025-11-18 11:15:00+00:00,33,2,10924,193.8,193.8,193.77,193.8,472,MSTR
2025-11-18 11:16:00+00:00,33,2,10924,193.76,194.02,193.7,194.0,2895,MSTR
2025-11-18 11:18:00+00:00,33,2,10924,193.79,193.85,193.62,193.62,475,MSTR
2025-11-18 11:19:00+00:00,33,2,10924,193.63,193.63,193.6,193.6,100,MSTR
2025-11-18 11:21:00+00:00,33,2,10924,193.52,193.59,193.5,193.58,2170,MSTR
2025-11-18 11:22:00+00:00,33,2,10924,193.54,193.57,193.51,193.56,198,MSTR
2025-11-18 11:23:00+00:00,33,2,10924,193.85,193.91,193.85,193.91,170,MSTR
2025-11-18 11:24:00+00:00,33,2,10924,194.03,194.06,194.0,194.0,612,MSTR
2025-11-18 11:25:00+00:00,33,2,10924,194.0,194.0,194.0,194.0,194,MSTR
2025-11-18 11:26:00+00:00,33,2,10924,194.0,194.0,193.96,193.96,120,MSTR
2025-11-18 11:27:00+00:00,33,2,10924,194.0,194.1,194.0,194.1,150,MSTR
2025-11-18 11:28:00+00:00,33,2,10924,194.0,194.0,193.99,193.99,188,MSTR
2025-11-18 11:29:00+00:00,33,2,10924,194.06,194.2,194.06,194.06,235,MSTR
2025-11-18 11:30:00+00:00,33,2,10924,194.06,194.06,194.06,194.06,120,MSTR
2025-11-18 11:31:00+00:00,33,2,10924,193.86,193.9,193.86,193.9,360,MSTR
2025-11-18 11:32:00+00:00,33,2,10924,193.91,193.91,193.81,193.81,3055,MSTR
2025-11-18 11:33:00+00:00,33,2,10924,193.56,193.56,193.56,193.56,100,MSTR
2025-11-18 11:34:00+00:00,33,2,10924,193.5,193.5,193.5,193.5,100,MSTR
2025-11-18 11:35:00+00:00,33,2,10924,193.59,193.59,193.59,193.59,77,MSTR
2025-11-18 11:36:00+00:00,33,2,10924,193.59,193.73,193.59,193.7,532,MSTR
2025-11-18 11:37:00+00:00,33,2,10924,193.73,193.73,193.7,193.7,217,MSTR
2025-11-18 11:38:00+00:00,33,2,10924,193.64,193.64,193.64,193.64,50,MSTR
2025-11-18 11:39:00+00:00,33,2,10924,193.67,193.8,193.67,193.8,205,MSTR
2025-11-18 11:40:00+00:00,33,2,10924,193.71,193.71,193.71,193.71,23,MSTR
2025-11-18 11:41:00+00:00,33,2,10924,193.77,193.77,193.77,193.77,100,MSTR
2025-11-18 11:43:00+00:00,33,2,10924,194.05,194.05,194.05,194.05,16,MSTR
2025-11-18 11:44:00+00:00,33,2,10924,194.03,194.08,194.03,194.08,292,MSTR
2025-11-18 11:46:00+00:00,33,2,10924,194.05,194.05,194.0,194.0,6,MSTR
2025-11-18 11:50:00+00:00,33,2,10924,194.1,194.1,194.1,194.1,360,MSTR
2025-11-18 11:51:00+00:00,33,2,10924,194.3,194.33,194.3,194.33,45,MSTR
2025-11-18 11:53:00+00:00,33,2,10924,194.18,194.18,194.18,194.18,1,MSTR
2025-11-18 11:54:00+00:00,33,2,10924,193.9,193.9,193.9,193.9,3,MSTR
2025-11-18 11:55:00+00:00,33,2,10924,194.4,194.4,194.4,194.4,25,MSTR
2025-11-18 11:59:00+00:00,33,2,10924,194.2,194.2,194.2,194.2,206,MSTR
2025-11-18 12:00:00+00:00,33,2,10924,194.2,194.2,193.73,193.73,368,MSTR
2025-11-18 12:02:00+00:00,33,2,10924,193.8,193.8,193.8,193.8,157,MSTR
2025-11-18 12:03:00+00:00,33,2,10924,193.8,193.85,193.7,193.7,79,MSTR
2025-11-18 12:04:00+00:00,33,2,10924,193.85,193.93,193.61,193.78,462,MSTR
2025-11-18 12:05:00+00:00,33,2,10924,193.8,193.8,193.75,193.78,150,MSTR
2025-11-18 12:06:00+00:00,33,2,10924,193.74,193.78,193.74,193.78,26,MSTR
2025-11-18 12:07:00+00:00,33,2,10924,194.0,194.1,193.87,193.87,256,MSTR
2025-11-18 12:08:00+00:00,33,2,10924,193.93,193.93,193.93,193.93,1,MSTR
2025-11-18 12:09:00+00:00,33,2,10924,193.99,194.0,193.99,194.0,205,MSTR
2025-11-18 12:10:00+00:00,33,2,10924,193.71,193.71,193.65,193.65,46,MSTR
2025-11-18 12:11:00+00:00,33,2,10924,193.65,193.65,193.65,193.65,1,MSTR
2025-11-18 12:12:00+00:00,33,2,10924,193.8,193.8,193.21,193.21,1001,MSTR
2025-11-18 12:13:00+00:00,33,2,10924,193.21,193.57,193.21,193.53,111,MSTR
2025-11-18 12:14:00+00:00,33,2,10924,193.31,193.43,193.12,193.12,959,MSTR
2025-11-18 12:15:00+00:00,33,2,10924,193.14,193.73,193.11,193.68,232,MSTR
2025-11-18 12:16:00+00:00,33,2,10924,193.5,193.54,193.38,193.54,126,MSTR
2025-11-18 12:17:00+00:00,33,2,10924,193.68,194.01,193.56,194.0,369,MSTR
2025-11-18 12:18:00+00:00,33,2,10924,193.97,194.25,193.97,194.25,107,MSTR
2025-11-18 12:19:00+00:00,33,2,10924,194.37,194.7,194.36,194.7,137,MSTR
2025-11-18 12:20:00+00:00,33,2,10924,194.46,194.46,194.41,194.41,122,MSTR
2025-11-18 12:21:00+00:00,33,2,10924,194.43,194.43,194.43,194.43,194,MSTR
2025-11-18 12:22:00+00:00,33,2,10924,194.55,194.58,194.55,194.58,192,MSTR
2025-11-18 12:23:00+00:00,33,2,10924,194.3,194.3,194.0,194.0,296,MSTR
2025-11-18 12:25:00+00:00,33,2,10924,193.85,193.85,193.8,193.8,130,MSTR
2025-11-18 12:26:00+00:00,33,2,10924,193.76,193.92,193.76,193.85,239,MSTR
2025-11-18 12:27:00+00:00,33,2,10924,193.85,194.01,193.8,194.01,485,MSTR
2025-11-18 12:28:00+00:00,33,2,10924,193.76,193.76,193.76,193.76,182,MSTR
2025-11-18 12:29:00+00:00,33,2,10924,193.61,193.61,193.4,193.4,280,MSTR
2025-11-18 12:30:00+00:00,33,2,10924,193.8,193.8,193.8,193.8,60,MSTR
2025-11-18 12:32:00+00:00,33,2,10924,193.9,194.0,193.9,194.0,56,MSTR
2025-11-18 12:33:00+00:00,33,2,10924,193.93,194.0,193.93,194.0,135,MSTR
2025-11-18 12:34:00+00:00,33,2,10924,194.14,194.21,194.14,194.21,100,MSTR
2025-11-18 12:36:00+00:00,33,2,10924,194.21,194.21,194.21,194.21,23,MSTR
2025-11-18 12:37:00+00:00,33,2,10924,194.42,194.42,194.0,194.0,651,MSTR
2025-11-18 12:38:00+00:00,33,2,10924,194.0,194.34,193.88,193.88,174,MSTR
2025-11-18 12:39:00+00:00,33,2,10924,194.21,194.34,194.21,194.28,1206,MSTR
2025-11-18 12:40:00+00:00,33,2,10924,194.07,194.07,194.07,194.07,7,MSTR
2025-11-18 12:41:00+00:00,33,2,10924,194.23,194.7,194.23,194.52,388,MSTR
2025-11-18 12:42:00+00:00,33,2,10924,194.52,194.81,194.52,194.81,317,MSTR
2025-11-18 12:43:00+00:00,33,2,10924,194.88,195.05,194.7,194.7,577,MSTR
2025-11-18 12:44:00+00:00,33,2,10924,194.64,194.71,194.5,194.71,1067,MSTR
2025-11-18 12:45:00+00:00,33,2,10924,194.65,194.74,194.28,194.6,1860,MSTR
2025-11-18 12:46:00+00:00,33,2,10924,194.8,194.8,194.7,194.7,860,MSTR
2025-11-18 12:47:00+00:00,33,2,10924,194.39,194.39,194.39,194.39,75,MSTR
2025-11-18 12:48:00+00:00,33,2,10924,194.54,194.54,194.3,194.3,93,MSTR
2025-11-18 12:49:00+00:00,33,2,10924,194.24,194.24,194.24,194.24,50,MSTR
2025-11-18 12:50:00+00:00,33,2,10924,194.28,194.28,194.07,194.07,420,MSTR
2025-11-18 12:51:00+00:00,33,2,10924,194.08,194.27,193.73,193.73,1187,MSTR
2025-11-18 12:52:00+00:00,33,2,10924,193.8,193.91,193.68,193.83,1154,MSTR
2025-11-18 12:54:00+00:00,33,2,10924,193.75,193.77,193.68,193.77,1018,MSTR
2025-11-18 12:55:00+00:00,33,2,10924,193.89,193.89,193.89,193.89,5,MSTR
2025-11-18 12:56:00+00:00,33,2,10924,193.77,193.77,193.55,193.55,900,MSTR
2025-11-18 12:57:00+00:00,33,2,10924,193.55,193.6,193.38,193.38,608,MSTR
2025-11-18 12:58:00+00:00,33,2,10924,193.4,193.77,193.4,193.76,1002,MSTR
2025-11-18 12:59:00+00:00,33,2,10924,193.73,193.76,193.73,193.76,307,MSTR
2025-11-18 13:00:00+00:00,33,2,10924,194.0,194.69,194.0,194.58,3452,MSTR
2025-11-18 13:01:00+00:00,33,2,10924,194.51,196.19,194.41,196.19,8847,MSTR
2025-11-18 13:02:00+00:00,33,2,10924,196.2,198.9,196.16,196.21,23287,MSTR
2025-11-18 13:03:00+00:00,33,2,10924,196.2,196.2,195.8,195.8,4395,MSTR
2025-11-18 13:04:00+00:00,33,2,10924,196.0,196.39,195.93,196.39,310,MSTR
2025-11-18 13:05:00+00:00,33,2,10924,196.3,196.3,195.9,195.99,1959,MSTR
2025-11-18 13:06:00+00:00,33,2,10924,196.01,196.01,195.84,195.84,2097,MSTR
2025-11-18 13:07:00+00:00,33,2,10924,195.81,195.81,195.21,195.22,1310,MSTR
2025-11-18 13:08:00+00:00,33,2,10924,195.35,195.59,195.26,195.59,1344,MSTR
2025-11-18 13:09:00+00:00,33,2,10924,195.6,195.95,195.58,195.77,205,MSTR
2025-11-18 13:10:00+00:00,33,2,10924,195.95,196.0,195.62,195.62,1624,MSTR
2025-11-18 13:11:00+00:00,33,2,10924,195.65,195.65,195.61,195.62,492,MSTR
2025-11-18 13:12:00+00:00,33,2,10924,195.63,195.7,195.62,195.63,455,MSTR
2025-11-18 13:13:00+00:00,33,2,10924,195.63,195.8,195.62,195.8,118,MSTR
2025-11-18 13:14:00+00:00,33,2,10924,195.97,195.97,195.97,195.97,3,MSTR
2025-11-18 13:15:00+00:00,33,2,10924,195.92,196.19,195.85,196.04,1326,MSTR
2025-11-18 13:17:00+00:00,33,2,10924,196.27,196.35,196.2,196.35,173,MSTR
2025-11-18 13:18:00+00:00,33,2,10924,196.4,196.4,196.2,196.2,1574,MSTR
2025-11-18 13:19:00+00:00,33,2,10924,196.01,196.01,195.89,195.89,42,MSTR
2025-11-18 13:20:00+00:00,33,2,10924,195.89,195.92,195.89,195.92,70,MSTR
2025-11-18 13:21:00+00:00,33,2,10924,196.09,196.1,194.9,194.9,1137,MSTR
2025-11-18 13:22:00+00:00,33,2,10924,194.51,195.1,194.51,195.0,360,MSTR
2025-11-18 13:23:00+00:00,33,2,10924,195.27,195.27,194.85,194.85,101,MSTR
2025-11-18 13:24:00+00:00,33,2,10924,195.02,195.02,195.02,195.02,2,MSTR
2025-11-18 13:25:00+00:00,33,2,10924,195.3,195.3,195.3,195.3,10,MSTR
2025-11-18 13:26:00+00:00,33,2,10924,195.25,195.79,195.25,195.79,738,MSTR
2025-11-18 13:27:00+00:00,33,2,10924,195.79,195.79,195.79,195.79,89,MSTR
2025-11-18 13:28:00+00:00,33,2,10924,195.6,195.65,195.6,195.65,525,MSTR
2025-11-18 13:30:00+00:00,33,2,10924,195.54,195.54,195.54,195.54,29,MSTR
2025-11-18 13:31:00+00:00,33,2,10924,195.53,195.53,195.35,195.35,206,MSTR
2025-11-18 13:32:00+00:00,33,2,10924,195.53,196.0,195.53,195.95,459,MSTR
2025-11-18 13:33:00+00:00,33,2,10924,196.0,196.0,196.0,196.0,145,MSTR
2025-11-18 13:34:00+00:00,33,2,10924,195.95,195.95,195.53,195.53,636,MSTR
2025-11-18 13:35:00+00:00,33,2,10924,195.53,195.53,194.63,194.86,2252,MSTR
2025-11-18 13:36:00+00:00,33,2,10924,194.92,195.0,194.42,194.49,1090,MSTR
2025-11-18 13:37:00+00:00,33,2,10924,194.54,194.54,194.0,194.09,743,MSTR
2025-11-18 13:38:00+00:00,33,2,10924,194.21,194.22,194.2,194.22,584,MSTR
2025-11-18 13:39:00+00:00,33,2,10924,194.19,194.8,194.15,194.8,618,MSTR
2025-11-18 13:40:00+00:00,33,2,10924,194.8,195.93,194.62,195.79,4320,MSTR
2025-11-18 13:41:00+00:00,33,2,10924,195.55,195.55,195.18,195.3,1092,MSTR
2025-11-18 13:42:00+00:00,33,2,10924,195.13,195.13,194.88,194.9,389,MSTR
2025-11-18 13:43:00+00:00,33,2,10924,194.88,195.1,194.88,195.1,394,MSTR
2025-11-18 13:44:00+00:00,33,2,10924,195.16,195.16,195.1,195.1,138,MSTR
2025-11-18 13:45:00+00:00,33,2,10924,195.12,195.12,194.8,194.92,677,MSTR
2025-11-18 13:46:00+00:00,33,2,10924,194.97,195.1,194.97,195.1,1069,MSTR
2025-11-18 13:47:00+00:00,33,2,10924,195.27,195.27,195.03,195.03,50,MSTR
2025-11-18 13:48:00+00:00,33,2,10924,195.16,195.65,195.16,195.65,252,MSTR
2025-11-18 13:49:00+00:00,33,2,10924,195.47,195.5,195.47,195.49,690,MSTR
2025-11-18 13:50:00+00:00,33,2,10924,195.49,195.49,195.35,195.35,588,MSTR
2025-11-18 13:51:00+00:00,33,2,10924,195.3,195.4,195.3,195.4,120,MSTR
2025-11-18 13:52:00+00:00,33,2,10924,195.5,195.5,195.5,195.5,211,MSTR
2025-11-18 13:53:00+00:00,33,2,10924,195.76,195.76,195.76,195.76,1,MSTR
2025-11-18 13:54:00+00:00,33,2,10924,195.76,196.01,195.74,195.74,352,MSTR
2025-11-18 13:55:00+00:00,33,2,10924,195.77,195.79,195.56,195.79,356,MSTR
2025-11-18 13:56:00+00:00,33,2,10924,195.63,195.63,195.6,195.61,1586,MSTR
2025-11-18 13:57:00+00:00,33,2,10924,195.64,195.82,195.4,195.4,446,MSTR
2025-11-18 13:58:00+00:00,33,2,10924,195.4,195.49,195.21,195.21,199,MSTR
2025-11-18 13:59:00+00:00,33,2,10924,195.16,195.32,195.16,195.32,16,MSTR
2025-11-18 14:00:00+00:00,33,2,10924,195.37,195.37,195.1,195.1,446,MSTR
2025-11-18 14:01:00+00:00,33,2,10924,195.24,195.25,195.24,195.25,890,MSTR
2025-11-18 14:02:00+00:00,33,2,10924,195.29,195.3,195.0,195.12,338,MSTR
2025-11-18 14:03:00+00:00,33,2,10924,195.35,195.7,195.35,195.59,213,MSTR
2025-11-18 14:05:00+00:00,33,2,10924,195.07,195.12,195.07,195.12,225,MSTR
2025-11-18 14:06:00+00:00,33,2,10924,195.2,195.35,195.0,195.0,160,MSTR
2025-11-18 14:07:00+00:00,33,2,10924,195.1,195.1,195.0,195.1,400,MSTR
2025-11-18 14:08:00+00:00,33,2,10924,195.17,195.37,195.17,195.37,456,MSTR
2025-11-18 14:09:00+00:00,33,2,10924,195.22,195.45,195.22,195.43,207,MSTR
2025-11-18 14:10:00+00:00,33,2,10924,195.57,195.57,195.34,195.38,229,MSTR
2025-11-18 14:11:00+00:00,33,2,10924,195.41,195.42,195.41,195.42,580,MSTR
2025-11-18 14:12:00+00:00,33,2,10924,195.38,195.48,195.13,195.13,809,MSTR
2025-11-18 14:13:00+00:00,33,2,10924,195.44,195.48,195.19,195.21,409,MSTR
2025-11-18 14:14:00+00:00,33,2,10924,195.26,195.26,194.84,194.84,1595,MSTR
2025-11-18 14:15:00+00:00,33,2,10924,194.89,195.0,194.89,194.9,983,MSTR
2025-11-18 14:16:00+00:00,33,2,10924,194.99,195.12,194.92,195.0,664,MSTR
2025-11-18 14:17:00+00:00,33,2,10924,194.97,195.02,194.91,194.93,201,MSTR
2025-11-18 14:18:00+00:00,33,2,10924,194.97,195.0,194.74,194.82,880,MSTR
2025-11-18 14:19:00+00:00,33,2,10924,194.85,194.9,194.7,194.81,971,MSTR
2025-11-18 14:20:00+00:00,33,2,10924,194.81,194.81,194.63,194.7,183,MSTR
2025-11-18 14:21:00+00:00,33,2,10924,194.65,194.7,194.54,194.66,138,MSTR
2025-11-18 14:22:00+00:00,33,2,10924,194.66,194.83,194.66,194.81,571,MSTR
2025-11-18 14:23:00+00:00,33,2,10924,194.9,194.9,194.73,194.84,435,MSTR
2025-11-18 14:24:00+00:00,33,2,10924,194.95,195.0,194.87,195.0,644,MSTR
2025-11-18 14:25:00+00:00,33,2,10924,195.0,195.2,194.65,195.2,372,MSTR
2025-11-18 14:26:00+00:00,33,2,10924,195.4,195.4,195.22,195.22,287,MSTR
2025-11-18 14:27:00+00:00,33,2,10924,195.23,195.29,195.16,195.27,876,MSTR
2025-11-18 14:28:00+00:00,33,2,10924,195.74,196.6,195.74,196.22,3803,MSTR
2025-11-18 14:29:00+00:00,33,2,10924,196.2,196.79,196.09,196.53,1730,MSTR
2025-11-18 14:30:00+00:00,33,2,10924,196.53,198.45,196.0,197.82,167916,MSTR
2025-11-18 14:31:00+00:00,33,2,10924,197.68,197.69,196.11,196.46,17103,MSTR
2025-11-18 14:32:00+00:00,33,2,10924,196.44,200.03,196.44,200.01,29546,MSTR
2025-11-18 14:33:00+00:00,33,2,10924,200.02,200.14,198.77,199.21,14204,MSTR
2025-11-18 14:34:00+00:00,33,2,10924,199.18,199.32,197.66,197.78,14198,MSTR
2025-11-18 14:35:00+00:00,33,2,10924,197.85,197.9,196.53,197.24,15357,MSTR
2025-11-18 14:36:00+00:00,33,2,10924,197.29,198.86,197.0,198.695,32304,MSTR
2025-11-18 14:37:00+00:00,33,2,10924,198.89,201.0,198.78,200.88,20647,MSTR
2025-11-18 14:38:00+00:00,33,2,10924,200.8,201.28,200.0,200.43,13236,MSTR
2025-11-18 14:39:00+00:00,33,2,10924,200.51,202.4,200.2,202.02,28495,MSTR
2025-11-18 14:40:00+00:00,33,2,10924,201.815,202.44,201.42,202.44,37670,MSTR
2025-11-18 14:41:00+00:00,33,2,10924,202.325,202.75,201.37,201.64,22416,MSTR
2025-11-18 14:42:00+00:00,33,2,10924,201.68,201.9,200.1,200.56,21460,MSTR
2025-11-18 14:43:00+00:00,33,2,10924,200.61,200.93,200.02,200.42,17051,MSTR
2025-11-18 14:44:00+00:00,33,2,10924,200.45,200.53,198.35,198.49,17317,MSTR
2025-11-18 14:45:00+00:00,33,2,10924,198.52,200.32,198.3,199.955,15172,MSTR
2025-11-18 14:46:00+00:00,33,2,10924,199.955,200.95,199.955,200.44,20140,MSTR
2025-11-18 14:47:00+00:00,33,2,10924,200.29,200.29,199.2,200.135,11378,MSTR
2025-11-18 14:48:00+00:00,33,2,10924,200.18,201.58,200.18,201.54,28318,MSTR
2025-11-18 14:49:00+00:00,33,2,10924,201.57,201.78,200.7,200.87,14564,MSTR
2025-11-18 14:50:00+00:00,33,2,10924,201.01,201.81,200.43,201.7,7836,MSTR
2025-11-18 14:51:00+00:00,33,2,10924,201.595,203.0,201.595,201.9,28732,MSTR
2025-11-18 14:52:00+00:00,33,2,10924,201.94,202.0,200.75,200.85,20584,MSTR
2025-11-18 14:53:00+00:00,33,2,10924,200.88,201.37,200.5,201.28,11418,MSTR
2025-11-18 14:54:00+00:00,33,2,10924,201.15,202.35,200.82,201.99,10963,MSTR
2025-11-18 14:55:00+00:00,33,2,10924,201.95,201.95,200.9,201.59,6023,MSTR
2025-11-18 14:56:00+00:00,33,2,10924,201.6,202.93,201.6,202.54,17676,MSTR
2025-11-18 14:57:00+00:00,33,2,10924,202.475,203.44,202.475,202.77,16239,MSTR
2025-11-18 14:58:00+00:00,33,2,10924,202.77,202.81,201.91,202.235,17945,MSTR
2025-11-18 14:59:00+00:00,33,2,10924,202.2,202.2,200.62,200.63,21256,MSTR
2025-11-18 15:00:00+00:00,33,2,10924,200.645,201.68,200.59,201.54,17969,MSTR
2025-11-18 15:01:00+00:00,33,2,10924,201.7,201.7,200.79,201.08,6563,MSTR
2025-11-18 15:02:00+00:00,33,2,10924,201.08,201.27,200.66,201.0,11458,MSTR
2025-11-18 15:03:00+00:00,33,2,10924,201.03,201.04,200.37,200.5,14518,MSTR
2025-11-18 15:04:00+00:00,33,2,10924,200.47,200.5,199.66,200.08,14149,MSTR
2025-11-18 15:05:00+00:00,33,2,10924,200.14,201.41,200.125,201.26,12457,MSTR
2025-11-18 15:06:00+00:00,33,2,10924,201.215,203.0,201.215,202.74,18825,MSTR
2025-11-18 15:07:00+00:00,33,2,10924,202.66,204.65,202.61,203.78,25324,MSTR
2025-11-18 15:08:00+00:00,33,2,10924,203.87,204.79,203.47,204.36,24476,MSTR
2025-11-18 15:09:00+00:00,33,2,10924,204.27,204.58,203.61,204.14,22399,MSTR
2025-11-18 15:10:00+00:00,33,2,10924,204.14,205.07,203.19,203.2,29539,MSTR
2025-11-18 15:11:00+00:00,33,2,10924,203.22,203.3,201.75,202.22,13796,MSTR
2025-11-18 15:12:00+00:00,33,2,10924,202.22,202.38,201.47,201.72,13016,MSTR
2025-11-18 15:13:00+00:00,33,2,10924,201.73,203.37,201.73,203.2,16002,MSTR
2025-11-18 15:14:00+00:00,33,2,10924,203.27,203.99,203.19,203.62,7992,MSTR
2025-11-18 15:15:00+00:00,33,2,10924,203.62,203.72,202.8,203.06,7121,MSTR
2025-11-18 15:16:00+00:00,33,2,10924,203.14,203.37,202.29,202.29,4351,MSTR
2025-11-18 15:17:00+00:00,33,2,10924,202.37,202.46,201.81,202.01,9464,MSTR
2025-11-18 15:18:00+00:00,33,2,10924,202.09,202.86,202.09,202.6,9900,MSTR
2025-11-18 15:19:00+00:00,33,2,10924,202.565,203.36,202.35,203.265,9018,MSTR
2025-11-18 15:20:00+00:00,33,2,10924,203.17,204.2,202.88,203.88,16188,MSTR
2025-11-18 15:21:00+00:00,33,2,10924,203.94,205.19,203.92,204.45,23528,MSTR
2025-11-18 15:22:00+00:00,33,2,10924,204.31,204.625,203.69,204.54,11053,MSTR
2025-11-18 15:23:00+00:00,33,2,10924,204.61,205.89,204.61,205.51,16317,MSTR
2025-11-18 15:24:00+00:00,33,2,10924,205.47,205.47,204.14,204.77,8867,MSTR
2025-11-18 15:25:00+00:00,33,2,10924,204.86,205.76,204.73,205.68,10093,MSTR
2025-11-18 15:26:00+00:00,33,2,10924,205.58,206.6,205.44,206.54,20376,MSTR
2025-11-18 15:27:00+00:00,33,2,10924,206.54,207.46,206.4,206.9,25155,MSTR
2025-11-18 15:28:00+00:00,33,2,10924,206.85,207.2,205.71,206.06,20147,MSTR
2025-11-18 15:29:00+00:00,33,2,10924,206.21,206.28,205.61,205.66,14447,MSTR
2025-11-18 15:30:00+00:00,33,2,10924,205.76,206.5,205.02,205.41,13223,MSTR
2025-11-18 15:31:00+00:00,33,2,10924,205.52,205.94,204.9,205.02,14306,MSTR
2025-11-18 15:32:00+00:00,33,2,10924,205.36,206.92,205.17,206.39,12556,MSTR
2025-11-18 15:33:00+00:00,33,2,10924,206.39,206.72,205.76,205.98,8107,MSTR
2025-11-18 15:34:00+00:00,33,2,10924,205.86,206.03,204.975,205.54,10124,MSTR
2025-11-18 15:35:00+00:00,33,2,10924,205.485,205.66,204.8,204.8,5976,MSTR
2025-11-18 15:36:00+00:00,33,2,10924,204.83,205.34,204.28,204.42,7061,MSTR
2025-11-18 15:37:00+00:00,33,2,10924,204.42,205.75,204.42,205.515,15465,MSTR
2025-11-18 15:38:00+00:00,33,2,10924,205.54,206.68,205.53,206.49,8771,MSTR
2025-11-18 15:39:00+00:00,33,2,10924,206.565,206.7,205.91,206.5,6389,MSTR
2025-11-18 15:40:00+00:00,33,2,10924,206.44,206.68,205.82,206.08,5700,MSTR
2025-11-18 15:41:00+00:00,33,2,10924,206.08,206.75,205.67,206.62,7733,MSTR
2025-11-18 15:42:00+00:00,33,2,10924,206.54,206.76,205.77,205.91,5058,MSTR
2025-11-18 15:43:00+00:00,33,2,10924,205.91,206.5,205.66,205.66,7361,MSTR
2025-11-18 15:44:00+00:00,33,2,10924,205.79,206.69,205.28,206.32,8616,MSTR
2025-11-18 15:45:00+00:00,33,2,10924,206.32,207.07,206.17,206.93,8140,MSTR
2025-11-18 15:46:00+00:00,33,2,10924,206.88,207.05,206.42,206.78,6308,MSTR
2025-11-18 15:47:00+00:00,33,2,10924,206.76,206.87,206.12,206.18,9558,MSTR
2025-11-18 15:48:00+00:00,33,2,10924,206.27,206.3,205.28,205.38,12524,MSTR
2025-11-18 15:49:00+00:00,33,2,10924,205.43,205.89,205.4,205.71,8630,MSTR
2025-11-18 15:50:00+00:00,33,2,10924,205.57,205.57,203.7,204.04,21630,MSTR
2025-11-18 15:51:00+00:00,33,2,10924,204.155,205.27,204.04,205.27,15289,MSTR
2025-11-18 15:52:00+00:00,33,2,10924,205.33,206.41,205.33,206.31,12222,MSTR
2025-11-18 15:53:00+00:00,33,2,10924,206.33,207.03,205.94,207.01,9232,MSTR
2025-11-18 15:54:00+00:00,33,2,10924,206.9,207.2,206.56,207.07,15790,MSTR
2025-11-18 15:55:00+00:00,33,2,10924,207.05,207.89,206.93,207.76,12368,MSTR
2025-11-18 15:56:00+00:00,33,2,10924,207.79,208.35,207.45,207.45,13744,MSTR
2025-11-18 15:57:00+00:00,33,2,10924,207.45,208.35,207.45,207.65,5255,MSTR
2025-11-18 15:58:00+00:00,33,2,10924,207.6,207.6,206.82,207.27,15657,MSTR
2025-11-18 15:59:00+00:00,33,2,10924,207.36,207.62,207.05,207.25,7746,MSTR
2025-11-18 16:00:00+00:00,33,2,10924,207.21,208.15,207.09,207.64,7685,MSTR
2025-11-18 16:01:00+00:00,33,2,10924,207.62,207.72,206.745,206.745,6510,MSTR
2025-11-18 16:02:00+00:00,33,2,10924,206.67,207.33,206.64,206.86,7768,MSTR
2025-11-18 16:03:00+00:00,33,2,10924,206.85,207.78,206.74,207.44,9667,MSTR
2025-11-18 16:04:00+00:00,33,2,10924,207.43,207.43,206.73,207.25,7297,MSTR
2025-11-18 16:05:00+00:00,33,2,10924,207.39,207.54,206.94,207.03,8419,MSTR
2025-11-18 16:06:00+00:00,33,2,10924,206.97,207.45,206.53,207.45,11822,MSTR
2025-11-18 16:07:00+00:00,33,2,10924,207.45,208.33,207.45,208.2,13574,MSTR
2025-11-18 16:08:00+00:00,33,2,10924,208.19,209.15,208.16,208.73,28769,MSTR
2025-11-18 16:09:00+00:00,33,2,10924,208.74,210.34,208.74,210.0,20583,MSTR
2025-11-18 16:10:00+00:00,33,2,10924,210.03,210.2,209.55,209.88,12200,MSTR
2025-11-18 16:11:00+00:00,33,2,10924,209.88,210.57,209.87,210.36,11474,MSTR
2025-11-18 16:12:00+00:00,33,2,10924,210.24,210.48,209.67,210.2,10387,MSTR
2025-11-18 16:13:00+00:00,33,2,10924,210.27,211.12,210.27,211.07,11596,MSTR
2025-11-18 16:14:00+00:00,33,2,10924,211.11,211.75,211.085,211.615,14476,MSTR
2025-11-18 16:15:00+00:00,33,2,10924,211.615,211.76,210.59,211.37,19698,MSTR
2025-11-18 16:16:00+00:00,33,2,10924,211.45,211.78,211.02,211.76,11783,MSTR
2025-11-18 16:17:00+00:00,33,2,10924,211.68,211.76,211.28,211.54,12922,MSTR
2025-11-18 16:18:00+00:00,33,2,10924,211.6,211.87,211.29,211.64,16304,MSTR
2025-11-18 16:19:00+00:00,33,2,10924,211.61,211.92,211.3,211.54,14656,MSTR
2025-11-18 16:20:00+00:00,33,2,10924,211.47,212.24,211.29,211.85,25883,MSTR
2025-11-18 16:21:00+00:00,33,2,10924,211.97,211.97,211.3,211.57,18720,MSTR
2025-11-18 16:22:00+00:00,33,2,10924,211.62,212.61,211.62,212.28,19177,MSTR
2025-11-18 16:23:00+00:00,33,2,10924,212.3,212.88,212.08,212.78,28275,MSTR
2025-11-18 16:24:00+00:00,33,2,10924,212.78,212.96,212.0,212.24,19572,MSTR
2025-11-18 16:25:00+00:00,33,2,10924,212.24,212.52,211.9,211.99,14928,MSTR
2025-11-18 16:26:00+00:00,33,2,10924,212.0,212.15,211.44,211.89,15491,MSTR
2025-11-18 16:27:00+00:00,33,2,10924,211.86,212.23,211.61,212.04,12997,MSTR
2025-11-18 16:28:00+00:00,33,2,10924,212.01,212.51,211.84,212.0,12072,MSTR
2025-11-18 16:29:00+00:00,33,2,10924,212.0,212.23,211.4,211.58,17427,MSTR
2025-11-18 16:30:00+00:00,33,2,10924,211.55,211.84,211.14,211.34,9604,MSTR
2025-11-18 16:31:00+00:00,33,2,10924,211.4,212.32,211.4,211.62,9121,MSTR
2025-11-18 16:32:00+00:00,33,2,10924,211.73,212.17,211.55,212.07,7205,MSTR
2025-11-18 16:33:00+00:00,33,2,10924,212.01,212.04,211.38,211.9,11632,MSTR
2025-11-18 16:34:00+00:00,33,2,10924,211.95,212.54,211.95,212.0,9655,MSTR
2025-11-18 16:35:00+00:00,33,2,10924,212.07,212.09,211.37,211.485,7710,MSTR
2025-11-18 16:36:00+00:00,33,2,10924,211.6,211.79,210.85,210.89,11010,MSTR
2025-11-18 16:37:00+00:00,33,2,10924,210.875,211.43,210.875,210.95,9964,MSTR
2025-11-18 16:38:00+00:00,33,2,10924,210.95,211.085,210.58,210.85,9708,MSTR
2025-11-18 16:39:00+00:00,33,2,10924,210.87,210.9,210.0,210.51,22738,MSTR
2025-11-18 16:40:00+00:00,33,2,10924,210.54,210.54,209.8,210.02,9441,MSTR
2025-11-18 16:41:00+00:00,33,2,10924,210.0,210.1,209.47,209.67,5761,MSTR
2025-11-18 16:42:00+00:00,33,2,10924,209.72,210.03,209.45,209.71,10251,MSTR
2025-11-18 16:43:00+00:00,33,2,10924,209.74,210.58,209.64,210.43,19596,MSTR
2025-11-18 16:44:00+00:00,33,2,10924,210.3,210.36,209.81,210.03,6586,MSTR
2025-11-18 16:45:00+00:00,33,2,10924,210.2,210.43,210.06,210.33,3807,MSTR
2025-11-18 16:46:00+00:00,33,2,10924,210.3,210.3,209.71,209.9,4239,MSTR
2025-11-18 16:47:00+00:00,33,2,10924,209.96,210.2,209.56,209.77,5698,MSTR
2025-11-18 16:48:00+00:00,33,2,10924,209.7,210.63,209.7,210.45,12256,MSTR
2025-11-18 16:49:00+00:00,33,2,10924,210.46,210.65,209.81,209.95,7450,MSTR
2025-11-18 16:50:00+00:00,33,2,10924,209.95,210.38,209.72,210.38,7980,MSTR
2025-11-18 16:51:00+00:00,33,2,10924,210.37,210.41,209.39,209.47,4924,MSTR
2025-11-18 16:52:00+00:00,33,2,10924,209.5,210.375,209.5,210.29,7675,MSTR
2025-11-18 16:53:00+00:00,33,2,10924,210.39,210.64,209.91,210.07,2923,MSTR
2025-11-18 16:54:00+00:00,33,2,10924,210.17,210.69,209.72,210.61,4353,MSTR
2025-11-18 16:55:00+00:00,33,2,10924,210.7,211.2,210.68,211.08,9318,MSTR
2025-11-18 16:56:00+00:00,33,2,10924,211.17,211.19,210.06,210.5,7474,MSTR
2025-11-18 16:57:00+00:00,33,2,10924,210.5,210.82,210.31,210.76,6227,MSTR
2025-11-18 16:58:00+00:00,33,2,10924,210.69,210.85,210.02,210.17,4431,MSTR
2025-11-18 16:59:00+00:00,33,2,10924,210.13,210.51,209.96,210.33,6406,MSTR
2025-11-18 17:00:00+00:00,33,2,10924,210.35,210.62,210.07,210.42,3969,MSTR
2025-11-18 17:01:00+00:00,33,2,10924,210.35,210.7,210.04,210.7,3070,MSTR
2025-11-18 17:02:00+00:00,33,2,10924,210.73,211.04,210.61,211.0,6435,MSTR
2025-11-18 17:03:00+00:00,33,2,10924,210.9,210.99,210.38,210.93,3127,MSTR
2025-11-18 17:04:00+00:00,33,2,10924,210.9,211.5,210.9,211.27,2665,MSTR
2025-11-18 17:05:00+00:00,33,2,10924,211.26,211.5,210.97,211.23,4258,MSTR
2025-11-18 17:06:00+00:00,33,2,10924,211.32,211.33,210.91,211.09,4935,MSTR
2025-11-18 17:07:00+00:00,33,2,10924,211.21,211.82,211.21,211.8,2310,MSTR
2025-11-18 17:08:00+00:00,33,2,10924,211.73,211.73,211.17,211.48,2984,MSTR
2025-11-18 17:09:00+00:00,33,2,10924,211.58,211.75,211.16,211.19,4789,MSTR
2025-11-18 17:10:00+00:00,33,2,10924,211.155,211.9,211.155,211.74,4228,MSTR
2025-11-18 17:11:00+00:00,33,2,10924,211.74,211.74,211.31,211.54,15870,MSTR
2025-11-18 17:12:00+00:00,33,2,10924,211.6,211.81,210.95,211.48,5251,MSTR
2025-11-18 17:13:00+00:00,33,2,10924,211.4,211.52,211.2,211.38,3070,MSTR
2025-11-18 17:14:00+00:00,33,2,10924,211.38,211.38,210.37,210.73,4860,MSTR
2025-11-18 17:15:00+00:00,33,2,10924,210.79,211.46,210.74,211.21,5033,MSTR
2025-11-18 17:16:00+00:00,33,2,10924,211.21,211.5,211.15,211.33,6061,MSTR
2025-11-18 17:17:00+00:00,33,2,10924,211.31,211.35,210.63,210.82,5807,MSTR
2025-11-18 17:18:00+00:00,33,2,10924,210.88,211.56,210.88,210.95,6952,MSTR
2025-11-18 17:19:00+00:00,33,2,10924,211.01,211.07,210.22,210.63,6320,MSTR
2025-11-18 17:20:00+00:00,33,2,10924,210.64,211.18,210.64,211.18,4343,MSTR
2025-11-18 17:21:00+00:00,33,2,10924,211.13,211.57,210.87,211.43,2646,MSTR
2025-11-18 17:22:00+00:00,33,2,10924,211.36,211.46,210.89,211.1,2854,MSTR
2025-11-18 17:23:00+00:00,33,2,10924,210.94,210.94,210.03,210.065,5086,MSTR
2025-11-18 17:24:00+00:00,33,2,10924,210.1,210.5,209.87,209.9,5061,MSTR
2025-11-18 17:25:00+00:00,33,2,10924,209.85,210.56,209.82,210.18,3459,MSTR
2025-11-18 17:26:00+00:00,33,2,10924,210.195,210.195,209.25,209.45,4028,MSTR
2025-11-18 17:27:00+00:00,33,2,10924,209.48,209.51,208.21,208.24,7420,MSTR
2025-11-18 17:28:00+00:00,33,2,10924,208.33,208.6,207.72,208.01,10621,MSTR
2025-11-18 17:29:00+00:00,33,2,10924,208.03,208.33,207.95,208.0,5629,MSTR
2025-11-18 17:30:00+00:00,33,2,10924,208.0,208.02,207.68,207.9,2069,MSTR
2025-11-18 17:31:00+00:00,33,2,10924,207.87,208.2,207.35,207.96,12408,MSTR
2025-11-18 17:32:00+00:00,33,2,10924,207.97,208.1,207.54,207.54,4142,MSTR
2025-11-18 17:33:00+00:00,33,2,10924,207.54,207.86,207.52,207.77,2037,MSTR
2025-11-18 17:34:00+00:00,33,2,10924,207.67,207.9,207.16,207.8,9484,MSTR
2025-11-18 17:35:00+00:00,33,2,10924,207.81,208.34,207.74,208.16,7294,MSTR
2025-11-18 17:36:00+00:00,33,2,10924,208.11,208.51,207.72,208.51,9708,MSTR
2025-11-18 17:37:00+00:00,33,2,10924,208.52,209.04,208.4,209.01,4466,MSTR
2025-11-18 17:38:00+00:00,33,2,10924,209.08,209.85,209.08,209.8,11687,MSTR
2025-11-18 17:39:00+00:00,33,2,10924,209.815,210.22,209.54,210.22,5994,MSTR
2025-11-18 17:40:00+00:00,33,2,10924,210.23,210.9,210.17,210.39,5132,MSTR
2025-11-18 17:41:00+00:00,33,2,10924,210.41,210.705,210.21,210.22,4279,MSTR
2025-11-18 17:42:00+00:00,33,2,10924,210.27,210.96,210.27,210.66,4660,MSTR
2025-11-18 17:43:00+00:00,33,2,10924,210.68,211.43,210.68,211.03,5247,MSTR
2025-11-18 17:44:00+00:00,33,2,10924,211.01,211.26,210.86,211.23,6245,MSTR
2025-11-18 17:45:00+00:00,33,2,10924,211.31,211.49,210.67,210.91,18210,MSTR
2025-11-18 17:46:00+00:00,33,2,10924,210.98,211.12,210.54,210.69,4321,MSTR
2025-11-18 17:47:00+00:00,33,2,10924,210.77,211.35,210.77,211.22,9527,MSTR
2025-11-18 17:48:00+00:00,33,2,10924,211.16,211.6,211.11,211.25,14649,MSTR
2025-11-18 17:49:00+00:00,33,2,10924,211.28,211.52,211.17,211.32,5951,MSTR
2025-11-18 17:50:00+00:00,33,2,10924,211.38,211.42,210.88,211.06,3837,MSTR
2025-11-18 17:51:00+00:00,33,2,10924,211.11,211.26,210.99,211.02,2432,MSTR
2025-11-18 17:52:00+00:00,33,2,10924,210.99,211.29,210.96,211.28,8103,MSTR
2025-11-18 17:53:00+00:00,33,2,10924,211.25,211.64,211.115,211.53,7530,MSTR
2025-11-18 17:54:00+00:00,33,2,10924,211.49,211.58,211.16,211.2,4570,MSTR
2025-11-18 17:55:00+00:00,33,2,10924,211.3,211.3,210.54,210.88,5933,MSTR
2025-11-18 17:56:00+00:00,33,2,10924,210.86,211.69,210.84,211.69,7275,MSTR
2025-11-18 17:57:00+00:00,33,2,10924,211.53,211.84,211.5,211.51,5602,MSTR
2025-11-18 17:58:00+00:00,33,2,10924,211.45,211.63,211.15,211.53,7773,MSTR
2025-11-18 17:59:00+00:00,33,2,10924,211.58,211.68,210.94,211.05,5011,MSTR
2025-11-18 18:00:00+00:00,33,2,10924,211.06,211.23,210.5,210.72,6632,MSTR
2025-11-18 18:01:00+00:00,33,2,10924,210.72,210.88,210.38,210.48,6190,MSTR
2025-11-18 18:02:00+00:00,33,2,10924,210.59,211.68,210.59,211.46,14534,MSTR
2025-11-18 18:03:00+00:00,33,2,10924,211.46,212.54,211.43,212.43,13631,MSTR
2025-11-18 18:04:00+00:00,33,2,10924,212.39,212.55,211.94,212.26,9204,MSTR
2025-11-18 18:05:00+00:00,33,2,10924,212.3,212.68,211.95,212.45,9338,MSTR
2025-11-18 18:06:00+00:00,33,2,10924,212.44,212.87,212.35,212.63,14608,MSTR
2025-11-18 18:07:00+00:00,33,2,10924,212.65,212.97,212.5,212.88,11870,MSTR
2025-11-18 18:08:00+00:00,33,2,10924,212.92,213.2,212.71,213.18,12623,MSTR
2025-11-18 18:09:00+00:00,33,2,10924,213.18,213.77,212.95,213.04,17076,MSTR
2025-11-18 18:10:00+00:00,33,2,10924,213.04,213.33,212.835,213.12,13820,MSTR
2025-11-18 18:11:00+00:00,33,2,10924,213.19,213.42,212.6,212.79,11244,MSTR
2025-11-18 18:12:00+00:00,33,2,10924,212.7,213.03,212.49,212.96,9524,MSTR
2025-11-18 18:13:00+00:00,33,2,10924,212.96,213.69,212.91,213.36,15396,MSTR
2025-11-18 18:14:00+00:00,33,2,10924,213.335,213.66,212.9,213.65,13260,MSTR
2025-11-18 18:15:00+00:00,33,2,10924,213.65,213.83,212.67,212.91,12516,MSTR
2025-11-18 18:16:00+00:00,33,2,10924,213.0,213.19,212.72,212.925,3061,MSTR
2025-11-18 18:17:00+00:00,33,2,10924,212.94,212.97,211.95,212.21,4230,MSTR
2025-11-18 18:18:00+00:00,33,2,10924,212.27,213.07,212.27,212.98,4204,MSTR
2025-11-18 18:19:00+00:00,33,2,10924,212.94,212.96,212.41,212.57,9192,MSTR
2025-11-18 18:20:00+00:00,33,2,10924,212.66,212.67,212.12,212.12,14918,MSTR
2025-11-18 18:21:00+00:00,33,2,10924,212.26,212.72,211.94,212.72,7067,MSTR
2025-11-18 18:22:00+00:00,33,2,10924,212.77,212.77,212.43,212.6,2510,MSTR
2025-11-18 18:23:00+00:00,33,2,10924,212.69,212.79,212.37,212.69,3750,MSTR
2025-11-18 18:24:00+00:00,33,2,10924,212.43,212.43,211.93,212.03,8807,MSTR
2025-11-18 18:25:00+00:00,33,2,10924,211.92,211.93,211.11,211.19,10332,MSTR
2025-11-18 18:26:00+00:00,33,2,10924,211.16,211.16,210.33,210.53,7593,MSTR
2025-11-18 18:27:00+00:00,33,2,10924,210.55,211.29,210.55,211.0,7569,MSTR
2025-11-18 18:28:00+00:00,33,2,10924,210.96,211.05,210.44,210.56,5255,MSTR
2025-11-18 18:29:00+00:00,33,2,10924,210.51,210.65,209.83,209.99,9111,MSTR
2025-11-18 18:30:00+00:00,33,2,10924,210.06,210.88,210.06,210.81,4992,MSTR
2025-11-18 18:31:00+00:00,33,2,10924,210.73,210.9,210.43,210.51,4220,MSTR
2025-11-18 18:32:00+00:00,33,2,10924,210.39,210.83,210.37,210.75,4835,MSTR
2025-11-18 18:33:00+00:00,33,2,10924,210.7,211.0,210.7,210.85,3529,MSTR
2025-11-18 18:34:00+00:00,33,2,10924,210.85,211.13,210.68,211.08,2680,MSTR
2025-11-18 18:35:00+00:00,33,2,10924,211.05,211.37,210.81,210.91,3524,MSTR
2025-11-18 18:36:00+00:00,33,2,10924,211.0,211.02,210.34,210.81,5443,MSTR
2025-11-18 18:37:00+00:00,33,2,10924,210.845,210.845,210.25,210.7,4646,MSTR
2025-11-18 18:38:00+00:00,33,2,10924,210.64,210.81,210.26,210.79,2713,MSTR
2025-11-18 18:39:00+00:00,33,2,10924,210.78,211.07,210.74,211.02,4806,MSTR
2025-11-18 18:40:00+00:00,33,2,10924,211.08,211.75,211.055,211.71,6560,MSTR
2025-11-18 18:41:00+00:00,33,2,10924,211.7,212.12,211.61,212.02,5349,MSTR
2025-11-18 18:42:00+00:00,33,2,10924,212.0,212.0,211.58,211.76,4213,MSTR
2025-11-18 18:43:00+00:00,33,2,10924,211.72,211.98,211.46,211.82,3707,MSTR
2025-11-18 18:44:00+00:00,33,2,10924,211.9,212.06,211.63,211.85,2563,MSTR
2025-11-18 18:45:00+00:00,33,2,10924,211.77,211.98,211.59,211.79,3195,MSTR
2025-11-18 18:46:00+00:00,33,2,10924,211.8,212.0,211.73,211.76,3156,MSTR
2025-11-18 18:47:00+00:00,33,2,10924,211.72,212.0,211.5,211.9,3830,MSTR
2025-11-18 18:48:00+00:00,33,2,10924,211.94,212.24,211.57,211.85,2244,MSTR
2025-11-18 18:49:00+00:00,33,2,10924,211.69,212.07,211.45,212.07,3911,MSTR
2025-11-18 18:50:00+00:00,33,2,10924,212.06,212.06,211.74,211.84,2806,MSTR
2025-11-18 18:51:00+00:00,33,2,10924,211.92,212.4,211.89,212.35,3117,MSTR
2025-11-18 18:52:00+00:00,33,2,10924,212.26,212.5,212.15,212.31,6237,MSTR
2025-11-18 18:53:00+00:00,33,2,10924,212.3,212.3,211.8,211.82,6266,MSTR
2025-11-18 18:54:00+00:00,33,2,10924,211.83,212.0,211.7,211.79,4152,MSTR
2025-11-18 18:55:00+00:00,33,2,10924,211.72,211.72,211.14,211.14,5688,MSTR
2025-11-18 18:56:00+00:00,33,2,10924,211.2,211.21,210.39,210.68,5749,MSTR
2025-11-18 18:57:00+00:00,33,2,10924,210.61,210.61,209.97,210.11,12269,MSTR
2025-11-18 18:58:00+00:00,33,2,10924,210.09,210.4,209.88,210.1,6091,MSTR
2025-11-18 18:59:00+00:00,33,2,10924,210.15,210.36,210.07,210.23,3648,MSTR
2025-11-18 19:00:00+00:00,33,2,10924,210.235,210.38,209.86,209.92,6763,MSTR
2025-11-18 19:01:00+00:00,33,2,10924,209.92,210.27,209.71,209.86,5434,MSTR
2025-11-18 19:02:00+00:00,33,2,10924,209.855,209.94,209.35,209.86,4608,MSTR
2025-11-18 19:03:00+00:00,33,2,10924,209.86,209.86,209.08,209.53,7973,MSTR
2025-11-18 19:04:00+00:00,33,2,10924,209.59,210.02,209.59,209.94,5645,MSTR
2025-11-18 19:05:00+00:00,33,2,10924,210.0,210.32,210.0,210.07,3257,MSTR
2025-11-18 19:06:00+00:00,33,2,10924,210.05,210.11,209.78,209.88,6434,MSTR
2025-11-18 19:07:00+00:00,33,2,10924,209.8,210.19,209.5,209.59,2988,MSTR
2025-11-18 19:08:00+00:00,33,2,10924,209.5,209.59,209.3,209.495,4405,MSTR
2025-11-18 19:09:00+00:00,33,2,10924,209.5,209.65,209.19,209.43,10789,MSTR
2025-11-18 19:10:00+00:00,33,2,10924,209.41,209.6,209.13,209.59,2046,MSTR
2025-11-18 19:11:00+00:00,33,2,10924,209.59,209.85,209.37,209.805,4570,MSTR
2025-11-18 19:12:00+00:00,33,2,10924,209.84,210.19,209.82,209.99,14215,MSTR
2025-11-18 19:13:00+00:00,33,2,10924,209.94,210.4,209.64,210.37,5334,MSTR
2025-11-18 19:14:00+00:00,33,2,10924,210.48,210.6,210.38,210.52,2641,MSTR
2025-11-18 19:15:00+00:00,33,2,10924,210.6,210.69,209.96,210.28,3168,MSTR
2025-11-18 19:16:00+00:00,33,2,10924,210.36,210.43,209.57,209.99,3778,MSTR
2025-11-18 19:17:00+00:00,33,2,10924,209.94,210.04,209.72,209.82,3442,MSTR
2025-11-18 19:18:00+00:00,33,2,10924,209.85,210.17,209.65,209.85,2953,MSTR
2025-11-18 19:19:00+00:00,33,2,10924,209.86,210.5,209.83,210.5,4439,MSTR
2025-11-18 19:20:00+00:00,33,2,10924,210.44,210.84,210.36,210.41,4388,MSTR
2025-11-18 19:21:00+00:00,33,2,10924,210.45,210.47,210.1,210.16,2492,MSTR
2025-11-18 19:22:00+00:00,33,2,10924,210.2,210.28,209.995,210.23,2453,MSTR
2025-11-18 19:23:00+00:00,33,2,10924,210.175,210.35,209.89,210.32,2383,MSTR
2025-11-18 19:24:00+00:00,33,2,10924,210.225,210.4,210.01,210.16,3782,MSTR
2025-11-18 19:25:00+00:00,33,2,10924,210.26,210.39,210.13,210.31,2365,MSTR
2025-11-18 19:26:00+00:00,33,2,10924,210.37,210.46,209.88,209.99,3592,MSTR
2025-11-18 19:27:00+00:00,33,2,10924,209.935,210.0,209.44,210.0,3110,MSTR
2025-11-18 19:28:00+00:00,33,2,10924,209.94,209.94,209.35,209.42,3306,MSTR
2025-11-18 19:29:00+00:00,33,2,10924,209.43,210.07,209.36,210.02,3148,MSTR
2025-11-18 19:30:00+00:00,33,2,10924,210.09,210.48,209.8,210.33,6844,MSTR
2025-11-18 19:31:00+00:00,33,2,10924,210.39,210.52,210.25,210.25,8157,MSTR
2025-11-18 19:32:00+00:00,33,2,10924,210.28,210.28,209.77,209.915,2982,MSTR
2025-11-18 19:33:00+00:00,33,2,10924,209.92,209.99,209.61,209.72,3730,MSTR
2025-11-18 19:34:00+00:00,33,2,10924,209.75,209.76,209.4,209.7,3753,MSTR
2025-11-18 19:35:00+00:00,33,2,10924,209.8,210.44,209.74,210.305,6012,MSTR
2025-11-18 19:36:00+00:00,33,2,10924,210.37,210.61,210.32,210.49,6403,MSTR
2025-11-18 19:37:00+00:00,33,2,10924,210.57,211.33,210.57,211.09,7283,MSTR
2025-11-18 19:38:00+00:00,33,2,10924,211.06,211.39,210.76,211.39,9703,MSTR
2025-11-18 19:39:00+00:00,33,2,10924,211.38,212.37,211.38,212.11,12030,MSTR
2025-11-18 19:40:00+00:00,33,2,10924,212.125,212.27,211.87,212.185,8664,MSTR
2025-11-18 19:41:00+00:00,33,2,10924,212.15,212.35,211.96,212.0,5515,MSTR
2025-11-18 19:42:00+00:00,33,2,10924,211.91,211.975,211.57,211.86,4025,MSTR
2025-11-18 19:43:00+00:00,33,2,10924,211.74,212.9,211.7,212.68,19437,MSTR
2025-11-18 19:44:00+00:00,33,2,10924,212.73,212.83,211.78,211.95,13062,MSTR
2025-11-18 19:45:00+00:00,33,2,10924,211.965,212.31,211.76,212.16,8949,MSTR
2025-11-18 19:46:00+00:00,33,2,10924,212.32,212.35,211.92,212.27,3725,MSTR
2025-11-18 19:47:00+00:00,33,2,10924,212.29,212.79,212.29,212.48,4491,MSTR
2025-11-18 19:48:00+00:00,33,2,10924,212.43,212.47,211.88,211.91,8885,MSTR
2025-11-18 19:49:00+00:00,33,2,10924,211.98,212.24,211.55,211.69,3654,MSTR
2025-11-18 19:50:00+00:00,33,2,10924,211.66,211.68,211.16,211.29,6498,MSTR
2025-11-18 19:51:00+00:00,33,2,10924,211.2,211.25,210.71,210.99,5537,MSTR
2025-11-18 19:52:00+00:00,33,2,10924,210.91,211.03,210.37,210.42,4089,MSTR
2025-11-18 19:53:00+00:00,33,2,10924,210.38,210.46,209.91,210.03,11211,MSTR
2025-11-18 19:54:00+00:00,33,2,10924,209.965,209.965,209.31,209.45,7971,MSTR
2025-11-18 19:55:00+00:00,33,2,10924,209.43,209.93,209.15,209.93,8776,MSTR
2025-11-18 19:56:00+00:00,33,2,10924,209.87,209.87,209.43,209.62,6294,MSTR
2025-11-18 19:57:00+00:00,33,2,10924,209.7,209.92,209.58,209.7,8727,MSTR
2025-11-18 19:58:00+00:00,33,2,10924,209.61,209.77,209.52,209.67,10075,MSTR
2025-11-18 19:59:00+00:00,33,2,10924,209.65,210.0,209.56,209.81,4702,MSTR
2025-11-18 20:00:00+00:00,33,2,10924,209.79,210.55,209.57,210.49,8975,MSTR
2025-11-18 20:01:00+00:00,33,2,10924,210.47,211.0,210.13,210.87,9427,MSTR
2025-11-18 20:02:00+00:00,33,2,10924,210.87,211.31,210.865,211.15,12708,MSTR
2025-11-18 20:03:00+00:00,33,2,10924,211.16,211.66,211.06,211.1,11133,MSTR
2025-11-18 20:04:00+00:00,33,2,10924,211.15,211.17,210.59,210.76,4767,MSTR
2025-11-18 20:05:00+00:00,33,2,10924,210.72,210.74,210.46,210.62,3866,MSTR
2025-11-18 20:06:00+00:00,33,2,10924,210.59,211.0,210.43,210.655,3404,MSTR
2025-11-18 20:07:00+00:00,33,2,10924,210.71,210.79,210.43,210.54,2913,MSTR
2025-11-18 20:08:00+00:00,33,2,10924,210.62,210.68,210.27,210.445,3929,MSTR
2025-11-18 20:09:00+00:00,33,2,10924,210.49,210.67,210.27,210.41,1300,MSTR
2025-11-18 20:10:00+00:00,33,2,10924,210.415,210.69,210.29,210.325,3376,MSTR
2025-11-18 20:11:00+00:00,33,2,10924,210.24,210.48,210.0,210.39,4212,MSTR
2025-11-18 20:12:00+00:00,33,2,10924,210.39,210.71,210.34,210.62,4080,MSTR
2025-11-18 20:13:00+00:00,33,2,10924,210.58,210.69,210.33,210.63,1854,MSTR
2025-11-18 20:14:00+00:00,33,2,10924,210.59,210.89,210.54,210.89,4063,MSTR
2025-11-18 20:15:00+00:00,33,2,10924,210.93,211.24,210.79,210.98,4696,MSTR
2025-11-18 20:16:00+00:00,33,2,10924,211.04,211.4,210.92,211.4,4921,MSTR
2025-11-18 20:17:00+00:00,33,2,10924,211.41,211.8,211.41,211.57,5981,MSTR
2025-11-18 20:18:00+00:00,33,2,10924,211.57,211.6,211.25,211.46,5124,MSTR
2025-11-18 20:19:00+00:00,33,2,10924,211.45,211.56,211.32,211.4,3676,MSTR
2025-11-18 20:20:00+00:00,33,2,10924,211.43,211.5,211.1,211.5,4661,MSTR
2025-11-18 20:21:00+00:00,33,2,10924,211.53,212.05,211.53,211.85,5704,MSTR
2025-11-18 20:22:00+00:00,33,2,10924,211.85,212.01,211.75,211.865,3929,MSTR
2025-11-18 20:23:00+00:00,33,2,10924,211.89,212.1,211.65,211.73,8488,MSTR
2025-11-18 20:24:00+00:00,33,2,10924,211.76,211.8,211.22,211.585,7025,MSTR
2025-11-18 20:25:00+00:00,33,2,10924,211.59,211.65,210.91,211.03,7841,MSTR
2025-11-18 20:26:00+00:00,33,2,10924,211.02,211.22,210.75,210.9,8387,MSTR
2025-11-18 20:27:00+00:00,33,2,10924,210.79,210.91,210.55,210.58,9416,MSTR
2025-11-18 20:28:00+00:00,33,2,10924,210.6,210.6,210.13,210.23,5601,MSTR
2025-11-18 20:29:00+00:00,33,2,10924,210.23,210.58,209.79,209.79,10090,MSTR
2025-11-18 20:30:00+00:00,33,2,10924,209.81,210.15,209.26,209.69,10175,MSTR
2025-11-18 20:31:00+00:00,33,2,10924,209.6,209.6,208.61,208.79,7790,MSTR
2025-11-18 20:32:00+00:00,33,2,10924,208.72,209.92,208.63,209.68,14117,MSTR
2025-11-18 20:33:00+00:00,33,2,10924,209.65,209.71,209.38,209.46,13296,MSTR
2025-11-18 20:34:00+00:00,33,2,10924,209.42,209.46,208.91,209.0,8195,MSTR
2025-11-18 20:35:00+00:00,33,2,10924,209.04,209.27,208.83,208.88,12377,MSTR
2025-11-18 20:36:00+00:00,33,2,10924,208.89,209.49,208.85,209.29,8824,MSTR
2025-11-18 20:37:00+00:00,33,2,10924,209.29,209.37,209.12,209.37,18527,MSTR
2025-11-18 20:38:00+00:00,33,2,10924,209.37,209.82,209.28,209.71,16856,MSTR
2025-11-18 20:39:00+00:00,33,2,10924,209.7,210.15,209.53,209.94,12010,MSTR
2025-11-18 20:40:00+00:00,33,2,10924,209.95,210.02,209.7,209.78,13528,MSTR
2025-11-18 20:41:00+00:00,33,2,10924,209.81,209.96,209.66,209.66,12034,MSTR
2025-11-18 20:42:00+00:00,33,2,10924,209.64,210.285,209.58,210.17,20041,MSTR
2025-11-18 20:43:00+00:00,33,2,10924,210.17,210.3,209.81,209.81,13892,MSTR
2025-11-18 20:44:00+00:00,33,2,10924,209.81,209.86,209.32,209.36,8422,MSTR
2025-11-18 20:45:00+00:00,33,2,10924,209.38,209.47,209.14,209.42,11175,MSTR
2025-11-18 20:46:00+00:00,33,2,10924,209.45,209.5,208.18,208.19,24454,MSTR
2025-11-18 20:47:00+00:00,33,2,10924,208.2,208.76,208.03,208.555,20522,MSTR
2025-11-18 20:48:00+00:00,33,2,10924,208.555,208.825,208.36,208.67,47535,MSTR
2025-11-18 20:49:00+00:00,33,2,10924,208.74,208.89,208.355,208.47,17525,MSTR
2025-11-18 20:50:00+00:00,33,2,10924,208.52,209.5,208.48,209.45,23419,MSTR
2025-11-18 20:51:00+00:00,33,2,10924,209.38,209.65,209.04,209.605,11422,MSTR
2025-11-18 20:52:00+00:00,33,2,10924,209.605,209.9,209.51,209.78,9553,MSTR
2025-11-18 20:53:00+00:00,33,2,10924,209.805,209.87,209.3,209.33,11830,MSTR
2025-11-18 20:54:00+00:00,33,2,10924,209.345,209.54,208.48,208.73,25751,MSTR
2025-11-18 20:55:00+00:00,33,2,10924,208.66,208.66,207.88,207.88,32013,MSTR
2025-11-18 20:56:00+00:00,33,2,10924,207.88,208.11,207.8,208.01,22840,MSTR
2025-11-18 20:57:00+00:00,33,2,10924,208.0,208.05,207.13,207.24,37773,MSTR
2025-11-18 20:58:00+00:00,33,2,10924,207.26,207.26,206.88,207.1,86606,MSTR
2025-11-18 20:59:00+00:00,33,2,10924,207.12,207.16,206.59,206.8,149617,MSTR
2025-11-18 21:00:00+00:00,33,2,10924,206.8,206.98,206.0,206.24,1607552,MSTR
2025-11-18 21:01:00+00:00,33,2,10924,206.24,206.38,206.0,206.15,1455,MSTR
2025-11-18 21:02:00+00:00,33,2,10924,206.25,206.41,205.92,206.37,3494,MSTR
2025-11-18 21:03:00+00:00,33,2,10924,206.32,206.5,205.78,205.78,2104,MSTR
2025-11-18 21:04:00+00:00,33,2,10924,205.78,205.78,204.96,204.96,11249,MSTR
2025-11-18 21:05:00+00:00,33,2,10924,204.95,205.32,204.95,204.99,3753,MSTR
2025-11-18 21:06:00+00:00,33,2,10924,205.03,205.6,205.03,205.6,3854,MSTR
2025-11-18 21:07:00+00:00,33,2,10924,205.55,205.55,205.4,205.4,1087,MSTR
2025-11-18 21:08:00+00:00,33,2,10924,205.45,205.48,205.21,205.21,246,MSTR
2025-11-18 21:09:00+00:00,33,2,10924,205.5,205.5,205.32,205.5,101,MSTR
2025-11-18 21:10:00+00:00,33,2,10924,205.5,205.7,205.5,205.7,272,MSTR
2025-11-18 21:11:00+00:00,33,2,10924,205.84,205.84,205.31,205.31,457,MSTR
2025-11-18 21:12:00+00:00,33,2,10924,205.5,205.99,205.5,205.73,1259,MSTR
2025-11-18 21:13:00+00:00,33,2,10924,205.32,205.32,204.84,204.87,520,MSTR
2025-11-18 21:14:00+00:00,33,2,10924,205.14,205.19,204.55,204.6,6052,MSTR
2025-11-18 21:15:00+00:00,33,2,10924,204.9,204.9,204.9,204.9,1,MSTR
2025-11-18 21:16:00+00:00,33,2,10924,204.71,204.79,204.46,204.79,10441,MSTR
2025-11-18 21:17:00+00:00,33,2,10924,204.73,204.85,204.65,204.7,204,MSTR
2025-11-18 21:18:00+00:00,33,2,10924,204.65,204.65,204.32,204.55,1462,MSTR
2025-11-18 21:19:00+00:00,33,2,10924,204.75,204.75,203.8,203.8,1245,MSTR
2025-11-18 21:21:00+00:00,33,2,10924,204.3,204.68,203.7,203.7,1113,MSTR
2025-11-18 21:22:00+00:00,33,2,10924,204.29,204.29,204.2,204.26,106,MSTR
2025-11-18 21:23:00+00:00,33,2,10924,204.11,204.11,202.7,203.44,4609,MSTR
2025-11-18 21:24:00+00:00,33,2,10924,203.36,203.36,202.45,202.45,2361,MSTR
2025-11-18 21:25:00+00:00,33,2,10924,202.99,203.0,202.16,202.82,4645,MSTR
2025-11-18 21:26:00+00:00,33,2,10924,203.06,203.1,202.92,203.0,326,MSTR
2025-11-18 21:27:00+00:00,33,2,10924,203.18,203.48,203.18,203.48,1472,MSTR
2025-11-18 21:29:00+00:00,33,2,10924,203.83,203.83,203.43,203.45,830,MSTR
2025-11-18 21:30:00+00:00,33,2,10924,203.47,203.81,203.47,203.66,1332,MSTR
2025-11-18 21:31:00+00:00,33,2,10924,204.29,204.3,204.1,204.15,536,MSTR
2025-11-18 21:32:00+00:00,33,2,10924,204.09,204.1,203.71,203.71,304,MSTR
2025-11-18 21:34:00+00:00,33,2,10924,203.7,203.7,203.46,203.56,1106,MSTR
2025-11-18 21:35:00+00:00,33,2,10924,203.7,203.9,203.68,203.9,97,MSTR
2025-11-18 21:36:00+00:00,33,2,10924,203.7,204.11,203.7,204.1,278,MSTR
2025-11-18 21:37:00+00:00,33,2,10924,204.1,204.29,204.1,204.13,563,MSTR
2025-11-18 21:38:00+00:00,33,2,10924,204.2,204.5,204.2,204.42,455,MSTR
2025-11-18 21:39:00+00:00,33,2,10924,204.23,204.26,204.18,204.18,220,MSTR
2025-11-18 21:40:00+00:00,33,2,10924,204.07,204.07,204.07,204.07,4,MSTR
2025-11-18 21:41:00+00:00,33,2,10924,204.15,204.15,204.0,204.0,58,MSTR
2025-11-18 21:42:00+00:00,33,2,10924,203.96,204.0,203.96,204.0,71,MSTR
2025-11-18 21:43:00+00:00,33,2,10924,204.0,204.0,204.0,204.0,32,MSTR
2025-11-18 21:44:00+00:00,33,2,10924,204.08,204.18,203.85,203.85,95,MSTR
2025-11-18 21:45:00+00:00,33,2,10924,203.7,203.85,203.62,203.62,124,MSTR
2025-11-18 21:47:00+00:00,33,2,10924,203.9,203.97,203.85,203.97,115,MSTR
2025-11-18 21:48:00+00:00,33,2,10924,203.93,203.99,203.81,203.81,289,MSTR
2025-11-18 21:49:00+00:00,33,2,10924,203.81,204.1,203.63,203.77,647,MSTR
2025-11-18 21:52:00+00:00,33,2,10924,203.7,203.9,203.61,203.9,237,MSTR
2025-11-18 21:53:00+00:00,33,2,10924,203.64,203.91,203.59,203.91,756,MSTR
2025-11-18 21:55:00+00:00,33,2,10924,203.61,203.61,203.6,203.6,210,MSTR
2025-11-18 21:56:00+00:00,33,2,10924,203.75,203.75,203.75,203.75,150,MSTR
2025-11-18 21:57:00+00:00,33,2,10924,203.61,203.61,203.61,203.61,10,MSTR
2025-11-18 21:58:00+00:00,33,2,10924,203.31,203.31,203.31,203.31,5,MSTR
2025-11-18 21:59:00+00:00,33,2,10924,203.37,203.37,203.37,203.37,75,MSTR
2025-11-18 22:01:00+00:00,33,2,10924,203.62,203.62,203.6,203.6,50,MSTR
2025-11-18 22:03:00+00:00,33,2,10924,203.77,203.88,203.77,203.8,236,MSTR
2025-11-18 22:06:00+00:00,33,2,10924,203.88,203.88,203.88,203.88,174,MSTR
2025-11-18 22:07:00+00:00,33,2,10924,203.95,204.0,203.95,204.0,13,MSTR
2025-11-18 22:08:00+00:00,33,2,10924,203.95,203.95,203.95,203.95,10,MSTR
2025-11-18 22:09:00+00:00,33,2,10924,203.96,204.0,203.96,204.0,196,MSTR
2025-11-18 22:10:00+00:00,33,2,10924,204.25,204.39,204.2,204.39,230,MSTR
2025-11-18 22:11:00+00:00,33,2,10924,204.35,204.35,204.35,204.35,50,MSTR
2025-11-18 22:12:00+00:00,33,2,10924,204.57,204.6,204.56,204.6,65,MSTR
2025-11-18 22:13:00+00:00,33,2,10924,204.85,204.9,204.65,204.65,154,MSTR
2025-11-18 22:14:00+00:00,33,2,10924,204.76,204.76,204.73,204.73,6,MSTR
2025-11-18 22:17:00+00:00,33,2,10924,204.9,204.9,204.9,204.9,5,MSTR
2025-11-18 22:18:00+00:00,33,2,10924,204.9,204.9,204.9,204.9,13,MSTR
2025-11-18 22:19:00+00:00,33,2,10924,204.9,204.9,204.9,204.9,232,MSTR
2025-11-18 22:20:00+00:00,33,2,10924,204.85,204.97,204.8,204.97,109,MSTR
2025-11-18 22:21:00+00:00,33,2,10924,204.77,204.99,204.77,204.99,161,MSTR
2025-11-18 22:22:00+00:00,33,2,10924,204.89,205.03,204.89,204.99,753,MSTR
2025-11-18 22:24:00+00:00,33,2,10924,205.11,205.42,205.11,205.32,128,MSTR
2025-11-18 22:25:00+00:00,33,2,10924,205.48,205.5,205.44,205.44,136,MSTR
2025-11-18 22:26:00+00:00,33,2,10924,205.57,205.96,205.57,205.66,40,MSTR
2025-11-18 22:29:00+00:00,33,2,10924,205.78,205.78,205.78,205.78,44,MSTR
2025-11-18 22:32:00+00:00,33,2,10924,205.96,206.0,205.9,205.97,428,MSTR
2025-11-18 22:34:00+00:00,33,2,10924,205.99,205.99,205.99,205.99,97,MSTR
2025-11-18 22:39:00+00:00,33,2,10924,205.97,205.97,205.4,205.4,1124,MSTR
2025-11-18 22:41:00+00:00,33,2,10924,205.88,205.95,205.86,205.86,135,MSTR
2025-11-18 22:43:00+00:00,33,2,10924,205.51,205.9,205.51,205.9,48,MSTR
2025-11-18 22:44:00+00:00,33,2,10924,205.99,206.07,205.99,206.07,110,MSTR
2025-11-18 22:45:00+00:00,33,2,10924,206.07,206.07,206.05,206.05,99,MSTR
2025-11-18 22:46:00+00:00,33,2,10924,205.9,205.9,205.9,205.9,38,MSTR
2025-11-18 22:48:00+00:00,33,2,10924,205.57,205.57,205.57,205.57,64,MSTR
2025-11-18 22:49:00+00:00,33,2,10924,205.5,205.5,205.5,205.5,10,MSTR
2025-11-18 22:51:00+00:00,33,2,10924,205.54,205.62,205.52,205.52,65,MSTR
2025-11-18 22:52:00+00:00,33,2,10924,205.94,205.94,205.94,205.94,5,MSTR
2025-11-18 22:54:00+00:00,33,2,10924,205.9,205.94,205.4,205.4,1064,MSTR
2025-11-18 22:55:00+00:00,33,2,10924,205.32,205.36,205.32,205.36,32,MSTR
2025-11-18 22:56:00+00:00,33,2,10924,205.41,205.73,205.41,205.5,62,MSTR
2025-11-18 22:57:00+00:00,33,2,10924,205.5,205.5,205.28,205.28,212,MSTR
2025-11-18 22:59:00+00:00,33,2,10924,205.4,205.4,205.4,205.4,14,MSTR
2025-11-18 23:01:00+00:00,33,2,10924,205.78,205.78,205.78,205.78,1,MSTR
2025-11-18 23:02:00+00:00,33,2,10924,205.78,205.78,205.55,205.78,187,MSTR
2025-11-18 23:03:00+00:00,33,2,10924,205.78,205.78,205.78,205.78,50,MSTR
2025-11-18 23:06:00+00:00,33,2,10924,205.65,205.65,205.65,205.65,1,MSTR
2025-11-18 23:08:00+00:00,33,2,10924,205.74,205.77,205.74,205.77,760,MSTR
2025-11-18 23:09:00+00:00,33,2,10924,205.38,205.48,205.38,205.48,34,MSTR
2025-11-18 23:10:00+00:00,33,2,10924,205.32,205.32,205.2,205.2,272,MSTR
2025-11-18 23:12:00+00:00,33,2,10924,205.03,205.03,204.99,204.99,618,MSTR
2025-11-18 23:13:00+00:00,33,2,10924,204.99,204.99,204.99,204.99,327,MSTR
2025-11-18 23:15:00+00:00,33,2,10924,205.0,205.21,205.0,205.21,20,MSTR
2025-11-18 23:16:00+00:00,33,2,10924,205.6,205.79,205.6,205.79,14,MSTR
2025-11-18 23:17:00+00:00,33,2,10924,205.48,205.48,205.48,205.48,100,MSTR
2025-11-18 23:18:00+00:00,33,2,10924,205.75,205.75,205.75,205.75,237,MSTR
2025-11-18 23:20:00+00:00,33,2,10924,205.78,205.78,205.78,205.78,41,MSTR
2025-11-18 23:21:00+00:00,33,2,10924,205.73,205.73,205.73,205.73,18,MSTR
2025-11-18 23:22:00+00:00,33,2,10924,205.73,205.73,205.73,205.73,6,MSTR
2025-11-18 23:23:00+00:00,33,2,10924,205.7,205.7,205.7,205.7,4,MSTR
2025-11-18 23:25:00+00:00,33,2,10924,205.73,205.88,205.57,205.57,455,MSTR
2025-11-18 23:26:00+00:00,33,2,10924,205.8,205.8,205.8,205.8,190,MSTR
2025-11-18 23:27:00+00:00,33,2,10924,205.77,205.77,205.77,205.77,20,MSTR
2025-11-18 23:28:00+00:00,33,2,10924,205.66,205.66,205.6,205.6,334,MSTR
2025-11-18 23:39:00+00:00,33,2,10924,205.87,205.87,205.56,205.59,455,MSTR
2025-11-18 23:40:00+00:00,33,2,10924,205.43,205.43,205.43,205.43,10,MSTR
2025-11-18 23:47:00+00:00,33,2,10924,205.5,205.5,205.5,205.5,3,MSTR
2025-11-18 23:48:00+00:00,33,2,10924,205.69,205.69,205.69,205.69,50,MSTR
2025-11-18 23:49:00+00:00,33,2,10924,205.47,205.54,205.47,205.47,130,MSTR
2025-11-18 23:50:00+00:00,33,2,10924,205.5,205.53,205.2,205.5,1009,MSTR
2025-11-18 23:51:00+00:00,33,2,10924,205.69,205.69,205.69,205.69,31,MSTR
2025-11-19 09:00:00+00:00,33,2,10924,203.61,203.61,203.13,203.44,370,MSTR
2025-11-19 09:01:00+00:00,33,2,10924,203.55,203.96,203.05,203.2,616,MSTR
2025-11-19 09:02:00+00:00,33,2,10924,203.02,203.02,203.0,203.0,90,MSTR
2025-11-19 09:03:00+00:00,33,2,10924,203.23,203.31,203.23,203.31,42,MSTR
2025-11-19 09:04:00+00:00,33,2,10924,203.21,203.21,203.0,203.0,331,MSTR
2025-11-19 09:05:00+00:00,33,2,10924,202.78,202.78,202.75,202.75,317,MSTR
2025-11-19 09:06:00+00:00,33,2,10924,202.85,203.04,202.85,202.95,91,MSTR
2025-11-19 09:07:00+00:00,33,2,10924,202.88,203.5,202.85,202.85,465,MSTR
2025-11-19 09:08:00+00:00,33,2,10924,203.01,203.18,202.86,203.18,358,MSTR
2025-11-19 09:10:00+00:00,33,2,10924,203.49,203.53,203.31,203.48,1190,MSTR
2025-11-19 09:11:00+00:00,33,2,10924,203.33,203.49,203.15,203.49,200,MSTR
2025-11-19 09:16:00+00:00,33,2,10924,203.93,204.0,203.93,204.0,277,MSTR
2025-11-19 09:17:00+00:00,33,2,10924,204.0,204.1,204.0,204.1,32,MSTR
2025-11-19 09:19:00+00:00,33,2,10924,203.98,203.98,203.95,203.95,148,MSTR
2025-11-19 09:20:00+00:00,33,2,10924,203.77,204.2,203.77,204.2,842,MSTR
2025-11-19 09:21:00+00:00,33,2,10924,203.95,203.95,203.95,203.95,30,MSTR
2025-11-19 09:22:00+00:00,33,2,10924,204.09,204.14,204.09,204.14,40,MSTR
2025-11-19 09:23:00+00:00,33,2,10924,204.01,204.01,204.0,204.0,12,MSTR
2025-11-19 09:25:00+00:00,33,2,10924,203.88,203.95,203.88,203.95,68,MSTR
2025-11-19 09:26:00+00:00,33,2,10924,203.81,203.86,203.81,203.86,48,MSTR
2025-11-19 09:30:00+00:00,33,2,10924,203.91,204.14,203.91,204.14,3,MSTR
2025-11-19 09:31:00+00:00,33,2,10924,204.6,204.6,204.42,204.59,100,MSTR
2025-11-19 09:32:00+00:00,33,2,10924,204.52,204.52,204.41,204.41,71,MSTR
2025-11-19 09:33:00+00:00,33,2,10924,204.4,204.4,204.19,204.19,137,MSTR
2025-11-19 09:34:00+00:00,33,2,10924,204.45,204.52,204.18,204.18,2208,MSTR
2025-11-19 09:38:00+00:00,33,2,10924,204.25,204.41,204.25,204.25,149,MSTR
2025-11-19 09:39:00+00:00,33,2,10924,204.25,204.43,204.25,204.43,100,MSTR
2025-11-19 09:41:00+00:00,33,2,10924,204.04,204.33,204.04,204.33,733,MSTR
2025-11-19 09:42:00+00:00,33,2,10924,204.3,204.49,204.3,204.49,30,MSTR
2025-11-19 09:45:00+00:00,33,2,10924,204.9,205.0,204.9,205.0,165,MSTR
2025-11-19 09:47:00+00:00,33,2,10924,204.99,205.06,204.79,204.79,194,MSTR
2025-11-19 09:49:00+00:00,33,2,10924,204.8,205.01,204.8,204.99,14,MSTR
2025-11-19 09:50:00+00:00,33,2,10924,204.94,204.99,204.9,204.9,296,MSTR
2025-11-19 09:53:00+00:00,33,2,10924,205.09,205.21,205.0,205.0,38,MSTR
2025-11-19 09:54:00+00:00,33,2,10924,205.23,205.32,205.23,205.32,184,MSTR
2025-11-19 09:55:00+00:00,33,2,10924,205.2,205.46,205.2,205.2,224,MSTR
2025-11-19 09:57:00+00:00,33,2,10924,205.3,205.3,205.3,205.3,18,MSTR
2025-11-19 09:58:00+00:00,33,2,10924,205.38,205.38,205.34,205.34,109,MSTR
2025-11-19 10:00:00+00:00,33,2,10924,205.4,205.5,205.35,205.45,519,MSTR
2025-11-19 10:03:00+00:00,33,2,10924,205.22,205.22,205.2,205.2,42,MSTR
2025-11-19 10:04:00+00:00,33,2,10924,205.26,205.26,205.26,205.26,12,MSTR
2025-11-19 10:05:00+00:00,33,2,10924,205.32,205.43,205.2,205.2,49,MSTR
2025-11-19 10:06:00+00:00,33,2,10924,205.45,205.45,205.45,205.45,11,MSTR
2025-11-19 10:08:00+00:00,33,2,10924,205.45,205.47,205.45,205.47,125,MSTR
2025-11-19 10:10:00+00:00,33,2,10924,205.19,205.19,205.11,205.11,26,MSTR
2025-11-19 10:11:00+00:00,33,2,10924,205.25,205.25,205.13,205.13,14,MSTR
2025-11-19 10:12:00+00:00,33,2,10924,205.36,205.36,205.36,205.36,59,MSTR
2025-11-19 10:16:00+00:00,33,2,10924,205.36,205.36,205.36,205.36,10,MSTR
2025-11-19 10:19:00+00:00,33,2,10924,205.22,205.22,204.77,204.77,103,MSTR
2025-11-19 10:21:00+00:00,33,2,10924,204.85,205.03,204.85,205.03,52,MSTR
2025-11-19 10:23:00+00:00,33,2,10924,204.97,205.0,204.97,205.0,61,MSTR
2025-11-19 10:24:00+00:00,33,2,10924,205.07,205.07,205.0,205.0,408,MSTR
2025-11-19 10:25:00+00:00,33,2,10924,205.14,205.14,205.07,205.07,145,MSTR
2025-11-19 10:27:00+00:00,33,2,10924,205.08,205.08,204.95,204.95,166,MSTR
2025-11-19 10:28:00+00:00,33,2,10924,204.9,204.9,204.9,204.9,55,MSTR
2025-11-19 10:29:00+00:00,33,2,10924,204.9,204.9,204.9,204.9,30,MSTR
2025-11-19 10:30:00+00:00,33,2,10924,204.8,204.83,204.77,204.77,76,MSTR
2025-11-19 10:31:00+00:00,33,2,10924,204.75,204.75,204.55,204.7,423,MSTR
2025-11-19 10:32:00+00:00,33,2,10924,204.73,204.73,204.73,204.73,16,MSTR
2025-11-19 10:34:00+00:00,33,2,10924,204.87,204.88,204.8,204.8,148,MSTR
2025-11-19 10:35:00+00:00,33,2,10924,204.75,204.75,204.75,204.75,51,MSTR
2025-11-19 10:36:00+00:00,33,2,10924,204.57,204.57,204.5,204.5,159,MSTR
2025-11-19 10:37:00+00:00,33,2,10924,204.5,204.84,204.5,204.84,76,MSTR
2025-11-19 10:38:00+00:00,33,2,10924,204.84,204.84,204.84,204.84,20,MSTR
2025-11-19 10:42:00+00:00,33,2,10924,204.88,204.88,204.88,204.88,5,MSTR
2025-11-19 10:44:00+00:00,33,2,10924,204.9,204.9,204.9,204.9,1,MSTR
2025-11-19 10:45:00+00:00,33,2,10924,204.86,204.86,204.78,204.78,13,MSTR
2025-11-19 10:46:00+00:00,33,2,10924,204.89,204.9,204.86,204.88,100,MSTR
2025-11-19 10:47:00+00:00,33,2,10924,204.84,204.84,204.84,204.84,5,MSTR
2025-11-19 10:48:00+00:00,33,2,10924,204.82,204.82,204.5,204.5,237,MSTR
2025-11-19 10:49:00+00:00,33,2,10924,204.53,204.54,204.53,204.54,47,MSTR
2025-11-19 10:51:00+00:00,33,2,10924,204.42,204.42,204.42,204.42,174,MSTR
2025-11-19 10:57:00+00:00,33,2,10924,204.6,204.6,204.6,204.6,13,MSTR
2025-11-19 11:00:00+00:00,33,2,10924,204.63,204.63,204.63,204.63,125,MSTR
2025-11-19 11:01:00+00:00,33,2,10924,204.66,204.66,204.66,204.66,2,MSTR
2025-11-19 11:02:00+00:00,33,2,10924,204.76,204.77,204.76,204.77,38,MSTR
2025-11-19 11:03:00+00:00,33,2,10924,204.82,204.9,204.82,204.88,686,MSTR
2025-11-19 11:04:00+00:00,33,2,10924,204.88,204.9,204.86,204.86,138,MSTR
2025-11-19 11:06:00+00:00,33,2,10924,204.89,204.89,204.89,204.89,30,MSTR
2025-11-19 11:07:00+00:00,33,2,10924,204.9,205.04,204.9,205.04,847,MSTR
2025-11-19 11:08:00+00:00,33,2,10924,205.08,205.35,205.08,205.35,133,MSTR
2025-11-19 11:09:00+00:00,33,2,10924,205.3,205.31,205.3,205.31,34,MSTR
2025-11-19 11:10:00+00:00,33,2,10924,205.29,205.69,205.29,205.69,210,MSTR
2025-11-19 11:11:00+00:00,33,2,10924,205.48,205.61,205.48,205.61,65,MSTR
2025-11-19 11:13:00+00:00,33,2,10924,205.0,205.0,205.0,205.0,28,MSTR
2025-11-19 11:15:00+00:00,33,2,10924,205.37,205.49,205.37,205.45,91,MSTR
2025-11-19 11:16:00+00:00,33,2,10924,205.5,205.55,205.35,205.35,749,MSTR
2025-11-19 11:17:00+00:00,33,2,10924,205.38,205.38,205.33,205.33,120,MSTR
2025-11-19 11:19:00+00:00,33,2,10924,205.33,205.33,205.33,205.33,7,MSTR
2025-11-19 11:20:00+00:00,33,2,10924,205.33,205.33,205.33,205.33,26,MSTR
2025-11-19 11:21:00+00:00,33,2,10924,205.33,205.33,205.33,205.33,6,MSTR
2025-11-19 11:23:00+00:00,33,2,10924,205.27,205.33,205.27,205.33,277,MSTR
2025-11-19 11:24:00+00:00,33,2,10924,205.33,205.33,205.19,205.19,75,MSTR
2025-11-19 11:26:00+00:00,33,2,10924,205.31,205.31,205.31,205.31,15,MSTR
2025-11-19 11:27:00+00:00,33,2,10924,205.33,205.33,205.33,205.33,36,MSTR
2025-11-19 11:28:00+00:00,33,2,10924,205.31,205.31,205.31,205.31,30,MSTR
2025-11-19 11:29:00+00:00,33,2,10924,205.26,205.26,205.12,205.12,61,MSTR
2025-11-19 11:30:00+00:00,33,2,10924,205.18,205.18,205.18,205.18,1,MSTR
2025-11-19 11:31:00+00:00,33,2,10924,205.0,205.05,204.97,204.97,39,MSTR
2025-11-19 11:32:00+00:00,33,2,10924,205.0,205.0,205.0,205.0,100,MSTR
2025-11-19 11:33:00+00:00,33,2,10924,205.07,205.07,205.07,205.07,15,MSTR
2025-11-19 11:35:00+00:00,33,2,10924,205.33,205.33,205.33,205.33,7,MSTR
2025-11-19 11:37:00+00:00,33,2,10924,205.22,205.22,205.22,205.22,49,MSTR
2025-11-19 11:38:00+00:00,33,2,10924,205.15,205.15,205.15,205.15,3,MSTR
2025-11-19 11:40:00+00:00,33,2,10924,205.33,205.33,205.33,205.33,96,MSTR
2025-11-19 11:42:00+00:00,33,2,10924,205.29,205.29,205.29,205.29,9,MSTR
2025-11-19 11:43:00+00:00,33,2,10924,205.31,205.31,205.31,205.31,2,MSTR
2025-11-19 11:44:00+00:00,33,2,10924,205.31,205.46,205.21,205.46,102,MSTR
2025-11-19 11:46:00+00:00,33,2,10924,205.36,205.65,205.34,205.65,1894,MSTR
2025-11-19 11:47:00+00:00,33,2,10924,205.62,205.66,205.62,205.66,19,MSTR
2025-11-19 11:49:00+00:00,33,2,10924,205.48,205.48,205.48,205.48,30,MSTR
2025-11-19 11:50:00+00:00,33,2,10924,205.51,205.51,205.48,205.48,208,MSTR
2025-11-19 11:51:00+00:00,33,2,10924,205.66,205.66,205.33,205.33,132,MSTR
2025-11-19 11:52:00+00:00,33,2,10924,205.4,205.7,205.4,205.7,250,MSTR
2025-11-19 11:54:00+00:00,33,2,10924,205.36,205.36,205.27,205.27,7,MSTR
2025-11-19 11:55:00+00:00,33,2,10924,204.99,205.01,204.99,205.01,921,MSTR
2025-11-19 11:58:00+00:00,33,2,10924,204.56,204.77,204.5,204.77,63,MSTR
2025-11-19 12:00:00+00:00,33,2,10924,204.84,205.4,204.84,205.19,2068,MSTR
2025-11-19 12:01:00+00:00,33,2,10924,205.19,205.34,205.19,205.31,586,MSTR
2025-11-19 12:02:00+00:00,33,2,10924,205.18,205.27,204.93,205.27,1255,MSTR
2025-11-19 12:03:00+00:00,33,2,10924,204.89,204.89,204.82,204.83,81,MSTR
2025-11-19 12:04:00+00:00,33,2,10924,204.99,204.99,204.99,204.99,131,MSTR
2025-11-19 12:07:00+00:00,33,2,10924,205.0,205.0,204.6,204.71,1435,MSTR
2025-11-19 12:08:00+00:00,33,2,10924,205.0,205.0,205.0,205.0,10,MSTR
2025-11-19 12:09:00+00:00,33,2,10924,204.83,204.83,204.72,204.72,29,MSTR
2025-11-19 12:10:00+00:00,33,2,10924,204.5,204.5,204.5,204.5,50,MSTR
2025-11-19 12:11:00+00:00,33,2,10924,204.56,204.56,204.51,204.51,26,MSTR
2025-11-19 12:13:00+00:00,33,2,10924,204.41,204.41,204.41,204.41,10,MSTR
2025-11-19 12:14:00+00:00,33,2,10924,204.67,204.67,204.67,204.67,10,MSTR
2025-11-19 12:16:00+00:00,33,2,10924,204.75,204.75,204.66,204.66,222,MSTR
2025-11-19 12:17:00+00:00,33,2,10924,204.75,204.75,204.6,204.63,252,MSTR
2025-11-19 12:18:00+00:00,33,2,10924,204.63,204.65,204.6,204.6,8,MSTR
2025-11-19 12:19:00+00:00,33,2,10924,204.51,204.51,204.48,204.48,50,MSTR
2025-11-19 12:20:00+00:00,33,2,10924,204.48,204.48,204.19,204.19,25,MSTR
2025-11-19 12:21:00+00:00,33,2,10924,204.2,204.2,204.2,204.2,144,MSTR
2025-11-19 12:22:00+00:00,33,2,10924,204.41,204.6,204.41,204.6,125,MSTR
2025-11-19 12:23:00+00:00,33,2,10924,204.67,204.67,204.5,204.5,100,MSTR
2025-11-19 12:24:00+00:00,33,2,10924,204.41,204.42,204.41,204.42,5,MSTR
2025-11-19 12:25:00+00:00,33,2,10924,204.42,204.42,204.25,204.25,236,MSTR
2025-11-19 12:26:00+00:00,33,2,10924,204.24,204.42,204.24,204.42,98,MSTR
2025-11-19 12:27:00+00:00,33,2,10924,204.42,204.68,204.42,204.68,100,MSTR
2025-11-19 12:28:00+00:00,33,2,10924,204.99,205.1,204.99,205.0,63,MSTR
2025-11-19 12:29:00+00:00,33,2,10924,205.12,205.12,205.12,205.12,5,MSTR
2025-11-19 12:30:00+00:00,33,2,10924,205.15,205.15,205.0,205.0,689,MSTR
2025-11-19 12:31:00+00:00,33,2,10924,205.38,205.38,205.29,205.29,226,MSTR
2025-11-19 12:32:00+00:00,33,2,10924,205.44,205.44,205.44,205.44,33,MSTR
2025-11-19 12:33:00+00:00,33,2,10924,205.27,205.27,205.1,205.23,206,MSTR
2025-11-19 12:34:00+00:00,33,2,10924,205.46,205.75,205.42,205.42,95,MSTR
2025-11-19 12:35:00+00:00,33,2,10924,205.34,205.34,205.34,205.34,6,MSTR
2025-11-19 12:36:00+00:00,33,2,10924,205.27,205.27,205.27,205.27,1,MSTR
2025-11-19 12:37:00+00:00,33,2,10924,205.13,205.13,205.08,205.08,6,MSTR
2025-11-19 12:38:00+00:00,33,2,10924,205.1,205.49,205.1,205.49,22,MSTR
2025-11-19 12:39:00+00:00,33,2,10924,205.31,205.31,205.31,205.31,45,MSTR
2025-11-19 12:40:00+00:00,33,2,10924,205.3,205.3,205.3,205.3,10,MSTR
2025-11-19 12:41:00+00:00,33,2,10924,205.2,205.2,205.1,205.1,22,MSTR
2025-11-19 12:42:00+00:00,33,2,10924,205.28,205.3,205.17,205.17,65,MSTR
2025-11-19 12:43:00+00:00,33,2,10924,205.17,205.17,204.89,204.89,13,MSTR
2025-11-19 12:44:00+00:00,33,2,10924,205.04,205.04,205.04,205.04,9,MSTR
2025-11-19 12:45:00+00:00,33,2,10924,204.9,204.9,204.9,204.9,2,MSTR
2025-11-19 12:46:00+00:00,33,2,10924,205.3,205.3,205.3,205.3,9,MSTR
2025-11-19 12:49:00+00:00,33,2,10924,205.16,205.21,205.16,205.21,22,MSTR
2025-11-19 12:50:00+00:00,33,2,10924,205.18,205.35,205.18,205.35,20,MSTR
2025-11-19 12:51:00+00:00,33,2,10924,205.6,205.87,205.6,205.87,193,MSTR
2025-11-19 12:52:00+00:00,33,2,10924,205.83,205.83,205.46,205.46,114,MSTR
2025-11-19 12:53:00+00:00,33,2,10924,205.28,205.28,205.23,205.25,6,MSTR
2025-11-19 12:55:00+00:00,33,2,10924,205.5,205.5,205.5,205.5,26,MSTR
2025-11-19 12:56:00+00:00,33,2,10924,205.67,205.7,205.67,205.7,690,MSTR
2025-11-19 12:58:00+00:00,33,2,10924,205.98,206.15,205.98,206.15,478,MSTR
2025-11-19 12:59:00+00:00,33,2,10924,205.82,205.83,205.79,205.81,32,MSTR
2025-11-19 13:00:00+00:00,33,2,10924,205.83,205.83,205.83,205.83,3,MSTR
2025-11-19 13:01:00+00:00,33,2,10924,205.56,205.56,205.2,205.2,106,MSTR
2025-11-19 13:02:00+00:00,33,2,10924,205.31,205.31,205.31,205.31,40,MSTR
2025-11-19 13:04:00+00:00,33,2,10924,204.8,204.8,204.8,204.8,50,MSTR
2025-11-19 13:05:00+00:00,33,2,10924,204.77,204.77,204.27,204.27,608,MSTR
2025-11-19 13:06:00+00:00,33,2,10924,204.4,205.15,204.4,205.15,350,MSTR
2025-11-19 13:07:00+00:00,33,2,10924,205.22,205.22,205.22,205.22,173,MSTR
2025-11-19 13:08:00+00:00,33,2,10924,205.21,205.21,205.21,205.21,20,MSTR
2025-11-19 13:09:00+00:00,33,2,10924,205.35,205.35,205.2,205.2,70,MSTR
2025-11-19 13:10:00+00:00,33,2,10924,205.3,205.3,204.95,204.95,179,MSTR
2025-11-19 13:13:00+00:00,33,2,10924,205.0,205.0,205.0,205.0,1,MSTR
2025-11-19 13:14:00+00:00,33,2,10924,205.02,205.02,205.02,205.02,3,MSTR
2025-11-19 13:15:00+00:00,33,2,10924,204.88,204.88,204.88,204.88,100,MSTR
2025-11-19 13:16:00+00:00,33,2,10924,205.25,205.25,205.06,205.09,265,MSTR
2025-11-19 13:18:00+00:00,33,2,10924,205.33,205.33,205.04,205.04,4,MSTR
2025-11-19 13:20:00+00:00,33,2,10924,205.04,205.04,204.91,204.91,102,MSTR
2025-11-19 13:21:00+00:00,33,2,10924,204.85,204.85,204.5,204.5,360,MSTR
2025-11-19 13:22:00+00:00,33,2,10924,204.46,204.46,204.34,204.35,154,MSTR
2025-11-19 13:23:00+00:00,33,2,10924,204.5,204.5,204.5,204.5,100,MSTR
2025-11-19 13:24:00+00:00,33,2,10924,204.63,204.63,204.23,204.23,369,MSTR
2025-11-19 13:25:00+00:00,33,2,10924,204.49,204.49,204.49,204.49,5,MSTR
2025-11-19 13:26:00+00:00,33,2,10924,204.56,204.67,204.32,204.32,141,MSTR
2025-11-19 13:27:00+00:00,33,2,10924,204.75,204.75,204.65,204.65,98,MSTR
2025-11-19 13:28:00+00:00,33,2,10924,204.64,204.64,204.64,204.64,5,MSTR
2025-11-19 13:29:00+00:00,33,2,10924,204.56,204.88,204.51,204.88,414,MSTR
2025-11-19 13:30:00+00:00,33,2,10924,204.77,204.77,204.62,204.62,5,MSTR
2025-11-19 13:31:00+00:00,33,2,10924,204.62,204.72,204.5,204.5,289,MSTR
2025-11-19 13:32:00+00:00,33,2,10924,204.51,204.62,204.4,204.4,241,MSTR
2025-11-19 13:33:00+00:00,33,2,10924,204.4,204.4,204.25,204.28,634,MSTR
2025-11-19 13:34:00+00:00,33,2,10924,204.31,204.31,204.04,204.09,608,MSTR
2025-11-19 13:35:00+00:00,33,2,10924,204.03,204.15,203.81,204.15,341,MSTR
2025-11-19 13:36:00+00:00,33,2,10924,204.1,204.1,203.8,203.8,234,MSTR
2025-11-19 13:37:00+00:00,33,2,10924,203.87,204.0,203.7,203.7,1103,MSTR
2025-11-19 13:38:00+00:00,33,2,10924,203.93,204.15,203.81,203.81,741,MSTR
2025-11-19 13:39:00+00:00,33,2,10924,203.81,203.81,203.31,203.53,243,MSTR
2025-11-19 13:40:00+00:00,33,2,10924,203.33,203.4,203.14,203.31,714,MSTR
2025-11-19 13:41:00+00:00,33,2,10924,203.5,203.74,203.5,203.74,175,MSTR
2025-11-19 13:42:00+00:00,33,2,10924,203.82,203.84,203.7,203.84,174,MSTR
2025-11-19 13:43:00+00:00,33,2,10924,203.79,203.95,203.79,203.95,223,MSTR
2025-11-19 13:44:00+00:00,33,2,10924,204.18,204.22,204.18,204.22,42,MSTR
2025-11-19 13:45:00+00:00,33,2,10924,204.22,204.22,204.22,204.22,59,MSTR
2025-11-19 13:46:00+00:00,33,2,10924,204.01,204.04,204.0,204.04,103,MSTR
2025-11-19 13:47:00+00:00,33,2,10924,204.23,204.23,204.2,204.2,4,MSTR
2025-11-19 13:48:00+00:00,33,2,10924,204.21,204.21,204.21,204.21,60,MSTR
2025-11-19 13:49:00+00:00,33,2,10924,204.1,204.1,204.0,204.0,186,MSTR
2025-11-19 13:50:00+00:00,33,2,10924,204.09,204.09,203.9,204.01,83,MSTR
2025-11-19 13:51:00+00:00,33,2,10924,203.77,203.77,203.5,203.69,451,MSTR
2025-11-19 13:52:00+00:00,33,2,10924,203.76,203.76,203.76,203.76,2,MSTR
2025-11-19 13:53:00+00:00,33,2,10924,203.78,204.3,203.78,204.25,833,MSTR
2025-11-19 13:55:00+00:00,33,2,10924,204.31,204.31,204.13,204.13,89,MSTR
2025-11-19 13:56:00+00:00,33,2,10924,204.31,204.31,204.2,204.31,157,MSTR
2025-11-19 13:57:00+00:00,33,2,10924,204.31,204.31,204.27,204.31,264,MSTR
2025-11-19 13:58:00+00:00,33,2,10924,204.16,204.4,204.16,204.38,108,MSTR
2025-11-19 13:59:00+00:00,33,2,10924,204.48,204.48,204.48,204.48,12,MSTR
2025-11-19 14:00:00+00:00,33,2,10924,204.5,204.5,204.5,204.5,20,MSTR
2025-11-19 14:01:00+00:00,33,2,10924,204.56,204.56,204.56,204.56,50,MSTR
2025-11-19 14:02:00+00:00,33,2,10924,204.34,204.34,204.3,204.3,71,MSTR
2025-11-19 14:03:00+00:00,33,2,10924,204.22,204.22,204.17,204.21,140,MSTR
2025-11-19 14:04:00+00:00,33,2,10924,204.11,204.12,203.95,204.0,1144,MSTR
2025-11-19 14:06:00+00:00,33,2,10924,204.0,204.0,204.0,204.0,25,MSTR
2025-11-19 14:07:00+00:00,33,2,10924,203.62,203.62,203.61,203.61,150,MSTR
2025-11-19 14:09:00+00:00,33,2,10924,203.61,203.61,203.23,203.23,684,MSTR
2025-11-19 14:10:00+00:00,33,2,10924,203.77,203.77,203.49,203.49,81,MSTR
2025-11-19 14:11:00+00:00,33,2,10924,203.69,203.79,203.47,203.68,60,MSTR
2025-11-19 14:12:00+00:00,33,2,10924,203.79,203.79,203.65,203.76,111,MSTR
2025-11-19 14:13:00+00:00,33,2,10924,203.76,204.41,203.76,204.41,182,MSTR
2025-11-19 14:14:00+00:00,33,2,10924,204.2,204.2,204.01,204.16,66,MSTR
2025-11-19 14:15:00+00:00,33,2,10924,204.16,204.16,203.95,204.0,3253,MSTR
2025-11-19 14:16:00+00:00,33,2,10924,203.81,204.0,203.81,204.0,864,MSTR
2025-11-19 14:17:00+00:00,33,2,10924,203.61,203.87,203.61,203.76,244,MSTR
2025-11-19 14:18:00+00:00,33,2,10924,203.77,203.8,203.16,203.19,1798,MSTR
2025-11-19 14:19:00+00:00,33,2,10924,203.22,203.49,203.14,203.17,1946,MSTR
2025-11-19 14:20:00+00:00,33,2,10924,203.17,203.59,203.17,203.55,1266,MSTR
2025-11-19 14:21:00+00:00,33,2,10924,203.36,203.36,203.2,203.27,400,MSTR
2025-11-19 14:22:00+00:00,33,2,10924,203.3,203.52,203.15,203.52,1036,MSTR
2025-11-19 14:23:00+00:00,33,2,10924,203.35,203.41,203.17,203.37,392,MSTR
2025-11-19 14:24:00+00:00,33,2,10924,203.36,203.36,203.14,203.28,798,MSTR
2025-11-19 14:25:00+00:00,33,2,10924,203.14,203.14,202.5,202.5,8423,MSTR
2025-11-19 14:26:00+00:00,33,2,10924,202.66,202.66,202.51,202.61,331,MSTR
2025-11-19 14:27:00+00:00,33,2,10924,202.57,202.7,202.31,202.6,1189,MSTR
2025-11-19 14:28:00+00:00,33,2,10924,202.22,202.52,202.11,202.3,1570,MSTR
2025-11-19 14:29:00+00:00,33,2,10924,202.3,202.43,202.06,202.09,926,MSTR
2025-11-19 14:30:00+00:00,33,2,10924,202.33,203.95,200.8,201.47,119817,MSTR
2025-11-19 14:31:00+00:00,33,2,10924,201.38,201.55,200.34,201.55,16261,MSTR
2025-11-19 14:32:00+00:00,33,2,10924,201.54,202.42,200.99,202.02,8797,MSTR
2025-11-19 14:33:00+00:00,33,2,10924,202.1,202.92,202.07,202.8,10447,MSTR
2025-11-19 14:34:00+00:00,33,2,10924,202.82,203.41,201.61,201.78,19040,MSTR
2025-11-19 14:35:00+00:00,33,2,10924,201.86,202.43,201.0,201.42,13370,MSTR
2025-11-19 14:36:00+00:00,33,2,10924,201.36,201.5,199.77,199.94,28766,MSTR
2025-11-19 14:37:00+00:00,33,2,10924,199.91,200.13,199.0,199.29,40395,MSTR
2025-11-19 14:38:00+00:00,33,2,10924,199.34,199.68,198.55,198.78,11603,MSTR
2025-11-19 14:39:00+00:00,33,2,10924,198.8,199.82,198.73,199.64,11549,MSTR
2025-11-19 14:40:00+00:00,33,2,10924,199.56,199.83,198.8,199.14,17141,MSTR
2025-11-19 14:41:00+00:00,33,2,10924,199.15,199.94,199.0,199.45,12958,MSTR
2025-11-19 14:42:00+00:00,33,2,10924,199.41,199.52,198.36,198.7,11965,MSTR
2025-11-19 14:43:00+00:00,33,2,10924,198.82,199.0,198.35,198.92,20135,MSTR
2025-11-19 14:44:00+00:00,33,2,10924,198.68,199.0,197.95,198.28,19377,MSTR
2025-11-19 14:45:00+00:00,33,2,10924,198.1,199.29,197.99,199.17,21311,MSTR
2025-11-19 14:46:00+00:00,33,2,10924,199.14,199.84,199.0,199.55,13132,MSTR
2025-11-19 14:47:00+00:00,33,2,10924,199.59,200.0,199.42,199.63,12079,MSTR
2025-11-19 14:48:00+00:00,33,2,10924,199.63,200.09,199.4,200.045,13109,MSTR
2025-11-19 14:49:00+00:00,33,2,10924,200.04,200.1,199.64,199.87,13053,MSTR
2025-11-19 14:50:00+00:00,33,2,10924,199.72,199.72,198.65,199.11,12217,MSTR
2025-11-19 14:51:00+00:00,33,2,10924,199.11,199.11,198.5,198.99,7652,MSTR
2025-11-19 14:52:00+00:00,33,2,10924,199.1,199.67,199.1,199.41,7293,MSTR
2025-11-19 14:53:00+00:00,33,2,10924,199.44,199.63,199.27,199.54,3050,MSTR
2025-11-19 14:54:00+00:00,33,2,10924,199.4,199.4,198.25,198.415,6783,MSTR
2025-11-19 14:55:00+00:00,33,2,10924,198.44,198.44,197.1,197.51,34523,MSTR
2025-11-19 14:56:00+00:00,33,2,10924,197.54,198.16,197.52,197.81,5418,MSTR
2025-11-19 14:57:00+00:00,33,2,10924,197.9,198.01,197.4,197.975,8168,MSTR
2025-11-19 14:58:00+00:00,33,2,10924,197.92,198.0,197.3,197.94,11277,MSTR
2025-11-19 14:59:00+00:00,33,2,10924,197.885,199.0,197.885,198.94,11033,MSTR
2025-11-19 15:00:00+00:00,33,2,10924,198.89,198.89,198.21,198.81,11372,MSTR
2025-11-19 15:01:00+00:00,33,2,10924,198.73,198.9,198.2,198.53,9647,MSTR
2025-11-19 15:02:00+00:00,33,2,10924,198.61,199.05,198.39,198.86,11194,MSTR
2025-11-19 15:03:00+00:00,33,2,10924,198.81,198.96,198.25,198.315,9890,MSTR
2025-11-19 15:04:00+00:00,33,2,10924,198.29,198.76,197.95,198.41,19677,MSTR
2025-11-19 15:05:00+00:00,33,2,10924,198.41,198.68,198.08,198.39,12618,MSTR
2025-11-19 15:06:00+00:00,33,2,10924,198.45,198.8,198.4,198.74,9090,MSTR
2025-11-19 15:07:00+00:00,33,2,10924,198.74,199.32,198.6,199.32,13791,MSTR
2025-11-19 15:08:00+00:00,33,2,10924,199.32,199.8,199.28,199.57,11606,MSTR
2025-11-19 15:09:00+00:00,33,2,10924,199.63,200.51,199.63,200.17,29504,MSTR
2025-11-19 15:10:00+00:00,33,2,10924,200.27,200.29,199.5,199.82,17226,MSTR
2025-11-19 15:11:00+00:00,33,2,10924,199.78,200.66,199.75,200.43,8435,MSTR
2025-11-19 15:12:00+00:00,33,2,10924,200.48,200.55,199.96,200.19,5969,MSTR
2025-11-19 15:13:00+00:00,33,2,10924,200.11,200.62,199.85,200.22,4583,MSTR
2025-11-19 15:14:00+00:00,33,2,10924,200.27,200.45,200.06,200.31,6270,MSTR
2025-11-19 15:15:00+00:00,33,2,10924,200.32,200.78,200.32,200.53,8429,MSTR
2025-11-19 15:16:00+00:00,33,2,10924,200.54,200.79,200.0,200.17,11934,MSTR
2025-11-19 15:17:00+00:00,33,2,10924,200.15,200.5,200.09,200.42,4253,MSTR
2025-11-19 15:18:00+00:00,33,2,10924,200.39,200.39,199.38,199.46,8144,MSTR
2025-11-19 15:19:00+00:00,33,2,10924,199.46,199.5,198.92,199.22,6685,MSTR
2025-11-19 15:20:00+00:00,33,2,10924,199.26,199.32,197.46,197.89,18432,MSTR
2025-11-19 15:21:00+00:00,33,2,10924,197.93,198.6,197.91,198.185,41176,MSTR
2025-11-19 15:22:00+00:00,33,2,10924,198.16,198.16,197.19,197.3,6322,MSTR
2025-11-19 15:23:00+00:00,33,2,10924,197.31,197.36,196.74,197.28,19246,MSTR
2025-11-19 15:24:00+00:00,33,2,10924,197.21,198.09,197.19,197.55,10107,MSTR
2025-11-19 15:25:00+00:00,33,2,10924,197.54,197.65,196.07,196.07,8754,MSTR
2025-11-19 15:26:00+00:00,33,2,10924,196.06,196.5,195.9,196.29,14435,MSTR
2025-11-19 15:27:00+00:00,33,2,10924,196.295,196.86,196.11,196.8,13936,MSTR
2025-11-19 15:28:00+00:00,33,2,10924,196.77,196.83,196.15,196.18,9143,MSTR
2025-11-19 15:29:00+00:00,33,2,10924,196.12,196.4,195.74,195.84,11427,MSTR
2025-11-19 15:30:00+00:00,33,2,10924,195.86,195.86,195.13,195.6,11391,MSTR
2025-11-19 15:31:00+00:00,33,2,10924,195.555,195.64,195.27,195.38,13935,MSTR
2025-11-19 15:32:00+00:00,33,2,10924,195.39,195.62,194.87,195.25,22876,MSTR
2025-11-19 15:33:00+00:00,33,2,10924,195.25,195.37,194.6,194.8,10922,MSTR
2025-11-19 15:34:00+00:00,33,2,10924,194.75,194.77,193.5,193.55,18063,MSTR
2025-11-19 15:35:00+00:00,33,2,10924,193.62,193.935,193.2,193.76,20841,MSTR
2025-11-19 15:36:00+00:00,33,2,10924,193.77,194.46,193.77,194.17,23392,MSTR
2025-11-19 15:37:00+00:00,33,2,10924,194.085,194.46,193.67,193.82,12121,MSTR
2025-11-19 15:38:00+00:00,33,2,10924,193.77,193.84,193.48,193.595,6852,MSTR
2025-11-19 15:39:00+00:00,33,2,10924,193.6,193.835,193.19,193.46,12852,MSTR
2025-11-19 15:40:00+00:00,33,2,10924,193.46,194.27,193.33,193.535,11120,MSTR
2025-11-19 15:41:00+00:00,33,2,10924,193.44,193.8,193.13,193.31,11967,MSTR
2025-11-19 15:42:00+00:00,33,2,10924,193.2,193.47,192.88,193.12,11373,MSTR
2025-11-19 15:43:00+00:00,33,2,10924,193.13,193.825,193.07,193.68,12792,MSTR
2025-11-19 15:44:00+00:00,33,2,10924,193.61,194.0,193.35,193.57,8515,MSTR
2025-11-19 15:45:00+00:00,33,2,10924,193.47,193.47,192.2,192.57,15281,MSTR
2025-11-19 15:46:00+00:00,33,2,10924,192.56,192.57,192.08,192.4,12116,MSTR
2025-11-19 15:47:00+00:00,33,2,10924,192.4,193.26,192.4,193.125,9390,MSTR
2025-11-19 15:48:00+00:00,33,2,10924,193.08,193.1,192.65,192.95,9728,MSTR
2025-11-19 15:49:00+00:00,33,2,10924,192.99,193.02,192.68,192.795,4465,MSTR
2025-11-19 15:50:00+00:00,33,2,10924,192.72,192.9,192.35,192.46,5655,MSTR
2025-11-19 15:51:00+00:00,33,2,10924,192.4,192.59,191.6,191.91,18094,MSTR
2025-11-19 15:52:00+00:00,33,2,10924,191.82,191.96,191.54,191.71,10033,MSTR
2025-11-19 15:53:00+00:00,33,2,10924,191.68,191.96,191.38,191.88,10796,MSTR
2025-11-19 15:54:00+00:00,33,2,10924,191.88,192.54,191.8,192.24,14571,MSTR
2025-11-19 15:55:00+00:00,33,2,10924,192.21,192.25,190.6,190.88,19358,MSTR
2025-11-19 15:56:00+00:00,33,2,10924,190.83,191.03,190.44,190.73,10361,MSTR
2025-11-19 15:57:00+00:00,33,2,10924,190.65,190.75,189.75,190.1,43359,MSTR
2025-11-19 15:58:00+00:00,33,2,10924,190.06,190.24,189.8,189.84,21023,MSTR
2025-11-19 15:59:00+00:00,33,2,10924,189.8,190.06,189.7,189.99,27937,MSTR
2025-11-19 16:00:00+00:00,33,2,10924,189.92,190.07,189.4,189.99,28721,MSTR
2025-11-19 16:01:00+00:00,33,2,10924,190.0,190.61,190.0,190.5,32863,MSTR
2025-11-19 16:02:00+00:00,33,2,10924,190.43,190.99,190.26,190.67,10782,MSTR
2025-11-19 16:03:00+00:00,33,2,10924,190.69,190.82,190.22,190.7,8564,MSTR
2025-11-19 16:04:00+00:00,33,2,10924,190.68,191.11,190.45,190.54,14908,MSTR
2025-11-19 16:05:00+00:00,33,2,10924,190.54,190.55,190.04,190.05,10143,MSTR
2025-11-19 16:06:00+00:00,33,2,10924,190.02,190.38,189.59,190.38,24015,MSTR
2025-11-19 16:07:00+00:00,33,2,10924,190.4,191.5,190.335,191.31,34677,MSTR
2025-11-19 16:08:00+00:00,33,2,10924,191.35,191.44,190.36,190.66,8829,MSTR
2025-11-19 16:09:00+00:00,33,2,10924,190.64,191.03,190.31,190.44,7772,MSTR
2025-11-19 16:10:00+00:00,33,2,10924,190.33,190.37,189.0,189.15,21131,MSTR
2025-11-19 16:11:00+00:00,33,2,10924,189.19,189.69,188.85,189.46,16924,MSTR
2025-11-19 16:12:00+00:00,33,2,10924,189.465,189.465,188.84,189.13,9489,MSTR
2025-11-19 16:13:00+00:00,33,2,10924,189.13,189.31,188.65,189.0,12780,MSTR
2025-11-19 16:14:00+00:00,33,2,10924,188.925,189.45,188.85,189.44,25851,MSTR
2025-11-19 16:15:00+00:00,33,2,10924,189.4,189.67,189.0,189.1,9413,MSTR
2025-11-19 16:16:00+00:00,33,2,10924,189.06,189.085,188.28,188.64,15582,MSTR
2025-11-19 16:17:00+00:00,33,2,10924,188.59,188.99,188.24,188.73,22152,MSTR
2025-11-19 16:18:00+00:00,33,2,10924,188.67,189.09,188.36,188.36,9066,MSTR
2025-11-19 16:19:00+00:00,33,2,10924,188.35,188.35,187.46,187.545,28596,MSTR
2025-11-19 16:20:00+00:00,33,2,10924,187.53,188.05,187.47,187.79,10278,MSTR
2025-11-19 16:21:00+00:00,33,2,10924,187.83,189.01,187.81,188.95,14619,MSTR
2025-11-19 16:22:00+00:00,33,2,10924,188.97,189.11,188.69,188.98,12697,MSTR
2025-11-19 16:23:00+00:00,33,2,10924,189.0,189.06,188.31,188.7,23375,MSTR
2025-11-19 16:24:00+00:00,33,2,10924,188.69,188.77,188.04,188.185,9799,MSTR
2025-11-19 16:25:00+00:00,33,2,10924,188.13,188.13,187.38,187.38,10752,MSTR
2025-11-19 16:26:00+00:00,33,2,10924,187.38,187.64,187.06,187.615,17156,MSTR
2025-11-19 16:27:00+00:00,33,2,10924,187.66,188.44,187.47,188.21,13388,MSTR
2025-11-19 16:28:00+00:00,33,2,10924,188.14,188.64,188.02,188.54,6470,MSTR
2025-11-19 16:29:00+00:00,33,2,10924,188.52,188.54,187.91,188.48,16770,MSTR
2025-11-19 16:30:00+00:00,33,2,10924,188.46,189.11,188.28,189.11,12288,MSTR
2025-11-19 16:31:00+00:00,33,2,10924,189.11,189.15,188.5,188.7,12329,MSTR
2025-11-19 16:32:00+00:00,33,2,10924,188.68,188.8,187.8,187.97,27695,MSTR
2025-11-19 16:33:00+00:00,33,2,10924,187.95,188.11,187.24,187.33,13240,MSTR
2025-11-19 16:34:00+00:00,33,2,10924,187.39,187.74,187.38,187.54,11957,MSTR
2025-11-19 16:35:00+00:00,33,2,10924,187.55,187.61,186.8,186.82,16679,MSTR
2025-11-19 16:36:00+00:00,33,2,10924,186.9,187.1,186.13,186.55,39536,MSTR
2025-11-19 16:37:00+00:00,33,2,10924,186.44,187.29,186.4,187.18,15182,MSTR
2025-11-19 16:38:00+00:00,33,2,10924,187.12,187.31,186.61,186.8,7977,MSTR
2025-11-19 16:39:00+00:00,33,2,10924,186.8,187.5,186.61,186.75,17760,MSTR
2025-11-19 16:40:00+00:00,33,2,10924,186.74,186.86,186.39,186.39,14556,MSTR
2025-11-19 16:41:00+00:00,33,2,10924,186.48,187.44,186.47,187.4,16387,MSTR
2025-11-19 16:42:00+00:00,33,2,10924,187.41,188.09,187.41,187.8,16089,MSTR
2025-11-19 16:43:00+00:00,33,2,10924,187.85,187.96,187.23,187.96,13594,MSTR
2025-11-19 16:44:00+00:00,33,2,10924,187.96,188.44,187.42,187.47,20540,MSTR
2025-11-19 16:45:00+00:00,33,2,10924,187.525,188.32,187.32,188.0,14414,MSTR
2025-11-19 16:46:00+00:00,33,2,10924,188.12,189.13,188.12,189.04,18136,MSTR
2025-11-19 16:47:00+00:00,33,2,10924,189.04,189.09,188.5,188.64,9423,MSTR
2025-11-19 16:48:00+00:00,33,2,10924,188.54,188.58,187.71,187.87,7167,MSTR
2025-11-19 16:49:00+00:00,33,2,10924,187.85,187.95,187.53,187.605,8816,MSTR
2025-11-19 16:50:00+00:00,33,2,10924,187.55,187.92,187.37,187.76,16070,MSTR
2025-11-19 16:51:00+00:00,33,2,10924,187.82,188.38,187.82,188.35,9722,MSTR
2025-11-19 16:52:00+00:00,33,2,10924,188.3,189.05,187.97,188.9,13882,MSTR
2025-11-19 16:53:00+00:00,33,2,10924,188.98,189.615,188.85,189.52,9827,MSTR
2025-11-19 16:54:00+00:00,33,2,10924,189.48,189.52,188.94,189.05,8199,MSTR
2025-11-19 16:55:00+00:00,33,2,10924,189.03,189.05,188.33,188.7,5433,MSTR
2025-11-19 16:56:00+00:00,33,2,10924,188.76,189.34,188.76,188.9,6996,MSTR
2025-11-19 16:57:00+00:00,33,2,10924,188.88,189.6,188.66,189.54,6701,MSTR
2025-11-19 16:58:00+00:00,33,2,10924,189.52,189.54,188.75,189.02,5438,MSTR
2025-11-19 16:59:00+00:00,33,2,10924,189.01,189.64,189.0,189.51,4640,MSTR
2025-11-19 17:00:00+00:00,33,2,10924,189.47,189.85,189.33,189.77,11809,MSTR
2025-11-19 17:01:00+00:00,33,2,10924,189.72,190.4,189.49,190.07,21003,MSTR
2025-11-19 17:02:00+00:00,33,2,10924,190.02,190.11,189.3,189.58,12395,MSTR
2025-11-19 17:03:00+00:00,33,2,10924,189.59,190.3,189.4,189.52,11736,MSTR
2025-11-19 17:04:00+00:00,33,2,10924,189.48,189.48,188.97,189.1,9201,MSTR
2025-11-19 17:05:00+00:00,33,2,10924,189.14,189.46,188.75,189.14,7559,MSTR
2025-11-19 17:06:00+00:00,33,2,10924,189.08,189.31,188.55,189.13,11195,MSTR
2025-11-19 17:07:00+00:00,33,2,10924,189.19,189.21,188.58,188.75,3840,MSTR
2025-11-19 17:08:00+00:00,33,2,10924,188.75,188.94,188.48,188.6,4325,MSTR
2025-11-19 17:09:00+00:00,33,2,10924,188.64,188.85,188.1,188.15,8735,MSTR
2025-11-19 17:10:00+00:00,33,2,10924,188.11,188.11,187.61,187.97,13618,MSTR
2025-11-19 17:11:00+00:00,33,2,10924,187.91,188.05,187.52,187.87,9978,MSTR
2025-11-19 17:12:00+00:00,33,2,10924,187.87,187.93,187.3,187.39,10203,MSTR
2025-11-19 17:13:00+00:00,33,2,10924,187.33,187.4,186.94,187.11,14884,MSTR
2025-11-19 17:14:00+00:00,33,2,10924,187.08,187.25,186.77,187.07,7291,MSTR
2025-11-19 17:15:00+00:00,33,2,10924,187.03,187.27,186.86,187.02,8464,MSTR
2025-11-19 17:16:00+00:00,33,2,10924,186.98,187.03,186.65,186.785,7655,MSTR
2025-11-19 17:17:00+00:00,33,2,10924,186.84,187.05,186.5,186.56,13579,MSTR
2025-11-19 17:18:00+00:00,33,2,10924,186.61,187.2,186.61,187.01,10653,MSTR
2025-11-19 17:19:00+00:00,33,2,10924,187.07,187.14,186.57,186.83,6754,MSTR
2025-11-19 17:20:00+00:00,33,2,10924,186.85,186.96,186.55,186.63,7598,MSTR
2025-11-19 17:21:00+00:00,33,2,10924,186.66,187.0,186.615,186.72,9987,MSTR
2025-11-19 17:22:00+00:00,33,2,10924,186.73,186.9,186.32,186.52,9033,MSTR
2025-11-19 17:23:00+00:00,33,2,10924,186.57,187.15,186.57,186.93,13810,MSTR
2025-11-19 17:24:00+00:00,33,2,10924,186.89,187.14,186.71,186.98,11324,MSTR
2025-11-19 17:25:00+00:00,33,2,10924,186.96,187.0,186.13,186.62,9915,MSTR
2025-11-19 17:26:00+00:00,33,2,10924,186.62,186.85,186.3,186.31,10549,MSTR
2025-11-19 17:27:00+00:00,33,2,10924,186.4,186.58,186.14,186.42,11002,MSTR
2025-11-19 17:28:00+00:00,33,2,10924,186.45,187.21,186.45,187.16,14019,MSTR
2025-11-19 17:29:00+00:00,33,2,10924,187.15,187.17,186.92,187.03,5411,MSTR
2025-11-19 17:30:00+00:00,33,2,10924,187.02,187.02,186.35,186.72,10660,MSTR
2025-11-19 17:31:00+00:00,33,2,10924,186.73,186.79,186.0,186.26,15597,MSTR
2025-11-19 17:32:00+00:00,33,2,10924,186.35,186.62,185.77,185.91,15130,MSTR
2025-11-19 17:33:00+00:00,33,2,10924,185.95,186.16,185.26,185.5,18683,MSTR
2025-11-19 17:34:00+00:00,33,2,10924,185.36,185.36,184.84,184.9,38093,MSTR
2025-11-19 17:35:00+00:00,33,2,10924,184.93,184.94,184.555,184.63,20613,MSTR
2025-11-19 17:36:00+00:00,33,2,10924,184.62,184.63,184.08,184.25,16537,MSTR
2025-11-19 17:37:00+00:00,33,2,10924,184.25,184.63,184.19,184.34,9553,MSTR
2025-11-19 17:38:00+00:00,33,2,10924,184.36,185.0,184.23,184.905,17137,MSTR
2025-11-19 17:39:00+00:00,33,2,10924,184.905,184.92,184.51,184.72,7403,MSTR
2025-11-19 17:40:00+00:00,33,2,10924,184.68,184.74,184.3,184.64,5717,MSTR
2025-11-19 17:41:00+00:00,33,2,10924,184.575,185.27,184.33,185.24,10743,MSTR
2025-11-19 17:42:00+00:00,33,2,10924,185.24,186.5,185.24,186.34,22396,MSTR
2025-11-19 17:43:00+00:00,33,2,10924,186.27,186.75,186.18,186.195,11957,MSTR
2025-11-19 17:44:00+00:00,33,2,10924,186.17,186.25,185.11,185.16,10659,MSTR
2025-11-19 17:45:00+00:00,33,2,10924,185.16,185.57,184.4,184.51,17106,MSTR
2025-11-19 17:46:00+00:00,33,2,10924,184.51,184.97,184.13,184.55,11422,MSTR
2025-11-19 17:47:00+00:00,33,2,10924,184.56,185.28,184.52,185.19,12362,MSTR
2025-11-19 17:48:00+00:00,33,2,10924,185.17,185.17,184.62,184.715,7275,MSTR
2025-11-19 17:49:00+00:00,33,2,10924,184.76,185.42,184.76,185.19,6741,MSTR
2025-11-19 17:50:00+00:00,33,2,10924,185.15,185.28,185.02,185.08,12112,MSTR
2025-11-19 17:51:00+00:00,33,2,10924,185.09,185.74,185.05,185.49,10386,MSTR
2025-11-19 17:52:00+00:00,33,2,10924,185.52,185.87,185.5,185.78,10655,MSTR
2025-11-19 17:53:00+00:00,33,2,10924,185.8,186.1,185.5,185.59,6801,MSTR
2025-11-19 17:54:00+00:00,33,2,10924,185.575,185.88,185.3,185.53,7866,MSTR
2025-11-19 17:55:00+00:00,33,2,10924,185.57,186.01,185.55,185.77,5974,MSTR
2025-11-19 17:56:00+00:00,33,2,10924,185.77,185.89,185.29,185.44,6079,MSTR
2025-11-19 17:57:00+00:00,33,2,10924,185.47,186.18,185.47,185.67,5210,MSTR
2025-11-19 17:58:00+00:00,33,2,10924,185.67,186.06,185.16,186.04,16021,MSTR
2025-11-19 17:59:00+00:00,33,2,10924,186.03,186.58,186.03,186.42,12983,MSTR
2025-11-19 18:00:00+00:00,33,2,10924,186.38,186.75,186.03,186.64,8335,MSTR
2025-11-19 18:01:00+00:00,33,2,10924,186.66,186.66,185.74,185.8,7007,MSTR
2025-11-19 18:02:00+00:00,33,2,10924,185.81,185.97,185.43,185.87,6519,MSTR
2025-11-19 18:03:00+00:00,33,2,10924,185.85,185.86,185.52,185.75,8682,MSTR
2025-11-19 18:04:00+00:00,33,2,10924,185.77,186.05,185.53,185.89,13241,MSTR
2025-11-19 18:05:00+00:00,33,2,10924,185.87,185.9,185.25,185.48,12936,MSTR
2025-11-19 18:06:00+00:00,33,2,10924,185.39,185.91,185.39,185.77,9249,MSTR
2025-11-19 18:07:00+00:00,33,2,10924,185.805,185.805,185.1,185.51,9556,MSTR
2025-11-19 18:08:00+00:00,33,2,10924,185.4,185.9,185.37,185.715,5329,MSTR
2025-11-19 18:09:00+00:00,33,2,10924,185.7,185.83,185.34,185.78,5010,MSTR
2025-11-19 18:10:00+00:00,33,2,10924,185.75,186.13,185.52,185.71,12233,MSTR
2025-11-19 18:11:00+00:00,33,2,10924,185.715,186.13,185.6,185.94,5367,MSTR
2025-11-19 18:12:00+00:00,33,2,10924,185.86,185.9,185.45,185.8,6536,MSTR
2025-11-19 18:13:00+00:00,33,2,10924,185.8,186.09,185.6,185.945,7193,MSTR
2025-11-19 18:14:00+00:00,33,2,10924,185.9,186.01,185.62,185.71,8679,MSTR
2025-11-19 18:15:00+00:00,33,2,10924,185.74,185.85,185.19,185.25,12613,MSTR
2025-11-19 18:16:00+00:00,33,2,10924,185.285,185.41,184.8,184.81,11240,MSTR
2025-11-19 18:17:00+00:00,33,2,10924,184.835,185.05,184.62,184.87,12367,MSTR
2025-11-19 18:18:00+00:00,33,2,10924,184.87,184.9,184.5,184.52,10219,MSTR
2025-11-19 18:19:00+00:00,33,2,10924,184.54,184.69,184.12,184.34,14286,MSTR
2025-11-19 18:20:00+00:00,33,2,10924,184.41,184.81,184.08,184.38,9943,MSTR
2025-11-19 18:21:00+00:00,33,2,10924,184.38,185.0,184.38,184.88,15171,MSTR
2025-11-19 18:22:00+00:00,33,2,10924,184.91,184.96,184.76,184.77,16425,MSTR
2025-11-19 18:23:00+00:00,33,2,10924,184.8,184.84,184.18,184.18,10773,MSTR
2025-11-19 18:24:00+00:00,33,2,10924,184.18,184.26,183.64,183.81,18477,MSTR
2025-11-19 18:25:00+00:00,33,2,10924,183.81,183.81,183.25,183.3,18195,MSTR
2025-11-19 18:26:00+00:00,33,2,10924,183.3,183.33,183.0,183.15,20463,MSTR
2025-11-19 18:27:00+00:00,33,2,10924,183.18,183.3,183.0,183.01,23631,MSTR
2025-11-19 18:28:00+00:00,33,2,10924,183.01,183.31,182.82,183.0,12806,MSTR
2025-11-19 18:29:00+00:00,33,2,10924,182.97,183.05,182.51,182.86,20820,MSTR
2025-11-19 18:30:00+00:00,33,2,10924,182.81,183.03,182.62,182.71,15831,MSTR
2025-11-19 18:31:00+00:00,33,2,10924,182.65,182.65,181.95,182.295,27352,MSTR
2025-11-19 18:32:00+00:00,33,2,10924,182.25,182.4,181.9,181.9,11779,MSTR
2025-11-19 18:33:00+00:00,33,2,10924,181.91,182.34,181.71,182.34,22805,MSTR
2025-11-19 18:34:00+00:00,33,2,10924,182.33,182.9,182.32,182.83,25659,MSTR
2025-11-19 18:35:00+00:00,33,2,10924,182.83,182.83,182.26,182.57,38724,MSTR
2025-11-19 18:36:00+00:00,33,2,10924,182.57,183.17,182.24,183.02,12721,MSTR
2025-11-19 18:37:00+00:00,33,2,10924,182.98,184.2,182.68,184.0,15006,MSTR
2025-11-19 18:38:00+00:00,33,2,10924,184.0,184.87,184.0,184.75,15410,MSTR
2025-11-19 18:39:00+00:00,33,2,10924,184.78,184.99,184.14,184.23,10766,MSTR
2025-11-19 18:40:00+00:00,33,2,10924,184.23,184.67,184.0,184.11,12039,MSTR
2025-11-19 18:41:00+00:00,33,2,10924,184.08,184.14,183.29,183.37,10270,MSTR
2025-11-19 18:42:00+00:00,33,2,10924,183.36,183.62,183.0,183.13,8615,MSTR
2025-11-19 18:43:00+00:00,33,2,10924,183.03,183.03,182.56,182.74,5998,MSTR
2025-11-19 18:44:00+00:00,33,2,10924,182.735,183.05,182.32,182.71,17999,MSTR
2025-11-19 18:45:00+00:00,33,2,10924,182.74,182.74,182.33,182.54,12147,MSTR
2025-11-19 18:46:00+00:00,33,2,10924,182.53,182.73,182.31,182.37,8265,MSTR
2025-11-19 18:47:00+00:00,33,2,10924,182.37,182.82,182.37,182.8,7512,MSTR
2025-11-19 18:48:00+00:00,33,2,10924,182.84,183.12,182.74,182.855,8445,MSTR
2025-11-19 18:49:00+00:00,33,2,10924,182.855,183.3,182.68,183.22,8051,MSTR
2025-11-19 18:50:00+00:00,33,2,10924,183.23,184.14,183.22,184.01,7170,MSTR
2025-11-19 18:51:00+00:00,33,2,10924,184.015,184.72,183.91,184.52,9200,MSTR
2025-11-19 18:52:00+00:00,33,2,10924,184.52,184.98,184.31,184.62,25578,MSTR
2025-11-19 18:53:00+00:00,33,2,10924,184.63,184.86,184.3,184.3,11201,MSTR
2025-11-19 18:54:00+00:00,33,2,10924,184.345,184.895,184.345,184.785,5786,MSTR
2025-11-19 18:55:00+00:00,33,2,10924,184.7,184.85,184.33,184.77,12597,MSTR
2025-11-19 18:56:00+00:00,33,2,10924,184.71,185.38,184.66,185.3,11494,MSTR
2025-11-19 18:57:00+00:00,33,2,10924,185.33,185.38,184.98,185.04,9288,MSTR
2025-11-19 18:58:00+00:00,33,2,10924,185.06,185.09,184.76,185.02,6057,MSTR
2025-11-19 18:59:00+00:00,33,2,10924,185.01,185.05,184.68,184.9,8075,MSTR
2025-11-19 19:00:00+00:00,33,2,10924,184.97,185.26,184.34,184.78,14116,MSTR
2025-11-19 19:01:00+00:00,33,2,10924,184.73,184.94,184.51,184.63,6725,MSTR
2025-11-19 19:02:00+00:00,33,2,10924,184.71,184.74,184.13,184.15,11698,MSTR
2025-11-19 19:03:00+00:00,33,2,10924,184.16,185.12,184.16,185.05,11858,MSTR
2025-11-19 19:04:00+00:00,33,2,10924,185.03,185.22,184.665,185.07,11441,MSTR
2025-11-19 19:05:00+00:00,33,2,10924,185.06,185.38,184.885,185.31,12663,MSTR
2025-11-19 19:06:00+00:00,33,2,10924,185.335,185.335,184.85,185.03,8476,MSTR
2025-11-19 19:07:00+00:00,33,2,10924,185.02,185.09,184.63,184.84,9062,MSTR
2025-11-19 19:08:00+00:00,33,2,10924,184.82,185.37,184.72,185.37,8908,MSTR
2025-11-19 19:09:00+00:00,33,2,10924,185.35,185.47,185.08,185.18,8000,MSTR
2025-11-19 19:10:00+00:00,33,2,10924,185.11,185.12,184.55,184.91,13478,MSTR
2025-11-19 19:11:00+00:00,33,2,10924,184.96,185.08,184.72,184.97,5252,MSTR
2025-11-19 19:12:00+00:00,33,2,10924,184.91,184.99,184.5,184.65,6157,MSTR
2025-11-19 19:13:00+00:00,33,2,10924,184.71,185.0,184.65,185.0,5919,MSTR
2025-11-19 19:14:00+00:00,33,2,10924,185.02,185.42,185.0,185.36,6976,MSTR
2025-11-19 19:15:00+00:00,33,2,10924,185.315,185.45,184.9,185.01,8729,MSTR
2025-11-19 19:16:00+00:00,33,2,10924,185.04,185.28,185.0,185.2,6521,MSTR
2025-11-19 19:17:00+00:00,33,2,10924,185.21,185.21,184.73,185.11,13783,MSTR
2025-11-19 19:18:00+00:00,33,2,10924,185.1,185.35,185.09,185.21,6408,MSTR
2025-11-19 19:19:00+00:00,33,2,10924,185.19,185.49,184.85,185.28,8161,MSTR
2025-11-19 19:20:00+00:00,33,2,10924,185.27,185.35,184.98,185.33,5289,MSTR
2025-11-19 19:21:00+00:00,33,2,10924,185.38,185.49,185.1,185.1,6616,MSTR
2025-11-19 19:22:00+00:00,33,2,10924,185.1,185.23,184.805,185.14,8528,MSTR
2025-11-19 19:23:00+00:00,33,2,10924,185.14,185.36,184.895,184.9,7458,MSTR
2025-11-19 19:24:00+00:00,33,2,10924,184.96,185.35,184.94,185.045,4432,MSTR
2025-11-19 19:25:00+00:00,33,2,10924,185.0,185.32,184.93,185.05,6931,MSTR
2025-11-19 19:26:00+00:00,33,2,10924,185.05,185.09,184.33,184.86,16873,MSTR
2025-11-19 19:27:00+00:00,33,2,10924,184.86,185.63,184.79,185.14,9775,MSTR
2025-11-19 19:28:00+00:00,33,2,10924,185.14,185.37,185.05,185.06,6611,MSTR
2025-11-19 19:29:00+00:00,33,2,10924,185.12,185.19,184.94,185.04,7697,MSTR
2025-11-19 19:30:00+00:00,33,2,10924,185.0,185.47,184.89,185.45,7463,MSTR
2025-11-19 19:31:00+00:00,33,2,10924,185.42,185.42,184.21,184.33,7578,MSTR
2025-11-19 19:32:00+00:00,33,2,10924,184.32,184.45,183.91,184.0,10446,MSTR
2025-11-19 19:33:00+00:00,33,2,10924,184.01,184.29,183.815,184.13,16349,MSTR
2025-11-19 19:34:00+00:00,33,2,10924,184.18,184.4,184.17,184.36,5931,MSTR
2025-11-19 19:35:00+00:00,33,2,10924,184.35,184.75,184.23,184.64,8779,MSTR
2025-11-19 19:36:00+00:00,33,2,10924,184.64,184.665,184.31,184.52,5311,MSTR
2025-11-19 19:37:00+00:00,33,2,10924,184.44,184.44,184.14,184.14,7460,MSTR
2025-11-19 19:38:00+00:00,33,2,10924,184.14,184.15,183.86,183.975,5063,MSTR
2025-11-19 19:39:00+00:00,33,2,10924,183.98,184.15,183.61,183.61,4323,MSTR
2025-11-19 19:40:00+00:00,33,2,10924,183.61,184.18,183.31,184.15,13682,MSTR
2025-11-19 19:41:00+00:00,33,2,10924,184.11,184.66,184.0,184.66,10919,MSTR
2025-11-19 19:42:00+00:00,33,2,10924,184.59,184.66,184.22,184.35,3171,MSTR
2025-11-19 19:43:00+00:00,33,2,10924,184.38,184.58,183.77,184.2,6218,MSTR
2025-11-19 19:44:00+00:00,33,2,10924,184.19,184.81,184.0,184.785,9706,MSTR
2025-11-19 19:45:00+00:00,33,2,10924,184.785,185.3,184.785,185.2,7570,MSTR
2025-11-19 19:46:00+00:00,33,2,10924,185.16,185.16,184.8,184.9,6147,MSTR
2025-11-19 19:47:00+00:00,33,2,10924,184.87,185.1,184.55,184.81,11160,MSTR
2025-11-19 19:48:00+00:00,33,2,10924,184.79,184.98,184.58,184.85,14252,MSTR
2025-11-19 19:49:00+00:00,33,2,10924,184.84,185.35,184.84,185.24,8341,MSTR
2025-11-19 19:50:00+00:00,33,2,10924,185.34,185.34,185.03,185.03,5871,MSTR
2025-11-19 19:51:00+00:00,33,2,10924,185.05,185.35,185.0,185.24,7414,MSTR
2025-11-19 19:52:00+00:00,33,2,10924,185.11,185.82,185.02,185.39,7781,MSTR
2025-11-19 19:53:00+00:00,33,2,10924,185.38,186.045,185.38,185.96,9862,MSTR
2025-11-19 19:54:00+00:00,33,2,10924,185.92,186.52,185.85,186.21,11541,MSTR
2025-11-19 19:55:00+00:00,33,2,10924,186.27,186.6,186.12,186.245,10225,MSTR
2025-11-19 19:56:00+00:00,33,2,10924,186.23,186.24,185.46,185.59,9259,MSTR
2025-11-19 19:57:00+00:00,33,2,10924,185.6,185.63,184.8,184.86,9727,MSTR
2025-11-19 19:58:00+00:00,33,2,10924,184.87,184.96,184.51,184.64,7976,MSTR
2025-11-19 19:59:00+00:00,33,2,10924,184.62,185.3,184.55,185.29,6907,MSTR
2025-11-19 20:00:00+00:00,33,2,10924,185.29,185.88,185.09,185.44,8930,MSTR
2025-11-19 20:01:00+00:00,33,2,10924,185.44,185.55,185.21,185.49,6446,MSTR
2025-11-19 20:02:00+00:00,33,2,10924,185.49,185.6,185.25,185.41,4812,MSTR
2025-11-19 20:03:00+00:00,33,2,10924,185.37,185.4,185.01,185.01,3635,MSTR
2025-11-19 20:04:00+00:00,33,2,10924,185.01,185.12,184.93,184.93,4881,MSTR
2025-11-19 20:05:00+00:00,33,2,10924,184.93,185.0,184.76,184.85,5424,MSTR
2025-11-19 20:06:00+00:00,33,2,10924,184.89,185.15,184.85,185.01,5066,MSTR
2025-11-19 20:07:00+00:00,33,2,10924,185.01,185.05,184.27,184.38,8105,MSTR
2025-11-19 20:08:00+00:00,33,2,10924,184.37,184.43,184.02,184.03,6584,MSTR
2025-11-19 20:09:00+00:00,33,2,10924,184.01,184.02,183.6,183.635,9777,MSTR
2025-11-19 20:10:00+00:00,33,2,10924,183.61,183.72,183.32,183.32,10496,MSTR
2025-11-19 20:11:00+00:00,33,2,10924,183.33,183.62,183.33,183.51,11653,MSTR
2025-11-19 20:12:00+00:00,33,2,10924,183.52,183.66,183.18,183.26,11734,MSTR
2025-11-19 20:13:00+00:00,33,2,10924,183.24,183.48,183.03,183.48,14630,MSTR
2025-11-19 20:14:00+00:00,33,2,10924,183.5,183.51,183.13,183.23,8887,MSTR
2025-11-19 20:15:00+00:00,33,2,10924,183.24,183.47,183.07,183.12,11033,MSTR
2025-11-19 20:16:00+00:00,33,2,10924,183.13,183.53,183.12,183.5,14354,MSTR
2025-11-19 20:17:00+00:00,33,2,10924,183.49,183.55,182.67,182.84,19522,MSTR
2025-11-19 20:18:00+00:00,33,2,10924,182.83,183.15,182.69,183.06,10225,MSTR
2025-11-19 20:19:00+00:00,33,2,10924,183.05,183.53,183.05,183.31,11489,MSTR
2025-11-19 20:20:00+00:00,33,2,10924,183.31,184.0,183.31,183.9,21443,MSTR
2025-11-19 20:21:00+00:00,33,2,10924,183.9,184.32,183.44,183.61,13172,MSTR
2025-11-19 20:22:00+00:00,33,2,10924,183.745,184.28,183.73,184.01,10532,MSTR
2025-11-19 20:23:00+00:00,33,2,10924,184.01,184.15,183.08,183.36,10555,MSTR
2025-11-19 20:24:00+00:00,33,2,10924,183.16,183.89,183.02,183.86,7772,MSTR
2025-11-19 20:25:00+00:00,33,2,10924,183.86,184.04,183.51,183.59,7235,MSTR
2025-11-19 20:26:00+00:00,33,2,10924,183.62,183.92,183.6,183.84,8125,MSTR
2025-11-19 20:27:00+00:00,33,2,10924,183.8,184.49,183.79,184.41,10535,MSTR
2025-11-19 20:28:00+00:00,33,2,10924,184.41,184.66,184.24,184.35,7469,MSTR
2025-11-19 20:29:00+00:00,33,2,10924,184.34,184.97,184.22,184.89,12323,MSTR
2025-11-19 20:30:00+00:00,33,2,10924,184.95,185.25,184.87,185.21,12934,MSTR
2025-11-19 20:31:00+00:00,33,2,10924,185.18,185.37,184.92,185.29,10127,MSTR
2025-11-19 20:32:00+00:00,33,2,10924,185.27,185.63,185.19,185.6,14135,MSTR
2025-11-19 20:33:00+00:00,33,2,10924,185.58,186.26,185.56,186.14,16807,MSTR
2025-11-19 20:34:00+00:00,33,2,10924,186.165,186.165,185.89,185.92,11719,MSTR
2025-11-19 20:35:00+00:00,33,2,10924,185.92,186.99,185.92,186.93,16117,MSTR
2025-11-19 20:36:00+00:00,33,2,10924,186.94,187.5,186.88,187.18,25444,MSTR
2025-11-19 20:37:00+00:00,33,2,10924,187.13,188.11,187.1,187.985,29746,MSTR
2025-11-19 20:38:00+00:00,33,2,10924,188.01,188.08,187.305,187.35,17542,MSTR
2025-11-19 20:39:00+00:00,33,2,10924,187.375,187.48,187.07,187.19,14343,MSTR
2025-11-19 20:40:00+00:00,33,2,10924,187.26,187.27,186.52,186.65,12924,MSTR
2025-11-19 20:41:00+00:00,33,2,10924,186.68,186.945,186.51,186.55,8738,MSTR
2025-11-19 20:42:00+00:00,33,2,10924,186.575,186.575,185.51,185.59,21475,MSTR
2025-11-19 20:43:00+00:00,33,2,10924,185.57,185.66,185.11,185.12,18351,MSTR
2025-11-19 20:44:00+00:00,33,2,10924,185.13,185.61,185.0,185.52,18374,MSTR
2025-11-19 20:45:00+00:00,33,2,10924,185.51,185.62,184.95,184.96,19983,MSTR
2025-11-19 20:46:00+00:00,33,2,10924,184.98,185.06,184.83,184.895,21145,MSTR
2025-11-19 20:47:00+00:00,33,2,10924,184.9,184.92,184.19,184.53,25348,MSTR
2025-11-19 20:48:00+00:00,33,2,10924,184.51,184.51,184.06,184.28,28118,MSTR
2025-11-19 20:49:00+00:00,33,2,10924,184.26,184.315,183.93,183.985,26739,MSTR
2025-11-19 20:50:00+00:00,33,2,10924,183.97,184.67,183.8,184.48,32613,MSTR
2025-11-19 20:51:00+00:00,33,2,10924,184.475,185.08,184.28,185.08,22686,MSTR
2025-11-19 20:52:00+00:00,33,2,10924,185.09,185.21,184.91,185.16,24617,MSTR
2025-11-19 20:53:00+00:00,33,2,10924,185.18,185.41,185.15,185.255,25989,MSTR
2025-11-19 20:54:00+00:00,33,2,10924,185.245,185.83,185.02,185.72,29808,MSTR
2025-11-19 20:55:00+00:00,33,2,10924,185.72,186.13,185.33,186.13,37541,MSTR
2025-11-19 20:56:00+00:00,33,2,10924,186.14,186.925,186.14,186.64,48004,MSTR
2025-11-19 20:57:00+00:00,33,2,10924,186.64,186.67,185.7,185.915,50629,MSTR
2025-11-19 20:58:00+00:00,33,2,10924,185.92,186.47,185.92,186.39,66281,MSTR
2025-11-19 20:59:00+00:00,33,2,10924,186.42,186.51,186.3,186.48,122710,MSTR
2025-11-19 21:00:00+00:00,33,2,10924,186.47,186.81,186.35,186.58,2016353,MSTR
2025-11-19 21:01:00+00:00,33,2,10924,186.5,186.5,186.47,186.47,902,MSTR
2025-11-19 21:02:00+00:00,33,2,10924,186.47,186.64,186.37,186.37,1508,MSTR
2025-11-19 21:03:00+00:00,33,2,10924,186.4,186.49,186.33,186.33,2007,MSTR
2025-11-19 21:04:00+00:00,33,2,10924,186.35,187.1,186.28,187.1,1599,MSTR
2025-11-19 21:05:00+00:00,33,2,10924,187.15,187.78,187.12,187.6,7355,MSTR
2025-11-19 21:06:00+00:00,33,2,10924,187.7,189.1,187.57,188.2,19998,MSTR
2025-11-19 21:07:00+00:00,33,2,10924,188.33,189.0,188.29,188.83,1499,MSTR
2025-11-19 21:08:00+00:00,33,2,10924,188.73,189.05,188.7,188.8,4786,MSTR
2025-11-19 21:09:00+00:00,33,2,10924,188.73,189.75,188.73,189.02,12806,MSTR
2025-11-19 21:10:00+00:00,33,2,10924,189.01,189.55,188.5,188.65,4277,MSTR
2025-11-19 21:11:00+00:00,33,2,10924,188.78,189.31,188.78,188.94,1487,MSTR
2025-11-19 21:12:00+00:00,33,2,10924,188.88,189.61,188.88,189.1,2789,MSTR
2025-11-19 21:13:00+00:00,33,2,10924,189.12,189.63,189.08,189.08,3595,MSTR
2025-11-19 21:14:00+00:00,33,2,10924,189.03,189.11,188.9,189.11,1418,MSTR
2025-11-19 21:15:00+00:00,33,2,10924,188.89,189.06,188.51,189.0,3312,MSTR
2025-11-19 21:16:00+00:00,33,2,10924,188.72,188.9,188.61,188.86,664,MSTR
2025-11-19 21:17:00+00:00,33,2,10924,189.0,189.19,188.97,189.0,1187,MSTR
2025-11-19 21:18:00+00:00,33,2,10924,189.01,189.17,188.94,189.01,782,MSTR
2025-11-19 21:19:00+00:00,33,2,10924,189.04,189.1,188.94,189.0,625,MSTR
2025-11-19 21:20:00+00:00,33,2,10924,189.2,190.56,188.8,190.56,23581,MSTR
2025-11-19 21:21:00+00:00,33,2,10924,190.68,190.88,190.45,190.5,1688,MSTR
2025-11-19 21:22:00+00:00,33,2,10924,190.52,191.0,190.3,190.47,19412,MSTR
2025-11-19 21:23:00+00:00,33,2,10924,190.65,190.66,189.3,189.55,3254,MSTR
2025-11-19 21:24:00+00:00,33,2,10924,189.55,190.79,189.55,190.79,8904,MSTR
2025-11-19 21:25:00+00:00,33,2,10924,190.79,190.79,189.7,189.7,3134,MSTR
2025-11-19 21:26:00+00:00,33,2,10924,189.63,189.76,189.06,189.06,403,MSTR
2025-11-19 21:27:00+00:00,33,2,10924,189.59,189.6,189.09,189.46,458,MSTR
2025-11-19 21:28:00+00:00,33,2,10924,189.42,189.42,189.09,189.09,250,MSTR
2025-11-19 21:29:00+00:00,33,2,10924,189.09,189.18,188.6,188.6,1369,MSTR
2025-11-19 21:30:00+00:00,33,2,10924,188.74,189.27,188.74,189.27,728,MSTR
2025-11-19 21:31:00+00:00,33,2,10924,189.45,189.75,189.34,189.75,1698,MSTR
2025-11-19 21:32:00+00:00,33,2,10924,189.88,190.31,189.88,190.31,10532,MSTR
2025-11-19 21:33:00+00:00,33,2,10924,190.4,190.66,190.18,190.66,814,MSTR
2025-11-19 21:34:00+00:00,33,2,10924,190.71,191.24,190.71,190.8,3536,MSTR
2025-11-19 21:35:00+00:00,33,2,10924,190.75,190.88,190.3,190.45,2830,MSTR
2025-11-19 21:36:00+00:00,33,2,10924,190.38,190.7,190.15,190.3,3468,MSTR
2025-11-19 21:37:00+00:00,33,2,10924,190.2,191.2,190.2,191.2,2287,MSTR
2025-11-19 21:38:00+00:00,33,2,10924,191.2,191.25,190.63,190.8,2638,MSTR
2025-11-19 21:39:00+00:00,33,2,10924,190.8,191.0,190.75,190.75,297,MSTR
2025-11-19 21:40:00+00:00,33,2,10924,190.51,190.78,190.5,190.78,200,MSTR
2025-11-19 21:41:00+00:00,33,2,10924,190.59,190.79,190.27,190.79,1357,MSTR
2025-11-19 21:42:00+00:00,33,2,10924,190.79,191.31,190.79,191.26,1474,MSTR
2025-11-19 21:43:00+00:00,33,2,10924,191.28,191.7,191.27,191.29,2947,MSTR
2025-11-19 21:44:00+00:00,33,2,10924,191.45,191.5,191.21,191.39,722,MSTR
2025-11-19 21:45:00+00:00,33,2,10924,191.65,192.18,191.55,192.18,3478,MSTR
2025-11-19 21:46:00+00:00,33,2,10924,192.08,192.19,191.55,191.75,1129,MSTR
2025-11-19 21:47:00+00:00,33,2,10924,191.81,191.85,191.5,191.71,1563,MSTR
2025-11-19 21:48:00+00:00,33,2,10924,191.62,191.73,191.3,191.3,182,MSTR
2025-11-19 21:49:00+00:00,33,2,10924,191.2,191.2,190.76,190.77,668,MSTR
2025-11-19 21:50:00+00:00,33,2,10924,190.88,190.89,190.7,190.7,785,MSTR
2025-11-19 21:51:00+00:00,33,2,10924,190.74,190.83,190.6,190.69,1030,MSTR
2025-11-19 21:52:00+00:00,33,2,10924,190.85,191.16,190.85,191.16,863,MSTR
2025-11-19 21:53:00+00:00,33,2,10924,191.09,191.16,191.07,191.1,277,MSTR
2025-11-19 21:54:00+00:00,33,2,10924,191.07,191.39,191.01,191.39,841,MSTR
2025-11-19 21:55:00+00:00,33,2,10924,191.4,191.78,191.39,191.78,761,MSTR
2025-11-19 21:56:00+00:00,33,2,10924,191.79,191.89,191.64,191.86,499,MSTR
2025-11-19 21:57:00+00:00,33,2,10924,191.72,191.72,191.42,191.56,445,MSTR
2025-11-19 21:58:00+00:00,33,2,10924,191.5,191.69,191.5,191.53,507,MSTR
2025-11-19 21:59:00+00:00,33,2,10924,191.62,191.69,191.51,191.58,201,MSTR
2025-11-19 22:00:00+00:00,33,2,10924,191.53,191.61,191.1,191.22,632,MSTR
2025-11-19 22:01:00+00:00,33,2,10924,191.24,191.27,191.24,191.25,190,MSTR
2025-11-19 22:02:00+00:00,33,2,10924,191.4,191.4,191.31,191.31,526,MSTR
2025-11-19 22:03:00+00:00,33,2,10924,191.32,191.32,191.31,191.31,100,MSTR
2025-11-19 22:04:00+00:00,33,2,10924,191.31,191.58,191.31,191.45,591,MSTR
2025-11-19 22:05:00+00:00,33,2,10924,191.48,191.48,191.3,191.3,32,MSTR
2025-11-19 22:06:00+00:00,33,2,10924,191.24,191.24,191.04,191.18,527,MSTR
2025-11-19 22:07:00+00:00,33,2,10924,191.35,191.35,191.17,191.17,71,MSTR
2025-11-19 22:08:00+00:00,33,2,10924,191.19,191.19,191.19,191.19,10,MSTR
2025-11-19 22:09:00+00:00,33,2,10924,191.28,191.29,191.25,191.25,75,MSTR
2025-11-19 22:10:00+00:00,33,2,10924,191.38,191.47,191.21,191.47,726,MSTR
2025-11-19 22:11:00+00:00,33,2,10924,191.27,191.37,191.1,191.37,710,MSTR
2025-11-19 22:12:00+00:00,33,2,10924,191.37,191.4,191.28,191.28,709,MSTR
2025-11-19 22:13:00+00:00,33,2,10924,191.46,191.69,191.46,191.6,759,MSTR
2025-11-19 22:14:00+00:00,33,2,10924,191.65,191.8,191.55,191.55,325,MSTR
2025-11-19 22:15:00+00:00,33,2,10924,191.75,191.75,191.62,191.62,37,MSTR
2025-11-19 22:16:00+00:00,33,2,10924,191.55,191.55,191.42,191.47,145,MSTR
2025-11-19 22:17:00+00:00,33,2,10924,191.41,191.49,191.35,191.4,593,MSTR
2025-11-19 22:18:00+00:00,33,2,10924,191.29,191.47,190.85,191.0,857,MSTR
2025-11-19 22:19:00+00:00,33,2,10924,190.94,191.0,190.85,190.85,695,MSTR
2025-11-19 22:20:00+00:00,33,2,10924,191.05,191.29,191.0,191.0,113,MSTR
2025-11-19 22:21:00+00:00,33,2,10924,191.0,191.29,190.65,191.28,1818,MSTR
2025-11-19 22:22:00+00:00,33,2,10924,190.59,190.59,190.55,190.56,321,MSTR
2025-11-19 22:23:00+00:00,33,2,10924,190.56,190.67,190.56,190.56,183,MSTR
2025-11-19 22:24:00+00:00,33,2,10924,190.61,190.69,190.61,190.62,14,MSTR
2025-11-19 22:25:00+00:00,33,2,10924,190.61,190.61,190.0,190.06,1783,MSTR
2025-11-19 22:26:00+00:00,33,2,10924,190.46,190.5,190.3,190.3,217,MSTR
2025-11-19 22:27:00+00:00,33,2,10924,190.31,190.31,190.31,190.31,3,MSTR
2025-11-19 22:28:00+00:00,33,2,10924,190.7,190.99,190.7,190.99,1120,MSTR
2025-11-19 22:29:00+00:00,33,2,10924,190.96,191.17,190.96,191.17,32,MSTR
2025-11-19 22:30:00+00:00,33,2,10924,191.2,191.25,191.2,191.25,259,MSTR
2025-11-19 22:32:00+00:00,33,2,10924,191.0,191.0,190.9,190.9,55,MSTR
2025-11-19 22:33:00+00:00,33,2,10924,190.89,190.94,190.88,190.94,302,MSTR
2025-11-19 22:34:00+00:00,33,2,10924,190.89,190.99,190.89,190.97,344,MSTR
2025-11-19 22:35:00+00:00,33,2,10924,190.97,190.97,190.97,190.97,45,MSTR
2025-11-19 22:36:00+00:00,33,2,10924,191.02,191.05,191.02,191.05,102,MSTR
2025-11-19 22:37:00+00:00,33,2,10924,191.05,191.45,191.05,191.23,515,MSTR
2025-11-19 22:39:00+00:00,33,2,10924,191.33,191.33,191.31,191.31,70,MSTR
2025-11-19 22:40:00+00:00,33,2,10924,191.35,191.38,191.29,191.29,201,MSTR
2025-11-19 22:41:00+00:00,33,2,10924,191.3,191.3,191.15,191.15,212,MSTR
2025-11-19 22:42:00+00:00,33,2,10924,191.17,191.2,190.9,190.9,379,MSTR
2025-11-19 22:44:00+00:00,33,2,10924,191.01,191.1,191.01,191.1,70,MSTR
2025-11-19 22:45:00+00:00,33,2,10924,191.14,191.14,190.63,190.63,518,MSTR
2025-11-19 22:46:00+00:00,33,2,10924,190.61,190.61,190.52,190.52,20,MSTR
2025-11-19 22:47:00+00:00,33,2,10924,190.29,190.29,190.29,190.29,5,MSTR
2025-11-19 22:49:00+00:00,33,2,10924,190.4,190.4,190.4,190.4,30,MSTR
2025-11-19 22:50:00+00:00,33,2,10924,190.39,191.42,190.39,191.0,3991,MSTR
2025-11-19 22:51:00+00:00,33,2,10924,190.7,191.2,190.7,191.2,148,MSTR
2025-11-19 22:52:00+00:00,33,2,10924,191.0,191.0,191.0,191.0,16,MSTR
2025-11-19 22:53:00+00:00,33,2,10924,190.98,191.0,190.98,191.0,2560,MSTR
2025-11-19 22:55:00+00:00,33,2,10924,190.5,190.5,190.5,190.5,35,MSTR
2025-11-19 22:56:00+00:00,33,2,10924,190.8,190.8,190.8,190.8,56,MSTR
2025-11-19 22:57:00+00:00,33,2,10924,190.7,190.7,190.7,190.7,3,MSTR
2025-11-19 22:58:00+00:00,33,2,10924,190.7,190.8,190.7,190.8,67,MSTR
2025-11-19 22:59:00+00:00,33,2,10924,190.8,191.0,190.72,190.72,64,MSTR
2025-11-19 23:00:00+00:00,33,2,10924,190.95,190.95,190.38,190.38,348,MSTR
2025-11-19 23:01:00+00:00,33,2,10924,190.6,190.6,190.6,190.6,13,MSTR
2025-11-19 23:02:00+00:00,33,2,10924,190.6,191.45,190.6,191.2,2043,MSTR
2025-11-19 23:03:00+00:00,33,2,10924,191.2,191.99,191.2,191.99,791,MSTR
2025-11-19 23:04:00+00:00,33,2,10924,191.88,192.0,191.88,192.0,14,MSTR
2025-11-19 23:05:00+00:00,33,2,10924,191.89,192.25,191.7,191.9,697,MSTR
2025-11-19 23:06:00+00:00,33,2,10924,192.15,192.15,191.55,191.88,659,MSTR
2025-11-19 23:07:00+00:00,33,2,10924,192.28,192.67,192.28,192.5,1153,MSTR
2025-11-19 23:10:00+00:00,33,2,10924,192.17,192.49,192.17,192.2,4331,MSTR
2025-11-19 23:11:00+00:00,33,2,10924,192.33,192.87,192.33,192.87,394,MSTR
2025-11-19 23:12:00+00:00,33,2,10924,192.87,192.87,192.7,192.79,446,MSTR
2025-11-19 23:13:00+00:00,33,2,10924,192.5,192.55,192.44,192.55,797,MSTR
2025-11-19 23:14:00+00:00,33,2,10924,192.74,192.75,192.74,192.75,710,MSTR
2025-11-19 23:15:00+00:00,33,2,10924,192.75,192.75,192.7,192.71,883,MSTR
2025-11-19 23:16:00+00:00,33,2,10924,192.84,193.0,192.84,192.86,915,MSTR
2025-11-19 23:17:00+00:00,33,2,10924,192.99,192.99,192.8,192.8,191,MSTR
2025-11-19 23:18:00+00:00,33,2,10924,193.0,193.13,193.0,193.13,809,MSTR
2025-11-19 23:19:00+00:00,33,2,10924,193.18,193.36,193.18,193.29,575,MSTR
2025-11-19 23:20:00+00:00,33,2,10924,193.29,193.36,193.29,193.35,667,MSTR
2025-11-19 23:21:00+00:00,33,2,10924,193.36,193.4,193.2,193.2,1239,MSTR
2025-11-19 23:22:00+00:00,33,2,10924,193.5,193.65,193.44,193.65,703,MSTR
2025-11-19 23:23:00+00:00,33,2,10924,193.67,193.69,193.41,193.55,1240,MSTR
2025-11-19 23:24:00+00:00,33,2,10924,193.44,193.44,193.44,193.44,5,MSTR
2025-11-19 23:25:00+00:00,33,2,10924,193.22,193.23,193.2,193.2,666,MSTR
2025-11-19 23:26:00+00:00,33,2,10924,193.28,193.28,193.28,193.28,35,MSTR
2025-11-19 23:27:00+00:00,33,2,10924,193.29,193.29,193.2,193.29,150,MSTR
2025-11-19 23:28:00+00:00,33,2,10924,193.3,193.36,193.2,193.2,127,MSTR
2025-11-19 23:29:00+00:00,33,2,10924,193.2,193.2,193.2,193.2,1440,MSTR
2025-11-19 23:30:00+00:00,33,2,10924,193.2,193.2,193.2,193.2,1104,MSTR
2025-11-19 23:31:00+00:00,33,2,10924,193.2,193.2,193.2,193.2,598,MSTR
2025-11-19 23:32:00+00:00,33,2,10924,193.03,193.03,193.02,193.02,108,MSTR
2025-11-19 23:33:00+00:00,33,2,10924,193.03,193.92,193.03,193.24,2379,MSTR
2025-11-19 23:34:00+00:00,33,2,10924,193.24,193.24,192.9,192.9,764,MSTR
2025-11-19 23:35:00+00:00,33,2,10924,192.84,192.84,192.7,192.71,818,MSTR
2025-11-19 23:36:00+00:00,33,2,10924,193.18,193.18,193.18,193.18,13,MSTR
2025-11-19 23:37:00+00:00,33,2,10924,193.17,193.3,193.17,193.3,20,MSTR
2025-11-19 23:38:00+00:00,33,2,10924,193.41,193.5,193.41,193.5,56,MSTR
2025-11-19 23:39:00+00:00,33,2,10924,193.5,193.87,193.5,193.78,511,MSTR
2025-11-19 23:40:00+00:00,33,2,10924,193.74,193.94,193.74,193.78,341,MSTR
2025-11-19 23:41:00+00:00,33,2,10924,193.78,193.78,193.7,193.78,559,MSTR
2025-11-19 23:42:00+00:00,33,2,10924,193.67,193.69,193.5,193.69,128,MSTR
2025-11-19 23:43:00+00:00,33,2,10924,193.69,193.78,193.5,193.68,117,MSTR
2025-11-19 23:44:00+00:00,33,2,10924,193.05,193.05,193.0,193.0,867,MSTR
2025-11-19 23:45:00+00:00,33,2,10924,193.34,193.34,193.33,193.34,128,MSTR
2025-11-19 23:47:00+00:00,33,2,10924,193.35,193.35,193.15,193.15,47,MSTR
2025-11-19 23:48:00+00:00,33,2,10924,193.3,193.3,193.25,193.25,11,MSTR
2025-11-19 23:50:00+00:00,33,2,10924,193.34,193.35,193.34,193.35,145,MSTR
2025-11-19 23:53:00+00:00,33,2,10924,193.48,193.48,193.4,193.4,4,MSTR
2025-11-19 23:54:00+00:00,33,2,10924,193.5,193.65,193.5,193.65,1288,MSTR
2025-11-19 23:55:00+00:00,33,2,10924,193.8,194.0,193.8,194.0,587,MSTR
2025-11-19 23:56:00+00:00,33,2,10924,194.0,194.13,193.78,194.05,288,MSTR
2025-11-19 23:57:00+00:00,33,2,10924,194.01,194.16,194.01,194.08,250,MSTR
2025-11-19 23:58:00+00:00,33,2,10924,194.08,194.39,194.07,194.39,980,MSTR
2025-11-19 23:59:00+00:00,33,2,10924,194.13,194.4,194.07,194.3,1223,MSTR
2025-11-20 09:00:00+00:00,33,2,10924,194.48,194.48,193.56,193.9,430,MSTR
2025-11-20 09:01:00+00:00,33,2,10924,193.79,193.88,193.76,193.79,491,MSTR
2025-11-20 09:02:00+00:00,33,2,10924,193.75,193.75,193.38,193.38,228,MSTR
2025-11-20 09:03:00+00:00,33,2,10924,193.35,193.35,193.01,193.01,680,MSTR
2025-11-20 09:04:00+00:00,33,2,10924,193.01,193.24,193.0,193.12,957,MSTR
2025-11-20 09:05:00+00:00,33,2,10924,193.09,193.09,192.61,192.91,1095,MSTR
2025-11-20 09:06:00+00:00,33,2,10924,192.97,193.09,192.96,193.09,1126,MSTR
2025-11-20 09:07:00+00:00,33,2,10924,193.13,193.37,193.0,193.0,357,MSTR
2025-11-20 09:08:00+00:00,33,2,10924,193.32,193.7,193.32,193.61,844,MSTR
2025-11-20 09:10:00+00:00,33,2,10924,193.31,193.31,193.31,193.31,100,MSTR
2025-11-20 09:11:00+00:00,33,2,10924,193.48,193.79,193.47,193.57,352,MSTR
2025-11-20 09:12:00+00:00,33,2,10924,193.57,193.57,193.5,193.5,23,MSTR
2025-11-20 09:13:00+00:00,33,2,10924,193.83,193.84,193.31,193.56,356,MSTR
2025-11-20 09:14:00+00:00,33,2,10924,193.52,193.52,193.1,193.43,369,MSTR
2025-11-20 09:15:00+00:00,33,2,10924,193.37,193.37,193.37,193.37,8,MSTR
2025-11-20 09:16:00+00:00,33,2,10924,193.37,193.43,193.37,193.43,20,MSTR
2025-11-20 09:17:00+00:00,33,2,10924,193.43,193.73,193.43,193.72,473,MSTR
2025-11-20 09:18:00+00:00,33,2,10924,193.61,193.61,193.26,193.57,216,MSTR
2025-11-20 09:19:00+00:00,33,2,10924,193.34,193.34,193.24,193.24,133,MSTR
2025-11-20 09:20:00+00:00,33,2,10924,193.0,193.0,192.8,192.84,763,MSTR
2025-11-20 09:21:00+00:00,33,2,10924,192.77,192.77,192.5,192.5,117,MSTR
2025-11-20 09:22:00+00:00,33,2,10924,192.5,192.57,192.35,192.52,1832,MSTR
2025-11-20 09:23:00+00:00,33,2,10924,192.3,192.3,192.06,192.06,1427,MSTR
2025-11-20 09:25:00+00:00,33,2,10924,192.17,192.22,192.07,192.14,35,MSTR
2025-11-20 09:26:00+00:00,33,2,10924,192.24,192.46,192.24,192.46,180,MSTR
2025-11-20 09:27:00+00:00,33,2,10924,192.46,192.47,192.17,192.17,408,MSTR
2025-11-20 09:28:00+00:00,33,2,10924,192.3,192.3,192.2,192.2,43,MSTR
2025-11-20 09:31:00+00:00,33,2,10924,192.29,192.37,192.23,192.24,232,MSTR
2025-11-20 09:32:00+00:00,33,2,10924,192.24,192.28,192.23,192.28,844,MSTR
2025-11-20 09:34:00+00:00,33,2,10924,192.14,192.14,192.1,192.1,23,MSTR
2025-11-20 09:35:00+00:00,33,2,10924,192.07,192.07,192.07,192.07,2,MSTR
2025-11-20 09:36:00+00:00,33,2,10924,192.08,192.08,192.08,192.08,17,MSTR
2025-11-20 09:37:00+00:00,33,2,10924,192.15,192.25,192.15,192.25,33,MSTR
2025-11-20 09:38:00+00:00,33,2,10924,192.19,192.33,192.19,192.25,110,MSTR
2025-11-20 09:39:00+00:00,33,2,10924,192.19,192.19,192.19,192.19,1,MSTR
2025-11-20 09:40:00+00:00,33,2,10924,192.28,192.29,192.28,192.29,88,MSTR
2025-11-20 09:41:00+00:00,33,2,10924,192.25,192.25,192.25,192.25,1,MSTR
2025-11-20 09:42:00+00:00,33,2,10924,191.94,191.94,191.72,191.72,114,MSTR
2025-11-20 09:43:00+00:00,33,2,10924,191.62,191.8,191.6,191.8,286,MSTR
2025-11-20 09:44:00+00:00,33,2,10924,191.62,191.62,191.62,191.62,4,MSTR
2025-11-20 09:46:00+00:00,33,2,10924,191.38,191.38,190.74,190.74,265,MSTR
2025-11-20 09:47:00+00:00,33,2,10924,190.74,190.9,190.74,190.84,459,MSTR
2025-11-20 09:48:00+00:00,33,2,10924,190.79,190.79,190.35,190.35,376,MSTR
2025-11-20 09:49:00+00:00,33,2,10924,190.45,190.7,190.45,190.7,415,MSTR
2025-11-20 09:50:00+00:00,33,2,10924,190.9,190.9,190.9,190.9,4,MSTR
2025-11-20 09:51:00+00:00,33,2,10924,190.94,191.03,190.9,191.03,1582,MSTR
2025-11-20 09:52:00+00:00,33,2,10924,190.91,191.3,190.91,191.3,1020,MSTR
2025-11-20 09:53:00+00:00,33,2,10924,191.5,192.0,191.5,192.0,370,MSTR
2025-11-20 09:54:00+00:00,33,2,10924,191.87,192.05,191.78,191.78,77,MSTR
2025-11-20 09:55:00+00:00,33,2,10924,191.78,191.91,191.74,191.74,168,MSTR
2025-11-20 09:56:00+00:00,33,2,10924,191.74,191.74,191.74,191.74,10,MSTR
2025-11-20 09:57:00+00:00,33,2,10924,191.73,191.8,191.73,191.8,125,MSTR
2025-11-20 09:58:00+00:00,33,2,10924,191.63,191.63,190.9,190.9,759,MSTR
2025-11-20 09:59:00+00:00,33,2,10924,191.1,191.23,191.1,191.23,129,MSTR
2025-11-20 10:00:00+00:00,33,2,10924,191.54,191.66,191.54,191.66,68,MSTR
2025-11-20 10:01:00+00:00,33,2,10924,191.39,191.39,191.34,191.34,165,MSTR
2025-11-20 10:02:00+00:00,33,2,10924,191.65,191.65,191.65,191.65,64,MSTR
2025-11-20 10:04:00+00:00,33,2,10924,191.26,191.39,191.05,191.1,651,MSTR
2025-11-20 10:05:00+00:00,33,2,10924,191.1,191.1,191.1,191.1,4,MSTR
2025-11-20 10:06:00+00:00,33,2,10924,191.1,191.1,191.04,191.1,408,MSTR
2025-11-20 10:07:00+00:00,33,2,10924,190.6,190.71,190.6,190.71,114,MSTR
2025-11-20 10:08:00+00:00,33,2,10924,190.79,190.79,190.7,190.7,91,MSTR
2025-11-20 10:10:00+00:00,33,2,10924,190.49,190.49,189.5,189.5,2066,MSTR
2025-11-20 10:11:00+00:00,33,2,10924,189.55,190.46,189.5,190.4,1348,MSTR
2025-11-20 10:12:00+00:00,33,2,10924,190.6,191.0,190.46,190.8,1414,MSTR
2025-11-20 10:13:00+00:00,33,2,10924,190.55,190.55,190.55,190.55,99,MSTR
2025-11-20 10:14:00+00:00,33,2,10924,190.73,190.73,190.63,190.63,106,MSTR
2025-11-20 10:15:00+00:00,33,2,10924,190.63,190.63,190.63,190.63,5,MSTR
2025-11-20 10:16:00+00:00,33,2,10924,190.86,190.92,190.86,190.92,64,MSTR
2025-11-20 10:17:00+00:00,33,2,10924,191.12,191.2,191.0,191.12,701,MSTR
2025-11-20 10:18:00+00:00,33,2,10924,191.27,191.27,191.27,191.27,4,MSTR
2025-11-20 10:19:00+00:00,33,2,10924,191.4,191.54,191.4,191.54,43,MSTR
2025-11-20 10:20:00+00:00,33,2,10924,191.5,191.5,191.32,191.32,220,MSTR
2025-11-20 10:21:00+00:00,33,2,10924,191.31,191.31,191.06,191.06,73,MSTR
2025-11-20 10:22:00+00:00,33,2,10924,191.01,191.16,191.0,191.0,158,MSTR
2025-11-20 10:23:00+00:00,33,2,10924,191.09,191.09,191.0,191.0,226,MSTR
2025-11-20 10:24:00+00:00,33,2,10924,191.15,191.26,191.15,191.19,273,MSTR
2025-11-20 10:25:00+00:00,33,2,10924,191.32,191.32,191.27,191.27,42,MSTR
2025-11-20 10:26:00+00:00,33,2,10924,191.46,191.66,191.46,191.61,54,MSTR
2025-11-20 10:30:00+00:00,33,2,10924,191.8,191.84,191.8,191.84,20,MSTR
2025-11-20 10:31:00+00:00,33,2,10924,191.83,191.84,191.83,191.84,32,MSTR
2025-11-20 10:32:00+00:00,33,2,10924,191.8,191.8,191.8,191.8,10,MSTR
2025-11-20 10:35:00+00:00,33,2,10924,191.6,191.6,191.48,191.48,113,MSTR
2025-11-20 10:38:00+00:00,33,2,10924,191.59,191.59,191.59,191.59,90,MSTR
2025-11-20 10:39:00+00:00,33,2,10924,191.76,191.77,191.5,191.5,170,MSTR
2025-11-20 10:42:00+00:00,33,2,10924,191.6,191.88,191.6,191.88,246,MSTR
2025-11-20 10:43:00+00:00,33,2,10924,192.0,192.0,192.0,192.0,7,MSTR
2025-11-20 10:44:00+00:00,33,2,10924,191.8,191.8,191.79,191.8,103,MSTR
2025-11-20 10:46:00+00:00,33,2,10924,191.71,192.05,191.71,192.05,967,MSTR
2025-11-20 10:48:00+00:00,33,2,10924,191.88,191.88,191.88,191.88,4,MSTR
2025-11-20 10:49:00+00:00,33,2,10924,191.89,191.91,191.85,191.85,491,MSTR
2025-11-20 10:50:00+00:00,33,2,10924,191.98,192.04,191.98,192.04,18,MSTR
2025-11-20 10:51:00+00:00,33,2,10924,192.06,192.07,192.06,192.07,118,MSTR
2025-11-20 10:55:00+00:00,33,2,10924,192.15,192.3,192.15,192.3,13,MSTR
2025-11-20 10:56:00+00:00,33,2,10924,192.3,192.31,192.19,192.19,128,MSTR
2025-11-20 10:57:00+00:00,33,2,10924,192.21,192.29,192.21,192.29,89,MSTR
2025-11-20 10:58:00+00:00,33,2,10924,192.31,192.31,192.1,192.1,381,MSTR
2025-11-20 10:59:00+00:00,33,2,10924,192.15,192.15,192.13,192.13,60,MSTR
2025-11-20 11:02:00+00:00,33,2,10924,192.18,192.18,192.01,192.01,47,MSTR
2025-11-20 11:03:00+00:00,33,2,10924,191.81,191.85,191.81,191.85,26,MSTR
2025-11-20 11:04:00+00:00,33,2,10924,191.84,191.84,191.84,191.84,3,MSTR
2025-11-20 11:05:00+00:00,33,2,10924,191.73,191.73,191.73,191.73,22,MSTR
2025-11-20 11:06:00+00:00,33,2,10924,191.62,191.62,191.62,191.62,20,MSTR
2025-11-20 11:07:00+00:00,33,2,10924,191.64,191.72,191.64,191.72,42,MSTR
2025-11-20 11:08:00+00:00,33,2,10924,191.87,191.87,191.87,191.87,32,MSTR
2025-11-20 11:10:00+00:00,33,2,10924,191.76,191.76,191.76,191.76,15,MSTR
2025-11-20 11:11:00+00:00,33,2,10924,191.74,191.78,191.66,191.78,84,MSTR
2025-11-20 11:12:00+00:00,33,2,10924,191.74,191.74,191.6,191.6,35,MSTR
2025-11-20 11:13:00+00:00,33,2,10924,191.8,191.8,191.8,191.8,20,MSTR
2025-11-20 11:14:00+00:00,33,2,10924,191.69,191.69,191.5,191.5,220,MSTR
2025-11-20 11:15:00+00:00,33,2,10924,191.68,191.68,191.68,191.68,4,MSTR
2025-11-20 11:16:00+00:00,33,2,10924,191.74,191.74,191.5,191.5,72,MSTR
2025-11-20 11:18:00+00:00,33,2,10924,191.38,191.38,191.02,191.07,205,MSTR
2025-11-20 11:19:00+00:00,33,2,10924,191.09,191.09,190.96,190.96,205,MSTR
2025-11-20 11:21:00+00:00,33,2,10924,190.99,190.99,190.4,190.57,615,MSTR
2025-11-20 11:22:00+00:00,33,2,10924,190.61,190.61,190.2,190.2,401,MSTR
2025-11-20 11:23:00+00:00,33,2,10924,190.01,190.01,189.8,189.81,553,MSTR
2025-11-20 11:24:00+00:00,33,2,10924,189.88,189.99,189.85,189.97,144,MSTR
2025-11-20 11:27:00+00:00,33,2,10924,189.98,190.0,189.98,189.98,28,MSTR
2025-11-20 11:28:00+00:00,33,2,10924,189.99,190.17,189.99,190.17,31,MSTR
2025-11-20 11:30:00+00:00,33,2,10924,190.45,190.45,190.31,190.33,10,MSTR
2025-11-20 11:31:00+00:00,33,2,10924,190.65,190.75,190.65,190.75,80,MSTR
2025-11-20 11:32:00+00:00,33,2,10924,190.96,191.0,190.96,191.0,201,MSTR
2025-11-20 11:33:00+00:00,33,2,10924,190.73,190.93,190.46,190.46,100,MSTR
2025-11-20 11:34:00+00:00,33,2,10924,190.9,190.9,190.42,190.42,437,MSTR
2025-11-20 11:37:00+00:00,33,2,10924,190.8,190.8,190.8,190.8,50,MSTR
2025-11-20 11:39:00+00:00,33,2,10924,191.31,191.4,191.31,191.4,221,MSTR
2025-11-20 11:40:00+00:00,33,2,10924,191.33,191.5,191.33,191.5,51,MSTR
2025-11-20 11:43:00+00:00,33,2,10924,191.68,191.68,191.68,191.68,33,MSTR
2025-11-20 11:45:00+00:00,33,2,10924,191.67,191.78,191.67,191.7,478,MSTR
2025-11-20 11:49:00+00:00,33,2,10924,191.7,191.7,191.69,191.69,42,MSTR
2025-11-20 11:50:00+00:00,33,2,10924,191.6,191.69,191.6,191.69,19,MSTR
2025-11-20 11:51:00+00:00,33,2,10924,191.53,191.53,191.5,191.5,52,MSTR
2025-11-20 11:52:00+00:00,33,2,10924,191.15,191.22,191.02,191.21,81,MSTR
2025-11-20 11:53:00+00:00,33,2,10924,191.24,191.72,191.2,191.66,120,MSTR
2025-11-20 11:54:00+00:00,33,2,10924,191.66,191.67,191.66,191.66,181,MSTR
2025-11-20 11:55:00+00:00,33,2,10924,191.87,191.88,191.66,191.66,203,MSTR
2025-11-20 11:58:00+00:00,33,2,10924,191.61,191.61,191.61,191.61,12,MSTR
2025-11-20 11:59:00+00:00,33,2,10924,191.54,191.54,191.54,191.54,16,MSTR
2025-11-20 12:00:00+00:00,33,2,10924,191.75,191.79,191.55,191.55,196,MSTR
2025-11-20 12:01:00+00:00,33,2,10924,191.51,191.51,191.5,191.5,113,MSTR
2025-11-20 12:02:00+00:00,33,2,10924,191.47,191.47,191.47,191.47,13,MSTR
2025-11-20 12:03:00+00:00,33,2,10924,191.48,191.55,191.31,191.31,1181,MSTR
2025-11-20 12:04:00+00:00,33,2,10924,191.3,191.35,191.3,191.35,136,MSTR
2025-11-20 12:06:00+00:00,33,2,10924,191.19,191.47,191.19,191.47,311,MSTR
2025-11-20 12:08:00+00:00,33,2,10924,191.6,191.6,191.6,191.6,30,MSTR
2025-11-20 12:10:00+00:00,33,2,10924,191.71,191.95,191.71,191.95,1120,MSTR
2025-11-20 12:11:00+00:00,33,2,10924,191.88,192.28,191.88,192.14,766,MSTR
2025-11-20 12:12:00+00:00,33,2,10924,192.12,192.5,192.0,192.48,792,MSTR
2025-11-20 12:13:00+00:00,33,2,10924,192.26,192.36,192.26,192.36,51,MSTR
2025-11-20 12:14:00+00:00,33,2,10924,192.23,192.23,191.95,191.95,1471,MSTR
2025-11-20 12:15:00+00:00,33,2,10924,191.91,191.91,191.75,191.76,827,MSTR
2025-11-20 12:16:00+00:00,33,2,10924,191.77,192.2,191.77,192.2,925,MSTR
2025-11-20 12:17:00+00:00,33,2,10924,192.15,192.15,192.01,192.01,1080,MSTR
2025-11-20 12:18:00+00:00,33,2,10924,192.2,192.46,192.19,192.46,735,MSTR
2025-11-20 12:19:00+00:00,33,2,10924,192.53,192.99,192.46,192.86,1482,MSTR
2025-11-20 12:20:00+00:00,33,2,10924,192.7,192.7,192.52,192.52,26,MSTR
2025-11-20 12:22:00+00:00,33,2,10924,192.57,192.58,192.51,192.56,223,MSTR
2025-11-20 12:23:00+00:00,33,2,10924,192.56,192.56,192.56,192.56,168,MSTR
2025-11-20 12:25:00+00:00,33,2,10924,192.4,192.4,192.26,192.26,175,MSTR
2025-11-20 12:27:00+00:00,33,2,10924,192.16,192.16,192.16,192.16,1,MSTR
2025-11-20 12:29:00+00:00,33,2,10924,192.14,192.14,192.14,192.14,18,MSTR
2025-11-20 12:30:00+00:00,33,2,10924,192.0,192.0,191.72,191.72,174,MSTR
2025-11-20 12:31:00+00:00,33,2,10924,191.74,191.89,191.74,191.89,208,MSTR
2025-11-20 12:32:00+00:00,33,2,10924,192.02,192.14,192.02,192.14,75,MSTR
2025-11-20 12:33:00+00:00,33,2,10924,192.1,192.1,192.1,192.1,13,MSTR
2025-11-20 12:34:00+00:00,33,2,10924,192.16,192.16,192.16,192.16,10,MSTR
2025-11-20 12:35:00+00:00,33,2,10924,192.3,192.3,192.3,192.3,850,MSTR
2025-11-20 12:36:00+00:00,33,2,10924,192.49,192.49,192.48,192.48,181,MSTR
2025-11-20 12:37:00+00:00,33,2,10924,192.31,192.31,192.2,192.2,36,MSTR
2025-11-20 12:38:00+00:00,33,2,10924,192.1,192.1,191.91,191.99,255,MSTR
2025-11-20 12:39:00+00:00,33,2,10924,192.2,192.2,192.2,192.2,25,MSTR
2025-11-20 12:41:00+00:00,33,2,10924,192.02,192.02,191.97,191.97,404,MSTR
2025-11-20 12:42:00+00:00,33,2,10924,191.91,191.99,191.91,191.99,210,MSTR
2025-11-20 12:43:00+00:00,33,2,10924,191.96,191.96,191.96,191.96,15,MSTR
2025-11-20 12:44:00+00:00,33,2,10924,192.27,192.27,192.24,192.27,120,MSTR
2025-11-20 12:45:00+00:00,33,2,10924,192.31,192.31,192.28,192.28,64,MSTR
2025-11-20 12:46:00+00:00,33,2,10924,192.32,192.35,192.32,192.35,380,MSTR
2025-11-20 12:47:00+00:00,33,2,10924,192.38,192.39,192.38,192.39,115,MSTR
2025-11-20 12:48:00+00:00,33,2,10924,192.39,192.5,192.38,192.5,107,MSTR
2025-11-20 12:49:00+00:00,33,2,10924,192.53,192.85,192.53,192.8,1127,MSTR
2025-11-20 12:50:00+00:00,33,2,10924,192.78,192.8,192.78,192.8,38,MSTR
2025-11-20 12:51:00+00:00,33,2,10924,192.61,192.61,192.57,192.57,60,MSTR
2025-11-20 12:52:00+00:00,33,2,10924,192.49,192.49,192.29,192.49,166,MSTR
2025-11-20 12:53:00+00:00,33,2,10924,192.7,192.77,192.7,192.77,22,MSTR
2025-11-20 12:54:00+00:00,33,2,10924,192.8,192.99,192.74,192.97,1469,MSTR
2025-11-20 12:55:00+00:00,33,2,10924,192.79,192.99,192.79,192.95,68,MSTR
2025-11-20 12:56:00+00:00,33,2,10924,192.94,192.99,192.93,192.95,114,MSTR
2025-11-20 12:57:00+00:00,33,2,10924,192.92,192.94,192.87,192.93,44,MSTR
2025-11-20 12:58:00+00:00,33,2,10924,192.87,192.94,192.87,192.94,274,MSTR
2025-11-20 12:59:00+00:00,33,2,10924,192.89,192.98,192.89,192.89,23,MSTR
2025-11-20 13:00:00+00:00,33,2,10924,192.94,193.13,192.94,193.13,8504,MSTR
2025-11-20 13:01:00+00:00,33,2,10924,193.33,193.35,193.23,193.35,72,MSTR
2025-11-20 13:02:00+00:00,33,2,10924,193.46,193.5,193.09,193.09,1101,MSTR
2025-11-20 13:03:00+00:00,33,2,10924,193.32,193.36,193.07,193.07,756,MSTR
2025-11-20 13:04:00+00:00,33,2,10924,192.91,192.91,192.91,192.91,25,MSTR
2025-11-20 13:05:00+00:00,33,2,10924,193.12,193.13,193.12,193.13,150,MSTR
2025-11-20 13:06:00+00:00,33,2,10924,192.87,193.0,192.87,193.0,43,MSTR
2025-11-20 13:07:00+00:00,33,2,10924,193.0,193.0,193.0,193.0,31,MSTR
2025-11-20 13:08:00+00:00,33,2,10924,192.87,192.87,192.87,192.87,3,MSTR
2025-11-20 13:09:00+00:00,33,2,10924,193.0,193.0,193.0,193.0,1,MSTR
2025-11-20 13:10:00+00:00,33,2,10924,192.89,192.89,192.63,192.68,30,MSTR
2025-11-20 13:12:00+00:00,33,2,10924,192.88,192.88,192.88,192.88,7,MSTR
2025-11-20 13:13:00+00:00,33,2,10924,192.99,193.29,192.99,193.29,385,MSTR
2025-11-20 13:14:00+00:00,33,2,10924,193.35,193.38,193.35,193.38,1050,MSTR
2025-11-20 13:15:00+00:00,33,2,10924,193.39,193.39,193.35,193.35,104,MSTR
2025-11-20 13:17:00+00:00,33,2,10924,193.25,193.5,193.25,193.36,2749,MSTR
2025-11-20 13:19:00+00:00,33,2,10924,193.01,193.01,193.0,193.0,58,MSTR
2025-11-20 13:20:00+00:00,33,2,10924,193.01,193.01,192.79,192.79,107,MSTR
2025-11-20 13:21:00+00:00,33,2,10924,192.84,193.01,192.84,193.01,240,MSTR
2025-11-20 13:22:00+00:00,33,2,10924,192.91,192.91,192.61,192.61,32,MSTR
2025-11-20 13:23:00+00:00,33,2,10924,192.4,192.64,192.4,192.64,700,MSTR
2025-11-20 13:24:00+00:00,33,2,10924,192.5,192.53,192.5,192.53,12,MSTR
2025-11-20 13:25:00+00:00,33,2,10924,192.59,192.81,192.59,192.81,742,MSTR
2025-11-20 13:26:00+00:00,33,2,10924,192.79,192.79,192.35,192.35,142,MSTR
2025-11-20 13:27:00+00:00,33,2,10924,192.38,192.38,192.38,192.38,35,MSTR
2025-11-20 13:28:00+00:00,33,2,10924,192.27,192.27,192.26,192.26,30,MSTR
2025-11-20 13:29:00+00:00,33,2,10924,192.57,192.57,192.5,192.5,500,MSTR
2025-11-20 13:30:00+00:00,33,2,10924,192.52,193.1,192.52,193.1,45,MSTR
2025-11-20 13:31:00+00:00,33,2,10924,193.39,194.41,193.39,194.41,2492,MSTR
2025-11-20 13:32:00+00:00,33,2,10924,194.21,194.21,193.25,193.25,1797,MSTR
2025-11-20 13:33:00+00:00,33,2,10924,193.23,193.25,192.88,192.88,525,MSTR
2025-11-20 13:34:00+00:00,33,2,10924,192.7,193.2,192.5,192.68,694,MSTR
2025-11-20 13:35:00+00:00,33,2,10924,192.44,192.44,192.22,192.23,316,MSTR
2025-11-20 13:36:00+00:00,33,2,10924,192.15,192.15,191.57,191.6,7765,MSTR
2025-11-20 13:37:00+00:00,33,2,10924,192.0,192.49,192.0,192.49,13,MSTR
2025-11-20 13:38:00+00:00,33,2,10924,192.5,192.99,192.39,192.48,1734,MSTR
2025-11-20 13:39:00+00:00,33,2,10924,192.23,192.47,192.05,192.45,1665,MSTR
2025-11-20 13:40:00+00:00,33,2,10924,192.05,192.18,192.0,192.18,315,MSTR
2025-11-20 13:41:00+00:00,33,2,10924,192.06,192.14,191.8,192.14,276,MSTR
2025-11-20 13:42:00+00:00,33,2,10924,192.15,192.16,192.14,192.16,80,MSTR
2025-11-20 13:43:00+00:00,33,2,10924,192.22,192.22,192.08,192.08,117,MSTR
2025-11-20 13:44:00+00:00,33,2,10924,192.1,192.1,191.56,191.58,423,MSTR
2025-11-20 13:45:00+00:00,33,2,10924,191.66,191.66,191.14,191.14,1090,MSTR
2025-11-20 13:46:00+00:00,33,2,10924,191.71,191.73,191.51,191.73,320,MSTR
2025-11-20 13:47:00+00:00,33,2,10924,192.05,192.05,192.05,192.05,5,MSTR
2025-11-20 13:48:00+00:00,33,2,10924,192.02,192.02,191.77,191.77,613,MSTR
2025-11-20 13:49:00+00:00,33,2,10924,191.88,191.93,191.88,191.93,45,MSTR
2025-11-20 13:50:00+00:00,33,2,10924,191.91,191.91,191.91,191.91,200,MSTR
2025-11-20 13:51:00+00:00,33,2,10924,192.23,192.99,192.23,192.7,183,MSTR
2025-11-20 13:52:00+00:00,33,2,10924,192.4,192.4,192.2,192.39,1178,MSTR
2025-11-20 13:53:00+00:00,33,2,10924,192.43,192.5,192.43,192.5,550,MSTR
2025-11-20 13:54:00+00:00,33,2,10924,192.67,192.68,192.47,192.68,330,MSTR
2025-11-20 13:55:00+00:00,33,2,10924,192.24,192.5,192.24,192.5,285,MSTR
2025-11-20 13:56:00+00:00,33,2,10924,192.25,192.25,192.23,192.23,1200,MSTR
2025-11-20 13:57:00+00:00,33,2,10924,192.16,192.65,192.15,192.5,1168,MSTR
2025-11-20 13:58:00+00:00,33,2,10924,192.5,192.7,192.42,192.42,942,MSTR
2025-11-20 13:59:00+00:00,33,2,10924,192.7,192.7,192.4,192.4,628,MSTR
2025-11-20 14:00:00+00:00,33,2,10924,192.44,192.44,191.47,191.47,1948,MSTR
2025-11-20 14:01:00+00:00,33,2,10924,191.57,192.0,191.5,191.76,4500,MSTR
2025-11-20 14:02:00+00:00,33,2,10924,191.89,191.89,191.7,191.73,111,MSTR
2025-11-20 14:03:00+00:00,33,2,10924,191.92,192.02,191.4,191.4,1617,MSTR
2025-11-20 14:04:00+00:00,33,2,10924,191.4,191.4,190.9,191.04,2903,MSTR
2025-11-20 14:05:00+00:00,33,2,10924,190.96,191.13,190.69,190.72,1674,MSTR
2025-11-20 14:06:00+00:00,33,2,10924,190.96,191.45,190.96,191.1,1387,MSTR
2025-11-20 14:07:00+00:00,33,2,10924,191.3,191.3,190.6,190.6,1846,MSTR
2025-11-20 14:08:00+00:00,33,2,10924,190.57,190.57,190.25,190.25,10857,MSTR
2025-11-20 14:09:00+00:00,33,2,10924,190.25,190.5,189.02,189.45,7952,MSTR
2025-11-20 14:10:00+00:00,33,2,10924,189.18,189.6,189.06,189.57,3631,MSTR
2025-11-20 14:11:00+00:00,33,2,10924,189.93,190.61,189.93,190.61,1176,MSTR
2025-11-20 14:12:00+00:00,33,2,10924,190.49,190.5,189.82,189.85,2266,MSTR
2025-11-20 14:13:00+00:00,33,2,10924,190.03,190.25,190.02,190.25,1255,MSTR
2025-11-20 14:14:00+00:00,33,2,10924,190.15,190.39,190.01,190.01,560,MSTR
2025-11-20 14:15:00+00:00,33,2,10924,190.1,190.55,190.1,190.25,4007,MSTR
2025-11-20 14:16:00+00:00,33,2,10924,190.24,190.55,190.1,190.55,3290,MSTR
2025-11-20 14:17:00+00:00,33,2,10924,190.73,190.9,190.55,190.9,175,MSTR
2025-11-20 14:18:00+00:00,33,2,10924,190.85,191.7,190.82,191.7,3629,MSTR
2025-11-20 14:19:00+00:00,33,2,10924,191.7,191.7,191.18,191.18,316,MSTR
2025-11-20 14:20:00+00:00,33,2,10924,191.27,191.95,191.27,191.7,1936,MSTR
2025-11-20 14:21:00+00:00,33,2,10924,191.7,191.93,191.59,191.82,5240,MSTR
2025-11-20 14:22:00+00:00,33,2,10924,191.75,191.75,191.42,191.62,256,MSTR
2025-11-20 14:23:00+00:00,33,2,10924,191.39,191.59,191.26,191.53,1179,MSTR
2025-11-20 14:24:00+00:00,33,2,10924,191.51,191.63,191.26,191.3,1328,MSTR
2025-11-20 14:25:00+00:00,33,2,10924,191.4,192.0,191.4,191.5,1702,MSTR
2025-11-20 14:26:00+00:00,33,2,10924,191.91,192.1,191.72,192.01,978,MSTR
2025-11-20 14:27:00+00:00,33,2,10924,191.89,192.25,191.8,192.2,1691,MSTR
2025-11-20 14:28:00+00:00,33,2,10924,191.87,192.45,191.87,192.01,1329,MSTR
2025-11-20 14:29:00+00:00,33,2,10924,191.62,192.3,191.6,192.3,601,MSTR
2025-11-20 14:30:00+00:00,33,2,10924,192.13,193.42,190.75,190.81,139792,MSTR
2025-11-20 14:31:00+00:00,33,2,10924,190.95,191.83,190.58,191.57,20313,MSTR
2025-11-20 14:32:00+00:00,33,2,10924,191.59,192.57,191.1,192.49,12196,MSTR
2025-11-20 14:33:00+00:00,33,2,10924,192.41,192.6,191.2,191.275,18470,MSTR
2025-11-20 14:34:00+00:00,33,2,10924,191.3,191.72,190.62,191.15,17663,MSTR
2025-11-20 14:35:00+00:00,33,2,10924,191.15,192.255,191.03,191.67,10014,MSTR
2025-11-20 14:36:00+00:00,33,2,10924,191.54,191.57,190.7,191.18,6042,MSTR
2025-11-20 14:37:00+00:00,33,2,10924,191.36,191.58,190.36,190.66,10253,MSTR
2025-11-20 14:38:00+00:00,33,2,10924,190.715,190.815,189.57,189.75,15138,MSTR
2025-11-20 14:39:00+00:00,33,2,10924,189.7,190.28,189.36,190.21,13404,MSTR
2025-11-20 14:40:00+00:00,33,2,10924,190.29,190.56,189.43,189.53,15550,MSTR
2025-11-20 14:41:00+00:00,33,2,10924,189.67,189.83,188.93,189.36,16291,MSTR
2025-11-20 14:42:00+00:00,33,2,10924,189.37,189.56,188.175,188.36,12161,MSTR
2025-11-20 14:43:00+00:00,33,2,10924,188.38,189.13,188.24,188.73,16253,MSTR
2025-11-20 14:44:00+00:00,33,2,10924,188.73,188.8,187.75,187.86,24276,MSTR
2025-11-20 14:45:00+00:00,33,2,10924,187.86,187.86,187.11,187.71,22999,MSTR
2025-11-20 14:46:00+00:00,33,2,10924,187.78,188.0,187.08,187.62,15511,MSTR
2025-11-20 14:47:00+00:00,33,2,10924,187.56,189.08,187.555,188.79,7880,MSTR
2025-11-20 14:48:00+00:00,33,2,10924,188.81,188.84,188.15,188.31,10074,MSTR
2025-11-20 14:49:00+00:00,33,2,10924,188.36,188.46,187.0,187.145,16432,MSTR
2025-11-20 14:50:00+00:00,33,2,10924,187.24,188.28,187.07,188.28,12138,MSTR
2025-11-20 14:51:00+00:00,33,2,10924,188.32,188.8,187.67,188.0,21986,MSTR
2025-11-20 14:52:00+00:00,33,2,10924,187.985,188.74,187.71,188.08,16967,MSTR
2025-11-20 14:53:00+00:00,33,2,10924,188.06,188.42,187.7,187.75,12163,MSTR
2025-11-20 14:54:00+00:00,33,2,10924,187.74,187.95,187.4,187.69,9868,MSTR
2025-11-20 14:55:00+00:00,33,2,10924,187.7,189.19,187.6,188.78,36841,MSTR
2025-11-20 14:56:00+00:00,33,2,10924,188.8,189.2,188.75,188.87,16876,MSTR
2025-11-20 14:57:00+00:00,33,2,10924,188.83,188.95,187.94,188.48,8811,MSTR
2025-11-20 14:58:00+00:00,33,2,10924,188.42,188.5,187.75,188.09,17295,MSTR
2025-11-20 14:59:00+00:00,33,2,10924,188.11,188.18,187.47,187.91,9056,MSTR
2025-11-20 15:00:00+00:00,33,2,10924,188.0,188.08,187.0,187.05,12870,MSTR
2025-11-20 15:01:00+00:00,33,2,10924,187.05,187.2,186.65,187.13,20309,MSTR
2025-11-20 15:02:00+00:00,33,2,10924,187.05,187.785,187.01,187.76,26057,MSTR
2025-11-20 15:03:00+00:00,33,2,10924,187.76,188.0,187.15,187.855,16873,MSTR
2025-11-20 15:04:00+00:00,33,2,10924,187.85,188.83,187.81,188.3,20812,MSTR
2025-11-20 15:05:00+00:00,33,2,10924,188.2,188.22,186.14,186.39,26854,MSTR
2025-11-20 15:06:00+00:00,33,2,10924,186.39,186.57,185.66,185.75,16410,MSTR
2025-11-20 15:07:00+00:00,33,2,10924,185.77,186.66,185.5,186.485,17858,MSTR
2025-11-20 15:08:00+00:00,33,2,10924,186.48,186.9,186.0,186.13,13738,MSTR
2025-11-20 15:09:00+00:00,33,2,10924,186.08,186.22,185.68,185.95,9226,MSTR
2025-11-20 15:10:00+00:00,33,2,10924,185.94,186.57,185.75,186.1,11337,MSTR
2025-11-20 15:11:00+00:00,33,2,10924,186.08,186.45,185.7,185.7,8190,MSTR
2025-11-20 15:12:00+00:00,33,2,10924,185.75,186.23,185.41,185.47,15967,MSTR
2025-11-20 15:13:00+00:00,33,2,10924,185.47,186.24,185.45,185.74,11357,MSTR
2025-11-20 15:14:00+00:00,33,2,10924,185.71,185.71,185.05,185.21,16123,MSTR
2025-11-20 15:15:00+00:00,33,2,10924,185.3,185.55,185.0,185.0,19201,MSTR
2025-11-20 15:16:00+00:00,33,2,10924,185.0,185.62,185.0,185.19,12196,MSTR
2025-11-20 15:17:00+00:00,33,2,10924,185.19,185.4,185.0,185.1,15675,MSTR
2025-11-20 15:18:00+00:00,33,2,10924,185.1,186.25,185.07,185.91,19965,MSTR
2025-11-20 15:19:00+00:00,33,2,10924,185.81,186.39,185.81,186.03,9807,MSTR
2025-11-20 15:20:00+00:00,33,2,10924,186.04,186.57,186.02,186.54,14583,MSTR
2025-11-20 15:21:00+00:00,33,2,10924,186.57,186.71,186.0,186.49,10333,MSTR
2025-11-20 15:22:00+00:00,33,2,10924,186.49,187.06,186.42,186.91,11506,MSTR
2025-11-20 15:23:00+00:00,33,2,10924,186.8,187.55,186.69,187.29,12977,MSTR
2025-11-20 15:24:00+00:00,33,2,10924,187.23,187.74,187.23,187.35,12281,MSTR
2025-11-20 15:25:00+00:00,33,2,10924,187.36,187.36,186.54,186.64,9981,MSTR
2025-11-20 15:26:00+00:00,33,2,10924,186.625,187.14,186.625,187.03,7146,MSTR
2025-11-20 15:27:00+00:00,33,2,10924,187.03,187.03,186.07,186.27,5341,MSTR
2025-11-20 15:28:00+00:00,33,2,10924,186.32,186.86,186.13,186.64,5521,MSTR
2025-11-20 15:29:00+00:00,33,2,10924,186.67,187.04,186.47,186.61,11998,MSTR
2025-11-20 15:30:00+00:00,33,2,10924,186.52,186.6,186.0,186.2,7916,MSTR
2025-11-20 15:31:00+00:00,33,2,10924,186.18,186.61,186.04,186.51,5226,MSTR
2025-11-20 15:32:00+00:00,33,2,10924,186.52,186.95,186.26,186.42,7914,MSTR
2025-11-20 15:33:00+00:00,33,2,10924,186.35,186.35,185.15,185.2,13728,MSTR
2025-11-20 15:34:00+00:00,33,2,10924,185.2,185.29,184.8,184.81,12649,MSTR
2025-11-20 15:35:00+00:00,33,2,10924,184.81,185.4,184.73,185.4,13731,MSTR
2025-11-20 15:36:00+00:00,33,2,10924,185.3,186.19,185.3,186.1,6514,MSTR
2025-11-20 15:37:00+00:00,33,2,10924,186.14,187.15,186.11,187.15,6210,MSTR
2025-11-20 15:38:00+00:00,33,2,10924,187.19,187.2,186.63,186.86,6467,MSTR
2025-11-20 15:39:00+00:00,33,2,10924,186.89,186.91,186.13,186.13,5429,MSTR
2025-11-20 15:40:00+00:00,33,2,10924,186.09,186.28,185.51,185.78,4753,MSTR
2025-11-20 15:41:00+00:00,33,2,10924,185.8,185.8,185.25,185.63,6753,MSTR
2025-11-20 15:42:00+00:00,33,2,10924,185.57,185.8,185.4,185.655,4082,MSTR
2025-11-20 15:43:00+00:00,33,2,10924,185.74,186.3,185.74,186.115,6348,MSTR
2025-11-20 15:44:00+00:00,33,2,10924,186.14,186.64,186.14,186.38,4471,MSTR
2025-11-20 15:45:00+00:00,33,2,10924,186.33,186.55,185.91,186.52,8112,MSTR
2025-11-20 15:46:00+00:00,33,2,10924,186.53,186.68,185.76,185.83,8513,MSTR
2025-11-20 15:47:00+00:00,33,2,10924,185.85,185.94,184.91,184.93,10459,MSTR
2025-11-20 15:48:00+00:00,33,2,10924,184.93,184.93,183.81,184.21,49157,MSTR
2025-11-20 15:49:00+00:00,33,2,10924,184.17,184.17,183.7,183.82,13606,MSTR
2025-11-20 15:50:00+00:00,33,2,10924,183.81,183.86,183.5,183.68,12357,MSTR
2025-11-20 15:51:00+00:00,33,2,10924,183.64,183.69,183.2,183.36,15812,MSTR
2025-11-20 15:52:00+00:00,33,2,10924,183.45,184.0,183.45,184.0,7252,MSTR
2025-11-20 15:53:00+00:00,33,2,10924,183.89,184.28,183.71,184.03,6785,MSTR
2025-11-20 15:54:00+00:00,33,2,10924,184.13,184.2,183.61,183.65,4017,MSTR
2025-11-20 15:55:00+00:00,33,2,10924,183.64,183.64,183.25,183.25,7956,MSTR
2025-11-20 15:56:00+00:00,33,2,10924,183.27,183.5,183.15,183.41,8423,MSTR
2025-11-20 15:57:00+00:00,33,2,10924,183.395,183.7,183.27,183.52,7766,MSTR
2025-11-20 15:58:00+00:00,33,2,10924,183.5,183.5,182.65,182.65,12501,MSTR
2025-11-20 15:59:00+00:00,33,2,10924,182.68,182.76,182.47,182.63,18473,MSTR
2025-11-20 16:00:00+00:00,33,2,10924,182.59,182.84,182.42,182.59,16601,MSTR
2025-11-20 16:01:00+00:00,33,2,10924,182.56,182.96,182.43,182.73,10838,MSTR
2025-11-20 16:02:00+00:00,33,2,10924,182.76,182.86,182.38,182.39,7130,MSTR
2025-11-20 16:03:00+00:00,33,2,10924,182.4,182.51,182.15,182.22,12477,MSTR
2025-11-20 16:04:00+00:00,33,2,10924,182.22,182.22,181.89,181.95,18410,MSTR
2025-11-20 16:05:00+00:00,33,2,10924,181.92,182.06,181.71,182.01,21491,MSTR
2025-11-20 16:06:00+00:00,33,2,10924,182.0,182.47,181.8,182.29,9850,MSTR
2025-11-20 16:07:00+00:00,33,2,10924,182.26,182.26,181.65,181.91,12566,MSTR
2025-11-20 16:08:00+00:00,33,2,10924,181.87,182.18,181.73,182.18,5242,MSTR
2025-11-20 16:09:00+00:00,33,2,10924,182.18,182.3,181.99,182.005,5568,MSTR
2025-11-20 16:10:00+00:00,33,2,10924,181.97,182.08,181.3,181.42,12713,MSTR
2025-11-20 16:11:00+00:00,33,2,10924,181.465,181.51,181.2,181.275,10623,MSTR
2025-11-20 16:12:00+00:00,33,2,10924,181.27,181.31,180.66,180.73,24112,MSTR
2025-11-20 16:13:00+00:00,33,2,10924,180.73,181.25,180.72,180.86,27093,MSTR
2025-11-20 16:14:00+00:00,33,2,10924,180.83,180.85,180.4,180.47,14857,MSTR
2025-11-20 16:15:00+00:00,33,2,10924,180.48,180.48,179.87,179.93,34918,MSTR
2025-11-20 16:16:00+00:00,33,2,10924,179.93,179.93,179.25,179.49,89662,MSTR
2025-11-20 16:17:00+00:00,33,2,10924,179.5,179.66,179.2,179.39,23055,MSTR
2025-11-20 16:18:00+00:00,33,2,10924,179.34,179.385,178.73,178.73,18857,MSTR
2025-11-20 16:19:00+00:00,33,2,10924,178.74,178.96,178.29,178.78,30098,MSTR
2025-11-20 16:20:00+00:00,33,2,10924,178.73,179.82,178.71,179.39,26633,MSTR
2025-11-20 16:21:00+00:00,33,2,10924,179.34,179.73,179.2,179.225,14365,MSTR
2025-11-20 16:22:00+00:00,33,2,10924,179.17,179.17,178.065,178.17,25127,MSTR
2025-11-20 16:23:00+00:00,33,2,10924,178.21,179.37,178.09,179.04,18869,MSTR
2025-11-20 16:24:00+00:00,33,2,10924,179.0,179.55,178.605,179.34,17208,MSTR
2025-11-20 16:25:00+00:00,33,2,10924,179.36,179.59,178.74,179.255,14896,MSTR
2025-11-20 16:26:00+00:00,33,2,10924,179.31,179.51,178.86,179.27,15124,MSTR
2025-11-20 16:27:00+00:00,33,2,10924,179.24,180.77,179.23,180.54,19121,MSTR
2025-11-20 16:28:00+00:00,33,2,10924,180.52,180.6,180.19,180.2,9038,MSTR
2025-11-20 16:29:00+00:00,33,2,10924,180.2,180.2,179.53,179.55,10413,MSTR
2025-11-20 16:30:00+00:00,33,2,10924,179.55,179.55,178.95,179.27,11500,MSTR
2025-11-20 16:31:00+00:00,33,2,10924,179.3,179.505,178.81,178.955,7797,MSTR
2025-11-20 16:32:00+00:00,33,2,10924,178.955,179.53,178.955,179.03,4288,MSTR
2025-11-20 16:33:00+00:00,33,2,10924,179.03,179.85,179.03,179.67,9156,MSTR
2025-11-20 16:34:00+00:00,33,2,10924,179.72,179.9,179.33,179.45,10910,MSTR
2025-11-20 16:35:00+00:00,33,2,10924,179.49,179.59,179.02,179.02,8000,MSTR
2025-11-20 16:36:00+00:00,33,2,10924,179.02,179.69,179.0,179.145,6124,MSTR
2025-11-20 16:37:00+00:00,33,2,10924,179.29,179.74,179.1,179.355,5146,MSTR
2025-11-20 16:38:00+00:00,33,2,10924,179.355,179.355,178.75,178.85,7910,MSTR
2025-11-20 16:39:00+00:00,33,2,10924,178.92,179.56,178.85,179.36,8781,MSTR
2025-11-20 16:40:00+00:00,33,2,10924,179.32,179.32,178.5,178.535,9883,MSTR
2025-11-20 16:41:00+00:00,33,2,10924,178.56,179.1,178.47,178.6,17102,MSTR
2025-11-20 16:42:00+00:00,33,2,10924,178.57,178.98,178.55,178.62,5853,MSTR
2025-11-20 16:43:00+00:00,33,2,10924,178.63,179.24,178.57,179.0,8847,MSTR
2025-11-20 16:44:00+00:00,33,2,10924,178.96,178.99,178.16,178.35,11819,MSTR
2025-11-20 16:45:00+00:00,33,2,10924,178.25,179.03,178.15,178.26,9922,MSTR
2025-11-20 16:46:00+00:00,33,2,10924,178.35,178.37,177.57,177.75,27762,MSTR
2025-11-20 16:47:00+00:00,33,2,10924,177.8,178.77,177.71,178.55,19200,MSTR
2025-11-20 16:48:00+00:00,33,2,10924,178.59,178.82,178.25,178.58,4938,MSTR
2025-11-20 16:49:00+00:00,33,2,10924,178.54,179.05,177.9,178.27,17161,MSTR
2025-11-20 16:50:00+00:00,33,2,10924,178.29,178.54,177.9,178.19,9902,MSTR
2025-11-20 16:51:00+00:00,33,2,10924,178.09,178.33,177.45,178.23,27850,MSTR
2025-11-20 16:52:00+00:00,33,2,10924,178.28,178.435,177.53,177.63,10304,MSTR
2025-11-20 16:53:00+00:00,33,2,10924,177.62,178.35,177.62,177.66,3805,MSTR
2025-11-20 16:54:00+00:00,33,2,10924,177.7,177.77,176.15,176.36,83517,MSTR
2025-11-20 16:55:00+00:00,33,2,10924,176.32,176.56,175.86,175.92,16649,MSTR
2025-11-20 16:56:00+00:00,33,2,10924,175.92,176.16,175.77,175.81,21193,MSTR
2025-11-20 16:57:00+00:00,33,2,10924,175.78,175.8,175.46,175.56,9373,MSTR
2025-11-20 16:58:00+00:00,33,2,10924,175.55,176.11,175.3,176.035,15876,MSTR
2025-11-20 16:59:00+00:00,33,2,10924,176.07,176.41,175.5,176.32,16865,MSTR
2025-11-20 17:00:00+00:00,33,2,10924,176.26,178.03,175.84,177.14,40250,MSTR
2025-11-20 17:01:00+00:00,33,2,10924,177.215,177.47,176.93,177.28,8905,MSTR
2025-11-20 17:02:00+00:00,33,2,10924,177.36,177.63,176.77,177.07,21240,MSTR
2025-11-20 17:03:00+00:00,33,2,10924,177.02,177.69,176.55,176.9,25394,MSTR
2025-11-20 17:04:00+00:00,33,2,10924,177.0,177.895,176.81,177.74,11878,MSTR
2025-11-20 17:05:00+00:00,33,2,10924,177.72,177.91,177.42,177.59,5902,MSTR
2025-11-20 17:06:00+00:00,33,2,10924,177.52,177.68,177.02,177.1,11612,MSTR
2025-11-20 17:07:00+00:00,33,2,10924,177.1,177.64,176.52,177.19,20863,MSTR
2025-11-20 17:08:00+00:00,33,2,10924,177.24,177.9,176.93,177.33,19967,MSTR
2025-11-20 17:09:00+00:00,33,2,10924,177.42,177.52,176.5,176.5,21744,MSTR
2025-11-20 17:10:00+00:00,33,2,10924,176.42,176.8,176.0,176.7,13750,MSTR
2025-11-20 17:11:00+00:00,33,2,10924,176.73,176.74,176.08,176.18,5477,MSTR
2025-11-20 17:12:00+00:00,33,2,10924,176.2,176.52,175.63,175.65,10995,MSTR
2025-11-20 17:13:00+00:00,33,2,10924,175.63,175.71,174.995,175.085,64979,MSTR
2025-11-20 17:14:00+00:00,33,2,10924,175.11,176.62,175.11,176.12,18615,MSTR
2025-11-20 17:15:00+00:00,33,2,10924,176.12,176.47,175.7,176.33,10025,MSTR
2025-11-20 17:16:00+00:00,33,2,10924,176.23,176.28,175.06,175.08,12862,MSTR
2025-11-20 17:17:00+00:00,33,2,10924,175.19,175.35,174.78,174.82,20769,MSTR
2025-11-20 17:18:00+00:00,33,2,10924,174.79,175.1,174.3,174.77,24857,MSTR
2025-11-20 17:19:00+00:00,33,2,10924,174.84,175.0,174.23,174.75,10868,MSTR
2025-11-20 17:20:00+00:00,33,2,10924,174.77,175.0,174.06,174.55,12105,MSTR
2025-11-20 17:21:00+00:00,33,2,10924,174.65,175.54,174.65,175.42,12416,MSTR
2025-11-20 17:22:00+00:00,33,2,10924,175.41,175.79,174.98,175.42,10093,MSTR
2025-11-20 17:23:00+00:00,33,2,10924,175.49,176.4,175.49,176.23,6236,MSTR
2025-11-20 17:24:00+00:00,33,2,10924,176.23,176.74,175.39,175.39,8260,MSTR
2025-11-20 17:25:00+00:00,33,2,10924,175.485,175.52,174.48,174.8,10586,MSTR
2025-11-20 17:26:00+00:00,33,2,10924,174.815,175.54,174.7,175.53,9117,MSTR
2025-11-20 17:27:00+00:00,33,2,10924,175.48,175.77,174.69,174.85,7655,MSTR
2025-11-20 17:28:00+00:00,33,2,10924,174.81,175.11,174.57,174.72,4903,MSTR
2025-11-20 17:29:00+00:00,33,2,10924,174.7,175.4,174.29,175.065,13623,MSTR
2025-11-20 17:30:00+00:00,33,2,10924,175.02,175.97,174.87,175.3,12238,MSTR
2025-11-20 17:31:00+00:00,33,2,10924,175.25,175.46,174.77,174.85,6634,MSTR
2025-11-20 17:32:00+00:00,33,2,10924,175.01,175.67,174.98,175.075,7963,MSTR
2025-11-20 17:33:00+00:00,33,2,10924,175.07,175.16,174.67,175.02,6856,MSTR
2025-11-20 17:34:00+00:00,33,2,10924,174.92,175.1,174.755,174.815,2259,MSTR
2025-11-20 17:35:00+00:00,33,2,10924,174.88,174.935,174.25,174.41,6122,MSTR
2025-11-20 17:36:00+00:00,33,2,10924,174.4,174.4,173.53,173.53,17851,MSTR
2025-11-20 17:37:00+00:00,33,2,10924,173.5,174.0,173.37,173.91,20680,MSTR
2025-11-20 17:38:00+00:00,33,2,10924,173.91,175.41,173.72,175.41,15208,MSTR
2025-11-20 17:39:00+00:00,33,2,10924,175.4,176.0,175.3,175.91,16060,MSTR
2025-11-20 17:40:00+00:00,33,2,10924,175.91,176.26,175.08,175.44,16314,MSTR
2025-11-20 17:41:00+00:00,33,2,10924,175.41,175.9,175.01,175.11,3849,MSTR
2025-11-20 17:42:00+00:00,33,2,10924,175.125,175.27,174.47,174.47,5589,MSTR
2025-11-20 17:43:00+00:00,33,2,10924,174.44,174.52,173.79,173.87,8164,MSTR
2025-11-20 17:44:00+00:00,33,2,10924,173.87,174.28,173.77,173.77,4455,MSTR
2025-11-20 17:45:00+00:00,33,2,10924,173.81,173.88,173.49,173.54,7212,MSTR
2025-11-20 17:46:00+00:00,33,2,10924,173.46,173.46,173.01,173.23,10254,MSTR
2025-11-20 17:47:00+00:00,33,2,10924,173.26,173.53,173.07,173.51,12204,MSTR
2025-11-20 17:48:00+00:00,33,2,10924,173.55,173.99,173.33,173.37,6878,MSTR
2025-11-20 17:49:00+00:00,33,2,10924,173.45,173.65,173.06,173.445,6491,MSTR
2025-11-20 17:50:00+00:00,33,2,10924,173.51,174.41,173.39,174.335,8121,MSTR
2025-11-20 17:51:00+00:00,33,2,10924,174.335,174.91,174.12,174.88,32924,MSTR
2025-11-20 17:52:00+00:00,33,2,10924,174.87,175.62,174.86,175.43,12181,MSTR
2025-11-20 17:53:00+00:00,33,2,10924,175.4,175.88,174.31,174.315,8345,MSTR
2025-11-20 17:54:00+00:00,33,2,10924,174.35,174.61,174.2,174.42,7546,MSTR
2025-11-20 17:55:00+00:00,33,2,10924,174.52,175.35,174.385,175.22,6370,MSTR
2025-11-20 17:56:00+00:00,33,2,10924,175.3,175.875,175.12,175.74,4703,MSTR
2025-11-20 17:57:00+00:00,33,2,10924,175.8,176.27,175.71,175.92,4171,MSTR
2025-11-20 17:58:00+00:00,33,2,10924,175.97,176.48,175.97,176.31,5151,MSTR
2025-11-20 17:59:00+00:00,33,2,10924,176.38,176.38,175.85,175.95,7274,MSTR
2025-11-20 18:00:00+00:00,33,2,10924,175.95,176.58,175.31,176.52,13889,MSTR
2025-11-20 18:01:00+00:00,33,2,10924,176.53,176.99,175.92,176.58,26037,MSTR
2025-11-20 18:02:00+00:00,33,2,10924,176.5,177.2,176.3,177.02,9579,MSTR
2025-11-20 18:03:00+00:00,33,2,10924,176.95,177.15,176.63,176.63,6552,MSTR
2025-11-20 18:04:00+00:00,33,2,10924,176.61,176.89,176.46,176.775,5784,MSTR
2025-11-20 18:05:00+00:00,33,2,10924,176.76,177.09,176.57,176.8,5758,MSTR
2025-11-20 18:06:00+00:00,33,2,10924,176.85,178.0,176.84,177.94,18955,MSTR
2025-11-20 18:07:00+00:00,33,2,10924,177.87,177.91,177.08,177.19,6817,MSTR
2025-11-20 18:08:00+00:00,33,2,10924,177.29,177.69,177.22,177.69,6539,MSTR
2025-11-20 18:09:00+00:00,33,2,10924,177.5,178.14,177.5,178.0,22587,MSTR
2025-11-20 18:10:00+00:00,33,2,10924,177.92,178.07,177.5,177.51,5905,MSTR
2025-11-20 18:11:00+00:00,33,2,10924,177.57,178.27,177.57,178.0,9942,MSTR
2025-11-20 18:12:00+00:00,33,2,10924,177.99,178.3,177.87,178.08,7879,MSTR
2025-11-20 18:13:00+00:00,33,2,10924,178.0,178.39,177.81,178.07,7941,MSTR
2025-11-20 18:14:00+00:00,33,2,10924,178.08,178.59,178.05,178.5,13649,MSTR
2025-11-20 18:15:00+00:00,33,2,10924,178.52,178.55,177.91,178.03,4923,MSTR
2025-11-20 18:16:00+00:00,33,2,10924,178.04,178.26,177.25,177.25,12259,MSTR
2025-11-20 18:17:00+00:00,33,2,10924,177.28,177.57,176.83,176.83,13929,MSTR
2025-11-20 18:18:00+00:00,33,2,10924,176.83,176.9,176.44,176.59,13293,MSTR
2025-11-20 18:19:00+00:00,33,2,10924,176.55,176.88,176.5,176.88,5843,MSTR
2025-11-20 18:20:00+00:00,33,2,10924,176.88,177.25,176.66,176.79,5323,MSTR
2025-11-20 18:21:00+00:00,33,2,10924,176.78,176.91,175.98,175.99,13983,MSTR
2025-11-20 18:22:00+00:00,33,2,10924,175.97,176.29,175.9,176.23,3773,MSTR
2025-11-20 18:23:00+00:00,33,2,10924,176.13,176.155,175.56,176.14,6764,MSTR
2025-11-20 18:24:00+00:00,33,2,10924,176.15,176.25,175.34,175.4,6106,MSTR
2025-11-20 18:25:00+00:00,33,2,10924,175.35,176.03,175.27,176.03,18159,MSTR
2025-11-20 18:26:00+00:00,33,2,10924,176.03,176.38,175.87,175.99,7057,MSTR
2025-11-20 18:27:00+00:00,33,2,10924,176.05,176.13,175.74,175.85,4258,MSTR
2025-11-20 18:28:00+00:00,33,2,10924,175.78,175.83,175.44,175.55,3786,MSTR
2025-11-20 18:29:00+00:00,33,2,10924,175.56,175.9,175.49,175.68,7224,MSTR
2025-11-20 18:30:00+00:00,33,2,10924,175.61,175.8,175.29,175.75,2816,MSTR
2025-11-20 18:31:00+00:00,33,2,10924,175.85,176.01,175.48,175.52,5159,MSTR
2025-11-20 18:32:00+00:00,33,2,10924,175.52,175.66,175.18,175.22,7231,MSTR
2025-11-20 18:33:00+00:00,33,2,10924,175.27,175.55,175.17,175.42,5024,MSTR
2025-11-20 18:34:00+00:00,33,2,10924,175.38,175.99,175.38,175.98,4000,MSTR
2025-11-20 18:35:00+00:00,33,2,10924,175.99,176.09,175.46,175.46,5232,MSTR
2025-11-20 18:36:00+00:00,33,2,10924,175.44,175.51,175.13,175.23,4412,MSTR
2025-11-20 18:37:00+00:00,33,2,10924,175.16,175.36,175.0,175.025,7468,MSTR
2025-11-20 18:38:00+00:00,33,2,10924,175.065,175.2,174.57,174.85,8303,MSTR
2025-11-20 18:39:00+00:00,33,2,10924,174.86,174.88,174.31,174.61,6285,MSTR
2025-11-20 18:40:00+00:00,33,2,10924,174.61,174.61,174.3,174.43,6444,MSTR
2025-11-20 18:41:00+00:00,33,2,10924,174.41,174.54,174.06,174.41,9783,MSTR
2025-11-20 18:42:00+00:00,33,2,10924,174.36,174.52,174.13,174.13,4681,MSTR
2025-11-20 18:43:00+00:00,33,2,10924,174.12,174.16,173.97,174.11,12648,MSTR
2025-11-20 18:44:00+00:00,33,2,10924,174.06,174.18,173.95,173.97,8052,MSTR
2025-11-20 18:45:00+00:00,33,2,10924,173.97,173.98,173.61,173.65,4816,MSTR
2025-11-20 18:46:00+00:00,33,2,10924,173.61,173.85,173.45,173.45,10553,MSTR
2025-11-20 18:47:00+00:00,33,2,10924,173.44,173.64,173.15,173.205,11156,MSTR
2025-11-20 18:48:00+00:00,33,2,10924,173.13,173.25,173.0,173.12,12684,MSTR
2025-11-20 18:49:00+00:00,33,2,10924,173.11,173.37,173.09,173.255,8517,MSTR
2025-11-20 18:50:00+00:00,33,2,10924,173.22,173.22,172.52,172.54,20548,MSTR
2025-11-20 18:51:00+00:00,33,2,10924,172.53,172.98,172.51,172.78,10843,MSTR
2025-11-20 18:52:00+00:00,33,2,10924,172.76,172.76,172.44,172.49,9644,MSTR
2025-11-20 18:53:00+00:00,33,2,10924,172.52,172.57,172.08,172.11,7437,MSTR
2025-11-20 18:54:00+00:00,33,2,10924,172.115,172.42,172.02,172.07,12721,MSTR
2025-11-20 18:55:00+00:00,33,2,10924,172.07,172.29,172.01,172.19,11282,MSTR
2025-11-20 18:56:00+00:00,33,2,10924,172.14,172.34,171.8,171.84,19061,MSTR
2025-11-20 18:57:00+00:00,33,2,10924,171.84,172.04,171.78,171.88,8550,MSTR
2025-11-20 18:58:00+00:00,33,2,10924,171.87,172.97,171.86,172.92,10994,MSTR
2025-11-20 18:59:00+00:00,33,2,10924,172.935,173.43,172.74,172.74,14580,MSTR
2025-11-20 19:00:00+00:00,33,2,10924,172.73,172.89,172.55,172.83,6100,MSTR
2025-11-20 19:01:00+00:00,33,2,10924,172.79,173.27,172.77,173.0,12232,MSTR
2025-11-20 19:02:00+00:00,33,2,10924,172.98,173.27,172.6,172.6,13732,MSTR
2025-11-20 19:03:00+00:00,33,2,10924,172.57,172.9,172.52,172.59,4350,MSTR
2025-11-20 19:04:00+00:00,33,2,10924,172.55,172.67,171.78,171.86,22697,MSTR
2025-11-20 19:05:00+00:00,33,2,10924,171.86,172.48,171.59,172.32,10368,MSTR
2025-11-20 19:06:00+00:00,33,2,10924,172.3,172.49,171.49,172.39,15849,MSTR
2025-11-20 19:07:00+00:00,33,2,10924,172.32,173.1,172.28,172.7,24665,MSTR
2025-11-20 19:08:00+00:00,33,2,10924,172.71,172.96,172.42,172.62,5930,MSTR
2025-11-20 19:09:00+00:00,33,2,10924,172.69,173.07,172.61,173.04,6607,MSTR
2025-11-20 19:10:00+00:00,33,2,10924,172.98,173.16,172.59,173.06,6941,MSTR
2025-11-20 19:11:00+00:00,33,2,10924,173.08,173.65,173.08,173.41,14678,MSTR
2025-11-20 19:12:00+00:00,33,2,10924,173.37,173.41,172.77,173.04,6857,MSTR
2025-11-20 19:13:00+00:00,33,2,10924,173.02,173.87,172.82,173.43,8125,MSTR
2025-11-20 19:14:00+00:00,33,2,10924,173.35,173.88,173.19,173.76,7399,MSTR
2025-11-20 19:15:00+00:00,33,2,10924,173.72,174.12,173.65,173.92,16712,MSTR
2025-11-20 19:16:00+00:00,33,2,10924,173.905,174.01,173.73,173.77,6971,MSTR
2025-11-20 19:17:00+00:00,33,2,10924,173.78,174.55,173.7,174.45,30006,MSTR
2025-11-20 19:18:00+00:00,33,2,10924,174.46,175.4,174.45,175.19,30317,MSTR
2025-11-20 19:19:00+00:00,33,2,10924,175.2,175.61,174.855,175.43,13907,MSTR
2025-11-20 19:20:00+00:00,33,2,10924,175.31,176.56,175.29,176.56,30102,MSTR
2025-11-20 19:21:00+00:00,33,2,10924,176.565,176.82,176.4,176.4,18810,MSTR
2025-11-20 19:22:00+00:00,33,2,10924,176.445,177.15,176.36,177.09,19349,MSTR
2025-11-20 19:23:00+00:00,33,2,10924,177.09,177.68,177.06,177.38,12058,MSTR
2025-11-20 19:24:00+00:00,33,2,10924,177.41,177.46,176.91,177.01,11856,MSTR
2025-11-20 19:25:00+00:00,33,2,10924,177.01,177.505,176.77,177.505,11155,MSTR
2025-11-20 19:26:00+00:00,33,2,10924,177.45,178.1,177.35,178.0,28205,MSTR
2025-11-20 19:27:00+00:00,33,2,10924,178.02,178.42,177.98,178.38,6880,MSTR
2025-11-20 19:28:00+00:00,33,2,10924,178.41,178.81,178.41,178.66,17710,MSTR
2025-11-20 19:29:00+00:00,33,2,10924,178.64,178.64,178.06,178.07,9230,MSTR
2025-11-20 19:30:00+00:00,33,2,10924,178.05,178.05,176.4,176.86,27480,MSTR
2025-11-20 19:31:00+00:00,33,2,10924,176.84,177.01,176.12,176.34,16356,MSTR
2025-11-20 19:32:00+00:00,33,2,10924,176.37,176.37,175.55,176.13,13059,MSTR
2025-11-20 19:33:00+00:00,33,2,10924,176.15,176.3,175.81,175.93,10081,MSTR
2025-11-20 19:34:00+00:00,33,2,10924,175.92,175.94,175.7,175.86,10684,MSTR
2025-11-20 19:35:00+00:00,33,2,10924,175.88,176.27,175.86,176.1,6607,MSTR
2025-11-20 19:36:00+00:00,33,2,10924,176.13,176.8,176.045,176.76,7840,MSTR
2025-11-20 19:37:00+00:00,33,2,10924,176.76,177.38,176.76,177.01,12235,MSTR
2025-11-20 19:38:00+00:00,33,2,10924,177.01,177.08,175.79,175.79,11348,MSTR
2025-11-20 19:39:00+00:00,33,2,10924,175.81,176.01,175.36,175.775,9778,MSTR
2025-11-20 19:40:00+00:00,33,2,10924,175.72,175.76,175.3,175.3,9720,MSTR
2025-11-20 19:41:00+00:00,33,2,10924,175.33,175.5,175.04,175.37,11905,MSTR
2025-11-20 19:42:00+00:00,33,2,10924,175.3,176.08,175.0,175.66,22432,MSTR
2025-11-20 19:43:00+00:00,33,2,10924,175.83,176.16,175.525,175.78,5856,MSTR
2025-11-20 19:44:00+00:00,33,2,10924,175.75,176.25,175.75,176.13,5451,MSTR
2025-11-20 19:45:00+00:00,33,2,10924,176.14,176.39,175.64,175.84,6475,MSTR
2025-11-20 19:46:00+00:00,33,2,10924,175.87,175.9,175.06,175.175,5026,MSTR
2025-11-20 19:47:00+00:00,33,2,10924,175.08,175.37,174.85,175.26,8866,MSTR
2025-11-20 19:48:00+00:00,33,2,10924,175.3,175.61,175.06,175.61,8132,MSTR
2025-11-20 19:49:00+00:00,33,2,10924,175.57,175.57,175.25,175.45,3556,MSTR
2025-11-20 19:50:00+00:00,33,2,10924,175.49,175.96,175.49,175.76,9629,MSTR
2025-11-20 19:51:00+00:00,33,2,10924,175.83,176.39,175.25,176.31,17640,MSTR
2025-11-20 19:52:00+00:00,33,2,10924,176.29,176.92,176.12,176.62,10109,MSTR
2025-11-20 19:53:00+00:00,33,2,10924,176.51,176.96,176.3,176.73,10623,MSTR
2025-11-20 19:54:00+00:00,33,2,10924,176.73,177.6,176.7,177.4,15214,MSTR
2025-11-20 19:55:00+00:00,33,2,10924,177.42,178.115,176.98,177.97,5759,MSTR
2025-11-20 19:56:00+00:00,33,2,10924,177.96,178.33,177.58,177.76,11134,MSTR
2025-11-20 19:57:00+00:00,33,2,10924,177.82,178.98,177.82,178.87,10906,MSTR
2025-11-20 19:58:00+00:00,33,2,10924,178.82,179.22,178.67,178.9,14312,MSTR
2025-11-20 19:59:00+00:00,33,2,10924,178.88,179.74,178.81,179.46,32448,MSTR
2025-11-20 20:00:00+00:00,33,2,10924,179.49,179.49,178.89,179.17,11689,MSTR
2025-11-20 20:01:00+00:00,33,2,10924,179.22,179.36,178.92,179.125,9101,MSTR
2025-11-20 20:02:00+00:00,33,2,10924,179.125,179.13,178.77,178.97,5591,MSTR
2025-11-20 20:03:00+00:00,33,2,10924,179.0,179.18,178.68,178.94,9415,MSTR
2025-11-20 20:04:00+00:00,33,2,10924,178.97,179.24,178.42,178.42,12895,MSTR
2025-11-20 20:05:00+00:00,33,2,10924,178.34,178.43,177.65,178.43,6734,MSTR
2025-11-20 20:06:00+00:00,33,2,10924,178.42,178.57,177.88,178.36,5989,MSTR
2025-11-20 20:07:00+00:00,33,2,10924,178.33,178.33,177.47,177.59,6904,MSTR
2025-11-20 20:08:00+00:00,33,2,10924,177.55,177.74,177.41,177.49,4859,MSTR
2025-11-20 20:09:00+00:00,33,2,10924,177.45,177.7,177.32,177.49,3667,MSTR
2025-11-20 20:10:00+00:00,33,2,10924,177.49,177.8,177.35,177.72,6522,MSTR
2025-11-20 20:11:00+00:00,33,2,10924,177.7,177.7,177.04,177.36,4658,MSTR
2025-11-20 20:12:00+00:00,33,2,10924,177.21,177.51,177.01,177.06,3526,MSTR
2025-11-20 20:13:00+00:00,33,2,10924,177.06,177.09,176.19,176.19,14352,MSTR
2025-11-20 20:14:00+00:00,33,2,10924,176.265,176.265,175.79,175.82,9242,MSTR
2025-11-20 20:15:00+00:00,33,2,10924,175.85,176.18,175.66,176.18,11156,MSTR
2025-11-20 20:16:00+00:00,33,2,10924,176.18,176.79,176.07,176.755,9841,MSTR
2025-11-20 20:17:00+00:00,33,2,10924,176.66,176.7,176.42,176.45,9091,MSTR
2025-11-20 20:18:00+00:00,33,2,10924,176.485,177.15,176.485,177.11,7893,MSTR
2025-11-20 20:19:00+00:00,33,2,10924,177.12,177.31,177.1,177.285,4151,MSTR
2025-11-20 20:20:00+00:00,33,2,10924,177.26,177.66,176.84,177.51,7439,MSTR
2025-11-20 20:21:00+00:00,33,2,10924,177.61,178.48,177.6,178.36,9186,MSTR
2025-11-20 20:22:00+00:00,33,2,10924,178.49,179.01,178.16,178.925,12580,MSTR
2025-11-20 20:23:00+00:00,33,2,10924,178.85,178.91,178.42,178.525,4255,MSTR
2025-11-20 20:24:00+00:00,33,2,10924,178.525,178.58,177.11,177.14,34323,MSTR
2025-11-20 20:25:00+00:00,33,2,10924,177.17,177.26,176.82,177.045,5271,MSTR
2025-11-20 20:26:00+00:00,33,2,10924,176.99,177.46,176.95,177.07,10533,MSTR
2025-11-20 20:27:00+00:00,33,2,10924,177.03,178.55,176.995,178.48,13075,MSTR
2025-11-20 20:28:00+00:00,33,2,10924,178.43,179.3,178.42,179.235,5698,MSTR
2025-11-20 20:29:00+00:00,33,2,10924,179.3,179.66,179.06,179.46,6462,MSTR
2025-11-20 20:30:00+00:00,33,2,10924,179.46,180.29,179.46,180.14,34211,MSTR
2025-11-20 20:31:00+00:00,33,2,10924,180.09,180.2,179.63,179.74,9792,MSTR
2025-11-20 20:32:00+00:00,33,2,10924,179.76,179.84,179.44,179.65,4958,MSTR
2025-11-20 20:33:00+00:00,33,2,10924,179.64,179.83,179.03,179.08,11502,MSTR
2025-11-20 20:34:00+00:00,33,2,10924,179.06,179.19,178.5,178.965,17810,MSTR
2025-11-20 20:35:00+00:00,33,2,10924,178.965,179.16,178.78,178.81,8691,MSTR
2025-11-20 20:36:00+00:00,33,2,10924,178.84,179.44,178.81,179.2,13090,MSTR
2025-11-20 20:37:00+00:00,33,2,10924,179.25,179.31,178.92,179.03,5983,MSTR
2025-11-20 20:38:00+00:00,33,2,10924,179.02,179.14,178.71,178.825,5575,MSTR
2025-11-20 20:39:00+00:00,33,2,10924,178.83,178.85,178.35,178.35,5579,MSTR
2025-11-20 20:40:00+00:00,33,2,10924,178.28,178.46,177.96,178.04,15991,MSTR
2025-11-20 20:41:00+00:00,33,2,10924,178.045,178.14,177.83,177.98,8318,MSTR
2025-11-20 20:42:00+00:00,33,2,10924,177.91,177.94,177.19,177.19,23958,MSTR
2025-11-20 20:43:00+00:00,33,2,10924,177.2,177.65,177.04,177.04,9946,MSTR
2025-11-20 20:44:00+00:00,33,2,10924,177.13,177.22,176.67,176.82,23644,MSTR
2025-11-20 20:45:00+00:00,33,2,10924,176.86,177.05,176.67,176.9,10177,MSTR
2025-11-20 20:46:00+00:00,33,2,10924,176.86,177.02,176.44,176.46,15546,MSTR
2025-11-20 20:47:00+00:00,33,2,10924,176.5,176.85,176.26,176.79,13521,MSTR
2025-11-20 20:48:00+00:00,33,2,10924,176.81,177.21,176.775,177.21,12006,MSTR
2025-11-20 20:49:00+00:00,33,2,10924,177.21,177.21,176.87,176.9,8255,MSTR
2025-11-20 20:50:00+00:00,33,2,10924,176.92,177.78,176.81,177.48,26344,MSTR
2025-11-20 20:51:00+00:00,33,2,10924,177.47,177.76,177.0,177.635,20098,MSTR
2025-11-20 20:52:00+00:00,33,2,10924,177.635,178.04,177.42,177.62,30204,MSTR
2025-11-20 20:53:00+00:00,33,2,10924,177.65,177.69,177.105,177.11,16302,MSTR
2025-11-20 20:54:00+00:00,33,2,10924,177.1,177.32,176.84,177.29,24704,MSTR
2025-11-20 20:55:00+00:00,33,2,10924,177.26,177.98,177.23,177.92,37837,MSTR
2025-11-20 20:56:00+00:00,33,2,10924,177.94,178.09,177.8,177.82,46507,MSTR
2025-11-20 20:57:00+00:00,33,2,10924,177.81,178.06,177.36,177.62,42406,MSTR
2025-11-20 20:58:00+00:00,33,2,10924,177.61,177.63,177.115,177.115,35126,MSTR
2025-11-20 20:59:00+00:00,33,2,10924,177.115,177.29,176.65,177.19,131264,MSTR
2025-11-20 21:00:00+00:00,33,2,10924,177.13,177.13,176.6,177.08,1230013,MSTR
2025-11-20 21:01:00+00:00,33,2,10924,177.13,177.18,176.89,177.0,1306,MSTR
2025-11-20 21:02:00+00:00,33,2,10924,176.94,177.2,176.77,177.01,2127,MSTR
2025-11-20 21:04:00+00:00,33,2,10924,177.18,177.18,177.05,177.12,189,MSTR
2025-11-20 21:05:00+00:00,33,2,10924,177.12,177.31,177.11,177.31,276,MSTR
2025-11-20 21:06:00+00:00,33,2,10924,177.37,177.5,177.23,177.41,3830,MSTR
2025-11-20 21:07:00+00:00,33,2,10924,177.41,177.41,177.22,177.24,108,MSTR
2025-11-20 21:08:00+00:00,33,2,10924,177.29,177.29,177.2,177.24,127,MSTR
2025-11-20 21:09:00+00:00,33,2,10924,177.27,177.27,176.85,176.85,1573,MSTR
2025-11-20 21:10:00+00:00,33,2,10924,176.88,177.31,176.85,177.3,922,MSTR
2025-11-20 21:11:00+00:00,33,2,10924,177.15,177.15,177.01,177.01,160,MSTR
2025-11-20 21:12:00+00:00,33,2,10924,177.05,177.39,177.05,177.26,983,MSTR
2025-11-20 21:13:00+00:00,33,2,10924,177.33,177.36,177.27,177.27,50,MSTR
2025-11-20 21:14:00+00:00,33,2,10924,177.36,177.36,177.36,177.36,144,MSTR
2025-11-20 21:15:00+00:00,33,2,10924,177.36,177.43,177.26,177.27,1328,MSTR
2025-11-20 21:16:00+00:00,33,2,10924,177.26,177.26,177.01,177.02,141,MSTR
2025-11-20 21:17:00+00:00,33,2,10924,177.02,177.02,176.94,176.94,124,MSTR
2025-11-20 21:18:00+00:00,33,2,10924,176.94,177.24,176.94,177.2,1187,MSTR
2025-11-20 21:19:00+00:00,33,2,10924,177.06,177.14,177.05,177.14,29,MSTR
2025-11-20 21:20:00+00:00,33,2,10924,177.28,177.69,177.13,177.67,1389,MSTR
2025-11-20 21:21:00+00:00,33,2,10924,177.69,178.79,177.67,178.7,2275,MSTR
2025-11-20 21:22:00+00:00,33,2,10924,178.59,178.9,178.57,178.78,1167,MSTR
2025-11-20 21:23:00+00:00,33,2,10924,178.66,179.5,178.6,179.12,935,MSTR
2025-11-20 21:24:00+00:00,33,2,10924,179.01,179.02,178.3,178.5,922,MSTR
2025-11-20 21:25:00+00:00,33,2,10924,178.38,178.38,177.84,177.84,352,MSTR
2025-11-20 21:26:00+00:00,33,2,10924,178.05,178.2,177.83,178.2,320,MSTR
2025-11-20 21:27:00+00:00,33,2,10924,178.25,178.25,178.02,178.02,150,MSTR
2025-11-20 21:28:00+00:00,33,2,10924,178.0,178.0,177.86,177.86,121,MSTR
2025-11-20 21:29:00+00:00,33,2,10924,177.98,178.13,177.98,178.13,331,MSTR
2025-11-20 21:30:00+00:00,33,2,10924,178.0,178.0,178.0,178.0,110,MSTR
2025-11-20 21:31:00+00:00,33,2,10924,177.97,177.97,177.9,177.9,259,MSTR
2025-11-20 21:32:00+00:00,33,2,10924,178.0,178.44,177.95,178.44,743,MSTR
2025-11-20 21:33:00+00:00,33,2,10924,178.14,178.39,178.13,178.39,50,MSTR
2025-11-20 21:34:00+00:00,33,2,10924,178.33,178.33,178.33,178.33,40,MSTR
2025-11-20 21:35:00+00:00,33,2,10924,178.19,178.45,178.19,178.45,251,MSTR
2025-11-20 21:36:00+00:00,33,2,10924,178.37,178.37,178.23,178.3,44,MSTR
2025-11-20 21:37:00+00:00,33,2,10924,178.42,178.43,178.42,178.43,82,MSTR
2025-11-20 21:38:00+00:00,33,2,10924,178.32,178.42,178.3,178.42,120,MSTR
2025-11-20 21:39:00+00:00,33,2,10924,178.24,178.24,178.24,178.24,100,MSTR
2025-11-20 21:40:00+00:00,33,2,10924,178.07,178.07,177.84,177.84,145,MSTR
2025-11-20 21:41:00+00:00,33,2,10924,177.89,177.89,177.61,177.73,254,MSTR
2025-11-20 21:42:00+00:00,33,2,10924,178.05,178.11,178.05,178.1,14,MSTR
2025-11-20 21:43:00+00:00,33,2,10924,178.05,178.06,178.0,178.0,1027,MSTR
2025-11-20 21:44:00+00:00,33,2,10924,178.0,178.0,178.0,178.0,3,MSTR
2025-11-20 21:45:00+00:00,33,2,10924,178.1,178.16,178.1,178.11,143,MSTR
2025-11-20 21:46:00+00:00,33,2,10924,178.24,178.24,178.24,178.24,20,MSTR
2025-11-20 21:47:00+00:00,33,2,10924,178.34,178.45,178.34,178.45,245,MSTR
2025-11-20 21:48:00+00:00,33,2,10924,178.27,178.45,178.27,178.31,177,MSTR
2025-11-20 21:49:00+00:00,33,2,10924,178.29,178.44,178.2,178.25,344,MSTR
2025-11-20 21:50:00+00:00,33,2,10924,178.15,178.2,177.66,177.66,613,MSTR
2025-11-20 21:51:00+00:00,33,2,10924,177.61,177.79,177.44,177.57,211,MSTR
2025-11-20 21:52:00+00:00,33,2,10924,177.51,177.62,177.51,177.62,117,MSTR
2025-11-20 21:53:00+00:00,33,2,10924,177.51,177.51,177.51,177.51,100,MSTR
2025-11-20 21:54:00+00:00,33,2,10924,177.72,177.72,177.5,177.5,49,MSTR
2025-11-20 21:55:00+00:00,33,2,10924,177.59,177.59,177.25,177.41,505,MSTR
2025-11-20 21:56:00+00:00,33,2,10924,177.47,177.49,177.2,177.2,77,MSTR
2025-11-20 21:57:00+00:00,33,2,10924,177.21,177.3,177.21,177.3,21,MSTR
2025-11-20 21:58:00+00:00,33,2,10924,177.18,177.25,176.99,177.0,2602,MSTR
2025-11-20 21:59:00+00:00,33,2,10924,177.0,177.13,177.0,177.13,22,MSTR
2025-11-20 22:00:00+00:00,33,2,10924,177.01,177.01,176.91,176.91,51,MSTR
2025-11-20 22:01:00+00:00,33,2,10924,176.77,176.77,176.75,176.75,7,MSTR
2025-11-20 22:02:00+00:00,33,2,10924,176.76,176.86,176.61,176.7,234,MSTR
2025-11-20 22:03:00+00:00,33,2,10924,176.87,176.87,176.43,176.52,217,MSTR
2025-11-20 22:04:00+00:00,33,2,10924,176.52,176.7,176.4,176.5,333,MSTR
2025-11-20 22:05:00+00:00,33,2,10924,176.52,176.9,176.52,176.9,270,MSTR
2025-11-20 22:06:00+00:00,33,2,10924,176.87,176.87,176.87,176.87,5,MSTR
2025-11-20 22:07:00+00:00,33,2,10924,176.98,177.0,176.91,177.0,42,MSTR
2025-11-20 22:09:00+00:00,33,2,10924,176.96,176.96,176.96,176.96,37,MSTR
2025-11-20 22:10:00+00:00,33,2,10924,176.83,177.18,176.83,176.85,56,MSTR
2025-11-20 22:12:00+00:00,33,2,10924,177.56,177.56,177.56,177.56,12,MSTR
2025-11-20 22:13:00+00:00,33,2,10924,177.29,177.6,177.28,177.44,60,MSTR
2025-11-20 22:14:00+00:00,33,2,10924,177.5,177.72,177.27,177.72,412,MSTR
2025-11-20 22:15:00+00:00,33,2,10924,177.76,177.84,177.57,177.84,24,MSTR
2025-11-20 22:17:00+00:00,33,2,10924,177.79,177.79,177.71,177.71,172,MSTR
2025-11-20 22:18:00+00:00,33,2,10924,177.75,177.75,177.4,177.4,205,MSTR
2025-11-20 22:20:00+00:00,33,2,10924,177.24,177.24,177.13,177.13,10,MSTR
2025-11-20 22:21:00+00:00,33,2,10924,176.8,177.0,176.8,176.8,48,MSTR
2025-11-20 22:22:00+00:00,33,2,10924,176.97,177.0,176.97,176.97,257,MSTR
2025-11-20 22:23:00+00:00,33,2,10924,177.01,177.01,176.97,176.97,42,MSTR
2025-11-20 22:24:00+00:00,33,2,10924,177.01,177.01,176.7,176.7,115,MSTR
2025-11-20 22:25:00+00:00,33,2,10924,176.81,176.81,176.81,176.81,1,MSTR
2025-11-20 22:26:00+00:00,33,2,10924,176.81,177.35,176.81,177.2,304,MSTR
2025-11-20 22:27:00+00:00,33,2,10924,177.04,177.31,177.03,177.3,166,MSTR
2025-11-20 22:28:00+00:00,33,2,10924,177.14,177.4,177.13,177.14,164,MSTR
2025-11-20 22:29:00+00:00,33,2,10924,177.36,177.6,177.36,177.6,994,MSTR
2025-11-20 22:30:00+00:00,33,2,10924,177.49,177.69,177.49,177.69,81,MSTR
2025-11-20 22:31:00+00:00,33,2,10924,177.77,177.77,177.49,177.71,112,MSTR
2025-11-20 22:32:00+00:00,33,2,10924,177.77,177.8,177.7,177.7,17,MSTR
2025-11-20 22:33:00+00:00,33,2,10924,177.8,177.8,177.7,177.7,542,MSTR
2025-11-20 22:34:00+00:00,33,2,10924,177.06,177.13,177.05,177.13,178,MSTR
2025-11-20 22:35:00+00:00,33,2,10924,177.07,177.07,177.07,177.07,200,MSTR
2025-11-20 22:36:00+00:00,33,2,10924,177.5,177.5,177.26,177.26,319,MSTR
2025-11-20 22:37:00+00:00,33,2,10924,177.27,177.5,177.26,177.5,253,MSTR
2025-11-20 22:38:00+00:00,33,2,10924,177.49,177.7,177.28,177.6,190,MSTR
2025-11-20 22:39:00+00:00,33,2,10924,177.3,177.43,177.29,177.43,53,MSTR
2025-11-20 22:40:00+00:00,33,2,10924,177.3,177.3,177.26,177.26,246,MSTR
2025-11-20 22:41:00+00:00,33,2,10924,177.27,177.5,177.26,177.45,493,MSTR
2025-11-20 22:42:00+00:00,33,2,10924,177.45,177.51,176.72,176.72,3362,MSTR
2025-11-20 22:43:00+00:00,33,2,10924,176.7,176.85,176.43,176.85,248,MSTR
2025-11-20 22:44:00+00:00,33,2,10924,177.49,177.49,177.49,177.49,10,MSTR
2025-11-20 22:46:00+00:00,33,2,10924,177.09,177.25,177.09,177.21,584,MSTR
2025-11-20 22:47:00+00:00,33,2,10924,177.71,178.0,177.71,178.0,1075,MSTR
2025-11-20 22:48:00+00:00,33,2,10924,177.88,177.88,177.88,177.88,10,MSTR
2025-11-20 22:49:00+00:00,33,2,10924,177.8,177.8,177.78,177.78,1282,MSTR
2025-11-20 22:50:00+00:00,33,2,10924,177.6,177.6,177.6,177.6,40,MSTR
2025-11-20 22:53:00+00:00,33,2,10924,177.13,177.13,177.02,177.02,63,MSTR
2025-11-20 22:54:00+00:00,33,2,10924,177.22,177.22,177.21,177.22,15,MSTR
2025-11-20 22:55:00+00:00,33,2,10924,177.22,177.22,177.22,177.22,1,MSTR
2025-11-20 22:56:00+00:00,33,2,10924,177.08,177.09,177.08,177.08,200,MSTR
2025-11-20 22:57:00+00:00,33,2,10924,177.22,177.43,177.22,177.43,259,MSTR
2025-11-20 22:58:00+00:00,33,2,10924,177.14,177.47,177.1,177.47,183,MSTR
2025-11-20 22:59:00+00:00,33,2,10924,177.43,177.88,177.43,177.88,1175,MSTR
2025-11-20 23:00:00+00:00,33,2,10924,177.6,177.6,177.6,177.6,8,MSTR
2025-11-20 23:01:00+00:00,33,2,10924,177.81,178.16,177.8,178.16,287,MSTR
2025-11-20 23:02:00+00:00,33,2,10924,178.2,178.36,178.0,178.0,311,MSTR
2025-11-20 23:03:00+00:00,33,2,10924,178.0,178.0,178.0,178.0,21,MSTR
2025-11-20 23:05:00+00:00,33,2,10924,177.75,177.75,177.75,177.75,2,MSTR
2025-11-20 23:06:00+00:00,33,2,10924,177.75,177.75,177.75,177.75,7,MSTR
2025-11-20 23:07:00+00:00,33,2,10924,177.53,177.53,177.0,177.0,267,MSTR
2025-11-20 23:08:00+00:00,33,2,10924,176.81,176.81,176.54,176.61,185,MSTR
2025-11-20 23:09:00+00:00,33,2,10924,176.72,176.74,176.39,176.39,177,MSTR
2025-11-20 23:11:00+00:00,33,2,10924,176.67,176.67,176.25,176.25,215,MSTR
2025-11-20 23:12:00+00:00,33,2,10924,176.05,176.05,176.0,176.01,299,MSTR
2025-11-20 23:13:00+00:00,33,2,10924,176.03,176.15,176.0,176.03,193,MSTR
2025-11-20 23:14:00+00:00,33,2,10924,176.18,176.2,176.18,176.2,29,MSTR
2025-11-20 23:15:00+00:00,33,2,10924,176.03,176.39,176.03,176.39,79,MSTR
2025-11-20 23:17:00+00:00,33,2,10924,176.35,176.39,176.35,176.39,164,MSTR
2025-11-20 23:18:00+00:00,33,2,10924,176.93,176.93,176.58,176.58,273,MSTR
2025-11-20 23:19:00+00:00,33,2,10924,176.58,176.7,176.58,176.7,54,MSTR
2025-11-20 23:20:00+00:00,33,2,10924,176.93,176.93,176.93,176.93,29,MSTR
2025-11-20 23:21:00+00:00,33,2,10924,176.9,176.9,176.6,176.6,2,MSTR
2025-11-20 23:22:00+00:00,33,2,10924,176.66,176.77,176.65,176.65,190,MSTR
2025-11-20 23:23:00+00:00,33,2,10924,176.7,176.77,176.65,176.77,120,MSTR
2025-11-20 23:25:00+00:00,33,2,10924,177.28,177.49,177.28,177.49,365,MSTR
2025-11-20 23:28:00+00:00,33,2,10924,177.37,177.65,177.37,177.65,88,MSTR
2025-11-20 23:29:00+00:00,33,2,10924,177.22,177.5,177.22,177.25,113,MSTR
2025-11-20 23:30:00+00:00,33,2,10924,177.2,177.2,177.17,177.17,22,MSTR
2025-11-20 23:31:00+00:00,33,2,10924,177.04,177.04,177.04,177.04,162,MSTR
2025-11-20 23:32:00+00:00,33,2,10924,177.05,177.4,177.04,177.06,408,MSTR
2025-11-20 23:33:00+00:00,33,2,10924,177.36,177.36,177.0,177.0,130,MSTR
2025-11-20 23:34:00+00:00,33,2,10924,177.25,177.25,177.25,177.25,11,MSTR
2025-11-20 23:35:00+00:00,33,2,10924,177.14,177.14,177.0,177.0,141,MSTR
2025-11-20 23:36:00+00:00,33,2,10924,177.19,177.19,176.9,176.9,257,MSTR
2025-11-20 23:37:00+00:00,33,2,10924,176.9,176.9,176.76,176.76,564,MSTR
2025-11-20 23:38:00+00:00,33,2,10924,176.95,176.95,176.66,176.66,16,MSTR
2025-11-20 23:39:00+00:00,33,2,10924,176.66,176.66,176.66,176.66,30,MSTR
2025-11-20 23:40:00+00:00,33,2,10924,176.62,176.62,176.62,176.62,300,MSTR
2025-11-20 23:42:00+00:00,33,2,10924,176.71,176.75,176.7,176.75,163,MSTR
2025-11-20 23:43:00+00:00,33,2,10924,176.75,176.75,176.73,176.73,103,MSTR
2025-11-20 23:44:00+00:00,33,2,10924,176.85,176.97,176.85,176.97,186,MSTR
2025-11-20 23:45:00+00:00,33,2,10924,176.87,176.97,176.78,176.78,126,MSTR
2025-11-20 23:46:00+00:00,33,2,10924,176.8,176.97,176.76,176.97,50,MSTR
2025-11-20 23:47:00+00:00,33,2,10924,176.97,176.97,176.81,176.81,62,MSTR
2025-11-20 23:49:00+00:00,33,2,10924,176.82,176.9,176.7,176.76,393,MSTR
2025-11-20 23:50:00+00:00,33,2,10924,176.77,176.77,176.77,176.77,8,MSTR
2025-11-20 23:51:00+00:00,33,2,10924,176.76,176.76,176.2,176.2,819,MSTR
2025-11-20 23:52:00+00:00,33,2,10924,176.4,176.4,176.4,176.4,5,MSTR
2025-11-20 23:53:00+00:00,33,2,10924,176.09,176.09,176.06,176.06,67,MSTR
2025-11-20 23:54:00+00:00,33,2,10924,176.02,176.4,176.02,176.4,36,MSTR
2025-11-20 23:55:00+00:00,33,2,10924,176.69,176.69,176.69,176.69,35,MSTR
2025-11-20 23:56:00+00:00,33,2,10924,176.63,176.63,176.6,176.6,81,MSTR
2025-11-20 23:57:00+00:00,33,2,10924,176.61,176.61,176.39,176.39,904,MSTR
2025-11-20 23:58:00+00:00,33,2,10924,176.04,176.5,176.04,176.3,130,MSTR
2025-11-20 23:59:00+00:00,33,2,10924,176.09,176.14,176.05,176.05,302,MSTR
2025-11-21 09:00:00+00:00,33,2,10924,171.96,172.18,171.69,172.03,3859,MSTR
2025-11-21 09:01:00+00:00,33,2,10924,172.07,172.95,171.96,172.8,12472,MSTR
2025-11-21 09:02:00+00:00,33,2,10924,173.0,173.01,172.31,172.31,1743,MSTR
2025-11-21 09:03:00+00:00,33,2,10924,172.6,172.6,172.3,172.3,1022,MSTR
2025-11-21 09:04:00+00:00,33,2,10924,172.52,172.68,172.33,172.67,619,MSTR
2025-11-21 09:05:00+00:00,33,2,10924,172.7,173.25,172.63,172.65,3242,MSTR
2025-11-21 09:06:00+00:00,33,2,10924,172.64,172.84,172.61,172.84,161,MSTR
2025-11-21 09:07:00+00:00,33,2,10924,172.67,172.92,172.55,172.73,1053,MSTR
2025-11-21 09:08:00+00:00,33,2,10924,172.7,173.09,172.7,172.93,888,MSTR
2025-11-21 09:09:00+00:00,33,2,10924,172.87,173.0,172.82,173.0,472,MSTR
2025-11-21 09:10:00+00:00,33,2,10924,172.98,172.98,172.98,172.98,1,MSTR
2025-11-21 09:11:00+00:00,33,2,10924,173.1,173.4,173.07,173.16,371,MSTR
2025-11-21 09:12:00+00:00,33,2,10924,173.22,173.65,173.22,173.45,1100,MSTR
2025-11-21 09:13:00+00:00,33,2,10924,173.45,173.45,172.76,172.95,1046,MSTR
2025-11-21 09:14:00+00:00,33,2,10924,172.83,172.83,172.76,172.76,75,MSTR
2025-11-21 09:15:00+00:00,33,2,10924,172.81,172.81,172.81,172.81,4,MSTR
2025-11-21 09:16:00+00:00,33,2,10924,172.88,172.98,172.7,172.88,572,MSTR
2025-11-21 09:17:00+00:00,33,2,10924,172.8,172.8,172.78,172.8,110,MSTR
2025-11-21 09:18:00+00:00,33,2,10924,172.8,172.93,172.8,172.87,124,MSTR
2025-11-21 09:19:00+00:00,33,2,10924,172.91,172.95,172.5,172.86,950,MSTR
2025-11-21 09:20:00+00:00,33,2,10924,172.87,172.9,172.32,172.32,1132,MSTR
2025-11-21 09:21:00+00:00,33,2,10924,172.42,172.55,172.2,172.32,471,MSTR
2025-11-21 09:22:00+00:00,33,2,10924,172.24,172.24,171.77,172.1,10559,MSTR
2025-11-21 09:23:00+00:00,33,2,10924,172.07,172.2,172.0,172.0,265,MSTR
2025-11-21 09:24:00+00:00,33,2,10924,171.87,172.15,171.84,172.01,467,MSTR
2025-11-21 09:25:00+00:00,33,2,10924,172.08,172.1,171.77,172.0,2201,MSTR
2025-11-21 09:26:00+00:00,33,2,10924,172.0,172.0,171.78,171.78,1096,MSTR
2025-11-21 09:27:00+00:00,33,2,10924,171.9,171.9,171.7,171.74,2189,MSTR
2025-11-21 09:28:00+00:00,33,2,10924,171.83,171.83,171.34,171.38,831,MSTR
2025-11-21 09:29:00+00:00,33,2,10924,171.32,171.42,171.1,171.26,1656,MSTR
2025-11-21 09:30:00+00:00,33,2,10924,171.5,171.51,170.79,171.14,3286,MSTR
2025-11-21 09:31:00+00:00,33,2,10924,171.0,171.21,170.33,170.4,2531,MSTR
2025-11-21 09:32:00+00:00,33,2,10924,170.35,170.37,169.77,169.77,1828,MSTR
2025-11-21 09:33:00+00:00,33,2,10924,169.8,169.93,169.69,169.77,1747,MSTR
2025-11-21 09:34:00+00:00,33,2,10924,169.76,170.15,169.76,169.82,2395,MSTR
2025-11-21 09:35:00+00:00,33,2,10924,169.86,169.86,169.41,169.54,1803,MSTR
2025-11-21 09:36:00+00:00,33,2,10924,169.51,169.76,169.34,169.42,1596,MSTR
2025-11-21 09:37:00+00:00,33,2,10924,169.34,169.46,169.05,169.4,1244,MSTR
2025-11-21 09:38:00+00:00,33,2,10924,169.26,169.4,168.6,168.74,4738,MSTR
2025-11-21 09:39:00+00:00,33,2,10924,168.68,168.94,168.0,168.0,4946,MSTR
2025-11-21 09:40:00+00:00,33,2,10924,168.11,168.43,168.05,168.3,1832,MSTR
2025-11-21 09:41:00+00:00,33,2,10924,168.37,168.38,168.0,168.08,2550,MSTR
2025-11-21 09:42:00+00:00,33,2,10924,167.95,168.01,167.55,167.56,2637,MSTR
2025-11-21 09:43:00+00:00,33,2,10924,167.56,167.73,167.33,167.5,2656,MSTR
2025-11-21 09:44:00+00:00,33,2,10924,167.5,168.21,167.46,168.0,8957,MSTR
2025-11-21 09:45:00+00:00,33,2,10924,167.88,167.9,167.78,167.78,331,MSTR
2025-11-21 09:46:00+00:00,33,2,10924,167.78,167.94,167.52,167.64,1180,MSTR
2025-11-21 09:47:00+00:00,33,2,10924,167.71,168.4,167.71,168.4,1113,MSTR
2025-11-21 09:48:00+00:00,33,2,10924,168.4,168.6,168.22,168.35,807,MSTR
2025-11-21 09:49:00+00:00,33,2,10924,168.23,168.6,168.2,168.6,818,MSTR
2025-11-21 09:50:00+00:00,33,2,10924,168.74,168.77,168.4,168.48,718,MSTR
2025-11-21 09:51:00+00:00,33,2,10924,168.48,168.5,168.23,168.23,254,MSTR
2025-11-21 09:52:00+00:00,33,2,10924,168.27,168.27,167.83,168.0,1461,MSTR
2025-11-21 09:53:00+00:00,33,2,10924,167.89,167.94,167.36,167.36,844,MSTR
2025-11-21 09:54:00+00:00,33,2,10924,167.42,167.47,167.27,167.35,488,MSTR
2025-11-21 09:55:00+00:00,33,2,10924,167.35,167.53,167.32,167.53,58,MSTR
2025-11-21 09:56:00+00:00,33,2,10924,167.25,167.77,166.77,167.77,1849,MSTR
2025-11-21 09:57:00+00:00,33,2,10924,167.92,168.3,167.8,168.3,606,MSTR
2025-11-21 09:58:00+00:00,33,2,10924,168.01,168.36,167.81,167.95,1767,MSTR
2025-11-21 09:59:00+00:00,33,2,10924,168.03,168.14,167.61,167.75,584,MSTR
2025-11-21 10:00:00+00:00,33,2,10924,167.76,167.81,166.95,167.0,3144,MSTR
2025-11-21 10:01:00+00:00,33,2,10924,166.89,167.0,166.69,166.69,1117,MSTR
2025-11-21 10:02:00+00:00,33,2,10924,166.88,166.92,166.63,166.63,1441,MSTR
2025-11-21 10:03:00+00:00,33,2,10924,166.66,166.66,166.2,166.25,2925,MSTR
2025-11-21 10:04:00+00:00,33,2,10924,166.33,166.35,166.0,166.0,2865,MSTR
2025-11-21 10:05:00+00:00,33,2,10924,166.0,169.05,166.0,167.28,16672,MSTR
2025-11-21 10:06:00+00:00,33,2,10924,167.08,167.26,166.77,166.99,2190,MSTR
2025-11-21 10:07:00+00:00,33,2,10924,167.0,167.26,166.61,166.61,1210,MSTR
2025-11-21 10:08:00+00:00,33,2,10924,166.8,167.29,166.8,167.29,1179,MSTR
2025-11-21 10:09:00+00:00,33,2,10924,167.27,167.36,166.6,167.31,2370,MSTR
2025-11-21 10:10:00+00:00,33,2,10924,167.29,168.21,167.29,168.21,1291,MSTR
2025-11-21 10:11:00+00:00,33,2,10924,168.18,169.2,168.18,169.2,2138,MSTR
2025-11-21 10:12:00+00:00,33,2,10924,169.11,169.55,168.41,168.41,2835,MSTR
2025-11-21 10:13:00+00:00,33,2,10924,168.6,168.64,168.3,168.55,717,MSTR
2025-11-21 10:14:00+00:00,33,2,10924,168.65,168.71,168.2,168.2,987,MSTR
2025-11-21 10:15:00+00:00,33,2,10924,168.03,168.06,167.77,167.77,297,MSTR
2025-11-21 10:16:00+00:00,33,2,10924,167.67,167.98,167.31,167.98,1156,MSTR
2025-11-21 10:17:00+00:00,33,2,10924,168.29,168.4,168.15,168.24,269,MSTR
2025-11-21 10:18:00+00:00,33,2,10924,168.25,168.3,168.25,168.3,705,MSTR
2025-11-21 10:19:00+00:00,33,2,10924,168.3,168.77,168.3,168.77,130,MSTR
2025-11-21 10:20:00+00:00,33,2,10924,168.43,168.79,168.4,168.53,390,MSTR
2025-11-21 10:21:00+00:00,33,2,10924,168.24,168.44,168.24,168.44,158,MSTR
2025-11-21 10:22:00+00:00,33,2,10924,168.53,168.78,168.44,168.55,1878,MSTR
2025-11-21 10:23:00+00:00,33,2,10924,168.69,168.7,168.36,168.36,245,MSTR
2025-11-21 10:24:00+00:00,33,2,10924,168.8,169.24,168.8,168.93,1299,MSTR
2025-11-21 10:25:00+00:00,33,2,10924,168.93,169.24,168.93,169.15,1439,MSTR
2025-11-21 10:26:00+00:00,33,2,10924,169.22,169.24,168.9,168.92,2462,MSTR
2025-11-21 10:27:00+00:00,33,2,10924,168.91,168.92,168.53,168.53,452,MSTR
2025-11-21 10:28:00+00:00,33,2,10924,168.52,168.68,168.37,168.5,702,MSTR
2025-11-21 10:29:00+00:00,33,2,10924,168.16,168.18,168.1,168.17,178,MSTR
2025-11-21 10:30:00+00:00,33,2,10924,168.3,168.97,168.3,168.9,336,MSTR
2025-11-21 10:31:00+00:00,33,2,10924,168.71,168.73,168.71,168.73,39,MSTR
2025-11-21 10:32:00+00:00,33,2,10924,169.06,169.26,169.06,169.26,1569,MSTR
2025-11-21 10:33:00+00:00,33,2,10924,169.35,169.84,169.35,169.8,956,MSTR
2025-11-21 10:34:00+00:00,33,2,10924,169.83,170.0,169.2,169.2,1073,MSTR
2025-11-21 10:35:00+00:00,33,2,10924,169.02,169.3,169.0,169.2,495,MSTR
2025-11-21 10:36:00+00:00,33,2,10924,169.34,169.56,169.33,169.56,215,MSTR
2025-11-21 10:37:00+00:00,33,2,10924,169.62,169.82,169.62,169.7,348,MSTR
2025-11-21 10:38:00+00:00,33,2,10924,169.82,170.63,169.8,170.63,1870,MSTR
2025-11-21 10:39:00+00:00,33,2,10924,170.42,170.56,170.21,170.46,711,MSTR
2025-11-21 10:40:00+00:00,33,2,10924,170.59,170.75,170.48,170.7,1090,MSTR
2025-11-21 10:41:00+00:00,33,2,10924,170.77,170.78,170.44,170.5,4619,MSTR
2025-11-21 10:42:00+00:00,33,2,10924,170.41,170.62,170.32,170.55,949,MSTR
2025-11-21 10:43:00+00:00,33,2,10924,170.48,170.55,170.4,170.55,1192,MSTR
2025-11-21 10:44:00+00:00,33,2,10924,170.52,170.52,170.29,170.3,217,MSTR
2025-11-21 10:45:00+00:00,33,2,10924,170.24,170.55,170.21,170.28,461,MSTR
2025-11-21 10:46:00+00:00,33,2,10924,170.2,170.29,170.18,170.29,145,MSTR
2025-11-21 10:47:00+00:00,33,2,10924,170.09,170.34,170.09,170.34,593,MSTR
2025-11-21 10:48:00+00:00,33,2,10924,170.2,170.2,170.01,170.1,991,MSTR
2025-11-21 10:49:00+00:00,33,2,10924,170.15,170.2,170.06,170.06,190,MSTR
2025-11-21 10:50:00+00:00,33,2,10924,170.03,170.24,169.77,170.24,721,MSTR
2025-11-21 10:51:00+00:00,33,2,10924,170.19,170.78,170.19,170.69,1525,MSTR
2025-11-21 10:52:00+00:00,33,2,10924,170.78,171.37,170.78,171.36,331,MSTR
2025-11-21 10:53:00+00:00,33,2,10924,171.38,171.4,170.99,170.99,877,MSTR
2025-11-21 10:54:00+00:00,33,2,10924,170.78,170.78,170.35,170.43,1122,MSTR
2025-11-21 10:55:00+00:00,33,2,10924,170.46,170.53,170.32,170.45,296,MSTR
2025-11-21 10:56:00+00:00,33,2,10924,170.54,170.7,170.46,170.48,598,MSTR
2025-11-21 10:57:00+00:00,33,2,10924,170.53,170.53,170.35,170.48,173,MSTR
2025-11-21 10:58:00+00:00,33,2,10924,170.7,170.7,170.3,170.3,441,MSTR
2025-11-21 10:59:00+00:00,33,2,10924,170.3,170.8,170.3,170.79,806,MSTR
2025-11-21 11:00:00+00:00,33,2,10924,170.79,170.8,170.65,170.77,898,MSTR
2025-11-21 11:01:00+00:00,33,2,10924,170.72,171.56,170.72,171.39,1916,MSTR
2025-11-21 11:02:00+00:00,33,2,10924,171.59,171.6,170.9,170.9,896,MSTR
2025-11-21 11:03:00+00:00,33,2,10924,171.17,171.28,170.9,171.28,902,MSTR
2025-11-21 11:04:00+00:00,33,2,10924,171.28,171.46,171.15,171.46,542,MSTR
2025-11-21 11:05:00+00:00,33,2,10924,171.27,171.76,171.27,171.68,3144,MSTR
2025-11-21 11:06:00+00:00,33,2,10924,171.73,171.77,171.54,171.6,696,MSTR
2025-11-21 11:07:00+00:00,33,2,10924,171.72,171.9,171.72,171.9,79,MSTR
2025-11-21 11:08:00+00:00,33,2,10924,171.9,172.0,171.64,171.64,3688,MSTR
2025-11-21 11:09:00+00:00,33,2,10924,171.73,171.81,171.6,171.81,378,MSTR
2025-11-21 11:10:00+00:00,33,2,10924,171.81,172.39,171.56,172.14,6386,MSTR
2025-11-21 11:11:00+00:00,33,2,10924,172.04,172.22,170.91,171.59,6058,MSTR
2025-11-21 11:12:00+00:00,33,2,10924,171.62,171.62,171.37,171.37,958,MSTR
2025-11-21 11:13:00+00:00,33,2,10924,171.35,171.35,171.25,171.25,325,MSTR
2025-11-21 11:14:00+00:00,33,2,10924,171.34,171.69,171.3,171.69,1039,MSTR
2025-11-21 11:15:00+00:00,33,2,10924,171.67,171.83,171.67,171.83,746,MSTR
2025-11-21 11:16:00+00:00,33,2,10924,171.78,172.0,171.78,172.0,514,MSTR
2025-11-21 11:17:00+00:00,33,2,10924,172.02,172.19,171.97,172.19,238,MSTR
2025-11-21 11:18:00+00:00,33,2,10924,171.82,172.19,171.6,172.11,2438,MSTR
2025-11-21 11:19:00+00:00,33,2,10924,172.16,172.16,171.81,171.98,454,MSTR
2025-11-21 11:20:00+00:00,33,2,10924,171.92,172.14,171.91,172.14,1125,MSTR
2025-11-21 11:21:00+00:00,33,2,10924,172.16,172.32,172.05,172.32,1762,MSTR
2025-11-21 11:22:00+00:00,33,2,10924,172.4,172.4,171.67,172.0,2081,MSTR
2025-11-21 11:23:00+00:00,33,2,10924,171.88,172.07,171.88,172.0,505,MSTR
2025-11-21 11:24:00+00:00,33,2,10924,172.0,172.0,171.88,171.88,51,MSTR
2025-11-21 11:25:00+00:00,33,2,10924,171.9,171.9,171.73,171.88,218,MSTR
2025-11-21 11:26:00+00:00,33,2,10924,171.72,171.72,171.55,171.55,397,MSTR
2025-11-21 11:27:00+00:00,33,2,10924,171.56,171.62,171.51,171.51,234,MSTR
2025-11-21 11:28:00+00:00,33,2,10924,171.35,171.55,171.35,171.35,546,MSTR
2025-11-21 11:29:00+00:00,33,2,10924,171.35,171.35,171.03,171.06,921,MSTR
2025-11-21 11:30:00+00:00,33,2,10924,171.08,171.42,170.98,171.36,571,MSTR
2025-11-21 11:31:00+00:00,33,2,10924,171.26,171.29,170.77,170.81,844,MSTR
2025-11-21 11:32:00+00:00,33,2,10924,170.92,171.15,170.85,171.15,71,MSTR
2025-11-21 11:33:00+00:00,33,2,10924,171.25,171.25,170.99,170.99,190,MSTR
2025-11-21 11:34:00+00:00,33,2,10924,171.12,171.12,170.46,170.5,2007,MSTR
2025-11-21 11:35:00+00:00,33,2,10924,170.51,170.51,170.33,170.47,206,MSTR
2025-11-21 11:36:00+00:00,33,2,10924,170.34,170.45,170.18,170.45,2110,MSTR
2025-11-21 11:37:00+00:00,33,2,10924,170.45,170.45,170.12,170.12,151,MSTR
2025-11-21 11:38:00+00:00,33,2,10924,170.2,170.2,169.77,169.8,711,MSTR
2025-11-21 11:39:00+00:00,33,2,10924,169.77,170.15,169.77,169.89,882,MSTR
2025-11-21 11:40:00+00:00,33,2,10924,169.94,170.16,169.8,169.8,1449,MSTR
2025-11-21 11:41:00+00:00,33,2,10924,169.7,169.88,169.7,169.88,78,MSTR
2025-11-21 11:42:00+00:00,33,2,10924,169.96,170.0,169.88,169.9,262,MSTR
2025-11-21 11:43:00+00:00,33,2,10924,170.0,170.18,169.77,170.18,1937,MSTR
2025-11-21 11:44:00+00:00,33,2,10924,170.36,170.77,170.36,170.55,336,MSTR
2025-11-21 11:45:00+00:00,33,2,10924,170.18,170.42,170.0,170.42,285,MSTR
2025-11-21 11:46:00+00:00,33,2,10924,170.3,170.44,170.18,170.18,96,MSTR
2025-11-21 11:47:00+00:00,33,2,10924,170.18,170.18,169.28,169.45,1557,MSTR
2025-11-21 11:48:00+00:00,33,2,10924,169.66,169.66,169.66,169.66,10,MSTR
2025-11-21 11:49:00+00:00,33,2,10924,169.5,169.73,169.31,169.49,440,MSTR
2025-11-21 11:50:00+00:00,33,2,10924,169.3,169.46,169.19,169.31,1979,MSTR
2025-11-21 11:51:00+00:00,33,2,10924,169.4,169.43,169.4,169.4,745,MSTR
2025-11-21 11:52:00+00:00,33,2,10924,169.45,169.45,169.44,169.44,391,MSTR
2025-11-21 11:53:00+00:00,33,2,10924,169.53,169.53,169.34,169.34,317,MSTR
2025-11-21 11:54:00+00:00,33,2,10924,169.3,169.3,169.2,169.21,543,MSTR
2025-11-21 11:55:00+00:00,33,2,10924,169.37,169.37,169.27,169.27,143,MSTR
2025-11-21 11:56:00+00:00,33,2,10924,169.2,169.2,169.19,169.19,175,MSTR
2025-11-21 11:58:00+00:00,33,2,10924,169.4,169.5,169.4,169.5,236,MSTR
2025-11-21 11:59:00+00:00,33,2,10924,169.41,169.65,169.39,169.55,252,MSTR
2025-11-21 12:00:00+00:00,33,2,10924,169.75,170.0,168.5,168.79,3695,MSTR
2025-11-21 12:01:00+00:00,33,2,10924,168.56,168.95,168.41,168.41,1421,MSTR
2025-11-21 12:02:00+00:00,33,2,10924,168.58,169.33,168.58,169.09,1124,MSTR
2025-11-21 12:03:00+00:00,33,2,10924,169.28,169.77,169.0,169.53,1928,MSTR
2025-11-21 12:04:00+00:00,33,2,10924,169.3,169.45,169.02,169.02,742,MSTR
2025-11-21 12:05:00+00:00,33,2,10924,169.28,169.34,168.87,168.87,1530,MSTR
2025-11-21 12:06:00+00:00,33,2,10924,168.8,169.07,168.8,169.07,629,MSTR
2025-11-21 12:07:00+00:00,33,2,10924,168.8,169.63,168.75,169.63,1332,MSTR
2025-11-21 12:08:00+00:00,33,2,10924,169.17,169.18,168.77,168.77,506,MSTR
2025-11-21 12:09:00+00:00,33,2,10924,168.85,169.0,168.8,168.9,262,MSTR
2025-11-21 12:10:00+00:00,33,2,10924,168.73,168.9,168.44,168.49,532,MSTR
2025-11-21 12:11:00+00:00,33,2,10924,168.6,168.7,168.4,168.53,963,MSTR
2025-11-21 12:12:00+00:00,33,2,10924,168.37,168.6,168.35,168.35,490,MSTR
2025-11-21 12:13:00+00:00,33,2,10924,168.45,168.85,168.25,168.78,2087,MSTR
2025-11-21 12:14:00+00:00,33,2,10924,169.0,169.85,169.0,169.85,1995,MSTR
2025-11-21 12:15:00+00:00,33,2,10924,169.52,169.75,169.24,169.24,395,MSTR
2025-11-21 12:16:00+00:00,33,2,10924,169.38,169.38,169.2,169.35,92,MSTR
2025-11-21 12:17:00+00:00,33,2,10924,169.09,169.09,168.77,168.86,1173,MSTR
2025-11-21 12:18:00+00:00,33,2,10924,168.89,168.89,168.5,168.5,919,MSTR
2025-11-21 12:19:00+00:00,33,2,10924,168.67,168.67,168.67,168.67,20,MSTR
2025-11-21 12:20:00+00:00,33,2,10924,168.78,168.78,168.5,168.5,437,MSTR
2025-11-21 12:21:00+00:00,33,2,10924,168.35,168.4,167.63,167.63,2415,MSTR
2025-11-21 12:22:00+00:00,33,2,10924,167.58,167.9,167.57,167.71,3128,MSTR
2025-11-21 12:23:00+00:00,33,2,10924,167.57,167.84,167.55,167.65,9028,MSTR
2025-11-21 12:24:00+00:00,33,2,10924,167.69,167.7,167.34,167.5,4279,MSTR
2025-11-21 12:25:00+00:00,33,2,10924,167.65,168.35,167.65,168.17,2925,MSTR
2025-11-21 12:26:00+00:00,33,2,10924,168.2,168.21,167.75,168.0,3150,MSTR
2025-11-21 12:27:00+00:00,33,2,10924,167.91,168.11,167.88,167.93,1717,MSTR
2025-11-21 12:28:00+00:00,33,2,10924,167.85,167.88,167.35,167.46,1449,MSTR
2025-11-21 12:29:00+00:00,33,2,10924,167.42,167.42,166.88,167.3,3866,MSTR
2025-11-21 12:30:00+00:00,33,2,10924,167.76,171.77,167.76,170.0,16536,MSTR
2025-11-21 12:31:00+00:00,33,2,10924,169.57,170.6,169.4,170.51,4488,MSTR
2025-11-21 12:32:00+00:00,33,2,10924,170.63,170.63,169.5,169.71,1030,MSTR
2025-11-21 12:33:00+00:00,33,2,10924,169.79,170.0,169.0,169.2,1940,MSTR
2025-11-21 12:34:00+00:00,33,2,10924,169.73,170.48,169.73,169.73,5917,MSTR
2025-11-21 12:35:00+00:00,33,2,10924,169.87,170.48,169.4,170.48,2329,MSTR
2025-11-21 12:36:00+00:00,33,2,10924,170.13,172.06,170.12,171.73,5548,MSTR
2025-11-21 12:37:00+00:00,33,2,10924,171.71,172.4,171.67,172.16,2709,MSTR
2025-11-21 12:38:00+00:00,33,2,10924,172.34,172.98,172.1,172.9,8159,MSTR
2025-11-21 12:39:00+00:00,33,2,10924,172.81,173.5,172.66,173.31,11989,MSTR
2025-11-21 12:40:00+00:00,33,2,10924,173.31,173.39,172.42,172.78,2356,MSTR
2025-11-21 12:41:00+00:00,33,2,10924,172.77,173.0,172.35,172.75,2192,MSTR
2025-11-21 12:42:00+00:00,33,2,10924,172.92,172.92,172.28,172.49,1103,MSTR
2025-11-21 12:43:00+00:00,33,2,10924,172.49,172.79,171.54,172.79,2052,MSTR
2025-11-21 12:44:00+00:00,33,2,10924,172.73,173.4,172.45,173.4,5956,MSTR
2025-11-21 12:45:00+00:00,33,2,10924,173.48,174.8,173.45,174.43,5543,MSTR
2025-11-21 12:46:00+00:00,33,2,10924,174.54,174.65,173.78,173.81,1422,MSTR
2025-11-21 12:47:00+00:00,33,2,10924,173.93,174.43,173.77,174.42,461,MSTR
2025-11-21 12:48:00+00:00,33,2,10924,174.22,174.35,173.52,173.61,792,MSTR
2025-11-21 12:49:00+00:00,33,2,10924,173.45,173.82,173.05,173.82,924,MSTR
2025-11-21 12:50:00+00:00,33,2,10924,173.82,174.6,173.82,174.5,1205,MSTR
2025-11-21 12:51:00+00:00,33,2,10924,174.51,174.51,173.6,173.99,3155,MSTR
2025-11-21 12:52:00+00:00,33,2,10924,174.0,174.11,173.26,173.26,1259,MSTR
2025-11-21 12:53:00+00:00,33,2,10924,173.33,174.3,173.32,174.19,3675,MSTR
2025-11-21 12:54:00+00:00,33,2,10924,174.38,174.87,174.36,174.87,2900,MSTR
2025-11-21 12:55:00+00:00,33,2,10924,174.88,174.95,173.75,173.75,3026,MSTR
2025-11-21 12:56:00+00:00,33,2,10924,173.94,174.06,173.44,173.5,1297,MSTR
2025-11-21 12:57:00+00:00,33,2,10924,173.2,173.37,172.93,173.37,3363,MSTR
2025-11-21 12:58:00+00:00,33,2,10924,173.11,173.44,172.77,173.33,1759,MSTR
2025-11-21 12:59:00+00:00,33,2,10924,173.33,173.33,173.0,173.0,478,MSTR
2025-11-21 13:00:00+00:00,33,2,10924,172.95,174.0,172.95,174.0,1581,MSTR
2025-11-21 13:01:00+00:00,33,2,10924,173.4,173.71,173.22,173.59,568,MSTR
2025-11-21 13:02:00+00:00,33,2,10924,173.67,173.78,173.2,173.2,1056,MSTR
2025-11-21 13:03:00+00:00,33,2,10924,173.2,173.74,173.15,173.3,896,MSTR
2025-11-21 13:04:00+00:00,33,2,10924,173.12,173.12,172.5,172.84,1406,MSTR
2025-11-21 13:05:00+00:00,33,2,10924,172.85,173.4,172.55,173.4,589,MSTR
2025-11-21 13:06:00+00:00,33,2,10924,173.07,173.77,172.95,173.5,1924,MSTR
2025-11-21 13:07:00+00:00,33,2,10924,173.62,173.74,173.5,173.63,3941,MSTR
2025-11-21 13:08:00+00:00,33,2,10924,173.75,174.1,173.75,174.1,286,MSTR
2025-11-21 13:09:00+00:00,33,2,10924,174.08,174.5,173.95,173.95,2970,MSTR
2025-11-21 13:10:00+00:00,33,2,10924,173.92,173.94,173.32,173.32,1374,MSTR
2025-11-21 13:11:00+00:00,33,2,10924,173.34,173.59,173.34,173.59,1092,MSTR
2025-11-21 13:12:00+00:00,33,2,10924,173.77,173.9,173.64,173.75,839,MSTR
2025-11-21 13:13:00+00:00,33,2,10924,173.8,174.28,173.75,174.01,1355,MSTR
2025-11-21 13:14:00+00:00,33,2,10924,174.21,174.59,174.21,174.59,1170,MSTR
2025-11-21 13:15:00+00:00,33,2,10924,174.73,174.9,174.5,174.5,1886,MSTR
2025-11-21 13:16:00+00:00,33,2,10924,174.88,175.69,174.88,175.69,5731,MSTR
2025-11-21 13:17:00+00:00,33,2,10924,175.61,177.0,175.57,176.64,4109,MSTR
2025-11-21 13:18:00+00:00,33,2,10924,176.75,176.84,176.33,176.4,795,MSTR
2025-11-21 13:19:00+00:00,33,2,10924,176.4,176.4,175.04,175.82,7533,MSTR
2025-11-21 13:20:00+00:00,33,2,10924,175.99,176.49,175.99,176.32,554,MSTR
2025-11-21 13:21:00+00:00,33,2,10924,176.48,176.77,176.0,176.0,3974,MSTR
2025-11-21 13:22:00+00:00,33,2,10924,175.97,175.97,175.3,175.3,848,MSTR
2025-11-21 13:23:00+00:00,33,2,10924,175.22,175.23,174.65,175.23,2595,MSTR
2025-11-21 13:24:00+00:00,33,2,10924,175.1,175.1,174.83,174.83,356,MSTR
2025-11-21 13:25:00+00:00,33,2,10924,174.73,174.73,174.2,174.31,4109,MSTR
2025-11-21 13:26:00+00:00,33,2,10924,174.31,174.31,173.75,173.78,1682,MSTR
2025-11-21 13:27:00+00:00,33,2,10924,173.71,173.96,173.4,173.73,2744,MSTR
2025-11-21 13:28:00+00:00,33,2,10924,173.53,173.53,173.0,173.0,2441,MSTR
2025-11-21 13:29:00+00:00,33,2,10924,173.0,173.21,173.0,173.0,5749,MSTR
2025-11-21 13:30:00+00:00,33,2,10924,173.33,173.6,173.24,173.6,910,MSTR
2025-11-21 13:31:00+00:00,33,2,10924,173.81,173.81,173.42,173.42,1618,MSTR
2025-11-21 13:32:00+00:00,33,2,10924,173.67,173.67,173.2,173.26,2012,MSTR
2025-11-21 13:33:00+00:00,33,2,10924,173.26,173.39,173.0,173.39,3371,MSTR
2025-11-21 13:34:00+00:00,33,2,10924,173.39,173.82,173.39,173.8,890,MSTR
2025-11-21 13:35:00+00:00,33,2,10924,173.87,174.01,173.71,173.81,2623,MSTR
2025-11-21 13:36:00+00:00,33,2,10924,174.0,174.94,174.0,174.94,1072,MSTR
2025-11-21 13:37:00+00:00,33,2,10924,174.85,174.95,174.54,174.71,3247,MSTR
2025-11-21 13:38:00+00:00,33,2,10924,174.72,174.72,174.14,174.5,444,MSTR
2025-11-21 13:39:00+00:00,33,2,10924,174.56,175.13,174.56,175.0,968,MSTR
2025-11-21 13:40:00+00:00,33,2,10924,175.09,175.44,175.0,175.31,2033,MSTR
2025-11-21 13:41:00+00:00,33,2,10924,175.26,175.44,175.23,175.23,4563,MSTR
2025-11-21 13:42:00+00:00,33,2,10924,175.38,175.71,175.35,175.5,5666,MSTR
2025-11-21 13:43:00+00:00,33,2,10924,175.52,175.6,174.61,174.71,4649,MSTR
2025-11-21 13:44:00+00:00,33,2,10924,174.72,174.89,174.43,174.72,2520,MSTR
2025-11-21 13:45:00+00:00,33,2,10924,174.62,174.72,174.44,174.72,1267,MSTR
2025-11-21 13:46:00+00:00,33,2,10924,174.72,174.76,173.75,174.1,2839,MSTR
2025-11-21 13:47:00+00:00,33,2,10924,174.36,174.7,174.36,174.52,256,MSTR
2025-11-21 13:48:00+00:00,33,2,10924,174.5,174.64,174.3,174.55,1368,MSTR
2025-11-21 13:49:00+00:00,33,2,10924,174.5,174.52,173.66,173.66,3194,MSTR
2025-11-21 13:50:00+00:00,33,2,10924,173.6,174.34,173.6,174.2,765,MSTR
2025-11-21 13:51:00+00:00,33,2,10924,174.21,174.37,174.0,174.37,2141,MSTR
2025-11-21 13:52:00+00:00,33,2,10924,174.48,174.73,174.47,174.7,3858,MSTR
2025-11-21 13:53:00+00:00,33,2,10924,174.74,174.94,174.7,174.93,1409,MSTR
2025-11-21 13:54:00+00:00,33,2,10924,174.81,175.05,174.77,175.01,1344,MSTR
2025-11-21 13:55:00+00:00,33,2,10924,175.1,175.1,174.41,174.41,4494,MSTR
2025-11-21 13:56:00+00:00,33,2,10924,174.55,174.55,174.35,174.37,637,MSTR
2025-11-21 13:57:00+00:00,33,2,10924,174.13,174.15,173.86,174.15,1363,MSTR
2025-11-21 13:58:00+00:00,33,2,10924,174.08,174.19,174.0,174.19,1136,MSTR
2025-11-21 13:59:00+00:00,33,2,10924,174.07,174.49,173.99,174.49,295,MSTR
2025-11-21 14:00:00+00:00,33,2,10924,174.14,174.21,174.11,174.21,29,MSTR
2025-11-21 14:01:00+00:00,33,2,10924,174.05,174.05,173.3,173.4,2799,MSTR
2025-11-21 14:02:00+00:00,33,2,10924,173.32,173.4,173.05,173.4,6754,MSTR
2025-11-21 14:03:00+00:00,33,2,10924,173.4,173.4,173.0,173.02,1703,MSTR
2025-11-21 14:04:00+00:00,33,2,10924,173.07,173.1,172.29,172.3,4388,MSTR
2025-11-21 14:05:00+00:00,33,2,10924,172.3,172.45,172.0,172.02,4748,MSTR
2025-11-21 14:06:00+00:00,33,2,10924,172.06,173.0,172.0,172.97,2152,MSTR
2025-11-21 14:07:00+00:00,33,2,10924,172.99,173.76,172.92,173.54,3848,MSTR
2025-11-21 14:08:00+00:00,33,2,10924,173.62,174.15,173.62,174.1,1844,MSTR
2025-11-21 14:09:00+00:00,33,2,10924,174.0,174.41,174.0,174.2,1041,MSTR
2025-11-21 14:10:00+00:00,33,2,10924,174.03,174.4,174.0,174.4,3869,MSTR
2025-11-21 14:11:00+00:00,33,2,10924,174.4,174.5,173.21,173.6,17261,MSTR
2025-11-21 14:12:00+00:00,33,2,10924,173.33,173.94,173.3,173.72,743,MSTR
2025-11-21 14:13:00+00:00,33,2,10924,173.51,173.51,173.5,173.5,100,MSTR
2025-11-21 14:14:00+00:00,33,2,10924,173.27,173.42,172.91,172.91,788,MSTR
2025-11-21 14:15:00+00:00,33,2,10924,172.77,172.8,172.02,172.03,2491,MSTR
2025-11-21 14:16:00+00:00,33,2,10924,172.18,172.49,172.0,172.49,2993,MSTR
2025-11-21 14:17:00+00:00,33,2,10924,172.49,172.49,172.0,172.18,1832,MSTR
2025-11-21 14:18:00+00:00,33,2,10924,172.49,173.47,172.49,173.02,6387,MSTR
2025-11-21 14:19:00+00:00,33,2,10924,172.81,173.12,172.68,173.0,1322,MSTR
2025-11-21 14:20:00+00:00,33,2,10924,173.29,173.38,173.04,173.04,586,MSTR
2025-11-21 14:21:00+00:00,33,2,10924,172.96,173.17,172.71,172.77,1582,MSTR
2025-11-21 14:22:00+00:00,33,2,10924,172.75,173.18,172.69,173.18,1697,MSTR
2025-11-21 14:23:00+00:00,33,2,10924,173.1,173.4,173.1,173.4,527,MSTR
2025-11-21 14:24:00+00:00,33,2,10924,173.38,173.44,173.06,173.1,366,MSTR
2025-11-21 14:25:00+00:00,33,2,10924,172.84,172.91,172.31,172.91,3484,MSTR
2025-11-21 14:26:00+00:00,33,2,10924,172.85,172.85,172.57,172.64,1632,MSTR
2025-11-21 14:27:00+00:00,33,2,10924,172.62,172.85,171.91,171.91,6995,MSTR
2025-11-21 14:28:00+00:00,33,2,10924,172.25,172.98,171.88,172.92,3265,MSTR
2025-11-21 14:29:00+00:00,33,2,10924,172.89,173.4,172.72,172.87,1998,MSTR
2025-11-21 14:30:00+00:00,33,2,10924,172.89,178.74,172.64,177.67,317238,MSTR
2025-11-21 14:31:00+00:00,33,2,10924,177.81,178.28,175.77,176.5,71079,MSTR
2025-11-21 14:32:00+00:00,33,2,10924,176.25,178.66,176.18,177.2,49640,MSTR
2025-11-21 14:33:00+00:00,33,2,10924,177.205,177.205,175.14,176.12,20463,MSTR
2025-11-21 14:34:00+00:00,33,2,10924,176.36,178.5,176.23,177.46,36037,MSTR
2025-11-21 14:35:00+00:00,33,2,10924,177.425,178.21,176.28,178.14,29540,MSTR
2025-11-21 14:36:00+00:00,33,2,10924,178.2,179.14,178.2,178.52,25077,MSTR
2025-11-21 14:37:00+00:00,33,2,10924,178.65,179.15,177.9,178.03,20507,MSTR
2025-11-21 14:38:00+00:00,33,2,10924,178.22,178.5,177.32,177.5,30399,MSTR
2025-11-21 14:39:00+00:00,33,2,10924,177.51,178.18,177.21,177.45,43752,MSTR
2025-11-21 14:40:00+00:00,33,2,10924,177.48,178.89,176.89,178.89,27059,MSTR
2025-11-21 14:41:00+00:00,33,2,10924,178.89,181.17,178.84,180.7,41199,MSTR
2025-11-21 14:42:00+00:00,33,2,10924,180.68,180.98,179.56,179.79,28042,MSTR
2025-11-21 14:43:00+00:00,33,2,10924,179.92,179.92,178.03,178.47,30443,MSTR
2025-11-21 14:44:00+00:00,33,2,10924,178.45,179.04,177.89,178.18,21280,MSTR
2025-11-21 14:45:00+00:00,33,2,10924,178.38,179.01,177.48,177.5,20374,MSTR
2025-11-21 14:46:00+00:00,33,2,10924,177.56,177.66,176.55,176.86,36622,MSTR
2025-11-21 14:47:00+00:00,33,2,10924,176.85,177.9,176.84,177.7,17312,MSTR
2025-11-21 14:48:00+00:00,33,2,10924,177.8,178.82,177.72,178.42,15746,MSTR
2025-11-21 14:49:00+00:00,33,2,10924,178.52,178.67,177.5,178.06,12523,MSTR
2025-11-21 14:50:00+00:00,33,2,10924,178.18,178.8,177.88,178.53,7925,MSTR
2025-11-21 14:51:00+00:00,33,2,10924,178.58,178.86,177.7,178.47,17422,MSTR
2025-11-21 14:52:00+00:00,33,2,10924,178.56,179.8,178.19,179.8,16551,MSTR
2025-11-21 14:53:00+00:00,33,2,10924,179.75,180.29,178.91,179.35,26914,MSTR
2025-11-21 14:54:00+00:00,33,2,10924,179.38,180.5,178.85,180.23,25534,MSTR
2025-11-21 14:55:00+00:00,33,2,10924,180.26,180.31,178.92,179.44,14214,MSTR
2025-11-21 14:56:00+00:00,33,2,10924,179.435,179.435,177.25,177.74,14789,MSTR
2025-11-21 14:57:00+00:00,33,2,10924,177.94,178.68,177.72,178.68,14028,MSTR
2025-11-21 14:58:00+00:00,33,2,10924,178.73,179.3,178.55,179.13,9188,MSTR
2025-11-21 14:59:00+00:00,33,2,10924,179.13,179.13,177.27,177.3,13471,MSTR
2025-11-21 15:00:00+00:00,33,2,10924,177.3,178.31,177.16,177.3,13639,MSTR
2025-11-21 15:01:00+00:00,33,2,10924,177.24,177.24,175.89,176.08,20464,MSTR
2025-11-21 15:02:00+00:00,33,2,10924,176.065,176.07,174.62,174.9,25559,MSTR
2025-11-21 15:03:00+00:00,33,2,10924,174.84,175.63,174.45,175.63,28185,MSTR
2025-11-21 15:04:00+00:00,33,2,10924,175.61,176.05,175.0,176.03,22338,MSTR
2025-11-21 15:05:00+00:00,33,2,10924,176.05,176.98,175.9,176.84,18101,MSTR
2025-11-21 15:06:00+00:00,33,2,10924,176.63,177.0,176.27,176.79,16102,MSTR
2025-11-21 15:07:00+00:00,33,2,10924,176.81,176.81,175.8,176.0,9261,MSTR
2025-11-21 15:08:00+00:00,33,2,10924,176.0,176.03,174.76,175.51,12354,MSTR
2025-11-21 15:09:00+00:00,33,2,10924,175.45,176.18,175.41,175.87,12254,MSTR
2025-11-21 15:10:00+00:00,33,2,10924,175.815,175.815,174.81,175.58,13332,MSTR
2025-11-21 15:11:00+00:00,33,2,10924,175.39,175.73,175.02,175.345,7570,MSTR
2025-11-21 15:12:00+00:00,33,2,10924,175.45,175.75,174.79,175.16,9408,MSTR
2025-11-21 15:13:00+00:00,33,2,10924,175.14,175.24,173.625,174.02,21280,MSTR
2025-11-21 15:14:00+00:00,33,2,10924,174.05,174.66,173.63,174.25,15775,MSTR
2025-11-21 15:15:00+00:00,33,2,10924,174.33,175.17,173.85,174.23,19708,MSTR
2025-11-21 15:16:00+00:00,33,2,10924,174.4,174.55,173.54,173.65,16926,MSTR
2025-11-21 15:17:00+00:00,33,2,10924,173.67,173.67,172.55,172.94,26791,MSTR
2025-11-21 15:18:00+00:00,33,2,10924,172.96,173.37,172.6,173.33,22592,MSTR
2025-11-21 15:19:00+00:00,33,2,10924,173.43,174.37,173.0,174.2,14479,MSTR
2025-11-21 15:20:00+00:00,33,2,10924,174.25,174.27,172.45,172.96,15602,MSTR
2025-11-21 15:21:00+00:00,33,2,10924,172.99,173.72,172.46,173.36,11312,MSTR
2025-11-21 15:22:00+00:00,33,2,10924,173.28,174.88,172.89,174.8,14607,MSTR
2025-11-21 15:23:00+00:00,33,2,10924,174.86,175.83,174.715,175.25,10176,MSTR
2025-11-21 15:24:00+00:00,33,2,10924,175.27,175.5,174.44,175.44,20259,MSTR
2025-11-21 15:25:00+00:00,33,2,10924,175.57,176.3,175.09,175.35,17651,MSTR
2025-11-21 15:26:00+00:00,33,2,10924,175.34,175.5,174.12,174.37,10833,MSTR
2025-11-21 15:27:00+00:00,33,2,10924,174.32,174.34,173.17,173.33,6019,MSTR
2025-11-21 15:28:00+00:00,33,2,10924,173.34,173.5,172.76,173.05,10557,MSTR
2025-11-21 15:29:00+00:00,33,2,10924,172.95,173.17,172.55,172.73,7212,MSTR
2025-11-21 15:30:00+00:00,33,2,10924,172.66,173.26,172.45,172.96,13850,MSTR
2025-11-21 15:31:00+00:00,33,2,10924,172.77,173.31,172.6,173.28,17318,MSTR
2025-11-21 15:32:00+00:00,33,2,10924,173.385,173.85,173.14,173.47,6109,MSTR
2025-11-21 15:33:00+00:00,33,2,10924,173.33,173.8,173.0,173.01,5952,MSTR
2025-11-21 15:34:00+00:00,33,2,10924,172.99,173.22,171.99,172.1,13678,MSTR
2025-11-21 15:35:00+00:00,33,2,10924,172.085,172.22,171.07,171.35,19811,MSTR
2025-11-21 15:36:00+00:00,33,2,10924,171.31,172.0,170.9,171.025,14606,MSTR
2025-11-21 15:37:00+00:00,33,2,10924,171.07,171.14,170.21,170.51,24658,MSTR
2025-11-21 15:38:00+00:00,33,2,10924,170.55,170.645,169.92,170.07,34553,MSTR
2025-11-21 15:39:00+00:00,33,2,10924,170.09,170.18,169.0,169.01,31253,MSTR
2025-11-21 15:40:00+00:00,33,2,10924,169.0,169.02,168.13,168.44,21305,MSTR
2025-11-21 15:41:00+00:00,33,2,10924,168.41,170.07,168.35,169.4,75967,MSTR
2025-11-21 15:42:00+00:00,33,2,10924,169.42,170.38,169.33,170.24,18429,MSTR
2025-11-21 15:43:00+00:00,33,2,10924,170.35,171.19,170.15,170.95,35036,MSTR
2025-11-21 15:44:00+00:00,33,2,10924,170.97,171.91,170.97,171.34,16185,MSTR
2025-11-21 15:45:00+00:00,33,2,10924,171.43,171.95,171.0,171.78,15072,MSTR
2025-11-21 15:46:00+00:00,33,2,10924,171.755,171.92,170.96,171.46,8043,MSTR
2025-11-21 15:47:00+00:00,33,2,10924,171.64,171.83,170.94,171.3,9183,MSTR
2025-11-21 15:48:00+00:00,33,2,10924,171.295,171.5,169.88,170.21,26193,MSTR
2025-11-21 15:49:00+00:00,33,2,10924,170.17,170.76,169.7,170.75,14779,MSTR
2025-11-21 15:50:00+00:00,33,2,10924,170.6,170.72,169.715,170.37,12762,MSTR
2025-11-21 15:51:00+00:00,33,2,10924,170.305,170.305,168.9,169.0,11892,MSTR
2025-11-21 15:52:00+00:00,33,2,10924,169.0,169.2,168.33,168.7,12832,MSTR
2025-11-21 15:53:00+00:00,33,2,10924,168.64,168.87,168.23,168.6,10750,MSTR
2025-11-21 15:54:00+00:00,33,2,10924,168.625,169.72,168.57,169.65,7829,MSTR
2025-11-21 15:55:00+00:00,33,2,10924,169.6,169.87,168.99,169.04,12233,MSTR
2025-11-21 15:56:00+00:00,33,2,10924,169.0,169.23,168.44,169.16,10599,MSTR
2025-11-21 15:57:00+00:00,33,2,10924,169.12,169.12,168.01,168.01,8047,MSTR
2025-11-21 15:58:00+00:00,33,2,10924,168.13,168.535,167.48,168.32,20316,MSTR
2025-11-21 15:59:00+00:00,33,2,10924,168.28,168.33,167.81,168.045,8430,MSTR
2025-11-21 16:00:00+00:00,33,2,10924,168.045,168.38,167.73,167.93,9613,MSTR
2025-11-21 16:01:00+00:00,33,2,10924,167.87,169.07,167.84,168.41,18973,MSTR
2025-11-21 16:02:00+00:00,33,2,10924,168.41,168.41,167.33,167.45,15447,MSTR
2025-11-21 16:03:00+00:00,33,2,10924,167.5,167.57,167.01,167.445,14974,MSTR
2025-11-21 16:04:00+00:00,33,2,10924,167.445,167.445,166.65,167.01,54949,MSTR
2025-11-21 16:05:00+00:00,33,2,10924,167.06,167.19,166.32,167.13,14309,MSTR
2025-11-21 16:06:00+00:00,33,2,10924,167.11,168.05,167.05,167.96,35076,MSTR
2025-11-21 16:07:00+00:00,33,2,10924,168.02,168.32,167.59,168.02,14232,MSTR
2025-11-21 16:08:00+00:00,33,2,10924,168.07,168.75,167.91,168.49,14265,MSTR
2025-11-21 16:09:00+00:00,33,2,10924,168.455,168.61,167.88,168.43,9129,MSTR
2025-11-21 16:10:00+00:00,33,2,10924,168.49,168.8,168.27,168.34,9437,MSTR
2025-11-21 16:11:00+00:00,33,2,10924,168.345,168.71,168.08,168.49,8797,MSTR
2025-11-21 16:12:00+00:00,33,2,10924,168.54,168.54,167.67,168.01,10009,MSTR
2025-11-21 16:13:00+00:00,33,2,10924,167.99,169.12,167.99,168.95,17104,MSTR
2025-11-21 16:14:00+00:00,33,2,10924,168.9,169.55,168.8,169.3,20479,MSTR
2025-11-21 16:15:00+00:00,33,2,10924,169.23,169.5,169.0,169.5,17066,MSTR
2025-11-21 16:16:00+00:00,33,2,10924,169.47,169.47,168.65,169.33,32676,MSTR
2025-11-21 16:17:00+00:00,33,2,10924,169.33,169.94,169.07,169.615,12001,MSTR
2025-11-21 16:18:00+00:00,33,2,10924,169.5,169.5,167.43,167.65,28378,MSTR
2025-11-21 16:19:00+00:00,33,2,10924,167.67,167.87,167.31,167.74,9162,MSTR
2025-11-21 16:20:00+00:00,33,2,10924,167.74,168.74,167.43,168.42,16516,MSTR
2025-11-21 16:21:00+00:00,33,2,10924,168.42,169.59,168.19,169.35,8886,MSTR
2025-11-21 16:22:00+00:00,33,2,10924,169.31,169.91,169.04,169.23,7120,MSTR
2025-11-21 16:23:00+00:00,33,2,10924,169.245,169.5,169.02,169.11,6857,MSTR
2025-11-21 16:24:00+00:00,33,2,10924,169.11,170.23,169.11,170.14,13514,MSTR
2025-11-21 16:25:00+00:00,33,2,10924,170.04,170.58,169.7,170.57,18637,MSTR
2025-11-21 16:26:00+00:00,33,2,10924,170.56,170.82,170.42,170.43,11000,MSTR
2025-11-21 16:27:00+00:00,33,2,10924,170.4,170.71,170.26,170.32,9276,MSTR
2025-11-21 16:28:00+00:00,33,2,10924,170.25,170.37,169.88,170.05,18433,MSTR
2025-11-21 16:29:00+00:00,33,2,10924,170.095,171.12,170.0,171.09,27043,MSTR
2025-11-21 16:30:00+00:00,33,2,10924,170.97,172.01,170.93,171.89,20264,MSTR
2025-11-21 16:31:00+00:00,33,2,10924,171.9,171.9,171.15,171.24,13791,MSTR
2025-11-21 16:32:00+00:00,33,2,10924,171.24,171.43,170.55,171.17,13265,MSTR
2025-11-21 16:33:00+00:00,33,2,10924,171.24,171.31,170.93,171.01,10633,MSTR
2025-11-21 16:34:00+00:00,33,2,10924,170.92,171.42,170.88,171.09,11310,MSTR
2025-11-21 16:35:00+00:00,33,2,10924,171.09,171.75,171.0,171.72,18906,MSTR
2025-11-21 16:36:00+00:00,33,2,10924,171.71,172.15,171.55,171.9,16544,MSTR
2025-11-21 16:37:00+00:00,33,2,10924,171.88,172.36,171.73,172.13,16604,MSTR
2025-11-21 16:38:00+00:00,33,2,10924,172.03,172.7,171.9,172.58,16089,MSTR
2025-11-21 16:39:00+00:00,33,2,10924,172.585,172.61,172.1,172.4,8968,MSTR
2025-11-21 16:40:00+00:00,33,2,10924,172.39,173.16,172.39,173.09,17907,MSTR
2025-11-21 16:41:00+00:00,33,2,10924,173.07,173.37,172.64,172.89,14585,MSTR
2025-11-21 16:42:00+00:00,33,2,10924,172.85,173.21,172.73,172.94,12395,MSTR
2025-11-21 16:43:00+00:00,33,2,10924,172.94,173.22,172.62,172.85,21643,MSTR
2025-11-21 16:44:00+00:00,33,2,10924,172.78,172.78,172.16,172.58,9861,MSTR
2025-11-21 16:45:00+00:00,33,2,10924,172.59,172.73,171.98,172.48,6565,MSTR
2025-11-21 16:46:00+00:00,33,2,10924,172.47,173.17,172.47,172.79,12541,MSTR
2025-11-21 16:47:00+00:00,33,2,10924,172.78,173.84,172.63,173.84,10249,MSTR
2025-11-21 16:48:00+00:00,33,2,10924,173.84,174.86,173.75,174.45,25664,MSTR
2025-11-21 16:49:00+00:00,33,2,10924,174.43,174.74,173.99,174.175,14283,MSTR
2025-11-21 16:50:00+00:00,33,2,10924,174.16,174.78,173.77,174.7,6415,MSTR
2025-11-21 16:51:00+00:00,33,2,10924,174.72,175.41,174.65,175.0,20613,MSTR
2025-11-21 16:52:00+00:00,33,2,10924,174.835,175.66,174.7,175.61,10551,MSTR
2025-11-21 16:53:00+00:00,33,2,10924,175.56,176.08,175.45,175.73,15588,MSTR
2025-11-21 16:54:00+00:00,33,2,10924,175.73,175.78,174.9,175.0,12769,MSTR
2025-11-21 16:55:00+00:00,33,2,10924,174.98,175.25,174.77,175.02,9134,MSTR
2025-11-21 16:56:00+00:00,33,2,10924,175.0,175.685,175.0,175.6,11041,MSTR
2025-11-21 16:57:00+00:00,33,2,10924,175.54,175.94,175.29,175.73,13485,MSTR
2025-11-21 16:58:00+00:00,33,2,10924,175.71,176.37,175.7,176.16,18747,MSTR
2025-11-21 16:59:00+00:00,33,2,10924,176.22,176.76,176.18,176.59,14753,MSTR
2025-11-21 17:00:00+00:00,33,2,10924,176.57,176.69,175.72,175.72,18328,MSTR
2025-11-21 17:01:00+00:00,33,2,10924,175.73,175.73,174.7,174.85,13091,MSTR
2025-11-21 17:02:00+00:00,33,2,10924,174.85,175.0,173.8,174.26,14063,MSTR
2025-11-21 17:03:00+00:00,33,2,10924,174.1,174.77,174.1,174.77,11256,MSTR
2025-11-21 17:04:00+00:00,33,2,10924,174.77,175.36,174.55,175.23,10029,MSTR
2025-11-21 17:05:00+00:00,33,2,10924,175.24,175.48,174.43,174.56,8667,MSTR
2025-11-21 17:06:00+00:00,33,2,10924,174.66,175.22,174.57,175.15,7747,MSTR
2025-11-21 17:07:00+00:00,33,2,10924,175.14,176.15,175.14,176.01,7422,MSTR
2025-11-21 17:08:00+00:00,33,2,10924,175.96,176.24,175.83,176.24,6096,MSTR
2025-11-21 17:09:00+00:00,33,2,10924,176.25,176.66,176.17,176.31,6790,MSTR
2025-11-21 17:10:00+00:00,33,2,10924,176.35,176.35,175.34,175.86,19487,MSTR
2025-11-21 17:11:00+00:00,33,2,10924,175.92,175.94,175.29,175.53,7911,MSTR
2025-11-21 17:12:00+00:00,33,2,10924,175.55,175.65,174.5,175.2,11756,MSTR
2025-11-21 17:13:00+00:00,33,2,10924,175.22,175.35,174.75,174.97,3695,MSTR
2025-11-21 17:14:00+00:00,33,2,10924,174.99,175.34,174.69,175.2,7884,MSTR
2025-11-21 17:15:00+00:00,33,2,10924,175.24,175.59,175.11,175.33,3420,MSTR
2025-11-21 17:16:00+00:00,33,2,10924,175.33,175.42,174.91,175.1,5501,MSTR
2025-11-21 17:17:00+00:00,33,2,10924,175.1,175.58,174.93,175.24,4273,MSTR
2025-11-21 17:18:00+00:00,33,2,10924,175.26,175.57,175.22,175.41,5017,MSTR
2025-11-21 17:19:00+00:00,33,2,10924,175.48,175.5,174.7,174.73,6972,MSTR
2025-11-21 17:20:00+00:00,33,2,10924,174.64,174.7,174.25,174.59,7537,MSTR
2025-11-21 17:21:00+00:00,33,2,10924,174.6,175.16,174.57,174.74,8934,MSTR
2025-11-21 17:22:00+00:00,33,2,10924,174.8,175.24,174.8,175.1,5218,MSTR
2025-11-21 17:23:00+00:00,33,2,10924,175.13,175.35,174.94,175.35,3355,MSTR
2025-11-21 17:24:00+00:00,33,2,10924,175.35,175.66,175.27,175.355,9494,MSTR
2025-11-21 17:25:00+00:00,33,2,10924,175.28,175.77,174.98,175.52,10087,MSTR
2025-11-21 17:26:00+00:00,33,2,10924,175.47,175.725,175.17,175.195,7211,MSTR
2025-11-21 17:27:00+00:00,33,2,10924,175.195,175.195,174.2,174.62,5074,MSTR
2025-11-21 17:28:00+00:00,33,2,10924,174.66,174.71,173.98,174.23,8461,MSTR
2025-11-21 17:29:00+00:00,33,2,10924,174.21,174.76,174.21,174.7,3455,MSTR
2025-11-21 17:30:00+00:00,33,2,10924,174.83,175.37,174.82,175.3,2935,MSTR
2025-11-21 17:31:00+00:00,33,2,10924,175.31,175.68,175.21,175.37,10857,MSTR
2025-11-21 17:32:00+00:00,33,2,10924,175.35,175.52,175.12,175.5,3254,MSTR
2025-11-21 17:33:00+00:00,33,2,10924,175.52,176.05,175.5,175.96,9738,MSTR
2025-11-21 17:34:00+00:00,33,2,10924,175.95,176.03,175.75,175.8,5908,MSTR
2025-11-21 17:35:00+00:00,33,2,10924,175.73,175.91,175.53,175.91,4382,MSTR
2025-11-21 17:36:00+00:00,33,2,10924,175.96,176.45,175.96,176.45,9156,MSTR
2025-11-21 17:37:00+00:00,33,2,10924,176.4,176.405,175.89,175.89,5019,MSTR
2025-11-21 17:38:00+00:00,33,2,10924,175.945,176.06,175.18,175.18,4971,MSTR
2025-11-21 17:39:00+00:00,33,2,10924,175.21,175.52,174.73,174.97,8009,MSTR
2025-11-21 17:40:00+00:00,33,2,10924,175.05,175.25,174.66,174.84,3424,MSTR
2025-11-21 17:41:00+00:00,33,2,10924,174.835,175.2,174.65,175.11,2678,MSTR
2025-11-21 17:42:00+00:00,33,2,10924,175.02,175.49,174.87,175.49,1985,MSTR
2025-11-21 17:43:00+00:00,33,2,10924,175.43,175.67,175.26,175.31,2736,MSTR
2025-11-21 17:44:00+00:00,33,2,10924,175.27,175.4,175.11,175.35,2182,MSTR
2025-11-21 17:45:00+00:00,33,2,10924,175.42,175.74,175.13,175.53,2724,MSTR
2025-11-21 17:46:00+00:00,33,2,10924,175.45,175.45,174.49,174.91,6951,MSTR
2025-11-21 17:47:00+00:00,33,2,10924,174.93,175.44,174.93,175.24,3472,MSTR
2025-11-21 17:48:00+00:00,33,2,10924,175.25,175.29,174.87,175.25,2310,MSTR
2025-11-21 17:49:00+00:00,33,2,10924,175.27,175.51,175.085,175.35,3206,MSTR
2025-11-21 17:50:00+00:00,33,2,10924,175.36,175.37,174.68,174.75,1467,MSTR
2025-11-21 17:51:00+00:00,33,2,10924,174.71,175.12,174.3,174.735,4523,MSTR
2025-11-21 17:52:00+00:00,33,2,10924,174.73,174.73,173.85,174.19,10036,MSTR
2025-11-21 17:53:00+00:00,33,2,10924,174.185,174.53,174.185,174.38,1359,MSTR
2025-11-21 17:54:00+00:00,33,2,10924,174.31,174.33,173.33,173.81,9008,MSTR
2025-11-21 17:55:00+00:00,33,2,10924,173.9,174.72,173.9,174.47,7124,MSTR
2025-11-21 17:56:00+00:00,33,2,10924,174.44,174.535,174.01,174.18,1292,MSTR
2025-11-21 17:57:00+00:00,33,2,10924,174.18,174.5,173.91,174.38,4740,MSTR
2025-11-21 17:58:00+00:00,33,2,10924,174.45,174.67,174.3,174.47,1962,MSTR
2025-11-21 17:59:00+00:00,33,2,10924,174.47,174.85,174.16,174.2,5827,MSTR
2025-11-21 18:00:00+00:00,33,2,10924,174.24,174.65,173.94,173.95,3509,MSTR
2025-11-21 18:01:00+00:00,33,2,10924,173.9,173.9,173.11,173.51,6644,MSTR
2025-11-21 18:02:00+00:00,33,2,10924,173.44,173.44,172.75,172.88,6302,MSTR
2025-11-21 18:03:00+00:00,33,2,10924,172.89,173.11,172.49,172.95,6977,MSTR
2025-11-21 18:04:00+00:00,33,2,10924,172.89,172.89,172.0,172.085,11835,MSTR
2025-11-21 18:05:00+00:00,33,2,10924,172.04,172.43,171.63,171.645,9842,MSTR
2025-11-21 18:06:00+00:00,33,2,10924,171.68,172.2,171.58,171.86,8123,MSTR
2025-11-21 18:07:00+00:00,33,2,10924,171.78,171.78,171.31,171.63,9042,MSTR
2025-11-21 18:08:00+00:00,33,2,10924,171.6,171.78,171.34,171.78,4162,MSTR
2025-11-21 18:09:00+00:00,33,2,10924,171.72,172.15,171.64,172.15,4920,MSTR
2025-11-21 18:10:00+00:00,33,2,10924,172.12,172.13,171.8,171.95,3140,MSTR
2025-11-21 18:11:00+00:00,33,2,10924,171.99,172.1,171.62,171.93,2885,MSTR
2025-11-21 18:12:00+00:00,33,2,10924,171.84,171.87,171.55,171.8,2643,MSTR
2025-11-21 18:13:00+00:00,33,2,10924,171.79,171.95,171.23,171.32,8298,MSTR
2025-11-21 18:14:00+00:00,33,2,10924,171.28,171.28,170.39,170.66,20440,MSTR
2025-11-21 18:15:00+00:00,33,2,10924,170.68,170.69,170.38,170.48,18289,MSTR
2025-11-21 18:16:00+00:00,33,2,10924,170.5,170.74,170.47,170.64,12189,MSTR
2025-11-21 18:17:00+00:00,33,2,10924,170.62,170.62,169.64,169.87,20190,MSTR
2025-11-21 18:18:00+00:00,33,2,10924,169.8,169.94,169.37,169.91,15780,MSTR
2025-11-21 18:19:00+00:00,33,2,10924,169.91,170.09,169.68,169.7,11371,MSTR
2025-11-21 18:20:00+00:00,33,2,10924,169.68,169.83,169.34,169.83,8059,MSTR
2025-11-21 18:21:00+00:00,33,2,10924,169.82,170.51,169.69,170.47,19148,MSTR
2025-11-21 18:22:00+00:00,33,2,10924,170.55,170.64,170.06,170.26,8506,MSTR
2025-11-21 18:23:00+00:00,33,2,10924,170.275,170.275,169.98,170.065,2445,MSTR
2025-11-21 18:24:00+00:00,33,2,10924,170.07,170.21,169.62,169.65,20823,MSTR
2025-11-21 18:25:00+00:00,33,2,10924,169.67,170.56,169.52,170.49,11059,MSTR
2025-11-21 18:26:00+00:00,33,2,10924,170.5,170.54,169.83,169.93,4095,MSTR
2025-11-21 18:27:00+00:00,33,2,10924,169.96,170.34,169.88,170.22,13952,MSTR
2025-11-21 18:28:00+00:00,33,2,10924,170.3,170.93,170.29,170.93,8225,MSTR
2025-11-21 18:29:00+00:00,33,2,10924,170.89,171.12,170.62,170.95,7876,MSTR
2025-11-21 18:30:00+00:00,33,2,10924,170.92,171.21,170.69,171.07,4426,MSTR
2025-11-21 18:31:00+00:00,33,2,10924,171.2,171.23,170.95,171.19,10877,MSTR
2025-11-21 18:32:00+00:00,33,2,10924,171.17,171.96,171.08,171.54,10742,MSTR
2025-11-21 18:33:00+00:00,33,2,10924,171.53,171.7,171.19,171.55,7115,MSTR
2025-11-21 18:34:00+00:00,33,2,10924,171.56,171.59,170.98,171.21,17263,MSTR
2025-11-21 18:35:00+00:00,33,2,10924,171.26,171.29,170.62,170.84,12552,MSTR
2025-11-21 18:36:00+00:00,33,2,10924,170.86,171.72,170.86,171.68,13884,MSTR
2025-11-21 18:37:00+00:00,33,2,10924,171.67,172.24,171.54,172.15,7982,MSTR
2025-11-21 18:38:00+00:00,33,2,10924,172.23,172.39,171.92,172.28,5176,MSTR
2025-11-21 18:39:00+00:00,33,2,10924,172.25,172.49,172.07,172.07,5774,MSTR
2025-11-21 18:40:00+00:00,33,2,10924,172.13,172.36,171.93,172.27,6709,MSTR
2025-11-21 18:41:00+00:00,33,2,10924,172.11,172.11,171.42,171.74,5101,MSTR
2025-11-21 18:42:00+00:00,33,2,10924,171.75,171.76,171.16,171.24,4529,MSTR
2025-11-21 18:43:00+00:00,33,2,10924,171.25,171.55,171.11,171.48,2171,MSTR
2025-11-21 18:44:00+00:00,33,2,10924,171.55,171.65,171.27,171.65,4355,MSTR
2025-11-21 18:45:00+00:00,33,2,10924,171.67,171.82,171.49,171.58,3842,MSTR
2025-11-21 18:46:00+00:00,33,2,10924,171.61,171.96,171.53,171.85,3626,MSTR
2025-11-21 18:47:00+00:00,33,2,10924,171.83,171.88,171.62,171.88,4138,MSTR
2025-11-21 18:48:00+00:00,33,2,10924,171.9,173.9,171.8,173.69,29510,MSTR
2025-11-21 18:49:00+00:00,33,2,10924,173.71,174.1,173.43,173.5,9715,MSTR
2025-11-21 18:50:00+00:00,33,2,10924,173.62,174.5,173.58,174.08,13293,MSTR
2025-11-21 18:51:00+00:00,33,2,10924,174.0,174.31,173.73,174.0,4665,MSTR
2025-11-21 18:52:00+00:00,33,2,10924,173.94,174.06,173.17,173.17,4485,MSTR
2025-11-21 18:53:00+00:00,33,2,10924,173.42,173.8,173.4,173.57,8793,MSTR
2025-11-21 18:54:00+00:00,33,2,10924,173.39,173.44,172.57,172.87,4743,MSTR
2025-11-21 18:55:00+00:00,33,2,10924,172.87,173.43,172.66,173.385,7495,MSTR
2025-11-21 18:56:00+00:00,33,2,10924,173.41,173.46,172.75,173.09,8700,MSTR
2025-11-21 18:57:00+00:00,33,2,10924,173.08,173.29,172.45,173.29,6472,MSTR
2025-11-21 18:58:00+00:00,33,2,10924,173.28,173.6,173.04,173.45,5362,MSTR
2025-11-21 18:59:00+00:00,33,2,10924,173.395,173.395,172.98,173.15,4034,MSTR
2025-11-21 19:00:00+00:00,33,2,10924,173.12,173.55,173.12,173.55,7890,MSTR
2025-11-21 19:01:00+00:00,33,2,10924,173.48,173.85,173.32,173.35,2967,MSTR
2025-11-21 19:02:00+00:00,33,2,10924,173.39,173.48,172.8,173.16,4960,MSTR
2025-11-21 19:03:00+00:00,33,2,10924,173.15,173.48,172.94,173.385,4219,MSTR
2025-11-21 19:04:00+00:00,33,2,10924,173.43,173.84,173.24,173.81,3390,MSTR
2025-11-21 19:05:00+00:00,33,2,10924,173.85,173.89,173.57,173.7,4946,MSTR
2025-11-21 19:06:00+00:00,33,2,10924,173.63,173.76,172.93,173.13,6490,MSTR
2025-11-21 19:07:00+00:00,33,2,10924,173.11,173.13,172.78,172.78,10460,MSTR
2025-11-21 19:08:00+00:00,33,2,10924,172.85,173.06,172.5,172.81,10878,MSTR
2025-11-21 19:09:00+00:00,33,2,10924,172.89,173.77,172.89,173.45,4411,MSTR
2025-11-21 19:10:00+00:00,33,2,10924,173.39,173.74,173.22,173.48,5139,MSTR
2025-11-21 19:11:00+00:00,33,2,10924,173.51,173.56,173.14,173.37,3342,MSTR
2025-11-21 19:12:00+00:00,33,2,10924,173.32,173.38,172.95,173.23,4204,MSTR
2025-11-21 19:13:00+00:00,33,2,10924,173.14,173.17,172.38,172.525,4265,MSTR
2025-11-21 19:14:00+00:00,33,2,10924,172.62,172.99,172.59,172.82,5013,MSTR
2025-11-21 19:15:00+00:00,33,2,10924,172.83,172.88,172.49,172.81,3457,MSTR
2025-11-21 19:16:00+00:00,33,2,10924,172.83,173.3,172.83,173.11,6507,MSTR
2025-11-21 19:17:00+00:00,33,2,10924,173.02,173.41,172.87,173.41,5064,MSTR
2025-11-21 19:18:00+00:00,33,2,10924,173.28,173.41,172.94,173.15,4001,MSTR
2025-11-21 19:19:00+00:00,33,2,10924,173.17,173.63,173.17,173.32,5247,MSTR
2025-11-21 19:20:00+00:00,33,2,10924,173.32,173.91,173.09,173.82,5489,MSTR
2025-11-21 19:21:00+00:00,33,2,10924,173.86,174.05,173.73,173.99,5154,MSTR
2025-11-21 19:22:00+00:00,33,2,10924,174.0,174.34,173.9,174.17,11832,MSTR
2025-11-21 19:23:00+00:00,33,2,10924,174.15,174.15,173.76,173.85,5659,MSTR
2025-11-21 19:24:00+00:00,33,2,10924,173.835,173.89,173.52,173.62,3448,MSTR
2025-11-21 19:25:00+00:00,33,2,10924,173.71,174.07,173.7,173.91,3801,MSTR
2025-11-21 19:26:00+00:00,33,2,10924,173.96,174.06,173.53,173.71,3767,MSTR
2025-11-21 19:27:00+00:00,33,2,10924,173.71,173.76,173.44,173.51,4791,MSTR
2025-11-21 19:28:00+00:00,33,2,10924,173.5,173.6,173.28,173.51,2688,MSTR
2025-11-21 19:29:00+00:00,33,2,10924,173.42,173.7,173.41,173.6,2951,MSTR
2025-11-21 19:30:00+00:00,33,2,10924,173.53,173.94,173.31,173.44,4543,MSTR
2025-11-21 19:31:00+00:00,33,2,10924,173.48,173.49,173.14,173.19,2515,MSTR
2025-11-21 19:32:00+00:00,33,2,10924,173.11,173.3,172.87,173.15,8856,MSTR
2025-11-21 19:33:00+00:00,33,2,10924,173.09,173.25,172.7,172.8,6931,MSTR
2025-11-21 19:34:00+00:00,33,2,10924,172.85,173.05,172.43,172.45,15482,MSTR
2025-11-21 19:35:00+00:00,33,2,10924,172.48,172.85,172.355,172.68,19329,MSTR
2025-11-21 19:36:00+00:00,33,2,10924,172.68,173.19,172.68,172.99,6612,MSTR
2025-11-21 19:37:00+00:00,33,2,10924,172.99,173.93,172.82,173.84,4866,MSTR
2025-11-21 19:38:00+00:00,33,2,10924,173.79,174.09,173.72,173.95,10871,MSTR
2025-11-21 19:39:00+00:00,33,2,10924,173.95,174.06,173.66,173.77,2474,MSTR
2025-11-21 19:40:00+00:00,33,2,10924,173.89,174.05,173.59,173.6,6277,MSTR
2025-11-21 19:41:00+00:00,33,2,10924,173.6,173.67,173.21,173.67,2356,MSTR
2025-11-21 19:42:00+00:00,33,2,10924,173.58,173.79,173.41,173.61,1629,MSTR
2025-11-21 19:43:00+00:00,33,2,10924,173.54,173.66,172.36,172.42,6400,MSTR
2025-11-21 19:44:00+00:00,33,2,10924,172.44,172.45,171.81,172.12,8445,MSTR
2025-11-21 19:45:00+00:00,33,2,10924,172.04,172.04,171.47,171.795,3834,MSTR
2025-11-21 19:46:00+00:00,33,2,10924,171.76,172.03,171.55,171.65,5991,MSTR
2025-11-21 19:47:00+00:00,33,2,10924,171.73,172.24,171.55,172.215,4514,MSTR
2025-11-21 19:48:00+00:00,33,2,10924,172.29,172.77,172.08,172.565,5061,MSTR
2025-11-21 19:49:00+00:00,33,2,10924,172.53,172.53,172.16,172.23,7161,MSTR
2025-11-21 19:50:00+00:00,33,2,10924,172.23,172.48,172.07,172.12,3207,MSTR
2025-11-21 19:51:00+00:00,33,2,10924,172.06,172.35,171.87,172.21,4660,MSTR
2025-11-21 19:52:00+00:00,33,2,10924,172.14,172.41,171.88,172.07,14327,MSTR
2025-11-21 19:53:00+00:00,33,2,10924,172.0,172.0,171.13,171.13,11683,MSTR
2025-11-21 19:54:00+00:00,33,2,10924,171.2,171.375,170.83,171.3,8904,MSTR
2025-11-21 19:55:00+00:00,33,2,10924,171.48,172.49,171.48,172.49,6309,MSTR
2025-11-21 19:56:00+00:00,33,2,10924,172.46,172.8,172.37,172.6,7353,MSTR
2025-11-21 19:57:00+00:00,33,2,10924,172.55,172.6,172.2,172.2,5508,MSTR
2025-11-21 19:58:00+00:00,33,2,10924,172.24,172.75,172.24,172.51,5174,MSTR
2025-11-21 19:59:00+00:00,33,2,10924,172.6,173.05,172.6,172.92,4597,MSTR
2025-11-21 20:00:00+00:00,33,2,10924,172.88,173.51,172.75,173.29,6035,MSTR
2025-11-21 20:01:00+00:00,33,2,10924,173.27,173.4,172.95,173.4,3686,MSTR
2025-11-21 20:02:00+00:00,33,2,10924,173.33,173.53,172.68,172.95,8135,MSTR
2025-11-21 20:03:00+00:00,33,2,10924,172.87,173.29,172.82,173.27,4109,MSTR
2025-11-21 20:04:00+00:00,33,2,10924,173.28,173.29,172.8,172.98,5205,MSTR
2025-11-21 20:05:00+00:00,33,2,10924,172.93,173.03,172.01,172.25,6019,MSTR
2025-11-21 20:06:00+00:00,33,2,10924,172.25,172.59,172.215,172.52,4233,MSTR
2025-11-21 20:07:00+00:00,33,2,10924,172.65,172.74,171.86,171.86,4235,MSTR
2025-11-21 20:08:00+00:00,33,2,10924,171.81,171.88,171.22,171.51,4061,MSTR
2025-11-21 20:09:00+00:00,33,2,10924,171.5,171.59,171.3,171.46,2721,MSTR
2025-11-21 20:10:00+00:00,33,2,10924,171.5,171.9,171.5,171.9,3529,MSTR
2025-11-21 20:11:00+00:00,33,2,10924,171.91,172.07,171.88,171.88,5511,MSTR
2025-11-21 20:12:00+00:00,33,2,10924,171.935,172.27,171.8,171.89,6181,MSTR
2025-11-21 20:13:00+00:00,33,2,10924,171.83,171.85,171.45,171.54,2583,MSTR
2025-11-21 20:14:00+00:00,33,2,10924,171.61,171.89,171.6,171.89,3003,MSTR
2025-11-21 20:15:00+00:00,33,2,10924,171.82,171.885,171.59,171.85,3787,MSTR
2025-11-21 20:16:00+00:00,33,2,10924,171.77,171.88,171.44,171.49,2419,MSTR
2025-11-21 20:17:00+00:00,33,2,10924,171.59,171.62,171.21,171.48,9506,MSTR
2025-11-21 20:18:00+00:00,33,2,10924,171.39,171.69,171.25,171.51,3029,MSTR
2025-11-21 20:19:00+00:00,33,2,10924,171.6,171.7,171.4,171.51,2306,MSTR
2025-11-21 20:20:00+00:00,33,2,10924,171.5,171.625,171.05,171.45,9674,MSTR
2025-11-21 20:21:00+00:00,33,2,10924,171.38,171.68,171.3,171.68,2805,MSTR
2025-11-21 20:22:00+00:00,33,2,10924,171.64,171.74,171.44,171.5,2395,MSTR
2025-11-21 20:23:00+00:00,33,2,10924,171.54,171.58,171.06,171.135,4733,MSTR
2025-11-21 20:24:00+00:00,33,2,10924,171.05,171.16,170.9,171.15,10264,MSTR
2025-11-21 20:25:00+00:00,33,2,10924,171.13,171.7,171.13,171.56,4945,MSTR
2025-11-21 20:26:00+00:00,33,2,10924,171.565,171.57,171.16,171.57,2754,MSTR
2025-11-21 20:27:00+00:00,33,2,10924,171.54,171.57,170.87,170.87,8033,MSTR
2025-11-21 20:28:00+00:00,33,2,10924,170.86,170.87,170.53,170.75,3220,MSTR
2025-11-21 20:29:00+00:00,33,2,10924,170.73,170.76,170.5,170.635,4337,MSTR
2025-11-21 20:30:00+00:00,33,2,10924,170.56,170.74,170.31,170.57,10310,MSTR
2025-11-21 20:31:00+00:00,33,2,10924,170.51,170.75,170.47,170.64,5421,MSTR
2025-11-21 20:32:00+00:00,33,2,10924,170.69,170.74,170.44,170.7,5095,MSTR
2025-11-21 20:33:00+00:00,33,2,10924,170.65,171.29,170.55,171.07,10081,MSTR
2025-11-21 20:34:00+00:00,33,2,10924,171.18,171.24,170.81,170.91,10678,MSTR
2025-11-21 20:35:00+00:00,33,2,10924,170.97,171.82,170.92,171.66,11793,MSTR
2025-11-21 20:36:00+00:00,33,2,10924,171.52,171.72,171.49,171.63,3030,MSTR
2025-11-21 20:37:00+00:00,33,2,10924,171.64,171.7,171.33,171.61,4005,MSTR
2025-11-21 20:38:00+00:00,33,2,10924,171.63,171.79,171.32,171.51,14628,MSTR
2025-11-21 20:39:00+00:00,33,2,10924,171.5,171.86,171.3,171.63,12819,MSTR
2025-11-21 20:40:00+00:00,33,2,10924,171.64,171.64,170.93,171.08,30025,MSTR
2025-11-21 20:41:00+00:00,33,2,10924,171.07,171.27,170.67,170.805,11339,MSTR
2025-11-21 20:42:00+00:00,33,2,10924,170.75,171.045,170.55,170.79,9093,MSTR
2025-11-21 20:43:00+00:00,33,2,10924,170.79,171.25,170.67,170.97,10275,MSTR
2025-11-21 20:44:00+00:00,33,2,10924,170.98,171.16,170.83,170.87,10858,MSTR
2025-11-21 20:45:00+00:00,33,2,10924,170.96,171.14,170.86,171.115,8803,MSTR
2025-11-21 20:46:00+00:00,33,2,10924,171.07,171.5,170.87,171.49,16345,MSTR
2025-11-21 20:47:00+00:00,33,2,10924,171.51,171.68,171.0,171.19,13487,MSTR
2025-11-21 20:48:00+00:00,33,2,10924,171.16,171.24,170.99,171.21,21963,MSTR
2025-11-21 20:49:00+00:00,33,2,10924,171.22,171.57,170.88,170.89,14277,MSTR
2025-11-21 20:50:00+00:00,33,2,10924,170.88,171.04,170.5,170.89,21510,MSTR
2025-11-21 20:51:00+00:00,33,2,10924,170.87,171.1,170.79,170.98,14193,MSTR
2025-11-21 20:52:00+00:00,33,2,10924,170.95,171.19,170.74,171.05,17444,MSTR
2025-11-21 20:53:00+00:00,33,2,10924,171.09,171.17,170.62,170.62,13029,MSTR
2025-11-21 20:54:00+00:00,33,2,10924,170.61,170.73,169.73,170.02,42759,MSTR
2025-11-21 20:55:00+00:00,33,2,10924,170.07,170.52,169.57,170.17,51783,MSTR
2025-11-21 20:56:00+00:00,33,2,10924,170.17,170.59,170.07,170.47,24406,MSTR
2025-11-21 20:57:00+00:00,33,2,10924,170.49,170.49,169.99,170.16,81251,MSTR
2025-11-21 20:58:00+00:00,33,2,10924,170.16,170.54,170.11,170.54,87671,MSTR
2025-11-21 20:59:00+00:00,33,2,10924,170.54,170.58,170.08,170.35,173446,MSTR
2025-11-21 21:00:00+00:00,33,2,10924,170.34,170.5,170.12,170.3,1886623,MSTR
2025-11-21 21:01:00+00:00,33,2,10924,170.47,170.74,170.45,170.74,1581,MSTR
2025-11-21 21:02:00+00:00,33,2,10924,170.59,170.68,170.5,170.68,1020,MSTR
2025-11-21 21:03:00+00:00,33,2,10924,170.54,170.66,170.51,170.66,138,MSTR
2025-11-21 21:04:00+00:00,33,2,10924,170.5,170.59,169.8,169.89,4190,MSTR
2025-11-21 21:05:00+00:00,33,2,10924,169.9,170.24,169.9,170.02,6362,MSTR
2025-11-21 21:06:00+00:00,33,2,10924,170.34,170.34,170.02,170.05,583,MSTR
2025-11-21 21:07:00+00:00,33,2,10924,170.14,170.14,170.1,170.1,786,MSTR
2025-11-21 21:08:00+00:00,33,2,10924,170.1,170.1,170.02,170.02,368,MSTR
2025-11-21 21:10:00+00:00,33,2,10924,170.31,170.31,170.31,170.31,46,MSTR
2025-11-21 21:11:00+00:00,33,2,10924,170.25,170.25,170.23,170.23,108,MSTR
2025-11-21 21:12:00+00:00,33,2,10924,170.07,170.11,169.92,170.11,362,MSTR
2025-11-21 21:13:00+00:00,33,2,10924,170.19,170.25,170.13,170.23,211,MSTR
2025-11-21 21:14:00+00:00,33,2,10924,170.26,170.26,170.26,170.26,70,MSTR
2025-11-21 21:15:00+00:00,33,2,10924,170.41,170.58,170.41,170.58,1442,MSTR
2025-11-21 21:16:00+00:00,33,2,10924,170.47,170.47,170.46,170.46,80,MSTR
2025-11-21 21:17:00+00:00,33,2,10924,170.55,170.55,170.42,170.54,188,MSTR
2025-11-21 21:18:00+00:00,33,2,10924,170.27,170.43,170.27,170.43,317,MSTR
2025-11-21 21:20:00+00:00,33,2,10924,170.35,170.35,169.76,170.03,3185,MSTR
2025-11-21 21:21:00+00:00,33,2,10924,170.03,170.03,169.94,170.02,450,MSTR
2025-11-21 21:22:00+00:00,33,2,10924,170.41,170.49,170.23,170.35,654,MSTR
2025-11-21 21:23:00+00:00,33,2,10924,170.3,170.55,170.3,170.55,632,MSTR
2025-11-21 21:24:00+00:00,33,2,10924,170.53,170.67,170.5,170.5,383,MSTR
2025-11-21 21:26:00+00:00,33,2,10924,170.69,170.93,170.4,170.56,2022,MSTR
2025-11-21 21:27:00+00:00,33,2,10924,170.58,170.59,170.58,170.59,26,MSTR
2025-11-21 21:28:00+00:00,33,2,10924,170.7,170.7,170.65,170.65,588,MSTR
2025-11-21 21:29:00+00:00,33,2,10924,170.8,170.8,170.61,170.61,767,MSTR
2025-11-21 21:30:00+00:00,33,2,10924,170.75,170.75,170.6,170.6,1572,MSTR
2025-11-21 21:31:00+00:00,33,2,10924,170.57,170.57,170.5,170.5,431,MSTR
2025-11-21 21:32:00+00:00,33,2,10924,170.47,170.78,170.47,170.78,240,MSTR
2025-11-21 21:33:00+00:00,33,2,10924,170.68,170.89,170.68,170.89,1135,MSTR
2025-11-21 21:34:00+00:00,33,2,10924,170.9,171.0,170.47,170.59,3471,MSTR
2025-11-21 21:35:00+00:00,33,2,10924,170.88,170.88,170.88,170.88,10,MSTR
2025-11-21 21:36:00+00:00,33,2,10924,171.07,171.58,171.07,171.58,2332,MSTR
2025-11-21 21:37:00+00:00,33,2,10924,171.45,171.54,171.43,171.54,100,MSTR
2025-11-21 21:38:00+00:00,33,2,10924,171.41,171.5,171.4,171.5,343,MSTR
2025-11-21 21:39:00+00:00,33,2,10924,171.65,171.65,171.65,171.65,2,MSTR
2025-11-21 21:40:00+00:00,33,2,10924,171.71,171.88,171.7,171.7,1093,MSTR
2025-11-21 21:41:00+00:00,33,2,10924,171.8,172.27,171.8,172.27,548,MSTR
2025-11-21 21:42:00+00:00,33,2,10924,172.18,172.18,172.08,172.08,512,MSTR
2025-11-21 21:43:00+00:00,33,2,10924,172.01,172.01,171.86,171.99,238,MSTR
2025-11-21 21:44:00+00:00,33,2,10924,172.0,172.0,170.64,170.64,3292,MSTR
2025-11-21 21:45:00+00:00,33,2,10924,171.13,171.35,171.0,171.35,601,MSTR
2025-11-21 21:46:00+00:00,33,2,10924,171.58,171.7,171.57,171.57,228,MSTR
2025-11-21 21:47:00+00:00,33,2,10924,171.5,171.5,171.5,171.5,512,MSTR
2025-11-21 21:48:00+00:00,33,2,10924,171.58,171.58,171.53,171.53,11,MSTR
2025-11-21 21:49:00+00:00,33,2,10924,171.58,171.59,171.58,171.59,30,MSTR
2025-11-21 21:50:00+00:00,33,2,10924,171.77,171.77,171.77,171.77,5,MSTR
2025-11-21 21:51:00+00:00,33,2,10924,171.95,172.11,171.95,172.11,32,MSTR
2025-11-21 21:53:00+00:00,33,2,10924,171.97,171.97,171.85,171.85,23,MSTR
2025-11-21 21:54:00+00:00,33,2,10924,171.8,171.8,171.73,171.73,13,MSTR
2025-11-21 21:55:00+00:00,33,2,10924,171.7,171.7,171.58,171.58,57,MSTR
2025-11-21 21:56:00+00:00,33,2,10924,171.58,171.64,171.58,171.63,70,MSTR
2025-11-21 21:57:00+00:00,33,2,10924,171.75,171.75,171.75,171.75,23,MSTR
2025-11-21 21:58:00+00:00,33,2,10924,171.81,172.01,171.8,171.93,686,MSTR
2025-11-21 21:59:00+00:00,33,2,10924,172.08,172.74,171.91,172.32,1214,MSTR
