ts_event,rtype,publisher_id,instrument_id,open,high,low,close,volume,symbol
2025-11-10 00:00:00+00:00,33,1,42218,48.535,48.535,48.495,48.5,58,SIZ5
2025-11-10 00:01:00+00:00,33,1,42218,48.495,48.535,48.495,48.5,39,SIZ5
2025-11-10 00:02:00+00:00,33,1,42218,48.5,48.51,48.5,48.51,5,SIZ5
2025-11-10 00:03:00+00:00,33,1,42218,48.525,48.56,48.525,48.525,24,SIZ5
2025-11-10 00:04:00+00:00,33,1,42218,48.53,48.53,48.5,48.53,21,SIZ5
2025-11-10 00:05:00+00:00,33,1,42218,48.53,48.53,48.51,48.51,5,SIZ5
2025-11-10 00:06:00+00:00,33,1,42218,48.505,48.515,48.5,48.515,7,SIZ5
2025-11-10 00:07:00+00:00,33,1,42218,48.52,48.53,48.52,48.52,30,SIZ5
2025-11-10 00:08:00+00:00,33,1,42218,48.51,48.51,48.49,48.49,10,SIZ5
2025-11-10 00:09:00+00:00,33,1,42218,48.495,48.5,48.495,48.495,10,SIZ5
2025-11-10 00:10:00+00:00,33,1,42218,48.5,48.53,48.5,48.53,30,SIZ5
2025-11-10 00:11:00+00:00,33,1,42218,48.525,48.525,48.52,48.525,7,SIZ5
2025-11-10 00:12:00+00:00,33,1,42218,48.53,48.53,48.525,48.525,3,SIZ5
2025-11-10 00:13:00+00:00,33,1,42218,48.53,48.53,48.52,48.52,5,SIZ5
2025-11-10 00:14:00+00:00,33,1,42218,48.53,48.55,48.53,48.545,10,SIZ5
2025-11-10 00:15:00+00:00,33,1,42218,48.545,48.55,48.52,48.52,7,SIZ5
2025-11-10 00:16:00+00:00,33,1,42218,48.525,48.535,48.525,48.525,10,SIZ5
2025-11-10 00:17:00+00:00,33,1,42218,48.525,48.535,48.525,48.525,7,SIZ5
2025-11-10 00:18:00+00:00,33,1,42218,48.53,48.53,48.525,48.525,3,SIZ5
2025-11-10 00:19:00+00:00,33,1,42218,48.525,48.53,48.515,48.515,4,SIZ5
2025-11-10 00:20:00+00:00,33,1,42218,48.52,48.52,48.52,48.52,3,SIZ5
2025-11-10 00:21:00+00:00,33,1,42218,48.515,48.52,48.51,48.515,8,SIZ5
2025-11-10 00:22:00+00:00,33,1,42218,48.52,48.54,48.52,48.525,39,SIZ5
2025-11-10 00:23:00+00:00,33,1,42218,48.52,48.54,48.52,48.535,12,SIZ5
2025-11-10 00:24:00+00:00,33,1,42218,48.53,48.535,48.515,48.515,10,SIZ5
2025-11-10 00:25:00+00:00,33,1,42218,48.515,48.53,48.51,48.53,16,SIZ5
2025-11-10 00:26:00+00:00,33,1,42218,48.53,48.53,48.53,48.53,2,SIZ5
2025-11-10 00:27:00+00:00,33,1,42218,48.525,48.525,48.525,48.525,3,SIZ5
2025-11-10 00:28:00+00:00,33,1,42218,48.525,48.525,48.51,48.51,10,SIZ5
2025-11-10 00:29:00+00:00,33,1,42218,48.505,48.52,48.505,48.51,34,SIZ5
2025-11-10 00:30:00+00:00,33,1,42218,48.52,48.54,48.515,48.535,30,SIZ5
2025-11-10 00:31:00+00:00,33,1,42218,48.535,48.535,48.52,48.535,25,SIZ5
2025-11-10 00:32:00+00:00,33,1,42218,48.53,48.53,48.525,48.53,13,SIZ5
2025-11-10 00:33:00+00:00,33,1,42218,48.53,48.535,48.515,48.515,16,SIZ5
2025-11-10 00:34:00+00:00,33,1,42218,48.52,48.52,48.52,48.52,2,SIZ5
2025-11-10 00:35:00+00:00,33,1,42218,48.525,48.525,48.515,48.515,13,SIZ5
2025-11-10 00:36:00+00:00,33,1,42218,48.5,48.5,48.475,48.485,17,SIZ5
2025-11-10 00:37:00+00:00,33,1,42218,48.485,48.49,48.45,48.45,14,SIZ5
2025-11-10 00:38:00+00:00,33,1,42218,48.455,48.47,48.445,48.465,30,SIZ5
2025-11-10 00:39:00+00:00,33,1,42218,48.475,48.48,48.47,48.47,7,SIZ5
2025-11-10 00:40:00+00:00,33,1,42218,48.475,48.475,48.465,48.465,4,SIZ5
2025-11-10 00:41:00+00:00,33,1,42218,48.465,48.475,48.465,48.465,13,SIZ5
2025-11-10 00:42:00+00:00,33,1,42218,48.47,48.47,48.47,48.47,1,SIZ5
2025-11-10 00:43:00+00:00,33,1,42218,48.47,48.48,48.47,48.47,8,SIZ5
2025-11-10 00:44:00+00:00,33,1,42218,48.475,48.5,48.47,48.5,37,SIZ5
2025-11-10 00:45:00+00:00,33,1,42218,48.5,48.53,48.495,48.515,59,SIZ5
2025-11-10 00:46:00+00:00,33,1,42218,48.515,48.525,48.515,48.525,16,SIZ5
2025-11-10 00:47:00+00:00,33,1,42218,48.515,48.54,48.51,48.54,19,SIZ5
2025-11-10 00:48:00+00:00,33,1,42218,48.535,48.54,48.525,48.53,25,SIZ5
2025-11-10 00:49:00+00:00,33,1,42218,48.535,48.54,48.52,48.52,11,SIZ5
2025-11-10 00:50:00+00:00,33,1,42218,48.53,48.53,48.51,48.51,10,SIZ5
2025-11-10 00:51:00+00:00,33,1,42218,48.51,48.51,48.5,48.5,17,SIZ5
2025-11-10 00:52:00+00:00,33,1,42218,48.49,48.5,48.49,48.5,16,SIZ5
2025-11-10 00:53:00+00:00,33,1,42218,48.485,48.485,48.465,48.48,35,SIZ5
2025-11-10 00:54:00+00:00,33,1,42218,48.47,48.505,48.465,48.49,51,SIZ5
2025-11-10 00:55:00+00:00,33,1,42218,48.485,48.49,48.475,48.485,11,SIZ5
2025-11-10 00:56:00+00:00,33,1,42218,48.485,48.495,48.48,48.485,26,SIZ5
2025-11-10 00:57:00+00:00,33,1,42218,48.49,48.5,48.475,48.475,45,SIZ5
2025-11-10 00:58:00+00:00,33,1,42218,48.475,48.485,48.47,48.48,29,SIZ5
2025-11-10 00:59:00+00:00,33,1,42218,48.475,48.495,48.455,48.49,109,SIZ5
2025-11-10 01:00:00+00:00,33,1,42218,48.485,48.57,48.47,48.565,367,SIZ5
2025-11-10 01:01:00+00:00,33,1,42218,48.565,48.575,48.51,48.54,97,SIZ5
2025-11-10 01:02:00+00:00,33,1,42218,48.55,48.555,48.51,48.52,93,SIZ5
2025-11-10 01:03:00+00:00,33,1,42218,48.52,48.59,48.52,48.58,54,SIZ5
2025-11-10 01:04:00+00:00,33,1,42218,48.585,48.585,48.55,48.55,28,SIZ5
2025-11-10 01:05:00+00:00,33,1,42218,48.56,48.595,48.55,48.56,107,SIZ5
2025-11-10 01:06:00+00:00,33,1,42218,48.565,48.59,48.55,48.555,40,SIZ5
2025-11-10 01:07:00+00:00,33,1,42218,48.56,48.6,48.56,48.6,20,SIZ5
2025-11-10 01:08:00+00:00,33,1,42218,48.6,48.63,48.595,48.61,58,SIZ5
2025-11-10 01:09:00+00:00,33,1,42218,48.62,48.625,48.59,48.625,27,SIZ5
2025-11-10 01:10:00+00:00,33,1,42218,48.63,48.725,48.625,48.725,153,SIZ5
2025-11-10 01:11:00+00:00,33,1,42218,48.715,48.88,48.715,48.87,501,SIZ5
2025-11-10 01:12:00+00:00,33,1,42218,48.88,48.91,48.845,48.87,141,SIZ5
2025-11-10 01:13:00+00:00,33,1,42218,48.87,48.905,48.815,48.85,165,SIZ5
2025-11-10 01:14:00+00:00,33,1,42218,48.865,48.875,48.82,48.845,96,SIZ5
2025-11-10 01:15:00+00:00,33,1,42218,48.855,48.885,48.84,48.865,70,SIZ5
2025-11-10 01:16:00+00:00,33,1,42218,48.87,48.895,48.855,48.885,55,SIZ5
2025-11-10 01:17:00+00:00,33,1,42218,48.88,48.89,48.855,48.87,35,SIZ5
2025-11-10 01:18:00+00:00,33,1,42218,48.88,48.92,48.88,48.905,64,SIZ5
2025-11-10 01:19:00+00:00,33,1,42218,48.91,48.935,48.895,48.9,51,SIZ5
2025-11-10 01:20:00+00:00,33,1,42218,48.905,48.915,48.88,48.905,58,SIZ5
2025-11-10 01:21:00+00:00,33,1,42218,48.91,48.94,48.905,48.905,156,SIZ5
2025-11-10 01:22:00+00:00,33,1,42218,48.915,48.96,48.915,48.94,92,SIZ5
2025-11-10 01:23:00+00:00,33,1,42218,48.945,48.97,48.92,48.95,77,SIZ5
2025-11-10 01:24:00+00:00,33,1,42218,48.965,49.115,48.96,49.1,673,SIZ5
2025-11-10 01:25:00+00:00,33,1,42218,49.095,49.145,49.075,49.135,198,SIZ5
2025-11-10 01:26:00+00:00,33,1,42218,49.14,49.32,49.14,49.255,531,SIZ5
2025-11-10 01:27:00+00:00,33,1,42218,49.265,49.335,49.265,49.32,408,SIZ5
2025-11-10 01:28:00+00:00,33,1,42218,49.31,49.425,49.27,49.31,275,SIZ5
2025-11-10 01:29:00+00:00,33,1,42218,49.31,49.335,49.29,49.29,138,SIZ5
2025-11-10 01:30:00+00:00,33,1,42218,49.285,49.3,49.14,49.145,338,SIZ5
2025-11-10 01:31:00+00:00,33,1,42218,49.145,49.205,49.125,49.17,151,SIZ5
2025-11-10 01:32:00+00:00,33,1,42218,49.165,49.18,49.12,49.14,135,SIZ5
2025-11-10 01:33:00+00:00,33,1,42218,49.13,49.195,49.115,49.135,138,SIZ5
2025-11-10 01:34:00+00:00,33,1,42218,49.135,49.25,49.125,49.25,99,SIZ5
2025-11-10 01:35:00+00:00,33,1,42218,49.26,49.295,49.26,49.28,57,SIZ5
2025-11-10 01:36:00+00:00,33,1,42218,49.285,49.32,49.265,49.32,74,SIZ5
2025-11-10 01:37:00+00:00,33,1,42218,49.315,49.38,49.295,49.305,118,SIZ5
2025-11-10 01:38:00+00:00,33,1,42218,49.3,49.35,49.265,49.32,129,SIZ5
2025-11-10 01:39:00+00:00,33,1,42218,49.32,49.335,49.24,49.25,87,SIZ5
2025-11-10 01:40:00+00:00,33,1,42218,49.25,49.285,49.23,49.255,85,SIZ5
2025-11-10 01:41:00+00:00,33,1,42218,49.245,49.255,49.18,49.2,64,SIZ5
2025-11-10 01:42:00+00:00,33,1,42218,49.2,49.23,49.175,49.21,54,SIZ5
2025-11-10 01:43:00+00:00,33,1,42218,49.205,49.28,49.205,49.215,103,SIZ5
2025-11-10 01:44:00+00:00,33,1,42218,49.215,49.25,49.195,49.215,77,SIZ5
2025-11-10 01:45:00+00:00,33,1,42218,49.21,49.22,49.165,49.18,65,SIZ5
2025-11-10 01:46:00+00:00,33,1,42218,49.175,49.2,49.16,49.2,39,SIZ5
2025-11-10 01:47:00+00:00,33,1,42218,49.21,49.26,49.205,49.235,41,SIZ5
2025-11-10 01:48:00+00:00,33,1,42218,49.24,49.26,49.195,49.2,86,SIZ5
2025-11-10 01:49:00+00:00,33,1,42218,49.195,49.205,49.19,49.2,18,SIZ5
2025-11-10 01:50:00+00:00,33,1,42218,49.19,49.19,49.14,49.145,40,SIZ5
2025-11-10 01:51:00+00:00,33,1,42218,49.145,49.15,49.03,49.065,250,SIZ5
2025-11-10 01:52:00+00:00,33,1,42218,49.07,49.12,49.065,49.09,116,SIZ5
2025-11-10 01:53:00+00:00,33,1,42218,49.085,49.085,49.045,49.05,101,SIZ5
2025-11-10 01:54:00+00:00,33,1,42218,49.045,49.07,48.99,48.99,103,SIZ5
2025-11-10 01:55:00+00:00,33,1,42218,48.995,49.05,48.995,49.015,121,SIZ5
2025-11-10 01:56:00+00:00,33,1,42218,49.02,49.025,48.965,49.025,88,SIZ5
2025-11-10 01:57:00+00:00,33,1,42218,49.015,49.065,49.015,49.04,66,SIZ5
2025-11-10 01:58:00+00:00,33,1,42218,49.03,49.07,49.025,49.055,51,SIZ5
2025-11-10 01:59:00+00:00,33,1,42218,49.06,49.06,49.02,49.06,43,SIZ5
2025-11-10 02:00:00+00:00,33,1,42218,49.05,49.065,48.965,48.97,99,SIZ5
2025-11-10 02:01:00+00:00,33,1,42218,48.99,49.035,48.985,49.03,99,SIZ5
2025-11-10 02:02:00+00:00,33,1,42218,49.03,49.05,48.995,49.005,83,SIZ5
2025-11-10 02:03:00+00:00,33,1,42218,49.0,49.01,48.87,48.925,290,SIZ5
2025-11-10 02:04:00+00:00,33,1,42218,48.92,49.0,48.92,48.965,69,SIZ5
2025-11-10 02:05:00+00:00,33,1,42218,48.975,48.975,48.925,48.93,97,SIZ5
2025-11-10 02:06:00+00:00,33,1,42218,48.935,48.955,48.92,48.92,88,SIZ5
2025-11-10 02:07:00+00:00,33,1,42218,48.915,48.915,48.84,48.85,52,SIZ5
2025-11-10 02:08:00+00:00,33,1,42218,48.84,48.88,48.84,48.875,50,SIZ5
2025-11-10 02:09:00+00:00,33,1,42218,48.875,48.88,48.825,48.83,68,SIZ5
2025-11-10 02:10:00+00:00,33,1,42218,48.825,48.87,48.82,48.83,48,SIZ5
2025-11-10 02:11:00+00:00,33,1,42218,48.82,48.825,48.74,48.76,193,SIZ5
2025-11-10 02:12:00+00:00,33,1,42218,48.765,48.825,48.755,48.79,105,SIZ5
2025-11-10 02:13:00+00:00,33,1,42218,48.805,48.85,48.79,48.84,70,SIZ5
2025-11-10 02:14:00+00:00,33,1,42218,48.83,48.83,48.78,48.81,161,SIZ5
2025-11-10 02:15:00+00:00,33,1,42218,48.805,48.845,48.79,48.82,49,SIZ5
2025-11-10 02:16:00+00:00,33,1,42218,48.835,48.865,48.835,48.85,25,SIZ5
2025-11-10 02:17:00+00:00,33,1,42218,48.855,48.925,48.85,48.9,109,SIZ5
2025-11-10 02:18:00+00:00,33,1,42218,48.905,48.955,48.895,48.935,155,SIZ5
2025-11-10 02:19:00+00:00,33,1,42218,48.93,48.935,48.88,48.88,37,SIZ5
2025-11-10 02:20:00+00:00,33,1,42218,48.87,48.89,48.87,48.89,32,SIZ5
2025-11-10 02:21:00+00:00,33,1,42218,48.885,48.905,48.885,48.89,10,SIZ5
2025-11-10 02:22:00+00:00,33,1,42218,48.9,48.91,48.9,48.91,18,SIZ5
2025-11-10 02:23:00+00:00,33,1,42218,48.905,48.91,48.895,48.91,32,SIZ5
2025-11-10 02:24:00+00:00,33,1,42218,48.915,48.925,48.9,48.9,41,SIZ5
2025-11-10 02:25:00+00:00,33,1,42218,48.9,48.925,48.9,48.905,22,SIZ5
2025-11-10 02:26:00+00:00,33,1,42218,48.91,48.92,48.895,48.92,23,SIZ5
2025-11-10 02:27:00+00:00,33,1,42218,48.91,48.915,48.88,48.88,18,SIZ5
2025-11-10 02:28:00+00:00,33,1,42218,48.87,48.875,48.855,48.865,14,SIZ5
2025-11-10 02:29:00+00:00,33,1,42218,48.855,48.875,48.85,48.875,27,SIZ5
2025-11-10 02:30:00+00:00,33,1,42218,48.875,48.88,48.81,48.84,88,SIZ5
2025-11-10 02:31:00+00:00,33,1,42218,48.86,48.87,48.825,48.825,22,SIZ5
2025-11-10 02:32:00+00:00,33,1,42218,48.82,48.875,48.8,48.875,16,SIZ5
2025-11-10 02:33:00+00:00,33,1,42218,48.865,48.875,48.84,48.875,16,SIZ5
2025-11-10 02:34:00+00:00,33,1,42218,48.87,48.89,48.84,48.84,17,SIZ5
2025-11-10 02:35:00+00:00,33,1,42218,48.835,48.86,48.83,48.855,24,SIZ5
2025-11-10 02:36:00+00:00,33,1,42218,48.86,48.915,48.86,48.9,27,SIZ5
2025-11-10 02:37:00+00:00,33,1,42218,48.91,48.945,48.895,48.945,65,SIZ5
2025-11-10 02:38:00+00:00,33,1,42218,48.94,48.955,48.925,48.945,28,SIZ5
2025-11-10 02:39:00+00:00,33,1,42218,48.95,48.95,48.935,48.945,22,SIZ5
2025-11-10 02:40:00+00:00,33,1,42218,48.945,49.02,48.945,48.985,224,SIZ5
2025-11-10 02:41:00+00:00,33,1,42218,48.98,49.0,48.97,48.98,45,SIZ5
2025-11-10 02:42:00+00:00,33,1,42218,48.98,49.03,48.98,49.02,38,SIZ5
2025-11-10 02:43:00+00:00,33,1,42218,49.01,49.05,49.005,49.04,28,SIZ5
2025-11-10 02:44:00+00:00,33,1,42218,49.04,49.08,49.025,49.045,192,SIZ5
2025-11-10 02:45:00+00:00,33,1,42218,49.045,49.065,49.035,49.035,30,SIZ5
2025-11-10 02:46:00+00:00,33,1,42218,49.05,49.05,49.01,49.01,21,SIZ5
2025-11-10 02:47:00+00:00,33,1,42218,49.025,49.035,48.99,48.995,19,SIZ5
2025-11-10 02:48:00+00:00,33,1,42218,48.995,49.025,48.995,49.02,11,SIZ5
2025-11-10 02:49:00+00:00,33,1,42218,49.025,49.05,49.015,49.015,42,SIZ5
2025-11-10 02:50:00+00:00,33,1,42218,49.01,49.03,49.01,49.02,8,SIZ5
2025-11-10 02:51:00+00:00,33,1,42218,49.02,49.045,49.01,49.035,23,SIZ5
2025-11-10 02:52:00+00:00,33,1,42218,49.025,49.035,49.01,49.02,10,SIZ5
2025-11-10 02:53:00+00:00,33,1,42218,49.015,49.025,49.01,49.02,12,SIZ5
2025-11-10 02:54:00+00:00,33,1,42218,49.03,49.035,49.025,49.03,28,SIZ5
2025-11-10 02:55:00+00:00,33,1,42218,49.04,49.075,49.025,49.07,66,SIZ5
2025-11-10 02:56:00+00:00,33,1,42218,49.065,49.07,49.045,49.07,23,SIZ5
2025-11-10 02:57:00+00:00,33,1,42218,49.06,49.11,49.06,49.11,38,SIZ5
2025-11-10 02:58:00+00:00,33,1,42218,49.095,49.11,49.095,49.11,13,SIZ5
2025-11-10 02:59:00+00:00,33,1,42218,49.1,49.1,49.065,49.065,34,SIZ5
2025-11-10 03:00:00+00:00,33,1,42218,49.065,49.08,49.06,49.07,21,SIZ5
2025-11-10 03:01:00+00:00,33,1,42218,49.07,49.07,49.055,49.06,17,SIZ5
2025-11-10 03:02:00+00:00,33,1,42218,49.05,49.075,49.03,49.075,36,SIZ5
2025-11-10 03:03:00+00:00,33,1,42218,49.07,49.07,49.065,49.07,6,SIZ5
2025-11-10 03:04:00+00:00,33,1,42218,49.06,49.085,49.06,49.08,32,SIZ5
2025-11-10 03:05:00+00:00,33,1,42218,49.075,49.085,49.065,49.085,13,SIZ5
2025-11-10 03:06:00+00:00,33,1,42218,49.08,49.08,49.07,49.07,6,SIZ5
2025-11-10 03:07:00+00:00,33,1,42218,49.08,49.095,49.07,49.07,29,SIZ5
2025-11-10 03:08:00+00:00,33,1,42218,49.07,49.07,49.055,49.06,7,SIZ5
2025-11-10 03:09:00+00:00,33,1,42218,49.065,49.09,49.065,49.09,25,SIZ5
2025-11-10 03:10:00+00:00,33,1,42218,49.085,49.085,49.07,49.08,10,SIZ5
2025-11-10 03:11:00+00:00,33,1,42218,49.08,49.09,49.075,49.09,10,SIZ5
2025-11-10 03:12:00+00:00,33,1,42218,49.085,49.095,49.07,49.07,21,SIZ5
2025-11-10 03:13:00+00:00,33,1,42218,49.06,49.07,49.06,49.07,3,SIZ5
2025-11-10 03:14:00+00:00,33,1,42218,49.065,49.075,49.06,49.075,12,SIZ5
2025-11-10 03:15:00+00:00,33,1,42218,49.09,49.09,49.06,49.06,24,SIZ5
2025-11-10 03:16:00+00:00,33,1,42218,49.07,49.07,49.06,49.065,7,SIZ5
2025-11-10 03:17:00+00:00,33,1,42218,49.055,49.06,49.045,49.055,11,SIZ5
2025-11-10 03:18:00+00:00,33,1,42218,49.08,49.1,49.075,49.09,87,SIZ5
2025-11-10 03:19:00+00:00,33,1,42218,49.085,49.09,49.08,49.09,5,SIZ5
2025-11-10 03:20:00+00:00,33,1,42218,49.11,49.155,49.105,49.155,39,SIZ5
2025-11-10 03:21:00+00:00,33,1,42218,49.16,49.17,49.15,49.16,17,SIZ5
2025-11-10 03:22:00+00:00,33,1,42218,49.165,49.165,49.135,49.135,59,SIZ5
2025-11-10 03:23:00+00:00,33,1,42218,49.135,49.175,49.115,49.175,54,SIZ5
2025-11-10 03:24:00+00:00,33,1,42218,49.18,49.235,49.175,49.215,110,SIZ5
2025-11-10 03:25:00+00:00,33,1,42218,49.195,49.21,49.18,49.205,29,SIZ5
2025-11-10 03:26:00+00:00,33,1,42218,49.205,49.22,49.205,49.22,31,SIZ5
2025-11-10 03:27:00+00:00,33,1,42218,49.225,49.245,49.225,49.23,21,SIZ5
2025-11-10 03:28:00+00:00,33,1,42218,49.215,49.215,49.21,49.21,2,SIZ5
2025-11-10 03:29:00+00:00,33,1,42218,49.205,49.21,49.2,49.205,11,SIZ5
2025-11-10 03:30:00+00:00,33,1,42218,49.205,49.21,49.135,49.135,58,SIZ5
2025-11-10 03:31:00+00:00,33,1,42218,49.14,49.15,49.125,49.125,33,SIZ5
2025-11-10 03:32:00+00:00,33,1,42218,49.12,49.14,49.11,49.12,70,SIZ5
2025-11-10 03:33:00+00:00,33,1,42218,49.12,49.14,49.1,49.1,25,SIZ5
2025-11-10 03:34:00+00:00,33,1,42218,49.1,49.1,49.07,49.095,41,SIZ5
2025-11-10 03:35:00+00:00,33,1,42218,49.085,49.095,49.07,49.07,15,SIZ5
2025-11-10 03:36:00+00:00,33,1,42218,49.075,49.095,49.07,49.08,32,SIZ5
2025-11-10 03:37:00+00:00,33,1,42218,49.095,49.095,49.075,49.075,37,SIZ5
2025-11-10 03:38:00+00:00,33,1,42218,49.08,49.085,49.075,49.08,17,SIZ5
2025-11-10 03:39:00+00:00,33,1,42218,49.085,49.09,49.07,49.085,18,SIZ5
2025-11-10 03:40:00+00:00,33,1,42218,49.095,49.11,49.085,49.11,11,SIZ5
2025-11-10 03:41:00+00:00,33,1,42218,49.115,49.115,49.1,49.1,17,SIZ5
2025-11-10 03:42:00+00:00,33,1,42218,49.1,49.1,49.085,49.085,7,SIZ5
2025-11-10 03:43:00+00:00,33,1,42218,49.095,49.11,49.095,49.11,10,SIZ5
2025-11-10 03:44:00+00:00,33,1,42218,49.11,49.12,49.11,49.11,24,SIZ5
2025-11-10 03:45:00+00:00,33,1,42218,49.11,49.11,49.105,49.11,9,SIZ5
2025-11-10 03:46:00+00:00,33,1,42218,49.11,49.12,49.105,49.105,10,SIZ5
2025-11-10 03:47:00+00:00,33,1,42218,49.12,49.12,49.105,49.115,7,SIZ5
2025-11-10 03:48:00+00:00,33,1,42218,49.11,49.115,49.085,49.095,27,SIZ5
2025-11-10 03:49:00+00:00,33,1,42218,49.1,49.1,49.07,49.07,20,SIZ5
2025-11-10 03:50:00+00:00,33,1,42218,49.065,49.065,49.055,49.055,11,SIZ5
2025-11-10 03:51:00+00:00,33,1,42218,49.065,49.07,49.06,49.065,12,SIZ5
2025-11-10 03:52:00+00:00,33,1,42218,49.065,49.085,49.065,49.085,12,SIZ5
2025-11-10 03:53:00+00:00,33,1,42218,49.085,49.105,49.085,49.1,19,SIZ5
2025-11-10 03:54:00+00:00,33,1,42218,49.1,49.1,49.09,49.095,11,SIZ5
2025-11-10 03:55:00+00:00,33,1,42218,49.095,49.11,49.09,49.105,8,SIZ5
2025-11-10 03:56:00+00:00,33,1,42218,49.115,49.135,49.105,49.115,41,SIZ5
2025-11-10 03:57:00+00:00,33,1,42218,49.12,49.135,49.12,49.13,17,SIZ5
2025-11-10 03:58:00+00:00,33,1,42218,49.13,49.14,49.13,49.14,3,SIZ5
2025-11-10 03:59:00+00:00,33,1,42218,49.145,49.145,49.12,49.12,27,SIZ5
2025-11-10 04:00:00+00:00,33,1,42218,49.13,49.145,49.13,49.145,6,SIZ5
2025-11-10 04:01:00+00:00,33,1,42218,49.155,49.165,49.155,49.16,14,SIZ5
2025-11-10 04:02:00+00:00,33,1,42218,49.17,49.185,49.17,49.175,35,SIZ5
2025-11-10 04:03:00+00:00,33,1,42218,49.175,49.205,49.165,49.2,53,SIZ5
2025-11-10 04:04:00+00:00,33,1,42218,49.2,49.205,49.185,49.19,16,SIZ5
2025-11-10 04:05:00+00:00,33,1,42218,49.195,49.2,49.195,49.2,4,SIZ5
2025-11-10 04:06:00+00:00,33,1,42218,49.2,49.215,49.2,49.2,9,SIZ5
2025-11-10 04:07:00+00:00,33,1,42218,49.2,49.2,49.19,49.195,8,SIZ5
2025-11-10 04:08:00+00:00,33,1,42218,49.205,49.215,49.2,49.215,11,SIZ5
2025-11-10 04:09:00+00:00,33,1,42218,49.21,49.21,49.2,49.205,10,SIZ5
2025-11-10 04:10:00+00:00,33,1,42218,49.205,49.22,49.2,49.2,16,SIZ5
2025-11-10 04:11:00+00:00,33,1,42218,49.2,49.205,49.19,49.205,16,SIZ5
2025-11-10 04:12:00+00:00,33,1,42218,49.19,49.19,49.17,49.175,19,SIZ5
2025-11-10 04:13:00+00:00,33,1,42218,49.185,49.21,49.185,49.21,6,SIZ5
2025-11-10 04:14:00+00:00,33,1,42218,49.205,49.21,49.195,49.195,7,SIZ5
2025-11-10 04:15:00+00:00,33,1,42218,49.195,49.195,49.19,49.19,4,SIZ5
2025-11-10 04:16:00+00:00,33,1,42218,49.18,49.18,49.16,49.16,9,SIZ5
2025-11-10 04:17:00+00:00,33,1,42218,49.17,49.17,49.14,49.15,22,SIZ5
2025-11-10 04:18:00+00:00,33,1,42218,49.155,49.17,49.155,49.17,7,SIZ5
2025-11-10 04:19:00+00:00,33,1,42218,49.165,49.18,49.165,49.17,5,SIZ5
2025-11-10 04:20:00+00:00,33,1,42218,49.17,49.18,49.17,49.18,5,SIZ5
2025-11-10 04:21:00+00:00,33,1,42218,49.18,49.185,49.18,49.18,9,SIZ5
2025-11-10 04:22:00+00:00,33,1,42218,49.17,49.17,49.16,49.165,31,SIZ5
2025-11-10 04:23:00+00:00,33,1,42218,49.17,49.185,49.17,49.185,12,SIZ5
2025-11-10 04:24:00+00:00,33,1,42218,49.185,49.19,49.18,49.18,9,SIZ5
2025-11-10 04:25:00+00:00,33,1,42218,49.175,49.18,49.17,49.175,10,SIZ5
2025-11-10 04:26:00+00:00,33,1,42218,49.17,49.175,49.165,49.165,11,SIZ5
2025-11-10 04:27:00+00:00,33,1,42218,49.16,49.165,49.145,49.165,16,SIZ5
2025-11-10 04:28:00+00:00,33,1,42218,49.18,49.195,49.18,49.19,14,SIZ5
2025-11-10 04:29:00+00:00,33,1,42218,49.18,49.18,49.18,49.18,2,SIZ5
2025-11-10 04:30:00+00:00,33,1,42218,49.185,49.21,49.185,49.21,19,SIZ5
2025-11-10 04:31:00+00:00,33,1,42218,49.21,49.225,49.195,49.225,36,SIZ5
2025-11-10 04:32:00+00:00,33,1,42218,49.22,49.23,49.21,49.21,18,SIZ5
2025-11-10 04:33:00+00:00,33,1,42218,49.21,49.215,49.21,49.215,14,SIZ5
2025-11-10 04:34:00+00:00,33,1,42218,49.215,49.22,49.205,49.205,11,SIZ5
2025-11-10 04:35:00+00:00,33,1,42218,49.21,49.225,49.21,49.215,10,SIZ5
2025-11-10 04:36:00+00:00,33,1,42218,49.215,49.23,49.21,49.22,25,SIZ5
2025-11-10 04:37:00+00:00,33,1,42218,49.225,49.225,49.225,49.225,1,SIZ5
2025-11-10 04:38:00+00:00,33,1,42218,49.23,49.23,49.215,49.215,16,SIZ5
2025-11-10 04:39:00+00:00,33,1,42218,49.22,49.225,49.22,49.22,4,SIZ5
2025-11-10 04:40:00+00:00,33,1,42218,49.225,49.23,49.225,49.23,6,SIZ5
2025-11-10 04:41:00+00:00,33,1,42218,49.235,49.26,49.235,49.26,16,SIZ5
2025-11-10 04:42:00+00:00,33,1,42218,49.255,49.26,49.245,49.26,24,SIZ5
2025-11-10 04:43:00+00:00,33,1,42218,49.265,49.265,49.245,49.245,14,SIZ5
2025-11-10 04:44:00+00:00,33,1,42218,49.245,49.245,49.24,49.24,6,SIZ5
2025-11-10 04:45:00+00:00,33,1,42218,49.245,49.25,49.245,49.245,8,SIZ5
2025-11-10 04:46:00+00:00,33,1,42218,49.22,49.22,49.215,49.215,6,SIZ5
2025-11-10 04:47:00+00:00,33,1,42218,49.22,49.235,49.215,49.235,8,SIZ5
2025-11-10 04:48:00+00:00,33,1,42218,49.24,49.245,49.24,49.245,12,SIZ5
2025-11-10 04:49:00+00:00,33,1,42218,49.25,49.25,49.245,49.25,7,SIZ5
2025-11-10 04:50:00+00:00,33,1,42218,49.255,49.255,49.25,49.255,7,SIZ5
2025-11-10 04:51:00+00:00,33,1,42218,49.25,49.25,49.245,49.245,7,SIZ5
2025-11-10 04:52:00+00:00,33,1,42218,49.245,49.26,49.235,49.245,42,SIZ5
2025-11-10 04:53:00+00:00,33,1,42218,49.23,49.235,49.23,49.23,8,SIZ5
2025-11-10 04:54:00+00:00,33,1,42218,49.23,49.26,49.23,49.23,41,SIZ5
2025-11-10 04:55:00+00:00,33,1,42218,49.23,49.23,49.215,49.225,24,SIZ5
2025-11-10 04:56:00+00:00,33,1,42218,49.235,49.26,49.235,49.255,12,SIZ5
2025-11-10 04:57:00+00:00,33,1,42218,49.26,49.28,49.26,49.28,35,SIZ5
2025-11-10 04:58:00+00:00,33,1,42218,49.275,49.295,49.25,49.255,41,SIZ5
2025-11-10 04:59:00+00:00,33,1,42218,49.255,49.255,49.25,49.25,2,SIZ5
2025-11-10 05:00:00+00:00,33,1,42218,49.255,49.255,49.235,49.24,29,SIZ5
2025-11-10 05:01:00+00:00,33,1,42218,49.245,49.245,49.24,49.245,12,SIZ5
2025-11-10 05:02:00+00:00,33,1,42218,49.25,49.27,49.245,49.27,11,SIZ5
2025-11-10 05:03:00+00:00,33,1,42218,49.26,49.275,49.26,49.265,14,SIZ5
2025-11-10 05:04:00+00:00,33,1,42218,49.27,49.27,49.255,49.26,11,SIZ5
2025-11-10 05:05:00+00:00,33,1,42218,49.265,49.265,49.26,49.265,4,SIZ5
2025-11-10 05:06:00+00:00,33,1,42218,49.27,49.275,49.26,49.26,7,SIZ5
2025-11-10 05:07:00+00:00,33,1,42218,49.26,49.265,49.255,49.265,10,SIZ5
2025-11-10 05:08:00+00:00,33,1,42218,49.26,49.26,49.255,49.26,6,SIZ5
2025-11-10 05:09:00+00:00,33,1,42218,49.245,49.245,49.24,49.245,8,SIZ5
2025-11-10 05:10:00+00:00,33,1,42218,49.245,49.245,49.225,49.24,92,SIZ5
2025-11-10 05:11:00+00:00,33,1,42218,49.245,49.245,49.22,49.24,33,SIZ5
2025-11-10 05:12:00+00:00,33,1,42218,49.235,49.235,49.215,49.23,24,SIZ5
2025-11-10 05:13:00+00:00,33,1,42218,49.235,49.235,49.195,49.21,37,SIZ5
2025-11-10 05:14:00+00:00,33,1,42218,49.215,49.245,49.215,49.245,39,SIZ5
2025-11-10 05:15:00+00:00,33,1,42218,49.24,49.245,49.24,49.245,20,SIZ5
2025-11-10 05:16:00+00:00,33,1,42218,49.255,49.255,49.24,49.245,12,SIZ5
2025-11-10 05:17:00+00:00,33,1,42218,49.25,49.28,49.25,49.28,33,SIZ5
2025-11-10 05:18:00+00:00,33,1,42218,49.28,49.315,49.28,49.29,62,SIZ5
2025-11-10 05:19:00+00:00,33,1,42218,49.29,49.29,49.27,49.28,13,SIZ5
2025-11-10 05:20:00+00:00,33,1,42218,49.29,49.29,49.28,49.29,20,SIZ5
2025-11-10 05:21:00+00:00,33,1,42218,49.295,49.3,49.29,49.295,20,SIZ5
2025-11-10 05:22:00+00:00,33,1,42218,49.29,49.31,49.29,49.31,25,SIZ5
2025-11-10 05:23:00+00:00,33,1,42218,49.305,49.33,49.305,49.32,37,SIZ5
2025-11-10 05:24:00+00:00,33,1,42218,49.325,49.335,49.32,49.33,18,SIZ5
2025-11-10 05:25:00+00:00,33,1,42218,49.33,49.345,49.33,49.34,9,SIZ5
2025-11-10 05:26:00+00:00,33,1,42218,49.33,49.335,49.32,49.32,21,SIZ5
2025-11-10 05:27:00+00:00,33,1,42218,49.32,49.35,49.32,49.35,15,SIZ5
2025-11-10 05:28:00+00:00,33,1,42218,49.35,49.35,49.33,49.34,42,SIZ5
2025-11-10 05:29:00+00:00,33,1,42218,49.34,49.345,49.32,49.345,14,SIZ5
2025-11-10 05:30:00+00:00,33,1,42218,49.345,49.435,49.32,49.405,162,SIZ5
2025-11-10 05:31:00+00:00,33,1,42218,49.395,49.41,49.38,49.39,27,SIZ5
2025-11-10 05:32:00+00:00,33,1,42218,49.385,49.405,49.36,49.37,80,SIZ5
2025-11-10 05:33:00+00:00,33,1,42218,49.37,49.415,49.365,49.405,59,SIZ5
2025-11-10 05:34:00+00:00,33,1,42218,49.4,49.405,49.39,49.395,20,SIZ5
2025-11-10 05:35:00+00:00,33,1,42218,49.41,49.41,49.375,49.395,24,SIZ5
2025-11-10 05:36:00+00:00,33,1,42218,49.395,49.41,49.39,49.395,64,SIZ5
2025-11-10 05:37:00+00:00,33,1,42218,49.4,49.41,49.395,49.41,53,SIZ5
2025-11-10 05:38:00+00:00,33,1,42218,49.42,49.44,49.405,49.43,23,SIZ5
2025-11-10 05:39:00+00:00,33,1,42218,49.425,49.435,49.41,49.435,65,SIZ5
2025-11-10 05:40:00+00:00,33,1,42218,49.435,49.465,49.43,49.45,53,SIZ5
2025-11-10 05:41:00+00:00,33,1,42218,49.445,49.45,49.435,49.45,22,SIZ5
2025-11-10 05:42:00+00:00,33,1,42218,49.455,49.485,49.455,49.465,34,SIZ5
2025-11-10 05:43:00+00:00,33,1,42218,49.48,49.49,49.45,49.48,88,SIZ5
2025-11-10 05:44:00+00:00,33,1,42218,49.475,49.5,49.455,49.455,53,SIZ5
2025-11-10 05:45:00+00:00,33,1,42218,49.46,49.465,49.425,49.45,57,SIZ5
2025-11-10 05:46:00+00:00,33,1,42218,49.455,49.46,49.445,49.445,22,SIZ5
2025-11-10 05:47:00+00:00,33,1,42218,49.445,49.445,49.435,49.44,8,SIZ5
2025-11-10 05:48:00+00:00,33,1,42218,49.45,49.46,49.44,49.46,16,SIZ5
2025-11-10 05:49:00+00:00,33,1,42218,49.46,49.47,49.415,49.42,60,SIZ5
2025-11-10 05:50:00+00:00,33,1,42218,49.425,49.475,49.425,49.475,33,SIZ5
2025-11-10 05:51:00+00:00,33,1,42218,49.48,49.495,49.465,49.465,23,SIZ5
2025-11-10 05:52:00+00:00,33,1,42218,49.465,49.48,49.45,49.47,66,SIZ5
2025-11-10 05:53:00+00:00,33,1,42218,49.46,49.475,49.445,49.465,19,SIZ5
2025-11-10 05:54:00+00:00,33,1,42218,49.46,49.46,49.45,49.45,8,SIZ5
2025-11-10 05:55:00+00:00,33,1,42218,49.455,49.485,49.45,49.485,31,SIZ5
2025-11-10 05:56:00+00:00,33,1,42218,49.49,49.505,49.47,49.475,38,SIZ5
2025-11-10 05:57:00+00:00,33,1,42218,49.48,49.49,49.47,49.49,23,SIZ5
2025-11-10 05:58:00+00:00,33,1,42218,49.48,49.5,49.475,49.5,17,SIZ5
2025-11-10 05:59:00+00:00,33,1,42218,49.5,49.535,49.495,49.505,149,SIZ5
2025-11-10 06:00:00+00:00,33,1,42218,49.505,49.515,49.475,49.5,33,SIZ5
2025-11-10 06:01:00+00:00,33,1,42218,49.5,49.505,49.455,49.455,33,SIZ5
2025-11-10 06:02:00+00:00,33,1,42218,49.46,49.5,49.45,49.5,54,SIZ5
2025-11-10 06:03:00+00:00,33,1,42218,49.495,49.515,49.475,49.485,62,SIZ5
2025-11-10 06:04:00+00:00,33,1,42218,49.48,49.48,49.465,49.475,30,SIZ5
2025-11-10 06:05:00+00:00,33,1,42218,49.48,49.485,49.465,49.47,37,SIZ5
2025-11-10 06:06:00+00:00,33,1,42218,49.47,49.48,49.44,49.48,69,SIZ5
2025-11-10 06:07:00+00:00,33,1,42218,49.48,49.48,49.47,49.475,14,SIZ5
2025-11-10 06:08:00+00:00,33,1,42218,49.48,49.495,49.47,49.495,28,SIZ5
2025-11-10 06:09:00+00:00,33,1,42218,49.5,49.515,49.495,49.5,34,SIZ5
2025-11-10 06:10:00+00:00,33,1,42218,49.5,49.515,49.49,49.5,33,SIZ5
2025-11-10 06:11:00+00:00,33,1,42218,49.49,49.515,49.49,49.5,21,SIZ5
2025-11-10 06:12:00+00:00,33,1,42218,49.49,49.505,49.48,49.48,16,SIZ5
2025-11-10 06:13:00+00:00,33,1,42218,49.475,49.475,49.46,49.46,18,SIZ5
2025-11-10 06:14:00+00:00,33,1,42218,49.47,49.475,49.46,49.47,54,SIZ5
2025-11-10 06:15:00+00:00,33,1,42218,49.475,49.53,49.47,49.53,45,SIZ5
2025-11-10 06:16:00+00:00,33,1,42218,49.525,49.54,49.51,49.515,47,SIZ5
2025-11-10 06:17:00+00:00,33,1,42218,49.525,49.545,49.515,49.54,132,SIZ5
2025-11-10 06:18:00+00:00,33,1,42218,49.545,49.55,49.495,49.505,73,SIZ5
2025-11-10 06:19:00+00:00,33,1,42218,49.51,49.515,49.47,49.485,63,SIZ5
2025-11-10 06:20:00+00:00,33,1,42218,49.49,49.53,49.49,49.53,45,SIZ5
2025-11-10 06:21:00+00:00,33,1,42218,49.525,49.525,49.505,49.51,25,SIZ5
2025-11-10 06:22:00+00:00,33,1,42218,49.505,49.525,49.505,49.515,10,SIZ5
2025-11-10 06:23:00+00:00,33,1,42218,49.52,49.53,49.51,49.525,17,SIZ5
2025-11-10 06:24:00+00:00,33,1,42218,49.53,49.55,49.51,49.52,32,SIZ5
2025-11-10 06:25:00+00:00,33,1,42218,49.525,49.54,49.51,49.51,30,SIZ5
2025-11-10 06:26:00+00:00,33,1,42218,49.505,49.52,49.505,49.52,14,SIZ5
2025-11-10 06:27:00+00:00,33,1,42218,49.525,49.535,49.52,49.535,6,SIZ5
2025-11-10 06:28:00+00:00,33,1,42218,49.535,49.55,49.53,49.55,17,SIZ5
2025-11-10 06:29:00+00:00,33,1,42218,49.54,49.545,49.525,49.53,21,SIZ5
2025-11-10 06:30:00+00:00,33,1,42218,49.525,49.525,49.51,49.515,10,SIZ5
2025-11-10 06:31:00+00:00,33,1,42218,49.515,49.54,49.515,49.535,13,SIZ5
2025-11-10 06:32:00+00:00,33,1,42218,49.54,49.54,49.54,49.54,1,SIZ5
2025-11-10 06:33:00+00:00,33,1,42218,49.53,49.55,49.53,49.55,7,SIZ5
2025-11-10 06:34:00+00:00,33,1,42218,49.54,49.55,49.535,49.54,13,SIZ5
2025-11-10 06:35:00+00:00,33,1,42218,49.545,49.56,49.525,49.535,55,SIZ5
2025-11-10 06:36:00+00:00,33,1,42218,49.54,49.545,49.515,49.545,18,SIZ5
2025-11-10 06:37:00+00:00,33,1,42218,49.545,49.56,49.54,49.55,36,SIZ5
2025-11-10 06:38:00+00:00,33,1,42218,49.545,49.62,49.545,49.6,127,SIZ5
2025-11-10 06:39:00+00:00,33,1,42218,49.61,49.615,49.575,49.575,46,SIZ5
2025-11-10 06:40:00+00:00,33,1,42218,49.575,49.61,49.56,49.61,27,SIZ5
2025-11-10 06:41:00+00:00,33,1,42218,49.605,49.605,49.585,49.59,36,SIZ5
2025-11-10 06:42:00+00:00,33,1,42218,49.585,49.585,49.55,49.555,46,SIZ5
2025-11-10 06:43:00+00:00,33,1,42218,49.575,49.575,49.56,49.56,19,SIZ5
2025-11-10 06:44:00+00:00,33,1,42218,49.555,49.575,49.555,49.575,13,SIZ5
2025-11-10 06:45:00+00:00,33,1,42218,49.58,49.6,49.56,49.56,17,SIZ5
2025-11-10 06:46:00+00:00,33,1,42218,49.56,49.575,49.55,49.55,18,SIZ5
2025-11-10 06:47:00+00:00,33,1,42218,49.545,49.545,49.505,49.505,45,SIZ5
2025-11-10 06:48:00+00:00,33,1,42218,49.515,49.525,49.505,49.52,36,SIZ5
2025-11-10 06:49:00+00:00,33,1,42218,49.51,49.525,49.495,49.51,83,SIZ5
2025-11-10 06:50:00+00:00,33,1,42218,49.5,49.53,49.485,49.52,41,SIZ5
2025-11-10 06:51:00+00:00,33,1,42218,49.53,49.535,49.515,49.53,41,SIZ5
2025-11-10 06:52:00+00:00,33,1,42218,49.525,49.535,49.505,49.51,15,SIZ5
2025-11-10 06:53:00+00:00,33,1,42218,49.515,49.53,49.51,49.53,19,SIZ5
2025-11-10 06:54:00+00:00,33,1,42218,49.525,49.53,49.515,49.53,10,SIZ5
2025-11-10 06:55:00+00:00,33,1,42218,49.53,49.53,49.52,49.525,16,SIZ5
2025-11-10 06:56:00+00:00,33,1,42218,49.53,49.575,49.53,49.575,41,SIZ5
2025-11-10 06:57:00+00:00,33,1,42218,49.565,49.58,49.565,49.575,7,SIZ5
2025-11-10 06:58:00+00:00,33,1,42218,49.57,49.58,49.565,49.565,16,SIZ5
2025-11-10 06:59:00+00:00,33,1,42218,49.575,49.59,49.57,49.58,51,SIZ5
2025-11-10 07:00:00+00:00,33,1,42218,49.575,49.605,49.575,49.575,60,SIZ5
2025-11-10 07:01:00+00:00,33,1,42218,49.585,49.625,49.58,49.595,129,SIZ5
2025-11-10 07:02:00+00:00,33,1,42218,49.59,49.595,49.565,49.585,33,SIZ5
2025-11-10 07:03:00+00:00,33,1,42218,49.58,49.58,49.55,49.57,41,SIZ5
2025-11-10 07:04:00+00:00,33,1,42218,49.57,49.58,49.565,49.565,29,SIZ5
2025-11-10 07:05:00+00:00,33,1,42218,49.56,49.6,49.56,49.595,20,SIZ5
2025-11-10 07:06:00+00:00,33,1,42218,49.59,49.67,49.59,49.635,146,SIZ5
2025-11-10 07:07:00+00:00,33,1,42218,49.63,49.665,49.625,49.665,49,SIZ5
2025-11-10 07:08:00+00:00,33,1,42218,49.66,49.67,49.65,49.66,13,SIZ5
2025-11-10 07:09:00+00:00,33,1,42218,49.655,49.66,49.635,49.655,53,SIZ5
2025-11-10 07:10:00+00:00,33,1,42218,49.655,49.66,49.655,49.66,5,SIZ5
2025-11-10 07:11:00+00:00,33,1,42218,49.665,49.665,49.635,49.645,38,SIZ5
2025-11-10 07:12:00+00:00,33,1,42218,49.645,49.665,49.625,49.66,80,SIZ5
2025-11-10 07:13:00+00:00,33,1,42218,49.655,49.675,49.65,49.67,49,SIZ5
2025-11-10 07:14:00+00:00,33,1,42218,49.675,49.68,49.66,49.675,85,SIZ5
2025-11-10 07:15:00+00:00,33,1,42218,49.68,49.69,49.67,49.67,61,SIZ5
2025-11-10 07:16:00+00:00,33,1,42218,49.67,49.685,49.65,49.65,28,SIZ5
2025-11-10 07:17:00+00:00,33,1,42218,49.65,49.65,49.62,49.63,14,SIZ5
2025-11-10 07:18:00+00:00,33,1,42218,49.63,49.635,49.625,49.63,20,SIZ5
2025-11-10 07:19:00+00:00,33,1,42218,49.63,49.63,49.57,49.625,69,SIZ5
2025-11-10 07:20:00+00:00,33,1,42218,49.62,49.625,49.605,49.61,14,SIZ5
2025-11-10 07:21:00+00:00,33,1,42218,49.6,49.605,49.555,49.57,70,SIZ5
2025-11-10 07:22:00+00:00,33,1,42218,49.575,49.6,49.575,49.595,18,SIZ5
2025-11-10 07:23:00+00:00,33,1,42218,49.6,49.625,49.6,49.6,17,SIZ5
2025-11-10 07:24:00+00:00,33,1,42218,49.605,49.605,49.605,49.605,2,SIZ5
2025-11-10 07:25:00+00:00,33,1,42218,49.615,49.63,49.605,49.63,20,SIZ5
2025-11-10 07:26:00+00:00,33,1,42218,49.635,49.635,49.63,49.63,7,SIZ5
2025-11-10 07:27:00+00:00,33,1,42218,49.64,49.66,49.635,49.655,53,SIZ5
2025-11-10 07:28:00+00:00,33,1,42218,49.66,49.66,49.645,49.645,12,SIZ5
2025-11-10 07:29:00+00:00,33,1,42218,49.645,49.655,49.63,49.63,14,SIZ5
2025-11-10 07:30:00+00:00,33,1,42218,49.635,49.66,49.63,49.66,19,SIZ5
2025-11-10 07:31:00+00:00,33,1,42218,49.66,49.675,49.66,49.665,12,SIZ5
2025-11-10 07:32:00+00:00,33,1,42218,49.675,49.69,49.67,49.68,20,SIZ5
2025-11-10 07:33:00+00:00,33,1,42218,49.68,49.68,49.665,49.665,23,SIZ5
2025-11-10 07:34:00+00:00,33,1,42218,49.67,49.68,49.655,49.67,11,SIZ5
2025-11-10 07:35:00+00:00,33,1,42218,49.67,49.68,49.665,49.67,15,SIZ5
2025-11-10 07:36:00+00:00,33,1,42218,49.655,49.66,49.655,49.66,7,SIZ5
2025-11-10 07:37:00+00:00,33,1,42218,49.655,49.675,49.645,49.665,62,SIZ5
2025-11-10 07:38:00+00:00,33,1,42218,49.665,49.685,49.665,49.67,69,SIZ5
2025-11-10 07:39:00+00:00,33,1,42218,49.665,49.665,49.65,49.65,5,SIZ5
2025-11-10 07:40:00+00:00,33,1,42218,49.655,49.685,49.655,49.675,39,SIZ5
2025-11-10 07:41:00+00:00,33,1,42218,49.685,49.715,49.675,49.695,146,SIZ5
2025-11-10 07:42:00+00:00,33,1,42218,49.695,49.71,49.69,49.7,26,SIZ5
2025-11-10 07:43:00+00:00,33,1,42218,49.7,49.72,49.695,49.71,23,SIZ5
2025-11-10 07:44:00+00:00,33,1,42218,49.705,49.715,49.685,49.715,30,SIZ5
2025-11-10 07:45:00+00:00,33,1,42218,49.705,49.75,49.705,49.735,42,SIZ5
2025-11-10 07:46:00+00:00,33,1,42218,49.745,49.83,49.745,49.815,388,SIZ5
2025-11-10 07:47:00+00:00,33,1,42218,49.81,49.82,49.745,49.785,174,SIZ5
2025-11-10 07:48:00+00:00,33,1,42218,49.785,49.795,49.745,49.76,51,SIZ5
2025-11-10 07:49:00+00:00,33,1,42218,49.75,49.76,49.74,49.755,35,SIZ5
2025-11-10 07:50:00+00:00,33,1,42218,49.76,49.775,49.74,49.74,45,SIZ5
2025-11-10 07:51:00+00:00,33,1,42218,49.725,49.735,49.705,49.71,23,SIZ5
2025-11-10 07:52:00+00:00,33,1,42218,49.705,49.705,49.69,49.695,13,SIZ5
2025-11-10 07:53:00+00:00,33,1,42218,49.695,49.71,49.685,49.71,26,SIZ5
2025-11-10 07:54:00+00:00,33,1,42218,49.7,49.705,49.69,49.7,13,SIZ5
2025-11-10 07:55:00+00:00,33,1,42218,49.7,49.7,49.675,49.675,13,SIZ5
2025-11-10 07:56:00+00:00,33,1,42218,49.67,49.67,49.64,49.64,24,SIZ5
2025-11-10 07:57:00+00:00,33,1,42218,49.635,49.645,49.63,49.635,22,SIZ5
2025-11-10 07:58:00+00:00,33,1,42218,49.63,49.635,49.615,49.625,37,SIZ5
2025-11-10 07:59:00+00:00,33,1,42218,49.63,49.665,49.63,49.655,25,SIZ5
2025-11-10 08:00:00+00:00,33,1,42218,49.655,49.725,49.655,49.695,56,SIZ5
2025-11-10 08:01:00+00:00,33,1,42218,49.7,49.76,49.7,49.745,49,SIZ5
2025-11-10 08:02:00+00:00,33,1,42218,49.745,49.76,49.74,49.755,55,SIZ5
2025-11-10 08:03:00+00:00,33,1,42218,49.755,49.785,49.745,49.785,46,SIZ5
2025-11-10 08:04:00+00:00,33,1,42218,49.785,49.805,49.78,49.78,43,SIZ5
2025-11-10 08:05:00+00:00,33,1,42218,49.78,49.855,49.78,49.835,109,SIZ5
2025-11-10 08:06:00+00:00,33,1,42218,49.825,49.865,49.825,49.855,54,SIZ5
2025-11-10 08:07:00+00:00,33,1,42218,49.86,49.92,49.855,49.91,176,SIZ5
2025-11-10 08:08:00+00:00,33,1,42218,49.91,49.915,49.875,49.88,64,SIZ5
2025-11-10 08:09:00+00:00,33,1,42218,49.875,49.89,49.875,49.885,29,SIZ5
2025-11-10 08:10:00+00:00,33,1,42218,49.87,49.9,49.835,49.86,119,SIZ5
2025-11-10 08:11:00+00:00,33,1,42218,49.87,49.915,49.87,49.89,135,SIZ5
2025-11-10 08:12:00+00:00,33,1,42218,49.89,49.9,49.815,49.82,130,SIZ5
2025-11-10 08:13:00+00:00,33,1,42218,49.84,49.84,49.78,49.82,76,SIZ5
2025-11-10 08:14:00+00:00,33,1,42218,49.825,49.87,49.825,49.865,116,SIZ5
2025-11-10 08:15:00+00:00,33,1,42218,49.86,49.895,49.845,49.865,148,SIZ5
2025-11-10 08:16:00+00:00,33,1,42218,49.865,49.865,49.81,49.845,209,SIZ5
2025-11-10 08:17:00+00:00,33,1,42218,49.855,49.915,49.855,49.88,133,SIZ5
2025-11-10 08:18:00+00:00,33,1,42218,49.885,49.885,49.845,49.85,59,SIZ5
2025-11-10 08:19:00+00:00,33,1,42218,49.85,49.85,49.81,49.84,24,SIZ5
2025-11-10 08:20:00+00:00,33,1,42218,49.835,49.835,49.82,49.825,15,SIZ5
2025-11-10 08:21:00+00:00,33,1,42218,49.825,49.86,49.82,49.83,22,SIZ5
2025-11-10 08:22:00+00:00,33,1,42218,49.84,49.85,49.83,49.835,9,SIZ5
2025-11-10 08:23:00+00:00,33,1,42218,49.85,49.88,49.85,49.87,48,SIZ5
2025-11-10 08:24:00+00:00,33,1,42218,49.87,49.89,49.865,49.89,73,SIZ5
2025-11-10 08:25:00+00:00,33,1,42218,49.88,49.895,49.88,49.885,14,SIZ5
2025-11-10 08:26:00+00:00,33,1,42218,49.88,49.885,49.855,49.865,40,SIZ5
2025-11-10 08:27:00+00:00,33,1,42218,49.87,49.875,49.845,49.86,77,SIZ5
2025-11-10 08:28:00+00:00,33,1,42218,49.855,49.855,49.825,49.825,31,SIZ5
2025-11-10 08:29:00+00:00,33,1,42218,49.855,49.86,49.84,49.84,8,SIZ5
2025-11-10 08:30:00+00:00,33,1,42218,49.835,49.84,49.805,49.825,63,SIZ5
2025-11-10 08:31:00+00:00,33,1,42218,49.825,49.83,49.805,49.83,18,SIZ5
2025-11-10 08:32:00+00:00,33,1,42218,49.825,49.86,49.825,49.85,32,SIZ5
2025-11-10 08:33:00+00:00,33,1,42218,49.855,49.895,49.855,49.895,21,SIZ5
2025-11-10 08:34:00+00:00,33,1,42218,49.905,49.91,49.895,49.905,29,SIZ5
2025-11-10 08:35:00+00:00,33,1,42218,49.905,49.93,49.905,49.915,25,SIZ5
2025-11-10 08:36:00+00:00,33,1,42218,49.92,49.93,49.91,49.91,14,SIZ5
2025-11-10 08:37:00+00:00,33,1,42218,49.915,49.92,49.905,49.91,26,SIZ5
2025-11-10 08:38:00+00:00,33,1,42218,49.925,49.925,49.875,49.89,39,SIZ5
2025-11-10 08:39:00+00:00,33,1,42218,49.885,49.915,49.875,49.915,38,SIZ5
2025-11-10 08:40:00+00:00,33,1,42218,49.915,49.925,49.9,49.925,21,SIZ5
2025-11-10 08:41:00+00:00,33,1,42218,49.915,49.915,49.9,49.91,35,SIZ5
2025-11-10 08:42:00+00:00,33,1,42218,49.91,49.91,49.885,49.885,18,SIZ5
2025-11-10 08:43:00+00:00,33,1,42218,49.9,49.905,49.855,49.855,67,SIZ5
2025-11-10 08:44:00+00:00,33,1,42218,49.86,49.87,49.83,49.845,92,SIZ5
2025-11-10 08:45:00+00:00,33,1,42218,49.84,49.855,49.83,49.845,43,SIZ5
2025-11-10 08:46:00+00:00,33,1,42218,49.845,49.85,49.82,49.82,29,SIZ5
2025-11-10 08:47:00+00:00,33,1,42218,49.82,49.84,49.815,49.83,105,SIZ5
2025-11-10 08:48:00+00:00,33,1,42218,49.83,49.88,49.83,49.87,14,SIZ5
2025-11-10 08:49:00+00:00,33,1,42218,49.87,49.875,49.855,49.855,18,SIZ5
2025-11-10 08:50:00+00:00,33,1,42218,49.855,49.92,49.84,49.9,62,SIZ5
2025-11-10 08:51:00+00:00,33,1,42218,49.9,49.9,49.885,49.89,14,SIZ5
2025-11-10 08:52:00+00:00,33,1,42218,49.89,49.915,49.89,49.915,14,SIZ5
2025-11-10 08:53:00+00:00,33,1,42218,49.92,49.94,49.915,49.915,26,SIZ5
2025-11-10 08:54:00+00:00,33,1,42218,49.915,49.915,49.895,49.905,20,SIZ5
2025-11-10 08:55:00+00:00,33,1,42218,49.91,49.925,49.91,49.915,10,SIZ5
2025-11-10 08:56:00+00:00,33,1,42218,49.92,49.92,49.91,49.91,9,SIZ5
2025-11-10 08:57:00+00:00,33,1,42218,49.92,49.92,49.885,49.895,22,SIZ5
2025-11-10 08:58:00+00:00,33,1,42218,49.89,49.915,49.885,49.91,49,SIZ5
2025-11-10 08:59:00+00:00,33,1,42218,49.91,49.92,49.875,49.89,41,SIZ5
2025-11-10 09:00:00+00:00,33,1,42218,49.9,49.9,49.885,49.895,41,SIZ5
2025-11-10 09:01:00+00:00,33,1,42218,49.88,49.88,49.825,49.835,106,SIZ5
2025-11-10 09:02:00+00:00,33,1,42218,49.84,49.84,49.78,49.795,121,SIZ5
2025-11-10 09:03:00+00:00,33,1,42218,49.795,49.795,49.775,49.775,36,SIZ5
2025-11-10 09:04:00+00:00,33,1,42218,49.775,49.805,49.775,49.8,27,SIZ5
2025-11-10 09:05:00+00:00,33,1,42218,49.79,49.815,49.78,49.815,27,SIZ5
2025-11-10 09:06:00+00:00,33,1,42218,49.81,49.835,49.81,49.815,15,SIZ5
2025-11-10 09:07:00+00:00,33,1,42218,49.815,49.845,49.815,49.845,14,SIZ5
2025-11-10 09:08:00+00:00,33,1,42218,49.84,49.84,49.815,49.815,35,SIZ5
2025-11-10 09:09:00+00:00,33,1,42218,49.815,49.83,49.81,49.82,50,SIZ5
2025-11-10 09:10:00+00:00,33,1,42218,49.815,49.815,49.78,49.79,13,SIZ5
2025-11-10 09:11:00+00:00,33,1,42218,49.795,49.795,49.75,49.765,44,SIZ5
2025-11-10 09:12:00+00:00,33,1,42218,49.76,49.765,49.745,49.755,38,SIZ5
2025-11-10 09:13:00+00:00,33,1,42218,49.76,49.76,49.72,49.74,36,SIZ5
2025-11-10 09:14:00+00:00,33,1,42218,49.73,49.73,49.705,49.715,60,SIZ5
2025-11-10 09:15:00+00:00,33,1,42218,49.705,49.705,49.615,49.645,375,SIZ5
2025-11-10 09:16:00+00:00,33,1,42218,49.65,49.675,49.635,49.665,94,SIZ5
2025-11-10 09:17:00+00:00,33,1,42218,49.665,49.725,49.66,49.715,40,SIZ5
2025-11-10 09:18:00+00:00,33,1,42218,49.71,49.71,49.67,49.705,29,SIZ5
2025-11-10 09:19:00+00:00,33,1,42218,49.715,49.73,49.715,49.725,27,SIZ5
2025-11-10 09:20:00+00:00,33,1,42218,49.735,49.76,49.72,49.72,44,SIZ5
2025-11-10 09:21:00+00:00,33,1,42218,49.725,49.73,49.695,49.705,27,SIZ5
2025-11-10 09:22:00+00:00,33,1,42218,49.705,49.705,49.655,49.7,35,SIZ5
2025-11-10 09:23:00+00:00,33,1,42218,49.705,49.71,49.675,49.69,21,SIZ5
2025-11-10 09:24:00+00:00,33,1,42218,49.69,49.69,49.65,49.66,33,SIZ5
2025-11-10 09:25:00+00:00,33,1,42218,49.66,49.69,49.66,49.69,24,SIZ5
2025-11-10 09:26:00+00:00,33,1,42218,49.69,49.7,49.68,49.69,16,SIZ5
2025-11-10 09:27:00+00:00,33,1,42218,49.685,49.7,49.675,49.675,21,SIZ5
2025-11-10 09:28:00+00:00,33,1,42218,49.68,49.68,49.64,49.655,43,SIZ5
2025-11-10 09:29:00+00:00,33,1,42218,49.66,49.67,49.65,49.67,11,SIZ5
2025-11-10 09:30:00+00:00,33,1,42218,49.67,49.685,49.67,49.68,9,SIZ5
2025-11-10 09:31:00+00:00,33,1,42218,49.675,49.675,49.66,49.665,10,SIZ5
2025-11-10 09:32:00+00:00,33,1,42218,49.66,49.69,49.66,49.68,13,SIZ5
2025-11-10 09:33:00+00:00,33,1,42218,49.685,49.695,49.675,49.685,23,SIZ5
2025-11-10 09:34:00+00:00,33,1,42218,49.7,49.725,49.695,49.725,25,SIZ5
2025-11-10 09:35:00+00:00,33,1,42218,49.74,49.755,49.74,49.755,34,SIZ5
2025-11-10 09:36:00+00:00,33,1,42218,49.755,49.765,49.735,49.765,28,SIZ5
2025-11-10 09:37:00+00:00,33,1,42218,49.765,49.845,49.765,49.83,65,SIZ5
2025-11-10 09:38:00+00:00,33,1,42218,49.825,49.845,49.815,49.825,83,SIZ5
2025-11-10 09:39:00+00:00,33,1,42218,49.835,49.84,49.83,49.83,15,SIZ5
2025-11-10 09:40:00+00:00,33,1,42218,49.825,49.895,49.82,49.89,322,SIZ5
2025-11-10 09:41:00+00:00,33,1,42218,49.88,49.88,49.825,49.84,53,SIZ5
2025-11-10 09:42:00+00:00,33,1,42218,49.83,49.835,49.815,49.835,24,SIZ5
2025-11-10 09:43:00+00:00,33,1,42218,49.825,49.825,49.755,49.765,86,SIZ5
2025-11-10 09:44:00+00:00,33,1,42218,49.76,49.78,49.76,49.78,10,SIZ5
2025-11-10 09:45:00+00:00,33,1,42218,49.77,49.805,49.77,49.79,38,SIZ5
2025-11-10 09:46:00+00:00,33,1,42218,49.8,49.8,49.78,49.8,12,SIZ5
2025-11-10 09:47:00+00:00,33,1,42218,49.8,49.815,49.795,49.8,17,SIZ5
2025-11-10 09:48:00+00:00,33,1,42218,49.805,49.81,49.8,49.8,8,SIZ5
2025-11-10 09:49:00+00:00,33,1,42218,49.8,49.82,49.8,49.8,15,SIZ5
2025-11-10 09:50:00+00:00,33,1,42218,49.81,49.82,49.8,49.81,20,SIZ5
2025-11-10 09:51:00+00:00,33,1,42218,49.815,49.815,49.8,49.805,9,SIZ5
2025-11-10 09:52:00+00:00,33,1,42218,49.81,49.81,49.775,49.785,28,SIZ5
2025-11-10 09:53:00+00:00,33,1,42218,49.785,49.785,49.775,49.785,10,SIZ5
2025-11-10 09:54:00+00:00,33,1,42218,49.785,49.785,49.785,49.785,4,SIZ5
2025-11-10 09:55:00+00:00,33,1,42218,49.79,49.79,49.78,49.78,6,SIZ5
2025-11-10 09:56:00+00:00,33,1,42218,49.775,49.775,49.76,49.76,15,SIZ5
2025-11-10 09:57:00+00:00,33,1,42218,49.76,49.76,49.745,49.755,18,SIZ5
2025-11-10 09:58:00+00:00,33,1,42218,49.76,49.77,49.76,49.77,9,SIZ5
2025-11-10 09:59:00+00:00,33,1,42218,49.775,49.775,49.735,49.755,14,SIZ5
2025-11-10 10:00:00+00:00,33,1,42218,49.77,49.775,49.755,49.775,16,SIZ5
2025-11-10 10:01:00+00:00,33,1,42218,49.77,49.8,49.77,49.8,24,SIZ5
2025-11-10 10:02:00+00:00,33,1,42218,49.81,49.825,49.8,49.815,32,SIZ5
2025-11-10 10:03:00+00:00,33,1,42218,49.815,49.85,49.815,49.85,24,SIZ5
2025-11-10 10:04:00+00:00,33,1,42218,49.855,49.87,49.825,49.87,35,SIZ5
2025-11-10 10:05:00+00:00,33,1,42218,49.865,49.875,49.855,49.875,20,SIZ5
2025-11-10 10:06:00+00:00,33,1,42218,49.86,49.88,49.85,49.875,42,SIZ5
2025-11-10 10:07:00+00:00,33,1,42218,49.88,49.915,49.88,49.905,54,SIZ5
2025-11-10 10:08:00+00:00,33,1,42218,49.91,49.915,49.885,49.915,30,SIZ5
2025-11-10 10:09:00+00:00,33,1,42218,49.91,49.91,49.89,49.89,36,SIZ5
2025-11-10 10:10:00+00:00,33,1,42218,49.895,49.895,49.865,49.885,43,SIZ5
2025-11-10 10:11:00+00:00,33,1,42218,49.88,49.895,49.87,49.87,26,SIZ5
2025-11-10 10:12:00+00:00,33,1,42218,49.87,49.885,49.865,49.875,45,SIZ5
2025-11-10 10:13:00+00:00,33,1,42218,49.87,49.875,49.86,49.865,55,SIZ5
2025-11-10 10:14:00+00:00,33,1,42218,49.865,49.9,49.865,49.9,39,SIZ5
2025-11-10 10:15:00+00:00,33,1,42218,49.89,49.92,49.89,49.91,49,SIZ5
2025-11-10 10:16:00+00:00,33,1,42218,49.905,49.905,49.88,49.885,38,SIZ5
2025-11-10 10:17:00+00:00,33,1,42218,49.885,49.915,49.88,49.89,57,SIZ5
2025-11-10 10:18:00+00:00,33,1,42218,49.885,49.915,49.885,49.905,23,SIZ5
2025-11-10 10:19:00+00:00,33,1,42218,49.905,49.91,49.895,49.895,9,SIZ5
2025-11-10 10:20:00+00:00,33,1,42218,49.885,49.885,49.865,49.865,26,SIZ5
2025-11-10 10:21:00+00:00,33,1,42218,49.865,49.875,49.865,49.875,16,SIZ5
2025-11-10 10:22:00+00:00,33,1,42218,49.88,49.895,49.88,49.89,26,SIZ5
2025-11-10 10:23:00+00:00,33,1,42218,49.89,49.9,49.87,49.89,23,SIZ5
2025-11-10 10:24:00+00:00,33,1,42218,49.88,49.895,49.88,49.89,38,SIZ5
2025-11-10 10:25:00+00:00,33,1,42218,49.885,49.895,49.88,49.895,12,SIZ5
2025-11-10 10:26:00+00:00,33,1,42218,49.885,49.89,49.865,49.875,14,SIZ5
2025-11-10 10:27:00+00:00,33,1,42218,49.885,49.885,49.86,49.86,66,SIZ5
2025-11-10 10:28:00+00:00,33,1,42218,49.855,49.875,49.835,49.84,25,SIZ5
2025-11-10 10:29:00+00:00,33,1,42218,49.83,49.83,49.81,49.81,25,SIZ5
2025-11-10 10:30:00+00:00,33,1,42218,49.81,49.835,49.81,49.815,16,SIZ5
2025-11-10 10:31:00+00:00,33,1,42218,49.82,49.82,49.805,49.82,14,SIZ5
2025-11-10 10:32:00+00:00,33,1,42218,49.83,49.83,49.825,49.83,10,SIZ5
2025-11-10 10:33:00+00:00,33,1,42218,49.83,49.835,49.82,49.82,15,SIZ5
2025-11-10 10:34:00+00:00,33,1,42218,49.82,49.84,49.82,49.84,36,SIZ5
2025-11-10 10:35:00+00:00,33,1,42218,49.835,49.855,49.83,49.85,17,SIZ5
2025-11-10 10:36:00+00:00,33,1,42218,49.85,49.865,49.845,49.855,25,SIZ5
2025-11-10 10:37:00+00:00,33,1,42218,49.85,49.89,49.85,49.89,54,SIZ5
2025-11-10 10:38:00+00:00,33,1,42218,49.89,49.915,49.89,49.905,122,SIZ5
2025-11-10 10:39:00+00:00,33,1,42218,49.905,49.92,49.905,49.92,34,SIZ5
2025-11-10 10:40:00+00:00,33,1,42218,49.915,49.925,49.915,49.925,9,SIZ5
2025-11-10 10:41:00+00:00,33,1,42218,49.915,49.92,49.885,49.895,28,SIZ5
2025-11-10 10:42:00+00:00,33,1,42218,49.895,49.895,49.87,49.875,15,SIZ5
2025-11-10 10:43:00+00:00,33,1,42218,49.865,49.88,49.86,49.865,22,SIZ5
2025-11-10 10:44:00+00:00,33,1,42218,49.875,49.885,49.855,49.855,9,SIZ5
2025-11-10 10:45:00+00:00,33,1,42218,49.845,49.855,49.845,49.845,22,SIZ5
2025-11-10 10:46:00+00:00,33,1,42218,49.85,49.855,49.845,49.85,13,SIZ5
2025-11-10 10:47:00+00:00,33,1,42218,49.84,49.875,49.835,49.865,16,SIZ5
2025-11-10 10:48:00+00:00,33,1,42218,49.87,49.87,49.85,49.86,9,SIZ5
2025-11-10 10:49:00+00:00,33,1,42218,49.86,49.865,49.855,49.86,12,SIZ5
2025-11-10 10:50:00+00:00,33,1,42218,49.855,49.855,49.84,49.84,13,SIZ5
2025-11-10 10:51:00+00:00,33,1,42218,49.835,49.84,49.76,49.775,192,SIZ5
2025-11-10 10:52:00+00:00,33,1,42218,49.775,49.835,49.77,49.83,68,SIZ5
2025-11-10 10:53:00+00:00,33,1,42218,49.825,49.84,49.825,49.83,11,SIZ5
2025-11-10 10:54:00+00:00,33,1,42218,49.83,49.835,49.82,49.825,8,SIZ5
2025-11-10 10:55:00+00:00,33,1,42218,49.83,49.85,49.825,49.83,22,SIZ5
2025-11-10 10:56:00+00:00,33,1,42218,49.825,49.825,49.815,49.82,9,SIZ5
2025-11-10 10:57:00+00:00,33,1,42218,49.825,49.825,49.825,49.825,1,SIZ5
2025-11-10 10:58:00+00:00,33,1,42218,49.83,49.86,49.83,49.86,25,SIZ5
2025-11-10 10:59:00+00:00,33,1,42218,49.87,49.88,49.87,49.875,8,SIZ5
2025-11-10 11:00:00+00:00,33,1,42218,49.88,49.9,49.875,49.885,20,SIZ5
2025-11-10 11:01:00+00:00,33,1,42218,49.89,49.895,49.87,49.87,16,SIZ5
2025-11-10 11:02:00+00:00,33,1,42218,49.88,49.895,49.87,49.89,11,SIZ5
2025-11-10 11:03:00+00:00,33,1,42218,49.89,49.89,49.875,49.88,14,SIZ5
2025-11-10 11:04:00+00:00,33,1,42218,49.885,49.89,49.87,49.89,11,SIZ5
2025-11-10 11:05:00+00:00,33,1,42218,49.88,49.9,49.875,49.875,30,SIZ5
2025-11-10 11:06:00+00:00,33,1,42218,49.875,49.89,49.87,49.87,18,SIZ5
2025-11-10 11:07:00+00:00,33,1,42218,49.865,49.88,49.85,49.85,26,SIZ5
2025-11-10 11:08:00+00:00,33,1,42218,49.845,49.865,49.83,49.84,42,SIZ5
2025-11-10 11:09:00+00:00,33,1,42218,49.84,49.84,49.815,49.82,12,SIZ5
2025-11-10 11:10:00+00:00,33,1,42218,49.81,49.825,49.795,49.825,54,SIZ5
2025-11-10 11:11:00+00:00,33,1,42218,49.82,49.825,49.775,49.785,66,SIZ5
2025-11-10 11:12:00+00:00,33,1,42218,49.79,49.8,49.78,49.8,57,SIZ5
2025-11-10 11:13:00+00:00,33,1,42218,49.81,49.83,49.81,49.82,8,SIZ5
2025-11-10 11:14:00+00:00,33,1,42218,49.825,49.845,49.825,49.84,13,SIZ5
2025-11-10 11:15:00+00:00,33,1,42218,49.835,49.835,49.82,49.83,11,SIZ5
2025-11-10 11:16:00+00:00,33,1,42218,49.83,49.84,49.825,49.83,7,SIZ5
2025-11-10 11:17:00+00:00,33,1,42218,49.81,49.815,49.795,49.815,20,SIZ5
2025-11-10 11:18:00+00:00,33,1,42218,49.81,49.81,49.8,49.8,9,SIZ5
2025-11-10 11:19:00+00:00,33,1,42218,49.79,49.79,49.79,49.79,1,SIZ5
2025-11-10 11:20:00+00:00,33,1,42218,49.79,49.81,49.79,49.805,7,SIZ5
2025-11-10 11:21:00+00:00,33,1,42218,49.82,49.83,49.82,49.83,12,SIZ5
2025-11-10 11:22:00+00:00,33,1,42218,49.825,49.825,49.815,49.815,11,SIZ5
2025-11-10 11:23:00+00:00,33,1,42218,49.81,49.81,49.8,49.8,6,SIZ5
2025-11-10 11:24:00+00:00,33,1,42218,49.795,49.795,49.78,49.785,23,SIZ5
2025-11-10 11:25:00+00:00,33,1,42218,49.78,49.79,49.76,49.79,34,SIZ5
2025-11-10 11:26:00+00:00,33,1,42218,49.805,49.805,49.795,49.8,10,SIZ5
2025-11-10 11:27:00+00:00,33,1,42218,49.805,49.815,49.805,49.81,10,SIZ5
2025-11-10 11:28:00+00:00,33,1,42218,49.82,49.86,49.82,49.84,33,SIZ5
2025-11-10 11:29:00+00:00,33,1,42218,49.84,49.855,49.82,49.82,15,SIZ5
2025-11-10 11:30:00+00:00,33,1,42218,49.835,49.845,49.835,49.845,5,SIZ5
2025-11-10 11:31:00+00:00,33,1,42218,49.845,49.85,49.845,49.85,2,SIZ5
2025-11-10 11:32:00+00:00,33,1,42218,49.855,49.87,49.855,49.87,19,SIZ5
2025-11-10 11:33:00+00:00,33,1,42218,49.865,49.88,49.865,49.88,17,SIZ5
2025-11-10 11:34:00+00:00,33,1,42218,49.87,49.875,49.87,49.875,7,SIZ5
2025-11-10 11:35:00+00:00,33,1,42218,49.87,49.87,49.865,49.865,3,SIZ5
2025-11-10 11:36:00+00:00,33,1,42218,49.875,49.885,49.875,49.875,17,SIZ5
2025-11-10 11:37:00+00:00,33,1,42218,49.89,49.895,49.885,49.885,23,SIZ5
2025-11-10 11:38:00+00:00,33,1,42218,49.89,49.89,49.875,49.875,14,SIZ5
2025-11-10 11:39:00+00:00,33,1,42218,49.885,49.885,49.885,49.885,2,SIZ5
2025-11-10 11:40:00+00:00,33,1,42218,49.885,49.885,49.88,49.88,3,SIZ5
2025-11-10 11:41:00+00:00,33,1,42218,49.875,49.875,49.86,49.86,15,SIZ5
2025-11-10 11:42:00+00:00,33,1,42218,49.875,49.875,49.875,49.875,4,SIZ5
2025-11-10 11:43:00+00:00,33,1,42218,49.87,49.885,49.87,49.885,6,SIZ5
2025-11-10 11:44:00+00:00,33,1,42218,49.88,49.88,49.87,49.87,3,SIZ5
2025-11-10 11:45:00+00:00,33,1,42218,49.88,49.89,49.88,49.89,13,SIZ5
2025-11-10 11:46:00+00:00,33,1,42218,49.895,49.9,49.885,49.885,38,SIZ5
2025-11-10 11:47:00+00:00,33,1,42218,49.885,49.885,49.88,49.88,9,SIZ5
2025-11-10 11:48:00+00:00,33,1,42218,49.89,49.895,49.88,49.885,13,SIZ5
2025-11-10 11:49:00+00:00,33,1,42218,49.89,49.9,49.88,49.88,18,SIZ5
2025-11-10 11:50:00+00:00,33,1,42218,49.885,49.905,49.885,49.9,12,SIZ5
2025-11-10 11:51:00+00:00,33,1,42218,49.895,49.9,49.89,49.89,11,SIZ5
2025-11-10 11:52:00+00:00,33,1,42218,49.895,49.9,49.88,49.88,16,SIZ5
2025-11-10 11:53:00+00:00,33,1,42218,49.88,49.88,49.845,49.85,40,SIZ5
2025-11-10 11:54:00+00:00,33,1,42218,49.855,49.86,49.845,49.855,23,SIZ5
2025-11-10 11:55:00+00:00,33,1,42218,49.855,49.855,49.83,49.84,13,SIZ5
2025-11-10 11:56:00+00:00,33,1,42218,49.83,49.85,49.825,49.85,15,SIZ5
2025-11-10 11:57:00+00:00,33,1,42218,49.845,49.86,49.835,49.86,60,SIZ5
2025-11-10 11:58:00+00:00,33,1,42218,49.855,49.865,49.855,49.865,5,SIZ5
2025-11-10 11:59:00+00:00,33,1,42218,49.88,49.895,49.88,49.895,47,SIZ5
2025-11-10 12:00:00+00:00,33,1,42218,49.895,49.93,49.87,49.93,141,SIZ5
2025-11-10 12:01:00+00:00,33,1,42218,49.93,49.985,49.93,49.98,214,SIZ5
2025-11-10 12:02:00+00:00,33,1,42218,49.97,49.975,49.94,49.95,103,SIZ5
2025-11-10 12:03:00+00:00,33,1,42218,49.95,49.95,49.935,49.945,86,SIZ5
2025-11-10 12:04:00+00:00,33,1,42218,49.95,49.98,49.945,49.96,67,SIZ5
2025-11-10 12:05:00+00:00,33,1,42218,49.955,49.97,49.95,49.95,41,SIZ5
2025-11-10 12:06:00+00:00,33,1,42218,49.945,49.985,49.94,49.975,52,SIZ5
2025-11-10 12:07:00+00:00,33,1,42218,49.975,50.025,49.97,50.005,166,SIZ5
2025-11-10 12:08:00+00:00,33,1,42218,49.995,50.005,49.97,49.98,33,SIZ5
2025-11-10 12:09:00+00:00,33,1,42218,49.97,49.975,49.94,49.975,41,SIZ5
2025-11-10 12:10:00+00:00,33,1,42218,49.97,50.0,49.96,49.995,33,SIZ5
2025-11-10 12:11:00+00:00,33,1,42218,49.995,49.995,49.96,49.975,40,SIZ5
2025-11-10 12:12:00+00:00,33,1,42218,49.975,49.985,49.97,49.98,29,SIZ5
2025-11-10 12:13:00+00:00,33,1,42218,49.985,50.005,49.98,50.005,12,SIZ5
2025-11-10 12:14:00+00:00,33,1,42218,50.0,50.015,49.995,50.005,46,SIZ5
2025-11-10 12:15:00+00:00,33,1,42218,50.0,50.015,49.985,49.985,35,SIZ5
2025-11-10 12:16:00+00:00,33,1,42218,49.98,50.015,49.98,50.015,48,SIZ5
2025-11-10 12:17:00+00:00,33,1,42218,50.015,50.04,49.99,50.015,77,SIZ5
2025-11-10 12:18:00+00:00,33,1,42218,50.02,50.06,50.02,50.025,132,SIZ5
2025-11-10 12:19:00+00:00,33,1,42218,50.02,50.025,49.985,50.005,79,SIZ5
2025-11-10 12:20:00+00:00,33,1,42218,50.02,50.055,50.005,50.045,136,SIZ5
2025-11-10 12:21:00+00:00,33,1,42218,50.04,50.065,50.03,50.055,74,SIZ5
2025-11-10 12:22:00+00:00,33,1,42218,50.05,50.06,50.03,50.045,30,SIZ5
2025-11-10 12:23:00+00:00,33,1,42218,50.05,50.075,50.05,50.075,25,SIZ5
2025-11-10 12:24:00+00:00,33,1,42218,50.075,50.085,50.065,50.07,65,SIZ5
2025-11-10 12:25:00+00:00,33,1,42218,50.065,50.085,50.065,50.065,161,SIZ5
2025-11-10 12:26:00+00:00,33,1,42218,50.07,50.095,50.065,50.07,103,SIZ5
2025-11-10 12:27:00+00:00,33,1,42218,50.07,50.07,50.035,50.035,70,SIZ5
2025-11-10 12:28:00+00:00,33,1,42218,50.03,50.06,50.02,50.055,46,SIZ5
2025-11-10 12:29:00+00:00,33,1,42218,50.05,50.075,50.045,50.065,25,SIZ5
2025-11-10 12:30:00+00:00,33,1,42218,50.07,50.075,50.06,50.07,36,SIZ5
2025-11-10 12:31:00+00:00,33,1,42218,50.07,50.085,50.065,50.065,35,SIZ5
2025-11-10 12:32:00+00:00,33,1,42218,50.06,50.07,50.06,50.065,17,SIZ5
2025-11-10 12:33:00+00:00,33,1,42218,50.07,50.075,50.06,50.065,33,SIZ5
2025-11-10 12:34:00+00:00,33,1,42218,50.07,50.075,50.045,50.06,25,SIZ5
2025-11-10 12:35:00+00:00,33,1,42218,50.055,50.065,50.055,50.06,13,SIZ5
2025-11-10 12:36:00+00:00,33,1,42218,50.055,50.08,50.055,50.065,40,SIZ5
2025-11-10 12:37:00+00:00,33,1,42218,50.055,50.085,50.05,50.085,35,SIZ5
2025-11-10 12:38:00+00:00,33,1,42218,50.085,50.09,50.08,50.08,22,SIZ5
2025-11-10 12:39:00+00:00,33,1,42218,50.075,50.075,50.055,50.06,20,SIZ5
2025-11-10 12:40:00+00:00,33,1,42218,50.065,50.065,50.055,50.055,19,SIZ5
2025-11-10 12:41:00+00:00,33,1,42218,50.055,50.075,50.055,50.065,20,SIZ5
2025-11-10 12:42:00+00:00,33,1,42218,50.07,50.075,50.06,50.07,21,SIZ5
2025-11-10 12:43:00+00:00,33,1,42218,50.075,50.12,50.07,50.1,229,SIZ5
2025-11-10 12:44:00+00:00,33,1,42218,50.095,50.1,50.08,50.08,42,SIZ5
2025-11-10 12:45:00+00:00,33,1,42218,50.075,50.075,50.055,50.07,35,SIZ5
2025-11-10 12:46:00+00:00,33,1,42218,50.065,50.07,50.045,50.06,65,SIZ5
2025-11-10 12:47:00+00:00,33,1,42218,50.06,50.06,50.045,50.045,26,SIZ5
2025-11-10 12:48:00+00:00,33,1,42218,50.045,50.055,50.035,50.05,46,SIZ5
2025-11-10 12:49:00+00:00,33,1,42218,50.06,50.07,50.055,50.07,12,SIZ5
2025-11-10 12:50:00+00:00,33,1,42218,50.07,50.08,50.06,50.075,29,SIZ5
2025-11-10 12:51:00+00:00,33,1,42218,50.075,50.08,50.07,50.075,14,SIZ5
2025-11-10 12:52:00+00:00,33,1,42218,50.065,50.075,50.06,50.07,17,SIZ5
2025-11-10 12:53:00+00:00,33,1,42218,50.07,50.1,50.065,50.1,64,SIZ5
2025-11-10 12:54:00+00:00,33,1,42218,50.105,50.12,50.09,50.095,90,SIZ5
2025-11-10 12:55:00+00:00,33,1,42218,50.09,50.1,50.06,50.06,64,SIZ5
2025-11-10 12:56:00+00:00,33,1,42218,50.06,50.065,50.04,50.055,47,SIZ5
2025-11-10 12:57:00+00:00,33,1,42218,50.06,50.07,50.055,50.065,34,SIZ5
2025-11-10 12:58:00+00:00,33,1,42218,50.065,50.07,50.03,50.04,38,SIZ5
2025-11-10 12:59:00+00:00,33,1,42218,50.03,50.05,50.02,50.05,77,SIZ5
2025-11-10 13:00:00+00:00,33,1,42218,50.055,50.085,50.03,50.05,333,SIZ5
2025-11-10 13:01:00+00:00,33,1,42218,50.04,50.06,49.995,50.02,165,SIZ5
2025-11-10 13:02:00+00:00,33,1,42218,50.025,50.07,50.01,50.06,127,SIZ5
2025-11-10 13:03:00+00:00,33,1,42218,50.05,50.1,50.05,50.06,119,SIZ5
2025-11-10 13:04:00+00:00,33,1,42218,50.06,50.085,50.03,50.05,60,SIZ5
2025-11-10 13:05:00+00:00,33,1,42218,50.06,50.085,50.045,50.065,102,SIZ5
2025-11-10 13:06:00+00:00,33,1,42218,50.065,50.11,50.05,50.095,158,SIZ5
2025-11-10 13:07:00+00:00,33,1,42218,50.09,50.1,50.065,50.065,54,SIZ5
2025-11-10 13:08:00+00:00,33,1,42218,50.065,50.065,50.02,50.05,80,SIZ5
2025-11-10 13:09:00+00:00,33,1,42218,50.055,50.095,50.045,50.085,66,SIZ5
2025-11-10 13:10:00+00:00,33,1,42218,50.09,50.11,50.065,50.07,69,SIZ5
2025-11-10 13:11:00+00:00,33,1,42218,50.07,50.09,50.07,50.07,32,SIZ5
2025-11-10 13:12:00+00:00,33,1,42218,50.045,50.06,50.04,50.05,31,SIZ5
2025-11-10 13:13:00+00:00,33,1,42218,50.035,50.04,50.0,50.025,56,SIZ5
2025-11-10 13:14:00+00:00,33,1,42218,50.025,50.055,50.02,50.04,114,SIZ5
2025-11-10 13:15:00+00:00,33,1,42218,50.035,50.035,49.96,49.96,103,SIZ5
2025-11-10 13:16:00+00:00,33,1,42218,49.96,49.98,49.945,49.97,122,SIZ5
2025-11-10 13:17:00+00:00,33,1,42218,49.965,49.985,49.94,49.975,103,SIZ5
2025-11-10 13:18:00+00:00,33,1,42218,49.98,49.985,49.93,49.94,175,SIZ5
2025-11-10 13:19:00+00:00,33,1,42218,49.945,50.02,49.945,49.97,176,SIZ5
2025-11-10 13:20:00+00:00,33,1,42218,49.97,50.0,49.95,49.995,46,SIZ5
2025-11-10 13:21:00+00:00,33,1,42218,50.0,50.015,49.985,49.985,95,SIZ5
2025-11-10 13:22:00+00:00,33,1,42218,49.99,50.015,49.96,49.975,71,SIZ5
2025-11-10 13:23:00+00:00,33,1,42218,49.97,49.99,49.965,49.975,38,SIZ5
2025-11-10 13:24:00+00:00,33,1,42218,49.975,49.99,49.965,49.965,49,SIZ5
2025-11-10 13:25:00+00:00,33,1,42218,49.97,50.02,49.96,50.01,130,SIZ5
2025-11-10 13:26:00+00:00,33,1,42218,50.015,50.03,49.98,49.985,68,SIZ5
2025-11-10 13:27:00+00:00,33,1,42218,49.99,49.99,49.955,49.975,66,SIZ5
2025-11-10 13:28:00+00:00,33,1,42218,49.97,50.035,49.96,50.03,55,SIZ5
2025-11-10 13:29:00+00:00,33,1,42218,50.03,50.035,50.01,50.015,57,SIZ5
2025-11-10 13:30:00+00:00,33,1,42218,50.01,50.05,50.01,50.04,202,SIZ5
2025-11-10 13:31:00+00:00,33,1,42218,50.045,50.045,49.995,49.995,76,SIZ5
2025-11-10 13:32:00+00:00,33,1,42218,49.98,50.035,49.98,50.03,106,SIZ5
2025-11-10 13:33:00+00:00,33,1,42218,50.025,50.04,49.97,49.985,58,SIZ5
2025-11-10 13:34:00+00:00,33,1,42218,49.98,49.99,49.955,49.955,31,SIZ5
2025-11-10 13:35:00+00:00,33,1,42218,49.975,49.995,49.96,49.965,61,SIZ5
2025-11-10 13:36:00+00:00,33,1,42218,49.975,49.975,49.94,49.95,66,SIZ5
2025-11-10 13:37:00+00:00,33,1,42218,49.945,49.945,49.885,49.905,167,SIZ5
2025-11-10 13:38:00+00:00,33,1,42218,49.91,49.94,49.84,49.845,166,SIZ5
2025-11-10 13:39:00+00:00,33,1,42218,49.845,49.86,49.825,49.835,134,SIZ5
2025-11-10 13:40:00+00:00,33,1,42218,49.83,49.84,49.785,49.81,212,SIZ5
2025-11-10 13:41:00+00:00,33,1,42218,49.815,49.83,49.77,49.79,87,SIZ5
2025-11-10 13:42:00+00:00,33,1,42218,49.795,49.805,49.77,49.79,121,SIZ5
2025-11-10 13:43:00+00:00,33,1,42218,49.78,49.825,49.75,49.805,162,SIZ5
2025-11-10 13:44:00+00:00,33,1,42218,49.81,49.845,49.805,49.83,52,SIZ5
2025-11-10 13:45:00+00:00,33,1,42218,49.825,49.835,49.81,49.81,78,SIZ5
2025-11-10 13:46:00+00:00,33,1,42218,49.82,49.83,49.755,49.795,80,SIZ5
2025-11-10 13:47:00+00:00,33,1,42218,49.79,49.81,49.76,49.76,54,SIZ5
2025-11-10 13:48:00+00:00,33,1,42218,49.765,49.805,49.765,49.8,56,SIZ5
2025-11-10 13:49:00+00:00,33,1,42218,49.8,49.82,49.79,49.805,153,SIZ5
2025-11-10 13:50:00+00:00,33,1,42218,49.795,49.82,49.775,49.81,71,SIZ5
2025-11-10 13:51:00+00:00,33,1,42218,49.79,49.795,49.75,49.75,77,SIZ5
2025-11-10 13:52:00+00:00,33,1,42218,49.745,49.765,49.695,49.705,139,SIZ5
2025-11-10 13:53:00+00:00,33,1,42218,49.71,49.725,49.7,49.7,71,SIZ5
2025-11-10 13:54:00+00:00,33,1,42218,49.705,49.75,49.68,49.74,106,SIZ5
2025-11-10 13:55:00+00:00,33,1,42218,49.74,49.775,49.73,49.775,93,SIZ5
2025-11-10 13:56:00+00:00,33,1,42218,49.77,49.78,49.73,49.74,63,SIZ5
2025-11-10 13:57:00+00:00,33,1,42218,49.735,49.735,49.705,49.725,50,SIZ5
2025-11-10 13:58:00+00:00,33,1,42218,49.72,49.755,49.715,49.745,85,SIZ5
2025-11-10 13:59:00+00:00,33,1,42218,49.74,49.75,49.73,49.73,77,SIZ5
2025-11-10 14:00:00+00:00,33,1,42218,49.735,49.76,49.725,49.74,82,SIZ5
2025-11-10 14:01:00+00:00,33,1,42218,49.735,49.77,49.705,49.73,172,SIZ5
2025-11-10 14:02:00+00:00,33,1,42218,49.72,49.72,49.675,49.705,122,SIZ5
2025-11-10 14:03:00+00:00,33,1,42218,49.725,49.76,49.71,49.71,92,SIZ5
2025-11-10 14:04:00+00:00,33,1,42218,49.715,49.715,49.695,49.7,61,SIZ5
2025-11-10 14:05:00+00:00,33,1,42218,49.71,49.72,49.68,49.695,123,SIZ5
2025-11-10 14:06:00+00:00,33,1,42218,49.685,49.76,49.685,49.75,92,SIZ5
2025-11-10 14:07:00+00:00,33,1,42218,49.745,49.745,49.715,49.735,50,SIZ5
2025-11-10 14:08:00+00:00,33,1,42218,49.735,49.755,49.715,49.745,36,SIZ5
2025-11-10 14:09:00+00:00,33,1,42218,49.76,49.76,49.72,49.73,68,SIZ5
2025-11-10 14:10:00+00:00,33,1,42218,49.73,49.75,49.73,49.73,44,SIZ5
2025-11-10 14:11:00+00:00,33,1,42218,49.725,49.74,49.725,49.725,32,SIZ5
2025-11-10 14:12:00+00:00,33,1,42218,49.72,49.725,49.67,49.68,73,SIZ5
2025-11-10 14:13:00+00:00,33,1,42218,49.68,49.68,49.565,49.63,544,SIZ5
2025-11-10 14:14:00+00:00,33,1,42218,49.63,49.685,49.63,49.67,121,SIZ5
2025-11-10 14:15:00+00:00,33,1,42218,49.665,49.72,49.66,49.685,80,SIZ5
2025-11-10 14:16:00+00:00,33,1,42218,49.68,49.68,49.585,49.6,124,SIZ5
2025-11-10 14:17:00+00:00,33,1,42218,49.605,49.62,49.585,49.59,157,SIZ5
2025-11-10 14:18:00+00:00,33,1,42218,49.59,49.615,49.57,49.615,158,SIZ5
2025-11-10 14:19:00+00:00,33,1,42218,49.62,49.625,49.565,49.565,85,SIZ5
2025-11-10 14:20:00+00:00,33,1,42218,49.56,49.615,49.545,49.615,83,SIZ5
2025-11-10 14:21:00+00:00,33,1,42218,49.605,49.65,49.6,49.645,34,SIZ5
2025-11-10 14:22:00+00:00,33,1,42218,49.64,49.675,49.635,49.675,66,SIZ5
2025-11-10 14:23:00+00:00,33,1,42218,49.675,49.695,49.67,49.695,75,SIZ5
2025-11-10 14:24:00+00:00,33,1,42218,49.69,49.695,49.66,49.675,40,SIZ5
2025-11-10 14:25:00+00:00,33,1,42218,49.68,49.705,49.68,49.7,78,SIZ5
2025-11-10 14:26:00+00:00,33,1,42218,49.7,49.71,49.68,49.685,45,SIZ5
2025-11-10 14:27:00+00:00,33,1,42218,49.68,49.68,49.65,49.66,19,SIZ5
2025-11-10 14:28:00+00:00,33,1,42218,49.655,49.67,49.64,49.67,28,SIZ5
2025-11-10 14:29:00+00:00,33,1,42218,49.67,49.67,49.645,49.655,47,SIZ5
2025-11-10 14:30:00+00:00,33,1,42218,49.655,49.655,49.56,49.59,272,SIZ5
2025-11-10 14:31:00+00:00,33,1,42218,49.595,49.615,49.575,49.595,166,SIZ5
2025-11-10 14:32:00+00:00,33,1,42218,49.595,49.6,49.55,49.585,106,SIZ5
2025-11-10 14:33:00+00:00,33,1,42218,49.58,49.58,49.49,49.525,262,SIZ5
2025-11-10 14:34:00+00:00,33,1,42218,49.545,49.555,49.51,49.555,173,SIZ5
2025-11-10 14:35:00+00:00,33,1,42218,49.56,49.585,49.525,49.555,145,SIZ5
2025-11-10 14:36:00+00:00,33,1,42218,49.55,49.585,49.535,49.585,100,SIZ5
2025-11-10 14:37:00+00:00,33,1,42218,49.59,49.635,49.575,49.63,138,SIZ5
2025-11-10 14:38:00+00:00,33,1,42218,49.63,49.65,49.6,49.61,79,SIZ5
2025-11-10 14:39:00+00:00,33,1,42218,49.6,49.62,49.55,49.57,115,SIZ5
2025-11-10 14:40:00+00:00,33,1,42218,49.57,49.63,49.57,49.63,141,SIZ5
2025-11-10 14:41:00+00:00,33,1,42218,49.625,49.625,49.585,49.625,89,SIZ5
2025-11-10 14:42:00+00:00,33,1,42218,49.615,49.645,49.6,49.635,68,SIZ5
2025-11-10 14:43:00+00:00,33,1,42218,49.635,49.64,49.59,49.63,83,SIZ5
2025-11-10 14:44:00+00:00,33,1,42218,49.635,49.7,49.63,49.7,104,SIZ5
2025-11-10 14:45:00+00:00,33,1,42218,49.69,49.75,49.685,49.745,219,SIZ5
2025-11-10 14:46:00+00:00,33,1,42218,49.74,49.785,49.73,49.78,159,SIZ5
2025-11-10 14:47:00+00:00,33,1,42218,49.775,49.785,49.73,49.76,145,SIZ5
2025-11-10 14:48:00+00:00,33,1,42218,49.76,49.77,49.675,49.71,136,SIZ5
2025-11-10 14:49:00+00:00,33,1,42218,49.705,49.76,49.705,49.73,124,SIZ5
2025-11-10 14:50:00+00:00,33,1,42218,49.725,49.735,49.705,49.73,84,SIZ5
2025-11-10 14:51:00+00:00,33,1,42218,49.725,49.78,49.71,49.76,71,SIZ5
2025-11-10 14:52:00+00:00,33,1,42218,49.75,49.755,49.705,49.715,47,SIZ5
2025-11-10 14:53:00+00:00,33,1,42218,49.72,49.74,49.7,49.73,61,SIZ5
2025-11-10 14:54:00+00:00,33,1,42218,49.73,49.77,49.73,49.76,46,SIZ5
2025-11-10 14:55:00+00:00,33,1,42218,49.75,49.82,49.75,49.81,260,SIZ5
2025-11-10 14:56:00+00:00,33,1,42218,49.81,49.865,49.78,49.85,209,SIZ5
2025-11-10 14:57:00+00:00,33,1,42218,49.855,49.885,49.845,49.865,85,SIZ5
2025-11-10 14:58:00+00:00,33,1,42218,49.86,49.9,49.83,49.89,94,SIZ5
2025-11-10 14:59:00+00:00,33,1,42218,49.89,49.89,49.845,49.845,81,SIZ5
2025-11-10 15:00:00+00:00,33,1,42218,49.85,49.875,49.845,49.85,111,SIZ5
2025-11-10 15:01:00+00:00,33,1,42218,49.845,49.86,49.83,49.84,83,SIZ5
2025-11-10 15:02:00+00:00,33,1,42218,49.84,49.85,49.82,49.845,64,SIZ5
2025-11-10 15:03:00+00:00,33,1,42218,49.84,49.86,49.83,49.835,59,SIZ5
2025-11-10 15:04:00+00:00,33,1,42218,49.825,49.86,49.825,49.86,37,SIZ5
2025-11-10 15:05:00+00:00,33,1,42218,49.865,49.91,49.86,49.865,89,SIZ5
2025-11-10 15:06:00+00:00,33,1,42218,49.865,49.88,49.855,49.855,43,SIZ5
2025-11-10 15:07:00+00:00,33,1,42218,49.855,49.92,49.855,49.915,111,SIZ5
2025-11-10 15:08:00+00:00,33,1,42218,49.92,49.935,49.905,49.915,114,SIZ5
2025-11-10 15:09:00+00:00,33,1,42218,49.91,49.945,49.905,49.91,92,SIZ5
2025-11-10 15:10:00+00:00,33,1,42218,49.91,49.935,49.9,49.93,47,SIZ5
2025-11-10 15:11:00+00:00,33,1,42218,49.93,49.93,49.9,49.91,75,SIZ5
2025-11-10 15:12:00+00:00,33,1,42218,49.9,49.91,49.855,49.855,94,SIZ5
2025-11-10 15:13:00+00:00,33,1,42218,49.86,49.885,49.835,49.885,96,SIZ5
2025-11-10 15:14:00+00:00,33,1,42218,49.89,49.895,49.84,49.84,61,SIZ5
2025-11-10 15:15:00+00:00,33,1,42218,49.835,49.865,49.83,49.835,51,SIZ5
2025-11-10 15:16:00+00:00,33,1,42218,49.84,49.84,49.815,49.83,77,SIZ5
2025-11-10 15:17:00+00:00,33,1,42218,49.83,49.855,49.805,49.85,37,SIZ5
2025-11-10 15:18:00+00:00,33,1,42218,49.85,49.89,49.85,49.88,53,SIZ5
2025-11-10 15:19:00+00:00,33,1,42218,49.865,49.89,49.85,49.875,159,SIZ5
2025-11-10 15:20:00+00:00,33,1,42218,49.885,49.905,49.865,49.895,45,SIZ5
2025-11-10 15:21:00+00:00,33,1,42218,49.89,49.93,49.89,49.925,52,SIZ5
2025-11-10 15:22:00+00:00,33,1,42218,49.93,49.935,49.91,49.91,52,SIZ5
2025-11-10 15:23:00+00:00,33,1,42218,49.915,49.93,49.905,49.905,35,SIZ5
2025-11-10 15:24:00+00:00,33,1,42218,49.91,49.93,49.91,49.91,29,SIZ5
2025-11-10 15:25:00+00:00,33,1,42218,49.915,49.94,49.9,49.91,99,SIZ5
2025-11-10 15:26:00+00:00,33,1,42218,49.91,49.915,49.885,49.91,63,SIZ5
2025-11-10 15:27:00+00:00,33,1,42218,49.91,49.935,49.905,49.915,73,SIZ5
2025-11-10 15:28:00+00:00,33,1,42218,49.905,49.92,49.89,49.91,90,SIZ5
2025-11-10 15:29:00+00:00,33,1,42218,49.92,49.93,49.9,49.92,59,SIZ5
2025-11-10 15:30:00+00:00,33,1,42218,49.91,49.925,49.9,49.92,55,SIZ5
2025-11-10 15:31:00+00:00,33,1,42218,49.915,49.94,49.91,49.94,64,SIZ5
2025-11-10 15:32:00+00:00,33,1,42218,49.945,49.945,49.89,49.9,55,SIZ5
2025-11-10 15:33:00+00:00,33,1,42218,49.905,49.935,49.9,49.905,47,SIZ5
2025-11-10 15:34:00+00:00,33,1,42218,49.905,49.915,49.895,49.905,58,SIZ5
2025-11-10 15:35:00+00:00,33,1,42218,49.9,49.905,49.865,49.875,63,SIZ5
2025-11-10 15:36:00+00:00,33,1,42218,49.88,49.895,49.86,49.86,32,SIZ5
2025-11-10 15:37:00+00:00,33,1,42218,49.86,49.875,49.845,49.86,59,SIZ5
2025-11-10 15:38:00+00:00,33,1,42218,49.865,49.9,49.865,49.88,50,SIZ5
2025-11-10 15:39:00+00:00,33,1,42218,49.875,49.89,49.875,49.89,16,SIZ5
2025-11-10 15:40:00+00:00,33,1,42218,49.88,49.885,49.865,49.865,24,SIZ5
2025-11-10 15:41:00+00:00,33,1,42218,49.87,49.89,49.855,49.855,19,SIZ5
2025-11-10 15:42:00+00:00,33,1,42218,49.855,49.87,49.845,49.865,15,SIZ5
2025-11-10 15:43:00+00:00,33,1,42218,49.875,49.88,49.85,49.85,23,SIZ5
2025-11-10 15:44:00+00:00,33,1,42218,49.845,49.88,49.845,49.875,18,SIZ5
2025-11-10 15:45:00+00:00,33,1,42218,49.87,49.875,49.835,49.865,59,SIZ5
2025-11-10 15:46:00+00:00,33,1,42218,49.86,49.865,49.825,49.825,19,SIZ5
2025-11-10 15:47:00+00:00,33,1,42218,49.82,49.83,49.775,49.78,93,SIZ5
2025-11-10 15:48:00+00:00,33,1,42218,49.785,49.79,49.75,49.76,107,SIZ5
2025-11-10 15:49:00+00:00,33,1,42218,49.755,49.76,49.695,49.715,206,SIZ5
2025-11-10 15:50:00+00:00,33,1,42218,49.71,49.775,49.635,49.68,529,SIZ5
2025-11-10 15:51:00+00:00,33,1,42218,49.68,49.705,49.66,49.685,48,SIZ5
2025-11-10 15:52:00+00:00,33,1,42218,49.69,49.71,49.67,49.7,81,SIZ5
2025-11-10 15:53:00+00:00,33,1,42218,49.695,49.75,49.695,49.745,77,SIZ5
2025-11-10 15:54:00+00:00,33,1,42218,49.745,49.755,49.73,49.755,51,SIZ5
2025-11-10 15:55:00+00:00,33,1,42218,49.745,49.745,49.69,49.7,169,SIZ5
2025-11-10 15:56:00+00:00,33,1,42218,49.71,49.725,49.695,49.715,25,SIZ5
2025-11-10 15:57:00+00:00,33,1,42218,49.72,49.745,49.705,49.715,35,SIZ5
2025-11-10 15:58:00+00:00,33,1,42218,49.715,49.74,49.715,49.72,30,SIZ5
2025-11-10 15:59:00+00:00,33,1,42218,49.705,49.71,49.7,49.71,21,SIZ5
2025-11-10 16:00:00+00:00,33,1,42218,49.705,49.715,49.675,49.695,55,SIZ5
2025-11-10 16:01:00+00:00,33,1,42218,49.695,49.695,49.64,49.68,133,SIZ5
2025-11-10 16:02:00+00:00,33,1,42218,49.68,49.695,49.67,49.695,61,SIZ5
2025-11-10 16:03:00+00:00,33,1,42218,49.69,49.76,49.69,49.73,42,SIZ5
2025-11-10 16:04:00+00:00,33,1,42218,49.735,49.74,49.71,49.715,47,SIZ5
2025-11-10 16:05:00+00:00,33,1,42218,49.71,49.72,49.68,49.705,28,SIZ5
2025-11-10 16:06:00+00:00,33,1,42218,49.715,49.74,49.7,49.74,38,SIZ5
2025-11-10 16:07:00+00:00,33,1,42218,49.745,49.8,49.745,49.8,58,SIZ5
2025-11-10 16:08:00+00:00,33,1,42218,49.8,49.855,49.8,49.855,97,SIZ5
2025-11-10 16:09:00+00:00,33,1,42218,49.855,49.855,49.825,49.855,53,SIZ5
2025-11-10 16:10:00+00:00,33,1,42218,49.855,49.89,49.855,49.86,117,SIZ5
2025-11-10 16:11:00+00:00,33,1,42218,49.865,49.92,49.855,49.885,284,SIZ5
2025-11-10 16:12:00+00:00,33,1,42218,49.89,49.91,49.88,49.905,42,SIZ5
2025-11-10 16:13:00+00:00,33,1,42218,49.905,49.915,49.89,49.895,32,SIZ5
2025-11-10 16:14:00+00:00,33,1,42218,49.91,49.91,49.89,49.89,31,SIZ5
2025-11-10 16:15:00+00:00,33,1,42218,49.89,49.91,49.89,49.91,33,SIZ5
2025-11-10 16:16:00+00:00,33,1,42218,49.905,49.92,49.885,49.895,42,SIZ5
2025-11-10 16:17:00+00:00,33,1,42218,49.905,49.905,49.885,49.89,15,SIZ5
2025-11-10 16:18:00+00:00,33,1,42218,49.89,49.895,49.855,49.865,132,SIZ5
2025-11-10 16:19:00+00:00,33,1,42218,49.865,49.87,49.85,49.855,47,SIZ5
2025-11-10 16:20:00+00:00,33,1,42218,49.855,49.885,49.85,49.875,51,SIZ5
2025-11-10 16:21:00+00:00,33,1,42218,49.865,49.865,49.85,49.86,12,SIZ5
2025-11-10 16:22:00+00:00,33,1,42218,49.86,49.86,49.83,49.83,15,SIZ5
2025-11-10 16:23:00+00:00,33,1,42218,49.84,49.885,49.835,49.885,45,SIZ5
2025-11-10 16:24:00+00:00,33,1,42218,49.875,49.875,49.84,49.845,47,SIZ5
2025-11-10 16:25:00+00:00,33,1,42218,49.84,49.855,49.825,49.855,47,SIZ5
2025-11-10 16:26:00+00:00,33,1,42218,49.86,49.865,49.855,49.855,10,SIZ5
2025-11-10 16:27:00+00:00,33,1,42218,49.87,49.885,49.86,49.88,41,SIZ5
2025-11-10 16:28:00+00:00,33,1,42218,49.87,49.87,49.85,49.85,38,SIZ5
2025-11-10 16:29:00+00:00,33,1,42218,49.85,49.86,49.845,49.86,15,SIZ5
2025-11-10 16:30:00+00:00,33,1,42218,49.86,49.88,49.85,49.875,32,SIZ5
2025-11-10 16:31:00+00:00,33,1,42218,49.875,49.88,49.85,49.88,33,SIZ5
2025-11-10 16:32:00+00:00,33,1,42218,49.895,49.93,49.895,49.925,40,SIZ5
2025-11-10 16:33:00+00:00,33,1,42218,49.92,49.94,49.92,49.94,31,SIZ5
2025-11-10 16:34:00+00:00,33,1,42218,49.92,49.92,49.895,49.895,22,SIZ5
2025-11-10 16:35:00+00:00,33,1,42218,49.905,49.925,49.895,49.895,20,SIZ5
2025-11-10 16:36:00+00:00,33,1,42218,49.9,49.91,49.9,49.91,7,SIZ5
2025-11-10 16:37:00+00:00,33,1,42218,49.905,49.915,49.9,49.9,32,SIZ5
2025-11-10 16:38:00+00:00,33,1,42218,49.89,49.895,49.885,49.89,18,SIZ5
2025-11-10 16:39:00+00:00,33,1,42218,49.91,49.91,49.905,49.91,4,SIZ5
2025-11-10 16:40:00+00:00,33,1,42218,49.895,49.895,49.86,49.865,37,SIZ5
2025-11-10 16:41:00+00:00,33,1,42218,49.86,49.905,49.86,49.905,36,SIZ5
2025-11-10 16:42:00+00:00,33,1,42218,49.905,49.915,49.89,49.89,27,SIZ5
2025-11-10 16:43:00+00:00,33,1,42218,49.89,49.905,49.885,49.9,21,SIZ5
2025-11-10 16:44:00+00:00,33,1,42218,49.885,49.93,49.885,49.925,31,SIZ5
2025-11-10 16:45:00+00:00,33,1,42218,49.925,49.94,49.92,49.92,56,SIZ5
2025-11-10 16:46:00+00:00,33,1,42218,49.915,49.915,49.88,49.88,22,SIZ5
2025-11-10 16:47:00+00:00,33,1,42218,49.885,49.895,49.885,49.895,14,SIZ5
2025-11-10 16:48:00+00:00,33,1,42218,49.895,49.915,49.885,49.905,28,SIZ5
2025-11-10 16:49:00+00:00,33,1,42218,49.91,49.925,49.905,49.92,38,SIZ5
2025-11-10 16:50:00+00:00,33,1,42218,49.925,49.945,49.925,49.94,39,SIZ5
2025-11-10 16:51:00+00:00,33,1,42218,49.94,49.94,49.925,49.93,12,SIZ5
2025-11-10 16:52:00+00:00,33,1,42218,49.925,49.94,49.92,49.93,21,SIZ5
2025-11-10 16:53:00+00:00,33,1,42218,49.925,49.955,49.925,49.95,56,SIZ5
2025-11-10 16:54:00+00:00,33,1,42218,49.95,49.97,49.95,49.965,41,SIZ5
2025-11-10 16:55:00+00:00,33,1,42218,49.96,49.975,49.95,49.975,39,SIZ5
2025-11-10 16:56:00+00:00,33,1,42218,49.98,49.98,49.965,49.97,90,SIZ5
2025-11-10 16:57:00+00:00,33,1,42218,49.965,49.975,49.955,49.96,50,SIZ5
2025-11-10 16:58:00+00:00,33,1,42218,49.965,49.975,49.965,49.97,44,SIZ5
2025-11-10 16:59:00+00:00,33,1,42218,49.965,49.98,49.955,49.98,47,SIZ5
2025-11-10 17:00:00+00:00,33,1,42218,49.98,49.995,49.97,49.99,93,SIZ5
2025-11-10 17:01:00+00:00,33,1,42218,50.0,50.0,49.975,49.99,41,SIZ5
2025-11-10 17:02:00+00:00,33,1,42218,49.98,49.995,49.965,49.995,44,SIZ5
2025-11-10 17:03:00+00:00,33,1,42218,50.0,50.04,50.0,50.025,68,SIZ5
2025-11-10 17:04:00+00:00,33,1,42218,50.025,50.065,50.025,50.055,96,SIZ5
2025-11-10 17:05:00+00:00,33,1,42218,50.05,50.09,50.045,50.07,111,SIZ5
2025-11-10 17:06:00+00:00,33,1,42218,50.07,50.07,50.045,50.055,56,SIZ5
2025-11-10 17:07:00+00:00,33,1,42218,50.055,50.08,50.055,50.08,40,SIZ5
2025-11-10 17:08:00+00:00,33,1,42218,50.085,50.1,50.07,50.075,69,SIZ5
2025-11-10 17:09:00+00:00,33,1,42218,50.07,50.085,50.06,50.075,41,SIZ5
2025-11-10 17:10:00+00:00,33,1,42218,50.08,50.095,50.08,50.09,73,SIZ5
2025-11-10 17:11:00+00:00,33,1,42218,50.09,50.1,50.075,50.09,108,SIZ5
2025-11-10 17:12:00+00:00,33,1,42218,50.09,50.09,50.065,50.07,63,SIZ5
2025-11-10 17:13:00+00:00,33,1,42218,50.07,50.07,50.025,50.025,58,SIZ5
2025-11-10 17:14:00+00:00,33,1,42218,50.02,50.05,50.02,50.03,52,SIZ5
2025-11-10 17:15:00+00:00,33,1,42218,50.04,50.045,50.02,50.03,40,SIZ5
2025-11-10 17:16:00+00:00,33,1,42218,50.025,50.025,50.01,50.015,24,SIZ5
2025-11-10 17:17:00+00:00,33,1,42218,50.02,50.02,49.955,49.965,62,SIZ5
2025-11-10 17:18:00+00:00,33,1,42218,49.97,50.015,49.97,50.015,60,SIZ5
2025-11-10 17:19:00+00:00,33,1,42218,50.005,50.01,49.995,50.01,21,SIZ5
2025-11-10 17:20:00+00:00,33,1,42218,50.0,50.045,49.995,50.045,76,SIZ5
2025-11-10 17:21:00+00:00,33,1,42218,50.05,50.05,50.03,50.05,40,SIZ5
2025-11-10 17:22:00+00:00,33,1,42218,50.05,50.07,50.045,50.07,55,SIZ5
2025-11-10 17:23:00+00:00,33,1,42218,50.07,50.07,50.05,50.055,28,SIZ5
2025-11-10 17:24:00+00:00,33,1,42218,50.05,50.055,50.03,50.05,24,SIZ5
2025-11-10 17:25:00+00:00,33,1,42218,50.05,50.065,50.05,50.06,26,SIZ5
2025-11-10 17:26:00+00:00,33,1,42218,50.055,50.07,50.03,50.045,59,SIZ5
2025-11-10 17:27:00+00:00,33,1,42218,50.045,50.065,50.04,50.065,12,SIZ5
2025-11-10 17:28:00+00:00,33,1,42218,50.065,50.07,50.055,50.055,18,SIZ5
2025-11-10 17:29:00+00:00,33,1,42218,50.055,50.065,50.05,50.065,18,SIZ5
2025-11-10 17:30:00+00:00,33,1,42218,50.07,50.07,50.06,50.06,33,SIZ5
2025-11-10 17:31:00+00:00,33,1,42218,50.065,50.075,50.065,50.065,64,SIZ5
2025-11-10 17:32:00+00:00,33,1,42218,50.07,50.08,50.065,50.07,45,SIZ5
2025-11-10 17:33:00+00:00,33,1,42218,50.065,50.075,50.06,50.065,33,SIZ5
2025-11-10 17:34:00+00:00,33,1,42218,50.07,50.09,50.07,50.08,51,SIZ5
2025-11-10 17:35:00+00:00,33,1,42218,50.085,50.095,50.08,50.085,52,SIZ5
2025-11-10 17:36:00+00:00,33,1,42218,50.075,50.085,50.07,50.07,46,SIZ5
2025-11-10 17:37:00+00:00,33,1,42218,50.07,50.07,50.05,50.055,43,SIZ5
2025-11-10 17:38:00+00:00,33,1,42218,50.05,50.065,50.045,50.055,39,SIZ5
2025-11-10 17:39:00+00:00,33,1,42218,50.05,50.09,50.05,50.085,109,SIZ5
2025-11-10 17:40:00+00:00,33,1,42218,50.08,50.11,50.08,50.095,44,SIZ5
2025-11-10 17:41:00+00:00,33,1,42218,50.1,50.1,50.08,50.095,35,SIZ5
2025-11-10 17:42:00+00:00,33,1,42218,50.09,50.11,50.09,50.105,47,SIZ5
2025-11-10 17:43:00+00:00,33,1,42218,50.105,50.11,50.09,50.105,94,SIZ5
2025-11-10 17:44:00+00:00,33,1,42218,50.11,50.145,50.09,50.13,216,SIZ5
2025-11-10 17:45:00+00:00,33,1,42218,50.13,50.155,50.13,50.155,172,SIZ5
2025-11-10 17:46:00+00:00,33,1,42218,50.15,50.2,50.15,50.185,164,SIZ5
2025-11-10 17:47:00+00:00,33,1,42218,50.19,50.195,50.16,50.17,63,SIZ5
2025-11-10 17:48:00+00:00,33,1,42218,50.17,50.17,50.14,50.165,54,SIZ5
2025-11-10 17:49:00+00:00,33,1,42218,50.165,50.195,50.16,50.195,63,SIZ5
2025-11-10 17:50:00+00:00,33,1,42218,50.2,50.205,50.165,50.19,69,SIZ5
2025-11-10 17:51:00+00:00,33,1,42218,50.195,50.205,50.185,50.195,35,SIZ5
2025-11-10 17:52:00+00:00,33,1,42218,50.2,50.22,50.185,50.205,53,SIZ5
2025-11-10 17:53:00+00:00,33,1,42218,50.195,50.21,50.18,50.195,56,SIZ5
2025-11-10 17:54:00+00:00,33,1,42218,50.195,50.215,50.175,50.21,80,SIZ5
2025-11-10 17:55:00+00:00,33,1,42218,50.205,50.23,50.205,50.22,106,SIZ5
2025-11-10 17:56:00+00:00,33,1,42218,50.225,50.24,50.215,50.23,74,SIZ5
2025-11-10 17:57:00+00:00,33,1,42218,50.235,50.255,50.225,50.235,84,SIZ5
2025-11-10 17:58:00+00:00,33,1,42218,50.235,50.245,50.225,50.235,37,SIZ5
2025-11-10 17:59:00+00:00,33,1,42218,50.24,50.255,50.23,50.255,54,SIZ5
2025-11-10 18:00:00+00:00,33,1,42218,50.255,50.255,50.22,50.235,103,SIZ5
2025-11-10 18:01:00+00:00,33,1,42218,50.225,50.24,50.22,50.23,48,SIZ5
2025-11-10 18:02:00+00:00,33,1,42218,50.24,50.25,50.23,50.23,33,SIZ5
2025-11-10 18:03:00+00:00,33,1,42218,50.24,50.27,50.23,50.23,57,SIZ5
2025-11-10 18:04:00+00:00,33,1,42218,50.235,50.24,50.215,50.235,125,SIZ5
2025-11-10 18:05:00+00:00,33,1,42218,50.235,50.255,50.225,50.225,95,SIZ5
2025-11-10 18:06:00+00:00,33,1,42218,50.22,50.235,50.215,50.215,24,SIZ5
2025-11-10 18:07:00+00:00,33,1,42218,50.215,50.225,50.195,50.21,64,SIZ5
2025-11-10 18:08:00+00:00,33,1,42218,50.21,50.21,50.195,50.21,16,SIZ5
2025-11-10 18:09:00+00:00,33,1,42218,50.21,50.215,50.19,50.19,36,SIZ5
2025-11-10 18:10:00+00:00,33,1,42218,50.195,50.21,50.19,50.195,62,SIZ5
2025-11-10 18:11:00+00:00,33,1,42218,50.195,50.235,50.195,50.225,35,SIZ5
2025-11-10 18:12:00+00:00,33,1,42218,50.22,50.245,50.22,50.24,31,SIZ5
2025-11-10 18:13:00+00:00,33,1,42218,50.24,50.25,50.23,50.24,40,SIZ5
2025-11-10 18:14:00+00:00,33,1,42218,50.24,50.24,50.225,50.23,36,SIZ5
2025-11-10 18:15:00+00:00,33,1,42218,50.23,50.255,50.23,50.235,45,SIZ5
2025-11-10 18:16:00+00:00,33,1,42218,50.24,50.24,50.225,50.225,27,SIZ5
2025-11-10 18:17:00+00:00,33,1,42218,50.225,50.23,50.21,50.23,62,SIZ5
2025-11-10 18:18:00+00:00,33,1,42218,50.23,50.245,50.22,50.23,84,SIZ5
2025-11-10 18:19:00+00:00,33,1,42218,50.24,50.24,50.22,50.23,76,SIZ5
2025-11-10 18:20:00+00:00,33,1,42218,50.23,50.28,50.215,50.275,261,SIZ5
2025-11-10 18:21:00+00:00,33,1,42218,50.27,50.295,50.25,50.29,76,SIZ5
2025-11-10 18:22:00+00:00,33,1,42218,50.295,50.315,50.27,50.3,246,SIZ5
2025-11-10 18:23:00+00:00,33,1,42218,50.3,50.315,50.275,50.29,249,SIZ5
2025-11-10 18:24:00+00:00,33,1,42218,50.295,50.335,50.28,50.285,1057,SIZ5
2025-11-10 18:25:00+00:00,33,1,42218,50.29,50.3,50.27,50.295,81,SIZ5
2025-11-10 18:26:00+00:00,33,1,42218,50.3,50.325,50.3,50.315,85,SIZ5
2025-11-10 18:27:00+00:00,33,1,42218,50.31,50.37,50.31,50.35,185,SIZ5
2025-11-10 18:28:00+00:00,33,1,42218,50.345,50.35,50.325,50.33,33,SIZ5
2025-11-10 18:29:00+00:00,33,1,42218,50.335,50.35,50.315,50.335,147,SIZ5
2025-11-10 18:30:00+00:00,33,1,42218,50.335,50.365,50.33,50.36,43,SIZ5
2025-11-10 18:31:00+00:00,33,1,42218,50.35,50.37,50.34,50.355,22,SIZ5
2025-11-10 18:32:00+00:00,33,1,42218,50.355,50.375,50.355,50.37,49,SIZ5
2025-11-10 18:33:00+00:00,33,1,42218,50.365,50.375,50.355,50.375,63,SIZ5
2025-11-10 18:34:00+00:00,33,1,42218,50.375,50.385,50.355,50.37,112,SIZ5
2025-11-10 18:35:00+00:00,33,1,42218,50.37,50.38,50.345,50.345,70,SIZ5
2025-11-10 18:36:00+00:00,33,1,42218,50.34,50.365,50.33,50.365,86,SIZ5
2025-11-10 18:37:00+00:00,33,1,42218,50.36,50.365,50.33,50.335,42,SIZ5
2025-11-10 18:38:00+00:00,33,1,42218,50.34,50.36,50.34,50.36,28,SIZ5
2025-11-10 18:39:00+00:00,33,1,42218,50.355,50.36,50.335,50.345,54,SIZ5
2025-11-10 18:40:00+00:00,33,1,42218,50.34,50.355,50.33,50.345,46,SIZ5
2025-11-10 18:41:00+00:00,33,1,42218,50.35,50.35,50.305,50.315,47,SIZ5
2025-11-10 18:42:00+00:00,33,1,42218,50.32,50.335,50.32,50.335,16,SIZ5
2025-11-10 18:43:00+00:00,33,1,42218,50.33,50.35,50.325,50.345,31,SIZ5
2025-11-10 18:44:00+00:00,33,1,42218,50.335,50.34,50.33,50.335,18,SIZ5
2025-11-10 18:45:00+00:00,33,1,42218,50.34,50.355,50.34,50.355,12,SIZ5
2025-11-10 18:46:00+00:00,33,1,42218,50.355,50.36,50.34,50.35,26,SIZ5
2025-11-10 18:47:00+00:00,33,1,42218,50.345,50.35,50.325,50.33,40,SIZ5
2025-11-10 18:48:00+00:00,33,1,42218,50.32,50.34,50.32,50.34,7,SIZ5
2025-11-10 18:49:00+00:00,33,1,42218,50.355,50.36,50.32,50.32,24,SIZ5
2025-11-10 18:50:00+00:00,33,1,42218,50.33,50.33,50.31,50.31,12,SIZ5
2025-11-10 18:51:00+00:00,33,1,42218,50.32,50.33,50.315,50.32,30,SIZ5
2025-11-10 18:52:00+00:00,33,1,42218,50.315,50.33,50.305,50.33,30,SIZ5
2025-11-10 18:53:00+00:00,33,1,42218,50.325,50.325,50.31,50.315,32,SIZ5
2025-11-10 18:54:00+00:00,33,1,42218,50.32,50.32,50.31,50.31,4,SIZ5
2025-11-10 18:55:00+00:00,33,1,42218,50.31,50.325,50.31,50.315,30,SIZ5
2025-11-10 18:56:00+00:00,33,1,42218,50.335,50.35,50.335,50.345,24,SIZ5
2025-11-10 18:57:00+00:00,33,1,42218,50.34,50.36,50.34,50.35,19,SIZ5
2025-11-10 18:58:00+00:00,33,1,42218,50.355,50.36,50.345,50.355,15,SIZ5
2025-11-10 18:59:00+00:00,33,1,42218,50.36,50.36,50.34,50.35,42,SIZ5
2025-11-10 19:00:00+00:00,33,1,42218,50.355,50.36,50.335,50.36,65,SIZ5
2025-11-10 19:01:00+00:00,33,1,42218,50.35,50.35,50.34,50.35,17,SIZ5
2025-11-10 19:02:00+00:00,33,1,42218,50.345,50.345,50.315,50.325,29,SIZ5
2025-11-10 19:03:00+00:00,33,1,42218,50.32,50.355,50.32,50.345,20,SIZ5
2025-11-10 19:04:00+00:00,33,1,42218,50.34,50.345,50.325,50.335,21,SIZ5
2025-11-10 19:05:00+00:00,33,1,42218,50.325,50.33,50.325,50.33,8,SIZ5
2025-11-10 19:06:00+00:00,33,1,42218,50.33,50.37,50.33,50.37,44,SIZ5
2025-11-10 19:07:00+00:00,33,1,42218,50.37,50.375,50.36,50.365,27,SIZ5
2025-11-10 19:08:00+00:00,33,1,42218,50.36,50.365,50.36,50.36,11,SIZ5
2025-11-10 19:09:00+00:00,33,1,42218,50.365,50.39,50.365,50.385,18,SIZ5
2025-11-10 19:10:00+00:00,33,1,42218,50.385,50.39,50.375,50.375,29,SIZ5
2025-11-10 19:11:00+00:00,33,1,42218,50.385,50.415,50.385,50.41,40,SIZ5
2025-11-10 19:12:00+00:00,33,1,42218,50.415,50.42,50.41,50.415,19,SIZ5
2025-11-10 19:13:00+00:00,33,1,42218,50.42,50.43,50.42,50.43,44,SIZ5
2025-11-10 19:14:00+00:00,33,1,42218,50.425,50.425,50.41,50.415,27,SIZ5
2025-11-10 19:15:00+00:00,33,1,42218,50.415,50.42,50.4,50.405,52,SIZ5
2025-11-10 19:16:00+00:00,33,1,42218,50.41,50.425,50.41,50.425,18,SIZ5
2025-11-10 19:17:00+00:00,33,1,42218,50.425,50.43,50.405,50.415,41,SIZ5
2025-11-10 19:18:00+00:00,33,1,42218,50.41,50.42,50.395,50.395,13,SIZ5
2025-11-10 19:19:00+00:00,33,1,42218,50.41,50.415,50.405,50.415,42,SIZ5
2025-11-10 19:20:00+00:00,33,1,42218,50.415,50.425,50.41,50.425,11,SIZ5
2025-11-10 19:21:00+00:00,33,1,42218,50.42,50.42,50.405,50.405,62,SIZ5
2025-11-10 19:22:00+00:00,33,1,42218,50.4,50.4,50.38,50.39,85,SIZ5
2025-11-10 19:23:00+00:00,33,1,42218,50.39,50.41,50.375,50.41,38,SIZ5
2025-11-10 19:24:00+00:00,33,1,42218,50.41,50.41,50.405,50.41,5,SIZ5
2025-11-10 19:25:00+00:00,33,1,42218,50.41,50.41,50.405,50.41,7,SIZ5
2025-11-10 19:26:00+00:00,33,1,42218,50.415,50.435,50.41,50.43,27,SIZ5
2025-11-10 19:27:00+00:00,33,1,42218,50.435,50.465,50.435,50.45,46,SIZ5
2025-11-10 19:28:00+00:00,33,1,42218,50.455,50.46,50.445,50.46,44,SIZ5
2025-11-10 19:29:00+00:00,33,1,42218,50.455,50.465,50.445,50.45,37,SIZ5
2025-11-10 19:30:00+00:00,33,1,42218,50.445,50.455,50.44,50.44,19,SIZ5
2025-11-10 19:31:00+00:00,33,1,42218,50.445,50.455,50.41,50.42,46,SIZ5
2025-11-10 19:32:00+00:00,33,1,42218,50.42,50.44,50.42,50.43,52,SIZ5
2025-11-10 19:33:00+00:00,33,1,42218,50.43,50.43,50.415,50.42,24,SIZ5
2025-11-10 19:34:00+00:00,33,1,42218,50.43,50.435,50.42,50.42,11,SIZ5
2025-11-10 19:35:00+00:00,33,1,42218,50.42,50.435,50.41,50.43,30,SIZ5
2025-11-10 19:36:00+00:00,33,1,42218,50.435,50.435,50.41,50.41,21,SIZ5
2025-11-10 19:37:00+00:00,33,1,42218,50.41,50.425,50.41,50.42,28,SIZ5
2025-11-10 19:38:00+00:00,33,1,42218,50.42,50.42,50.405,50.41,16,SIZ5
2025-11-10 19:39:00+00:00,33,1,42218,50.415,50.425,50.415,50.425,8,SIZ5
2025-11-10 19:40:00+00:00,33,1,42218,50.43,50.44,50.425,50.44,19,SIZ5
2025-11-10 19:41:00+00:00,33,1,42218,50.44,50.45,50.44,50.445,48,SIZ5
2025-11-10 19:42:00+00:00,33,1,42218,50.44,50.445,50.43,50.44,18,SIZ5
2025-11-10 19:43:00+00:00,33,1,42218,50.425,50.425,50.42,50.425,21,SIZ5
2025-11-10 19:44:00+00:00,33,1,42218,50.42,50.425,50.395,50.4,30,SIZ5
2025-11-10 19:45:00+00:00,33,1,42218,50.395,50.395,50.375,50.385,49,SIZ5
2025-11-10 19:46:00+00:00,33,1,42218,50.395,50.415,50.395,50.41,59,SIZ5
2025-11-10 19:47:00+00:00,33,1,42218,50.41,50.425,50.41,50.42,29,SIZ5
2025-11-10 19:48:00+00:00,33,1,42218,50.415,50.415,50.41,50.415,19,SIZ5
2025-11-10 19:49:00+00:00,33,1,42218,50.415,50.415,50.4,50.41,13,SIZ5
2025-11-10 19:50:00+00:00,33,1,42218,50.405,50.415,50.405,50.415,8,SIZ5
2025-11-10 19:51:00+00:00,33,1,42218,50.415,50.44,50.415,50.43,18,SIZ5
2025-11-10 19:52:00+00:00,33,1,42218,50.43,50.44,50.425,50.44,12,SIZ5
2025-11-10 19:53:00+00:00,33,1,42218,50.435,50.455,50.435,50.445,64,SIZ5
2025-11-10 19:54:00+00:00,33,1,42218,50.445,50.46,50.44,50.45,57,SIZ5
2025-11-10 19:55:00+00:00,33,1,42218,50.445,50.46,50.445,50.455,18,SIZ5
2025-11-10 19:56:00+00:00,33,1,42218,50.455,50.465,50.45,50.46,34,SIZ5
2025-11-10 19:57:00+00:00,33,1,42218,50.455,50.46,50.445,50.45,21,SIZ5
2025-11-10 19:58:00+00:00,33,1,42218,50.455,50.46,50.445,50.455,39,SIZ5
2025-11-10 19:59:00+00:00,33,1,42218,50.455,50.455,50.44,50.445,14,SIZ5
2025-11-10 20:00:00+00:00,33,1,42218,50.45,50.465,50.45,50.46,20,SIZ5
2025-11-10 20:01:00+00:00,33,1,42218,50.46,50.47,50.455,50.455,51,SIZ5
2025-11-10 20:02:00+00:00,33,1,42218,50.45,50.47,50.45,50.465,18,SIZ5
2025-11-10 20:03:00+00:00,33,1,42218,50.46,50.465,50.455,50.46,22,SIZ5
2025-11-10 20:04:00+00:00,33,1,42218,50.465,50.47,50.465,50.47,16,SIZ5
2025-11-10 20:05:00+00:00,33,1,42218,50.465,50.465,50.45,50.45,16,SIZ5
2025-11-10 20:06:00+00:00,33,1,42218,50.45,50.47,50.45,50.47,19,SIZ5
2025-11-10 20:07:00+00:00,33,1,42218,50.47,50.47,50.465,50.465,6,SIZ5
2025-11-10 20:08:00+00:00,33,1,42218,50.465,50.47,50.46,50.465,28,SIZ5
2025-11-10 20:09:00+00:00,33,1,42218,50.465,50.48,50.465,50.47,12,SIZ5
2025-11-10 20:10:00+00:00,33,1,42218,50.475,50.475,50.45,50.455,38,SIZ5
2025-11-10 20:11:00+00:00,33,1,42218,50.45,50.455,50.45,50.45,14,SIZ5
2025-11-10 20:12:00+00:00,33,1,42218,50.445,50.455,50.445,50.455,14,SIZ5
2025-11-10 20:13:00+00:00,33,1,42218,50.455,50.455,50.445,50.45,13,SIZ5
2025-11-10 20:14:00+00:00,33,1,42218,50.445,50.45,50.44,50.445,22,SIZ5
2025-11-10 20:15:00+00:00,33,1,42218,50.445,50.445,50.385,50.39,78,SIZ5
2025-11-10 20:16:00+00:00,33,1,42218,50.39,50.395,50.37,50.37,60,SIZ5
2025-11-10 20:17:00+00:00,33,1,42218,50.37,50.38,50.345,50.35,75,SIZ5
2025-11-10 20:18:00+00:00,33,1,42218,50.35,50.37,50.31,50.335,309,SIZ5
2025-11-10 20:19:00+00:00,33,1,42218,50.325,50.35,50.32,50.34,44,SIZ5
2025-11-10 20:20:00+00:00,33,1,42218,50.34,50.36,50.335,50.345,32,SIZ5
2025-11-10 20:21:00+00:00,33,1,42218,50.35,50.355,50.33,50.34,22,SIZ5
2025-11-10 20:22:00+00:00,33,1,42218,50.335,50.375,50.33,50.375,65,SIZ5
2025-11-10 20:23:00+00:00,33,1,42218,50.375,50.385,50.355,50.37,69,SIZ5
2025-11-10 20:24:00+00:00,33,1,42218,50.37,50.385,50.37,50.375,16,SIZ5
2025-11-10 20:25:00+00:00,33,1,42218,50.385,50.395,50.38,50.395,16,SIZ5
2025-11-10 20:26:00+00:00,33,1,42218,50.395,50.415,50.395,50.41,27,SIZ5
2025-11-10 20:27:00+00:00,33,1,42218,50.405,50.41,50.4,50.41,19,SIZ5
2025-11-10 20:28:00+00:00,33,1,42218,50.415,50.425,50.41,50.41,18,SIZ5
2025-11-10 20:29:00+00:00,33,1,42218,50.41,50.42,50.395,50.395,21,SIZ5
2025-11-10 20:30:00+00:00,33,1,42218,50.39,50.39,50.345,50.35,39,SIZ5
2025-11-10 20:31:00+00:00,33,1,42218,50.35,50.355,50.34,50.355,23,SIZ5
2025-11-10 20:32:00+00:00,33,1,42218,50.345,50.39,50.345,50.39,28,SIZ5
2025-11-10 20:33:00+00:00,33,1,42218,50.39,50.395,50.37,50.39,17,SIZ5
2025-11-10 20:34:00+00:00,33,1,42218,50.385,50.395,50.385,50.385,10,SIZ5
2025-11-10 20:35:00+00:00,33,1,42218,50.38,50.385,50.375,50.375,9,SIZ5
2025-11-10 20:36:00+00:00,33,1,42218,50.375,50.41,50.375,50.41,13,SIZ5
2025-11-10 20:37:00+00:00,33,1,42218,50.405,50.42,50.39,50.415,51,SIZ5
2025-11-10 20:38:00+00:00,33,1,42218,50.42,50.42,50.41,50.41,16,SIZ5
2025-11-10 20:39:00+00:00,33,1,42218,50.415,50.42,50.4,50.4,26,SIZ5
2025-11-10 20:40:00+00:00,33,1,42218,50.41,50.425,50.41,50.425,22,SIZ5
2025-11-10 20:41:00+00:00,33,1,42218,50.425,50.445,50.415,50.42,85,SIZ5
2025-11-10 20:42:00+00:00,33,1,42218,50.425,50.435,50.42,50.43,20,SIZ5
2025-11-10 20:43:00+00:00,33,1,42218,50.43,50.43,50.41,50.415,26,SIZ5
2025-11-10 20:44:00+00:00,33,1,42218,50.41,50.41,50.405,50.41,37,SIZ5
2025-11-10 20:45:00+00:00,33,1,42218,50.405,50.405,50.385,50.405,48,SIZ5
2025-11-10 20:46:00+00:00,33,1,42218,50.41,50.425,50.41,50.425,61,SIZ5
2025-11-10 20:47:00+00:00,33,1,42218,50.425,50.44,50.42,50.43,13,SIZ5
2025-11-10 20:48:00+00:00,33,1,42218,50.42,50.42,50.415,50.415,5,SIZ5
2025-11-10 20:49:00+00:00,33,1,42218,50.415,50.415,50.4,50.4,15,SIZ5
2025-11-10 20:50:00+00:00,33,1,42218,50.395,50.4,50.39,50.395,33,SIZ5
2025-11-10 20:51:00+00:00,33,1,42218,50.405,50.42,50.395,50.42,26,SIZ5
2025-11-10 20:52:00+00:00,33,1,42218,50.415,50.42,50.395,50.395,39,SIZ5
2025-11-10 20:53:00+00:00,33,1,42218,50.405,50.42,50.395,50.41,45,SIZ5
2025-11-10 20:54:00+00:00,33,1,42218,50.4,50.405,50.39,50.39,8,SIZ5
2025-11-10 20:55:00+00:00,33,1,42218,50.39,50.39,50.35,50.36,92,SIZ5
2025-11-10 20:56:00+00:00,33,1,42218,50.37,50.38,50.365,50.37,27,SIZ5
2025-11-10 20:57:00+00:00,33,1,42218,50.37,50.39,50.37,50.38,13,SIZ5
2025-11-10 20:58:00+00:00,33,1,42218,50.375,50.385,50.365,50.375,34,SIZ5
2025-11-10 20:59:00+00:00,33,1,42218,50.375,50.385,50.365,50.37,21,SIZ5
2025-11-10 21:00:00+00:00,33,1,42218,50.37,50.38,50.365,50.375,43,SIZ5
2025-11-10 21:01:00+00:00,33,1,42218,50.37,50.37,50.36,50.365,7,SIZ5
2025-11-10 21:02:00+00:00,33,1,42218,50.365,50.375,50.365,50.375,5,SIZ5
2025-11-10 21:03:00+00:00,33,1,42218,50.38,50.38,50.38,50.38,1,SIZ5
2025-11-10 21:04:00+00:00,33,1,42218,50.385,50.385,50.385,50.385,3,SIZ5
2025-11-10 21:05:00+00:00,33,1,42218,50.39,50.39,50.38,50.38,5,SIZ5
2025-11-10 21:06:00+00:00,33,1,42218,50.38,50.4,50.38,50.4,9,SIZ5
2025-11-10 21:07:00+00:00,33,1,42218,50.395,50.395,50.385,50.39,5,SIZ5
2025-11-10 21:08:00+00:00,33,1,42218,50.395,50.405,50.395,50.4,6,SIZ5
2025-11-10 21:09:00+00:00,33,1,42218,50.405,50.41,50.4,50.41,5,SIZ5
2025-11-10 21:10:00+00:00,33,1,42218,50.405,50.41,50.405,50.405,7,SIZ5
2025-11-10 21:11:00+00:00,33,1,42218,50.405,50.405,50.4,50.4,3,SIZ5
2025-11-10 21:12:00+00:00,33,1,42218,50.41,50.41,50.405,50.405,3,SIZ5
2025-11-10 21:13:00+00:00,33,1,42218,50.405,50.43,50.405,50.43,39,SIZ5
2025-11-10 21:14:00+00:00,33,1,42218,50.43,50.44,50.43,50.43,11,SIZ5
2025-11-10 21:15:00+00:00,33,1,42218,50.435,50.46,50.435,50.46,23,SIZ5
2025-11-10 21:16:00+00:00,33,1,42218,50.455,50.46,50.45,50.45,7,SIZ5
2025-11-10 21:18:00+00:00,33,1,42218,50.46,50.46,50.445,50.445,40,SIZ5
2025-11-10 21:19:00+00:00,33,1,42218,50.45,50.46,50.445,50.46,36,SIZ5
2025-11-10 21:20:00+00:00,33,1,42218,50.455,50.455,50.455,50.455,2,SIZ5
2025-11-10 21:21:00+00:00,33,1,42218,50.445,50.45,50.445,50.445,8,SIZ5
2025-11-10 21:22:00+00:00,33,1,42218,50.45,50.455,50.45,50.455,13,SIZ5
2025-11-10 21:23:00+00:00,33,1,42218,50.46,50.465,50.46,50.465,4,SIZ5
2025-11-10 21:24:00+00:00,33,1,42218,50.465,50.47,50.465,50.47,5,SIZ5
2025-11-10 21:25:00+00:00,33,1,42218,50.465,50.465,50.46,50.46,4,SIZ5
2025-11-10 21:28:00+00:00,33,1,42218,50.445,50.445,50.445,50.445,2,SIZ5
2025-11-10 21:29:00+00:00,33,1,42218,50.445,50.445,50.43,50.44,8,SIZ5
2025-11-10 21:30:00+00:00,33,1,42218,50.435,50.435,50.42,50.42,5,SIZ5
2025-11-10 21:31:00+00:00,33,1,42218,50.435,50.435,50.43,50.435,5,SIZ5
2025-11-10 21:32:00+00:00,33,1,42218,50.435,50.44,50.435,50.44,2,SIZ5
2025-11-10 21:33:00+00:00,33,1,42218,50.445,50.445,50.41,50.41,61,SIZ5
2025-11-10 21:34:00+00:00,33,1,42218,50.42,50.425,50.42,50.425,4,SIZ5
2025-11-10 21:35:00+00:00,33,1,42218,50.43,50.44,50.43,50.44,42,SIZ5
2025-11-10 21:36:00+00:00,33,1,42218,50.43,50.445,50.43,50.44,30,SIZ5
2025-11-10 21:37:00+00:00,33,1,42218,50.445,50.445,50.425,50.425,7,SIZ5
2025-11-10 21:38:00+00:00,33,1,42218,50.425,50.425,50.42,50.425,12,SIZ5
2025-11-10 21:39:00+00:00,33,1,42218,50.42,50.42,50.42,50.42,2,SIZ5
2025-11-10 21:40:00+00:00,33,1,42218,50.42,50.425,50.415,50.425,10,SIZ5
2025-11-10 21:41:00+00:00,33,1,42218,50.43,50.43,50.425,50.425,5,SIZ5
2025-11-10 21:42:00+00:00,33,1,42218,50.43,50.435,50.425,50.425,9,SIZ5
2025-11-10 21:43:00+00:00,33,1,42218,50.42,50.42,50.415,50.42,5,SIZ5
2025-11-10 21:44:00+00:00,33,1,42218,50.42,50.425,50.42,50.42,4,SIZ5
2025-11-10 21:45:00+00:00,33,1,42218,50.42,50.425,50.42,50.42,8,SIZ5
2025-11-10 21:46:00+00:00,33,1,42218,50.43,50.44,50.43,50.44,27,SIZ5
2025-11-10 21:47:00+00:00,33,1,42218,50.435,50.44,50.435,50.44,7,SIZ5
2025-11-10 21:48:00+00:00,33,1,42218,50.445,50.45,50.435,50.445,9,SIZ5
2025-11-10 21:50:00+00:00,33,1,42218,50.44,50.445,50.4,50.415,53,SIZ5
2025-11-10 21:51:00+00:00,33,1,42218,50.415,50.425,50.415,50.425,4,SIZ5
2025-11-10 21:52:00+00:00,33,1,42218,50.425,50.43,50.42,50.425,5,SIZ5
2025-11-10 21:53:00+00:00,33,1,42218,50.425,50.425,50.42,50.42,3,SIZ5
2025-11-10 21:54:00+00:00,33,1,42218,50.42,50.43,50.42,50.43,8,SIZ5
2025-11-10 21:55:00+00:00,33,1,42218,50.43,50.43,50.41,50.42,15,SIZ5
2025-11-10 21:56:00+00:00,33,1,42218,50.425,50.425,50.42,50.42,7,SIZ5
2025-11-10 21:57:00+00:00,33,1,42218,50.425,50.425,50.405,50.41,25,SIZ5
2025-11-10 21:58:00+00:00,33,1,42218,50.41,50.42,50.41,50.415,4,SIZ5
2025-11-10 21:59:00+00:00,33,1,42218,50.415,50.415,50.395,50.405,40,SIZ5
2025-11-10 23:00:00+00:00,33,1,42218,50.445,50.475,50.4,50.465,57,SIZ5
2025-11-10 23:01:00+00:00,33,1,42218,50.455,50.475,50.425,50.425,21,SIZ5
2025-11-10 23:02:00+00:00,33,1,42218,50.43,50.455,50.43,50.45,12,SIZ5
2025-11-10 23:03:00+00:00,33,1,42218,50.445,50.475,50.445,50.475,18,SIZ5
2025-11-10 23:04:00+00:00,33,1,42218,50.465,50.47,50.455,50.47,13,SIZ5
2025-11-10 23:05:00+00:00,33,1,42218,50.46,50.48,50.455,50.455,22,SIZ5
2025-11-10 23:06:00+00:00,33,1,42218,50.465,50.47,50.465,50.465,10,SIZ5
2025-11-10 23:07:00+00:00,33,1,42218,50.475,50.475,50.475,50.475,2,SIZ5
2025-11-10 23:08:00+00:00,33,1,42218,50.475,50.48,50.47,50.47,5,SIZ5
2025-11-10 23:09:00+00:00,33,1,42218,50.475,50.495,50.475,50.495,21,SIZ5
2025-11-10 23:10:00+00:00,33,1,42218,50.495,50.53,50.48,50.49,136,SIZ5
2025-11-10 23:11:00+00:00,33,1,42218,50.495,50.51,50.475,50.51,19,SIZ5
2025-11-10 23:12:00+00:00,33,1,42218,50.505,50.505,50.475,50.48,9,SIZ5
2025-11-10 23:13:00+00:00,33,1,42218,50.49,50.495,50.49,50.495,9,SIZ5
2025-11-10 23:14:00+00:00,33,1,42218,50.495,50.495,50.475,50.475,15,SIZ5
2025-11-10 23:15:00+00:00,33,1,42218,50.48,50.5,50.48,50.485,21,SIZ5
2025-11-10 23:16:00+00:00,33,1,42218,50.495,50.495,50.48,50.48,7,SIZ5
2025-11-10 23:17:00+00:00,33,1,42218,50.47,50.48,50.455,50.46,11,SIZ5
2025-11-10 23:18:00+00:00,33,1,42218,50.465,50.465,50.405,50.41,86,SIZ5
2025-11-10 23:19:00+00:00,33,1,42218,50.415,50.415,50.32,50.335,143,SIZ5
2025-11-10 23:20:00+00:00,33,1,42218,50.33,50.42,50.32,50.42,52,SIZ5
2025-11-10 23:21:00+00:00,33,1,42218,50.425,50.48,50.425,50.465,84,SIZ5
2025-11-10 23:22:00+00:00,33,1,42218,50.47,50.49,50.46,50.46,21,SIZ5
2025-11-10 23:23:00+00:00,33,1,42218,50.45,50.45,50.44,50.445,11,SIZ5
2025-11-10 23:24:00+00:00,33,1,42218,50.445,50.45,50.435,50.45,6,SIZ5
2025-11-10 23:25:00+00:00,33,1,42218,50.445,50.465,50.435,50.465,11,SIZ5
2025-11-10 23:26:00+00:00,33,1,42218,50.47,50.47,50.46,50.47,4,SIZ5
2025-11-10 23:27:00+00:00,33,1,42218,50.455,50.47,50.455,50.47,5,SIZ5
2025-11-10 23:28:00+00:00,33,1,42218,50.465,50.465,50.45,50.455,6,SIZ5
2025-11-10 23:29:00+00:00,33,1,42218,50.46,50.465,50.46,50.465,9,SIZ5
2025-11-10 23:30:00+00:00,33,1,42218,50.46,50.46,50.44,50.455,21,SIZ5
2025-11-10 23:31:00+00:00,33,1,42218,50.465,50.465,50.42,50.42,8,SIZ5
2025-11-10 23:32:00+00:00,33,1,42218,50.43,50.44,50.43,50.44,5,SIZ5
2025-11-10 23:33:00+00:00,33,1,42218,50.435,50.445,50.435,50.445,21,SIZ5
2025-11-10 23:34:00+00:00,33,1,42218,50.45,50.46,50.445,50.445,13,SIZ5
2025-11-10 23:35:00+00:00,33,1,42218,50.465,50.465,50.46,50.465,5,SIZ5
2025-11-10 23:36:00+00:00,33,1,42218,50.455,50.455,50.45,50.45,9,SIZ5
2025-11-10 23:37:00+00:00,33,1,42218,50.455,50.455,50.425,50.435,30,SIZ5
2025-11-10 23:38:00+00:00,33,1,42218,50.44,50.445,50.435,50.445,7,SIZ5
2025-11-10 23:39:00+00:00,33,1,42218,50.44,50.44,50.43,50.44,4,SIZ5
2025-11-10 23:40:00+00:00,33,1,42218,50.445,50.465,50.445,50.465,26,SIZ5
2025-11-10 23:41:00+00:00,33,1,42218,50.46,50.47,50.455,50.47,16,SIZ5
2025-11-10 23:42:00+00:00,33,1,42218,50.475,50.475,50.465,50.465,13,SIZ5
2025-11-10 23:43:00+00:00,33,1,42218,50.47,50.47,50.465,50.465,2,SIZ5
2025-11-10 23:44:00+00:00,33,1,42218,50.475,50.475,50.47,50.475,6,SIZ5
2025-11-10 23:45:00+00:00,33,1,42218,50.48,50.485,50.48,50.48,12,SIZ5
2025-11-10 23:46:00+00:00,33,1,42218,50.47,50.495,50.465,50.465,32,SIZ5
2025-11-10 23:47:00+00:00,33,1,42218,50.465,50.47,50.445,50.46,40,SIZ5
2025-11-10 23:48:00+00:00,33,1,42218,50.47,50.47,50.445,50.445,14,SIZ5
2025-11-10 23:49:00+00:00,33,1,42218,50.44,50.445,50.44,50.445,15,SIZ5
2025-11-10 23:50:00+00:00,33,1,42218,50.435,50.435,50.425,50.425,10,SIZ5
2025-11-10 23:51:00+00:00,33,1,42218,50.43,50.43,50.405,50.42,32,SIZ5
2025-11-10 23:52:00+00:00,33,1,42218,50.41,50.41,50.385,50.395,17,SIZ5
2025-11-10 23:53:00+00:00,33,1,42218,50.395,50.41,50.395,50.405,8,SIZ5
2025-11-10 23:54:00+00:00,33,1,42218,50.4,50.43,50.4,50.43,8,SIZ5
2025-11-10 23:55:00+00:00,33,1,42218,50.425,50.425,50.415,50.415,7,SIZ5
2025-11-10 23:56:00+00:00,33,1,42218,50.405,50.405,50.39,50.39,9,SIZ5
2025-11-10 23:57:00+00:00,33,1,42218,50.39,50.4,50.39,50.4,5,SIZ5
2025-11-10 23:58:00+00:00,33,1,42218,50.405,50.42,50.405,50.42,6,SIZ5
2025-11-10 23:59:00+00:00,33,1,42218,50.415,50.445,50.415,50.425,29,SIZ5
2025-11-11 00:00:00+00:00,33,1,42218,50.44,50.445,50.405,50.415,42,SIZ5
2025-11-11 00:01:00+00:00,33,1,42218,50.41,50.42,50.4,50.42,20,SIZ5
2025-11-11 00:02:00+00:00,33,1,42218,50.415,50.415,50.395,50.395,12,SIZ5
2025-11-11 00:03:00+00:00,33,1,42218,50.385,50.41,50.385,50.41,17,SIZ5
2025-11-11 00:04:00+00:00,33,1,42218,50.425,50.44,50.425,50.43,20,SIZ5
2025-11-11 00:05:00+00:00,33,1,42218,50.43,50.435,50.43,50.43,6,SIZ5
2025-11-11 00:06:00+00:00,33,1,42218,50.43,50.465,50.43,50.46,24,SIZ5
2025-11-11 00:07:00+00:00,33,1,42218,50.455,50.455,50.44,50.44,14,SIZ5
2025-11-11 00:08:00+00:00,33,1,42218,50.44,50.455,50.44,50.455,4,SIZ5
2025-11-11 00:09:00+00:00,33,1,42218,50.45,50.475,50.45,50.47,11,SIZ5
2025-11-11 00:10:00+00:00,33,1,42218,50.47,50.475,50.465,50.47,15,SIZ5
2025-11-11 00:11:00+00:00,33,1,42218,50.465,50.475,50.455,50.465,26,SIZ5
2025-11-11 00:12:00+00:00,33,1,42218,50.48,50.48,50.47,50.47,5,SIZ5
2025-11-11 00:13:00+00:00,33,1,42218,50.465,50.475,50.455,50.475,17,SIZ5
2025-11-11 00:14:00+00:00,33,1,42218,50.465,50.465,50.46,50.46,7,SIZ5
2025-11-11 00:15:00+00:00,33,1,42218,50.455,50.475,50.45,50.475,9,SIZ5
2025-11-11 00:16:00+00:00,33,1,42218,50.47,50.47,50.465,50.465,4,SIZ5
2025-11-11 00:17:00+00:00,33,1,42218,50.455,50.465,50.45,50.465,13,SIZ5
2025-11-11 00:18:00+00:00,33,1,42218,50.465,50.465,50.465,50.465,1,SIZ5
2025-11-11 00:19:00+00:00,33,1,42218,50.46,50.465,50.46,50.46,10,SIZ5
2025-11-11 00:20:00+00:00,33,1,42218,50.46,50.465,50.45,50.465,27,SIZ5
2025-11-11 00:21:00+00:00,33,1,42218,50.465,50.465,50.46,50.46,4,SIZ5
2025-11-11 00:22:00+00:00,33,1,42218,50.465,50.475,50.465,50.475,5,SIZ5
2025-11-11 00:23:00+00:00,33,1,42218,50.48,50.495,50.48,50.49,35,SIZ5
2025-11-11 00:24:00+00:00,33,1,42218,50.485,50.485,50.48,50.48,9,SIZ5
2025-11-11 00:25:00+00:00,33,1,42218,50.48,50.48,50.48,50.48,5,SIZ5
2025-11-11 00:26:00+00:00,33,1,42218,50.495,50.505,50.495,50.495,11,SIZ5
2025-11-11 00:27:00+00:00,33,1,42218,50.5,50.515,50.49,50.515,40,SIZ5
2025-11-11 00:28:00+00:00,33,1,42218,50.515,50.52,50.5,50.51,35,SIZ5
2025-11-11 00:29:00+00:00,33,1,42218,50.505,50.54,50.505,50.53,36,SIZ5
2025-11-11 00:30:00+00:00,33,1,42218,50.525,50.545,50.52,50.525,43,SIZ5
2025-11-11 00:31:00+00:00,33,1,42218,50.52,50.52,50.505,50.515,14,SIZ5
2025-11-11 00:32:00+00:00,33,1,42218,50.51,50.545,50.51,50.545,17,SIZ5
2025-11-11 00:33:00+00:00,33,1,42218,50.545,50.545,50.52,50.535,33,SIZ5
2025-11-11 00:34:00+00:00,33,1,42218,50.525,50.525,50.495,50.505,38,SIZ5
2025-11-11 00:35:00+00:00,33,1,42218,50.51,50.515,50.495,50.495,27,SIZ5
2025-11-11 00:36:00+00:00,33,1,42218,50.49,50.51,50.49,50.495,25,SIZ5
2025-11-11 00:37:00+00:00,33,1,42218,50.5,50.545,50.5,50.54,59,SIZ5
2025-11-11 00:38:00+00:00,33,1,42218,50.53,50.53,50.51,50.51,16,SIZ5
2025-11-11 00:39:00+00:00,33,1,42218,50.515,50.515,50.5,50.51,11,SIZ5
2025-11-11 00:40:00+00:00,33,1,42218,50.5,50.51,50.5,50.5,8,SIZ5
2025-11-11 00:41:00+00:00,33,1,42218,50.5,50.51,50.49,50.495,14,SIZ5
2025-11-11 00:42:00+00:00,33,1,42218,50.51,50.525,50.51,50.525,15,SIZ5
2025-11-11 00:43:00+00:00,33,1,42218,50.52,50.525,50.505,50.52,13,SIZ5
2025-11-11 00:44:00+00:00,33,1,42218,50.52,50.565,50.52,50.555,114,SIZ5
2025-11-11 00:45:00+00:00,33,1,42218,50.555,50.57,50.545,50.56,35,SIZ5
2025-11-11 00:46:00+00:00,33,1,42218,50.555,50.565,50.555,50.56,30,SIZ5
2025-11-11 00:47:00+00:00,33,1,42218,50.56,50.565,50.55,50.565,48,SIZ5
2025-11-11 00:48:00+00:00,33,1,42218,50.57,50.59,50.565,50.57,51,SIZ5
2025-11-11 00:49:00+00:00,33,1,42218,50.575,50.59,50.575,50.58,52,SIZ5
2025-11-11 00:50:00+00:00,33,1,42218,50.58,50.59,50.58,50.58,14,SIZ5
2025-11-11 00:51:00+00:00,33,1,42218,50.585,50.595,50.58,50.595,39,SIZ5
2025-11-11 00:52:00+00:00,33,1,42218,50.59,50.595,50.575,50.585,35,SIZ5
2025-11-11 00:53:00+00:00,33,1,42218,50.59,50.61,50.59,50.6,37,SIZ5
2025-11-11 00:54:00+00:00,33,1,42218,50.6,50.605,50.585,50.595,36,SIZ5
2025-11-11 00:55:00+00:00,33,1,42218,50.595,50.635,50.59,50.615,62,SIZ5
2025-11-11 00:56:00+00:00,33,1,42218,50.615,50.63,50.61,50.62,65,SIZ5
2025-11-11 00:57:00+00:00,33,1,42218,50.625,50.625,50.585,50.59,59,SIZ5
2025-11-11 00:58:00+00:00,33,1,42218,50.595,50.605,50.565,50.595,117,SIZ5
2025-11-11 00:59:00+00:00,33,1,42218,50.595,50.615,50.55,50.615,78,SIZ5
2025-11-11 01:00:00+00:00,33,1,42218,50.605,50.675,50.57,50.615,340,SIZ5
2025-11-11 01:01:00+00:00,33,1,42218,50.615,50.685,50.57,50.68,120,SIZ5
2025-11-11 01:02:00+00:00,33,1,42218,50.68,50.715,50.67,50.69,80,SIZ5
2025-11-11 01:03:00+00:00,33,1,42218,50.69,50.72,50.665,50.68,124,SIZ5
2025-11-11 01:04:00+00:00,33,1,42218,50.68,50.695,50.595,50.605,124,SIZ5
2025-11-11 01:05:00+00:00,33,1,42218,50.61,50.675,50.61,50.645,106,SIZ5
2025-11-11 01:06:00+00:00,33,1,42218,50.65,50.66,50.625,50.66,34,SIZ5
2025-11-11 01:07:00+00:00,33,1,42218,50.66,50.66,50.515,50.525,76,SIZ5
2025-11-11 01:08:00+00:00,33,1,42218,50.51,50.535,50.5,50.53,60,SIZ5
2025-11-11 01:09:00+00:00,33,1,42218,50.525,50.545,50.5,50.53,49,SIZ5
2025-11-11 01:10:00+00:00,33,1,42218,50.53,50.57,50.515,50.57,17,SIZ5
2025-11-11 01:11:00+00:00,33,1,42218,50.56,50.57,50.54,50.565,39,SIZ5
2025-11-11 01:12:00+00:00,33,1,42218,50.57,50.625,50.565,50.61,49,SIZ5
2025-11-11 01:13:00+00:00,33,1,42218,50.605,50.605,50.575,50.6,32,SIZ5
2025-11-11 01:14:00+00:00,33,1,42218,50.605,50.63,50.605,50.62,24,SIZ5
2025-11-11 01:15:00+00:00,33,1,42218,50.62,50.69,50.61,50.69,43,SIZ5
2025-11-11 01:16:00+00:00,33,1,42218,50.68,50.7,50.65,50.66,46,SIZ5
2025-11-11 01:17:00+00:00,33,1,42218,50.66,50.67,50.65,50.65,17,SIZ5
2025-11-11 01:18:00+00:00,33,1,42218,50.66,50.67,50.615,50.615,13,SIZ5
2025-11-11 01:19:00+00:00,33,1,42218,50.605,50.61,50.595,50.605,14,SIZ5
2025-11-11 01:20:00+00:00,33,1,42218,50.605,50.64,50.605,50.635,13,SIZ5
2025-11-11 01:21:00+00:00,33,1,42218,50.63,50.64,50.62,50.62,26,SIZ5
2025-11-11 01:22:00+00:00,33,1,42218,50.625,50.64,50.615,50.62,12,SIZ5
2025-11-11 01:23:00+00:00,33,1,42218,50.615,50.615,50.6,50.61,22,SIZ5
2025-11-11 01:24:00+00:00,33,1,42218,50.595,50.615,50.59,50.615,12,SIZ5
2025-11-11 01:25:00+00:00,33,1,42218,50.61,50.65,50.61,50.63,36,SIZ5
2025-11-11 01:26:00+00:00,33,1,42218,50.625,50.625,50.605,50.605,12,SIZ5
2025-11-11 01:27:00+00:00,33,1,42218,50.615,50.625,50.605,50.605,12,SIZ5
2025-11-11 01:28:00+00:00,33,1,42218,50.61,50.635,50.6,50.625,16,SIZ5
2025-11-11 01:29:00+00:00,33,1,42218,50.635,50.64,50.62,50.635,11,SIZ5
2025-11-11 01:30:00+00:00,33,1,42218,50.65,50.655,50.635,50.655,8,SIZ5
2025-11-11 01:31:00+00:00,33,1,42218,50.635,50.675,50.63,50.67,10,SIZ5
2025-11-11 01:32:00+00:00,33,1,42218,50.67,50.695,50.66,50.69,45,SIZ5
2025-11-11 01:33:00+00:00,33,1,42218,50.68,50.69,50.65,50.67,25,SIZ5
2025-11-11 01:34:00+00:00,33,1,42218,50.65,50.725,50.65,50.725,87,SIZ5
2025-11-11 01:35:00+00:00,33,1,42218,50.715,50.715,50.66,50.66,10,SIZ5
2025-11-11 01:36:00+00:00,33,1,42218,50.65,50.65,50.6,50.6,24,SIZ5
2025-11-11 01:37:00+00:00,33,1,42218,50.595,50.62,50.565,50.62,55,SIZ5
2025-11-11 01:38:00+00:00,33,1,42218,50.605,50.605,50.55,50.56,19,SIZ5
2025-11-11 01:39:00+00:00,33,1,42218,50.57,50.615,50.57,50.61,34,SIZ5
2025-11-11 01:40:00+00:00,33,1,42218,50.615,50.645,50.605,50.645,28,SIZ5
2025-11-11 01:41:00+00:00,33,1,42218,50.635,50.645,50.59,50.61,18,SIZ5
2025-11-11 01:42:00+00:00,33,1,42218,50.605,50.605,50.605,50.605,1,SIZ5
2025-11-11 01:43:00+00:00,33,1,42218,50.605,50.615,50.58,50.585,21,SIZ5
2025-11-11 01:44:00+00:00,33,1,42218,50.59,50.59,50.54,50.545,48,SIZ5
2025-11-11 01:45:00+00:00,33,1,42218,50.54,50.545,50.51,50.52,46,SIZ5
2025-11-11 01:46:00+00:00,33,1,42218,50.52,50.53,50.45,50.475,131,SIZ5
2025-11-11 01:47:00+00:00,33,1,42218,50.475,50.49,50.465,50.48,28,SIZ5
2025-11-11 01:48:00+00:00,33,1,42218,50.47,50.505,50.46,50.505,13,SIZ5
2025-11-11 01:49:00+00:00,33,1,42218,50.51,50.545,50.505,50.545,28,SIZ5
2025-11-11 01:50:00+00:00,33,1,42218,50.54,50.54,50.5,50.515,21,SIZ5
2025-11-11 01:51:00+00:00,33,1,42218,50.515,50.515,50.5,50.51,7,SIZ5
2025-11-11 01:52:00+00:00,33,1,42218,50.52,50.525,50.495,50.495,17,SIZ5
2025-11-11 01:53:00+00:00,33,1,42218,50.49,50.53,50.49,50.52,16,SIZ5
2025-11-11 01:54:00+00:00,33,1,42218,50.53,50.53,50.48,50.48,23,SIZ5
2025-11-11 01:55:00+00:00,33,1,42218,50.475,50.49,50.465,50.49,46,SIZ5
2025-11-11 01:56:00+00:00,33,1,42218,50.48,50.51,50.47,50.51,24,SIZ5
2025-11-11 01:57:00+00:00,33,1,42218,50.51,50.545,50.51,50.535,40,SIZ5
2025-11-11 01:58:00+00:00,33,1,42218,50.55,50.56,50.535,50.545,16,SIZ5
2025-11-11 01:59:00+00:00,33,1,42218,50.545,50.55,50.52,50.535,21,SIZ5
2025-11-11 02:00:00+00:00,33,1,42218,50.54,50.55,50.53,50.545,8,SIZ5
2025-11-11 02:01:00+00:00,33,1,42218,50.53,50.53,50.48,50.48,59,SIZ5
2025-11-11 02:02:00+00:00,33,1,42218,50.47,50.49,50.43,50.44,68,SIZ5
2025-11-11 02:03:00+00:00,33,1,42218,50.44,50.485,50.44,50.47,46,SIZ5
2025-11-11 02:04:00+00:00,33,1,42218,50.465,50.49,50.465,50.49,12,SIZ5
2025-11-11 02:05:00+00:00,33,1,42218,50.465,50.48,50.455,50.475,19,SIZ5
2025-11-11 02:06:00+00:00,33,1,42218,50.455,50.475,50.455,50.475,13,SIZ5
2025-11-11 02:07:00+00:00,33,1,42218,50.475,50.495,50.475,50.495,12,SIZ5
2025-11-11 02:08:00+00:00,33,1,42218,50.5,50.52,50.49,50.505,34,SIZ5
2025-11-11 02:09:00+00:00,33,1,42218,50.51,50.51,50.465,50.49,54,SIZ5
2025-11-11 02:10:00+00:00,33,1,42218,50.505,50.51,50.495,50.5,17,SIZ5
2025-11-11 02:11:00+00:00,33,1,42218,50.495,50.505,50.485,50.485,19,SIZ5
2025-11-11 02:12:00+00:00,33,1,42218,50.48,50.51,50.48,50.505,13,SIZ5
2025-11-11 02:13:00+00:00,33,1,42218,50.5,50.505,50.495,50.5,10,SIZ5
2025-11-11 02:14:00+00:00,33,1,42218,50.505,50.54,50.5,50.535,27,SIZ5
2025-11-11 02:15:00+00:00,33,1,42218,50.53,50.535,50.52,50.53,18,SIZ5
2025-11-11 02:16:00+00:00,33,1,42218,50.53,50.53,50.525,50.53,3,SIZ5
2025-11-11 02:17:00+00:00,33,1,42218,50.54,50.55,50.52,50.525,35,SIZ5
2025-11-11 02:18:00+00:00,33,1,42218,50.535,50.535,50.52,50.53,7,SIZ5
2025-11-11 02:19:00+00:00,33,1,42218,50.525,50.54,50.525,50.535,9,SIZ5
2025-11-11 02:20:00+00:00,33,1,42218,50.54,50.555,50.53,50.54,22,SIZ5
2025-11-11 02:21:00+00:00,33,1,42218,50.545,50.56,50.535,50.545,7,SIZ5
2025-11-11 02:22:00+00:00,33,1,42218,50.545,50.575,50.545,50.575,34,SIZ5
2025-11-11 02:23:00+00:00,33,1,42218,50.58,50.59,50.57,50.575,26,SIZ5
2025-11-11 02:24:00+00:00,33,1,42218,50.575,50.575,50.565,50.565,14,SIZ5
2025-11-11 02:25:00+00:00,33,1,42218,50.56,50.56,50.52,50.52,48,SIZ5
2025-11-11 02:26:00+00:00,33,1,42218,50.53,50.535,50.525,50.535,4,SIZ5
2025-11-11 02:27:00+00:00,33,1,42218,50.535,50.535,50.535,50.535,2,SIZ5
2025-11-11 02:28:00+00:00,33,1,42218,50.54,50.555,50.54,50.55,14,SIZ5
2025-11-11 02:29:00+00:00,33,1,42218,50.54,50.54,50.52,50.535,15,SIZ5
2025-11-11 02:30:00+00:00,33,1,42218,50.515,50.515,50.43,50.46,109,SIZ5
2025-11-11 02:31:00+00:00,33,1,42218,50.455,50.455,50.41,50.43,26,SIZ5
2025-11-11 02:32:00+00:00,33,1,42218,50.435,50.435,50.39,50.415,64,SIZ5
2025-11-11 02:33:00+00:00,33,1,42218,50.4,50.44,50.39,50.42,52,SIZ5
2025-11-11 02:34:00+00:00,33,1,42218,50.41,50.42,50.38,50.38,45,SIZ5
2025-11-11 02:35:00+00:00,33,1,42218,50.38,50.4,50.38,50.395,33,SIZ5
2025-11-11 02:36:00+00:00,33,1,42218,50.41,50.43,50.38,50.38,26,SIZ5
2025-11-11 02:37:00+00:00,33,1,42218,50.39,50.435,50.385,50.42,19,SIZ5
2025-11-11 02:38:00+00:00,33,1,42218,50.43,50.45,50.43,50.44,56,SIZ5
2025-11-11 02:39:00+00:00,33,1,42218,50.445,50.45,50.44,50.445,5,SIZ5
2025-11-11 02:40:00+00:00,33,1,42218,50.455,50.47,50.435,50.47,24,SIZ5
2025-11-11 02:41:00+00:00,33,1,42218,50.475,50.48,50.46,50.48,19,SIZ5
2025-11-11 02:42:00+00:00,33,1,42218,50.485,50.53,50.485,50.53,31,SIZ5
2025-11-11 02:43:00+00:00,33,1,42218,50.525,50.535,50.51,50.51,20,SIZ5
2025-11-11 02:44:00+00:00,33,1,42218,50.51,50.54,50.51,50.53,9,SIZ5
2025-11-11 02:45:00+00:00,33,1,42218,50.54,50.565,50.54,50.555,22,SIZ5
2025-11-11 02:46:00+00:00,33,1,42218,50.56,50.565,50.545,50.55,15,SIZ5
2025-11-11 02:47:00+00:00,33,1,42218,50.54,50.545,50.54,50.545,4,SIZ5
2025-11-11 02:48:00+00:00,33,1,42218,50.54,50.54,50.525,50.525,14,SIZ5
2025-11-11 02:49:00+00:00,33,1,42218,50.53,50.535,50.515,50.515,12,SIZ5
2025-11-11 02:50:00+00:00,33,1,42218,50.51,50.515,50.48,50.48,15,SIZ5
2025-11-11 02:51:00+00:00,33,1,42218,50.475,50.49,50.47,50.48,29,SIZ5
2025-11-11 02:52:00+00:00,33,1,42218,50.48,50.485,50.47,50.47,9,SIZ5
2025-11-11 02:53:00+00:00,33,1,42218,50.47,50.475,50.465,50.47,9,SIZ5
2025-11-11 02:54:00+00:00,33,1,42218,50.46,50.485,50.46,50.47,5,SIZ5
2025-11-11 02:55:00+00:00,33,1,42218,50.47,50.49,50.465,50.49,6,SIZ5
2025-11-11 02:56:00+00:00,33,1,42218,50.485,50.52,50.485,50.52,5,SIZ5
2025-11-11 02:57:00+00:00,33,1,42218,50.51,50.54,50.51,50.54,14,SIZ5
2025-11-11 02:58:00+00:00,33,1,42218,50.535,50.555,50.535,50.555,14,SIZ5
2025-11-11 02:59:00+00:00,33,1,42218,50.55,50.55,50.51,50.515,16,SIZ5
2025-11-11 03:01:00+00:00,33,1,42218,50.53,50.56,50.53,50.55,64,SIZ5
2025-11-11 03:02:00+00:00,33,1,42218,50.555,50.58,50.54,50.57,60,SIZ5
2025-11-11 03:03:00+00:00,33,1,42218,50.56,50.56,50.55,50.55,4,SIZ5
2025-11-11 03:04:00+00:00,33,1,42218,50.555,50.575,50.555,50.57,33,SIZ5
2025-11-11 03:05:00+00:00,33,1,42218,50.575,50.605,50.57,50.6,55,SIZ5
2025-11-11 03:06:00+00:00,33,1,42218,50.595,50.62,50.58,50.6,52,SIZ5
2025-11-11 03:07:00+00:00,33,1,42218,50.61,50.615,50.595,50.61,11,SIZ5
2025-11-11 03:08:00+00:00,33,1,42218,50.605,50.605,50.6,50.605,6,SIZ5
2025-11-11 03:09:00+00:00,33,1,42218,50.6,50.615,50.6,50.6,15,SIZ5
2025-11-11 03:10:00+00:00,33,1,42218,50.615,50.665,50.61,50.665,68,SIZ5
2025-11-11 03:11:00+00:00,33,1,42218,50.645,50.665,50.645,50.665,31,SIZ5
2025-11-11 03:12:00+00:00,33,1,42218,50.66,50.67,50.65,50.66,16,SIZ5
2025-11-11 03:13:00+00:00,33,1,42218,50.66,50.675,50.65,50.65,45,SIZ5
2025-11-11 03:14:00+00:00,33,1,42218,50.655,50.68,50.655,50.68,16,SIZ5
2025-11-11 03:15:00+00:00,33,1,42218,50.68,50.685,50.66,50.66,20,SIZ5
2025-11-11 03:16:00+00:00,33,1,42218,50.67,50.7,50.67,50.69,20,SIZ5
2025-11-11 03:17:00+00:00,33,1,42218,50.695,50.695,50.665,50.665,23,SIZ5
2025-11-11 03:18:00+00:00,33,1,42218,50.665,50.67,50.66,50.67,10,SIZ5
2025-11-11 03:19:00+00:00,33,1,42218,50.675,50.69,50.67,50.69,11,SIZ5
2025-11-11 03:20:00+00:00,33,1,42218,50.69,50.695,50.675,50.68,15,SIZ5
2025-11-11 03:21:00+00:00,33,1,42218,50.665,50.68,50.665,50.67,58,SIZ5
2025-11-11 03:22:00+00:00,33,1,42218,50.675,50.68,50.66,50.66,21,SIZ5
2025-11-11 03:23:00+00:00,33,1,42218,50.66,50.68,50.66,50.675,13,SIZ5
2025-11-11 03:24:00+00:00,33,1,42218,50.67,50.67,50.665,50.665,4,SIZ5
2025-11-11 03:25:00+00:00,33,1,42218,50.67,50.67,50.66,50.665,8,SIZ5
2025-11-11 03:26:00+00:00,33,1,42218,50.66,50.67,50.66,50.67,7,SIZ5
2025-11-11 03:27:00+00:00,33,1,42218,50.675,50.725,50.665,50.72,100,SIZ5
2025-11-11 03:28:00+00:00,33,1,42218,50.72,50.72,50.69,50.69,34,SIZ5
2025-11-11 03:29:00+00:00,33,1,42218,50.69,50.69,50.675,50.68,14,SIZ5
2025-11-11 03:30:00+00:00,33,1,42218,50.685,50.71,50.67,50.705,25,SIZ5
2025-11-11 03:31:00+00:00,33,1,42218,50.715,50.765,50.71,50.75,136,SIZ5
2025-11-11 03:32:00+00:00,33,1,42218,50.75,50.78,50.725,50.725,80,SIZ5
2025-11-11 03:33:00+00:00,33,1,42218,50.73,50.75,50.73,50.735,8,SIZ5
2025-11-11 03:34:00+00:00,33,1,42218,50.73,50.73,50.73,50.73,1,SIZ5
2025-11-11 03:35:00+00:00,33,1,42218,50.75,50.76,50.74,50.745,22,SIZ5
2025-11-11 03:36:00+00:00,33,1,42218,50.745,50.755,50.745,50.755,3,SIZ5
2025-11-11 03:37:00+00:00,33,1,42218,50.76,50.775,50.76,50.775,7,SIZ5
2025-11-11 03:38:00+00:00,33,1,42218,50.77,50.78,50.755,50.77,11,SIZ5
2025-11-11 03:39:00+00:00,33,1,42218,50.775,50.78,50.76,50.76,27,SIZ5
2025-11-11 03:40:00+00:00,33,1,42218,50.75,50.775,50.75,50.775,22,SIZ5
2025-11-11 03:41:00+00:00,33,1,42218,50.775,50.785,50.775,50.78,13,SIZ5
2025-11-11 03:42:00+00:00,33,1,42218,50.77,50.77,50.75,50.765,9,SIZ5
2025-11-11 03:43:00+00:00,33,1,42218,50.755,50.755,50.73,50.745,27,SIZ5
2025-11-11 03:44:00+00:00,33,1,42218,50.75,50.75,50.75,50.75,2,SIZ5
2025-11-11 03:45:00+00:00,33,1,42218,50.755,50.83,50.755,50.825,105,SIZ5
2025-11-11 03:46:00+00:00,33,1,42218,50.83,50.855,50.83,50.83,59,SIZ5
2025-11-11 03:47:00+00:00,33,1,42218,50.83,50.85,50.825,50.85,11,SIZ5
2025-11-11 03:48:00+00:00,33,1,42218,50.845,50.845,50.83,50.83,6,SIZ5
2025-11-11 03:49:00+00:00,33,1,42218,50.825,50.825,50.81,50.81,8,SIZ5
2025-11-11 03:50:00+00:00,33,1,42218,50.805,50.81,50.79,50.81,32,SIZ5
2025-11-11 03:51:00+00:00,33,1,42218,50.815,50.815,50.815,50.815,2,SIZ5
2025-11-11 03:52:00+00:00,33,1,42218,50.8,50.805,50.8,50.805,2,SIZ5
2025-11-11 03:53:00+00:00,33,1,42218,50.8,50.82,50.8,50.82,23,SIZ5
2025-11-11 03:54:00+00:00,33,1,42218,50.815,50.825,50.815,50.825,8,SIZ5
2025-11-11 03:55:00+00:00,33,1,42218,50.82,50.84,50.82,50.84,27,SIZ5
2025-11-11 03:56:00+00:00,33,1,42218,50.835,50.835,50.82,50.82,30,SIZ5
2025-11-11 03:57:00+00:00,33,1,42218,50.82,50.85,50.815,50.845,25,SIZ5
2025-11-11 03:58:00+00:00,33,1,42218,50.85,50.86,50.85,50.86,9,SIZ5
2025-11-11 03:59:00+00:00,33,1,42218,50.86,50.87,50.855,50.865,10,SIZ5
2025-11-11 04:00:00+00:00,33,1,42218,50.865,50.88,50.865,50.87,61,SIZ5
2025-11-11 04:01:00+00:00,33,1,42218,50.865,50.865,50.85,50.855,16,SIZ5
2025-11-11 04:02:00+00:00,33,1,42218,50.87,50.935,50.87,50.915,151,SIZ5
2025-11-11 04:03:00+00:00,33,1,42218,50.915,51.025,50.915,51.01,178,SIZ5
2025-11-11 04:04:00+00:00,33,1,42218,51.01,51.015,50.965,50.97,53,SIZ5
2025-11-11 04:05:00+00:00,33,1,42218,50.965,50.97,50.93,50.97,56,SIZ5
2025-11-11 04:06:00+00:00,33,1,42218,50.96,50.98,50.945,50.95,75,SIZ5
2025-11-11 04:07:00+00:00,33,1,42218,50.95,50.95,50.88,50.89,94,SIZ5
2025-11-11 04:08:00+00:00,33,1,42218,50.88,50.885,50.85,50.875,22,SIZ5
2025-11-11 04:09:00+00:00,33,1,42218,50.88,50.91,50.865,50.87,49,SIZ5
2025-11-11 04:10:00+00:00,33,1,42218,50.87,50.875,50.85,50.855,59,SIZ5
2025-11-11 04:11:00+00:00,33,1,42218,50.86,50.865,50.85,50.85,8,SIZ5
2025-11-11 04:12:00+00:00,33,1,42218,50.86,50.865,50.84,50.84,22,SIZ5
2025-11-11 04:13:00+00:00,33,1,42218,50.83,50.845,50.825,50.83,15,SIZ5
2025-11-11 04:14:00+00:00,33,1,42218,50.845,50.845,50.81,50.815,34,SIZ5
2025-11-11 04:15:00+00:00,33,1,42218,50.82,50.835,50.82,50.835,9,SIZ5
2025-11-11 04:16:00+00:00,33,1,42218,50.83,50.83,50.82,50.825,8,SIZ5
2025-11-11 04:17:00+00:00,33,1,42218,50.815,50.82,50.805,50.81,32,SIZ5
2025-11-11 04:18:00+00:00,33,1,42218,50.825,50.83,50.815,50.825,21,SIZ5
2025-11-11 04:19:00+00:00,33,1,42218,50.83,50.85,50.82,50.85,10,SIZ5
2025-11-11 04:20:00+00:00,33,1,42218,50.855,50.855,50.83,50.83,14,SIZ5
2025-11-11 04:21:00+00:00,33,1,42218,50.825,50.835,50.82,50.835,14,SIZ5
2025-11-11 04:22:00+00:00,33,1,42218,50.835,50.835,50.835,50.835,5,SIZ5
2025-11-11 04:23:00+00:00,33,1,42218,50.835,50.835,50.825,50.83,11,SIZ5
2025-11-11 04:24:00+00:00,33,1,42218,50.825,50.825,50.825,50.825,1,SIZ5
2025-11-11 04:25:00+00:00,33,1,42218,50.82,50.82,50.805,50.805,13,SIZ5
2025-11-11 04:26:00+00:00,33,1,42218,50.82,50.83,50.82,50.83,4,SIZ5
2025-11-11 04:27:00+00:00,33,1,42218,50.825,50.825,50.825,50.825,2,SIZ5
2025-11-11 04:28:00+00:00,33,1,42218,50.83,50.84,50.83,50.84,2,SIZ5
2025-11-11 04:29:00+00:00,33,1,42218,50.835,50.845,50.835,50.84,6,SIZ5
2025-11-11 04:30:00+00:00,33,1,42218,50.835,50.86,50.835,50.86,17,SIZ5
2025-11-11 04:31:00+00:00,33,1,42218,50.86,50.86,50.845,50.845,8,SIZ5
2025-11-11 04:32:00+00:00,33,1,42218,50.855,50.86,50.85,50.86,5,SIZ5
2025-11-11 04:33:00+00:00,33,1,42218,50.865,50.87,50.86,50.87,10,SIZ5
2025-11-11 04:34:00+00:00,33,1,42218,50.865,50.87,50.865,50.87,10,SIZ5
2025-11-11 04:35:00+00:00,33,1,42218,50.87,50.875,50.87,50.875,5,SIZ5
2025-11-11 04:36:00+00:00,33,1,42218,50.87,50.87,50.86,50.86,35,SIZ5
2025-11-11 04:37:00+00:00,33,1,42218,50.86,50.86,50.85,50.86,4,SIZ5
2025-11-11 04:38:00+00:00,33,1,42218,50.85,50.86,50.85,50.86,9,SIZ5
2025-11-11 04:39:00+00:00,33,1,42218,50.855,50.855,50.845,50.85,4,SIZ5
2025-11-11 04:40:00+00:00,33,1,42218,50.86,50.875,50.86,50.86,10,SIZ5
2025-11-11 04:41:00+00:00,33,1,42218,50.85,50.86,50.85,50.85,21,SIZ5
2025-11-11 04:42:00+00:00,33,1,42218,50.84,50.845,50.835,50.845,11,SIZ5
2025-11-11 04:43:00+00:00,33,1,42218,50.85,50.85,50.84,50.84,12,SIZ5
2025-11-11 04:44:00+00:00,33,1,42218,50.84,50.85,50.835,50.85,8,SIZ5
2025-11-11 04:45:00+00:00,33,1,42218,50.84,50.855,50.84,50.855,5,SIZ5
2025-11-11 04:46:00+00:00,33,1,42218,50.87,50.875,50.87,50.87,6,SIZ5
2025-11-11 04:47:00+00:00,33,1,42218,50.875,50.9,50.875,50.885,40,SIZ5
2025-11-11 04:48:00+00:00,33,1,42218,50.89,50.925,50.89,50.925,20,SIZ5
2025-11-11 04:49:00+00:00,33,1,42218,50.935,50.94,50.92,50.94,26,SIZ5
2025-11-11 04:50:00+00:00,33,1,42218,50.93,50.93,50.92,50.93,19,SIZ5
2025-11-11 04:51:00+00:00,33,1,42218,50.925,50.94,50.92,50.94,19,SIZ5
2025-11-11 04:52:00+00:00,33,1,42218,50.94,50.95,50.935,50.95,38,SIZ5
2025-11-11 04:53:00+00:00,33,1,42218,50.945,50.96,50.925,50.925,21,SIZ5
2025-11-11 04:54:00+00:00,33,1,42218,50.93,50.935,50.89,50.89,54,SIZ5
2025-11-11 04:55:00+00:00,33,1,42218,50.885,50.885,50.835,50.835,24,SIZ5
2025-11-11 04:56:00+00:00,33,1,42218,50.83,50.84,50.82,50.83,22,SIZ5
2025-11-11 04:57:00+00:00,33,1,42218,50.83,50.85,50.83,50.845,7,SIZ5
2025-11-11 04:58:00+00:00,33,1,42218,50.845,50.85,50.845,50.845,5,SIZ5
2025-11-11 04:59:00+00:00,33,1,42218,50.845,50.85,50.84,50.84,3,SIZ5
2025-11-11 05:00:00+00:00,33,1,42218,50.83,50.83,50.82,50.83,33,SIZ5
2025-11-11 05:01:00+00:00,33,1,42218,50.835,50.84,50.835,50.84,3,SIZ5
2025-11-11 05:02:00+00:00,33,1,42218,50.83,50.83,50.805,50.83,44,SIZ5
2025-11-11 05:03:00+00:00,33,1,42218,50.825,50.855,50.825,50.845,25,SIZ5
2025-11-11 05:04:00+00:00,33,1,42218,50.845,50.855,50.78,50.785,46,SIZ5
2025-11-11 05:05:00+00:00,33,1,42218,50.795,50.83,50.775,50.82,59,SIZ5
2025-11-11 05:06:00+00:00,33,1,42218,50.825,50.825,50.76,50.765,30,SIZ5
2025-11-11 05:07:00+00:00,33,1,42218,50.77,50.785,50.71,50.735,68,SIZ5
2025-11-11 05:08:00+00:00,33,1,42218,50.735,50.745,50.735,50.745,16,SIZ5
2025-11-11 05:09:00+00:00,33,1,42218,50.755,50.8,50.745,50.79,41,SIZ5
2025-11-11 05:10:00+00:00,33,1,42218,50.77,50.805,50.77,50.8,24,SIZ5
2025-11-11 05:11:00+00:00,33,1,42218,50.78,50.825,50.775,50.825,26,SIZ5
2025-11-11 05:12:00+00:00,33,1,42218,50.825,50.83,50.805,50.805,6,SIZ5
2025-11-11 05:13:00+00:00,33,1,42218,50.81,50.81,50.81,50.81,2,SIZ5
2025-11-11 05:14:00+00:00,33,1,42218,50.825,50.835,50.795,50.82,28,SIZ5
2025-11-11 05:15:00+00:00,33,1,42218,50.825,50.835,50.82,50.83,43,SIZ5
2025-11-11 05:16:00+00:00,33,1,42218,50.825,50.835,50.815,50.82,14,SIZ5
2025-11-11 05:17:00+00:00,33,1,42218,50.825,50.835,50.81,50.83,12,SIZ5
2025-11-11 05:18:00+00:00,33,1,42218,50.83,50.84,50.825,50.825,22,SIZ5
2025-11-11 05:19:00+00:00,33,1,42218,50.815,50.825,50.81,50.825,12,SIZ5
2025-11-11 05:20:00+00:00,33,1,42218,50.82,50.82,50.795,50.795,34,SIZ5
2025-11-11 05:21:00+00:00,33,1,42218,50.8,50.8,50.77,50.77,41,SIZ5
2025-11-11 05:22:00+00:00,33,1,42218,50.765,50.775,50.755,50.775,16,SIZ5
2025-11-11 05:23:00+00:00,33,1,42218,50.77,50.78,50.74,50.74,17,SIZ5
2025-11-11 05:24:00+00:00,33,1,42218,50.75,50.75,50.725,50.735,31,SIZ5
2025-11-11 05:25:00+00:00,33,1,42218,50.74,50.74,50.73,50.74,12,SIZ5
2025-11-11 05:26:00+00:00,33,1,42218,50.745,50.75,50.735,50.745,10,SIZ5
2025-11-11 05:27:00+00:00,33,1,42218,50.74,50.74,50.72,50.74,15,SIZ5
2025-11-11 05:28:00+00:00,33,1,42218,50.735,50.775,50.735,50.74,68,SIZ5
2025-11-11 05:29:00+00:00,33,1,42218,50.735,50.735,50.73,50.735,8,SIZ5
2025-11-11 05:30:00+00:00,33,1,42218,50.74,50.74,50.655,50.66,204,SIZ5
2025-11-11 05:31:00+00:00,33,1,42218,50.675,50.74,50.66,50.67,68,SIZ5
2025-11-11 05:32:00+00:00,33,1,42218,50.675,50.73,50.67,50.715,44,SIZ5
2025-11-11 05:33:00+00:00,33,1,42218,50.7,50.7,50.65,50.655,58,SIZ5
2025-11-11 05:34:00+00:00,33,1,42218,50.655,50.665,50.61,50.61,67,SIZ5
2025-11-11 05:35:00+00:00,33,1,42218,50.615,50.625,50.525,50.57,206,SIZ5
2025-11-11 05:36:00+00:00,33,1,42218,50.56,50.56,50.515,50.53,125,SIZ5
2025-11-11 05:37:00+00:00,33,1,42218,50.53,50.55,50.495,50.515,124,SIZ5
2025-11-11 05:38:00+00:00,33,1,42218,50.52,50.545,50.5,50.54,55,SIZ5
2025-11-11 05:39:00+00:00,33,1,42218,50.53,50.555,50.52,50.545,26,SIZ5
2025-11-11 05:40:00+00:00,33,1,42218,50.54,50.58,50.54,50.575,39,SIZ5
2025-11-11 05:41:00+00:00,33,1,42218,50.57,50.59,50.56,50.565,37,SIZ5
2025-11-11 05:42:00+00:00,33,1,42218,50.58,50.625,50.575,50.6,51,SIZ5
2025-11-11 05:43:00+00:00,33,1,42218,50.59,50.63,50.59,50.62,25,SIZ5
2025-11-11 05:44:00+00:00,33,1,42218,50.62,50.625,50.595,50.615,34,SIZ5
2025-11-11 05:45:00+00:00,33,1,42218,50.62,50.64,50.6,50.64,22,SIZ5
2025-11-11 05:46:00+00:00,33,1,42218,50.62,50.645,50.615,50.645,14,SIZ5
2025-11-11 05:47:00+00:00,33,1,42218,50.66,50.67,50.645,50.67,11,SIZ5
2025-11-11 05:48:00+00:00,33,1,42218,50.67,50.685,50.665,50.68,23,SIZ5
2025-11-11 05:49:00+00:00,33,1,42218,50.69,50.69,50.655,50.68,16,SIZ5
2025-11-11 05:50:00+00:00,33,1,42218,50.675,50.71,50.675,50.71,53,SIZ5
2025-11-11 05:51:00+00:00,33,1,42218,50.705,50.71,50.675,50.68,26,SIZ5
2025-11-11 05:52:00+00:00,33,1,42218,50.68,50.685,50.675,50.68,6,SIZ5
2025-11-11 05:53:00+00:00,33,1,42218,50.67,50.675,50.67,50.675,4,SIZ5
2025-11-11 05:54:00+00:00,33,1,42218,50.685,50.69,50.68,50.69,7,SIZ5
2025-11-11 05:55:00+00:00,33,1,42218,50.7,50.71,50.68,50.695,25,SIZ5
2025-11-11 05:56:00+00:00,33,1,42218,50.71,50.725,50.695,50.71,39,SIZ5
2025-11-11 05:57:00+00:00,33,1,42218,50.705,50.705,50.67,50.675,41,SIZ5
2025-11-11 05:58:00+00:00,33,1,42218,50.675,50.675,50.635,50.635,26,SIZ5
2025-11-11 05:59:00+00:00,33,1,42218,50.635,50.66,50.63,50.63,17,SIZ5
2025-11-11 06:00:00+00:00,33,1,42218,50.62,50.625,50.595,50.605,37,SIZ5
2025-11-11 06:01:00+00:00,33,1,42218,50.6,50.6,50.555,50.575,29,SIZ5
2025-11-11 06:02:00+00:00,33,1,42218,50.58,50.6,50.565,50.595,12,SIZ5
2025-11-11 06:03:00+00:00,33,1,42218,50.595,50.595,50.56,50.56,28,SIZ5
2025-11-11 06:04:00+00:00,33,1,42218,50.56,50.57,50.535,50.57,38,SIZ5
2025-11-11 06:05:00+00:00,33,1,42218,50.565,50.61,50.565,50.61,35,SIZ5
2025-11-11 06:06:00+00:00,33,1,42218,50.61,50.61,50.585,50.61,26,SIZ5
2025-11-11 06:07:00+00:00,33,1,42218,50.605,50.645,50.605,50.62,44,SIZ5
2025-11-11 06:08:00+00:00,33,1,42218,50.63,50.66,50.63,50.655,34,SIZ5
2025-11-11 06:09:00+00:00,33,1,42218,50.66,50.695,50.66,50.685,72,SIZ5
2025-11-11 06:10:00+00:00,33,1,42218,50.685,50.685,50.625,50.635,46,SIZ5
2025-11-11 06:11:00+00:00,33,1,42218,50.63,50.68,50.62,50.675,56,SIZ5
2025-11-11 06:12:00+00:00,33,1,42218,50.67,50.67,50.665,50.665,8,SIZ5
2025-11-11 06:13:00+00:00,33,1,42218,50.675,50.695,50.655,50.675,44,SIZ5
2025-11-11 06:14:00+00:00,33,1,42218,50.685,50.695,50.665,50.665,29,SIZ5
2025-11-11 06:15:00+00:00,33,1,42218,50.675,50.68,50.665,50.67,19,SIZ5
2025-11-11 06:16:00+00:00,33,1,42218,50.665,50.685,50.655,50.67,19,SIZ5
2025-11-11 06:17:00+00:00,33,1,42218,50.665,50.67,50.64,50.665,58,SIZ5
2025-11-11 06:18:00+00:00,33,1,42218,50.665,50.68,50.655,50.675,16,SIZ5
2025-11-11 06:19:00+00:00,33,1,42218,50.665,50.69,50.665,50.665,21,SIZ5
2025-11-11 06:20:00+00:00,33,1,42218,50.67,50.725,50.67,50.705,29,SIZ5
2025-11-11 06:21:00+00:00,33,1,42218,50.705,50.72,50.7,50.715,10,SIZ5
2025-11-11 06:22:00+00:00,33,1,42218,50.71,50.73,50.71,50.73,13,SIZ5
2025-11-11 06:23:00+00:00,33,1,42218,50.735,50.755,50.73,50.745,49,SIZ5
2025-11-11 06:24:00+00:00,33,1,42218,50.735,50.74,50.73,50.74,10,SIZ5
2025-11-11 06:25:00+00:00,33,1,42218,50.73,50.74,50.73,50.735,25,SIZ5
2025-11-11 06:26:00+00:00,33,1,42218,50.74,50.74,50.715,50.715,18,SIZ5
2025-11-11 06:27:00+00:00,33,1,42218,50.715,50.725,50.715,50.725,7,SIZ5
2025-11-11 06:28:00+00:00,33,1,42218,50.725,50.73,50.715,50.73,6,SIZ5
2025-11-11 06:29:00+00:00,33,1,42218,50.73,50.735,50.72,50.725,16,SIZ5
2025-11-11 06:30:00+00:00,33,1,42218,50.725,50.725,50.69,50.69,30,SIZ5
2025-11-11 06:31:00+00:00,33,1,42218,50.69,50.705,50.65,50.66,27,SIZ5
2025-11-11 06:32:00+00:00,33,1,42218,50.66,50.68,50.645,50.68,26,SIZ5
2025-11-11 06:33:00+00:00,33,1,42218,50.675,50.675,50.655,50.66,32,SIZ5
2025-11-11 06:34:00+00:00,33,1,42218,50.65,50.65,50.6,50.61,41,SIZ5
2025-11-11 06:35:00+00:00,33,1,42218,50.62,50.635,50.62,50.635,9,SIZ5
2025-11-11 06:36:00+00:00,33,1,42218,50.625,50.655,50.625,50.635,30,SIZ5
2025-11-11 06:37:00+00:00,33,1,42218,50.635,50.64,50.625,50.625,20,SIZ5
2025-11-11 06:38:00+00:00,33,1,42218,50.635,50.64,50.6,50.63,36,SIZ5
2025-11-11 06:39:00+00:00,33,1,42218,50.635,50.66,50.635,50.66,17,SIZ5
2025-11-11 06:40:00+00:00,33,1,42218,50.665,50.67,50.665,50.67,4,SIZ5
2025-11-11 06:41:00+00:00,33,1,42218,50.675,50.69,50.64,50.64,47,SIZ5
2025-11-11 06:42:00+00:00,33,1,42218,50.625,50.625,50.59,50.59,29,SIZ5
2025-11-11 06:43:00+00:00,33,1,42218,50.595,50.605,50.59,50.59,30,SIZ5
2025-11-11 06:44:00+00:00,33,1,42218,50.585,50.59,50.56,50.56,41,SIZ5
2025-11-11 06:45:00+00:00,33,1,42218,50.57,50.575,50.545,50.545,14,SIZ5
2025-11-11 06:46:00+00:00,33,1,42218,50.55,50.595,50.55,50.595,31,SIZ5
2025-11-11 06:47:00+00:00,33,1,42218,50.59,50.595,50.57,50.59,46,SIZ5
2025-11-11 06:48:00+00:00,33,1,42218,50.58,50.59,50.57,50.59,15,SIZ5
2025-11-11 06:49:00+00:00,33,1,42218,50.59,50.59,50.53,50.535,32,SIZ5
2025-11-11 06:50:00+00:00,33,1,42218,50.53,50.565,50.53,50.565,9,SIZ5
2025-11-11 06:51:00+00:00,33,1,42218,50.56,50.585,50.56,50.57,9,SIZ5
2025-11-11 06:52:00+00:00,33,1,42218,50.57,50.6,50.565,50.59,27,SIZ5
2025-11-11 06:53:00+00:00,33,1,42218,50.585,50.59,50.57,50.58,12,SIZ5
2025-11-11 06:54:00+00:00,33,1,42218,50.58,50.595,50.58,50.58,7,SIZ5
2025-11-11 06:55:00+00:00,33,1,42218,50.575,50.585,50.56,50.565,30,SIZ5
2025-11-11 06:56:00+00:00,33,1,42218,50.575,50.575,50.565,50.57,22,SIZ5
2025-11-11 06:57:00+00:00,33,1,42218,50.58,50.6,50.58,50.59,8,SIZ5
2025-11-11 06:58:00+00:00,33,1,42218,50.585,50.585,50.55,50.555,20,SIZ5
2025-11-11 06:59:00+00:00,33,1,42218,50.555,50.565,50.525,50.525,25,SIZ5
2025-11-11 07:00:00+00:00,33,1,42218,50.535,50.56,50.52,50.56,38,SIZ5
2025-11-11 07:01:00+00:00,33,1,42218,50.57,50.57,50.54,50.54,39,SIZ5
2025-11-11 07:02:00+00:00,33,1,42218,50.535,50.55,50.515,50.52,28,SIZ5
2025-11-11 07:03:00+00:00,33,1,42218,50.51,50.51,50.47,50.505,87,SIZ5
2025-11-11 07:04:00+00:00,33,1,42218,50.515,50.52,50.44,50.445,42,SIZ5
2025-11-11 07:05:00+00:00,33,1,42218,50.445,50.46,50.43,50.43,43,SIZ5
2025-11-11 07:06:00+00:00,33,1,42218,50.435,50.495,50.425,50.485,134,SIZ5
2025-11-11 07:07:00+00:00,33,1,42218,50.48,50.515,50.475,50.51,40,SIZ5
2025-11-11 07:08:00+00:00,33,1,42218,50.515,50.515,50.5,50.5,20,SIZ5
2025-11-11 07:09:00+00:00,33,1,42218,50.505,50.51,50.485,50.495,18,SIZ5
2025-11-11 07:10:00+00:00,33,1,42218,50.5,50.5,50.485,50.49,14,SIZ5
2025-11-11 07:11:00+00:00,33,1,42218,50.5,50.54,50.5,50.535,31,SIZ5
2025-11-11 07:12:00+00:00,33,1,42218,50.55,50.55,50.55,50.55,7,SIZ5
2025-11-11 07:13:00+00:00,33,1,42218,50.555,50.56,50.555,50.56,5,SIZ5
2025-11-11 07:14:00+00:00,33,1,42218,50.56,50.575,50.555,50.565,22,SIZ5
2025-11-11 07:15:00+00:00,33,1,42218,50.555,50.56,50.54,50.54,15,SIZ5
2025-11-11 07:16:00+00:00,33,1,42218,50.535,50.545,50.53,50.54,10,SIZ5
2025-11-11 07:17:00+00:00,33,1,42218,50.525,50.525,50.525,50.525,4,SIZ5
2025-11-11 07:18:00+00:00,33,1,42218,50.54,50.55,50.54,50.54,10,SIZ5
2025-11-11 07:19:00+00:00,33,1,42218,50.54,50.545,50.54,50.54,4,SIZ5
2025-11-11 07:20:00+00:00,33,1,42218,50.535,50.54,50.535,50.54,4,SIZ5
2025-11-11 07:21:00+00:00,33,1,42218,50.555,50.56,50.555,50.56,2,SIZ5
2025-11-11 07:22:00+00:00,33,1,42218,50.57,50.57,50.515,50.52,19,SIZ5
2025-11-11 07:23:00+00:00,33,1,42218,50.525,50.525,50.495,50.495,10,SIZ5
2025-11-11 07:24:00+00:00,33,1,42218,50.485,50.505,50.475,50.48,32,SIZ5
2025-11-11 07:25:00+00:00,33,1,42218,50.48,50.515,50.48,50.515,56,SIZ5
2025-11-11 07:26:00+00:00,33,1,42218,50.515,50.525,50.5,50.525,8,SIZ5
2025-11-11 07:27:00+00:00,33,1,42218,50.53,50.535,50.525,50.535,4,SIZ5
2025-11-11 07:28:00+00:00,33,1,42218,50.525,50.53,50.515,50.515,10,SIZ5
2025-11-11 07:29:00+00:00,33,1,42218,50.51,50.53,50.51,50.53,6,SIZ5
2025-11-11 07:30:00+00:00,33,1,42218,50.52,50.525,50.5,50.525,11,SIZ5
2025-11-11 07:31:00+00:00,33,1,42218,50.525,50.53,50.51,50.51,8,SIZ5
2025-11-11 07:32:00+00:00,33,1,42218,50.52,50.52,50.51,50.515,12,SIZ5
2025-11-11 07:33:00+00:00,33,1,42218,50.505,50.52,50.5,50.515,10,SIZ5
2025-11-11 07:34:00+00:00,33,1,42218,50.5,50.5,50.475,50.485,17,SIZ5
2025-11-11 07:35:00+00:00,33,1,42218,50.49,50.49,50.475,50.485,11,SIZ5
2025-11-11 07:36:00+00:00,33,1,42218,50.495,50.5,50.49,50.495,8,SIZ5
2025-11-11 07:37:00+00:00,33,1,42218,50.495,50.495,50.445,50.445,15,SIZ5
2025-11-11 07:38:00+00:00,33,1,42218,50.45,50.46,50.45,50.45,14,SIZ5
2025-11-11 07:39:00+00:00,33,1,42218,50.46,50.46,50.445,50.455,15,SIZ5
2025-11-11 07:40:00+00:00,33,1,42218,50.445,50.475,50.43,50.47,23,SIZ5
2025-11-11 07:41:00+00:00,33,1,42218,50.47,50.47,50.435,50.435,24,SIZ5
2025-11-11 07:42:00+00:00,33,1,42218,50.45,50.46,50.45,50.455,11,SIZ5
2025-11-11 07:43:00+00:00,33,1,42218,50.455,50.49,50.455,50.485,30,SIZ5
2025-11-11 07:44:00+00:00,33,1,42218,50.485,50.53,50.485,50.52,36,SIZ5
2025-11-11 07:45:00+00:00,33,1,42218,50.53,50.54,50.525,50.525,16,SIZ5
2025-11-11 07:46:00+00:00,33,1,42218,50.54,50.55,50.525,50.535,18,SIZ5
2025-11-11 07:47:00+00:00,33,1,42218,50.535,50.535,50.51,50.515,14,SIZ5
2025-11-11 07:48:00+00:00,33,1,42218,50.51,50.51,50.51,50.51,1,SIZ5
2025-11-11 07:49:00+00:00,33,1,42218,50.51,50.51,50.475,50.475,16,SIZ5
2025-11-11 07:50:00+00:00,33,1,42218,50.47,50.475,50.435,50.435,26,SIZ5
2025-11-11 07:51:00+00:00,33,1,42218,50.435,50.435,50.345,50.345,182,SIZ5
2025-11-11 07:52:00+00:00,33,1,42218,50.35,50.4,50.35,50.39,88,SIZ5
2025-11-11 07:53:00+00:00,33,1,42218,50.39,50.5,50.39,50.5,69,SIZ5
2025-11-11 07:54:00+00:00,33,1,42218,50.5,50.52,50.495,50.5,19,SIZ5
2025-11-11 07:55:00+00:00,33,1,42218,50.505,50.56,50.505,50.56,33,SIZ5
2025-11-11 07:56:00+00:00,33,1,42218,50.555,50.56,50.545,50.555,24,SIZ5
2025-11-11 07:57:00+00:00,33,1,42218,50.55,50.56,50.525,50.525,18,SIZ5
2025-11-11 07:58:00+00:00,33,1,42218,50.53,50.53,50.515,50.515,5,SIZ5
2025-11-11 07:59:00+00:00,33,1,42218,50.52,50.525,50.485,50.485,29,SIZ5
2025-11-11 08:00:00+00:00,33,1,42218,50.485,50.535,50.485,50.53,51,SIZ5
2025-11-11 08:01:00+00:00,33,1,42218,50.515,50.535,50.505,50.535,17,SIZ5
2025-11-11 08:02:00+00:00,33,1,42218,50.545,50.605,50.545,50.605,33,SIZ5
2025-11-11 08:03:00+00:00,33,1,42218,50.61,50.615,50.595,50.595,29,SIZ5
2025-11-11 08:04:00+00:00,33,1,42218,50.6,50.645,50.6,50.645,19,SIZ5
2025-11-11 08:05:00+00:00,33,1,42218,50.645,50.65,50.63,50.65,39,SIZ5
2025-11-11 08:06:00+00:00,33,1,42218,50.65,50.655,50.645,50.645,22,SIZ5
2025-11-11 08:07:00+00:00,33,1,42218,50.65,50.66,50.625,50.625,17,SIZ5
2025-11-11 08:08:00+00:00,33,1,42218,50.625,50.645,50.625,50.64,17,SIZ5
2025-11-11 08:09:00+00:00,33,1,42218,50.645,50.66,50.62,50.625,25,SIZ5
2025-11-11 08:10:00+00:00,33,1,42218,50.63,50.665,50.63,50.665,21,SIZ5
2025-11-11 08:11:00+00:00,33,1,42218,50.665,50.7,50.66,50.7,32,SIZ5
2025-11-11 08:12:00+00:00,33,1,42218,50.69,50.69,50.645,50.65,46,SIZ5
2025-11-11 08:13:00+00:00,33,1,42218,50.655,50.66,50.645,50.66,11,SIZ5
2025-11-11 08:14:00+00:00,33,1,42218,50.66,50.665,50.655,50.66,9,SIZ5
2025-11-11 08:15:00+00:00,33,1,42218,50.675,50.675,50.66,50.675,12,SIZ5
2025-11-11 08:16:00+00:00,33,1,42218,50.68,50.69,50.665,50.665,12,SIZ5
2025-11-11 08:17:00+00:00,33,1,42218,50.68,50.7,50.68,50.685,23,SIZ5
2025-11-11 08:18:00+00:00,33,1,42218,50.685,50.685,50.635,50.65,37,SIZ5
2025-11-11 08:19:00+00:00,33,1,42218,50.655,50.665,50.655,50.655,9,SIZ5
2025-11-11 08:20:00+00:00,33,1,42218,50.65,50.65,50.65,50.65,3,SIZ5
2025-11-11 08:21:00+00:00,33,1,42218,50.645,50.645,50.61,50.61,22,SIZ5
2025-11-11 08:22:00+00:00,33,1,42218,50.61,50.61,50.595,50.595,10,SIZ5
2025-11-11 08:23:00+00:00,33,1,42218,50.595,50.595,50.59,50.595,9,SIZ5
2025-11-11 08:24:00+00:00,33,1,42218,50.61,50.635,50.61,50.615,32,SIZ5
2025-11-11 08:25:00+00:00,33,1,42218,50.615,50.645,50.605,50.63,13,SIZ5
2025-11-11 08:26:00+00:00,33,1,42218,50.64,50.64,50.625,50.63,9,SIZ5
2025-11-11 08:27:00+00:00,33,1,42218,50.62,50.625,50.605,50.61,18,SIZ5
2025-11-11 08:28:00+00:00,33,1,42218,50.615,50.615,50.6,50.6,15,SIZ5
2025-11-11 08:29:00+00:00,33,1,42218,50.6,50.615,50.595,50.595,75,SIZ5
2025-11-11 08:30:00+00:00,33,1,42218,50.595,50.62,50.575,50.62,18,SIZ5
2025-11-11 08:31:00+00:00,33,1,42218,50.62,50.62,50.615,50.62,7,SIZ5
2025-11-11 08:32:00+00:00,33,1,42218,50.615,50.615,50.59,50.595,21,SIZ5
2025-11-11 08:33:00+00:00,33,1,42218,50.595,50.6,50.565,50.565,65,SIZ5
2025-11-11 08:34:00+00:00,33,1,42218,50.57,50.575,50.565,50.57,16,SIZ5
2025-11-11 08:35:00+00:00,33,1,42218,50.57,50.57,50.545,50.545,18,SIZ5
2025-11-11 08:36:00+00:00,33,1,42218,50.555,50.575,50.555,50.555,10,SIZ5
2025-11-11 08:37:00+00:00,33,1,42218,50.555,50.555,50.525,50.525,27,SIZ5
2025-11-11 08:38:00+00:00,33,1,42218,50.52,50.53,50.515,50.53,13,SIZ5
2025-11-11 08:39:00+00:00,33,1,42218,50.545,50.585,50.545,50.575,26,SIZ5
2025-11-11 08:40:00+00:00,33,1,42218,50.575,50.6,50.575,50.6,14,SIZ5
2025-11-11 08:41:00+00:00,33,1,42218,50.6,50.6,50.58,50.585,17,SIZ5
2025-11-11 08:42:00+00:00,33,1,42218,50.58,50.58,50.53,50.53,29,SIZ5
2025-11-11 08:43:00+00:00,33,1,42218,50.54,50.55,50.52,50.535,45,SIZ5
2025-11-11 08:44:00+00:00,33,1,42218,50.54,50.545,50.535,50.54,8,SIZ5
2025-11-11 08:45:00+00:00,33,1,42218,50.535,50.54,50.52,50.52,5,SIZ5
2025-11-11 08:46:00+00:00,33,1,42218,50.525,50.53,50.51,50.53,24,SIZ5
2025-11-11 08:47:00+00:00,33,1,42218,50.535,50.55,50.53,50.55,19,SIZ5
2025-11-11 08:48:00+00:00,33,1,42218,50.55,50.555,50.55,50.555,3,SIZ5
2025-11-11 08:49:00+00:00,33,1,42218,50.555,50.59,50.545,50.59,7,SIZ5
2025-11-11 08:50:00+00:00,33,1,42218,50.61,50.61,50.61,50.61,3,SIZ5
2025-11-11 08:51:00+00:00,33,1,42218,50.62,50.62,50.59,50.59,16,SIZ5
2025-11-11 08:52:00+00:00,33,1,42218,50.58,50.58,50.56,50.565,14,SIZ5
2025-11-11 08:53:00+00:00,33,1,42218,50.56,50.575,50.56,50.575,3,SIZ5
2025-11-11 08:54:00+00:00,33,1,42218,50.58,50.585,50.58,50.585,3,SIZ5
2025-11-11 08:55:00+00:00,33,1,42218,50.57,50.58,50.565,50.58,10,SIZ5
2025-11-11 08:56:00+00:00,33,1,42218,50.575,50.575,50.56,50.565,8,SIZ5
2025-11-11 08:57:00+00:00,33,1,42218,50.565,50.565,50.555,50.565,27,SIZ5
2025-11-11 08:58:00+00:00,33,1,42218,50.56,50.57,50.555,50.555,15,SIZ5
2025-11-11 08:59:00+00:00,33,1,42218,50.565,50.57,50.55,50.56,16,SIZ5
2025-11-11 09:00:00+00:00,33,1,42218,50.55,50.555,50.535,50.54,18,SIZ5
2025-11-11 09:01:00+00:00,33,1,42218,50.53,50.56,50.53,50.56,15,SIZ5
2025-11-11 09:02:00+00:00,33,1,42218,50.57,50.625,50.57,50.625,14,SIZ5
2025-11-11 09:03:00+00:00,33,1,42218,50.625,50.65,50.625,50.645,4,SIZ5
2025-11-11 09:04:00+00:00,33,1,42218,50.675,50.685,50.66,50.685,39,SIZ5
2025-11-11 09:05:00+00:00,33,1,42218,50.68,50.69,50.68,50.69,8,SIZ5
2025-11-11 09:06:00+00:00,33,1,42218,50.69,50.715,50.69,50.705,27,SIZ5
2025-11-11 09:07:00+00:00,33,1,42218,50.705,50.705,50.65,50.655,59,SIZ5
2025-11-11 09:08:00+00:00,33,1,42218,50.665,50.665,50.65,50.665,11,SIZ5
2025-11-11 09:09:00+00:00,33,1,42218,50.68,50.715,50.68,50.71,12,SIZ5
2025-11-11 09:10:00+00:00,33,1,42218,50.705,50.73,50.7,50.73,43,SIZ5
2025-11-11 09:11:00+00:00,33,1,42218,50.725,50.725,50.705,50.705,16,SIZ5
2025-11-11 09:12:00+00:00,33,1,42218,50.705,50.71,50.69,50.7,25,SIZ5
2025-11-11 09:13:00+00:00,33,1,42218,50.695,50.7,50.685,50.69,14,SIZ5
2025-11-11 09:14:00+00:00,33,1,42218,50.695,50.71,50.695,50.71,9,SIZ5
2025-11-11 09:15:00+00:00,33,1,42218,50.7,50.715,50.7,50.71,13,SIZ5
2025-11-11 09:16:00+00:00,33,1,42218,50.715,50.715,50.7,50.71,29,SIZ5
2025-11-11 09:17:00+00:00,33,1,42218,50.705,50.735,50.7,50.725,18,SIZ5
2025-11-11 09:18:00+00:00,33,1,42218,50.73,50.735,50.705,50.71,48,SIZ5
2025-11-11 09:19:00+00:00,33,1,42218,50.71,50.71,50.705,50.71,8,SIZ5
2025-11-11 09:20:00+00:00,33,1,42218,50.7,50.705,50.69,50.69,18,SIZ5
2025-11-11 09:21:00+00:00,33,1,42218,50.695,50.735,50.695,50.73,30,SIZ5
2025-11-11 09:22:00+00:00,33,1,42218,50.72,50.725,50.71,50.725,19,SIZ5
2025-11-11 09:23:00+00:00,33,1,42218,50.735,50.735,50.715,50.72,14,SIZ5
2025-11-11 09:24:00+00:00,33,1,42218,50.705,50.71,50.705,50.71,7,SIZ5
2025-11-11 09:25:00+00:00,33,1,42218,50.7,50.725,50.7,50.725,17,SIZ5
2025-11-11 09:26:00+00:00,33,1,42218,50.725,50.735,50.72,50.725,9,SIZ5
2025-11-11 09:27:00+00:00,33,1,42218,50.73,50.74,50.725,50.725,7,SIZ5
2025-11-11 09:28:00+00:00,33,1,42218,50.725,50.735,50.72,50.735,12,SIZ5
2025-11-11 09:29:00+00:00,33,1,42218,50.745,50.745,50.73,50.735,10,SIZ5
2025-11-11 09:30:00+00:00,33,1,42218,50.745,50.785,50.745,50.745,104,SIZ5
2025-11-11 09:31:00+00:00,33,1,42218,50.75,50.75,50.745,50.75,16,SIZ5
2025-11-11 09:32:00+00:00,33,1,42218,50.76,50.775,50.755,50.77,14,SIZ5
2025-11-11 09:33:00+00:00,33,1,42218,50.775,50.8,50.775,50.8,51,SIZ5
2025-11-11 09:34:00+00:00,33,1,42218,50.8,50.8,50.76,50.775,62,SIZ5
2025-11-11 09:35:00+00:00,33,1,42218,50.775,50.805,50.775,50.79,34,SIZ5
2025-11-11 09:36:00+00:00,33,1,42218,50.785,50.805,50.775,50.795,45,SIZ5
2025-11-11 09:37:00+00:00,33,1,42218,50.79,50.79,50.765,50.765,36,SIZ5
2025-11-11 09:38:00+00:00,33,1,42218,50.755,50.765,50.735,50.765,41,SIZ5
2025-11-11 09:39:00+00:00,33,1,42218,50.77,50.77,50.75,50.755,24,SIZ5
2025-11-11 09:40:00+00:00,33,1,42218,50.755,50.76,50.735,50.76,33,SIZ5
2025-11-11 09:41:00+00:00,33,1,42218,50.76,50.775,50.76,50.775,16,SIZ5
2025-11-11 09:42:00+00:00,33,1,42218,50.78,50.79,50.77,50.775,16,SIZ5
2025-11-11 09:43:00+00:00,33,1,42218,50.775,50.78,50.765,50.78,29,SIZ5
2025-11-11 09:44:00+00:00,33,1,42218,50.79,50.79,50.78,50.785,5,SIZ5
2025-11-11 09:45:00+00:00,33,1,42218,50.785,50.795,50.785,50.79,7,SIZ5
2025-11-11 09:46:00+00:00,33,1,42218,50.78,50.79,50.78,50.79,12,SIZ5
2025-11-11 09:47:00+00:00,33,1,42218,50.785,50.785,50.75,50.77,29,SIZ5
2025-11-11 09:48:00+00:00,33,1,42218,50.78,50.795,50.78,50.795,10,SIZ5
2025-11-11 09:49:00+00:00,33,1,42218,50.8,50.84,50.8,50.83,49,SIZ5
2025-11-11 09:50:00+00:00,33,1,42218,50.835,50.835,50.785,50.79,54,SIZ5
2025-11-11 09:51:00+00:00,33,1,42218,50.79,50.815,50.79,50.81,12,SIZ5
2025-11-11 09:52:00+00:00,33,1,42218,50.815,50.825,50.8,50.8,11,SIZ5
2025-11-11 09:53:00+00:00,33,1,42218,50.8,50.805,50.8,50.805,7,SIZ5
2025-11-11 09:54:00+00:00,33,1,42218,50.815,50.825,50.815,50.82,11,SIZ5
2025-11-11 09:55:00+00:00,33,1,42218,50.815,50.825,50.805,50.81,14,SIZ5
2025-11-11 09:56:00+00:00,33,1,42218,50.815,50.82,50.78,50.78,37,SIZ5
2025-11-11 09:57:00+00:00,33,1,42218,50.775,50.78,50.76,50.78,32,SIZ5
2025-11-11 09:58:00+00:00,33,1,42218,50.785,50.785,50.77,50.775,13,SIZ5
2025-11-11 09:59:00+00:00,33,1,42218,50.765,50.78,50.76,50.77,45,SIZ5
2025-11-11 10:00:00+00:00,33,1,42218,50.765,50.795,50.75,50.785,48,SIZ5
2025-11-11 10:01:00+00:00,33,1,42218,50.78,50.805,50.78,50.8,36,SIZ5
2025-11-11 10:02:00+00:00,33,1,42218,50.78,50.795,50.78,50.785,21,SIZ5
2025-11-11 10:03:00+00:00,33,1,42218,50.77,50.77,50.695,50.695,52,SIZ5
2025-11-11 10:04:00+00:00,33,1,42218,50.7,50.7,50.68,50.69,57,SIZ5
2025-11-11 10:05:00+00:00,33,1,42218,50.69,50.69,50.675,50.675,29,SIZ5
2025-11-11 10:06:00+00:00,33,1,42218,50.67,50.705,50.65,50.705,69,SIZ5
2025-11-11 10:07:00+00:00,33,1,42218,50.7,50.71,50.68,50.68,24,SIZ5
2025-11-11 10:08:00+00:00,33,1,42218,50.685,50.71,50.675,50.705,13,SIZ5
2025-11-11 10:09:00+00:00,33,1,42218,50.71,50.73,50.71,50.73,17,SIZ5
2025-11-11 10:10:00+00:00,33,1,42218,50.725,50.73,50.71,50.72,12,SIZ5
2025-11-11 10:11:00+00:00,33,1,42218,50.71,50.71,50.7,50.71,5,SIZ5
2025-11-11 10:12:00+00:00,33,1,42218,50.715,50.73,50.715,50.73,23,SIZ5
2025-11-11 10:13:00+00:00,33,1,42218,50.72,50.745,50.72,50.735,12,SIZ5
2025-11-11 10:14:00+00:00,33,1,42218,50.74,50.75,50.74,50.745,14,SIZ5
2025-11-11 10:15:00+00:00,33,1,42218,50.735,50.74,50.725,50.735,35,SIZ5
2025-11-11 10:16:00+00:00,33,1,42218,50.715,50.725,50.715,50.725,6,SIZ5
2025-11-11 10:17:00+00:00,33,1,42218,50.72,50.73,50.72,50.73,18,SIZ5
2025-11-11 10:18:00+00:00,33,1,42218,50.73,50.75,50.73,50.75,14,SIZ5
2025-11-11 10:19:00+00:00,33,1,42218,50.745,50.745,50.745,50.745,3,SIZ5
2025-11-11 10:20:00+00:00,33,1,42218,50.745,50.745,50.705,50.71,14,SIZ5
2025-11-11 10:21:00+00:00,33,1,42218,50.71,50.78,50.71,50.77,27,SIZ5
2025-11-11 10:22:00+00:00,33,1,42218,50.765,50.765,50.765,50.765,4,SIZ5
2025-11-11 10:23:00+00:00,33,1,42218,50.76,50.795,50.755,50.795,11,SIZ5
2025-11-11 10:24:00+00:00,33,1,42218,50.79,50.795,50.77,50.77,16,SIZ5
2025-11-11 10:25:00+00:00,33,1,42218,50.765,50.77,50.765,50.77,3,SIZ5
2025-11-11 10:26:00+00:00,33,1,42218,50.77,50.77,50.76,50.765,10,SIZ5
2025-11-11 10:27:00+00:00,33,1,42218,50.745,50.775,50.745,50.775,6,SIZ5
2025-11-11 10:28:00+00:00,33,1,42218,50.77,50.78,50.755,50.775,13,SIZ5
2025-11-11 10:29:00+00:00,33,1,42218,50.77,50.78,50.77,50.77,15,SIZ5
2025-11-11 10:30:00+00:00,33,1,42218,50.765,50.765,50.745,50.75,19,SIZ5
2025-11-11 10:31:00+00:00,33,1,42218,50.74,50.76,50.715,50.715,48,SIZ5
2025-11-11 10:32:00+00:00,33,1,42218,50.71,50.725,50.69,50.72,35,SIZ5
2025-11-11 10:33:00+00:00,33,1,42218,50.715,50.715,50.685,50.69,6,SIZ5
2025-11-11 10:34:00+00:00,33,1,42218,50.695,50.705,50.69,50.695,23,SIZ5
2025-11-11 10:35:00+00:00,33,1,42218,50.695,50.72,50.695,50.715,14,SIZ5
2025-11-11 10:36:00+00:00,33,1,42218,50.72,50.76,50.72,50.73,38,SIZ5
2025-11-11 10:37:00+00:00,33,1,42218,50.73,50.73,50.715,50.72,6,SIZ5
2025-11-11 10:38:00+00:00,33,1,42218,50.715,50.72,50.67,50.69,68,SIZ5
2025-11-11 10:39:00+00:00,33,1,42218,50.69,50.72,50.685,50.72,36,SIZ5
2025-11-11 10:40:00+00:00,33,1,42218,50.705,50.725,50.705,50.725,10,SIZ5
2025-11-11 10:41:00+00:00,33,1,42218,50.725,50.745,50.725,50.725,13,SIZ5
2025-11-11 10:42:00+00:00,33,1,42218,50.72,50.74,50.72,50.74,12,SIZ5
2025-11-11 10:43:00+00:00,33,1,42218,50.735,50.755,50.73,50.745,15,SIZ5
2025-11-11 10:44:00+00:00,33,1,42218,50.745,50.76,50.74,50.755,56,SIZ5
2025-11-11 10:45:00+00:00,33,1,42218,50.775,50.8,50.775,50.795,24,SIZ5
2025-11-11 10:46:00+00:00,33,1,42218,50.8,50.815,50.785,50.795,73,SIZ5
2025-11-11 10:47:00+00:00,33,1,42218,50.79,50.795,50.78,50.795,47,SIZ5
2025-11-11 10:48:00+00:00,33,1,42218,50.79,50.805,50.785,50.805,22,SIZ5
2025-11-11 10:49:00+00:00,33,1,42218,50.81,50.82,50.805,50.805,39,SIZ5
2025-11-11 10:50:00+00:00,33,1,42218,50.815,50.82,50.81,50.82,8,SIZ5
2025-11-11 10:51:00+00:00,33,1,42218,50.815,50.825,50.815,50.82,14,SIZ5
2025-11-11 10:52:00+00:00,33,1,42218,50.82,50.82,50.8,50.8,9,SIZ5
2025-11-11 10:53:00+00:00,33,1,42218,50.795,50.815,50.795,50.805,14,SIZ5
2025-11-11 10:54:00+00:00,33,1,42218,50.81,50.815,50.805,50.805,5,SIZ5
2025-11-11 10:55:00+00:00,33,1,42218,50.81,50.82,50.79,50.79,29,SIZ5
2025-11-11 10:56:00+00:00,33,1,42218,50.8,50.805,50.8,50.805,2,SIZ5
2025-11-11 10:57:00+00:00,33,1,42218,50.795,50.805,50.795,50.8,12,SIZ5
2025-11-11 10:58:00+00:00,33,1,42218,50.795,50.795,50.765,50.775,38,SIZ5
2025-11-11 10:59:00+00:00,33,1,42218,50.765,50.765,50.755,50.76,9,SIZ5
2025-11-11 11:00:00+00:00,33,1,42218,50.765,50.775,50.76,50.77,20,SIZ5
2025-11-11 11:01:00+00:00,33,1,42218,50.775,50.775,50.75,50.755,33,SIZ5
2025-11-11 11:02:00+00:00,33,1,42218,50.75,50.755,50.745,50.745,10,SIZ5
2025-11-11 11:03:00+00:00,33,1,42218,50.755,50.79,50.755,50.785,25,SIZ5
2025-11-11 11:04:00+00:00,33,1,42218,50.785,50.805,50.785,50.805,40,SIZ5
2025-11-11 11:05:00+00:00,33,1,42218,50.805,50.835,50.805,50.82,35,SIZ5
2025-11-11 11:06:00+00:00,33,1,42218,50.82,50.83,50.82,50.83,46,SIZ5
2025-11-11 11:07:00+00:00,33,1,42218,50.825,50.83,50.805,50.825,89,SIZ5
2025-11-11 11:08:00+00:00,33,1,42218,50.825,50.835,50.82,50.83,15,SIZ5
2025-11-11 11:09:00+00:00,33,1,42218,50.83,50.86,50.825,50.855,30,SIZ5
2025-11-11 11:10:00+00:00,33,1,42218,50.865,50.865,50.855,50.865,13,SIZ5
2025-11-11 11:11:00+00:00,33,1,42218,50.86,50.865,50.855,50.865,30,SIZ5
2025-11-11 11:12:00+00:00,33,1,42218,50.87,50.87,50.85,50.86,97,SIZ5
2025-11-11 11:13:00+00:00,33,1,42218,50.855,50.855,50.835,50.845,62,SIZ5
2025-11-11 11:14:00+00:00,33,1,42218,50.84,50.855,50.84,50.85,59,SIZ5
2025-11-11 11:15:00+00:00,33,1,42218,50.85,50.855,50.835,50.85,22,SIZ5
2025-11-11 11:16:00+00:00,33,1,42218,50.845,50.85,50.825,50.835,18,SIZ5
2025-11-11 11:17:00+00:00,33,1,42218,50.835,50.845,50.835,50.845,9,SIZ5
2025-11-11 11:18:00+00:00,33,1,42218,50.845,50.86,50.845,50.855,10,SIZ5
2025-11-11 11:19:00+00:00,33,1,42218,50.86,50.86,50.84,50.855,16,SIZ5
2025-11-11 11:20:00+00:00,33,1,42218,50.845,50.845,50.83,50.83,3,SIZ5
2025-11-11 11:21:00+00:00,33,1,42218,50.84,50.875,50.84,50.87,42,SIZ5
2025-11-11 11:22:00+00:00,33,1,42218,50.875,50.895,50.87,50.895,58,SIZ5
2025-11-11 11:23:00+00:00,33,1,42218,50.885,50.925,50.885,50.9,97,SIZ5
2025-11-11 11:24:00+00:00,33,1,42218,50.895,50.895,50.88,50.88,9,SIZ5
2025-11-11 11:25:00+00:00,33,1,42218,50.88,50.885,50.875,50.885,28,SIZ5
2025-11-11 11:26:00+00:00,33,1,42218,50.89,50.91,50.89,50.91,18,SIZ5
2025-11-11 11:27:00+00:00,33,1,42218,50.915,50.92,50.9,50.91,45,SIZ5
2025-11-11 11:28:00+00:00,33,1,42218,50.9,50.905,50.87,50.87,61,SIZ5
2025-11-11 11:29:00+00:00,33,1,42218,50.865,50.885,50.855,50.88,186,SIZ5
2025-11-11 11:30:00+00:00,33,1,42218,50.88,50.92,50.88,50.885,91,SIZ5
2025-11-11 11:31:00+00:00,33,1,42218,50.89,50.92,50.89,50.915,24,SIZ5
2025-11-11 11:32:00+00:00,33,1,42218,50.92,50.955,50.915,50.955,175,SIZ5
2025-11-11 11:33:00+00:00,33,1,42218,50.96,50.96,50.93,50.95,143,SIZ5
2025-11-11 11:34:00+00:00,33,1,42218,50.955,51.0,50.955,50.96,135,SIZ5
2025-11-11 11:35:00+00:00,33,1,42218,50.955,50.96,50.95,50.955,14,SIZ5
2025-11-11 11:36:00+00:00,33,1,42218,50.95,50.95,50.895,50.9,42,SIZ5
2025-11-11 11:37:00+00:00,33,1,42218,50.895,50.895,50.855,50.86,101,SIZ5
2025-11-11 11:38:00+00:00,33,1,42218,50.87,50.89,50.87,50.89,14,SIZ5
2025-11-11 11:39:00+00:00,33,1,42218,50.905,50.91,50.885,50.885,24,SIZ5
2025-11-11 11:40:00+00:00,33,1,42218,50.885,50.905,50.88,50.905,15,SIZ5
2025-11-11 11:41:00+00:00,33,1,42218,50.91,50.965,50.91,50.955,91,SIZ5
2025-11-11 11:42:00+00:00,33,1,42218,50.96,50.97,50.95,50.95,23,SIZ5
2025-11-11 11:43:00+00:00,33,1,42218,50.95,50.95,50.935,50.935,6,SIZ5
2025-11-11 11:44:00+00:00,33,1,42218,50.935,50.955,50.935,50.94,21,SIZ5
2025-11-11 11:45:00+00:00,33,1,42218,50.94,50.955,50.935,50.955,52,SIZ5
2025-11-11 11:46:00+00:00,33,1,42218,50.955,50.995,50.95,50.99,88,SIZ5
2025-11-11 11:47:00+00:00,33,1,42218,50.995,50.995,50.97,50.975,94,SIZ5
2025-11-11 11:48:00+00:00,33,1,42218,50.975,50.985,50.95,50.955,180,SIZ5
2025-11-11 11:49:00+00:00,33,1,42218,50.965,50.985,50.945,50.975,82,SIZ5
2025-11-11 11:50:00+00:00,33,1,42218,50.98,50.985,50.965,50.965,16,SIZ5
2025-11-11 11:51:00+00:00,33,1,42218,50.965,50.965,50.95,50.955,29,SIZ5
2025-11-11 11:52:00+00:00,33,1,42218,50.965,50.965,50.96,50.96,8,SIZ5
2025-11-11 11:53:00+00:00,33,1,42218,50.965,50.975,50.96,50.975,8,SIZ5
2025-11-11 11:54:00+00:00,33,1,42218,50.975,50.98,50.975,50.98,3,SIZ5
2025-11-11 11:55:00+00:00,33,1,42218,50.98,50.99,50.975,50.98,37,SIZ5
2025-11-11 11:56:00+00:00,33,1,42218,50.985,51.02,50.985,51.0,155,SIZ5
2025-11-11 11:57:00+00:00,33,1,42218,51.0,51.02,51.0,51.015,44,SIZ5
2025-11-11 11:58:00+00:00,33,1,42218,51.02,51.06,51.02,51.025,170,SIZ5
2025-11-11 11:59:00+00:00,33,1,42218,51.02,51.03,50.99,51.03,60,SIZ5
2025-11-11 12:00:00+00:00,33,1,42218,51.035,51.04,51.01,51.03,93,SIZ5
2025-11-11 12:01:00+00:00,33,1,42218,51.04,51.075,51.04,51.05,78,SIZ5
2025-11-11 12:02:00+00:00,33,1,42218,51.045,51.08,51.04,51.07,66,SIZ5
2025-11-11 12:03:00+00:00,33,1,42218,51.08,51.1,51.03,51.035,110,SIZ5
2025-11-11 12:04:00+00:00,33,1,42218,51.035,51.04,51.015,51.015,63,SIZ5
2025-11-11 12:05:00+00:00,33,1,42218,51.01,51.025,50.95,50.97,125,SIZ5
2025-11-11 12:06:00+00:00,33,1,42218,50.97,50.975,50.94,50.955,54,SIZ5
2025-11-11 12:07:00+00:00,33,1,42218,50.96,50.97,50.92,50.935,52,SIZ5
2025-11-11 12:08:00+00:00,33,1,42218,50.935,50.94,50.925,50.94,33,SIZ5
2025-11-11 12:09:00+00:00,33,1,42218,50.94,50.94,50.885,50.935,86,SIZ5
2025-11-11 12:10:00+00:00,33,1,42218,50.92,50.92,50.88,50.9,33,SIZ5
2025-11-11 12:11:00+00:00,33,1,42218,50.9,50.92,50.9,50.91,35,SIZ5
2025-11-11 12:12:00+00:00,33,1,42218,50.905,50.915,50.89,50.9,20,SIZ5
2025-11-11 12:13:00+00:00,33,1,42218,50.9,50.915,50.89,50.915,34,SIZ5
2025-11-11 12:14:00+00:00,33,1,42218,50.91,50.915,50.9,50.91,9,SIZ5
2025-11-11 12:15:00+00:00,33,1,42218,50.91,50.91,50.895,50.91,23,SIZ5
2025-11-11 12:16:00+00:00,33,1,42218,50.91,50.94,50.91,50.94,32,SIZ5
2025-11-11 12:17:00+00:00,33,1,42218,50.94,50.955,50.92,50.93,61,SIZ5
2025-11-11 12:18:00+00:00,33,1,42218,50.925,50.925,50.91,50.91,24,SIZ5
2025-11-11 12:19:00+00:00,33,1,42218,50.92,50.945,50.91,50.91,37,SIZ5
2025-11-11 12:20:00+00:00,33,1,42218,50.91,50.935,50.9,50.925,63,SIZ5
2025-11-11 12:21:00+00:00,33,1,42218,50.93,50.94,50.91,50.92,46,SIZ5
2025-11-11 12:22:00+00:00,33,1,42218,50.915,50.935,50.915,50.935,18,SIZ5
2025-11-11 12:23:00+00:00,33,1,42218,50.935,50.95,50.935,50.94,32,SIZ5
2025-11-11 12:24:00+00:00,33,1,42218,50.94,50.945,50.935,50.945,14,SIZ5
2025-11-11 12:25:00+00:00,33,1,42218,50.935,50.99,50.93,50.99,89,SIZ5
2025-11-11 12:26:00+00:00,33,1,42218,50.99,51.01,50.98,50.99,60,SIZ5
2025-11-11 12:27:00+00:00,33,1,42218,50.99,51.015,50.985,51.015,43,SIZ5
2025-11-11 12:28:00+00:00,33,1,42218,51.015,51.015,51.0,51.01,16,SIZ5
2025-11-11 12:29:00+00:00,33,1,42218,51.01,51.01,50.98,50.98,25,SIZ5
2025-11-11 12:30:00+00:00,33,1,42218,50.985,50.99,50.975,50.98,27,SIZ5
2025-11-11 12:31:00+00:00,33,1,42218,50.975,50.98,50.955,50.96,51,SIZ5
2025-11-11 12:32:00+00:00,33,1,42218,50.96,50.965,50.95,50.96,12,SIZ5
2025-11-11 12:33:00+00:00,33,1,42218,50.97,50.97,50.96,50.97,11,SIZ5
2025-11-11 12:34:00+00:00,33,1,42218,50.965,51.0,50.96,51.0,29,SIZ5
2025-11-11 12:35:00+00:00,33,1,42218,51.0,51.03,50.99,51.02,53,SIZ5
2025-11-11 12:36:00+00:00,33,1,42218,51.025,51.04,51.015,51.035,50,SIZ5
2025-11-11 12:37:00+00:00,33,1,42218,51.025,51.035,51.0,51.0,31,SIZ5
2025-11-11 12:38:00+00:00,33,1,42218,51.0,51.005,50.995,51.0,14,SIZ5
2025-11-11 12:39:00+00:00,33,1,42218,51.01,51.015,50.995,50.995,13,SIZ5
2025-11-11 12:40:00+00:00,33,1,42218,50.995,51.025,50.995,51.025,24,SIZ5
2025-11-11 12:41:00+00:00,33,1,42218,51.02,51.03,51.01,51.02,20,SIZ5
2025-11-11 12:42:00+00:00,33,1,42218,51.02,51.02,51.005,51.005,12,SIZ5
2025-11-11 12:43:00+00:00,33,1,42218,51.0,51.01,51.0,51.01,12,SIZ5
2025-11-11 12:44:00+00:00,33,1,42218,51.02,51.04,51.02,51.04,39,SIZ5
2025-11-11 12:45:00+00:00,33,1,42218,51.035,51.035,51.02,51.03,32,SIZ5
2025-11-11 12:46:00+00:00,33,1,42218,51.04,51.045,51.01,51.02,28,SIZ5
2025-11-11 12:47:00+00:00,33,1,42218,51.025,51.025,50.985,50.985,32,SIZ5
2025-11-11 12:48:00+00:00,33,1,42218,50.985,50.985,50.96,50.965,49,SIZ5
2025-11-11 12:49:00+00:00,33,1,42218,50.965,50.965,50.925,50.95,210,SIZ5
2025-11-11 12:50:00+00:00,33,1,42218,50.94,50.945,50.9,50.91,52,SIZ5
2025-11-11 12:51:00+00:00,33,1,42218,50.91,50.94,50.905,50.94,28,SIZ5
2025-11-11 12:52:00+00:00,33,1,42218,50.935,50.935,50.87,50.87,53,SIZ5
2025-11-11 12:53:00+00:00,33,1,42218,50.88,50.895,50.84,50.85,47,SIZ5
2025-11-11 12:54:00+00:00,33,1,42218,50.855,50.855,50.815,50.84,85,SIZ5
2025-11-11 12:55:00+00:00,33,1,42218,50.845,50.86,50.785,50.795,177,SIZ5
2025-11-11 12:56:00+00:00,33,1,42218,50.79,50.79,50.77,50.785,103,SIZ5
2025-11-11 12:57:00+00:00,33,1,42218,50.775,50.81,50.775,50.805,53,SIZ5
2025-11-11 12:58:00+00:00,33,1,42218,50.81,50.815,50.77,50.8,46,SIZ5
2025-11-11 12:59:00+00:00,33,1,42218,50.8,50.8,50.75,50.755,145,SIZ5
2025-11-11 13:00:00+00:00,33,1,42218,50.755,50.795,50.72,50.765,239,SIZ5
2025-11-11 13:01:00+00:00,33,1,42218,50.77,50.82,50.77,50.815,124,SIZ5
2025-11-11 13:02:00+00:00,33,1,42218,50.83,50.835,50.775,50.815,146,SIZ5
2025-11-11 13:03:00+00:00,33,1,42218,50.79,50.805,50.78,50.795,30,SIZ5
2025-11-11 13:04:00+00:00,33,1,42218,50.8,50.83,50.745,50.775,99,SIZ5
2025-11-11 13:05:00+00:00,33,1,42218,50.775,50.815,50.765,50.815,56,SIZ5
2025-11-11 13:06:00+00:00,33,1,42218,50.82,50.845,50.81,50.84,67,SIZ5
2025-11-11 13:07:00+00:00,33,1,42218,50.85,50.86,50.815,50.84,184,SIZ5
2025-11-11 13:08:00+00:00,33,1,42218,50.845,50.845,50.83,50.84,14,SIZ5
2025-11-11 13:09:00+00:00,33,1,42218,50.835,50.89,50.83,50.88,97,SIZ5
2025-11-11 13:10:00+00:00,33,1,42218,50.875,50.92,50.875,50.905,75,SIZ5
2025-11-11 13:11:00+00:00,33,1,42218,50.91,50.92,50.89,50.92,69,SIZ5
2025-11-11 13:12:00+00:00,33,1,42218,50.915,50.93,50.89,50.91,43,SIZ5
2025-11-11 13:13:00+00:00,33,1,42218,50.92,50.925,50.89,50.92,41,SIZ5
2025-11-11 13:14:00+00:00,33,1,42218,50.925,50.945,50.915,50.935,42,SIZ5
2025-11-11 13:15:00+00:00,33,1,42218,50.94,50.94,50.905,50.905,31,SIZ5
2025-11-11 13:16:00+00:00,33,1,42218,50.91,50.94,50.905,50.94,31,SIZ5
2025-11-11 13:17:00+00:00,33,1,42218,50.94,50.945,50.93,50.93,41,SIZ5
2025-11-11 13:18:00+00:00,33,1,42218,50.93,50.94,50.925,50.925,24,SIZ5
2025-11-11 13:19:00+00:00,33,1,42218,50.925,50.935,50.915,50.935,36,SIZ5
2025-11-11 13:20:00+00:00,33,1,42218,50.935,50.935,50.905,50.935,62,SIZ5
2025-11-11 13:21:00+00:00,33,1,42218,50.945,50.945,50.92,50.925,23,SIZ5
2025-11-11 13:22:00+00:00,33,1,42218,50.93,50.965,50.93,50.955,43,SIZ5
2025-11-11 13:23:00+00:00,33,1,42218,50.95,50.965,50.94,50.96,25,SIZ5
2025-11-11 13:24:00+00:00,33,1,42218,50.96,50.96,50.93,50.96,30,SIZ5
2025-11-11 13:25:00+00:00,33,1,42218,50.96,50.97,50.945,50.965,65,SIZ5
2025-11-11 13:26:00+00:00,33,1,42218,50.965,50.995,50.95,50.985,73,SIZ5
2025-11-11 13:27:00+00:00,33,1,42218,50.985,50.985,50.935,50.935,83,SIZ5
2025-11-11 13:28:00+00:00,33,1,42218,50.93,50.93,50.895,50.915,88,SIZ5
2025-11-11 13:29:00+00:00,33,1,42218,50.915,50.935,50.9,50.915,65,SIZ5
2025-11-11 13:30:00+00:00,33,1,42218,50.92,50.925,50.875,50.89,79,SIZ5
2025-11-11 13:31:00+00:00,33,1,42218,50.885,50.91,50.88,50.91,93,SIZ5
2025-11-11 13:32:00+00:00,33,1,42218,50.92,50.945,50.92,50.94,34,SIZ5
2025-11-11 13:33:00+00:00,33,1,42218,50.94,50.97,50.94,50.955,24,SIZ5
2025-11-11 13:34:00+00:00,33,1,42218,50.955,51.01,50.945,51.0,52,SIZ5
2025-11-11 13:35:00+00:00,33,1,42218,51.005,51.01,50.985,50.99,62,SIZ5
2025-11-11 13:36:00+00:00,33,1,42218,50.99,51.04,50.975,51.01,74,SIZ5
2025-11-11 13:37:00+00:00,33,1,42218,51.01,51.02,51.005,51.01,52,SIZ5
2025-11-11 13:38:00+00:00,33,1,42218,51.02,51.045,51.02,51.035,38,SIZ5
2025-11-11 13:39:00+00:00,33,1,42218,51.035,51.05,51.03,51.04,61,SIZ5
2025-11-11 13:40:00+00:00,33,1,42218,51.04,51.05,51.025,51.05,64,SIZ5
2025-11-11 13:41:00+00:00,33,1,42218,51.045,51.045,50.995,51.0,50,SIZ5
2025-11-11 13:42:00+00:00,33,1,42218,50.995,50.995,50.965,50.985,77,SIZ5
2025-11-11 13:43:00+00:00,33,1,42218,50.985,50.985,50.975,50.985,21,SIZ5
2025-11-11 13:44:00+00:00,33,1,42218,50.975,50.99,50.97,50.985,54,SIZ5
2025-11-11 13:45:00+00:00,33,1,42218,50.98,51.01,50.965,51.01,43,SIZ5
2025-11-11 13:46:00+00:00,33,1,42218,51.01,51.015,50.99,51.0,36,SIZ5
2025-11-11 13:47:00+00:00,33,1,42218,51.005,51.04,51.005,51.04,25,SIZ5
2025-11-11 13:48:00+00:00,33,1,42218,51.03,51.05,51.025,51.04,41,SIZ5
2025-11-11 13:49:00+00:00,33,1,42218,51.045,51.07,51.045,51.06,57,SIZ5
2025-11-11 13:50:00+00:00,33,1,42218,51.07,51.07,51.04,51.045,47,SIZ5
2025-11-11 13:51:00+00:00,33,1,42218,51.05,51.05,51.015,51.015,32,SIZ5
2025-11-11 13:52:00+00:00,33,1,42218,51.015,51.04,51.01,51.03,38,SIZ5
2025-11-11 13:53:00+00:00,33,1,42218,51.025,51.03,51.0,51.0,33,SIZ5
2025-11-11 13:54:00+00:00,33,1,42218,51.005,51.015,51.0,51.01,27,SIZ5
2025-11-11 13:55:00+00:00,33,1,42218,51.005,51.01,50.985,50.995,55,SIZ5
2025-11-11 13:56:00+00:00,33,1,42218,50.995,51.01,50.955,50.96,147,SIZ5
2025-11-11 13:57:00+00:00,33,1,42218,50.965,50.985,50.935,50.98,66,SIZ5
2025-11-11 13:58:00+00:00,33,1,42218,50.98,50.995,50.975,50.98,41,SIZ5
2025-11-11 13:59:00+00:00,33,1,42218,50.98,51.01,50.98,50.99,65,SIZ5
2025-11-11 14:00:00+00:00,33,1,42218,50.98,51.0,50.96,50.97,72,SIZ5
2025-11-11 14:01:00+00:00,33,1,42218,50.975,51.01,50.96,51.01,61,SIZ5
2025-11-11 14:02:00+00:00,33,1,42218,51.005,51.045,51.005,51.04,52,SIZ5
2025-11-11 14:03:00+00:00,33,1,42218,51.04,51.045,50.995,51.0,75,SIZ5
2025-11-11 14:04:00+00:00,33,1,42218,51.0,51.01,50.98,51.01,46,SIZ5
2025-11-11 14:05:00+00:00,33,1,42218,51.01,51.015,50.98,50.995,66,SIZ5
2025-11-11 14:06:00+00:00,33,1,42218,51.005,51.005,50.965,51.0,33,SIZ5
2025-11-11 14:07:00+00:00,33,1,42218,50.99,51.055,50.985,51.045,49,SIZ5
2025-11-11 14:08:00+00:00,33,1,42218,51.045,51.075,51.045,51.05,55,SIZ5
2025-11-11 14:09:00+00:00,33,1,42218,51.06,51.085,51.055,51.08,80,SIZ5
2025-11-11 14:10:00+00:00,33,1,42218,51.08,51.085,51.05,51.055,51,SIZ5
2025-11-11 14:11:00+00:00,33,1,42218,51.06,51.07,51.04,51.04,87,SIZ5
2025-11-11 14:12:00+00:00,33,1,42218,51.04,51.04,51.015,51.015,34,SIZ5
2025-11-11 14:13:00+00:00,33,1,42218,51.02,51.05,51.02,51.035,64,SIZ5
2025-11-11 14:14:00+00:00,33,1,42218,51.03,51.06,51.01,51.045,69,SIZ5
2025-11-11 14:15:00+00:00,33,1,42218,51.05,51.065,51.04,51.055,46,SIZ5
2025-11-11 14:16:00+00:00,33,1,42218,51.055,51.055,50.995,51.0,57,SIZ5
2025-11-11 14:17:00+00:00,33,1,42218,51.01,51.015,50.995,51.0,35,SIZ5
2025-11-11 14:18:00+00:00,33,1,42218,50.995,50.995,50.955,50.98,61,SIZ5
2025-11-11 14:19:00+00:00,33,1,42218,50.985,50.985,50.96,50.96,42,SIZ5
2025-11-11 14:20:00+00:00,33,1,42218,50.96,50.96,50.865,50.875,187,SIZ5
2025-11-11 14:21:00+00:00,33,1,42218,50.87,50.89,50.8,50.855,246,SIZ5
2025-11-11 14:22:00+00:00,33,1,42218,50.855,50.895,50.835,50.885,64,SIZ5
2025-11-11 14:23:00+00:00,33,1,42218,50.88,50.925,50.88,50.91,101,SIZ5
2025-11-11 14:24:00+00:00,33,1,42218,50.91,50.96,50.91,50.935,91,SIZ5
2025-11-11 14:25:00+00:00,33,1,42218,50.93,50.945,50.9,50.935,55,SIZ5
2025-11-11 14:26:00+00:00,33,1,42218,50.93,50.96,50.88,50.89,104,SIZ5
2025-11-11 14:27:00+00:00,33,1,42218,50.88,50.88,50.84,50.855,70,SIZ5
2025-11-11 14:28:00+00:00,33,1,42218,50.855,50.9,50.855,50.885,51,SIZ5
2025-11-11 14:29:00+00:00,33,1,42218,50.885,50.91,50.885,50.885,66,SIZ5
2025-11-11 14:30:00+00:00,33,1,42218,50.885,50.895,50.815,50.875,190,SIZ5
2025-11-11 14:31:00+00:00,33,1,42218,50.885,50.92,50.85,50.85,141,SIZ5
2025-11-11 14:32:00+00:00,33,1,42218,50.83,50.865,50.8,50.8,98,SIZ5
2025-11-11 14:33:00+00:00,33,1,42218,50.82,50.825,50.745,50.795,194,SIZ5
2025-11-11 14:34:00+00:00,33,1,42218,50.79,50.82,50.76,50.79,172,SIZ5
2025-11-11 14:35:00+00:00,33,1,42218,50.79,50.83,50.775,50.79,113,SIZ5
2025-11-11 14:36:00+00:00,33,1,42218,50.79,50.86,50.75,50.86,209,SIZ5
2025-11-11 14:37:00+00:00,33,1,42218,50.85,50.87,50.805,50.82,134,SIZ5
2025-11-11 14:38:00+00:00,33,1,42218,50.815,50.88,50.815,50.875,125,SIZ5
2025-11-11 14:39:00+00:00,33,1,42218,50.865,50.87,50.78,50.815,111,SIZ5
2025-11-11 14:40:00+00:00,33,1,42218,50.815,50.815,50.75,50.795,184,SIZ5
2025-11-11 14:41:00+00:00,33,1,42218,50.815,50.85,50.795,50.81,89,SIZ5
2025-11-11 14:42:00+00:00,33,1,42218,50.82,50.84,50.785,50.8,139,SIZ5
2025-11-11 14:43:00+00:00,33,1,42218,50.795,50.83,50.795,50.83,61,SIZ5
2025-11-11 14:44:00+00:00,33,1,42218,50.835,50.845,50.815,50.835,49,SIZ5
2025-11-11 14:45:00+00:00,33,1,42218,50.845,50.865,50.815,50.815,67,SIZ5
2025-11-11 14:46:00+00:00,33,1,42218,50.82,50.82,50.73,50.77,148,SIZ5
2025-11-11 14:47:00+00:00,33,1,42218,50.765,50.8,50.72,50.73,70,SIZ5
2025-11-11 14:48:00+00:00,33,1,42218,50.735,50.745,50.695,50.7,149,SIZ5
2025-11-11 14:49:00+00:00,33,1,42218,50.705,50.71,50.565,50.57,454,SIZ5
2025-11-11 14:50:00+00:00,33,1,42218,50.57,50.66,50.565,50.64,329,SIZ5
2025-11-11 14:51:00+00:00,33,1,42218,50.635,50.7,50.62,50.695,155,SIZ5
2025-11-11 14:52:00+00:00,33,1,42218,50.695,50.72,50.685,50.69,172,SIZ5
2025-11-11 14:53:00+00:00,33,1,42218,50.695,50.71,50.635,50.65,125,SIZ5
2025-11-11 14:54:00+00:00,33,1,42218,50.64,50.65,50.59,50.64,272,SIZ5
2025-11-11 14:55:00+00:00,33,1,42218,50.645,50.695,50.625,50.695,66,SIZ5
2025-11-11 14:56:00+00:00,33,1,42218,50.685,50.72,50.67,50.68,85,SIZ5
2025-11-11 14:57:00+00:00,33,1,42218,50.685,50.71,50.685,50.71,30,SIZ5
2025-11-11 14:58:00+00:00,33,1,42218,50.705,50.735,50.7,50.73,57,SIZ5
2025-11-11 14:59:00+00:00,33,1,42218,50.73,50.735,50.695,50.7,50,SIZ5
2025-11-11 15:00:00+00:00,33,1,42218,50.69,50.69,50.64,50.65,70,SIZ5
2025-11-11 15:01:00+00:00,33,1,42218,50.64,50.655,50.605,50.65,78,SIZ5
2025-11-11 15:02:00+00:00,33,1,42218,50.655,50.655,50.56,50.57,141,SIZ5
2025-11-11 15:03:00+00:00,33,1,42218,50.57,50.63,50.555,50.615,96,SIZ5
2025-11-11 15:04:00+00:00,33,1,42218,50.62,50.65,50.61,50.615,68,SIZ5
2025-11-11 15:05:00+00:00,33,1,42218,50.615,50.635,50.61,50.62,33,SIZ5
2025-11-11 15:06:00+00:00,33,1,42218,50.625,50.63,50.56,50.565,82,SIZ5
2025-11-11 15:07:00+00:00,33,1,42218,50.57,50.62,50.57,50.585,123,SIZ5
2025-11-11 15:08:00+00:00,33,1,42218,50.585,50.615,50.54,50.61,80,SIZ5
2025-11-11 15:09:00+00:00,33,1,42218,50.615,50.66,50.59,50.66,40,SIZ5
2025-11-11 15:10:00+00:00,33,1,42218,50.655,50.66,50.63,50.645,90,SIZ5
2025-11-11 15:11:00+00:00,33,1,42218,50.645,50.65,50.59,50.62,79,SIZ5
2025-11-11 15:12:00+00:00,33,1,42218,50.615,50.645,50.58,50.64,164,SIZ5
2025-11-11 15:13:00+00:00,33,1,42218,50.645,50.655,50.61,50.64,71,SIZ5
2025-11-11 15:14:00+00:00,33,1,42218,50.635,50.65,50.62,50.64,76,SIZ5
2025-11-11 15:15:00+00:00,33,1,42218,50.64,50.64,50.61,50.615,30,SIZ5
2025-11-11 15:16:00+00:00,33,1,42218,50.61,50.625,50.59,50.6,46,SIZ5
2025-11-11 15:17:00+00:00,33,1,42218,50.62,50.645,50.585,50.585,132,SIZ5
2025-11-11 15:18:00+00:00,33,1,42218,50.615,50.625,50.575,50.585,37,SIZ5
2025-11-11 15:19:00+00:00,33,1,42218,50.58,50.585,50.54,50.54,114,SIZ5
2025-11-11 15:20:00+00:00,33,1,42218,50.53,50.545,50.49,50.51,439,SIZ5
2025-11-11 15:21:00+00:00,33,1,42218,50.52,50.54,50.5,50.515,105,SIZ5
2025-11-11 15:22:00+00:00,33,1,42218,50.505,50.51,50.41,50.43,417,SIZ5
2025-11-11 15:23:00+00:00,33,1,42218,50.425,50.47,50.415,50.42,294,SIZ5
2025-11-11 15:24:00+00:00,33,1,42218,50.43,50.465,50.415,50.43,231,SIZ5
2025-11-11 15:25:00+00:00,33,1,42218,50.44,50.485,50.42,50.43,164,SIZ5
2025-11-11 15:26:00+00:00,33,1,42218,50.435,50.46,50.385,50.42,150,SIZ5
2025-11-11 15:27:00+00:00,33,1,42218,50.43,50.45,50.325,50.345,238,SIZ5
2025-11-11 15:28:00+00:00,33,1,42218,50.34,50.35,50.245,50.28,470,SIZ5
2025-11-11 15:29:00+00:00,33,1,42218,50.275,50.29,50.23,50.27,281,SIZ5
2025-11-11 15:30:00+00:00,33,1,42218,50.26,50.33,50.205,50.31,801,SIZ5
2025-11-11 15:31:00+00:00,33,1,42218,50.31,50.35,50.28,50.29,180,SIZ5
2025-11-11 15:32:00+00:00,33,1,42218,50.29,50.31,50.25,50.26,163,SIZ5
2025-11-11 15:33:00+00:00,33,1,42218,50.25,50.25,50.185,50.215,236,SIZ5
2025-11-11 15:34:00+00:00,33,1,42218,50.215,50.265,50.215,50.25,131,SIZ5
2025-11-11 15:35:00+00:00,33,1,42218,50.255,50.29,50.24,50.245,127,SIZ5
2025-11-11 15:36:00+00:00,33,1,42218,50.235,50.235,50.15,50.215,282,SIZ5
2025-11-11 15:37:00+00:00,33,1,42218,50.2,50.24,50.185,50.185,155,SIZ5
2025-11-11 15:38:00+00:00,33,1,42218,50.195,50.22,50.165,50.215,146,SIZ5
2025-11-11 15:39:00+00:00,33,1,42218,50.22,50.29,50.22,50.285,152,SIZ5
2025-11-11 15:40:00+00:00,33,1,42218,50.29,50.3,50.23,50.245,82,SIZ5
2025-11-11 15:41:00+00:00,33,1,42218,50.255,50.255,50.165,50.21,152,SIZ5
2025-11-11 15:42:00+00:00,33,1,42218,50.21,50.225,50.175,50.21,499,SIZ5
2025-11-11 15:43:00+00:00,33,1,42218,50.215,50.245,50.195,50.245,100,SIZ5
2025-11-11 15:44:00+00:00,33,1,42218,50.245,50.25,50.205,50.245,55,SIZ5
2025-11-11 15:45:00+00:00,33,1,42218,50.255,50.285,50.255,50.285,216,SIZ5
2025-11-11 15:46:00+00:00,33,1,42218,50.28,50.29,50.25,50.265,62,SIZ5
2025-11-11 15:47:00+00:00,33,1,42218,50.27,50.33,50.27,50.31,84,SIZ5
2025-11-11 15:48:00+00:00,33,1,42218,50.305,50.35,50.305,50.345,140,SIZ5
2025-11-11 15:49:00+00:00,33,1,42218,50.345,50.345,50.29,50.345,143,SIZ5
2025-11-11 15:50:00+00:00,33,1,42218,50.34,50.385,50.335,50.37,81,SIZ5
2025-11-11 15:51:00+00:00,33,1,42218,50.375,50.42,50.375,50.415,235,SIZ5
2025-11-11 15:52:00+00:00,33,1,42218,50.41,50.425,50.395,50.4,125,SIZ5
2025-11-11 15:53:00+00:00,33,1,42218,50.41,50.42,50.37,50.38,78,SIZ5
2025-11-11 15:54:00+00:00,33,1,42218,50.375,50.375,50.3,50.315,102,SIZ5
2025-11-11 15:55:00+00:00,33,1,42218,50.315,50.335,50.29,50.335,93,SIZ5
2025-11-11 15:56:00+00:00,33,1,42218,50.335,50.35,50.32,50.325,54,SIZ5
2025-11-11 15:57:00+00:00,33,1,42218,50.31,50.34,50.29,50.34,62,SIZ5
2025-11-11 15:58:00+00:00,33,1,42218,50.325,50.375,50.32,50.365,42,SIZ5
2025-11-11 15:59:00+00:00,33,1,42218,50.365,50.385,50.31,50.33,160,SIZ5
2025-11-11 16:00:00+00:00,33,1,42218,50.325,50.34,50.285,50.295,97,SIZ5
2025-11-11 16:01:00+00:00,33,1,42218,50.295,50.32,50.29,50.31,32,SIZ5
2025-11-11 16:02:00+00:00,33,1,42218,50.31,50.365,50.31,50.36,45,SIZ5
2025-11-11 16:03:00+00:00,33,1,42218,50.365,50.385,50.345,50.365,202,SIZ5
2025-11-11 16:04:00+00:00,33,1,42218,50.365,50.41,50.36,50.395,62,SIZ5
2025-11-11 16:05:00+00:00,33,1,42218,50.395,50.43,50.395,50.415,110,SIZ5
2025-11-11 16:06:00+00:00,33,1,42218,50.41,50.425,50.39,50.395,89,SIZ5
2025-11-11 16:07:00+00:00,33,1,42218,50.39,50.425,50.39,50.405,32,SIZ5
2025-11-11 16:08:00+00:00,33,1,42218,50.41,50.435,50.41,50.41,155,SIZ5
2025-11-11 16:09:00+00:00,33,1,42218,50.41,50.42,50.375,50.38,41,SIZ5
2025-11-11 16:10:00+00:00,33,1,42218,50.39,50.415,50.38,50.415,25,SIZ5
2025-11-11 16:11:00+00:00,33,1,42218,50.415,50.485,50.415,50.475,94,SIZ5
2025-11-11 16:12:00+00:00,33,1,42218,50.475,50.525,50.475,50.51,302,SIZ5
2025-11-11 16:13:00+00:00,33,1,42218,50.505,50.52,50.485,50.495,69,SIZ5
2025-11-11 16:14:00+00:00,33,1,42218,50.5,50.555,50.5,50.54,198,SIZ5
2025-11-11 16:15:00+00:00,33,1,42218,50.55,50.6,50.55,50.585,170,SIZ5
2025-11-11 16:16:00+00:00,33,1,42218,50.595,50.615,50.575,50.575,137,SIZ5
2025-11-11 16:17:00+00:00,33,1,42218,50.585,50.605,50.57,50.59,100,SIZ5
2025-11-11 16:18:00+00:00,33,1,42218,50.595,50.605,50.565,50.58,42,SIZ5
2025-11-11 16:19:00+00:00,33,1,42218,50.57,50.6,50.55,50.565,136,SIZ5
2025-11-11 16:20:00+00:00,33,1,42218,50.575,50.595,50.575,50.575,44,SIZ5
2025-11-11 16:21:00+00:00,33,1,42218,50.585,50.61,50.58,50.595,39,SIZ5
2025-11-11 16:22:00+00:00,33,1,42218,50.605,50.655,50.6,50.65,107,SIZ5
2025-11-11 16:23:00+00:00,33,1,42218,50.65,50.65,50.605,50.605,73,SIZ5
2025-11-11 16:24:00+00:00,33,1,42218,50.605,50.63,50.6,50.615,35,SIZ5
2025-11-11 16:25:00+00:00,33,1,42218,50.625,50.63,50.6,50.605,88,SIZ5
2025-11-11 16:26:00+00:00,33,1,42218,50.6,50.6,50.555,50.555,131,SIZ5
2025-11-11 16:27:00+00:00,33,1,42218,50.55,50.575,50.505,50.545,84,SIZ5
2025-11-11 16:28:00+00:00,33,1,42218,50.55,50.59,50.55,50.56,35,SIZ5
2025-11-11 16:29:00+00:00,33,1,42218,50.565,50.575,50.55,50.565,114,SIZ5
2025-11-11 16:30:00+00:00,33,1,42218,50.555,50.56,50.47,50.475,108,SIZ5
2025-11-11 16:31:00+00:00,33,1,42218,50.48,50.515,50.455,50.49,75,SIZ5
2025-11-11 16:32:00+00:00,33,1,42218,50.5,50.53,50.495,50.515,25,SIZ5
2025-11-11 16:33:00+00:00,33,1,42218,50.51,50.55,50.505,50.55,28,SIZ5
2025-11-11 16:34:00+00:00,33,1,42218,50.54,50.545,50.515,50.525,21,SIZ5
2025-11-11 16:35:00+00:00,33,1,42218,50.53,50.56,50.52,50.56,31,SIZ5
2025-11-11 16:36:00+00:00,33,1,42218,50.56,50.605,50.56,50.585,53,SIZ5
2025-11-11 16:37:00+00:00,33,1,42218,50.58,50.6,50.57,50.58,57,SIZ5
2025-11-11 16:38:00+00:00,33,1,42218,50.57,50.575,50.545,50.55,42,SIZ5
2025-11-11 16:39:00+00:00,33,1,42218,50.56,50.57,50.55,50.55,17,SIZ5
2025-11-11 16:40:00+00:00,33,1,42218,50.57,50.585,50.56,50.56,51,SIZ5
2025-11-11 16:41:00+00:00,33,1,42218,50.565,50.6,50.565,50.59,28,SIZ5
2025-11-11 16:42:00+00:00,33,1,42218,50.595,50.61,50.59,50.595,50,SIZ5
2025-11-11 16:43:00+00:00,33,1,42218,50.595,50.6,50.58,50.58,23,SIZ5
2025-11-11 16:44:00+00:00,33,1,42218,50.595,50.6,50.575,50.585,23,SIZ5
2025-11-11 16:45:00+00:00,33,1,42218,50.59,50.59,50.57,50.57,12,SIZ5
2025-11-11 16:46:00+00:00,33,1,42218,50.575,50.6,50.575,50.595,16,SIZ5
2025-11-11 16:47:00+00:00,33,1,42218,50.585,50.59,50.57,50.57,13,SIZ5
2025-11-11 16:48:00+00:00,33,1,42218,50.57,50.59,50.56,50.59,24,SIZ5
2025-11-11 16:49:00+00:00,33,1,42218,50.595,50.665,50.595,50.665,129,SIZ5
2025-11-11 16:50:00+00:00,33,1,42218,50.67,50.67,50.625,50.625,67,SIZ5
2025-11-11 16:51:00+00:00,33,1,42218,50.635,50.645,50.605,50.61,24,SIZ5
2025-11-11 16:52:00+00:00,33,1,42218,50.61,50.61,50.59,50.595,109,SIZ5
2025-11-11 16:53:00+00:00,33,1,42218,50.605,50.625,50.605,50.625,10,SIZ5
2025-11-11 16:54:00+00:00,33,1,42218,50.625,50.635,50.625,50.63,9,SIZ5
2025-11-11 16:55:00+00:00,33,1,42218,50.635,50.645,50.605,50.61,32,SIZ5
2025-11-11 16:56:00+00:00,33,1,42218,50.605,50.605,50.565,50.575,27,SIZ5
2025-11-11 16:57:00+00:00,33,1,42218,50.57,50.59,50.57,50.58,32,SIZ5
2025-11-11 16:58:00+00:00,33,1,42218,50.58,50.585,50.565,50.57,53,SIZ5
2025-11-11 16:59:00+00:00,33,1,42218,50.57,50.575,50.565,50.565,21,SIZ5
2025-11-11 17:00:00+00:00,33,1,42218,50.565,50.6,50.545,50.585,112,SIZ5
2025-11-11 17:01:00+00:00,33,1,42218,50.59,50.625,50.59,50.61,28,SIZ5
2025-11-11 17:02:00+00:00,33,1,42218,50.605,50.61,50.585,50.585,11,SIZ5
2025-11-11 17:03:00+00:00,33,1,42218,50.575,50.62,50.57,50.62,22,SIZ5
2025-11-11 17:04:00+00:00,33,1,42218,50.62,50.62,50.605,50.615,13,SIZ5
2025-11-11 17:05:00+00:00,33,1,42218,50.62,50.635,50.615,50.625,22,SIZ5
2025-11-11 17:06:00+00:00,33,1,42218,50.63,50.705,50.625,50.695,120,SIZ5
2025-11-11 17:07:00+00:00,33,1,42218,50.695,50.7,50.685,50.7,35,SIZ5
2025-11-11 17:08:00+00:00,33,1,42218,50.705,50.71,50.66,50.67,54,SIZ5
2025-11-11 17:09:00+00:00,33,1,42218,50.67,50.69,50.665,50.69,67,SIZ5
2025-11-11 17:10:00+00:00,33,1,42218,50.69,50.705,50.675,50.705,29,SIZ5
2025-11-11 17:11:00+00:00,33,1,42218,50.7,50.705,50.685,50.695,38,SIZ5
2025-11-11 17:12:00+00:00,33,1,42218,50.7,50.715,50.695,50.715,31,SIZ5
2025-11-11 17:13:00+00:00,33,1,42218,50.715,50.715,50.7,50.715,30,SIZ5
2025-11-11 17:14:00+00:00,33,1,42218,50.72,50.73,50.71,50.71,56,SIZ5
2025-11-11 17:15:00+00:00,33,1,42218,50.7,50.715,50.69,50.69,30,SIZ5
2025-11-11 17:16:00+00:00,33,1,42218,50.695,50.72,50.695,50.715,93,SIZ5
2025-11-11 17:17:00+00:00,33,1,42218,50.7,50.71,50.67,50.68,52,SIZ5
2025-11-11 17:18:00+00:00,33,1,42218,50.67,50.67,50.625,50.66,53,SIZ5
2025-11-11 17:19:00+00:00,33,1,42218,50.655,50.705,50.64,50.705,106,SIZ5
2025-11-11 17:20:00+00:00,33,1,42218,50.7,50.72,50.69,50.715,35,SIZ5
2025-11-11 17:21:00+00:00,33,1,42218,50.72,50.72,50.655,50.655,31,SIZ5
2025-11-11 17:22:00+00:00,33,1,42218,50.655,50.675,50.655,50.67,22,SIZ5
2025-11-11 17:23:00+00:00,33,1,42218,50.67,50.67,50.665,50.665,9,SIZ5
2025-11-11 17:24:00+00:00,33,1,42218,50.665,50.665,50.645,50.65,16,SIZ5
2025-11-11 17:25:00+00:00,33,1,42218,50.66,50.66,50.645,50.65,10,SIZ5
2025-11-11 17:26:00+00:00,33,1,42218,50.645,50.65,50.625,50.63,16,SIZ5
2025-11-11 17:27:00+00:00,33,1,42218,50.635,50.665,50.625,50.665,21,SIZ5
2025-11-11 17:28:00+00:00,33,1,42218,50.665,50.695,50.665,50.69,26,SIZ5
2025-11-11 17:29:00+00:00,33,1,42218,50.685,50.685,50.68,50.685,21,SIZ5
2025-11-11 17:30:00+00:00,33,1,42218,50.685,50.7,50.675,50.7,24,SIZ5
2025-11-11 17:31:00+00:00,33,1,42218,50.695,50.695,50.66,50.67,19,SIZ5
2025-11-11 17:32:00+00:00,33,1,42218,50.675,50.68,50.64,50.64,47,SIZ5
2025-11-11 17:33:00+00:00,33,1,42218,50.65,50.65,50.63,50.635,13,SIZ5
2025-11-11 17:34:00+00:00,33,1,42218,50.645,50.645,50.63,50.63,7,SIZ5
2025-11-11 17:35:00+00:00,33,1,42218,50.625,50.65,50.625,50.63,11,SIZ5
2025-11-11 17:36:00+00:00,33,1,42218,50.645,50.645,50.64,50.64,2,SIZ5
2025-11-11 17:37:00+00:00,33,1,42218,50.64,50.65,50.64,50.64,18,SIZ5
2025-11-11 17:38:00+00:00,33,1,42218,50.645,50.665,50.645,50.66,22,SIZ5
2025-11-11 17:39:00+00:00,33,1,42218,50.665,50.68,50.66,50.675,16,SIZ5
2025-11-11 17:40:00+00:00,33,1,42218,50.68,50.69,50.675,50.685,12,SIZ5
2025-11-11 17:41:00+00:00,33,1,42218,50.69,50.69,50.655,50.655,12,SIZ5
2025-11-11 17:42:00+00:00,33,1,42218,50.665,50.68,50.665,50.675,23,SIZ5
2025-11-11 17:43:00+00:00,33,1,42218,50.67,50.67,50.665,50.67,13,SIZ5
2025-11-11 17:44:00+00:00,33,1,42218,50.675,50.685,50.675,50.68,27,SIZ5
2025-11-11 17:45:00+00:00,33,1,42218,50.68,50.695,50.665,50.665,35,SIZ5
2025-11-11 17:46:00+00:00,33,1,42218,50.665,50.665,50.645,50.65,103,SIZ5
2025-11-11 17:47:00+00:00,33,1,42218,50.655,50.67,50.655,50.67,26,SIZ5
2025-11-11 17:48:00+00:00,33,1,42218,50.67,50.7,50.67,50.7,112,SIZ5
2025-11-11 17:49:00+00:00,33,1,42218,50.695,50.695,50.685,50.69,14,SIZ5
2025-11-11 17:50:00+00:00,33,1,42218,50.695,50.705,50.695,50.695,17,SIZ5
2025-11-11 17:51:00+00:00,33,1,42218,50.69,50.715,50.69,50.71,31,SIZ5
2025-11-11 17:52:00+00:00,33,1,42218,50.705,50.735,50.705,50.73,33,SIZ5
2025-11-11 17:53:00+00:00,33,1,42218,50.74,50.74,50.715,50.715,67,SIZ5
2025-11-11 17:54:00+00:00,33,1,42218,50.715,50.72,50.71,50.71,14,SIZ5
2025-11-11 17:55:00+00:00,33,1,42218,50.71,50.725,50.705,50.715,23,SIZ5
2025-11-11 17:56:00+00:00,33,1,42218,50.71,50.71,50.71,50.71,1,SIZ5
2025-11-11 17:57:00+00:00,33,1,42218,50.705,50.735,50.705,50.73,15,SIZ5
2025-11-11 17:58:00+00:00,33,1,42218,50.73,50.74,50.71,50.71,30,SIZ5
2025-11-11 17:59:00+00:00,33,1,42218,50.715,50.715,50.715,50.715,4,SIZ5
2025-11-11 18:00:00+00:00,33,1,42218,50.7,50.705,50.685,50.69,41,SIZ5
2025-11-11 18:01:00+00:00,33,1,42218,50.695,50.715,50.69,50.705,33,SIZ5
2025-11-11 18:02:00+00:00,33,1,42218,50.695,50.7,50.69,50.695,16,SIZ5
2025-11-11 18:03:00+00:00,33,1,42218,50.69,50.7,50.675,50.695,33,SIZ5
2025-11-11 18:04:00+00:00,33,1,42218,50.68,50.69,50.68,50.685,19,SIZ5
2025-11-11 18:05:00+00:00,33,1,42218,50.69,50.71,50.685,50.7,33,SIZ5
2025-11-11 18:06:00+00:00,33,1,42218,50.69,50.695,50.67,50.695,15,SIZ5
2025-11-11 18:07:00+00:00,33,1,42218,50.7,50.725,50.7,50.725,42,SIZ5
2025-11-11 18:08:00+00:00,33,1,42218,50.72,50.72,50.7,50.705,10,SIZ5
2025-11-11 18:09:00+00:00,33,1,42218,50.7,50.7,50.69,50.7,13,SIZ5
2025-11-11 18:10:00+00:00,33,1,42218,50.695,50.705,50.69,50.7,27,SIZ5
2025-11-11 18:11:00+00:00,33,1,42218,50.695,50.695,50.625,50.64,63,SIZ5
2025-11-11 18:12:00+00:00,33,1,42218,50.645,50.68,50.64,50.67,33,SIZ5
2025-11-11 18:13:00+00:00,33,1,42218,50.665,50.675,50.64,50.675,54,SIZ5
2025-11-11 18:14:00+00:00,33,1,42218,50.675,50.675,50.64,50.65,36,SIZ5
2025-11-11 18:15:00+00:00,33,1,42218,50.655,50.66,50.635,50.655,59,SIZ5
2025-11-11 18:16:00+00:00,33,1,42218,50.65,50.695,50.65,50.695,49,SIZ5
2025-11-11 18:17:00+00:00,33,1,42218,50.695,50.705,50.69,50.705,20,SIZ5
2025-11-11 18:18:00+00:00,33,1,42218,50.7,50.74,50.7,50.73,60,SIZ5
2025-11-11 18:19:00+00:00,33,1,42218,50.735,50.74,50.72,50.725,19,SIZ5
2025-11-11 18:20:00+00:00,33,1,42218,50.725,50.745,50.715,50.73,43,SIZ5
2025-11-11 18:21:00+00:00,33,1,42218,50.73,50.745,50.73,50.745,46,SIZ5
2025-11-11 18:22:00+00:00,33,1,42218,50.74,50.74,50.71,50.735,70,SIZ5
2025-11-11 18:23:00+00:00,33,1,42218,50.735,50.74,50.72,50.73,101,SIZ5
2025-11-11 18:24:00+00:00,33,1,42218,50.725,50.76,50.715,50.75,461,SIZ5
2025-11-11 18:25:00+00:00,33,1,42218,50.755,50.78,50.745,50.76,128,SIZ5
2025-11-11 18:26:00+00:00,33,1,42218,50.76,50.78,50.74,50.755,72,SIZ5
2025-11-11 18:27:00+00:00,33,1,42218,50.755,50.765,50.75,50.76,30,SIZ5
2025-11-11 18:28:00+00:00,33,1,42218,50.755,50.765,50.755,50.76,13,SIZ5
2025-11-11 18:29:00+00:00,33,1,42218,50.77,50.78,50.755,50.78,64,SIZ5
2025-11-11 18:30:00+00:00,33,1,42218,50.775,50.785,50.775,50.785,27,SIZ5
2025-11-11 18:31:00+00:00,33,1,42218,50.79,50.815,50.79,50.795,78,SIZ5
2025-11-11 18:32:00+00:00,33,1,42218,50.785,50.785,50.73,50.75,114,SIZ5
2025-11-11 18:33:00+00:00,33,1,42218,50.76,50.765,50.735,50.75,36,SIZ5
2025-11-11 18:34:00+00:00,33,1,42218,50.75,50.785,50.75,50.785,28,SIZ5
2025-11-11 18:35:00+00:00,33,1,42218,50.775,50.775,50.755,50.76,13,SIZ5
2025-11-11 18:36:00+00:00,33,1,42218,50.755,50.755,50.735,50.745,28,SIZ5
2025-11-11 18:37:00+00:00,33,1,42218,50.74,50.795,50.74,50.795,22,SIZ5
2025-11-11 18:38:00+00:00,33,1,42218,50.805,50.815,50.805,50.81,38,SIZ5
2025-11-11 18:39:00+00:00,33,1,42218,50.805,50.815,50.79,50.81,29,SIZ5
2025-11-11 18:40:00+00:00,33,1,42218,50.815,50.835,50.815,50.82,62,SIZ5
2025-11-11 18:41:00+00:00,33,1,42218,50.825,50.83,50.825,50.83,11,SIZ5
2025-11-11 18:42:00+00:00,33,1,42218,50.825,50.825,50.785,50.785,14,SIZ5
2025-11-11 18:43:00+00:00,33,1,42218,50.79,50.79,50.785,50.785,5,SIZ5
2025-11-11 18:44:00+00:00,33,1,42218,50.785,50.785,50.77,50.775,6,SIZ5
2025-11-11 18:45:00+00:00,33,1,42218,50.78,50.79,50.77,50.79,15,SIZ5
2025-11-11 18:46:00+00:00,33,1,42218,50.79,50.81,50.79,50.81,13,SIZ5
2025-11-11 18:47:00+00:00,33,1,42218,50.81,50.82,50.81,50.815,10,SIZ5
2025-11-11 18:48:00+00:00,33,1,42218,50.81,50.845,50.81,50.82,26,SIZ5
2025-11-11 18:49:00+00:00,33,1,42218,50.82,50.84,50.82,50.83,19,SIZ5
2025-11-11 18:50:00+00:00,33,1,42218,50.84,50.845,50.83,50.83,22,SIZ5
2025-11-11 18:51:00+00:00,33,1,42218,50.83,50.84,50.83,50.835,11,SIZ5
2025-11-11 18:52:00+00:00,33,1,42218,50.83,50.86,50.83,50.845,12,SIZ5
2025-11-11 18:53:00+00:00,33,1,42218,50.855,50.875,50.85,50.855,33,SIZ5
2025-11-11 18:54:00+00:00,33,1,42218,50.855,50.875,50.85,50.87,66,SIZ5
2025-11-11 18:55:00+00:00,33,1,42218,50.87,50.895,50.865,50.875,27,SIZ5
2025-11-11 18:56:00+00:00,33,1,42218,50.875,50.9,50.875,50.89,52,SIZ5
2025-11-11 18:57:00+00:00,33,1,42218,50.895,50.895,50.885,50.885,9,SIZ5
2025-11-11 18:58:00+00:00,33,1,42218,50.885,50.885,50.87,50.87,13,SIZ5
2025-11-11 18:59:00+00:00,33,1,42218,50.875,50.895,50.875,50.885,18,SIZ5
2025-11-11 19:00:00+00:00,33,1,42218,50.88,50.89,50.855,50.865,34,SIZ5
2025-11-11 19:01:00+00:00,33,1,42218,50.86,50.86,50.825,50.825,26,SIZ5
2025-11-11 19:02:00+00:00,33,1,42218,50.835,50.87,50.83,50.87,15,SIZ5
2025-11-11 19:03:00+00:00,33,1,42218,50.88,50.9,50.875,50.9,33,SIZ5
2025-11-11 19:04:00+00:00,33,1,42218,50.9,50.915,50.89,50.905,60,SIZ5
2025-11-11 19:05:00+00:00,33,1,42218,50.9,50.905,50.9,50.905,13,SIZ5
2025-11-11 19:06:00+00:00,33,1,42218,50.91,50.91,50.89,50.895,65,SIZ5
2025-11-11 19:07:00+00:00,33,1,42218,50.9,50.905,50.885,50.89,28,SIZ5
2025-11-11 19:08:00+00:00,33,1,42218,50.89,50.89,50.885,50.885,5,SIZ5
2025-11-11 19:09:00+00:00,33,1,42218,50.88,50.895,50.88,50.89,31,SIZ5
2025-11-11 19:10:00+00:00,33,1,42218,50.89,50.895,50.885,50.89,8,SIZ5
2025-11-11 19:11:00+00:00,33,1,42218,50.89,50.9,50.89,50.895,13,SIZ5
2025-11-11 19:12:00+00:00,33,1,42218,50.9,50.915,50.9,50.91,18,SIZ5
2025-11-11 19:13:00+00:00,33,1,42218,50.91,50.925,50.905,50.91,25,SIZ5
2025-11-11 19:14:00+00:00,33,1,42218,50.91,50.915,50.9,50.91,7,SIZ5
2025-11-11 19:15:00+00:00,33,1,42218,50.91,50.91,50.9,50.91,9,SIZ5
2025-11-11 19:16:00+00:00,33,1,42218,50.915,50.915,50.91,50.91,7,SIZ5
2025-11-11 19:17:00+00:00,33,1,42218,50.905,50.915,50.905,50.915,11,SIZ5
2025-11-11 19:18:00+00:00,33,1,42218,50.91,50.91,50.9,50.905,18,SIZ5
2025-11-11 19:19:00+00:00,33,1,42218,50.9,50.91,50.885,50.885,29,SIZ5
2025-11-11 19:20:00+00:00,33,1,42218,50.885,50.895,50.885,50.895,17,SIZ5
2025-11-11 19:21:00+00:00,33,1,42218,50.89,50.89,50.88,50.885,6,SIZ5
2025-11-11 19:22:00+00:00,33,1,42218,50.88,50.885,50.88,50.885,7,SIZ5
2025-11-11 19:23:00+00:00,33,1,42218,50.885,50.885,50.88,50.885,7,SIZ5
2025-11-11 19:24:00+00:00,33,1,42218,50.89,50.91,50.89,50.9,31,SIZ5
2025-11-11 19:25:00+00:00,33,1,42218,50.895,50.895,50.88,50.89,12,SIZ5
2025-11-11 19:26:00+00:00,33,1,42218,50.885,50.9,50.885,50.9,6,SIZ5
2025-11-11 19:27:00+00:00,33,1,42218,50.895,50.895,50.895,50.895,6,SIZ5
2025-11-11 19:28:00+00:00,33,1,42218,50.89,50.9,50.89,50.9,27,SIZ5
2025-11-11 19:29:00+00:00,33,1,42218,50.895,50.905,50.895,50.9,6,SIZ5
2025-11-11 19:30:00+00:00,33,1,42218,50.9,50.955,50.9,50.95,49,SIZ5
2025-11-11 19:31:00+00:00,33,1,42218,50.945,50.95,50.945,50.945,24,SIZ5
2025-11-11 19:32:00+00:00,33,1,42218,50.95,50.96,50.94,50.95,49,SIZ5
2025-11-11 19:33:00+00:00,33,1,42218,50.94,50.94,50.93,50.94,15,SIZ5
2025-11-11 19:34:00+00:00,33,1,42218,50.93,50.935,50.92,50.92,14,SIZ5
2025-11-11 19:35:00+00:00,33,1,42218,50.925,50.935,50.92,50.925,17,SIZ5
2025-11-11 19:36:00+00:00,33,1,42218,50.93,50.94,50.93,50.935,3,SIZ5
2025-11-11 19:37:00+00:00,33,1,42218,50.94,50.96,50.94,50.96,27,SIZ5
2025-11-11 19:38:00+00:00,33,1,42218,50.96,50.965,50.95,50.955,15,SIZ5
2025-11-11 19:39:00+00:00,33,1,42218,50.95,50.95,50.945,50.95,3,SIZ5
2025-11-11 19:40:00+00:00,33,1,42218,50.96,50.98,50.96,50.98,44,SIZ5
2025-11-11 19:41:00+00:00,33,1,42218,50.98,50.98,50.965,50.97,28,SIZ5
2025-11-11 19:42:00+00:00,33,1,42218,50.965,50.97,50.955,50.955,13,SIZ5
2025-11-11 19:43:00+00:00,33,1,42218,50.97,50.97,50.96,50.97,17,SIZ5
2025-11-11 19:44:00+00:00,33,1,42218,50.975,50.98,50.975,50.98,11,SIZ5
2025-11-11 19:45:00+00:00,33,1,42218,50.975,50.985,50.97,50.98,17,SIZ5
2025-11-11 19:46:00+00:00,33,1,42218,50.98,50.99,50.97,50.99,24,SIZ5
2025-11-11 19:47:00+00:00,33,1,42218,50.985,51.0,50.985,51.0,37,SIZ5
2025-11-11 19:48:00+00:00,33,1,42218,51.0,51.01,51.0,51.01,27,SIZ5
2025-11-11 19:49:00+00:00,33,1,42218,51.0,51.005,50.995,50.995,18,SIZ5
2025-11-11 19:50:00+00:00,33,1,42218,51.0,51.0,50.98,50.99,47,SIZ5
2025-11-11 19:51:00+00:00,33,1,42218,50.995,51.0,50.98,50.99,12,SIZ5
2025-11-11 19:52:00+00:00,33,1,42218,50.985,50.985,50.96,50.97,25,SIZ5
2025-11-11 19:53:00+00:00,33,1,42218,50.965,50.98,50.965,50.975,25,SIZ5
2025-11-11 19:54:00+00:00,33,1,42218,50.97,50.99,50.97,50.985,18,SIZ5
2025-11-11 19:55:00+00:00,33,1,42218,50.985,50.985,50.975,50.98,10,SIZ5
2025-11-11 19:56:00+00:00,33,1,42218,50.98,50.98,50.965,50.965,8,SIZ5
2025-11-11 19:57:00+00:00,33,1,42218,50.96,50.96,50.945,50.945,24,SIZ5
2025-11-11 19:58:00+00:00,33,1,42218,50.94,50.94,50.885,50.885,52,SIZ5
2025-11-11 19:59:00+00:00,33,1,42218,50.885,50.895,50.88,50.895,62,SIZ5
2025-11-11 20:00:00+00:00,33,1,42218,50.91,50.93,50.905,50.91,25,SIZ5
2025-11-11 20:01:00+00:00,33,1,42218,50.91,50.93,50.905,50.925,8,SIZ5
2025-11-11 20:02:00+00:00,33,1,42218,50.945,50.95,50.935,50.935,28,SIZ5
2025-11-11 20:03:00+00:00,33,1,42218,50.935,50.935,50.92,50.92,14,SIZ5
2025-11-11 20:04:00+00:00,33,1,42218,50.925,50.925,50.915,50.915,5,SIZ5
2025-11-11 20:05:00+00:00,33,1,42218,50.92,50.92,50.92,50.92,2,SIZ5
2025-11-11 20:06:00+00:00,33,1,42218,50.935,50.94,50.935,50.94,5,SIZ5
2025-11-11 20:07:00+00:00,33,1,42218,50.95,50.95,50.94,50.94,12,SIZ5
2025-11-11 20:08:00+00:00,33,1,42218,50.94,50.965,50.94,50.96,51,SIZ5
2025-11-11 20:09:00+00:00,33,1,42218,50.96,50.96,50.935,50.935,17,SIZ5
2025-11-11 20:10:00+00:00,33,1,42218,50.945,50.945,50.94,50.94,8,SIZ5
2025-11-11 20:11:00+00:00,33,1,42218,50.94,50.95,50.94,50.95,3,SIZ5
2025-11-11 20:12:00+00:00,33,1,42218,50.95,50.98,50.95,50.975,13,SIZ5
2025-11-11 20:13:00+00:00,33,1,42218,50.975,50.99,50.975,50.98,25,SIZ5
2025-11-11 20:14:00+00:00,33,1,42218,50.985,50.985,50.975,50.975,13,SIZ5
2025-11-11 20:15:00+00:00,33,1,42218,50.985,50.995,50.985,50.995,21,SIZ5
2025-11-11 20:16:00+00:00,33,1,42218,50.99,50.99,50.96,50.975,28,SIZ5
2025-11-11 20:17:00+00:00,33,1,42218,50.975,50.975,50.96,50.965,11,SIZ5
2025-11-11 20:18:00+00:00,33,1,42218,50.97,50.98,50.97,50.97,6,SIZ5
2025-11-11 20:19:00+00:00,33,1,42218,50.965,50.97,50.965,50.97,6,SIZ5
2025-11-11 20:20:00+00:00,33,1,42218,50.965,50.975,50.955,50.96,8,SIZ5
2025-11-11 20:21:00+00:00,33,1,42218,50.96,50.965,50.96,50.965,8,SIZ5
2025-11-11 20:22:00+00:00,33,1,42218,50.96,50.965,50.94,50.95,11,SIZ5
2025-11-11 20:23:00+00:00,33,1,42218,50.95,50.96,50.945,50.955,13,SIZ5
2025-11-11 20:24:00+00:00,33,1,42218,50.95,50.955,50.945,50.945,12,SIZ5
2025-11-11 20:25:00+00:00,33,1,42218,50.95,50.955,50.95,50.955,5,SIZ5
2025-11-11 20:26:00+00:00,33,1,42218,50.96,50.97,50.96,50.96,8,SIZ5
2025-11-11 20:27:00+00:00,33,1,42218,50.955,50.955,50.945,50.945,6,SIZ5
2025-11-11 20:28:00+00:00,33,1,42218,50.94,50.94,50.925,50.93,19,SIZ5
2025-11-11 20:29:00+00:00,33,1,42218,50.93,50.94,50.925,50.94,25,SIZ5
2025-11-11 20:30:00+00:00,33,1,42218,50.93,50.935,50.925,50.93,12,SIZ5
2025-11-11 20:31:00+00:00,33,1,42218,50.93,50.93,50.91,50.92,14,SIZ5
2025-11-11 20:32:00+00:00,33,1,42218,50.92,50.92,50.92,50.92,1,SIZ5
2025-11-11 20:33:00+00:00,33,1,42218,50.93,50.95,50.93,50.95,6,SIZ5
2025-11-11 20:34:00+00:00,33,1,42218,50.945,50.96,50.945,50.96,24,SIZ5
2025-11-11 20:35:00+00:00,33,1,42218,50.96,50.965,50.95,50.96,13,SIZ5
2025-11-11 20:36:00+00:00,33,1,42218,50.96,50.98,50.96,50.98,9,SIZ5
2025-11-11 20:37:00+00:00,33,1,42218,50.975,50.995,50.975,50.99,10,SIZ5
2025-11-11 20:38:00+00:00,33,1,42218,50.99,51.005,50.99,51.0,11,SIZ5
2025-11-11 20:39:00+00:00,33,1,42218,51.005,51.02,51.005,51.01,13,SIZ5
2025-11-11 20:40:00+00:00,33,1,42218,51.005,51.035,51.005,51.03,33,SIZ5
2025-11-11 20:41:00+00:00,33,1,42218,51.03,51.04,51.025,51.025,20,SIZ5
2025-11-11 20:42:00+00:00,33,1,42218,51.035,51.035,51.025,51.035,15,SIZ5
2025-11-11 20:43:00+00:00,33,1,42218,51.035,51.05,51.035,51.04,28,SIZ5
2025-11-11 20:44:00+00:00,33,1,42218,51.045,51.045,51.035,51.04,15,SIZ5
2025-11-11 20:45:00+00:00,33,1,42218,51.045,51.055,51.04,51.04,34,SIZ5
2025-11-11 20:46:00+00:00,33,1,42218,51.045,51.045,51.035,51.04,16,SIZ5
2025-11-11 20:47:00+00:00,33,1,42218,51.04,51.045,51.035,51.045,22,SIZ5
2025-11-11 20:48:00+00:00,33,1,42218,51.04,51.05,51.04,51.05,31,SIZ5
2025-11-11 20:49:00+00:00,33,1,42218,51.045,51.055,51.045,51.05,21,SIZ5
2025-11-11 20:50:00+00:00,33,1,42218,51.045,51.05,51.04,51.045,20,SIZ5
2025-11-11 20:51:00+00:00,33,1,42218,51.045,51.05,51.04,51.05,8,SIZ5
2025-11-11 20:52:00+00:00,33,1,42218,51.045,51.06,51.045,51.05,25,SIZ5
2025-11-11 20:53:00+00:00,33,1,42218,51.055,51.075,51.055,51.07,25,SIZ5
2025-11-11 20:54:00+00:00,33,1,42218,51.065,51.095,51.065,51.08,68,SIZ5
2025-11-11 20:55:00+00:00,33,1,42218,51.08,51.13,51.075,51.1,159,SIZ5
2025-11-11 20:56:00+00:00,33,1,42218,51.095,51.11,51.09,51.11,24,SIZ5
2025-11-11 20:57:00+00:00,33,1,42218,51.105,51.105,51.075,51.075,56,SIZ5
2025-11-11 20:58:00+00:00,33,1,42218,51.085,51.085,51.055,51.065,29,SIZ5
2025-11-11 20:59:00+00:00,33,1,42218,51.065,51.09,51.06,51.08,38,SIZ5
2025-11-11 21:00:00+00:00,33,1,42218,51.075,51.085,51.065,51.085,42,SIZ5
2025-11-11 21:01:00+00:00,33,1,42218,51.09,51.095,51.075,51.075,34,SIZ5
2025-11-11 21:02:00+00:00,33,1,42218,51.075,51.075,51.06,51.07,19,SIZ5
2025-11-11 21:03:00+00:00,33,1,42218,51.065,51.065,51.05,51.05,17,SIZ5
2025-11-11 21:04:00+00:00,33,1,42218,51.045,51.065,51.045,51.065,10,SIZ5
2025-11-11 21:05:00+00:00,33,1,42218,51.075,51.075,51.07,51.07,7,SIZ5
2025-11-11 21:06:00+00:00,33,1,42218,51.06,51.075,51.06,51.075,7,SIZ5
2025-11-11 21:07:00+00:00,33,1,42218,51.065,51.07,51.065,51.07,4,SIZ5
2025-11-11 21:08:00+00:00,33,1,42218,51.075,51.075,51.065,51.07,4,SIZ5
2025-11-11 21:09:00+00:00,33,1,42218,51.075,51.085,51.075,51.08,19,SIZ5
2025-11-11 21:10:00+00:00,33,1,42218,51.075,51.08,51.075,51.08,25,SIZ5
2025-11-11 21:11:00+00:00,33,1,42218,51.08,51.085,51.075,51.085,5,SIZ5
2025-11-11 21:12:00+00:00,33,1,42218,51.08,51.095,51.08,51.095,9,SIZ5
2025-11-11 21:13:00+00:00,33,1,42218,51.095,51.095,51.09,51.095,7,SIZ5
2025-11-11 21:14:00+00:00,33,1,42218,51.1,51.1,51.095,51.1,3,SIZ5
2025-11-11 21:15:00+00:00,33,1,42218,51.1,51.105,51.1,51.1,7,SIZ5
2025-11-11 21:16:00+00:00,33,1,42218,51.09,51.095,51.09,51.095,4,SIZ5
2025-11-11 21:17:00+00:00,33,1,42218,51.09,51.09,51.085,51.085,3,SIZ5
2025-11-11 21:18:00+00:00,33,1,42218,51.08,51.09,51.08,51.09,2,SIZ5
2025-11-11 21:19:00+00:00,33,1,42218,51.09,51.09,51.075,51.075,10,SIZ5
2025-11-11 21:20:00+00:00,33,1,42218,51.07,51.07,51.06,51.07,9,SIZ5
2025-11-11 21:21:00+00:00,33,1,42218,51.07,51.07,51.06,51.06,3,SIZ5
2025-11-11 21:22:00+00:00,33,1,42218,51.065,51.065,51.065,51.065,13,SIZ5
2025-11-11 21:23:00+00:00,33,1,42218,51.065,51.065,51.06,51.06,6,SIZ5
2025-11-11 21:24:00+00:00,33,1,42218,51.055,51.055,51.025,51.035,42,SIZ5
2025-11-11 21:25:00+00:00,33,1,42218,51.035,51.04,51.035,51.035,7,SIZ5
2025-11-11 21:26:00+00:00,33,1,42218,51.03,51.05,51.01,51.05,48,SIZ5
2025-11-11 21:27:00+00:00,33,1,42218,51.045,51.07,51.045,51.065,39,SIZ5
2025-11-11 21:28:00+00:00,33,1,42218,51.065,51.07,51.065,51.07,4,SIZ5
2025-11-11 21:29:00+00:00,33,1,42218,51.07,51.07,51.055,51.06,5,SIZ5
2025-11-11 21:30:00+00:00,33,1,42218,51.055,51.055,51.055,51.055,3,SIZ5
2025-11-11 21:31:00+00:00,33,1,42218,51.05,51.05,51.045,51.045,5,SIZ5
2025-11-11 21:32:00+00:00,33,1,42218,51.04,51.04,51.035,51.035,2,SIZ5
2025-11-11 21:33:00+00:00,33,1,42218,51.03,51.035,51.03,51.035,6,SIZ5
2025-11-11 21:34:00+00:00,33,1,42218,51.04,51.055,51.04,51.055,21,SIZ5
2025-11-11 21:35:00+00:00,33,1,42218,51.06,51.075,51.06,51.075,13,SIZ5
2025-11-11 21:36:00+00:00,33,1,42218,51.07,51.07,51.065,51.065,6,SIZ5
2025-11-11 21:37:00+00:00,33,1,42218,51.07,51.075,51.07,51.07,4,SIZ5
2025-11-11 21:38:00+00:00,33,1,42218,51.07,51.075,51.065,51.065,6,SIZ5
2025-11-11 21:39:00+00:00,33,1,42218,51.065,51.075,51.065,51.075,7,SIZ5
2025-11-11 21:40:00+00:00,33,1,42218,51.075,51.08,51.075,51.075,12,SIZ5
2025-11-11 21:41:00+00:00,33,1,42218,51.075,51.075,51.07,51.07,4,SIZ5
2025-11-11 21:42:00+00:00,33,1,42218,51.08,51.08,51.08,51.08,2,SIZ5
2025-11-11 21:43:00+00:00,33,1,42218,51.075,51.085,51.07,51.08,9,SIZ5
2025-11-11 21:44:00+00:00,33,1,42218,51.08,51.095,51.08,51.095,6,SIZ5
2025-11-11 21:45:00+00:00,33,1,42218,51.085,51.105,51.08,51.095,17,SIZ5
2025-11-11 21:46:00+00:00,33,1,42218,51.09,51.1,51.085,51.09,7,SIZ5
2025-11-11 21:47:00+00:00,33,1,42218,51.085,51.1,51.085,51.09,17,SIZ5
2025-11-11 21:48:00+00:00,33,1,42218,51.085,51.085,51.08,51.08,2,SIZ5
2025-11-11 21:49:00+00:00,33,1,42218,51.08,51.08,51.08,51.08,2,SIZ5
2025-11-11 21:50:00+00:00,33,1,42218,51.075,51.075,51.065,51.07,15,SIZ5
2025-11-11 21:51:00+00:00,33,1,42218,51.075,51.075,51.065,51.075,14,SIZ5
2025-11-11 21:52:00+00:00,33,1,42218,51.07,51.07,51.07,51.07,2,SIZ5
2025-11-11 21:53:00+00:00,33,1,42218,51.07,51.075,51.065,51.075,4,SIZ5
2025-11-11 21:54:00+00:00,33,1,42218,51.06,51.07,51.06,51.07,3,SIZ5
2025-11-11 21:55:00+00:00,33,1,42218,51.075,51.08,51.075,51.075,3,SIZ5
2025-11-11 21:56:00+00:00,33,1,42218,51.075,51.075,51.075,51.075,1,SIZ5
2025-11-11 21:57:00+00:00,33,1,42218,51.07,51.075,51.07,51.07,4,SIZ5
2025-11-11 21:58:00+00:00,33,1,42218,51.075,51.075,51.07,51.07,6,SIZ5
2025-11-11 21:59:00+00:00,33,1,42218,51.07,51.08,51.07,51.075,15,SIZ5
2025-11-11 23:00:00+00:00,33,1,42218,51.075,51.28,51.07,51.13,125,SIZ5
2025-11-11 23:01:00+00:00,33,1,42218,51.14,51.15,51.125,51.145,20,SIZ5
2025-11-11 23:02:00+00:00,33,1,42218,51.135,51.185,51.135,51.18,17,SIZ5
2025-11-11 23:03:00+00:00,33,1,42218,51.165,51.175,51.15,51.175,17,SIZ5
2025-11-11 23:04:00+00:00,33,1,42218,51.18,51.195,51.18,51.18,12,SIZ5
2025-11-11 23:05:00+00:00,33,1,42218,51.165,51.165,51.145,51.145,9,SIZ5
2025-11-11 23:06:00+00:00,33,1,42218,51.15,51.16,51.15,51.16,7,SIZ5
2025-11-11 23:08:00+00:00,33,1,42218,51.145,51.145,51.135,51.135,10,SIZ5
2025-11-11 23:09:00+00:00,33,1,42218,51.135,51.14,51.135,51.14,5,SIZ5
2025-11-11 23:10:00+00:00,33,1,42218,51.14,51.15,51.14,51.15,2,SIZ5
2025-11-11 23:11:00+00:00,33,1,42218,51.15,51.19,51.15,51.18,30,SIZ5
2025-11-11 23:12:00+00:00,33,1,42218,51.18,51.21,51.18,51.195,27,SIZ5
2025-11-11 23:13:00+00:00,33,1,42218,51.205,51.215,51.185,51.195,11,SIZ5
2025-11-11 23:14:00+00:00,33,1,42218,51.195,51.22,51.195,51.21,21,SIZ5
2025-11-11 23:15:00+00:00,33,1,42218,51.205,51.225,51.195,51.22,20,SIZ5
2025-11-11 23:16:00+00:00,33,1,42218,51.21,51.22,51.21,51.22,9,SIZ5
2025-11-11 23:17:00+00:00,33,1,42218,51.215,51.215,51.195,51.205,12,SIZ5
2025-11-11 23:18:00+00:00,33,1,42218,51.205,51.22,51.2,51.22,12,SIZ5
2025-11-11 23:19:00+00:00,33,1,42218,51.205,51.22,51.205,51.22,6,SIZ5
2025-11-11 23:20:00+00:00,33,1,42218,51.22,51.22,51.21,51.22,13,SIZ5
2025-11-11 23:21:00+00:00,33,1,42218,51.225,51.235,51.205,51.205,32,SIZ5
2025-11-11 23:22:00+00:00,33,1,42218,51.21,51.235,51.21,51.22,22,SIZ5
2025-11-11 23:23:00+00:00,33,1,42218,51.225,51.225,51.215,51.22,8,SIZ5
2025-11-11 23:24:00+00:00,33,1,42218,51.22,51.235,51.22,51.235,10,SIZ5
2025-11-11 23:25:00+00:00,33,1,42218,51.23,51.25,51.215,51.225,87,SIZ5
2025-11-11 23:26:00+00:00,33,1,42218,51.23,51.235,51.22,51.235,23,SIZ5
2025-11-11 23:27:00+00:00,33,1,42218,51.23,51.245,51.225,51.235,35,SIZ5
2025-11-11 23:28:00+00:00,33,1,42218,51.23,51.24,51.23,51.24,26,SIZ5
2025-11-11 23:29:00+00:00,33,1,42218,51.255,51.26,51.245,51.26,38,SIZ5
2025-11-11 23:30:00+00:00,33,1,42218,51.255,51.255,51.21,51.21,25,SIZ5
2025-11-11 23:31:00+00:00,33,1,42218,51.225,51.225,51.195,51.195,18,SIZ5
2025-11-11 23:32:00+00:00,33,1,42218,51.195,51.205,51.19,51.205,11,SIZ5
2025-11-11 23:33:00+00:00,33,1,42218,51.215,51.26,51.215,51.26,52,SIZ5
2025-11-11 23:34:00+00:00,33,1,42218,51.25,51.25,51.23,51.245,66,SIZ5
2025-11-11 23:35:00+00:00,33,1,42218,51.245,51.26,51.235,51.255,14,SIZ5
2025-11-11 23:36:00+00:00,33,1,42218,51.26,51.26,51.25,51.255,11,SIZ5
2025-11-11 23:37:00+00:00,33,1,42218,51.255,51.26,51.25,51.26,23,SIZ5
2025-11-11 23:38:00+00:00,33,1,42218,51.25,51.25,51.23,51.245,10,SIZ5
2025-11-11 23:39:00+00:00,33,1,42218,51.25,51.255,51.245,51.25,13,SIZ5
2025-11-11 23:40:00+00:00,33,1,42218,51.245,51.27,51.245,51.25,16,SIZ5
2025-11-11 23:41:00+00:00,33,1,42218,51.25,51.25,51.225,51.225,22,SIZ5
2025-11-11 23:42:00+00:00,33,1,42218,51.22,51.235,51.21,51.23,22,SIZ5
2025-11-11 23:43:00+00:00,33,1,42218,51.23,51.23,51.22,51.225,5,SIZ5
2025-11-11 23:44:00+00:00,33,1,42218,51.23,51.23,51.225,51.23,9,SIZ5
2025-11-11 23:45:00+00:00,33,1,42218,51.22,51.225,51.215,51.215,10,SIZ5
2025-11-11 23:46:00+00:00,33,1,42218,51.215,51.225,51.205,51.205,26,SIZ5
2025-11-11 23:47:00+00:00,33,1,42218,51.2,51.2,51.185,51.19,7,SIZ5
2025-11-11 23:48:00+00:00,33,1,42218,51.185,51.2,51.18,51.18,15,SIZ5
2025-11-11 23:49:00+00:00,33,1,42218,51.18,51.195,51.18,51.195,7,SIZ5
2025-11-11 23:50:00+00:00,33,1,42218,51.19,51.22,51.19,51.21,20,SIZ5
2025-11-11 23:51:00+00:00,33,1,42218,51.21,51.225,51.205,51.22,21,SIZ5
2025-11-11 23:52:00+00:00,33,1,42218,51.22,51.225,51.215,51.22,17,SIZ5
2025-11-11 23:53:00+00:00,33,1,42218,51.22,51.22,51.21,51.21,5,SIZ5
2025-11-11 23:54:00+00:00,33,1,42218,51.215,51.215,51.215,51.215,2,SIZ5
2025-11-11 23:55:00+00:00,33,1,42218,51.21,51.21,51.195,51.2,7,SIZ5
2025-11-11 23:56:00+00:00,33,1,42218,51.205,51.205,51.2,51.205,6,SIZ5
2025-11-11 23:57:00+00:00,33,1,42218,51.205,51.205,51.2,51.2,2,SIZ5
2025-11-11 23:58:00+00:00,33,1,42218,51.205,51.21,51.195,51.195,5,SIZ5
2025-11-11 23:59:00+00:00,33,1,42218,51.19,51.19,51.165,51.17,11,SIZ5
2025-11-12 00:00:00+00:00,33,1,42218,51.18,51.18,51.125,51.16,50,SIZ5
2025-11-12 00:01:00+00:00,33,1,42218,51.165,51.205,51.16,51.2,26,SIZ5
2025-11-12 00:02:00+00:00,33,1,42218,51.2,51.21,51.2,51.21,4,SIZ5
2025-11-12 00:03:00+00:00,33,1,42218,51.22,51.22,51.21,51.21,13,SIZ5
2025-11-12 00:04:00+00:00,33,1,42218,51.215,51.225,51.215,51.215,13,SIZ5
2025-11-12 00:05:00+00:00,33,1,42218,51.22,51.23,51.205,51.23,12,SIZ5
2025-11-12 00:06:00+00:00,33,1,42218,51.225,51.225,51.195,51.195,16,SIZ5
2025-11-12 00:07:00+00:00,33,1,42218,51.195,51.215,51.195,51.215,16,SIZ5
2025-11-12 00:08:00+00:00,33,1,42218,51.22,51.245,51.215,51.245,19,SIZ5
2025-11-12 00:09:00+00:00,33,1,42218,51.25,51.27,51.225,51.225,20,SIZ5
2025-11-12 00:10:00+00:00,33,1,42218,51.225,51.225,51.205,51.205,13,SIZ5
2025-11-12 00:11:00+00:00,33,1,42218,51.215,51.225,51.215,51.22,8,SIZ5
2025-11-12 00:12:00+00:00,33,1,42218,51.225,51.225,51.215,51.215,4,SIZ5
2025-11-12 00:13:00+00:00,33,1,42218,51.22,51.23,51.215,51.225,10,SIZ5
2025-11-12 00:14:00+00:00,33,1,42218,51.21,51.22,51.205,51.215,8,SIZ5
2025-11-12 00:15:00+00:00,33,1,42218,51.205,51.205,51.185,51.205,22,SIZ5
2025-11-12 00:16:00+00:00,33,1,42218,51.21,51.22,51.21,51.215,13,SIZ5
2025-11-12 00:17:00+00:00,33,1,42218,51.2,51.2,51.17,51.175,32,SIZ5
2025-11-12 00:18:00+00:00,33,1,42218,51.175,51.18,51.175,51.175,12,SIZ5
2025-11-12 00:19:00+00:00,33,1,42218,51.195,51.2,51.18,51.18,10,SIZ5
2025-11-12 00:20:00+00:00,33,1,42218,51.19,51.2,51.19,51.195,7,SIZ5
2025-11-12 00:21:00+00:00,33,1,42218,51.18,51.2,51.18,51.2,7,SIZ5
2025-11-12 00:22:00+00:00,33,1,42218,51.2,51.205,51.2,51.2,4,SIZ5
2025-11-12 00:23:00+00:00,33,1,42218,51.205,51.205,51.2,51.2,2,SIZ5
2025-11-12 00:24:00+00:00,33,1,42218,51.19,51.19,51.19,51.19,1,SIZ5
2025-11-12 00:25:00+00:00,33,1,42218,51.175,51.19,51.165,51.17,24,SIZ5
2025-11-12 00:26:00+00:00,33,1,42218,51.165,51.18,51.145,51.18,27,SIZ5
2025-11-12 00:27:00+00:00,33,1,42218,51.175,51.175,51.16,51.175,12,SIZ5
2025-11-12 00:28:00+00:00,33,1,42218,51.175,51.175,51.175,51.175,1,SIZ5
2025-11-12 00:29:00+00:00,33,1,42218,51.175,51.18,51.175,51.18,2,SIZ5
2025-11-12 00:30:00+00:00,33,1,42218,51.18,51.225,51.18,51.22,19,SIZ5
2025-11-12 00:31:00+00:00,33,1,42218,51.205,51.205,51.18,51.18,9,SIZ5
2025-11-12 00:32:00+00:00,33,1,42218,51.185,51.22,51.185,51.215,19,SIZ5
2025-11-12 00:33:00+00:00,33,1,42218,51.21,51.225,51.21,51.225,8,SIZ5
2025-11-12 00:34:00+00:00,33,1,42218,51.225,51.23,51.22,51.22,6,SIZ5
2025-11-12 00:35:00+00:00,33,1,42218,51.22,51.245,51.21,51.24,29,SIZ5
2025-11-12 00:36:00+00:00,33,1,42218,51.24,51.24,51.225,51.225,17,SIZ5
2025-11-12 00:37:00+00:00,33,1,42218,51.23,51.235,51.22,51.225,24,SIZ5
2025-11-12 00:38:00+00:00,33,1,42218,51.235,51.235,51.21,51.22,6,SIZ5
2025-11-12 00:39:00+00:00,33,1,42218,51.21,51.22,51.21,51.22,5,SIZ5
2025-11-12 00:40:00+00:00,33,1,42218,51.225,51.225,51.205,51.22,12,SIZ5
2025-11-12 00:41:00+00:00,33,1,42218,51.215,51.225,51.21,51.215,11,SIZ5
2025-11-12 00:42:00+00:00,33,1,42218,51.21,51.23,51.21,51.23,7,SIZ5
2025-11-12 00:43:00+00:00,33,1,42218,51.225,51.23,51.22,51.22,15,SIZ5
2025-11-12 00:44:00+00:00,33,1,42218,51.22,51.22,51.215,51.215,3,SIZ5
2025-11-12 00:45:00+00:00,33,1,42218,51.22,51.22,51.22,51.22,4,SIZ5
2025-11-12 00:46:00+00:00,33,1,42218,51.215,51.215,51.19,51.19,4,SIZ5
2025-11-12 00:47:00+00:00,33,1,42218,51.19,51.19,51.18,51.185,12,SIZ5
2025-11-12 00:48:00+00:00,33,1,42218,51.185,51.19,51.185,51.19,5,SIZ5
2025-11-12 00:49:00+00:00,33,1,42218,51.19,51.19,51.185,51.185,2,SIZ5
2025-11-12 00:50:00+00:00,33,1,42218,51.18,51.185,51.145,51.15,21,SIZ5
2025-11-12 00:51:00+00:00,33,1,42218,51.165,51.18,51.135,51.135,49,SIZ5
2025-11-12 00:52:00+00:00,33,1,42218,51.135,51.16,51.13,51.135,54,SIZ5
2025-11-12 00:53:00+00:00,33,1,42218,51.13,51.15,51.13,51.14,27,SIZ5
2025-11-12 00:54:00+00:00,33,1,42218,51.14,51.14,51.075,51.11,80,SIZ5
2025-11-12 00:55:00+00:00,33,1,42218,51.11,51.135,51.105,51.13,55,SIZ5
2025-11-12 00:56:00+00:00,33,1,42218,51.12,51.125,51.11,51.11,17,SIZ5
2025-11-12 00:57:00+00:00,33,1,42218,51.11,51.11,51.08,51.095,50,SIZ5
2025-11-12 00:58:00+00:00,33,1,42218,51.095,51.105,51.06,51.07,57,SIZ5
2025-11-12 00:59:00+00:00,33,1,42218,51.065,51.065,50.925,50.995,411,SIZ5
2025-11-12 01:00:00+00:00,33,1,42218,51.01,51.01,50.915,50.94,486,SIZ5
2025-11-12 01:01:00+00:00,33,1,42218,50.96,50.99,50.89,50.985,113,SIZ5
2025-11-12 01:02:00+00:00,33,1,42218,50.985,50.995,50.95,50.965,142,SIZ5
2025-11-12 01:03:00+00:00,33,1,42218,50.96,51.025,50.96,50.96,86,SIZ5
2025-11-12 01:04:00+00:00,33,1,42218,50.965,51.025,50.95,50.995,119,SIZ5
2025-11-12 01:05:00+00:00,33,1,42218,51.005,51.085,51.005,51.08,101,SIZ5
2025-11-12 01:06:00+00:00,33,1,42218,51.075,51.12,51.075,51.1,134,SIZ5
2025-11-12 01:07:00+00:00,33,1,42218,51.09,51.1,51.075,51.09,36,SIZ5
2025-11-12 01:08:00+00:00,33,1,42218,51.105,51.12,51.06,51.06,23,SIZ5
2025-11-12 01:09:00+00:00,33,1,42218,51.06,51.07,51.03,51.045,34,SIZ5
2025-11-12 01:10:00+00:00,33,1,42218,51.055,51.06,51.01,51.01,27,SIZ5
2025-11-12 01:11:00+00:00,33,1,42218,51.02,51.035,50.98,51.03,93,SIZ5
2025-11-12 01:12:00+00:00,33,1,42218,51.035,51.085,51.035,51.05,99,SIZ5
2025-11-12 01:13:00+00:00,33,1,42218,51.055,51.07,51.05,51.05,12,SIZ5
2025-11-12 01:14:00+00:00,33,1,42218,51.05,51.05,51.04,51.05,12,SIZ5
2025-11-12 01:15:00+00:00,33,1,42218,51.05,51.05,51.0,51.015,54,SIZ5
2025-11-12 01:16:00+00:00,33,1,42218,51.01,51.02,50.975,51.02,35,SIZ5
2025-11-12 01:17:00+00:00,33,1,42218,51.025,51.025,50.97,50.98,30,SIZ5
2025-11-12 01:18:00+00:00,33,1,42218,50.98,50.995,50.96,50.98,31,SIZ5
2025-11-12 01:19:00+00:00,33,1,42218,50.98,50.98,50.95,50.97,19,SIZ5
2025-11-12 01:20:00+00:00,33,1,42218,50.98,50.985,50.945,50.975,23,SIZ5
2025-11-12 01:21:00+00:00,33,1,42218,50.98,50.98,50.945,50.945,27,SIZ5
2025-11-12 01:22:00+00:00,33,1,42218,50.96,50.985,50.955,50.955,16,SIZ5
2025-11-12 01:23:00+00:00,33,1,42218,50.96,50.995,50.96,50.985,25,SIZ5
2025-11-12 01:24:00+00:00,33,1,42218,50.98,50.98,50.955,50.955,6,SIZ5
2025-11-12 01:25:00+00:00,33,1,42218,50.97,50.97,50.945,50.945,17,SIZ5
2025-11-12 01:26:00+00:00,33,1,42218,50.955,50.97,50.94,50.97,15,SIZ5
2025-11-12 01:27:00+00:00,33,1,42218,50.98,51.0,50.975,51.0,8,SIZ5
2025-11-12 01:28:00+00:00,33,1,42218,51.01,51.02,50.975,50.975,32,SIZ5
2025-11-12 01:29:00+00:00,33,1,42218,50.985,51.005,50.98,51.0,28,SIZ5
2025-11-12 01:30:00+00:00,33,1,42218,50.995,51.035,50.99,50.99,22,SIZ5
2025-11-12 01:31:00+00:00,33,1,42218,51.0,51.02,50.95,50.955,23,SIZ5
2025-11-12 01:32:00+00:00,33,1,42218,50.98,51.0,50.98,50.995,8,SIZ5
2025-11-12 01:33:00+00:00,33,1,42218,50.99,51.005,50.98,50.985,18,SIZ5
2025-11-12 01:34:00+00:00,33,1,42218,50.98,50.995,50.97,50.98,12,SIZ5
2025-11-12 01:35:00+00:00,33,1,42218,50.975,51.04,50.975,51.025,39,SIZ5
2025-11-12 01:36:00+00:00,33,1,42218,51.04,51.055,51.03,51.045,36,SIZ5
2025-11-12 01:37:00+00:00,33,1,42218,51.04,51.04,51.01,51.01,11,SIZ5
2025-11-12 01:38:00+00:00,33,1,42218,51.0,51.015,50.985,51.01,31,SIZ5
2025-11-12 01:39:00+00:00,33,1,42218,51.025,51.05,51.025,51.045,20,SIZ5
2025-11-12 01:40:00+00:00,33,1,42218,51.05,51.05,51.02,51.02,7,SIZ5
2025-11-12 01:41:00+00:00,33,1,42218,51.04,51.055,51.04,51.055,3,SIZ5
2025-11-12 01:42:00+00:00,33,1,42218,51.06,51.09,51.06,51.085,26,SIZ5
2025-11-12 01:43:00+00:00,33,1,42218,51.095,51.105,51.09,51.105,22,SIZ5
2025-11-12 01:44:00+00:00,33,1,42218,51.11,51.14,51.1,51.14,40,SIZ5
2025-11-12 01:45:00+00:00,33,1,42218,51.14,51.14,51.11,51.11,26,SIZ5
2025-11-12 01:46:00+00:00,33,1,42218,51.12,51.125,51.105,51.115,9,SIZ5
2025-11-12 01:47:00+00:00,33,1,42218,51.115,51.125,51.1,51.12,42,SIZ5
2025-11-12 01:48:00+00:00,33,1,42218,51.125,51.14,51.115,51.13,19,SIZ5
2025-11-12 01:49:00+00:00,33,1,42218,51.135,51.15,51.13,51.145,21,SIZ5
2025-11-12 01:50:00+00:00,33,1,42218,51.145,51.175,51.14,51.145,34,SIZ5
2025-11-12 01:51:00+00:00,33,1,42218,51.15,51.17,51.125,51.14,32,SIZ5
2025-11-12 01:52:00+00:00,33,1,42218,51.145,51.18,51.145,51.18,20,SIZ5
2025-11-12 01:53:00+00:00,33,1,42218,51.185,51.2,51.165,51.18,47,SIZ5
2025-11-12 01:54:00+00:00,33,1,42218,51.185,51.205,51.17,51.2,22,SIZ5
2025-11-12 01:55:00+00:00,33,1,42218,51.205,51.215,51.195,51.2,36,SIZ5
2025-11-12 01:56:00+00:00,33,1,42218,51.19,51.195,51.16,51.16,56,SIZ5
2025-11-12 01:57:00+00:00,33,1,42218,51.175,51.18,51.15,51.15,29,SIZ5
2025-11-12 01:58:00+00:00,33,1,42218,51.145,51.145,51.11,51.11,16,SIZ5
2025-11-12 01:59:00+00:00,33,1,42218,51.11,51.145,51.11,51.135,13,SIZ5
2025-11-12 02:00:00+00:00,33,1,42218,51.14,51.2,51.14,51.175,56,SIZ5
2025-11-12 02:01:00+00:00,33,1,42218,51.19,51.215,51.185,51.205,57,SIZ5
2025-11-12 02:02:00+00:00,33,1,42218,51.205,51.215,51.19,51.215,49,SIZ5
2025-11-12 02:03:00+00:00,33,1,42218,51.215,51.22,51.2,51.22,34,SIZ5
2025-11-12 02:04:00+00:00,33,1,42218,51.215,51.22,51.205,51.215,18,SIZ5
2025-11-12 02:05:00+00:00,33,1,42218,51.2,51.2,51.175,51.195,15,SIZ5
2025-11-12 02:06:00+00:00,33,1,42218,51.18,51.18,51.17,51.175,12,SIZ5
2025-11-12 02:07:00+00:00,33,1,42218,51.17,51.195,51.155,51.19,24,SIZ5
2025-11-12 02:08:00+00:00,33,1,42218,51.19,51.19,51.17,51.17,28,SIZ5
2025-11-12 02:09:00+00:00,33,1,42218,51.185,51.19,51.17,51.17,7,SIZ5
2025-11-12 02:10:00+00:00,33,1,42218,51.18,51.185,51.18,51.185,8,SIZ5
2025-11-12 02:11:00+00:00,33,1,42218,51.19,51.19,51.18,51.18,4,SIZ5
2025-11-12 02:12:00+00:00,33,1,42218,51.18,51.185,51.16,51.185,22,SIZ5
2025-11-12 02:13:00+00:00,33,1,42218,51.18,51.18,51.17,51.18,6,SIZ5
2025-11-12 02:14:00+00:00,33,1,42218,51.185,51.2,51.185,51.19,10,SIZ5
2025-11-12 02:15:00+00:00,33,1,42218,51.19,51.19,51.18,51.19,5,SIZ5
2025-11-12 02:16:00+00:00,33,1,42218,51.2,51.2,51.185,51.185,9,SIZ5
2025-11-12 02:17:00+00:00,33,1,42218,51.19,51.2,51.19,51.2,3,SIZ5
2025-11-12 02:18:00+00:00,33,1,42218,51.2,51.21,51.195,51.2,28,SIZ5
2025-11-12 02:19:00+00:00,33,1,42218,51.205,51.205,51.195,51.195,11,SIZ5
2025-11-12 02:20:00+00:00,33,1,42218,51.185,51.185,51.165,51.165,4,SIZ5
2025-11-12 02:21:00+00:00,33,1,42218,51.17,51.17,51.165,51.17,6,SIZ5
2025-11-12 02:22:00+00:00,33,1,42218,51.18,51.195,51.18,51.185,13,SIZ5
2025-11-12 02:23:00+00:00,33,1,42218,51.17,51.17,51.17,51.17,4,SIZ5
2025-11-12 02:24:00+00:00,33,1,42218,51.175,51.18,51.175,51.18,3,SIZ5
2025-11-12 02:25:00+00:00,33,1,42218,51.175,51.175,51.165,51.165,3,SIZ5
2025-11-12 02:26:00+00:00,33,1,42218,51.165,51.165,51.135,51.14,29,SIZ5
2025-11-12 02:27:00+00:00,33,1,42218,51.15,51.175,51.15,51.17,11,SIZ5
2025-11-12 02:28:00+00:00,33,1,42218,51.18,51.18,51.17,51.17,2,SIZ5
2025-11-12 02:29:00+00:00,33,1,42218,51.155,51.155,51.155,51.155,1,SIZ5
2025-11-12 02:30:00+00:00,33,1,42218,51.15,51.155,51.11,51.115,40,SIZ5
2025-11-12 02:31:00+00:00,33,1,42218,51.125,51.125,51.115,51.12,9,SIZ5
2025-11-12 02:32:00+00:00,33,1,42218,51.14,51.18,51.135,51.18,24,SIZ5
2025-11-12 02:33:00+00:00,33,1,42218,51.17,51.205,51.155,51.18,43,SIZ5
2025-11-12 02:34:00+00:00,33,1,42218,51.185,51.19,51.175,51.175,35,SIZ5
2025-11-12 02:35:00+00:00,33,1,42218,51.175,51.175,51.15,51.15,6,SIZ5
2025-11-12 02:36:00+00:00,33,1,42218,51.16,51.16,51.13,51.155,10,SIZ5
2025-11-12 02:37:00+00:00,33,1,42218,51.165,51.17,51.155,51.155,7,SIZ5
2025-11-12 02:38:00+00:00,33,1,42218,51.155,51.155,51.135,51.145,14,SIZ5
2025-11-12 02:39:00+00:00,33,1,42218,51.175,51.19,51.15,51.15,27,SIZ5
2025-11-12 02:40:00+00:00,33,1,42218,51.155,51.16,51.13,51.13,8,SIZ5
2025-11-12 02:41:00+00:00,33,1,42218,51.115,51.115,51.06,51.065,51,SIZ5
2025-11-12 02:42:00+00:00,33,1,42218,51.075,51.095,51.01,51.05,332,SIZ5
2025-11-12 02:43:00+00:00,33,1,42218,51.05,51.11,51.045,51.095,42,SIZ5
2025-11-12 02:44:00+00:00,33,1,42218,51.1,51.11,51.07,51.11,21,SIZ5
2025-11-12 02:45:00+00:00,33,1,42218,51.11,51.13,51.105,51.125,48,SIZ5
2025-11-12 02:46:00+00:00,33,1,42218,51.135,51.14,51.085,51.09,15,SIZ5
2025-11-12 02:47:00+00:00,33,1,42218,51.075,51.08,51.05,51.07,25,SIZ5
2025-11-12 02:48:00+00:00,33,1,42218,51.06,51.07,51.05,51.07,20,SIZ5
2025-11-12 02:49:00+00:00,33,1,42218,51.06,51.06,51.035,51.05,48,SIZ5
2025-11-12 02:50:00+00:00,33,1,42218,51.04,51.065,51.03,51.03,56,SIZ5
2025-11-12 02:51:00+00:00,33,1,42218,51.025,51.04,50.99,50.99,67,SIZ5
2025-11-12 02:52:00+00:00,33,1,42218,51.0,51.03,50.99,51.025,20,SIZ5
2025-11-12 02:53:00+00:00,33,1,42218,51.03,51.045,51.025,51.045,81,SIZ5
2025-11-12 02:54:00+00:00,33,1,42218,51.045,51.05,51.03,51.03,32,SIZ5
2025-11-12 02:55:00+00:00,33,1,42218,51.03,51.08,51.03,51.07,82,SIZ5
2025-11-12 02:56:00+00:00,33,1,42218,51.075,51.075,51.045,51.045,24,SIZ5
2025-11-12 02:57:00+00:00,33,1,42218,51.035,51.07,51.035,51.07,10,SIZ5
2025-11-12 02:58:00+00:00,33,1,42218,51.07,51.08,51.065,51.075,22,SIZ5
2025-11-12 02:59:00+00:00,33,1,42218,51.08,51.095,51.08,51.085,24,SIZ5
2025-11-12 03:00:00+00:00,33,1,42218,51.085,51.09,51.075,51.075,15,SIZ5
2025-11-12 03:01:00+00:00,33,1,42218,51.075,51.14,51.075,51.12,65,SIZ5
2025-11-12 03:02:00+00:00,33,1,42218,51.12,51.13,51.09,51.09,16,SIZ5
2025-11-12 03:03:00+00:00,33,1,42218,51.07,51.07,51.03,51.055,49,SIZ5
2025-11-12 03:04:00+00:00,33,1,42218,51.05,51.05,51.005,51.01,45,SIZ5
2025-11-12 03:05:00+00:00,33,1,42218,51.015,51.025,50.975,50.975,43,SIZ5
2025-11-12 03:06:00+00:00,33,1,42218,50.98,51.015,50.965,51.015,37,SIZ5
2025-11-12 03:07:00+00:00,33,1,42218,51.02,51.025,51.015,51.015,17,SIZ5
2025-11-12 03:08:00+00:00,33,1,42218,51.015,51.025,50.995,51.025,18,SIZ5
2025-11-12 03:09:00+00:00,33,1,42218,51.02,51.04,51.015,51.04,24,SIZ5
2025-11-12 03:10:00+00:00,33,1,42218,51.05,51.08,51.05,51.06,32,SIZ5
2025-11-12 03:11:00+00:00,33,1,42218,51.055,51.07,51.055,51.06,9,SIZ5
2025-11-12 03:12:00+00:00,33,1,42218,51.06,51.06,51.05,51.05,2,SIZ5
2025-11-12 03:13:00+00:00,33,1,42218,51.06,51.065,51.055,51.065,5,SIZ5
2025-11-12 03:14:00+00:00,33,1,42218,51.06,51.06,51.045,51.05,8,SIZ5
2025-11-12 03:15:00+00:00,33,1,42218,51.055,51.065,51.05,51.065,9,SIZ5
2025-11-12 03:16:00+00:00,33,1,42218,51.065,51.08,51.065,51.08,17,SIZ5
2025-11-12 03:17:00+00:00,33,1,42218,51.08,51.08,51.055,51.055,10,SIZ5
2025-11-12 03:18:00+00:00,33,1,42218,51.045,51.05,51.035,51.04,9,SIZ5
2025-11-12 03:19:00+00:00,33,1,42218,51.04,51.05,51.035,51.035,7,SIZ5
2025-11-12 03:20:00+00:00,33,1,42218,51.045,51.045,51.025,51.025,2,SIZ5
2025-11-12 03:21:00+00:00,33,1,42218,51.035,51.05,51.035,51.05,2,SIZ5
2025-11-12 03:22:00+00:00,33,1,42218,51.06,51.06,51.045,51.05,6,SIZ5
2025-11-12 03:23:00+00:00,33,1,42218,51.045,51.045,51.045,51.045,1,SIZ5
2025-11-12 03:24:00+00:00,33,1,42218,51.04,51.04,51.035,51.035,3,SIZ5
2025-11-12 03:25:00+00:00,33,1,42218,51.03,51.035,51.015,51.02,21,SIZ5
2025-11-12 03:26:00+00:00,33,1,42218,51.015,51.02,50.99,51.015,33,SIZ5
2025-11-12 03:27:00+00:00,33,1,42218,51.02,51.02,51.01,51.015,7,SIZ5
2025-11-12 03:28:00+00:00,33,1,42218,51.005,51.005,51.005,51.005,1,SIZ5
2025-11-12 03:29:00+00:00,33,1,42218,51.005,51.01,50.99,50.995,19,SIZ5
2025-11-12 03:30:00+00:00,33,1,42218,50.99,50.995,50.935,50.935,45,SIZ5
2025-11-12 03:31:00+00:00,33,1,42218,50.94,50.96,50.94,50.955,27,SIZ5
2025-11-12 03:32:00+00:00,33,1,42218,50.965,50.97,50.94,50.96,24,SIZ5
2025-11-12 03:33:00+00:00,33,1,42218,50.965,50.97,50.925,50.955,132,SIZ5
2025-11-12 03:34:00+00:00,33,1,42218,50.96,50.985,50.96,50.98,22,SIZ5
2025-11-12 03:35:00+00:00,33,1,42218,50.98,51.0,50.98,50.995,9,SIZ5
2025-11-12 03:36:00+00:00,33,1,42218,51.0,51.04,51.0,51.03,35,SIZ5
2025-11-12 03:37:00+00:00,33,1,42218,51.03,51.04,51.02,51.02,18,SIZ5
2025-11-12 03:38:00+00:00,33,1,42218,51.02,51.02,50.98,50.985,25,SIZ5
2025-11-12 03:39:00+00:00,33,1,42218,50.985,50.985,50.975,50.975,5,SIZ5
2025-11-12 03:40:00+00:00,33,1,42218,50.98,51.0,50.98,50.995,13,SIZ5
2025-11-12 03:41:00+00:00,33,1,42218,50.99,50.995,50.985,50.995,16,SIZ5
2025-11-12 03:42:00+00:00,33,1,42218,50.995,50.995,50.985,50.985,6,SIZ5
2025-11-12 03:43:00+00:00,33,1,42218,50.985,50.99,50.98,50.985,5,SIZ5
2025-11-12 03:44:00+00:00,33,1,42218,50.995,51.0,50.99,51.0,4,SIZ5
2025-11-12 03:45:00+00:00,33,1,42218,51.005,51.03,51.0,51.0,11,SIZ5
2025-11-12 03:46:00+00:00,33,1,42218,51.005,51.01,51.005,51.01,12,SIZ5
2025-11-12 03:47:00+00:00,33,1,42218,50.99,51.01,50.99,51.01,6,SIZ5
2025-11-12 03:48:00+00:00,33,1,42218,50.99,50.99,50.985,50.985,3,SIZ5
2025-11-12 03:49:00+00:00,33,1,42218,50.985,50.985,50.975,50.975,5,SIZ5
2025-11-12 03:50:00+00:00,33,1,42218,50.98,50.99,50.98,50.98,8,SIZ5
2025-11-12 03:51:00+00:00,33,1,42218,50.97,50.99,50.96,50.97,31,SIZ5
2025-11-12 03:52:00+00:00,33,1,42218,50.975,50.98,50.95,50.95,7,SIZ5
2025-11-12 03:53:00+00:00,33,1,42218,50.945,50.97,50.945,50.97,13,SIZ5
2025-11-12 03:54:00+00:00,33,1,42218,50.96,50.96,50.96,50.96,3,SIZ5
2025-11-12 03:55:00+00:00,33,1,42218,50.945,50.955,50.92,50.945,24,SIZ5
2025-11-12 03:56:00+00:00,33,1,42218,50.94,50.945,50.915,50.92,44,SIZ5
2025-11-12 03:57:00+00:00,33,1,42218,50.925,50.955,50.925,50.955,33,SIZ5
2025-11-12 03:58:00+00:00,33,1,42218,50.94,50.955,50.94,50.94,6,SIZ5
2025-11-12 03:59:00+00:00,33,1,42218,50.945,50.945,50.92,50.92,10,SIZ5
2025-11-12 04:00:00+00:00,33,1,42218,50.92,50.955,50.92,50.95,27,SIZ5
2025-11-12 04:01:00+00:00,33,1,42218,50.95,50.97,50.95,50.955,16,SIZ5
2025-11-12 04:02:00+00:00,33,1,42218,50.95,50.95,50.92,50.92,11,SIZ5
2025-11-12 04:03:00+00:00,33,1,42218,50.925,50.925,50.9,50.9,22,SIZ5
2025-11-12 04:04:00+00:00,33,1,42218,50.905,50.91,50.825,50.84,180,SIZ5
2025-11-12 04:05:00+00:00,33,1,42218,50.845,50.86,50.765,50.765,106,SIZ5
2025-11-12 04:06:00+00:00,33,1,42218,50.765,50.83,50.76,50.805,48,SIZ5
2025-11-12 04:07:00+00:00,33,1,42218,50.81,50.82,50.795,50.82,25,SIZ5
2025-11-12 04:08:00+00:00,33,1,42218,50.84,50.845,50.825,50.83,15,SIZ5
2025-11-12 04:09:00+00:00,33,1,42218,50.835,50.84,50.825,50.84,8,SIZ5
2025-11-12 04:10:00+00:00,33,1,42218,50.845,50.85,50.83,50.845,14,SIZ5
2025-11-12 04:11:00+00:00,33,1,42218,50.855,50.865,50.85,50.855,16,SIZ5
2025-11-12 04:12:00+00:00,33,1,42218,50.86,50.885,50.86,50.885,22,SIZ5
2025-11-12 04:13:00+00:00,33,1,42218,50.885,50.935,50.885,50.935,34,SIZ5
2025-11-12 04:14:00+00:00,33,1,42218,50.925,50.945,50.925,50.945,21,SIZ5
2025-11-12 04:15:00+00:00,33,1,42218,50.94,50.965,50.94,50.955,24,SIZ5
2025-11-12 04:16:00+00:00,33,1,42218,50.95,50.95,50.89,50.905,40,SIZ5
2025-11-12 04:17:00+00:00,33,1,42218,50.9,50.905,50.875,50.875,10,SIZ5
2025-11-12 04:18:00+00:00,33,1,42218,50.885,50.9,50.885,50.89,5,SIZ5
2025-11-12 04:19:00+00:00,33,1,42218,50.88,50.93,50.88,50.93,6,SIZ5
2025-11-12 04:20:00+00:00,33,1,42218,50.94,50.945,50.94,50.945,6,SIZ5
2025-11-12 04:21:00+00:00,33,1,42218,50.945,50.96,50.945,50.96,23,SIZ5
2025-11-12 04:22:00+00:00,33,1,42218,50.965,50.97,50.955,50.97,7,SIZ5
2025-11-12 04:23:00+00:00,33,1,42218,50.975,50.98,50.955,50.965,15,SIZ5
2025-11-12 04:24:00+00:00,33,1,42218,50.965,50.965,50.96,50.96,3,SIZ5
2025-11-12 04:26:00+00:00,33,1,42218,50.955,50.955,50.955,50.955,2,SIZ5
2025-11-12 04:27:00+00:00,33,1,42218,50.95,50.95,50.94,50.95,8,SIZ5
2025-11-12 04:28:00+00:00,33,1,42218,50.97,50.97,50.97,50.97,1,SIZ5
2025-11-12 04:29:00+00:00,33,1,42218,50.97,50.97,50.97,50.97,2,SIZ5
2025-11-12 04:30:00+00:00,33,1,42218,50.98,50.995,50.975,50.985,23,SIZ5
2025-11-12 04:31:00+00:00,33,1,42218,50.98,50.985,50.98,50.985,14,SIZ5
2025-11-12 04:32:00+00:00,33,1,42218,50.99,50.99,50.99,50.99,1,SIZ5
2025-11-12 04:33:00+00:00,33,1,42218,50.985,50.985,50.97,50.975,19,SIZ5
2025-11-12 04:34:00+00:00,33,1,42218,50.96,50.96,50.935,50.935,11,SIZ5
2025-11-12 04:35:00+00:00,33,1,42218,50.935,50.95,50.925,50.95,9,SIZ5
2025-11-12 04:36:00+00:00,33,1,42218,50.96,50.975,50.955,50.955,7,SIZ5
2025-11-12 04:37:00+00:00,33,1,42218,50.945,50.96,50.945,50.96,7,SIZ5
2025-11-12 04:38:00+00:00,33,1,42218,50.95,50.95,50.945,50.95,5,SIZ5
2025-11-12 04:39:00+00:00,33,1,42218,50.95,50.95,50.93,50.93,5,SIZ5
2025-11-12 04:40:00+00:00,33,1,42218,50.92,50.93,50.92,50.93,7,SIZ5
2025-11-12 04:41:00+00:00,33,1,42218,50.925,50.95,50.91,50.94,26,SIZ5
2025-11-12 04:42:00+00:00,33,1,42218,50.955,50.965,50.955,50.955,15,SIZ5
2025-11-12 04:43:00+00:00,33,1,42218,50.955,50.955,50.935,50.945,16,SIZ5
2025-11-12 04:44:00+00:00,33,1,42218,50.93,50.945,50.93,50.945,6,SIZ5
2025-11-12 04:45:00+00:00,33,1,42218,50.945,50.965,50.945,50.965,9,SIZ5
2025-11-12 04:46:00+00:00,33,1,42218,50.96,50.97,50.955,50.96,9,SIZ5
2025-11-12 04:47:00+00:00,33,1,42218,50.955,50.96,50.955,50.96,7,SIZ5
2025-11-12 04:48:00+00:00,33,1,42218,50.97,50.97,50.97,50.97,1,SIZ5
2025-11-12 04:49:00+00:00,33,1,42218,50.97,50.975,50.97,50.975,5,SIZ5
2025-11-12 04:50:00+00:00,33,1,42218,50.975,50.99,50.965,50.965,16,SIZ5
2025-11-12 04:51:00+00:00,33,1,42218,50.97,50.995,50.97,50.985,20,SIZ5
2025-11-12 04:52:00+00:00,33,1,42218,50.98,51.01,50.98,51.01,22,SIZ5
2025-11-12 04:53:00+00:00,33,1,42218,51.005,51.02,50.985,50.985,46,SIZ5
2025-11-12 04:54:00+00:00,33,1,42218,50.99,51.0,50.985,50.995,22,SIZ5
2025-11-12 04:55:00+00:00,33,1,42218,50.985,50.985,50.965,50.97,35,SIZ5
2025-11-12 04:56:00+00:00,33,1,42218,50.96,50.96,50.96,50.96,2,SIZ5
2025-11-12 04:57:00+00:00,33,1,42218,50.965,50.965,50.965,50.965,1,SIZ5
2025-11-12 04:58:00+00:00,33,1,42218,50.965,50.965,50.965,50.965,2,SIZ5
2025-11-12 04:59:00+00:00,33,1,42218,50.965,50.97,50.965,50.97,4,SIZ5
2025-11-12 05:00:00+00:00,33,1,42218,50.955,50.955,50.925,50.925,31,SIZ5
2025-11-12 05:01:00+00:00,33,1,42218,50.92,50.92,50.89,50.9,32,SIZ5
2025-11-12 05:02:00+00:00,33,1,42218,50.905,50.905,50.885,50.895,16,SIZ5
2025-11-12 05:03:00+00:00,33,1,42218,50.9,50.925,50.9,50.925,18,SIZ5
2025-11-12 05:04:00+00:00,33,1,42218,50.93,50.945,50.91,50.915,27,SIZ5
2025-11-12 05:05:00+00:00,33,1,42218,50.925,50.93,50.925,50.925,3,SIZ5
2025-11-12 05:06:00+00:00,33,1,42218,50.915,50.915,50.905,50.91,5,SIZ5
2025-11-12 05:07:00+00:00,33,1,42218,50.93,50.945,50.93,50.945,4,SIZ5
2025-11-12 05:08:00+00:00,33,1,42218,50.95,50.955,50.945,50.945,10,SIZ5
2025-11-12 05:09:00+00:00,33,1,42218,50.94,50.945,50.94,50.945,8,SIZ5
2025-11-12 05:10:00+00:00,33,1,42218,50.955,50.955,50.935,50.94,5,SIZ5
2025-11-12 05:11:00+00:00,33,1,42218,50.935,50.935,50.935,50.935,1,SIZ5
2025-11-12 05:12:00+00:00,33,1,42218,50.945,50.955,50.945,50.955,4,SIZ5
2025-11-12 05:13:00+00:00,33,1,42218,50.95,50.96,50.95,50.96,7,SIZ5
2025-11-12 05:14:00+00:00,33,1,42218,50.945,50.95,50.92,50.925,19,SIZ5
2025-11-12 05:15:00+00:00,33,1,42218,50.935,50.945,50.935,50.935,7,SIZ5
2025-11-12 05:16:00+00:00,33,1,42218,50.935,50.935,50.93,50.93,6,SIZ5
2025-11-12 05:17:00+00:00,33,1,42218,50.93,50.93,50.92,50.93,19,SIZ5
2025-11-12 05:18:00+00:00,33,1,42218,50.92,50.92,50.88,50.895,34,SIZ5
2025-11-12 05:19:00+00:00,33,1,42218,50.895,50.94,50.895,50.94,60,SIZ5
2025-11-12 05:20:00+00:00,33,1,42218,50.93,50.94,50.925,50.93,23,SIZ5
2025-11-12 05:21:00+00:00,33,1,42218,50.93,50.99,50.93,50.99,39,SIZ5
2025-11-12 05:22:00+00:00,33,1,42218,50.985,51.0,50.98,50.985,14,SIZ5
2025-11-12 05:23:00+00:00,33,1,42218,50.995,51.005,50.985,50.99,20,SIZ5
2025-11-12 05:24:00+00:00,33,1,42218,50.985,50.99,50.98,50.99,12,SIZ5
2025-11-12 05:25:00+00:00,33,1,42218,50.965,50.965,50.96,50.96,3,SIZ5
2025-11-12 05:26:00+00:00,33,1,42218,50.945,50.945,50.92,50.93,8,SIZ5
2025-11-12 05:27:00+00:00,33,1,42218,50.94,50.955,50.94,50.955,5,SIZ5
2025-11-12 05:28:00+00:00,33,1,42218,50.955,50.955,50.95,50.95,2,SIZ5
2025-11-12 05:29:00+00:00,33,1,42218,50.955,50.955,50.92,50.92,11,SIZ5
2025-11-12 05:30:00+00:00,33,1,42218,50.925,50.93,50.865,50.9,67,SIZ5
2025-11-12 05:31:00+00:00,33,1,42218,50.895,50.925,50.88,50.91,34,SIZ5
2025-11-12 05:32:00+00:00,33,1,42218,50.915,50.96,50.91,50.925,47,SIZ5
2025-11-12 05:33:00+00:00,33,1,42218,50.92,50.95,50.905,50.945,22,SIZ5
2025-11-12 05:34:00+00:00,33,1,42218,50.93,50.965,50.925,50.94,21,SIZ5
2025-11-12 05:35:00+00:00,33,1,42218,50.935,50.97,50.92,50.96,22,SIZ5
2025-11-12 05:36:00+00:00,33,1,42218,50.965,51.005,50.965,50.98,30,SIZ5
2025-11-12 05:37:00+00:00,33,1,42218,50.985,50.99,50.965,50.965,23,SIZ5
2025-11-12 05:38:00+00:00,33,1,42218,50.955,50.975,50.955,50.97,29,SIZ5
2025-11-12 05:39:00+00:00,33,1,42218,50.985,50.985,50.96,50.98,8,SIZ5
2025-11-12 05:40:00+00:00,33,1,42218,50.98,50.98,50.915,50.915,34,SIZ5
2025-11-12 05:41:00+00:00,33,1,42218,50.925,50.935,50.91,50.92,33,SIZ5
2025-11-12 05:42:00+00:00,33,1,42218,50.925,50.94,50.92,50.92,13,SIZ5
2025-11-12 05:43:00+00:00,33,1,42218,50.925,50.925,50.905,50.92,25,SIZ5
2025-11-12 05:44:00+00:00,33,1,42218,50.91,50.915,50.905,50.915,4,SIZ5
2025-11-12 05:45:00+00:00,33,1,42218,50.915,50.915,50.89,50.91,18,SIZ5
2025-11-12 05:46:00+00:00,33,1,42218,50.905,50.925,50.905,50.925,11,SIZ5
2025-11-12 05:47:00+00:00,33,1,42218,50.93,50.95,50.92,50.92,15,SIZ5
2025-11-12 05:48:00+00:00,33,1,42218,50.925,50.93,50.915,50.925,10,SIZ5
2025-11-12 05:49:00+00:00,33,1,42218,50.93,50.93,50.89,50.9,22,SIZ5
2025-11-12 05:50:00+00:00,33,1,42218,50.905,50.91,50.89,50.905,43,SIZ5
2025-11-12 05:51:00+00:00,33,1,42218,50.915,50.92,50.9,50.905,28,SIZ5
2025-11-12 05:52:00+00:00,33,1,42218,50.895,50.92,50.86,50.905,43,SIZ5
2025-11-12 05:53:00+00:00,33,1,42218,50.91,50.945,50.91,50.945,14,SIZ5
2025-11-12 05:54:00+00:00,33,1,42218,50.95,50.95,50.93,50.945,9,SIZ5
2025-11-12 05:55:00+00:00,33,1,42218,50.95,50.95,50.95,50.95,4,SIZ5
2025-11-12 05:56:00+00:00,33,1,42218,50.945,50.955,50.93,50.93,20,SIZ5
2025-11-12 05:57:00+00:00,33,1,42218,50.94,50.945,50.935,50.94,28,SIZ5
2025-11-12 05:58:00+00:00,33,1,42218,50.92,50.92,50.905,50.905,7,SIZ5
2025-11-12 05:59:00+00:00,33,1,42218,50.91,50.935,50.91,50.93,10,SIZ5
2025-11-12 06:00:00+00:00,33,1,42218,50.93,50.96,50.92,50.96,9,SIZ5
2025-11-12 06:01:00+00:00,33,1,42218,50.955,50.955,50.94,50.945,7,SIZ5
2025-11-12 06:02:00+00:00,33,1,42218,50.955,50.965,50.945,50.96,12,SIZ5
2025-11-12 06:03:00+00:00,33,1,42218,50.96,50.97,50.96,50.96,15,SIZ5
2025-11-12 06:04:00+00:00,33,1,42218,50.97,51.06,50.965,51.015,272,SIZ5
2025-11-12 06:05:00+00:00,33,1,42218,51.015,51.05,51.015,51.045,22,SIZ5
2025-11-12 06:06:00+00:00,33,1,42218,51.045,51.06,51.04,51.06,22,SIZ5
2025-11-12 06:07:00+00:00,33,1,42218,51.05,51.085,51.045,51.08,82,SIZ5
2025-11-12 06:08:00+00:00,33,1,42218,51.08,51.09,51.06,51.075,38,SIZ5
2025-11-12 06:09:00+00:00,33,1,42218,51.07,51.075,51.035,51.06,15,SIZ5
2025-11-12 06:10:00+00:00,33,1,42218,51.05,51.055,51.045,51.055,10,SIZ5
2025-11-12 06:11:00+00:00,33,1,42218,51.03,51.045,51.02,51.045,18,SIZ5
2025-11-12 06:12:00+00:00,33,1,42218,51.045,51.055,51.04,51.055,10,SIZ5
2025-11-12 06:13:00+00:00,33,1,42218,51.05,51.05,51.045,51.045,5,SIZ5
2025-11-12 06:14:00+00:00,33,1,42218,51.03,51.065,51.02,51.055,114,SIZ5
2025-11-12 06:15:00+00:00,33,1,42218,51.065,51.085,51.065,51.085,29,SIZ5
2025-11-12 06:16:00+00:00,33,1,42218,51.09,51.1,51.08,51.08,30,SIZ5
2025-11-12 06:17:00+00:00,33,1,42218,51.085,51.1,51.08,51.1,15,SIZ5
2025-11-12 06:18:00+00:00,33,1,42218,51.095,51.1,51.095,51.095,14,SIZ5
2025-11-12 06:19:00+00:00,33,1,42218,51.08,51.09,51.075,51.09,26,SIZ5
2025-11-12 06:20:00+00:00,33,1,42218,51.095,51.12,51.09,51.11,51,SIZ5
2025-11-12 06:21:00+00:00,33,1,42218,51.115,51.13,51.1,51.1,35,SIZ5
2025-11-12 06:22:00+00:00,33,1,42218,51.11,51.11,51.1,51.11,7,SIZ5
2025-11-12 06:23:00+00:00,33,1,42218,51.115,51.12,51.11,51.11,8,SIZ5
2025-11-12 06:24:00+00:00,33,1,42218,51.105,51.115,51.105,51.11,30,SIZ5
2025-11-12 06:25:00+00:00,33,1,42218,51.12,51.135,51.12,51.135,9,SIZ5
2025-11-12 06:26:00+00:00,33,1,42218,51.14,51.18,51.14,51.18,83,SIZ5
2025-11-12 06:27:00+00:00,33,1,42218,51.175,51.26,51.165,51.225,170,SIZ5
2025-11-12 06:28:00+00:00,33,1,42218,51.23,51.255,51.23,51.245,67,SIZ5
2025-11-12 06:29:00+00:00,33,1,42218,51.25,51.29,51.25,51.275,105,SIZ5
2025-11-12 06:30:00+00:00,33,1,42218,51.28,51.315,51.25,51.29,146,SIZ5
2025-11-12 06:31:00+00:00,33,1,42218,51.3,51.325,51.285,51.305,221,SIZ5
2025-11-12 06:32:00+00:00,33,1,42218,51.3,51.335,51.28,51.295,106,SIZ5
2025-11-12 06:33:00+00:00,33,1,42218,51.29,51.31,51.265,51.28,104,SIZ5
2025-11-12 06:34:00+00:00,33,1,42218,51.28,51.325,51.275,51.325,86,SIZ5
2025-11-12 06:35:00+00:00,33,1,42218,51.32,51.325,51.305,51.305,52,SIZ5
2025-11-12 06:36:00+00:00,33,1,42218,51.295,51.325,51.275,51.32,134,SIZ5
2025-11-12 06:37:00+00:00,33,1,42218,51.31,51.335,51.31,51.335,44,SIZ5
2025-11-12 06:38:00+00:00,33,1,42218,51.315,51.38,51.31,51.375,137,SIZ5
2025-11-12 06:39:00+00:00,33,1,42218,51.37,51.42,51.36,51.38,213,SIZ5
2025-11-12 06:40:00+00:00,33,1,42218,51.375,51.385,51.335,51.335,75,SIZ5
2025-11-12 06:41:00+00:00,33,1,42218,51.33,51.365,51.33,51.34,30,SIZ5
2025-11-12 06:42:00+00:00,33,1,42218,51.35,51.375,51.34,51.365,36,SIZ5
2025-11-12 06:43:00+00:00,33,1,42218,51.365,51.39,51.36,51.37,100,SIZ5
2025-11-12 06:44:00+00:00,33,1,42218,51.385,51.385,51.365,51.385,32,SIZ5
2025-11-12 06:45:00+00:00,33,1,42218,51.38,51.395,51.37,51.375,28,SIZ5
2025-11-12 06:46:00+00:00,33,1,42218,51.37,51.375,51.34,51.355,39,SIZ5
2025-11-12 06:47:00+00:00,33,1,42218,51.35,51.355,51.305,51.305,42,SIZ5
2025-11-12 06:48:00+00:00,33,1,42218,51.315,51.32,51.3,51.315,36,SIZ5
2025-11-12 06:49:00+00:00,33,1,42218,51.305,51.32,51.3,51.305,22,SIZ5
2025-11-12 06:50:00+00:00,33,1,42218,51.3,51.3,51.245,51.25,44,SIZ5
2025-11-12 06:51:00+00:00,33,1,42218,51.26,51.275,51.24,51.26,24,SIZ5
2025-11-12 06:52:00+00:00,33,1,42218,51.27,51.275,51.26,51.265,22,SIZ5
2025-11-12 06:53:00+00:00,33,1,42218,51.28,51.35,51.28,51.35,54,SIZ5
2025-11-12 06:54:00+00:00,33,1,42218,51.345,51.355,51.34,51.34,20,SIZ5
2025-11-12 06:55:00+00:00,33,1,42218,51.34,51.39,51.34,51.39,40,SIZ5
2025-11-12 06:56:00+00:00,33,1,42218,51.39,51.4,51.365,51.365,25,SIZ5
2025-11-12 06:57:00+00:00,33,1,42218,51.37,51.395,51.37,51.38,40,SIZ5
2025-11-12 06:58:00+00:00,33,1,42218,51.38,51.415,51.375,51.405,39,SIZ5
2025-11-12 06:59:00+00:00,33,1,42218,51.41,51.44,51.405,51.425,43,SIZ5
2025-11-12 07:00:00+00:00,33,1,42218,51.44,51.47,51.435,51.46,68,SIZ5
2025-11-12 07:01:00+00:00,33,1,42218,51.46,51.485,51.43,51.43,75,SIZ5
2025-11-12 07:02:00+00:00,33,1,42218,51.43,51.435,51.405,51.43,55,SIZ5
2025-11-12 07:03:00+00:00,33,1,42218,51.42,51.43,51.395,51.4,27,SIZ5
2025-11-12 07:04:00+00:00,33,1,42218,51.41,51.45,51.41,51.45,13,SIZ5
2025-11-12 07:05:00+00:00,33,1,42218,51.455,51.495,51.455,51.48,47,SIZ5
2025-11-12 07:06:00+00:00,33,1,42218,51.485,51.49,51.46,51.465,30,SIZ5
2025-11-12 07:07:00+00:00,33,1,42218,51.48,51.5,51.48,51.485,59,SIZ5
2025-11-12 07:08:00+00:00,33,1,42218,51.48,51.565,51.48,51.55,106,SIZ5
2025-11-12 07:09:00+00:00,33,1,42218,51.56,51.57,51.54,51.54,63,SIZ5
2025-11-12 07:10:00+00:00,33,1,42218,51.55,51.6,51.54,51.585,136,SIZ5
2025-11-12 07:11:00+00:00,33,1,42218,51.585,51.63,51.585,51.6,63,SIZ5
2025-11-12 07:12:00+00:00,33,1,42218,51.6,51.605,51.58,51.6,55,SIZ5
2025-11-12 07:13:00+00:00,33,1,42218,51.595,51.605,51.56,51.565,50,SIZ5
2025-11-12 07:14:00+00:00,33,1,42218,51.565,51.625,51.56,51.615,46,SIZ5
2025-11-12 07:15:00+00:00,33,1,42218,51.61,51.63,51.59,51.605,44,SIZ5
2025-11-12 07:16:00+00:00,33,1,42218,51.615,51.615,51.58,51.585,36,SIZ5
2025-11-12 07:17:00+00:00,33,1,42218,51.59,51.595,51.58,51.585,34,SIZ5
2025-11-12 07:18:00+00:00,33,1,42218,51.58,51.58,51.555,51.58,35,SIZ5
2025-11-12 07:19:00+00:00,33,1,42218,51.585,51.59,51.555,51.56,51,SIZ5
2025-11-12 07:20:00+00:00,33,1,42218,51.56,51.56,51.515,51.545,73,SIZ5
2025-11-12 07:21:00+00:00,33,1,42218,51.545,51.545,51.52,51.52,24,SIZ5
2025-11-12 07:22:00+00:00,33,1,42218,51.515,51.525,51.51,51.51,13,SIZ5
2025-11-12 07:23:00+00:00,33,1,42218,51.52,51.545,51.52,51.545,31,SIZ5
2025-11-12 07:24:00+00:00,33,1,42218,51.55,51.56,51.55,51.55,15,SIZ5
2025-11-12 07:25:00+00:00,33,1,42218,51.54,51.545,51.53,51.54,17,SIZ5
2025-11-12 07:26:00+00:00,33,1,42218,51.535,51.545,51.505,51.505,31,SIZ5
2025-11-12 07:27:00+00:00,33,1,42218,51.51,51.52,51.49,51.5,78,SIZ5
2025-11-12 07:28:00+00:00,33,1,42218,51.5,51.52,51.5,51.515,9,SIZ5
2025-11-12 07:29:00+00:00,33,1,42218,51.525,51.55,51.525,51.55,12,SIZ5
2025-11-12 07:30:00+00:00,33,1,42218,51.545,51.545,51.505,51.505,17,SIZ5
2025-11-12 07:31:00+00:00,33,1,42218,51.505,51.505,51.48,51.485,31,SIZ5
2025-11-12 07:32:00+00:00,33,1,42218,51.475,51.475,51.45,51.46,32,SIZ5
2025-11-12 07:33:00+00:00,33,1,42218,51.465,51.515,51.465,51.495,27,SIZ5
2025-11-12 07:34:00+00:00,33,1,42218,51.495,51.5,51.47,51.47,6,SIZ5
2025-11-12 07:35:00+00:00,33,1,42218,51.455,51.51,51.44,51.485,65,SIZ5
2025-11-12 07:36:00+00:00,33,1,42218,51.485,51.49,51.47,51.47,11,SIZ5
2025-11-12 07:37:00+00:00,33,1,42218,51.46,51.475,51.415,51.415,70,SIZ5
2025-11-12 07:38:00+00:00,33,1,42218,51.43,51.475,51.425,51.47,29,SIZ5
2025-11-12 07:39:00+00:00,33,1,42218,51.47,51.48,51.43,51.445,104,SIZ5
2025-11-12 07:40:00+00:00,33,1,42218,51.445,51.455,51.42,51.425,78,SIZ5
2025-11-12 07:41:00+00:00,33,1,42218,51.44,51.465,51.405,51.405,39,SIZ5
2025-11-12 07:42:00+00:00,33,1,42218,51.405,51.41,51.36,51.37,146,SIZ5
2025-11-12 07:43:00+00:00,33,1,42218,51.375,51.38,51.35,51.355,60,SIZ5
2025-11-12 07:44:00+00:00,33,1,42218,51.355,51.365,51.325,51.365,32,SIZ5
2025-11-12 07:45:00+00:00,33,1,42218,51.365,51.375,51.355,51.37,27,SIZ5
2025-11-12 07:46:00+00:00,33,1,42218,51.375,51.405,51.36,51.405,56,SIZ5
2025-11-12 07:47:00+00:00,33,1,42218,51.405,51.46,51.4,51.445,39,SIZ5
2025-11-12 07:48:00+00:00,33,1,42218,51.44,51.5,51.44,51.5,34,SIZ5
2025-11-12 07:49:00+00:00,33,1,42218,51.495,51.52,51.49,51.5,55,SIZ5
2025-11-12 07:50:00+00:00,33,1,42218,51.505,51.51,51.485,51.49,25,SIZ5
2025-11-12 07:51:00+00:00,33,1,42218,51.49,51.495,51.49,51.49,6,SIZ5
2025-11-12 07:52:00+00:00,33,1,42218,51.485,51.485,51.47,51.48,5,SIZ5
2025-11-12 07:53:00+00:00,33,1,42218,51.47,51.48,51.47,51.48,4,SIZ5
2025-11-12 07:54:00+00:00,33,1,42218,51.48,51.49,51.47,51.475,8,SIZ5
2025-11-12 07:55:00+00:00,33,1,42218,51.465,51.475,51.465,51.475,7,SIZ5
2025-11-12 07:56:00+00:00,33,1,42218,51.49,51.49,51.47,51.475,14,SIZ5
2025-11-12 07:57:00+00:00,33,1,42218,51.485,51.49,51.47,51.475,11,SIZ5
2025-11-12 07:58:00+00:00,33,1,42218,51.48,51.49,51.475,51.49,12,SIZ5
2025-11-12 07:59:00+00:00,33,1,42218,51.5,51.515,51.495,51.495,33,SIZ5
2025-11-12 08:00:00+00:00,33,1,42218,51.5,51.53,51.5,51.53,48,SIZ5
2025-11-12 08:01:00+00:00,33,1,42218,51.55,51.58,51.53,51.54,57,SIZ5
2025-11-12 08:02:00+00:00,33,1,42218,51.53,51.57,51.495,51.57,101,SIZ5
2025-11-12 08:03:00+00:00,33,1,42218,51.57,51.57,51.53,51.545,35,SIZ5
2025-11-12 08:04:00+00:00,33,1,42218,51.555,51.575,51.555,51.56,16,SIZ5
2025-11-12 08:05:00+00:00,33,1,42218,51.56,51.57,51.52,51.52,52,SIZ5
2025-11-12 08:06:00+00:00,33,1,42218,51.52,51.52,51.485,51.5,42,SIZ5
2025-11-12 08:07:00+00:00,33,1,42218,51.505,51.51,51.44,51.47,57,SIZ5
2025-11-12 08:08:00+00:00,33,1,42218,51.46,51.465,51.395,51.415,81,SIZ5
2025-11-12 08:09:00+00:00,33,1,42218,51.435,51.475,51.435,51.445,38,SIZ5
2025-11-12 08:10:00+00:00,33,1,42218,51.435,51.435,51.39,51.405,35,SIZ5
2025-11-12 08:11:00+00:00,33,1,42218,51.415,51.455,51.395,51.43,62,SIZ5
2025-11-12 08:12:00+00:00,33,1,42218,51.44,51.5,51.43,51.495,62,SIZ5
2025-11-12 08:13:00+00:00,33,1,42218,51.485,51.53,51.485,51.51,54,SIZ5
2025-11-12 08:14:00+00:00,33,1,42218,51.515,51.59,51.515,51.56,111,SIZ5
2025-11-12 08:15:00+00:00,33,1,42218,51.565,51.575,51.54,51.555,69,SIZ5
2025-11-12 08:16:00+00:00,33,1,42218,51.55,51.55,51.52,51.54,40,SIZ5
2025-11-12 08:17:00+00:00,33,1,42218,51.555,51.555,51.53,51.54,22,SIZ5
2025-11-12 08:18:00+00:00,33,1,42218,51.54,51.555,51.515,51.53,62,SIZ5
2025-11-12 08:19:00+00:00,33,1,42218,51.53,51.535,51.495,51.51,90,SIZ5
2025-11-12 08:20:00+00:00,33,1,42218,51.52,51.555,51.52,51.55,15,SIZ5
2025-11-12 08:21:00+00:00,33,1,42218,51.56,51.58,51.56,51.565,26,SIZ5
2025-11-12 08:22:00+00:00,33,1,42218,51.575,51.63,51.575,51.62,83,SIZ5
2025-11-12 08:23:00+00:00,33,1,42218,51.625,51.625,51.58,51.62,42,SIZ5
2025-11-12 08:24:00+00:00,33,1,42218,51.62,51.665,51.615,51.655,91,SIZ5
2025-11-12 08:25:00+00:00,33,1,42218,51.65,51.69,51.64,51.685,105,SIZ5
2025-11-12 08:26:00+00:00,33,1,42218,51.685,51.69,51.655,51.66,50,SIZ5
2025-11-12 08:27:00+00:00,33,1,42218,51.66,51.66,51.64,51.655,35,SIZ5
2025-11-12 08:28:00+00:00,33,1,42218,51.66,51.685,51.66,51.68,53,SIZ5
2025-11-12 08:29:00+00:00,33,1,42218,51.69,51.69,51.655,51.67,45,SIZ5
2025-11-12 08:30:00+00:00,33,1,42218,51.68,51.68,51.66,51.67,26,SIZ5
2025-11-12 08:31:00+00:00,33,1,42218,51.665,51.72,51.66,51.7,47,SIZ5
2025-11-12 08:32:00+00:00,33,1,42218,51.7,51.71,51.69,51.695,23,SIZ5
2025-11-12 08:33:00+00:00,33,1,42218,51.695,51.7,51.685,51.69,17,SIZ5
2025-11-12 08:34:00+00:00,33,1,42218,51.68,51.685,51.675,51.675,17,SIZ5
2025-11-12 08:35:00+00:00,33,1,42218,51.675,51.68,51.665,51.67,20,SIZ5
2025-11-12 08:36:00+00:00,33,1,42218,51.67,51.7,51.665,51.7,31,SIZ5
2025-11-12 08:37:00+00:00,33,1,42218,51.705,51.73,51.7,51.73,36,SIZ5
2025-11-12 08:38:00+00:00,33,1,42218,51.72,51.72,51.69,51.72,53,SIZ5
2025-11-12 08:39:00+00:00,33,1,42218,51.715,51.72,51.7,51.7,8,SIZ5
2025-11-12 08:40:00+00:00,33,1,42218,51.7,51.7,51.65,51.67,49,SIZ5
2025-11-12 08:41:00+00:00,33,1,42218,51.655,51.675,51.65,51.675,40,SIZ5
2025-11-12 08:42:00+00:00,33,1,42218,51.67,51.68,51.66,51.66,19,SIZ5
2025-11-12 08:43:00+00:00,33,1,42218,51.655,51.66,51.645,51.655,17,SIZ5
2025-11-12 08:44:00+00:00,33,1,42218,51.665,51.665,51.64,51.655,34,SIZ5
2025-11-12 08:45:00+00:00,33,1,42218,51.66,51.66,51.65,51.655,10,SIZ5
2025-11-12 08:46:00+00:00,33,1,42218,51.66,51.67,51.645,51.65,17,SIZ5
2025-11-12 08:47:00+00:00,33,1,42218,51.66,51.67,51.645,51.67,14,SIZ5
2025-11-12 08:48:00+00:00,33,1,42218,51.65,51.65,51.65,51.65,4,SIZ5
2025-11-12 08:49:00+00:00,33,1,42218,51.655,51.685,51.65,51.68,14,SIZ5
2025-11-12 08:50:00+00:00,33,1,42218,51.68,51.695,51.68,51.695,3,SIZ5
2025-11-12 08:51:00+00:00,33,1,42218,51.69,51.705,51.69,51.69,28,SIZ5
2025-11-12 08:52:00+00:00,33,1,42218,51.695,51.695,51.665,51.665,8,SIZ5
2025-11-12 08:53:00+00:00,33,1,42218,51.67,51.675,51.655,51.655,10,SIZ5
2025-11-12 08:54:00+00:00,33,1,42218,51.655,51.655,51.625,51.63,53,SIZ5
2025-11-12 08:55:00+00:00,33,1,42218,51.63,51.65,51.62,51.625,30,SIZ5
2025-11-12 08:56:00+00:00,33,1,42218,51.63,51.63,51.605,51.62,30,SIZ5
2025-11-12 08:57:00+00:00,33,1,42218,51.625,51.645,51.62,51.64,13,SIZ5
2025-11-12 08:58:00+00:00,33,1,42218,51.635,51.645,51.635,51.64,3,SIZ5
2025-11-12 08:59:00+00:00,33,1,42218,51.65,51.655,51.65,51.655,9,SIZ5
2025-11-12 09:00:00+00:00,33,1,42218,51.635,51.645,51.625,51.63,18,SIZ5
2025-11-12 09:01:00+00:00,33,1,42218,51.63,51.665,51.625,51.66,16,SIZ5
2025-11-12 09:02:00+00:00,33,1,42218,51.67,51.68,51.67,51.675,11,SIZ5
2025-11-12 09:03:00+00:00,33,1,42218,51.67,51.68,51.655,51.67,6,SIZ5
2025-11-12 09:04:00+00:00,33,1,42218,51.665,51.675,51.655,51.655,13,SIZ5
2025-11-12 09:05:00+00:00,33,1,42218,51.65,51.66,51.65,51.65,12,SIZ5
2025-11-12 09:06:00+00:00,33,1,42218,51.64,51.64,51.63,51.63,9,SIZ5
2025-11-12 09:07:00+00:00,33,1,42218,51.625,51.645,51.625,51.64,12,SIZ5
2025-11-12 09:08:00+00:00,33,1,42218,51.64,51.65,51.635,51.635,15,SIZ5
2025-11-12 09:09:00+00:00,33,1,42218,51.63,51.63,51.61,51.625,18,SIZ5
2025-11-12 09:10:00+00:00,33,1,42218,51.615,51.625,51.61,51.61,10,SIZ5
2025-11-12 09:11:00+00:00,33,1,42218,51.61,51.625,51.595,51.595,30,SIZ5
2025-11-12 09:12:00+00:00,33,1,42218,51.595,51.595,51.565,51.58,50,SIZ5
2025-11-12 09:13:00+00:00,33,1,42218,51.585,51.615,51.585,51.615,19,SIZ5
2025-11-12 09:14:00+00:00,33,1,42218,51.605,51.635,51.605,51.625,24,SIZ5
2025-11-12 09:15:00+00:00,33,1,42218,51.635,51.66,51.635,51.66,64,SIZ5
2025-11-12 09:16:00+00:00,33,1,42218,51.655,51.705,51.655,51.705,31,SIZ5
2025-11-12 09:17:00+00:00,33,1,42218,51.7,51.7,51.66,51.66,18,SIZ5
2025-11-12 09:18:00+00:00,33,1,42218,51.66,51.66,51.63,51.63,12,SIZ5
2025-11-12 09:19:00+00:00,33,1,42218,51.63,51.635,51.61,51.61,20,SIZ5
2025-11-12 09:20:00+00:00,33,1,42218,51.61,51.62,51.6,51.6,10,SIZ5
2025-11-12 09:21:00+00:00,33,1,42218,51.605,51.605,51.58,51.585,31,SIZ5
2025-11-12 09:22:00+00:00,33,1,42218,51.59,51.635,51.59,51.635,18,SIZ5
2025-11-12 09:23:00+00:00,33,1,42218,51.63,51.645,51.63,51.645,13,SIZ5
2025-11-12 09:24:00+00:00,33,1,42218,51.645,51.66,51.645,51.655,12,SIZ5
2025-11-12 09:25:00+00:00,33,1,42218,51.65,51.65,51.625,51.625,11,SIZ5
2025-11-12 09:26:00+00:00,33,1,42218,51.625,51.625,51.61,51.61,12,SIZ5
2025-11-12 09:27:00+00:00,33,1,42218,51.61,51.61,51.6,51.6,17,SIZ5
2025-11-12 09:28:00+00:00,33,1,42218,51.6,51.65,51.6,51.65,22,SIZ5
2025-11-12 09:29:00+00:00,33,1,42218,51.655,51.655,51.645,51.65,12,SIZ5
2025-11-12 09:30:00+00:00,33,1,42218,51.66,51.68,51.66,51.68,10,SIZ5
2025-11-12 09:31:00+00:00,33,1,42218,51.675,51.69,51.67,51.68,31,SIZ5
2025-11-12 09:32:00+00:00,33,1,42218,51.68,51.68,51.64,51.64,30,SIZ5
2025-11-12 09:33:00+00:00,33,1,42218,51.65,51.665,51.65,51.655,26,SIZ5
2025-11-12 09:34:00+00:00,33,1,42218,51.655,51.655,51.645,51.655,21,SIZ5
2025-11-12 09:35:00+00:00,33,1,42218,51.66,51.67,51.655,51.67,24,SIZ5
2025-11-12 09:36:00+00:00,33,1,42218,51.67,51.72,51.67,51.7,104,SIZ5
2025-11-12 09:37:00+00:00,33,1,42218,51.7,51.725,51.695,51.7,39,SIZ5
2025-11-12 09:38:00+00:00,33,1,42218,51.705,51.74,51.705,51.735,32,SIZ5
2025-11-12 09:39:00+00:00,33,1,42218,51.725,51.75,51.725,51.745,61,SIZ5
2025-11-12 09:40:00+00:00,33,1,42218,51.75,51.755,51.715,51.73,35,SIZ5
2025-11-12 09:41:00+00:00,33,1,42218,51.735,51.74,51.715,51.725,20,SIZ5
2025-11-12 09:42:00+00:00,33,1,42218,51.72,51.72,51.675,51.685,31,SIZ5
2025-11-12 09:43:00+00:00,33,1,42218,51.685,51.705,51.67,51.705,52,SIZ5
2025-11-12 09:44:00+00:00,33,1,42218,51.705,51.73,51.705,51.725,48,SIZ5
2025-11-12 09:45:00+00:00,33,1,42218,51.73,51.74,51.715,51.715,22,SIZ5
2025-11-12 09:46:00+00:00,33,1,42218,51.72,51.72,51.71,51.72,21,SIZ5
2025-11-12 09:47:00+00:00,33,1,42218,51.725,51.745,51.7,51.71,44,SIZ5
2025-11-12 09:48:00+00:00,33,1,42218,51.7,51.7,51.67,51.685,35,SIZ5
2025-11-12 09:49:00+00:00,33,1,42218,51.69,51.69,51.685,51.685,12,SIZ5
2025-11-12 09:50:00+00:00,33,1,42218,51.68,51.685,51.62,51.635,48,SIZ5
2025-11-12 09:51:00+00:00,33,1,42218,51.615,51.635,51.6,51.63,20,SIZ5
2025-11-12 09:52:00+00:00,33,1,42218,51.63,51.645,51.61,51.645,52,SIZ5
2025-11-12 09:53:00+00:00,33,1,42218,51.645,51.665,51.635,51.64,38,SIZ5
2025-11-12 09:54:00+00:00,33,1,42218,51.65,51.68,51.64,51.675,27,SIZ5
2025-11-12 09:55:00+00:00,33,1,42218,51.67,51.68,51.67,51.675,15,SIZ5
2025-11-12 09:56:00+00:00,33,1,42218,51.67,51.67,51.64,51.64,12,SIZ5
2025-11-12 09:57:00+00:00,33,1,42218,51.64,51.65,51.64,51.65,4,SIZ5
2025-11-12 09:58:00+00:00,33,1,42218,51.65,51.65,51.635,51.645,18,SIZ5
2025-11-12 09:59:00+00:00,33,1,42218,51.66,51.66,51.655,51.655,2,SIZ5
2025-11-12 10:00:00+00:00,33,1,42218,51.645,51.655,51.64,51.64,24,SIZ5
2025-11-12 10:01:00+00:00,33,1,42218,51.635,51.65,51.625,51.65,15,SIZ5
2025-11-12 10:02:00+00:00,33,1,42218,51.665,51.675,51.66,51.675,11,SIZ5
2025-11-12 10:03:00+00:00,33,1,42218,51.68,51.685,51.665,51.675,13,SIZ5
2025-11-12 10:04:00+00:00,33,1,42218,51.685,51.69,51.66,51.67,40,SIZ5
2025-11-12 10:05:00+00:00,33,1,42218,51.67,51.69,51.67,51.675,10,SIZ5
2025-11-12 10:06:00+00:00,33,1,42218,51.675,51.705,51.67,51.7,10,SIZ5
2025-11-12 10:07:00+00:00,33,1,42218,51.7,51.7,51.675,51.675,12,SIZ5
2025-11-12 10:08:00+00:00,33,1,42218,51.67,51.67,51.655,51.655,10,SIZ5
2025-11-12 10:09:00+00:00,33,1,42218,51.655,51.665,51.645,51.655,22,SIZ5
2025-11-12 10:10:00+00:00,33,1,42218,51.65,51.65,51.62,51.62,17,SIZ5
2025-11-12 10:11:00+00:00,33,1,42218,51.615,51.615,51.59,51.59,49,SIZ5
2025-11-12 10:12:00+00:00,33,1,42218,51.6,51.645,51.6,51.645,18,SIZ5
2025-11-12 10:13:00+00:00,33,1,42218,51.64,51.66,51.63,51.63,18,SIZ5
2025-11-12 10:14:00+00:00,33,1,42218,51.625,51.675,51.605,51.675,163,SIZ5
2025-11-12 10:15:00+00:00,33,1,42218,51.68,51.685,51.66,51.675,37,SIZ5
2025-11-12 10:16:00+00:00,33,1,42218,51.68,51.69,51.675,51.68,10,SIZ5
2025-11-12 10:17:00+00:00,33,1,42218,51.675,51.68,51.66,51.66,21,SIZ5
2025-11-12 10:18:00+00:00,33,1,42218,51.665,51.675,51.665,51.665,10,SIZ5
2025-11-12 10:19:00+00:00,33,1,42218,51.665,51.67,51.655,51.655,13,SIZ5
2025-11-12 10:20:00+00:00,33,1,42218,51.65,51.655,51.635,51.645,19,SIZ5
2025-11-12 10:21:00+00:00,33,1,42218,51.65,51.655,51.625,51.655,36,SIZ5
2025-11-12 10:22:00+00:00,33,1,42218,51.66,51.665,51.64,51.64,7,SIZ5
2025-11-12 10:23:00+00:00,33,1,42218,51.63,51.64,51.615,51.615,10,SIZ5
2025-11-12 10:24:00+00:00,33,1,42218,51.62,51.62,51.595,51.62,31,SIZ5
2025-11-12 10:25:00+00:00,33,1,42218,51.615,51.62,51.565,51.57,46,SIZ5
2025-11-12 10:26:00+00:00,33,1,42218,51.575,51.58,51.505,51.55,158,SIZ5
2025-11-12 10:27:00+00:00,33,1,42218,51.545,51.58,51.54,51.58,30,SIZ5
2025-11-12 10:28:00+00:00,33,1,42218,51.57,51.585,51.55,51.57,36,SIZ5
2025-11-12 10:29:00+00:00,33,1,42218,51.565,51.57,51.55,51.56,20,SIZ5
2025-11-12 10:30:00+00:00,33,1,42218,51.555,51.555,51.515,51.54,66,SIZ5
2025-11-12 10:31:00+00:00,33,1,42218,51.53,51.575,51.53,51.57,40,SIZ5
2025-11-12 10:32:00+00:00,33,1,42218,51.575,51.605,51.575,51.595,28,SIZ5
2025-11-12 10:33:00+00:00,33,1,42218,51.59,51.625,51.59,51.62,13,SIZ5
2025-11-12 10:34:00+00:00,33,1,42218,51.625,51.66,51.625,51.635,86,SIZ5
2025-11-12 10:35:00+00:00,33,1,42218,51.63,51.645,51.62,51.645,18,SIZ5
2025-11-12 10:36:00+00:00,33,1,42218,51.65,51.67,51.65,51.67,22,SIZ5
2025-11-12 10:37:00+00:00,33,1,42218,51.67,51.68,51.66,51.67,15,SIZ5
2025-11-12 10:38:00+00:00,33,1,42218,51.67,51.685,51.67,51.685,13,SIZ5
2025-11-12 10:39:00+00:00,33,1,42218,51.68,51.695,51.68,51.695,8,SIZ5
2025-11-12 10:40:00+00:00,33,1,42218,51.685,51.705,51.685,51.7,16,SIZ5
2025-11-12 10:41:00+00:00,33,1,42218,51.69,51.695,51.67,51.67,14,SIZ5
2025-11-12 10:42:00+00:00,33,1,42218,51.67,51.67,51.655,51.665,12,SIZ5
2025-11-12 10:43:00+00:00,33,1,42218,51.665,51.67,51.655,51.66,9,SIZ5
2025-11-12 10:44:00+00:00,33,1,42218,51.66,51.66,51.645,51.65,7,SIZ5
2025-11-12 10:45:00+00:00,33,1,42218,51.645,51.67,51.645,51.67,28,SIZ5
2025-11-12 10:46:00+00:00,33,1,42218,51.66,51.66,51.62,51.625,33,SIZ5
2025-11-12 10:47:00+00:00,33,1,42218,51.615,51.625,51.61,51.625,8,SIZ5
2025-11-12 10:48:00+00:00,33,1,42218,51.625,51.625,51.615,51.62,5,SIZ5
2025-11-12 10:49:00+00:00,33,1,42218,51.62,51.625,51.61,51.625,21,SIZ5
2025-11-12 10:50:00+00:00,33,1,42218,51.63,51.64,51.63,51.63,7,SIZ5
2025-11-12 10:51:00+00:00,33,1,42218,51.625,51.625,51.615,51.615,4,SIZ5
2025-11-12 10:52:00+00:00,33,1,42218,51.625,51.63,51.615,51.62,14,SIZ5
2025-11-12 10:53:00+00:00,33,1,42218,51.615,51.625,51.615,51.625,7,SIZ5
2025-11-12 10:54:00+00:00,33,1,42218,51.625,51.635,51.615,51.615,25,SIZ5
2025-11-12 10:55:00+00:00,33,1,42218,51.64,51.65,51.64,51.645,8,SIZ5
2025-11-12 10:56:00+00:00,33,1,42218,51.645,51.65,51.64,51.65,8,SIZ5
2025-11-12 10:57:00+00:00,33,1,42218,51.65,51.685,51.65,51.685,16,SIZ5
2025-11-12 10:58:00+00:00,33,1,42218,51.69,51.695,51.675,51.675,10,SIZ5
2025-11-12 10:59:00+00:00,33,1,42218,51.665,51.675,51.66,51.66,11,SIZ5
2025-11-12 11:00:00+00:00,33,1,42218,51.665,51.68,51.66,51.68,15,SIZ5
2025-11-12 11:01:00+00:00,33,1,42218,51.68,51.69,51.67,51.675,23,SIZ5
2025-11-12 11:02:00+00:00,33,1,42218,51.675,51.675,51.67,51.67,2,SIZ5
2025-11-12 11:03:00+00:00,33,1,42218,51.665,51.665,51.65,51.65,9,SIZ5
2025-11-12 11:04:00+00:00,33,1,42218,51.645,51.645,51.62,51.63,29,SIZ5
2025-11-12 11:05:00+00:00,33,1,42218,51.63,51.66,51.63,51.66,11,SIZ5
2025-11-12 11:06:00+00:00,33,1,42218,51.665,51.67,51.665,51.665,7,SIZ5
2025-11-12 11:08:00+00:00,33,1,42218,51.665,51.665,51.665,51.665,2,SIZ5
2025-11-12 11:09:00+00:00,33,1,42218,51.675,51.675,51.665,51.665,4,SIZ5
2025-11-12 11:10:00+00:00,33,1,42218,51.695,51.695,51.695,51.695,2,SIZ5
2025-11-12 11:11:00+00:00,33,1,42218,51.69,51.695,51.685,51.695,9,SIZ5
2025-11-12 11:12:00+00:00,33,1,42218,51.665,51.705,51.665,51.685,57,SIZ5
2025-11-12 11:13:00+00:00,33,1,42218,51.685,51.695,51.665,51.675,28,SIZ5
2025-11-12 11:14:00+00:00,33,1,42218,51.68,51.69,51.68,51.685,11,SIZ5
2025-11-12 11:15:00+00:00,33,1,42218,51.675,51.675,51.645,51.645,26,SIZ5
2025-11-12 11:16:00+00:00,33,1,42218,51.635,51.645,51.625,51.625,16,SIZ5
2025-11-12 11:17:00+00:00,33,1,42218,51.625,51.625,51.61,51.62,12,SIZ5
2025-11-12 11:18:00+00:00,33,1,42218,51.62,51.62,51.615,51.615,5,SIZ5
2025-11-12 11:19:00+00:00,33,1,42218,51.615,51.615,51.605,51.605,7,SIZ5
2025-11-12 11:20:00+00:00,33,1,42218,51.615,51.615,51.58,51.585,67,SIZ5
2025-11-12 11:21:00+00:00,33,1,42218,51.585,51.59,51.575,51.59,15,SIZ5
2025-11-12 11:22:00+00:00,33,1,42218,51.575,51.58,51.545,51.555,35,SIZ5
2025-11-12 11:23:00+00:00,33,1,42218,51.555,51.59,51.555,51.585,19,SIZ5
2025-11-12 11:24:00+00:00,33,1,42218,51.575,51.58,51.565,51.58,16,SIZ5
2025-11-12 11:25:00+00:00,33,1,42218,51.56,51.59,51.55,51.575,21,SIZ5
2025-11-12 11:26:00+00:00,33,1,42218,51.595,51.595,51.57,51.58,18,SIZ5
2025-11-12 11:27:00+00:00,33,1,42218,51.57,51.57,51.535,51.535,31,SIZ5
2025-11-12 11:28:00+00:00,33,1,42218,51.535,51.535,51.48,51.51,101,SIZ5
2025-11-12 11:29:00+00:00,33,1,42218,51.515,51.515,51.485,51.485,63,SIZ5
2025-11-12 11:30:00+00:00,33,1,42218,51.485,51.505,51.48,51.49,44,SIZ5
2025-11-12 11:31:00+00:00,33,1,42218,51.505,51.525,51.5,51.525,29,SIZ5
2025-11-12 11:32:00+00:00,33,1,42218,51.53,51.54,51.51,51.54,31,SIZ5
2025-11-12 11:33:00+00:00,33,1,42218,51.545,51.555,51.535,51.54,10,SIZ5
2025-11-12 11:34:00+00:00,33,1,42218,51.535,51.555,51.525,51.555,20,SIZ5
2025-11-12 11:35:00+00:00,33,1,42218,51.555,51.605,51.555,51.6,36,SIZ5
2025-11-12 11:36:00+00:00,33,1,42218,51.6,51.6,51.58,51.58,14,SIZ5
2025-11-12 11:37:00+00:00,33,1,42218,51.565,51.565,51.56,51.565,6,SIZ5
2025-11-12 11:38:00+00:00,33,1,42218,51.555,51.56,51.545,51.555,13,SIZ5
2025-11-12 11:39:00+00:00,33,1,42218,51.545,51.545,51.515,51.525,31,SIZ5
2025-11-12 11:40:00+00:00,33,1,42218,51.525,51.525,51.5,51.5,14,SIZ5
2025-11-12 11:41:00+00:00,33,1,42218,51.49,51.515,51.475,51.515,25,SIZ5
2025-11-12 11:42:00+00:00,33,1,42218,51.515,51.54,51.515,51.54,20,SIZ5
2025-11-12 11:43:00+00:00,33,1,42218,51.535,51.555,51.535,51.545,22,SIZ5
2025-11-12 11:44:00+00:00,33,1,42218,51.535,51.545,51.535,51.545,6,SIZ5
2025-11-12 11:45:00+00:00,33,1,42218,51.555,51.555,51.52,51.525,26,SIZ5
2025-11-12 11:46:00+00:00,33,1,42218,51.53,51.54,51.505,51.505,31,SIZ5
2025-11-12 11:47:00+00:00,33,1,42218,51.5,51.525,51.475,51.525,31,SIZ5
2025-11-12 11:48:00+00:00,33,1,42218,51.53,51.54,51.53,51.53,11,SIZ5
2025-11-12 11:49:00+00:00,33,1,42218,51.52,51.52,51.475,51.485,27,SIZ5
2025-11-12 11:50:00+00:00,33,1,42218,51.49,51.51,51.475,51.505,24,SIZ5
2025-11-12 11:51:00+00:00,33,1,42218,51.505,51.52,51.505,51.51,9,SIZ5
2025-11-12 11:52:00+00:00,33,1,42218,51.51,51.51,51.5,51.505,15,SIZ5
2025-11-12 11:53:00+00:00,33,1,42218,51.485,51.495,51.48,51.485,32,SIZ5
2025-11-12 11:54:00+00:00,33,1,42218,51.49,51.495,51.48,51.48,7,SIZ5
2025-11-12 11:55:00+00:00,33,1,42218,51.47,51.475,51.44,51.45,70,SIZ5
2025-11-12 11:56:00+00:00,33,1,42218,51.445,51.445,51.415,51.415,52,SIZ5
2025-11-12 11:57:00+00:00,33,1,42218,51.41,51.425,51.405,51.415,74,SIZ5
2025-11-12 11:58:00+00:00,33,1,42218,51.405,51.42,51.355,51.42,175,SIZ5
2025-11-12 11:59:00+00:00,33,1,42218,51.41,51.43,51.4,51.4,46,SIZ5
2025-11-12 12:00:00+00:00,33,1,42218,51.4,51.475,51.365,51.42,181,SIZ5
2025-11-12 12:01:00+00:00,33,1,42218,51.425,51.435,51.415,51.415,18,SIZ5
2025-11-12 12:02:00+00:00,33,1,42218,51.425,51.47,51.425,51.465,43,SIZ5
2025-11-12 12:03:00+00:00,33,1,42218,51.46,51.51,51.455,51.495,93,SIZ5
2025-11-12 12:04:00+00:00,33,1,42218,51.495,51.495,51.465,51.48,24,SIZ5
2025-11-12 12:05:00+00:00,33,1,42218,51.49,51.54,51.485,51.53,47,SIZ5
2025-11-12 12:06:00+00:00,33,1,42218,51.535,51.545,51.51,51.51,41,SIZ5
2025-11-12 12:07:00+00:00,33,1,42218,51.51,51.525,51.495,51.5,16,SIZ5
2025-11-12 12:08:00+00:00,33,1,42218,51.51,51.515,51.48,51.485,29,SIZ5
2025-11-12 12:09:00+00:00,33,1,42218,51.485,51.505,51.48,51.495,54,SIZ5
2025-11-12 12:10:00+00:00,33,1,42218,51.5,51.515,51.5,51.51,7,SIZ5
2025-11-12 12:11:00+00:00,33,1,42218,51.5,51.545,51.5,51.535,22,SIZ5
2025-11-12 12:12:00+00:00,33,1,42218,51.535,51.545,51.535,51.535,16,SIZ5
2025-11-12 12:13:00+00:00,33,1,42218,51.53,51.535,51.53,51.535,6,SIZ5
2025-11-12 12:14:00+00:00,33,1,42218,51.54,51.545,51.515,51.515,24,SIZ5
2025-11-12 12:15:00+00:00,33,1,42218,51.525,51.535,51.515,51.53,20,SIZ5
2025-11-12 12:16:00+00:00,33,1,42218,51.54,51.55,51.54,51.545,26,SIZ5
2025-11-12 12:17:00+00:00,33,1,42218,51.55,51.57,51.545,51.565,54,SIZ5
2025-11-12 12:18:00+00:00,33,1,42218,51.57,51.585,51.57,51.575,62,SIZ5
2025-11-12 12:19:00+00:00,33,1,42218,51.585,51.585,51.55,51.55,25,SIZ5
2025-11-12 12:20:00+00:00,33,1,42218,51.56,51.575,51.56,51.56,10,SIZ5
2025-11-12 12:21:00+00:00,33,1,42218,51.555,51.6,51.55,51.6,58,SIZ5
2025-11-12 12:22:00+00:00,33,1,42218,51.61,51.615,51.6,51.61,22,SIZ5
2025-11-12 12:23:00+00:00,33,1,42218,51.6,51.61,51.59,51.61,13,SIZ5
2025-11-12 12:24:00+00:00,33,1,42218,51.615,51.615,51.59,51.605,37,SIZ5
2025-11-12 12:25:00+00:00,33,1,42218,51.6,51.62,51.6,51.62,15,SIZ5
2025-11-12 12:26:00+00:00,33,1,42218,51.62,51.67,51.62,51.67,79,SIZ5
2025-11-12 12:27:00+00:00,33,1,42218,51.66,51.665,51.635,51.635,86,SIZ5
2025-11-12 12:28:00+00:00,33,1,42218,51.63,51.65,51.625,51.635,34,SIZ5
2025-11-12 12:29:00+00:00,33,1,42218,51.64,51.64,51.64,51.64,6,SIZ5
2025-11-12 12:30:00+00:00,33,1,42218,51.64,51.66,51.64,51.645,19,SIZ5
2025-11-12 12:31:00+00:00,33,1,42218,51.645,51.665,51.64,51.655,29,SIZ5
2025-11-12 12:32:00+00:00,33,1,42218,51.65,51.675,51.65,51.665,11,SIZ5
2025-11-12 12:33:00+00:00,33,1,42218,51.655,51.665,51.655,51.665,12,SIZ5
2025-11-12 12:34:00+00:00,33,1,42218,51.67,51.68,51.665,51.68,21,SIZ5
2025-11-12 12:35:00+00:00,33,1,42218,51.675,51.685,51.655,51.655,30,SIZ5
2025-11-12 12:36:00+00:00,33,1,42218,51.66,51.67,51.655,51.66,24,SIZ5
2025-11-12 12:37:00+00:00,33,1,42218,51.66,51.66,51.64,51.64,18,SIZ5
2025-11-12 12:38:00+00:00,33,1,42218,51.64,51.64,51.62,51.625,7,SIZ5
2025-11-12 12:39:00+00:00,33,1,42218,51.625,51.635,51.62,51.63,20,SIZ5
2025-11-12 12:40:00+00:00,33,1,42218,51.635,51.635,51.625,51.625,7,SIZ5
2025-11-12 12:41:00+00:00,33,1,42218,51.615,51.62,51.59,51.61,43,SIZ5
2025-11-12 12:42:00+00:00,33,1,42218,51.6,51.6,51.585,51.6,24,SIZ5
2025-11-12 12:43:00+00:00,33,1,42218,51.6,51.62,51.6,51.62,12,SIZ5
2025-11-12 12:44:00+00:00,33,1,42218,51.62,51.62,51.61,51.61,9,SIZ5
2025-11-12 12:45:00+00:00,33,1,42218,51.605,51.615,51.59,51.615,13,SIZ5
2025-11-12 12:46:00+00:00,33,1,42218,51.62,51.63,51.615,51.62,14,SIZ5
2025-11-12 12:47:00+00:00,33,1,42218,51.62,51.665,51.62,51.655,62,SIZ5
2025-11-12 12:48:00+00:00,33,1,42218,51.65,51.65,51.61,51.615,43,SIZ5
2025-11-12 12:49:00+00:00,33,1,42218,51.615,51.615,51.6,51.605,11,SIZ5
2025-11-12 12:50:00+00:00,33,1,42218,51.605,51.605,51.59,51.59,15,SIZ5
2025-11-12 12:51:00+00:00,33,1,42218,51.595,51.62,51.595,51.62,17,SIZ5
2025-11-12 12:52:00+00:00,33,1,42218,51.615,51.64,51.615,51.64,23,SIZ5
2025-11-12 12:53:00+00:00,33,1,42218,51.635,51.64,51.615,51.625,13,SIZ5
2025-11-12 12:54:00+00:00,33,1,42218,51.625,51.625,51.605,51.615,27,SIZ5
2025-11-12 12:55:00+00:00,33,1,42218,51.615,51.615,51.595,51.605,31,SIZ5
2025-11-12 12:56:00+00:00,33,1,42218,51.61,51.615,51.61,51.61,10,SIZ5
2025-11-12 12:57:00+00:00,33,1,42218,51.605,51.605,51.59,51.59,13,SIZ5
2025-11-12 12:58:00+00:00,33,1,42218,51.59,51.595,51.575,51.575,31,SIZ5
2025-11-12 12:59:00+00:00,33,1,42218,51.57,51.59,51.565,51.58,40,SIZ5
2025-11-12 13:00:00+00:00,33,1,42218,51.58,51.59,51.54,51.54,206,SIZ5
2025-11-12 13:01:00+00:00,33,1,42218,51.54,51.545,51.495,51.51,100,SIZ5
2025-11-12 13:02:00+00:00,33,1,42218,51.5,51.52,51.485,51.505,63,SIZ5
2025-11-12 13:03:00+00:00,33,1,42218,51.5,51.55,51.495,51.55,51,SIZ5
2025-11-12 13:04:00+00:00,33,1,42218,51.54,51.57,51.54,51.56,66,SIZ5
2025-11-12 13:05:00+00:00,33,1,42218,51.555,51.565,51.525,51.545,18,SIZ5
2025-11-12 13:06:00+00:00,33,1,42218,51.53,51.535,51.505,51.53,37,SIZ5
2025-11-12 13:07:00+00:00,33,1,42218,51.53,51.54,51.51,51.51,42,SIZ5
2025-11-12 13:08:00+00:00,33,1,42218,51.515,51.52,51.495,51.5,63,SIZ5
2025-11-12 13:09:00+00:00,33,1,42218,51.5,51.51,51.46,51.47,71,SIZ5
2025-11-12 13:10:00+00:00,33,1,42218,51.47,51.47,51.425,51.45,92,SIZ5
2025-11-12 13:11:00+00:00,33,1,42218,51.445,51.46,51.415,51.44,48,SIZ5
2025-11-12 13:12:00+00:00,33,1,42218,51.435,51.505,51.42,51.505,61,SIZ5
2025-11-12 13:13:00+00:00,33,1,42218,51.505,51.515,51.445,51.46,108,SIZ5
2025-11-12 13:14:00+00:00,33,1,42218,51.46,51.505,51.46,51.48,52,SIZ5
2025-11-12 13:15:00+00:00,33,1,42218,51.475,51.51,51.465,51.51,49,SIZ5
2025-11-12 13:16:00+00:00,33,1,42218,51.515,51.515,51.47,51.475,32,SIZ5
2025-11-12 13:17:00+00:00,33,1,42218,51.475,51.49,51.45,51.455,44,SIZ5
2025-11-12 13:18:00+00:00,33,1,42218,51.465,51.465,51.435,51.445,20,SIZ5
2025-11-12 13:19:00+00:00,33,1,42218,51.44,51.44,51.395,51.415,66,SIZ5
2025-11-12 13:20:00+00:00,33,1,42218,51.43,51.485,51.43,51.47,111,SIZ5
2025-11-12 13:21:00+00:00,33,1,42218,51.48,51.5,51.475,51.49,40,SIZ5
2025-11-12 13:22:00+00:00,33,1,42218,51.49,51.54,51.49,51.535,66,SIZ5
2025-11-12 13:23:00+00:00,33,1,42218,51.54,51.575,51.535,51.56,84,SIZ5
2025-11-12 13:24:00+00:00,33,1,42218,51.565,51.595,51.56,51.58,29,SIZ5
2025-11-12 13:25:00+00:00,33,1,42218,51.58,51.625,51.56,51.565,133,SIZ5
2025-11-12 13:26:00+00:00,33,1,42218,51.575,51.585,51.525,51.535,71,SIZ5
2025-11-12 13:27:00+00:00,33,1,42218,51.535,51.575,51.53,51.57,50,SIZ5
2025-11-12 13:28:00+00:00,33,1,42218,51.57,51.605,51.565,51.595,51,SIZ5
2025-11-12 13:29:00+00:00,33,1,42218,51.605,51.61,51.585,51.6,73,SIZ5
2025-11-12 13:30:00+00:00,33,1,42218,51.605,51.63,51.595,51.615,99,SIZ5
2025-11-12 13:31:00+00:00,33,1,42218,51.605,51.63,51.605,51.62,57,SIZ5
2025-11-12 13:32:00+00:00,33,1,42218,51.615,51.66,51.615,51.655,153,SIZ5
2025-11-12 13:33:00+00:00,33,1,42218,51.66,51.685,51.655,51.665,79,SIZ5
2025-11-12 13:34:00+00:00,33,1,42218,51.675,51.715,51.67,51.71,194,SIZ5
2025-11-12 13:35:00+00:00,33,1,42218,51.715,51.73,51.65,51.655,138,SIZ5
2025-11-12 13:36:00+00:00,33,1,42218,51.65,51.665,51.625,51.645,74,SIZ5
2025-11-12 13:37:00+00:00,33,1,42218,51.645,51.65,51.58,51.58,168,SIZ5
2025-11-12 13:38:00+00:00,33,1,42218,51.575,51.62,51.565,51.62,50,SIZ5
2025-11-12 13:39:00+00:00,33,1,42218,51.62,51.62,51.57,51.575,38,SIZ5
2025-11-12 13:40:00+00:00,33,1,42218,51.575,51.6,51.565,51.565,101,SIZ5
2025-11-12 13:41:00+00:00,33,1,42218,51.575,51.59,51.57,51.59,26,SIZ5
2025-11-12 13:42:00+00:00,33,1,42218,51.595,51.64,51.585,51.61,63,SIZ5
2025-11-12 13:43:00+00:00,33,1,42218,51.62,51.635,51.605,51.605,35,SIZ5
2025-11-12 13:44:00+00:00,33,1,42218,51.6,51.615,51.575,51.61,42,SIZ5
2025-11-12 13:45:00+00:00,33,1,42218,51.6,51.63,51.595,51.62,25,SIZ5
2025-11-12 13:46:00+00:00,33,1,42218,51.615,51.645,51.61,51.645,27,SIZ5
2025-11-12 13:47:00+00:00,33,1,42218,51.645,51.675,51.635,51.675,88,SIZ5
2025-11-12 13:48:00+00:00,33,1,42218,51.665,51.675,51.62,51.645,36,SIZ5
2025-11-12 13:49:00+00:00,33,1,42218,51.635,51.665,51.635,51.65,14,SIZ5
2025-11-12 13:50:00+00:00,33,1,42218,51.65,51.65,51.62,51.62,16,SIZ5
2025-11-12 13:51:00+00:00,33,1,42218,51.625,51.63,51.57,51.57,29,SIZ5
2025-11-12 13:52:00+00:00,33,1,42218,51.565,51.59,51.555,51.585,40,SIZ5
2025-11-12 13:53:00+00:00,33,1,42218,51.58,51.595,51.575,51.575,9,SIZ5
2025-11-12 13:54:00+00:00,33,1,42218,51.57,51.59,51.56,51.575,36,SIZ5
2025-11-12 13:55:00+00:00,33,1,42218,51.575,51.58,51.56,51.565,42,SIZ5
2025-11-12 13:56:00+00:00,33,1,42218,51.575,51.585,51.56,51.56,42,SIZ5
2025-11-12 13:57:00+00:00,33,1,42218,51.555,51.575,51.53,51.53,42,SIZ5
2025-11-12 13:58:00+00:00,33,1,42218,51.535,51.54,51.505,51.535,114,SIZ5
2025-11-12 13:59:00+00:00,33,1,42218,51.545,51.57,51.545,51.56,42,SIZ5
2025-11-12 14:00:00+00:00,33,1,42218,51.575,51.575,51.545,51.56,49,SIZ5
2025-11-12 14:01:00+00:00,33,1,42218,51.565,51.61,51.56,51.61,75,SIZ5
2025-11-12 14:02:00+00:00,33,1,42218,51.61,51.63,51.605,51.615,51,SIZ5
2025-11-12 14:03:00+00:00,33,1,42218,51.61,51.665,51.59,51.665,56,SIZ5
2025-11-12 14:04:00+00:00,33,1,42218,51.67,51.7,51.67,51.69,134,SIZ5
2025-11-12 14:05:00+00:00,33,1,42218,51.68,51.685,51.645,51.65,77,SIZ5
2025-11-12 14:06:00+00:00,33,1,42218,51.65,51.7,51.65,51.7,93,SIZ5
2025-11-12 14:07:00+00:00,33,1,42218,51.705,51.765,51.7,51.725,219,SIZ5
2025-11-12 14:08:00+00:00,33,1,42218,51.735,51.755,51.685,51.71,85,SIZ5
2025-11-12 14:09:00+00:00,33,1,42218,51.72,51.78,51.72,51.755,111,SIZ5
2025-11-12 14:10:00+00:00,33,1,42218,51.75,51.785,51.75,51.77,123,SIZ5
2025-11-12 14:11:00+00:00,33,1,42218,51.78,51.815,51.76,51.795,141,SIZ5
2025-11-12 14:12:00+00:00,33,1,42218,51.79,51.835,51.785,51.795,196,SIZ5
2025-11-12 14:13:00+00:00,33,1,42218,51.79,51.795,51.755,51.76,83,SIZ5
2025-11-12 14:14:00+00:00,33,1,42218,51.76,51.765,51.725,51.765,43,SIZ5
2025-11-12 14:15:00+00:00,33,1,42218,51.78,51.78,51.75,51.75,58,SIZ5
2025-11-12 14:16:00+00:00,33,1,42218,51.75,51.81,51.745,51.81,78,SIZ5
2025-11-12 14:17:00+00:00,33,1,42218,51.805,51.865,51.805,51.83,229,SIZ5
2025-11-12 14:18:00+00:00,33,1,42218,51.835,51.84,51.795,51.805,115,SIZ5
2025-11-12 14:19:00+00:00,33,1,42218,51.79,51.82,51.785,51.81,102,SIZ5
2025-11-12 14:20:00+00:00,33,1,42218,51.81,51.85,51.795,51.82,165,SIZ5
2025-11-12 14:21:00+00:00,33,1,42218,51.82,51.82,51.75,51.79,153,SIZ5
2025-11-12 14:22:00+00:00,33,1,42218,51.8,51.815,51.785,51.785,72,SIZ5
2025-11-12 14:23:00+00:00,33,1,42218,51.785,51.81,51.785,51.785,46,SIZ5
2025-11-12 14:24:00+00:00,33,1,42218,51.78,51.805,51.77,51.795,58,SIZ5
2025-11-12 14:25:00+00:00,33,1,42218,51.79,51.82,51.77,51.77,62,SIZ5
2025-11-12 14:26:00+00:00,33,1,42218,51.765,51.8,51.76,51.785,67,SIZ5
2025-11-12 14:27:00+00:00,33,1,42218,51.795,51.805,51.775,51.8,81,SIZ5
2025-11-12 14:28:00+00:00,33,1,42218,51.81,51.845,51.805,51.84,81,SIZ5
2025-11-12 14:29:00+00:00,33,1,42218,51.835,51.85,51.82,51.825,130,SIZ5
2025-11-12 14:30:00+00:00,33,1,42218,51.815,51.835,51.78,51.81,122,SIZ5
2025-11-12 14:31:00+00:00,33,1,42218,51.8,51.8,51.73,51.735,136,SIZ5
2025-11-12 14:32:00+00:00,33,1,42218,51.74,51.755,51.695,51.74,198,SIZ5
2025-11-12 14:33:00+00:00,33,1,42218,51.74,51.74,51.68,51.69,135,SIZ5
2025-11-12 14:34:00+00:00,33,1,42218,51.69,51.705,51.64,51.69,213,SIZ5
2025-11-12 14:35:00+00:00,33,1,42218,51.675,51.8,51.675,51.77,166,SIZ5
2025-11-12 14:36:00+00:00,33,1,42218,51.78,51.935,51.78,51.935,310,SIZ5
2025-11-12 14:37:00+00:00,33,1,42218,51.94,52.0,51.915,51.99,522,SIZ5
2025-11-12 14:38:00+00:00,33,1,42218,51.99,52.07,51.985,52.02,350,SIZ5
2025-11-12 14:39:00+00:00,33,1,42218,52.025,52.07,52.02,52.035,270,SIZ5
2025-11-12 14:40:00+00:00,33,1,42218,52.035,52.145,52.015,52.125,391,SIZ5
2025-11-12 14:41:00+00:00,33,1,42218,52.115,52.13,52.07,52.095,215,SIZ5
2025-11-12 14:42:00+00:00,33,1,42218,52.1,52.145,52.09,52.145,225,SIZ5
2025-11-12 14:43:00+00:00,33,1,42218,52.15,52.175,52.13,52.14,268,SIZ5
2025-11-12 14:44:00+00:00,33,1,42218,52.15,52.16,52.09,52.16,216,SIZ5
2025-11-12 14:45:00+00:00,33,1,42218,52.165,52.175,52.075,52.1,283,SIZ5
2025-11-12 14:46:00+00:00,33,1,42218,52.09,52.14,52.055,52.055,152,SIZ5
2025-11-12 14:47:00+00:00,33,1,42218,52.055,52.06,51.965,52.005,315,SIZ5
2025-11-12 14:48:00+00:00,33,1,42218,52.0,52.07,51.99,52.045,123,SIZ5
2025-11-12 14:49:00+00:00,33,1,42218,52.035,52.07,52.035,52.065,82,SIZ5
2025-11-12 14:50:00+00:00,33,1,42218,52.08,52.22,52.08,52.18,314,SIZ5
2025-11-12 14:51:00+00:00,33,1,42218,52.18,52.205,52.155,52.16,136,SIZ5
2025-11-12 14:52:00+00:00,33,1,42218,52.16,52.225,52.16,52.22,157,SIZ5
2025-11-12 14:53:00+00:00,33,1,42218,52.22,52.27,52.2,52.26,239,SIZ5
2025-11-12 14:54:00+00:00,33,1,42218,52.265,52.275,52.24,52.25,189,SIZ5
2025-11-12 14:55:00+00:00,33,1,42218,52.245,52.265,52.22,52.26,140,SIZ5
2025-11-12 14:56:00+00:00,33,1,42218,52.27,52.365,52.27,52.325,450,SIZ5
2025-11-12 14:57:00+00:00,33,1,42218,52.325,52.33,52.26,52.27,201,SIZ5
2025-11-12 14:58:00+00:00,33,1,42218,52.265,52.295,52.235,52.265,183,SIZ5
2025-11-12 14:59:00+00:00,33,1,42218,52.265,52.34,52.26,52.29,177,SIZ5
2025-11-12 15:00:00+00:00,33,1,42218,52.285,52.31,52.25,52.31,128,SIZ5
2025-11-12 15:01:00+00:00,33,1,42218,52.3,52.3,52.24,52.27,149,SIZ5
2025-11-12 15:02:00+00:00,33,1,42218,52.275,52.28,52.24,52.275,126,SIZ5
2025-11-12 15:03:00+00:00,33,1,42218,52.28,52.355,52.275,52.35,149,SIZ5
2025-11-12 15:04:00+00:00,33,1,42218,52.35,52.425,52.345,52.415,474,SIZ5
2025-11-12 15:05:00+00:00,33,1,42218,52.41,52.445,52.355,52.37,345,SIZ5
2025-11-12 15:06:00+00:00,33,1,42218,52.375,52.4,52.33,52.375,164,SIZ5
2025-11-12 15:07:00+00:00,33,1,42218,52.38,52.415,52.345,52.355,123,SIZ5
2025-11-12 15:08:00+00:00,33,1,42218,52.35,52.375,52.345,52.375,66,SIZ5
2025-11-12 15:09:00+00:00,33,1,42218,52.375,52.405,52.365,52.375,76,SIZ5
2025-11-12 15:10:00+00:00,33,1,42218,52.37,52.465,52.37,52.45,305,SIZ5
2025-11-12 15:11:00+00:00,33,1,42218,52.445,52.505,52.425,52.505,261,SIZ5
2025-11-12 15:12:00+00:00,33,1,42218,52.5,52.505,52.425,52.425,308,SIZ5
2025-11-12 15:13:00+00:00,33,1,42218,52.435,52.52,52.43,52.505,200,SIZ5
2025-11-12 15:14:00+00:00,33,1,42218,52.5,52.53,52.475,52.53,244,SIZ5
2025-11-12 15:15:00+00:00,33,1,42218,52.515,52.53,52.46,52.49,219,SIZ5
2025-11-12 15:16:00+00:00,33,1,42218,52.495,52.56,52.495,52.55,258,SIZ5
2025-11-12 15:17:00+00:00,33,1,42218,52.55,52.6,52.53,52.575,326,SIZ5
2025-11-12 15:18:00+00:00,33,1,42218,52.575,52.59,52.515,52.515,191,SIZ5
2025-11-12 15:19:00+00:00,33,1,42218,52.52,52.525,52.415,52.46,427,SIZ5
2025-11-12 15:20:00+00:00,33,1,42218,52.465,52.47,52.38,52.4,395,SIZ5
2025-11-12 15:21:00+00:00,33,1,42218,52.4,52.405,52.33,52.35,405,SIZ5
2025-11-12 15:22:00+00:00,33,1,42218,52.34,52.425,52.34,52.4,306,SIZ5
2025-11-12 15:23:00+00:00,33,1,42218,52.39,52.435,52.365,52.43,126,SIZ5
2025-11-12 15:24:00+00:00,33,1,42218,52.44,52.45,52.41,52.41,120,SIZ5
2025-11-12 15:25:00+00:00,33,1,42218,52.405,52.44,52.35,52.37,181,SIZ5
2025-11-12 15:26:00+00:00,33,1,42218,52.375,52.49,52.36,52.48,185,SIZ5
2025-11-12 15:27:00+00:00,33,1,42218,52.48,52.54,52.455,52.54,169,SIZ5
2025-11-12 15:28:00+00:00,33,1,42218,52.53,52.575,52.52,52.53,96,SIZ5
2025-11-12 15:29:00+00:00,33,1,42218,52.53,52.535,52.5,52.515,91,SIZ5
2025-11-12 15:30:00+00:00,33,1,42218,52.5,52.535,52.485,52.535,167,SIZ5
2025-11-12 15:31:00+00:00,33,1,42218,52.53,52.565,52.51,52.53,74,SIZ5
2025-11-12 15:32:00+00:00,33,1,42218,52.535,52.585,52.535,52.585,153,SIZ5
2025-11-12 15:33:00+00:00,33,1,42218,52.575,52.65,52.565,52.645,292,SIZ5
2025-11-12 15:34:00+00:00,33,1,42218,52.65,52.675,52.64,52.65,135,SIZ5
2025-11-12 15:35:00+00:00,33,1,42218,52.655,52.68,52.645,52.675,146,SIZ5
2025-11-12 15:36:00+00:00,33,1,42218,52.68,52.685,52.625,52.66,159,SIZ5
2025-11-12 15:37:00+00:00,33,1,42218,52.645,52.675,52.625,52.66,157,SIZ5
2025-11-12 15:38:00+00:00,33,1,42218,52.66,52.695,52.65,52.685,178,SIZ5
2025-11-12 15:39:00+00:00,33,1,42218,52.685,52.76,52.68,52.73,221,SIZ5
2025-11-12 15:40:00+00:00,33,1,42218,52.735,52.8,52.735,52.755,279,SIZ5
2025-11-12 15:41:00+00:00,33,1,42218,52.76,52.88,52.74,52.875,412,SIZ5
2025-11-12 15:42:00+00:00,33,1,42218,52.86,52.865,52.79,52.82,323,SIZ5
2025-11-12 15:43:00+00:00,33,1,42218,52.825,52.865,52.79,52.815,249,SIZ5
2025-11-12 15:44:00+00:00,33,1,42218,52.81,52.85,52.785,52.835,148,SIZ5
2025-11-12 15:45:00+00:00,33,1,42218,52.835,52.9,52.83,52.895,163,SIZ5
2025-11-12 15:46:00+00:00,33,1,42218,52.885,52.9,52.85,52.86,174,SIZ5
2025-11-12 15:47:00+00:00,33,1,42218,52.865,52.865,52.775,52.84,157,SIZ5
2025-11-12 15:48:00+00:00,33,1,42218,52.855,52.965,52.835,52.955,242,SIZ5
2025-11-12 15:49:00+00:00,33,1,42218,52.96,52.965,52.915,52.955,341,SIZ5
2025-11-12 15:50:00+00:00,33,1,42218,52.955,53.02,52.955,53.005,361,SIZ5
2025-11-12 15:51:00+00:00,33,1,42218,53.0,53.0,52.895,52.91,341,SIZ5
2025-11-12 15:52:00+00:00,33,1,42218,52.9,52.9,52.755,52.78,375,SIZ5
2025-11-12 15:53:00+00:00,33,1,42218,52.775,52.825,52.705,52.725,325,SIZ5
2025-11-12 15:54:00+00:00,33,1,42218,52.72,52.78,52.695,52.74,300,SIZ5
2025-11-12 15:55:00+00:00,33,1,42218,52.745,52.85,52.73,52.805,305,SIZ5
2025-11-12 15:56:00+00:00,33,1,42218,52.81,52.89,52.81,52.89,175,SIZ5
2025-11-12 15:57:00+00:00,33,1,42218,52.89,52.895,52.82,52.855,184,SIZ5
2025-11-12 15:58:00+00:00,33,1,42218,52.85,52.855,52.75,52.75,114,SIZ5
2025-11-12 15:59:00+00:00,33,1,42218,52.76,52.845,52.76,52.83,142,SIZ5
2025-11-12 16:00:00+00:00,33,1,42218,52.825,52.845,52.765,52.77,130,SIZ5
2025-11-12 16:01:00+00:00,33,1,42218,52.76,52.81,52.75,52.8,199,SIZ5
2025-11-12 16:02:00+00:00,33,1,42218,52.795,52.865,52.795,52.86,147,SIZ5
2025-11-12 16:03:00+00:00,33,1,42218,52.85,52.895,52.845,52.885,114,SIZ5
2025-11-12 16:04:00+00:00,33,1,42218,52.885,52.93,52.885,52.905,111,SIZ5
2025-11-12 16:05:00+00:00,33,1,42218,52.905,52.955,52.855,52.875,173,SIZ5
2025-11-12 16:06:00+00:00,33,1,42218,52.87,52.915,52.85,52.865,101,SIZ5
2025-11-12 16:07:00+00:00,33,1,42218,52.86,52.925,52.855,52.91,123,SIZ5
2025-11-12 16:08:00+00:00,33,1,42218,52.895,52.91,52.89,52.895,52,SIZ5
2025-11-12 16:09:00+00:00,33,1,42218,52.89,52.89,52.845,52.86,82,SIZ5
2025-11-12 16:10:00+00:00,33,1,42218,52.86,52.86,52.805,52.82,166,SIZ5
2025-11-12 16:11:00+00:00,33,1,42218,52.82,52.82,52.64,52.665,400,SIZ5
2025-11-12 16:12:00+00:00,33,1,42218,52.665,52.73,52.655,52.73,186,SIZ5
2025-11-12 16:13:00+00:00,33,1,42218,52.73,52.775,52.705,52.755,192,SIZ5
2025-11-12 16:14:00+00:00,33,1,42218,52.76,52.76,52.715,52.745,99,SIZ5
2025-11-12 16:15:00+00:00,33,1,42218,52.75,52.84,52.745,52.835,167,SIZ5
2025-11-12 16:16:00+00:00,33,1,42218,52.835,52.86,52.815,52.815,122,SIZ5
2025-11-12 16:17:00+00:00,33,1,42218,52.81,52.85,52.78,52.795,166,SIZ5
2025-11-12 16:18:00+00:00,33,1,42218,52.785,52.84,52.775,52.83,73,SIZ5
2025-11-12 16:19:00+00:00,33,1,42218,52.835,52.885,52.825,52.88,98,SIZ5
2025-11-12 16:20:00+00:00,33,1,42218,52.87,52.91,52.87,52.885,110,SIZ5
2025-11-12 16:21:00+00:00,33,1,42218,52.88,52.89,52.845,52.87,72,SIZ5
2025-11-12 16:22:00+00:00,33,1,42218,52.875,52.92,52.865,52.915,126,SIZ5
2025-11-12 16:23:00+00:00,33,1,42218,52.905,52.925,52.845,52.865,111,SIZ5
2025-11-12 16:24:00+00:00,33,1,42218,52.86,52.88,52.82,52.865,115,SIZ5
2025-11-12 16:25:00+00:00,33,1,42218,52.855,52.885,52.84,52.865,69,SIZ5
2025-11-12 16:26:00+00:00,33,1,42218,52.855,52.885,52.855,52.885,60,SIZ5
2025-11-12 16:27:00+00:00,33,1,42218,52.9,52.905,52.875,52.885,54,SIZ5
2025-11-12 16:28:00+00:00,33,1,42218,52.885,52.89,52.84,52.875,43,SIZ5
2025-11-12 16:29:00+00:00,33,1,42218,52.885,52.99,52.87,52.965,164,SIZ5
2025-11-12 16:30:00+00:00,33,1,42218,52.965,53.035,52.94,53.025,272,SIZ5
2025-11-12 16:31:00+00:00,33,1,42218,53.02,53.09,53.01,53.045,283,SIZ5
2025-11-12 16:32:00+00:00,33,1,42218,53.055,53.145,53.055,53.145,339,SIZ5
2025-11-12 16:33:00+00:00,33,1,42218,53.135,53.165,53.1,53.145,416,SIZ5
2025-11-12 16:34:00+00:00,33,1,42218,53.125,53.15,53.09,53.1,93,SIZ5
2025-11-12 16:35:00+00:00,33,1,42218,53.105,53.14,53.06,53.07,158,SIZ5
2025-11-12 16:36:00+00:00,33,1,42218,53.085,53.095,53.055,53.085,109,SIZ5
2025-11-12 16:37:00+00:00,33,1,42218,53.085,53.165,53.08,53.1,150,SIZ5
2025-11-12 16:38:00+00:00,33,1,42218,53.09,53.12,53.06,53.11,149,SIZ5
2025-11-12 16:39:00+00:00,33,1,42218,53.095,53.095,53.005,53.025,271,SIZ5
2025-11-12 16:40:00+00:00,33,1,42218,53.035,53.075,53.015,53.06,169,SIZ5
2025-11-12 16:41:00+00:00,33,1,42218,53.07,53.15,53.065,53.14,250,SIZ5
2025-11-12 16:42:00+00:00,33,1,42218,53.13,53.215,53.13,53.155,499,SIZ5
2025-11-12 16:43:00+00:00,33,1,42218,53.145,53.16,53.115,53.14,119,SIZ5
2025-11-12 16:44:00+00:00,33,1,42218,53.14,53.14,53.09,53.11,124,SIZ5
2025-11-12 16:45:00+00:00,33,1,42218,53.1,53.16,53.1,53.12,63,SIZ5
2025-11-12 16:46:00+00:00,33,1,42218,53.12,53.13,53.065,53.09,101,SIZ5
2025-11-12 16:47:00+00:00,33,1,42218,53.09,53.09,53.04,53.075,167,SIZ5
2025-11-12 16:48:00+00:00,33,1,42218,53.075,53.075,53.02,53.055,101,SIZ5
2025-11-12 16:49:00+00:00,33,1,42218,53.06,53.155,53.05,53.14,124,SIZ5
2025-11-12 16:50:00+00:00,33,1,42218,53.145,53.175,53.13,53.135,97,SIZ5
2025-11-12 16:51:00+00:00,33,1,42218,53.13,53.19,53.115,53.18,186,SIZ5
2025-11-12 16:52:00+00:00,33,1,42218,53.18,53.255,53.175,53.255,196,SIZ5
2025-11-12 16:53:00+00:00,33,1,42218,53.255,53.255,53.2,53.225,139,SIZ5
2025-11-12 16:54:00+00:00,33,1,42218,53.235,53.25,53.215,53.24,131,SIZ5
2025-11-12 16:55:00+00:00,33,1,42218,53.23,53.26,53.225,53.25,106,SIZ5
2025-11-12 16:56:00+00:00,33,1,42218,53.255,53.325,53.245,53.305,310,SIZ5
2025-11-12 16:57:00+00:00,33,1,42218,53.31,53.345,53.29,53.345,238,SIZ5
2025-11-12 16:58:00+00:00,33,1,42218,53.345,53.45,53.345,53.445,421,SIZ5
2025-11-12 16:59:00+00:00,33,1,42218,53.45,53.475,53.4,53.41,344,SIZ5
2025-11-12 17:00:00+00:00,33,1,42218,53.41,53.455,53.38,53.425,240,SIZ5
2025-11-12 17:01:00+00:00,33,1,42218,53.425,53.45,53.395,53.445,153,SIZ5
2025-11-12 17:02:00+00:00,33,1,42218,53.435,53.435,53.365,53.385,112,SIZ5
2025-11-12 17:03:00+00:00,33,1,42218,53.395,53.45,53.395,53.435,84,SIZ5
2025-11-12 17:04:00+00:00,33,1,42218,53.425,53.485,53.42,53.46,191,SIZ5
2025-11-12 17:05:00+00:00,33,1,42218,53.46,53.46,53.385,53.405,191,SIZ5
2025-11-12 17:06:00+00:00,33,1,42218,53.4,53.405,53.3,53.33,178,SIZ5
2025-11-12 17:07:00+00:00,33,1,42218,53.345,53.345,53.26,53.27,163,SIZ5
2025-11-12 17:08:00+00:00,33,1,42218,53.285,53.36,53.285,53.315,164,SIZ5
2025-11-12 17:09:00+00:00,33,1,42218,53.33,53.39,53.325,53.385,70,SIZ5
2025-11-12 17:10:00+00:00,33,1,42218,53.36,53.36,53.3,53.315,123,SIZ5
2025-11-12 17:11:00+00:00,33,1,42218,53.325,53.355,53.275,53.285,196,SIZ5
2025-11-12 17:12:00+00:00,33,1,42218,53.29,53.325,53.26,53.325,131,SIZ5
2025-11-12 17:13:00+00:00,33,1,42218,53.33,53.36,53.31,53.345,67,SIZ5
2025-11-12 17:14:00+00:00,33,1,42218,53.34,53.345,53.3,53.315,167,SIZ5
2025-11-12 17:15:00+00:00,33,1,42218,53.32,53.335,53.295,53.295,96,SIZ5
2025-11-12 17:16:00+00:00,33,1,42218,53.305,53.305,53.225,53.245,210,SIZ5
2025-11-12 17:17:00+00:00,33,1,42218,53.24,53.265,53.16,53.205,259,SIZ5
2025-11-12 17:18:00+00:00,33,1,42218,53.215,53.215,53.115,53.155,194,SIZ5
2025-11-12 17:19:00+00:00,33,1,42218,53.155,53.19,53.125,53.13,131,SIZ5
2025-11-12 17:20:00+00:00,33,1,42218,53.13,53.23,53.13,53.205,126,SIZ5
2025-11-12 17:21:00+00:00,33,1,42218,53.2,53.235,53.18,53.23,36,SIZ5
2025-11-12 17:22:00+00:00,33,1,42218,53.225,53.25,53.19,53.19,96,SIZ5
2025-11-12 17:23:00+00:00,33,1,42218,53.19,53.19,53.15,53.185,53,SIZ5
2025-11-12 17:24:00+00:00,33,1,42218,53.2,53.25,53.2,53.245,60,SIZ5
2025-11-12 17:25:00+00:00,33,1,42218,53.255,53.26,53.235,53.25,130,SIZ5
2025-11-12 17:26:00+00:00,33,1,42218,53.245,53.28,53.205,53.27,86,SIZ5
2025-11-12 17:27:00+00:00,33,1,42218,53.26,53.29,53.255,53.27,61,SIZ5
2025-11-12 17:28:00+00:00,33,1,42218,53.27,53.285,53.185,53.185,160,SIZ5
2025-11-12 17:29:00+00:00,33,1,42218,53.2,53.235,53.195,53.235,86,SIZ5
2025-11-12 17:30:00+00:00,33,1,42218,53.235,53.29,53.225,53.275,98,SIZ5
2025-11-12 17:31:00+00:00,33,1,42218,53.275,53.3,53.27,53.285,73,SIZ5
2025-11-12 17:32:00+00:00,33,1,42218,53.29,53.345,53.28,53.335,96,SIZ5
2025-11-12 17:33:00+00:00,33,1,42218,53.34,53.37,53.33,53.36,157,SIZ5
2025-11-12 17:34:00+00:00,33,1,42218,53.345,53.36,53.315,53.36,91,SIZ5
2025-11-12 17:35:00+00:00,33,1,42218,53.35,53.365,53.335,53.35,86,SIZ5
2025-11-12 17:36:00+00:00,33,1,42218,53.355,53.37,53.28,53.295,180,SIZ5
2025-11-12 17:37:00+00:00,33,1,42218,53.3,53.37,53.29,53.37,253,SIZ5
2025-11-12 17:38:00+00:00,33,1,42218,53.37,53.425,53.355,53.42,227,SIZ5
2025-11-12 17:39:00+00:00,33,1,42218,53.41,53.44,53.365,53.38,180,SIZ5
2025-11-12 17:40:00+00:00,33,1,42218,53.38,53.415,53.38,53.395,62,SIZ5
2025-11-12 17:41:00+00:00,33,1,42218,53.39,53.43,53.39,53.41,75,SIZ5
2025-11-12 17:42:00+00:00,33,1,42218,53.41,53.455,53.385,53.44,99,SIZ5
2025-11-12 17:43:00+00:00,33,1,42218,53.445,53.445,53.385,53.4,61,SIZ5
2025-11-12 17:44:00+00:00,33,1,42218,53.395,53.43,53.395,53.415,37,SIZ5
2025-11-12 17:45:00+00:00,33,1,42218,53.415,53.45,53.41,53.435,121,SIZ5
2025-11-12 17:46:00+00:00,33,1,42218,53.435,53.435,53.41,53.42,35,SIZ5
2025-11-12 17:47:00+00:00,33,1,42218,53.43,53.465,53.42,53.435,129,SIZ5
2025-11-12 17:48:00+00:00,33,1,42218,53.43,53.43,53.36,53.425,106,SIZ5
2025-11-12 17:49:00+00:00,33,1,42218,53.43,53.445,53.41,53.415,65,SIZ5
2025-11-12 17:50:00+00:00,33,1,42218,53.405,53.405,53.35,53.375,76,SIZ5
2025-11-12 17:51:00+00:00,33,1,42218,53.375,53.38,53.34,53.35,77,SIZ5
2025-11-12 17:52:00+00:00,33,1,42218,53.355,53.41,53.35,53.41,89,SIZ5
2025-11-12 17:53:00+00:00,33,1,42218,53.415,53.415,53.36,53.375,86,SIZ5
2025-11-12 17:54:00+00:00,33,1,42218,53.38,53.4,53.38,53.39,50,SIZ5
2025-11-12 17:55:00+00:00,33,1,42218,53.39,53.44,53.39,53.435,130,SIZ5
2025-11-12 17:56:00+00:00,33,1,42218,53.435,53.435,53.395,53.405,45,SIZ5
2025-11-12 17:57:00+00:00,33,1,42218,53.415,53.415,53.37,53.385,71,SIZ5
2025-11-12 17:58:00+00:00,33,1,42218,53.385,53.41,53.38,53.395,63,SIZ5
2025-11-12 17:59:00+00:00,33,1,42218,53.395,53.4,53.36,53.375,74,SIZ5
2025-11-12 18:00:00+00:00,33,1,42218,53.38,53.43,53.38,53.4,74,SIZ5
2025-11-12 18:01:00+00:00,33,1,42218,53.405,53.405,53.325,53.325,87,SIZ5
2025-11-12 18:02:00+00:00,33,1,42218,53.335,53.335,53.275,53.285,127,SIZ5
2025-11-12 18:03:00+00:00,33,1,42218,53.28,53.28,53.195,53.22,136,SIZ5
2025-11-12 18:04:00+00:00,33,1,42218,53.22,53.225,53.18,53.22,108,SIZ5
2025-11-12 18:05:00+00:00,33,1,42218,53.225,53.295,53.215,53.27,120,SIZ5
2025-11-12 18:06:00+00:00,33,1,42218,53.28,53.29,53.21,53.23,57,SIZ5
2025-11-12 18:07:00+00:00,33,1,42218,53.22,53.335,53.22,53.335,114,SIZ5
2025-11-12 18:08:00+00:00,33,1,42218,53.34,53.355,53.295,53.305,173,SIZ5
2025-11-12 18:09:00+00:00,33,1,42218,53.305,53.31,53.29,53.29,45,SIZ5
2025-11-12 18:10:00+00:00,33,1,42218,53.295,53.35,53.285,53.34,108,SIZ5
2025-11-12 18:11:00+00:00,33,1,42218,53.34,53.375,53.315,53.34,74,SIZ5
2025-11-12 18:12:00+00:00,33,1,42218,53.335,53.38,53.335,53.34,74,SIZ5
2025-11-12 18:13:00+00:00,33,1,42218,53.34,53.375,53.33,53.37,44,SIZ5
2025-11-12 18:14:00+00:00,33,1,42218,53.37,53.37,53.33,53.335,81,SIZ5
2025-11-12 18:15:00+00:00,33,1,42218,53.34,53.35,53.31,53.335,68,SIZ5
2025-11-12 18:16:00+00:00,33,1,42218,53.345,53.355,53.325,53.335,58,SIZ5
2025-11-12 18:17:00+00:00,33,1,42218,53.345,53.36,53.325,53.33,65,SIZ5
2025-11-12 18:18:00+00:00,33,1,42218,53.325,53.335,53.305,53.335,93,SIZ5
2025-11-12 18:19:00+00:00,33,1,42218,53.325,53.36,53.32,53.34,137,SIZ5
2025-11-12 18:20:00+00:00,33,1,42218,53.34,53.395,53.335,53.395,164,SIZ5
2025-11-12 18:21:00+00:00,33,1,42218,53.395,53.43,53.385,53.385,173,SIZ5
2025-11-12 18:22:00+00:00,33,1,42218,53.385,53.42,53.37,53.415,147,SIZ5
2025-11-12 18:23:00+00:00,33,1,42218,53.41,53.42,53.385,53.41,173,SIZ5
2025-11-12 18:24:00+00:00,33,1,42218,53.41,53.485,53.41,53.45,1169,SIZ5
2025-11-12 18:25:00+00:00,33,1,42218,53.445,53.515,53.445,53.51,373,SIZ5
2025-11-12 18:26:00+00:00,33,1,42218,53.51,53.55,53.5,53.54,333,SIZ5
2025-11-12 18:27:00+00:00,33,1,42218,53.545,53.61,53.535,53.59,301,SIZ5
2025-11-12 18:28:00+00:00,33,1,42218,53.595,53.595,53.54,53.55,120,SIZ5
2025-11-12 18:29:00+00:00,33,1,42218,53.555,53.57,53.535,53.54,154,SIZ5
2025-11-12 18:30:00+00:00,33,1,42218,53.545,53.625,53.535,53.61,216,SIZ5
2025-11-12 18:31:00+00:00,33,1,42218,53.615,53.625,53.59,53.62,98,SIZ5
2025-11-12 18:32:00+00:00,33,1,42218,53.615,53.62,53.58,53.595,78,SIZ5
2025-11-12 18:33:00+00:00,33,1,42218,53.59,53.625,53.59,53.595,36,SIZ5
2025-11-12 18:34:00+00:00,33,1,42218,53.6,53.6,53.535,53.545,106,SIZ5
2025-11-12 18:35:00+00:00,33,1,42218,53.55,53.55,53.535,53.55,67,SIZ5
2025-11-12 18:36:00+00:00,33,1,42218,53.55,53.585,53.55,53.57,42,SIZ5
2025-11-12 18:37:00+00:00,33,1,42218,53.56,53.56,53.525,53.535,53,SIZ5
2025-11-12 18:38:00+00:00,33,1,42218,53.54,53.55,53.5,53.54,84,SIZ5
2025-11-12 18:39:00+00:00,33,1,42218,53.535,53.585,53.535,53.575,122,SIZ5
2025-11-12 18:40:00+00:00,33,1,42218,53.575,53.59,53.55,53.575,50,SIZ5
2025-11-12 18:41:00+00:00,33,1,42218,53.575,53.585,53.565,53.565,19,SIZ5
2025-11-12 18:42:00+00:00,33,1,42218,53.57,53.575,53.555,53.56,16,SIZ5
2025-11-12 18:43:00+00:00,33,1,42218,53.56,53.58,53.555,53.575,26,SIZ5
2025-11-12 18:44:00+00:00,33,1,42218,53.575,53.585,53.56,53.56,46,SIZ5
2025-11-12 18:45:00+00:00,33,1,42218,53.565,53.565,53.525,53.54,77,SIZ5
2025-11-12 18:46:00+00:00,33,1,42218,53.54,53.57,53.54,53.545,63,SIZ5
2025-11-12 18:47:00+00:00,33,1,42218,53.545,53.55,53.515,53.535,53,SIZ5
2025-11-12 18:48:00+00:00,33,1,42218,53.53,53.54,53.515,53.515,26,SIZ5
2025-11-12 18:49:00+00:00,33,1,42218,53.515,53.525,53.48,53.5,65,SIZ5
2025-11-12 18:50:00+00:00,33,1,42218,53.515,53.555,53.5,53.555,62,SIZ5
2025-11-12 18:51:00+00:00,33,1,42218,53.555,53.58,53.55,53.57,39,SIZ5
2025-11-12 18:52:00+00:00,33,1,42218,53.57,53.6,53.57,53.59,40,SIZ5
2025-11-12 18:53:00+00:00,33,1,42218,53.6,53.62,53.6,53.605,46,SIZ5
2025-11-12 18:54:00+00:00,33,1,42218,53.61,53.62,53.6,53.62,65,SIZ5
2025-11-12 18:55:00+00:00,33,1,42218,53.61,53.615,53.605,53.615,37,SIZ5
2025-11-12 18:56:00+00:00,33,1,42218,53.61,53.625,53.6,53.6,48,SIZ5
2025-11-12 18:57:00+00:00,33,1,42218,53.595,53.595,53.57,53.595,79,SIZ5
2025-11-12 18:58:00+00:00,33,1,42218,53.585,53.585,53.56,53.585,50,SIZ5
2025-11-12 18:59:00+00:00,33,1,42218,53.585,53.59,53.565,53.565,85,SIZ5
2025-11-12 19:00:00+00:00,33,1,42218,53.57,53.6,53.56,53.57,126,SIZ5
2025-11-12 19:01:00+00:00,33,1,42218,53.58,53.585,53.535,53.57,53,SIZ5
2025-11-12 19:02:00+00:00,33,1,42218,53.57,53.6,53.57,53.6,114,SIZ5
2025-11-12 19:03:00+00:00,33,1,42218,53.6,53.62,53.59,53.615,37,SIZ5
2025-11-12 19:04:00+00:00,33,1,42218,53.615,53.615,53.555,53.57,32,SIZ5
2025-11-12 19:05:00+00:00,33,1,42218,53.56,53.595,53.55,53.595,43,SIZ5
2025-11-12 19:06:00+00:00,33,1,42218,53.595,53.6,53.55,53.565,39,SIZ5
2025-11-12 19:07:00+00:00,33,1,42218,53.57,53.575,53.535,53.55,25,SIZ5
2025-11-12 19:08:00+00:00,33,1,42218,53.555,53.555,53.495,53.495,57,SIZ5
2025-11-12 19:09:00+00:00,33,1,42218,53.5,53.55,53.5,53.55,49,SIZ5
2025-11-12 19:10:00+00:00,33,1,42218,53.545,53.545,53.465,53.47,52,SIZ5
2025-11-12 19:11:00+00:00,33,1,42218,53.465,53.5,53.44,53.45,79,SIZ5
2025-11-12 19:12:00+00:00,33,1,42218,53.445,53.445,53.365,53.4,142,SIZ5
2025-11-12 19:13:00+00:00,33,1,42218,53.405,53.435,53.355,53.385,114,SIZ5
2025-11-12 19:14:00+00:00,33,1,42218,53.38,53.38,53.315,53.345,81,SIZ5
2025-11-12 19:15:00+00:00,33,1,42218,53.35,53.375,53.345,53.36,88,SIZ5
2025-11-12 19:16:00+00:00,33,1,42218,53.37,53.405,53.36,53.405,93,SIZ5
2025-11-12 19:17:00+00:00,33,1,42218,53.405,53.405,53.36,53.395,23,SIZ5
2025-11-12 19:18:00+00:00,33,1,42218,53.385,53.385,53.335,53.335,37,SIZ5
2025-11-12 19:19:00+00:00,33,1,42218,53.34,53.355,53.31,53.32,35,SIZ5
2025-11-12 19:20:00+00:00,33,1,42218,53.325,53.395,53.325,53.36,62,SIZ5
2025-11-12 19:21:00+00:00,33,1,42218,53.355,53.37,53.315,53.325,67,SIZ5
2025-11-12 19:22:00+00:00,33,1,42218,53.33,53.335,53.265,53.3,81,SIZ5
2025-11-12 19:23:00+00:00,33,1,42218,53.3,53.335,53.295,53.305,57,SIZ5
2025-11-12 19:24:00+00:00,33,1,42218,53.305,53.315,53.29,53.295,33,SIZ5
2025-11-12 19:25:00+00:00,33,1,42218,53.305,53.32,53.3,53.315,32,SIZ5
2025-11-12 19:26:00+00:00,33,1,42218,53.315,53.375,53.31,53.375,55,SIZ5
2025-11-12 19:27:00+00:00,33,1,42218,53.37,53.38,53.33,53.355,37,SIZ5
2025-11-12 19:28:00+00:00,33,1,42218,53.35,53.37,53.33,53.33,25,SIZ5
2025-11-12 19:29:00+00:00,33,1,42218,53.33,53.35,53.325,53.35,31,SIZ5
2025-11-12 19:30:00+00:00,33,1,42218,53.35,53.4,53.35,53.4,42,SIZ5
2025-11-12 19:31:00+00:00,33,1,42218,53.395,53.44,53.385,53.44,74,SIZ5
2025-11-12 19:32:00+00:00,33,1,42218,53.43,53.435,53.41,53.42,38,SIZ5
2025-11-12 19:33:00+00:00,33,1,42218,53.42,53.465,53.415,53.445,65,SIZ5
2025-11-12 19:34:00+00:00,33,1,42218,53.44,53.455,53.425,53.45,35,SIZ5
2025-11-12 19:35:00+00:00,33,1,42218,53.44,53.445,53.425,53.43,28,SIZ5
2025-11-12 19:36:00+00:00,33,1,42218,53.44,53.44,53.425,53.425,26,SIZ5
2025-11-12 19:37:00+00:00,33,1,42218,53.42,53.43,53.415,53.425,70,SIZ5
2025-11-12 19:38:00+00:00,33,1,42218,53.41,53.42,53.38,53.38,25,SIZ5
2025-11-12 19:39:00+00:00,33,1,42218,53.385,53.4,53.345,53.345,71,SIZ5
2025-11-12 19:40:00+00:00,33,1,42218,53.345,53.345,53.305,53.31,72,SIZ5
2025-11-12 19:41:00+00:00,33,1,42218,53.32,53.325,53.28,53.325,107,SIZ5
2025-11-12 19:42:00+00:00,33,1,42218,53.325,53.345,53.295,53.335,88,SIZ5
2025-11-12 19:43:00+00:00,33,1,42218,53.33,53.36,53.33,53.36,39,SIZ5
2025-11-12 19:44:00+00:00,33,1,42218,53.355,53.355,53.3,53.305,27,SIZ5
2025-11-12 19:45:00+00:00,33,1,42218,53.305,53.365,53.305,53.355,50,SIZ5
2025-11-12 19:46:00+00:00,33,1,42218,53.35,53.38,53.35,53.375,57,SIZ5
2025-11-12 19:47:00+00:00,33,1,42218,53.38,53.41,53.375,53.41,29,SIZ5
2025-11-12 19:48:00+00:00,33,1,42218,53.405,53.41,53.395,53.4,15,SIZ5
2025-11-12 19:49:00+00:00,33,1,42218,53.41,53.415,53.38,53.38,52,SIZ5
2025-11-12 19:50:00+00:00,33,1,42218,53.38,53.38,53.355,53.36,12,SIZ5
2025-11-12 19:51:00+00:00,33,1,42218,53.35,53.36,53.34,53.36,10,SIZ5
2025-11-12 19:52:00+00:00,33,1,42218,53.36,53.37,53.355,53.37,17,SIZ5
2025-11-12 19:53:00+00:00,33,1,42218,53.375,53.415,53.365,53.41,28,SIZ5
2025-11-12 19:54:00+00:00,33,1,42218,53.42,53.445,53.41,53.44,17,SIZ5
2025-11-12 19:55:00+00:00,33,1,42218,53.445,53.445,53.405,53.405,43,SIZ5
2025-11-12 19:56:00+00:00,33,1,42218,53.4,53.415,53.395,53.405,12,SIZ5
2025-11-12 19:57:00+00:00,33,1,42218,53.4,53.415,53.375,53.395,33,SIZ5
2025-11-12 19:58:00+00:00,33,1,42218,53.38,53.415,53.37,53.395,48,SIZ5
2025-11-12 19:59:00+00:00,33,1,42218,53.39,53.415,53.39,53.41,48,SIZ5
2025-11-12 20:00:00+00:00,33,1,42218,53.4,53.445,53.39,53.395,60,SIZ5
2025-11-12 20:01:00+00:00,33,1,42218,53.395,53.4,53.365,53.375,34,SIZ5
2025-11-12 20:02:00+00:00,33,1,42218,53.38,53.4,53.365,53.395,40,SIZ5
2025-11-12 20:03:00+00:00,33,1,42218,53.395,53.44,53.385,53.425,55,SIZ5
2025-11-12 20:04:00+00:00,33,1,42218,53.415,53.45,53.41,53.45,15,SIZ5
2025-11-12 20:05:00+00:00,33,1,42218,53.44,53.44,53.4,53.41,54,SIZ5
2025-11-12 20:06:00+00:00,33,1,42218,53.39,53.39,53.325,53.335,34,SIZ5
2025-11-12 20:07:00+00:00,33,1,42218,53.335,53.335,53.305,53.31,18,SIZ5
2025-11-12 20:08:00+00:00,33,1,42218,53.3,53.355,53.29,53.355,42,SIZ5
2025-11-12 20:09:00+00:00,33,1,42218,53.36,53.365,53.335,53.34,36,SIZ5
2025-11-12 20:10:00+00:00,33,1,42218,53.34,53.37,53.34,53.365,10,SIZ5
2025-11-12 20:11:00+00:00,33,1,42218,53.355,53.38,53.355,53.38,16,SIZ5
2025-11-12 20:12:00+00:00,33,1,42218,53.355,53.41,53.355,53.405,26,SIZ5
2025-11-12 20:13:00+00:00,33,1,42218,53.39,53.395,53.38,53.395,12,SIZ5
2025-11-12 20:14:00+00:00,33,1,42218,53.4,53.405,53.38,53.38,29,SIZ5
2025-11-12 20:15:00+00:00,33,1,42218,53.4,53.445,53.385,53.43,68,SIZ5
2025-11-12 20:16:00+00:00,33,1,42218,53.425,53.43,53.39,53.39,17,SIZ5
2025-11-12 20:17:00+00:00,33,1,42218,53.395,53.41,53.365,53.37,117,SIZ5
2025-11-12 20:18:00+00:00,33,1,42218,53.36,53.385,53.34,53.355,103,SIZ5
2025-11-12 20:19:00+00:00,33,1,42218,53.365,53.365,53.355,53.36,13,SIZ5
2025-11-12 20:20:00+00:00,33,1,42218,53.365,53.39,53.36,53.375,32,SIZ5
2025-11-12 20:21:00+00:00,33,1,42218,53.37,53.39,53.37,53.39,12,SIZ5
2025-11-12 20:22:00+00:00,33,1,42218,53.375,53.395,53.36,53.365,32,SIZ5
2025-11-12 20:23:00+00:00,33,1,42218,53.36,53.375,53.34,53.345,28,SIZ5
2025-11-12 20:24:00+00:00,33,1,42218,53.35,53.375,53.34,53.365,14,SIZ5
2025-11-12 20:25:00+00:00,33,1,42218,53.36,53.38,53.36,53.38,12,SIZ5
2025-11-12 20:26:00+00:00,33,1,42218,53.38,53.38,53.36,53.375,10,SIZ5
2025-11-12 20:27:00+00:00,33,1,42218,53.365,53.375,53.36,53.37,18,SIZ5
2025-11-12 20:28:00+00:00,33,1,42218,53.365,53.37,53.355,53.365,12,SIZ5
2025-11-12 20:29:00+00:00,33,1,42218,53.365,53.38,53.365,53.365,8,SIZ5
2025-11-12 20:30:00+00:00,33,1,42218,53.365,53.365,53.335,53.34,22,SIZ5
2025-11-12 20:31:00+00:00,33,1,42218,53.34,53.38,53.33,53.38,37,SIZ5
2025-11-12 20:32:00+00:00,33,1,42218,53.375,53.41,53.375,53.405,18,SIZ5
2025-11-12 20:33:00+00:00,33,1,42218,53.4,53.41,53.38,53.38,16,SIZ5
2025-11-12 20:34:00+00:00,33,1,42218,53.395,53.4,53.38,53.385,7,SIZ5
2025-11-12 20:35:00+00:00,33,1,42218,53.39,53.39,53.38,53.385,12,SIZ5
2025-11-12 20:36:00+00:00,33,1,42218,53.38,53.385,53.355,53.355,27,SIZ5
2025-11-12 20:37:00+00:00,33,1,42218,53.355,53.365,53.335,53.335,21,SIZ5
2025-11-12 20:38:00+00:00,33,1,42218,53.345,53.35,53.325,53.34,32,SIZ5
2025-11-12 20:39:00+00:00,33,1,42218,53.33,53.35,53.325,53.345,18,SIZ5
2025-11-12 20:40:00+00:00,33,1,42218,53.345,53.355,53.345,53.35,46,SIZ5
2025-11-12 20:41:00+00:00,33,1,42218,53.345,53.365,53.34,53.365,42,SIZ5
2025-11-12 20:42:00+00:00,33,1,42218,53.365,53.385,53.355,53.385,35,SIZ5
2025-11-12 20:43:00+00:00,33,1,42218,53.39,53.4,53.345,53.39,118,SIZ5
2025-11-12 20:44:00+00:00,33,1,42218,53.395,53.41,53.395,53.405,22,SIZ5
2025-11-12 20:45:00+00:00,33,1,42218,53.4,53.4,53.365,53.39,68,SIZ5
2025-11-12 20:46:00+00:00,33,1,42218,53.385,53.385,53.355,53.36,17,SIZ5
2025-11-12 20:47:00+00:00,33,1,42218,53.355,53.365,53.345,53.35,19,SIZ5
2025-11-12 20:48:00+00:00,33,1,42218,53.34,53.355,53.335,53.34,22,SIZ5
2025-11-12 20:49:00+00:00,33,1,42218,53.34,53.345,53.32,53.32,39,SIZ5
2025-11-12 20:50:00+00:00,33,1,42218,53.325,53.335,53.305,53.325,78,SIZ5
2025-11-12 20:51:00+00:00,33,1,42218,53.33,53.37,53.33,53.37,33,SIZ5
2025-11-12 20:52:00+00:00,33,1,42218,53.355,53.38,53.345,53.35,22,SIZ5
2025-11-12 20:53:00+00:00,33,1,42218,53.35,53.355,53.305,53.31,46,SIZ5
2025-11-12 20:54:00+00:00,33,1,42218,53.31,53.315,53.255,53.255,93,SIZ5
2025-11-12 20:55:00+00:00,33,1,42218,53.265,53.295,53.24,53.28,105,SIZ5
2025-11-12 20:56:00+00:00,33,1,42218,53.285,53.285,53.255,53.26,76,SIZ5
2025-11-12 20:57:00+00:00,33,1,42218,53.26,53.26,53.235,53.235,50,SIZ5
2025-11-12 20:58:00+00:00,33,1,42218,53.235,53.245,53.225,53.23,31,SIZ5
2025-11-12 20:59:00+00:00,33,1,42218,53.225,53.275,53.225,53.265,140,SIZ5
2025-11-12 21:00:00+00:00,33,1,42218,53.275,53.28,53.25,53.275,73,SIZ5
2025-11-12 21:01:00+00:00,33,1,42218,53.275,53.275,53.245,53.245,21,SIZ5
2025-11-12 21:02:00+00:00,33,1,42218,53.25,53.255,53.24,53.255,10,SIZ5
2025-11-12 21:03:00+00:00,33,1,42218,53.25,53.255,53.245,53.255,14,SIZ5
2025-11-12 21:04:00+00:00,33,1,42218,53.25,53.255,53.225,53.225,23,SIZ5
2025-11-12 21:05:00+00:00,33,1,42218,53.23,53.26,53.225,53.26,22,SIZ5
2025-11-12 21:06:00+00:00,33,1,42218,53.27,53.275,53.265,53.265,21,SIZ5
2025-11-12 21:07:00+00:00,33,1,42218,53.27,53.27,53.255,53.26,25,SIZ5
2025-11-12 21:08:00+00:00,33,1,42218,53.27,53.28,53.27,53.27,13,SIZ5
2025-11-12 21:09:00+00:00,33,1,42218,53.265,53.275,53.265,53.265,10,SIZ5
2025-11-12 21:10:00+00:00,33,1,42218,53.255,53.255,53.25,53.255,13,SIZ5
2025-11-12 21:11:00+00:00,33,1,42218,53.25,53.25,53.2,53.21,74,SIZ5
2025-11-12 21:12:00+00:00,33,1,42218,53.205,53.245,53.205,53.235,56,SIZ5
2025-11-12 21:13:00+00:00,33,1,42218,53.23,53.23,53.21,53.215,25,SIZ5
2025-11-12 21:14:00+00:00,33,1,42218,53.21,53.215,53.205,53.205,14,SIZ5
2025-11-12 21:15:00+00:00,33,1,42218,53.195,53.195,53.145,53.145,41,SIZ5
2025-11-12 21:16:00+00:00,33,1,42218,53.145,53.18,53.145,53.175,28,SIZ5
2025-11-12 21:17:00+00:00,33,1,42218,53.175,53.195,53.17,53.18,12,SIZ5
2025-11-12 21:18:00+00:00,33,1,42218,53.18,53.22,53.175,53.21,18,SIZ5
2025-11-12 21:19:00+00:00,33,1,42218,53.205,53.205,53.2,53.2,5,SIZ5
2025-11-12 21:20:00+00:00,33,1,42218,53.195,53.195,53.19,53.19,13,SIZ5
2025-11-12 21:21:00+00:00,33,1,42218,53.18,53.185,53.18,53.185,4,SIZ5
2025-11-12 21:22:00+00:00,33,1,42218,53.185,53.205,53.175,53.205,12,SIZ5
2025-11-12 21:23:00+00:00,33,1,42218,53.22,53.22,53.22,53.22,7,SIZ5
2025-11-12 21:24:00+00:00,33,1,42218,53.225,53.23,53.22,53.23,19,SIZ5
2025-11-12 21:25:00+00:00,33,1,42218,53.235,53.255,53.235,53.255,16,SIZ5
2025-11-12 21:26:00+00:00,33,1,42218,53.265,53.27,53.26,53.265,5,SIZ5
2025-11-12 21:27:00+00:00,33,1,42218,53.265,53.27,53.265,53.27,6,SIZ5
2025-11-12 21:28:00+00:00,33,1,42218,53.28,53.3,53.28,53.3,11,SIZ5
2025-11-12 21:29:00+00:00,33,1,42218,53.3,53.31,53.29,53.31,26,SIZ5
2025-11-12 21:30:00+00:00,33,1,42218,53.31,53.315,53.31,53.315,8,SIZ5
2025-11-12 21:31:00+00:00,33,1,42218,53.32,53.355,53.315,53.355,34,SIZ5
2025-11-12 21:32:00+00:00,33,1,42218,53.355,53.385,53.355,53.385,39,SIZ5
2025-11-12 21:33:00+00:00,33,1,42218,53.375,53.39,53.375,53.385,23,SIZ5
2025-11-12 21:34:00+00:00,33,1,42218,53.38,53.38,53.355,53.355,14,SIZ5
2025-11-12 21:35:00+00:00,33,1,42218,53.35,53.355,53.35,53.35,13,SIZ5
2025-11-12 21:36:00+00:00,33,1,42218,53.35,53.39,53.35,53.39,19,SIZ5
2025-11-12 21:37:00+00:00,33,1,42218,53.385,53.385,53.375,53.38,11,SIZ5
2025-11-12 21:38:00+00:00,33,1,42218,53.385,53.385,53.38,53.38,7,SIZ5
2025-11-12 21:39:00+00:00,33,1,42218,53.375,53.375,53.35,53.35,14,SIZ5
2025-11-12 21:40:00+00:00,33,1,42218,53.35,53.355,53.325,53.355,22,SIZ5
2025-11-12 21:41:00+00:00,33,1,42218,53.365,53.365,53.34,53.355,11,SIZ5
2025-11-12 21:42:00+00:00,33,1,42218,53.355,53.36,53.35,53.36,5,SIZ5
2025-11-12 21:43:00+00:00,33,1,42218,53.36,53.365,53.355,53.355,10,SIZ5
2025-11-12 21:44:00+00:00,33,1,42218,53.355,53.37,53.355,53.36,9,SIZ5
2025-11-12 21:45:00+00:00,33,1,42218,53.35,53.35,53.345,53.345,23,SIZ5
2025-11-12 21:46:00+00:00,33,1,42218,53.34,53.35,53.34,53.35,20,SIZ5
2025-11-12 21:47:00+00:00,33,1,42218,53.345,53.355,53.33,53.355,18,SIZ5
2025-11-12 21:48:00+00:00,33,1,42218,53.355,53.37,53.345,53.37,24,SIZ5
2025-11-12 21:49:00+00:00,33,1,42218,53.37,53.375,53.355,53.36,9,SIZ5
2025-11-12 21:50:00+00:00,33,1,42218,53.36,53.36,53.325,53.33,70,SIZ5
2025-11-12 21:51:00+00:00,33,1,42218,53.345,53.365,53.345,53.365,31,SIZ5
2025-11-12 21:52:00+00:00,33,1,42218,53.36,53.365,53.345,53.345,34,SIZ5
2025-11-12 21:53:00+00:00,33,1,42218,53.335,53.335,53.315,53.33,36,SIZ5
2025-11-12 21:54:00+00:00,33,1,42218,53.32,53.32,53.275,53.275,39,SIZ5
2025-11-12 21:55:00+00:00,33,1,42218,53.275,53.275,53.25,53.265,27,SIZ5
2025-11-12 21:56:00+00:00,33,1,42218,53.265,53.27,53.22,53.225,36,SIZ5
2025-11-12 21:57:00+00:00,33,1,42218,53.23,53.235,53.205,53.205,47,SIZ5
2025-11-12 21:58:00+00:00,33,1,42218,53.205,53.22,53.2,53.22,23,SIZ5
2025-11-12 21:59:00+00:00,33,1,42218,53.22,53.24,53.215,53.23,53,SIZ5
2025-11-12 23:00:00+00:00,33,1,42218,53.275,53.29,53.235,53.285,69,SIZ5
2025-11-12 23:01:00+00:00,33,1,42218,53.285,53.285,53.23,53.25,29,SIZ5
2025-11-12 23:02:00+00:00,33,1,42218,53.225,53.29,53.22,53.285,22,SIZ5
2025-11-12 23:03:00+00:00,33,1,42218,53.285,53.285,53.24,53.245,32,SIZ5
2025-11-12 23:04:00+00:00,33,1,42218,53.245,53.26,53.235,53.235,20,SIZ5
2025-11-12 23:05:00+00:00,33,1,42218,53.255,53.315,53.25,53.29,36,SIZ5
2025-11-12 23:06:00+00:00,33,1,42218,53.285,53.3,53.265,53.295,40,SIZ5
2025-11-12 23:07:00+00:00,33,1,42218,53.285,53.29,53.28,53.29,11,SIZ5
2025-11-12 23:08:00+00:00,33,1,42218,53.295,53.385,53.295,53.335,41,SIZ5
2025-11-12 23:09:00+00:00,33,1,42218,53.33,53.35,53.315,53.335,19,SIZ5
2025-11-12 23:10:00+00:00,33,1,42218,53.325,53.325,53.295,53.31,19,SIZ5
2025-11-12 23:11:00+00:00,33,1,42218,53.305,53.325,53.305,53.315,27,SIZ5
2025-11-12 23:12:00+00:00,33,1,42218,53.315,53.335,53.3,53.335,18,SIZ5
2025-11-12 23:13:00+00:00,33,1,42218,53.305,53.31,53.27,53.27,11,SIZ5
2025-11-12 23:14:00+00:00,33,1,42218,53.265,53.265,53.22,53.245,33,SIZ5
2025-11-12 23:15:00+00:00,33,1,42218,53.255,53.26,53.245,53.245,7,SIZ5
2025-11-12 23:17:00+00:00,33,1,42218,53.265,53.28,53.24,53.245,37,SIZ5
2025-11-12 23:18:00+00:00,33,1,42218,53.245,53.245,53.24,53.24,4,SIZ5
2025-11-12 23:19:00+00:00,33,1,42218,53.25,53.265,53.25,53.255,6,SIZ5
2025-11-12 23:20:00+00:00,33,1,42218,53.25,53.25,53.23,53.23,13,SIZ5
2025-11-12 23:21:00+00:00,33,1,42218,53.225,53.25,53.22,53.25,27,SIZ5
2025-11-12 23:22:00+00:00,33,1,42218,53.255,53.26,53.235,53.24,14,SIZ5
2025-11-12 23:23:00+00:00,33,1,42218,53.235,53.245,53.235,53.245,5,SIZ5
2025-11-12 23:24:00+00:00,33,1,42218,53.235,53.235,53.235,53.235,2,SIZ5
2025-11-12 23:25:00+00:00,33,1,42218,53.245,53.275,53.24,53.265,15,SIZ5
2025-11-12 23:26:00+00:00,33,1,42218,53.25,53.255,53.25,53.255,5,SIZ5
2025-11-12 23:27:00+00:00,33,1,42218,53.27,53.325,53.27,53.285,37,SIZ5
2025-11-12 23:28:00+00:00,33,1,42218,53.295,53.315,53.295,53.31,16,SIZ5
2025-11-12 23:29:00+00:00,33,1,42218,53.29,53.29,53.27,53.275,6,SIZ5
2025-11-12 23:30:00+00:00,33,1,42218,53.27,53.27,53.25,53.25,15,SIZ5
2025-11-12 23:31:00+00:00,33,1,42218,53.245,53.245,53.235,53.235,10,SIZ5
2025-11-12 23:32:00+00:00,33,1,42218,53.24,53.245,53.225,53.225,6,SIZ5
2025-11-12 23:33:00+00:00,33,1,42218,53.235,53.245,53.225,53.245,15,SIZ5
2025-11-12 23:34:00+00:00,33,1,42218,53.255,53.26,53.23,53.235,16,SIZ5
2025-11-12 23:35:00+00:00,33,1,42218,53.24,53.26,53.24,53.25,24,SIZ5
2025-11-12 23:36:00+00:00,33,1,42218,53.24,53.245,53.235,53.245,8,SIZ5
2025-11-12 23:37:00+00:00,33,1,42218,53.235,53.245,53.235,53.245,15,SIZ5
2025-11-12 23:38:00+00:00,33,1,42218,53.245,53.245,53.2,53.21,21,SIZ5
2025-11-12 23:39:00+00:00,33,1,42218,53.205,53.205,53.18,53.2,23,SIZ5
2025-11-12 23:40:00+00:00,33,1,42218,53.19,53.2,53.165,53.165,29,SIZ5
2025-11-12 23:41:00+00:00,33,1,42218,53.17,53.195,53.17,53.19,22,SIZ5
2025-11-12 23:42:00+00:00,33,1,42218,53.185,53.2,53.175,53.2,17,SIZ5
2025-11-12 23:43:00+00:00,33,1,42218,53.21,53.24,53.21,53.24,8,SIZ5
2025-11-12 23:44:00+00:00,33,1,42218,53.23,53.235,53.22,53.235,23,SIZ5
2025-11-12 23:45:00+00:00,33,1,42218,53.24,53.24,53.22,53.22,10,SIZ5
2025-11-12 23:46:00+00:00,33,1,42218,53.215,53.24,53.215,53.24,4,SIZ5
2025-11-12 23:47:00+00:00,33,1,42218,53.22,53.22,53.21,53.215,5,SIZ5
2025-11-12 23:48:00+00:00,33,1,42218,53.215,53.22,53.215,53.22,3,SIZ5
2025-11-12 23:49:00+00:00,33,1,42218,53.23,53.23,53.225,53.225,2,SIZ5
2025-11-12 23:50:00+00:00,33,1,42218,53.225,53.225,53.13,53.135,106,SIZ5
2025-11-12 23:51:00+00:00,33,1,42218,53.14,53.165,53.14,53.165,20,SIZ5
2025-11-12 23:52:00+00:00,33,1,42218,53.175,53.19,53.165,53.19,12,SIZ5
2025-11-12 23:53:00+00:00,33,1,42218,53.2,53.2,53.185,53.185,5,SIZ5
2025-11-12 23:54:00+00:00,33,1,42218,53.185,53.185,53.185,53.185,3,SIZ5
2025-11-12 23:55:00+00:00,33,1,42218,53.195,53.2,53.195,53.195,6,SIZ5
2025-11-12 23:56:00+00:00,33,1,42218,53.205,53.205,53.185,53.195,7,SIZ5
2025-11-12 23:57:00+00:00,33,1,42218,53.185,53.19,53.185,53.19,3,SIZ5
2025-11-12 23:58:00+00:00,33,1,42218,53.185,53.185,53.18,53.18,3,SIZ5
2025-11-12 23:59:00+00:00,33,1,42218,53.17,53.17,53.17,53.17,1,SIZ5
2025-11-13 00:00:00+00:00,33,1,42218,53.175,53.19,53.165,53.17,22,SIZ5
2025-11-13 00:01:00+00:00,33,1,42218,53.16,53.165,53.14,53.14,37,SIZ5
2025-11-13 00:02:00+00:00,33,1,42218,53.145,53.155,53.125,53.135,39,SIZ5
2025-11-13 00:03:00+00:00,33,1,42218,53.135,53.145,53.125,53.14,38,SIZ5
2025-11-13 00:04:00+00:00,33,1,42218,53.14,53.145,53.125,53.14,39,SIZ5
2025-11-13 00:05:00+00:00,33,1,42218,53.15,53.155,53.135,53.15,19,SIZ5
2025-11-13 00:06:00+00:00,33,1,42218,53.15,53.155,53.14,53.15,9,SIZ5
2025-11-13 00:07:00+00:00,33,1,42218,53.155,53.16,53.125,53.13,21,SIZ5
2025-11-13 00:08:00+00:00,33,1,42218,53.13,53.135,53.07,53.11,156,SIZ5
2025-11-13 00:09:00+00:00,33,1,42218,53.115,53.135,53.11,53.135,19,SIZ5
2025-11-13 00:10:00+00:00,33,1,42218,53.135,53.135,53.11,53.11,30,SIZ5
2025-11-13 00:11:00+00:00,33,1,42218,53.095,53.1,53.075,53.075,14,SIZ5
2025-11-13 00:12:00+00:00,33,1,42218,53.07,53.075,53.025,53.035,78,SIZ5
2025-11-13 00:13:00+00:00,33,1,42218,53.045,53.09,53.04,53.09,23,SIZ5
2025-11-13 00:14:00+00:00,33,1,42218,53.1,53.13,53.065,53.065,33,SIZ5
2025-11-13 00:15:00+00:00,33,1,42218,53.065,53.075,53.05,53.06,38,SIZ5
2025-11-13 00:16:00+00:00,33,1,42218,53.055,53.07,53.05,53.055,18,SIZ5
2025-11-13 00:17:00+00:00,33,1,42218,53.06,53.09,53.05,53.075,32,SIZ5
2025-11-13 00:18:00+00:00,33,1,42218,53.075,53.085,53.055,53.06,50,SIZ5
2025-11-13 00:19:00+00:00,33,1,42218,53.075,53.095,53.055,53.06,24,SIZ5
2025-11-13 00:20:00+00:00,33,1,42218,53.085,53.11,53.085,53.105,14,SIZ5
2025-11-13 00:21:00+00:00,33,1,42218,53.105,53.125,53.095,53.125,10,SIZ5
2025-11-13 00:22:00+00:00,33,1,42218,53.13,53.13,53.11,53.13,25,SIZ5
2025-11-13 00:23:00+00:00,33,1,42218,53.14,53.155,53.14,53.155,16,SIZ5
2025-11-13 00:24:00+00:00,33,1,42218,53.15,53.155,53.14,53.145,10,SIZ5
2025-11-13 00:25:00+00:00,33,1,42218,53.145,53.18,53.14,53.18,35,SIZ5
2025-11-13 00:26:00+00:00,33,1,42218,53.16,53.175,53.15,53.175,17,SIZ5
2025-11-13 00:27:00+00:00,33,1,42218,53.18,53.18,53.155,53.16,46,SIZ5
2025-11-13 00:28:00+00:00,33,1,42218,53.15,53.15,53.135,53.135,17,SIZ5
2025-11-13 00:29:00+00:00,33,1,42218,53.14,53.15,53.115,53.115,44,SIZ5
2025-11-13 00:30:00+00:00,33,1,42218,53.115,53.22,53.095,53.2,67,SIZ5
2025-11-13 00:31:00+00:00,33,1,42218,53.195,53.22,53.18,53.215,26,SIZ5
2025-11-13 00:32:00+00:00,33,1,42218,53.215,53.225,53.205,53.205,17,SIZ5
2025-11-13 00:33:00+00:00,33,1,42218,53.205,53.225,53.19,53.215,34,SIZ5
2025-11-13 00:34:00+00:00,33,1,42218,53.205,53.225,53.205,53.22,12,SIZ5
2025-11-13 00:35:00+00:00,33,1,42218,53.225,53.26,53.22,53.25,34,SIZ5
2025-11-13 00:36:00+00:00,33,1,42218,53.25,53.28,53.24,53.27,29,SIZ5
2025-11-13 00:37:00+00:00,33,1,42218,53.265,53.295,53.25,53.28,31,SIZ5
2025-11-13 00:38:00+00:00,33,1,42218,53.29,53.325,53.285,53.32,84,SIZ5
2025-11-13 00:39:00+00:00,33,1,42218,53.31,53.34,53.3,53.32,56,SIZ5
2025-11-13 00:40:00+00:00,33,1,42218,53.315,53.315,53.275,53.275,33,SIZ5
2025-11-13 00:41:00+00:00,33,1,42218,53.28,53.28,53.23,53.235,55,SIZ5
2025-11-13 00:42:00+00:00,33,1,42218,53.23,53.25,53.205,53.235,33,SIZ5
2025-11-13 00:43:00+00:00,33,1,42218,53.225,53.255,53.2,53.22,34,SIZ5
2025-11-13 00:44:00+00:00,33,1,42218,53.22,53.25,53.215,53.25,13,SIZ5
2025-11-13 00:45:00+00:00,33,1,42218,53.26,53.26,53.23,53.24,18,SIZ5
2025-11-13 00:46:00+00:00,33,1,42218,53.23,53.24,53.23,53.24,11,SIZ5
2025-11-13 00:47:00+00:00,33,1,42218,53.235,53.24,53.215,53.24,19,SIZ5
2025-11-13 00:48:00+00:00,33,1,42218,53.245,53.255,53.22,53.24,47,SIZ5
2025-11-13 00:49:00+00:00,33,1,42218,53.25,53.285,53.25,53.265,40,SIZ5
2025-11-13 00:50:00+00:00,33,1,42218,53.275,53.305,53.265,53.305,25,SIZ5
2025-11-13 00:51:00+00:00,33,1,42218,53.295,53.31,53.295,53.31,10,SIZ5
2025-11-13 00:52:00+00:00,33,1,42218,53.3,53.315,53.295,53.315,32,SIZ5
2025-11-13 00:53:00+00:00,33,1,42218,53.31,53.325,53.3,53.31,42,SIZ5
2025-11-13 00:54:00+00:00,33,1,42218,53.31,53.33,53.295,53.3,51,SIZ5
2025-11-13 00:55:00+00:00,33,1,42218,53.3,53.31,53.28,53.3,53,SIZ5
2025-11-13 00:56:00+00:00,33,1,42218,53.31,53.31,53.29,53.3,17,SIZ5
2025-11-13 00:57:00+00:00,33,1,42218,53.3,53.3,53.28,53.29,29,SIZ5
2025-11-13 00:58:00+00:00,33,1,42218,53.295,53.325,53.295,53.315,78,SIZ5
2025-11-13 00:59:00+00:00,33,1,42218,53.315,53.36,53.315,53.34,87,SIZ5
2025-11-13 01:00:00+00:00,33,1,42218,53.335,53.34,53.18,53.18,329,SIZ5
2025-11-13 01:01:00+00:00,33,1,42218,53.185,53.225,53.18,53.21,104,SIZ5
2025-11-13 01:02:00+00:00,33,1,42218,53.21,53.21,53.145,53.18,98,SIZ5
2025-11-13 01:03:00+00:00,33,1,42218,53.175,53.24,53.155,53.16,77,SIZ5
2025-11-13 01:04:00+00:00,33,1,42218,53.165,53.2,53.165,53.185,35,SIZ5
2025-11-13 01:05:00+00:00,33,1,42218,53.175,53.23,53.16,53.23,54,SIZ5
2025-11-13 01:06:00+00:00,33,1,42218,53.235,53.26,53.17,53.17,54,SIZ5
2025-11-13 01:07:00+00:00,33,1,42218,53.17,53.2,53.145,53.185,42,SIZ5
2025-11-13 01:08:00+00:00,33,1,42218,53.2,53.2,53.165,53.18,27,SIZ5
2025-11-13 01:09:00+00:00,33,1,42218,53.195,53.25,53.19,53.25,26,SIZ5
2025-11-13 01:10:00+00:00,33,1,42218,53.25,53.28,53.21,53.275,51,SIZ5
2025-11-13 01:11:00+00:00,33,1,42218,53.275,53.275,53.25,53.255,39,SIZ5
2025-11-13 01:12:00+00:00,33,1,42218,53.255,53.26,53.16,53.16,23,SIZ5
2025-11-13 01:13:00+00:00,33,1,42218,53.16,53.205,53.15,53.17,67,SIZ5
2025-11-13 01:14:00+00:00,33,1,42218,53.15,53.185,53.145,53.17,14,SIZ5
2025-11-13 01:15:00+00:00,33,1,42218,53.16,53.16,53.065,53.08,144,SIZ5
2025-11-13 01:16:00+00:00,33,1,42218,53.085,53.105,53.04,53.075,80,SIZ5
2025-11-13 01:17:00+00:00,33,1,42218,53.07,53.08,53.01,53.02,86,SIZ5
2025-11-13 01:18:00+00:00,33,1,42218,53.01,53.025,52.885,52.89,319,SIZ5
2025-11-13 01:19:00+00:00,33,1,42218,52.89,52.97,52.89,52.97,69,SIZ5
2025-11-13 01:20:00+00:00,33,1,42218,52.975,53.045,52.97,53.035,138,SIZ5
2025-11-13 01:21:00+00:00,33,1,42218,53.025,53.03,52.975,53.01,46,SIZ5
2025-11-13 01:22:00+00:00,33,1,42218,53.015,53.04,53.01,53.025,24,SIZ5
2025-11-13 01:23:00+00:00,33,1,42218,53.04,53.08,53.03,53.07,43,SIZ5
2025-11-13 01:24:00+00:00,33,1,42218,53.07,53.08,53.04,53.07,28,SIZ5
2025-11-13 01:25:00+00:00,33,1,42218,53.08,53.08,53.005,53.01,30,SIZ5
2025-11-13 01:26:00+00:00,33,1,42218,53.005,53.03,52.975,52.99,37,SIZ5
2025-11-13 01:27:00+00:00,33,1,42218,53.005,53.025,52.97,52.99,22,SIZ5
2025-11-13 01:28:00+00:00,33,1,42218,52.995,53.025,52.98,53.025,41,SIZ5
2025-11-13 01:29:00+00:00,33,1,42218,53.01,53.025,53.0,53.01,15,SIZ5
2025-11-13 01:30:00+00:00,33,1,42218,53.015,53.02,52.95,52.97,45,SIZ5
2025-11-13 01:31:00+00:00,33,1,42218,52.965,53.0,52.95,52.96,66,SIZ5
2025-11-13 01:32:00+00:00,33,1,42218,52.965,52.965,52.925,52.93,40,SIZ5
2025-11-13 01:33:00+00:00,33,1,42218,52.94,53.0,52.94,52.985,61,SIZ5
2025-11-13 01:34:00+00:00,33,1,42218,53.0,53.01,52.955,52.99,71,SIZ5
2025-11-13 01:35:00+00:00,33,1,42218,52.985,53.025,52.98,52.99,52,SIZ5
2025-11-13 01:36:00+00:00,33,1,42218,52.995,53.04,52.995,53.04,39,SIZ5
2025-11-13 01:37:00+00:00,33,1,42218,53.025,53.075,53.025,53.07,39,SIZ5
2025-11-13 01:38:00+00:00,33,1,42218,53.06,53.11,53.06,53.095,59,SIZ5
2025-11-13 01:39:00+00:00,33,1,42218,53.11,53.14,53.095,53.1,37,SIZ5
2025-11-13 01:40:00+00:00,33,1,42218,53.11,53.14,53.11,53.14,31,SIZ5
2025-11-13 01:41:00+00:00,33,1,42218,53.135,53.14,53.115,53.115,8,SIZ5
2025-11-13 01:42:00+00:00,33,1,42218,53.11,53.165,53.11,53.165,146,SIZ5
2025-11-13 01:43:00+00:00,33,1,42218,53.17,53.18,53.135,53.16,71,SIZ5
2025-11-13 01:44:00+00:00,33,1,42218,53.17,53.18,53.15,53.16,141,SIZ5
2025-11-13 01:45:00+00:00,33,1,42218,53.17,53.18,53.13,53.13,85,SIZ5
2025-11-13 01:46:00+00:00,33,1,42218,53.125,53.135,53.1,53.13,75,SIZ5
2025-11-13 01:47:00+00:00,33,1,42218,53.13,53.15,53.07,53.07,41,SIZ5
2025-11-13 01:48:00+00:00,33,1,42218,53.06,53.145,53.055,53.145,39,SIZ5
2025-11-13 01:49:00+00:00,33,1,42218,53.13,53.205,53.13,53.19,50,SIZ5
2025-11-13 01:50:00+00:00,33,1,42218,53.185,53.215,53.17,53.2,96,SIZ5
2025-11-13 01:51:00+00:00,33,1,42218,53.205,53.22,53.19,53.205,51,SIZ5
2025-11-13 01:52:00+00:00,33,1,42218,53.205,53.215,53.19,53.21,21,SIZ5
2025-11-13 01:53:00+00:00,33,1,42218,53.225,53.29,53.225,53.29,106,SIZ5
2025-11-13 01:54:00+00:00,33,1,42218,53.28,53.28,53.255,53.275,44,SIZ5
2025-11-13 01:55:00+00:00,33,1,42218,53.275,53.325,53.25,53.325,69,SIZ5
2025-11-13 01:56:00+00:00,33,1,42218,53.3,53.37,53.3,53.36,97,SIZ5
2025-11-13 01:57:00+00:00,33,1,42218,53.355,53.415,53.355,53.4,113,SIZ5
2025-11-13 01:58:00+00:00,33,1,42218,53.41,53.41,53.365,53.39,61,SIZ5
2025-11-13 01:59:00+00:00,33,1,42218,53.375,53.385,53.35,53.36,29,SIZ5
2025-11-13 02:00:00+00:00,33,1,42218,53.36,53.365,53.32,53.34,55,SIZ5
2025-11-13 02:01:00+00:00,33,1,42218,53.335,53.41,53.33,53.4,65,SIZ5
2025-11-13 02:02:00+00:00,33,1,42218,53.39,53.4,53.37,53.4,44,SIZ5
2025-11-13 02:03:00+00:00,33,1,42218,53.405,53.425,53.38,53.39,71,SIZ5
2025-11-13 02:04:00+00:00,33,1,42218,53.385,53.41,53.38,53.405,21,SIZ5
2025-11-13 02:05:00+00:00,33,1,42218,53.395,53.395,53.355,53.37,82,SIZ5
2025-11-13 02:06:00+00:00,33,1,42218,53.37,53.37,53.345,53.37,34,SIZ5
2025-11-13 02:07:00+00:00,33,1,42218,53.37,53.425,53.35,53.395,49,SIZ5
2025-11-13 02:08:00+00:00,33,1,42218,53.4,53.445,53.395,53.435,46,SIZ5
2025-11-13 02:09:00+00:00,33,1,42218,53.45,53.58,53.45,53.505,302,SIZ5
2025-11-13 02:10:00+00:00,33,1,42218,53.5,53.5,53.44,53.45,56,SIZ5
2025-11-13 02:11:00+00:00,33,1,42218,53.44,53.44,53.385,53.395,43,SIZ5
2025-11-13 02:12:00+00:00,33,1,42218,53.39,53.395,53.365,53.39,34,SIZ5
2025-11-13 02:13:00+00:00,33,1,42218,53.39,53.45,53.39,53.45,30,SIZ5
2025-11-13 02:14:00+00:00,33,1,42218,53.45,53.48,53.43,53.43,39,SIZ5
2025-11-13 02:15:00+00:00,33,1,42218,53.435,53.455,53.43,53.44,15,SIZ5
2025-11-13 02:16:00+00:00,33,1,42218,53.43,53.44,53.425,53.43,8,SIZ5
2025-11-13 02:17:00+00:00,33,1,42218,53.43,53.445,53.425,53.425,27,SIZ5
2025-11-13 02:18:00+00:00,33,1,42218,53.42,53.44,53.35,53.35,98,SIZ5
2025-11-13 02:19:00+00:00,33,1,42218,53.365,53.38,53.35,53.37,41,SIZ5
2025-11-13 02:20:00+00:00,33,1,42218,53.4,53.41,53.395,53.4,30,SIZ5
2025-11-13 02:21:00+00:00,33,1,42218,53.395,53.4,53.395,53.4,4,SIZ5
2025-11-13 02:22:00+00:00,33,1,42218,53.395,53.395,53.34,53.34,41,SIZ5
2025-11-13 02:23:00+00:00,33,1,42218,53.33,53.355,53.33,53.335,24,SIZ5
2025-11-13 02:24:00+00:00,33,1,42218,53.33,53.33,53.26,53.27,61,SIZ5
2025-11-13 02:25:00+00:00,33,1,42218,53.285,53.3,53.275,53.285,24,SIZ5
2025-11-13 02:26:00+00:00,33,1,42218,53.275,53.28,53.27,53.27,9,SIZ5
2025-11-13 02:27:00+00:00,33,1,42218,53.29,53.295,53.225,53.255,136,SIZ5
2025-11-13 02:28:00+00:00,33,1,42218,53.26,53.3,53.26,53.3,31,SIZ5
2025-11-13 02:29:00+00:00,33,1,42218,53.3,53.3,53.285,53.29,6,SIZ5
2025-11-13 02:30:00+00:00,33,1,42218,53.3,53.315,53.27,53.3,92,SIZ5
2025-11-13 02:31:00+00:00,33,1,42218,53.305,53.365,53.305,53.355,40,SIZ5
2025-11-13 02:32:00+00:00,33,1,42218,53.35,53.35,53.315,53.33,22,SIZ5
2025-11-13 02:33:00+00:00,33,1,42218,53.32,53.355,53.31,53.31,50,SIZ5
2025-11-13 02:34:00+00:00,33,1,42218,53.31,53.33,53.3,53.315,20,SIZ5
2025-11-13 02:35:00+00:00,33,1,42218,53.315,53.32,53.285,53.315,29,SIZ5
2025-11-13 02:36:00+00:00,33,1,42218,53.285,53.315,53.28,53.315,16,SIZ5
2025-11-13 02:37:00+00:00,33,1,42218,53.3,53.325,53.295,53.325,16,SIZ5
2025-11-13 02:38:00+00:00,33,1,42218,53.325,53.35,53.325,53.34,14,SIZ5
2025-11-13 02:39:00+00:00,33,1,42218,53.33,53.38,53.325,53.37,24,SIZ5
2025-11-13 02:40:00+00:00,33,1,42218,53.355,53.385,53.355,53.385,7,SIZ5
2025-11-13 02:41:00+00:00,33,1,42218,53.4,53.405,53.37,53.37,15,SIZ5
2025-11-13 02:42:00+00:00,33,1,42218,53.375,53.405,53.375,53.405,12,SIZ5
2025-11-13 02:43:00+00:00,33,1,42218,53.39,53.43,53.385,53.415,23,SIZ5
2025-11-13 02:44:00+00:00,33,1,42218,53.41,53.445,53.395,53.4,55,SIZ5
2025-11-13 02:45:00+00:00,33,1,42218,53.405,53.43,53.405,53.415,14,SIZ5
2025-11-13 02:46:00+00:00,33,1,42218,53.405,53.415,53.4,53.405,11,SIZ5
2025-11-13 02:47:00+00:00,33,1,42218,53.425,53.45,53.395,53.395,55,SIZ5
2025-11-13 02:48:00+00:00,33,1,42218,53.4,53.405,53.375,53.4,26,SIZ5
2025-11-13 02:49:00+00:00,33,1,42218,53.405,53.415,53.395,53.395,23,SIZ5
2025-11-13 02:50:00+00:00,33,1,42218,53.4,53.425,53.4,53.41,12,SIZ5
2025-11-13 02:51:00+00:00,33,1,42218,53.395,53.395,53.38,53.395,10,SIZ5
2025-11-13 02:52:00+00:00,33,1,42218,53.395,53.395,53.355,53.36,37,SIZ5
2025-11-13 02:53:00+00:00,33,1,42218,53.36,53.4,53.325,53.355,67,SIZ5
2025-11-13 02:54:00+00:00,33,1,42218,53.355,53.4,53.35,53.4,24,SIZ5
2025-11-13 02:55:00+00:00,33,1,42218,53.4,53.435,53.39,53.415,39,SIZ5
2025-11-13 02:56:00+00:00,33,1,42218,53.405,53.405,53.35,53.35,18,SIZ5
2025-11-13 02:57:00+00:00,33,1,42218,53.365,53.37,53.36,53.36,4,SIZ5
2025-11-13 02:58:00+00:00,33,1,42218,53.36,53.37,53.35,53.37,5,SIZ5
2025-11-13 02:59:00+00:00,33,1,42218,53.385,53.385,53.365,53.365,8,SIZ5
2025-11-13 03:00:00+00:00,33,1,42218,53.39,53.405,53.38,53.405,11,SIZ5
2025-11-13 03:01:00+00:00,33,1,42218,53.4,53.465,53.4,53.44,60,SIZ5
2025-11-13 03:02:00+00:00,33,1,42218,53.44,53.475,53.44,53.475,22,SIZ5
2025-11-13 03:03:00+00:00,33,1,42218,53.47,53.5,53.465,53.465,36,SIZ5
2025-11-13 03:04:00+00:00,33,1,42218,53.465,53.485,53.455,53.48,23,SIZ5
2025-11-13 03:05:00+00:00,33,1,42218,53.48,53.5,53.48,53.495,21,SIZ5
2025-11-13 03:06:00+00:00,33,1,42218,53.5,53.6,53.5,53.56,200,SIZ5
2025-11-13 03:07:00+00:00,33,1,42218,53.55,53.56,53.535,53.54,50,SIZ5
2025-11-13 03:08:00+00:00,33,1,42218,53.54,53.65,53.535,53.59,188,SIZ5
2025-11-13 03:09:00+00:00,33,1,42218,53.575,53.595,53.555,53.565,26,SIZ5
2025-11-13 03:10:00+00:00,33,1,42218,53.585,53.605,53.57,53.605,14,SIZ5
2025-11-13 03:11:00+00:00,33,1,42218,53.61,53.635,53.59,53.595,40,SIZ5
2025-11-13 03:12:00+00:00,33,1,42218,53.6,53.65,53.6,53.625,124,SIZ5
2025-11-13 03:13:00+00:00,33,1,42218,53.63,53.63,53.605,53.62,37,SIZ5
2025-11-13 03:14:00+00:00,33,1,42218,53.605,53.605,53.555,53.56,42,SIZ5
2025-11-13 03:15:00+00:00,33,1,42218,53.56,53.56,53.535,53.555,23,SIZ5
2025-11-13 03:16:00+00:00,33,1,42218,53.55,53.58,53.545,53.57,20,SIZ5
2025-11-13 03:17:00+00:00,33,1,42218,53.555,53.57,53.55,53.55,26,SIZ5
2025-11-13 03:18:00+00:00,33,1,42218,53.555,53.605,53.555,53.6,28,SIZ5
2025-11-13 03:19:00+00:00,33,1,42218,53.605,53.665,53.605,53.645,245,SIZ5
2025-11-13 03:20:00+00:00,33,1,42218,53.635,53.855,53.635,53.8,648,SIZ5
2025-11-13 03:21:00+00:00,33,1,42218,53.8,53.81,53.725,53.775,284,SIZ5
2025-11-13 03:22:00+00:00,33,1,42218,53.765,53.78,53.7,53.73,99,SIZ5
2025-11-13 03:23:00+00:00,33,1,42218,53.74,53.9,53.74,53.89,350,SIZ5
2025-11-13 03:24:00+00:00,33,1,42218,53.88,53.975,53.88,53.9,339,SIZ5
2025-11-13 03:25:00+00:00,33,1,42218,53.89,53.895,53.825,53.88,119,SIZ5
2025-11-13 03:26:00+00:00,33,1,42218,53.885,53.885,53.815,53.82,88,SIZ5
2025-11-13 03:27:00+00:00,33,1,42218,53.815,53.815,53.725,53.735,108,SIZ5
2025-11-13 03:28:00+00:00,33,1,42218,53.73,53.77,53.725,53.765,115,SIZ5
2025-11-13 03:29:00+00:00,33,1,42218,53.765,53.825,53.755,53.81,160,SIZ5
2025-11-13 03:30:00+00:00,33,1,42218,53.805,53.91,53.805,53.91,148,SIZ5
2025-11-13 03:31:00+00:00,33,1,42218,53.905,53.935,53.86,53.875,158,SIZ5
2025-11-13 03:32:00+00:00,33,1,42218,53.87,53.925,53.87,53.885,90,SIZ5
2025-11-13 03:33:00+00:00,33,1,42218,53.88,54.02,53.88,54.005,170,SIZ5
2025-11-13 03:34:00+00:00,33,1,42218,54.005,54.04,53.995,54.03,164,SIZ5
2025-11-13 03:35:00+00:00,33,1,42218,54.03,54.06,53.975,54.03,245,SIZ5
2025-11-13 03:36:00+00:00,33,1,42218,54.02,54.035,53.935,53.955,204,SIZ5
2025-11-13 03:37:00+00:00,33,1,42218,53.94,53.975,53.92,53.93,78,SIZ5
2025-11-13 03:38:00+00:00,33,1,42218,53.925,53.98,53.91,53.955,63,SIZ5
2025-11-13 03:39:00+00:00,33,1,42218,53.96,54.0,53.935,53.935,147,SIZ5
2025-11-13 03:40:00+00:00,33,1,42218,53.93,53.965,53.91,53.94,125,SIZ5
2025-11-13 03:41:00+00:00,33,1,42218,53.95,53.95,53.91,53.92,60,SIZ5
2025-11-13 03:42:00+00:00,33,1,42218,53.92,53.93,53.89,53.93,218,SIZ5
2025-11-13 03:43:00+00:00,33,1,42218,53.935,53.975,53.93,53.965,56,SIZ5
2025-11-13 03:44:00+00:00,33,1,42218,53.96,53.975,53.935,53.94,42,SIZ5
2025-11-13 03:45:00+00:00,33,1,42218,53.95,53.99,53.94,53.96,152,SIZ5
2025-11-13 03:46:00+00:00,33,1,42218,53.96,54.06,53.94,54.05,247,SIZ5
2025-11-13 03:47:00+00:00,33,1,42218,54.04,54.06,54.03,54.04,148,SIZ5
2025-11-13 03:48:00+00:00,33,1,42218,54.04,54.04,53.92,53.92,89,SIZ5
2025-11-13 03:49:00+00:00,33,1,42218,53.915,53.96,53.895,53.945,68,SIZ5
2025-11-13 03:50:00+00:00,33,1,42218,53.96,53.965,53.935,53.945,49,SIZ5
2025-11-13 03:51:00+00:00,33,1,42218,53.95,54.01,53.94,54.005,89,SIZ5
2025-11-13 03:52:00+00:00,33,1,42218,53.995,53.995,53.94,53.94,33,SIZ5
2025-11-13 03:53:00+00:00,33,1,42218,53.945,53.965,53.93,53.95,36,SIZ5
2025-11-13 03:54:00+00:00,33,1,42218,53.95,54.0,53.945,53.965,27,SIZ5
2025-11-13 03:55:00+00:00,33,1,42218,53.965,54.035,53.95,54.015,91,SIZ5
2025-11-13 03:56:00+00:00,33,1,42218,54.025,54.04,54.005,54.01,52,SIZ5
2025-11-13 03:57:00+00:00,33,1,42218,54.005,54.045,54.0,54.005,51,SIZ5
2025-11-13 03:58:00+00:00,33,1,42218,54.01,54.065,54.0,54.055,124,SIZ5
2025-11-13 03:59:00+00:00,33,1,42218,54.055,54.25,54.04,54.23,509,SIZ5
2025-11-13 04:00:00+00:00,33,1,42218,54.225,54.235,54.12,54.15,293,SIZ5
2025-11-13 04:01:00+00:00,33,1,42218,54.15,54.16,54.065,54.065,195,SIZ5
2025-11-13 04:02:00+00:00,33,1,42218,54.065,54.12,54.065,54.11,65,SIZ5
2025-11-13 04:03:00+00:00,33,1,42218,54.105,54.12,54.09,54.12,50,SIZ5
2025-11-13 04:04:00+00:00,33,1,42218,54.13,54.16,54.12,54.15,59,SIZ5
2025-11-13 04:05:00+00:00,33,1,42218,54.15,54.205,54.15,54.195,45,SIZ5
2025-11-13 04:06:00+00:00,33,1,42218,54.19,54.275,54.19,54.265,184,SIZ5
2025-11-13 04:07:00+00:00,33,1,42218,54.27,54.415,54.25,54.375,483,SIZ5
2025-11-13 04:08:00+00:00,33,1,42218,54.37,54.375,54.285,54.31,153,SIZ5
2025-11-13 04:09:00+00:00,33,1,42218,54.305,54.315,54.25,54.27,95,SIZ5
2025-11-13 04:10:00+00:00,33,1,42218,54.27,54.28,54.24,54.25,51,SIZ5
2025-11-13 04:11:00+00:00,33,1,42218,54.26,54.275,54.235,54.24,35,SIZ5
2025-11-13 04:12:00+00:00,33,1,42218,54.235,54.24,54.175,54.2,113,SIZ5
2025-11-13 04:13:00+00:00,33,1,42218,54.2,54.25,54.2,54.25,83,SIZ5
2025-11-13 04:14:00+00:00,33,1,42218,54.25,54.285,54.24,54.285,44,SIZ5
2025-11-13 04:15:00+00:00,33,1,42218,54.285,54.285,54.22,54.225,53,SIZ5
2025-11-13 04:16:00+00:00,33,1,42218,54.22,54.245,54.205,54.24,62,SIZ5
2025-11-13 04:17:00+00:00,33,1,42218,54.24,54.24,54.19,54.19,65,SIZ5
2025-11-13 04:18:00+00:00,33,1,42218,54.19,54.195,54.12,54.16,181,SIZ5
2025-11-13 04:19:00+00:00,33,1,42218,54.17,54.2,54.17,54.18,28,SIZ5
2025-11-13 04:20:00+00:00,33,1,42218,54.18,54.2,54.155,54.195,44,SIZ5
2025-11-13 04:21:00+00:00,33,1,42218,54.185,54.19,54.145,54.18,84,SIZ5
2025-11-13 04:22:00+00:00,33,1,42218,54.185,54.19,54.16,54.16,16,SIZ5
2025-11-13 04:23:00+00:00,33,1,42218,54.145,54.145,54.125,54.125,25,SIZ5
2025-11-13 04:24:00+00:00,33,1,42218,54.13,54.15,54.13,54.15,21,SIZ5
2025-11-13 04:25:00+00:00,33,1,42218,54.13,54.145,54.13,54.145,15,SIZ5
2025-11-13 04:26:00+00:00,33,1,42218,54.13,54.13,54.085,54.09,66,SIZ5
2025-11-13 04:27:00+00:00,33,1,42218,54.09,54.09,54.06,54.07,93,SIZ5
2025-11-13 04:28:00+00:00,33,1,42218,54.075,54.095,54.065,54.085,27,SIZ5
2025-11-13 04:29:00+00:00,33,1,42218,54.095,54.14,54.095,54.14,33,SIZ5
2025-11-13 04:30:00+00:00,33,1,42218,54.135,54.165,54.125,54.165,69,SIZ5
2025-11-13 04:31:00+00:00,33,1,42218,54.165,54.17,54.15,54.15,42,SIZ5
2025-11-13 04:32:00+00:00,33,1,42218,54.145,54.145,54.12,54.12,41,SIZ5
2025-11-13 04:33:00+00:00,33,1,42218,54.105,54.12,54.07,54.07,19,SIZ5
2025-11-13 04:34:00+00:00,33,1,42218,54.075,54.12,54.075,54.11,28,SIZ5
2025-11-13 04:35:00+00:00,33,1,42218,54.115,54.125,54.11,54.115,14,SIZ5
2025-11-13 04:36:00+00:00,33,1,42218,54.11,54.15,54.105,54.115,22,SIZ5
2025-11-13 04:37:00+00:00,33,1,42218,54.125,54.135,54.06,54.085,56,SIZ5
2025-11-13 04:38:00+00:00,33,1,42218,54.075,54.08,53.94,53.97,243,SIZ5
2025-11-13 04:39:00+00:00,33,1,42218,53.97,54.035,53.97,54.03,75,SIZ5
2025-11-13 04:40:00+00:00,33,1,42218,54.035,54.035,53.96,53.98,47,SIZ5
2025-11-13 04:41:00+00:00,33,1,42218,53.97,54.0,53.965,53.985,52,SIZ5
2025-11-13 04:42:00+00:00,33,1,42218,54.0,54.03,53.9,53.92,208,SIZ5
2025-11-13 04:43:00+00:00,33,1,42218,53.91,53.94,53.86,53.865,88,SIZ5
2025-11-13 04:44:00+00:00,33,1,42218,53.87,53.98,53.87,53.97,48,SIZ5
2025-11-13 04:45:00+00:00,33,1,42218,53.985,54.005,53.955,53.995,26,SIZ5
2025-11-13 04:46:00+00:00,33,1,42218,53.995,53.995,53.935,53.945,30,SIZ5
2025-11-13 04:47:00+00:00,33,1,42218,53.945,53.955,53.925,53.95,22,SIZ5
2025-11-13 04:48:00+00:00,33,1,42218,53.94,53.94,53.9,53.9,24,SIZ5
2025-11-13 04:49:00+00:00,33,1,42218,53.915,53.93,53.9,53.925,30,SIZ5
2025-11-13 04:50:00+00:00,33,1,42218,53.92,53.955,53.91,53.945,34,SIZ5
2025-11-13 04:51:00+00:00,33,1,42218,53.935,53.955,53.935,53.95,13,SIZ5
2025-11-13 04:52:00+00:00,33,1,42218,53.94,53.945,53.92,53.945,12,SIZ5
2025-11-13 04:53:00+00:00,33,1,42218,53.965,54.01,53.965,53.98,60,SIZ5
2025-11-13 04:54:00+00:00,33,1,42218,53.985,53.985,53.955,53.955,15,SIZ5
2025-11-13 04:55:00+00:00,33,1,42218,53.96,53.985,53.96,53.985,12,SIZ5
2025-11-13 04:56:00+00:00,33,1,42218,53.985,53.995,53.96,53.99,18,SIZ5
2025-11-13 04:57:00+00:00,33,1,42218,53.995,54.01,53.99,54.0,23,SIZ5
2025-11-13 04:58:00+00:00,33,1,42218,54.01,54.11,53.995,54.09,155,SIZ5
2025-11-13 04:59:00+00:00,33,1,42218,54.085,54.1,54.055,54.055,84,SIZ5
2025-11-13 05:00:00+00:00,33,1,42218,54.06,54.09,54.01,54.015,40,SIZ5
2025-11-13 05:01:00+00:00,33,1,42218,54.015,54.03,54.015,54.015,20,SIZ5
2025-11-13 05:02:00+00:00,33,1,42218,54.02,54.085,54.02,54.07,55,SIZ5
2025-11-13 05:03:00+00:00,33,1,42218,54.065,54.105,54.065,54.09,35,SIZ5
2025-11-13 05:04:00+00:00,33,1,42218,54.095,54.1,54.045,54.045,18,SIZ5
2025-11-13 05:05:00+00:00,33,1,42218,54.05,54.09,54.05,54.09,16,SIZ5
2025-11-13 05:06:00+00:00,33,1,42218,54.095,54.185,54.095,54.185,43,SIZ5
2025-11-13 05:07:00+00:00,33,1,42218,54.18,54.2,54.175,54.2,61,SIZ5
2025-11-13 05:08:00+00:00,33,1,42218,54.19,54.27,54.175,54.27,91,SIZ5
2025-11-13 05:09:00+00:00,33,1,42218,54.28,54.315,54.225,54.27,268,SIZ5
2025-11-13 05:10:00+00:00,33,1,42218,54.28,54.33,54.27,54.315,244,SIZ5
2025-11-13 05:11:00+00:00,33,1,42218,54.31,54.32,54.265,54.27,45,SIZ5
2025-11-13 05:12:00+00:00,33,1,42218,54.265,54.265,54.17,54.255,165,SIZ5
2025-11-13 05:13:00+00:00,33,1,42218,54.265,54.27,54.22,54.25,165,SIZ5
2025-11-13 05:14:00+00:00,33,1,42218,54.245,54.36,54.235,54.335,261,SIZ5
2025-11-13 05:15:00+00:00,33,1,42218,54.35,54.35,54.3,54.345,60,SIZ5
2025-11-13 05:16:00+00:00,33,1,42218,54.34,54.34,54.29,54.295,28,SIZ5
2025-11-13 05:17:00+00:00,33,1,42218,54.295,54.31,54.28,54.29,41,SIZ5
2025-11-13 05:18:00+00:00,33,1,42218,54.28,54.3,54.245,54.26,80,SIZ5
2025-11-13 05:19:00+00:00,33,1,42218,54.275,54.285,54.255,54.27,21,SIZ5
2025-11-13 05:20:00+00:00,33,1,42218,54.265,54.28,54.24,54.24,33,SIZ5
2025-11-13 05:21:00+00:00,33,1,42218,54.235,54.265,54.21,54.245,66,SIZ5
2025-11-13 05:22:00+00:00,33,1,42218,54.24,54.24,54.21,54.23,25,SIZ5
2025-11-13 05:23:00+00:00,33,1,42218,54.25,54.26,54.245,54.245,18,SIZ5
2025-11-13 05:24:00+00:00,33,1,42218,54.25,54.255,54.2,54.21,37,SIZ5
2025-11-13 05:25:00+00:00,33,1,42218,54.2,54.225,54.175,54.21,62,SIZ5
2025-11-13 05:26:00+00:00,33,1,42218,54.215,54.245,54.21,54.22,62,SIZ5
2025-11-13 05:27:00+00:00,33,1,42218,54.21,54.245,54.205,54.235,34,SIZ5
2025-11-13 05:28:00+00:00,33,1,42218,54.24,54.24,54.175,54.19,79,SIZ5
2025-11-13 05:29:00+00:00,33,1,42218,54.185,54.185,54.175,54.185,39,SIZ5
2025-11-13 05:30:00+00:00,33,1,42218,54.185,54.19,54.09,54.165,388,SIZ5
2025-11-13 05:31:00+00:00,33,1,42218,54.19,54.24,54.17,54.23,125,SIZ5
2025-11-13 05:32:00+00:00,33,1,42218,54.215,54.25,54.205,54.23,61,SIZ5
2025-11-13 05:33:00+00:00,33,1,42218,54.25,54.25,54.18,54.21,58,SIZ5
2025-11-13 05:34:00+00:00,33,1,42218,54.25,54.255,54.195,54.225,36,SIZ5
2025-11-13 05:35:00+00:00,33,1,42218,54.245,54.245,54.21,54.22,22,SIZ5
2025-11-13 05:36:00+00:00,33,1,42218,54.22,54.235,54.185,54.22,20,SIZ5
2025-11-13 05:37:00+00:00,33,1,42218,54.185,54.22,54.15,54.215,32,SIZ5
2025-11-13 05:38:00+00:00,33,1,42218,54.22,54.245,54.215,54.23,43,SIZ5
2025-11-13 05:39:00+00:00,33,1,42218,54.23,54.275,54.23,54.26,38,SIZ5
2025-11-13 05:40:00+00:00,33,1,42218,54.26,54.285,54.235,54.235,26,SIZ5
2025-11-13 05:41:00+00:00,33,1,42218,54.25,54.315,54.23,54.275,87,SIZ5
2025-11-13 05:42:00+00:00,33,1,42218,54.285,54.315,54.28,54.28,29,SIZ5
2025-11-13 05:43:00+00:00,33,1,42218,54.285,54.325,54.28,54.31,17,SIZ5
2025-11-13 05:44:00+00:00,33,1,42218,54.28,54.28,54.245,54.26,24,SIZ5
2025-11-13 05:45:00+00:00,33,1,42218,54.24,54.25,54.215,54.215,27,SIZ5
2025-11-13 05:46:00+00:00,33,1,42218,54.225,54.23,54.16,54.16,35,SIZ5
2025-11-13 05:47:00+00:00,33,1,42218,54.165,54.215,54.165,54.2,61,SIZ5
2025-11-13 05:48:00+00:00,33,1,42218,54.2,54.205,54.175,54.175,20,SIZ5
2025-11-13 05:49:00+00:00,33,1,42218,54.17,54.17,54.055,54.07,126,SIZ5
2025-11-13 05:50:00+00:00,33,1,42218,54.08,54.105,54.06,54.1,76,SIZ5
2025-11-13 05:51:00+00:00,33,1,42218,54.11,54.11,53.945,53.95,137,SIZ5
2025-11-13 05:52:00+00:00,33,1,42218,53.94,54.01,53.91,54.01,125,SIZ5
2025-11-13 05:53:00+00:00,33,1,42218,54.02,54.055,54.0,54.025,70,SIZ5
2025-11-13 05:54:00+00:00,33,1,42218,54.03,54.1,54.03,54.07,35,SIZ5
2025-11-13 05:55:00+00:00,33,1,42218,54.055,54.06,54.03,54.06,29,SIZ5
2025-11-13 05:56:00+00:00,33,1,42218,54.06,54.06,54.02,54.02,38,SIZ5
2025-11-13 05:57:00+00:00,33,1,42218,54.035,54.06,54.01,54.02,19,SIZ5
2025-11-13 05:58:00+00:00,33,1,42218,54.015,54.015,53.945,53.985,61,SIZ5
2025-11-13 05:59:00+00:00,33,1,42218,53.985,54.025,53.97,54.02,35,SIZ5
2025-11-13 06:00:00+00:00,33,1,42218,54.0,54.0,53.955,53.96,36,SIZ5
2025-11-13 06:01:00+00:00,33,1,42218,53.96,53.97,53.91,53.915,66,SIZ5
2025-11-13 06:02:00+00:00,33,1,42218,53.915,53.99,53.915,53.99,50,SIZ5
2025-11-13 06:03:00+00:00,33,1,42218,54.0,54.0,53.91,53.935,78,SIZ5
2025-11-13 06:04:00+00:00,33,1,42218,53.92,53.945,53.91,53.935,46,SIZ5
2025-11-13 06:05:00+00:00,33,1,42218,53.935,54.015,53.935,54.015,87,SIZ5
2025-11-13 06:06:00+00:00,33,1,42218,54.01,54.01,53.97,53.975,19,SIZ5
2025-11-13 06:07:00+00:00,33,1,42218,53.98,53.985,53.97,53.975,16,SIZ5
2025-11-13 06:08:00+00:00,33,1,42218,53.98,54.015,53.98,54.005,15,SIZ5
2025-11-13 06:09:00+00:00,33,1,42218,54.015,54.06,54.015,54.02,77,SIZ5
2025-11-13 06:10:00+00:00,33,1,42218,54.025,54.025,54.005,54.025,21,SIZ5
2025-11-13 06:11:00+00:00,33,1,42218,54.015,54.02,53.965,53.965,16,SIZ5
2025-11-13 06:12:00+00:00,33,1,42218,53.97,54.0,53.97,53.985,22,SIZ5
2025-11-13 06:13:00+00:00,33,1,42218,53.985,53.985,53.925,53.94,43,SIZ5
2025-11-13 06:14:00+00:00,33,1,42218,53.94,53.96,53.915,53.92,30,SIZ5
2025-11-13 06:15:00+00:00,33,1,42218,53.91,53.935,53.905,53.925,57,SIZ5
2025-11-13 06:16:00+00:00,33,1,42218,53.91,53.92,53.87,53.92,59,SIZ5
2025-11-13 06:17:00+00:00,33,1,42218,53.92,53.96,53.91,53.935,86,SIZ5
2025-11-13 06:18:00+00:00,33,1,42218,53.94,53.94,53.93,53.935,7,SIZ5
2025-11-13 06:19:00+00:00,33,1,42218,53.94,53.975,53.94,53.975,32,SIZ5
2025-11-13 06:20:00+00:00,33,1,42218,53.965,54.01,53.965,54.01,31,SIZ5
2025-11-13 06:21:00+00:00,33,1,42218,54.005,54.01,53.975,53.99,19,SIZ5
2025-11-13 06:22:00+00:00,33,1,42218,54.005,54.02,53.975,53.98,30,SIZ5
2025-11-13 06:23:00+00:00,33,1,42218,53.97,53.985,53.96,53.985,24,SIZ5
2025-11-13 06:24:00+00:00,33,1,42218,53.98,54.03,53.98,54.01,86,SIZ5
2025-11-13 06:25:00+00:00,33,1,42218,54.01,54.05,54.01,54.05,20,SIZ5
2025-11-13 06:26:00+00:00,33,1,42218,54.06,54.08,54.045,54.07,49,SIZ5
2025-11-13 06:27:00+00:00,33,1,42218,54.075,54.105,54.05,54.095,38,SIZ5
2025-11-13 06:28:00+00:00,33,1,42218,54.095,54.11,54.08,54.09,38,SIZ5
2025-11-13 06:29:00+00:00,33,1,42218,54.08,54.085,54.06,54.065,25,SIZ5
2025-11-13 06:30:00+00:00,33,1,42218,54.05,54.07,54.035,54.035,25,SIZ5
2025-11-13 06:31:00+00:00,33,1,42218,54.045,54.065,54.025,54.065,31,SIZ5
2025-11-13 06:32:00+00:00,33,1,42218,54.07,54.09,54.06,54.06,25,SIZ5
2025-11-13 06:33:00+00:00,33,1,42218,54.06,54.105,54.055,54.09,23,SIZ5
2025-11-13 06:34:00+00:00,33,1,42218,54.095,54.105,54.09,54.095,19,SIZ5
2025-11-13 06:35:00+00:00,33,1,42218,54.08,54.115,54.075,54.115,28,SIZ5
2025-11-13 06:36:00+00:00,33,1,42218,54.105,54.12,54.09,54.12,23,SIZ5
2025-11-13 06:37:00+00:00,33,1,42218,54.12,54.12,54.055,54.065,35,SIZ5
2025-11-13 06:38:00+00:00,33,1,42218,54.05,54.055,54.04,54.05,15,SIZ5
2025-11-13 06:39:00+00:00,33,1,42218,54.055,54.095,54.035,54.04,64,SIZ5
2025-11-13 06:40:00+00:00,33,1,42218,54.045,54.045,54.015,54.045,26,SIZ5
2025-11-13 06:41:00+00:00,33,1,42218,54.05,54.06,54.045,54.055,17,SIZ5
2025-11-13 06:42:00+00:00,33,1,42218,54.065,54.065,54.03,54.03,13,SIZ5
2025-11-13 06:43:00+00:00,33,1,42218,54.035,54.065,54.035,54.05,19,SIZ5
2025-11-13 06:44:00+00:00,33,1,42218,54.055,54.075,54.04,54.045,40,SIZ5
2025-11-13 06:45:00+00:00,33,1,42218,54.045,54.05,54.03,54.035,19,SIZ5
2025-11-13 06:46:00+00:00,33,1,42218,54.035,54.04,54.025,54.025,9,SIZ5
2025-11-13 06:47:00+00:00,33,1,42218,54.025,54.055,54.025,54.055,11,SIZ5
2025-11-13 06:48:00+00:00,33,1,42218,54.045,54.045,54.025,54.045,11,SIZ5
2025-11-13 06:49:00+00:00,33,1,42218,54.025,54.04,54.005,54.025,38,SIZ5
2025-11-13 06:50:00+00:00,33,1,42218,54.025,54.065,54.02,54.045,41,SIZ5
2025-11-13 06:51:00+00:00,33,1,42218,54.05,54.08,54.045,54.075,31,SIZ5
2025-11-13 06:52:00+00:00,33,1,42218,54.08,54.125,54.075,54.11,41,SIZ5
2025-11-13 06:53:00+00:00,33,1,42218,54.115,54.135,54.11,54.12,40,SIZ5
2025-11-13 06:54:00+00:00,33,1,42218,54.125,54.15,54.12,54.13,60,SIZ5
2025-11-13 06:55:00+00:00,33,1,42218,54.14,54.165,54.125,54.145,121,SIZ5
2025-11-13 06:56:00+00:00,33,1,42218,54.14,54.15,54.13,54.145,26,SIZ5
2025-11-13 06:57:00+00:00,33,1,42218,54.14,54.155,54.14,54.145,52,SIZ5
2025-11-13 06:58:00+00:00,33,1,42218,54.145,54.15,54.12,54.12,16,SIZ5
2025-11-13 06:59:00+00:00,33,1,42218,54.125,54.125,54.105,54.11,17,SIZ5
2025-11-13 07:00:00+00:00,33,1,42218,54.11,54.11,54.08,54.09,49,SIZ5
2025-11-13 07:01:00+00:00,33,1,42218,54.09,54.1,54.06,54.07,27,SIZ5
2025-11-13 07:02:00+00:00,33,1,42218,54.08,54.105,54.07,54.075,22,SIZ5
2025-11-13 07:03:00+00:00,33,1,42218,54.07,54.085,54.035,54.035,42,SIZ5
2025-11-13 07:04:00+00:00,33,1,42218,54.04,54.04,53.975,53.98,62,SIZ5
2025-11-13 07:05:00+00:00,33,1,42218,53.975,53.98,53.92,53.98,90,SIZ5
2025-11-13 07:06:00+00:00,33,1,42218,53.975,53.995,53.935,53.94,51,SIZ5
2025-11-13 07:07:00+00:00,33,1,42218,53.94,53.975,53.935,53.97,98,SIZ5
2025-11-13 07:08:00+00:00,33,1,42218,53.97,54.005,53.965,53.985,56,SIZ5
2025-11-13 07:09:00+00:00,33,1,42218,53.97,53.99,53.96,53.99,40,SIZ5
2025-11-13 07:10:00+00:00,33,1,42218,53.99,54.005,53.965,53.995,67,SIZ5
2025-11-13 07:11:00+00:00,33,1,42218,53.98,54.015,53.98,54.015,29,SIZ5
2025-11-13 07:12:00+00:00,33,1,42218,54.015,54.03,54.005,54.015,26,SIZ5
2025-11-13 07:13:00+00:00,33,1,42218,54.0,54.035,53.995,54.03,36,SIZ5
2025-11-13 07:14:00+00:00,33,1,42218,54.03,54.05,54.03,54.045,7,SIZ5
2025-11-13 07:15:00+00:00,33,1,42218,54.055,54.07,54.05,54.07,24,SIZ5
2025-11-13 07:16:00+00:00,33,1,42218,54.065,54.09,54.065,54.085,17,SIZ5
2025-11-13 07:17:00+00:00,33,1,42218,54.1,54.15,54.095,54.145,56,SIZ5
2025-11-13 07:18:00+00:00,33,1,42218,54.15,54.15,54.12,54.13,36,SIZ5
2025-11-13 07:19:00+00:00,33,1,42218,54.13,54.14,54.105,54.105,23,SIZ5
2025-11-13 07:20:00+00:00,33,1,42218,54.1,54.115,54.085,54.1,31,SIZ5
2025-11-13 07:21:00+00:00,33,1,42218,54.095,54.13,54.09,54.12,146,SIZ5
2025-11-13 07:22:00+00:00,33,1,42218,54.125,54.145,54.115,54.145,88,SIZ5
2025-11-13 07:23:00+00:00,33,1,42218,54.145,54.16,54.145,54.155,16,SIZ5
2025-11-13 07:24:00+00:00,33,1,42218,54.16,54.185,54.14,54.175,32,SIZ5
2025-11-13 07:25:00+00:00,33,1,42218,54.165,54.2,54.155,54.185,63,SIZ5
2025-11-13 07:26:00+00:00,33,1,42218,54.185,54.225,54.185,54.195,88,SIZ5
2025-11-13 07:27:00+00:00,33,1,42218,54.195,54.2,54.14,54.155,129,SIZ5
2025-11-13 07:28:00+00:00,33,1,42218,54.165,54.18,54.155,54.16,19,SIZ5
2025-11-13 07:29:00+00:00,33,1,42218,54.15,54.19,54.15,54.165,32,SIZ5
2025-11-13 07:30:00+00:00,33,1,42218,54.17,54.185,54.165,54.18,50,SIZ5
2025-11-13 07:31:00+00:00,33,1,42218,54.18,54.22,54.18,54.205,81,SIZ5
2025-11-13 07:32:00+00:00,33,1,42218,54.215,54.225,54.195,54.205,43,SIZ5
2025-11-13 07:33:00+00:00,33,1,42218,54.19,54.19,54.13,54.13,38,SIZ5
2025-11-13 07:34:00+00:00,33,1,42218,54.12,54.13,54.105,54.115,18,SIZ5
2025-11-13 07:35:00+00:00,33,1,42218,54.11,54.11,54.075,54.075,31,SIZ5
2025-11-13 07:36:00+00:00,33,1,42218,54.07,54.07,54.005,54.015,100,SIZ5
2025-11-13 07:37:00+00:00,33,1,42218,54.01,54.02,54.005,54.02,31,SIZ5
2025-11-13 07:38:00+00:00,33,1,42218,54.025,54.035,54.005,54.03,27,SIZ5
2025-11-13 07:39:00+00:00,33,1,42218,54.015,54.06,54.0,54.045,85,SIZ5
2025-11-13 07:40:00+00:00,33,1,42218,54.05,54.085,54.05,54.06,33,SIZ5
2025-11-13 07:41:00+00:00,33,1,42218,54.06,54.075,54.035,54.05,50,SIZ5
2025-11-13 07:42:00+00:00,33,1,42218,54.05,54.09,54.05,54.07,74,SIZ5
2025-11-13 07:43:00+00:00,33,1,42218,54.075,54.08,54.05,54.06,20,SIZ5
2025-11-13 07:44:00+00:00,33,1,42218,54.05,54.05,54.03,54.045,12,SIZ5
2025-11-13 07:45:00+00:00,33,1,42218,54.04,54.06,54.04,54.055,10,SIZ5
2025-11-13 07:46:00+00:00,33,1,42218,54.06,54.075,54.05,54.06,35,SIZ5
2025-11-13 07:47:00+00:00,33,1,42218,54.065,54.065,54.04,54.045,21,SIZ5
2025-11-13 07:48:00+00:00,33,1,42218,54.04,54.04,54.005,54.02,32,SIZ5
2025-11-13 07:49:00+00:00,33,1,42218,54.015,54.02,53.955,53.96,70,SIZ5
2025-11-13 07:50:00+00:00,33,1,42218,53.96,53.97,53.925,53.97,63,SIZ5
2025-11-13 07:51:00+00:00,33,1,42218,53.975,54.01,53.975,54.0,50,SIZ5
2025-11-13 07:52:00+00:00,33,1,42218,54.0,54.06,54.0,54.03,100,SIZ5
2025-11-13 07:53:00+00:00,33,1,42218,54.035,54.055,54.02,54.05,58,SIZ5
2025-11-13 07:54:00+00:00,33,1,42218,54.045,54.055,54.03,54.05,44,SIZ5
2025-11-13 07:55:00+00:00,33,1,42218,54.045,54.05,54.03,54.05,37,SIZ5
2025-11-13 07:56:00+00:00,33,1,42218,54.055,54.075,54.055,54.075,8,SIZ5
2025-11-13 07:57:00+00:00,33,1,42218,54.08,54.1,54.04,54.04,66,SIZ5
2025-11-13 07:58:00+00:00,33,1,42218,54.04,54.07,54.04,54.07,32,SIZ5
2025-11-13 07:59:00+00:00,33,1,42218,54.065,54.09,54.065,54.08,41,SIZ5
2025-11-13 08:00:00+00:00,33,1,42218,54.07,54.075,54.035,54.065,59,SIZ5
2025-11-13 08:01:00+00:00,33,1,42218,54.075,54.095,54.055,54.075,53,SIZ5
2025-11-13 08:02:00+00:00,33,1,42218,54.065,54.125,54.065,54.125,70,SIZ5
2025-11-13 08:03:00+00:00,33,1,42218,54.125,54.18,54.125,54.17,96,SIZ5
2025-11-13 08:04:00+00:00,33,1,42218,54.17,54.17,54.13,54.13,25,SIZ5
2025-11-13 08:05:00+00:00,33,1,42218,54.11,54.14,54.065,54.135,46,SIZ5
2025-11-13 08:06:00+00:00,33,1,42218,54.14,54.22,54.14,54.205,119,SIZ5
2025-11-13 08:07:00+00:00,33,1,42218,54.215,54.245,54.19,54.19,123,SIZ5
2025-11-13 08:08:00+00:00,33,1,42218,54.185,54.19,54.15,54.175,51,SIZ5
2025-11-13 08:09:00+00:00,33,1,42218,54.175,54.195,54.175,54.18,27,SIZ5
2025-11-13 08:10:00+00:00,33,1,42218,54.185,54.21,54.185,54.2,41,SIZ5
2025-11-13 08:11:00+00:00,33,1,42218,54.205,54.205,54.155,54.185,36,SIZ5
2025-11-13 08:12:00+00:00,33,1,42218,54.19,54.21,54.17,54.21,76,SIZ5
2025-11-13 08:13:00+00:00,33,1,42218,54.21,54.21,54.195,54.205,16,SIZ5
2025-11-13 08:14:00+00:00,33,1,42218,54.215,54.255,54.215,54.24,105,SIZ5
2025-11-13 08:15:00+00:00,33,1,42218,54.245,54.285,54.24,54.255,98,SIZ5
2025-11-13 08:16:00+00:00,33,1,42218,54.25,54.27,54.23,54.26,84,SIZ5
2025-11-13 08:17:00+00:00,33,1,42218,54.26,54.26,54.225,54.255,56,SIZ5
2025-11-13 08:18:00+00:00,33,1,42218,54.25,54.265,54.23,54.235,168,SIZ5
2025-11-13 08:19:00+00:00,33,1,42218,54.24,54.285,54.24,54.25,135,SIZ5
2025-11-13 08:20:00+00:00,33,1,42218,54.255,54.26,54.225,54.25,51,SIZ5
2025-11-13 08:21:00+00:00,33,1,42218,54.22,54.265,54.205,54.23,143,SIZ5
2025-11-13 08:22:00+00:00,33,1,42218,54.24,54.315,54.24,54.295,96,SIZ5
2025-11-13 08:23:00+00:00,33,1,42218,54.305,54.32,54.27,54.305,91,SIZ5
2025-11-13 08:24:00+00:00,33,1,42218,54.315,54.375,54.31,54.365,179,SIZ5
2025-11-13 08:25:00+00:00,33,1,42218,54.37,54.37,54.32,54.32,133,SIZ5
2025-11-13 08:26:00+00:00,33,1,42218,54.32,54.34,54.3,54.325,76,SIZ5
2025-11-13 08:27:00+00:00,33,1,42218,54.33,54.345,54.28,54.295,66,SIZ5
2025-11-13 08:28:00+00:00,33,1,42218,54.29,54.3,54.265,54.285,62,SIZ5
2025-11-13 08:29:00+00:00,33,1,42218,54.29,54.325,54.275,54.3,52,SIZ5
2025-11-13 08:30:00+00:00,33,1,42218,54.31,54.35,54.3,54.34,60,SIZ5
2025-11-13 08:31:00+00:00,33,1,42218,54.35,54.36,54.34,54.36,40,SIZ5
2025-11-13 08:32:00+00:00,33,1,42218,54.36,54.37,54.295,54.295,70,SIZ5
2025-11-13 08:33:00+00:00,33,1,42218,54.305,54.345,54.29,54.335,59,SIZ5
2025-11-13 08:34:00+00:00,33,1,42218,54.33,54.34,54.31,54.34,47,SIZ5
2025-11-13 08:35:00+00:00,33,1,42218,54.335,54.355,54.32,54.32,64,SIZ5
2025-11-13 08:36:00+00:00,33,1,42218,54.325,54.35,54.315,54.345,43,SIZ5
2025-11-13 08:37:00+00:00,33,1,42218,54.33,54.35,54.305,54.315,27,SIZ5
2025-11-13 08:38:00+00:00,33,1,42218,54.325,54.335,54.265,54.275,174,SIZ5
2025-11-13 08:39:00+00:00,33,1,42218,54.28,54.285,54.235,54.245,65,SIZ5
2025-11-13 08:40:00+00:00,33,1,42218,54.24,54.275,54.23,54.275,49,SIZ5
2025-11-13 08:41:00+00:00,33,1,42218,54.28,54.3,54.265,54.3,47,SIZ5
2025-11-13 08:42:00+00:00,33,1,42218,54.29,54.305,54.285,54.305,41,SIZ5
2025-11-13 08:43:00+00:00,33,1,42218,54.29,54.29,54.27,54.285,15,SIZ5
2025-11-13 08:44:00+00:00,33,1,42218,54.27,54.285,54.26,54.275,42,SIZ5
2025-11-13 08:45:00+00:00,33,1,42218,54.28,54.28,54.26,54.275,17,SIZ5
2025-11-13 08:46:00+00:00,33,1,42218,54.28,54.28,54.22,54.22,31,SIZ5
2025-11-13 08:47:00+00:00,33,1,42218,54.22,54.235,54.21,54.21,37,SIZ5
2025-11-13 08:48:00+00:00,33,1,42218,54.21,54.26,54.205,54.255,57,SIZ5
2025-11-13 08:49:00+00:00,33,1,42218,54.245,54.25,54.2,54.21,86,SIZ5
2025-11-13 08:50:00+00:00,33,1,42218,54.21,54.22,54.19,54.215,99,SIZ5
2025-11-13 08:51:00+00:00,33,1,42218,54.22,54.275,54.22,54.25,47,SIZ5
2025-11-13 08:52:00+00:00,33,1,42218,54.25,54.26,54.23,54.245,42,SIZ5
2025-11-13 08:53:00+00:00,33,1,42218,54.23,54.255,54.215,54.225,62,SIZ5
2025-11-13 08:54:00+00:00,33,1,42218,54.225,54.255,54.2,54.2,22,SIZ5
2025-11-13 08:55:00+00:00,33,1,42218,54.195,54.22,54.195,54.21,35,SIZ5
2025-11-13 08:56:00+00:00,33,1,42218,54.205,54.215,54.19,54.215,29,SIZ5
2025-11-13 08:57:00+00:00,33,1,42218,54.21,54.21,54.18,54.18,37,SIZ5
2025-11-13 08:58:00+00:00,33,1,42218,54.175,54.21,54.135,54.2,150,SIZ5
2025-11-13 08:59:00+00:00,33,1,42218,54.2,54.205,54.185,54.185,10,SIZ5
2025-11-13 09:00:00+00:00,33,1,42218,54.185,54.195,54.13,54.195,64,SIZ5
2025-11-13 09:01:00+00:00,33,1,42218,54.185,54.205,54.165,54.2,32,SIZ5
2025-11-13 09:02:00+00:00,33,1,42218,54.2,54.205,54.15,54.15,47,SIZ5
2025-11-13 09:03:00+00:00,33,1,42218,54.16,54.175,54.15,54.155,85,SIZ5
2025-11-13 09:04:00+00:00,33,1,42218,54.16,54.17,54.125,54.16,33,SIZ5
2025-11-13 09:05:00+00:00,33,1,42218,54.16,54.2,54.16,54.195,33,SIZ5
2025-11-13 09:06:00+00:00,33,1,42218,54.2,54.225,54.195,54.205,53,SIZ5
2025-11-13 09:07:00+00:00,33,1,42218,54.205,54.22,54.195,54.195,33,SIZ5
2025-11-13 09:08:00+00:00,33,1,42218,54.19,54.23,54.19,54.23,43,SIZ5
2025-11-13 09:09:00+00:00,33,1,42218,54.235,54.235,54.21,54.22,52,SIZ5
2025-11-13 09:10:00+00:00,33,1,42218,54.225,54.23,54.165,54.175,57,SIZ5
2025-11-13 09:11:00+00:00,33,1,42218,54.16,54.185,54.16,54.165,38,SIZ5
2025-11-13 09:12:00+00:00,33,1,42218,54.16,54.18,54.16,54.18,33,SIZ5
2025-11-13 09:13:00+00:00,33,1,42218,54.195,54.21,54.195,54.2,18,SIZ5
2025-11-13 09:14:00+00:00,33,1,42218,54.195,54.2,54.185,54.19,20,SIZ5
2025-11-13 09:15:00+00:00,33,1,42218,54.175,54.185,54.16,54.16,25,SIZ5
2025-11-13 09:16:00+00:00,33,1,42218,54.17,54.185,54.155,54.18,39,SIZ5
2025-11-13 09:17:00+00:00,33,1,42218,54.175,54.19,54.175,54.19,17,SIZ5
2025-11-13 09:18:00+00:00,33,1,42218,54.21,54.26,54.21,54.255,62,SIZ5
2025-11-13 09:19:00+00:00,33,1,42218,54.255,54.27,54.25,54.27,20,SIZ5
2025-11-13 09:20:00+00:00,33,1,42218,54.27,54.275,54.25,54.25,35,SIZ5
2025-11-13 09:21:00+00:00,33,1,42218,54.24,54.24,54.2,54.2,19,SIZ5
2025-11-13 09:22:00+00:00,33,1,42218,54.185,54.205,54.185,54.2,22,SIZ5
2025-11-13 09:23:00+00:00,33,1,42218,54.205,54.205,54.185,54.19,14,SIZ5
2025-11-13 09:24:00+00:00,33,1,42218,54.18,54.19,54.155,54.17,60,SIZ5
2025-11-13 09:25:00+00:00,33,1,42218,54.175,54.175,54.125,54.13,59,SIZ5
2025-11-13 09:26:00+00:00,33,1,42218,54.135,54.135,54.1,54.11,97,SIZ5
2025-11-13 09:27:00+00:00,33,1,42218,54.115,54.14,54.115,54.125,25,SIZ5
2025-11-13 09:28:00+00:00,33,1,42218,54.12,54.12,54.09,54.095,37,SIZ5
2025-11-13 09:29:00+00:00,33,1,42218,54.095,54.11,54.005,54.025,71,SIZ5
2025-11-13 09:30:00+00:00,33,1,42218,54.035,54.035,53.985,54.005,77,SIZ5
2025-11-13 09:31:00+00:00,33,1,42218,54.0,54.015,53.975,54.01,62,SIZ5
2025-11-13 09:32:00+00:00,33,1,42218,54.015,54.075,54.015,54.07,68,SIZ5
2025-11-13 09:33:00+00:00,33,1,42218,54.07,54.115,54.055,54.1,46,SIZ5
2025-11-13 09:34:00+00:00,33,1,42218,54.09,54.12,54.09,54.105,26,SIZ5
2025-11-13 09:35:00+00:00,33,1,42218,54.11,54.11,54.085,54.095,14,SIZ5
2025-11-13 09:36:00+00:00,33,1,42218,54.09,54.09,54.04,54.04,15,SIZ5
2025-11-13 09:37:00+00:00,33,1,42218,54.035,54.055,54.025,54.045,42,SIZ5
2025-11-13 09:38:00+00:00,33,1,42218,54.03,54.07,54.03,54.03,58,SIZ5
2025-11-13 09:39:00+00:00,33,1,42218,54.02,54.02,54.015,54.02,6,SIZ5
2025-11-13 09:40:00+00:00,33,1,42218,54.02,54.02,53.98,54.015,61,SIZ5
2025-11-13 09:41:00+00:00,33,1,42218,54.025,54.04,54.01,54.01,55,SIZ5
2025-11-13 09:42:00+00:00,33,1,42218,54.0,54.02,54.0,54.015,35,SIZ5
2025-11-13 09:43:00+00:00,33,1,42218,54.02,54.04,54.02,54.03,19,SIZ5
2025-11-13 09:44:00+00:00,33,1,42218,54.035,54.065,54.035,54.045,48,SIZ5
2025-11-13 09:45:00+00:00,33,1,42218,54.04,54.07,54.035,54.07,18,SIZ5
2025-11-13 09:46:00+00:00,33,1,42218,54.09,54.1,54.035,54.06,92,SIZ5
2025-11-13 09:47:00+00:00,33,1,42218,54.06,54.075,54.045,54.045,56,SIZ5
2025-11-13 09:48:00+00:00,33,1,42218,54.05,54.09,54.045,54.09,9,SIZ5
2025-11-13 09:49:00+00:00,33,1,42218,54.09,54.09,54.075,54.09,17,SIZ5
2025-11-13 09:50:00+00:00,33,1,42218,54.085,54.095,54.085,54.09,16,SIZ5
2025-11-13 09:51:00+00:00,33,1,42218,54.08,54.08,54.06,54.07,20,SIZ5
2025-11-13 09:52:00+00:00,33,1,42218,54.08,54.095,54.075,54.08,18,SIZ5
2025-11-13 09:53:00+00:00,33,1,42218,54.065,54.07,54.055,54.065,20,SIZ5
2025-11-13 09:54:00+00:00,33,1,42218,54.075,54.08,54.065,54.075,16,SIZ5
2025-11-13 09:55:00+00:00,33,1,42218,54.07,54.07,54.025,54.03,23,SIZ5
2025-11-13 09:56:00+00:00,33,1,42218,54.04,54.04,54.03,54.03,7,SIZ5
2025-11-13 09:57:00+00:00,33,1,42218,54.03,54.05,54.03,54.05,8,SIZ5
2025-11-13 09:58:00+00:00,33,1,42218,54.035,54.035,54.025,54.035,8,SIZ5
2025-11-13 09:59:00+00:00,33,1,42218,54.045,54.06,54.045,54.05,13,SIZ5
2025-11-13 10:00:00+00:00,33,1,42218,54.05,54.085,54.05,54.08,23,SIZ5
2025-11-13 10:01:00+00:00,33,1,42218,54.075,54.1,54.065,54.065,34,SIZ5
2025-11-13 10:02:00+00:00,33,1,42218,54.075,54.095,54.075,54.085,12,SIZ5
2025-11-13 10:03:00+00:00,33,1,42218,54.08,54.09,54.075,54.09,14,SIZ5
2025-11-13 10:04:00+00:00,33,1,42218,54.08,54.125,54.08,54.12,41,SIZ5
2025-11-13 10:05:00+00:00,33,1,42218,54.125,54.15,54.105,54.14,59,SIZ5
2025-11-13 10:06:00+00:00,33,1,42218,54.145,54.145,54.115,54.12,34,SIZ5
2025-11-13 10:07:00+00:00,33,1,42218,54.12,54.125,54.1,54.11,8,SIZ5
2025-11-13 10:08:00+00:00,33,1,42218,54.105,54.105,54.105,54.105,4,SIZ5
2025-11-13 10:09:00+00:00,33,1,42218,54.105,54.14,54.1,54.14,27,SIZ5
2025-11-13 10:10:00+00:00,33,1,42218,54.14,54.155,54.115,54.115,91,SIZ5
2025-11-13 10:11:00+00:00,33,1,42218,54.11,54.11,54.09,54.09,21,SIZ5
2025-11-13 10:12:00+00:00,33,1,42218,54.08,54.08,54.055,54.055,37,SIZ5
2025-11-13 10:13:00+00:00,33,1,42218,54.065,54.07,54.045,54.065,29,SIZ5
2025-11-13 10:14:00+00:00,33,1,42218,54.065,54.07,54.0,54.0,135,SIZ5
2025-11-13 10:15:00+00:00,33,1,42218,54.0,54.045,53.985,54.03,42,SIZ5
2025-11-13 10:16:00+00:00,33,1,42218,54.015,54.05,54.015,54.05,41,SIZ5
2025-11-13 10:17:00+00:00,33,1,42218,54.055,54.08,54.055,54.08,10,SIZ5
2025-11-13 10:18:00+00:00,33,1,42218,54.085,54.09,54.055,54.055,30,SIZ5
2025-11-13 10:19:00+00:00,33,1,42218,54.065,54.07,54.05,54.06,26,SIZ5
2025-11-13 10:20:00+00:00,33,1,42218,54.06,54.085,54.06,54.075,17,SIZ5
2025-11-13 10:21:00+00:00,33,1,42218,54.075,54.1,54.075,54.08,28,SIZ5
2025-11-13 10:22:00+00:00,33,1,42218,54.07,54.07,54.01,54.04,161,SIZ5
2025-11-13 10:23:00+00:00,33,1,42218,54.05,54.075,54.05,54.075,12,SIZ5
2025-11-13 10:24:00+00:00,33,1,42218,54.075,54.075,54.04,54.055,9,SIZ5
2025-11-13 10:25:00+00:00,33,1,42218,54.05,54.06,54.045,54.055,8,SIZ5
2025-11-13 10:26:00+00:00,33,1,42218,54.04,54.055,54.035,54.035,4,SIZ5
2025-11-13 10:27:00+00:00,33,1,42218,54.045,54.045,54.035,54.04,10,SIZ5
2025-11-13 10:28:00+00:00,33,1,42218,54.035,54.05,54.025,54.05,31,SIZ5
2025-11-13 10:29:00+00:00,33,1,42218,54.055,54.055,53.995,54.005,27,SIZ5
2025-11-13 10:30:00+00:00,33,1,42218,54.005,54.005,53.925,53.94,103,SIZ5
2025-11-13 10:31:00+00:00,33,1,42218,53.935,53.965,53.935,53.955,29,SIZ5
2025-11-13 10:32:00+00:00,33,1,42218,53.965,53.98,53.96,53.98,10,SIZ5
2025-11-13 10:33:00+00:00,33,1,42218,53.98,54.015,53.975,54.015,30,SIZ5
2025-11-13 10:34:00+00:00,33,1,42218,54.005,54.005,53.985,53.995,10,SIZ5
2025-11-13 10:35:00+00:00,33,1,42218,53.985,53.985,53.955,53.965,15,SIZ5
2025-11-13 10:36:00+00:00,33,1,42218,53.975,54.0,53.965,53.97,20,SIZ5
2025-11-13 10:37:00+00:00,33,1,42218,53.955,53.97,53.925,53.925,13,SIZ5
2025-11-13 10:38:00+00:00,33,1,42218,53.92,53.93,53.875,53.9,96,SIZ5
2025-11-13 10:39:00+00:00,33,1,42218,53.89,53.95,53.885,53.945,43,SIZ5
2025-11-13 10:40:00+00:00,33,1,42218,53.955,53.97,53.92,53.97,68,SIZ5
2025-11-13 10:41:00+00:00,33,1,42218,53.97,53.97,53.95,53.95,21,SIZ5
2025-11-13 10:42:00+00:00,33,1,42218,53.94,53.94,53.92,53.925,10,SIZ5
2025-11-13 10:43:00+00:00,33,1,42218,53.94,53.985,53.94,53.975,95,SIZ5
2025-11-13 10:44:00+00:00,33,1,42218,53.975,53.985,53.94,53.97,59,SIZ5
2025-11-13 10:45:00+00:00,33,1,42218,53.965,53.985,53.965,53.98,25,SIZ5
2025-11-13 10:46:00+00:00,33,1,42218,53.975,53.975,53.93,53.965,34,SIZ5
2025-11-13 10:47:00+00:00,33,1,42218,53.955,53.96,53.945,53.96,14,SIZ5
2025-11-13 10:48:00+00:00,33,1,42218,53.945,53.945,53.92,53.925,5,SIZ5
2025-11-13 10:49:00+00:00,33,1,42218,53.92,53.94,53.91,53.94,13,SIZ5
2025-11-13 10:50:00+00:00,33,1,42218,53.935,53.935,53.905,53.91,23,SIZ5
2025-11-13 10:51:00+00:00,33,1,42218,53.92,53.92,53.865,53.865,28,SIZ5
2025-11-13 10:52:00+00:00,33,1,42218,53.86,53.88,53.795,53.8,177,SIZ5
2025-11-13 10:53:00+00:00,33,1,42218,53.805,53.81,53.755,53.81,223,SIZ5
2025-11-13 10:54:00+00:00,33,1,42218,53.81,53.84,53.8,53.81,79,SIZ5
2025-11-13 10:55:00+00:00,33,1,42218,53.805,53.805,53.72,53.76,107,SIZ5
2025-11-13 10:56:00+00:00,33,1,42218,53.765,53.765,53.725,53.735,70,SIZ5
2025-11-13 10:57:00+00:00,33,1,42218,53.745,53.765,53.555,53.555,637,SIZ5
2025-11-13 10:58:00+00:00,33,1,42218,53.56,53.585,53.43,53.48,578,SIZ5
2025-11-13 10:59:00+00:00,33,1,42218,53.485,53.6,53.485,53.59,146,SIZ5
2025-11-13 11:00:00+00:00,33,1,42218,53.595,53.655,53.48,53.48,221,SIZ5
2025-11-13 11:01:00+00:00,33,1,42218,53.48,53.565,53.435,53.535,205,SIZ5
2025-11-13 11:02:00+00:00,33,1,42218,53.53,53.625,53.52,53.62,138,SIZ5
2025-11-13 11:03:00+00:00,33,1,42218,53.625,53.645,53.575,53.59,149,SIZ5
2025-11-13 11:04:00+00:00,33,1,42218,53.59,53.625,53.585,53.595,124,SIZ5
2025-11-13 11:05:00+00:00,33,1,42218,53.605,53.705,53.6,53.7,101,SIZ5
2025-11-13 11:06:00+00:00,33,1,42218,53.695,53.715,53.68,53.695,91,SIZ5
2025-11-13 11:07:00+00:00,33,1,42218,53.7,53.81,53.685,53.785,167,SIZ5
2025-11-13 11:08:00+00:00,33,1,42218,53.775,53.775,53.695,53.74,69,SIZ5
2025-11-13 11:09:00+00:00,33,1,42218,53.735,53.8,53.72,53.795,56,SIZ5
2025-11-13 11:10:00+00:00,33,1,42218,53.8,53.81,53.775,53.805,125,SIZ5
2025-11-13 11:11:00+00:00,33,1,42218,53.795,53.8,53.715,53.715,29,SIZ5
2025-11-13 11:12:00+00:00,33,1,42218,53.73,53.77,53.705,53.74,176,SIZ5
2025-11-13 11:13:00+00:00,33,1,42218,53.745,53.745,53.7,53.7,46,SIZ5
2025-11-13 11:14:00+00:00,33,1,42218,53.71,53.72,53.645,53.645,177,SIZ5
2025-11-13 11:15:00+00:00,33,1,42218,53.645,53.66,53.625,53.645,46,SIZ5
2025-11-13 11:16:00+00:00,33,1,42218,53.64,53.645,53.595,53.64,43,SIZ5
2025-11-13 11:17:00+00:00,33,1,42218,53.64,53.645,53.565,53.57,74,SIZ5
2025-11-13 11:18:00+00:00,33,1,42218,53.58,53.59,53.525,53.525,88,SIZ5
2025-11-13 11:19:00+00:00,33,1,42218,53.535,53.585,53.52,53.58,54,SIZ5
2025-11-13 11:20:00+00:00,33,1,42218,53.555,53.56,53.5,53.53,98,SIZ5
2025-11-13 11:21:00+00:00,33,1,42218,53.535,53.575,53.53,53.545,48,SIZ5
2025-11-13 11:22:00+00:00,33,1,42218,53.56,53.56,53.48,53.515,112,SIZ5
2025-11-13 11:23:00+00:00,33,1,42218,53.525,53.56,53.51,53.55,44,SIZ5
2025-11-13 11:24:00+00:00,33,1,42218,53.555,53.65,53.535,53.65,116,SIZ5
2025-11-13 11:25:00+00:00,33,1,42218,53.645,53.66,53.575,53.595,115,SIZ5
2025-11-13 11:26:00+00:00,33,1,42218,53.6,53.6,53.565,53.575,63,SIZ5
2025-11-13 11:27:00+00:00,33,1,42218,53.585,53.585,53.55,53.565,15,SIZ5
2025-11-13 11:28:00+00:00,33,1,42218,53.56,53.56,53.54,53.55,12,SIZ5
2025-11-13 11:29:00+00:00,33,1,42218,53.555,53.555,53.52,53.555,31,SIZ5
2025-11-13 11:30:00+00:00,33,1,42218,53.56,53.59,53.525,53.535,84,SIZ5
2025-11-13 11:31:00+00:00,33,1,42218,53.535,53.55,53.5,53.525,65,SIZ5
2025-11-13 11:32:00+00:00,33,1,42218,53.53,53.555,53.505,53.51,76,SIZ5
2025-11-13 11:33:00+00:00,33,1,42218,53.5,53.55,53.48,53.495,115,SIZ5
2025-11-13 11:34:00+00:00,33,1,42218,53.515,53.58,53.515,53.58,21,SIZ5
2025-11-13 11:35:00+00:00,33,1,42218,53.585,53.6,53.57,53.6,82,SIZ5
2025-11-13 11:36:00+00:00,33,1,42218,53.595,53.62,53.595,53.605,57,SIZ5
2025-11-13 11:37:00+00:00,33,1,42218,53.6,53.6,53.55,53.55,20,SIZ5
2025-11-13 11:38:00+00:00,33,1,42218,53.555,53.61,53.555,53.61,46,SIZ5
2025-11-13 11:39:00+00:00,33,1,42218,53.605,53.66,53.605,53.65,52,SIZ5
2025-11-13 11:40:00+00:00,33,1,42218,53.65,53.66,53.605,53.625,69,SIZ5
2025-11-13 11:41:00+00:00,33,1,42218,53.635,53.67,53.63,53.67,41,SIZ5
2025-11-13 11:42:00+00:00,33,1,42218,53.665,53.74,53.665,53.725,159,SIZ5
2025-11-13 11:43:00+00:00,33,1,42218,53.725,53.75,53.715,53.74,69,SIZ5
2025-11-13 11:44:00+00:00,33,1,42218,53.725,53.755,53.715,53.745,39,SIZ5
2025-11-13 11:45:00+00:00,33,1,42218,53.735,53.735,53.68,53.695,29,SIZ5
2025-11-13 11:46:00+00:00,33,1,42218,53.685,53.7,53.685,53.695,13,SIZ5
2025-11-13 11:47:00+00:00,33,1,42218,53.69,53.7,53.675,53.695,38,SIZ5
2025-11-13 11:48:00+00:00,33,1,42218,53.69,53.695,53.655,53.69,51,SIZ5
2025-11-13 11:49:00+00:00,33,1,42218,53.685,53.685,53.61,53.625,85,SIZ5
2025-11-13 11:50:00+00:00,33,1,42218,53.625,53.655,53.61,53.655,59,SIZ5
2025-11-13 11:51:00+00:00,33,1,42218,53.66,53.695,53.66,53.695,22,SIZ5
2025-11-13 11:52:00+00:00,33,1,42218,53.685,53.7,53.67,53.685,49,SIZ5
2025-11-13 11:53:00+00:00,33,1,42218,53.675,53.705,53.67,53.685,35,SIZ5
2025-11-13 11:54:00+00:00,33,1,42218,53.68,53.715,53.68,53.71,27,SIZ5
2025-11-13 11:55:00+00:00,33,1,42218,53.715,53.74,53.7,53.705,55,SIZ5
2025-11-13 11:56:00+00:00,33,1,42218,53.71,53.725,53.705,53.715,35,SIZ5
2025-11-13 11:57:00+00:00,33,1,42218,53.715,53.725,53.69,53.715,53,SIZ5
2025-11-13 11:58:00+00:00,33,1,42218,53.72,53.74,53.695,53.735,42,SIZ5
2025-11-13 11:59:00+00:00,33,1,42218,53.73,53.75,53.725,53.74,37,SIZ5
2025-11-13 12:00:00+00:00,33,1,42218,53.73,53.8,53.72,53.8,204,SIZ5
2025-11-13 12:01:00+00:00,33,1,42218,53.79,53.825,53.775,53.82,207,SIZ5
2025-11-13 12:02:00+00:00,33,1,42218,53.82,53.82,53.775,53.78,87,SIZ5
2025-11-13 12:03:00+00:00,33,1,42218,53.77,53.8,53.76,53.795,73,SIZ5
2025-11-13 12:04:00+00:00,33,1,42218,53.795,53.795,53.78,53.78,23,SIZ5
2025-11-13 12:05:00+00:00,33,1,42218,53.785,53.795,53.755,53.795,45,SIZ5
2025-11-13 12:06:00+00:00,33,1,42218,53.785,53.795,53.775,53.79,35,SIZ5
2025-11-13 12:07:00+00:00,33,1,42218,53.795,53.8,53.775,53.795,36,SIZ5
2025-11-13 12:08:00+00:00,33,1,42218,53.795,53.87,53.795,53.845,72,SIZ5
2025-11-13 12:09:00+00:00,33,1,42218,53.845,53.885,53.82,53.825,174,SIZ5
2025-11-13 12:10:00+00:00,33,1,42218,53.83,53.865,53.825,53.85,54,SIZ5
2025-11-13 12:11:00+00:00,33,1,42218,53.85,53.86,53.82,53.82,43,SIZ5
2025-11-13 12:12:00+00:00,33,1,42218,53.81,53.83,53.79,53.83,35,SIZ5
2025-11-13 12:13:00+00:00,33,1,42218,53.83,53.83,53.805,53.805,36,SIZ5
2025-11-13 12:14:00+00:00,33,1,42218,53.795,53.82,53.79,53.82,22,SIZ5
2025-11-13 12:15:00+00:00,33,1,42218,53.825,53.85,53.815,53.85,50,SIZ5
2025-11-13 12:16:00+00:00,33,1,42218,53.85,53.865,53.845,53.865,37,SIZ5
2025-11-13 12:17:00+00:00,33,1,42218,53.865,53.865,53.845,53.85,26,SIZ5
2025-11-13 12:18:00+00:00,33,1,42218,53.84,53.84,53.82,53.825,30,SIZ5
2025-11-13 12:19:00+00:00,33,1,42218,53.82,53.865,53.81,53.86,67,SIZ5
2025-11-13 12:20:00+00:00,33,1,42218,53.86,53.885,53.85,53.87,35,SIZ5
2025-11-13 12:21:00+00:00,33,1,42218,53.87,53.89,53.87,53.89,28,SIZ5
2025-11-13 12:22:00+00:00,33,1,42218,53.89,53.92,53.89,53.9,63,SIZ5
2025-11-13 12:23:00+00:00,33,1,42218,53.89,53.915,53.89,53.91,52,SIZ5
2025-11-13 12:24:00+00:00,33,1,42218,53.905,53.905,53.89,53.895,21,SIZ5
2025-11-13 12:25:00+00:00,33,1,42218,53.89,53.89,53.855,53.865,31,SIZ5
2025-11-13 12:26:00+00:00,33,1,42218,53.87,53.875,53.815,53.815,47,SIZ5
2025-11-13 12:27:00+00:00,33,1,42218,53.82,53.85,53.79,53.84,93,SIZ5
2025-11-13 12:28:00+00:00,33,1,42218,53.84,53.855,53.825,53.855,75,SIZ5
2025-11-13 12:29:00+00:00,33,1,42218,53.86,53.865,53.85,53.865,22,SIZ5
2025-11-13 12:30:00+00:00,33,1,42218,53.87,53.885,53.865,53.885,13,SIZ5
2025-11-13 12:31:00+00:00,33,1,42218,53.875,53.875,53.855,53.86,22,SIZ5
2025-11-13 12:32:00+00:00,33,1,42218,53.845,53.875,53.84,53.87,54,SIZ5
2025-11-13 12:33:00+00:00,33,1,42218,53.865,53.885,53.86,53.885,35,SIZ5
2025-11-13 12:34:00+00:00,33,1,42218,53.885,53.89,53.885,53.89,6,SIZ5
2025-11-13 12:35:00+00:00,33,1,42218,53.89,53.9,53.875,53.89,25,SIZ5
2025-11-13 12:36:00+00:00,33,1,42218,53.9,53.925,53.9,53.915,29,SIZ5
2025-11-13 12:37:00+00:00,33,1,42218,53.92,53.935,53.92,53.92,54,SIZ5
2025-11-13 12:38:00+00:00,33,1,42218,53.925,53.935,53.925,53.925,24,SIZ5
2025-11-13 12:39:00+00:00,33,1,42218,53.925,53.935,53.92,53.93,29,SIZ5
2025-11-13 12:40:00+00:00,33,1,42218,53.925,53.93,53.9,53.905,27,SIZ5
2025-11-13 12:41:00+00:00,33,1,42218,53.9,53.92,53.88,53.9,50,SIZ5
2025-11-13 12:42:00+00:00,33,1,42218,53.905,53.91,53.855,53.865,35,SIZ5
2025-11-13 12:43:00+00:00,33,1,42218,53.865,53.885,53.855,53.885,24,SIZ5
2025-11-13 12:44:00+00:00,33,1,42218,53.885,53.9,53.88,53.895,15,SIZ5
2025-11-13 12:45:00+00:00,33,1,42218,53.9,53.915,53.9,53.91,15,SIZ5
2025-11-13 12:46:00+00:00,33,1,42218,53.91,53.935,53.91,53.935,9,SIZ5
2025-11-13 12:47:00+00:00,33,1,42218,53.935,54.0,53.935,53.99,109,SIZ5
2025-11-13 12:48:00+00:00,33,1,42218,53.99,54.025,53.98,53.985,147,SIZ5
2025-11-13 12:49:00+00:00,33,1,42218,53.98,53.985,53.95,53.975,94,SIZ5
2025-11-13 12:50:00+00:00,33,1,42218,53.97,53.97,53.935,53.96,63,SIZ5
2025-11-13 12:51:00+00:00,33,1,42218,53.96,53.97,53.955,53.97,24,SIZ5
2025-11-13 12:52:00+00:00,33,1,42218,53.97,53.985,53.97,53.985,38,SIZ5
2025-11-13 12:53:00+00:00,33,1,42218,53.98,53.995,53.97,53.985,32,SIZ5
2025-11-13 12:54:00+00:00,33,1,42218,53.995,54.015,53.99,54.015,38,SIZ5
2025-11-13 12:55:00+00:00,33,1,42218,54.005,54.01,53.985,54.005,43,SIZ5
2025-11-13 12:56:00+00:00,33,1,42218,54.005,54.03,53.99,54.025,62,SIZ5
2025-11-13 12:57:00+00:00,33,1,42218,54.02,54.035,54.005,54.015,44,SIZ5
2025-11-13 12:58:00+00:00,33,1,42218,54.015,54.035,54.015,54.025,62,SIZ5
2025-11-13 12:59:00+00:00,33,1,42218,54.03,54.05,53.965,53.99,265,SIZ5
2025-11-13 13:00:00+00:00,33,1,42218,53.98,54.03,53.91,53.935,337,SIZ5
2025-11-13 13:01:00+00:00,33,1,42218,53.945,53.95,53.885,53.885,106,SIZ5
2025-11-13 13:02:00+00:00,33,1,42218,53.89,53.905,53.835,53.845,121,SIZ5
2025-11-13 13:03:00+00:00,33,1,42218,53.86,53.86,53.72,53.735,237,SIZ5
2025-11-13 13:04:00+00:00,33,1,42218,53.74,53.76,53.675,53.73,310,SIZ5
2025-11-13 13:05:00+00:00,33,1,42218,53.745,53.75,53.695,53.73,113,SIZ5
2025-11-13 13:06:00+00:00,33,1,42218,53.735,53.765,53.705,53.72,93,SIZ5
2025-11-13 13:07:00+00:00,33,1,42218,53.72,53.735,53.66,53.715,201,SIZ5
2025-11-13 13:08:00+00:00,33,1,42218,53.7,53.725,53.67,53.72,53,SIZ5
2025-11-13 13:09:00+00:00,33,1,42218,53.735,53.745,53.625,53.635,125,SIZ5
2025-11-13 13:10:00+00:00,33,1,42218,53.635,53.645,53.53,53.565,163,SIZ5
2025-11-13 13:11:00+00:00,33,1,42218,53.555,53.61,53.535,53.605,203,SIZ5
2025-11-13 13:12:00+00:00,33,1,42218,53.605,53.62,53.54,53.58,240,SIZ5
2025-11-13 13:13:00+00:00,33,1,42218,53.575,53.585,53.52,53.555,90,SIZ5
2025-11-13 13:14:00+00:00,33,1,42218,53.555,53.61,53.525,53.61,67,SIZ5
2025-11-13 13:15:00+00:00,33,1,42218,53.61,53.665,53.58,53.665,155,SIZ5
2025-11-13 13:16:00+00:00,33,1,42218,53.655,53.67,53.615,53.665,97,SIZ5
2025-11-13 13:17:00+00:00,33,1,42218,53.675,53.72,53.665,53.71,224,SIZ5
2025-11-13 13:18:00+00:00,33,1,42218,53.7,53.715,53.63,53.64,71,SIZ5
2025-11-13 13:19:00+00:00,33,1,42218,53.64,53.655,53.59,53.615,130,SIZ5
2025-11-13 13:20:00+00:00,33,1,42218,53.595,53.67,53.595,53.63,99,SIZ5
2025-11-13 13:21:00+00:00,33,1,42218,53.63,53.675,53.61,53.62,44,SIZ5
2025-11-13 13:22:00+00:00,33,1,42218,53.615,53.65,53.615,53.65,22,SIZ5
2025-11-13 13:23:00+00:00,33,1,42218,53.66,53.66,53.63,53.645,96,SIZ5
2025-11-13 13:24:00+00:00,33,1,42218,53.655,53.7,53.655,53.695,61,SIZ5
2025-11-13 13:25:00+00:00,33,1,42218,53.69,53.71,53.655,53.66,116,SIZ5
2025-11-13 13:26:00+00:00,33,1,42218,53.655,53.655,53.55,53.6,155,SIZ5
2025-11-13 13:27:00+00:00,33,1,42218,53.605,53.63,53.595,53.6,54,SIZ5
2025-11-13 13:28:00+00:00,33,1,42218,53.6,53.605,53.57,53.58,47,SIZ5
2025-11-13 13:29:00+00:00,33,1,42218,53.57,53.61,53.565,53.565,52,SIZ5
2025-11-13 13:30:00+00:00,33,1,42218,53.565,53.585,53.455,53.46,186,SIZ5
2025-11-13 13:31:00+00:00,33,1,42218,53.465,53.465,53.235,53.28,887,SIZ5
2025-11-13 13:32:00+00:00,33,1,42218,53.285,53.34,53.26,53.285,272,SIZ5
2025-11-13 13:33:00+00:00,33,1,42218,53.29,53.34,53.1,53.13,508,SIZ5
2025-11-13 13:34:00+00:00,33,1,42218,53.135,53.18,53.07,53.125,585,SIZ5
2025-11-13 13:35:00+00:00,33,1,42218,53.13,53.145,53.04,53.115,352,SIZ5
2025-11-13 13:36:00+00:00,33,1,42218,53.12,53.2,53.12,53.195,312,SIZ5
2025-11-13 13:37:00+00:00,33,1,42218,53.19,53.295,53.175,53.28,269,SIZ5
2025-11-13 13:38:00+00:00,33,1,42218,53.29,53.295,53.195,53.2,220,SIZ5
2025-11-13 13:39:00+00:00,33,1,42218,53.205,53.22,53.17,53.21,162,SIZ5
2025-11-13 13:40:00+00:00,33,1,42218,53.22,53.235,53.17,53.23,188,SIZ5
2025-11-13 13:41:00+00:00,33,1,42218,53.235,53.24,53.15,53.185,149,SIZ5
2025-11-13 13:42:00+00:00,33,1,42218,53.175,53.27,53.155,53.27,95,SIZ5
2025-11-13 13:43:00+00:00,33,1,42218,53.27,53.335,53.26,53.32,160,SIZ5
2025-11-13 13:44:00+00:00,33,1,42218,53.33,53.355,53.305,53.35,173,SIZ5
2025-11-13 13:45:00+00:00,33,1,42218,53.35,53.42,53.345,53.4,217,SIZ5
2025-11-13 13:46:00+00:00,33,1,42218,53.395,53.395,53.335,53.395,89,SIZ5
2025-11-13 13:47:00+00:00,33,1,42218,53.385,53.42,53.38,53.385,98,SIZ5
2025-11-13 13:48:00+00:00,33,1,42218,53.385,53.415,53.355,53.405,77,SIZ5
2025-11-13 13:49:00+00:00,33,1,42218,53.405,53.425,53.34,53.38,119,SIZ5
2025-11-13 13:50:00+00:00,33,1,42218,53.375,53.43,53.37,53.42,71,SIZ5
2025-11-13 13:51:00+00:00,33,1,42218,53.425,53.47,53.405,53.405,85,SIZ5
2025-11-13 13:52:00+00:00,33,1,42218,53.4,53.49,53.4,53.49,70,SIZ5
2025-11-13 13:53:00+00:00,33,1,42218,53.49,53.54,53.49,53.5,102,SIZ5
2025-11-13 13:54:00+00:00,33,1,42218,53.5,53.545,53.5,53.545,164,SIZ5
2025-11-13 13:55:00+00:00,33,1,42218,53.54,53.555,53.495,53.555,147,SIZ5
2025-11-13 13:56:00+00:00,33,1,42218,53.555,53.56,53.5,53.5,98,SIZ5
2025-11-13 13:57:00+00:00,33,1,42218,53.51,53.525,53.465,53.475,79,SIZ5
2025-11-13 13:58:00+00:00,33,1,42218,53.485,53.5,53.46,53.485,46,SIZ5
2025-11-13 13:59:00+00:00,33,1,42218,53.49,53.5,53.46,53.48,56,SIZ5
2025-11-13 14:00:00+00:00,33,1,42218,53.495,53.495,53.44,53.46,151,SIZ5
2025-11-13 14:01:00+00:00,33,1,42218,53.45,53.465,53.385,53.39,121,SIZ5
2025-11-13 14:02:00+00:00,33,1,42218,53.39,53.4,53.35,53.375,112,SIZ5
2025-11-13 14:03:00+00:00,33,1,42218,53.385,53.385,53.305,53.31,231,SIZ5
2025-11-13 14:04:00+00:00,33,1,42218,53.3,53.3,53.225,53.295,189,SIZ5
2025-11-13 14:05:00+00:00,33,1,42218,53.3,53.32,53.275,53.285,108,SIZ5
2025-11-13 14:06:00+00:00,33,1,42218,53.28,53.3,53.25,53.255,119,SIZ5
2025-11-13 14:07:00+00:00,33,1,42218,53.265,53.3,53.2,53.225,177,SIZ5
2025-11-13 14:08:00+00:00,33,1,42218,53.24,53.24,53.09,53.09,366,SIZ5
2025-11-13 14:09:00+00:00,33,1,42218,53.095,53.16,53.085,53.145,245,SIZ5
2025-11-13 14:10:00+00:00,33,1,42218,53.145,53.195,53.105,53.18,257,SIZ5
2025-11-13 14:11:00+00:00,33,1,42218,53.175,53.265,53.175,53.25,189,SIZ5
2025-11-13 14:12:00+00:00,33,1,42218,53.25,53.295,53.24,53.295,96,SIZ5
2025-11-13 14:13:00+00:00,33,1,42218,53.295,53.295,53.195,53.215,104,SIZ5
2025-11-13 14:14:00+00:00,33,1,42218,53.215,53.26,53.17,53.245,138,SIZ5
2025-11-13 14:15:00+00:00,33,1,42218,53.24,53.26,53.225,53.255,75,SIZ5
2025-11-13 14:16:00+00:00,33,1,42218,53.255,53.26,53.22,53.24,56,SIZ5
2025-11-13 14:17:00+00:00,33,1,42218,53.23,53.295,53.23,53.29,42,SIZ5
2025-11-13 14:18:00+00:00,33,1,42218,53.29,53.3,53.26,53.28,64,SIZ5
2025-11-13 14:19:00+00:00,33,1,42218,53.285,53.31,53.24,53.25,78,SIZ5
2025-11-13 14:20:00+00:00,33,1,42218,53.24,53.24,53.19,53.225,141,SIZ5
2025-11-13 14:21:00+00:00,33,1,42218,53.23,53.235,53.155,53.16,176,SIZ5
2025-11-13 14:22:00+00:00,33,1,42218,53.16,53.22,53.145,53.215,134,SIZ5
2025-11-13 14:23:00+00:00,33,1,42218,53.2,53.255,53.19,53.225,99,SIZ5
2025-11-13 14:24:00+00:00,33,1,42218,53.23,53.245,53.19,53.215,78,SIZ5
2025-11-13 14:25:00+00:00,33,1,42218,53.2,53.2,53.145,53.155,60,SIZ5
2025-11-13 14:26:00+00:00,33,1,42218,53.15,53.185,53.085,53.145,181,SIZ5
2025-11-13 14:27:00+00:00,33,1,42218,53.145,53.185,53.075,53.1,80,SIZ5
2025-11-13 14:28:00+00:00,33,1,42218,53.11,53.115,53.065,53.075,249,SIZ5
2025-11-13 14:29:00+00:00,33,1,42218,53.075,53.18,53.07,53.18,113,SIZ5
2025-11-13 14:30:00+00:00,33,1,42218,53.175,53.175,53.07,53.12,233,SIZ5
2025-11-13 14:31:00+00:00,33,1,42218,53.12,53.21,53.05,53.19,313,SIZ5
2025-11-13 14:32:00+00:00,33,1,42218,53.19,53.26,53.16,53.25,183,SIZ5
2025-11-13 14:33:00+00:00,33,1,42218,53.235,53.3,53.21,53.295,152,SIZ5
2025-11-13 14:34:00+00:00,33,1,42218,53.3,53.335,53.275,53.32,184,SIZ5
2025-11-13 14:35:00+00:00,33,1,42218,53.325,53.335,53.285,53.295,189,SIZ5
2025-11-13 14:36:00+00:00,33,1,42218,53.295,53.31,53.255,53.305,141,SIZ5
2025-11-13 14:37:00+00:00,33,1,42218,53.305,53.31,53.235,53.31,215,SIZ5
2025-11-13 14:38:00+00:00,33,1,42218,53.295,53.305,53.24,53.255,110,SIZ5
2025-11-13 14:39:00+00:00,33,1,42218,53.245,53.285,53.17,53.175,138,SIZ5
2025-11-13 14:40:00+00:00,33,1,42218,53.175,53.175,53.09,53.105,260,SIZ5
2025-11-13 14:41:00+00:00,33,1,42218,53.1,53.18,53.06,53.06,251,SIZ5
2025-11-13 14:42:00+00:00,33,1,42218,53.05,53.05,52.815,52.82,1537,SIZ5
2025-11-13 14:43:00+00:00,33,1,42218,52.825,52.875,52.73,52.76,553,SIZ5
2025-11-13 14:44:00+00:00,33,1,42218,52.755,52.755,52.645,52.735,567,SIZ5
2025-11-13 14:45:00+00:00,33,1,42218,52.735,52.895,52.685,52.865,560,SIZ5
2025-11-13 14:46:00+00:00,33,1,42218,52.855,52.92,52.845,52.86,331,SIZ5
2025-11-13 14:47:00+00:00,33,1,42218,52.86,52.975,52.835,52.955,294,SIZ5
2025-11-13 14:48:00+00:00,33,1,42218,52.94,52.97,52.87,52.89,247,SIZ5
2025-11-13 14:49:00+00:00,33,1,42218,52.88,52.89,52.76,52.815,383,SIZ5
2025-11-13 14:50:00+00:00,33,1,42218,52.83,52.89,52.785,52.87,285,SIZ5
2025-11-13 14:51:00+00:00,33,1,42218,52.865,52.925,52.855,52.89,244,SIZ5
2025-11-13 14:52:00+00:00,33,1,42218,52.895,52.9,52.805,52.88,281,SIZ5
2025-11-13 14:53:00+00:00,33,1,42218,52.875,52.945,52.79,52.805,228,SIZ5
2025-11-13 14:54:00+00:00,33,1,42218,52.805,52.875,52.8,52.86,135,SIZ5
2025-11-13 14:55:00+00:00,33,1,42218,52.865,52.96,52.805,52.95,156,SIZ5
2025-11-13 14:56:00+00:00,33,1,42218,52.94,53.01,52.935,52.995,241,SIZ5
2025-11-13 14:57:00+00:00,33,1,42218,52.99,53.0,52.875,52.93,130,SIZ5
2025-11-13 14:58:00+00:00,33,1,42218,52.93,52.985,52.925,52.985,98,SIZ5
2025-11-13 14:59:00+00:00,33,1,42218,52.98,53.01,52.94,52.95,106,SIZ5
2025-11-13 15:00:00+00:00,33,1,42218,52.94,53.0,52.93,52.99,182,SIZ5
2025-11-13 15:01:00+00:00,33,1,42218,52.99,53.0,52.89,52.98,164,SIZ5
2025-11-13 15:02:00+00:00,33,1,42218,52.98,53.015,52.945,52.985,138,SIZ5
2025-11-13 15:03:00+00:00,33,1,42218,52.99,53.035,52.965,53.035,133,SIZ5
2025-11-13 15:04:00+00:00,33,1,42218,53.02,53.055,53.01,53.045,105,SIZ5
2025-11-13 15:05:00+00:00,33,1,42218,53.06,53.085,53.015,53.075,142,SIZ5
2025-11-13 15:06:00+00:00,33,1,42218,53.065,53.125,53.055,53.12,181,SIZ5
2025-11-13 15:07:00+00:00,33,1,42218,53.12,53.15,53.095,53.145,171,SIZ5
2025-11-13 15:08:00+00:00,33,1,42218,53.13,53.17,53.12,53.13,131,SIZ5
2025-11-13 15:09:00+00:00,33,1,42218,53.145,53.15,53.1,53.1,79,SIZ5
2025-11-13 15:10:00+00:00,33,1,42218,53.095,53.1,53.005,53.035,94,SIZ5
2025-11-13 15:11:00+00:00,33,1,42218,53.04,53.045,52.955,52.96,155,SIZ5
2025-11-13 15:12:00+00:00,33,1,42218,52.97,53.055,52.95,53.03,158,SIZ5
2025-11-13 15:13:00+00:00,33,1,42218,53.02,53.035,52.995,53.015,96,SIZ5
2025-11-13 15:14:00+00:00,33,1,42218,53.04,53.075,53.035,53.065,88,SIZ5
2025-11-13 15:15:00+00:00,33,1,42218,53.065,53.115,53.05,53.1,80,SIZ5
2025-11-13 15:16:00+00:00,33,1,42218,53.105,53.11,53.03,53.05,89,SIZ5
2025-11-13 15:17:00+00:00,33,1,42218,53.055,53.07,53.03,53.03,49,SIZ5
2025-11-13 15:18:00+00:00,33,1,42218,53.035,53.06,53.01,53.015,78,SIZ5
2025-11-13 15:19:00+00:00,33,1,42218,53.015,53.035,53.0,53.005,52,SIZ5
2025-11-13 15:20:00+00:00,33,1,42218,53.015,53.085,53.015,53.085,64,SIZ5
2025-11-13 15:21:00+00:00,33,1,42218,53.08,53.11,53.01,53.025,151,SIZ5
2025-11-13 15:22:00+00:00,33,1,42218,53.03,53.045,52.955,52.975,72,SIZ5
2025-11-13 15:23:00+00:00,33,1,42218,52.955,52.97,52.92,52.94,202,SIZ5
2025-11-13 15:24:00+00:00,33,1,42218,52.95,53.07,52.945,53.06,103,SIZ5
2025-11-13 15:25:00+00:00,33,1,42218,53.06,53.06,52.985,52.995,76,SIZ5
2025-11-13 15:26:00+00:00,33,1,42218,52.985,52.995,52.88,52.9,147,SIZ5
2025-11-13 15:27:00+00:00,33,1,42218,52.895,52.905,52.83,52.855,261,SIZ5
2025-11-13 15:28:00+00:00,33,1,42218,52.86,52.875,52.815,52.845,133,SIZ5
2025-11-13 15:29:00+00:00,33,1,42218,52.85,52.895,52.84,52.86,97,SIZ5
2025-11-13 15:30:00+00:00,33,1,42218,52.855,52.87,52.785,52.855,501,SIZ5
2025-11-13 15:31:00+00:00,33,1,42218,52.85,52.875,52.8,52.835,98,SIZ5
2025-11-13 15:32:00+00:00,33,1,42218,52.84,52.845,52.71,52.72,272,SIZ5
2025-11-13 15:33:00+00:00,33,1,42218,52.715,52.72,52.605,52.675,435,SIZ5
2025-11-13 15:34:00+00:00,33,1,42218,52.655,52.7,52.63,52.69,198,SIZ5
2025-11-13 15:35:00+00:00,33,1,42218,52.685,52.755,52.685,52.74,177,SIZ5
2025-11-13 15:36:00+00:00,33,1,42218,52.735,52.79,52.73,52.78,123,SIZ5
2025-11-13 15:37:00+00:00,33,1,42218,52.77,52.78,52.71,52.72,135,SIZ5
2025-11-13 15:38:00+00:00,33,1,42218,52.725,52.81,52.725,52.785,130,SIZ5
2025-11-13 15:39:00+00:00,33,1,42218,52.785,52.865,52.78,52.83,158,SIZ5
2025-11-13 15:40:00+00:00,33,1,42218,52.83,52.875,52.82,52.87,125,SIZ5
2025-11-13 15:41:00+00:00,33,1,42218,52.865,52.89,52.84,52.86,185,SIZ5
2025-11-13 15:42:00+00:00,33,1,42218,52.87,52.88,52.8,52.845,108,SIZ5
2025-11-13 15:43:00+00:00,33,1,42218,52.85,52.86,52.81,52.81,79,SIZ5
2025-11-13 15:44:00+00:00,33,1,42218,52.815,52.82,52.77,52.795,50,SIZ5
2025-11-13 15:45:00+00:00,33,1,42218,52.795,52.825,52.7,52.715,112,SIZ5
2025-11-13 15:46:00+00:00,33,1,42218,52.7,52.705,52.575,52.65,327,SIZ5
2025-11-13 15:47:00+00:00,33,1,42218,52.655,52.7,52.61,52.695,154,SIZ5
2025-11-13 15:48:00+00:00,33,1,42218,52.685,52.725,52.68,52.705,63,SIZ5
2025-11-13 15:49:00+00:00,33,1,42218,52.735,52.76,52.72,52.725,103,SIZ5
2025-11-13 15:50:00+00:00,33,1,42218,52.72,52.765,52.675,52.75,140,SIZ5
2025-11-13 15:51:00+00:00,33,1,42218,52.745,52.76,52.69,52.715,71,SIZ5
2025-11-13 15:52:00+00:00,33,1,42218,52.71,52.715,52.675,52.705,62,SIZ5
2025-11-13 15:53:00+00:00,33,1,42218,52.695,52.7,52.64,52.655,175,SIZ5
2025-11-13 15:54:00+00:00,33,1,42218,52.645,52.65,52.555,52.585,186,SIZ5
2025-11-13 15:55:00+00:00,33,1,42218,52.58,52.645,52.575,52.645,175,SIZ5
2025-11-13 15:56:00+00:00,33,1,42218,52.63,52.695,52.625,52.65,123,SIZ5
2025-11-13 15:57:00+00:00,33,1,42218,52.63,52.71,52.63,52.685,85,SIZ5
2025-11-13 15:58:00+00:00,33,1,42218,52.68,52.73,52.67,52.725,107,SIZ5
2025-11-13 15:59:00+00:00,33,1,42218,52.72,52.745,52.715,52.73,88,SIZ5
2025-11-13 16:00:00+00:00,33,1,42218,52.73,52.835,52.725,52.82,198,SIZ5
2025-11-13 16:01:00+00:00,33,1,42218,52.83,52.885,52.815,52.865,477,SIZ5
2025-11-13 16:02:00+00:00,33,1,42218,52.875,52.92,52.875,52.885,211,SIZ5
2025-11-13 16:03:00+00:00,33,1,42218,52.89,52.9,52.855,52.855,79,SIZ5
2025-11-13 16:04:00+00:00,33,1,42218,52.85,52.85,52.795,52.8,221,SIZ5
2025-11-13 16:05:00+00:00,33,1,42218,52.8,52.88,52.8,52.875,49,SIZ5
2025-11-13 16:06:00+00:00,33,1,42218,52.87,52.875,52.805,52.81,59,SIZ5
2025-11-13 16:07:00+00:00,33,1,42218,52.82,52.84,52.815,52.835,29,SIZ5
2025-11-13 16:08:00+00:00,33,1,42218,52.82,52.875,52.82,52.87,90,SIZ5
2025-11-13 16:09:00+00:00,33,1,42218,52.88,52.95,52.87,52.945,138,SIZ5
2025-11-13 16:10:00+00:00,33,1,42218,52.96,52.965,52.895,52.92,92,SIZ5
2025-11-13 16:11:00+00:00,33,1,42218,52.915,52.96,52.91,52.94,70,SIZ5
2025-11-13 16:12:00+00:00,33,1,42218,52.94,52.945,52.915,52.935,81,SIZ5
2025-11-13 16:13:00+00:00,33,1,42218,52.93,52.965,52.915,52.93,66,SIZ5
2025-11-13 16:14:00+00:00,33,1,42218,52.925,52.98,52.92,52.98,69,SIZ5
2025-11-13 16:15:00+00:00,33,1,42218,52.98,53.05,52.975,53.03,273,SIZ5
2025-11-13 16:16:00+00:00,33,1,42218,53.03,53.03,52.98,53.005,123,SIZ5
2025-11-13 16:17:00+00:00,33,1,42218,52.99,52.995,52.965,52.965,53,SIZ5
2025-11-13 16:18:00+00:00,33,1,42218,52.98,53.0,52.96,52.985,55,SIZ5
2025-11-13 16:19:00+00:00,33,1,42218,52.99,53.0,52.91,52.965,93,SIZ5
2025-11-13 16:20:00+00:00,33,1,42218,52.965,52.975,52.92,52.97,55,SIZ5
2025-11-13 16:21:00+00:00,33,1,42218,52.98,52.98,52.925,52.925,63,SIZ5
2025-11-13 16:22:00+00:00,33,1,42218,52.92,52.955,52.92,52.945,27,SIZ5
2025-11-13 16:23:00+00:00,33,1,42218,52.945,52.95,52.925,52.935,28,SIZ5
2025-11-13 16:24:00+00:00,33,1,42218,52.94,52.945,52.885,52.885,63,SIZ5
2025-11-13 16:25:00+00:00,33,1,42218,52.9,52.905,52.855,52.875,106,SIZ5
2025-11-13 16:26:00+00:00,33,1,42218,52.875,52.94,52.875,52.94,49,SIZ5
2025-11-13 16:27:00+00:00,33,1,42218,52.94,53.005,52.93,52.985,79,SIZ5
2025-11-13 16:28:00+00:00,33,1,42218,52.98,53.03,52.97,53.015,60,SIZ5
2025-11-13 16:29:00+00:00,33,1,42218,53.02,53.025,53.0,53.01,64,SIZ5
2025-11-13 16:30:00+00:00,33,1,42218,53.005,53.03,53.0,53.02,87,SIZ5
2025-11-13 16:31:00+00:00,33,1,42218,53.02,53.1,53.015,53.07,127,SIZ5
2025-11-13 16:32:00+00:00,33,1,42218,53.07,53.1,53.05,53.085,67,SIZ5
2025-11-13 16:33:00+00:00,33,1,42218,53.08,53.085,53.055,53.07,86,SIZ5
2025-11-13 16:34:00+00:00,33,1,42218,53.07,53.14,53.07,53.125,119,SIZ5
2025-11-13 16:35:00+00:00,33,1,42218,53.13,53.155,53.105,53.11,120,SIZ5
2025-11-13 16:36:00+00:00,33,1,42218,53.105,53.105,53.04,53.08,128,SIZ5
2025-11-13 16:37:00+00:00,33,1,42218,53.075,53.12,53.07,53.075,52,SIZ5
2025-11-13 16:38:00+00:00,33,1,42218,53.085,53.09,52.995,53.02,108,SIZ5
2025-11-13 16:39:00+00:00,33,1,42218,53.005,53.025,52.965,52.99,67,SIZ5
2025-11-13 16:40:00+00:00,33,1,42218,52.99,53.02,52.97,53.02,114,SIZ5
2025-11-13 16:41:00+00:00,33,1,42218,53.015,53.025,52.9,52.91,218,SIZ5
2025-11-13 16:42:00+00:00,33,1,42218,52.925,52.995,52.91,52.965,75,SIZ5
2025-11-13 16:43:00+00:00,33,1,42218,52.965,52.99,52.94,52.985,34,SIZ5
2025-11-13 16:44:00+00:00,33,1,42218,53.0,53.0,52.96,53.0,32,SIZ5
2025-11-13 16:45:00+00:00,33,1,42218,52.99,53.045,52.985,53.015,89,SIZ5
2025-11-13 16:46:00+00:00,33,1,42218,53.03,53.055,53.025,53.045,83,SIZ5
2025-11-13 16:47:00+00:00,33,1,42218,53.045,53.08,53.04,53.045,79,SIZ5
2025-11-13 16:48:00+00:00,33,1,42218,53.04,53.04,52.975,53.0,67,SIZ5
2025-11-13 16:49:00+00:00,33,1,42218,53.025,53.055,53.025,53.055,57,SIZ5
2025-11-13 16:50:00+00:00,33,1,42218,53.06,53.065,53.0,53.01,33,SIZ5
2025-11-13 16:51:00+00:00,33,1,42218,53.015,53.045,53.005,53.045,30,SIZ5
2025-11-13 16:52:00+00:00,33,1,42218,53.04,53.045,53.015,53.035,34,SIZ5
2025-11-13 16:53:00+00:00,33,1,42218,53.04,53.055,53.0,53.02,56,SIZ5
2025-11-13 16:54:00+00:00,33,1,42218,53.03,53.035,53.02,53.03,6,SIZ5
2025-11-13 16:55:00+00:00,33,1,42218,53.03,53.05,53.0,53.0,44,SIZ5
2025-11-13 16:56:00+00:00,33,1,42218,52.995,53.035,52.985,53.035,35,SIZ5
2025-11-13 16:57:00+00:00,33,1,42218,53.05,53.065,53.03,53.065,65,SIZ5
2025-11-13 16:58:00+00:00,33,1,42218,53.05,53.07,53.035,53.04,27,SIZ5
2025-11-13 16:59:00+00:00,33,1,42218,53.05,53.09,53.035,53.085,36,SIZ5
2025-11-13 17:00:00+00:00,33,1,42218,53.08,53.11,53.06,53.08,49,SIZ5
2025-11-13 17:01:00+00:00,33,1,42218,53.065,53.08,53.01,53.01,45,SIZ5
2025-11-13 17:02:00+00:00,33,1,42218,52.99,53.02,52.98,52.98,48,SIZ5
2025-11-13 17:03:00+00:00,33,1,42218,53.0,53.005,52.965,52.995,44,SIZ5
2025-11-13 17:04:00+00:00,33,1,42218,52.985,52.985,52.95,52.98,54,SIZ5
2025-11-13 17:05:00+00:00,33,1,42218,52.985,53.015,52.96,53.015,61,SIZ5
2025-11-13 17:06:00+00:00,33,1,42218,53.005,53.01,52.995,53.0,20,SIZ5
2025-11-13 17:07:00+00:00,33,1,42218,53.005,53.005,52.975,52.995,58,SIZ5
2025-11-13 17:08:00+00:00,33,1,42218,53.0,53.005,52.955,52.955,56,SIZ5
2025-11-13 17:09:00+00:00,33,1,42218,52.95,52.965,52.88,52.895,137,SIZ5
2025-11-13 17:10:00+00:00,33,1,42218,52.895,52.945,52.89,52.91,44,SIZ5
2025-11-13 17:11:00+00:00,33,1,42218,52.905,52.905,52.865,52.88,59,SIZ5
2025-11-13 17:12:00+00:00,33,1,42218,52.9,52.935,52.89,52.895,60,SIZ5
2025-11-13 17:13:00+00:00,33,1,42218,52.89,52.91,52.86,52.91,57,SIZ5
2025-11-13 17:14:00+00:00,33,1,42218,52.915,52.915,52.84,52.86,62,SIZ5
2025-11-13 17:15:00+00:00,33,1,42218,52.855,52.92,52.855,52.895,40,SIZ5
2025-11-13 17:16:00+00:00,33,1,42218,52.89,52.89,52.825,52.86,106,SIZ5
2025-11-13 17:17:00+00:00,33,1,42218,52.87,52.905,52.84,52.88,106,SIZ5
2025-11-13 17:18:00+00:00,33,1,42218,52.9,52.9,52.845,52.87,30,SIZ5
2025-11-13 17:19:00+00:00,33,1,42218,52.875,52.895,52.865,52.87,39,SIZ5
2025-11-13 17:20:00+00:00,33,1,42218,52.885,52.91,52.885,52.91,27,SIZ5
2025-11-13 17:21:00+00:00,33,1,42218,52.91,52.945,52.9,52.935,43,SIZ5
2025-11-13 17:22:00+00:00,33,1,42218,52.94,52.975,52.94,52.965,48,SIZ5
2025-11-13 17:23:00+00:00,33,1,42218,52.975,53.02,52.965,53.02,29,SIZ5
2025-11-13 17:24:00+00:00,33,1,42218,53.02,53.04,53.01,53.04,127,SIZ5
2025-11-13 17:25:00+00:00,33,1,42218,53.02,53.03,52.995,53.03,47,SIZ5
2025-11-13 17:26:00+00:00,33,1,42218,53.005,53.005,52.975,53.005,19,SIZ5
2025-11-13 17:27:00+00:00,33,1,42218,53.02,53.045,53.015,53.03,30,SIZ5
2025-11-13 17:28:00+00:00,33,1,42218,53.035,53.055,53.03,53.035,21,SIZ5
2025-11-13 17:29:00+00:00,33,1,42218,53.04,53.045,53.01,53.01,38,SIZ5
2025-11-13 17:30:00+00:00,33,1,42218,53.01,53.045,53.01,53.03,38,SIZ5
2025-11-13 17:31:00+00:00,33,1,42218,53.025,53.09,53.025,53.07,93,SIZ5
2025-11-13 17:32:00+00:00,33,1,42218,53.085,53.085,53.055,53.075,54,SIZ5
2025-11-13 17:33:00+00:00,33,1,42218,53.075,53.135,53.075,53.13,78,SIZ5
2025-11-13 17:34:00+00:00,33,1,42218,53.135,53.195,53.135,53.16,148,SIZ5
2025-11-13 17:35:00+00:00,33,1,42218,53.16,53.165,53.12,53.13,62,SIZ5
2025-11-13 17:36:00+00:00,33,1,42218,53.12,53.15,53.11,53.14,60,SIZ5
2025-11-13 17:37:00+00:00,33,1,42218,53.135,53.17,53.135,53.16,37,SIZ5
2025-11-13 17:38:00+00:00,33,1,42218,53.155,53.205,53.155,53.17,81,SIZ5
2025-11-13 17:39:00+00:00,33,1,42218,53.175,53.175,53.13,53.155,65,SIZ5
2025-11-13 17:40:00+00:00,33,1,42218,53.16,53.16,53.11,53.12,33,SIZ5
2025-11-13 17:41:00+00:00,33,1,42218,53.13,53.145,53.085,53.115,63,SIZ5
2025-11-13 17:42:00+00:00,33,1,42218,53.12,53.13,53.1,53.12,27,SIZ5
2025-11-13 17:43:00+00:00,33,1,42218,53.115,53.12,53.095,53.11,50,SIZ5
2025-11-13 17:44:00+00:00,33,1,42218,53.11,53.125,53.08,53.085,54,SIZ5
2025-11-13 17:45:00+00:00,33,1,42218,53.09,53.095,53.025,53.03,58,SIZ5
2025-11-13 17:46:00+00:00,33,1,42218,53.03,53.065,53.01,53.06,37,SIZ5
2025-11-13 17:47:00+00:00,33,1,42218,53.075,53.08,53.055,53.07,15,SIZ5
2025-11-13 17:48:00+00:00,33,1,42218,53.065,53.135,53.065,53.135,42,SIZ5
2025-11-13 17:49:00+00:00,33,1,42218,53.135,53.18,53.12,53.17,79,SIZ5
2025-11-13 17:50:00+00:00,33,1,42218,53.175,53.225,53.165,53.175,177,SIZ5
2025-11-13 17:51:00+00:00,33,1,42218,53.18,53.22,53.155,53.175,60,SIZ5
2025-11-13 17:52:00+00:00,33,1,42218,53.17,53.18,53.15,53.16,61,SIZ5
2025-11-13 17:53:00+00:00,33,1,42218,53.155,53.175,53.13,53.15,58,SIZ5
2025-11-13 17:54:00+00:00,33,1,42218,53.15,53.185,53.15,53.16,31,SIZ5
2025-11-13 17:55:00+00:00,33,1,42218,53.17,53.17,53.14,53.165,24,SIZ5
2025-11-13 17:56:00+00:00,33,1,42218,53.17,53.175,53.12,53.13,65,SIZ5
2025-11-13 17:57:00+00:00,33,1,42218,53.125,53.14,53.095,53.125,62,SIZ5
2025-11-13 17:58:00+00:00,33,1,42218,53.13,53.13,53.11,53.125,29,SIZ5
2025-11-13 17:59:00+00:00,33,1,42218,53.12,53.145,53.12,53.13,26,SIZ5
2025-11-13 18:00:00+00:00,33,1,42218,53.135,53.145,53.115,53.13,27,SIZ5
2025-11-13 18:01:00+00:00,33,1,42218,53.135,53.145,53.115,53.125,22,SIZ5
2025-11-13 18:02:00+00:00,33,1,42218,53.13,53.145,53.105,53.12,34,SIZ5
2025-11-13 18:03:00+00:00,33,1,42218,53.11,53.125,53.1,53.115,28,SIZ5
2025-11-13 18:04:00+00:00,33,1,42218,53.11,53.13,53.1,53.13,16,SIZ5
2025-11-13 18:05:00+00:00,33,1,42218,53.135,53.14,53.105,53.13,31,SIZ5
2025-11-13 18:06:00+00:00,33,1,42218,53.13,53.195,53.12,53.19,95,SIZ5
2025-11-13 18:07:00+00:00,33,1,42218,53.2,53.21,53.17,53.21,47,SIZ5
2025-11-13 18:08:00+00:00,33,1,42218,53.21,53.21,53.155,53.175,47,SIZ5
2025-11-13 18:09:00+00:00,33,1,42218,53.175,53.185,53.14,53.17,66,SIZ5
2025-11-13 18:10:00+00:00,33,1,42218,53.175,53.175,53.1,53.15,64,SIZ5
2025-11-13 18:11:00+00:00,33,1,42218,53.14,53.155,53.105,53.135,72,SIZ5
2025-11-13 18:12:00+00:00,33,1,42218,53.145,53.215,53.145,53.19,65,SIZ5
2025-11-13 18:13:00+00:00,33,1,42218,53.2,53.2,53.165,53.18,45,SIZ5
2025-11-13 18:14:00+00:00,33,1,42218,53.185,53.225,53.185,53.2,65,SIZ5
2025-11-13 18:15:00+00:00,33,1,42218,53.2,53.22,53.185,53.185,45,SIZ5
2025-11-13 18:16:00+00:00,33,1,42218,53.195,53.21,53.175,53.185,63,SIZ5
2025-11-13 18:17:00+00:00,33,1,42218,53.18,53.185,53.145,53.15,63,SIZ5
2025-11-13 18:18:00+00:00,33,1,42218,53.155,53.2,53.155,53.19,56,SIZ5
2025-11-13 18:19:00+00:00,33,1,42218,53.185,53.19,53.145,53.165,88,SIZ5
2025-11-13 18:20:00+00:00,33,1,42218,53.165,53.205,53.135,53.205,101,SIZ5
2025-11-13 18:21:00+00:00,33,1,42218,53.195,53.205,53.14,53.16,54,SIZ5
2025-11-13 18:22:00+00:00,33,1,42218,53.17,53.2,53.17,53.195,65,SIZ5
2025-11-13 18:23:00+00:00,33,1,42218,53.2,53.2,53.165,53.19,84,SIZ5
2025-11-13 18:24:00+00:00,33,1,42218,53.185,53.195,53.135,53.16,469,SIZ5
2025-11-13 18:25:00+00:00,33,1,42218,53.16,53.165,53.045,53.065,145,SIZ5
2025-11-13 18:26:00+00:00,33,1,42218,53.055,53.09,53.025,53.04,73,SIZ5
2025-11-13 18:27:00+00:00,33,1,42218,53.035,53.05,52.97,52.98,117,SIZ5
2025-11-13 18:28:00+00:00,33,1,42218,52.99,53.005,52.96,52.99,96,SIZ5
2025-11-13 18:29:00+00:00,33,1,42218,52.99,52.99,52.93,52.96,140,SIZ5
2025-11-13 18:30:00+00:00,33,1,42218,52.96,52.96,52.83,52.835,197,SIZ5
2025-11-13 18:31:00+00:00,33,1,42218,52.845,52.885,52.615,52.685,420,SIZ5
2025-11-13 18:32:00+00:00,33,1,42218,52.69,52.695,52.57,52.615,464,SIZ5
2025-11-13 18:33:00+00:00,33,1,42218,52.61,52.63,52.45,52.525,564,SIZ5
2025-11-13 18:34:00+00:00,33,1,42218,52.51,52.52,52.4,52.435,325,SIZ5
2025-11-13 18:35:00+00:00,33,1,42218,52.435,52.455,52.235,52.28,716,SIZ5
2025-11-13 18:36:00+00:00,33,1,42218,52.27,52.305,52.18,52.195,423,SIZ5
2025-11-13 18:37:00+00:00,33,1,42218,52.205,52.23,52.115,52.145,592,SIZ5
2025-11-13 18:38:00+00:00,33,1,42218,52.155,52.19,51.985,51.99,549,SIZ5
2025-11-13 18:39:00+00:00,33,1,42218,52.0,52.06,51.995,52.04,365,SIZ5
2025-11-13 18:40:00+00:00,33,1,42218,52.055,52.19,52.015,52.19,315,SIZ5
2025-11-13 18:41:00+00:00,33,1,42218,52.195,52.255,52.085,52.245,271,SIZ5
2025-11-13 18:42:00+00:00,33,1,42218,52.24,52.285,52.2,52.205,187,SIZ5
2025-11-13 18:43:00+00:00,33,1,42218,52.205,52.29,52.19,52.28,261,SIZ5
2025-11-13 18:44:00+00:00,33,1,42218,52.285,52.31,52.225,52.25,149,SIZ5
2025-11-13 18:45:00+00:00,33,1,42218,52.265,52.325,52.26,52.29,146,SIZ5
2025-11-13 18:46:00+00:00,33,1,42218,52.29,52.315,52.075,52.11,410,SIZ5
2025-11-13 18:47:00+00:00,33,1,42218,52.11,52.23,52.11,52.23,124,SIZ5
2025-11-13 18:48:00+00:00,33,1,42218,52.235,52.305,52.235,52.295,112,SIZ5
2025-11-13 18:49:00+00:00,33,1,42218,52.305,52.375,52.3,52.35,170,SIZ5
2025-11-13 18:50:00+00:00,33,1,42218,52.36,52.435,52.36,52.4,229,SIZ5
2025-11-13 18:51:00+00:00,33,1,42218,52.395,52.41,52.325,52.33,126,SIZ5
2025-11-13 18:52:00+00:00,33,1,42218,52.34,52.35,52.24,52.285,279,SIZ5
2025-11-13 18:53:00+00:00,33,1,42218,52.28,52.3,52.24,52.275,220,SIZ5
2025-11-13 18:54:00+00:00,33,1,42218,52.29,52.295,52.22,52.225,63,SIZ5
2025-11-13 18:55:00+00:00,33,1,42218,52.22,52.26,52.185,52.2,94,SIZ5
2025-11-13 18:56:00+00:00,33,1,42218,52.205,52.28,52.195,52.255,46,SIZ5
2025-11-13 18:57:00+00:00,33,1,42218,52.265,52.265,52.195,52.215,36,SIZ5
2025-11-13 18:58:00+00:00,33,1,42218,52.225,52.34,52.225,52.325,98,SIZ5
2025-11-13 18:59:00+00:00,33,1,42218,52.325,52.34,52.295,52.325,75,SIZ5
2025-11-13 19:00:00+00:00,33,1,42218,52.33,52.345,52.265,52.275,53,SIZ5
2025-11-13 19:01:00+00:00,33,1,42218,52.27,52.275,52.18,52.19,98,SIZ5
2025-11-13 19:02:00+00:00,33,1,42218,52.195,52.21,52.08,52.12,193,SIZ5
2025-11-13 19:03:00+00:00,33,1,42218,52.125,52.185,52.115,52.145,119,SIZ5
2025-11-13 19:04:00+00:00,33,1,42218,52.15,52.18,52.125,52.16,52,SIZ5
2025-11-13 19:05:00+00:00,33,1,42218,52.16,52.245,52.15,52.225,71,SIZ5
2025-11-13 19:06:00+00:00,33,1,42218,52.23,52.285,52.23,52.265,93,SIZ5
2025-11-13 19:07:00+00:00,33,1,42218,52.26,52.27,52.18,52.185,80,SIZ5
2025-11-13 19:08:00+00:00,33,1,42218,52.185,52.185,52.12,52.125,103,SIZ5
2025-11-13 19:09:00+00:00,33,1,42218,52.13,52.21,52.13,52.2,67,SIZ5
2025-11-13 19:10:00+00:00,33,1,42218,52.21,52.255,52.21,52.215,36,SIZ5
2025-11-13 19:11:00+00:00,33,1,42218,52.215,52.255,52.215,52.235,20,SIZ5
2025-11-13 19:12:00+00:00,33,1,42218,52.235,52.235,52.16,52.16,38,SIZ5
2025-11-13 19:13:00+00:00,33,1,42218,52.155,52.16,52.12,52.12,48,SIZ5
2025-11-13 19:14:00+00:00,33,1,42218,52.12,52.165,52.095,52.115,57,SIZ5
2025-11-13 19:15:00+00:00,33,1,42218,52.115,52.115,52.055,52.055,51,SIZ5
2025-11-13 19:16:00+00:00,33,1,42218,52.05,52.11,52.045,52.08,119,SIZ5
2025-11-13 19:17:00+00:00,33,1,42218,52.085,52.15,52.085,52.145,48,SIZ5
2025-11-13 19:18:00+00:00,33,1,42218,52.15,52.245,52.15,52.24,110,SIZ5
2025-11-13 19:19:00+00:00,33,1,42218,52.245,52.27,52.225,52.235,40,SIZ5
2025-11-13 19:20:00+00:00,33,1,42218,52.235,52.255,52.22,52.22,50,SIZ5
2025-11-13 19:21:00+00:00,33,1,42218,52.22,52.25,52.22,52.25,34,SIZ5
2025-11-13 19:22:00+00:00,33,1,42218,52.255,52.295,52.24,52.285,150,SIZ5
2025-11-13 19:23:00+00:00,33,1,42218,52.28,52.295,52.26,52.275,47,SIZ5
2025-11-13 19:24:00+00:00,33,1,42218,52.275,52.32,52.26,52.305,96,SIZ5
2025-11-13 19:25:00+00:00,33,1,42218,52.305,52.38,52.305,52.37,57,SIZ5
2025-11-13 19:26:00+00:00,33,1,42218,52.37,52.39,52.355,52.36,63,SIZ5
2025-11-13 19:27:00+00:00,33,1,42218,52.365,52.38,52.33,52.33,65,SIZ5
2025-11-13 19:28:00+00:00,33,1,42218,52.34,52.38,52.34,52.37,35,SIZ5
2025-11-13 19:29:00+00:00,33,1,42218,52.385,52.415,52.38,52.405,30,SIZ5
2025-11-13 19:30:00+00:00,33,1,42218,52.405,52.43,52.365,52.375,55,SIZ5
2025-11-13 19:31:00+00:00,33,1,42218,52.38,52.4,52.37,52.375,42,SIZ5
2025-11-13 19:32:00+00:00,33,1,42218,52.37,52.4,52.37,52.37,24,SIZ5
2025-11-13 19:33:00+00:00,33,1,42218,52.36,52.395,52.36,52.395,63,SIZ5
2025-11-13 19:34:00+00:00,33,1,42218,52.39,52.455,52.39,52.42,52,SIZ5
2025-11-13 19:35:00+00:00,33,1,42218,52.43,52.465,52.42,52.455,63,SIZ5
2025-11-13 19:36:00+00:00,33,1,42218,52.47,52.51,52.465,52.49,241,SIZ5
2025-11-13 19:37:00+00:00,33,1,42218,52.485,52.545,52.47,52.53,236,SIZ5
2025-11-13 19:38:00+00:00,33,1,42218,52.525,52.535,52.445,52.455,62,SIZ5
2025-11-13 19:39:00+00:00,33,1,42218,52.46,52.525,52.46,52.525,44,SIZ5
2025-11-13 19:40:00+00:00,33,1,42218,52.515,52.515,52.45,52.45,83,SIZ5
2025-11-13 19:41:00+00:00,33,1,42218,52.45,52.49,52.45,52.49,25,SIZ5
2025-11-13 19:42:00+00:00,33,1,42218,52.495,52.52,52.475,52.5,35,SIZ5
2025-11-13 19:43:00+00:00,33,1,42218,52.51,52.54,52.495,52.53,41,SIZ5
2025-11-13 19:44:00+00:00,33,1,42218,52.53,52.55,52.505,52.55,44,SIZ5
2025-11-13 19:45:00+00:00,33,1,42218,52.55,52.565,52.505,52.515,48,SIZ5
2025-11-13 19:46:00+00:00,33,1,42218,52.505,52.51,52.49,52.51,25,SIZ5
2025-11-13 19:47:00+00:00,33,1,42218,52.51,52.515,52.445,52.455,24,SIZ5
2025-11-13 19:48:00+00:00,33,1,42218,52.455,52.46,52.395,52.4,46,SIZ5
2025-11-13 19:49:00+00:00,33,1,42218,52.405,52.425,52.39,52.39,30,SIZ5
2025-11-13 19:50:00+00:00,33,1,42218,52.405,52.465,52.405,52.46,30,SIZ5
2025-11-13 19:51:00+00:00,33,1,42218,52.46,52.465,52.45,52.46,22,SIZ5
2025-11-13 19:52:00+00:00,33,1,42218,52.46,52.475,52.45,52.475,30,SIZ5
2025-11-13 19:53:00+00:00,33,1,42218,52.445,52.455,52.4,52.4,24,SIZ5
2025-11-13 19:54:00+00:00,33,1,42218,52.42,52.425,52.395,52.395,47,SIZ5
2025-11-13 19:55:00+00:00,33,1,42218,52.38,52.38,52.31,52.335,89,SIZ5
2025-11-13 19:56:00+00:00,33,1,42218,52.35,52.365,52.325,52.325,92,SIZ5
2025-11-13 19:57:00+00:00,33,1,42218,52.325,52.375,52.32,52.35,87,SIZ5
2025-11-13 19:58:00+00:00,33,1,42218,52.36,52.385,52.355,52.37,19,SIZ5
2025-11-13 19:59:00+00:00,33,1,42218,52.375,52.375,52.34,52.35,15,SIZ5
2025-11-13 20:00:00+00:00,33,1,42218,52.34,52.39,52.34,52.37,47,SIZ5
2025-11-13 20:01:00+00:00,33,1,42218,52.385,52.44,52.37,52.39,84,SIZ5
2025-11-13 20:02:00+00:00,33,1,42218,52.38,52.39,52.315,52.315,98,SIZ5
2025-11-13 20:03:00+00:00,33,1,42218,52.315,52.345,52.3,52.315,58,SIZ5
2025-11-13 20:04:00+00:00,33,1,42218,52.295,52.31,52.25,52.31,83,SIZ5
2025-11-13 20:05:00+00:00,33,1,42218,52.295,52.295,52.245,52.245,68,SIZ5
2025-11-13 20:06:00+00:00,33,1,42218,52.24,52.24,52.185,52.225,121,SIZ5
2025-11-13 20:07:00+00:00,33,1,42218,52.23,52.235,52.195,52.21,26,SIZ5
2025-11-13 20:08:00+00:00,33,1,42218,52.215,52.28,52.215,52.28,45,SIZ5
2025-11-13 20:09:00+00:00,33,1,42218,52.285,52.325,52.285,52.325,26,SIZ5
2025-11-13 20:10:00+00:00,33,1,42218,52.32,52.32,52.29,52.305,15,SIZ5
2025-11-13 20:11:00+00:00,33,1,42218,52.32,52.355,52.32,52.34,15,SIZ5
2025-11-13 20:12:00+00:00,33,1,42218,52.34,52.355,52.34,52.35,7,SIZ5
2025-11-13 20:13:00+00:00,33,1,42218,52.36,52.365,52.335,52.365,27,SIZ5
2025-11-13 20:14:00+00:00,33,1,42218,52.36,52.36,52.325,52.34,17,SIZ5
2025-11-13 20:15:00+00:00,33,1,42218,52.34,52.36,52.325,52.36,20,SIZ5
2025-11-13 20:16:00+00:00,33,1,42218,52.36,52.42,52.355,52.405,24,SIZ5
2025-11-13 20:17:00+00:00,33,1,42218,52.405,52.42,52.355,52.355,29,SIZ5
2025-11-13 20:18:00+00:00,33,1,42218,52.36,52.39,52.355,52.355,41,SIZ5
2025-11-13 20:19:00+00:00,33,1,42218,52.35,52.355,52.325,52.325,8,SIZ5
2025-11-13 20:20:00+00:00,33,1,42218,52.31,52.32,52.24,52.255,47,SIZ5
2025-11-13 20:21:00+00:00,33,1,42218,52.26,52.275,52.25,52.275,8,SIZ5
2025-11-13 20:22:00+00:00,33,1,42218,52.3,52.325,52.3,52.315,24,SIZ5
2025-11-13 20:23:00+00:00,33,1,42218,52.32,52.32,52.3,52.3,10,SIZ5
2025-11-13 20:24:00+00:00,33,1,42218,52.31,52.36,52.31,52.355,35,SIZ5
2025-11-13 20:25:00+00:00,33,1,42218,52.355,52.355,52.325,52.335,17,SIZ5
2025-11-13 20:26:00+00:00,33,1,42218,52.335,52.345,52.33,52.335,15,SIZ5
2025-11-13 20:27:00+00:00,33,1,42218,52.325,52.415,52.325,52.405,75,SIZ5
2025-11-13 20:28:00+00:00,33,1,42218,52.41,52.425,52.405,52.405,56,SIZ5
2025-11-13 20:29:00+00:00,33,1,42218,52.405,52.435,52.405,52.43,18,SIZ5
2025-11-13 20:30:00+00:00,33,1,42218,52.445,52.46,52.35,52.375,137,SIZ5
2025-11-13 20:31:00+00:00,33,1,42218,52.38,52.385,52.325,52.385,111,SIZ5
2025-11-13 20:32:00+00:00,33,1,42218,52.385,52.395,52.385,52.39,8,SIZ5
2025-11-13 20:33:00+00:00,33,1,42218,52.375,52.385,52.37,52.38,24,SIZ5
2025-11-13 20:34:00+00:00,33,1,42218,52.38,52.385,52.375,52.385,13,SIZ5
2025-11-13 20:35:00+00:00,33,1,42218,52.385,52.395,52.345,52.345,31,SIZ5
2025-11-13 20:36:00+00:00,33,1,42218,52.365,52.365,52.325,52.35,28,SIZ5
2025-11-13 20:37:00+00:00,33,1,42218,52.36,52.36,52.34,52.345,10,SIZ5
2025-11-13 20:38:00+00:00,33,1,42218,52.35,52.38,52.34,52.365,19,SIZ5
2025-11-13 20:39:00+00:00,33,1,42218,52.375,52.375,52.345,52.355,28,SIZ5
2025-11-13 20:40:00+00:00,33,1,42218,52.355,52.38,52.355,52.365,23,SIZ5
2025-11-13 20:41:00+00:00,33,1,42218,52.37,52.37,52.34,52.345,20,SIZ5
2025-11-13 20:42:00+00:00,33,1,42218,52.335,52.35,52.315,52.315,24,SIZ5
2025-11-13 20:43:00+00:00,33,1,42218,52.31,52.325,52.265,52.265,33,SIZ5
2025-11-13 20:44:00+00:00,33,1,42218,52.275,52.29,52.255,52.265,34,SIZ5
2025-11-13 20:45:00+00:00,33,1,42218,52.27,52.3,52.26,52.275,67,SIZ5
2025-11-13 20:46:00+00:00,33,1,42218,52.285,52.295,52.26,52.285,20,SIZ5
2025-11-13 20:47:00+00:00,33,1,42218,52.3,52.31,52.27,52.27,33,SIZ5
2025-11-13 20:48:00+00:00,33,1,42218,52.285,52.285,52.24,52.255,19,SIZ5
2025-11-13 20:49:00+00:00,33,1,42218,52.24,52.24,52.18,52.18,55,SIZ5
2025-11-13 20:50:00+00:00,33,1,42218,52.195,52.225,52.18,52.225,75,SIZ5
2025-11-13 20:51:00+00:00,33,1,42218,52.225,52.225,52.195,52.205,28,SIZ5
2025-11-13 20:52:00+00:00,33,1,42218,52.205,52.205,52.145,52.16,35,SIZ5
2025-11-13 20:53:00+00:00,33,1,42218,52.165,52.165,52.105,52.115,88,SIZ5
2025-11-13 20:54:00+00:00,33,1,42218,52.12,52.14,52.1,52.105,36,SIZ5
2025-11-13 20:55:00+00:00,33,1,42218,52.115,52.165,52.105,52.16,73,SIZ5
2025-11-13 20:56:00+00:00,33,1,42218,52.15,52.185,52.13,52.175,57,SIZ5
2025-11-13 20:57:00+00:00,33,1,42218,52.175,52.205,52.165,52.185,36,SIZ5
2025-11-13 20:58:00+00:00,33,1,42218,52.19,52.195,52.155,52.17,30,SIZ5
2025-11-13 20:59:00+00:00,33,1,42218,52.18,52.23,52.16,52.225,103,SIZ5
2025-11-13 21:00:00+00:00,33,1,42218,52.225,52.235,52.185,52.195,49,SIZ5
2025-11-13 21:01:00+00:00,33,1,42218,52.205,52.22,52.18,52.2,29,SIZ5
2025-11-13 21:02:00+00:00,33,1,42218,52.19,52.205,52.19,52.205,7,SIZ5
2025-11-13 21:03:00+00:00,33,1,42218,52.21,52.265,52.21,52.26,23,SIZ5
2025-11-13 21:04:00+00:00,33,1,42218,52.27,52.31,52.27,52.29,58,SIZ5
2025-11-13 21:05:00+00:00,33,1,42218,52.3,52.315,52.295,52.295,14,SIZ5
2025-11-13 21:06:00+00:00,33,1,42218,52.31,52.32,52.285,52.3,17,SIZ5
2025-11-13 21:07:00+00:00,33,1,42218,52.3,52.365,52.3,52.335,73,SIZ5
2025-11-13 21:08:00+00:00,33,1,42218,52.34,52.43,52.32,52.42,74,SIZ5
2025-11-13 21:09:00+00:00,33,1,42218,52.42,52.505,52.42,52.46,208,SIZ5
2025-11-13 21:10:00+00:00,33,1,42218,52.455,52.46,52.43,52.435,39,SIZ5
2025-11-13 21:11:00+00:00,33,1,42218,52.425,52.425,52.415,52.415,10,SIZ5
2025-11-13 21:12:00+00:00,33,1,42218,52.42,52.42,52.39,52.39,16,SIZ5
2025-11-13 21:13:00+00:00,33,1,42218,52.385,52.4,52.385,52.395,8,SIZ5
2025-11-13 21:14:00+00:00,33,1,42218,52.39,52.425,52.39,52.41,29,SIZ5
2025-11-13 21:15:00+00:00,33,1,42218,52.415,52.43,52.415,52.425,20,SIZ5
2025-11-13 21:16:00+00:00,33,1,42218,52.425,52.44,52.425,52.435,8,SIZ5
2025-11-13 21:17:00+00:00,33,1,42218,52.425,52.44,52.425,52.44,4,SIZ5
2025-11-13 21:18:00+00:00,33,1,42218,52.43,52.445,52.43,52.445,12,SIZ5
2025-11-13 21:19:00+00:00,33,1,42218,52.445,52.445,52.435,52.435,6,SIZ5
2025-11-13 21:20:00+00:00,33,1,42218,52.43,52.43,52.42,52.425,8,SIZ5
2025-11-13 21:21:00+00:00,33,1,42218,52.42,52.425,52.42,52.42,3,SIZ5
2025-11-13 21:22:00+00:00,33,1,42218,52.42,52.43,52.42,52.43,6,SIZ5
2025-11-13 21:23:00+00:00,33,1,42218,52.44,52.445,52.425,52.425,10,SIZ5
2025-11-13 21:24:00+00:00,33,1,42218,52.425,52.43,52.42,52.43,20,SIZ5
2025-11-13 21:25:00+00:00,33,1,42218,52.42,52.425,52.42,52.42,9,SIZ5
2025-11-13 21:26:00+00:00,33,1,42218,52.42,52.44,52.42,52.435,11,SIZ5
2025-11-13 21:27:00+00:00,33,1,42218,52.44,52.44,52.43,52.43,3,SIZ5
2025-11-13 21:28:00+00:00,33,1,42218,52.42,52.42,52.38,52.38,14,SIZ5
2025-11-13 21:29:00+00:00,33,1,42218,52.38,52.385,52.335,52.36,111,SIZ5
2025-11-13 21:30:00+00:00,33,1,42218,52.37,52.385,52.355,52.355,7,SIZ5
2025-11-13 21:31:00+00:00,33,1,42218,52.35,52.37,52.35,52.37,6,SIZ5
2025-11-13 21:32:00+00:00,33,1,42218,52.37,52.37,52.37,52.37,3,SIZ5
2025-11-13 21:33:00+00:00,33,1,42218,52.365,52.37,52.355,52.355,16,SIZ5
2025-11-13 21:34:00+00:00,33,1,42218,52.35,52.35,52.34,52.34,10,SIZ5
2025-11-13 21:35:00+00:00,33,1,42218,52.34,52.34,52.26,52.26,32,SIZ5
2025-11-13 21:36:00+00:00,33,1,42218,52.27,52.27,52.26,52.265,10,SIZ5
2025-11-13 21:37:00+00:00,33,1,42218,52.26,52.29,52.26,52.285,14,SIZ5
2025-11-13 21:38:00+00:00,33,1,42218,52.29,52.29,52.255,52.255,14,SIZ5
2025-11-13 21:39:00+00:00,33,1,42218,52.26,52.285,52.25,52.25,59,SIZ5
2025-11-13 21:40:00+00:00,33,1,42218,52.25,52.27,52.25,52.265,6,SIZ5
2025-11-13 21:41:00+00:00,33,1,42218,52.275,52.285,52.275,52.28,8,SIZ5
2025-11-13 21:42:00+00:00,33,1,42218,52.285,52.285,52.28,52.28,2,SIZ5
2025-11-13 21:43:00+00:00,33,1,42218,52.285,52.285,52.27,52.27,7,SIZ5
2025-11-13 21:44:00+00:00,33,1,42218,52.27,52.305,52.27,52.305,11,SIZ5
2025-11-13 21:45:00+00:00,33,1,42218,52.29,52.315,52.285,52.315,10,SIZ5
2025-11-13 21:46:00+00:00,33,1,42218,52.32,52.32,52.32,52.32,2,SIZ5
2025-11-13 21:47:00+00:00,33,1,42218,52.31,52.31,52.295,52.295,3,SIZ5
2025-11-13 21:48:00+00:00,33,1,42218,52.3,52.3,52.27,52.27,10,SIZ5
2025-11-13 21:49:00+00:00,33,1,42218,52.275,52.28,52.275,52.28,2,SIZ5
2025-11-13 21:50:00+00:00,33,1,42218,52.285,52.285,52.285,52.285,1,SIZ5
2025-11-13 21:51:00+00:00,33,1,42218,52.29,52.29,52.28,52.28,3,SIZ5
2025-11-13 21:52:00+00:00,33,1,42218,52.275,52.28,52.275,52.28,4,SIZ5
2025-11-13 21:53:00+00:00,33,1,42218,52.27,52.27,52.25,52.25,16,SIZ5
2025-11-13 21:54:00+00:00,33,1,42218,52.25,52.255,52.25,52.25,4,SIZ5
2025-11-13 21:55:00+00:00,33,1,42218,52.26,52.265,52.26,52.265,3,SIZ5
2025-11-13 21:56:00+00:00,33,1,42218,52.265,52.265,52.26,52.26,5,SIZ5
2025-11-13 21:57:00+00:00,33,1,42218,52.255,52.255,52.23,52.235,13,SIZ5
2025-11-13 21:58:00+00:00,33,1,42218,52.24,52.24,52.22,52.23,11,SIZ5
2025-11-13 21:59:00+00:00,33,1,42218,52.235,52.24,52.215,52.23,37,SIZ5
2025-11-13 23:00:00+00:00,33,1,42218,52.2,52.21,52.085,52.195,78,SIZ5
2025-11-13 23:01:00+00:00,33,1,42218,52.19,52.23,52.175,52.23,25,SIZ5
2025-11-13 23:02:00+00:00,33,1,42218,52.22,52.22,52.14,52.175,102,SIZ5
2025-11-13 23:03:00+00:00,33,1,42218,52.185,52.225,52.185,52.215,30,SIZ5
2025-11-13 23:04:00+00:00,33,1,42218,52.225,52.235,52.205,52.22,28,SIZ5
2025-11-13 23:05:00+00:00,33,1,42218,52.24,52.27,52.215,52.265,59,SIZ5
2025-11-13 23:06:00+00:00,33,1,42218,52.275,52.365,52.26,52.34,116,SIZ5
2025-11-13 23:07:00+00:00,33,1,42218,52.35,52.36,52.31,52.36,36,SIZ5
2025-11-13 23:08:00+00:00,33,1,42218,52.355,52.355,52.325,52.325,10,SIZ5
2025-11-13 23:09:00+00:00,33,1,42218,52.325,52.35,52.325,52.34,17,SIZ5
2025-11-13 23:10:00+00:00,33,1,42218,52.32,52.345,52.305,52.34,15,SIZ5
2025-11-13 23:11:00+00:00,33,1,42218,52.33,52.335,52.3,52.33,30,SIZ5
2025-11-13 23:12:00+00:00,33,1,42218,52.325,52.325,52.295,52.315,19,SIZ5
2025-11-13 23:13:00+00:00,33,1,42218,52.305,52.32,52.305,52.32,4,SIZ5
2025-11-13 23:14:00+00:00,33,1,42218,52.31,52.33,52.305,52.325,14,SIZ5
2025-11-13 23:15:00+00:00,33,1,42218,52.32,52.34,52.32,52.34,14,SIZ5
2025-11-13 23:16:00+00:00,33,1,42218,52.345,52.355,52.335,52.345,27,SIZ5
2025-11-13 23:17:00+00:00,33,1,42218,52.335,52.35,52.335,52.34,6,SIZ5
2025-11-13 23:18:00+00:00,33,1,42218,52.345,52.39,52.345,52.38,44,SIZ5
2025-11-13 23:19:00+00:00,33,1,42218,52.365,52.375,52.36,52.37,11,SIZ5
2025-11-13 23:20:00+00:00,33,1,42218,52.36,52.38,52.355,52.38,15,SIZ5
2025-11-13 23:21:00+00:00,33,1,42218,52.38,52.4,52.38,52.39,19,SIZ5
2025-11-13 23:22:00+00:00,33,1,42218,52.395,52.395,52.365,52.365,16,SIZ5
2025-11-13 23:23:00+00:00,33,1,42218,52.36,52.39,52.36,52.365,49,SIZ5
2025-11-13 23:24:00+00:00,33,1,42218,52.37,52.37,52.35,52.36,14,SIZ5
2025-11-13 23:25:00+00:00,33,1,42218,52.36,52.37,52.33,52.36,40,SIZ5
2025-11-13 23:26:00+00:00,33,1,42218,52.35,52.385,52.35,52.38,16,SIZ5
2025-11-13 23:27:00+00:00,33,1,42218,52.38,52.39,52.38,52.38,7,SIZ5
2025-11-13 23:28:00+00:00,33,1,42218,52.39,52.42,52.385,52.42,32,SIZ5
2025-11-13 23:29:00+00:00,33,1,42218,52.415,52.46,52.4,52.4,32,SIZ5
2025-11-13 23:30:00+00:00,33,1,42218,52.39,52.405,52.37,52.38,23,SIZ5
2025-11-13 23:31:00+00:00,33,1,42218,52.38,52.41,52.38,52.405,7,SIZ5
2025-11-13 23:32:00+00:00,33,1,42218,52.405,52.435,52.405,52.425,18,SIZ5
2025-11-13 23:33:00+00:00,33,1,42218,52.44,52.445,52.425,52.43,11,SIZ5
2025-11-13 23:34:00+00:00,33,1,42218,52.42,52.425,52.415,52.425,5,SIZ5
2025-11-13 23:35:00+00:00,33,1,42218,52.43,52.43,52.41,52.415,9,SIZ5
2025-11-13 23:36:00+00:00,33,1,42218,52.415,52.415,52.4,52.4,6,SIZ5
2025-11-13 23:37:00+00:00,33,1,42218,52.385,52.385,52.36,52.36,7,SIZ5
2025-11-13 23:38:00+00:00,33,1,42218,52.365,52.415,52.365,52.415,28,SIZ5
2025-11-13 23:39:00+00:00,33,1,42218,52.415,52.46,52.405,52.46,38,SIZ5
2025-11-13 23:40:00+00:00,33,1,42218,52.46,52.46,52.445,52.445,7,SIZ5
2025-11-13 23:41:00+00:00,33,1,42218,52.435,52.445,52.415,52.415,20,SIZ5
2025-11-13 23:42:00+00:00,33,1,42218,52.42,52.43,52.415,52.43,12,SIZ5
2025-11-13 23:43:00+00:00,33,1,42218,52.425,52.425,52.42,52.425,4,SIZ5
2025-11-13 23:44:00+00:00,33,1,42218,52.415,52.42,52.415,52.42,3,SIZ5
2025-11-13 23:45:00+00:00,33,1,42218,52.43,52.43,52.42,52.43,7,SIZ5
2025-11-13 23:46:00+00:00,33,1,42218,52.42,52.435,52.42,52.435,12,SIZ5
2025-11-13 23:47:00+00:00,33,1,42218,52.435,52.475,52.435,52.445,15,SIZ5
2025-11-13 23:48:00+00:00,33,1,42218,52.46,52.48,52.46,52.47,10,SIZ5
2025-11-13 23:49:00+00:00,33,1,42218,52.47,52.47,52.455,52.465,8,SIZ5
2025-11-13 23:50:00+00:00,33,1,42218,52.46,52.485,52.455,52.465,21,SIZ5
2025-11-13 23:51:00+00:00,33,1,42218,52.465,52.48,52.435,52.48,29,SIZ5
2025-11-13 23:52:00+00:00,33,1,42218,52.445,52.48,52.445,52.48,15,SIZ5
2025-11-13 23:53:00+00:00,33,1,42218,52.48,52.48,52.45,52.465,10,SIZ5
2025-11-13 23:54:00+00:00,33,1,42218,52.445,52.445,52.44,52.44,4,SIZ5
2025-11-13 23:55:00+00:00,33,1,42218,52.45,52.46,52.44,52.46,13,SIZ5
2025-11-13 23:56:00+00:00,33,1,42218,52.455,52.455,52.435,52.435,7,SIZ5
2025-11-13 23:57:00+00:00,33,1,42218,52.44,52.465,52.44,52.465,11,SIZ5
2025-11-13 23:58:00+00:00,33,1,42218,52.465,52.465,52.45,52.45,9,SIZ5
2025-11-13 23:59:00+00:00,33,1,42218,52.44,52.45,52.415,52.45,17,SIZ5
2025-11-14 00:00:00+00:00,33,1,42218,52.445,52.45,52.43,52.43,21,SIZ5
2025-11-14 00:01:00+00:00,33,1,42218,52.44,52.45,52.435,52.445,14,SIZ5
2025-11-14 00:02:00+00:00,33,1,42218,52.445,52.455,52.43,52.455,28,SIZ5
2025-11-14 00:03:00+00:00,33,1,42218,52.44,52.46,52.435,52.445,27,SIZ5
2025-11-14 00:04:00+00:00,33,1,42218,52.445,52.475,52.445,52.445,23,SIZ5
2025-11-14 00:05:00+00:00,33,1,42218,52.445,52.475,52.445,52.46,49,SIZ5
2025-11-14 00:06:00+00:00,33,1,42218,52.455,52.46,52.44,52.45,32,SIZ5
2025-11-14 00:07:00+00:00,33,1,42218,52.445,52.465,52.44,52.445,27,SIZ5
2025-11-14 00:08:00+00:00,33,1,42218,52.445,52.46,52.435,52.445,49,SIZ5
2025-11-14 00:09:00+00:00,33,1,42218,52.445,52.45,52.425,52.45,26,SIZ5
2025-11-14 00:10:00+00:00,33,1,42218,52.455,52.475,52.445,52.47,21,SIZ5
2025-11-14 00:11:00+00:00,33,1,42218,52.465,52.48,52.465,52.48,7,SIZ5
2025-11-14 00:12:00+00:00,33,1,42218,52.465,52.495,52.465,52.495,12,SIZ5
2025-11-14 00:13:00+00:00,33,1,42218,52.5,52.5,52.48,52.495,21,SIZ5
2025-11-14 00:14:00+00:00,33,1,42218,52.5,52.515,52.485,52.515,12,SIZ5
2025-11-14 00:15:00+00:00,33,1,42218,52.525,52.53,52.51,52.515,30,SIZ5
2025-11-14 00:16:00+00:00,33,1,42218,52.52,52.535,52.51,52.525,45,SIZ5
2025-11-14 00:17:00+00:00,33,1,42218,52.535,52.555,52.535,52.54,31,SIZ5
2025-11-14 00:18:00+00:00,33,1,42218,52.545,52.565,52.545,52.56,26,SIZ5
2025-11-14 00:19:00+00:00,33,1,42218,52.55,52.725,52.55,52.635,218,SIZ5
2025-11-14 00:20:00+00:00,33,1,42218,52.625,52.65,52.61,52.62,78,SIZ5
2025-11-14 00:21:00+00:00,33,1,42218,52.62,52.675,52.615,52.645,67,SIZ5
2025-11-14 00:22:00+00:00,33,1,42218,52.645,52.65,52.625,52.625,41,SIZ5
2025-11-14 00:23:00+00:00,33,1,42218,52.62,52.625,52.605,52.605,19,SIZ5
2025-11-14 00:24:00+00:00,33,1,42218,52.6,52.6,52.56,52.56,24,SIZ5
2025-11-14 00:25:00+00:00,33,1,42218,52.57,52.59,52.56,52.585,14,SIZ5
2025-11-14 00:26:00+00:00,33,1,42218,52.58,52.58,52.565,52.57,19,SIZ5
2025-11-14 00:27:00+00:00,33,1,42218,52.56,52.565,52.55,52.56,13,SIZ5
2025-11-14 00:28:00+00:00,33,1,42218,52.565,52.62,52.565,52.61,39,SIZ5
2025-11-14 00:29:00+00:00,33,1,42218,52.61,52.66,52.605,52.66,34,SIZ5
2025-11-14 00:30:00+00:00,33,1,42218,52.66,52.66,52.625,52.63,45,SIZ5
2025-11-14 00:31:00+00:00,33,1,42218,52.62,52.62,52.575,52.615,39,SIZ5
2025-11-14 00:32:00+00:00,33,1,42218,52.605,52.62,52.595,52.62,12,SIZ5
2025-11-14 00:33:00+00:00,33,1,42218,52.615,52.615,52.6,52.615,25,SIZ5
2025-11-14 00:34:00+00:00,33,1,42218,52.61,52.63,52.605,52.63,4,SIZ5
2025-11-14 00:35:00+00:00,33,1,42218,52.63,52.64,52.62,52.62,15,SIZ5
2025-11-14 00:36:00+00:00,33,1,42218,52.625,52.625,52.615,52.615,4,SIZ5
2025-11-14 00:37:00+00:00,33,1,42218,52.63,52.63,52.595,52.605,42,SIZ5
2025-11-14 00:38:00+00:00,33,1,42218,52.61,52.635,52.61,52.63,16,SIZ5
2025-11-14 00:39:00+00:00,33,1,42218,52.625,52.635,52.625,52.635,17,SIZ5
2025-11-14 00:40:00+00:00,33,1,42218,52.63,52.635,52.62,52.62,8,SIZ5
2025-11-14 00:41:00+00:00,33,1,42218,52.62,52.62,52.615,52.615,2,SIZ5
2025-11-14 00:42:00+00:00,33,1,42218,52.61,52.63,52.605,52.61,17,SIZ5
2025-11-14 00:43:00+00:00,33,1,42218,52.605,52.61,52.59,52.595,23,SIZ5
2025-11-14 00:44:00+00:00,33,1,42218,52.59,52.605,52.585,52.6,21,SIZ5
2025-11-14 00:45:00+00:00,33,1,42218,52.61,52.62,52.605,52.605,14,SIZ5
2025-11-14 00:46:00+00:00,33,1,42218,52.605,52.625,52.59,52.59,23,SIZ5
2025-11-14 00:47:00+00:00,33,1,42218,52.595,52.615,52.575,52.615,20,SIZ5
2025-11-14 00:48:00+00:00,33,1,42218,52.615,52.615,52.595,52.6,6,SIZ5
2025-11-14 00:49:00+00:00,33,1,42218,52.615,52.625,52.605,52.605,11,SIZ5
2025-11-14 00:50:00+00:00,33,1,42218,52.605,52.62,52.6,52.61,25,SIZ5
2025-11-14 00:51:00+00:00,33,1,42218,52.61,52.61,52.57,52.57,38,SIZ5
2025-11-14 00:52:00+00:00,33,1,42218,52.565,52.58,52.545,52.545,36,SIZ5
2025-11-14 00:53:00+00:00,33,1,42218,52.54,52.575,52.535,52.575,20,SIZ5
2025-11-14 00:54:00+00:00,33,1,42218,52.58,52.59,52.57,52.575,32,SIZ5
2025-11-14 00:55:00+00:00,33,1,42218,52.575,52.585,52.565,52.585,18,SIZ5
2025-11-14 00:56:00+00:00,33,1,42218,52.59,52.62,52.59,52.605,53,SIZ5
2025-11-14 00:57:00+00:00,33,1,42218,52.59,52.61,52.585,52.6,53,SIZ5
2025-11-14 00:58:00+00:00,33,1,42218,52.605,52.655,52.595,52.655,100,SIZ5
2025-11-14 00:59:00+00:00,33,1,42218,52.65,52.655,52.615,52.64,63,SIZ5
2025-11-14 01:00:00+00:00,33,1,42218,52.63,52.67,52.59,52.66,373,SIZ5
2025-11-14 01:01:00+00:00,33,1,42218,52.66,52.765,52.645,52.735,125,SIZ5
2025-11-14 01:02:00+00:00,33,1,42218,52.74,52.835,52.71,52.81,162,SIZ5
2025-11-14 01:03:00+00:00,33,1,42218,52.82,52.88,52.815,52.85,147,SIZ5
2025-11-14 01:04:00+00:00,33,1,42218,52.85,52.85,52.76,52.78,330,SIZ5
2025-11-14 01:05:00+00:00,33,1,42218,52.765,52.795,52.74,52.775,103,SIZ5
2025-11-14 01:06:00+00:00,33,1,42218,52.775,52.825,52.765,52.815,35,SIZ5
2025-11-14 01:07:00+00:00,33,1,42218,52.81,52.85,52.81,52.835,45,SIZ5
2025-11-14 01:08:00+00:00,33,1,42218,52.835,52.855,52.815,52.835,79,SIZ5
2025-11-14 01:09:00+00:00,33,1,42218,52.835,52.835,52.78,52.83,25,SIZ5
2025-11-14 01:10:00+00:00,33,1,42218,52.815,52.835,52.775,52.775,29,SIZ5
2025-11-14 01:11:00+00:00,33,1,42218,52.77,52.77,52.735,52.765,46,SIZ5
2025-11-14 01:12:00+00:00,33,1,42218,52.765,52.77,52.695,52.7,29,SIZ5
2025-11-14 01:13:00+00:00,33,1,42218,52.695,52.73,52.68,52.68,33,SIZ5
2025-11-14 01:14:00+00:00,33,1,42218,52.69,52.7,52.69,52.7,10,SIZ5
2025-11-14 01:15:00+00:00,33,1,42218,52.69,52.73,52.69,52.695,22,SIZ5
2025-11-14 01:16:00+00:00,33,1,42218,52.7,52.73,52.685,52.725,19,SIZ5
2025-11-14 01:17:00+00:00,33,1,42218,52.73,52.73,52.615,52.625,48,SIZ5
2025-11-14 01:18:00+00:00,33,1,42218,52.62,52.64,52.58,52.615,50,SIZ5
2025-11-14 01:19:00+00:00,33,1,42218,52.615,52.635,52.595,52.63,41,SIZ5
2025-11-14 01:20:00+00:00,33,1,42218,52.6,52.61,52.55,52.585,55,SIZ5
2025-11-14 01:21:00+00:00,33,1,42218,52.59,52.595,52.52,52.57,61,SIZ5
2025-11-14 01:22:00+00:00,33,1,42218,52.59,52.61,52.57,52.58,35,SIZ5
2025-11-14 01:23:00+00:00,33,1,42218,52.55,52.56,52.505,52.51,16,SIZ5
2025-11-14 01:24:00+00:00,33,1,42218,52.515,52.565,52.49,52.505,31,SIZ5
2025-11-14 01:25:00+00:00,33,1,42218,52.505,52.57,52.505,52.56,17,SIZ5
2025-11-14 01:26:00+00:00,33,1,42218,52.565,52.585,52.545,52.545,22,SIZ5
2025-11-14 01:27:00+00:00,33,1,42218,52.54,52.565,52.54,52.565,13,SIZ5
2025-11-14 01:28:00+00:00,33,1,42218,52.57,52.575,52.535,52.535,8,SIZ5
2025-11-14 01:29:00+00:00,33,1,42218,52.515,52.515,52.48,52.51,31,SIZ5
2025-11-14 01:30:00+00:00,33,1,42218,52.505,52.575,52.505,52.57,36,SIZ5
2025-11-14 01:31:00+00:00,33,1,42218,52.575,52.625,52.575,52.6,27,SIZ5
2025-11-14 01:32:00+00:00,33,1,42218,52.64,52.645,52.58,52.61,35,SIZ5
2025-11-14 01:33:00+00:00,33,1,42218,52.59,52.595,52.56,52.575,27,SIZ5
2025-11-14 01:34:00+00:00,33,1,42218,52.59,52.59,52.55,52.56,11,SIZ5
2025-11-14 01:35:00+00:00,33,1,42218,52.555,52.6,52.55,52.6,9,SIZ5
2025-11-14 01:36:00+00:00,33,1,42218,52.615,52.63,52.6,52.63,18,SIZ5
2025-11-14 01:37:00+00:00,33,1,42218,52.635,52.665,52.625,52.665,34,SIZ5
2025-11-14 01:38:00+00:00,33,1,42218,52.68,52.71,52.68,52.69,26,SIZ5
2025-11-14 01:39:00+00:00,33,1,42218,52.695,52.695,52.675,52.685,13,SIZ5
2025-11-14 01:40:00+00:00,33,1,42218,52.705,52.705,52.63,52.645,39,SIZ5
2025-11-14 01:41:00+00:00,33,1,42218,52.645,52.69,52.645,52.675,47,SIZ5
2025-11-14 01:42:00+00:00,33,1,42218,52.68,52.72,52.675,52.72,45,SIZ5
2025-11-14 01:43:00+00:00,33,1,42218,52.71,52.72,52.69,52.705,21,SIZ5
2025-11-14 01:44:00+00:00,33,1,42218,52.705,52.735,52.705,52.73,34,SIZ5
2025-11-14 01:45:00+00:00,33,1,42218,52.735,52.77,52.735,52.765,56,SIZ5
2025-11-14 01:46:00+00:00,33,1,42218,52.76,52.825,52.76,52.8,63,SIZ5
2025-11-14 01:47:00+00:00,33,1,42218,52.815,52.84,52.8,52.82,33,SIZ5
2025-11-14 01:48:00+00:00,33,1,42218,52.815,52.83,52.795,52.815,37,SIZ5
2025-11-14 01:49:00+00:00,33,1,42218,52.805,52.835,52.805,52.83,24,SIZ5
2025-11-14 01:50:00+00:00,33,1,42218,52.825,52.84,52.815,52.84,23,SIZ5
2025-11-14 01:51:00+00:00,33,1,42218,52.835,52.84,52.805,52.835,47,SIZ5
2025-11-14 01:52:00+00:00,33,1,42218,52.84,52.875,52.84,52.87,137,SIZ5
2025-11-14 01:53:00+00:00,33,1,42218,52.855,52.87,52.85,52.865,35,SIZ5
2025-11-14 01:54:00+00:00,33,1,42218,52.87,52.92,52.87,52.885,83,SIZ5
2025-11-14 01:55:00+00:00,33,1,42218,52.89,52.91,52.89,52.9,53,SIZ5
2025-11-14 01:56:00+00:00,33,1,42218,52.9,52.91,52.88,52.91,31,SIZ5
2025-11-14 01:57:00+00:00,33,1,42218,52.895,52.92,52.885,52.895,55,SIZ5
2025-11-14 01:58:00+00:00,33,1,42218,52.89,52.89,52.83,52.845,66,SIZ5
2025-11-14 01:59:00+00:00,33,1,42218,52.845,52.855,52.815,52.84,50,SIZ5
2025-11-14 02:00:00+00:00,33,1,42218,52.85,52.865,52.81,52.82,55,SIZ5
2025-11-14 02:01:00+00:00,33,1,42218,52.825,52.875,52.82,52.875,29,SIZ5
2025-11-14 02:02:00+00:00,33,1,42218,52.88,52.88,52.83,52.85,32,SIZ5
2025-11-14 02:03:00+00:00,33,1,42218,52.865,52.865,52.85,52.855,12,SIZ5
2025-11-14 02:04:00+00:00,33,1,42218,52.855,52.855,52.835,52.84,14,SIZ5
2025-11-14 02:05:00+00:00,33,1,42218,52.835,52.835,52.795,52.815,48,SIZ5
2025-11-14 02:06:00+00:00,33,1,42218,52.8,52.81,52.795,52.805,19,SIZ5
2025-11-14 02:07:00+00:00,33,1,42218,52.82,52.825,52.795,52.815,25,SIZ5
2025-11-14 02:08:00+00:00,33,1,42218,52.84,52.86,52.82,52.845,42,SIZ5
2025-11-14 02:09:00+00:00,33,1,42218,52.86,52.87,52.845,52.855,54,SIZ5
2025-11-14 02:10:00+00:00,33,1,42218,52.855,52.86,52.835,52.86,18,SIZ5
2025-11-14 02:11:00+00:00,33,1,42218,52.875,52.93,52.875,52.925,51,SIZ5
2025-11-14 02:12:00+00:00,33,1,42218,52.925,52.97,52.925,52.97,89,SIZ5
2025-11-14 02:13:00+00:00,33,1,42218,52.965,52.995,52.945,52.945,108,SIZ5
2025-11-14 02:14:00+00:00,33,1,42218,52.94,52.955,52.92,52.93,35,SIZ5
2025-11-14 02:15:00+00:00,33,1,42218,52.93,52.945,52.93,52.935,16,SIZ5
2025-11-14 02:16:00+00:00,33,1,42218,52.93,52.945,52.93,52.935,8,SIZ5
2025-11-14 02:17:00+00:00,33,1,42218,52.925,52.925,52.885,52.91,25,SIZ5
2025-11-14 02:18:00+00:00,33,1,42218,52.91,52.92,52.9,52.92,11,SIZ5
2025-11-14 02:19:00+00:00,33,1,42218,52.925,52.94,52.925,52.93,9,SIZ5
2025-11-14 02:20:00+00:00,33,1,42218,52.935,52.95,52.93,52.95,22,SIZ5
2025-11-14 02:21:00+00:00,33,1,42218,52.955,53.04,52.94,53.035,147,SIZ5
2025-11-14 02:22:00+00:00,33,1,42218,53.04,53.04,53.005,53.01,51,SIZ5
2025-11-14 02:23:00+00:00,33,1,42218,53.015,53.08,53.015,53.08,101,SIZ5
2025-11-14 02:24:00+00:00,33,1,42218,53.075,53.105,53.07,53.075,67,SIZ5
2025-11-14 02:25:00+00:00,33,1,42218,53.08,53.135,53.08,53.125,62,SIZ5
2025-11-14 02:26:00+00:00,33,1,42218,53.12,53.125,53.09,53.125,55,SIZ5
2025-11-14 02:27:00+00:00,33,1,42218,53.115,53.145,53.11,53.13,53,SIZ5
2025-11-14 02:28:00+00:00,33,1,42218,53.13,53.14,53.1,53.1,28,SIZ5
2025-11-14 02:29:00+00:00,33,1,42218,53.095,53.1,53.03,53.05,58,SIZ5
2025-11-14 02:30:00+00:00,33,1,42218,53.05,53.1,53.025,53.1,91,SIZ5
2025-11-14 02:31:00+00:00,33,1,42218,53.095,53.14,53.075,53.075,46,SIZ5
2025-11-14 02:32:00+00:00,33,1,42218,53.09,53.1,53.06,53.07,53,SIZ5
2025-11-14 02:33:00+00:00,33,1,42218,53.085,53.135,53.085,53.11,35,SIZ5
2025-11-14 02:34:00+00:00,33,1,42218,53.12,53.145,53.11,53.145,33,SIZ5
2025-11-14 02:35:00+00:00,33,1,42218,53.135,53.15,53.11,53.145,61,SIZ5
2025-11-14 02:36:00+00:00,33,1,42218,53.13,53.13,53.095,53.095,42,SIZ5
2025-11-14 02:37:00+00:00,33,1,42218,53.09,53.12,53.09,53.095,45,SIZ5
2025-11-14 02:38:00+00:00,33,1,42218,53.09,53.11,53.08,53.105,60,SIZ5
2025-11-14 02:39:00+00:00,33,1,42218,53.105,53.13,53.105,53.115,61,SIZ5
2025-11-14 02:40:00+00:00,33,1,42218,53.115,53.145,53.11,53.115,26,SIZ5
2025-11-14 02:41:00+00:00,33,1,42218,53.115,53.14,53.1,53.14,41,SIZ5
2025-11-14 02:42:00+00:00,33,1,42218,53.115,53.125,53.11,53.125,18,SIZ5
2025-11-14 02:43:00+00:00,33,1,42218,53.12,53.165,53.105,53.165,84,SIZ5
2025-11-14 02:44:00+00:00,33,1,42218,53.15,53.165,53.15,53.155,31,SIZ5
2025-11-14 02:45:00+00:00,33,1,42218,53.155,53.165,53.145,53.155,23,SIZ5
2025-11-14 02:46:00+00:00,33,1,42218,53.16,53.16,53.11,53.13,67,SIZ5
2025-11-14 02:47:00+00:00,33,1,42218,53.13,53.14,53.105,53.14,48,SIZ5
2025-11-14 02:48:00+00:00,33,1,42218,53.135,53.15,53.115,53.135,54,SIZ5
2025-11-14 02:49:00+00:00,33,1,42218,53.13,53.165,53.125,53.15,45,SIZ5
2025-11-14 02:50:00+00:00,33,1,42218,53.155,53.215,53.155,53.215,151,SIZ5
2025-11-14 02:51:00+00:00,33,1,42218,53.21,53.22,53.18,53.19,49,SIZ5
2025-11-14 02:52:00+00:00,33,1,42218,53.185,53.21,53.17,53.195,48,SIZ5
2025-11-14 02:53:00+00:00,33,1,42218,53.2,53.245,53.2,53.22,56,SIZ5
2025-11-14 02:54:00+00:00,33,1,42218,53.24,53.24,53.17,53.17,57,SIZ5
2025-11-14 02:55:00+00:00,33,1,42218,53.17,53.17,53.11,53.11,80,SIZ5
2025-11-14 02:56:00+00:00,33,1,42218,53.12,53.155,53.12,53.155,24,SIZ5
2025-11-14 02:57:00+00:00,33,1,42218,53.155,53.205,53.155,53.2,53,SIZ5
2025-11-14 02:58:00+00:00,33,1,42218,53.195,53.22,53.155,53.18,141,SIZ5
2025-11-14 02:59:00+00:00,33,1,42218,53.18,53.18,53.14,53.14,35,SIZ5
2025-11-14 03:00:00+00:00,33,1,42218,53.12,53.125,53.065,53.085,39,SIZ5
2025-11-14 03:01:00+00:00,33,1,42218,53.075,53.09,53.05,53.085,57,SIZ5
2025-11-14 03:02:00+00:00,33,1,42218,53.09,53.125,53.07,53.125,57,SIZ5
2025-11-14 03:03:00+00:00,33,1,42218,53.12,53.17,53.12,53.125,49,SIZ5
2025-11-14 03:04:00+00:00,33,1,42218,53.125,53.13,53.095,53.095,49,SIZ5
2025-11-14 03:05:00+00:00,33,1,42218,53.09,53.1,53.05,53.065,59,SIZ5
2025-11-14 03:06:00+00:00,33,1,42218,53.06,53.075,53.03,53.075,46,SIZ5
2025-11-14 03:07:00+00:00,33,1,42218,53.07,53.105,53.07,53.1,30,SIZ5
2025-11-14 03:08:00+00:00,33,1,42218,53.1,53.125,53.1,53.125,45,SIZ5
2025-11-14 03:09:00+00:00,33,1,42218,53.13,53.175,53.12,53.16,59,SIZ5
2025-11-14 03:10:00+00:00,33,1,42218,53.16,53.16,53.12,53.14,34,SIZ5
2025-11-14 03:11:00+00:00,33,1,42218,53.145,53.145,53.105,53.13,14,SIZ5
2025-11-14 03:12:00+00:00,33,1,42218,53.105,53.105,53.095,53.105,7,SIZ5
2025-11-14 03:13:00+00:00,33,1,42218,53.09,53.135,53.085,53.125,72,SIZ5
2025-11-14 03:14:00+00:00,33,1,42218,53.11,53.14,53.11,53.13,15,SIZ5
2025-11-14 03:15:00+00:00,33,1,42218,53.13,53.135,53.095,53.105,14,SIZ5
2025-11-14 03:16:00+00:00,33,1,42218,53.12,53.165,53.12,53.165,17,SIZ5
2025-11-14 03:17:00+00:00,33,1,42218,53.17,53.18,53.135,53.135,21,SIZ5
2025-11-14 03:18:00+00:00,33,1,42218,53.155,53.175,53.155,53.165,9,SIZ5
2025-11-14 03:19:00+00:00,33,1,42218,53.16,53.19,53.16,53.175,21,SIZ5
2025-11-14 03:20:00+00:00,33,1,42218,53.17,53.21,53.17,53.175,27,SIZ5
2025-11-14 03:21:00+00:00,33,1,42218,53.175,53.195,53.17,53.18,21,SIZ5
2025-11-14 03:22:00+00:00,33,1,42218,53.18,53.2,53.16,53.195,34,SIZ5
2025-11-14 03:23:00+00:00,33,1,42218,53.2,53.24,53.2,53.23,42,SIZ5
2025-11-14 03:24:00+00:00,33,1,42218,53.24,53.315,53.24,53.295,133,SIZ5
2025-11-14 03:25:00+00:00,33,1,42218,53.295,53.31,53.26,53.3,61,SIZ5
2025-11-14 03:26:00+00:00,33,1,42218,53.295,53.295,53.265,53.285,54,SIZ5
2025-11-14 03:27:00+00:00,33,1,42218,53.285,53.3,53.28,53.3,37,SIZ5
2025-11-14 03:28:00+00:00,33,1,42218,53.29,53.305,53.28,53.3,31,SIZ5
2025-11-14 03:29:00+00:00,33,1,42218,53.29,53.32,53.29,53.32,41,SIZ5
2025-11-14 03:30:00+00:00,33,1,42218,53.31,53.355,53.295,53.355,90,SIZ5
2025-11-14 03:31:00+00:00,33,1,42218,53.355,53.37,53.34,53.345,54,SIZ5
2025-11-14 03:32:00+00:00,33,1,42218,53.34,53.375,53.315,53.32,37,SIZ5
2025-11-14 03:33:00+00:00,33,1,42218,53.32,53.33,53.285,53.3,30,SIZ5
2025-11-14 03:34:00+00:00,33,1,42218,53.29,53.29,53.235,53.235,31,SIZ5
2025-11-14 03:35:00+00:00,33,1,42218,53.235,53.27,53.235,53.255,19,SIZ5
2025-11-14 03:36:00+00:00,33,1,42218,53.24,53.25,53.24,53.245,5,SIZ5
2025-11-14 03:37:00+00:00,33,1,42218,53.26,53.27,53.24,53.25,10,SIZ5
2025-11-14 03:38:00+00:00,33,1,42218,53.25,53.255,53.25,53.255,2,SIZ5
2025-11-14 03:39:00+00:00,33,1,42218,53.245,53.25,53.24,53.25,3,SIZ5
2025-11-14 03:40:00+00:00,33,1,42218,53.25,53.26,53.24,53.24,10,SIZ5
2025-11-14 03:41:00+00:00,33,1,42218,53.25,53.265,53.25,53.255,17,SIZ5
2025-11-14 03:42:00+00:00,33,1,42218,53.25,53.255,53.24,53.245,13,SIZ5
2025-11-14 03:43:00+00:00,33,1,42218,53.245,53.245,53.225,53.23,14,SIZ5
2025-11-14 03:44:00+00:00,33,1,42218,53.235,53.235,53.2,53.22,26,SIZ5
2025-11-14 03:45:00+00:00,33,1,42218,53.225,53.225,53.19,53.215,24,SIZ5
2025-11-14 03:46:00+00:00,33,1,42218,53.21,53.21,53.205,53.21,8,SIZ5
2025-11-14 03:47:00+00:00,33,1,42218,53.205,53.215,53.175,53.19,63,SIZ5
2025-11-14 03:48:00+00:00,33,1,42218,53.19,53.21,53.19,53.205,8,SIZ5
2025-11-14 03:49:00+00:00,33,1,42218,53.195,53.23,53.195,53.225,29,SIZ5
2025-11-14 03:50:00+00:00,33,1,42218,53.225,53.245,53.225,53.24,27,SIZ5
2025-11-14 03:51:00+00:00,33,1,42218,53.23,53.23,53.2,53.22,13,SIZ5
2025-11-14 03:52:00+00:00,33,1,42218,53.215,53.215,53.165,53.17,34,SIZ5
2025-11-14 03:53:00+00:00,33,1,42218,53.175,53.18,53.145,53.145,15,SIZ5
2025-11-14 03:54:00+00:00,33,1,42218,53.155,53.165,53.11,53.155,62,SIZ5
2025-11-14 03:55:00+00:00,33,1,42218,53.155,53.16,53.135,53.135,22,SIZ5
2025-11-14 03:56:00+00:00,33,1,42218,53.145,53.18,53.14,53.18,25,SIZ5
2025-11-14 03:57:00+00:00,33,1,42218,53.185,53.19,53.18,53.185,10,SIZ5
2025-11-14 03:58:00+00:00,33,1,42218,53.185,53.185,53.18,53.185,4,SIZ5
2025-11-14 03:59:00+00:00,33,1,42218,53.165,53.175,53.15,53.16,18,SIZ5
2025-11-14 04:00:00+00:00,33,1,42218,53.17,53.175,53.17,53.175,5,SIZ5
2025-11-14 04:01:00+00:00,33,1,42218,53.165,53.18,53.165,53.175,7,SIZ5
2025-11-14 04:02:00+00:00,33,1,42218,53.175,53.19,53.165,53.165,24,SIZ5
2025-11-14 04:03:00+00:00,33,1,42218,53.16,53.165,53.155,53.155,8,SIZ5
2025-11-14 04:04:00+00:00,33,1,42218,53.17,53.17,53.16,53.165,20,SIZ5
2025-11-14 04:05:00+00:00,33,1,42218,53.13,53.155,53.125,53.125,8,SIZ5
2025-11-14 04:06:00+00:00,33,1,42218,53.115,53.135,53.11,53.125,22,SIZ5
2025-11-14 04:07:00+00:00,33,1,42218,53.13,53.145,53.13,53.145,5,SIZ5
2025-11-14 04:08:00+00:00,33,1,42218,53.14,53.14,53.125,53.135,14,SIZ5
2025-11-14 04:09:00+00:00,33,1,42218,53.14,53.14,53.105,53.13,16,SIZ5
2025-11-14 04:10:00+00:00,33,1,42218,53.125,53.125,53.115,53.115,22,SIZ5
2025-11-14 04:11:00+00:00,33,1,42218,53.115,53.12,53.095,53.1,15,SIZ5
2025-11-14 04:12:00+00:00,33,1,42218,53.1,53.115,53.095,53.115,18,SIZ5
2025-11-14 04:13:00+00:00,33,1,42218,53.1,53.1,53.06,53.065,38,SIZ5
2025-11-14 04:14:00+00:00,33,1,42218,53.06,53.06,53.015,53.025,99,SIZ5
2025-11-14 04:15:00+00:00,33,1,42218,53.035,53.04,52.985,53.0,59,SIZ5
2025-11-14 04:16:00+00:00,33,1,42218,53.005,53.05,52.975,53.045,34,SIZ5
2025-11-14 04:17:00+00:00,33,1,42218,53.055,53.055,53.015,53.035,19,SIZ5
2025-11-14 04:18:00+00:00,33,1,42218,53.03,53.04,53.03,53.03,7,SIZ5
2025-11-14 04:19:00+00:00,33,1,42218,53.02,53.02,52.99,53.015,39,SIZ5
2025-11-14 04:20:00+00:00,33,1,42218,53.02,53.025,52.845,52.95,260,SIZ5
2025-11-14 04:21:00+00:00,33,1,42218,52.955,52.96,52.905,52.91,48,SIZ5
2025-11-14 04:22:00+00:00,33,1,42218,52.915,52.945,52.89,52.9,77,SIZ5
2025-11-14 04:23:00+00:00,33,1,42218,52.885,52.915,52.885,52.915,38,SIZ5
2025-11-14 04:24:00+00:00,33,1,42218,52.92,52.93,52.9,52.93,54,SIZ5
2025-11-14 04:25:00+00:00,33,1,42218,52.94,52.95,52.925,52.95,25,SIZ5
2025-11-14 04:26:00+00:00,33,1,42218,52.94,52.94,52.9,52.935,34,SIZ5
2025-11-14 04:27:00+00:00,33,1,42218,52.95,52.96,52.935,52.955,9,SIZ5
2025-11-14 04:28:00+00:00,33,1,42218,52.965,52.975,52.92,52.93,33,SIZ5
2025-11-14 04:29:00+00:00,33,1,42218,52.93,52.93,52.89,52.915,45,SIZ5
2025-11-14 04:30:00+00:00,33,1,42218,52.91,52.915,52.905,52.915,12,SIZ5
2025-11-14 04:31:00+00:00,33,1,42218,52.92,52.97,52.92,52.965,41,SIZ5
2025-11-14 04:32:00+00:00,33,1,42218,52.97,52.99,52.965,52.965,48,SIZ5
2025-11-14 04:33:00+00:00,33,1,42218,52.97,52.98,52.96,52.98,10,SIZ5
2025-11-14 04:34:00+00:00,33,1,42218,52.995,53.015,52.985,52.99,31,SIZ5
2025-11-14 04:35:00+00:00,33,1,42218,52.995,52.995,52.975,52.985,13,SIZ5
2025-11-14 04:36:00+00:00,33,1,42218,52.975,52.975,52.94,52.95,34,SIZ5
2025-11-14 04:37:00+00:00,33,1,42218,52.96,52.965,52.91,52.91,14,SIZ5
2025-11-14 04:38:00+00:00,33,1,42218,52.915,52.945,52.915,52.935,11,SIZ5
2025-11-14 04:39:00+00:00,33,1,42218,52.945,52.975,52.935,52.975,28,SIZ5
2025-11-14 04:40:00+00:00,33,1,42218,52.99,52.99,52.965,52.97,8,SIZ5
2025-11-14 04:41:00+00:00,33,1,42218,52.98,52.98,52.95,52.96,23,SIZ5
2025-11-14 04:42:00+00:00,33,1,42218,52.965,52.97,52.94,52.94,14,SIZ5
2025-11-14 04:43:00+00:00,33,1,42218,52.945,52.96,52.94,52.955,11,SIZ5
2025-11-14 04:44:00+00:00,33,1,42218,52.95,52.95,52.95,52.95,1,SIZ5
2025-11-14 04:45:00+00:00,33,1,42218,52.945,52.945,52.89,52.91,47,SIZ5
2025-11-14 04:46:00+00:00,33,1,42218,52.905,52.915,52.89,52.91,21,SIZ5
2025-11-14 04:47:00+00:00,33,1,42218,52.92,52.925,52.905,52.905,9,SIZ5
2025-11-14 04:48:00+00:00,33,1,42218,52.91,52.915,52.905,52.905,5,SIZ5
2025-11-14 04:49:00+00:00,33,1,42218,52.905,52.92,52.885,52.91,22,SIZ5
2025-11-14 04:50:00+00:00,33,1,42218,52.925,52.955,52.925,52.955,6,SIZ5
2025-11-14 04:51:00+00:00,33,1,42218,52.945,52.945,52.91,52.91,9,SIZ5
2025-11-14 04:52:00+00:00,33,1,42218,52.91,52.915,52.91,52.91,5,SIZ5
2025-11-14 04:53:00+00:00,33,1,42218,52.905,52.91,52.89,52.905,18,SIZ5
2025-11-14 04:54:00+00:00,33,1,42218,52.91,52.915,52.91,52.91,5,SIZ5
2025-11-14 04:55:00+00:00,33,1,42218,52.915,52.92,52.9,52.92,20,SIZ5
2025-11-14 04:56:00+00:00,33,1,42218,52.925,52.925,52.925,52.925,1,SIZ5
2025-11-14 04:57:00+00:00,33,1,42218,52.935,52.98,52.935,52.97,41,SIZ5
2025-11-14 04:58:00+00:00,33,1,42218,52.965,52.98,52.955,52.975,24,SIZ5
2025-11-14 04:59:00+00:00,33,1,42218,52.975,52.975,52.955,52.955,5,SIZ5
2025-11-14 05:00:00+00:00,33,1,42218,52.955,52.955,52.905,52.905,16,SIZ5
2025-11-14 05:01:00+00:00,33,1,42218,52.9,52.9,52.84,52.845,45,SIZ5
2025-11-14 05:02:00+00:00,33,1,42218,52.84,52.84,52.815,52.82,54,SIZ5
2025-11-14 05:03:00+00:00,33,1,42218,52.82,52.845,52.81,52.845,29,SIZ5
2025-11-14 05:04:00+00:00,33,1,42218,52.865,52.865,52.85,52.86,4,SIZ5
2025-11-14 05:05:00+00:00,33,1,42218,52.85,52.855,52.84,52.855,11,SIZ5
2025-11-14 05:06:00+00:00,33,1,42218,52.83,52.83,52.82,52.83,9,SIZ5
2025-11-14 05:07:00+00:00,33,1,42218,52.83,52.86,52.83,52.86,32,SIZ5
2025-11-14 05:08:00+00:00,33,1,42218,52.865,52.87,52.84,52.845,14,SIZ5
2025-11-14 05:09:00+00:00,33,1,42218,52.835,52.835,52.75,52.75,60,SIZ5
2025-11-14 05:10:00+00:00,33,1,42218,52.755,52.795,52.755,52.77,59,SIZ5
2025-11-14 05:11:00+00:00,33,1,42218,52.77,52.775,52.7,52.725,112,SIZ5
2025-11-14 05:12:00+00:00,33,1,42218,52.73,52.74,52.705,52.71,37,SIZ5
2025-11-14 05:13:00+00:00,33,1,42218,52.715,52.725,52.615,52.62,236,SIZ5
2025-11-14 05:14:00+00:00,33,1,42218,52.62,52.67,52.605,52.655,120,SIZ5
2025-11-14 05:15:00+00:00,33,1,42218,52.645,52.645,52.56,52.56,72,SIZ5
2025-11-14 05:16:00+00:00,33,1,42218,52.57,52.58,52.475,52.505,132,SIZ5
2025-11-14 05:17:00+00:00,33,1,42218,52.515,52.57,52.49,52.565,69,SIZ5
2025-11-14 05:18:00+00:00,33,1,42218,52.575,52.615,52.55,52.605,74,SIZ5
2025-11-14 05:19:00+00:00,33,1,42218,52.595,52.655,52.56,52.635,178,SIZ5
2025-11-14 05:20:00+00:00,33,1,42218,52.63,52.66,52.615,52.615,56,SIZ5
2025-11-14 05:21:00+00:00,33,1,42218,52.62,52.625,52.59,52.595,24,SIZ5
2025-11-14 05:22:00+00:00,33,1,42218,52.595,52.615,52.59,52.595,31,SIZ5
2025-11-14 05:23:00+00:00,33,1,42218,52.62,52.64,52.595,52.62,50,SIZ5
2025-11-14 05:24:00+00:00,33,1,42218,52.625,52.68,52.62,52.655,31,SIZ5
2025-11-14 05:25:00+00:00,33,1,42218,52.66,52.665,52.615,52.615,39,SIZ5
2025-11-14 05:26:00+00:00,33,1,42218,52.63,52.65,52.62,52.645,23,SIZ5
2025-11-14 05:27:00+00:00,33,1,42218,52.635,52.695,52.61,52.68,48,SIZ5
2025-11-14 05:28:00+00:00,33,1,42218,52.68,52.7,52.675,52.7,41,SIZ5
2025-11-14 05:29:00+00:00,33,1,42218,52.695,52.72,52.69,52.7,66,SIZ5
2025-11-14 05:30:00+00:00,33,1,42218,52.7,52.775,52.64,52.775,363,SIZ5
2025-11-14 05:31:00+00:00,33,1,42218,52.76,52.76,52.68,52.74,89,SIZ5
2025-11-14 05:32:00+00:00,33,1,42218,52.73,52.795,52.73,52.77,217,SIZ5
2025-11-14 05:33:00+00:00,33,1,42218,52.76,52.8,52.76,52.79,48,SIZ5
2025-11-14 05:34:00+00:00,33,1,42218,52.8,52.83,52.78,52.79,94,SIZ5
2025-11-14 05:35:00+00:00,33,1,42218,52.775,52.785,52.715,52.725,74,SIZ5
2025-11-14 05:36:00+00:00,33,1,42218,52.71,52.78,52.705,52.775,47,SIZ5
2025-11-14 05:37:00+00:00,33,1,42218,52.795,52.815,52.77,52.815,12,SIZ5
2025-11-14 05:38:00+00:00,33,1,42218,52.79,52.82,52.785,52.82,15,SIZ5
2025-11-14 05:39:00+00:00,33,1,42218,52.825,52.85,52.8,52.85,48,SIZ5
2025-11-14 05:40:00+00:00,33,1,42218,52.835,52.885,52.835,52.87,26,SIZ5
2025-11-14 05:41:00+00:00,33,1,42218,52.87,52.895,52.87,52.88,44,SIZ5
2025-11-14 05:42:00+00:00,33,1,42218,52.875,52.89,52.86,52.875,38,SIZ5
2025-11-14 05:43:00+00:00,33,1,42218,52.88,52.88,52.825,52.83,15,SIZ5
2025-11-14 05:44:00+00:00,33,1,42218,52.825,52.825,52.815,52.815,3,SIZ5
2025-11-14 05:45:00+00:00,33,1,42218,52.815,52.845,52.805,52.815,29,SIZ5
2025-11-14 05:46:00+00:00,33,1,42218,52.82,52.835,52.815,52.83,36,SIZ5
2025-11-14 05:47:00+00:00,33,1,42218,52.825,52.83,52.8,52.81,26,SIZ5
2025-11-14 05:48:00+00:00,33,1,42218,52.78,52.78,52.77,52.78,7,SIZ5
2025-11-14 05:49:00+00:00,33,1,42218,52.79,52.83,52.785,52.81,14,SIZ5
2025-11-14 05:50:00+00:00,33,1,42218,52.84,52.84,52.8,52.835,19,SIZ5
2025-11-14 05:51:00+00:00,33,1,42218,52.805,52.805,52.805,52.805,2,SIZ5
2025-11-14 05:52:00+00:00,33,1,42218,52.8,52.8,52.78,52.79,13,SIZ5
2025-11-14 05:53:00+00:00,33,1,42218,52.79,52.825,52.79,52.825,11,SIZ5
2025-11-14 05:54:00+00:00,33,1,42218,52.83,52.855,52.82,52.85,27,SIZ5
2025-11-14 05:55:00+00:00,33,1,42218,52.85,52.855,52.815,52.815,22,SIZ5
2025-11-14 05:56:00+00:00,33,1,42218,52.805,52.82,52.8,52.82,12,SIZ5
2025-11-14 05:57:00+00:00,33,1,42218,52.825,52.83,52.805,52.82,14,SIZ5
2025-11-14 05:58:00+00:00,33,1,42218,52.825,52.855,52.815,52.85,29,SIZ5
2025-11-14 05:59:00+00:00,33,1,42218,52.85,52.865,52.85,52.865,14,SIZ5
2025-11-14 06:00:00+00:00,33,1,42218,52.835,52.85,52.83,52.83,20,SIZ5
2025-11-14 06:01:00+00:00,33,1,42218,52.83,52.83,52.765,52.795,30,SIZ5
2025-11-14 06:02:00+00:00,33,1,42218,52.805,52.805,52.765,52.77,39,SIZ5
2025-11-14 06:03:00+00:00,33,1,42218,52.765,52.815,52.765,52.8,25,SIZ5
2025-11-14 06:04:00+00:00,33,1,42218,52.805,52.885,52.805,52.885,45,SIZ5
2025-11-14 06:05:00+00:00,33,1,42218,52.87,52.925,52.87,52.915,27,SIZ5
2025-11-14 06:06:00+00:00,33,1,42218,52.925,52.925,52.9,52.915,27,SIZ5
2025-11-14 06:07:00+00:00,33,1,42218,52.89,52.91,52.88,52.91,15,SIZ5
2025-11-14 06:08:00+00:00,33,1,42218,52.895,52.895,52.87,52.87,23,SIZ5
2025-11-14 06:09:00+00:00,33,1,42218,52.875,52.875,52.82,52.82,25,SIZ5
2025-11-14 06:10:00+00:00,33,1,42218,52.795,52.815,52.785,52.81,26,SIZ5
2025-11-14 06:11:00+00:00,33,1,42218,52.81,52.82,52.81,52.82,17,SIZ5
2025-11-14 06:12:00+00:00,33,1,42218,52.805,52.81,52.79,52.81,8,SIZ5
2025-11-14 06:13:00+00:00,33,1,42218,52.8,52.835,52.8,52.805,5,SIZ5
2025-11-14 06:14:00+00:00,33,1,42218,52.805,52.81,52.79,52.795,23,SIZ5
2025-11-14 06:15:00+00:00,33,1,42218,52.815,52.815,52.735,52.735,38,SIZ5
2025-11-14 06:16:00+00:00,33,1,42218,52.73,52.745,52.71,52.715,58,SIZ5
2025-11-14 06:17:00+00:00,33,1,42218,52.705,52.72,52.665,52.705,376,SIZ5
2025-11-14 06:18:00+00:00,33,1,42218,52.69,52.715,52.665,52.705,57,SIZ5
2025-11-14 06:19:00+00:00,33,1,42218,52.7,52.715,52.69,52.705,17,SIZ5
2025-11-14 06:20:00+00:00,33,1,42218,52.7,52.7,52.63,52.67,76,SIZ5
2025-11-14 06:21:00+00:00,33,1,42218,52.685,52.695,52.655,52.655,30,SIZ5
2025-11-14 06:22:00+00:00,33,1,42218,52.66,52.66,52.64,52.655,34,SIZ5
2025-11-14 06:23:00+00:00,33,1,42218,52.655,52.7,52.655,52.69,64,SIZ5
2025-11-14 06:24:00+00:00,33,1,42218,52.705,52.705,52.68,52.685,16,SIZ5
2025-11-14 06:25:00+00:00,33,1,42218,52.69,52.69,52.655,52.66,12,SIZ5
2025-11-14 06:26:00+00:00,33,1,42218,52.64,52.645,52.55,52.575,81,SIZ5
2025-11-14 06:27:00+00:00,33,1,42218,52.58,52.58,52.495,52.5,165,SIZ5
2025-11-14 06:28:00+00:00,33,1,42218,52.5,52.515,52.455,52.47,124,SIZ5
2025-11-14 06:29:00+00:00,33,1,42218,52.48,52.57,52.48,52.57,81,SIZ5
2025-11-14 06:30:00+00:00,33,1,42218,52.565,52.625,52.545,52.625,39,SIZ5
2025-11-14 06:31:00+00:00,33,1,42218,52.615,52.62,52.575,52.61,43,SIZ5
2025-11-14 06:32:00+00:00,33,1,42218,52.615,52.615,52.57,52.6,24,SIZ5
2025-11-14 06:33:00+00:00,33,1,42218,52.6,52.635,52.57,52.625,26,SIZ5
2025-11-14 06:34:00+00:00,33,1,42218,52.64,52.675,52.64,52.665,15,SIZ5
2025-11-14 06:35:00+00:00,33,1,42218,52.675,52.675,52.66,52.675,50,SIZ5
2025-11-14 06:36:00+00:00,33,1,42218,52.665,52.69,52.66,52.66,15,SIZ5
2025-11-14 06:37:00+00:00,33,1,42218,52.675,52.69,52.64,52.69,32,SIZ5
2025-11-14 06:38:00+00:00,33,1,42218,52.695,52.71,52.685,52.685,20,SIZ5
2025-11-14 06:39:00+00:00,33,1,42218,52.685,52.685,52.665,52.665,10,SIZ5
2025-11-14 06:40:00+00:00,33,1,42218,52.67,52.675,52.67,52.67,6,SIZ5
2025-11-14 06:41:00+00:00,33,1,42218,52.68,52.68,52.62,52.635,32,SIZ5
2025-11-14 06:42:00+00:00,33,1,42218,52.625,52.655,52.605,52.65,33,SIZ5
2025-11-14 06:43:00+00:00,33,1,42218,52.655,52.685,52.65,52.685,8,SIZ5
2025-11-14 06:44:00+00:00,33,1,42218,52.685,52.685,52.66,52.66,13,SIZ5
2025-11-14 06:45:00+00:00,33,1,42218,52.65,52.65,52.63,52.63,27,SIZ5
2025-11-14 06:46:00+00:00,33,1,42218,52.63,52.645,52.595,52.61,31,SIZ5
2025-11-14 06:47:00+00:00,33,1,42218,52.61,52.61,52.585,52.59,12,SIZ5
2025-11-14 06:48:00+00:00,33,1,42218,52.585,52.59,52.54,52.55,64,SIZ5
2025-11-14 06:49:00+00:00,33,1,42218,52.53,52.57,52.505,52.555,33,SIZ5
2025-11-14 06:50:00+00:00,33,1,42218,52.535,52.585,52.525,52.525,53,SIZ5
2025-11-14 06:51:00+00:00,33,1,42218,52.535,52.535,52.45,52.46,149,SIZ5
2025-11-14 06:52:00+00:00,33,1,42218,52.475,52.51,52.45,52.48,93,SIZ5
2025-11-14 06:53:00+00:00,33,1,42218,52.475,52.5,52.475,52.475,54,SIZ5
2025-11-14 06:54:00+00:00,33,1,42218,52.47,52.505,52.46,52.48,35,SIZ5
2025-11-14 06:55:00+00:00,33,1,42218,52.485,52.53,52.485,52.495,108,SIZ5
2025-11-14 06:56:00+00:00,33,1,42218,52.505,52.525,52.48,52.49,85,SIZ5
2025-11-14 06:57:00+00:00,33,1,42218,52.485,52.515,52.485,52.5,11,SIZ5
2025-11-14 06:58:00+00:00,33,1,42218,52.51,52.525,52.5,52.505,41,SIZ5
2025-11-14 06:59:00+00:00,33,1,42218,52.51,52.52,52.465,52.48,78,SIZ5
2025-11-14 07:00:00+00:00,33,1,42218,52.49,52.58,52.46,52.575,98,SIZ5
2025-11-14 07:01:00+00:00,33,1,42218,52.565,52.565,52.455,52.455,74,SIZ5
2025-11-14 07:02:00+00:00,33,1,42218,52.45,52.455,52.385,52.4,102,SIZ5
2025-11-14 07:03:00+00:00,33,1,42218,52.4,52.435,52.395,52.43,30,SIZ5
2025-11-14 07:04:00+00:00,33,1,42218,52.435,52.525,52.435,52.525,12,SIZ5
2025-11-14 07:05:00+00:00,33,1,42218,52.525,52.53,52.485,52.495,47,SIZ5
2025-11-14 07:06:00+00:00,33,1,42218,52.5,52.505,52.455,52.455,16,SIZ5
2025-11-14 07:07:00+00:00,33,1,42218,52.475,52.515,52.46,52.48,15,SIZ5
2025-11-14 07:08:00+00:00,33,1,42218,52.48,52.48,52.42,52.425,36,SIZ5
2025-11-14 07:09:00+00:00,33,1,42218,52.425,52.465,52.42,52.46,26,SIZ5
2025-11-14 07:10:00+00:00,33,1,42218,52.465,52.465,52.415,52.415,20,SIZ5
2025-11-14 07:11:00+00:00,33,1,42218,52.41,52.445,52.4,52.4,29,SIZ5
2025-11-14 07:12:00+00:00,33,1,42218,52.415,52.46,52.405,52.42,51,SIZ5
2025-11-14 07:13:00+00:00,33,1,42218,52.43,52.45,52.43,52.44,14,SIZ5
2025-11-14 07:14:00+00:00,33,1,42218,52.445,52.445,52.35,52.355,54,SIZ5
2025-11-14 07:15:00+00:00,33,1,42218,52.36,52.385,52.34,52.385,45,SIZ5
2025-11-14 07:16:00+00:00,33,1,42218,52.39,52.42,52.385,52.385,29,SIZ5
2025-11-14 07:17:00+00:00,33,1,42218,52.385,52.41,52.345,52.36,30,SIZ5
2025-11-14 07:18:00+00:00,33,1,42218,52.345,52.365,52.335,52.34,49,SIZ5
2025-11-14 07:19:00+00:00,33,1,42218,52.345,52.37,52.31,52.33,79,SIZ5
2025-11-14 07:20:00+00:00,33,1,42218,52.35,52.4,52.325,52.325,33,SIZ5
2025-11-14 07:21:00+00:00,33,1,42218,52.325,52.325,52.26,52.27,91,SIZ5
2025-11-14 07:22:00+00:00,33,1,42218,52.28,52.315,52.25,52.295,84,SIZ5
2025-11-14 07:23:00+00:00,33,1,42218,52.29,52.315,52.26,52.315,64,SIZ5
2025-11-14 07:24:00+00:00,33,1,42218,52.31,52.32,52.29,52.305,35,SIZ5
2025-11-14 07:25:00+00:00,33,1,42218,52.305,52.31,52.27,52.28,29,SIZ5
2025-11-14 07:26:00+00:00,33,1,42218,52.275,52.38,52.26,52.36,72,SIZ5
2025-11-14 07:27:00+00:00,33,1,42218,52.355,52.37,52.32,52.36,61,SIZ5
2025-11-14 07:28:00+00:00,33,1,42218,52.36,52.39,52.36,52.37,21,SIZ5
2025-11-14 07:29:00+00:00,33,1,42218,52.38,52.42,52.38,52.42,52,SIZ5
2025-11-14 07:30:00+00:00,33,1,42218,52.405,52.455,52.405,52.42,45,SIZ5
2025-11-14 07:31:00+00:00,33,1,42218,52.415,52.485,52.415,52.475,30,SIZ5
2025-11-14 07:32:00+00:00,33,1,42218,52.475,52.48,52.455,52.47,29,SIZ5
2025-11-14 07:33:00+00:00,33,1,42218,52.48,52.48,52.45,52.48,33,SIZ5
2025-11-14 07:34:00+00:00,33,1,42218,52.48,52.495,52.455,52.495,53,SIZ5
2025-11-14 07:35:00+00:00,33,1,42218,52.485,52.49,52.455,52.485,26,SIZ5
2025-11-14 07:36:00+00:00,33,1,42218,52.475,52.505,52.47,52.48,48,SIZ5
2025-11-14 07:37:00+00:00,33,1,42218,52.49,52.53,52.49,52.525,22,SIZ5
2025-11-14 07:38:00+00:00,33,1,42218,52.525,52.525,52.5,52.505,26,SIZ5
2025-11-14 07:39:00+00:00,33,1,42218,52.515,52.53,52.51,52.525,19,SIZ5
2025-11-14 07:40:00+00:00,33,1,42218,52.515,52.535,52.505,52.525,29,SIZ5
2025-11-14 07:41:00+00:00,33,1,42218,52.52,52.52,52.47,52.495,106,SIZ5
2025-11-14 07:42:00+00:00,33,1,42218,52.51,52.565,52.51,52.565,23,SIZ5
2025-11-14 07:43:00+00:00,33,1,42218,52.565,52.63,52.565,52.63,32,SIZ5
2025-11-14 07:44:00+00:00,33,1,42218,52.63,52.64,52.62,52.635,32,SIZ5
2025-11-14 07:45:00+00:00,33,1,42218,52.635,52.645,52.605,52.615,50,SIZ5
2025-11-14 07:46:00+00:00,33,1,42218,52.625,52.66,52.625,52.66,35,SIZ5
2025-11-14 07:47:00+00:00,33,1,42218,52.665,52.69,52.645,52.645,35,SIZ5
2025-11-14 07:48:00+00:00,33,1,42218,52.645,52.695,52.645,52.68,67,SIZ5
2025-11-14 07:49:00+00:00,33,1,42218,52.68,52.73,52.675,52.72,57,SIZ5
2025-11-14 07:50:00+00:00,33,1,42218,52.715,52.815,52.705,52.775,297,SIZ5
2025-11-14 07:51:00+00:00,33,1,42218,52.77,52.835,52.765,52.83,92,SIZ5
2025-11-14 07:52:00+00:00,33,1,42218,52.835,52.84,52.805,52.805,71,SIZ5
2025-11-14 07:53:00+00:00,33,1,42218,52.81,52.82,52.79,52.815,68,SIZ5
2025-11-14 07:54:00+00:00,33,1,42218,52.81,52.82,52.79,52.79,22,SIZ5
2025-11-14 07:55:00+00:00,33,1,42218,52.8,52.81,52.765,52.78,30,SIZ5
2025-11-14 07:56:00+00:00,33,1,42218,52.785,52.79,52.77,52.775,18,SIZ5
2025-11-14 07:57:00+00:00,33,1,42218,52.77,52.82,52.745,52.815,60,SIZ5
2025-11-14 07:58:00+00:00,33,1,42218,52.815,52.83,52.81,52.81,44,SIZ5
2025-11-14 07:59:00+00:00,33,1,42218,52.81,52.86,52.805,52.835,44,SIZ5
2025-11-14 08:00:00+00:00,33,1,42218,52.835,52.845,52.8,52.825,85,SIZ5
2025-11-14 08:01:00+00:00,33,1,42218,52.825,52.89,52.795,52.87,65,SIZ5
2025-11-14 08:02:00+00:00,33,1,42218,52.87,52.88,52.82,52.82,60,SIZ5
2025-11-14 08:03:00+00:00,33,1,42218,52.82,52.84,52.8,52.825,51,SIZ5
2025-11-14 08:04:00+00:00,33,1,42218,52.84,52.875,52.835,52.85,29,SIZ5
2025-11-14 08:05:00+00:00,33,1,42218,52.87,52.87,52.82,52.825,39,SIZ5
2025-11-14 08:06:00+00:00,33,1,42218,52.83,52.855,52.765,52.775,50,SIZ5
2025-11-14 08:07:00+00:00,33,1,42218,52.785,52.795,52.765,52.795,34,SIZ5
2025-11-14 08:08:00+00:00,33,1,42218,52.8,52.805,52.725,52.735,27,SIZ5
2025-11-14 08:09:00+00:00,33,1,42218,52.74,52.74,52.665,52.68,75,SIZ5
2025-11-14 08:10:00+00:00,33,1,42218,52.685,52.7,52.65,52.67,45,SIZ5
2025-11-14 08:11:00+00:00,33,1,42218,52.675,52.705,52.665,52.665,59,SIZ5
2025-11-14 08:12:00+00:00,33,1,42218,52.67,52.735,52.665,52.705,36,SIZ5
2025-11-14 08:13:00+00:00,33,1,42218,52.705,52.71,52.67,52.67,11,SIZ5
2025-11-14 08:14:00+00:00,33,1,42218,52.675,52.705,52.67,52.68,22,SIZ5
2025-11-14 08:15:00+00:00,33,1,42218,52.67,52.685,52.65,52.68,33,SIZ5
2025-11-14 08:16:00+00:00,33,1,42218,52.67,52.75,52.665,52.735,50,SIZ5
2025-11-14 08:17:00+00:00,33,1,42218,52.735,52.755,52.735,52.74,11,SIZ5
2025-11-14 08:18:00+00:00,33,1,42218,52.78,52.835,52.78,52.81,54,SIZ5
2025-11-14 08:19:00+00:00,33,1,42218,52.815,52.86,52.815,52.825,34,SIZ5
2025-11-14 08:20:00+00:00,33,1,42218,52.83,52.86,52.81,52.81,45,SIZ5
2025-11-14 08:21:00+00:00,33,1,42218,52.785,52.8,52.75,52.75,51,SIZ5
2025-11-14 08:22:00+00:00,33,1,42218,52.735,52.74,52.72,52.735,31,SIZ5
2025-11-14 08:23:00+00:00,33,1,42218,52.725,52.78,52.705,52.78,26,SIZ5
2025-11-14 08:24:00+00:00,33,1,42218,52.78,52.825,52.78,52.825,28,SIZ5
2025-11-14 08:25:00+00:00,33,1,42218,52.82,52.83,52.72,52.755,119,SIZ5
2025-11-14 08:26:00+00:00,33,1,42218,52.745,52.755,52.72,52.73,66,SIZ5
2025-11-14 08:27:00+00:00,33,1,42218,52.72,52.735,52.695,52.705,32,SIZ5
2025-11-14 08:28:00+00:00,33,1,42218,52.705,52.73,52.705,52.725,30,SIZ5
2025-11-14 08:29:00+00:00,33,1,42218,52.725,52.73,52.71,52.715,17,SIZ5
2025-11-14 08:30:00+00:00,33,1,42218,52.71,52.745,52.705,52.745,25,SIZ5
2025-11-14 08:31:00+00:00,33,1,42218,52.74,52.78,52.725,52.765,86,SIZ5
2025-11-14 08:32:00+00:00,33,1,42218,52.78,52.795,52.77,52.775,15,SIZ5
2025-11-14 08:33:00+00:00,33,1,42218,52.755,52.82,52.74,52.82,123,SIZ5
2025-11-14 08:34:00+00:00,33,1,42218,52.8,52.87,52.8,52.865,80,SIZ5
2025-11-14 08:35:00+00:00,33,1,42218,52.875,52.91,52.87,52.9,48,SIZ5
2025-11-14 08:36:00+00:00,33,1,42218,52.905,52.945,52.905,52.945,66,SIZ5
2025-11-14 08:37:00+00:00,33,1,42218,52.95,53.005,52.95,53.005,152,SIZ5
2025-11-14 08:38:00+00:00,33,1,42218,53.0,53.005,52.905,52.91,47,SIZ5
2025-11-14 08:39:00+00:00,33,1,42218,52.905,52.945,52.905,52.905,52,SIZ5
2025-11-14 08:40:00+00:00,33,1,42218,52.895,52.895,52.815,52.83,169,SIZ5
2025-11-14 08:41:00+00:00,33,1,42218,52.825,52.845,52.8,52.815,52,SIZ5
2025-11-14 08:42:00+00:00,33,1,42218,52.78,52.875,52.775,52.86,72,SIZ5
2025-11-14 08:43:00+00:00,33,1,42218,52.87,52.88,52.815,52.86,36,SIZ5
2025-11-14 08:44:00+00:00,33,1,42218,52.87,52.9,52.87,52.885,10,SIZ5
2025-11-14 08:45:00+00:00,33,1,42218,52.88,52.88,52.84,52.845,39,SIZ5
2025-11-14 08:46:00+00:00,33,1,42218,52.84,52.885,52.84,52.885,21,SIZ5
2025-11-14 08:47:00+00:00,33,1,42218,52.87,52.87,52.81,52.86,51,SIZ5
2025-11-14 08:48:00+00:00,33,1,42218,52.84,52.87,52.835,52.865,27,SIZ5
2025-11-14 08:49:00+00:00,33,1,42218,52.86,52.86,52.785,52.8,32,SIZ5
2025-11-14 08:50:00+00:00,33,1,42218,52.81,52.81,52.765,52.775,36,SIZ5
2025-11-14 08:51:00+00:00,33,1,42218,52.765,52.79,52.75,52.755,36,SIZ5
2025-11-14 08:52:00+00:00,33,1,42218,52.755,52.775,52.71,52.76,61,SIZ5
2025-11-14 08:53:00+00:00,33,1,42218,52.74,52.765,52.74,52.75,38,SIZ5
2025-11-14 08:54:00+00:00,33,1,42218,52.75,52.76,52.695,52.71,40,SIZ5
2025-11-14 08:55:00+00:00,33,1,42218,52.7,52.735,52.69,52.69,27,SIZ5
2025-11-14 08:56:00+00:00,33,1,42218,52.685,52.685,52.605,52.62,166,SIZ5
2025-11-14 08:57:00+00:00,33,1,42218,52.63,52.665,52.62,52.635,80,SIZ5
2025-11-14 08:58:00+00:00,33,1,42218,52.65,52.705,52.65,52.7,37,SIZ5
2025-11-14 08:59:00+00:00,33,1,42218,52.7,52.725,52.7,52.71,29,SIZ5
2025-11-14 09:00:00+00:00,33,1,42218,52.715,52.75,52.69,52.75,57,SIZ5
2025-11-14 09:01:00+00:00,33,1,42218,52.73,52.73,52.65,52.68,89,SIZ5
2025-11-14 09:02:00+00:00,33,1,42218,52.655,52.66,52.615,52.66,37,SIZ5
2025-11-14 09:03:00+00:00,33,1,42218,52.655,52.655,52.565,52.575,82,SIZ5
2025-11-14 09:04:00+00:00,33,1,42218,52.58,52.58,52.52,52.575,63,SIZ5
2025-11-14 09:05:00+00:00,33,1,42218,52.565,52.615,52.565,52.595,45,SIZ5
2025-11-14 09:06:00+00:00,33,1,42218,52.59,52.63,52.575,52.625,73,SIZ5
2025-11-14 09:07:00+00:00,33,1,42218,52.625,52.645,52.605,52.615,44,SIZ5
2025-11-14 09:08:00+00:00,33,1,42218,52.615,52.625,52.57,52.625,66,SIZ5
2025-11-14 09:09:00+00:00,33,1,42218,52.625,52.675,52.625,52.665,46,SIZ5
2025-11-14 09:10:00+00:00,33,1,42218,52.68,52.71,52.66,52.69,52,SIZ5
2025-11-14 09:11:00+00:00,33,1,42218,52.68,52.705,52.67,52.7,44,SIZ5
2025-11-14 09:12:00+00:00,33,1,42218,52.685,52.685,52.6,52.615,82,SIZ5
2025-11-14 09:13:00+00:00,33,1,42218,52.62,52.655,52.605,52.655,31,SIZ5
2025-11-14 09:14:00+00:00,33,1,42218,52.65,52.65,52.625,52.63,20,SIZ5
2025-11-14 09:15:00+00:00,33,1,42218,52.63,52.685,52.63,52.665,25,SIZ5
2025-11-14 09:16:00+00:00,33,1,42218,52.655,52.685,52.655,52.675,10,SIZ5
2025-11-14 09:17:00+00:00,33,1,42218,52.68,52.685,52.65,52.65,12,SIZ5
2025-11-14 09:18:00+00:00,33,1,42218,52.65,52.67,52.61,52.61,30,SIZ5
2025-11-14 09:19:00+00:00,33,1,42218,52.605,52.605,52.57,52.59,35,SIZ5
2025-11-14 09:20:00+00:00,33,1,42218,52.585,52.585,52.545,52.565,25,SIZ5
2025-11-14 09:21:00+00:00,33,1,42218,52.58,52.595,52.565,52.57,19,SIZ5
2025-11-14 09:22:00+00:00,33,1,42218,52.575,52.665,52.575,52.665,14,SIZ5
2025-11-14 09:23:00+00:00,33,1,42218,52.675,52.68,52.645,52.655,25,SIZ5
2025-11-14 09:24:00+00:00,33,1,42218,52.665,52.665,52.635,52.635,12,SIZ5
2025-11-14 09:25:00+00:00,33,1,42218,52.645,52.65,52.625,52.63,12,SIZ5
2025-11-14 09:26:00+00:00,33,1,42218,52.63,52.635,52.61,52.63,29,SIZ5
2025-11-14 09:27:00+00:00,33,1,42218,52.63,52.63,52.62,52.62,13,SIZ5
2025-11-14 09:28:00+00:00,33,1,42218,52.61,52.635,52.605,52.625,20,SIZ5
2025-11-14 09:29:00+00:00,33,1,42218,52.64,52.64,52.63,52.64,10,SIZ5
2025-11-14 09:30:00+00:00,33,1,42218,52.645,52.685,52.63,52.645,90,SIZ5
2025-11-14 09:31:00+00:00,33,1,42218,52.655,52.655,52.565,52.655,128,SIZ5
2025-11-14 09:32:00+00:00,33,1,42218,52.66,52.675,52.655,52.655,52,SIZ5
2025-11-14 09:33:00+00:00,33,1,42218,52.655,52.665,52.585,52.585,56,SIZ5
2025-11-14 09:34:00+00:00,33,1,42218,52.595,52.595,52.545,52.57,40,SIZ5
2025-11-14 09:35:00+00:00,33,1,42218,52.58,52.62,52.58,52.605,23,SIZ5
2025-11-14 09:36:00+00:00,33,1,42218,52.615,52.63,52.595,52.63,26,SIZ5
2025-11-14 09:37:00+00:00,33,1,42218,52.625,52.625,52.605,52.615,5,SIZ5
2025-11-14 09:38:00+00:00,33,1,42218,52.59,52.6,52.55,52.565,24,SIZ5
2025-11-14 09:39:00+00:00,33,1,42218,52.55,52.6,52.535,52.565,61,SIZ5
2025-11-14 09:40:00+00:00,33,1,42218,52.56,52.56,52.535,52.56,7,SIZ5
2025-11-14 09:41:00+00:00,33,1,42218,52.565,52.6,52.565,52.6,6,SIZ5
2025-11-14 09:42:00+00:00,33,1,42218,52.605,52.63,52.605,52.615,12,SIZ5
2025-11-14 09:43:00+00:00,33,1,42218,52.62,52.635,52.62,52.635,18,SIZ5
2025-11-14 09:44:00+00:00,33,1,42218,52.62,52.645,52.62,52.63,33,SIZ5
2025-11-14 09:45:00+00:00,33,1,42218,52.615,52.635,52.61,52.625,10,SIZ5
2025-11-14 09:46:00+00:00,33,1,42218,52.625,52.64,52.6,52.63,22,SIZ5
2025-11-14 09:47:00+00:00,33,1,42218,52.635,52.65,52.63,52.635,19,SIZ5
2025-11-14 09:48:00+00:00,33,1,42218,52.63,52.63,52.61,52.61,5,SIZ5
2025-11-14 09:49:00+00:00,33,1,42218,52.6,52.6,52.575,52.59,11,SIZ5
2025-11-14 09:50:00+00:00,33,1,42218,52.605,52.615,52.605,52.615,11,SIZ5
2025-11-14 09:51:00+00:00,33,1,42218,52.625,52.635,52.625,52.635,15,SIZ5
2025-11-14 09:52:00+00:00,33,1,42218,52.645,52.645,52.635,52.645,16,SIZ5
2025-11-14 09:53:00+00:00,33,1,42218,52.665,52.685,52.665,52.67,17,SIZ5
2025-11-14 09:54:00+00:00,33,1,42218,52.67,52.67,52.63,52.645,17,SIZ5
2025-11-14 09:55:00+00:00,33,1,42218,52.64,52.645,52.635,52.635,10,SIZ5
2025-11-14 09:56:00+00:00,33,1,42218,52.645,52.645,52.615,52.62,26,SIZ5
2025-11-14 09:57:00+00:00,33,1,42218,52.615,52.615,52.585,52.595,37,SIZ5
2025-11-14 09:58:00+00:00,33,1,42218,52.605,52.61,52.6,52.605,9,SIZ5
2025-11-14 09:59:00+00:00,33,1,42218,52.615,52.62,52.595,52.61,27,SIZ5
2025-11-14 10:00:00+00:00,33,1,42218,52.595,52.615,52.595,52.61,20,SIZ5
2025-11-14 10:01:00+00:00,33,1,42218,52.605,52.665,52.605,52.665,21,SIZ5
2025-11-14 10:02:00+00:00,33,1,42218,52.675,52.675,52.66,52.665,19,SIZ5
2025-11-14 10:03:00+00:00,33,1,42218,52.665,52.665,52.625,52.625,19,SIZ5
2025-11-14 10:04:00+00:00,33,1,42218,52.605,52.64,52.605,52.61,26,SIZ5
2025-11-14 10:05:00+00:00,33,1,42218,52.61,52.61,52.5,52.52,100,SIZ5
2025-11-14 10:06:00+00:00,33,1,42218,52.52,52.545,52.515,52.53,42,SIZ5
2025-11-14 10:07:00+00:00,33,1,42218,52.52,52.54,52.5,52.525,30,SIZ5
2025-11-14 10:08:00+00:00,33,1,42218,52.53,52.57,52.53,52.565,16,SIZ5
2025-11-14 10:09:00+00:00,33,1,42218,52.565,52.575,52.55,52.565,27,SIZ5
2025-11-14 10:10:00+00:00,33,1,42218,52.575,52.63,52.575,52.62,34,SIZ5
2025-11-14 10:11:00+00:00,33,1,42218,52.61,52.625,52.6,52.6,12,SIZ5
2025-11-14 10:12:00+00:00,33,1,42218,52.61,52.615,52.57,52.57,25,SIZ5
2025-11-14 10:13:00+00:00,33,1,42218,52.55,52.555,52.525,52.54,34,SIZ5
2025-11-14 10:14:00+00:00,33,1,42218,52.525,52.54,52.52,52.535,23,SIZ5
2025-11-14 10:15:00+00:00,33,1,42218,52.53,52.53,52.465,52.49,32,SIZ5
2025-11-14 10:16:00+00:00,33,1,42218,52.5,52.525,52.495,52.515,36,SIZ5
2025-11-14 10:17:00+00:00,33,1,42218,52.51,52.51,52.46,52.46,47,SIZ5
2025-11-14 10:18:00+00:00,33,1,42218,52.45,52.49,52.445,52.45,57,SIZ5
2025-11-14 10:19:00+00:00,33,1,42218,52.445,52.5,52.44,52.495,36,SIZ5
2025-11-14 10:20:00+00:00,33,1,42218,52.485,52.525,52.48,52.515,21,SIZ5
2025-11-14 10:21:00+00:00,33,1,42218,52.525,52.585,52.525,52.58,18,SIZ5
2025-11-14 10:22:00+00:00,33,1,42218,52.57,52.575,52.555,52.56,15,SIZ5
2025-11-14 10:23:00+00:00,33,1,42218,52.56,52.645,52.56,52.62,122,SIZ5
2025-11-14 10:24:00+00:00,33,1,42218,52.615,52.615,52.565,52.565,28,SIZ5
2025-11-14 10:25:00+00:00,33,1,42218,52.555,52.57,52.54,52.55,21,SIZ5
2025-11-14 10:26:00+00:00,33,1,42218,52.555,52.585,52.535,52.535,51,SIZ5
2025-11-14 10:27:00+00:00,33,1,42218,52.54,52.555,52.53,52.545,25,SIZ5
2025-11-14 10:28:00+00:00,33,1,42218,52.545,52.545,52.53,52.54,34,SIZ5
2025-11-14 10:29:00+00:00,33,1,42218,52.53,52.535,52.49,52.52,39,SIZ5
2025-11-14 10:30:00+00:00,33,1,42218,52.5,52.515,52.485,52.485,10,SIZ5
2025-11-14 10:31:00+00:00,33,1,42218,52.48,52.505,52.48,52.49,7,SIZ5
2025-11-14 10:32:00+00:00,33,1,42218,52.5,52.51,52.46,52.495,38,SIZ5
2025-11-14 10:33:00+00:00,33,1,42218,52.48,52.5,52.475,52.48,18,SIZ5
2025-11-14 10:34:00+00:00,33,1,42218,52.485,52.495,52.47,52.49,17,SIZ5
2025-11-14 10:35:00+00:00,33,1,42218,52.49,52.505,52.485,52.495,19,SIZ5
2025-11-14 10:36:00+00:00,33,1,42218,52.495,52.525,52.45,52.525,96,SIZ5
2025-11-14 10:37:00+00:00,33,1,42218,52.515,52.57,52.515,52.56,24,SIZ5
2025-11-14 10:38:00+00:00,33,1,42218,52.545,52.555,52.53,52.555,9,SIZ5
2025-11-14 10:39:00+00:00,33,1,42218,52.56,52.59,52.555,52.59,14,SIZ5
2025-11-14 10:40:00+00:00,33,1,42218,52.59,52.59,52.55,52.56,15,SIZ5
2025-11-14 10:41:00+00:00,33,1,42218,52.57,52.585,52.57,52.58,5,SIZ5
2025-11-14 10:42:00+00:00,33,1,42218,52.59,52.6,52.59,52.59,11,SIZ5
2025-11-14 10:43:00+00:00,33,1,42218,52.585,52.595,52.57,52.57,14,SIZ5
2025-11-14 10:44:00+00:00,33,1,42218,52.565,52.6,52.565,52.6,5,SIZ5
2025-11-14 10:45:00+00:00,33,1,42218,52.585,52.6,52.575,52.6,29,SIZ5
2025-11-14 10:46:00+00:00,33,1,42218,52.6,52.61,52.595,52.6,12,SIZ5
2025-11-14 10:47:00+00:00,33,1,42218,52.6,52.62,52.57,52.58,30,SIZ5
2025-11-14 10:48:00+00:00,33,1,42218,52.58,52.6,52.57,52.575,16,SIZ5
2025-11-14 10:49:00+00:00,33,1,42218,52.58,52.61,52.58,52.61,3,SIZ5
2025-11-14 10:50:00+00:00,33,1,42218,52.615,52.625,52.61,52.625,10,SIZ5
2025-11-14 10:51:00+00:00,33,1,42218,52.63,52.63,52.595,52.6,24,SIZ5
2025-11-14 10:52:00+00:00,33,1,42218,52.595,52.595,52.58,52.59,7,SIZ5
2025-11-14 10:53:00+00:00,33,1,42218,52.575,52.585,52.57,52.57,11,SIZ5
2025-11-14 10:54:00+00:00,33,1,42218,52.57,52.575,52.54,52.57,41,SIZ5
2025-11-14 10:55:00+00:00,33,1,42218,52.57,52.575,52.545,52.555,42,SIZ5
2025-11-14 10:56:00+00:00,33,1,42218,52.535,52.535,52.5,52.52,79,SIZ5
2025-11-14 10:57:00+00:00,33,1,42218,52.515,52.53,52.51,52.51,9,SIZ5
2025-11-14 10:58:00+00:00,33,1,42218,52.505,52.51,52.495,52.495,13,SIZ5
2025-11-14 10:59:00+00:00,33,1,42218,52.51,52.515,52.475,52.475,15,SIZ5
2025-11-14 11:00:00+00:00,33,1,42218,52.51,52.53,52.5,52.53,12,SIZ5
2025-11-14 11:01:00+00:00,33,1,42218,52.53,52.53,52.485,52.505,24,SIZ5
2025-11-14 11:02:00+00:00,33,1,42218,52.505,52.505,52.45,52.45,28,SIZ5
2025-11-14 11:03:00+00:00,33,1,42218,52.455,52.455,52.41,52.42,11,SIZ5
2025-11-14 11:04:00+00:00,33,1,42218,52.435,52.45,52.43,52.445,17,SIZ5
2025-11-14 11:05:00+00:00,33,1,42218,52.45,52.49,52.44,52.49,54,SIZ5
2025-11-14 11:06:00+00:00,33,1,42218,52.485,52.485,52.44,52.44,15,SIZ5
2025-11-14 11:07:00+00:00,33,1,42218,52.445,52.45,52.38,52.395,68,SIZ5
2025-11-14 11:08:00+00:00,33,1,42218,52.395,52.405,52.305,52.305,97,SIZ5
2025-11-14 11:09:00+00:00,33,1,42218,52.31,52.35,52.255,52.315,168,SIZ5
2025-11-14 11:10:00+00:00,33,1,42218,52.345,52.35,52.3,52.31,106,SIZ5
2025-11-14 11:11:00+00:00,33,1,42218,52.305,52.32,52.255,52.31,70,SIZ5
2025-11-14 11:12:00+00:00,33,1,42218,52.295,52.31,52.17,52.195,237,SIZ5
2025-11-14 11:13:00+00:00,33,1,42218,52.18,52.22,52.145,52.22,99,SIZ5
2025-11-14 11:14:00+00:00,33,1,42218,52.23,52.245,52.22,52.22,55,SIZ5
2025-11-14 11:15:00+00:00,33,1,42218,52.21,52.23,52.185,52.22,57,SIZ5
2025-11-14 11:16:00+00:00,33,1,42218,52.22,52.23,52.16,52.16,96,SIZ5
2025-11-14 11:17:00+00:00,33,1,42218,52.155,52.155,52.045,52.065,392,SIZ5
2025-11-14 11:18:00+00:00,33,1,42218,52.065,52.14,52.04,52.135,244,SIZ5
2025-11-14 11:19:00+00:00,33,1,42218,52.145,52.22,52.145,52.17,101,SIZ5
2025-11-14 11:20:00+00:00,33,1,42218,52.16,52.2,52.11,52.15,76,SIZ5
2025-11-14 11:21:00+00:00,33,1,42218,52.16,52.16,52.1,52.135,47,SIZ5
2025-11-14 11:22:00+00:00,33,1,42218,52.135,52.195,52.125,52.175,68,SIZ5
2025-11-14 11:23:00+00:00,33,1,42218,52.155,52.17,52.125,52.17,29,SIZ5
2025-11-14 11:24:00+00:00,33,1,42218,52.2,52.24,52.17,52.17,65,SIZ5
2025-11-14 11:25:00+00:00,33,1,42218,52.185,52.31,52.185,52.27,368,SIZ5
2025-11-14 11:26:00+00:00,33,1,42218,52.265,52.285,52.205,52.215,322,SIZ5
2025-11-14 11:27:00+00:00,33,1,42218,52.21,52.22,52.18,52.21,40,SIZ5
2025-11-14 11:28:00+00:00,33,1,42218,52.205,52.205,52.125,52.125,48,SIZ5
2025-11-14 11:29:00+00:00,33,1,42218,52.13,52.175,52.13,52.17,23,SIZ5
2025-11-14 11:30:00+00:00,33,1,42218,52.175,52.225,52.17,52.21,50,SIZ5
2025-11-14 11:31:00+00:00,33,1,42218,52.19,52.195,52.155,52.16,27,SIZ5
2025-11-14 11:32:00+00:00,33,1,42218,52.155,52.185,52.155,52.165,22,SIZ5
2025-11-14 11:33:00+00:00,33,1,42218,52.16,52.215,52.155,52.215,30,SIZ5
2025-11-14 11:34:00+00:00,33,1,42218,52.21,52.25,52.2,52.245,110,SIZ5
2025-11-14 11:35:00+00:00,33,1,42218,52.245,52.25,52.235,52.25,11,SIZ5
2025-11-14 11:36:00+00:00,33,1,42218,52.255,52.26,52.225,52.23,40,SIZ5
2025-11-14 11:37:00+00:00,33,1,42218,52.235,52.255,52.23,52.255,15,SIZ5
2025-11-14 11:38:00+00:00,33,1,42218,52.24,52.265,52.24,52.24,12,SIZ5
2025-11-14 11:39:00+00:00,33,1,42218,52.24,52.24,52.22,52.24,21,SIZ5
2025-11-14 11:40:00+00:00,33,1,42218,52.245,52.285,52.245,52.285,21,SIZ5
2025-11-14 11:41:00+00:00,33,1,42218,52.28,52.28,52.23,52.23,28,SIZ5
2025-11-14 11:42:00+00:00,33,1,42218,52.225,52.25,52.22,52.225,13,SIZ5
2025-11-14 11:43:00+00:00,33,1,42218,52.235,52.235,52.18,52.18,42,SIZ5
2025-11-14 11:44:00+00:00,33,1,42218,52.17,52.185,52.16,52.16,19,SIZ5
2025-11-14 11:45:00+00:00,33,1,42218,52.155,52.155,52.11,52.11,69,SIZ5
2025-11-14 11:46:00+00:00,33,1,42218,52.105,52.12,52.06,52.07,65,SIZ5
2025-11-14 11:47:00+00:00,33,1,42218,52.07,52.085,52.035,52.06,90,SIZ5
2025-11-14 11:48:00+00:00,33,1,42218,52.065,52.13,52.05,52.115,157,SIZ5
2025-11-14 11:49:00+00:00,33,1,42218,52.105,52.175,52.095,52.17,92,SIZ5
2025-11-14 11:50:00+00:00,33,1,42218,52.15,52.17,52.125,52.17,59,SIZ5
2025-11-14 11:51:00+00:00,33,1,42218,52.185,52.215,52.175,52.175,61,SIZ5
2025-11-14 11:52:00+00:00,33,1,42218,52.16,52.175,52.145,52.15,48,SIZ5
2025-11-14 11:53:00+00:00,33,1,42218,52.135,52.145,52.1,52.12,103,SIZ5
2025-11-14 11:54:00+00:00,33,1,42218,52.12,52.12,51.9,51.955,502,SIZ5
2025-11-14 11:55:00+00:00,33,1,42218,51.955,52.0,51.92,51.925,228,SIZ5
2025-11-14 11:56:00+00:00,33,1,42218,51.925,51.935,51.875,51.875,120,SIZ5
2025-11-14 11:57:00+00:00,33,1,42218,51.88,51.94,51.865,51.915,183,SIZ5
2025-11-14 11:58:00+00:00,33,1,42218,51.915,51.925,51.86,51.9,143,SIZ5
2025-11-14 11:59:00+00:00,33,1,42218,51.905,51.905,51.835,51.85,166,SIZ5
2025-11-14 12:00:00+00:00,33,1,42218,51.845,51.86,51.71,51.77,623,SIZ5
2025-11-14 12:01:00+00:00,33,1,42218,51.775,51.82,51.74,51.76,215,SIZ5
2025-11-14 12:02:00+00:00,33,1,42218,51.765,51.85,51.735,51.825,222,SIZ5
2025-11-14 12:03:00+00:00,33,1,42218,51.83,51.835,51.775,51.8,97,SIZ5
2025-11-14 12:04:00+00:00,33,1,42218,51.8,51.84,51.785,51.835,55,SIZ5
2025-11-14 12:05:00+00:00,33,1,42218,51.84,51.925,51.825,51.905,188,SIZ5
2025-11-14 12:06:00+00:00,33,1,42218,51.905,51.905,51.85,51.875,71,SIZ5
2025-11-14 12:07:00+00:00,33,1,42218,51.87,51.915,51.805,51.905,123,SIZ5
2025-11-14 12:08:00+00:00,33,1,42218,51.905,51.935,51.895,51.9,48,SIZ5
2025-11-14 12:09:00+00:00,33,1,42218,51.89,51.89,51.72,51.75,219,SIZ5
2025-11-14 12:10:00+00:00,33,1,42218,51.73,51.745,51.665,51.695,251,SIZ5
2025-11-14 12:11:00+00:00,33,1,42218,51.695,51.71,51.62,51.64,245,SIZ5
2025-11-14 12:12:00+00:00,33,1,42218,51.64,51.645,51.575,51.605,202,SIZ5
2025-11-14 12:13:00+00:00,33,1,42218,51.61,51.635,51.565,51.605,127,SIZ5
2025-11-14 12:14:00+00:00,33,1,42218,51.6,51.615,51.555,51.59,149,SIZ5
2025-11-14 12:15:00+00:00,33,1,42218,51.59,51.635,51.56,51.575,123,SIZ5
2025-11-14 12:16:00+00:00,33,1,42218,51.57,51.63,51.55,51.6,184,SIZ5
2025-11-14 12:17:00+00:00,33,1,42218,51.6,51.605,51.51,51.53,157,SIZ5
2025-11-14 12:18:00+00:00,33,1,42218,51.535,51.54,51.41,51.41,257,SIZ5
2025-11-14 12:19:00+00:00,33,1,42218,51.43,51.47,51.4,51.435,179,SIZ5
2025-11-14 12:20:00+00:00,33,1,42218,51.44,51.5,51.355,51.36,144,SIZ5
2025-11-14 12:21:00+00:00,33,1,42218,51.365,51.445,51.365,51.385,169,SIZ5
2025-11-14 12:22:00+00:00,33,1,42218,51.395,51.405,51.32,51.35,189,SIZ5
2025-11-14 12:23:00+00:00,33,1,42218,51.35,51.44,51.345,51.415,219,SIZ5
2025-11-14 12:24:00+00:00,33,1,42218,51.415,51.54,51.415,51.515,180,SIZ5
2025-11-14 12:25:00+00:00,33,1,42218,51.505,51.545,51.505,51.52,148,SIZ5
2025-11-14 12:26:00+00:00,33,1,42218,51.52,51.54,51.46,51.46,81,SIZ5
2025-11-14 12:27:00+00:00,33,1,42218,51.47,51.505,51.445,51.5,118,SIZ5
2025-11-14 12:28:00+00:00,33,1,42218,51.5,51.515,51.4,51.415,92,SIZ5
2025-11-14 12:29:00+00:00,33,1,42218,51.405,51.45,51.365,51.425,99,SIZ5
2025-11-14 12:30:00+00:00,33,1,42218,51.415,51.495,51.405,51.475,80,SIZ5
2025-11-14 12:31:00+00:00,33,1,42218,51.47,51.49,51.45,51.46,73,SIZ5
2025-11-14 12:32:00+00:00,33,1,42218,51.465,51.475,51.425,51.435,58,SIZ5
2025-11-14 12:33:00+00:00,33,1,42218,51.42,51.42,51.335,51.36,143,SIZ5
2025-11-14 12:34:00+00:00,33,1,42218,51.355,51.445,51.35,51.425,99,SIZ5
2025-11-14 12:35:00+00:00,33,1,42218,51.435,51.49,51.42,51.445,205,SIZ5
2025-11-14 12:36:00+00:00,33,1,42218,51.445,51.54,51.44,51.505,111,SIZ5
2025-11-14 12:37:00+00:00,33,1,42218,51.505,51.565,51.5,51.56,127,SIZ5
2025-11-14 12:38:00+00:00,33,1,42218,51.56,51.61,51.44,51.475,171,SIZ5
2025-11-14 12:39:00+00:00,33,1,42218,51.475,51.495,51.42,51.46,82,SIZ5
2025-11-14 12:40:00+00:00,33,1,42218,51.45,51.455,51.38,51.43,173,SIZ5
2025-11-14 12:41:00+00:00,33,1,42218,51.435,51.49,51.435,51.44,44,SIZ5
2025-11-14 12:42:00+00:00,33,1,42218,51.44,51.465,51.395,51.46,49,SIZ5
2025-11-14 12:43:00+00:00,33,1,42218,51.445,51.515,51.435,51.505,79,SIZ5
2025-11-14 12:44:00+00:00,33,1,42218,51.495,51.565,51.47,51.545,114,SIZ5
2025-11-14 12:45:00+00:00,33,1,42218,51.545,51.59,51.54,51.59,137,SIZ5
2025-11-14 12:46:00+00:00,33,1,42218,51.59,51.685,51.59,51.65,328,SIZ5
2025-11-14 12:47:00+00:00,33,1,42218,51.645,51.675,51.62,51.64,96,SIZ5
2025-11-14 12:48:00+00:00,33,1,42218,51.645,51.66,51.57,51.575,123,SIZ5
2025-11-14 12:49:00+00:00,33,1,42218,51.575,51.645,51.555,51.615,105,SIZ5
2025-11-14 12:50:00+00:00,33,1,42218,51.615,51.7,51.615,51.665,203,SIZ5
2025-11-14 12:51:00+00:00,33,1,42218,51.66,51.66,51.615,51.645,55,SIZ5
2025-11-14 12:52:00+00:00,33,1,42218,51.645,51.66,51.635,51.645,33,SIZ5
2025-11-14 12:53:00+00:00,33,1,42218,51.645,51.68,51.645,51.68,55,SIZ5
2025-11-14 12:54:00+00:00,33,1,42218,51.69,51.74,51.635,51.64,115,SIZ5
2025-11-14 12:55:00+00:00,33,1,42218,51.645,51.645,51.59,51.6,89,SIZ5
2025-11-14 12:56:00+00:00,33,1,42218,51.595,51.63,51.595,51.63,45,SIZ5
2025-11-14 12:57:00+00:00,33,1,42218,51.635,51.675,51.635,51.645,57,SIZ5
2025-11-14 12:58:00+00:00,33,1,42218,51.645,51.68,51.64,51.68,37,SIZ5
2025-11-14 12:59:00+00:00,33,1,42218,51.68,51.72,51.665,51.7,162,SIZ5
2025-11-14 13:00:00+00:00,33,1,42218,51.7,51.81,51.625,51.785,687,SIZ5
2025-11-14 13:01:00+00:00,33,1,42218,51.765,51.78,51.615,51.62,250,SIZ5
2025-11-14 13:02:00+00:00,33,1,42218,51.605,51.7,51.6,51.665,161,SIZ5
2025-11-14 13:03:00+00:00,33,1,42218,51.655,51.745,51.655,51.705,162,SIZ5
2025-11-14 13:04:00+00:00,33,1,42218,51.71,51.715,51.615,51.615,98,SIZ5
2025-11-14 13:05:00+00:00,33,1,42218,51.61,51.65,51.595,51.62,68,SIZ5
2025-11-14 13:06:00+00:00,33,1,42218,51.63,51.655,51.595,51.61,108,SIZ5
2025-11-14 13:07:00+00:00,33,1,42218,51.61,51.685,51.605,51.66,54,SIZ5
2025-11-14 13:08:00+00:00,33,1,42218,51.67,51.685,51.62,51.63,105,SIZ5
2025-11-14 13:09:00+00:00,33,1,42218,51.635,51.655,51.56,51.595,210,SIZ5
2025-11-14 13:10:00+00:00,33,1,42218,51.62,51.62,51.535,51.545,132,SIZ5
2025-11-14 13:11:00+00:00,33,1,42218,51.555,51.555,51.38,51.38,434,SIZ5
2025-11-14 13:12:00+00:00,33,1,42218,51.385,51.405,51.295,51.34,725,SIZ5
2025-11-14 13:13:00+00:00,33,1,42218,51.35,51.36,51.15,51.23,591,SIZ5
2025-11-14 13:14:00+00:00,33,1,42218,51.24,51.245,51.12,51.15,510,SIZ5
2025-11-14 13:15:00+00:00,33,1,42218,51.155,51.22,51.065,51.195,647,SIZ5
2025-11-14 13:16:00+00:00,33,1,42218,51.185,51.185,51.05,51.08,328,SIZ5
2025-11-14 13:17:00+00:00,33,1,42218,51.09,51.125,50.97,50.995,596,SIZ5
2025-11-14 13:18:00+00:00,33,1,42218,51.0,51.04,50.955,50.965,397,SIZ5
2025-11-14 13:19:00+00:00,33,1,42218,50.97,51.015,50.785,50.82,766,SIZ5
2025-11-14 13:20:00+00:00,33,1,42218,50.825,50.91,50.795,50.865,527,SIZ5
2025-11-14 13:21:00+00:00,33,1,42218,50.87,50.98,50.79,50.935,347,SIZ5
2025-11-14 13:22:00+00:00,33,1,42218,50.94,51.025,50.845,50.86,274,SIZ5
2025-11-14 13:23:00+00:00,33,1,42218,50.86,50.87,50.685,50.74,531,SIZ5
2025-11-14 13:24:00+00:00,33,1,42218,50.745,50.91,50.735,50.89,316,SIZ5
2025-11-14 13:25:00+00:00,33,1,42218,50.88,50.905,50.715,50.725,533,SIZ5
2025-11-14 13:26:00+00:00,33,1,42218,50.735,50.74,50.55,50.59,720,SIZ5
2025-11-14 13:27:00+00:00,33,1,42218,50.58,50.68,50.555,50.665,271,SIZ5
2025-11-14 13:28:00+00:00,33,1,42218,50.665,50.72,50.605,50.63,272,SIZ5
2025-11-14 13:29:00+00:00,33,1,42218,50.62,50.635,50.5,50.545,355,SIZ5
2025-11-14 13:30:00+00:00,33,1,42218,50.515,50.64,50.5,50.615,386,SIZ5
2025-11-14 13:31:00+00:00,33,1,42218,50.62,50.675,50.55,50.635,367,SIZ5
2025-11-14 13:32:00+00:00,33,1,42218,50.625,50.63,50.515,50.535,245,SIZ5
2025-11-14 13:33:00+00:00,33,1,42218,50.54,50.655,50.515,50.55,283,SIZ5
2025-11-14 13:34:00+00:00,33,1,42218,50.56,50.57,50.42,50.425,528,SIZ5
2025-11-14 13:35:00+00:00,33,1,42218,50.43,50.455,50.28,50.37,730,SIZ5
2025-11-14 13:36:00+00:00,33,1,42218,50.36,50.495,50.34,50.49,331,SIZ5
2025-11-14 13:37:00+00:00,33,1,42218,50.49,50.56,50.435,50.56,319,SIZ5
2025-11-14 13:38:00+00:00,33,1,42218,50.56,50.635,50.535,50.575,346,SIZ5
2025-11-14 13:39:00+00:00,33,1,42218,50.575,50.58,50.465,50.465,233,SIZ5
2025-11-14 13:40:00+00:00,33,1,42218,50.46,50.485,50.39,50.445,307,SIZ5
2025-11-14 13:41:00+00:00,33,1,42218,50.46,50.52,50.43,50.495,193,SIZ5
2025-11-14 13:42:00+00:00,33,1,42218,50.49,50.61,50.47,50.61,291,SIZ5
2025-11-14 13:43:00+00:00,33,1,42218,50.615,50.64,50.56,50.585,361,SIZ5
2025-11-14 13:44:00+00:00,33,1,42218,50.575,50.575,50.41,50.52,201,SIZ5
2025-11-14 13:45:00+00:00,33,1,42218,50.515,50.525,50.4,50.47,398,SIZ5
2025-11-14 13:46:00+00:00,33,1,42218,50.465,50.57,50.415,50.555,198,SIZ5
2025-11-14 13:47:00+00:00,33,1,42218,50.56,50.57,50.435,50.465,212,SIZ5
2025-11-14 13:48:00+00:00,33,1,42218,50.46,50.46,50.36,50.42,245,SIZ5
2025-11-14 13:49:00+00:00,33,1,42218,50.42,50.5,50.42,50.445,381,SIZ5
2025-11-14 13:50:00+00:00,33,1,42218,50.435,50.435,50.31,50.38,312,SIZ5
2025-11-14 13:51:00+00:00,33,1,42218,50.375,50.42,50.35,50.39,198,SIZ5
2025-11-14 13:52:00+00:00,33,1,42218,50.395,50.455,50.375,50.425,203,SIZ5
2025-11-14 13:53:00+00:00,33,1,42218,50.43,50.56,50.43,50.535,259,SIZ5
2025-11-14 13:54:00+00:00,33,1,42218,50.545,50.595,50.515,50.515,306,SIZ5
2025-11-14 13:55:00+00:00,33,1,42218,50.515,50.58,50.5,50.5,168,SIZ5
2025-11-14 13:56:00+00:00,33,1,42218,50.505,50.67,50.5,50.65,249,SIZ5
2025-11-14 13:57:00+00:00,33,1,42218,50.65,50.65,50.55,50.575,199,SIZ5
2025-11-14 13:58:00+00:00,33,1,42218,50.57,50.595,50.535,50.55,157,SIZ5
2025-11-14 13:59:00+00:00,33,1,42218,50.545,50.565,50.48,50.51,189,SIZ5
2025-11-14 14:00:00+00:00,33,1,42218,50.495,50.535,50.34,50.35,494,SIZ5
2025-11-14 14:01:00+00:00,33,1,42218,50.345,50.37,50.22,50.235,486,SIZ5
2025-11-14 14:02:00+00:00,33,1,42218,50.24,50.25,50.1,50.155,733,SIZ5
2025-11-14 14:03:00+00:00,33,1,42218,50.14,50.15,50.05,50.13,520,SIZ5
2025-11-14 14:04:00+00:00,33,1,42218,50.135,50.255,50.12,50.24,558,SIZ5
2025-11-14 14:05:00+00:00,33,1,42218,50.23,50.355,50.225,50.345,343,SIZ5
2025-11-14 14:06:00+00:00,33,1,42218,50.34,50.355,50.28,50.32,257,SIZ5
2025-11-14 14:07:00+00:00,33,1,42218,50.305,50.31,50.185,50.215,245,SIZ5
2025-11-14 14:08:00+00:00,33,1,42218,50.215,50.245,50.18,50.24,152,SIZ5
2025-11-14 14:09:00+00:00,33,1,42218,50.225,50.225,50.065,50.065,280,SIZ5
2025-11-14 14:10:00+00:00,33,1,42218,50.06,50.22,50.055,50.215,205,SIZ5
2025-11-14 14:11:00+00:00,33,1,42218,50.21,50.25,50.145,50.23,180,SIZ5
2025-11-14 14:12:00+00:00,33,1,42218,50.24,50.25,50.195,50.23,162,SIZ5
2025-11-14 14:13:00+00:00,33,1,42218,50.235,50.24,50.09,50.14,217,SIZ5
2025-11-14 14:14:00+00:00,33,1,42218,50.145,50.2,50.12,50.155,123,SIZ5
2025-11-14 14:15:00+00:00,33,1,42218,50.145,50.195,50.135,50.15,144,SIZ5
2025-11-14 14:16:00+00:00,33,1,42218,50.145,50.175,50.075,50.105,251,SIZ5
2025-11-14 14:17:00+00:00,33,1,42218,50.105,50.2,50.105,50.175,124,SIZ5
2025-11-14 14:18:00+00:00,33,1,42218,50.165,50.245,50.165,50.245,146,SIZ5
2025-11-14 14:19:00+00:00,33,1,42218,50.24,50.32,50.225,50.265,200,SIZ5
2025-11-14 14:20:00+00:00,33,1,42218,50.265,50.33,50.25,50.325,187,SIZ5
2025-11-14 14:21:00+00:00,33,1,42218,50.325,50.395,50.305,50.395,182,SIZ5
2025-11-14 14:22:00+00:00,33,1,42218,50.39,50.44,50.35,50.425,207,SIZ5
2025-11-14 14:23:00+00:00,33,1,42218,50.43,50.485,50.395,50.395,240,SIZ5
2025-11-14 14:24:00+00:00,33,1,42218,50.385,50.41,50.345,50.35,147,SIZ5
2025-11-14 14:25:00+00:00,33,1,42218,50.355,50.365,50.285,50.295,104,SIZ5
2025-11-14 14:26:00+00:00,33,1,42218,50.3,50.325,50.26,50.29,147,SIZ5
2025-11-14 14:27:00+00:00,33,1,42218,50.285,50.32,50.265,50.3,95,SIZ5
2025-11-14 14:28:00+00:00,33,1,42218,50.305,50.305,50.255,50.27,106,SIZ5
2025-11-14 14:29:00+00:00,33,1,42218,50.295,50.31,50.245,50.27,99,SIZ5
2025-11-14 14:30:00+00:00,33,1,42218,50.255,50.32,50.2,50.24,388,SIZ5
2025-11-14 14:31:00+00:00,33,1,42218,50.24,50.295,50.205,50.22,239,SIZ5
2025-11-14 14:32:00+00:00,33,1,42218,50.2,50.205,49.905,49.995,1038,SIZ5
2025-11-14 14:33:00+00:00,33,1,42218,49.995,50.03,49.88,49.895,420,SIZ5
2025-11-14 14:34:00+00:00,33,1,42218,49.9,50.045,49.86,50.015,448,SIZ5
2025-11-14 14:35:00+00:00,33,1,42218,50.01,50.255,50.01,50.225,561,SIZ5
2025-11-14 14:36:00+00:00,33,1,42218,50.225,50.325,50.205,50.275,274,SIZ5
2025-11-14 14:37:00+00:00,33,1,42218,50.27,50.4,50.27,50.375,345,SIZ5
2025-11-14 14:38:00+00:00,33,1,42218,50.375,50.44,50.345,50.43,244,SIZ5
2025-11-14 14:39:00+00:00,33,1,42218,50.44,50.48,50.415,50.47,258,SIZ5
2025-11-14 14:40:00+00:00,33,1,42218,50.475,50.475,50.405,50.435,359,SIZ5
2025-11-14 14:41:00+00:00,33,1,42218,50.44,50.545,50.435,50.515,505,SIZ5
2025-11-14 14:42:00+00:00,33,1,42218,50.525,50.53,50.42,50.485,315,SIZ5
2025-11-14 14:43:00+00:00,33,1,42218,50.485,50.55,50.435,50.525,258,SIZ5
2025-11-14 14:44:00+00:00,33,1,42218,50.52,50.545,50.485,50.495,262,SIZ5
2025-11-14 14:45:00+00:00,33,1,42218,50.495,50.535,50.445,50.525,175,SIZ5
2025-11-14 14:46:00+00:00,33,1,42218,50.525,50.62,50.51,50.575,401,SIZ5
2025-11-14 14:47:00+00:00,33,1,42218,50.58,50.675,50.57,50.655,523,SIZ5
2025-11-14 14:48:00+00:00,33,1,42218,50.655,50.725,50.645,50.69,410,SIZ5
2025-11-14 14:49:00+00:00,33,1,42218,50.68,50.68,50.525,50.555,344,SIZ5
2025-11-14 14:50:00+00:00,33,1,42218,50.555,50.63,50.52,50.59,352,SIZ5
2025-11-14 14:51:00+00:00,33,1,42218,50.595,50.62,50.55,50.6,382,SIZ5
2025-11-14 14:52:00+00:00,33,1,42218,50.595,50.7,50.59,50.68,290,SIZ5
2025-11-14 14:53:00+00:00,33,1,42218,50.685,50.765,50.67,50.755,378,SIZ5
2025-11-14 14:54:00+00:00,33,1,42218,50.76,50.77,50.655,50.675,249,SIZ5
2025-11-14 14:55:00+00:00,33,1,42218,50.685,50.71,50.615,50.67,260,SIZ5
2025-11-14 14:56:00+00:00,33,1,42218,50.665,50.705,50.615,50.69,307,SIZ5
2025-11-14 14:57:00+00:00,33,1,42218,50.7,50.715,50.65,50.69,219,SIZ5
2025-11-14 14:58:00+00:00,33,1,42218,50.68,50.75,50.675,50.745,251,SIZ5
2025-11-14 14:59:00+00:00,33,1,42218,50.73,50.835,50.725,50.815,312,SIZ5
2025-11-14 15:00:00+00:00,33,1,42218,50.815,50.815,50.735,50.76,349,SIZ5
2025-11-14 15:01:00+00:00,33,1,42218,50.75,50.755,50.655,50.66,194,SIZ5
2025-11-14 15:02:00+00:00,33,1,42218,50.665,50.73,50.625,50.71,145,SIZ5
2025-11-14 15:03:00+00:00,33,1,42218,50.715,50.72,50.63,50.665,152,SIZ5
2025-11-14 15:04:00+00:00,33,1,42218,50.665,50.725,50.65,50.72,151,SIZ5
2025-11-14 15:05:00+00:00,33,1,42218,50.725,50.735,50.64,50.695,255,SIZ5
2025-11-14 15:06:00+00:00,33,1,42218,50.705,50.755,50.7,50.745,165,SIZ5
2025-11-14 15:07:00+00:00,33,1,42218,50.735,50.735,50.575,50.59,165,SIZ5
2025-11-14 15:08:00+00:00,33,1,42218,50.585,50.69,50.58,50.645,134,SIZ5
2025-11-14 15:09:00+00:00,33,1,42218,50.67,50.745,50.655,50.74,142,SIZ5
2025-11-14 15:10:00+00:00,33,1,42218,50.725,50.81,50.72,50.8,271,SIZ5
2025-11-14 15:11:00+00:00,33,1,42218,50.8,50.8,50.715,50.745,182,SIZ5
2025-11-14 15:12:00+00:00,33,1,42218,50.75,50.815,50.705,50.745,288,SIZ5
2025-11-14 15:13:00+00:00,33,1,42218,50.745,50.835,50.735,50.785,199,SIZ5
2025-11-14 15:14:00+00:00,33,1,42218,50.78,50.82,50.735,50.81,101,SIZ5
2025-11-14 15:15:00+00:00,33,1,42218,50.815,50.865,50.8,50.825,259,SIZ5
2025-11-14 15:16:00+00:00,33,1,42218,50.815,50.89,50.79,50.795,248,SIZ5
2025-11-14 15:17:00+00:00,33,1,42218,50.79,50.84,50.77,50.775,152,SIZ5
2025-11-14 15:18:00+00:00,33,1,42218,50.78,50.85,50.76,50.85,153,SIZ5
2025-11-14 15:19:00+00:00,33,1,42218,50.855,50.875,50.8,50.87,143,SIZ5
2025-11-14 15:20:00+00:00,33,1,42218,50.86,50.895,50.83,50.875,239,SIZ5
2025-11-14 15:21:00+00:00,33,1,42218,50.88,50.895,50.82,50.87,232,SIZ5
2025-11-14 15:22:00+00:00,33,1,42218,50.86,50.87,50.785,50.79,154,SIZ5
2025-11-14 15:23:00+00:00,33,1,42218,50.785,50.8,50.71,50.755,153,SIZ5
2025-11-14 15:24:00+00:00,33,1,42218,50.75,50.805,50.71,50.775,184,SIZ5
2025-11-14 15:25:00+00:00,33,1,42218,50.77,50.785,50.705,50.755,349,SIZ5
2025-11-14 15:26:00+00:00,33,1,42218,50.75,50.775,50.745,50.765,91,SIZ5
2025-11-14 15:27:00+00:00,33,1,42218,50.76,50.86,50.76,50.85,99,SIZ5
2025-11-14 15:28:00+00:00,33,1,42218,50.845,50.89,50.845,50.865,143,SIZ5
2025-11-14 15:29:00+00:00,33,1,42218,50.85,50.86,50.805,50.85,145,SIZ5
2025-11-14 15:30:00+00:00,33,1,42218,50.845,50.87,50.79,50.79,117,SIZ5
2025-11-14 15:31:00+00:00,33,1,42218,50.785,50.805,50.75,50.78,93,SIZ5
2025-11-14 15:32:00+00:00,33,1,42218,50.785,50.85,50.785,50.84,127,SIZ5
2025-11-14 15:33:00+00:00,33,1,42218,50.845,50.85,50.79,50.79,59,SIZ5
2025-11-14 15:34:00+00:00,33,1,42218,50.8,50.855,50.8,50.81,145,SIZ5
2025-11-14 15:35:00+00:00,33,1,42218,50.8,50.81,50.75,50.805,132,SIZ5
2025-11-14 15:36:00+00:00,33,1,42218,50.81,50.85,50.81,50.825,88,SIZ5
2025-11-14 15:37:00+00:00,33,1,42218,50.815,50.85,50.785,50.845,91,SIZ5
2025-11-14 15:38:00+00:00,33,1,42218,50.85,50.87,50.79,50.805,68,SIZ5
2025-11-14 15:39:00+00:00,33,1,42218,50.81,50.84,50.81,50.82,95,SIZ5
2025-11-14 15:40:00+00:00,33,1,42218,50.82,50.89,50.805,50.805,215,SIZ5
2025-11-14 15:41:00+00:00,33,1,42218,50.8,50.83,50.75,50.81,198,SIZ5
2025-11-14 15:42:00+00:00,33,1,42218,50.8,50.855,50.8,50.83,142,SIZ5
2025-11-14 15:43:00+00:00,33,1,42218,50.825,50.86,50.8,50.81,178,SIZ5
2025-11-14 15:44:00+00:00,33,1,42218,50.81,50.81,50.765,50.785,63,SIZ5
2025-11-14 15:45:00+00:00,33,1,42218,50.78,50.82,50.77,50.82,136,SIZ5
2025-11-14 15:46:00+00:00,33,1,42218,50.83,50.875,50.82,50.875,121,SIZ5
2025-11-14 15:47:00+00:00,33,1,42218,50.875,51.075,50.875,51.06,503,SIZ5
2025-11-14 15:48:00+00:00,33,1,42218,51.06,51.12,51.06,51.11,293,SIZ5
2025-11-14 15:49:00+00:00,33,1,42218,51.105,51.11,51.04,51.065,282,SIZ5
2025-11-14 15:50:00+00:00,33,1,42218,51.09,51.175,51.085,51.155,408,SIZ5
2025-11-14 15:51:00+00:00,33,1,42218,51.16,51.165,51.11,51.135,213,SIZ5
2025-11-14 15:52:00+00:00,33,1,42218,51.14,51.15,51.08,51.11,236,SIZ5
2025-11-14 15:53:00+00:00,33,1,42218,51.115,51.12,51.045,51.05,156,SIZ5
2025-11-14 15:54:00+00:00,33,1,42218,51.045,51.06,50.98,51.015,159,SIZ5
2025-11-14 15:55:00+00:00,33,1,42218,51.01,51.04,50.975,51.0,186,SIZ5
2025-11-14 15:56:00+00:00,33,1,42218,50.99,51.01,50.965,51.0,87,SIZ5
2025-11-14 15:57:00+00:00,33,1,42218,51.01,51.105,51.01,51.105,91,SIZ5
2025-11-14 15:58:00+00:00,33,1,42218,51.115,51.145,51.1,51.14,160,SIZ5
2025-11-14 15:59:00+00:00,33,1,42218,51.14,51.15,51.1,51.145,143,SIZ5
2025-11-14 16:00:00+00:00,33,1,42218,51.15,51.165,51.09,51.09,178,SIZ5
2025-11-14 16:01:00+00:00,33,1,42218,51.085,51.11,51.065,51.065,77,SIZ5
2025-11-14 16:02:00+00:00,33,1,42218,51.08,51.15,51.07,51.13,76,SIZ5
2025-11-14 16:03:00+00:00,33,1,42218,51.14,51.14,51.07,51.075,90,SIZ5
2025-11-14 16:04:00+00:00,33,1,42218,51.07,51.07,51.01,51.02,128,SIZ5
2025-11-14 16:05:00+00:00,33,1,42218,51.01,51.035,50.94,50.965,226,SIZ5
2025-11-14 16:06:00+00:00,33,1,42218,50.97,51.04,50.96,51.02,60,SIZ5
2025-11-14 16:07:00+00:00,33,1,42218,51.015,51.04,51.005,51.005,83,SIZ5
2025-11-14 16:08:00+00:00,33,1,42218,51.02,51.045,51.015,51.04,137,SIZ5
2025-11-14 16:09:00+00:00,33,1,42218,51.035,51.05,51.015,51.035,91,SIZ5
2025-11-14 16:10:00+00:00,33,1,42218,51.04,51.05,50.985,51.005,185,SIZ5
2025-11-14 16:11:00+00:00,33,1,42218,51.005,51.02,50.965,51.005,65,SIZ5
2025-11-14 16:12:00+00:00,33,1,42218,51.0,51.02,50.98,51.01,124,SIZ5
2025-11-14 16:13:00+00:00,33,1,42218,51.0,51.025,50.99,51.01,44,SIZ5
2025-11-14 16:14:00+00:00,33,1,42218,51.025,51.025,50.96,50.985,112,SIZ5
2025-11-14 16:15:00+00:00,33,1,42218,50.99,51.045,50.975,51.005,114,SIZ5
2025-11-14 16:16:00+00:00,33,1,42218,51.01,51.1,51.005,51.09,269,SIZ5
2025-11-14 16:17:00+00:00,33,1,42218,51.09,51.15,51.085,51.105,178,SIZ5
2025-11-14 16:18:00+00:00,33,1,42218,51.1,51.135,51.09,51.115,96,SIZ5
2025-11-14 16:19:00+00:00,33,1,42218,51.12,51.19,51.12,51.19,169,SIZ5
2025-11-14 16:20:00+00:00,33,1,42218,51.185,51.22,51.18,51.2,218,SIZ5
2025-11-14 16:21:00+00:00,33,1,42218,51.2,51.245,51.195,51.235,97,SIZ5
2025-11-14 16:22:00+00:00,33,1,42218,51.235,51.27,51.205,51.245,263,SIZ5
2025-11-14 16:23:00+00:00,33,1,42218,51.25,51.26,51.205,51.215,108,SIZ5
2025-11-14 16:24:00+00:00,33,1,42218,51.22,51.23,51.15,51.165,133,SIZ5
2025-11-14 16:25:00+00:00,33,1,42218,51.16,51.21,51.155,51.19,74,SIZ5
2025-11-14 16:26:00+00:00,33,1,42218,51.195,51.21,51.155,51.195,66,SIZ5
2025-11-14 16:27:00+00:00,33,1,42218,51.205,51.24,51.185,51.24,228,SIZ5
2025-11-14 16:28:00+00:00,33,1,42218,51.25,51.31,51.245,51.31,251,SIZ5
2025-11-14 16:29:00+00:00,33,1,42218,51.31,51.31,51.23,51.245,168,SIZ5
2025-11-14 16:30:00+00:00,33,1,42218,51.24,51.27,51.22,51.23,163,SIZ5
2025-11-14 16:31:00+00:00,33,1,42218,51.225,51.265,51.22,51.225,98,SIZ5
2025-11-14 16:32:00+00:00,33,1,42218,51.235,51.235,51.185,51.23,81,SIZ5
2025-11-14 16:33:00+00:00,33,1,42218,51.215,51.215,51.15,51.175,59,SIZ5
2025-11-14 16:34:00+00:00,33,1,42218,51.17,51.22,51.17,51.2,88,SIZ5
2025-11-14 16:35:00+00:00,33,1,42218,51.19,51.205,51.16,51.2,44,SIZ5
2025-11-14 16:36:00+00:00,33,1,42218,51.2,51.22,51.185,51.215,67,SIZ5
2025-11-14 16:37:00+00:00,33,1,42218,51.215,51.24,51.205,51.225,45,SIZ5
2025-11-14 16:38:00+00:00,33,1,42218,51.25,51.325,51.245,51.305,165,SIZ5
2025-11-14 16:39:00+00:00,33,1,42218,51.29,51.32,51.275,51.3,89,SIZ5
2025-11-14 16:40:00+00:00,33,1,42218,51.295,51.36,51.285,51.335,131,SIZ5
2025-11-14 16:41:00+00:00,33,1,42218,51.34,51.36,51.325,51.335,120,SIZ5
2025-11-14 16:42:00+00:00,33,1,42218,51.345,51.36,51.28,51.28,72,SIZ5
2025-11-14 16:43:00+00:00,33,1,42218,51.29,51.29,51.255,51.27,90,SIZ5
2025-11-14 16:44:00+00:00,33,1,42218,51.265,51.28,51.24,51.255,76,SIZ5
2025-11-14 16:45:00+00:00,33,1,42218,51.27,51.27,51.195,51.2,80,SIZ5
2025-11-14 16:46:00+00:00,33,1,42218,51.2,51.23,51.19,51.225,90,SIZ5
2025-11-14 16:47:00+00:00,33,1,42218,51.22,51.24,51.195,51.225,60,SIZ5
2025-11-14 16:48:00+00:00,33,1,42218,51.22,51.24,51.2,51.24,59,SIZ5
2025-11-14 16:49:00+00:00,33,1,42218,51.235,51.235,51.19,51.22,107,SIZ5
2025-11-14 16:50:00+00:00,33,1,42218,51.23,51.245,51.215,51.23,72,SIZ5
2025-11-14 16:51:00+00:00,33,1,42218,51.23,51.24,51.22,51.235,46,SIZ5
2025-11-14 16:52:00+00:00,33,1,42218,51.235,51.245,51.225,51.235,28,SIZ5
2025-11-14 16:53:00+00:00,33,1,42218,51.245,51.255,51.24,51.25,66,SIZ5
2025-11-14 16:54:00+00:00,33,1,42218,51.255,51.255,51.215,51.215,26,SIZ5
2025-11-14 16:55:00+00:00,33,1,42218,51.22,51.235,51.18,51.18,70,SIZ5
2025-11-14 16:56:00+00:00,33,1,42218,51.19,51.23,51.19,51.22,70,SIZ5
2025-11-14 16:57:00+00:00,33,1,42218,51.225,51.24,51.22,51.235,31,SIZ5
2025-11-14 16:58:00+00:00,33,1,42218,51.23,51.235,51.205,51.22,43,SIZ5
2025-11-14 16:59:00+00:00,33,1,42218,51.22,51.24,51.215,51.22,23,SIZ5
2025-11-14 17:00:00+00:00,33,1,42218,51.225,51.225,51.125,51.14,85,SIZ5
2025-11-14 17:01:00+00:00,33,1,42218,51.14,51.205,51.14,51.205,46,SIZ5
2025-11-14 17:02:00+00:00,33,1,42218,51.2,51.21,51.185,51.19,20,SIZ5
2025-11-14 17:03:00+00:00,33,1,42218,51.195,51.26,51.19,51.26,76,SIZ5
2025-11-14 17:04:00+00:00,33,1,42218,51.255,51.295,51.245,51.29,68,SIZ5
2025-11-14 17:05:00+00:00,33,1,42218,51.28,51.28,51.18,51.18,124,SIZ5
2025-11-14 17:06:00+00:00,33,1,42218,51.175,51.18,51.13,51.165,108,SIZ5
2025-11-14 17:07:00+00:00,33,1,42218,51.17,51.17,51.065,51.09,103,SIZ5
2025-11-14 17:08:00+00:00,33,1,42218,51.08,51.1,51.05,51.1,92,SIZ5
2025-11-14 17:09:00+00:00,33,1,42218,51.11,51.19,51.11,51.18,41,SIZ5
2025-11-14 17:10:00+00:00,33,1,42218,51.205,51.22,51.165,51.165,75,SIZ5
2025-11-14 17:11:00+00:00,33,1,42218,51.165,51.18,51.14,51.18,64,SIZ5
2025-11-14 17:12:00+00:00,33,1,42218,51.175,51.175,51.105,51.105,35,SIZ5
2025-11-14 17:13:00+00:00,33,1,42218,51.1,51.125,51.09,51.115,170,SIZ5
2025-11-14 17:14:00+00:00,33,1,42218,51.11,51.145,51.11,51.14,52,SIZ5
2025-11-14 17:15:00+00:00,33,1,42218,51.135,51.15,51.1,51.115,46,SIZ5
2025-11-14 17:16:00+00:00,33,1,42218,51.13,51.16,51.13,51.155,22,SIZ5
2025-11-14 17:17:00+00:00,33,1,42218,51.155,51.155,51.14,51.14,41,SIZ5
2025-11-14 17:18:00+00:00,33,1,42218,51.135,51.16,51.13,51.145,42,SIZ5
2025-11-14 17:19:00+00:00,33,1,42218,51.15,51.155,51.115,51.115,33,SIZ5
2025-11-14 17:20:00+00:00,33,1,42218,51.12,51.12,51.07,51.085,94,SIZ5
2025-11-14 17:21:00+00:00,33,1,42218,51.105,51.145,51.105,51.13,41,SIZ5
2025-11-14 17:22:00+00:00,33,1,42218,51.12,51.135,51.105,51.13,33,SIZ5
2025-11-14 17:23:00+00:00,33,1,42218,51.13,51.14,51.11,51.14,17,SIZ5
2025-11-14 17:24:00+00:00,33,1,42218,51.145,51.165,51.13,51.135,81,SIZ5
2025-11-14 17:25:00+00:00,33,1,42218,51.13,51.13,51.075,51.08,60,SIZ5
2025-11-14 17:26:00+00:00,33,1,42218,51.085,51.115,51.08,51.105,95,SIZ5
2025-11-14 17:27:00+00:00,33,1,42218,51.11,51.135,51.065,51.075,87,SIZ5
2025-11-14 17:28:00+00:00,33,1,42218,51.085,51.125,51.075,51.125,103,SIZ5
2025-11-14 17:29:00+00:00,33,1,42218,51.12,51.13,51.105,51.125,32,SIZ5
2025-11-14 17:30:00+00:00,33,1,42218,51.13,51.13,51.09,51.105,50,SIZ5
2025-11-14 17:31:00+00:00,33,1,42218,51.11,51.15,51.11,51.15,85,SIZ5
2025-11-14 17:32:00+00:00,33,1,42218,51.155,51.155,51.095,51.125,69,SIZ5
2025-11-14 17:33:00+00:00,33,1,42218,51.12,51.155,51.115,51.135,55,SIZ5
2025-11-14 17:34:00+00:00,33,1,42218,51.125,51.15,51.125,51.145,40,SIZ5
2025-11-14 17:35:00+00:00,33,1,42218,51.15,51.235,51.15,51.22,82,SIZ5
2025-11-14 17:36:00+00:00,33,1,42218,51.21,51.25,51.2,51.2,84,SIZ5
2025-11-14 17:37:00+00:00,33,1,42218,51.195,51.225,51.17,51.215,42,SIZ5
2025-11-14 17:38:00+00:00,33,1,42218,51.215,51.225,51.195,51.21,66,SIZ5
2025-11-14 17:39:00+00:00,33,1,42218,51.215,51.225,51.19,51.205,89,SIZ5
2025-11-14 17:40:00+00:00,33,1,42218,51.2,51.2,51.12,51.135,113,SIZ5
2025-11-14 17:41:00+00:00,33,1,42218,51.135,51.15,51.11,51.11,63,SIZ5
2025-11-14 17:42:00+00:00,33,1,42218,51.11,51.14,51.105,51.13,44,SIZ5
2025-11-14 17:43:00+00:00,33,1,42218,51.13,51.155,51.12,51.135,65,SIZ5
2025-11-14 17:44:00+00:00,33,1,42218,51.13,51.13,51.1,51.11,66,SIZ5
2025-11-14 17:45:00+00:00,33,1,42218,51.11,51.12,51.075,51.075,140,SIZ5
2025-11-14 17:46:00+00:00,33,1,42218,51.075,51.105,51.065,51.095,61,SIZ5
2025-11-14 17:47:00+00:00,33,1,42218,51.085,51.105,51.065,51.085,39,SIZ5
2025-11-14 17:48:00+00:00,33,1,42218,51.08,51.085,51.06,51.07,32,SIZ5
2025-11-14 17:49:00+00:00,33,1,42218,51.07,51.07,51.02,51.035,127,SIZ5
2025-11-14 17:50:00+00:00,33,1,42218,51.04,51.045,50.99,51.01,84,SIZ5
2025-11-14 17:51:00+00:00,33,1,42218,51.01,51.05,50.99,51.005,82,SIZ5
2025-11-14 17:52:00+00:00,33,1,42218,51.01,51.075,51.01,51.06,73,SIZ5
2025-11-14 17:53:00+00:00,33,1,42218,51.07,51.115,51.07,51.105,86,SIZ5
2025-11-14 17:54:00+00:00,33,1,42218,51.1,51.105,51.08,51.09,54,SIZ5
2025-11-14 17:55:00+00:00,33,1,42218,51.09,51.09,51.055,51.09,67,SIZ5
2025-11-14 17:56:00+00:00,33,1,42218,51.09,51.09,51.045,51.065,28,SIZ5
2025-11-14 17:57:00+00:00,33,1,42218,51.07,51.085,51.065,51.08,20,SIZ5
2025-11-14 17:58:00+00:00,33,1,42218,51.07,51.09,51.06,51.09,23,SIZ5
2025-11-14 17:59:00+00:00,33,1,42218,51.085,51.105,51.05,51.075,129,SIZ5
2025-11-14 18:00:00+00:00,33,1,42218,51.08,51.095,51.03,51.035,81,SIZ5
2025-11-14 18:01:00+00:00,33,1,42218,51.035,51.055,50.975,51.01,157,SIZ5
2025-11-14 18:02:00+00:00,33,1,42218,51.02,51.02,50.97,50.995,97,SIZ5
2025-11-14 18:03:00+00:00,33,1,42218,51.005,51.005,50.905,50.91,334,SIZ5
2025-11-14 18:04:00+00:00,33,1,42218,50.91,50.915,50.88,50.88,160,SIZ5
2025-11-14 18:05:00+00:00,33,1,42218,50.885,50.92,50.85,50.895,159,SIZ5
2025-11-14 18:06:00+00:00,33,1,42218,50.89,50.925,50.87,50.88,98,SIZ5
2025-11-14 18:07:00+00:00,33,1,42218,50.88,50.965,50.88,50.92,214,SIZ5
2025-11-14 18:08:00+00:00,33,1,42218,50.92,50.925,50.875,50.89,63,SIZ5
2025-11-14 18:09:00+00:00,33,1,42218,50.89,50.935,50.885,50.905,56,SIZ5
2025-11-14 18:10:00+00:00,33,1,42218,50.915,50.93,50.855,50.915,199,SIZ5
2025-11-14 18:11:00+00:00,33,1,42218,50.91,50.92,50.875,50.89,49,SIZ5
2025-11-14 18:12:00+00:00,33,1,42218,50.89,50.99,50.885,50.975,200,SIZ5
2025-11-14 18:13:00+00:00,33,1,42218,50.975,51.0,50.96,50.97,46,SIZ5
2025-11-14 18:14:00+00:00,33,1,42218,50.975,51.015,50.975,50.995,88,SIZ5
2025-11-14 18:15:00+00:00,33,1,42218,50.995,50.995,50.93,50.93,100,SIZ5
2025-11-14 18:16:00+00:00,33,1,42218,50.93,50.955,50.88,50.91,87,SIZ5
2025-11-14 18:17:00+00:00,33,1,42218,50.91,50.915,50.79,50.835,329,SIZ5
2025-11-14 18:18:00+00:00,33,1,42218,50.83,50.85,50.795,50.8,111,SIZ5
2025-11-14 18:19:00+00:00,33,1,42218,50.8,50.84,50.8,50.815,72,SIZ5
2025-11-14 18:20:00+00:00,33,1,42218,50.81,50.82,50.76,50.78,109,SIZ5
2025-11-14 18:21:00+00:00,33,1,42218,50.78,50.8,50.725,50.735,194,SIZ5
2025-11-14 18:22:00+00:00,33,1,42218,50.73,50.75,50.7,50.725,152,SIZ5
2025-11-14 18:23:00+00:00,33,1,42218,50.72,50.76,50.72,50.755,224,SIZ5
2025-11-14 18:24:00+00:00,33,1,42218,50.755,50.76,50.65,50.67,1036,SIZ5
2025-11-14 18:25:00+00:00,33,1,42218,50.67,50.7,50.64,50.665,288,SIZ5
2025-11-14 18:26:00+00:00,33,1,42218,50.665,50.695,50.66,50.695,87,SIZ5
2025-11-14 18:27:00+00:00,33,1,42218,50.705,50.725,50.69,50.71,118,SIZ5
2025-11-14 18:28:00+00:00,33,1,42218,50.71,50.75,50.7,50.74,58,SIZ5
2025-11-14 18:29:00+00:00,33,1,42218,50.745,50.8,50.74,50.785,135,SIZ5
2025-11-14 18:30:00+00:00,33,1,42218,50.79,50.89,50.785,50.875,209,SIZ5
2025-11-14 18:31:00+00:00,33,1,42218,50.875,50.875,50.8,50.825,119,SIZ5
2025-11-14 18:32:00+00:00,33,1,42218,50.835,50.925,50.835,50.92,100,SIZ5
2025-11-14 18:33:00+00:00,33,1,42218,50.91,50.93,50.89,50.925,83,SIZ5
2025-11-14 18:34:00+00:00,33,1,42218,50.925,50.98,50.92,50.96,81,SIZ5
2025-11-14 18:35:00+00:00,33,1,42218,50.955,51.015,50.95,50.975,166,SIZ5
2025-11-14 18:36:00+00:00,33,1,42218,50.97,51.015,50.935,50.995,194,SIZ5
2025-11-14 18:37:00+00:00,33,1,42218,50.995,51.005,50.945,50.955,96,SIZ5
2025-11-14 18:38:00+00:00,33,1,42218,50.96,51.0,50.935,50.96,58,SIZ5
2025-11-14 18:39:00+00:00,33,1,42218,50.96,50.975,50.925,50.93,48,SIZ5
2025-11-14 18:40:00+00:00,33,1,42218,50.93,50.93,50.9,50.9,41,SIZ5
2025-11-14 18:41:00+00:00,33,1,42218,50.89,50.89,50.855,50.855,35,SIZ5
2025-11-14 18:42:00+00:00,33,1,42218,50.86,50.88,50.845,50.85,29,SIZ5
2025-11-14 18:43:00+00:00,33,1,42218,50.84,50.85,50.81,50.85,65,SIZ5
2025-11-14 18:44:00+00:00,33,1,42218,50.855,50.865,50.84,50.855,22,SIZ5
2025-11-14 18:45:00+00:00,33,1,42218,50.86,50.91,50.86,50.905,45,SIZ5
2025-11-14 18:46:00+00:00,33,1,42218,50.905,50.905,50.88,50.88,36,SIZ5
2025-11-14 18:47:00+00:00,33,1,42218,50.875,50.895,50.87,50.875,16,SIZ5
2025-11-14 18:48:00+00:00,33,1,42218,50.875,50.88,50.865,50.875,9,SIZ5
2025-11-14 18:49:00+00:00,33,1,42218,50.88,50.885,50.86,50.875,12,SIZ5
2025-11-14 18:50:00+00:00,33,1,42218,50.88,50.915,50.88,50.91,35,SIZ5
2025-11-14 18:51:00+00:00,33,1,42218,50.905,50.985,50.9,50.985,69,SIZ5
2025-11-14 18:52:00+00:00,33,1,42218,50.975,50.99,50.95,50.985,17,SIZ5
2025-11-14 18:53:00+00:00,33,1,42218,50.98,51.01,50.97,51.005,39,SIZ5
2025-11-14 18:54:00+00:00,33,1,42218,51.005,51.015,50.99,50.99,48,SIZ5
2025-11-14 18:55:00+00:00,33,1,42218,50.985,50.985,50.94,50.94,52,SIZ5
2025-11-14 18:56:00+00:00,33,1,42218,50.935,50.96,50.93,50.955,48,SIZ5
2025-11-14 18:57:00+00:00,33,1,42218,50.94,50.95,50.91,50.91,32,SIZ5
2025-11-14 18:58:00+00:00,33,1,42218,50.92,50.955,50.92,50.955,11,SIZ5
2025-11-14 18:59:00+00:00,33,1,42218,50.945,50.945,50.915,50.915,35,SIZ5
2025-11-14 19:00:00+00:00,33,1,42218,50.915,50.975,50.915,50.945,59,SIZ5
2025-11-14 19:01:00+00:00,33,1,42218,50.945,50.945,50.895,50.92,27,SIZ5
2025-11-14 19:02:00+00:00,33,1,42218,50.91,50.93,50.895,50.9,12,SIZ5
2025-11-14 19:03:00+00:00,33,1,42218,50.9,50.925,50.895,50.905,16,SIZ5
2025-11-14 19:04:00+00:00,33,1,42218,50.91,50.91,50.85,50.85,39,SIZ5
2025-11-14 19:05:00+00:00,33,1,42218,50.85,50.86,50.77,50.785,120,SIZ5
2025-11-14 19:06:00+00:00,33,1,42218,50.795,50.84,50.795,50.84,45,SIZ5
2025-11-14 19:07:00+00:00,33,1,42218,50.825,50.825,50.78,50.78,20,SIZ5
2025-11-14 19:08:00+00:00,33,1,42218,50.76,50.77,50.745,50.75,40,SIZ5
2025-11-14 19:09:00+00:00,33,1,42218,50.75,50.77,50.725,50.77,39,SIZ5
2025-11-14 19:10:00+00:00,33,1,42218,50.775,50.815,50.775,50.775,50,SIZ5
2025-11-14 19:11:00+00:00,33,1,42218,50.78,50.78,50.73,50.73,39,SIZ5
2025-11-14 19:12:00+00:00,33,1,42218,50.74,50.825,50.735,50.825,43,SIZ5
2025-11-14 19:13:00+00:00,33,1,42218,50.83,50.83,50.785,50.8,44,SIZ5
2025-11-14 19:14:00+00:00,33,1,42218,50.79,50.825,50.79,50.815,38,SIZ5
2025-11-14 19:15:00+00:00,33,1,42218,50.825,50.855,50.825,50.83,106,SIZ5
2025-11-14 19:16:00+00:00,33,1,42218,50.845,50.845,50.8,50.81,46,SIZ5
2025-11-14 19:17:00+00:00,33,1,42218,50.805,50.805,50.77,50.785,7,SIZ5
2025-11-14 19:18:00+00:00,33,1,42218,50.775,50.81,50.77,50.795,71,SIZ5
2025-11-14 19:19:00+00:00,33,1,42218,50.795,50.805,50.775,50.795,35,SIZ5
2025-11-14 19:20:00+00:00,33,1,42218,50.81,50.84,50.81,50.835,12,SIZ5
2025-11-14 19:21:00+00:00,33,1,42218,50.835,50.835,50.81,50.825,20,SIZ5
2025-11-14 19:22:00+00:00,33,1,42218,50.82,50.835,50.81,50.835,34,SIZ5
2025-11-14 19:23:00+00:00,33,1,42218,50.83,50.85,50.82,50.825,44,SIZ5
2025-11-14 19:24:00+00:00,33,1,42218,50.83,50.87,50.83,50.845,22,SIZ5
2025-11-14 19:25:00+00:00,33,1,42218,50.85,50.85,50.805,50.82,19,SIZ5
2025-11-14 19:26:00+00:00,33,1,42218,50.82,50.835,50.8,50.8,13,SIZ5
2025-11-14 19:27:00+00:00,33,1,42218,50.795,50.8,50.785,50.8,12,SIZ5
2025-11-14 19:28:00+00:00,33,1,42218,50.815,50.825,50.81,50.825,10,SIZ5
2025-11-14 19:29:00+00:00,33,1,42218,50.82,50.82,50.815,50.82,3,SIZ5
2025-11-14 19:30:00+00:00,33,1,42218,50.825,50.835,50.81,50.81,25,SIZ5
2025-11-14 19:31:00+00:00,33,1,42218,50.81,50.82,50.73,50.745,79,SIZ5
2025-11-14 19:32:00+00:00,33,1,42218,50.74,50.775,50.705,50.765,76,SIZ5
2025-11-14 19:33:00+00:00,33,1,42218,50.775,50.78,50.72,50.755,54,SIZ5
2025-11-14 19:34:00+00:00,33,1,42218,50.75,50.785,50.72,50.725,36,SIZ5
2025-11-14 19:35:00+00:00,33,1,42218,50.715,50.745,50.715,50.74,17,SIZ5
2025-11-14 19:36:00+00:00,33,1,42218,50.745,50.785,50.74,50.785,12,SIZ5
2025-11-14 19:37:00+00:00,33,1,42218,50.79,50.795,50.745,50.765,25,SIZ5
2025-11-14 19:38:00+00:00,33,1,42218,50.77,50.8,50.77,50.8,13,SIZ5
2025-11-14 19:39:00+00:00,33,1,42218,50.8,50.815,50.79,50.795,25,SIZ5
2025-11-14 19:40:00+00:00,33,1,42218,50.785,50.785,50.74,50.74,20,SIZ5
2025-11-14 19:41:00+00:00,33,1,42218,50.73,50.74,50.71,50.73,18,SIZ5
2025-11-14 19:42:00+00:00,33,1,42218,50.73,50.735,50.71,50.735,22,SIZ5
2025-11-14 19:43:00+00:00,33,1,42218,50.74,50.74,50.72,50.72,20,SIZ5
2025-11-14 19:44:00+00:00,33,1,42218,50.735,50.74,50.7,50.705,34,SIZ5
2025-11-14 19:45:00+00:00,33,1,42218,50.7,50.725,50.68,50.685,72,SIZ5
2025-11-14 19:46:00+00:00,33,1,42218,50.695,50.75,50.695,50.73,57,SIZ5
2025-11-14 19:47:00+00:00,33,1,42218,50.73,50.755,50.725,50.755,18,SIZ5
2025-11-14 19:48:00+00:00,33,1,42218,50.75,50.755,50.71,50.71,24,SIZ5
2025-11-14 19:49:00+00:00,33,1,42218,50.705,50.71,50.69,50.69,11,SIZ5
2025-11-14 19:50:00+00:00,33,1,42218,50.685,50.705,50.68,50.705,42,SIZ5
2025-11-14 19:51:00+00:00,33,1,42218,50.695,50.73,50.695,50.725,18,SIZ5
2025-11-14 19:52:00+00:00,33,1,42218,50.735,50.815,50.735,50.79,39,SIZ5
2025-11-14 19:53:00+00:00,33,1,42218,50.795,50.795,50.76,50.76,19,SIZ5
2025-11-14 19:54:00+00:00,33,1,42218,50.765,50.765,50.735,50.735,26,SIZ5
2025-11-14 19:55:00+00:00,33,1,42218,50.755,50.755,50.68,50.685,54,SIZ5
2025-11-14 19:56:00+00:00,33,1,42218,50.7,50.7,50.66,50.66,44,SIZ5
2025-11-14 19:57:00+00:00,33,1,42218,50.655,50.69,50.655,50.675,51,SIZ5
2025-11-14 19:58:00+00:00,33,1,42218,50.665,50.665,50.625,50.635,56,SIZ5
2025-11-14 19:59:00+00:00,33,1,42218,50.64,50.685,50.635,50.675,30,SIZ5
2025-11-14 20:00:00+00:00,33,1,42218,50.67,50.71,50.67,50.68,82,SIZ5
2025-11-14 20:01:00+00:00,33,1,42218,50.675,50.675,50.64,50.66,32,SIZ5
2025-11-14 20:02:00+00:00,33,1,42218,50.675,50.675,50.64,50.665,48,SIZ5
2025-11-14 20:03:00+00:00,33,1,42218,50.67,50.67,50.63,50.63,37,SIZ5
2025-11-14 20:04:00+00:00,33,1,42218,50.635,50.635,50.585,50.585,62,SIZ5
2025-11-14 20:05:00+00:00,33,1,42218,50.58,50.64,50.58,50.64,28,SIZ5
2025-11-14 20:06:00+00:00,33,1,42218,50.635,50.64,50.58,50.605,196,SIZ5
2025-11-14 20:07:00+00:00,33,1,42218,50.595,50.615,50.595,50.615,29,SIZ5
2025-11-14 20:08:00+00:00,33,1,42218,50.615,50.62,50.6,50.615,14,SIZ5
2025-11-14 20:09:00+00:00,33,1,42218,50.605,50.61,50.595,50.61,7,SIZ5
2025-11-14 20:10:00+00:00,33,1,42218,50.62,50.66,50.61,50.65,58,SIZ5
2025-11-14 20:11:00+00:00,33,1,42218,50.64,50.65,50.625,50.625,17,SIZ5
2025-11-14 20:12:00+00:00,33,1,42218,50.625,50.67,50.62,50.655,41,SIZ5
2025-11-14 20:13:00+00:00,33,1,42218,50.67,50.68,50.65,50.66,28,SIZ5
2025-11-14 20:14:00+00:00,33,1,42218,50.66,50.66,50.63,50.635,26,SIZ5
2025-11-14 20:15:00+00:00,33,1,42218,50.64,50.67,50.635,50.645,17,SIZ5
2025-11-14 20:16:00+00:00,33,1,42218,50.645,50.67,50.64,50.67,18,SIZ5
2025-11-14 20:17:00+00:00,33,1,42218,50.66,50.68,50.655,50.67,22,SIZ5
2025-11-14 20:18:00+00:00,33,1,42218,50.655,50.655,50.585,50.6,164,SIZ5
2025-11-14 20:19:00+00:00,33,1,42218,50.605,50.615,50.57,50.57,15,SIZ5
2025-11-14 20:20:00+00:00,33,1,42218,50.575,50.585,50.515,50.515,68,SIZ5
2025-11-14 20:21:00+00:00,33,1,42218,50.51,50.52,50.395,50.41,199,SIZ5
2025-11-14 20:22:00+00:00,33,1,42218,50.405,50.415,50.38,50.415,254,SIZ5
2025-11-14 20:23:00+00:00,33,1,42218,50.4,50.43,50.375,50.41,72,SIZ5
2025-11-14 20:24:00+00:00,33,1,42218,50.415,50.455,50.415,50.455,34,SIZ5
2025-11-14 20:25:00+00:00,33,1,42218,50.44,50.46,50.4,50.435,52,SIZ5
2025-11-14 20:26:00+00:00,33,1,42218,50.44,50.475,50.425,50.425,59,SIZ5
2025-11-14 20:27:00+00:00,33,1,42218,50.435,50.48,50.415,50.475,49,SIZ5
2025-11-14 20:28:00+00:00,33,1,42218,50.48,50.53,50.48,50.53,31,SIZ5
2025-11-14 20:29:00+00:00,33,1,42218,50.525,50.55,50.52,50.54,153,SIZ5
2025-11-14 20:30:00+00:00,33,1,42218,50.535,50.575,50.525,50.55,51,SIZ5
2025-11-14 20:31:00+00:00,33,1,42218,50.55,50.56,50.53,50.555,16,SIZ5
2025-11-14 20:32:00+00:00,33,1,42218,50.565,50.605,50.565,50.605,15,SIZ5
2025-11-14 20:33:00+00:00,33,1,42218,50.605,50.625,50.58,50.625,38,SIZ5
2025-11-14 20:34:00+00:00,33,1,42218,50.62,50.63,50.61,50.61,24,SIZ5
2025-11-14 20:35:00+00:00,33,1,42218,50.645,50.65,50.615,50.65,67,SIZ5
2025-11-14 20:36:00+00:00,33,1,42218,50.645,50.66,50.635,50.66,42,SIZ5
2025-11-14 20:37:00+00:00,33,1,42218,50.655,50.68,50.645,50.655,50,SIZ5
2025-11-14 20:38:00+00:00,33,1,42218,50.66,50.66,50.645,50.65,15,SIZ5
2025-11-14 20:39:00+00:00,33,1,42218,50.645,50.665,50.64,50.665,32,SIZ5
2025-11-14 20:40:00+00:00,33,1,42218,50.65,50.65,50.61,50.615,41,SIZ5
2025-11-14 20:41:00+00:00,33,1,42218,50.615,50.63,50.605,50.62,20,SIZ5
2025-11-14 20:42:00+00:00,33,1,42218,50.62,50.64,50.62,50.63,14,SIZ5
2025-11-14 20:43:00+00:00,33,1,42218,50.63,50.63,50.625,50.63,5,SIZ5
2025-11-14 20:44:00+00:00,33,1,42218,50.625,50.65,50.625,50.63,28,SIZ5
2025-11-14 20:45:00+00:00,33,1,42218,50.625,50.635,50.605,50.625,52,SIZ5
2025-11-14 20:46:00+00:00,33,1,42218,50.625,50.65,50.625,50.65,23,SIZ5
2025-11-14 20:47:00+00:00,33,1,42218,50.63,50.64,50.625,50.63,14,SIZ5
2025-11-14 20:48:00+00:00,33,1,42218,50.63,50.635,50.58,50.58,37,SIZ5
2025-11-14 20:49:00+00:00,33,1,42218,50.59,50.59,50.545,50.55,29,SIZ5
2025-11-14 20:50:00+00:00,33,1,42218,50.55,50.56,50.485,50.485,69,SIZ5
2025-11-14 20:51:00+00:00,33,1,42218,50.495,50.545,50.495,50.52,24,SIZ5
2025-11-14 20:52:00+00:00,33,1,42218,50.515,50.515,50.49,50.49,14,SIZ5
2025-11-14 20:53:00+00:00,33,1,42218,50.485,50.51,50.48,50.51,50,SIZ5
2025-11-14 20:54:00+00:00,33,1,42218,50.51,50.51,50.48,50.5,32,SIZ5
2025-11-14 20:55:00+00:00,33,1,42218,50.505,50.52,50.5,50.505,63,SIZ5
2025-11-14 20:56:00+00:00,33,1,42218,50.505,50.515,50.47,50.485,26,SIZ5
2025-11-14 20:57:00+00:00,33,1,42218,50.48,50.52,50.48,50.52,16,SIZ5
2025-11-14 20:58:00+00:00,33,1,42218,50.53,50.545,50.52,50.53,35,SIZ5
2025-11-14 20:59:00+00:00,33,1,42218,50.54,50.56,50.535,50.55,44,SIZ5
2025-11-14 21:00:00+00:00,33,1,42218,50.545,50.55,50.51,50.51,17,SIZ5
2025-11-14 21:01:00+00:00,33,1,42218,50.505,50.505,50.48,50.49,30,SIZ5
2025-11-14 21:02:00+00:00,33,1,42218,50.495,50.51,50.48,50.51,31,SIZ5
2025-11-14 21:03:00+00:00,33,1,42218,50.505,50.515,50.485,50.515,20,SIZ5
2025-11-14 21:04:00+00:00,33,1,42218,50.515,50.525,50.515,50.52,13,SIZ5
2025-11-14 21:05:00+00:00,33,1,42218,50.505,50.505,50.445,50.46,38,SIZ5
2025-11-14 21:06:00+00:00,33,1,42218,50.455,50.455,50.425,50.43,18,SIZ5
2025-11-14 21:07:00+00:00,33,1,42218,50.435,50.48,50.435,50.48,15,SIZ5
2025-11-14 21:08:00+00:00,33,1,42218,50.475,50.48,50.46,50.46,5,SIZ5
2025-11-14 21:09:00+00:00,33,1,42218,50.46,50.46,50.45,50.45,14,SIZ5
2025-11-14 21:10:00+00:00,33,1,42218,50.44,50.445,50.435,50.445,19,SIZ5
2025-11-14 21:11:00+00:00,33,1,42218,50.45,50.49,50.45,50.49,35,SIZ5
2025-11-14 21:12:00+00:00,33,1,42218,50.49,50.49,50.475,50.485,20,SIZ5
2025-11-14 21:13:00+00:00,33,1,42218,50.49,50.495,50.47,50.47,9,SIZ5
2025-11-14 21:14:00+00:00,33,1,42218,50.47,50.47,50.47,50.47,2,SIZ5
2025-11-14 21:15:00+00:00,33,1,42218,50.475,50.535,50.47,50.53,14,SIZ5
2025-11-14 21:16:00+00:00,33,1,42218,50.525,50.545,50.525,50.54,8,SIZ5
2025-11-14 21:17:00+00:00,33,1,42218,50.545,50.55,50.535,50.535,5,SIZ5
2025-11-14 21:18:00+00:00,33,1,42218,50.54,50.54,50.525,50.53,10,SIZ5
2025-11-14 21:19:00+00:00,33,1,42218,50.53,50.53,50.52,50.52,8,SIZ5
2025-11-14 21:20:00+00:00,33,1,42218,50.52,50.52,50.485,50.5,7,SIZ5
2025-11-14 21:21:00+00:00,33,1,42218,50.505,50.505,50.495,50.495,5,SIZ5
2025-11-14 21:22:00+00:00,33,1,42218,50.485,50.485,50.485,50.485,2,SIZ5
2025-11-14 21:23:00+00:00,33,1,42218,50.485,50.495,50.485,50.495,5,SIZ5
2025-11-14 21:24:00+00:00,33,1,42218,50.49,50.49,50.485,50.485,3,SIZ5
2025-11-14 21:25:00+00:00,33,1,42218,50.495,50.51,50.495,50.505,9,SIZ5
2025-11-14 21:26:00+00:00,33,1,42218,50.505,50.52,50.495,50.495,30,SIZ5
2025-11-14 21:27:00+00:00,33,1,42218,50.505,50.51,50.495,50.495,5,SIZ5
2025-11-14 21:28:00+00:00,33,1,42218,50.495,50.505,50.495,50.505,3,SIZ5
2025-11-14 21:29:00+00:00,33,1,42218,50.505,50.515,50.505,50.51,7,SIZ5
2025-11-14 21:30:00+00:00,33,1,42218,50.51,50.51,50.49,50.49,9,SIZ5
2025-11-14 21:31:00+00:00,33,1,42218,50.485,50.485,50.465,50.47,20,SIZ5
2025-11-14 21:32:00+00:00,33,1,42218,50.48,50.485,50.445,50.45,19,SIZ5
2025-11-14 21:33:00+00:00,33,1,42218,50.465,50.47,50.44,50.45,17,SIZ5
2025-11-14 21:34:00+00:00,33,1,42218,50.46,50.47,50.46,50.47,8,SIZ5
2025-11-14 21:35:00+00:00,33,1,42218,50.475,50.495,50.415,50.42,83,SIZ5
2025-11-14 21:36:00+00:00,33,1,42218,50.42,50.43,50.4,50.4,27,SIZ5
2025-11-14 21:37:00+00:00,33,1,42218,50.415,50.45,50.415,50.435,19,SIZ5
2025-11-14 21:38:00+00:00,33,1,42218,50.43,50.43,50.42,50.42,8,SIZ5
2025-11-14 21:39:00+00:00,33,1,42218,50.425,50.425,50.39,50.39,13,SIZ5
2025-11-14 21:40:00+00:00,33,1,42218,50.39,50.42,50.39,50.42,18,SIZ5
2025-11-14 21:41:00+00:00,33,1,42218,50.425,50.425,50.425,50.425,5,SIZ5
2025-11-14 21:42:00+00:00,33,1,42218,50.43,50.44,50.43,50.435,8,SIZ5
2025-11-14 21:43:00+00:00,33,1,42218,50.445,50.445,50.41,50.425,19,SIZ5
2025-11-14 21:44:00+00:00,33,1,42218,50.425,50.435,50.425,50.435,8,SIZ5
2025-11-14 21:45:00+00:00,33,1,42218,50.44,50.44,50.43,50.43,3,SIZ5
2025-11-14 21:46:00+00:00,33,1,42218,50.43,50.445,50.43,50.44,15,SIZ5
2025-11-14 21:47:00+00:00,33,1,42218,50.435,50.435,50.425,50.43,10,SIZ5
2025-11-14 21:48:00+00:00,33,1,42218,50.445,50.445,50.435,50.435,11,SIZ5
2025-11-14 21:49:00+00:00,33,1,42218,50.435,50.435,50.41,50.43,13,SIZ5
2025-11-14 21:50:00+00:00,33,1,42218,50.43,50.435,50.385,50.405,50,SIZ5
2025-11-14 21:51:00+00:00,33,1,42218,50.42,50.425,50.415,50.425,7,SIZ5
2025-11-14 21:52:00+00:00,33,1,42218,50.425,50.44,50.425,50.44,6,SIZ5
2025-11-14 21:53:00+00:00,33,1,42218,50.445,50.45,50.445,50.445,6,SIZ5
2025-11-14 21:54:00+00:00,33,1,42218,50.445,50.475,50.445,50.46,18,SIZ5
2025-11-14 21:55:00+00:00,33,1,42218,50.44,50.46,50.43,50.445,34,SIZ5
2025-11-14 21:56:00+00:00,33,1,42218,50.44,50.465,50.44,50.445,46,SIZ5
2025-11-14 21:57:00+00:00,33,1,42218,50.445,50.445,50.41,50.42,34,SIZ5
2025-11-14 21:58:00+00:00,33,1,42218,50.42,50.435,50.41,50.43,12,SIZ5
2025-11-14 21:59:00+00:00,33,1,42218,50.425,50.425,50.37,50.4,87,SIZ5
