ts_event,rtype,publisher_id,instrument_id,open,high,low,close,volume,symbol
2025-11-10 00:00:00+00:00,33,1,42029208,48.525,48.525,48.485,48.485,42,SILZ5
2025-11-10 00:01:00+00:00,33,1,42029208,48.49,48.535,48.49,48.505,27,SILZ5
2025-11-10 00:02:00+00:00,33,1,42029208,48.495,48.51,48.48,48.505,20,SILZ5
2025-11-10 00:03:00+00:00,33,1,42029208,48.515,48.56,48.515,48.525,29,SILZ5
2025-11-10 00:04:00+00:00,33,1,42029208,48.525,48.53,48.5,48.515,12,SILZ5
2025-11-10 00:05:00+00:00,33,1,42029208,48.53,48.53,48.505,48.51,14,SILZ5
2025-11-10 00:06:00+00:00,33,1,42029208,48.505,48.52,48.48,48.51,44,SILZ5
2025-11-10 00:07:00+00:00,33,1,42029208,48.515,48.535,48.515,48.515,26,SILZ5
2025-11-10 00:08:00+00:00,33,1,42029208,48.51,48.51,48.485,48.49,31,SILZ5
2025-11-10 00:09:00+00:00,33,1,42029208,48.49,48.505,48.485,48.495,18,SILZ5
2025-11-10 00:10:00+00:00,33,1,42029208,48.5,48.535,48.5,48.53,28,SILZ5
2025-11-10 00:11:00+00:00,33,1,42029208,48.535,48.535,48.525,48.525,14,SILZ5
2025-11-10 00:12:00+00:00,33,1,42029208,48.53,48.53,48.52,48.525,6,SILZ5
2025-11-10 00:13:00+00:00,33,1,42029208,48.52,48.53,48.515,48.515,21,SILZ5
2025-11-10 00:14:00+00:00,33,1,42029208,48.525,48.56,48.525,48.545,20,SILZ5
2025-11-10 00:15:00+00:00,33,1,42029208,48.55,48.55,48.515,48.52,18,SILZ5
2025-11-10 00:16:00+00:00,33,1,42029208,48.53,48.53,48.525,48.525,7,SILZ5
2025-11-10 00:17:00+00:00,33,1,42029208,48.52,48.53,48.52,48.525,8,SILZ5
2025-11-10 00:18:00+00:00,33,1,42029208,48.53,48.535,48.525,48.525,5,SILZ5
2025-11-10 00:19:00+00:00,33,1,42029208,48.525,48.535,48.515,48.515,14,SILZ5
2025-11-10 00:20:00+00:00,33,1,42029208,48.515,48.525,48.51,48.52,10,SILZ5
2025-11-10 00:21:00+00:00,33,1,42029208,48.515,48.52,48.505,48.505,8,SILZ5
2025-11-10 00:22:00+00:00,33,1,42029208,48.52,48.54,48.52,48.53,62,SILZ5
2025-11-10 00:23:00+00:00,33,1,42029208,48.525,48.54,48.52,48.54,12,SILZ5
2025-11-10 00:24:00+00:00,33,1,42029208,48.53,48.53,48.52,48.52,10,SILZ5
2025-11-10 00:25:00+00:00,33,1,42029208,48.515,48.53,48.51,48.53,11,SILZ5
2025-11-10 00:26:00+00:00,33,1,42029208,48.53,48.53,48.525,48.525,5,SILZ5
2025-11-10 00:27:00+00:00,33,1,42029208,48.525,48.525,48.525,48.525,6,SILZ5
2025-11-10 00:28:00+00:00,33,1,42029208,48.525,48.525,48.505,48.505,9,SILZ5
2025-11-10 00:29:00+00:00,33,1,42029208,48.505,48.52,48.505,48.51,24,SILZ5
2025-11-10 00:30:00+00:00,33,1,42029208,48.525,48.54,48.52,48.54,18,SILZ5
2025-11-10 00:31:00+00:00,33,1,42029208,48.535,48.535,48.515,48.535,24,SILZ5
2025-11-10 00:32:00+00:00,33,1,42029208,48.525,48.53,48.525,48.53,4,SILZ5
2025-11-10 00:33:00+00:00,33,1,42029208,48.525,48.54,48.52,48.525,11,SILZ5
2025-11-10 00:34:00+00:00,33,1,42029208,48.525,48.525,48.525,48.525,4,SILZ5
2025-11-10 00:35:00+00:00,33,1,42029208,48.53,48.53,48.515,48.515,11,SILZ5
2025-11-10 00:36:00+00:00,33,1,42029208,48.51,48.51,48.47,48.485,29,SILZ5
2025-11-10 00:37:00+00:00,33,1,42029208,48.49,48.49,48.45,48.45,21,SILZ5
2025-11-10 00:38:00+00:00,33,1,42029208,48.455,48.475,48.445,48.475,30,SILZ5
2025-11-10 00:39:00+00:00,33,1,42029208,48.475,48.48,48.46,48.475,18,SILZ5
2025-11-10 00:40:00+00:00,33,1,42029208,48.47,48.48,48.47,48.47,6,SILZ5
2025-11-10 00:41:00+00:00,33,1,42029208,48.465,48.475,48.465,48.47,15,SILZ5
2025-11-10 00:42:00+00:00,33,1,42029208,48.47,48.47,48.47,48.47,5,SILZ5
2025-11-10 00:43:00+00:00,33,1,42029208,48.47,48.475,48.47,48.47,5,SILZ5
2025-11-10 00:44:00+00:00,33,1,42029208,48.47,48.5,48.47,48.5,23,SILZ5
2025-11-10 00:45:00+00:00,33,1,42029208,48.505,48.53,48.495,48.51,45,SILZ5
2025-11-10 00:46:00+00:00,33,1,42029208,48.515,48.525,48.51,48.52,37,SILZ5
2025-11-10 00:47:00+00:00,33,1,42029208,48.52,48.54,48.51,48.54,30,SILZ5
2025-11-10 00:48:00+00:00,33,1,42029208,48.54,48.54,48.525,48.535,25,SILZ5
2025-11-10 00:49:00+00:00,33,1,42029208,48.53,48.54,48.525,48.525,9,SILZ5
2025-11-10 00:50:00+00:00,33,1,42029208,48.52,48.52,48.51,48.51,10,SILZ5
2025-11-10 00:51:00+00:00,33,1,42029208,48.505,48.505,48.495,48.495,28,SILZ5
2025-11-10 00:52:00+00:00,33,1,42029208,48.49,48.505,48.485,48.5,18,SILZ5
2025-11-10 00:53:00+00:00,33,1,42029208,48.495,48.495,48.46,48.48,34,SILZ5
2025-11-10 00:54:00+00:00,33,1,42029208,48.47,48.5,48.47,48.49,30,SILZ5
2025-11-10 00:55:00+00:00,33,1,42029208,48.485,48.485,48.475,48.48,16,SILZ5
2025-11-10 00:56:00+00:00,33,1,42029208,48.485,48.495,48.48,48.49,21,SILZ5
2025-11-10 00:57:00+00:00,33,1,42029208,48.495,48.51,48.475,48.475,20,SILZ5
2025-11-10 00:58:00+00:00,33,1,42029208,48.48,48.485,48.47,48.48,18,SILZ5
2025-11-10 00:59:00+00:00,33,1,42029208,48.48,48.5,48.46,48.5,88,SILZ5
2025-11-10 01:00:00+00:00,33,1,42029208,48.49,48.58,48.47,48.56,238,SILZ5
2025-11-10 01:01:00+00:00,33,1,42029208,48.56,48.57,48.51,48.535,77,SILZ5
2025-11-10 01:02:00+00:00,33,1,42029208,48.545,48.55,48.51,48.525,50,SILZ5
2025-11-10 01:03:00+00:00,33,1,42029208,48.53,48.59,48.53,48.585,53,SILZ5
2025-11-10 01:04:00+00:00,33,1,42029208,48.58,48.585,48.55,48.56,36,SILZ5
2025-11-10 01:05:00+00:00,33,1,42029208,48.555,48.59,48.555,48.555,68,SILZ5
2025-11-10 01:06:00+00:00,33,1,42029208,48.565,48.59,48.555,48.56,27,SILZ5
2025-11-10 01:07:00+00:00,33,1,42029208,48.565,48.6,48.565,48.59,37,SILZ5
2025-11-10 01:08:00+00:00,33,1,42029208,48.6,48.625,48.595,48.615,40,SILZ5
2025-11-10 01:09:00+00:00,33,1,42029208,48.615,48.625,48.59,48.625,26,SILZ5
2025-11-10 01:10:00+00:00,33,1,42029208,48.63,48.725,48.62,48.72,133,SILZ5
2025-11-10 01:11:00+00:00,33,1,42029208,48.715,48.88,48.715,48.875,392,SILZ5
2025-11-10 01:12:00+00:00,33,1,42029208,48.885,48.9,48.835,48.865,132,SILZ5
2025-11-10 01:13:00+00:00,33,1,42029208,48.865,48.91,48.815,48.86,119,SILZ5
2025-11-10 01:14:00+00:00,33,1,42029208,48.865,48.87,48.83,48.84,63,SILZ5
2025-11-10 01:15:00+00:00,33,1,42029208,48.855,48.885,48.845,48.87,73,SILZ5
2025-11-10 01:16:00+00:00,33,1,42029208,48.87,48.89,48.85,48.885,65,SILZ5
2025-11-10 01:17:00+00:00,33,1,42029208,48.88,48.89,48.855,48.865,44,SILZ5
2025-11-10 01:18:00+00:00,33,1,42029208,48.87,48.92,48.87,48.91,83,SILZ5
2025-11-10 01:19:00+00:00,33,1,42029208,48.905,48.93,48.895,48.9,88,SILZ5
2025-11-10 01:20:00+00:00,33,1,42029208,48.905,48.915,48.88,48.915,87,SILZ5
2025-11-10 01:21:00+00:00,33,1,42029208,48.91,48.945,48.91,48.91,137,SILZ5
2025-11-10 01:22:00+00:00,33,1,42029208,48.915,48.96,48.915,48.95,91,SILZ5
2025-11-10 01:23:00+00:00,33,1,42029208,48.94,48.97,48.915,48.96,98,SILZ5
2025-11-10 01:24:00+00:00,33,1,42029208,48.96,49.12,48.96,49.1,424,SILZ5
2025-11-10 01:25:00+00:00,33,1,42029208,49.1,49.145,49.075,49.14,155,SILZ5
2025-11-10 01:26:00+00:00,33,1,42029208,49.14,49.29,49.14,49.26,442,SILZ5
2025-11-10 01:27:00+00:00,33,1,42029208,49.265,49.33,49.265,49.315,376,SILZ5
2025-11-10 01:28:00+00:00,33,1,42029208,49.31,49.41,49.275,49.315,313,SILZ5
2025-11-10 01:29:00+00:00,33,1,42029208,49.31,49.335,49.295,49.295,142,SILZ5
2025-11-10 01:30:00+00:00,33,1,42029208,49.285,49.3,49.135,49.145,326,SILZ5
2025-11-10 01:31:00+00:00,33,1,42029208,49.14,49.21,49.13,49.175,196,SILZ5
2025-11-10 01:32:00+00:00,33,1,42029208,49.17,49.18,49.125,49.145,117,SILZ5
2025-11-10 01:33:00+00:00,33,1,42029208,49.13,49.19,49.11,49.13,115,SILZ5
2025-11-10 01:34:00+00:00,33,1,42029208,49.135,49.25,49.125,49.24,94,SILZ5
2025-11-10 01:35:00+00:00,33,1,42029208,49.26,49.295,49.26,49.285,63,SILZ5
2025-11-10 01:36:00+00:00,33,1,42029208,49.285,49.325,49.27,49.32,94,SILZ5
2025-11-10 01:37:00+00:00,33,1,42029208,49.32,49.38,49.295,49.31,108,SILZ5
2025-11-10 01:38:00+00:00,33,1,42029208,49.3,49.35,49.265,49.315,106,SILZ5
2025-11-10 01:39:00+00:00,33,1,42029208,49.32,49.335,49.24,49.26,93,SILZ5
2025-11-10 01:40:00+00:00,33,1,42029208,49.25,49.28,49.23,49.26,81,SILZ5
2025-11-10 01:41:00+00:00,33,1,42029208,49.245,49.25,49.185,49.195,76,SILZ5
2025-11-10 01:42:00+00:00,33,1,42029208,49.185,49.235,49.175,49.21,74,SILZ5
2025-11-10 01:43:00+00:00,33,1,42029208,49.2,49.275,49.2,49.21,85,SILZ5
2025-11-10 01:44:00+00:00,33,1,42029208,49.205,49.245,49.19,49.21,68,SILZ5
2025-11-10 01:45:00+00:00,33,1,42029208,49.205,49.21,49.17,49.18,63,SILZ5
2025-11-10 01:46:00+00:00,33,1,42029208,49.175,49.205,49.16,49.205,41,SILZ5
2025-11-10 01:47:00+00:00,33,1,42029208,49.21,49.265,49.205,49.235,50,SILZ5
2025-11-10 01:48:00+00:00,33,1,42029208,49.235,49.265,49.195,49.2,82,SILZ5
2025-11-10 01:49:00+00:00,33,1,42029208,49.2,49.205,49.19,49.2,49,SILZ5
2025-11-10 01:50:00+00:00,33,1,42029208,49.205,49.205,49.15,49.15,60,SILZ5
2025-11-10 01:51:00+00:00,33,1,42029208,49.15,49.15,49.05,49.065,186,SILZ5
2025-11-10 01:52:00+00:00,33,1,42029208,49.07,49.12,49.065,49.09,119,SILZ5
2025-11-10 01:53:00+00:00,33,1,42029208,49.09,49.09,49.045,49.05,79,SILZ5
2025-11-10 01:54:00+00:00,33,1,42029208,49.05,49.065,48.99,48.99,145,SILZ5
2025-11-10 01:55:00+00:00,33,1,42029208,48.995,49.05,48.995,49.02,118,SILZ5
2025-11-10 01:56:00+00:00,33,1,42029208,49.015,49.02,48.98,49.02,99,SILZ5
2025-11-10 01:57:00+00:00,33,1,42029208,49.015,49.07,49.015,49.04,119,SILZ5
2025-11-10 01:58:00+00:00,33,1,42029208,49.04,49.07,49.025,49.06,65,SILZ5
2025-11-10 01:59:00+00:00,33,1,42029208,49.055,49.06,49.02,49.06,45,SILZ5
2025-11-10 02:00:00+00:00,33,1,42029208,49.055,49.065,48.97,48.985,83,SILZ5
2025-11-10 02:01:00+00:00,33,1,42029208,48.985,49.035,48.985,49.02,80,SILZ5
2025-11-10 02:02:00+00:00,33,1,42029208,49.035,49.05,48.995,49.005,89,SILZ5
2025-11-10 02:03:00+00:00,33,1,42029208,49.005,49.01,48.89,48.925,248,SILZ5
2025-11-10 02:04:00+00:00,33,1,42029208,48.925,49.0,48.925,48.97,98,SILZ5
2025-11-10 02:05:00+00:00,33,1,42029208,48.97,48.97,48.93,48.94,89,SILZ5
2025-11-10 02:06:00+00:00,33,1,42029208,48.935,48.955,48.92,48.925,82,SILZ5
2025-11-10 02:07:00+00:00,33,1,42029208,48.92,48.92,48.845,48.85,104,SILZ5
2025-11-10 02:08:00+00:00,33,1,42029208,48.845,48.88,48.84,48.875,79,SILZ5
2025-11-10 02:09:00+00:00,33,1,42029208,48.86,48.88,48.83,48.83,43,SILZ5
2025-11-10 02:10:00+00:00,33,1,42029208,48.835,48.87,48.82,48.83,74,SILZ5
2025-11-10 02:11:00+00:00,33,1,42029208,48.825,48.825,48.745,48.76,186,SILZ5
2025-11-10 02:12:00+00:00,33,1,42029208,48.76,48.83,48.76,48.8,142,SILZ5
2025-11-10 02:13:00+00:00,33,1,42029208,48.805,48.85,48.79,48.84,77,SILZ5
2025-11-10 02:14:00+00:00,33,1,42029208,48.84,48.84,48.785,48.805,105,SILZ5
2025-11-10 02:15:00+00:00,33,1,42029208,48.815,48.845,48.795,48.83,56,SILZ5
2025-11-10 02:16:00+00:00,33,1,42029208,48.835,48.87,48.83,48.855,91,SILZ5
2025-11-10 02:17:00+00:00,33,1,42029208,48.855,48.905,48.85,48.905,123,SILZ5
2025-11-10 02:18:00+00:00,33,1,42029208,48.9,48.94,48.895,48.935,145,SILZ5
2025-11-10 02:19:00+00:00,33,1,42029208,48.93,48.935,48.875,48.875,67,SILZ5
2025-11-10 02:20:00+00:00,33,1,42029208,48.88,48.885,48.865,48.88,45,SILZ5
2025-11-10 02:21:00+00:00,33,1,42029208,48.895,48.91,48.895,48.9,20,SILZ5
2025-11-10 02:22:00+00:00,33,1,42029208,48.9,48.915,48.9,48.905,20,SILZ5
2025-11-10 02:23:00+00:00,33,1,42029208,48.905,48.915,48.895,48.91,33,SILZ5
2025-11-10 02:24:00+00:00,33,1,42029208,48.915,48.92,48.895,48.895,29,SILZ5
2025-11-10 02:25:00+00:00,33,1,42029208,48.905,48.925,48.905,48.905,22,SILZ5
2025-11-10 02:26:00+00:00,33,1,42029208,48.905,48.92,48.895,48.92,19,SILZ5
2025-11-10 02:27:00+00:00,33,1,42029208,48.91,48.91,48.87,48.88,43,SILZ5
2025-11-10 02:28:00+00:00,33,1,42029208,48.875,48.875,48.855,48.86,24,SILZ5
2025-11-10 02:29:00+00:00,33,1,42029208,48.86,48.875,48.85,48.875,32,SILZ5
2025-11-10 02:30:00+00:00,33,1,42029208,48.875,48.88,48.81,48.85,124,SILZ5
2025-11-10 02:31:00+00:00,33,1,42029208,48.86,48.865,48.825,48.825,39,SILZ5
2025-11-10 02:32:00+00:00,33,1,42029208,48.82,48.875,48.795,48.87,69,SILZ5
2025-11-10 02:33:00+00:00,33,1,42029208,48.87,48.885,48.84,48.885,28,SILZ5
2025-11-10 02:34:00+00:00,33,1,42029208,48.87,48.89,48.84,48.84,37,SILZ5
2025-11-10 02:35:00+00:00,33,1,42029208,48.84,48.86,48.83,48.855,21,SILZ5
2025-11-10 02:36:00+00:00,33,1,42029208,48.855,48.91,48.855,48.905,29,SILZ5
2025-11-10 02:37:00+00:00,33,1,42029208,48.905,48.945,48.9,48.94,58,SILZ5
2025-11-10 02:38:00+00:00,33,1,42029208,48.935,48.955,48.925,48.945,63,SILZ5
2025-11-10 02:39:00+00:00,33,1,42029208,48.94,48.955,48.935,48.95,32,SILZ5
2025-11-10 02:40:00+00:00,33,1,42029208,48.95,49.0,48.945,48.99,178,SILZ5
2025-11-10 02:41:00+00:00,33,1,42029208,48.98,49.0,48.97,48.98,58,SILZ5
2025-11-10 02:42:00+00:00,33,1,42029208,48.98,49.03,48.98,49.02,77,SILZ5
2025-11-10 02:43:00+00:00,33,1,42029208,49.01,49.045,49.0,49.045,61,SILZ5
2025-11-10 02:44:00+00:00,33,1,42029208,49.04,49.08,49.02,49.045,108,SILZ5
2025-11-10 02:45:00+00:00,33,1,42029208,49.045,49.065,49.035,49.035,47,SILZ5
2025-11-10 02:46:00+00:00,33,1,42029208,49.04,49.045,49.01,49.01,38,SILZ5
2025-11-10 02:47:00+00:00,33,1,42029208,49.02,49.03,48.985,48.99,33,SILZ5
2025-11-10 02:48:00+00:00,33,1,42029208,48.995,49.025,48.995,49.025,14,SILZ5
2025-11-10 02:49:00+00:00,33,1,42029208,49.025,49.045,49.015,49.015,46,SILZ5
2025-11-10 02:50:00+00:00,33,1,42029208,49.015,49.03,49.01,49.02,16,SILZ5
2025-11-10 02:51:00+00:00,33,1,42029208,49.025,49.04,49.015,49.035,29,SILZ5
2025-11-10 02:52:00+00:00,33,1,42029208,49.03,49.03,49.015,49.02,12,SILZ5
2025-11-10 02:53:00+00:00,33,1,42029208,49.02,49.025,49.015,49.025,16,SILZ5
2025-11-10 02:54:00+00:00,33,1,42029208,49.025,49.035,49.025,49.03,25,SILZ5
2025-11-10 02:55:00+00:00,33,1,42029208,49.04,49.075,49.03,49.065,53,SILZ5
2025-11-10 02:56:00+00:00,33,1,42029208,49.065,49.07,49.04,49.06,45,SILZ5
2025-11-10 02:57:00+00:00,33,1,42029208,49.07,49.11,49.065,49.11,64,SILZ5
2025-11-10 02:58:00+00:00,33,1,42029208,49.11,49.115,49.09,49.11,36,SILZ5
2025-11-10 02:59:00+00:00,33,1,42029208,49.1,49.1,49.06,49.06,37,SILZ5
2025-11-10 03:00:00+00:00,33,1,42029208,49.065,49.08,49.06,49.07,36,SILZ5
2025-11-10 03:01:00+00:00,33,1,42029208,49.07,49.075,49.06,49.065,30,SILZ5
2025-11-10 03:02:00+00:00,33,1,42029208,49.05,49.07,49.035,49.06,30,SILZ5
2025-11-10 03:03:00+00:00,33,1,42029208,49.06,49.08,49.06,49.08,23,SILZ5
2025-11-10 03:04:00+00:00,33,1,42029208,49.075,49.085,49.06,49.085,24,SILZ5
2025-11-10 03:05:00+00:00,33,1,42029208,49.075,49.09,49.07,49.08,25,SILZ5
2025-11-10 03:06:00+00:00,33,1,42029208,49.075,49.075,49.06,49.065,17,SILZ5
2025-11-10 03:07:00+00:00,33,1,42029208,49.07,49.09,49.07,49.07,33,SILZ5
2025-11-10 03:08:00+00:00,33,1,42029208,49.07,49.07,49.055,49.065,13,SILZ5
2025-11-10 03:09:00+00:00,33,1,42029208,49.065,49.09,49.065,49.09,34,SILZ5
2025-11-10 03:10:00+00:00,33,1,42029208,49.09,49.09,49.07,49.075,11,SILZ5
2025-11-10 03:11:00+00:00,33,1,42029208,49.075,49.085,49.075,49.085,16,SILZ5
2025-11-10 03:12:00+00:00,33,1,42029208,49.095,49.095,49.055,49.055,18,SILZ5
2025-11-10 03:13:00+00:00,33,1,42029208,49.06,49.075,49.055,49.065,12,SILZ5
2025-11-10 03:14:00+00:00,33,1,42029208,49.065,49.085,49.06,49.085,15,SILZ5
2025-11-10 03:15:00+00:00,33,1,42029208,49.085,49.09,49.06,49.06,29,SILZ5
2025-11-10 03:16:00+00:00,33,1,42029208,49.065,49.065,49.06,49.06,10,SILZ5
2025-11-10 03:17:00+00:00,33,1,42029208,49.055,49.065,49.045,49.06,16,SILZ5
2025-11-10 03:18:00+00:00,33,1,42029208,49.075,49.1,49.075,49.085,38,SILZ5
2025-11-10 03:19:00+00:00,33,1,42029208,49.085,49.095,49.08,49.095,11,SILZ5
2025-11-10 03:20:00+00:00,33,1,42029208,49.1,49.155,49.1,49.15,77,SILZ5
2025-11-10 03:21:00+00:00,33,1,42029208,49.16,49.17,49.15,49.165,30,SILZ5
2025-11-10 03:22:00+00:00,33,1,42029208,49.165,49.165,49.13,49.13,34,SILZ5
2025-11-10 03:23:00+00:00,33,1,42029208,49.13,49.17,49.11,49.17,49,SILZ5
2025-11-10 03:24:00+00:00,33,1,42029208,49.175,49.23,49.175,49.21,106,SILZ5
2025-11-10 03:25:00+00:00,33,1,42029208,49.2,49.21,49.18,49.205,35,SILZ5
2025-11-10 03:26:00+00:00,33,1,42029208,49.205,49.23,49.2,49.225,48,SILZ5
2025-11-10 03:27:00+00:00,33,1,42029208,49.225,49.25,49.215,49.24,38,SILZ5
2025-11-10 03:28:00+00:00,33,1,42029208,49.23,49.23,49.2,49.205,23,SILZ5
2025-11-10 03:29:00+00:00,33,1,42029208,49.2,49.21,49.2,49.2,21,SILZ5
2025-11-10 03:30:00+00:00,33,1,42029208,49.21,49.21,49.13,49.145,62,SILZ5
2025-11-10 03:31:00+00:00,33,1,42029208,49.15,49.155,49.13,49.135,34,SILZ5
2025-11-10 03:32:00+00:00,33,1,42029208,49.125,49.14,49.12,49.125,54,SILZ5
2025-11-10 03:33:00+00:00,33,1,42029208,49.12,49.135,49.11,49.11,30,SILZ5
2025-11-10 03:34:00+00:00,33,1,42029208,49.11,49.11,49.08,49.085,47,SILZ5
2025-11-10 03:35:00+00:00,33,1,42029208,49.095,49.105,49.06,49.065,26,SILZ5
2025-11-10 03:36:00+00:00,33,1,42029208,49.075,49.095,49.07,49.085,44,SILZ5
2025-11-10 03:37:00+00:00,33,1,42029208,49.085,49.095,49.075,49.075,35,SILZ5
2025-11-10 03:38:00+00:00,33,1,42029208,49.08,49.085,49.08,49.08,10,SILZ5
2025-11-10 03:39:00+00:00,33,1,42029208,49.085,49.09,49.08,49.09,4,SILZ5
2025-11-10 03:40:00+00:00,33,1,42029208,49.095,49.11,49.09,49.11,16,SILZ5
2025-11-10 03:41:00+00:00,33,1,42029208,49.115,49.125,49.1,49.1,31,SILZ5
2025-11-10 03:42:00+00:00,33,1,42029208,49.1,49.1,49.08,49.085,17,SILZ5
2025-11-10 03:43:00+00:00,33,1,42029208,49.09,49.11,49.09,49.11,21,SILZ5
2025-11-10 03:44:00+00:00,33,1,42029208,49.115,49.12,49.1,49.1,33,SILZ5
2025-11-10 03:45:00+00:00,33,1,42029208,49.1,49.11,49.1,49.105,20,SILZ5
2025-11-10 03:46:00+00:00,33,1,42029208,49.1,49.115,49.1,49.105,30,SILZ5
2025-11-10 03:47:00+00:00,33,1,42029208,49.11,49.115,49.1,49.105,31,SILZ5
2025-11-10 03:48:00+00:00,33,1,42029208,49.105,49.11,49.08,49.09,33,SILZ5
2025-11-10 03:49:00+00:00,33,1,42029208,49.1,49.1,49.06,49.06,21,SILZ5
2025-11-10 03:50:00+00:00,33,1,42029208,49.06,49.065,49.05,49.055,21,SILZ5
2025-11-10 03:51:00+00:00,33,1,42029208,49.06,49.07,49.055,49.065,20,SILZ5
2025-11-10 03:52:00+00:00,33,1,42029208,49.065,49.075,49.06,49.075,5,SILZ5
2025-11-10 03:53:00+00:00,33,1,42029208,49.085,49.105,49.085,49.1,18,SILZ5
2025-11-10 03:54:00+00:00,33,1,42029208,49.095,49.095,49.09,49.09,9,SILZ5
2025-11-10 03:55:00+00:00,33,1,42029208,49.095,49.115,49.095,49.11,10,SILZ5
2025-11-10 03:56:00+00:00,33,1,42029208,49.11,49.135,49.11,49.115,26,SILZ5
2025-11-10 03:57:00+00:00,33,1,42029208,49.115,49.14,49.115,49.135,16,SILZ5
2025-11-10 03:58:00+00:00,33,1,42029208,49.13,49.145,49.13,49.145,5,SILZ5
2025-11-10 03:59:00+00:00,33,1,42029208,49.135,49.155,49.12,49.125,27,SILZ5
2025-11-10 04:00:00+00:00,33,1,42029208,49.125,49.15,49.125,49.145,23,SILZ5
2025-11-10 04:01:00+00:00,33,1,42029208,49.15,49.17,49.15,49.165,15,SILZ5
2025-11-10 04:02:00+00:00,33,1,42029208,49.17,49.185,49.17,49.18,23,SILZ5
2025-11-10 04:03:00+00:00,33,1,42029208,49.18,49.21,49.16,49.195,52,SILZ5
2025-11-10 04:04:00+00:00,33,1,42029208,49.195,49.21,49.185,49.195,28,SILZ5
2025-11-10 04:05:00+00:00,33,1,42029208,49.195,49.205,49.195,49.205,13,SILZ5
2025-11-10 04:06:00+00:00,33,1,42029208,49.21,49.22,49.2,49.205,13,SILZ5
2025-11-10 04:07:00+00:00,33,1,42029208,49.205,49.21,49.19,49.195,15,SILZ5
2025-11-10 04:08:00+00:00,33,1,42029208,49.205,49.21,49.205,49.21,16,SILZ5
2025-11-10 04:09:00+00:00,33,1,42029208,49.21,49.21,49.2,49.21,11,SILZ5
2025-11-10 04:10:00+00:00,33,1,42029208,49.205,49.225,49.19,49.19,27,SILZ5
2025-11-10 04:11:00+00:00,33,1,42029208,49.195,49.2,49.19,49.2,11,SILZ5
2025-11-10 04:12:00+00:00,33,1,42029208,49.2,49.2,49.165,49.18,32,SILZ5
2025-11-10 04:13:00+00:00,33,1,42029208,49.18,49.205,49.18,49.2,24,SILZ5
2025-11-10 04:14:00+00:00,33,1,42029208,49.21,49.21,49.19,49.19,19,SILZ5
2025-11-10 04:15:00+00:00,33,1,42029208,49.19,49.195,49.185,49.195,10,SILZ5
2025-11-10 04:16:00+00:00,33,1,42029208,49.19,49.19,49.165,49.165,22,SILZ5
2025-11-10 04:17:00+00:00,33,1,42029208,49.165,49.17,49.14,49.15,35,SILZ5
2025-11-10 04:18:00+00:00,33,1,42029208,49.155,49.17,49.15,49.16,18,SILZ5
2025-11-10 04:19:00+00:00,33,1,42029208,49.17,49.18,49.165,49.17,14,SILZ5
2025-11-10 04:20:00+00:00,33,1,42029208,49.17,49.18,49.17,49.18,12,SILZ5
2025-11-10 04:21:00+00:00,33,1,42029208,49.18,49.18,49.17,49.17,8,SILZ5
2025-11-10 04:22:00+00:00,33,1,42029208,49.17,49.175,49.16,49.17,20,SILZ5
2025-11-10 04:23:00+00:00,33,1,42029208,49.165,49.185,49.165,49.18,15,SILZ5
2025-11-10 04:24:00+00:00,33,1,42029208,49.185,49.185,49.175,49.175,7,SILZ5
2025-11-10 04:25:00+00:00,33,1,42029208,49.18,49.18,49.17,49.18,28,SILZ5
2025-11-10 04:26:00+00:00,33,1,42029208,49.175,49.175,49.165,49.165,15,SILZ5
2025-11-10 04:27:00+00:00,33,1,42029208,49.165,49.17,49.145,49.17,14,SILZ5
2025-11-10 04:28:00+00:00,33,1,42029208,49.175,49.195,49.175,49.195,20,SILZ5
2025-11-10 04:29:00+00:00,33,1,42029208,49.185,49.185,49.18,49.18,11,SILZ5
2025-11-10 04:30:00+00:00,33,1,42029208,49.185,49.205,49.185,49.205,23,SILZ5
2025-11-10 04:31:00+00:00,33,1,42029208,49.205,49.225,49.2,49.22,40,SILZ5
2025-11-10 04:32:00+00:00,33,1,42029208,49.22,49.225,49.21,49.21,18,SILZ5
2025-11-10 04:33:00+00:00,33,1,42029208,49.205,49.215,49.205,49.215,7,SILZ5
2025-11-10 04:34:00+00:00,33,1,42029208,49.215,49.215,49.21,49.21,10,SILZ5
2025-11-10 04:35:00+00:00,33,1,42029208,49.215,49.22,49.21,49.215,18,SILZ5
2025-11-10 04:36:00+00:00,33,1,42029208,49.215,49.225,49.21,49.22,22,SILZ5
2025-11-10 04:37:00+00:00,33,1,42029208,49.22,49.225,49.22,49.225,5,SILZ5
2025-11-10 04:38:00+00:00,33,1,42029208,49.225,49.23,49.205,49.215,17,SILZ5
2025-11-10 04:39:00+00:00,33,1,42029208,49.215,49.225,49.215,49.22,4,SILZ5
2025-11-10 04:40:00+00:00,33,1,42029208,49.225,49.235,49.225,49.23,7,SILZ5
2025-11-10 04:41:00+00:00,33,1,42029208,49.23,49.26,49.23,49.26,20,SILZ5
2025-11-10 04:42:00+00:00,33,1,42029208,49.26,49.26,49.24,49.25,23,SILZ5
2025-11-10 04:43:00+00:00,33,1,42029208,49.26,49.26,49.245,49.245,15,SILZ5
2025-11-10 04:44:00+00:00,33,1,42029208,49.245,49.245,49.235,49.235,5,SILZ5
2025-11-10 04:45:00+00:00,33,1,42029208,49.24,49.245,49.22,49.22,12,SILZ5
2025-11-10 04:46:00+00:00,33,1,42029208,49.22,49.22,49.215,49.215,11,SILZ5
2025-11-10 04:47:00+00:00,33,1,42029208,49.215,49.24,49.21,49.24,21,SILZ5
2025-11-10 04:48:00+00:00,33,1,42029208,49.235,49.25,49.235,49.25,11,SILZ5
2025-11-10 04:49:00+00:00,33,1,42029208,49.25,49.255,49.245,49.25,10,SILZ5
2025-11-10 04:50:00+00:00,33,1,42029208,49.25,49.255,49.25,49.25,3,SILZ5
2025-11-10 04:51:00+00:00,33,1,42029208,49.255,49.255,49.245,49.245,4,SILZ5
2025-11-10 04:52:00+00:00,33,1,42029208,49.245,49.26,49.225,49.225,38,SILZ5
2025-11-10 04:53:00+00:00,33,1,42029208,49.23,49.235,49.23,49.235,16,SILZ5
2025-11-10 04:54:00+00:00,33,1,42029208,49.23,49.255,49.23,49.23,24,SILZ5
2025-11-10 04:55:00+00:00,33,1,42029208,49.22,49.235,49.215,49.22,28,SILZ5
2025-11-10 04:56:00+00:00,33,1,42029208,49.235,49.255,49.235,49.255,32,SILZ5
2025-11-10 04:57:00+00:00,33,1,42029208,49.26,49.285,49.255,49.28,49,SILZ5
2025-11-10 04:58:00+00:00,33,1,42029208,49.28,49.29,49.25,49.26,39,SILZ5
2025-11-10 04:59:00+00:00,33,1,42029208,49.265,49.265,49.25,49.25,3,SILZ5
2025-11-10 05:00:00+00:00,33,1,42029208,49.245,49.25,49.23,49.23,21,SILZ5
2025-11-10 05:01:00+00:00,33,1,42029208,49.24,49.245,49.235,49.24,9,SILZ5
2025-11-10 05:02:00+00:00,33,1,42029208,49.25,49.27,49.25,49.265,8,SILZ5
2025-11-10 05:03:00+00:00,33,1,42029208,49.26,49.275,49.26,49.265,11,SILZ5
2025-11-10 05:04:00+00:00,33,1,42029208,49.265,49.27,49.255,49.26,19,SILZ5
2025-11-10 05:05:00+00:00,33,1,42029208,49.26,49.265,49.255,49.265,6,SILZ5
2025-11-10 05:06:00+00:00,33,1,42029208,49.26,49.26,49.255,49.26,10,SILZ5
2025-11-10 05:07:00+00:00,33,1,42029208,49.26,49.26,49.26,49.26,6,SILZ5
2025-11-10 05:08:00+00:00,33,1,42029208,49.27,49.27,49.25,49.25,19,SILZ5
2025-11-10 05:09:00+00:00,33,1,42029208,49.25,49.25,49.24,49.245,12,SILZ5
2025-11-10 05:10:00+00:00,33,1,42029208,49.25,49.25,49.225,49.245,37,SILZ5
2025-11-10 05:11:00+00:00,33,1,42029208,49.245,49.245,49.22,49.235,23,SILZ5
2025-11-10 05:12:00+00:00,33,1,42029208,49.235,49.235,49.22,49.22,18,SILZ5
2025-11-10 05:13:00+00:00,33,1,42029208,49.23,49.235,49.2,49.215,31,SILZ5
2025-11-10 05:14:00+00:00,33,1,42029208,49.225,49.245,49.22,49.235,35,SILZ5
2025-11-10 05:15:00+00:00,33,1,42029208,49.23,49.24,49.23,49.24,14,SILZ5
2025-11-10 05:16:00+00:00,33,1,42029208,49.25,49.255,49.24,49.24,17,SILZ5
2025-11-10 05:17:00+00:00,33,1,42029208,49.25,49.29,49.25,49.29,26,SILZ5
2025-11-10 05:18:00+00:00,33,1,42029208,49.285,49.315,49.285,49.29,52,SILZ5
2025-11-10 05:19:00+00:00,33,1,42029208,49.285,49.285,49.27,49.27,9,SILZ5
2025-11-10 05:20:00+00:00,33,1,42029208,49.28,49.3,49.27,49.3,30,SILZ5
2025-11-10 05:21:00+00:00,33,1,42029208,49.295,49.31,49.29,49.3,46,SILZ5
2025-11-10 05:22:00+00:00,33,1,42029208,49.295,49.315,49.295,49.315,16,SILZ5
2025-11-10 05:23:00+00:00,33,1,42029208,49.31,49.33,49.31,49.325,38,SILZ5
2025-11-10 05:24:00+00:00,33,1,42029208,49.32,49.335,49.315,49.325,43,SILZ5
2025-11-10 05:25:00+00:00,33,1,42029208,49.33,49.345,49.33,49.34,19,SILZ5
2025-11-10 05:26:00+00:00,33,1,42029208,49.335,49.345,49.32,49.32,35,SILZ5
2025-11-10 05:27:00+00:00,33,1,42029208,49.33,49.35,49.325,49.35,26,SILZ5
2025-11-10 05:28:00+00:00,33,1,42029208,49.35,49.35,49.33,49.33,18,SILZ5
2025-11-10 05:29:00+00:00,33,1,42029208,49.335,49.335,49.32,49.335,25,SILZ5
2025-11-10 05:30:00+00:00,33,1,42029208,49.34,49.43,49.325,49.4,199,SILZ5
2025-11-10 05:31:00+00:00,33,1,42029208,49.405,49.41,49.385,49.39,61,SILZ5
2025-11-10 05:32:00+00:00,33,1,42029208,49.385,49.4,49.36,49.36,65,SILZ5
2025-11-10 05:33:00+00:00,33,1,42029208,49.37,49.41,49.36,49.4,59,SILZ5
2025-11-10 05:34:00+00:00,33,1,42029208,49.4,49.405,49.39,49.39,27,SILZ5
2025-11-10 05:35:00+00:00,33,1,42029208,49.41,49.41,49.375,49.4,31,SILZ5
2025-11-10 05:36:00+00:00,33,1,42029208,49.4,49.415,49.39,49.395,39,SILZ5
2025-11-10 05:37:00+00:00,33,1,42029208,49.4,49.41,49.4,49.41,19,SILZ5
2025-11-10 05:38:00+00:00,33,1,42029208,49.42,49.44,49.4,49.425,48,SILZ5
2025-11-10 05:39:00+00:00,33,1,42029208,49.425,49.43,49.41,49.425,57,SILZ5
2025-11-10 05:40:00+00:00,33,1,42029208,49.435,49.46,49.43,49.445,65,SILZ5
2025-11-10 05:41:00+00:00,33,1,42029208,49.45,49.45,49.43,49.45,33,SILZ5
2025-11-10 05:42:00+00:00,33,1,42029208,49.455,49.485,49.455,49.475,59,SILZ5
2025-11-10 05:43:00+00:00,33,1,42029208,49.475,49.49,49.445,49.485,64,SILZ5
2025-11-10 05:44:00+00:00,33,1,42029208,49.485,49.5,49.455,49.455,110,SILZ5
2025-11-10 05:45:00+00:00,33,1,42029208,49.455,49.455,49.42,49.45,63,SILZ5
2025-11-10 05:46:00+00:00,33,1,42029208,49.455,49.46,49.44,49.445,47,SILZ5
2025-11-10 05:47:00+00:00,33,1,42029208,49.45,49.455,49.435,49.44,13,SILZ5
2025-11-10 05:48:00+00:00,33,1,42029208,49.45,49.46,49.44,49.455,31,SILZ5
2025-11-10 05:49:00+00:00,33,1,42029208,49.45,49.475,49.415,49.42,61,SILZ5
2025-11-10 05:50:00+00:00,33,1,42029208,49.425,49.49,49.425,49.49,34,SILZ5
2025-11-10 05:51:00+00:00,33,1,42029208,49.485,49.49,49.465,49.465,16,SILZ5
2025-11-10 05:52:00+00:00,33,1,42029208,49.465,49.48,49.455,49.47,54,SILZ5
2025-11-10 05:53:00+00:00,33,1,42029208,49.46,49.47,49.445,49.465,12,SILZ5
2025-11-10 05:54:00+00:00,33,1,42029208,49.46,49.465,49.45,49.455,12,SILZ5
2025-11-10 05:55:00+00:00,33,1,42029208,49.46,49.48,49.45,49.48,20,SILZ5
2025-11-10 05:56:00+00:00,33,1,42029208,49.49,49.495,49.47,49.47,31,SILZ5
2025-11-10 05:57:00+00:00,33,1,42029208,49.48,49.49,49.47,49.485,16,SILZ5
2025-11-10 05:58:00+00:00,33,1,42029208,49.485,49.5,49.47,49.5,32,SILZ5
2025-11-10 05:59:00+00:00,33,1,42029208,49.5,49.54,49.495,49.505,86,SILZ5
2025-11-10 06:00:00+00:00,33,1,42029208,49.505,49.515,49.475,49.5,55,SILZ5
2025-11-10 06:01:00+00:00,33,1,42029208,49.5,49.5,49.45,49.45,52,SILZ5
2025-11-10 06:02:00+00:00,33,1,42029208,49.445,49.5,49.445,49.5,66,SILZ5
2025-11-10 06:03:00+00:00,33,1,42029208,49.495,49.515,49.48,49.485,49,SILZ5
2025-11-10 06:04:00+00:00,33,1,42029208,49.475,49.48,49.46,49.475,28,SILZ5
2025-11-10 06:05:00+00:00,33,1,42029208,49.48,49.48,49.465,49.47,23,SILZ5
2025-11-10 06:06:00+00:00,33,1,42029208,49.47,49.48,49.435,49.48,62,SILZ5
2025-11-10 06:07:00+00:00,33,1,42029208,49.475,49.48,49.465,49.475,16,SILZ5
2025-11-10 06:08:00+00:00,33,1,42029208,49.475,49.5,49.475,49.5,6,SILZ5
2025-11-10 06:09:00+00:00,33,1,42029208,49.495,49.5,49.49,49.5,24,SILZ5
2025-11-10 06:10:00+00:00,33,1,42029208,49.5,49.51,49.485,49.495,32,SILZ5
2025-11-10 06:11:00+00:00,33,1,42029208,49.49,49.505,49.485,49.5,18,SILZ5
2025-11-10 06:12:00+00:00,33,1,42029208,49.495,49.5,49.475,49.475,22,SILZ5
2025-11-10 06:13:00+00:00,33,1,42029208,49.475,49.475,49.46,49.46,23,SILZ5
2025-11-10 06:14:00+00:00,33,1,42029208,49.465,49.475,49.46,49.465,43,SILZ5
2025-11-10 06:15:00+00:00,33,1,42029208,49.475,49.53,49.47,49.53,66,SILZ5
2025-11-10 06:16:00+00:00,33,1,42029208,49.525,49.535,49.515,49.525,19,SILZ5
2025-11-10 06:17:00+00:00,33,1,42029208,49.525,49.545,49.51,49.54,63,SILZ5
2025-11-10 06:18:00+00:00,33,1,42029208,49.54,49.55,49.5,49.505,55,SILZ5
2025-11-10 06:19:00+00:00,33,1,42029208,49.515,49.515,49.47,49.485,33,SILZ5
2025-11-10 06:20:00+00:00,33,1,42029208,49.495,49.53,49.495,49.53,18,SILZ5
2025-11-10 06:21:00+00:00,33,1,42029208,49.525,49.53,49.505,49.51,26,SILZ5
2025-11-10 06:22:00+00:00,33,1,42029208,49.505,49.525,49.505,49.51,12,SILZ5
2025-11-10 06:23:00+00:00,33,1,42029208,49.515,49.53,49.505,49.52,31,SILZ5
2025-11-10 06:24:00+00:00,33,1,42029208,49.525,49.545,49.51,49.52,30,SILZ5
2025-11-10 06:25:00+00:00,33,1,42029208,49.525,49.54,49.525,49.525,15,SILZ5
2025-11-10 06:26:00+00:00,33,1,42029208,49.51,49.53,49.51,49.52,8,SILZ5
2025-11-10 06:27:00+00:00,33,1,42029208,49.525,49.53,49.52,49.53,7,SILZ5
2025-11-10 06:28:00+00:00,33,1,42029208,49.535,49.545,49.535,49.54,10,SILZ5
2025-11-10 06:29:00+00:00,33,1,42029208,49.545,49.545,49.52,49.52,12,SILZ5
2025-11-10 06:30:00+00:00,33,1,42029208,49.53,49.53,49.52,49.525,17,SILZ5
2025-11-10 06:31:00+00:00,33,1,42029208,49.525,49.54,49.525,49.535,11,SILZ5
2025-11-10 06:32:00+00:00,33,1,42029208,49.53,49.53,49.53,49.53,2,SILZ5
2025-11-10 06:33:00+00:00,33,1,42029208,49.535,49.545,49.535,49.545,16,SILZ5
2025-11-10 06:34:00+00:00,33,1,42029208,49.55,49.55,49.535,49.54,26,SILZ5
2025-11-10 06:35:00+00:00,33,1,42029208,49.54,49.565,49.53,49.54,79,SILZ5
2025-11-10 06:36:00+00:00,33,1,42029208,49.54,49.55,49.52,49.55,24,SILZ5
2025-11-10 06:37:00+00:00,33,1,42029208,49.545,49.56,49.545,49.55,19,SILZ5
2025-11-10 06:38:00+00:00,33,1,42029208,49.555,49.615,49.55,49.6,96,SILZ5
2025-11-10 06:39:00+00:00,33,1,42029208,49.605,49.615,49.575,49.575,57,SILZ5
2025-11-10 06:40:00+00:00,33,1,42029208,49.57,49.62,49.565,49.62,57,SILZ5
2025-11-10 06:41:00+00:00,33,1,42029208,49.595,49.605,49.58,49.59,68,SILZ5
2025-11-10 06:42:00+00:00,33,1,42029208,49.58,49.58,49.54,49.555,60,SILZ5
2025-11-10 06:43:00+00:00,33,1,42029208,49.565,49.575,49.55,49.55,26,SILZ5
2025-11-10 06:44:00+00:00,33,1,42029208,49.555,49.57,49.555,49.565,20,SILZ5
2025-11-10 06:45:00+00:00,33,1,42029208,49.575,49.595,49.56,49.56,26,SILZ5
2025-11-10 06:46:00+00:00,33,1,42029208,49.57,49.57,49.54,49.54,41,SILZ5
2025-11-10 06:47:00+00:00,33,1,42029208,49.54,49.54,49.495,49.505,83,SILZ5
2025-11-10 06:48:00+00:00,33,1,42029208,49.51,49.52,49.505,49.52,38,SILZ5
2025-11-10 06:49:00+00:00,33,1,42029208,49.52,49.525,49.49,49.515,87,SILZ5
2025-11-10 06:50:00+00:00,33,1,42029208,49.505,49.535,49.49,49.53,59,SILZ5
2025-11-10 06:51:00+00:00,33,1,42029208,49.525,49.535,49.51,49.525,26,SILZ5
2025-11-10 06:52:00+00:00,33,1,42029208,49.53,49.535,49.505,49.51,20,SILZ5
2025-11-10 06:53:00+00:00,33,1,42029208,49.515,49.525,49.51,49.52,16,SILZ5
2025-11-10 06:54:00+00:00,33,1,42029208,49.53,49.535,49.515,49.52,16,SILZ5
2025-11-10 06:55:00+00:00,33,1,42029208,49.525,49.53,49.515,49.525,18,SILZ5
2025-11-10 06:56:00+00:00,33,1,42029208,49.53,49.575,49.525,49.565,36,SILZ5
2025-11-10 06:57:00+00:00,33,1,42029208,49.56,49.575,49.56,49.575,6,SILZ5
2025-11-10 06:58:00+00:00,33,1,42029208,49.57,49.57,49.56,49.565,10,SILZ5
2025-11-10 06:59:00+00:00,33,1,42029208,49.575,49.58,49.575,49.575,25,SILZ5
2025-11-10 07:00:00+00:00,33,1,42029208,49.575,49.605,49.575,49.58,51,SILZ5
2025-11-10 07:01:00+00:00,33,1,42029208,49.595,49.63,49.585,49.595,59,SILZ5
2025-11-10 07:02:00+00:00,33,1,42029208,49.59,49.595,49.565,49.58,30,SILZ5
2025-11-10 07:03:00+00:00,33,1,42029208,49.58,49.58,49.555,49.57,19,SILZ5
2025-11-10 07:04:00+00:00,33,1,42029208,49.57,49.575,49.555,49.555,11,SILZ5
2025-11-10 07:05:00+00:00,33,1,42029208,49.555,49.605,49.555,49.595,33,SILZ5
2025-11-10 07:06:00+00:00,33,1,42029208,49.59,49.665,49.59,49.635,129,SILZ5
2025-11-10 07:07:00+00:00,33,1,42029208,49.625,49.665,49.625,49.665,62,SILZ5
2025-11-10 07:08:00+00:00,33,1,42029208,49.665,49.67,49.655,49.655,36,SILZ5
2025-11-10 07:09:00+00:00,33,1,42029208,49.66,49.66,49.635,49.655,33,SILZ5
2025-11-10 07:10:00+00:00,33,1,42029208,49.655,49.66,49.65,49.66,11,SILZ5
2025-11-10 07:11:00+00:00,33,1,42029208,49.66,49.66,49.645,49.655,16,SILZ5
2025-11-10 07:12:00+00:00,33,1,42029208,49.65,49.665,49.62,49.66,56,SILZ5
2025-11-10 07:13:00+00:00,33,1,42029208,49.65,49.675,49.645,49.67,60,SILZ5
2025-11-10 07:14:00+00:00,33,1,42029208,49.665,49.68,49.665,49.68,25,SILZ5
2025-11-10 07:15:00+00:00,33,1,42029208,49.68,49.69,49.675,49.68,30,SILZ5
2025-11-10 07:16:00+00:00,33,1,42029208,49.675,49.68,49.65,49.65,31,SILZ5
2025-11-10 07:17:00+00:00,33,1,42029208,49.65,49.65,49.615,49.63,33,SILZ5
2025-11-10 07:18:00+00:00,33,1,42029208,49.625,49.635,49.625,49.63,19,SILZ5
2025-11-10 07:19:00+00:00,33,1,42029208,49.63,49.63,49.575,49.625,66,SILZ5
2025-11-10 07:20:00+00:00,33,1,42029208,49.62,49.625,49.605,49.605,14,SILZ5
2025-11-10 07:21:00+00:00,33,1,42029208,49.615,49.615,49.555,49.57,82,SILZ5
2025-11-10 07:22:00+00:00,33,1,42029208,49.57,49.6,49.57,49.595,31,SILZ5
2025-11-10 07:23:00+00:00,33,1,42029208,49.6,49.61,49.6,49.605,21,SILZ5
2025-11-10 07:24:00+00:00,33,1,42029208,49.605,49.61,49.605,49.61,6,SILZ5
2025-11-10 07:25:00+00:00,33,1,42029208,49.61,49.625,49.605,49.625,24,SILZ5
2025-11-10 07:26:00+00:00,33,1,42029208,49.63,49.64,49.63,49.63,16,SILZ5
2025-11-10 07:27:00+00:00,33,1,42029208,49.635,49.655,49.635,49.655,18,SILZ5
2025-11-10 07:28:00+00:00,33,1,42029208,49.66,49.665,49.64,49.65,11,SILZ5
2025-11-10 07:29:00+00:00,33,1,42029208,49.645,49.655,49.63,49.63,6,SILZ5
2025-11-10 07:30:00+00:00,33,1,42029208,49.635,49.66,49.635,49.66,19,SILZ5
2025-11-10 07:31:00+00:00,33,1,42029208,49.66,49.675,49.66,49.67,9,SILZ5
2025-11-10 07:32:00+00:00,33,1,42029208,49.675,49.69,49.675,49.685,36,SILZ5
2025-11-10 07:33:00+00:00,33,1,42029208,49.68,49.68,49.66,49.665,21,SILZ5
2025-11-10 07:34:00+00:00,33,1,42029208,49.67,49.68,49.655,49.665,30,SILZ5
2025-11-10 07:35:00+00:00,33,1,42029208,49.67,49.675,49.665,49.665,11,SILZ5
2025-11-10 07:36:00+00:00,33,1,42029208,49.655,49.665,49.65,49.665,6,SILZ5
2025-11-10 07:37:00+00:00,33,1,42029208,49.655,49.675,49.64,49.665,54,SILZ5
2025-11-10 07:38:00+00:00,33,1,42029208,49.665,49.68,49.665,49.67,57,SILZ5
2025-11-10 07:39:00+00:00,33,1,42029208,49.665,49.665,49.655,49.655,13,SILZ5
2025-11-10 07:40:00+00:00,33,1,42029208,49.66,49.69,49.66,49.68,44,SILZ5
2025-11-10 07:41:00+00:00,33,1,42029208,49.68,49.715,49.675,49.7,87,SILZ5
2025-11-10 07:42:00+00:00,33,1,42029208,49.7,49.71,49.69,49.695,29,SILZ5
2025-11-10 07:43:00+00:00,33,1,42029208,49.695,49.72,49.695,49.72,30,SILZ5
2025-11-10 07:44:00+00:00,33,1,42029208,49.71,49.71,49.68,49.71,27,SILZ5
2025-11-10 07:45:00+00:00,33,1,42029208,49.71,49.75,49.71,49.74,59,SILZ5
2025-11-10 07:46:00+00:00,33,1,42029208,49.745,49.825,49.745,49.81,129,SILZ5
2025-11-10 07:47:00+00:00,33,1,42029208,49.81,49.82,49.75,49.785,111,SILZ5
2025-11-10 07:48:00+00:00,33,1,42029208,49.78,49.79,49.75,49.76,45,SILZ5
2025-11-10 07:49:00+00:00,33,1,42029208,49.75,49.755,49.745,49.755,27,SILZ5
2025-11-10 07:50:00+00:00,33,1,42029208,49.76,49.775,49.73,49.73,57,SILZ5
2025-11-10 07:51:00+00:00,33,1,42029208,49.73,49.735,49.705,49.705,34,SILZ5
2025-11-10 07:52:00+00:00,33,1,42029208,49.7,49.705,49.695,49.695,16,SILZ5
2025-11-10 07:53:00+00:00,33,1,42029208,49.705,49.71,49.69,49.705,30,SILZ5
2025-11-10 07:54:00+00:00,33,1,42029208,49.7,49.7,49.69,49.7,34,SILZ5
2025-11-10 07:55:00+00:00,33,1,42029208,49.695,49.695,49.68,49.68,15,SILZ5
2025-11-10 07:56:00+00:00,33,1,42029208,49.675,49.675,49.635,49.635,31,SILZ5
2025-11-10 07:57:00+00:00,33,1,42029208,49.635,49.64,49.62,49.635,33,SILZ5
2025-11-10 07:58:00+00:00,33,1,42029208,49.635,49.635,49.615,49.625,24,SILZ5
2025-11-10 07:59:00+00:00,33,1,42029208,49.63,49.67,49.63,49.655,34,SILZ5
2025-11-10 08:00:00+00:00,33,1,42029208,49.655,49.725,49.655,49.695,49,SILZ5
2025-11-10 08:01:00+00:00,33,1,42029208,49.705,49.76,49.705,49.745,40,SILZ5
2025-11-10 08:02:00+00:00,33,1,42029208,49.745,49.76,49.74,49.755,58,SILZ5
2025-11-10 08:03:00+00:00,33,1,42029208,49.75,49.79,49.74,49.78,51,SILZ5
2025-11-10 08:04:00+00:00,33,1,42029208,49.79,49.805,49.78,49.79,43,SILZ5
2025-11-10 08:05:00+00:00,33,1,42029208,49.79,49.855,49.79,49.83,88,SILZ5
2025-11-10 08:06:00+00:00,33,1,42029208,49.835,49.865,49.825,49.855,55,SILZ5
2025-11-10 08:07:00+00:00,33,1,42029208,49.86,49.92,49.855,49.91,176,SILZ5
2025-11-10 08:08:00+00:00,33,1,42029208,49.91,49.92,49.865,49.865,41,SILZ5
2025-11-10 08:09:00+00:00,33,1,42029208,49.87,49.895,49.87,49.875,41,SILZ5
2025-11-10 08:10:00+00:00,33,1,42029208,49.87,49.9,49.84,49.86,92,SILZ5
2025-11-10 08:11:00+00:00,33,1,42029208,49.87,49.915,49.86,49.885,77,SILZ5
2025-11-10 08:12:00+00:00,33,1,42029208,49.885,49.895,49.815,49.83,70,SILZ5
2025-11-10 08:13:00+00:00,33,1,42029208,49.835,49.84,49.77,49.82,47,SILZ5
2025-11-10 08:14:00+00:00,33,1,42029208,49.83,49.875,49.83,49.86,88,SILZ5
2025-11-10 08:15:00+00:00,33,1,42029208,49.865,49.89,49.85,49.86,96,SILZ5
2025-11-10 08:16:00+00:00,33,1,42029208,49.865,49.865,49.81,49.85,95,SILZ5
2025-11-10 08:17:00+00:00,33,1,42029208,49.86,49.915,49.855,49.88,91,SILZ5
2025-11-10 08:18:00+00:00,33,1,42029208,49.875,49.875,49.845,49.86,41,SILZ5
2025-11-10 08:19:00+00:00,33,1,42029208,49.86,49.86,49.815,49.845,38,SILZ5
2025-11-10 08:20:00+00:00,33,1,42029208,49.845,49.845,49.815,49.825,32,SILZ5
2025-11-10 08:21:00+00:00,33,1,42029208,49.835,49.865,49.825,49.825,37,SILZ5
2025-11-10 08:22:00+00:00,33,1,42029208,49.85,49.85,49.825,49.84,17,SILZ5
2025-11-10 08:23:00+00:00,33,1,42029208,49.835,49.88,49.835,49.875,38,SILZ5
2025-11-10 08:24:00+00:00,33,1,42029208,49.87,49.895,49.865,49.89,62,SILZ5
2025-11-10 08:25:00+00:00,33,1,42029208,49.885,49.9,49.875,49.875,21,SILZ5
2025-11-10 08:26:00+00:00,33,1,42029208,49.875,49.885,49.855,49.87,32,SILZ5
2025-11-10 08:27:00+00:00,33,1,42029208,49.865,49.87,49.845,49.86,56,SILZ5
2025-11-10 08:28:00+00:00,33,1,42029208,49.86,49.86,49.83,49.83,20,SILZ5
2025-11-10 08:29:00+00:00,33,1,42029208,49.845,49.865,49.845,49.845,11,SILZ5
2025-11-10 08:30:00+00:00,33,1,42029208,49.83,49.84,49.805,49.825,39,SILZ5
2025-11-10 08:31:00+00:00,33,1,42029208,49.825,49.83,49.81,49.83,17,SILZ5
2025-11-10 08:32:00+00:00,33,1,42029208,49.83,49.855,49.83,49.85,25,SILZ5
2025-11-10 08:33:00+00:00,33,1,42029208,49.855,49.89,49.855,49.89,19,SILZ5
2025-11-10 08:34:00+00:00,33,1,42029208,49.9,49.91,49.895,49.905,37,SILZ5
2025-11-10 08:35:00+00:00,33,1,42029208,49.91,49.93,49.91,49.915,52,SILZ5
2025-11-10 08:36:00+00:00,33,1,42029208,49.925,49.925,49.91,49.915,14,SILZ5
2025-11-10 08:37:00+00:00,33,1,42029208,49.92,49.925,49.905,49.915,48,SILZ5
2025-11-10 08:38:00+00:00,33,1,42029208,49.925,49.925,49.88,49.885,36,SILZ5
2025-11-10 08:39:00+00:00,33,1,42029208,49.885,49.905,49.875,49.9,26,SILZ5
2025-11-10 08:40:00+00:00,33,1,42029208,49.91,49.925,49.9,49.92,23,SILZ5
2025-11-10 08:41:00+00:00,33,1,42029208,49.915,49.92,49.895,49.91,27,SILZ5
2025-11-10 08:42:00+00:00,33,1,42029208,49.905,49.915,49.885,49.89,24,SILZ5
2025-11-10 08:43:00+00:00,33,1,42029208,49.89,49.905,49.86,49.86,55,SILZ5
2025-11-10 08:44:00+00:00,33,1,42029208,49.86,49.865,49.83,49.845,67,SILZ5
2025-11-10 08:45:00+00:00,33,1,42029208,49.845,49.855,49.825,49.85,53,SILZ5
2025-11-10 08:46:00+00:00,33,1,42029208,49.84,49.845,49.82,49.82,32,SILZ5
2025-11-10 08:47:00+00:00,33,1,42029208,49.82,49.84,49.815,49.835,56,SILZ5
2025-11-10 08:48:00+00:00,33,1,42029208,49.83,49.875,49.83,49.87,19,SILZ5
2025-11-10 08:49:00+00:00,33,1,42029208,49.87,49.875,49.86,49.86,22,SILZ5
2025-11-10 08:50:00+00:00,33,1,42029208,49.85,49.915,49.85,49.9,52,SILZ5
2025-11-10 08:51:00+00:00,33,1,42029208,49.9,49.9,49.88,49.89,19,SILZ5
2025-11-10 08:52:00+00:00,33,1,42029208,49.885,49.905,49.885,49.905,7,SILZ5
2025-11-10 08:53:00+00:00,33,1,42029208,49.92,49.935,49.91,49.92,54,SILZ5
2025-11-10 08:54:00+00:00,33,1,42029208,49.91,49.91,49.89,49.89,11,SILZ5
2025-11-10 08:55:00+00:00,33,1,42029208,49.91,49.92,49.91,49.915,13,SILZ5
2025-11-10 08:56:00+00:00,33,1,42029208,49.92,49.92,49.91,49.915,11,SILZ5
2025-11-10 08:57:00+00:00,33,1,42029208,49.915,49.915,49.88,49.885,14,SILZ5
2025-11-10 08:58:00+00:00,33,1,42029208,49.89,49.91,49.885,49.91,46,SILZ5
2025-11-10 08:59:00+00:00,33,1,42029208,49.91,49.915,49.875,49.885,29,SILZ5
2025-11-10 09:00:00+00:00,33,1,42029208,49.9,49.9,49.89,49.89,28,SILZ5
2025-11-10 09:01:00+00:00,33,1,42029208,49.875,49.875,49.82,49.835,113,SILZ5
2025-11-10 09:02:00+00:00,33,1,42029208,49.84,49.845,49.785,49.8,98,SILZ5
2025-11-10 09:03:00+00:00,33,1,42029208,49.795,49.8,49.77,49.775,43,SILZ5
2025-11-10 09:04:00+00:00,33,1,42029208,49.775,49.8,49.775,49.8,63,SILZ5
2025-11-10 09:05:00+00:00,33,1,42029208,49.785,49.805,49.78,49.8,21,SILZ5
2025-11-10 09:06:00+00:00,33,1,42029208,49.81,49.83,49.81,49.81,23,SILZ5
2025-11-10 09:07:00+00:00,33,1,42029208,49.815,49.845,49.815,49.845,13,SILZ5
2025-11-10 09:08:00+00:00,33,1,42029208,49.835,49.835,49.815,49.815,24,SILZ5
2025-11-10 09:09:00+00:00,33,1,42029208,49.815,49.825,49.81,49.815,18,SILZ5
2025-11-10 09:10:00+00:00,33,1,42029208,49.81,49.82,49.785,49.79,27,SILZ5
2025-11-10 09:11:00+00:00,33,1,42029208,49.785,49.785,49.755,49.755,55,SILZ5
2025-11-10 09:12:00+00:00,33,1,42029208,49.765,49.77,49.745,49.755,33,SILZ5
2025-11-10 09:13:00+00:00,33,1,42029208,49.755,49.755,49.715,49.725,88,SILZ5
2025-11-10 09:14:00+00:00,33,1,42029208,49.725,49.73,49.71,49.71,64,SILZ5
2025-11-10 09:15:00+00:00,33,1,42029208,49.71,49.715,49.61,49.645,234,SILZ5
2025-11-10 09:16:00+00:00,33,1,42029208,49.65,49.685,49.635,49.67,98,SILZ5
2025-11-10 09:17:00+00:00,33,1,42029208,49.665,49.725,49.655,49.72,58,SILZ5
2025-11-10 09:18:00+00:00,33,1,42029208,49.71,49.71,49.675,49.71,44,SILZ5
2025-11-10 09:19:00+00:00,33,1,42029208,49.72,49.735,49.72,49.73,29,SILZ5
2025-11-10 09:20:00+00:00,33,1,42029208,49.74,49.76,49.725,49.725,39,SILZ5
2025-11-10 09:21:00+00:00,33,1,42029208,49.725,49.725,49.695,49.7,26,SILZ5
2025-11-10 09:22:00+00:00,33,1,42029208,49.69,49.705,49.655,49.705,61,SILZ5
2025-11-10 09:23:00+00:00,33,1,42029208,49.705,49.71,49.675,49.69,28,SILZ5
2025-11-10 09:24:00+00:00,33,1,42029208,49.69,49.69,49.65,49.665,59,SILZ5
2025-11-10 09:25:00+00:00,33,1,42029208,49.665,49.69,49.665,49.69,32,SILZ5
2025-11-10 09:26:00+00:00,33,1,42029208,49.69,49.695,49.675,49.695,29,SILZ5
2025-11-10 09:27:00+00:00,33,1,42029208,49.69,49.695,49.675,49.675,27,SILZ5
2025-11-10 09:28:00+00:00,33,1,42029208,49.68,49.68,49.645,49.65,32,SILZ5
2025-11-10 09:29:00+00:00,33,1,42029208,49.65,49.665,49.65,49.665,12,SILZ5
2025-11-10 09:30:00+00:00,33,1,42029208,49.68,49.69,49.67,49.685,24,SILZ5
2025-11-10 09:31:00+00:00,33,1,42029208,49.68,49.68,49.66,49.665,14,SILZ5
2025-11-10 09:32:00+00:00,33,1,42029208,49.66,49.69,49.66,49.69,19,SILZ5
2025-11-10 09:33:00+00:00,33,1,42029208,49.69,49.7,49.675,49.695,18,SILZ5
2025-11-10 09:34:00+00:00,33,1,42029208,49.695,49.73,49.695,49.725,35,SILZ5
2025-11-10 09:35:00+00:00,33,1,42029208,49.74,49.765,49.74,49.765,53,SILZ5
2025-11-10 09:36:00+00:00,33,1,42029208,49.76,49.76,49.735,49.76,25,SILZ5
2025-11-10 09:37:00+00:00,33,1,42029208,49.765,49.845,49.765,49.825,69,SILZ5
2025-11-10 09:38:00+00:00,33,1,42029208,49.825,49.835,49.815,49.825,60,SILZ5
2025-11-10 09:39:00+00:00,33,1,42029208,49.825,49.835,49.82,49.83,40,SILZ5
2025-11-10 09:40:00+00:00,33,1,42029208,49.815,49.895,49.815,49.89,196,SILZ5
2025-11-10 09:41:00+00:00,33,1,42029208,49.885,49.885,49.815,49.84,68,SILZ5
2025-11-10 09:42:00+00:00,33,1,42029208,49.835,49.835,49.81,49.825,26,SILZ5
2025-11-10 09:43:00+00:00,33,1,42029208,49.83,49.83,49.755,49.765,67,SILZ5
2025-11-10 09:44:00+00:00,33,1,42029208,49.765,49.79,49.765,49.77,17,SILZ5
2025-11-10 09:45:00+00:00,33,1,42029208,49.775,49.8,49.77,49.79,43,SILZ5
2025-11-10 09:46:00+00:00,33,1,42029208,49.795,49.805,49.78,49.8,18,SILZ5
2025-11-10 09:47:00+00:00,33,1,42029208,49.8,49.815,49.795,49.805,24,SILZ5
2025-11-10 09:48:00+00:00,33,1,42029208,49.805,49.81,49.8,49.805,8,SILZ5
2025-11-10 09:49:00+00:00,33,1,42029208,49.8,49.82,49.8,49.805,16,SILZ5
2025-11-10 09:50:00+00:00,33,1,42029208,49.805,49.82,49.8,49.805,14,SILZ5
2025-11-10 09:51:00+00:00,33,1,42029208,49.81,49.815,49.8,49.805,25,SILZ5
2025-11-10 09:52:00+00:00,33,1,42029208,49.81,49.81,49.775,49.785,26,SILZ5
2025-11-10 09:53:00+00:00,33,1,42029208,49.785,49.79,49.77,49.785,12,SILZ5
2025-11-10 09:54:00+00:00,33,1,42029208,49.78,49.785,49.78,49.785,5,SILZ5
2025-11-10 09:55:00+00:00,33,1,42029208,49.785,49.795,49.775,49.78,9,SILZ5
2025-11-10 09:56:00+00:00,33,1,42029208,49.78,49.78,49.76,49.76,16,SILZ5
2025-11-10 09:57:00+00:00,33,1,42029208,49.765,49.765,49.745,49.75,18,SILZ5
2025-11-10 09:58:00+00:00,33,1,42029208,49.755,49.77,49.755,49.77,15,SILZ5
2025-11-10 09:59:00+00:00,33,1,42029208,49.775,49.775,49.735,49.745,27,SILZ5
2025-11-10 10:00:00+00:00,33,1,42029208,49.75,49.775,49.75,49.775,30,SILZ5
2025-11-10 10:01:00+00:00,33,1,42029208,49.77,49.81,49.77,49.805,13,SILZ5
2025-11-10 10:02:00+00:00,33,1,42029208,49.805,49.825,49.8,49.81,32,SILZ5
2025-11-10 10:03:00+00:00,33,1,42029208,49.815,49.85,49.815,49.85,23,SILZ5
2025-11-10 10:04:00+00:00,33,1,42029208,49.855,49.87,49.83,49.865,36,SILZ5
2025-11-10 10:05:00+00:00,33,1,42029208,49.86,49.87,49.84,49.87,22,SILZ5
2025-11-10 10:06:00+00:00,33,1,42029208,49.86,49.88,49.855,49.875,42,SILZ5
2025-11-10 10:07:00+00:00,33,1,42029208,49.875,49.915,49.875,49.91,64,SILZ5
2025-11-10 10:08:00+00:00,33,1,42029208,49.9,49.91,49.885,49.91,24,SILZ5
2025-11-10 10:09:00+00:00,33,1,42029208,49.91,49.91,49.89,49.89,28,SILZ5
2025-11-10 10:10:00+00:00,33,1,42029208,49.89,49.89,49.86,49.885,27,SILZ5
2025-11-10 10:11:00+00:00,33,1,42029208,49.885,49.885,49.87,49.87,14,SILZ5
2025-11-10 10:12:00+00:00,33,1,42029208,49.87,49.885,49.865,49.875,30,SILZ5
2025-11-10 10:13:00+00:00,33,1,42029208,49.87,49.88,49.86,49.865,25,SILZ5
2025-11-10 10:14:00+00:00,33,1,42029208,49.87,49.895,49.87,49.89,17,SILZ5
2025-11-10 10:15:00+00:00,33,1,42029208,49.89,49.92,49.89,49.905,31,SILZ5
2025-11-10 10:16:00+00:00,33,1,42029208,49.905,49.905,49.88,49.88,25,SILZ5
2025-11-10 10:17:00+00:00,33,1,42029208,49.885,49.92,49.88,49.9,34,SILZ5
2025-11-10 10:18:00+00:00,33,1,42029208,49.885,49.915,49.885,49.905,19,SILZ5
2025-11-10 10:19:00+00:00,33,1,42029208,49.9,49.905,49.89,49.89,6,SILZ5
2025-11-10 10:20:00+00:00,33,1,42029208,49.885,49.885,49.865,49.865,11,SILZ5
2025-11-10 10:21:00+00:00,33,1,42029208,49.865,49.875,49.865,49.87,6,SILZ5
2025-11-10 10:22:00+00:00,33,1,42029208,49.87,49.895,49.87,49.89,22,SILZ5
2025-11-10 10:23:00+00:00,33,1,42029208,49.885,49.9,49.87,49.89,30,SILZ5
2025-11-10 10:24:00+00:00,33,1,42029208,49.89,49.89,49.875,49.885,17,SILZ5
2025-11-10 10:25:00+00:00,33,1,42029208,49.88,49.895,49.875,49.895,11,SILZ5
2025-11-10 10:26:00+00:00,33,1,42029208,49.885,49.885,49.88,49.885,6,SILZ5
2025-11-10 10:27:00+00:00,33,1,42029208,49.875,49.875,49.855,49.865,29,SILZ5
2025-11-10 10:28:00+00:00,33,1,42029208,49.855,49.88,49.83,49.835,37,SILZ5
2025-11-10 10:29:00+00:00,33,1,42029208,49.83,49.83,49.81,49.815,20,SILZ5
2025-11-10 10:30:00+00:00,33,1,42029208,49.815,49.84,49.815,49.815,24,SILZ5
2025-11-10 10:31:00+00:00,33,1,42029208,49.815,49.835,49.81,49.835,22,SILZ5
2025-11-10 10:32:00+00:00,33,1,42029208,49.83,49.83,49.82,49.825,8,SILZ5
2025-11-10 10:33:00+00:00,33,1,42029208,49.815,49.84,49.815,49.825,29,SILZ5
2025-11-10 10:34:00+00:00,33,1,42029208,49.82,49.85,49.82,49.835,14,SILZ5
2025-11-10 10:35:00+00:00,33,1,42029208,49.835,49.85,49.83,49.85,20,SILZ5
2025-11-10 10:36:00+00:00,33,1,42029208,49.86,49.865,49.845,49.86,22,SILZ5
2025-11-10 10:37:00+00:00,33,1,42029208,49.85,49.895,49.85,49.895,30,SILZ5
2025-11-10 10:38:00+00:00,33,1,42029208,49.89,49.905,49.89,49.905,54,SILZ5
2025-11-10 10:39:00+00:00,33,1,42029208,49.91,49.92,49.91,49.915,11,SILZ5
2025-11-10 10:40:00+00:00,33,1,42029208,49.915,49.92,49.905,49.92,11,SILZ5
2025-11-10 10:41:00+00:00,33,1,42029208,49.915,49.92,49.885,49.895,16,SILZ5
2025-11-10 10:42:00+00:00,33,1,42029208,49.895,49.895,49.87,49.87,20,SILZ5
2025-11-10 10:43:00+00:00,33,1,42029208,49.865,49.875,49.85,49.86,16,SILZ5
2025-11-10 10:44:00+00:00,33,1,42029208,49.875,49.885,49.85,49.85,16,SILZ5
2025-11-10 10:45:00+00:00,33,1,42029208,49.85,49.86,49.845,49.845,11,SILZ5
2025-11-10 10:46:00+00:00,33,1,42029208,49.84,49.855,49.84,49.845,8,SILZ5
2025-11-10 10:47:00+00:00,33,1,42029208,49.84,49.865,49.835,49.86,14,SILZ5
2025-11-10 10:48:00+00:00,33,1,42029208,49.865,49.865,49.845,49.86,12,SILZ5
2025-11-10 10:49:00+00:00,33,1,42029208,49.86,49.865,49.855,49.86,7,SILZ5
2025-11-10 10:50:00+00:00,33,1,42029208,49.855,49.86,49.83,49.835,21,SILZ5
2025-11-10 10:51:00+00:00,33,1,42029208,49.83,49.83,49.76,49.77,138,SILZ5
2025-11-10 10:52:00+00:00,33,1,42029208,49.775,49.83,49.775,49.825,34,SILZ5
2025-11-10 10:53:00+00:00,33,1,42029208,49.83,49.83,49.82,49.825,7,SILZ5
2025-11-10 10:54:00+00:00,33,1,42029208,49.83,49.83,49.825,49.825,3,SILZ5
2025-11-10 10:55:00+00:00,33,1,42029208,49.825,49.84,49.825,49.83,9,SILZ5
2025-11-10 10:56:00+00:00,33,1,42029208,49.815,49.815,49.81,49.81,2,SILZ5
2025-11-10 10:57:00+00:00,33,1,42029208,49.82,49.825,49.815,49.825,17,SILZ5
2025-11-10 10:58:00+00:00,33,1,42029208,49.825,49.86,49.825,49.855,15,SILZ5
2025-11-10 10:59:00+00:00,33,1,42029208,49.865,49.88,49.865,49.875,15,SILZ5
2025-11-10 11:00:00+00:00,33,1,42029208,49.875,49.89,49.87,49.89,12,SILZ5
2025-11-10 11:01:00+00:00,33,1,42029208,49.89,49.895,49.87,49.87,10,SILZ5
2025-11-10 11:02:00+00:00,33,1,42029208,49.875,49.895,49.875,49.895,7,SILZ5
2025-11-10 11:03:00+00:00,33,1,42029208,49.88,49.88,49.875,49.88,8,SILZ5
2025-11-10 11:04:00+00:00,33,1,42029208,49.88,49.885,49.865,49.885,15,SILZ5
2025-11-10 11:05:00+00:00,33,1,42029208,49.875,49.895,49.87,49.87,18,SILZ5
2025-11-10 11:06:00+00:00,33,1,42029208,49.87,49.88,49.87,49.88,7,SILZ5
2025-11-10 11:07:00+00:00,33,1,42029208,49.85,49.875,49.845,49.855,23,SILZ5
2025-11-10 11:08:00+00:00,33,1,42029208,49.84,49.855,49.825,49.855,24,SILZ5
2025-11-10 11:09:00+00:00,33,1,42029208,49.835,49.835,49.815,49.815,4,SILZ5
2025-11-10 11:10:00+00:00,33,1,42029208,49.81,49.82,49.795,49.82,39,SILZ5
2025-11-10 11:11:00+00:00,33,1,42029208,49.825,49.825,49.775,49.785,53,SILZ5
2025-11-10 11:12:00+00:00,33,1,42029208,49.785,49.805,49.785,49.805,24,SILZ5
2025-11-10 11:13:00+00:00,33,1,42029208,49.805,49.825,49.805,49.82,10,SILZ5
2025-11-10 11:14:00+00:00,33,1,42029208,49.825,49.845,49.825,49.83,11,SILZ5
2025-11-10 11:15:00+00:00,33,1,42029208,49.825,49.825,49.82,49.82,8,SILZ5
2025-11-10 11:16:00+00:00,33,1,42029208,49.83,49.83,49.825,49.825,4,SILZ5
2025-11-10 11:17:00+00:00,33,1,42029208,49.81,49.81,49.8,49.81,9,SILZ5
2025-11-10 11:18:00+00:00,33,1,42029208,49.81,49.815,49.805,49.805,5,SILZ5
2025-11-10 11:19:00+00:00,33,1,42029208,49.8,49.8,49.785,49.785,8,SILZ5
2025-11-10 11:20:00+00:00,33,1,42029208,49.79,49.81,49.79,49.81,12,SILZ5
2025-11-10 11:21:00+00:00,33,1,42029208,49.815,49.83,49.815,49.83,13,SILZ5
2025-11-10 11:22:00+00:00,33,1,42029208,49.825,49.825,49.815,49.82,12,SILZ5
2025-11-10 11:23:00+00:00,33,1,42029208,49.805,49.805,49.805,49.805,3,SILZ5
2025-11-10 11:24:00+00:00,33,1,42029208,49.79,49.79,49.78,49.785,14,SILZ5
2025-11-10 11:25:00+00:00,33,1,42029208,49.775,49.8,49.765,49.8,20,SILZ5
2025-11-10 11:26:00+00:00,33,1,42029208,49.8,49.805,49.795,49.8,11,SILZ5
2025-11-10 11:27:00+00:00,33,1,42029208,49.8,49.81,49.8,49.81,8,SILZ5
2025-11-10 11:28:00+00:00,33,1,42029208,49.815,49.855,49.815,49.83,32,SILZ5
2025-11-10 11:29:00+00:00,33,1,42029208,49.84,49.85,49.825,49.825,12,SILZ5
2025-11-10 11:30:00+00:00,33,1,42029208,49.83,49.845,49.83,49.845,10,SILZ5
2025-11-10 11:31:00+00:00,33,1,42029208,49.845,49.85,49.845,49.845,4,SILZ5
2025-11-10 11:32:00+00:00,33,1,42029208,49.86,49.87,49.86,49.865,9,SILZ5
2025-11-10 11:33:00+00:00,33,1,42029208,49.865,49.875,49.86,49.875,9,SILZ5
2025-11-10 11:34:00+00:00,33,1,42029208,49.87,49.875,49.865,49.865,9,SILZ5
2025-11-10 11:35:00+00:00,33,1,42029208,49.865,49.865,49.865,49.865,2,SILZ5
2025-11-10 11:36:00+00:00,33,1,42029208,49.865,49.88,49.865,49.88,6,SILZ5
2025-11-10 11:37:00+00:00,33,1,42029208,49.88,49.895,49.88,49.885,20,SILZ5
2025-11-10 11:38:00+00:00,33,1,42029208,49.885,49.89,49.875,49.875,14,SILZ5
2025-11-10 11:39:00+00:00,33,1,42029208,49.88,49.89,49.88,49.885,16,SILZ5
2025-11-10 11:40:00+00:00,33,1,42029208,49.88,49.88,49.875,49.875,2,SILZ5
2025-11-10 11:41:00+00:00,33,1,42029208,49.875,49.875,49.86,49.86,10,SILZ5
2025-11-10 11:42:00+00:00,33,1,42029208,49.87,49.88,49.87,49.875,10,SILZ5
2025-11-10 11:43:00+00:00,33,1,42029208,49.87,49.885,49.87,49.885,8,SILZ5
2025-11-10 11:44:00+00:00,33,1,42029208,49.885,49.885,49.87,49.875,9,SILZ5
2025-11-10 11:45:00+00:00,33,1,42029208,49.875,49.89,49.875,49.89,15,SILZ5
2025-11-10 11:46:00+00:00,33,1,42029208,49.89,49.9,49.885,49.895,37,SILZ5
2025-11-10 11:47:00+00:00,33,1,42029208,49.885,49.885,49.885,49.885,2,SILZ5
2025-11-10 11:48:00+00:00,33,1,42029208,49.89,49.89,49.89,49.89,5,SILZ5
2025-11-10 11:49:00+00:00,33,1,42029208,49.89,49.89,49.88,49.88,8,SILZ5
2025-11-10 11:50:00+00:00,33,1,42029208,49.88,49.9,49.88,49.9,14,SILZ5
2025-11-10 11:51:00+00:00,33,1,42029208,49.9,49.9,49.895,49.895,7,SILZ5
2025-11-10 11:52:00+00:00,33,1,42029208,49.895,49.895,49.875,49.875,16,SILZ5
2025-11-10 11:53:00+00:00,33,1,42029208,49.87,49.88,49.84,49.85,29,SILZ5
2025-11-10 11:54:00+00:00,33,1,42029208,49.85,49.855,49.845,49.85,14,SILZ5
2025-11-10 11:55:00+00:00,33,1,42029208,49.845,49.845,49.835,49.84,5,SILZ5
2025-11-10 11:56:00+00:00,33,1,42029208,49.835,49.845,49.83,49.845,6,SILZ5
2025-11-10 11:57:00+00:00,33,1,42029208,49.845,49.865,49.84,49.855,26,SILZ5
2025-11-10 11:58:00+00:00,33,1,42029208,49.86,49.87,49.86,49.87,3,SILZ5
2025-11-10 11:59:00+00:00,33,1,42029208,49.875,49.89,49.875,49.89,35,SILZ5
2025-11-10 12:00:00+00:00,33,1,42029208,49.895,49.925,49.865,49.925,61,SILZ5
2025-11-10 12:01:00+00:00,33,1,42029208,49.925,49.985,49.92,49.975,121,SILZ5
2025-11-10 12:02:00+00:00,33,1,42029208,49.98,49.98,49.935,49.95,64,SILZ5
2025-11-10 12:03:00+00:00,33,1,42029208,49.955,49.955,49.93,49.94,38,SILZ5
2025-11-10 12:04:00+00:00,33,1,42029208,49.95,49.975,49.945,49.955,32,SILZ5
2025-11-10 12:05:00+00:00,33,1,42029208,49.955,49.97,49.95,49.95,22,SILZ5
2025-11-10 12:06:00+00:00,33,1,42029208,49.94,49.985,49.94,49.975,33,SILZ5
2025-11-10 12:07:00+00:00,33,1,42029208,49.97,50.02,49.97,50.0,144,SILZ5
2025-11-10 12:08:00+00:00,33,1,42029208,49.995,50.0,49.975,49.975,20,SILZ5
2025-11-10 12:09:00+00:00,33,1,42029208,49.975,49.975,49.95,49.97,38,SILZ5
2025-11-10 12:10:00+00:00,33,1,42029208,49.975,50.0,49.965,49.995,22,SILZ5
2025-11-10 12:11:00+00:00,33,1,42029208,49.995,49.995,49.965,49.97,25,SILZ5
2025-11-10 12:12:00+00:00,33,1,42029208,49.975,49.98,49.97,49.98,25,SILZ5
2025-11-10 12:13:00+00:00,33,1,42029208,49.975,50.005,49.975,50.005,24,SILZ5
2025-11-10 12:14:00+00:00,33,1,42029208,50.0,50.015,49.995,50.005,23,SILZ5
2025-11-10 12:15:00+00:00,33,1,42029208,50.005,50.005,49.985,49.99,23,SILZ5
2025-11-10 12:16:00+00:00,33,1,42029208,49.98,50.01,49.98,50.01,34,SILZ5
2025-11-10 12:17:00+00:00,33,1,42029208,50.015,50.04,49.985,50.01,128,SILZ5
2025-11-10 12:18:00+00:00,33,1,42029208,50.02,50.065,50.015,50.035,89,SILZ5
2025-11-10 12:19:00+00:00,33,1,42029208,50.025,50.025,49.985,50.005,66,SILZ5
2025-11-10 12:20:00+00:00,33,1,42029208,50.01,50.05,50.01,50.045,76,SILZ5
2025-11-10 12:21:00+00:00,33,1,42029208,50.045,50.06,50.035,50.055,60,SILZ5
2025-11-10 12:22:00+00:00,33,1,42029208,50.055,50.055,50.04,50.04,22,SILZ5
2025-11-10 12:23:00+00:00,33,1,42029208,50.05,50.07,50.05,50.065,32,SILZ5
2025-11-10 12:24:00+00:00,33,1,42029208,50.065,50.08,50.065,50.07,42,SILZ5
2025-11-10 12:25:00+00:00,33,1,42029208,50.07,50.085,50.065,50.065,48,SILZ5
2025-11-10 12:26:00+00:00,33,1,42029208,50.075,50.09,50.06,50.065,62,SILZ5
2025-11-10 12:27:00+00:00,33,1,42029208,50.065,50.07,50.035,50.035,37,SILZ5
2025-11-10 12:28:00+00:00,33,1,42029208,50.035,50.055,50.02,50.05,58,SILZ5
2025-11-10 12:29:00+00:00,33,1,42029208,50.055,50.075,50.045,50.06,18,SILZ5
2025-11-10 12:30:00+00:00,33,1,42029208,50.065,50.07,50.055,50.06,27,SILZ5
2025-11-10 12:31:00+00:00,33,1,42029208,50.06,50.08,50.06,50.065,38,SILZ5
2025-11-10 12:32:00+00:00,33,1,42029208,50.07,50.08,50.055,50.07,28,SILZ5
2025-11-10 12:33:00+00:00,33,1,42029208,50.07,50.07,50.06,50.07,28,SILZ5
2025-11-10 12:34:00+00:00,33,1,42029208,50.055,50.065,50.05,50.065,17,SILZ5
2025-11-10 12:35:00+00:00,33,1,42029208,50.06,50.07,50.05,50.06,34,SILZ5
2025-11-10 12:36:00+00:00,33,1,42029208,50.07,50.075,50.05,50.05,27,SILZ5
2025-11-10 12:37:00+00:00,33,1,42029208,50.055,50.085,50.055,50.085,30,SILZ5
2025-11-10 12:38:00+00:00,33,1,42029208,50.085,50.09,50.075,50.08,35,SILZ5
2025-11-10 12:39:00+00:00,33,1,42029208,50.07,50.075,50.055,50.055,7,SILZ5
2025-11-10 12:40:00+00:00,33,1,42029208,50.06,50.065,50.05,50.055,16,SILZ5
2025-11-10 12:41:00+00:00,33,1,42029208,50.05,50.07,50.045,50.065,30,SILZ5
2025-11-10 12:42:00+00:00,33,1,42029208,50.06,50.075,50.06,50.075,11,SILZ5
2025-11-10 12:43:00+00:00,33,1,42029208,50.075,50.12,50.065,50.095,84,SILZ5
2025-11-10 12:44:00+00:00,33,1,42029208,50.095,50.095,50.075,50.08,23,SILZ5
2025-11-10 12:45:00+00:00,33,1,42029208,50.075,50.075,50.05,50.07,29,SILZ5
2025-11-10 12:46:00+00:00,33,1,42029208,50.065,50.065,50.045,50.06,38,SILZ5
2025-11-10 12:47:00+00:00,33,1,42029208,50.055,50.055,50.04,50.05,23,SILZ5
2025-11-10 12:48:00+00:00,33,1,42029208,50.05,50.05,50.03,50.05,38,SILZ5
2025-11-10 12:49:00+00:00,33,1,42029208,50.05,50.075,50.045,50.065,22,SILZ5
2025-11-10 12:50:00+00:00,33,1,42029208,50.07,50.08,50.055,50.07,30,SILZ5
2025-11-10 12:51:00+00:00,33,1,42029208,50.07,50.075,50.065,50.075,10,SILZ5
2025-11-10 12:52:00+00:00,33,1,42029208,50.065,50.075,50.06,50.075,23,SILZ5
2025-11-10 12:53:00+00:00,33,1,42029208,50.075,50.105,50.07,50.1,50,SILZ5
2025-11-10 12:54:00+00:00,33,1,42029208,50.1,50.12,50.09,50.095,63,SILZ5
2025-11-10 12:55:00+00:00,33,1,42029208,50.085,50.1,50.055,50.06,59,SILZ5
2025-11-10 12:56:00+00:00,33,1,42029208,50.065,50.07,50.045,50.06,42,SILZ5
2025-11-10 12:57:00+00:00,33,1,42029208,50.065,50.075,50.05,50.06,20,SILZ5
2025-11-10 12:58:00+00:00,33,1,42029208,50.065,50.065,50.035,50.035,35,SILZ5
2025-11-10 12:59:00+00:00,33,1,42029208,50.025,50.055,50.025,50.055,32,SILZ5
2025-11-10 13:00:00+00:00,33,1,42029208,50.06,50.085,50.03,50.05,238,SILZ5
2025-11-10 13:01:00+00:00,33,1,42029208,50.05,50.06,50.0,50.025,138,SILZ5
2025-11-10 13:02:00+00:00,33,1,42029208,50.03,50.07,50.015,50.06,83,SILZ5
2025-11-10 13:03:00+00:00,33,1,42029208,50.06,50.1,50.055,50.06,101,SILZ5
2025-11-10 13:04:00+00:00,33,1,42029208,50.06,50.08,50.025,50.055,40,SILZ5
2025-11-10 13:05:00+00:00,33,1,42029208,50.065,50.08,50.05,50.06,41,SILZ5
2025-11-10 13:06:00+00:00,33,1,42029208,50.06,50.11,50.05,50.09,88,SILZ5
2025-11-10 13:07:00+00:00,33,1,42029208,50.09,50.095,50.07,50.07,39,SILZ5
2025-11-10 13:08:00+00:00,33,1,42029208,50.06,50.065,50.02,50.055,51,SILZ5
2025-11-10 13:09:00+00:00,33,1,42029208,50.055,50.095,50.05,50.09,47,SILZ5
2025-11-10 13:10:00+00:00,33,1,42029208,50.085,50.11,50.07,50.07,32,SILZ5
2025-11-10 13:11:00+00:00,33,1,42029208,50.07,50.09,50.07,50.08,27,SILZ5
2025-11-10 13:12:00+00:00,33,1,42029208,50.05,50.065,50.045,50.045,38,SILZ5
2025-11-10 13:13:00+00:00,33,1,42029208,50.04,50.04,50.0,50.03,58,SILZ5
2025-11-10 13:14:00+00:00,33,1,42029208,50.025,50.055,50.02,50.04,52,SILZ5
2025-11-10 13:15:00+00:00,33,1,42029208,50.04,50.04,49.96,49.96,119,SILZ5
2025-11-10 13:16:00+00:00,33,1,42029208,49.965,49.98,49.945,49.98,101,SILZ5
2025-11-10 13:17:00+00:00,33,1,42029208,49.955,49.99,49.94,49.975,73,SILZ5
2025-11-10 13:18:00+00:00,33,1,42029208,49.98,49.985,49.935,49.94,75,SILZ5
2025-11-10 13:19:00+00:00,33,1,42029208,49.955,50.02,49.95,49.975,91,SILZ5
2025-11-10 13:20:00+00:00,33,1,42029208,49.975,50.0,49.945,49.995,51,SILZ5
2025-11-10 13:21:00+00:00,33,1,42029208,49.995,50.015,49.985,49.985,45,SILZ5
2025-11-10 13:22:00+00:00,33,1,42029208,49.99,50.01,49.965,49.975,37,SILZ5
2025-11-10 13:23:00+00:00,33,1,42029208,49.985,49.99,49.975,49.975,18,SILZ5
2025-11-10 13:24:00+00:00,33,1,42029208,49.99,50.0,49.965,49.965,90,SILZ5
2025-11-10 13:25:00+00:00,33,1,42029208,49.965,50.015,49.965,50.01,110,SILZ5
2025-11-10 13:26:00+00:00,33,1,42029208,50.01,50.025,49.98,49.985,38,SILZ5
2025-11-10 13:27:00+00:00,33,1,42029208,49.975,49.975,49.955,49.975,29,SILZ5
2025-11-10 13:28:00+00:00,33,1,42029208,49.975,50.035,49.965,50.025,48,SILZ5
2025-11-10 13:29:00+00:00,33,1,42029208,50.03,50.03,50.01,50.02,28,SILZ5
2025-11-10 13:30:00+00:00,33,1,42029208,50.01,50.045,50.01,50.045,60,SILZ5
2025-11-10 13:31:00+00:00,33,1,42029208,50.035,50.035,49.985,49.985,34,SILZ5
2025-11-10 13:32:00+00:00,33,1,42029208,49.985,50.03,49.985,50.025,40,SILZ5
2025-11-10 13:33:00+00:00,33,1,42029208,50.025,50.03,49.965,49.98,34,SILZ5
2025-11-10 13:34:00+00:00,33,1,42029208,49.98,49.985,49.95,49.965,28,SILZ5
2025-11-10 13:35:00+00:00,33,1,42029208,49.97,49.995,49.965,49.965,42,SILZ5
2025-11-10 13:36:00+00:00,33,1,42029208,49.96,49.975,49.945,49.95,49,SILZ5
2025-11-10 13:37:00+00:00,33,1,42029208,49.94,49.94,49.88,49.91,135,SILZ5
2025-11-10 13:38:00+00:00,33,1,42029208,49.915,49.94,49.835,49.845,130,SILZ5
2025-11-10 13:39:00+00:00,33,1,42029208,49.845,49.86,49.825,49.83,85,SILZ5
2025-11-10 13:40:00+00:00,33,1,42029208,49.835,49.835,49.78,49.81,136,SILZ5
2025-11-10 13:41:00+00:00,33,1,42029208,49.815,49.82,49.775,49.8,86,SILZ5
2025-11-10 13:42:00+00:00,33,1,42029208,49.795,49.805,49.77,49.785,54,SILZ5
2025-11-10 13:43:00+00:00,33,1,42029208,49.78,49.825,49.755,49.8,104,SILZ5
2025-11-10 13:44:00+00:00,33,1,42029208,49.81,49.845,49.81,49.835,69,SILZ5
2025-11-10 13:45:00+00:00,33,1,42029208,49.825,49.84,49.81,49.82,60,SILZ5
2025-11-10 13:46:00+00:00,33,1,42029208,49.82,49.825,49.76,49.8,84,SILZ5
2025-11-10 13:47:00+00:00,33,1,42029208,49.8,49.81,49.76,49.76,89,SILZ5
2025-11-10 13:48:00+00:00,33,1,42029208,49.76,49.805,49.76,49.805,44,SILZ5
2025-11-10 13:49:00+00:00,33,1,42029208,49.805,49.83,49.79,49.805,72,SILZ5
2025-11-10 13:50:00+00:00,33,1,42029208,49.795,49.82,49.785,49.81,64,SILZ5
2025-11-10 13:51:00+00:00,33,1,42029208,49.8,49.8,49.745,49.75,66,SILZ5
2025-11-10 13:52:00+00:00,33,1,42029208,49.75,49.765,49.695,49.71,124,SILZ5
2025-11-10 13:53:00+00:00,33,1,42029208,49.71,49.725,49.7,49.705,68,SILZ5
2025-11-10 13:54:00+00:00,33,1,42029208,49.7,49.745,49.68,49.74,84,SILZ5
2025-11-10 13:55:00+00:00,33,1,42029208,49.74,49.77,49.73,49.77,55,SILZ5
2025-11-10 13:56:00+00:00,33,1,42029208,49.77,49.78,49.73,49.74,47,SILZ5
2025-11-10 13:57:00+00:00,33,1,42029208,49.735,49.74,49.7,49.715,29,SILZ5
2025-11-10 13:58:00+00:00,33,1,42029208,49.72,49.755,49.715,49.745,37,SILZ5
2025-11-10 13:59:00+00:00,33,1,42029208,49.745,49.75,49.73,49.735,45,SILZ5
2025-11-10 14:00:00+00:00,33,1,42029208,49.735,49.765,49.73,49.74,62,SILZ5
2025-11-10 14:01:00+00:00,33,1,42029208,49.735,49.77,49.705,49.725,97,SILZ5
2025-11-10 14:02:00+00:00,33,1,42029208,49.72,49.725,49.675,49.71,97,SILZ5
2025-11-10 14:03:00+00:00,33,1,42029208,49.725,49.755,49.705,49.71,51,SILZ5
2025-11-10 14:04:00+00:00,33,1,42029208,49.71,49.72,49.69,49.71,48,SILZ5
2025-11-10 14:05:00+00:00,33,1,42029208,49.71,49.72,49.68,49.69,69,SILZ5
2025-11-10 14:06:00+00:00,33,1,42029208,49.69,49.765,49.68,49.75,62,SILZ5
2025-11-10 14:07:00+00:00,33,1,42029208,49.745,49.75,49.71,49.73,25,SILZ5
2025-11-10 14:08:00+00:00,33,1,42029208,49.735,49.75,49.71,49.745,20,SILZ5
2025-11-10 14:09:00+00:00,33,1,42029208,49.76,49.765,49.72,49.73,47,SILZ5
2025-11-10 14:10:00+00:00,33,1,42029208,49.73,49.755,49.73,49.735,30,SILZ5
2025-11-10 14:11:00+00:00,33,1,42029208,49.73,49.745,49.725,49.735,27,SILZ5
2025-11-10 14:12:00+00:00,33,1,42029208,49.72,49.725,49.67,49.67,54,SILZ5
2025-11-10 14:13:00+00:00,33,1,42029208,49.675,49.68,49.575,49.64,295,SILZ5
2025-11-10 14:14:00+00:00,33,1,42029208,49.635,49.68,49.635,49.66,65,SILZ5
2025-11-10 14:15:00+00:00,33,1,42029208,49.665,49.72,49.665,49.685,79,SILZ5
2025-11-10 14:16:00+00:00,33,1,42029208,49.68,49.68,49.585,49.6,122,SILZ5
2025-11-10 14:17:00+00:00,33,1,42029208,49.6,49.62,49.58,49.59,110,SILZ5
2025-11-10 14:18:00+00:00,33,1,42029208,49.595,49.61,49.57,49.61,116,SILZ5
2025-11-10 14:19:00+00:00,33,1,42029208,49.61,49.63,49.555,49.555,81,SILZ5
2025-11-10 14:20:00+00:00,33,1,42029208,49.555,49.615,49.535,49.615,92,SILZ5
2025-11-10 14:21:00+00:00,33,1,42029208,49.605,49.65,49.605,49.645,68,SILZ5
2025-11-10 14:22:00+00:00,33,1,42029208,49.645,49.68,49.64,49.675,47,SILZ5
2025-11-10 14:23:00+00:00,33,1,42029208,49.675,49.695,49.67,49.69,85,SILZ5
2025-11-10 14:24:00+00:00,33,1,42029208,49.69,49.69,49.65,49.665,56,SILZ5
2025-11-10 14:25:00+00:00,33,1,42029208,49.68,49.71,49.675,49.7,55,SILZ5
2025-11-10 14:26:00+00:00,33,1,42029208,49.7,49.705,49.695,49.695,20,SILZ5
2025-11-10 14:27:00+00:00,33,1,42029208,49.68,49.68,49.655,49.67,21,SILZ5
2025-11-10 14:28:00+00:00,33,1,42029208,49.655,49.67,49.635,49.67,31,SILZ5
2025-11-10 14:29:00+00:00,33,1,42029208,49.675,49.675,49.64,49.655,33,SILZ5
2025-11-10 14:30:00+00:00,33,1,42029208,49.65,49.65,49.56,49.59,242,SILZ5
2025-11-10 14:31:00+00:00,33,1,42029208,49.595,49.615,49.575,49.59,143,SILZ5
2025-11-10 14:32:00+00:00,33,1,42029208,49.59,49.605,49.55,49.58,100,SILZ5
2025-11-10 14:33:00+00:00,33,1,42029208,49.59,49.59,49.49,49.525,233,SILZ5
2025-11-10 14:34:00+00:00,33,1,42029208,49.54,49.555,49.51,49.555,160,SILZ5
2025-11-10 14:35:00+00:00,33,1,42029208,49.56,49.58,49.515,49.555,140,SILZ5
2025-11-10 14:36:00+00:00,33,1,42029208,49.555,49.585,49.535,49.585,100,SILZ5
2025-11-10 14:37:00+00:00,33,1,42029208,49.59,49.63,49.575,49.63,113,SILZ5
2025-11-10 14:38:00+00:00,33,1,42029208,49.63,49.645,49.6,49.605,102,SILZ5
2025-11-10 14:39:00+00:00,33,1,42029208,49.6,49.625,49.55,49.565,96,SILZ5
2025-11-10 14:40:00+00:00,33,1,42029208,49.575,49.63,49.57,49.63,135,SILZ5
2025-11-10 14:41:00+00:00,33,1,42029208,49.625,49.63,49.585,49.62,107,SILZ5
2025-11-10 14:42:00+00:00,33,1,42029208,49.615,49.645,49.6,49.635,82,SILZ5
2025-11-10 14:43:00+00:00,33,1,42029208,49.635,49.635,49.595,49.63,76,SILZ5
2025-11-10 14:44:00+00:00,33,1,42029208,49.635,49.7,49.63,49.695,92,SILZ5
2025-11-10 14:45:00+00:00,33,1,42029208,49.695,49.755,49.685,49.75,179,SILZ5
2025-11-10 14:46:00+00:00,33,1,42029208,49.74,49.785,49.73,49.78,168,SILZ5
2025-11-10 14:47:00+00:00,33,1,42029208,49.78,49.785,49.725,49.76,99,SILZ5
2025-11-10 14:48:00+00:00,33,1,42029208,49.76,49.77,49.675,49.715,122,SILZ5
2025-11-10 14:49:00+00:00,33,1,42029208,49.715,49.76,49.7,49.725,118,SILZ5
2025-11-10 14:50:00+00:00,33,1,42029208,49.725,49.735,49.7,49.735,73,SILZ5
2025-11-10 14:51:00+00:00,33,1,42029208,49.725,49.785,49.715,49.755,73,SILZ5
2025-11-10 14:52:00+00:00,33,1,42029208,49.755,49.76,49.71,49.71,53,SILZ5
2025-11-10 14:53:00+00:00,33,1,42029208,49.71,49.74,49.7,49.73,70,SILZ5
2025-11-10 14:54:00+00:00,33,1,42029208,49.735,49.775,49.735,49.75,60,SILZ5
2025-11-10 14:55:00+00:00,33,1,42029208,49.75,49.83,49.75,49.82,179,SILZ5
2025-11-10 14:56:00+00:00,33,1,42029208,49.81,49.875,49.78,49.855,159,SILZ5
2025-11-10 14:57:00+00:00,33,1,42029208,49.855,49.885,49.85,49.86,94,SILZ5
2025-11-10 14:58:00+00:00,33,1,42029208,49.86,49.9,49.835,49.89,101,SILZ5
2025-11-10 14:59:00+00:00,33,1,42029208,49.885,49.89,49.845,49.845,79,SILZ5
2025-11-10 15:00:00+00:00,33,1,42029208,49.85,49.875,49.845,49.85,118,SILZ5
2025-11-10 15:01:00+00:00,33,1,42029208,49.845,49.86,49.83,49.845,85,SILZ5
2025-11-10 15:02:00+00:00,33,1,42029208,49.84,49.85,49.815,49.84,61,SILZ5
2025-11-10 15:03:00+00:00,33,1,42029208,49.84,49.86,49.835,49.835,33,SILZ5
2025-11-10 15:04:00+00:00,33,1,42029208,49.825,49.865,49.825,49.865,31,SILZ5
2025-11-10 15:05:00+00:00,33,1,42029208,49.865,49.91,49.855,49.865,86,SILZ5
2025-11-10 15:06:00+00:00,33,1,42029208,49.87,49.88,49.855,49.855,62,SILZ5
2025-11-10 15:07:00+00:00,33,1,42029208,49.855,49.925,49.855,49.92,117,SILZ5
2025-11-10 15:08:00+00:00,33,1,42029208,49.925,49.94,49.905,49.915,83,SILZ5
2025-11-10 15:09:00+00:00,33,1,42029208,49.92,49.95,49.9,49.91,77,SILZ5
2025-11-10 15:10:00+00:00,33,1,42029208,49.915,49.935,49.9,49.93,39,SILZ5
2025-11-10 15:11:00+00:00,33,1,42029208,49.93,49.93,49.9,49.9,75,SILZ5
2025-11-10 15:12:00+00:00,33,1,42029208,49.9,49.91,49.855,49.855,91,SILZ5
2025-11-10 15:13:00+00:00,33,1,42029208,49.86,49.895,49.835,49.89,80,SILZ5
2025-11-10 15:14:00+00:00,33,1,42029208,49.895,49.9,49.835,49.84,57,SILZ5
2025-11-10 15:15:00+00:00,33,1,42029208,49.845,49.865,49.82,49.825,39,SILZ5
2025-11-10 15:16:00+00:00,33,1,42029208,49.84,49.84,49.815,49.835,73,SILZ5
2025-11-10 15:17:00+00:00,33,1,42029208,49.83,49.855,49.8,49.85,62,SILZ5
2025-11-10 15:18:00+00:00,33,1,42029208,49.85,49.89,49.85,49.875,62,SILZ5
2025-11-10 15:19:00+00:00,33,1,42029208,49.87,49.89,49.85,49.88,84,SILZ5
2025-11-10 15:20:00+00:00,33,1,42029208,49.88,49.905,49.865,49.9,42,SILZ5
2025-11-10 15:21:00+00:00,33,1,42029208,49.895,49.93,49.89,49.93,44,SILZ5
2025-11-10 15:22:00+00:00,33,1,42029208,49.93,49.935,49.91,49.91,66,SILZ5
2025-11-10 15:23:00+00:00,33,1,42029208,49.915,49.93,49.905,49.905,59,SILZ5
2025-11-10 15:24:00+00:00,33,1,42029208,49.905,49.93,49.905,49.91,32,SILZ5
2025-11-10 15:25:00+00:00,33,1,42029208,49.91,49.94,49.905,49.91,49,SILZ5
2025-11-10 15:26:00+00:00,33,1,42029208,49.915,49.915,49.89,49.91,56,SILZ5
2025-11-10 15:27:00+00:00,33,1,42029208,49.91,49.935,49.91,49.91,61,SILZ5
2025-11-10 15:28:00+00:00,33,1,42029208,49.91,49.92,49.89,49.905,80,SILZ5
2025-11-10 15:29:00+00:00,33,1,42029208,49.915,49.93,49.9,49.91,37,SILZ5
2025-11-10 15:30:00+00:00,33,1,42029208,49.91,49.925,49.9,49.915,28,SILZ5
2025-11-10 15:31:00+00:00,33,1,42029208,49.91,49.94,49.91,49.94,41,SILZ5
2025-11-10 15:32:00+00:00,33,1,42029208,49.94,49.945,49.89,49.9,42,SILZ5
2025-11-10 15:33:00+00:00,33,1,42029208,49.905,49.935,49.9,49.905,32,SILZ5
2025-11-10 15:34:00+00:00,33,1,42029208,49.9,49.92,49.9,49.9,34,SILZ5
2025-11-10 15:35:00+00:00,33,1,42029208,49.905,49.905,49.87,49.87,63,SILZ5
2025-11-10 15:36:00+00:00,33,1,42029208,49.88,49.89,49.86,49.86,26,SILZ5
2025-11-10 15:37:00+00:00,33,1,42029208,49.86,49.87,49.84,49.86,83,SILZ5
2025-11-10 15:38:00+00:00,33,1,42029208,49.865,49.9,49.865,49.87,44,SILZ5
2025-11-10 15:39:00+00:00,33,1,42029208,49.88,49.89,49.88,49.885,34,SILZ5
2025-11-10 15:40:00+00:00,33,1,42029208,49.88,49.885,49.86,49.865,24,SILZ5
2025-11-10 15:41:00+00:00,33,1,42029208,49.865,49.885,49.85,49.85,18,SILZ5
2025-11-10 15:42:00+00:00,33,1,42029208,49.855,49.875,49.85,49.865,25,SILZ5
2025-11-10 15:43:00+00:00,33,1,42029208,49.875,49.88,49.85,49.855,22,SILZ5
2025-11-10 15:44:00+00:00,33,1,42029208,49.85,49.875,49.845,49.875,20,SILZ5
2025-11-10 15:45:00+00:00,33,1,42029208,49.87,49.875,49.84,49.87,42,SILZ5
2025-11-10 15:46:00+00:00,33,1,42029208,49.865,49.865,49.825,49.825,34,SILZ5
2025-11-10 15:47:00+00:00,33,1,42029208,49.82,49.83,49.77,49.78,104,SILZ5
2025-11-10 15:48:00+00:00,33,1,42029208,49.78,49.79,49.75,49.76,99,SILZ5
2025-11-10 15:49:00+00:00,33,1,42029208,49.755,49.76,49.7,49.715,157,SILZ5
2025-11-10 15:50:00+00:00,33,1,42029208,49.71,49.77,49.65,49.68,274,SILZ5
2025-11-10 15:51:00+00:00,33,1,42029208,49.685,49.71,49.66,49.69,55,SILZ5
2025-11-10 15:52:00+00:00,33,1,42029208,49.68,49.715,49.67,49.71,74,SILZ5
2025-11-10 15:53:00+00:00,33,1,42029208,49.7,49.75,49.695,49.745,66,SILZ5
2025-11-10 15:54:00+00:00,33,1,42029208,49.745,49.755,49.73,49.755,28,SILZ5
2025-11-10 15:55:00+00:00,33,1,42029208,49.745,49.745,49.69,49.7,96,SILZ5
2025-11-10 15:56:00+00:00,33,1,42029208,49.7,49.73,49.7,49.725,36,SILZ5
2025-11-10 15:57:00+00:00,33,1,42029208,49.72,49.745,49.71,49.71,36,SILZ5
2025-11-10 15:58:00+00:00,33,1,42029208,49.72,49.74,49.71,49.71,23,SILZ5
2025-11-10 15:59:00+00:00,33,1,42029208,49.71,49.715,49.7,49.71,26,SILZ5
2025-11-10 16:00:00+00:00,33,1,42029208,49.71,49.715,49.68,49.69,60,SILZ5
2025-11-10 16:01:00+00:00,33,1,42029208,49.69,49.695,49.65,49.68,78,SILZ5
2025-11-10 16:02:00+00:00,33,1,42029208,49.68,49.695,49.67,49.695,40,SILZ5
2025-11-10 16:03:00+00:00,33,1,42029208,49.69,49.76,49.69,49.735,72,SILZ5
2025-11-10 16:04:00+00:00,33,1,42029208,49.74,49.74,49.705,49.715,44,SILZ5
2025-11-10 16:05:00+00:00,33,1,42029208,49.705,49.72,49.68,49.715,53,SILZ5
2025-11-10 16:06:00+00:00,33,1,42029208,49.71,49.74,49.705,49.74,35,SILZ5
2025-11-10 16:07:00+00:00,33,1,42029208,49.745,49.805,49.745,49.805,68,SILZ5
2025-11-10 16:08:00+00:00,33,1,42029208,49.805,49.855,49.795,49.855,78,SILZ5
2025-11-10 16:09:00+00:00,33,1,42029208,49.85,49.86,49.825,49.855,60,SILZ5
2025-11-10 16:10:00+00:00,33,1,42029208,49.855,49.89,49.855,49.86,103,SILZ5
2025-11-10 16:11:00+00:00,33,1,42029208,49.86,49.915,49.855,49.89,158,SILZ5
2025-11-10 16:12:00+00:00,33,1,42029208,49.89,49.915,49.88,49.91,48,SILZ5
2025-11-10 16:13:00+00:00,33,1,42029208,49.91,49.91,49.885,49.9,34,SILZ5
2025-11-10 16:14:00+00:00,33,1,42029208,49.9,49.9,49.885,49.9,10,SILZ5
2025-11-10 16:15:00+00:00,33,1,42029208,49.885,49.91,49.885,49.91,22,SILZ5
2025-11-10 16:16:00+00:00,33,1,42029208,49.915,49.915,49.89,49.9,26,SILZ5
2025-11-10 16:17:00+00:00,33,1,42029208,49.905,49.905,49.885,49.885,32,SILZ5
2025-11-10 16:18:00+00:00,33,1,42029208,49.89,49.89,49.86,49.87,71,SILZ5
2025-11-10 16:19:00+00:00,33,1,42029208,49.87,49.87,49.85,49.865,28,SILZ5
2025-11-10 16:20:00+00:00,33,1,42029208,49.86,49.89,49.855,49.875,37,SILZ5
2025-11-10 16:21:00+00:00,33,1,42029208,49.87,49.87,49.85,49.865,28,SILZ5
2025-11-10 16:22:00+00:00,33,1,42029208,49.865,49.865,49.825,49.825,44,SILZ5
2025-11-10 16:23:00+00:00,33,1,42029208,49.835,49.88,49.835,49.88,48,SILZ5
2025-11-10 16:24:00+00:00,33,1,42029208,49.88,49.88,49.84,49.845,46,SILZ5
2025-11-10 16:25:00+00:00,33,1,42029208,49.84,49.85,49.815,49.85,58,SILZ5
2025-11-10 16:26:00+00:00,33,1,42029208,49.855,49.87,49.855,49.86,24,SILZ5
2025-11-10 16:27:00+00:00,33,1,42029208,49.87,49.88,49.86,49.875,19,SILZ5
2025-11-10 16:28:00+00:00,33,1,42029208,49.865,49.87,49.85,49.85,18,SILZ5
2025-11-10 16:29:00+00:00,33,1,42029208,49.85,49.855,49.845,49.855,9,SILZ5
2025-11-10 16:30:00+00:00,33,1,42029208,49.855,49.885,49.85,49.875,37,SILZ5
2025-11-10 16:31:00+00:00,33,1,42029208,49.875,49.88,49.85,49.88,47,SILZ5
2025-11-10 16:32:00+00:00,33,1,42029208,49.89,49.925,49.89,49.925,78,SILZ5
2025-11-10 16:33:00+00:00,33,1,42029208,49.925,49.935,49.92,49.925,47,SILZ5
2025-11-10 16:34:00+00:00,33,1,42029208,49.93,49.935,49.895,49.895,34,SILZ5
2025-11-10 16:35:00+00:00,33,1,42029208,49.905,49.925,49.895,49.895,25,SILZ5
2025-11-10 16:36:00+00:00,33,1,42029208,49.9,49.91,49.89,49.91,28,SILZ5
2025-11-10 16:37:00+00:00,33,1,42029208,49.91,49.915,49.905,49.91,25,SILZ5
2025-11-10 16:38:00+00:00,33,1,42029208,49.89,49.905,49.89,49.905,33,SILZ5
2025-11-10 16:39:00+00:00,33,1,42029208,49.905,49.91,49.895,49.895,14,SILZ5
2025-11-10 16:40:00+00:00,33,1,42029208,49.895,49.9,49.86,49.865,60,SILZ5
2025-11-10 16:41:00+00:00,33,1,42029208,49.865,49.915,49.865,49.905,44,SILZ5
2025-11-10 16:42:00+00:00,33,1,42029208,49.905,49.91,49.885,49.885,29,SILZ5
2025-11-10 16:43:00+00:00,33,1,42029208,49.89,49.905,49.885,49.905,28,SILZ5
2025-11-10 16:44:00+00:00,33,1,42029208,49.89,49.93,49.885,49.925,55,SILZ5
2025-11-10 16:45:00+00:00,33,1,42029208,49.925,49.94,49.915,49.915,57,SILZ5
2025-11-10 16:46:00+00:00,33,1,42029208,49.905,49.915,49.885,49.885,36,SILZ5
2025-11-10 16:47:00+00:00,33,1,42029208,49.885,49.9,49.885,49.9,30,SILZ5
2025-11-10 16:48:00+00:00,33,1,42029208,49.895,49.915,49.885,49.91,33,SILZ5
2025-11-10 16:49:00+00:00,33,1,42029208,49.905,49.925,49.905,49.925,16,SILZ5
2025-11-10 16:50:00+00:00,33,1,42029208,49.92,49.955,49.92,49.935,58,SILZ5
2025-11-10 16:51:00+00:00,33,1,42029208,49.935,49.935,49.92,49.93,13,SILZ5
2025-11-10 16:52:00+00:00,33,1,42029208,49.93,49.94,49.92,49.925,11,SILZ5
2025-11-10 16:53:00+00:00,33,1,42029208,49.925,49.95,49.925,49.95,37,SILZ5
2025-11-10 16:54:00+00:00,33,1,42029208,49.945,49.97,49.945,49.955,51,SILZ5
2025-11-10 16:55:00+00:00,33,1,42029208,49.96,49.975,49.945,49.975,40,SILZ5
2025-11-10 16:56:00+00:00,33,1,42029208,49.975,49.985,49.965,49.97,54,SILZ5
2025-11-10 16:57:00+00:00,33,1,42029208,49.965,49.975,49.955,49.955,26,SILZ5
2025-11-10 16:58:00+00:00,33,1,42029208,49.965,49.975,49.96,49.965,22,SILZ5
2025-11-10 16:59:00+00:00,33,1,42029208,49.97,49.97,49.955,49.97,21,SILZ5
2025-11-10 17:00:00+00:00,33,1,42029208,49.975,50.0,49.97,50.0,70,SILZ5
2025-11-10 17:01:00+00:00,33,1,42029208,50.0,50.0,49.975,49.99,42,SILZ5
2025-11-10 17:02:00+00:00,33,1,42029208,49.99,49.995,49.955,49.995,39,SILZ5
2025-11-10 17:03:00+00:00,33,1,42029208,50.0,50.035,50.0,50.03,74,SILZ5
2025-11-10 17:04:00+00:00,33,1,42029208,50.025,50.065,50.025,50.05,75,SILZ5
2025-11-10 17:05:00+00:00,33,1,42029208,50.05,50.09,50.05,50.065,77,SILZ5
2025-11-10 17:06:00+00:00,33,1,42029208,50.07,50.07,50.045,50.055,33,SILZ5
2025-11-10 17:07:00+00:00,33,1,42029208,50.06,50.08,50.055,50.08,39,SILZ5
2025-11-10 17:08:00+00:00,33,1,42029208,50.085,50.095,50.07,50.07,45,SILZ5
2025-11-10 17:09:00+00:00,33,1,42029208,50.07,50.085,50.06,50.075,25,SILZ5
2025-11-10 17:10:00+00:00,33,1,42029208,50.08,50.09,50.08,50.085,46,SILZ5
2025-11-10 17:11:00+00:00,33,1,42029208,50.09,50.1,50.08,50.095,68,SILZ5
2025-11-10 17:12:00+00:00,33,1,42029208,50.09,50.09,50.06,50.065,29,SILZ5
2025-11-10 17:13:00+00:00,33,1,42029208,50.065,50.065,50.02,50.02,78,SILZ5
2025-11-10 17:14:00+00:00,33,1,42029208,50.02,50.05,50.02,50.045,50,SILZ5
2025-11-10 17:15:00+00:00,33,1,42029208,50.04,50.045,50.02,50.03,39,SILZ5
2025-11-10 17:16:00+00:00,33,1,42029208,50.025,50.025,50.01,50.015,34,SILZ5
2025-11-10 17:17:00+00:00,33,1,42029208,50.015,50.02,49.955,49.965,87,SILZ5
2025-11-10 17:18:00+00:00,33,1,42029208,49.975,50.01,49.975,50.01,45,SILZ5
2025-11-10 17:19:00+00:00,33,1,42029208,50.005,50.01,50.0,50.0,27,SILZ5
2025-11-10 17:20:00+00:00,33,1,42029208,50.0,50.045,50.0,50.045,63,SILZ5
2025-11-10 17:21:00+00:00,33,1,42029208,50.05,50.05,50.025,50.05,27,SILZ5
2025-11-10 17:22:00+00:00,33,1,42029208,50.05,50.075,50.05,50.065,30,SILZ5
2025-11-10 17:23:00+00:00,33,1,42029208,50.06,50.065,50.05,50.055,32,SILZ5
2025-11-10 17:24:00+00:00,33,1,42029208,50.055,50.055,50.03,50.05,32,SILZ5
2025-11-10 17:25:00+00:00,33,1,42029208,50.055,50.065,50.055,50.055,26,SILZ5
2025-11-10 17:26:00+00:00,33,1,42029208,50.06,50.07,50.03,50.045,58,SILZ5
2025-11-10 17:27:00+00:00,33,1,42029208,50.045,50.06,50.04,50.06,19,SILZ5
2025-11-10 17:28:00+00:00,33,1,42029208,50.065,50.07,50.055,50.055,28,SILZ5
2025-11-10 17:29:00+00:00,33,1,42029208,50.06,50.065,50.055,50.065,13,SILZ5
2025-11-10 17:30:00+00:00,33,1,42029208,50.065,50.07,50.06,50.065,21,SILZ5
2025-11-10 17:31:00+00:00,33,1,42029208,50.07,50.075,50.065,50.065,25,SILZ5
2025-11-10 17:32:00+00:00,33,1,42029208,50.065,50.08,50.065,50.065,32,SILZ5
2025-11-10 17:33:00+00:00,33,1,42029208,50.07,50.07,50.055,50.065,27,SILZ5
2025-11-10 17:34:00+00:00,33,1,42029208,50.075,50.09,50.075,50.085,22,SILZ5
2025-11-10 17:35:00+00:00,33,1,42029208,50.085,50.1,50.08,50.085,59,SILZ5
2025-11-10 17:36:00+00:00,33,1,42029208,50.08,50.085,50.065,50.075,24,SILZ5
2025-11-10 17:37:00+00:00,33,1,42029208,50.07,50.07,50.05,50.055,31,SILZ5
2025-11-10 17:38:00+00:00,33,1,42029208,50.05,50.065,50.045,50.05,49,SILZ5
2025-11-10 17:39:00+00:00,33,1,42029208,50.055,50.09,50.055,50.085,61,SILZ5
2025-11-10 17:40:00+00:00,33,1,42029208,50.09,50.11,50.085,50.095,43,SILZ5
2025-11-10 17:41:00+00:00,33,1,42029208,50.1,50.1,50.08,50.095,39,SILZ5
2025-11-10 17:42:00+00:00,33,1,42029208,50.09,50.11,50.09,50.105,29,SILZ5
2025-11-10 17:43:00+00:00,33,1,42029208,50.1,50.105,50.09,50.105,23,SILZ5
2025-11-10 17:44:00+00:00,33,1,42029208,50.105,50.145,50.09,50.14,131,SILZ5
2025-11-10 17:45:00+00:00,33,1,42029208,50.14,50.155,50.13,50.155,101,SILZ5
2025-11-10 17:46:00+00:00,33,1,42029208,50.155,50.195,50.155,50.19,102,SILZ5
2025-11-10 17:47:00+00:00,33,1,42029208,50.19,50.19,50.16,50.16,35,SILZ5
2025-11-10 17:48:00+00:00,33,1,42029208,50.165,50.17,50.14,50.165,35,SILZ5
2025-11-10 17:49:00+00:00,33,1,42029208,50.17,50.195,50.17,50.195,33,SILZ5
2025-11-10 17:50:00+00:00,33,1,42029208,50.2,50.205,50.175,50.18,66,SILZ5
2025-11-10 17:51:00+00:00,33,1,42029208,50.19,50.2,50.185,50.195,19,SILZ5
2025-11-10 17:52:00+00:00,33,1,42029208,50.2,50.215,50.185,50.2,41,SILZ5
2025-11-10 17:53:00+00:00,33,1,42029208,50.195,50.205,50.185,50.195,74,SILZ5
2025-11-10 17:54:00+00:00,33,1,42029208,50.195,50.21,50.175,50.205,59,SILZ5
2025-11-10 17:55:00+00:00,33,1,42029208,50.21,50.225,50.2,50.22,72,SILZ5
2025-11-10 17:56:00+00:00,33,1,42029208,50.225,50.245,50.22,50.235,64,SILZ5
2025-11-10 17:57:00+00:00,33,1,42029208,50.235,50.27,50.225,50.235,114,SILZ5
2025-11-10 17:58:00+00:00,33,1,42029208,50.235,50.25,50.225,50.245,40,SILZ5
2025-11-10 17:59:00+00:00,33,1,42029208,50.24,50.26,50.23,50.25,45,SILZ5
2025-11-10 18:00:00+00:00,33,1,42029208,50.255,50.255,50.22,50.23,57,SILZ5
2025-11-10 18:01:00+00:00,33,1,42029208,50.23,50.24,50.22,50.235,27,SILZ5
2025-11-10 18:02:00+00:00,33,1,42029208,50.235,50.25,50.23,50.24,43,SILZ5
2025-11-10 18:03:00+00:00,33,1,42029208,50.245,50.265,50.225,50.225,32,SILZ5
2025-11-10 18:04:00+00:00,33,1,42029208,50.235,50.235,50.215,50.225,63,SILZ5
2025-11-10 18:05:00+00:00,33,1,42029208,50.23,50.25,50.225,50.23,43,SILZ5
2025-11-10 18:06:00+00:00,33,1,42029208,50.23,50.235,50.21,50.21,32,SILZ5
2025-11-10 18:07:00+00:00,33,1,42029208,50.22,50.22,50.19,50.21,49,SILZ5
2025-11-10 18:08:00+00:00,33,1,42029208,50.21,50.21,50.195,50.21,20,SILZ5
2025-11-10 18:09:00+00:00,33,1,42029208,50.21,50.21,50.195,50.195,13,SILZ5
2025-11-10 18:10:00+00:00,33,1,42029208,50.195,50.205,50.195,50.2,18,SILZ5
2025-11-10 18:11:00+00:00,33,1,42029208,50.2,50.23,50.2,50.225,23,SILZ5
2025-11-10 18:12:00+00:00,33,1,42029208,50.235,50.245,50.225,50.24,18,SILZ5
2025-11-10 18:13:00+00:00,33,1,42029208,50.24,50.245,50.23,50.24,19,SILZ5
2025-11-10 18:14:00+00:00,33,1,42029208,50.235,50.24,50.225,50.23,28,SILZ5
2025-11-10 18:15:00+00:00,33,1,42029208,50.235,50.255,50.23,50.24,43,SILZ5
2025-11-10 18:16:00+00:00,33,1,42029208,50.235,50.235,50.23,50.23,11,SILZ5
2025-11-10 18:17:00+00:00,33,1,42029208,50.23,50.235,50.205,50.235,28,SILZ5
2025-11-10 18:18:00+00:00,33,1,42029208,50.23,50.24,50.225,50.23,44,SILZ5
2025-11-10 18:19:00+00:00,33,1,42029208,50.235,50.235,50.225,50.225,38,SILZ5
2025-11-10 18:20:00+00:00,33,1,42029208,50.23,50.275,50.215,50.27,100,SILZ5
2025-11-10 18:21:00+00:00,33,1,42029208,50.27,50.295,50.255,50.285,52,SILZ5
2025-11-10 18:22:00+00:00,33,1,42029208,50.285,50.31,50.27,50.295,93,SILZ5
2025-11-10 18:23:00+00:00,33,1,42029208,50.3,50.31,50.275,50.29,70,SILZ5
2025-11-10 18:24:00+00:00,33,1,42029208,50.285,50.335,50.28,50.285,162,SILZ5
2025-11-10 18:25:00+00:00,33,1,42029208,50.29,50.305,50.27,50.29,42,SILZ5
2025-11-10 18:26:00+00:00,33,1,42029208,50.305,50.325,50.305,50.305,38,SILZ5
2025-11-10 18:27:00+00:00,33,1,42029208,50.315,50.36,50.31,50.345,69,SILZ5
2025-11-10 18:28:00+00:00,33,1,42029208,50.345,50.345,50.325,50.335,29,SILZ5
2025-11-10 18:29:00+00:00,33,1,42029208,50.335,50.345,50.315,50.335,69,SILZ5
2025-11-10 18:30:00+00:00,33,1,42029208,50.335,50.365,50.335,50.355,41,SILZ5
2025-11-10 18:31:00+00:00,33,1,42029208,50.355,50.365,50.34,50.36,31,SILZ5
2025-11-10 18:32:00+00:00,33,1,42029208,50.36,50.37,50.36,50.37,17,SILZ5
2025-11-10 18:33:00+00:00,33,1,42029208,50.365,50.37,50.355,50.37,42,SILZ5
2025-11-10 18:34:00+00:00,33,1,42029208,50.37,50.375,50.355,50.375,73,SILZ5
2025-11-10 18:35:00+00:00,33,1,42029208,50.37,50.375,50.35,50.35,56,SILZ5
2025-11-10 18:36:00+00:00,33,1,42029208,50.34,50.36,50.32,50.36,69,SILZ5
2025-11-10 18:37:00+00:00,33,1,42029208,50.36,50.36,50.325,50.335,24,SILZ5
2025-11-10 18:38:00+00:00,33,1,42029208,50.335,50.355,50.335,50.345,25,SILZ5
2025-11-10 18:39:00+00:00,33,1,42029208,50.35,50.36,50.335,50.335,26,SILZ5
2025-11-10 18:40:00+00:00,33,1,42029208,50.335,50.355,50.325,50.34,45,SILZ5
2025-11-10 18:41:00+00:00,33,1,42029208,50.34,50.34,50.305,50.315,44,SILZ5
2025-11-10 18:42:00+00:00,33,1,42029208,50.315,50.335,50.315,50.33,23,SILZ5
2025-11-10 18:43:00+00:00,33,1,42029208,50.335,50.35,50.325,50.33,24,SILZ5
2025-11-10 18:44:00+00:00,33,1,42029208,50.34,50.34,50.33,50.33,6,SILZ5
2025-11-10 18:45:00+00:00,33,1,42029208,50.34,50.35,50.34,50.35,12,SILZ5
2025-11-10 18:46:00+00:00,33,1,42029208,50.35,50.35,50.34,50.345,16,SILZ5
2025-11-10 18:47:00+00:00,33,1,42029208,50.345,50.345,50.315,50.325,30,SILZ5
2025-11-10 18:48:00+00:00,33,1,42029208,50.32,50.34,50.315,50.34,17,SILZ5
2025-11-10 18:49:00+00:00,33,1,42029208,50.35,50.35,50.325,50.325,17,SILZ5
2025-11-10 18:50:00+00:00,33,1,42029208,50.315,50.315,50.3,50.3,18,SILZ5
2025-11-10 18:51:00+00:00,33,1,42029208,50.31,50.33,50.305,50.315,16,SILZ5
2025-11-10 18:52:00+00:00,33,1,42029208,50.315,50.325,50.305,50.325,28,SILZ5
2025-11-10 18:53:00+00:00,33,1,42029208,50.325,50.325,50.305,50.325,12,SILZ5
2025-11-10 18:54:00+00:00,33,1,42029208,50.32,50.32,50.305,50.31,10,SILZ5
2025-11-10 18:55:00+00:00,33,1,42029208,50.31,50.315,50.305,50.31,24,SILZ5
2025-11-10 18:56:00+00:00,33,1,42029208,50.31,50.345,50.31,50.345,30,SILZ5
2025-11-10 18:57:00+00:00,33,1,42029208,50.345,50.355,50.335,50.35,29,SILZ5
2025-11-10 18:58:00+00:00,33,1,42029208,50.345,50.36,50.345,50.355,15,SILZ5
2025-11-10 18:59:00+00:00,33,1,42029208,50.355,50.365,50.34,50.35,39,SILZ5
2025-11-10 19:00:00+00:00,33,1,42029208,50.355,50.36,50.335,50.355,29,SILZ5
2025-11-10 19:01:00+00:00,33,1,42029208,50.355,50.36,50.335,50.355,19,SILZ5
2025-11-10 19:02:00+00:00,33,1,42029208,50.345,50.345,50.315,50.32,26,SILZ5
2025-11-10 19:03:00+00:00,33,1,42029208,50.32,50.35,50.32,50.345,11,SILZ5
2025-11-10 19:04:00+00:00,33,1,42029208,50.34,50.345,50.32,50.33,16,SILZ5
2025-11-10 19:05:00+00:00,33,1,42029208,50.325,50.33,50.325,50.325,8,SILZ5
2025-11-10 19:06:00+00:00,33,1,42029208,50.33,50.365,50.325,50.365,34,SILZ5
2025-11-10 19:07:00+00:00,33,1,42029208,50.37,50.375,50.36,50.36,23,SILZ5
2025-11-10 19:08:00+00:00,33,1,42029208,50.37,50.37,50.36,50.365,21,SILZ5
2025-11-10 19:09:00+00:00,33,1,42029208,50.375,50.39,50.375,50.39,28,SILZ5
2025-11-10 19:10:00+00:00,33,1,42029208,50.385,50.39,50.375,50.38,19,SILZ5
2025-11-10 19:11:00+00:00,33,1,42029208,50.395,50.42,50.395,50.41,55,SILZ5
2025-11-10 19:12:00+00:00,33,1,42029208,50.415,50.42,50.405,50.415,17,SILZ5
2025-11-10 19:13:00+00:00,33,1,42029208,50.415,50.425,50.41,50.425,31,SILZ5
2025-11-10 19:14:00+00:00,33,1,42029208,50.42,50.425,50.41,50.42,30,SILZ5
2025-11-10 19:15:00+00:00,33,1,42029208,50.415,50.415,50.405,50.405,23,SILZ5
2025-11-10 19:16:00+00:00,33,1,42029208,50.415,50.425,50.41,50.425,15,SILZ5
2025-11-10 19:17:00+00:00,33,1,42029208,50.425,50.425,50.41,50.41,13,SILZ5
2025-11-10 19:18:00+00:00,33,1,42029208,50.41,50.41,50.395,50.4,20,SILZ5
2025-11-10 19:19:00+00:00,33,1,42029208,50.405,50.41,50.405,50.41,21,SILZ5
2025-11-10 19:20:00+00:00,33,1,42029208,50.41,50.425,50.41,50.42,23,SILZ5
2025-11-10 19:21:00+00:00,33,1,42029208,50.425,50.425,50.4,50.405,36,SILZ5
2025-11-10 19:22:00+00:00,33,1,42029208,50.4,50.4,50.37,50.39,49,SILZ5
2025-11-10 19:23:00+00:00,33,1,42029208,50.38,50.405,50.375,50.405,13,SILZ5
2025-11-10 19:24:00+00:00,33,1,42029208,50.41,50.41,50.41,50.41,4,SILZ5
2025-11-10 19:25:00+00:00,33,1,42029208,50.405,50.415,50.405,50.41,9,SILZ5
2025-11-10 19:26:00+00:00,33,1,42029208,50.415,50.43,50.415,50.43,27,SILZ5
2025-11-10 19:27:00+00:00,33,1,42029208,50.435,50.46,50.435,50.455,52,SILZ5
2025-11-10 19:28:00+00:00,33,1,42029208,50.455,50.46,50.45,50.455,16,SILZ5
2025-11-10 19:29:00+00:00,33,1,42029208,50.455,50.465,50.445,50.45,32,SILZ5
2025-11-10 19:30:00+00:00,33,1,42029208,50.45,50.45,50.44,50.445,13,SILZ5
2025-11-10 19:31:00+00:00,33,1,42029208,50.445,50.45,50.405,50.415,32,SILZ5
2025-11-10 19:32:00+00:00,33,1,42029208,50.42,50.435,50.415,50.42,20,SILZ5
2025-11-10 19:33:00+00:00,33,1,42029208,50.43,50.43,50.42,50.42,16,SILZ5
2025-11-10 19:34:00+00:00,33,1,42029208,50.43,50.44,50.425,50.425,15,SILZ5
2025-11-10 19:35:00+00:00,33,1,42029208,50.415,50.43,50.41,50.43,28,SILZ5
2025-11-10 19:36:00+00:00,33,1,42029208,50.425,50.425,50.41,50.41,18,SILZ5
2025-11-10 19:37:00+00:00,33,1,42029208,50.41,50.425,50.41,50.415,25,SILZ5
2025-11-10 19:38:00+00:00,33,1,42029208,50.42,50.42,50.405,50.405,23,SILZ5
2025-11-10 19:39:00+00:00,33,1,42029208,50.415,50.425,50.415,50.425,8,SILZ5
2025-11-10 19:40:00+00:00,33,1,42029208,50.43,50.44,50.43,50.44,23,SILZ5
2025-11-10 19:41:00+00:00,33,1,42029208,50.445,50.45,50.44,50.445,29,SILZ5
2025-11-10 19:42:00+00:00,33,1,42029208,50.445,50.445,50.43,50.43,37,SILZ5
2025-11-10 19:43:00+00:00,33,1,42029208,50.425,50.43,50.415,50.425,17,SILZ5
2025-11-10 19:44:00+00:00,33,1,42029208,50.425,50.425,50.395,50.395,39,SILZ5
2025-11-10 19:45:00+00:00,33,1,42029208,50.395,50.395,50.375,50.385,33,SILZ5
2025-11-10 19:46:00+00:00,33,1,42029208,50.38,50.415,50.38,50.415,28,SILZ5
2025-11-10 19:47:00+00:00,33,1,42029208,50.415,50.425,50.415,50.415,15,SILZ5
2025-11-10 19:48:00+00:00,33,1,42029208,50.415,50.415,50.41,50.415,8,SILZ5
2025-11-10 19:49:00+00:00,33,1,42029208,50.415,50.415,50.41,50.41,7,SILZ5
2025-11-10 19:50:00+00:00,33,1,42029208,50.405,50.415,50.405,50.415,12,SILZ5
2025-11-10 19:51:00+00:00,33,1,42029208,50.415,50.435,50.415,50.425,22,SILZ5
2025-11-10 19:52:00+00:00,33,1,42029208,50.435,50.44,50.43,50.44,8,SILZ5
2025-11-10 19:53:00+00:00,33,1,42029208,50.435,50.455,50.435,50.45,37,SILZ5
2025-11-10 19:54:00+00:00,33,1,42029208,50.45,50.46,50.44,50.45,33,SILZ5
2025-11-10 19:55:00+00:00,33,1,42029208,50.445,50.46,50.445,50.455,20,SILZ5
2025-11-10 19:56:00+00:00,33,1,42029208,50.455,50.47,50.45,50.46,32,SILZ5
2025-11-10 19:57:00+00:00,33,1,42029208,50.46,50.46,50.45,50.455,7,SILZ5
2025-11-10 19:58:00+00:00,33,1,42029208,50.455,50.46,50.445,50.45,14,SILZ5
2025-11-10 19:59:00+00:00,33,1,42029208,50.45,50.45,50.445,50.45,19,SILZ5
2025-11-10 20:00:00+00:00,33,1,42029208,50.45,50.465,50.45,50.46,18,SILZ5
2025-11-10 20:01:00+00:00,33,1,42029208,50.46,50.465,50.455,50.455,16,SILZ5
2025-11-10 20:02:00+00:00,33,1,42029208,50.45,50.46,50.445,50.46,9,SILZ5
2025-11-10 20:03:00+00:00,33,1,42029208,50.455,50.46,50.455,50.46,6,SILZ5
2025-11-10 20:04:00+00:00,33,1,42029208,50.465,50.47,50.465,50.47,17,SILZ5
2025-11-10 20:05:00+00:00,33,1,42029208,50.46,50.465,50.45,50.45,18,SILZ5
2025-11-10 20:06:00+00:00,33,1,42029208,50.45,50.465,50.45,50.465,21,SILZ5
2025-11-10 20:07:00+00:00,33,1,42029208,50.465,50.465,50.465,50.465,3,SILZ5
2025-11-10 20:08:00+00:00,33,1,42029208,50.465,50.47,50.46,50.465,12,SILZ5
2025-11-10 20:09:00+00:00,33,1,42029208,50.47,50.475,50.465,50.465,15,SILZ5
2025-11-10 20:10:00+00:00,33,1,42029208,50.47,50.475,50.45,50.45,27,SILZ5
2025-11-10 20:11:00+00:00,33,1,42029208,50.455,50.46,50.44,50.44,23,SILZ5
2025-11-10 20:12:00+00:00,33,1,42029208,50.44,50.455,50.44,50.45,14,SILZ5
2025-11-10 20:13:00+00:00,33,1,42029208,50.45,50.45,50.445,50.45,7,SILZ5
2025-11-10 20:14:00+00:00,33,1,42029208,50.44,50.445,50.44,50.445,8,SILZ5
2025-11-10 20:15:00+00:00,33,1,42029208,50.435,50.435,50.385,50.385,60,SILZ5
2025-11-10 20:16:00+00:00,33,1,42029208,50.39,50.395,50.375,50.375,42,SILZ5
2025-11-10 20:17:00+00:00,33,1,42029208,50.37,50.38,50.34,50.345,76,SILZ5
2025-11-10 20:18:00+00:00,33,1,42029208,50.34,50.365,50.315,50.325,97,SILZ5
2025-11-10 20:19:00+00:00,33,1,42029208,50.33,50.34,50.315,50.335,33,SILZ5
2025-11-10 20:20:00+00:00,33,1,42029208,50.335,50.36,50.335,50.355,29,SILZ5
2025-11-10 20:21:00+00:00,33,1,42029208,50.35,50.35,50.315,50.33,27,SILZ5
2025-11-10 20:22:00+00:00,33,1,42029208,50.335,50.375,50.325,50.375,48,SILZ5
2025-11-10 20:23:00+00:00,33,1,42029208,50.38,50.385,50.355,50.37,34,SILZ5
2025-11-10 20:24:00+00:00,33,1,42029208,50.37,50.39,50.37,50.385,17,SILZ5
2025-11-10 20:25:00+00:00,33,1,42029208,50.39,50.395,50.385,50.395,11,SILZ5
2025-11-10 20:26:00+00:00,33,1,42029208,50.395,50.42,50.395,50.405,31,SILZ5
2025-11-10 20:27:00+00:00,33,1,42029208,50.405,50.415,50.4,50.41,16,SILZ5
2025-11-10 20:28:00+00:00,33,1,42029208,50.415,50.42,50.4,50.41,44,SILZ5
2025-11-10 20:29:00+00:00,33,1,42029208,50.4,50.41,50.395,50.395,17,SILZ5
2025-11-10 20:30:00+00:00,33,1,42029208,50.385,50.385,50.34,50.345,18,SILZ5
2025-11-10 20:31:00+00:00,33,1,42029208,50.345,50.35,50.335,50.345,19,SILZ5
2025-11-10 20:32:00+00:00,33,1,42029208,50.34,50.385,50.34,50.385,23,SILZ5
2025-11-10 20:33:00+00:00,33,1,42029208,50.39,50.39,50.37,50.39,18,SILZ5
2025-11-10 20:34:00+00:00,33,1,42029208,50.39,50.395,50.38,50.39,20,SILZ5
2025-11-10 20:35:00+00:00,33,1,42029208,50.375,50.385,50.375,50.385,4,SILZ5
2025-11-10 20:36:00+00:00,33,1,42029208,50.39,50.41,50.39,50.41,17,SILZ5
2025-11-10 20:37:00+00:00,33,1,42029208,50.405,50.415,50.395,50.41,16,SILZ5
2025-11-10 20:38:00+00:00,33,1,42029208,50.41,50.42,50.41,50.42,11,SILZ5
2025-11-10 20:39:00+00:00,33,1,42029208,50.41,50.41,50.395,50.4,17,SILZ5
2025-11-10 20:40:00+00:00,33,1,42029208,50.41,50.415,50.405,50.415,8,SILZ5
2025-11-10 20:41:00+00:00,33,1,42029208,50.42,50.435,50.415,50.415,39,SILZ5
2025-11-10 20:42:00+00:00,33,1,42029208,50.42,50.435,50.42,50.43,10,SILZ5
2025-11-10 20:43:00+00:00,33,1,42029208,50.435,50.435,50.43,50.43,8,SILZ5
2025-11-10 20:44:00+00:00,33,1,42029208,50.41,50.42,50.405,50.41,18,SILZ5
2025-11-10 20:45:00+00:00,33,1,42029208,50.4,50.405,50.385,50.405,24,SILZ5
2025-11-10 20:46:00+00:00,33,1,42029208,50.405,50.43,50.405,50.43,44,SILZ5
2025-11-10 20:47:00+00:00,33,1,42029208,50.425,50.44,50.42,50.43,14,SILZ5
2025-11-10 20:48:00+00:00,33,1,42029208,50.43,50.43,50.41,50.425,26,SILZ5
2025-11-10 20:49:00+00:00,33,1,42029208,50.425,50.425,50.4,50.405,12,SILZ5
2025-11-10 20:50:00+00:00,33,1,42029208,50.395,50.4,50.39,50.4,12,SILZ5
2025-11-10 20:51:00+00:00,33,1,42029208,50.4,50.415,50.395,50.415,21,SILZ5
2025-11-10 20:52:00+00:00,33,1,42029208,50.42,50.42,50.395,50.395,22,SILZ5
2025-11-10 20:53:00+00:00,33,1,42029208,50.405,50.42,50.4,50.405,29,SILZ5
2025-11-10 20:54:00+00:00,33,1,42029208,50.4,50.415,50.39,50.39,26,SILZ5
2025-11-10 20:55:00+00:00,33,1,42029208,50.39,50.39,50.355,50.365,50,SILZ5
2025-11-10 20:56:00+00:00,33,1,42029208,50.365,50.38,50.365,50.38,25,SILZ5
2025-11-10 20:57:00+00:00,33,1,42029208,50.375,50.39,50.375,50.385,18,SILZ5
2025-11-10 20:58:00+00:00,33,1,42029208,50.375,50.385,50.365,50.375,28,SILZ5
2025-11-10 20:59:00+00:00,33,1,42029208,50.38,50.385,50.37,50.37,27,SILZ5
2025-11-10 21:00:00+00:00,33,1,42029208,50.375,50.38,50.365,50.375,20,SILZ5
2025-11-10 21:01:00+00:00,33,1,42029208,50.365,50.375,50.36,50.365,18,SILZ5
2025-11-10 21:02:00+00:00,33,1,42029208,50.36,50.38,50.36,50.38,13,SILZ5
2025-11-10 21:03:00+00:00,33,1,42029208,50.38,50.39,50.375,50.39,8,SILZ5
2025-11-10 21:04:00+00:00,33,1,42029208,50.395,50.395,50.385,50.39,9,SILZ5
2025-11-10 21:05:00+00:00,33,1,42029208,50.39,50.395,50.38,50.38,6,SILZ5
2025-11-10 21:06:00+00:00,33,1,42029208,50.38,50.4,50.38,50.4,4,SILZ5
2025-11-10 21:07:00+00:00,33,1,42029208,50.4,50.4,50.39,50.395,7,SILZ5
2025-11-10 21:09:00+00:00,33,1,42029208,50.395,50.41,50.395,50.41,5,SILZ5
2025-11-10 21:10:00+00:00,33,1,42029208,50.41,50.415,50.41,50.415,9,SILZ5
2025-11-10 21:11:00+00:00,33,1,42029208,50.41,50.42,50.4,50.405,19,SILZ5
2025-11-10 21:12:00+00:00,33,1,42029208,50.405,50.41,50.405,50.41,4,SILZ5
2025-11-10 21:13:00+00:00,33,1,42029208,50.41,50.43,50.405,50.425,20,SILZ5
2025-11-10 21:14:00+00:00,33,1,42029208,50.43,50.435,50.43,50.43,6,SILZ5
2025-11-10 21:15:00+00:00,33,1,42029208,50.435,50.455,50.435,50.455,22,SILZ5
2025-11-10 21:16:00+00:00,33,1,42029208,50.46,50.465,50.455,50.46,9,SILZ5
2025-11-10 21:17:00+00:00,33,1,42029208,50.455,50.46,50.45,50.45,4,SILZ5
2025-11-10 21:18:00+00:00,33,1,42029208,50.46,50.46,50.45,50.45,18,SILZ5
2025-11-10 21:19:00+00:00,33,1,42029208,50.445,50.455,50.445,50.45,25,SILZ5
2025-11-10 21:20:00+00:00,33,1,42029208,50.45,50.46,50.45,50.46,5,SILZ5
2025-11-10 21:21:00+00:00,33,1,42029208,50.45,50.455,50.445,50.445,9,SILZ5
2025-11-10 21:22:00+00:00,33,1,42029208,50.45,50.46,50.45,50.46,8,SILZ5
2025-11-10 21:23:00+00:00,33,1,42029208,50.46,50.47,50.46,50.47,5,SILZ5
2025-11-10 21:24:00+00:00,33,1,42029208,50.465,50.465,50.46,50.465,4,SILZ5
2025-11-10 21:25:00+00:00,33,1,42029208,50.47,50.47,50.46,50.46,12,SILZ5
2025-11-10 21:26:00+00:00,33,1,42029208,50.455,50.455,50.44,50.45,10,SILZ5
2025-11-10 21:27:00+00:00,33,1,42029208,50.45,50.45,50.44,50.44,5,SILZ5
2025-11-10 21:28:00+00:00,33,1,42029208,50.445,50.445,50.445,50.445,4,SILZ5
2025-11-10 21:29:00+00:00,33,1,42029208,50.44,50.44,50.43,50.435,8,SILZ5
2025-11-10 21:30:00+00:00,33,1,42029208,50.435,50.435,50.415,50.425,13,SILZ5
2025-11-10 21:31:00+00:00,33,1,42029208,50.43,50.43,50.43,50.43,6,SILZ5
2025-11-10 21:32:00+00:00,33,1,42029208,50.43,50.44,50.43,50.44,2,SILZ5
2025-11-10 21:33:00+00:00,33,1,42029208,50.44,50.45,50.405,50.405,51,SILZ5
2025-11-10 21:34:00+00:00,33,1,42029208,50.415,50.42,50.415,50.415,3,SILZ5
2025-11-10 21:35:00+00:00,33,1,42029208,50.425,50.435,50.425,50.435,23,SILZ5
2025-11-10 21:36:00+00:00,33,1,42029208,50.435,50.445,50.435,50.44,24,SILZ5
2025-11-10 21:37:00+00:00,33,1,42029208,50.44,50.44,50.43,50.435,7,SILZ5
2025-11-10 21:38:00+00:00,33,1,42029208,50.425,50.425,50.42,50.425,8,SILZ5
2025-11-10 21:39:00+00:00,33,1,42029208,50.415,50.425,50.415,50.425,6,SILZ5
2025-11-10 21:40:00+00:00,33,1,42029208,50.425,50.425,50.42,50.425,10,SILZ5
2025-11-10 21:41:00+00:00,33,1,42029208,50.425,50.425,50.425,50.425,1,SILZ5
2025-11-10 21:42:00+00:00,33,1,42029208,50.43,50.435,50.43,50.43,9,SILZ5
2025-11-10 21:43:00+00:00,33,1,42029208,50.42,50.43,50.415,50.43,11,SILZ5
2025-11-10 21:44:00+00:00,33,1,42029208,50.42,50.43,50.42,50.42,14,SILZ5
2025-11-10 21:45:00+00:00,33,1,42029208,50.42,50.425,50.42,50.425,3,SILZ5
2025-11-10 21:46:00+00:00,33,1,42029208,50.43,50.44,50.43,50.44,9,SILZ5
2025-11-10 21:47:00+00:00,33,1,42029208,50.435,50.44,50.43,50.44,12,SILZ5
2025-11-10 21:48:00+00:00,33,1,42029208,50.445,50.445,50.44,50.44,7,SILZ5
2025-11-10 21:49:00+00:00,33,1,42029208,50.44,50.445,50.44,50.44,3,SILZ5
2025-11-10 21:50:00+00:00,33,1,42029208,50.445,50.445,50.4,50.415,33,SILZ5
2025-11-10 21:51:00+00:00,33,1,42029208,50.415,50.43,50.415,50.425,6,SILZ5
2025-11-10 21:52:00+00:00,33,1,42029208,50.425,50.43,50.425,50.425,4,SILZ5
2025-11-10 21:53:00+00:00,33,1,42029208,50.425,50.425,50.42,50.42,6,SILZ5
2025-11-10 21:54:00+00:00,33,1,42029208,50.42,50.425,50.415,50.425,5,SILZ5
2025-11-10 21:55:00+00:00,33,1,42029208,50.425,50.43,50.415,50.42,11,SILZ5
2025-11-10 21:56:00+00:00,33,1,42029208,50.425,50.425,50.425,50.425,3,SILZ5
2025-11-10 21:57:00+00:00,33,1,42029208,50.42,50.425,50.41,50.41,36,SILZ5
2025-11-10 21:58:00+00:00,33,1,42029208,50.415,50.415,50.41,50.41,4,SILZ5
2025-11-10 21:59:00+00:00,33,1,42029208,50.415,50.42,50.4,50.41,33,SILZ5
2025-11-10 23:00:00+00:00,33,1,42029208,50.405,50.475,50.36,50.46,57,SILZ5
2025-11-10 23:01:00+00:00,33,1,42029208,50.465,50.475,50.425,50.425,21,SILZ5
2025-11-10 23:02:00+00:00,33,1,42029208,50.45,50.46,50.435,50.445,10,SILZ5
2025-11-10 23:03:00+00:00,33,1,42029208,50.45,50.475,50.445,50.475,19,SILZ5
2025-11-10 23:04:00+00:00,33,1,42029208,50.465,50.475,50.455,50.465,21,SILZ5
2025-11-10 23:05:00+00:00,33,1,42029208,50.465,50.5,50.465,50.465,46,SILZ5
2025-11-10 23:06:00+00:00,33,1,42029208,50.465,50.48,50.46,50.465,24,SILZ5
2025-11-10 23:07:00+00:00,33,1,42029208,50.465,50.48,50.465,50.475,13,SILZ5
2025-11-10 23:08:00+00:00,33,1,42029208,50.48,50.495,50.47,50.475,25,SILZ5
2025-11-10 23:09:00+00:00,33,1,42029208,50.48,50.5,50.48,50.495,42,SILZ5
2025-11-10 23:10:00+00:00,33,1,42029208,50.5,50.545,50.485,50.5,97,SILZ5
2025-11-10 23:11:00+00:00,33,1,42029208,50.51,50.51,50.475,50.505,32,SILZ5
2025-11-10 23:12:00+00:00,33,1,42029208,50.51,50.51,50.48,50.48,18,SILZ5
2025-11-10 23:13:00+00:00,33,1,42029208,50.495,50.505,50.49,50.505,8,SILZ5
2025-11-10 23:14:00+00:00,33,1,42029208,50.5,50.5,50.48,50.48,28,SILZ5
2025-11-10 23:15:00+00:00,33,1,42029208,50.485,50.51,50.485,50.495,21,SILZ5
2025-11-10 23:16:00+00:00,33,1,42029208,50.5,50.5,50.485,50.49,16,SILZ5
2025-11-10 23:17:00+00:00,33,1,42029208,50.48,50.495,50.46,50.465,26,SILZ5
2025-11-10 23:18:00+00:00,33,1,42029208,50.47,50.47,50.41,50.42,63,SILZ5
2025-11-10 23:19:00+00:00,33,1,42029208,50.415,50.415,50.33,50.34,115,SILZ5
2025-11-10 23:20:00+00:00,33,1,42029208,50.325,50.43,50.325,50.415,86,SILZ5
2025-11-10 23:21:00+00:00,33,1,42029208,50.42,50.475,50.42,50.46,90,SILZ5
2025-11-10 23:22:00+00:00,33,1,42029208,50.465,50.49,50.46,50.46,29,SILZ5
2025-11-10 23:23:00+00:00,33,1,42029208,50.465,50.465,50.435,50.445,21,SILZ5
2025-11-10 23:24:00+00:00,33,1,42029208,50.44,50.455,50.435,50.445,21,SILZ5
2025-11-10 23:25:00+00:00,33,1,42029208,50.435,50.47,50.435,50.465,16,SILZ5
2025-11-10 23:26:00+00:00,33,1,42029208,50.455,50.47,50.455,50.455,5,SILZ5
2025-11-10 23:27:00+00:00,33,1,42029208,50.46,50.475,50.46,50.475,8,SILZ5
2025-11-10 23:28:00+00:00,33,1,42029208,50.465,50.465,50.45,50.45,8,SILZ5
2025-11-10 23:29:00+00:00,33,1,42029208,50.455,50.46,50.455,50.46,6,SILZ5
2025-11-10 23:30:00+00:00,33,1,42029208,50.46,50.46,50.435,50.46,13,SILZ5
2025-11-10 23:31:00+00:00,33,1,42029208,50.46,50.46,50.42,50.42,9,SILZ5
2025-11-10 23:32:00+00:00,33,1,42029208,50.425,50.44,50.425,50.435,6,SILZ5
2025-11-10 23:33:00+00:00,33,1,42029208,50.435,50.45,50.435,50.445,20,SILZ5
2025-11-10 23:34:00+00:00,33,1,42029208,50.445,50.46,50.445,50.45,15,SILZ5
2025-11-10 23:35:00+00:00,33,1,42029208,50.455,50.475,50.455,50.46,11,SILZ5
2025-11-10 23:36:00+00:00,33,1,42029208,50.45,50.46,50.45,50.46,7,SILZ5
2025-11-10 23:37:00+00:00,33,1,42029208,50.45,50.455,50.43,50.44,16,SILZ5
2025-11-10 23:38:00+00:00,33,1,42029208,50.45,50.45,50.44,50.445,9,SILZ5
2025-11-10 23:39:00+00:00,33,1,42029208,50.43,50.445,50.43,50.445,4,SILZ5
2025-11-10 23:40:00+00:00,33,1,42029208,50.455,50.46,50.445,50.46,14,SILZ5
2025-11-10 23:42:00+00:00,33,1,42029208,50.48,50.48,50.465,50.475,16,SILZ5
2025-11-10 23:43:00+00:00,33,1,42029208,50.475,50.475,50.465,50.47,5,SILZ5
2025-11-10 23:44:00+00:00,33,1,42029208,50.47,50.48,50.47,50.48,10,SILZ5
2025-11-10 23:45:00+00:00,33,1,42029208,50.48,50.49,50.48,50.48,5,SILZ5
2025-11-10 23:46:00+00:00,33,1,42029208,50.48,50.5,50.47,50.475,16,SILZ5
2025-11-10 23:47:00+00:00,33,1,42029208,50.465,50.475,50.45,50.46,25,SILZ5
2025-11-10 23:48:00+00:00,33,1,42029208,50.47,50.47,50.445,50.445,21,SILZ5
2025-11-10 23:49:00+00:00,33,1,42029208,50.435,50.445,50.425,50.445,23,SILZ5
2025-11-10 23:50:00+00:00,33,1,42029208,50.44,50.44,50.425,50.425,10,SILZ5
2025-11-10 23:51:00+00:00,33,1,42029208,50.43,50.43,50.385,50.415,47,SILZ5
2025-11-10 23:52:00+00:00,33,1,42029208,50.41,50.42,50.39,50.405,22,SILZ5
2025-11-10 23:53:00+00:00,33,1,42029208,50.4,50.415,50.4,50.415,6,SILZ5
2025-11-10 23:54:00+00:00,33,1,42029208,50.415,50.43,50.41,50.43,11,SILZ5
2025-11-10 23:55:00+00:00,33,1,42029208,50.43,50.435,50.415,50.415,10,SILZ5
2025-11-10 23:56:00+00:00,33,1,42029208,50.405,50.405,50.39,50.395,13,SILZ5
2025-11-10 23:57:00+00:00,33,1,42029208,50.4,50.405,50.4,50.4,4,SILZ5
2025-11-10 23:58:00+00:00,33,1,42029208,50.4,50.42,50.4,50.42,14,SILZ5
2025-11-10 23:59:00+00:00,33,1,42029208,50.425,50.44,50.415,50.415,12,SILZ5
2025-11-11 00:00:00+00:00,33,1,42029208,50.435,50.45,50.41,50.415,35,SILZ5
2025-11-11 00:01:00+00:00,33,1,42029208,50.41,50.42,50.4,50.415,16,SILZ5
2025-11-11 00:02:00+00:00,33,1,42029208,50.415,50.415,50.395,50.395,4,SILZ5
2025-11-11 00:03:00+00:00,33,1,42029208,50.385,50.425,50.385,50.425,13,SILZ5
2025-11-11 00:04:00+00:00,33,1,42029208,50.425,50.44,50.425,50.43,7,SILZ5
2025-11-11 00:05:00+00:00,33,1,42029208,50.42,50.43,50.42,50.43,7,SILZ5
2025-11-11 00:06:00+00:00,33,1,42029208,50.43,50.465,50.43,50.465,16,SILZ5
2025-11-11 00:07:00+00:00,33,1,42029208,50.455,50.46,50.44,50.44,12,SILZ5
2025-11-11 00:08:00+00:00,33,1,42029208,50.44,50.455,50.44,50.455,3,SILZ5
2025-11-11 00:09:00+00:00,33,1,42029208,50.46,50.49,50.46,50.47,18,SILZ5
2025-11-11 00:10:00+00:00,33,1,42029208,50.475,50.475,50.47,50.47,14,SILZ5
2025-11-11 00:11:00+00:00,33,1,42029208,50.46,50.48,50.455,50.465,22,SILZ5
2025-11-11 00:12:00+00:00,33,1,42029208,50.475,50.49,50.47,50.47,21,SILZ5
2025-11-11 00:13:00+00:00,33,1,42029208,50.465,50.47,50.465,50.47,10,SILZ5
2025-11-11 00:14:00+00:00,33,1,42029208,50.465,50.465,50.455,50.465,4,SILZ5
2025-11-11 00:15:00+00:00,33,1,42029208,50.455,50.475,50.455,50.475,7,SILZ5
2025-11-11 00:16:00+00:00,33,1,42029208,50.47,50.47,50.465,50.465,3,SILZ5
2025-11-11 00:17:00+00:00,33,1,42029208,50.465,50.465,50.45,50.465,16,SILZ5
2025-11-11 00:18:00+00:00,33,1,42029208,50.47,50.47,50.465,50.465,5,SILZ5
2025-11-11 00:19:00+00:00,33,1,42029208,50.47,50.47,50.46,50.46,2,SILZ5
2025-11-11 00:20:00+00:00,33,1,42029208,50.46,50.46,50.45,50.455,7,SILZ5
2025-11-11 00:21:00+00:00,33,1,42029208,50.465,50.47,50.465,50.47,2,SILZ5
2025-11-11 00:22:00+00:00,33,1,42029208,50.46,50.475,50.46,50.475,4,SILZ5
2025-11-11 00:23:00+00:00,33,1,42029208,50.48,50.495,50.48,50.49,20,SILZ5
2025-11-11 00:24:00+00:00,33,1,42029208,50.48,50.49,50.475,50.485,17,SILZ5
2025-11-11 00:25:00+00:00,33,1,42029208,50.485,50.49,50.475,50.49,7,SILZ5
2025-11-11 00:26:00+00:00,33,1,42029208,50.49,50.505,50.49,50.495,23,SILZ5
2025-11-11 00:27:00+00:00,33,1,42029208,50.495,50.52,50.49,50.515,20,SILZ5
2025-11-11 00:28:00+00:00,33,1,42029208,50.515,50.52,50.5,50.505,45,SILZ5
2025-11-11 00:29:00+00:00,33,1,42029208,50.505,50.54,50.505,50.53,28,SILZ5
2025-11-11 00:30:00+00:00,33,1,42029208,50.525,50.545,50.525,50.53,33,SILZ5
2025-11-11 00:31:00+00:00,33,1,42029208,50.525,50.525,50.505,50.52,27,SILZ5
2025-11-11 00:32:00+00:00,33,1,42029208,50.52,50.545,50.51,50.545,18,SILZ5
2025-11-11 00:33:00+00:00,33,1,42029208,50.545,50.55,50.515,50.53,47,SILZ5
2025-11-11 00:34:00+00:00,33,1,42029208,50.525,50.53,50.5,50.51,53,SILZ5
2025-11-11 00:35:00+00:00,33,1,42029208,50.51,50.515,50.5,50.5,17,SILZ5
2025-11-11 00:36:00+00:00,33,1,42029208,50.495,50.51,50.49,50.5,13,SILZ5
2025-11-11 00:37:00+00:00,33,1,42029208,50.5,50.545,50.5,50.54,19,SILZ5
2025-11-11 00:38:00+00:00,33,1,42029208,50.535,50.535,50.51,50.51,29,SILZ5
2025-11-11 00:39:00+00:00,33,1,42029208,50.51,50.515,50.51,50.51,8,SILZ5
2025-11-11 00:40:00+00:00,33,1,42029208,50.51,50.51,50.51,50.51,2,SILZ5
2025-11-11 00:41:00+00:00,33,1,42029208,50.5,50.505,50.49,50.505,17,SILZ5
2025-11-11 00:42:00+00:00,33,1,42029208,50.51,50.53,50.51,50.53,9,SILZ5
2025-11-11 00:43:00+00:00,33,1,42029208,50.525,50.525,50.51,50.525,15,SILZ5
2025-11-11 00:44:00+00:00,33,1,42029208,50.525,50.58,50.525,50.555,86,SILZ5
2025-11-11 00:45:00+00:00,33,1,42029208,50.55,50.58,50.545,50.565,43,SILZ5
2025-11-11 00:46:00+00:00,33,1,42029208,50.57,50.575,50.555,50.565,54,SILZ5
2025-11-11 00:47:00+00:00,33,1,42029208,50.565,50.575,50.55,50.57,49,SILZ5
2025-11-11 00:48:00+00:00,33,1,42029208,50.575,50.595,50.57,50.575,38,SILZ5
2025-11-11 00:49:00+00:00,33,1,42029208,50.575,50.595,50.575,50.575,34,SILZ5
2025-11-11 00:50:00+00:00,33,1,42029208,50.58,50.595,50.575,50.59,23,SILZ5
2025-11-11 00:51:00+00:00,33,1,42029208,50.585,50.595,50.585,50.595,24,SILZ5
2025-11-11 00:52:00+00:00,33,1,42029208,50.6,50.6,50.57,50.59,50,SILZ5
2025-11-11 00:53:00+00:00,33,1,42029208,50.59,50.61,50.59,50.605,44,SILZ5
2025-11-11 00:54:00+00:00,33,1,42029208,50.59,50.605,50.585,50.59,22,SILZ5
2025-11-11 00:55:00+00:00,33,1,42029208,50.595,50.635,50.59,50.625,67,SILZ5
2025-11-11 00:56:00+00:00,33,1,42029208,50.615,50.63,50.61,50.625,56,SILZ5
2025-11-11 00:57:00+00:00,33,1,42029208,50.625,50.635,50.59,50.59,47,SILZ5
2025-11-11 00:58:00+00:00,33,1,42029208,50.595,50.6,50.565,50.59,85,SILZ5
2025-11-11 00:59:00+00:00,33,1,42029208,50.595,50.62,50.55,50.61,87,SILZ5
2025-11-11 01:00:00+00:00,33,1,42029208,50.6,50.675,50.57,50.62,186,SILZ5
2025-11-11 01:01:00+00:00,33,1,42029208,50.62,50.675,50.57,50.665,94,SILZ5
2025-11-11 01:02:00+00:00,33,1,42029208,50.68,50.71,50.665,50.69,133,SILZ5
2025-11-11 01:03:00+00:00,33,1,42029208,50.685,50.72,50.665,50.68,80,SILZ5
2025-11-11 01:04:00+00:00,33,1,42029208,50.68,50.695,50.585,50.595,106,SILZ5
2025-11-11 01:05:00+00:00,33,1,42029208,50.605,50.67,50.605,50.645,72,SILZ5
2025-11-11 01:06:00+00:00,33,1,42029208,50.64,50.665,50.625,50.66,57,SILZ5
2025-11-11 01:07:00+00:00,33,1,42029208,50.66,50.66,50.52,50.52,91,SILZ5
2025-11-11 01:08:00+00:00,33,1,42029208,50.52,50.53,50.5,50.53,72,SILZ5
2025-11-11 01:09:00+00:00,33,1,42029208,50.525,50.555,50.505,50.515,65,SILZ5
2025-11-11 01:10:00+00:00,33,1,42029208,50.52,50.575,50.515,50.56,45,SILZ5
2025-11-11 01:11:00+00:00,33,1,42029208,50.56,50.575,50.545,50.56,37,SILZ5
2025-11-11 01:12:00+00:00,33,1,42029208,50.57,50.625,50.555,50.615,36,SILZ5
2025-11-11 01:13:00+00:00,33,1,42029208,50.61,50.61,50.57,50.595,46,SILZ5
2025-11-11 01:14:00+00:00,33,1,42029208,50.605,50.63,50.605,50.625,42,SILZ5
2025-11-11 01:15:00+00:00,33,1,42029208,50.625,50.7,50.61,50.69,80,SILZ5
2025-11-11 01:16:00+00:00,33,1,42029208,50.685,50.705,50.64,50.665,79,SILZ5
2025-11-11 01:17:00+00:00,33,1,42029208,50.66,50.665,50.645,50.655,20,SILZ5
2025-11-11 01:18:00+00:00,33,1,42029208,50.66,50.675,50.615,50.615,17,SILZ5
2025-11-11 01:19:00+00:00,33,1,42029208,50.615,50.615,50.595,50.605,32,SILZ5
2025-11-11 01:20:00+00:00,33,1,42029208,50.61,50.64,50.61,50.64,15,SILZ5
2025-11-11 01:21:00+00:00,33,1,42029208,50.635,50.64,50.625,50.625,26,SILZ5
2025-11-11 01:22:00+00:00,33,1,42029208,50.63,50.64,50.615,50.625,18,SILZ5
2025-11-11 01:23:00+00:00,33,1,42029208,50.61,50.62,50.595,50.595,21,SILZ5
2025-11-11 01:24:00+00:00,33,1,42029208,50.6,50.62,50.595,50.615,7,SILZ5
2025-11-11 01:25:00+00:00,33,1,42029208,50.615,50.65,50.615,50.625,27,SILZ5
2025-11-11 01:26:00+00:00,33,1,42029208,50.63,50.63,50.61,50.61,21,SILZ5
2025-11-11 01:27:00+00:00,33,1,42029208,50.61,50.62,50.61,50.615,18,SILZ5
2025-11-11 01:28:00+00:00,33,1,42029208,50.615,50.635,50.605,50.625,15,SILZ5
2025-11-11 01:29:00+00:00,33,1,42029208,50.63,50.645,50.625,50.63,14,SILZ5
2025-11-11 01:30:00+00:00,33,1,42029208,50.64,50.655,50.64,50.64,13,SILZ5
2025-11-11 01:31:00+00:00,33,1,42029208,50.64,50.67,50.63,50.67,23,SILZ5
2025-11-11 01:32:00+00:00,33,1,42029208,50.675,50.695,50.655,50.685,45,SILZ5
2025-11-11 01:33:00+00:00,33,1,42029208,50.685,50.685,50.65,50.665,28,SILZ5
2025-11-11 01:34:00+00:00,33,1,42029208,50.655,50.72,50.65,50.715,56,SILZ5
2025-11-11 01:35:00+00:00,33,1,42029208,50.715,50.715,50.665,50.665,26,SILZ5
2025-11-11 01:36:00+00:00,33,1,42029208,50.665,50.665,50.595,50.6,43,SILZ5
2025-11-11 01:37:00+00:00,33,1,42029208,50.59,50.62,50.565,50.62,44,SILZ5
2025-11-11 01:38:00+00:00,33,1,42029208,50.62,50.62,50.55,50.565,37,SILZ5
2025-11-11 01:39:00+00:00,33,1,42029208,50.57,50.625,50.57,50.615,36,SILZ5
2025-11-11 01:40:00+00:00,33,1,42029208,50.615,50.645,50.605,50.64,32,SILZ5
2025-11-11 01:41:00+00:00,33,1,42029208,50.64,50.64,50.595,50.61,25,SILZ5
2025-11-11 01:42:00+00:00,33,1,42029208,50.605,50.61,50.59,50.61,13,SILZ5
2025-11-11 01:43:00+00:00,33,1,42029208,50.6,50.62,50.57,50.575,41,SILZ5
2025-11-11 01:44:00+00:00,33,1,42029208,50.57,50.59,50.525,50.525,46,SILZ5
2025-11-11 01:45:00+00:00,33,1,42029208,50.54,50.545,50.51,50.515,26,SILZ5
2025-11-11 01:46:00+00:00,33,1,42029208,50.515,50.525,50.455,50.475,116,SILZ5
2025-11-11 01:47:00+00:00,33,1,42029208,50.47,50.49,50.46,50.485,32,SILZ5
2025-11-11 01:48:00+00:00,33,1,42029208,50.47,50.515,50.46,50.515,37,SILZ5
2025-11-11 01:49:00+00:00,33,1,42029208,50.51,50.55,50.5,50.535,42,SILZ5
2025-11-11 01:50:00+00:00,33,1,42029208,50.55,50.55,50.495,50.515,51,SILZ5
2025-11-11 01:51:00+00:00,33,1,42029208,50.515,50.53,50.5,50.51,17,SILZ5
2025-11-11 01:52:00+00:00,33,1,42029208,50.515,50.525,50.5,50.505,21,SILZ5
2025-11-11 01:53:00+00:00,33,1,42029208,50.5,50.525,50.5,50.52,20,SILZ5
2025-11-11 01:54:00+00:00,33,1,42029208,50.525,50.535,50.48,50.48,29,SILZ5
2025-11-11 01:55:00+00:00,33,1,42029208,50.48,50.485,50.465,50.485,43,SILZ5
2025-11-11 01:56:00+00:00,33,1,42029208,50.48,50.505,50.47,50.5,13,SILZ5
2025-11-11 01:57:00+00:00,33,1,42029208,50.515,50.545,50.51,50.545,36,SILZ5
2025-11-11 01:58:00+00:00,33,1,42029208,50.545,50.56,50.535,50.545,24,SILZ5
2025-11-11 01:59:00+00:00,33,1,42029208,50.545,50.545,50.525,50.535,20,SILZ5
2025-11-11 02:00:00+00:00,33,1,42029208,50.54,50.555,50.52,50.535,25,SILZ5
2025-11-11 02:01:00+00:00,33,1,42029208,50.535,50.54,50.485,50.485,28,SILZ5
2025-11-11 02:02:00+00:00,33,1,42029208,50.475,50.49,50.43,50.445,68,SILZ5
2025-11-11 02:03:00+00:00,33,1,42029208,50.45,50.475,50.45,50.475,36,SILZ5
2025-11-11 02:04:00+00:00,33,1,42029208,50.465,50.5,50.465,50.495,16,SILZ5
2025-11-11 02:05:00+00:00,33,1,42029208,50.47,50.48,50.45,50.475,31,SILZ5
2025-11-11 02:06:00+00:00,33,1,42029208,50.46,50.47,50.45,50.465,24,SILZ5
2025-11-11 02:07:00+00:00,33,1,42029208,50.475,50.49,50.475,50.49,5,SILZ5
2025-11-11 02:08:00+00:00,33,1,42029208,50.495,50.525,50.49,50.505,49,SILZ5
2025-11-11 02:09:00+00:00,33,1,42029208,50.5,50.5,50.47,50.49,15,SILZ5
2025-11-11 02:10:00+00:00,33,1,42029208,50.505,50.515,50.5,50.5,6,SILZ5
2025-11-11 02:11:00+00:00,33,1,42029208,50.495,50.505,50.48,50.48,13,SILZ5
2025-11-11 02:12:00+00:00,33,1,42029208,50.48,50.51,50.48,50.5,10,SILZ5
2025-11-11 02:13:00+00:00,33,1,42029208,50.5,50.51,50.495,50.51,6,SILZ5
2025-11-11 02:14:00+00:00,33,1,42029208,50.515,50.54,50.505,50.535,29,SILZ5
2025-11-11 02:15:00+00:00,33,1,42029208,50.53,50.535,50.52,50.53,22,SILZ5
2025-11-11 02:16:00+00:00,33,1,42029208,50.53,50.53,50.52,50.53,5,SILZ5
2025-11-11 02:17:00+00:00,33,1,42029208,50.53,50.55,50.52,50.525,19,SILZ5
2025-11-11 02:18:00+00:00,33,1,42029208,50.53,50.54,50.52,50.52,13,SILZ5
2025-11-11 02:19:00+00:00,33,1,42029208,50.525,50.535,50.52,50.535,12,SILZ5
2025-11-11 02:20:00+00:00,33,1,42029208,50.54,50.56,50.535,50.535,15,SILZ5
2025-11-11 02:21:00+00:00,33,1,42029208,50.55,50.56,50.54,50.545,12,SILZ5
2025-11-11 02:22:00+00:00,33,1,42029208,50.545,50.58,50.545,50.575,46,SILZ5
2025-11-11 02:23:00+00:00,33,1,42029208,50.58,50.6,50.575,50.575,48,SILZ5
2025-11-11 02:24:00+00:00,33,1,42029208,50.575,50.585,50.565,50.565,20,SILZ5
2025-11-11 02:25:00+00:00,33,1,42029208,50.56,50.56,50.515,50.52,37,SILZ5
2025-11-11 02:26:00+00:00,33,1,42029208,50.53,50.54,50.53,50.535,3,SILZ5
2025-11-11 02:27:00+00:00,33,1,42029208,50.53,50.54,50.53,50.535,4,SILZ5
2025-11-11 02:28:00+00:00,33,1,42029208,50.54,50.555,50.54,50.555,7,SILZ5
2025-11-11 02:29:00+00:00,33,1,42029208,50.535,50.535,50.52,50.53,7,SILZ5
2025-11-11 02:30:00+00:00,33,1,42029208,50.525,50.525,50.43,50.475,85,SILZ5
2025-11-11 02:31:00+00:00,33,1,42029208,50.465,50.465,50.405,50.425,57,SILZ5
2025-11-11 02:32:00+00:00,33,1,42029208,50.435,50.435,50.39,50.415,75,SILZ5
2025-11-11 02:33:00+00:00,33,1,42029208,50.4,50.445,50.39,50.425,48,SILZ5
2025-11-11 02:34:00+00:00,33,1,42029208,50.415,50.415,50.385,50.385,30,SILZ5
2025-11-11 02:35:00+00:00,33,1,42029208,50.385,50.405,50.37,50.395,26,SILZ5
2025-11-11 02:36:00+00:00,33,1,42029208,50.4,50.43,50.38,50.38,28,SILZ5
2025-11-11 02:37:00+00:00,33,1,42029208,50.385,50.43,50.385,50.43,26,SILZ5
2025-11-11 02:38:00+00:00,33,1,42029208,50.43,50.45,50.425,50.445,26,SILZ5
2025-11-11 02:39:00+00:00,33,1,42029208,50.45,50.475,50.44,50.47,18,SILZ5
2025-11-11 02:40:00+00:00,33,1,42029208,50.45,50.465,50.44,50.465,16,SILZ5
2025-11-11 02:41:00+00:00,33,1,42029208,50.46,50.48,50.455,50.48,20,SILZ5
2025-11-11 02:42:00+00:00,33,1,42029208,50.485,50.53,50.48,50.52,34,SILZ5
2025-11-11 02:43:00+00:00,33,1,42029208,50.52,50.53,50.51,50.51,18,SILZ5
2025-11-11 02:44:00+00:00,33,1,42029208,50.515,50.535,50.515,50.535,8,SILZ5
2025-11-11 02:45:00+00:00,33,1,42029208,50.535,50.565,50.535,50.56,79,SILZ5
2025-11-11 02:46:00+00:00,33,1,42029208,50.56,50.565,50.55,50.55,12,SILZ5
2025-11-11 02:47:00+00:00,33,1,42029208,50.545,50.55,50.54,50.55,17,SILZ5
2025-11-11 02:48:00+00:00,33,1,42029208,50.555,50.555,50.525,50.535,16,SILZ5
2025-11-11 02:49:00+00:00,33,1,42029208,50.54,50.54,50.505,50.52,13,SILZ5
2025-11-11 02:50:00+00:00,33,1,42029208,50.52,50.52,50.47,50.475,27,SILZ5
2025-11-11 02:51:00+00:00,33,1,42029208,50.475,50.495,50.47,50.485,18,SILZ5
2025-11-11 02:52:00+00:00,33,1,42029208,50.48,50.485,50.475,50.475,6,SILZ5
2025-11-11 02:53:00+00:00,33,1,42029208,50.465,50.47,50.465,50.47,2,SILZ5
2025-11-11 02:54:00+00:00,33,1,42029208,50.47,50.495,50.47,50.47,9,SILZ5
2025-11-11 02:55:00+00:00,33,1,42029208,50.47,50.47,50.47,50.47,2,SILZ5
2025-11-11 02:56:00+00:00,33,1,42029208,50.49,50.52,50.48,50.52,9,SILZ5
2025-11-11 02:57:00+00:00,33,1,42029208,50.525,50.55,50.525,50.55,21,SILZ5
2025-11-11 02:58:00+00:00,33,1,42029208,50.535,50.565,50.535,50.555,20,SILZ5
2025-11-11 02:59:00+00:00,33,1,42029208,50.55,50.55,50.51,50.51,17,SILZ5
2025-11-11 03:00:00+00:00,33,1,42029208,50.52,50.53,50.52,50.53,10,SILZ5
2025-11-11 03:01:00+00:00,33,1,42029208,50.535,50.56,50.535,50.56,24,SILZ5
2025-11-11 03:02:00+00:00,33,1,42029208,50.555,50.585,50.545,50.56,45,SILZ5
2025-11-11 03:03:00+00:00,33,1,42029208,50.56,50.56,50.545,50.555,10,SILZ5
2025-11-11 03:04:00+00:00,33,1,42029208,50.55,50.575,50.55,50.575,21,SILZ5
2025-11-11 03:05:00+00:00,33,1,42029208,50.575,50.61,50.57,50.605,34,SILZ5
2025-11-11 03:06:00+00:00,33,1,42029208,50.6,50.61,50.575,50.61,51,SILZ5
2025-11-11 03:07:00+00:00,33,1,42029208,50.61,50.62,50.59,50.59,21,SILZ5
2025-11-11 03:08:00+00:00,33,1,42029208,50.605,50.605,50.595,50.595,8,SILZ5
2025-11-11 03:09:00+00:00,33,1,42029208,50.6,50.615,50.6,50.605,24,SILZ5
2025-11-11 03:10:00+00:00,33,1,42029208,50.605,50.665,50.605,50.655,69,SILZ5
2025-11-11 03:11:00+00:00,33,1,42029208,50.645,50.67,50.64,50.66,45,SILZ5
2025-11-11 03:12:00+00:00,33,1,42029208,50.665,50.67,50.655,50.67,18,SILZ5
2025-11-11 03:13:00+00:00,33,1,42029208,50.665,50.675,50.65,50.655,37,SILZ5
2025-11-11 03:14:00+00:00,33,1,42029208,50.655,50.685,50.655,50.68,27,SILZ5
2025-11-11 03:15:00+00:00,33,1,42029208,50.69,50.69,50.665,50.665,13,SILZ5
2025-11-11 03:16:00+00:00,33,1,42029208,50.68,50.695,50.68,50.69,33,SILZ5
2025-11-11 03:17:00+00:00,33,1,42029208,50.685,50.69,50.66,50.675,18,SILZ5
2025-11-11 03:18:00+00:00,33,1,42029208,50.67,50.675,50.66,50.675,22,SILZ5
2025-11-11 03:19:00+00:00,33,1,42029208,50.675,50.69,50.66,50.69,19,SILZ5
2025-11-11 03:20:00+00:00,33,1,42029208,50.69,50.695,50.67,50.68,14,SILZ5
2025-11-11 03:21:00+00:00,33,1,42029208,50.665,50.685,50.665,50.675,27,SILZ5
2025-11-11 03:22:00+00:00,33,1,42029208,50.675,50.68,50.66,50.66,18,SILZ5
2025-11-11 03:23:00+00:00,33,1,42029208,50.665,50.675,50.665,50.675,6,SILZ5
2025-11-11 03:24:00+00:00,33,1,42029208,50.675,50.675,50.67,50.67,5,SILZ5
2025-11-11 03:25:00+00:00,33,1,42029208,50.67,50.675,50.66,50.66,13,SILZ5
2025-11-11 03:26:00+00:00,33,1,42029208,50.665,50.675,50.665,50.675,5,SILZ5
2025-11-11 03:27:00+00:00,33,1,42029208,50.675,50.72,50.675,50.72,94,SILZ5
2025-11-11 03:28:00+00:00,33,1,42029208,50.715,50.72,50.675,50.695,62,SILZ5
2025-11-11 03:29:00+00:00,33,1,42029208,50.69,50.69,50.675,50.685,14,SILZ5
2025-11-11 03:30:00+00:00,33,1,42029208,50.685,50.71,50.67,50.7,33,SILZ5
2025-11-11 03:31:00+00:00,33,1,42029208,50.705,50.765,50.705,50.745,93,SILZ5
2025-11-11 03:32:00+00:00,33,1,42029208,50.75,50.77,50.72,50.72,66,SILZ5
2025-11-11 03:33:00+00:00,33,1,42029208,50.725,50.75,50.725,50.735,11,SILZ5
2025-11-11 03:34:00+00:00,33,1,42029208,50.735,50.745,50.735,50.74,5,SILZ5
2025-11-11 03:35:00+00:00,33,1,42029208,50.75,50.75,50.735,50.745,21,SILZ5
2025-11-11 03:36:00+00:00,33,1,42029208,50.75,50.75,50.745,50.75,7,SILZ5
2025-11-11 03:37:00+00:00,33,1,42029208,50.745,50.775,50.745,50.77,32,SILZ5
2025-11-11 03:38:00+00:00,33,1,42029208,50.775,50.79,50.76,50.775,30,SILZ5
2025-11-11 03:39:00+00:00,33,1,42029208,50.775,50.775,50.755,50.755,42,SILZ5
2025-11-11 03:40:00+00:00,33,1,42029208,50.75,50.775,50.745,50.775,22,SILZ5
2025-11-11 03:41:00+00:00,33,1,42029208,50.78,50.78,50.77,50.77,18,SILZ5
2025-11-11 03:42:00+00:00,33,1,42029208,50.765,50.775,50.755,50.765,12,SILZ5
2025-11-11 03:43:00+00:00,33,1,42029208,50.755,50.755,50.72,50.74,34,SILZ5
2025-11-11 03:44:00+00:00,33,1,42029208,50.745,50.75,50.74,50.75,12,SILZ5
2025-11-11 03:45:00+00:00,33,1,42029208,50.75,50.825,50.75,50.81,75,SILZ5
2025-11-11 03:46:00+00:00,33,1,42029208,50.82,50.85,50.82,50.83,65,SILZ5
2025-11-11 03:47:00+00:00,33,1,42029208,50.82,50.85,50.82,50.845,24,SILZ5
2025-11-11 03:48:00+00:00,33,1,42029208,50.835,50.84,50.82,50.82,13,SILZ5
2025-11-11 03:49:00+00:00,33,1,42029208,50.82,50.83,50.805,50.81,35,SILZ5
2025-11-11 03:50:00+00:00,33,1,42029208,50.815,50.815,50.79,50.815,39,SILZ5
2025-11-11 03:51:00+00:00,33,1,42029208,50.815,50.815,50.8,50.8,11,SILZ5
2025-11-11 03:52:00+00:00,33,1,42029208,50.81,50.81,50.8,50.81,12,SILZ5
2025-11-11 03:53:00+00:00,33,1,42029208,50.805,50.825,50.8,50.825,18,SILZ5
2025-11-11 03:54:00+00:00,33,1,42029208,50.82,50.83,50.82,50.825,6,SILZ5
2025-11-11 03:55:00+00:00,33,1,42029208,50.82,50.845,50.82,50.84,31,SILZ5
2025-11-11 03:56:00+00:00,33,1,42029208,50.845,50.845,50.82,50.82,20,SILZ5
2025-11-11 03:57:00+00:00,33,1,42029208,50.82,50.85,50.815,50.845,22,SILZ5
2025-11-11 03:58:00+00:00,33,1,42029208,50.855,50.865,50.85,50.865,33,SILZ5
2025-11-11 03:59:00+00:00,33,1,42029208,50.86,50.87,50.86,50.87,13,SILZ5
2025-11-11 04:00:00+00:00,33,1,42029208,50.865,50.88,50.865,50.87,45,SILZ5
2025-11-11 04:01:00+00:00,33,1,42029208,50.865,50.865,50.855,50.855,26,SILZ5
2025-11-11 04:02:00+00:00,33,1,42029208,50.865,50.92,50.865,50.92,102,SILZ5
2025-11-11 04:03:00+00:00,33,1,42029208,50.92,51.025,50.92,51.01,178,SILZ5
2025-11-11 04:04:00+00:00,33,1,42029208,51.015,51.015,50.96,50.97,77,SILZ5
2025-11-11 04:05:00+00:00,33,1,42029208,50.97,50.97,50.925,50.96,49,SILZ5
2025-11-11 04:06:00+00:00,33,1,42029208,50.96,50.975,50.945,50.95,49,SILZ5
2025-11-11 04:07:00+00:00,33,1,42029208,50.955,50.965,50.875,50.88,130,SILZ5
2025-11-11 04:08:00+00:00,33,1,42029208,50.875,50.885,50.85,50.865,31,SILZ5
2025-11-11 04:09:00+00:00,33,1,42029208,50.88,50.905,50.86,50.875,51,SILZ5
2025-11-11 04:10:00+00:00,33,1,42029208,50.87,50.87,50.84,50.855,46,SILZ5
2025-11-11 04:11:00+00:00,33,1,42029208,50.86,50.87,50.85,50.86,17,SILZ5
2025-11-11 04:12:00+00:00,33,1,42029208,50.855,50.865,50.83,50.835,30,SILZ5
2025-11-11 04:13:00+00:00,33,1,42029208,50.83,50.845,50.82,50.845,35,SILZ5
2025-11-11 04:14:00+00:00,33,1,42029208,50.84,50.84,50.81,50.825,38,SILZ5
2025-11-11 04:15:00+00:00,33,1,42029208,50.83,50.84,50.83,50.83,20,SILZ5
2025-11-11 04:16:00+00:00,33,1,42029208,50.83,50.835,50.82,50.825,14,SILZ5
2025-11-11 04:17:00+00:00,33,1,42029208,50.82,50.82,50.81,50.81,19,SILZ5
2025-11-11 04:18:00+00:00,33,1,42029208,50.82,50.83,50.81,50.825,13,SILZ5
2025-11-11 04:19:00+00:00,33,1,42029208,50.83,50.855,50.825,50.855,29,SILZ5
2025-11-11 04:20:00+00:00,33,1,42029208,50.85,50.86,50.83,50.845,30,SILZ5
2025-11-11 04:21:00+00:00,33,1,42029208,50.83,50.84,50.83,50.835,12,SILZ5
2025-11-11 04:22:00+00:00,33,1,42029208,50.835,50.85,50.835,50.84,18,SILZ5
2025-11-11 04:23:00+00:00,33,1,42029208,50.835,50.835,50.825,50.835,14,SILZ5
2025-11-11 04:24:00+00:00,33,1,42029208,50.835,50.835,50.825,50.825,10,SILZ5
2025-11-11 04:25:00+00:00,33,1,42029208,50.825,50.825,50.805,50.805,25,SILZ5
2025-11-11 04:26:00+00:00,33,1,42029208,50.815,50.84,50.81,50.835,20,SILZ5
2025-11-11 04:27:00+00:00,33,1,42029208,50.83,50.835,50.825,50.825,5,SILZ5
2025-11-11 04:28:00+00:00,33,1,42029208,50.84,50.85,50.84,50.84,13,SILZ5
2025-11-11 04:29:00+00:00,33,1,42029208,50.84,50.855,50.84,50.845,20,SILZ5
2025-11-11 04:30:00+00:00,33,1,42029208,50.84,50.86,50.835,50.86,16,SILZ5
2025-11-11 04:31:00+00:00,33,1,42029208,50.87,50.87,50.845,50.85,9,SILZ5
2025-11-11 04:32:00+00:00,33,1,42029208,50.85,50.865,50.845,50.865,13,SILZ5
2025-11-11 04:33:00+00:00,33,1,42029208,50.865,50.88,50.865,50.87,12,SILZ5
2025-11-11 04:34:00+00:00,33,1,42029208,50.865,50.88,50.865,50.87,16,SILZ5
2025-11-11 04:35:00+00:00,33,1,42029208,50.875,50.88,50.87,50.88,13,SILZ5
2025-11-11 04:36:00+00:00,33,1,42029208,50.875,50.875,50.855,50.87,22,SILZ5
2025-11-11 04:37:00+00:00,33,1,42029208,50.87,50.87,50.85,50.86,10,SILZ5
2025-11-11 04:38:00+00:00,33,1,42029208,50.855,50.86,50.85,50.855,9,SILZ5
2025-11-11 04:39:00+00:00,33,1,42029208,50.855,50.865,50.855,50.855,3,SILZ5
2025-11-11 04:40:00+00:00,33,1,42029208,50.86,50.875,50.85,50.85,11,SILZ5
2025-11-11 04:41:00+00:00,33,1,42029208,50.845,50.855,50.845,50.85,9,SILZ5
2025-11-11 04:42:00+00:00,33,1,42029208,50.84,50.84,50.83,50.84,24,SILZ5
2025-11-11 04:43:00+00:00,33,1,42029208,50.845,50.855,50.835,50.835,18,SILZ5
2025-11-11 04:44:00+00:00,33,1,42029208,50.84,50.85,50.835,50.85,11,SILZ5
2025-11-11 04:45:00+00:00,33,1,42029208,50.845,50.865,50.845,50.865,7,SILZ5
2025-11-11 04:46:00+00:00,33,1,42029208,50.87,50.87,50.86,50.87,7,SILZ5
2025-11-11 04:47:00+00:00,33,1,42029208,50.875,50.9,50.875,50.885,53,SILZ5
2025-11-11 04:48:00+00:00,33,1,42029208,50.89,50.935,50.89,50.935,96,SILZ5
2025-11-11 04:49:00+00:00,33,1,42029208,50.93,50.93,50.92,50.93,23,SILZ5
2025-11-11 04:50:00+00:00,33,1,42029208,50.93,50.93,50.915,50.925,11,SILZ5
2025-11-11 04:51:00+00:00,33,1,42029208,50.925,50.935,50.925,50.935,15,SILZ5
2025-11-11 04:52:00+00:00,33,1,42029208,50.94,50.95,50.935,50.95,21,SILZ5
2025-11-11 04:53:00+00:00,33,1,42029208,50.95,50.965,50.92,50.925,44,SILZ5
2025-11-11 04:54:00+00:00,33,1,42029208,50.935,50.94,50.875,50.88,31,SILZ5
2025-11-11 04:55:00+00:00,33,1,42029208,50.88,50.88,50.82,50.825,29,SILZ5
2025-11-11 04:56:00+00:00,33,1,42029208,50.83,50.835,50.81,50.825,36,SILZ5
2025-11-11 04:57:00+00:00,33,1,42029208,50.835,50.85,50.835,50.845,14,SILZ5
2025-11-11 04:58:00+00:00,33,1,42029208,50.85,50.85,50.84,50.84,8,SILZ5
2025-11-11 04:59:00+00:00,33,1,42029208,50.85,50.85,50.835,50.835,8,SILZ5
2025-11-11 05:00:00+00:00,33,1,42029208,50.83,50.835,50.82,50.83,23,SILZ5
2025-11-11 05:01:00+00:00,33,1,42029208,50.83,50.835,50.83,50.835,7,SILZ5
2025-11-11 05:02:00+00:00,33,1,42029208,50.83,50.83,50.805,50.82,38,SILZ5
2025-11-11 05:03:00+00:00,33,1,42029208,50.825,50.855,50.82,50.855,19,SILZ5
2025-11-11 05:04:00+00:00,33,1,42029208,50.855,50.855,50.78,50.79,62,SILZ5
2025-11-11 05:05:00+00:00,33,1,42029208,50.785,50.83,50.775,50.83,59,SILZ5
2025-11-11 05:06:00+00:00,33,1,42029208,50.825,50.825,50.76,50.76,44,SILZ5
2025-11-11 05:07:00+00:00,33,1,42029208,50.765,50.78,50.71,50.715,59,SILZ5
2025-11-11 05:08:00+00:00,33,1,42029208,50.72,50.745,50.72,50.745,36,SILZ5
2025-11-11 05:09:00+00:00,33,1,42029208,50.75,50.8,50.74,50.785,42,SILZ5
2025-11-11 05:10:00+00:00,33,1,42029208,50.775,50.81,50.775,50.775,19,SILZ5
2025-11-11 05:11:00+00:00,33,1,42029208,50.78,50.83,50.775,50.83,25,SILZ5
2025-11-11 05:12:00+00:00,33,1,42029208,50.825,50.825,50.8,50.8,18,SILZ5
2025-11-11 05:13:00+00:00,33,1,42029208,50.805,50.82,50.805,50.815,8,SILZ5
2025-11-11 05:14:00+00:00,33,1,42029208,50.81,50.82,50.81,50.82,4,SILZ5
2025-11-11 05:15:00+00:00,33,1,42029208,50.825,50.835,50.81,50.82,45,SILZ5
2025-11-11 05:16:00+00:00,33,1,42029208,50.82,50.83,50.815,50.815,8,SILZ5
2025-11-11 05:17:00+00:00,33,1,42029208,50.82,50.835,50.81,50.82,15,SILZ5
2025-11-11 05:18:00+00:00,33,1,42029208,50.83,50.84,50.82,50.82,19,SILZ5
2025-11-11 05:19:00+00:00,33,1,42029208,50.82,50.825,50.81,50.825,8,SILZ5
2025-11-11 05:20:00+00:00,33,1,42029208,50.815,50.815,50.795,50.8,29,SILZ5
2025-11-11 05:21:00+00:00,33,1,42029208,50.79,50.795,50.775,50.78,26,SILZ5
2025-11-11 05:22:00+00:00,33,1,42029208,50.77,50.775,50.755,50.77,24,SILZ5
2025-11-11 05:23:00+00:00,33,1,42029208,50.77,50.785,50.74,50.74,16,SILZ5
2025-11-11 05:24:00+00:00,33,1,42029208,50.74,50.75,50.725,50.745,39,SILZ5
2025-11-11 05:25:00+00:00,33,1,42029208,50.74,50.74,50.725,50.74,21,SILZ5
2025-11-11 05:26:00+00:00,33,1,42029208,50.745,50.75,50.74,50.75,13,SILZ5
2025-11-11 05:27:00+00:00,33,1,42029208,50.74,50.74,50.72,50.725,22,SILZ5
2025-11-11 05:28:00+00:00,33,1,42029208,50.74,50.77,50.73,50.73,44,SILZ5
2025-11-11 05:29:00+00:00,33,1,42029208,50.74,50.74,50.73,50.73,14,SILZ5
2025-11-11 05:30:00+00:00,33,1,42029208,50.74,50.75,50.645,50.665,149,SILZ5
2025-11-11 05:31:00+00:00,33,1,42029208,50.665,50.73,50.665,50.665,60,SILZ5
2025-11-11 05:32:00+00:00,33,1,42029208,50.665,50.725,50.665,50.715,39,SILZ5
2025-11-11 05:33:00+00:00,33,1,42029208,50.705,50.705,50.65,50.655,60,SILZ5
2025-11-11 05:34:00+00:00,33,1,42029208,50.655,50.66,50.615,50.615,54,SILZ5
2025-11-11 05:35:00+00:00,33,1,42029208,50.615,50.615,50.535,50.56,161,SILZ5
2025-11-11 05:36:00+00:00,33,1,42029208,50.56,50.56,50.505,50.53,88,SILZ5
2025-11-11 05:37:00+00:00,33,1,42029208,50.535,50.545,50.5,50.52,89,SILZ5
2025-11-11 05:38:00+00:00,33,1,42029208,50.52,50.55,50.5,50.54,52,SILZ5
2025-11-11 05:39:00+00:00,33,1,42029208,50.53,50.56,50.52,50.545,39,SILZ5
2025-11-11 05:40:00+00:00,33,1,42029208,50.545,50.59,50.545,50.58,40,SILZ5
2025-11-11 05:41:00+00:00,33,1,42029208,50.575,50.59,50.56,50.57,37,SILZ5
2025-11-11 05:42:00+00:00,33,1,42029208,50.575,50.62,50.575,50.605,52,SILZ5
2025-11-11 05:43:00+00:00,33,1,42029208,50.595,50.63,50.59,50.62,35,SILZ5
2025-11-11 05:44:00+00:00,33,1,42029208,50.625,50.63,50.585,50.615,15,SILZ5
2025-11-11 05:45:00+00:00,33,1,42029208,50.615,50.635,50.6,50.635,28,SILZ5
2025-11-11 05:46:00+00:00,33,1,42029208,50.61,50.645,50.61,50.645,25,SILZ5
2025-11-11 05:47:00+00:00,33,1,42029208,50.655,50.67,50.64,50.665,31,SILZ5
2025-11-11 05:48:00+00:00,33,1,42029208,50.67,50.695,50.67,50.68,36,SILZ5
2025-11-11 05:49:00+00:00,33,1,42029208,50.685,50.69,50.65,50.675,21,SILZ5
2025-11-11 05:50:00+00:00,33,1,42029208,50.675,50.705,50.675,50.705,46,SILZ5
2025-11-11 05:51:00+00:00,33,1,42029208,50.7,50.7,50.67,50.67,19,SILZ5
2025-11-11 05:52:00+00:00,33,1,42029208,50.675,50.69,50.675,50.69,7,SILZ5
2025-11-11 05:53:00+00:00,33,1,42029208,50.68,50.685,50.66,50.685,25,SILZ5
2025-11-11 05:54:00+00:00,33,1,42029208,50.68,50.695,50.675,50.695,11,SILZ5
2025-11-11 05:55:00+00:00,33,1,42029208,50.695,50.71,50.69,50.705,15,SILZ5
2025-11-11 05:56:00+00:00,33,1,42029208,50.7,50.725,50.695,50.71,34,SILZ5
2025-11-11 05:57:00+00:00,33,1,42029208,50.705,50.705,50.665,50.675,17,SILZ5
2025-11-11 05:58:00+00:00,33,1,42029208,50.68,50.68,50.63,50.635,25,SILZ5
2025-11-11 05:59:00+00:00,33,1,42029208,50.635,50.66,50.63,50.635,29,SILZ5
2025-11-11 06:00:00+00:00,33,1,42029208,50.615,50.615,50.585,50.605,50,SILZ5
2025-11-11 06:01:00+00:00,33,1,42029208,50.61,50.61,50.56,50.57,29,SILZ5
2025-11-11 06:02:00+00:00,33,1,42029208,50.575,50.6,50.57,50.595,15,SILZ5
2025-11-11 06:03:00+00:00,33,1,42029208,50.595,50.595,50.56,50.565,9,SILZ5
2025-11-11 06:04:00+00:00,33,1,42029208,50.565,50.57,50.525,50.565,50,SILZ5
2025-11-11 06:05:00+00:00,33,1,42029208,50.565,50.605,50.565,50.605,29,SILZ5
2025-11-11 06:06:00+00:00,33,1,42029208,50.615,50.615,50.575,50.615,24,SILZ5
2025-11-11 06:07:00+00:00,33,1,42029208,50.595,50.64,50.595,50.62,55,SILZ5
2025-11-11 06:08:00+00:00,33,1,42029208,50.625,50.66,50.62,50.66,43,SILZ5
2025-11-11 06:09:00+00:00,33,1,42029208,50.66,50.695,50.66,50.695,54,SILZ5
2025-11-11 06:10:00+00:00,33,1,42029208,50.675,50.675,50.625,50.63,27,SILZ5
2025-11-11 06:11:00+00:00,33,1,42029208,50.635,50.685,50.62,50.67,53,SILZ5
2025-11-11 06:12:00+00:00,33,1,42029208,50.675,50.675,50.67,50.675,32,SILZ5
2025-11-11 06:13:00+00:00,33,1,42029208,50.68,50.7,50.66,50.67,40,SILZ5
2025-11-11 06:14:00+00:00,33,1,42029208,50.69,50.7,50.67,50.67,32,SILZ5
2025-11-11 06:15:00+00:00,33,1,42029208,50.675,50.68,50.675,50.68,10,SILZ5
2025-11-11 06:16:00+00:00,33,1,42029208,50.67,50.68,50.66,50.68,13,SILZ5
2025-11-11 06:17:00+00:00,33,1,42029208,50.67,50.67,50.645,50.67,31,SILZ5
2025-11-11 06:18:00+00:00,33,1,42029208,50.68,50.685,50.66,50.68,11,SILZ5
2025-11-11 06:19:00+00:00,33,1,42029208,50.68,50.685,50.675,50.685,5,SILZ5
2025-11-11 06:20:00+00:00,33,1,42029208,50.675,50.725,50.675,50.71,38,SILZ5
2025-11-11 06:21:00+00:00,33,1,42029208,50.7,50.72,50.7,50.715,14,SILZ5
2025-11-11 06:22:00+00:00,33,1,42029208,50.715,50.74,50.715,50.74,23,SILZ5
2025-11-11 06:23:00+00:00,33,1,42029208,50.745,50.755,50.73,50.755,34,SILZ5
2025-11-11 06:24:00+00:00,33,1,42029208,50.745,50.745,50.735,50.74,17,SILZ5
2025-11-11 06:25:00+00:00,33,1,42029208,50.74,50.74,50.73,50.735,14,SILZ5
2025-11-11 06:26:00+00:00,33,1,42029208,50.74,50.74,50.72,50.72,18,SILZ5
2025-11-11 06:27:00+00:00,33,1,42029208,50.715,50.725,50.715,50.72,7,SILZ5
2025-11-11 06:28:00+00:00,33,1,42029208,50.73,50.73,50.715,50.72,8,SILZ5
2025-11-11 06:29:00+00:00,33,1,42029208,50.73,50.73,50.715,50.73,12,SILZ5
2025-11-11 06:30:00+00:00,33,1,42029208,50.725,50.73,50.7,50.7,11,SILZ5
2025-11-11 06:31:00+00:00,33,1,42029208,50.7,50.7,50.65,50.65,21,SILZ5
2025-11-11 06:32:00+00:00,33,1,42029208,50.655,50.685,50.65,50.685,19,SILZ5
2025-11-11 06:33:00+00:00,33,1,42029208,50.675,50.675,50.655,50.66,17,SILZ5
2025-11-11 06:34:00+00:00,33,1,42029208,50.65,50.65,50.61,50.615,38,SILZ5
2025-11-11 06:35:00+00:00,33,1,42029208,50.605,50.635,50.605,50.63,11,SILZ5
2025-11-11 06:36:00+00:00,33,1,42029208,50.63,50.65,50.625,50.63,36,SILZ5
2025-11-11 06:37:00+00:00,33,1,42029208,50.635,50.635,50.625,50.63,10,SILZ5
2025-11-11 06:38:00+00:00,33,1,42029208,50.635,50.635,50.61,50.625,21,SILZ5
2025-11-11 06:39:00+00:00,33,1,42029208,50.62,50.665,50.62,50.66,18,SILZ5
2025-11-11 06:40:00+00:00,33,1,42029208,50.655,50.675,50.655,50.675,4,SILZ5
2025-11-11 06:41:00+00:00,33,1,42029208,50.675,50.695,50.635,50.635,43,SILZ5
2025-11-11 06:42:00+00:00,33,1,42029208,50.63,50.63,50.59,50.6,37,SILZ5
2025-11-11 06:43:00+00:00,33,1,42029208,50.6,50.61,50.58,50.58,21,SILZ5
2025-11-11 06:44:00+00:00,33,1,42029208,50.585,50.585,50.555,50.56,40,SILZ5
2025-11-11 06:45:00+00:00,33,1,42029208,50.57,50.575,50.545,50.55,28,SILZ5
2025-11-11 06:46:00+00:00,33,1,42029208,50.545,50.6,50.545,50.6,23,SILZ5
2025-11-11 06:47:00+00:00,33,1,42029208,50.59,50.595,50.565,50.595,26,SILZ5
2025-11-11 06:48:00+00:00,33,1,42029208,50.57,50.58,50.57,50.58,7,SILZ5
2025-11-11 06:49:00+00:00,33,1,42029208,50.59,50.59,50.52,50.54,29,SILZ5
2025-11-11 06:50:00+00:00,33,1,42029208,50.53,50.57,50.525,50.57,25,SILZ5
2025-11-11 06:51:00+00:00,33,1,42029208,50.56,50.585,50.55,50.575,31,SILZ5
2025-11-11 06:52:00+00:00,33,1,42029208,50.57,50.595,50.565,50.59,24,SILZ5
2025-11-11 06:53:00+00:00,33,1,42029208,50.58,50.585,50.565,50.585,12,SILZ5
2025-11-11 06:54:00+00:00,33,1,42029208,50.57,50.59,50.57,50.585,23,SILZ5
2025-11-11 06:55:00+00:00,33,1,42029208,50.575,50.58,50.57,50.57,16,SILZ5
2025-11-11 06:56:00+00:00,33,1,42029208,50.57,50.58,50.565,50.57,24,SILZ5
2025-11-11 06:57:00+00:00,33,1,42029208,50.58,50.6,50.58,50.6,12,SILZ5
2025-11-11 06:58:00+00:00,33,1,42029208,50.59,50.59,50.55,50.55,17,SILZ5
2025-11-11 06:59:00+00:00,33,1,42029208,50.56,50.565,50.53,50.53,27,SILZ5
2025-11-11 07:00:00+00:00,33,1,42029208,50.545,50.565,50.515,50.56,34,SILZ5
2025-11-11 07:01:00+00:00,33,1,42029208,50.565,50.57,50.54,50.545,44,SILZ5
2025-11-11 07:02:00+00:00,33,1,42029208,50.54,50.545,50.515,50.53,22,SILZ5
2025-11-11 07:03:00+00:00,33,1,42029208,50.515,50.515,50.465,50.5,76,SILZ5
2025-11-11 07:04:00+00:00,33,1,42029208,50.515,50.52,50.435,50.435,62,SILZ5
2025-11-11 07:05:00+00:00,33,1,42029208,50.445,50.46,50.425,50.425,62,SILZ5
2025-11-11 07:06:00+00:00,33,1,42029208,50.445,50.5,50.425,50.485,84,SILZ5
2025-11-11 07:07:00+00:00,33,1,42029208,50.485,50.51,50.475,50.505,34,SILZ5
2025-11-11 07:08:00+00:00,33,1,42029208,50.51,50.51,50.495,50.505,19,SILZ5
2025-11-11 07:09:00+00:00,33,1,42029208,50.5,50.51,50.485,50.5,21,SILZ5
2025-11-11 07:10:00+00:00,33,1,42029208,50.5,50.5,50.485,50.495,7,SILZ5
2025-11-11 07:11:00+00:00,33,1,42029208,50.5,50.54,50.5,50.535,29,SILZ5
2025-11-11 07:12:00+00:00,33,1,42029208,50.54,50.56,50.54,50.555,22,SILZ5
2025-11-11 07:13:00+00:00,33,1,42029208,50.555,50.57,50.555,50.56,14,SILZ5
2025-11-11 07:14:00+00:00,33,1,42029208,50.57,50.58,50.565,50.57,25,SILZ5
2025-11-11 07:15:00+00:00,33,1,42029208,50.57,50.57,50.535,50.535,29,SILZ5
2025-11-11 07:16:00+00:00,33,1,42029208,50.525,50.555,50.525,50.55,10,SILZ5
2025-11-11 07:17:00+00:00,33,1,42029208,50.54,50.54,50.525,50.525,4,SILZ5
2025-11-11 07:18:00+00:00,33,1,42029208,50.535,50.55,50.535,50.545,6,SILZ5
2025-11-11 07:19:00+00:00,33,1,42029208,50.545,50.545,50.535,50.54,10,SILZ5
2025-11-11 07:20:00+00:00,33,1,42029208,50.54,50.55,50.53,50.55,14,SILZ5
2025-11-11 07:21:00+00:00,33,1,42029208,50.55,50.56,50.545,50.56,8,SILZ5
2025-11-11 07:22:00+00:00,33,1,42029208,50.565,50.565,50.515,50.52,35,SILZ5
2025-11-11 07:23:00+00:00,33,1,42029208,50.525,50.525,50.495,50.495,21,SILZ5
2025-11-11 07:24:00+00:00,33,1,42029208,50.495,50.515,50.47,50.48,51,SILZ5
2025-11-11 07:25:00+00:00,33,1,42029208,50.48,50.52,50.48,50.52,24,SILZ5
2025-11-11 07:26:00+00:00,33,1,42029208,50.52,50.525,50.515,50.52,20,SILZ5
2025-11-11 07:27:00+00:00,33,1,42029208,50.525,50.545,50.525,50.54,10,SILZ5
2025-11-11 07:28:00+00:00,33,1,42029208,50.53,50.54,50.525,50.525,6,SILZ5
2025-11-11 07:29:00+00:00,33,1,42029208,50.505,50.51,50.5,50.505,7,SILZ5
2025-11-11 07:30:00+00:00,33,1,42029208,50.52,50.53,50.505,50.53,6,SILZ5
2025-11-11 07:31:00+00:00,33,1,42029208,50.52,50.525,50.515,50.52,13,SILZ5
2025-11-11 07:32:00+00:00,33,1,42029208,50.515,50.52,50.51,50.52,12,SILZ5
2025-11-11 07:33:00+00:00,33,1,42029208,50.505,50.51,50.505,50.51,6,SILZ5
2025-11-11 07:34:00+00:00,33,1,42029208,50.5,50.5,50.47,50.485,21,SILZ5
2025-11-11 07:35:00+00:00,33,1,42029208,50.49,50.49,50.475,50.48,8,SILZ5
2025-11-11 07:36:00+00:00,33,1,42029208,50.49,50.5,50.49,50.495,12,SILZ5
2025-11-11 07:37:00+00:00,33,1,42029208,50.49,50.49,50.44,50.44,28,SILZ5
2025-11-11 07:38:00+00:00,33,1,42029208,50.45,50.46,50.445,50.45,13,SILZ5
2025-11-11 07:39:00+00:00,33,1,42029208,50.455,50.455,50.445,50.455,14,SILZ5
2025-11-11 07:40:00+00:00,33,1,42029208,50.445,50.48,50.435,50.48,13,SILZ5
2025-11-11 07:41:00+00:00,33,1,42029208,50.48,50.48,50.44,50.44,10,SILZ5
2025-11-11 07:42:00+00:00,33,1,42029208,50.455,50.46,50.455,50.46,2,SILZ5
2025-11-11 07:43:00+00:00,33,1,42029208,50.455,50.49,50.455,50.49,23,SILZ5
2025-11-11 07:44:00+00:00,33,1,42029208,50.485,50.525,50.485,50.515,20,SILZ5
2025-11-11 07:45:00+00:00,33,1,42029208,50.525,50.545,50.525,50.525,10,SILZ5
2025-11-11 07:46:00+00:00,33,1,42029208,50.53,50.55,50.53,50.53,14,SILZ5
2025-11-11 07:47:00+00:00,33,1,42029208,50.535,50.535,50.51,50.52,13,SILZ5
2025-11-11 07:48:00+00:00,33,1,42029208,50.52,50.52,50.505,50.505,9,SILZ5
2025-11-11 07:49:00+00:00,33,1,42029208,50.5,50.5,50.48,50.48,6,SILZ5
2025-11-11 07:50:00+00:00,33,1,42029208,50.47,50.47,50.44,50.44,10,SILZ5
2025-11-11 07:51:00+00:00,33,1,42029208,50.435,50.435,50.35,50.35,122,SILZ5
2025-11-11 07:52:00+00:00,33,1,42029208,50.355,50.41,50.355,50.395,68,SILZ5
2025-11-11 07:53:00+00:00,33,1,42029208,50.395,50.495,50.385,50.495,47,SILZ5
2025-11-11 07:54:00+00:00,33,1,42029208,50.5,50.525,50.495,50.495,21,SILZ5
2025-11-11 07:55:00+00:00,33,1,42029208,50.5,50.555,50.5,50.55,42,SILZ5
2025-11-11 07:56:00+00:00,33,1,42029208,50.55,50.57,50.545,50.545,31,SILZ5
2025-11-11 07:57:00+00:00,33,1,42029208,50.545,50.555,50.53,50.535,30,SILZ5
2025-11-11 07:58:00+00:00,33,1,42029208,50.535,50.535,50.515,50.52,11,SILZ5
2025-11-11 07:59:00+00:00,33,1,42029208,50.515,50.525,50.485,50.485,22,SILZ5
2025-11-11 08:00:00+00:00,33,1,42029208,50.48,50.53,50.48,50.525,37,SILZ5
2025-11-11 08:01:00+00:00,33,1,42029208,50.515,50.535,50.505,50.535,9,SILZ5
2025-11-11 08:02:00+00:00,33,1,42029208,50.55,50.6,50.55,50.6,36,SILZ5
2025-11-11 08:03:00+00:00,33,1,42029208,50.605,50.61,50.585,50.59,32,SILZ5
2025-11-11 08:04:00+00:00,33,1,42029208,50.59,50.64,50.59,50.64,35,SILZ5
2025-11-11 08:05:00+00:00,33,1,42029208,50.64,50.65,50.63,50.65,26,SILZ5
2025-11-11 08:06:00+00:00,33,1,42029208,50.65,50.66,50.645,50.65,23,SILZ5
2025-11-11 08:07:00+00:00,33,1,42029208,50.65,50.66,50.635,50.635,17,SILZ5
2025-11-11 08:08:00+00:00,33,1,42029208,50.63,50.65,50.63,50.645,21,SILZ5
2025-11-11 08:09:00+00:00,33,1,42029208,50.645,50.655,50.615,50.62,48,SILZ5
2025-11-11 08:10:00+00:00,33,1,42029208,50.635,50.66,50.63,50.655,24,SILZ5
2025-11-11 08:11:00+00:00,33,1,42029208,50.655,50.7,50.655,50.695,35,SILZ5
2025-11-11 08:12:00+00:00,33,1,42029208,50.695,50.695,50.645,50.66,33,SILZ5
2025-11-11 08:13:00+00:00,33,1,42029208,50.665,50.665,50.645,50.655,7,SILZ5
2025-11-11 08:14:00+00:00,33,1,42029208,50.66,50.665,50.66,50.66,8,SILZ5
2025-11-11 08:15:00+00:00,33,1,42029208,50.67,50.675,50.66,50.675,12,SILZ5
2025-11-11 08:16:00+00:00,33,1,42029208,50.675,50.685,50.66,50.67,16,SILZ5
2025-11-11 08:17:00+00:00,33,1,42029208,50.665,50.7,50.665,50.685,29,SILZ5
2025-11-11 08:18:00+00:00,33,1,42029208,50.675,50.68,50.64,50.65,30,SILZ5
2025-11-11 08:19:00+00:00,33,1,42029208,50.65,50.665,50.65,50.65,8,SILZ5
2025-11-11 08:20:00+00:00,33,1,42029208,50.65,50.655,50.645,50.655,7,SILZ5
2025-11-11 08:21:00+00:00,33,1,42029208,50.63,50.64,50.6,50.61,20,SILZ5
2025-11-11 08:22:00+00:00,33,1,42029208,50.605,50.605,50.59,50.59,29,SILZ5
2025-11-11 08:23:00+00:00,33,1,42029208,50.59,50.605,50.585,50.585,23,SILZ5
2025-11-11 08:24:00+00:00,33,1,42029208,50.605,50.635,50.605,50.615,28,SILZ5
2025-11-11 08:25:00+00:00,33,1,42029208,50.615,50.645,50.6,50.63,20,SILZ5
2025-11-11 08:26:00+00:00,33,1,42029208,50.625,50.64,50.625,50.63,6,SILZ5
2025-11-11 08:27:00+00:00,33,1,42029208,50.62,50.62,50.61,50.615,12,SILZ5
2025-11-11 08:28:00+00:00,33,1,42029208,50.615,50.615,50.595,50.6,33,SILZ5
2025-11-11 08:29:00+00:00,33,1,42029208,50.6,50.615,50.6,50.605,19,SILZ5
2025-11-11 08:30:00+00:00,33,1,42029208,50.59,50.63,50.57,50.62,24,SILZ5
2025-11-11 08:31:00+00:00,33,1,42029208,50.615,50.625,50.615,50.615,8,SILZ5
2025-11-11 08:32:00+00:00,33,1,42029208,50.62,50.62,50.59,50.59,18,SILZ5
2025-11-11 08:33:00+00:00,33,1,42029208,50.585,50.6,50.56,50.56,32,SILZ5
2025-11-11 08:34:00+00:00,33,1,42029208,50.57,50.58,50.565,50.57,17,SILZ5
2025-11-11 08:35:00+00:00,33,1,42029208,50.57,50.575,50.545,50.555,43,SILZ5
2025-11-11 08:36:00+00:00,33,1,42029208,50.55,50.57,50.55,50.555,14,SILZ5
2025-11-11 08:37:00+00:00,33,1,42029208,50.555,50.565,50.535,50.535,32,SILZ5
2025-11-11 08:38:00+00:00,33,1,42029208,50.525,50.54,50.52,50.54,19,SILZ5
2025-11-11 08:39:00+00:00,33,1,42029208,50.55,50.595,50.55,50.58,20,SILZ5
2025-11-11 08:40:00+00:00,33,1,42029208,50.58,50.605,50.58,50.605,14,SILZ5
2025-11-11 08:41:00+00:00,33,1,42029208,50.6,50.6,50.58,50.585,11,SILZ5
2025-11-11 08:42:00+00:00,33,1,42029208,50.585,50.585,50.53,50.535,28,SILZ5
2025-11-11 08:43:00+00:00,33,1,42029208,50.535,50.555,50.525,50.53,30,SILZ5
2025-11-11 08:44:00+00:00,33,1,42029208,50.545,50.545,50.525,50.525,4,SILZ5
2025-11-11 08:45:00+00:00,33,1,42029208,50.535,50.535,50.53,50.53,9,SILZ5
2025-11-11 08:46:00+00:00,33,1,42029208,50.52,50.535,50.51,50.53,29,SILZ5
2025-11-11 08:47:00+00:00,33,1,42029208,50.55,50.55,50.535,50.545,15,SILZ5
2025-11-11 08:48:00+00:00,33,1,42029208,50.55,50.55,50.545,50.545,4,SILZ5
2025-11-11 08:49:00+00:00,33,1,42029208,50.55,50.59,50.545,50.59,14,SILZ5
2025-11-11 08:50:00+00:00,33,1,42029208,50.6,50.61,50.6,50.61,2,SILZ5
2025-11-11 08:51:00+00:00,33,1,42029208,50.62,50.63,50.59,50.59,39,SILZ5
2025-11-11 08:52:00+00:00,33,1,42029208,50.585,50.585,50.555,50.56,10,SILZ5
2025-11-11 08:53:00+00:00,33,1,42029208,50.56,50.57,50.56,50.57,3,SILZ5
2025-11-11 08:54:00+00:00,33,1,42029208,50.585,50.585,50.585,50.585,2,SILZ5
2025-11-11 08:55:00+00:00,33,1,42029208,50.575,50.575,50.56,50.575,8,SILZ5
2025-11-11 08:56:00+00:00,33,1,42029208,50.565,50.575,50.56,50.565,6,SILZ5
2025-11-11 08:57:00+00:00,33,1,42029208,50.56,50.565,50.555,50.565,23,SILZ5
2025-11-11 08:58:00+00:00,33,1,42029208,50.56,50.57,50.55,50.555,16,SILZ5
2025-11-11 08:59:00+00:00,33,1,42029208,50.565,50.565,50.555,50.555,17,SILZ5
2025-11-11 09:00:00+00:00,33,1,42029208,50.555,50.565,50.535,50.535,25,SILZ5
2025-11-11 09:01:00+00:00,33,1,42029208,50.54,50.57,50.535,50.57,9,SILZ5
2025-11-11 09:02:00+00:00,33,1,42029208,50.585,50.625,50.585,50.625,13,SILZ5
2025-11-11 09:03:00+00:00,33,1,42029208,50.62,50.66,50.62,50.66,24,SILZ5
2025-11-11 09:04:00+00:00,33,1,42029208,50.655,50.69,50.655,50.685,34,SILZ5
2025-11-11 09:05:00+00:00,33,1,42029208,50.685,50.69,50.685,50.69,10,SILZ5
2025-11-11 09:06:00+00:00,33,1,42029208,50.69,50.715,50.69,50.705,42,SILZ5
2025-11-11 09:07:00+00:00,33,1,42029208,50.7,50.7,50.65,50.66,36,SILZ5
2025-11-11 09:08:00+00:00,33,1,42029208,50.665,50.665,50.655,50.665,3,SILZ5
2025-11-11 09:09:00+00:00,33,1,42029208,50.67,50.72,50.67,50.715,28,SILZ5
2025-11-11 09:10:00+00:00,33,1,42029208,50.705,50.725,50.7,50.725,42,SILZ5
2025-11-11 09:11:00+00:00,33,1,42029208,50.73,50.73,50.715,50.72,9,SILZ5
2025-11-11 09:12:00+00:00,33,1,42029208,50.705,50.705,50.695,50.695,10,SILZ5
2025-11-11 09:13:00+00:00,33,1,42029208,50.695,50.705,50.685,50.69,13,SILZ5
2025-11-11 09:14:00+00:00,33,1,42029208,50.695,50.71,50.695,50.71,11,SILZ5
2025-11-11 09:15:00+00:00,33,1,42029208,50.715,50.73,50.705,50.705,7,SILZ5
2025-11-11 09:16:00+00:00,33,1,42029208,50.705,50.715,50.7,50.715,15,SILZ5
2025-11-11 09:17:00+00:00,33,1,42029208,50.705,50.73,50.7,50.73,7,SILZ5
2025-11-11 09:18:00+00:00,33,1,42029208,50.73,50.735,50.705,50.71,31,SILZ5
2025-11-11 09:19:00+00:00,33,1,42029208,50.7,50.71,50.7,50.705,6,SILZ5
2025-11-11 09:20:00+00:00,33,1,42029208,50.7,50.705,50.69,50.695,19,SILZ5
2025-11-11 09:21:00+00:00,33,1,42029208,50.7,50.735,50.695,50.725,25,SILZ5
2025-11-11 09:22:00+00:00,33,1,42029208,50.72,50.73,50.715,50.73,8,SILZ5
2025-11-11 09:23:00+00:00,33,1,42029208,50.73,50.73,50.715,50.715,5,SILZ5
2025-11-11 09:24:00+00:00,33,1,42029208,50.71,50.71,50.7,50.705,5,SILZ5
2025-11-11 09:25:00+00:00,33,1,42029208,50.695,50.72,50.695,50.72,15,SILZ5
2025-11-11 09:26:00+00:00,33,1,42029208,50.725,50.73,50.725,50.73,2,SILZ5
2025-11-11 09:27:00+00:00,33,1,42029208,50.73,50.745,50.73,50.73,17,SILZ5
2025-11-11 09:28:00+00:00,33,1,42029208,50.725,50.725,50.715,50.725,10,SILZ5
2025-11-11 09:29:00+00:00,33,1,42029208,50.74,50.74,50.725,50.735,10,SILZ5
2025-11-11 09:30:00+00:00,33,1,42029208,50.74,50.78,50.74,50.745,79,SILZ5
2025-11-11 09:31:00+00:00,33,1,42029208,50.75,50.75,50.75,50.75,3,SILZ5
2025-11-11 09:32:00+00:00,33,1,42029208,50.77,50.77,50.765,50.77,14,SILZ5
2025-11-11 09:33:00+00:00,33,1,42029208,50.785,50.8,50.78,50.8,31,SILZ5
2025-11-11 09:34:00+00:00,33,1,42029208,50.795,50.795,50.755,50.78,33,SILZ5
2025-11-11 09:35:00+00:00,33,1,42029208,50.785,50.805,50.78,50.795,38,SILZ5
2025-11-11 09:36:00+00:00,33,1,42029208,50.785,50.81,50.775,50.795,45,SILZ5
2025-11-11 09:37:00+00:00,33,1,42029208,50.79,50.8,50.76,50.77,21,SILZ5
2025-11-11 09:38:00+00:00,33,1,42029208,50.755,50.765,50.735,50.765,20,SILZ5
2025-11-11 09:39:00+00:00,33,1,42029208,50.77,50.775,50.76,50.765,11,SILZ5
2025-11-11 09:40:00+00:00,33,1,42029208,50.755,50.765,50.735,50.765,17,SILZ5
2025-11-11 09:41:00+00:00,33,1,42029208,50.765,50.78,50.76,50.78,9,SILZ5
2025-11-11 09:42:00+00:00,33,1,42029208,50.785,50.79,50.775,50.775,14,SILZ5
2025-11-11 09:43:00+00:00,33,1,42029208,50.78,50.78,50.765,50.78,27,SILZ5
2025-11-11 09:44:00+00:00,33,1,42029208,50.785,50.79,50.785,50.785,6,SILZ5
2025-11-11 09:45:00+00:00,33,1,42029208,50.785,50.79,50.785,50.785,4,SILZ5
2025-11-11 09:46:00+00:00,33,1,42029208,50.78,50.785,50.78,50.785,4,SILZ5
2025-11-11 09:47:00+00:00,33,1,42029208,50.78,50.78,50.755,50.77,18,SILZ5
2025-11-11 09:48:00+00:00,33,1,42029208,50.77,50.795,50.77,50.79,11,SILZ5
2025-11-11 09:49:00+00:00,33,1,42029208,50.8,50.845,50.8,50.83,42,SILZ5
2025-11-11 09:50:00+00:00,33,1,42029208,50.83,50.83,50.785,50.795,26,SILZ5
2025-11-11 09:51:00+00:00,33,1,42029208,50.79,50.82,50.79,50.82,14,SILZ5
2025-11-11 09:52:00+00:00,33,1,42029208,50.825,50.83,50.8,50.8,12,SILZ5
2025-11-11 09:53:00+00:00,33,1,42029208,50.795,50.81,50.795,50.81,9,SILZ5
2025-11-11 09:54:00+00:00,33,1,42029208,50.815,50.825,50.815,50.815,10,SILZ5
2025-11-11 09:55:00+00:00,33,1,42029208,50.82,50.825,50.805,50.805,8,SILZ5
2025-11-11 09:56:00+00:00,33,1,42029208,50.815,50.82,50.78,50.78,10,SILZ5
2025-11-11 09:57:00+00:00,33,1,42029208,50.775,50.785,50.76,50.78,17,SILZ5
2025-11-11 09:58:00+00:00,33,1,42029208,50.79,50.79,50.785,50.785,6,SILZ5
2025-11-11 09:59:00+00:00,33,1,42029208,50.77,50.78,50.765,50.775,20,SILZ5
2025-11-11 10:00:00+00:00,33,1,42029208,50.77,50.785,50.75,50.785,26,SILZ5
2025-11-11 10:01:00+00:00,33,1,42029208,50.78,50.8,50.78,50.79,20,SILZ5
2025-11-11 10:02:00+00:00,33,1,42029208,50.79,50.79,50.78,50.785,8,SILZ5
2025-11-11 10:03:00+00:00,33,1,42029208,50.76,50.76,50.69,50.695,61,SILZ5
2025-11-11 10:04:00+00:00,33,1,42029208,50.695,50.7,50.675,50.69,49,SILZ5
2025-11-11 10:05:00+00:00,33,1,42029208,50.695,50.695,50.675,50.675,14,SILZ5
2025-11-11 10:06:00+00:00,33,1,42029208,50.68,50.7,50.65,50.7,49,SILZ5
2025-11-11 10:07:00+00:00,33,1,42029208,50.7,50.725,50.68,50.68,17,SILZ5
2025-11-11 10:08:00+00:00,33,1,42029208,50.675,50.71,50.675,50.71,13,SILZ5
2025-11-11 10:09:00+00:00,33,1,42029208,50.71,50.735,50.71,50.725,18,SILZ5
2025-11-11 10:10:00+00:00,33,1,42029208,50.73,50.73,50.715,50.73,17,SILZ5
2025-11-11 10:11:00+00:00,33,1,42029208,50.71,50.71,50.7,50.7,3,SILZ5
2025-11-11 10:12:00+00:00,33,1,42029208,50.72,50.73,50.72,50.73,6,SILZ5
2025-11-11 10:13:00+00:00,33,1,42029208,50.725,50.74,50.725,50.73,10,SILZ5
2025-11-11 10:14:00+00:00,33,1,42029208,50.73,50.75,50.73,50.74,5,SILZ5
2025-11-11 10:15:00+00:00,33,1,42029208,50.735,50.74,50.73,50.74,8,SILZ5
2025-11-11 10:16:00+00:00,33,1,42029208,50.715,50.73,50.715,50.73,5,SILZ5
2025-11-11 10:17:00+00:00,33,1,42029208,50.725,50.735,50.725,50.735,3,SILZ5
2025-11-11 10:18:00+00:00,33,1,42029208,50.735,50.75,50.725,50.745,11,SILZ5
2025-11-11 10:20:00+00:00,33,1,42029208,50.745,50.745,50.71,50.71,6,SILZ5
2025-11-11 10:21:00+00:00,33,1,42029208,50.735,50.78,50.735,50.77,17,SILZ5
2025-11-11 10:22:00+00:00,33,1,42029208,50.765,50.77,50.765,50.77,5,SILZ5
2025-11-11 10:23:00+00:00,33,1,42029208,50.765,50.79,50.765,50.79,6,SILZ5
2025-11-11 10:24:00+00:00,33,1,42029208,50.79,50.795,50.78,50.78,13,SILZ5
2025-11-11 10:25:00+00:00,33,1,42029208,50.765,50.765,50.76,50.76,3,SILZ5
2025-11-11 10:26:00+00:00,33,1,42029208,50.77,50.77,50.76,50.765,4,SILZ5
2025-11-11 10:27:00+00:00,33,1,42029208,50.755,50.77,50.75,50.77,9,SILZ5
2025-11-11 10:28:00+00:00,33,1,42029208,50.78,50.78,50.755,50.77,9,SILZ5
2025-11-11 10:29:00+00:00,33,1,42029208,50.775,50.78,50.775,50.78,6,SILZ5
2025-11-11 10:30:00+00:00,33,1,42029208,50.765,50.775,50.745,50.75,15,SILZ5
2025-11-11 10:31:00+00:00,33,1,42029208,50.74,50.75,50.71,50.71,22,SILZ5
2025-11-11 10:32:00+00:00,33,1,42029208,50.71,50.72,50.69,50.72,18,SILZ5
2025-11-11 10:33:00+00:00,33,1,42029208,50.715,50.725,50.685,50.69,20,SILZ5
2025-11-11 10:34:00+00:00,33,1,42029208,50.69,50.7,50.685,50.69,18,SILZ5
2025-11-11 10:35:00+00:00,33,1,42029208,50.69,50.72,50.685,50.71,19,SILZ5
2025-11-11 10:36:00+00:00,33,1,42029208,50.72,50.755,50.72,50.72,20,SILZ5
2025-11-11 10:37:00+00:00,33,1,42029208,50.72,50.735,50.72,50.72,6,SILZ5
2025-11-11 10:38:00+00:00,33,1,42029208,50.705,50.705,50.67,50.7,29,SILZ5
2025-11-11 10:39:00+00:00,33,1,42029208,50.7,50.715,50.69,50.715,9,SILZ5
2025-11-11 10:40:00+00:00,33,1,42029208,50.715,50.73,50.715,50.73,3,SILZ5
2025-11-11 10:41:00+00:00,33,1,42029208,50.72,50.74,50.715,50.74,10,SILZ5
2025-11-11 10:42:00+00:00,33,1,42029208,50.725,50.74,50.725,50.74,5,SILZ5
2025-11-11 10:43:00+00:00,33,1,42029208,50.735,50.75,50.725,50.745,20,SILZ5
2025-11-11 10:44:00+00:00,33,1,42029208,50.745,50.775,50.74,50.77,25,SILZ5
2025-11-11 10:45:00+00:00,33,1,42029208,50.77,50.8,50.77,50.8,21,SILZ5
2025-11-11 10:46:00+00:00,33,1,42029208,50.8,50.815,50.785,50.805,39,SILZ5
2025-11-11 10:47:00+00:00,33,1,42029208,50.785,50.795,50.78,50.795,21,SILZ5
2025-11-11 10:48:00+00:00,33,1,42029208,50.79,50.8,50.79,50.8,16,SILZ5
2025-11-11 10:49:00+00:00,33,1,42029208,50.81,50.82,50.8,50.8,18,SILZ5
2025-11-11 10:50:00+00:00,33,1,42029208,50.81,50.82,50.81,50.82,8,SILZ5
2025-11-11 10:51:00+00:00,33,1,42029208,50.815,50.825,50.815,50.825,8,SILZ5
2025-11-11 10:52:00+00:00,33,1,42029208,50.825,50.825,50.81,50.81,2,SILZ5
2025-11-11 10:53:00+00:00,33,1,42029208,50.805,50.81,50.805,50.81,3,SILZ5
2025-11-11 10:54:00+00:00,33,1,42029208,50.81,50.81,50.81,50.81,1,SILZ5
2025-11-11 10:55:00+00:00,33,1,42029208,50.805,50.82,50.8,50.805,16,SILZ5
2025-11-11 10:56:00+00:00,33,1,42029208,50.79,50.795,50.79,50.795,5,SILZ5
2025-11-11 10:57:00+00:00,33,1,42029208,50.8,50.8,50.8,50.8,5,SILZ5
2025-11-11 10:58:00+00:00,33,1,42029208,50.79,50.795,50.765,50.765,28,SILZ5
2025-11-11 10:59:00+00:00,33,1,42029208,50.765,50.77,50.755,50.755,11,SILZ5
2025-11-11 11:00:00+00:00,33,1,42029208,50.77,50.775,50.765,50.765,6,SILZ5
2025-11-11 11:01:00+00:00,33,1,42029208,50.775,50.775,50.75,50.75,16,SILZ5
2025-11-11 11:02:00+00:00,33,1,42029208,50.755,50.755,50.75,50.75,6,SILZ5
2025-11-11 11:03:00+00:00,33,1,42029208,50.76,50.79,50.755,50.78,12,SILZ5
2025-11-11 11:04:00+00:00,33,1,42029208,50.795,50.8,50.795,50.8,12,SILZ5
2025-11-11 11:05:00+00:00,33,1,42029208,50.82,50.83,50.82,50.825,18,SILZ5
2025-11-11 11:06:00+00:00,33,1,42029208,50.825,50.83,50.82,50.825,24,SILZ5
2025-11-11 11:07:00+00:00,33,1,42029208,50.825,50.825,50.805,50.82,24,SILZ5
2025-11-11 11:08:00+00:00,33,1,42029208,50.825,50.835,50.82,50.825,20,SILZ5
2025-11-11 11:09:00+00:00,33,1,42029208,50.83,50.87,50.83,50.855,42,SILZ5
2025-11-11 11:10:00+00:00,33,1,42029208,50.855,50.86,50.855,50.86,10,SILZ5
2025-11-11 11:11:00+00:00,33,1,42029208,50.865,50.865,50.855,50.86,15,SILZ5
2025-11-11 11:12:00+00:00,33,1,42029208,50.865,50.87,50.85,50.86,28,SILZ5
2025-11-11 11:13:00+00:00,33,1,42029208,50.855,50.855,50.835,50.835,16,SILZ5
2025-11-11 11:14:00+00:00,33,1,42029208,50.84,50.86,50.84,50.845,21,SILZ5
2025-11-11 11:15:00+00:00,33,1,42029208,50.85,50.85,50.84,50.84,2,SILZ5
2025-11-11 11:16:00+00:00,33,1,42029208,50.835,50.835,50.83,50.83,8,SILZ5
2025-11-11 11:17:00+00:00,33,1,42029208,50.835,50.845,50.835,50.845,4,SILZ5
2025-11-11 11:18:00+00:00,33,1,42029208,50.85,50.855,50.85,50.855,6,SILZ5
2025-11-11 11:19:00+00:00,33,1,42029208,50.84,50.85,50.84,50.85,8,SILZ5
2025-11-11 11:20:00+00:00,33,1,42029208,50.845,50.845,50.83,50.83,6,SILZ5
2025-11-11 11:21:00+00:00,33,1,42029208,50.85,50.875,50.85,50.875,17,SILZ5
2025-11-11 11:22:00+00:00,33,1,42029208,50.875,50.895,50.87,50.89,48,SILZ5
2025-11-11 11:23:00+00:00,33,1,42029208,50.885,50.915,50.88,50.9,59,SILZ5
2025-11-11 11:24:00+00:00,33,1,42029208,50.89,50.89,50.88,50.885,11,SILZ5
2025-11-11 11:25:00+00:00,33,1,42029208,50.88,50.895,50.875,50.895,19,SILZ5
2025-11-11 11:26:00+00:00,33,1,42029208,50.89,50.905,50.89,50.905,9,SILZ5
2025-11-11 11:27:00+00:00,33,1,42029208,50.915,50.925,50.905,50.905,23,SILZ5
2025-11-11 11:28:00+00:00,33,1,42029208,50.9,50.905,50.86,50.86,21,SILZ5
2025-11-11 11:29:00+00:00,33,1,42029208,50.865,50.88,50.85,50.875,49,SILZ5
2025-11-11 11:30:00+00:00,33,1,42029208,50.885,50.915,50.875,50.875,30,SILZ5
2025-11-11 11:31:00+00:00,33,1,42029208,50.895,50.92,50.895,50.92,28,SILZ5
2025-11-11 11:32:00+00:00,33,1,42029208,50.925,50.955,50.92,50.955,45,SILZ5
2025-11-11 11:33:00+00:00,33,1,42029208,50.96,50.965,50.925,50.95,54,SILZ5
2025-11-11 11:34:00+00:00,33,1,42029208,50.955,50.995,50.955,50.96,84,SILZ5
2025-11-11 11:35:00+00:00,33,1,42029208,50.95,50.97,50.95,50.97,23,SILZ5
2025-11-11 11:36:00+00:00,33,1,42029208,50.965,50.965,50.9,50.9,32,SILZ5
2025-11-11 11:37:00+00:00,33,1,42029208,50.895,50.895,50.855,50.86,69,SILZ5
2025-11-11 11:38:00+00:00,33,1,42029208,50.865,50.895,50.865,50.895,8,SILZ5
2025-11-11 11:39:00+00:00,33,1,42029208,50.9,50.91,50.875,50.875,40,SILZ5
2025-11-11 11:40:00+00:00,33,1,42029208,50.885,50.905,50.875,50.905,20,SILZ5
2025-11-11 11:41:00+00:00,33,1,42029208,50.91,50.96,50.9,50.95,40,SILZ5
2025-11-11 11:42:00+00:00,33,1,42029208,50.96,50.975,50.945,50.945,38,SILZ5
2025-11-11 11:43:00+00:00,33,1,42029208,50.95,50.95,50.935,50.935,9,SILZ5
2025-11-11 11:44:00+00:00,33,1,42029208,50.935,50.95,50.935,50.945,14,SILZ5
2025-11-11 11:45:00+00:00,33,1,42029208,50.945,50.96,50.93,50.96,20,SILZ5
2025-11-11 11:46:00+00:00,33,1,42029208,50.95,50.995,50.95,50.98,37,SILZ5
2025-11-11 11:47:00+00:00,33,1,42029208,50.99,50.99,50.97,50.97,38,SILZ5
2025-11-11 11:48:00+00:00,33,1,42029208,50.97,50.98,50.95,50.955,78,SILZ5
2025-11-11 11:49:00+00:00,33,1,42029208,50.96,50.975,50.95,50.975,25,SILZ5
2025-11-11 11:50:00+00:00,33,1,42029208,50.98,50.98,50.96,50.96,5,SILZ5
2025-11-11 11:51:00+00:00,33,1,42029208,50.965,50.965,50.95,50.96,30,SILZ5
2025-11-11 11:52:00+00:00,33,1,42029208,50.955,50.965,50.955,50.965,2,SILZ5
2025-11-11 11:53:00+00:00,33,1,42029208,50.96,50.97,50.96,50.97,3,SILZ5
2025-11-11 11:54:00+00:00,33,1,42029208,50.965,50.98,50.965,50.98,6,SILZ5
2025-11-11 11:55:00+00:00,33,1,42029208,50.98,50.99,50.975,50.98,18,SILZ5
2025-11-11 11:56:00+00:00,33,1,42029208,50.985,51.015,50.985,51.0,102,SILZ5
2025-11-11 11:57:00+00:00,33,1,42029208,50.99,51.02,50.99,51.01,40,SILZ5
2025-11-11 11:58:00+00:00,33,1,42029208,51.02,51.06,51.02,51.03,116,SILZ5
2025-11-11 11:59:00+00:00,33,1,42029208,51.02,51.025,50.985,51.015,68,SILZ5
2025-11-11 12:00:00+00:00,33,1,42029208,51.03,51.045,51.01,51.035,46,SILZ5
2025-11-11 12:01:00+00:00,33,1,42029208,51.05,51.08,51.045,51.05,94,SILZ5
2025-11-11 12:02:00+00:00,33,1,42029208,51.045,51.08,51.04,51.075,50,SILZ5
2025-11-11 12:03:00+00:00,33,1,42029208,51.075,51.095,51.035,51.035,45,SILZ5
2025-11-11 12:04:00+00:00,33,1,42029208,51.04,51.04,51.005,51.01,47,SILZ5
2025-11-11 12:05:00+00:00,33,1,42029208,51.015,51.02,50.955,50.975,51,SILZ5
2025-11-11 12:06:00+00:00,33,1,42029208,50.975,50.975,50.945,50.955,29,SILZ5
2025-11-11 12:07:00+00:00,33,1,42029208,50.955,50.97,50.925,50.94,27,SILZ5
2025-11-11 12:08:00+00:00,33,1,42029208,50.935,50.95,50.93,50.94,32,SILZ5
2025-11-11 12:09:00+00:00,33,1,42029208,50.94,50.94,50.89,50.93,54,SILZ5
2025-11-11 12:10:00+00:00,33,1,42029208,50.915,50.915,50.885,50.895,24,SILZ5
2025-11-11 12:11:00+00:00,33,1,42029208,50.89,50.92,50.89,50.91,18,SILZ5
2025-11-11 12:12:00+00:00,33,1,42029208,50.905,50.915,50.89,50.89,13,SILZ5
2025-11-11 12:13:00+00:00,33,1,42029208,50.895,50.915,50.89,50.91,31,SILZ5
2025-11-11 12:14:00+00:00,33,1,42029208,50.91,50.91,50.905,50.905,6,SILZ5
2025-11-11 12:15:00+00:00,33,1,42029208,50.91,50.92,50.895,50.91,29,SILZ5
2025-11-11 12:16:00+00:00,33,1,42029208,50.91,50.935,50.905,50.935,33,SILZ5
2025-11-11 12:17:00+00:00,33,1,42029208,50.94,50.955,50.92,50.93,40,SILZ5
2025-11-11 12:18:00+00:00,33,1,42029208,50.925,50.925,50.91,50.91,13,SILZ5
2025-11-11 12:19:00+00:00,33,1,42029208,50.915,50.94,50.905,50.905,34,SILZ5
2025-11-11 12:20:00+00:00,33,1,42029208,50.905,50.935,50.9,50.935,42,SILZ5
2025-11-11 12:21:00+00:00,33,1,42029208,50.935,50.935,50.915,50.915,23,SILZ5
2025-11-11 12:22:00+00:00,33,1,42029208,50.92,50.94,50.915,50.935,14,SILZ5
2025-11-11 12:23:00+00:00,33,1,42029208,50.935,50.95,50.935,50.94,17,SILZ5
2025-11-11 12:24:00+00:00,33,1,42029208,50.94,50.945,50.94,50.945,9,SILZ5
2025-11-11 12:25:00+00:00,33,1,42029208,50.94,50.985,50.935,50.98,39,SILZ5
2025-11-11 12:26:00+00:00,33,1,42029208,50.98,51.005,50.98,50.985,32,SILZ5
2025-11-11 12:27:00+00:00,33,1,42029208,50.98,51.01,50.98,51.01,34,SILZ5
2025-11-11 12:28:00+00:00,33,1,42029208,51.015,51.015,50.99,50.99,12,SILZ5
2025-11-11 12:29:00+00:00,33,1,42029208,51.005,51.005,50.98,50.985,7,SILZ5
2025-11-11 12:30:00+00:00,33,1,42029208,50.98,50.995,50.975,50.98,29,SILZ5
2025-11-11 12:31:00+00:00,33,1,42029208,50.975,50.975,50.955,50.975,41,SILZ5
2025-11-11 12:32:00+00:00,33,1,42029208,50.96,50.97,50.95,50.955,14,SILZ5
2025-11-11 12:33:00+00:00,33,1,42029208,50.965,50.97,50.965,50.97,6,SILZ5
2025-11-11 12:34:00+00:00,33,1,42029208,50.965,51.0,50.965,51.0,24,SILZ5
2025-11-11 12:35:00+00:00,33,1,42029208,51.0,51.02,50.99,51.02,34,SILZ5
2025-11-11 12:36:00+00:00,33,1,42029208,51.015,51.04,51.015,51.03,33,SILZ5
2025-11-11 12:37:00+00:00,33,1,42029208,51.03,51.03,50.99,51.01,29,SILZ5
2025-11-11 12:38:00+00:00,33,1,42029208,51.0,51.01,50.995,51.01,10,SILZ5
2025-11-11 12:39:00+00:00,33,1,42029208,51.01,51.01,50.99,50.99,11,SILZ5
2025-11-11 12:40:00+00:00,33,1,42029208,51.0,51.025,50.995,51.025,34,SILZ5
2025-11-11 12:41:00+00:00,33,1,42029208,51.02,51.025,51.01,51.01,12,SILZ5
2025-11-11 12:42:00+00:00,33,1,42029208,51.005,51.025,51.005,51.02,5,SILZ5
2025-11-11 12:43:00+00:00,33,1,42029208,51.0,51.015,51.0,51.01,9,SILZ5
2025-11-11 12:44:00+00:00,33,1,42029208,51.02,51.04,51.015,51.035,32,SILZ5
2025-11-11 12:45:00+00:00,33,1,42029208,51.03,51.035,51.02,51.03,21,SILZ5
2025-11-11 12:46:00+00:00,33,1,42029208,51.035,51.035,51.015,51.02,11,SILZ5
2025-11-11 12:47:00+00:00,33,1,42029208,51.02,51.02,50.985,50.985,33,SILZ5
2025-11-11 12:48:00+00:00,33,1,42029208,50.985,50.985,50.955,50.96,43,SILZ5
2025-11-11 12:49:00+00:00,33,1,42029208,50.965,50.965,50.925,50.955,98,SILZ5
2025-11-11 12:50:00+00:00,33,1,42029208,50.94,50.945,50.9,50.905,38,SILZ5
2025-11-11 12:51:00+00:00,33,1,42029208,50.915,50.945,50.905,50.94,52,SILZ5
2025-11-11 12:52:00+00:00,33,1,42029208,50.94,50.94,50.865,50.865,67,SILZ5
2025-11-11 12:53:00+00:00,33,1,42029208,50.875,50.895,50.845,50.845,50,SILZ5
2025-11-11 12:54:00+00:00,33,1,42029208,50.855,50.855,50.82,50.835,80,SILZ5
2025-11-11 12:55:00+00:00,33,1,42029208,50.845,50.86,50.785,50.805,83,SILZ5
2025-11-11 12:56:00+00:00,33,1,42029208,50.8,50.8,50.77,50.79,40,SILZ5
2025-11-11 12:57:00+00:00,33,1,42029208,50.785,50.81,50.775,50.81,23,SILZ5
2025-11-11 12:58:00+00:00,33,1,42029208,50.805,50.82,50.77,50.805,56,SILZ5
2025-11-11 12:59:00+00:00,33,1,42029208,50.8,50.8,50.755,50.76,83,SILZ5
2025-11-11 13:00:00+00:00,33,1,42029208,50.76,50.795,50.725,50.775,95,SILZ5
2025-11-11 13:01:00+00:00,33,1,42029208,50.775,50.825,50.775,50.825,45,SILZ5
2025-11-11 13:02:00+00:00,33,1,42029208,50.83,50.835,50.785,50.81,60,SILZ5
2025-11-11 13:03:00+00:00,33,1,42029208,50.81,50.81,50.78,50.8,20,SILZ5
2025-11-11 13:04:00+00:00,33,1,42029208,50.79,50.835,50.75,50.775,53,SILZ5
2025-11-11 13:05:00+00:00,33,1,42029208,50.775,50.82,50.765,50.82,26,SILZ5
2025-11-11 13:06:00+00:00,33,1,42029208,50.815,50.84,50.81,50.84,29,SILZ5
2025-11-11 13:07:00+00:00,33,1,42029208,50.84,50.86,50.82,50.845,44,SILZ5
2025-11-11 13:08:00+00:00,33,1,42029208,50.845,50.86,50.825,50.84,34,SILZ5
2025-11-11 13:09:00+00:00,33,1,42029208,50.84,50.885,50.835,50.885,34,SILZ5
2025-11-11 13:10:00+00:00,33,1,42029208,50.885,50.92,50.88,50.91,72,SILZ5
2025-11-11 13:11:00+00:00,33,1,42029208,50.915,50.92,50.895,50.92,45,SILZ5
2025-11-11 13:12:00+00:00,33,1,42029208,50.915,50.93,50.89,50.91,26,SILZ5
2025-11-11 13:13:00+00:00,33,1,42029208,50.895,50.92,50.895,50.92,4,SILZ5
2025-11-11 13:14:00+00:00,33,1,42029208,50.915,50.945,50.915,50.935,33,SILZ5
2025-11-11 13:15:00+00:00,33,1,42029208,50.94,50.94,50.9,50.9,21,SILZ5
2025-11-11 13:16:00+00:00,33,1,42029208,50.91,50.945,50.905,50.945,22,SILZ5
2025-11-11 13:17:00+00:00,33,1,42029208,50.945,50.95,50.93,50.93,12,SILZ5
2025-11-11 13:18:00+00:00,33,1,42029208,50.93,50.945,50.93,50.935,10,SILZ5
2025-11-11 13:19:00+00:00,33,1,42029208,50.925,50.93,50.915,50.925,15,SILZ5
2025-11-11 13:20:00+00:00,33,1,42029208,50.92,50.93,50.905,50.93,26,SILZ5
2025-11-11 13:21:00+00:00,33,1,42029208,50.935,50.945,50.92,50.925,12,SILZ5
2025-11-11 13:22:00+00:00,33,1,42029208,50.93,50.97,50.93,50.95,43,SILZ5
2025-11-11 13:23:00+00:00,33,1,42029208,50.955,50.96,50.935,50.96,24,SILZ5
2025-11-11 13:24:00+00:00,33,1,42029208,50.965,50.965,50.925,50.955,23,SILZ5
2025-11-11 13:25:00+00:00,33,1,42029208,50.96,50.975,50.95,50.965,22,SILZ5
2025-11-11 13:26:00+00:00,33,1,42029208,50.965,50.995,50.95,50.99,34,SILZ5
2025-11-11 13:27:00+00:00,33,1,42029208,50.98,50.985,50.925,50.925,38,SILZ5
2025-11-11 13:28:00+00:00,33,1,42029208,50.925,50.93,50.885,50.915,57,SILZ5
2025-11-11 13:29:00+00:00,33,1,42029208,50.92,50.935,50.9,50.915,30,SILZ5
2025-11-11 13:30:00+00:00,33,1,42029208,50.92,50.925,50.875,50.88,43,SILZ5
2025-11-11 13:31:00+00:00,33,1,42029208,50.89,50.915,50.88,50.915,33,SILZ5
2025-11-11 13:32:00+00:00,33,1,42029208,50.915,50.945,50.915,50.945,48,SILZ5
2025-11-11 13:33:00+00:00,33,1,42029208,50.945,50.97,50.935,50.95,31,SILZ5
2025-11-11 13:34:00+00:00,33,1,42029208,50.965,51.01,50.96,51.005,70,SILZ5
2025-11-11 13:35:00+00:00,33,1,42029208,51.005,51.01,50.98,50.985,42,SILZ5
2025-11-11 13:36:00+00:00,33,1,42029208,50.98,51.035,50.97,51.02,61,SILZ5
2025-11-11 13:37:00+00:00,33,1,42029208,51.005,51.025,51.0,51.015,20,SILZ5
2025-11-11 13:38:00+00:00,33,1,42029208,51.015,51.045,51.015,51.035,32,SILZ5
2025-11-11 13:39:00+00:00,33,1,42029208,51.035,51.045,51.03,51.045,26,SILZ5
2025-11-11 13:40:00+00:00,33,1,42029208,51.03,51.055,51.03,51.04,25,SILZ5
2025-11-11 13:41:00+00:00,33,1,42029208,51.035,51.045,50.99,51.0,34,SILZ5
2025-11-11 13:42:00+00:00,33,1,42029208,50.99,50.995,50.965,50.99,32,SILZ5
2025-11-11 13:43:00+00:00,33,1,42029208,50.985,50.985,50.975,50.98,20,SILZ5
2025-11-11 13:44:00+00:00,33,1,42029208,50.975,50.99,50.97,50.985,24,SILZ5
2025-11-11 13:45:00+00:00,33,1,42029208,50.98,51.01,50.965,51.005,19,SILZ5
2025-11-11 13:46:00+00:00,33,1,42029208,51.015,51.02,50.99,51.0,15,SILZ5
2025-11-11 13:47:00+00:00,33,1,42029208,51.01,51.045,51.01,51.04,17,SILZ5
2025-11-11 13:48:00+00:00,33,1,42029208,51.04,51.05,51.025,51.045,24,SILZ5
2025-11-11 13:49:00+00:00,33,1,42029208,51.05,51.07,51.045,51.055,37,SILZ5
2025-11-11 13:50:00+00:00,33,1,42029208,51.07,51.07,51.04,51.05,33,SILZ5
2025-11-11 13:51:00+00:00,33,1,42029208,51.055,51.055,51.015,51.015,17,SILZ5
2025-11-11 13:52:00+00:00,33,1,42029208,51.01,51.035,51.01,51.035,15,SILZ5
2025-11-11 13:53:00+00:00,33,1,42029208,51.02,51.025,51.005,51.005,21,SILZ5
2025-11-11 13:54:00+00:00,33,1,42029208,51.0,51.015,51.0,51.01,13,SILZ5
2025-11-11 13:55:00+00:00,33,1,42029208,51.015,51.02,50.985,50.99,29,SILZ5
2025-11-11 13:56:00+00:00,33,1,42029208,50.995,51.015,50.95,50.96,78,SILZ5
2025-11-11 13:57:00+00:00,33,1,42029208,50.965,50.99,50.93,50.975,61,SILZ5
2025-11-11 13:58:00+00:00,33,1,42029208,50.98,51.0,50.975,50.99,11,SILZ5
2025-11-11 13:59:00+00:00,33,1,42029208,50.98,51.005,50.98,50.99,55,SILZ5
2025-11-11 14:00:00+00:00,33,1,42029208,50.98,51.0,50.97,50.97,54,SILZ5
2025-11-11 14:01:00+00:00,33,1,42029208,50.98,51.005,50.96,51.005,26,SILZ5
2025-11-11 14:02:00+00:00,33,1,42029208,51.005,51.05,51.005,51.04,30,SILZ5
2025-11-11 14:03:00+00:00,33,1,42029208,51.045,51.045,51.0,51.0,46,SILZ5
2025-11-11 14:04:00+00:00,33,1,42029208,50.985,51.02,50.98,51.02,33,SILZ5
2025-11-11 14:05:00+00:00,33,1,42029208,51.01,51.015,50.985,50.995,42,SILZ5
2025-11-11 14:06:00+00:00,33,1,42029208,51.0,51.005,50.965,51.0,39,SILZ5
2025-11-11 14:07:00+00:00,33,1,42029208,50.99,51.055,50.98,51.04,56,SILZ5
2025-11-11 14:08:00+00:00,33,1,42029208,51.045,51.07,51.04,51.05,34,SILZ5
2025-11-11 14:09:00+00:00,33,1,42029208,51.055,51.085,51.045,51.08,74,SILZ5
2025-11-11 14:10:00+00:00,33,1,42029208,51.08,51.085,51.045,51.055,52,SILZ5
2025-11-11 14:11:00+00:00,33,1,42029208,51.06,51.07,51.04,51.04,39,SILZ5
2025-11-11 14:12:00+00:00,33,1,42029208,51.045,51.045,51.015,51.015,75,SILZ5
2025-11-11 14:13:00+00:00,33,1,42029208,51.02,51.045,51.015,51.03,64,SILZ5
2025-11-11 14:14:00+00:00,33,1,42029208,51.015,51.065,51.01,51.045,93,SILZ5
2025-11-11 14:15:00+00:00,33,1,42029208,51.05,51.065,51.045,51.06,45,SILZ5
2025-11-11 14:16:00+00:00,33,1,42029208,51.05,51.05,50.995,51.0,74,SILZ5
2025-11-11 14:17:00+00:00,33,1,42029208,51.01,51.015,50.995,51.0,41,SILZ5
2025-11-11 14:18:00+00:00,33,1,42029208,51.0,51.0,50.96,50.98,67,SILZ5
2025-11-11 14:19:00+00:00,33,1,42029208,50.98,50.99,50.96,50.96,79,SILZ5
2025-11-11 14:20:00+00:00,33,1,42029208,50.96,50.96,50.86,50.875,197,SILZ5
2025-11-11 14:21:00+00:00,33,1,42029208,50.87,50.89,50.795,50.85,180,SILZ5
2025-11-11 14:22:00+00:00,33,1,42029208,50.855,50.895,50.84,50.885,84,SILZ5
2025-11-11 14:23:00+00:00,33,1,42029208,50.885,50.92,50.88,50.92,71,SILZ5
2025-11-11 14:24:00+00:00,33,1,42029208,50.915,50.96,50.91,50.94,84,SILZ5
2025-11-11 14:25:00+00:00,33,1,42029208,50.93,50.945,50.895,50.93,66,SILZ5
2025-11-11 14:26:00+00:00,33,1,42029208,50.93,50.965,50.88,50.89,83,SILZ5
2025-11-11 14:27:00+00:00,33,1,42029208,50.895,50.895,50.83,50.85,125,SILZ5
2025-11-11 14:28:00+00:00,33,1,42029208,50.855,50.9,50.855,50.875,51,SILZ5
2025-11-11 14:29:00+00:00,33,1,42029208,50.89,50.915,50.885,50.885,59,SILZ5
2025-11-11 14:30:00+00:00,33,1,42029208,50.89,50.9,50.82,50.87,145,SILZ5
2025-11-11 14:31:00+00:00,33,1,42029208,50.885,50.915,50.83,50.83,113,SILZ5
2025-11-11 14:32:00+00:00,33,1,42029208,50.83,50.875,50.8,50.81,83,SILZ5
2025-11-11 14:33:00+00:00,33,1,42029208,50.825,50.825,50.745,50.785,185,SILZ5
2025-11-11 14:34:00+00:00,33,1,42029208,50.795,50.82,50.76,50.795,140,SILZ5
2025-11-11 14:35:00+00:00,33,1,42029208,50.79,50.825,50.775,50.795,87,SILZ5
2025-11-11 14:36:00+00:00,33,1,42029208,50.79,50.855,50.75,50.85,139,SILZ5
2025-11-11 14:37:00+00:00,33,1,42029208,50.855,50.87,50.805,50.825,89,SILZ5
2025-11-11 14:38:00+00:00,33,1,42029208,50.825,50.88,50.815,50.88,115,SILZ5
2025-11-11 14:39:00+00:00,33,1,42029208,50.87,50.875,50.78,50.815,115,SILZ5
2025-11-11 14:40:00+00:00,33,1,42029208,50.815,50.815,50.75,50.8,163,SILZ5
2025-11-11 14:41:00+00:00,33,1,42029208,50.81,50.845,50.795,50.815,81,SILZ5
2025-11-11 14:42:00+00:00,33,1,42029208,50.83,50.835,50.785,50.8,96,SILZ5
2025-11-11 14:43:00+00:00,33,1,42029208,50.8,50.845,50.8,50.835,55,SILZ5
2025-11-11 14:44:00+00:00,33,1,42029208,50.84,50.845,50.815,50.835,45,SILZ5
2025-11-11 14:45:00+00:00,33,1,42029208,50.85,50.865,50.82,50.82,75,SILZ5
2025-11-11 14:46:00+00:00,33,1,42029208,50.815,50.815,50.73,50.775,153,SILZ5
2025-11-11 14:47:00+00:00,33,1,42029208,50.775,50.8,50.725,50.73,113,SILZ5
2025-11-11 14:48:00+00:00,33,1,42029208,50.735,50.745,50.7,50.705,204,SILZ5
2025-11-11 14:49:00+00:00,33,1,42029208,50.705,50.71,50.565,50.57,481,SILZ5
2025-11-11 14:50:00+00:00,33,1,42029208,50.565,50.67,50.565,50.645,161,SILZ5
2025-11-11 14:51:00+00:00,33,1,42029208,50.64,50.7,50.615,50.7,185,SILZ5
2025-11-11 14:52:00+00:00,33,1,42029208,50.695,50.72,50.675,50.69,81,SILZ5
2025-11-11 14:53:00+00:00,33,1,42029208,50.69,50.7,50.635,50.65,92,SILZ5
2025-11-11 14:54:00+00:00,33,1,42029208,50.645,50.65,50.59,50.65,163,SILZ5
2025-11-11 14:55:00+00:00,33,1,42029208,50.645,50.695,50.625,50.695,53,SILZ5
2025-11-11 14:56:00+00:00,33,1,42029208,50.685,50.72,50.675,50.675,75,SILZ5
2025-11-11 14:57:00+00:00,33,1,42029208,50.68,50.72,50.68,50.705,51,SILZ5
2025-11-11 14:58:00+00:00,33,1,42029208,50.71,50.74,50.695,50.73,85,SILZ5
2025-11-11 14:59:00+00:00,33,1,42029208,50.725,50.735,50.695,50.695,41,SILZ5
2025-11-11 15:00:00+00:00,33,1,42029208,50.685,50.685,50.635,50.645,97,SILZ5
2025-11-11 15:01:00+00:00,33,1,42029208,50.635,50.66,50.6,50.65,118,SILZ5
2025-11-11 15:02:00+00:00,33,1,42029208,50.655,50.655,50.56,50.57,167,SILZ5
2025-11-11 15:03:00+00:00,33,1,42029208,50.57,50.625,50.55,50.615,115,SILZ5
2025-11-11 15:04:00+00:00,33,1,42029208,50.615,50.65,50.61,50.615,104,SILZ5
2025-11-11 15:05:00+00:00,33,1,42029208,50.615,50.635,50.605,50.62,42,SILZ5
2025-11-11 15:06:00+00:00,33,1,42029208,50.625,50.63,50.56,50.565,79,SILZ5
2025-11-11 15:07:00+00:00,33,1,42029208,50.57,50.615,50.56,50.59,129,SILZ5
2025-11-11 15:08:00+00:00,33,1,42029208,50.585,50.615,50.545,50.615,112,SILZ5
2025-11-11 15:09:00+00:00,33,1,42029208,50.62,50.665,50.585,50.665,46,SILZ5
2025-11-11 15:10:00+00:00,33,1,42029208,50.665,50.665,50.63,50.65,72,SILZ5
2025-11-11 15:11:00+00:00,33,1,42029208,50.65,50.655,50.595,50.62,64,SILZ5
2025-11-11 15:12:00+00:00,33,1,42029208,50.615,50.645,50.58,50.635,72,SILZ5
2025-11-11 15:13:00+00:00,33,1,42029208,50.645,50.655,50.615,50.64,62,SILZ5
2025-11-11 15:14:00+00:00,33,1,42029208,50.63,50.655,50.625,50.64,39,SILZ5
2025-11-11 15:15:00+00:00,33,1,42029208,50.645,50.65,50.605,50.605,73,SILZ5
2025-11-11 15:16:00+00:00,33,1,42029208,50.605,50.63,50.59,50.605,48,SILZ5
2025-11-11 15:17:00+00:00,33,1,42029208,50.615,50.65,50.585,50.61,67,SILZ5
2025-11-11 15:18:00+00:00,33,1,42029208,50.615,50.62,50.575,50.59,29,SILZ5
2025-11-11 15:19:00+00:00,33,1,42029208,50.57,50.585,50.535,50.54,120,SILZ5
2025-11-11 15:20:00+00:00,33,1,42029208,50.53,50.545,50.495,50.515,222,SILZ5
2025-11-11 15:21:00+00:00,33,1,42029208,50.52,50.54,50.495,50.51,124,SILZ5
2025-11-11 15:22:00+00:00,33,1,42029208,50.505,50.515,50.415,50.43,249,SILZ5
2025-11-11 15:23:00+00:00,33,1,42029208,50.43,50.47,50.41,50.425,150,SILZ5
2025-11-11 15:24:00+00:00,33,1,42029208,50.43,50.47,50.42,50.44,162,SILZ5
2025-11-11 15:25:00+00:00,33,1,42029208,50.44,50.485,50.42,50.435,133,SILZ5
2025-11-11 15:26:00+00:00,33,1,42029208,50.445,50.465,50.38,50.4,162,SILZ5
2025-11-11 15:27:00+00:00,33,1,42029208,50.42,50.45,50.325,50.345,225,SILZ5
2025-11-11 15:28:00+00:00,33,1,42029208,50.34,50.345,50.245,50.28,398,SILZ5
2025-11-11 15:29:00+00:00,33,1,42029208,50.28,50.29,50.23,50.27,177,SILZ5
2025-11-11 15:30:00+00:00,33,1,42029208,50.265,50.325,50.205,50.32,349,SILZ5
2025-11-11 15:31:00+00:00,33,1,42029208,50.315,50.345,50.275,50.285,175,SILZ5
2025-11-11 15:32:00+00:00,33,1,42029208,50.295,50.315,50.25,50.255,115,SILZ5
2025-11-11 15:33:00+00:00,33,1,42029208,50.25,50.25,50.185,50.22,230,SILZ5
2025-11-11 15:34:00+00:00,33,1,42029208,50.22,50.26,50.22,50.25,114,SILZ5
2025-11-11 15:35:00+00:00,33,1,42029208,50.255,50.29,50.24,50.24,121,SILZ5
2025-11-11 15:36:00+00:00,33,1,42029208,50.235,50.235,50.145,50.21,207,SILZ5
2025-11-11 15:37:00+00:00,33,1,42029208,50.21,50.235,50.18,50.19,151,SILZ5
2025-11-11 15:38:00+00:00,33,1,42029208,50.19,50.22,50.165,50.215,119,SILZ5
2025-11-11 15:39:00+00:00,33,1,42029208,50.22,50.29,50.22,50.285,161,SILZ5
2025-11-11 15:40:00+00:00,33,1,42029208,50.29,50.295,50.225,50.245,122,SILZ5
2025-11-11 15:41:00+00:00,33,1,42029208,50.245,50.255,50.16,50.205,113,SILZ5
2025-11-11 15:42:00+00:00,33,1,42029208,50.205,50.225,50.175,50.215,193,SILZ5
2025-11-11 15:43:00+00:00,33,1,42029208,50.215,50.25,50.195,50.245,93,SILZ5
2025-11-11 15:44:00+00:00,33,1,42029208,50.245,50.255,50.21,50.245,65,SILZ5
2025-11-11 15:45:00+00:00,33,1,42029208,50.255,50.285,50.255,50.285,172,SILZ5
2025-11-11 15:46:00+00:00,33,1,42029208,50.28,50.29,50.26,50.265,36,SILZ5
2025-11-11 15:47:00+00:00,33,1,42029208,50.27,50.325,50.27,50.315,71,SILZ5
2025-11-11 15:48:00+00:00,33,1,42029208,50.315,50.355,50.31,50.35,147,SILZ5
2025-11-11 15:49:00+00:00,33,1,42029208,50.345,50.35,50.285,50.34,144,SILZ5
2025-11-11 15:50:00+00:00,33,1,42029208,50.345,50.39,50.34,50.37,117,SILZ5
2025-11-11 15:51:00+00:00,33,1,42029208,50.375,50.415,50.375,50.415,163,SILZ5
2025-11-11 15:52:00+00:00,33,1,42029208,50.41,50.425,50.39,50.395,89,SILZ5
2025-11-11 15:53:00+00:00,33,1,42029208,50.4,50.42,50.37,50.385,68,SILZ5
2025-11-11 15:54:00+00:00,33,1,42029208,50.375,50.375,50.3,50.315,133,SILZ5
2025-11-11 15:55:00+00:00,33,1,42029208,50.31,50.335,50.29,50.335,107,SILZ5
2025-11-11 15:56:00+00:00,33,1,42029208,50.335,50.355,50.32,50.32,56,SILZ5
2025-11-11 15:57:00+00:00,33,1,42029208,50.31,50.35,50.29,50.345,58,SILZ5
2025-11-11 15:58:00+00:00,33,1,42029208,50.33,50.37,50.325,50.37,45,SILZ5
2025-11-11 15:59:00+00:00,33,1,42029208,50.37,50.385,50.31,50.325,126,SILZ5
2025-11-11 16:00:00+00:00,33,1,42029208,50.325,50.34,50.285,50.295,46,SILZ5
2025-11-11 16:01:00+00:00,33,1,42029208,50.295,50.32,50.29,50.315,34,SILZ5
2025-11-11 16:02:00+00:00,33,1,42029208,50.33,50.365,50.325,50.365,28,SILZ5
2025-11-11 16:03:00+00:00,33,1,42029208,50.365,50.385,50.345,50.365,102,SILZ5
2025-11-11 16:04:00+00:00,33,1,42029208,50.365,50.41,50.36,50.39,77,SILZ5
2025-11-11 16:05:00+00:00,33,1,42029208,50.395,50.435,50.39,50.41,106,SILZ5
2025-11-11 16:06:00+00:00,33,1,42029208,50.415,50.425,50.39,50.4,40,SILZ5
2025-11-11 16:07:00+00:00,33,1,42029208,50.39,50.42,50.39,50.41,35,SILZ5
2025-11-11 16:08:00+00:00,33,1,42029208,50.415,50.435,50.41,50.42,57,SILZ5
2025-11-11 16:09:00+00:00,33,1,42029208,50.41,50.42,50.37,50.39,41,SILZ5
2025-11-11 16:10:00+00:00,33,1,42029208,50.39,50.42,50.38,50.42,39,SILZ5
2025-11-11 16:11:00+00:00,33,1,42029208,50.42,50.485,50.42,50.475,126,SILZ5
2025-11-11 16:12:00+00:00,33,1,42029208,50.475,50.53,50.475,50.51,174,SILZ5
2025-11-11 16:13:00+00:00,33,1,42029208,50.505,50.52,50.48,50.49,74,SILZ5
2025-11-11 16:14:00+00:00,33,1,42029208,50.495,50.555,50.495,50.545,163,SILZ5
2025-11-11 16:15:00+00:00,33,1,42029208,50.545,50.595,50.545,50.59,119,SILZ5
2025-11-11 16:16:00+00:00,33,1,42029208,50.595,50.61,50.58,50.58,92,SILZ5
2025-11-11 16:17:00+00:00,33,1,42029208,50.585,50.6,50.565,50.595,63,SILZ5
2025-11-11 16:18:00+00:00,33,1,42029208,50.595,50.6,50.565,50.58,49,SILZ5
2025-11-11 16:19:00+00:00,33,1,42029208,50.57,50.595,50.55,50.565,81,SILZ5
2025-11-11 16:20:00+00:00,33,1,42029208,50.58,50.59,50.58,50.58,56,SILZ5
2025-11-11 16:21:00+00:00,33,1,42029208,50.575,50.61,50.575,50.6,57,SILZ5
2025-11-11 16:22:00+00:00,33,1,42029208,50.6,50.66,50.6,50.65,76,SILZ5
2025-11-11 16:23:00+00:00,33,1,42029208,50.66,50.66,50.6,50.605,68,SILZ5
2025-11-11 16:24:00+00:00,33,1,42029208,50.61,50.63,50.6,50.62,36,SILZ5
2025-11-11 16:25:00+00:00,33,1,42029208,50.61,50.63,50.6,50.605,51,SILZ5
2025-11-11 16:26:00+00:00,33,1,42029208,50.6,50.605,50.555,50.555,112,SILZ5
2025-11-11 16:27:00+00:00,33,1,42029208,50.555,50.58,50.5,50.545,134,SILZ5
2025-11-11 16:28:00+00:00,33,1,42029208,50.55,50.58,50.55,50.56,60,SILZ5
2025-11-11 16:29:00+00:00,33,1,42029208,50.56,50.57,50.545,50.565,80,SILZ5
2025-11-11 16:30:00+00:00,33,1,42029208,50.55,50.56,50.47,50.48,83,SILZ5
2025-11-11 16:31:00+00:00,33,1,42029208,50.48,50.52,50.455,50.495,110,SILZ5
2025-11-11 16:32:00+00:00,33,1,42029208,50.49,50.535,50.49,50.51,60,SILZ5
2025-11-11 16:33:00+00:00,33,1,42029208,50.505,50.55,50.505,50.545,74,SILZ5
2025-11-11 16:34:00+00:00,33,1,42029208,50.55,50.55,50.51,50.525,20,SILZ5
2025-11-11 16:35:00+00:00,33,1,42029208,50.525,50.56,50.525,50.56,23,SILZ5
2025-11-11 16:36:00+00:00,33,1,42029208,50.56,50.605,50.56,50.585,94,SILZ5
2025-11-11 16:37:00+00:00,33,1,42029208,50.585,50.59,50.57,50.575,56,SILZ5
2025-11-11 16:38:00+00:00,33,1,42029208,50.57,50.575,50.535,50.56,60,SILZ5
2025-11-11 16:39:00+00:00,33,1,42029208,50.56,50.57,50.555,50.555,28,SILZ5
2025-11-11 16:40:00+00:00,33,1,42029208,50.565,50.59,50.555,50.57,61,SILZ5
2025-11-11 16:41:00+00:00,33,1,42029208,50.57,50.6,50.565,50.59,15,SILZ5
2025-11-11 16:42:00+00:00,33,1,42029208,50.6,50.62,50.595,50.595,74,SILZ5
2025-11-11 16:43:00+00:00,33,1,42029208,50.595,50.6,50.58,50.58,31,SILZ5
2025-11-11 16:44:00+00:00,33,1,42029208,50.585,50.6,50.57,50.585,36,SILZ5
2025-11-11 16:45:00+00:00,33,1,42029208,50.59,50.595,50.565,50.575,15,SILZ5
2025-11-11 16:46:00+00:00,33,1,42029208,50.575,50.59,50.575,50.59,9,SILZ5
2025-11-11 16:47:00+00:00,33,1,42029208,50.585,50.595,50.565,50.565,15,SILZ5
2025-11-11 16:48:00+00:00,33,1,42029208,50.565,50.59,50.565,50.59,19,SILZ5
2025-11-11 16:49:00+00:00,33,1,42029208,50.59,50.67,50.59,50.67,72,SILZ5
2025-11-11 16:50:00+00:00,33,1,42029208,50.665,50.67,50.625,50.64,77,SILZ5
2025-11-11 16:51:00+00:00,33,1,42029208,50.635,50.645,50.61,50.615,44,SILZ5
2025-11-11 16:52:00+00:00,33,1,42029208,50.615,50.615,50.59,50.61,51,SILZ5
2025-11-11 16:53:00+00:00,33,1,42029208,50.605,50.63,50.605,50.62,14,SILZ5
2025-11-11 16:54:00+00:00,33,1,42029208,50.625,50.635,50.62,50.63,13,SILZ5
2025-11-11 16:55:00+00:00,33,1,42029208,50.64,50.645,50.61,50.61,30,SILZ5
2025-11-11 16:56:00+00:00,33,1,42029208,50.605,50.605,50.57,50.575,32,SILZ5
2025-11-11 16:57:00+00:00,33,1,42029208,50.565,50.59,50.565,50.58,29,SILZ5
2025-11-11 16:58:00+00:00,33,1,42029208,50.585,50.585,50.57,50.57,35,SILZ5
2025-11-11 16:59:00+00:00,33,1,42029208,50.57,50.575,50.565,50.565,20,SILZ5
2025-11-11 17:00:00+00:00,33,1,42029208,50.565,50.595,50.545,50.575,72,SILZ5
2025-11-11 17:01:00+00:00,33,1,42029208,50.59,50.625,50.59,50.605,33,SILZ5
2025-11-11 17:02:00+00:00,33,1,42029208,50.605,50.61,50.58,50.58,22,SILZ5
2025-11-11 17:03:00+00:00,33,1,42029208,50.575,50.625,50.575,50.625,24,SILZ5
2025-11-11 17:04:00+00:00,33,1,42029208,50.615,50.62,50.6,50.61,14,SILZ5
2025-11-11 17:05:00+00:00,33,1,42029208,50.62,50.635,50.61,50.625,20,SILZ5
2025-11-11 17:06:00+00:00,33,1,42029208,50.625,50.715,50.625,50.69,113,SILZ5
2025-11-11 17:07:00+00:00,33,1,42029208,50.695,50.7,50.685,50.695,26,SILZ5
2025-11-11 17:08:00+00:00,33,1,42029208,50.71,50.71,50.665,50.675,65,SILZ5
2025-11-11 17:09:00+00:00,33,1,42029208,50.67,50.685,50.67,50.685,40,SILZ5
2025-11-11 17:10:00+00:00,33,1,42029208,50.69,50.71,50.675,50.71,19,SILZ5
2025-11-11 17:11:00+00:00,33,1,42029208,50.7,50.705,50.685,50.695,30,SILZ5
2025-11-11 17:12:00+00:00,33,1,42029208,50.7,50.715,50.695,50.715,27,SILZ5
2025-11-11 17:13:00+00:00,33,1,42029208,50.715,50.715,50.705,50.71,28,SILZ5
2025-11-11 17:14:00+00:00,33,1,42029208,50.715,50.735,50.71,50.71,50,SILZ5
2025-11-11 17:15:00+00:00,33,1,42029208,50.71,50.72,50.69,50.695,64,SILZ5
2025-11-11 17:16:00+00:00,33,1,42029208,50.695,50.72,50.69,50.71,52,SILZ5
2025-11-11 17:17:00+00:00,33,1,42029208,50.71,50.71,50.67,50.68,41,SILZ5
2025-11-11 17:18:00+00:00,33,1,42029208,50.68,50.68,50.635,50.655,74,SILZ5
2025-11-11 17:19:00+00:00,33,1,42029208,50.66,50.705,50.64,50.705,71,SILZ5
2025-11-11 17:20:00+00:00,33,1,42029208,50.7,50.715,50.69,50.715,39,SILZ5
2025-11-11 17:21:00+00:00,33,1,42029208,50.72,50.72,50.655,50.655,28,SILZ5
2025-11-11 17:22:00+00:00,33,1,42029208,50.655,50.675,50.655,50.675,18,SILZ5
2025-11-11 17:23:00+00:00,33,1,42029208,50.67,50.675,50.66,50.66,7,SILZ5
2025-11-11 17:24:00+00:00,33,1,42029208,50.66,50.665,50.645,50.66,22,SILZ5
2025-11-11 17:25:00+00:00,33,1,42029208,50.66,50.66,50.645,50.645,7,SILZ5
2025-11-11 17:26:00+00:00,33,1,42029208,50.645,50.655,50.625,50.635,40,SILZ5
2025-11-11 17:27:00+00:00,33,1,42029208,50.635,50.665,50.62,50.665,43,SILZ5
2025-11-11 17:28:00+00:00,33,1,42029208,50.665,50.69,50.665,50.69,28,SILZ5
2025-11-11 17:29:00+00:00,33,1,42029208,50.69,50.69,50.68,50.685,7,SILZ5
2025-11-11 17:30:00+00:00,33,1,42029208,50.68,50.7,50.68,50.7,10,SILZ5
2025-11-11 17:31:00+00:00,33,1,42029208,50.685,50.685,50.665,50.665,9,SILZ5
2025-11-11 17:32:00+00:00,33,1,42029208,50.67,50.675,50.645,50.655,33,SILZ5
2025-11-11 17:33:00+00:00,33,1,42029208,50.64,50.645,50.635,50.645,25,SILZ5
2025-11-11 17:34:00+00:00,33,1,42029208,50.635,50.64,50.625,50.625,17,SILZ5
2025-11-11 17:35:00+00:00,33,1,42029208,50.63,50.655,50.625,50.63,21,SILZ5
2025-11-11 17:36:00+00:00,33,1,42029208,50.63,50.645,50.63,50.645,8,SILZ5
2025-11-11 17:37:00+00:00,33,1,42029208,50.645,50.65,50.635,50.635,12,SILZ5
2025-11-11 17:38:00+00:00,33,1,42029208,50.645,50.665,50.645,50.66,12,SILZ5
2025-11-11 17:39:00+00:00,33,1,42029208,50.66,50.68,50.66,50.68,12,SILZ5
2025-11-11 17:40:00+00:00,33,1,42029208,50.675,50.695,50.675,50.685,31,SILZ5
2025-11-11 17:41:00+00:00,33,1,42029208,50.68,50.68,50.655,50.655,11,SILZ5
2025-11-11 17:42:00+00:00,33,1,42029208,50.66,50.68,50.66,50.675,17,SILZ5
2025-11-11 17:43:00+00:00,33,1,42029208,50.67,50.67,50.665,50.67,10,SILZ5
2025-11-11 17:44:00+00:00,33,1,42029208,50.67,50.685,50.67,50.68,30,SILZ5
2025-11-11 17:45:00+00:00,33,1,42029208,50.675,50.695,50.665,50.665,35,SILZ5
2025-11-11 17:46:00+00:00,33,1,42029208,50.665,50.665,50.65,50.655,51,SILZ5
2025-11-11 17:47:00+00:00,33,1,42029208,50.655,50.67,50.655,50.665,14,SILZ5
2025-11-11 17:48:00+00:00,33,1,42029208,50.665,50.7,50.665,50.7,58,SILZ5
2025-11-11 17:49:00+00:00,33,1,42029208,50.695,50.695,50.685,50.69,21,SILZ5
2025-11-11 17:50:00+00:00,33,1,42029208,50.7,50.705,50.69,50.69,18,SILZ5
2025-11-11 17:51:00+00:00,33,1,42029208,50.69,50.71,50.69,50.71,14,SILZ5
2025-11-11 17:52:00+00:00,33,1,42029208,50.71,50.74,50.71,50.735,31,SILZ5
2025-11-11 17:53:00+00:00,33,1,42029208,50.74,50.745,50.715,50.72,29,SILZ5
2025-11-11 17:54:00+00:00,33,1,42029208,50.715,50.72,50.705,50.71,34,SILZ5
2025-11-11 17:55:00+00:00,33,1,42029208,50.71,50.73,50.705,50.72,39,SILZ5
2025-11-11 17:56:00+00:00,33,1,42029208,50.715,50.715,50.705,50.705,5,SILZ5
2025-11-11 17:57:00+00:00,33,1,42029208,50.715,50.735,50.715,50.735,7,SILZ5
2025-11-11 17:58:00+00:00,33,1,42029208,50.73,50.735,50.705,50.715,19,SILZ5
2025-11-11 17:59:00+00:00,33,1,42029208,50.71,50.71,50.705,50.705,7,SILZ5
2025-11-11 18:00:00+00:00,33,1,42029208,50.7,50.7,50.69,50.695,31,SILZ5
2025-11-11 18:01:00+00:00,33,1,42029208,50.695,50.715,50.695,50.715,17,SILZ5
2025-11-11 18:02:00+00:00,33,1,42029208,50.69,50.695,50.69,50.695,4,SILZ5
2025-11-11 18:03:00+00:00,33,1,42029208,50.685,50.7,50.66,50.695,43,SILZ5
2025-11-11 18:04:00+00:00,33,1,42029208,50.69,50.69,50.685,50.685,13,SILZ5
2025-11-11 18:05:00+00:00,33,1,42029208,50.69,50.71,50.685,50.695,24,SILZ5
2025-11-11 18:06:00+00:00,33,1,42029208,50.68,50.7,50.675,50.7,19,SILZ5
2025-11-11 18:07:00+00:00,33,1,42029208,50.7,50.725,50.7,50.72,14,SILZ5
2025-11-11 18:08:00+00:00,33,1,42029208,50.725,50.725,50.7,50.7,6,SILZ5
2025-11-11 18:09:00+00:00,33,1,42029208,50.7,50.7,50.69,50.695,12,SILZ5
2025-11-11 18:10:00+00:00,33,1,42029208,50.695,50.7,50.69,50.7,15,SILZ5
2025-11-11 18:11:00+00:00,33,1,42029208,50.69,50.695,50.625,50.64,57,SILZ5
2025-11-11 18:12:00+00:00,33,1,42029208,50.645,50.675,50.64,50.66,23,SILZ5
2025-11-11 18:13:00+00:00,33,1,42029208,50.67,50.675,50.635,50.675,32,SILZ5
2025-11-11 18:14:00+00:00,33,1,42029208,50.68,50.68,50.645,50.645,19,SILZ5
2025-11-11 18:15:00+00:00,33,1,42029208,50.655,50.655,50.635,50.655,26,SILZ5
2025-11-11 18:16:00+00:00,33,1,42029208,50.66,50.685,50.66,50.68,43,SILZ5
2025-11-11 18:17:00+00:00,33,1,42029208,50.695,50.705,50.69,50.695,16,SILZ5
2025-11-11 18:18:00+00:00,33,1,42029208,50.7,50.735,50.695,50.73,39,SILZ5
2025-11-11 18:19:00+00:00,33,1,42029208,50.735,50.735,50.71,50.72,29,SILZ5
2025-11-11 18:20:00+00:00,33,1,42029208,50.725,50.74,50.715,50.73,30,SILZ5
2025-11-11 18:21:00+00:00,33,1,42029208,50.73,50.74,50.73,50.74,31,SILZ5
2025-11-11 18:22:00+00:00,33,1,42029208,50.74,50.74,50.715,50.74,39,SILZ5
2025-11-11 18:23:00+00:00,33,1,42029208,50.735,50.74,50.72,50.73,26,SILZ5
2025-11-11 18:24:00+00:00,33,1,42029208,50.715,50.76,50.715,50.75,102,SILZ5
2025-11-11 18:25:00+00:00,33,1,42029208,50.75,50.775,50.745,50.755,62,SILZ5
2025-11-11 18:26:00+00:00,33,1,42029208,50.76,50.775,50.745,50.755,38,SILZ5
2025-11-11 18:27:00+00:00,33,1,42029208,50.765,50.765,50.745,50.745,7,SILZ5
2025-11-11 18:28:00+00:00,33,1,42029208,50.755,50.77,50.75,50.76,9,SILZ5
2025-11-11 18:29:00+00:00,33,1,42029208,50.77,50.785,50.755,50.785,34,SILZ5
2025-11-11 18:30:00+00:00,33,1,42029208,50.78,50.79,50.775,50.785,36,SILZ5
2025-11-11 18:31:00+00:00,33,1,42029208,50.79,50.815,50.78,50.785,68,SILZ5
2025-11-11 18:32:00+00:00,33,1,42029208,50.79,50.79,50.735,50.75,56,SILZ5
2025-11-11 18:33:00+00:00,33,1,42029208,50.75,50.765,50.74,50.75,38,SILZ5
2025-11-11 18:34:00+00:00,33,1,42029208,50.765,50.785,50.76,50.785,11,SILZ5
2025-11-11 18:35:00+00:00,33,1,42029208,50.78,50.785,50.75,50.76,32,SILZ5
2025-11-11 18:36:00+00:00,33,1,42029208,50.755,50.755,50.73,50.745,21,SILZ5
2025-11-11 18:37:00+00:00,33,1,42029208,50.745,50.805,50.735,50.805,19,SILZ5
2025-11-11 18:38:00+00:00,33,1,42029208,50.8,50.815,50.8,50.8,18,SILZ5
2025-11-11 18:39:00+00:00,33,1,42029208,50.805,50.81,50.785,50.81,43,SILZ5
2025-11-11 18:40:00+00:00,33,1,42029208,50.82,50.835,50.815,50.83,50,SILZ5
2025-11-11 18:41:00+00:00,33,1,42029208,50.835,50.845,50.825,50.825,25,SILZ5
2025-11-11 18:42:00+00:00,33,1,42029208,50.82,50.82,50.795,50.795,15,SILZ5
2025-11-11 18:43:00+00:00,33,1,42029208,50.79,50.795,50.785,50.79,10,SILZ5
2025-11-11 18:44:00+00:00,33,1,42029208,50.79,50.79,50.765,50.775,10,SILZ5
2025-11-11 18:45:00+00:00,33,1,42029208,50.78,50.79,50.77,50.79,12,SILZ5
2025-11-11 18:46:00+00:00,33,1,42029208,50.79,50.81,50.785,50.81,25,SILZ5
2025-11-11 18:47:00+00:00,33,1,42029208,50.815,50.82,50.815,50.82,13,SILZ5
2025-11-11 18:48:00+00:00,33,1,42029208,50.805,50.84,50.805,50.83,26,SILZ5
2025-11-11 18:49:00+00:00,33,1,42029208,50.825,50.84,50.825,50.84,8,SILZ5
2025-11-11 18:50:00+00:00,33,1,42029208,50.84,50.845,50.825,50.83,17,SILZ5
2025-11-11 18:51:00+00:00,33,1,42029208,50.835,50.845,50.835,50.84,9,SILZ5
2025-11-11 18:52:00+00:00,33,1,42029208,50.84,50.855,50.84,50.855,22,SILZ5
2025-11-11 18:53:00+00:00,33,1,42029208,50.845,50.875,50.845,50.85,32,SILZ5
2025-11-11 18:54:00+00:00,33,1,42029208,50.855,50.87,50.85,50.865,39,SILZ5
2025-11-11 18:55:00+00:00,33,1,42029208,50.87,50.89,50.865,50.875,27,SILZ5
2025-11-11 18:56:00+00:00,33,1,42029208,50.875,50.895,50.875,50.89,30,SILZ5
2025-11-11 18:57:00+00:00,33,1,42029208,50.895,50.895,50.885,50.89,9,SILZ5
2025-11-11 18:58:00+00:00,33,1,42029208,50.885,50.885,50.87,50.88,18,SILZ5
2025-11-11 18:59:00+00:00,33,1,42029208,50.875,50.89,50.875,50.885,21,SILZ5
2025-11-11 19:00:00+00:00,33,1,42029208,50.875,50.885,50.855,50.855,37,SILZ5
2025-11-11 19:01:00+00:00,33,1,42029208,50.86,50.86,50.815,50.83,40,SILZ5
2025-11-11 19:02:00+00:00,33,1,42029208,50.83,50.88,50.83,50.88,31,SILZ5
2025-11-11 19:03:00+00:00,33,1,42029208,50.875,50.895,50.875,50.895,17,SILZ5
2025-11-11 19:04:00+00:00,33,1,42029208,50.895,50.91,50.885,50.905,70,SILZ5
2025-11-11 19:05:00+00:00,33,1,42029208,50.9,50.91,50.895,50.9,22,SILZ5
2025-11-11 19:06:00+00:00,33,1,42029208,50.91,50.91,50.89,50.89,25,SILZ5
2025-11-11 19:07:00+00:00,33,1,42029208,50.895,50.905,50.885,50.885,9,SILZ5
2025-11-11 19:08:00+00:00,33,1,42029208,50.88,50.89,50.88,50.88,9,SILZ5
2025-11-11 19:09:00+00:00,33,1,42029208,50.88,50.895,50.88,50.89,17,SILZ5
2025-11-11 19:10:00+00:00,33,1,42029208,50.89,50.89,50.885,50.89,14,SILZ5
2025-11-11 19:11:00+00:00,33,1,42029208,50.895,50.9,50.895,50.895,13,SILZ5
2025-11-11 19:12:00+00:00,33,1,42029208,50.905,50.92,50.905,50.915,11,SILZ5
2025-11-11 19:13:00+00:00,33,1,42029208,50.905,50.92,50.905,50.915,21,SILZ5
2025-11-11 19:14:00+00:00,33,1,42029208,50.91,50.91,50.9,50.905,16,SILZ5
2025-11-11 19:15:00+00:00,33,1,42029208,50.905,50.91,50.9,50.905,10,SILZ5
2025-11-11 19:16:00+00:00,33,1,42029208,50.905,50.915,50.905,50.91,8,SILZ5
2025-11-11 19:17:00+00:00,33,1,42029208,50.91,50.915,50.905,50.915,10,SILZ5
2025-11-11 19:18:00+00:00,33,1,42029208,50.905,50.91,50.9,50.905,20,SILZ5
2025-11-11 19:19:00+00:00,33,1,42029208,50.9,50.91,50.885,50.89,33,SILZ5
2025-11-11 19:20:00+00:00,33,1,42029208,50.895,50.895,50.885,50.895,11,SILZ5
2025-11-11 19:21:00+00:00,33,1,42029208,50.88,50.88,50.88,50.88,7,SILZ5
2025-11-11 19:22:00+00:00,33,1,42029208,50.875,50.885,50.875,50.885,9,SILZ5
2025-11-11 19:23:00+00:00,33,1,42029208,50.88,50.885,50.88,50.885,3,SILZ5
2025-11-11 19:24:00+00:00,33,1,42029208,50.89,50.905,50.885,50.9,24,SILZ5
2025-11-11 19:25:00+00:00,33,1,42029208,50.9,50.9,50.885,50.89,15,SILZ5
2025-11-11 19:26:00+00:00,33,1,42029208,50.885,50.895,50.885,50.895,4,SILZ5
2025-11-11 19:27:00+00:00,33,1,42029208,50.895,50.9,50.895,50.895,9,SILZ5
2025-11-11 19:28:00+00:00,33,1,42029208,50.895,50.905,50.885,50.9,16,SILZ5
2025-11-11 19:29:00+00:00,33,1,42029208,50.905,50.905,50.9,50.9,3,SILZ5
2025-11-11 19:30:00+00:00,33,1,42029208,50.91,50.95,50.91,50.95,59,SILZ5
2025-11-11 19:31:00+00:00,33,1,42029208,50.945,50.955,50.94,50.94,43,SILZ5
2025-11-11 19:32:00+00:00,33,1,42029208,50.945,50.96,50.94,50.95,26,SILZ5
2025-11-11 19:33:00+00:00,33,1,42029208,50.945,50.945,50.93,50.94,25,SILZ5
2025-11-11 19:34:00+00:00,33,1,42029208,50.935,50.935,50.915,50.92,6,SILZ5
2025-11-11 19:35:00+00:00,33,1,42029208,50.925,50.93,50.925,50.93,2,SILZ5
2025-11-11 19:36:00+00:00,33,1,42029208,50.925,50.94,50.925,50.94,9,SILZ5
2025-11-11 19:37:00+00:00,33,1,42029208,50.945,50.96,50.94,50.96,26,SILZ5
2025-11-11 19:38:00+00:00,33,1,42029208,50.96,50.965,50.95,50.95,11,SILZ5
2025-11-11 19:39:00+00:00,33,1,42029208,50.945,50.955,50.945,50.955,7,SILZ5
2025-11-11 19:40:00+00:00,33,1,42029208,50.96,50.98,50.96,50.98,25,SILZ5
2025-11-11 19:41:00+00:00,33,1,42029208,50.98,50.98,50.965,50.965,19,SILZ5
2025-11-11 19:42:00+00:00,33,1,42029208,50.97,50.97,50.95,50.96,28,SILZ5
2025-11-11 19:43:00+00:00,33,1,42029208,50.965,50.97,50.96,50.96,6,SILZ5
2025-11-11 19:44:00+00:00,33,1,42029208,50.97,50.985,50.965,50.975,25,SILZ5
2025-11-11 19:45:00+00:00,33,1,42029208,50.98,50.99,50.97,50.985,20,SILZ5
2025-11-11 19:46:00+00:00,33,1,42029208,50.975,50.99,50.975,50.99,13,SILZ5
2025-11-11 19:47:00+00:00,33,1,42029208,50.99,51.0,50.985,51.0,31,SILZ5
2025-11-11 19:48:00+00:00,33,1,42029208,50.995,51.01,50.995,51.005,21,SILZ5
2025-11-11 19:49:00+00:00,33,1,42029208,51.0,51.005,50.995,50.995,16,SILZ5
2025-11-11 19:50:00+00:00,33,1,42029208,50.99,50.99,50.98,50.985,34,SILZ5
2025-11-11 19:51:00+00:00,33,1,42029208,50.995,50.995,50.98,50.99,27,SILZ5
2025-11-11 19:52:00+00:00,33,1,42029208,50.985,50.985,50.96,50.965,30,SILZ5
2025-11-11 19:53:00+00:00,33,1,42029208,50.965,50.98,50.965,50.98,13,SILZ5
2025-11-11 19:54:00+00:00,33,1,42029208,50.975,50.99,50.975,50.98,25,SILZ5
2025-11-11 19:55:00+00:00,33,1,42029208,50.98,50.98,50.97,50.975,9,SILZ5
2025-11-11 19:56:00+00:00,33,1,42029208,50.975,50.98,50.96,50.96,12,SILZ5
2025-11-11 19:57:00+00:00,33,1,42029208,50.96,50.965,50.94,50.94,34,SILZ5
2025-11-11 19:58:00+00:00,33,1,42029208,50.93,50.93,50.885,50.895,78,SILZ5
2025-11-11 19:59:00+00:00,33,1,42029208,50.89,50.895,50.88,50.89,28,SILZ5
2025-11-11 20:00:00+00:00,33,1,42029208,50.9,50.93,50.9,50.915,26,SILZ5
2025-11-11 20:01:00+00:00,33,1,42029208,50.91,50.94,50.905,50.935,20,SILZ5
2025-11-11 20:02:00+00:00,33,1,42029208,50.94,50.945,50.935,50.94,11,SILZ5
2025-11-11 20:03:00+00:00,33,1,42029208,50.935,50.94,50.905,50.905,12,SILZ5
2025-11-11 20:04:00+00:00,33,1,42029208,50.915,50.92,50.915,50.915,6,SILZ5
2025-11-11 20:05:00+00:00,33,1,42029208,50.92,50.93,50.92,50.93,16,SILZ5
2025-11-11 20:06:00+00:00,33,1,42029208,50.94,50.94,50.925,50.935,15,SILZ5
2025-11-11 20:07:00+00:00,33,1,42029208,50.95,50.955,50.94,50.94,9,SILZ5
2025-11-11 20:08:00+00:00,33,1,42029208,50.94,50.96,50.94,50.96,26,SILZ5
2025-11-11 20:09:00+00:00,33,1,42029208,50.96,50.96,50.935,50.94,20,SILZ5
2025-11-11 20:10:00+00:00,33,1,42029208,50.94,50.94,50.94,50.94,3,SILZ5
2025-11-11 20:11:00+00:00,33,1,42029208,50.94,50.945,50.935,50.945,3,SILZ5
2025-11-11 20:12:00+00:00,33,1,42029208,50.95,50.98,50.95,50.975,22,SILZ5
2025-11-11 20:13:00+00:00,33,1,42029208,50.98,50.99,50.975,50.98,27,SILZ5
2025-11-11 20:14:00+00:00,33,1,42029208,50.985,50.985,50.975,50.985,7,SILZ5
2025-11-11 20:15:00+00:00,33,1,42029208,50.99,50.99,50.98,50.99,13,SILZ5
2025-11-11 20:16:00+00:00,33,1,42029208,50.985,50.99,50.965,50.97,21,SILZ5
2025-11-11 20:17:00+00:00,33,1,42029208,50.975,50.98,50.96,50.96,16,SILZ5
2025-11-11 20:18:00+00:00,33,1,42029208,50.97,50.975,50.97,50.97,9,SILZ5
2025-11-11 20:19:00+00:00,33,1,42029208,50.965,50.97,50.965,50.965,8,SILZ5
2025-11-11 20:20:00+00:00,33,1,42029208,50.97,50.97,50.955,50.955,5,SILZ5
2025-11-11 20:21:00+00:00,33,1,42029208,50.96,50.96,50.955,50.96,5,SILZ5
2025-11-11 20:22:00+00:00,33,1,42029208,50.95,50.95,50.95,50.95,4,SILZ5
2025-11-11 20:23:00+00:00,33,1,42029208,50.95,50.96,50.945,50.945,11,SILZ5
2025-11-11 20:24:00+00:00,33,1,42029208,50.945,50.95,50.945,50.945,8,SILZ5
2025-11-11 20:25:00+00:00,33,1,42029208,50.94,50.955,50.94,50.955,10,SILZ5
2025-11-11 20:26:00+00:00,33,1,42029208,50.955,50.97,50.955,50.955,12,SILZ5
2025-11-11 20:27:00+00:00,33,1,42029208,50.945,50.945,50.945,50.945,2,SILZ5
2025-11-11 20:28:00+00:00,33,1,42029208,50.93,50.935,50.925,50.925,15,SILZ5
2025-11-11 20:29:00+00:00,33,1,42029208,50.925,50.935,50.92,50.935,23,SILZ5
2025-11-11 20:30:00+00:00,33,1,42029208,50.935,50.935,50.925,50.93,9,SILZ5
2025-11-11 20:31:00+00:00,33,1,42029208,50.93,50.93,50.905,50.915,15,SILZ5
2025-11-11 20:32:00+00:00,33,1,42029208,50.92,50.92,50.915,50.915,9,SILZ5
2025-11-11 20:33:00+00:00,33,1,42029208,50.92,50.945,50.92,50.945,16,SILZ5
2025-11-11 20:34:00+00:00,33,1,42029208,50.945,50.96,50.935,50.96,23,SILZ5
2025-11-11 20:35:00+00:00,33,1,42029208,50.965,50.965,50.955,50.955,10,SILZ5
2025-11-11 20:36:00+00:00,33,1,42029208,50.96,50.98,50.96,50.975,29,SILZ5
2025-11-11 20:37:00+00:00,33,1,42029208,50.98,50.99,50.97,50.99,16,SILZ5
2025-11-11 20:38:00+00:00,33,1,42029208,50.99,51.005,50.985,51.005,36,SILZ5
2025-11-11 20:39:00+00:00,33,1,42029208,51.01,51.02,51.01,51.015,15,SILZ5
2025-11-11 20:40:00+00:00,33,1,42029208,51.005,51.03,51.005,51.025,43,SILZ5
2025-11-11 20:41:00+00:00,33,1,42029208,51.025,51.035,51.025,51.025,25,SILZ5
2025-11-11 20:42:00+00:00,33,1,42029208,51.025,51.03,51.015,51.025,26,SILZ5
2025-11-11 20:43:00+00:00,33,1,42029208,51.03,51.05,51.03,51.035,62,SILZ5
2025-11-11 20:44:00+00:00,33,1,42029208,51.035,51.045,51.03,51.04,25,SILZ5
2025-11-11 20:45:00+00:00,33,1,42029208,51.04,51.05,51.035,51.045,63,SILZ5
2025-11-11 20:46:00+00:00,33,1,42029208,51.035,51.04,51.025,51.04,19,SILZ5
2025-11-11 20:47:00+00:00,33,1,42029208,51.035,51.04,51.03,51.04,14,SILZ5
2025-11-11 20:48:00+00:00,33,1,42029208,51.04,51.06,51.035,51.05,33,SILZ5
2025-11-11 20:49:00+00:00,33,1,42029208,51.05,51.055,51.04,51.05,21,SILZ5
2025-11-11 20:50:00+00:00,33,1,42029208,51.045,51.05,51.04,51.05,14,SILZ5
2025-11-11 20:51:00+00:00,33,1,42029208,51.04,51.045,51.035,51.045,9,SILZ5
2025-11-11 20:52:00+00:00,33,1,42029208,51.045,51.06,51.04,51.055,22,SILZ5
2025-11-11 20:53:00+00:00,33,1,42029208,51.055,51.075,51.055,51.065,22,SILZ5
2025-11-11 20:54:00+00:00,33,1,42029208,51.065,51.085,51.06,51.08,59,SILZ5
2025-11-11 20:55:00+00:00,33,1,42029208,51.075,51.13,51.075,51.095,154,SILZ5
2025-11-11 20:56:00+00:00,33,1,42029208,51.1,51.11,51.09,51.105,26,SILZ5
2025-11-11 20:57:00+00:00,33,1,42029208,51.105,51.11,51.075,51.075,42,SILZ5
2025-11-11 20:58:00+00:00,33,1,42029208,51.08,51.08,51.05,51.06,68,SILZ5
2025-11-11 20:59:00+00:00,33,1,42029208,51.06,51.09,51.06,51.085,50,SILZ5
2025-11-11 21:00:00+00:00,33,1,42029208,51.075,51.085,51.06,51.085,52,SILZ5
2025-11-11 21:01:00+00:00,33,1,42029208,51.08,51.095,51.075,51.075,21,SILZ5
2025-11-11 21:02:00+00:00,33,1,42029208,51.065,51.07,51.06,51.065,15,SILZ5
2025-11-11 21:03:00+00:00,33,1,42029208,51.055,51.055,51.04,51.045,35,SILZ5
2025-11-11 21:04:00+00:00,33,1,42029208,51.045,51.06,51.04,51.06,13,SILZ5
2025-11-11 21:05:00+00:00,33,1,42029208,51.065,51.075,51.06,51.07,12,SILZ5
2025-11-11 21:06:00+00:00,33,1,42029208,51.07,51.07,51.06,51.065,14,SILZ5
2025-11-11 21:07:00+00:00,33,1,42029208,51.07,51.07,51.07,51.07,1,SILZ5
2025-11-11 21:08:00+00:00,33,1,42029208,51.065,51.07,51.065,51.07,11,SILZ5
2025-11-11 21:09:00+00:00,33,1,42029208,51.075,51.09,51.07,51.07,35,SILZ5
2025-11-11 21:10:00+00:00,33,1,42029208,51.075,51.08,51.065,51.075,17,SILZ5
2025-11-11 21:11:00+00:00,33,1,42029208,51.08,51.085,51.075,51.085,6,SILZ5
2025-11-11 21:12:00+00:00,33,1,42029208,51.085,51.095,51.085,51.09,7,SILZ5
2025-11-11 21:13:00+00:00,33,1,42029208,51.095,51.095,51.09,51.09,4,SILZ5
2025-11-11 21:14:00+00:00,33,1,42029208,51.1,51.1,51.09,51.1,29,SILZ5
2025-11-11 21:15:00+00:00,33,1,42029208,51.1,51.11,51.095,51.095,15,SILZ5
2025-11-11 21:16:00+00:00,33,1,42029208,51.095,51.095,51.09,51.09,5,SILZ5
2025-11-11 21:17:00+00:00,33,1,42029208,51.085,51.085,51.075,51.08,15,SILZ5
2025-11-11 21:18:00+00:00,33,1,42029208,51.085,51.085,51.08,51.08,8,SILZ5
2025-11-11 21:19:00+00:00,33,1,42029208,51.085,51.09,51.075,51.075,8,SILZ5
2025-11-11 21:20:00+00:00,33,1,42029208,51.06,51.07,51.06,51.065,11,SILZ5
2025-11-11 21:21:00+00:00,33,1,42029208,51.075,51.075,51.06,51.06,5,SILZ5
2025-11-11 21:22:00+00:00,33,1,42029208,51.06,51.065,51.055,51.065,14,SILZ5
2025-11-11 21:23:00+00:00,33,1,42029208,51.065,51.065,51.055,51.055,3,SILZ5
2025-11-11 21:24:00+00:00,33,1,42029208,51.05,51.05,51.025,51.035,35,SILZ5
2025-11-11 21:25:00+00:00,33,1,42029208,51.035,51.035,51.03,51.03,10,SILZ5
2025-11-11 21:26:00+00:00,33,1,42029208,51.025,51.05,51.0,51.045,54,SILZ5
2025-11-11 21:27:00+00:00,33,1,42029208,51.045,51.07,51.045,51.065,23,SILZ5
2025-11-11 21:28:00+00:00,33,1,42029208,51.065,51.065,51.065,51.065,5,SILZ5
2025-11-11 21:29:00+00:00,33,1,42029208,51.065,51.065,51.055,51.055,10,SILZ5
2025-11-11 21:30:00+00:00,33,1,42029208,51.06,51.06,51.04,51.04,13,SILZ5
2025-11-11 21:31:00+00:00,33,1,42029208,51.04,51.055,51.04,51.045,9,SILZ5
2025-11-11 21:32:00+00:00,33,1,42029208,51.04,51.04,51.04,51.04,5,SILZ5
2025-11-11 21:33:00+00:00,33,1,42029208,51.03,51.04,51.025,51.04,8,SILZ5
2025-11-11 21:34:00+00:00,33,1,42029208,51.04,51.065,51.04,51.065,28,SILZ5
2025-11-11 21:35:00+00:00,33,1,42029208,51.065,51.075,51.065,51.075,6,SILZ5
2025-11-11 21:36:00+00:00,33,1,42029208,51.075,51.075,51.06,51.065,9,SILZ5
2025-11-11 21:37:00+00:00,33,1,42029208,51.065,51.07,51.06,51.06,7,SILZ5
2025-11-11 21:38:00+00:00,33,1,42029208,51.07,51.085,51.07,51.07,23,SILZ5
2025-11-11 21:39:00+00:00,33,1,42029208,51.07,51.08,51.07,51.075,5,SILZ5
2025-11-11 21:40:00+00:00,33,1,42029208,51.075,51.08,51.075,51.08,6,SILZ5
2025-11-11 21:41:00+00:00,33,1,42029208,51.08,51.08,51.07,51.07,8,SILZ5
2025-11-11 21:42:00+00:00,33,1,42029208,51.07,51.085,51.07,51.08,8,SILZ5
2025-11-11 21:43:00+00:00,33,1,42029208,51.075,51.085,51.075,51.085,8,SILZ5
2025-11-11 21:44:00+00:00,33,1,42029208,51.08,51.09,51.08,51.09,2,SILZ5
2025-11-11 21:45:00+00:00,33,1,42029208,51.085,51.11,51.08,51.095,28,SILZ5
2025-11-11 21:46:00+00:00,33,1,42029208,51.09,51.095,51.09,51.095,3,SILZ5
2025-11-11 21:47:00+00:00,33,1,42029208,51.09,51.095,51.085,51.085,7,SILZ5
2025-11-11 21:48:00+00:00,33,1,42029208,51.085,51.085,51.085,51.085,2,SILZ5
2025-11-11 21:49:00+00:00,33,1,42029208,51.08,51.08,51.075,51.08,9,SILZ5
2025-11-11 21:50:00+00:00,33,1,42029208,51.08,51.08,51.065,51.07,12,SILZ5
2025-11-11 21:51:00+00:00,33,1,42029208,51.075,51.075,51.065,51.07,4,SILZ5
2025-11-11 21:52:00+00:00,33,1,42029208,51.07,51.07,51.07,51.07,1,SILZ5
2025-11-11 21:53:00+00:00,33,1,42029208,51.075,51.075,51.07,51.07,9,SILZ5
2025-11-11 21:54:00+00:00,33,1,42029208,51.06,51.065,51.06,51.065,6,SILZ5
2025-11-11 21:55:00+00:00,33,1,42029208,51.075,51.075,51.07,51.075,6,SILZ5
2025-11-11 21:56:00+00:00,33,1,42029208,51.075,51.075,51.07,51.075,12,SILZ5
2025-11-11 21:57:00+00:00,33,1,42029208,51.08,51.08,51.065,51.075,5,SILZ5
2025-11-11 21:58:00+00:00,33,1,42029208,51.075,51.08,51.065,51.07,8,SILZ5
2025-11-11 21:59:00+00:00,33,1,42029208,51.07,51.085,51.07,51.075,37,SILZ5
2025-11-11 23:00:00+00:00,33,1,42029208,51.03,51.235,51.03,51.17,102,SILZ5
2025-11-11 23:01:00+00:00,33,1,42029208,51.135,51.165,51.125,51.125,25,SILZ5
2025-11-11 23:02:00+00:00,33,1,42029208,51.145,51.185,51.135,51.185,15,SILZ5
2025-11-11 23:03:00+00:00,33,1,42029208,51.17,51.185,51.15,51.18,43,SILZ5
2025-11-11 23:04:00+00:00,33,1,42029208,51.185,51.195,51.17,51.18,26,SILZ5
2025-11-11 23:05:00+00:00,33,1,42029208,51.17,51.175,51.155,51.155,21,SILZ5
2025-11-11 23:06:00+00:00,33,1,42029208,51.155,51.17,51.15,51.16,17,SILZ5
2025-11-11 23:07:00+00:00,33,1,42029208,51.165,51.165,51.155,51.155,2,SILZ5
2025-11-11 23:08:00+00:00,33,1,42029208,51.145,51.15,51.13,51.13,15,SILZ5
2025-11-11 23:09:00+00:00,33,1,42029208,51.13,51.145,51.13,51.14,8,SILZ5
2025-11-11 23:10:00+00:00,33,1,42029208,51.145,51.16,51.145,51.16,9,SILZ5
2025-11-11 23:11:00+00:00,33,1,42029208,51.155,51.195,51.15,51.18,47,SILZ5
2025-11-11 23:12:00+00:00,33,1,42029208,51.18,51.21,51.18,51.205,32,SILZ5
2025-11-11 23:13:00+00:00,33,1,42029208,51.21,51.215,51.185,51.195,24,SILZ5
2025-11-11 23:14:00+00:00,33,1,42029208,51.2,51.225,51.2,51.21,35,SILZ5
2025-11-11 23:15:00+00:00,33,1,42029208,51.21,51.23,51.205,51.22,26,SILZ5
2025-11-11 23:16:00+00:00,33,1,42029208,51.23,51.23,51.21,51.22,20,SILZ5
2025-11-11 23:17:00+00:00,33,1,42029208,51.21,51.21,51.195,51.2,19,SILZ5
2025-11-11 23:18:00+00:00,33,1,42029208,51.21,51.23,51.21,51.23,12,SILZ5
2025-11-11 23:19:00+00:00,33,1,42029208,51.22,51.22,51.205,51.22,13,SILZ5
2025-11-11 23:20:00+00:00,33,1,42029208,51.215,51.225,51.215,51.225,11,SILZ5
2025-11-11 23:21:00+00:00,33,1,42029208,51.22,51.235,51.21,51.21,34,SILZ5
2025-11-11 23:22:00+00:00,33,1,42029208,51.21,51.24,51.205,51.22,31,SILZ5
2025-11-11 23:23:00+00:00,33,1,42029208,51.225,51.225,51.205,51.225,8,SILZ5
2025-11-11 23:24:00+00:00,33,1,42029208,51.22,51.24,51.22,51.235,21,SILZ5
2025-11-11 23:25:00+00:00,33,1,42029208,51.23,51.265,51.225,51.235,63,SILZ5
2025-11-11 23:26:00+00:00,33,1,42029208,51.23,51.24,51.22,51.23,29,SILZ5
2025-11-11 23:27:00+00:00,33,1,42029208,51.23,51.24,51.22,51.235,14,SILZ5
2025-11-11 23:28:00+00:00,33,1,42029208,51.23,51.235,51.225,51.235,12,SILZ5
2025-11-11 23:29:00+00:00,33,1,42029208,51.24,51.265,51.24,51.25,40,SILZ5
2025-11-11 23:30:00+00:00,33,1,42029208,51.25,51.25,51.205,51.22,23,SILZ5
2025-11-11 23:31:00+00:00,33,1,42029208,51.22,51.22,51.2,51.2,29,SILZ5
2025-11-11 23:32:00+00:00,33,1,42029208,51.195,51.22,51.19,51.22,20,SILZ5
2025-11-11 23:33:00+00:00,33,1,42029208,51.225,51.255,51.225,51.255,46,SILZ5
2025-11-11 23:34:00+00:00,33,1,42029208,51.255,51.255,51.23,51.245,34,SILZ5
2025-11-11 23:35:00+00:00,33,1,42029208,51.24,51.27,51.24,51.255,19,SILZ5
2025-11-11 23:36:00+00:00,33,1,42029208,51.255,51.27,51.255,51.255,36,SILZ5
2025-11-11 23:37:00+00:00,33,1,42029208,51.255,51.265,51.24,51.255,24,SILZ5
2025-11-11 23:38:00+00:00,33,1,42029208,51.255,51.255,51.24,51.25,9,SILZ5
2025-11-11 23:39:00+00:00,33,1,42029208,51.255,51.26,51.25,51.25,7,SILZ5
2025-11-11 23:40:00+00:00,33,1,42029208,51.25,51.265,51.245,51.255,12,SILZ5
2025-11-11 23:41:00+00:00,33,1,42029208,51.245,51.255,51.225,51.225,28,SILZ5
2025-11-11 23:42:00+00:00,33,1,42029208,51.23,51.235,51.22,51.235,20,SILZ5
2025-11-11 23:43:00+00:00,33,1,42029208,51.225,51.225,51.215,51.225,8,SILZ5
2025-11-11 23:44:00+00:00,33,1,42029208,51.225,51.23,51.225,51.225,7,SILZ5
2025-11-11 23:45:00+00:00,33,1,42029208,51.22,51.23,51.215,51.215,10,SILZ5
2025-11-11 23:46:00+00:00,33,1,42029208,51.22,51.225,51.2,51.2,22,SILZ5
2025-11-11 23:47:00+00:00,33,1,42029208,51.2,51.2,51.18,51.185,24,SILZ5
2025-11-11 23:48:00+00:00,33,1,42029208,51.185,51.195,51.175,51.18,30,SILZ5
2025-11-11 23:49:00+00:00,33,1,42029208,51.18,51.2,51.18,51.2,28,SILZ5
2025-11-11 23:50:00+00:00,33,1,42029208,51.195,51.22,51.19,51.215,30,SILZ5
2025-11-11 23:51:00+00:00,33,1,42029208,51.215,51.225,51.205,51.22,24,SILZ5
2025-11-11 23:52:00+00:00,33,1,42029208,51.225,51.225,51.215,51.225,15,SILZ5
2025-11-11 23:53:00+00:00,33,1,42029208,51.22,51.22,51.21,51.215,18,SILZ5
2025-11-11 23:54:00+00:00,33,1,42029208,51.215,51.22,51.215,51.22,3,SILZ5
2025-11-11 23:55:00+00:00,33,1,42029208,51.21,51.21,51.195,51.195,11,SILZ5
2025-11-11 23:56:00+00:00,33,1,42029208,51.195,51.205,51.195,51.205,16,SILZ5
2025-11-11 23:57:00+00:00,33,1,42029208,51.205,51.21,51.2,51.2,6,SILZ5
2025-11-11 23:58:00+00:00,33,1,42029208,51.2,51.21,51.195,51.195,10,SILZ5
2025-11-11 23:59:00+00:00,33,1,42029208,51.19,51.19,51.17,51.175,16,SILZ5
2025-11-12 00:00:00+00:00,33,1,42029208,51.18,51.18,51.11,51.16,90,SILZ5
2025-11-12 00:01:00+00:00,33,1,42029208,51.155,51.205,51.15,51.205,41,SILZ5
2025-11-12 00:02:00+00:00,33,1,42029208,51.205,51.225,51.205,51.22,20,SILZ5
2025-11-12 00:03:00+00:00,33,1,42029208,51.22,51.22,51.21,51.215,15,SILZ5
2025-11-12 00:04:00+00:00,33,1,42029208,51.215,51.225,51.215,51.215,8,SILZ5
2025-11-12 00:05:00+00:00,33,1,42029208,51.21,51.225,51.21,51.225,14,SILZ5
2025-11-12 00:06:00+00:00,33,1,42029208,51.23,51.23,51.2,51.2,20,SILZ5
2025-11-12 00:07:00+00:00,33,1,42029208,51.2,51.225,51.2,51.22,12,SILZ5
2025-11-12 00:08:00+00:00,33,1,42029208,51.22,51.245,51.215,51.245,25,SILZ5
2025-11-12 00:09:00+00:00,33,1,42029208,51.245,51.27,51.225,51.225,39,SILZ5
2025-11-12 00:10:00+00:00,33,1,42029208,51.22,51.23,51.205,51.205,12,SILZ5
2025-11-12 00:11:00+00:00,33,1,42029208,51.22,51.225,51.215,51.225,6,SILZ5
2025-11-12 00:12:00+00:00,33,1,42029208,51.22,51.22,51.215,51.22,4,SILZ5
2025-11-12 00:13:00+00:00,33,1,42029208,51.22,51.23,51.22,51.22,15,SILZ5
2025-11-12 00:14:00+00:00,33,1,42029208,51.21,51.22,51.21,51.215,16,SILZ5
2025-11-12 00:15:00+00:00,33,1,42029208,51.205,51.205,51.175,51.2,36,SILZ5
2025-11-12 00:16:00+00:00,33,1,42029208,51.205,51.22,51.205,51.21,11,SILZ5
2025-11-12 00:17:00+00:00,33,1,42029208,51.2,51.2,51.17,51.175,18,SILZ5
2025-11-12 00:18:00+00:00,33,1,42029208,51.18,51.195,51.175,51.19,12,SILZ5
2025-11-12 00:19:00+00:00,33,1,42029208,51.2,51.2,51.185,51.185,17,SILZ5
2025-11-12 00:20:00+00:00,33,1,42029208,51.185,51.195,51.18,51.185,12,SILZ5
2025-11-12 00:21:00+00:00,33,1,42029208,51.18,51.19,51.18,51.19,8,SILZ5
2025-11-12 00:22:00+00:00,33,1,42029208,51.2,51.2,51.195,51.2,14,SILZ5
2025-11-12 00:23:00+00:00,33,1,42029208,51.2,51.205,51.19,51.19,14,SILZ5
2025-11-12 00:24:00+00:00,33,1,42029208,51.19,51.195,51.19,51.19,4,SILZ5
2025-11-12 00:25:00+00:00,33,1,42029208,51.19,51.19,51.17,51.17,24,SILZ5
2025-11-12 00:26:00+00:00,33,1,42029208,51.165,51.18,51.15,51.175,37,SILZ5
2025-11-12 00:27:00+00:00,33,1,42029208,51.17,51.17,51.155,51.17,13,SILZ5
2025-11-12 00:28:00+00:00,33,1,42029208,51.17,51.175,51.17,51.17,8,SILZ5
2025-11-12 00:29:00+00:00,33,1,42029208,51.175,51.18,51.175,51.18,3,SILZ5
2025-11-12 00:30:00+00:00,33,1,42029208,51.185,51.225,51.185,51.215,19,SILZ5
2025-11-12 00:31:00+00:00,33,1,42029208,51.205,51.205,51.18,51.185,15,SILZ5
2025-11-12 00:32:00+00:00,33,1,42029208,51.19,51.22,51.19,51.22,20,SILZ5
2025-11-12 00:33:00+00:00,33,1,42029208,51.21,51.235,51.2,51.22,26,SILZ5
2025-11-12 00:34:00+00:00,33,1,42029208,51.225,51.235,51.215,51.22,17,SILZ5
2025-11-12 00:35:00+00:00,33,1,42029208,51.215,51.24,51.21,51.24,25,SILZ5
2025-11-12 00:36:00+00:00,33,1,42029208,51.24,51.25,51.23,51.23,34,SILZ5
2025-11-12 00:37:00+00:00,33,1,42029208,51.23,51.235,51.215,51.235,15,SILZ5
2025-11-12 00:38:00+00:00,33,1,42029208,51.235,51.235,51.21,51.215,21,SILZ5
2025-11-12 00:39:00+00:00,33,1,42029208,51.205,51.22,51.205,51.22,9,SILZ5
2025-11-12 00:40:00+00:00,33,1,42029208,51.22,51.22,51.2,51.22,41,SILZ5
2025-11-12 00:41:00+00:00,33,1,42029208,51.215,51.225,51.21,51.215,35,SILZ5
2025-11-12 00:42:00+00:00,33,1,42029208,51.215,51.23,51.21,51.23,11,SILZ5
2025-11-12 00:43:00+00:00,33,1,42029208,51.23,51.23,51.22,51.22,23,SILZ5
2025-11-12 00:44:00+00:00,33,1,42029208,51.22,51.225,51.215,51.215,7,SILZ5
2025-11-12 00:45:00+00:00,33,1,42029208,51.22,51.225,51.215,51.22,5,SILZ5
2025-11-12 00:46:00+00:00,33,1,42029208,51.22,51.22,51.185,51.195,16,SILZ5
2025-11-12 00:47:00+00:00,33,1,42029208,51.19,51.195,51.18,51.185,20,SILZ5
2025-11-12 00:48:00+00:00,33,1,42029208,51.19,51.195,51.18,51.195,7,SILZ5
2025-11-12 00:49:00+00:00,33,1,42029208,51.195,51.195,51.18,51.18,7,SILZ5
2025-11-12 00:50:00+00:00,33,1,42029208,51.185,51.19,51.145,51.16,61,SILZ5
2025-11-12 00:51:00+00:00,33,1,42029208,51.16,51.175,51.13,51.135,51,SILZ5
2025-11-12 00:52:00+00:00,33,1,42029208,51.135,51.165,51.13,51.135,40,SILZ5
2025-11-12 00:53:00+00:00,33,1,42029208,51.13,51.145,51.13,51.145,38,SILZ5
2025-11-12 00:54:00+00:00,33,1,42029208,51.135,51.14,51.085,51.1,89,SILZ5
2025-11-12 00:55:00+00:00,33,1,42029208,51.1,51.135,51.1,51.13,52,SILZ5
2025-11-12 00:56:00+00:00,33,1,42029208,51.13,51.135,51.11,51.11,22,SILZ5
2025-11-12 00:57:00+00:00,33,1,42029208,51.11,51.115,51.08,51.095,78,SILZ5
2025-11-12 00:58:00+00:00,33,1,42029208,51.095,51.105,51.06,51.06,63,SILZ5
2025-11-12 00:59:00+00:00,33,1,42029208,51.065,51.065,50.945,51.005,364,SILZ5
2025-11-12 01:00:00+00:00,33,1,42029208,51.005,51.01,50.915,50.955,367,SILZ5
2025-11-12 01:01:00+00:00,33,1,42029208,50.96,50.99,50.89,50.985,165,SILZ5
2025-11-12 01:02:00+00:00,33,1,42029208,50.99,50.995,50.95,50.965,113,SILZ5
2025-11-12 01:03:00+00:00,33,1,42029208,50.96,51.025,50.96,50.975,77,SILZ5
2025-11-12 01:04:00+00:00,33,1,42029208,50.955,51.02,50.945,51.0,108,SILZ5
2025-11-12 01:05:00+00:00,33,1,42029208,51.0,51.085,51.0,51.085,123,SILZ5
2025-11-12 01:06:00+00:00,33,1,42029208,51.075,51.125,51.075,51.095,125,SILZ5
2025-11-12 01:07:00+00:00,33,1,42029208,51.09,51.1,51.08,51.09,39,SILZ5
2025-11-12 01:08:00+00:00,33,1,42029208,51.105,51.12,51.06,51.065,41,SILZ5
2025-11-12 01:09:00+00:00,33,1,42029208,51.055,51.07,51.03,51.05,65,SILZ5
2025-11-12 01:10:00+00:00,33,1,42029208,51.055,51.07,51.025,51.025,36,SILZ5
2025-11-12 01:11:00+00:00,33,1,42029208,51.02,51.03,50.985,51.03,99,SILZ5
2025-11-12 01:12:00+00:00,33,1,42029208,51.035,51.075,51.035,51.05,97,SILZ5
2025-11-12 01:13:00+00:00,33,1,42029208,51.045,51.075,51.045,51.045,32,SILZ5
2025-11-12 01:14:00+00:00,33,1,42029208,51.045,51.055,51.045,51.05,14,SILZ5
2025-11-12 01:15:00+00:00,33,1,42029208,51.05,51.05,51.005,51.015,44,SILZ5
2025-11-12 01:16:00+00:00,33,1,42029208,51.01,51.015,50.98,51.01,65,SILZ5
2025-11-12 01:17:00+00:00,33,1,42029208,51.025,51.03,50.975,50.975,48,SILZ5
2025-11-12 01:18:00+00:00,33,1,42029208,50.98,50.995,50.96,50.98,74,SILZ5
2025-11-12 01:19:00+00:00,33,1,42029208,50.98,50.985,50.945,50.975,45,SILZ5
2025-11-12 01:20:00+00:00,33,1,42029208,50.985,51.0,50.945,50.985,26,SILZ5
2025-11-12 01:21:00+00:00,33,1,42029208,50.97,50.97,50.945,50.955,25,SILZ5
2025-11-12 01:22:00+00:00,33,1,42029208,50.96,50.985,50.96,50.965,21,SILZ5
2025-11-12 01:23:00+00:00,33,1,42029208,50.975,50.995,50.975,50.98,22,SILZ5
2025-11-12 01:24:00+00:00,33,1,42029208,50.98,50.98,50.96,50.97,16,SILZ5
2025-11-12 01:25:00+00:00,33,1,42029208,50.97,50.975,50.95,50.95,37,SILZ5
2025-11-12 01:26:00+00:00,33,1,42029208,50.96,50.975,50.945,50.975,19,SILZ5
2025-11-12 01:27:00+00:00,33,1,42029208,50.98,51.005,50.98,51.005,23,SILZ5
2025-11-12 01:28:00+00:00,33,1,42029208,51.01,51.025,50.975,50.975,41,SILZ5
2025-11-12 01:29:00+00:00,33,1,42029208,50.97,51.01,50.97,50.995,16,SILZ5
2025-11-12 01:30:00+00:00,33,1,42029208,50.995,51.035,50.99,50.99,41,SILZ5
2025-11-12 01:31:00+00:00,33,1,42029208,51.015,51.03,50.955,50.97,38,SILZ5
2025-11-12 01:32:00+00:00,33,1,42029208,50.97,50.995,50.97,50.995,9,SILZ5
2025-11-12 01:33:00+00:00,33,1,42029208,50.99,51.005,50.97,50.985,17,SILZ5
2025-11-12 01:34:00+00:00,33,1,42029208,50.99,50.99,50.975,50.99,13,SILZ5
2025-11-12 01:35:00+00:00,33,1,42029208,50.98,51.03,50.975,51.03,49,SILZ5
2025-11-12 01:36:00+00:00,33,1,42029208,51.03,51.05,51.03,51.045,51,SILZ5
2025-11-12 01:37:00+00:00,33,1,42029208,51.05,51.05,51.01,51.01,25,SILZ5
2025-11-12 01:38:00+00:00,33,1,42029208,51.005,51.01,50.99,51.01,37,SILZ5
2025-11-12 01:39:00+00:00,33,1,42029208,51.025,51.045,51.025,51.03,28,SILZ5
2025-11-12 01:40:00+00:00,33,1,42029208,51.04,51.045,51.02,51.025,21,SILZ5
2025-11-12 01:41:00+00:00,33,1,42029208,51.025,51.06,51.025,51.06,15,SILZ5
2025-11-12 01:42:00+00:00,33,1,42029208,51.065,51.095,51.065,51.075,51,SILZ5
2025-11-12 01:43:00+00:00,33,1,42029208,51.09,51.11,51.09,51.1,41,SILZ5
2025-11-12 01:44:00+00:00,33,1,42029208,51.11,51.15,51.1,51.15,57,SILZ5
2025-11-12 01:45:00+00:00,33,1,42029208,51.14,51.145,51.11,51.115,38,SILZ5
2025-11-12 01:46:00+00:00,33,1,42029208,51.12,51.13,51.105,51.115,17,SILZ5
2025-11-12 01:47:00+00:00,33,1,42029208,51.115,51.13,51.105,51.13,48,SILZ5
2025-11-12 01:48:00+00:00,33,1,42029208,51.12,51.14,51.12,51.13,18,SILZ5
2025-11-12 01:49:00+00:00,33,1,42029208,51.135,51.15,51.135,51.145,35,SILZ5
2025-11-12 01:50:00+00:00,33,1,42029208,51.14,51.17,51.135,51.145,46,SILZ5
2025-11-12 01:51:00+00:00,33,1,42029208,51.15,51.17,51.13,51.135,28,SILZ5
2025-11-12 01:52:00+00:00,33,1,42029208,51.135,51.185,51.135,51.18,36,SILZ5
2025-11-12 01:53:00+00:00,33,1,42029208,51.18,51.2,51.165,51.175,58,SILZ5
2025-11-12 01:54:00+00:00,33,1,42029208,51.18,51.21,51.175,51.205,39,SILZ5
2025-11-12 01:55:00+00:00,33,1,42029208,51.205,51.22,51.19,51.195,47,SILZ5
2025-11-12 01:56:00+00:00,33,1,42029208,51.195,51.195,51.16,51.165,70,SILZ5
2025-11-12 01:57:00+00:00,33,1,42029208,51.175,51.175,51.15,51.155,24,SILZ5
2025-11-12 01:58:00+00:00,33,1,42029208,51.145,51.145,51.11,51.11,33,SILZ5
2025-11-12 01:59:00+00:00,33,1,42029208,51.11,51.145,51.11,51.135,11,SILZ5
2025-11-12 02:00:00+00:00,33,1,42029208,51.135,51.19,51.13,51.175,69,SILZ5
2025-11-12 02:01:00+00:00,33,1,42029208,51.185,51.215,51.18,51.2,60,SILZ5
2025-11-12 02:02:00+00:00,33,1,42029208,51.205,51.215,51.19,51.215,21,SILZ5
2025-11-12 02:03:00+00:00,33,1,42029208,51.215,51.225,51.205,51.22,27,SILZ5
2025-11-12 02:04:00+00:00,33,1,42029208,51.215,51.22,51.2,51.2,20,SILZ5
2025-11-12 02:05:00+00:00,33,1,42029208,51.2,51.2,51.18,51.195,16,SILZ5
2025-11-12 02:06:00+00:00,33,1,42029208,51.19,51.19,51.17,51.17,14,SILZ5
2025-11-12 02:07:00+00:00,33,1,42029208,51.165,51.195,51.155,51.19,23,SILZ5
2025-11-12 02:08:00+00:00,33,1,42029208,51.19,51.195,51.175,51.175,22,SILZ5
2025-11-12 02:09:00+00:00,33,1,42029208,51.19,51.195,51.18,51.18,8,SILZ5
2025-11-12 02:10:00+00:00,33,1,42029208,51.18,51.19,51.175,51.175,7,SILZ5
2025-11-12 02:11:00+00:00,33,1,42029208,51.18,51.18,51.175,51.175,6,SILZ5
2025-11-12 02:12:00+00:00,33,1,42029208,51.18,51.18,51.16,51.18,33,SILZ5
2025-11-12 02:13:00+00:00,33,1,42029208,51.19,51.19,51.175,51.18,9,SILZ5
2025-11-12 02:14:00+00:00,33,1,42029208,51.18,51.2,51.18,51.19,13,SILZ5
2025-11-12 02:15:00+00:00,33,1,42029208,51.19,51.19,51.185,51.185,3,SILZ5
2025-11-12 02:16:00+00:00,33,1,42029208,51.2,51.2,51.185,51.185,10,SILZ5
2025-11-12 02:17:00+00:00,33,1,42029208,51.19,51.2,51.19,51.2,12,SILZ5
2025-11-12 02:18:00+00:00,33,1,42029208,51.205,51.215,51.195,51.195,29,SILZ5
2025-11-12 02:19:00+00:00,33,1,42029208,51.205,51.205,51.195,51.2,10,SILZ5
2025-11-12 02:20:00+00:00,33,1,42029208,51.195,51.195,51.165,51.165,12,SILZ5
2025-11-12 02:21:00+00:00,33,1,42029208,51.165,51.17,51.165,51.17,6,SILZ5
2025-11-12 02:22:00+00:00,33,1,42029208,51.19,51.2,51.185,51.185,8,SILZ5
2025-11-12 02:23:00+00:00,33,1,42029208,51.175,51.18,51.17,51.17,8,SILZ5
2025-11-12 02:24:00+00:00,33,1,42029208,51.175,51.175,51.175,51.175,2,SILZ5
2025-11-12 02:25:00+00:00,33,1,42029208,51.175,51.175,51.165,51.165,8,SILZ5
2025-11-12 02:26:00+00:00,33,1,42029208,51.165,51.17,51.135,51.145,30,SILZ5
2025-11-12 02:27:00+00:00,33,1,42029208,51.15,51.18,51.15,51.18,12,SILZ5
2025-11-12 02:28:00+00:00,33,1,42029208,51.175,51.175,51.16,51.16,8,SILZ5
2025-11-12 02:29:00+00:00,33,1,42029208,51.15,51.16,51.15,51.16,3,SILZ5
2025-11-12 02:30:00+00:00,33,1,42029208,51.15,51.155,51.1,51.12,90,SILZ5
2025-11-12 02:31:00+00:00,33,1,42029208,51.12,51.135,51.1,51.13,25,SILZ5
2025-11-12 02:32:00+00:00,33,1,42029208,51.135,51.18,51.13,51.175,27,SILZ5
2025-11-12 02:33:00+00:00,33,1,42029208,51.155,51.205,51.15,51.18,49,SILZ5
2025-11-12 02:34:00+00:00,33,1,42029208,51.19,51.195,51.17,51.175,23,SILZ5
2025-11-12 02:35:00+00:00,33,1,42029208,51.18,51.18,51.145,51.155,11,SILZ5
2025-11-12 02:36:00+00:00,33,1,42029208,51.15,51.155,51.125,51.15,23,SILZ5
2025-11-12 02:37:00+00:00,33,1,42029208,51.145,51.17,51.145,51.155,24,SILZ5
2025-11-12 02:38:00+00:00,33,1,42029208,51.15,51.165,51.14,51.165,31,SILZ5
2025-11-12 02:39:00+00:00,33,1,42029208,51.17,51.185,51.14,51.15,29,SILZ5
2025-11-12 02:40:00+00:00,33,1,42029208,51.16,51.16,51.13,51.13,11,SILZ5
2025-11-12 02:41:00+00:00,33,1,42029208,51.125,51.125,51.045,51.07,126,SILZ5
2025-11-12 02:42:00+00:00,33,1,42029208,51.075,51.09,51.02,51.045,260,SILZ5
2025-11-12 02:43:00+00:00,33,1,42029208,51.05,51.1,51.045,51.08,45,SILZ5
2025-11-12 02:44:00+00:00,33,1,42029208,51.095,51.12,51.075,51.12,51,SILZ5
2025-11-12 02:45:00+00:00,33,1,42029208,51.105,51.13,51.1,51.13,43,SILZ5
2025-11-12 02:46:00+00:00,33,1,42029208,51.135,51.135,51.08,51.09,19,SILZ5
2025-11-12 02:47:00+00:00,33,1,42029208,51.085,51.085,51.05,51.075,33,SILZ5
2025-11-12 02:48:00+00:00,33,1,42029208,51.065,51.065,51.05,51.065,38,SILZ5
2025-11-12 02:49:00+00:00,33,1,42029208,51.06,51.06,51.035,51.05,41,SILZ5
2025-11-12 02:50:00+00:00,33,1,42029208,51.045,51.065,51.03,51.03,46,SILZ5
2025-11-12 02:51:00+00:00,33,1,42029208,51.03,51.035,50.99,50.995,73,SILZ5
2025-11-12 02:52:00+00:00,33,1,42029208,50.995,51.03,50.995,51.03,33,SILZ5
2025-11-12 02:53:00+00:00,33,1,42029208,51.03,51.05,51.025,51.045,56,SILZ5
2025-11-12 02:54:00+00:00,33,1,42029208,51.045,51.055,51.03,51.035,34,SILZ5
2025-11-12 02:55:00+00:00,33,1,42029208,51.025,51.08,51.025,51.07,36,SILZ5
2025-11-12 02:56:00+00:00,33,1,42029208,51.07,51.07,51.04,51.045,25,SILZ5
2025-11-12 02:57:00+00:00,33,1,42029208,51.04,51.05,51.03,51.05,18,SILZ5
2025-11-12 02:58:00+00:00,33,1,42029208,51.06,51.07,51.06,51.06,7,SILZ5
2025-11-12 02:59:00+00:00,33,1,42029208,51.075,51.095,51.075,51.085,47,SILZ5
2025-11-12 03:00:00+00:00,33,1,42029208,51.085,51.09,51.07,51.085,32,SILZ5
2025-11-12 03:01:00+00:00,33,1,42029208,51.08,51.13,51.08,51.13,40,SILZ5
2025-11-12 03:02:00+00:00,33,1,42029208,51.13,51.13,51.085,51.085,29,SILZ5
2025-11-12 03:03:00+00:00,33,1,42029208,51.075,51.075,51.03,51.055,53,SILZ5
2025-11-12 03:04:00+00:00,33,1,42029208,51.05,51.05,51.005,51.005,36,SILZ5
2025-11-12 03:05:00+00:00,33,1,42029208,51.005,51.025,50.97,50.975,70,SILZ5
2025-11-12 03:06:00+00:00,33,1,42029208,50.98,51.01,50.95,51.005,93,SILZ5
2025-11-12 03:07:00+00:00,33,1,42029208,51.01,51.035,51.01,51.015,19,SILZ5
2025-11-12 03:08:00+00:00,33,1,42029208,51.015,51.025,50.99,51.02,16,SILZ5
2025-11-12 03:09:00+00:00,33,1,42029208,51.015,51.035,51.01,51.035,16,SILZ5
2025-11-12 03:10:00+00:00,33,1,42029208,51.04,51.07,51.04,51.06,38,SILZ5
2025-11-12 03:11:00+00:00,33,1,42029208,51.055,51.07,51.055,51.06,16,SILZ5
2025-11-12 03:12:00+00:00,33,1,42029208,51.055,51.06,51.055,51.055,5,SILZ5
2025-11-12 03:13:00+00:00,33,1,42029208,51.055,51.065,51.05,51.065,7,SILZ5
2025-11-12 03:14:00+00:00,33,1,42029208,51.055,51.06,51.045,51.055,14,SILZ5
2025-11-12 03:15:00+00:00,33,1,42029208,51.055,51.065,51.055,51.06,16,SILZ5
2025-11-12 03:16:00+00:00,33,1,42029208,51.06,51.075,51.06,51.065,9,SILZ5
2025-11-12 03:17:00+00:00,33,1,42029208,51.065,51.065,51.04,51.05,17,SILZ5
2025-11-12 03:18:00+00:00,33,1,42029208,51.04,51.04,51.04,51.04,2,SILZ5
2025-11-12 03:19:00+00:00,33,1,42029208,51.04,51.05,51.03,51.045,12,SILZ5
2025-11-12 03:20:00+00:00,33,1,42029208,51.04,51.045,51.02,51.035,17,SILZ5
2025-11-12 03:21:00+00:00,33,1,42029208,51.03,51.05,51.025,51.045,18,SILZ5
2025-11-12 03:22:00+00:00,33,1,42029208,51.05,51.055,51.045,51.05,11,SILZ5
2025-11-12 03:23:00+00:00,33,1,42029208,51.045,51.05,51.045,51.045,11,SILZ5
2025-11-12 03:24:00+00:00,33,1,42029208,51.045,51.045,51.035,51.035,10,SILZ5
2025-11-12 03:25:00+00:00,33,1,42029208,51.03,51.03,51.015,51.015,40,SILZ5
2025-11-12 03:26:00+00:00,33,1,42029208,51.01,51.02,51.0,51.02,17,SILZ5
2025-11-12 03:27:00+00:00,33,1,42029208,51.015,51.015,51.005,51.01,8,SILZ5
2025-11-12 03:28:00+00:00,33,1,42029208,51.01,51.01,51.0,51.0,9,SILZ5
2025-11-12 03:29:00+00:00,33,1,42029208,51.005,51.005,50.985,50.995,16,SILZ5
2025-11-12 03:30:00+00:00,33,1,42029208,50.99,50.995,50.93,50.94,69,SILZ5
2025-11-12 03:31:00+00:00,33,1,42029208,50.935,50.965,50.935,50.96,32,SILZ5
2025-11-12 03:32:00+00:00,33,1,42029208,50.965,50.965,50.945,50.955,26,SILZ5
2025-11-12 03:33:00+00:00,33,1,42029208,50.965,50.97,50.925,50.955,64,SILZ5
2025-11-12 03:34:00+00:00,33,1,42029208,50.96,50.985,50.96,50.975,24,SILZ5
2025-11-12 03:35:00+00:00,33,1,42029208,50.985,51.005,50.985,50.995,15,SILZ5
2025-11-12 03:36:00+00:00,33,1,42029208,51.0,51.03,51.0,51.03,35,SILZ5
2025-11-12 03:37:00+00:00,33,1,42029208,51.03,51.035,51.025,51.025,10,SILZ5
2025-11-12 03:38:00+00:00,33,1,42029208,51.025,51.025,50.98,50.985,24,SILZ5
2025-11-12 03:39:00+00:00,33,1,42029208,50.985,50.985,50.97,50.975,6,SILZ5
2025-11-12 03:40:00+00:00,33,1,42029208,50.98,50.995,50.98,50.995,9,SILZ5
2025-11-12 03:41:00+00:00,33,1,42029208,51.0,51.0,50.985,51.0,18,SILZ5
2025-11-12 03:42:00+00:00,33,1,42029208,50.985,51.0,50.985,50.99,14,SILZ5
2025-11-12 03:43:00+00:00,33,1,42029208,50.985,50.985,50.985,50.985,5,SILZ5
2025-11-12 03:44:00+00:00,33,1,42029208,50.99,51.0,50.99,51.0,2,SILZ5
2025-11-12 03:45:00+00:00,33,1,42029208,51.005,51.035,51.0,51.0,21,SILZ5
2025-11-12 03:46:00+00:00,33,1,42029208,51.005,51.015,51.0,51.015,12,SILZ5
2025-11-12 03:47:00+00:00,33,1,42029208,51.0,51.01,50.99,51.0,14,SILZ5
2025-11-12 03:48:00+00:00,33,1,42029208,51.005,51.005,50.985,50.99,9,SILZ5
2025-11-12 03:49:00+00:00,33,1,42029208,50.99,50.99,50.98,50.98,14,SILZ5
2025-11-12 03:50:00+00:00,33,1,42029208,50.98,50.995,50.975,50.975,16,SILZ5
2025-11-12 03:51:00+00:00,33,1,42029208,50.975,50.99,50.965,50.98,37,SILZ5
2025-11-12 03:52:00+00:00,33,1,42029208,50.97,50.975,50.945,50.955,47,SILZ5
2025-11-12 03:53:00+00:00,33,1,42029208,50.955,50.97,50.95,50.965,21,SILZ5
2025-11-12 03:54:00+00:00,33,1,42029208,50.955,50.965,50.955,50.96,9,SILZ5
2025-11-12 03:55:00+00:00,33,1,42029208,50.95,50.955,50.92,50.95,60,SILZ5
2025-11-12 03:56:00+00:00,33,1,42029208,50.95,50.955,50.91,50.91,58,SILZ5
2025-11-12 03:57:00+00:00,33,1,42029208,50.92,50.96,50.92,50.95,47,SILZ5
2025-11-12 03:58:00+00:00,33,1,42029208,50.945,50.955,50.935,50.94,9,SILZ5
2025-11-12 03:59:00+00:00,33,1,42029208,50.94,50.95,50.925,50.925,21,SILZ5
2025-11-12 04:00:00+00:00,33,1,42029208,50.925,50.95,50.925,50.95,29,SILZ5
2025-11-12 04:01:00+00:00,33,1,42029208,50.95,50.975,50.95,50.95,29,SILZ5
2025-11-12 04:02:00+00:00,33,1,42029208,50.945,50.945,50.92,50.92,25,SILZ5
2025-11-12 04:03:00+00:00,33,1,42029208,50.915,50.93,50.9,50.905,37,SILZ5
2025-11-12 04:04:00+00:00,33,1,42029208,50.905,50.91,50.835,50.845,191,SILZ5
2025-11-12 04:05:00+00:00,33,1,42029208,50.845,50.855,50.765,50.765,131,SILZ5
2025-11-12 04:06:00+00:00,33,1,42029208,50.765,50.83,50.765,50.81,86,SILZ5
2025-11-12 04:07:00+00:00,33,1,42029208,50.81,50.84,50.8,50.84,43,SILZ5
2025-11-12 04:08:00+00:00,33,1,42029208,50.845,50.845,50.825,50.83,39,SILZ5
2025-11-12 04:09:00+00:00,33,1,42029208,50.825,50.84,50.825,50.84,34,SILZ5
2025-11-12 04:10:00+00:00,33,1,42029208,50.84,50.86,50.83,50.845,52,SILZ5
2025-11-12 04:11:00+00:00,33,1,42029208,50.85,50.875,50.85,50.86,41,SILZ5
2025-11-12 04:12:00+00:00,33,1,42029208,50.86,50.885,50.86,50.885,21,SILZ5
2025-11-12 04:13:00+00:00,33,1,42029208,50.885,50.945,50.88,50.93,62,SILZ5
2025-11-12 04:14:00+00:00,33,1,42029208,50.93,50.945,50.92,50.945,31,SILZ5
2025-11-12 04:15:00+00:00,33,1,42029208,50.945,50.965,50.945,50.955,40,SILZ5
2025-11-12 04:16:00+00:00,33,1,42029208,50.95,50.95,50.895,50.9,75,SILZ5
2025-11-12 04:17:00+00:00,33,1,42029208,50.905,50.905,50.875,50.895,24,SILZ5
2025-11-12 04:18:00+00:00,33,1,42029208,50.885,50.9,50.875,50.875,23,SILZ5
2025-11-12 04:19:00+00:00,33,1,42029208,50.885,50.94,50.885,50.94,25,SILZ5
2025-11-12 04:20:00+00:00,33,1,42029208,50.94,50.955,50.92,50.95,23,SILZ5
2025-11-12 04:21:00+00:00,33,1,42029208,50.95,50.96,50.95,50.96,26,SILZ5
2025-11-12 04:22:00+00:00,33,1,42029208,50.96,50.98,50.96,50.975,31,SILZ5
2025-11-12 04:23:00+00:00,33,1,42029208,50.98,50.98,50.955,50.96,13,SILZ5
2025-11-12 04:24:00+00:00,33,1,42029208,50.97,50.975,50.96,50.965,14,SILZ5
2025-11-12 04:25:00+00:00,33,1,42029208,50.97,50.97,50.965,50.965,2,SILZ5
2025-11-12 04:26:00+00:00,33,1,42029208,50.965,50.975,50.955,50.955,23,SILZ5
2025-11-12 04:27:00+00:00,33,1,42029208,50.945,50.95,50.94,50.945,16,SILZ5
2025-11-12 04:28:00+00:00,33,1,42029208,50.955,50.97,50.955,50.97,10,SILZ5
2025-11-12 04:29:00+00:00,33,1,42029208,50.97,50.975,50.97,50.975,9,SILZ5
2025-11-12 04:30:00+00:00,33,1,42029208,50.98,50.995,50.975,50.99,29,SILZ5
2025-11-12 04:31:00+00:00,33,1,42029208,50.99,50.99,50.98,50.98,18,SILZ5
2025-11-12 04:32:00+00:00,33,1,42029208,50.98,50.985,50.98,50.985,17,SILZ5
2025-11-12 04:33:00+00:00,33,1,42029208,50.985,50.985,50.965,50.97,18,SILZ5
2025-11-12 04:34:00+00:00,33,1,42029208,50.965,50.965,50.935,50.94,34,SILZ5
2025-11-12 04:35:00+00:00,33,1,42029208,50.93,50.935,50.93,50.93,9,SILZ5
2025-11-12 04:36:00+00:00,33,1,42029208,50.955,50.975,50.95,50.95,16,SILZ5
2025-11-12 04:37:00+00:00,33,1,42029208,50.945,50.96,50.945,50.96,17,SILZ5
2025-11-12 04:38:00+00:00,33,1,42029208,50.955,50.96,50.94,50.955,25,SILZ5
2025-11-12 04:39:00+00:00,33,1,42029208,50.955,50.96,50.93,50.93,8,SILZ5
2025-11-12 04:40:00+00:00,33,1,42029208,50.925,50.935,50.92,50.935,12,SILZ5
2025-11-12 04:41:00+00:00,33,1,42029208,50.925,50.945,50.91,50.945,25,SILZ5
2025-11-12 04:42:00+00:00,33,1,42029208,50.95,50.965,50.95,50.95,26,SILZ5
2025-11-12 04:43:00+00:00,33,1,42029208,50.955,50.955,50.935,50.935,20,SILZ5
2025-11-12 04:44:00+00:00,33,1,42029208,50.93,50.95,50.925,50.945,15,SILZ5
2025-11-12 04:45:00+00:00,33,1,42029208,50.945,50.97,50.945,50.965,16,SILZ5
2025-11-12 04:46:00+00:00,33,1,42029208,50.965,50.97,50.96,50.96,10,SILZ5
2025-11-12 04:47:00+00:00,33,1,42029208,50.95,50.96,50.95,50.96,10,SILZ5
2025-11-12 04:48:00+00:00,33,1,42029208,50.965,50.97,50.965,50.965,4,SILZ5
2025-11-12 04:49:00+00:00,33,1,42029208,50.965,50.98,50.965,50.975,15,SILZ5
2025-11-12 04:50:00+00:00,33,1,42029208,50.98,50.99,50.965,50.965,34,SILZ5
2025-11-12 04:51:00+00:00,33,1,42029208,50.965,50.995,50.965,50.985,30,SILZ5
2025-11-12 04:52:00+00:00,33,1,42029208,50.985,51.015,50.985,51.005,38,SILZ5
2025-11-12 04:53:00+00:00,33,1,42029208,51.0,51.015,50.985,50.985,35,SILZ5
2025-11-12 04:54:00+00:00,33,1,42029208,50.99,51.0,50.99,50.995,27,SILZ5
2025-11-12 04:55:00+00:00,33,1,42029208,50.985,50.985,50.96,50.96,22,SILZ5
2025-11-12 04:56:00+00:00,33,1,42029208,50.965,50.965,50.96,50.96,7,SILZ5
2025-11-12 04:57:00+00:00,33,1,42029208,50.96,50.965,50.96,50.965,4,SILZ5
2025-11-12 04:58:00+00:00,33,1,42029208,50.965,50.97,50.955,50.955,9,SILZ5
2025-11-12 04:59:00+00:00,33,1,42029208,50.96,50.965,50.96,50.965,3,SILZ5
2025-11-12 05:00:00+00:00,33,1,42029208,50.96,50.965,50.925,50.93,38,SILZ5
2025-11-12 05:01:00+00:00,33,1,42029208,50.92,50.92,50.885,50.905,59,SILZ5
2025-11-12 05:02:00+00:00,33,1,42029208,50.905,50.905,50.885,50.885,9,SILZ5
2025-11-12 05:03:00+00:00,33,1,42029208,50.89,50.925,50.89,50.92,26,SILZ5
2025-11-12 05:04:00+00:00,33,1,42029208,50.92,50.95,50.915,50.92,22,SILZ5
2025-11-12 05:05:00+00:00,33,1,42029208,50.92,50.94,50.92,50.925,8,SILZ5
2025-11-12 05:06:00+00:00,33,1,42029208,50.915,50.915,50.905,50.91,9,SILZ5
2025-11-12 05:07:00+00:00,33,1,42029208,50.93,50.95,50.93,50.95,9,SILZ5
2025-11-12 05:08:00+00:00,33,1,42029208,50.95,50.95,50.945,50.95,10,SILZ5
2025-11-12 05:09:00+00:00,33,1,42029208,50.945,50.95,50.94,50.95,7,SILZ5
2025-11-12 05:10:00+00:00,33,1,42029208,50.955,50.96,50.935,50.94,18,SILZ5
2025-11-12 05:11:00+00:00,33,1,42029208,50.93,50.94,50.93,50.935,5,SILZ5
2025-11-12 05:12:00+00:00,33,1,42029208,50.95,50.95,50.945,50.945,5,SILZ5
2025-11-12 05:13:00+00:00,33,1,42029208,50.95,50.955,50.95,50.955,4,SILZ5
2025-11-12 05:14:00+00:00,33,1,42029208,50.955,50.955,50.92,50.93,17,SILZ5
2025-11-12 05:15:00+00:00,33,1,42029208,50.935,50.94,50.935,50.935,4,SILZ5
2025-11-12 05:16:00+00:00,33,1,42029208,50.935,50.94,50.93,50.93,10,SILZ5
2025-11-12 05:17:00+00:00,33,1,42029208,50.93,50.935,50.92,50.925,27,SILZ5
2025-11-12 05:18:00+00:00,33,1,42029208,50.92,50.92,50.88,50.895,39,SILZ5
2025-11-12 05:19:00+00:00,33,1,42029208,50.895,50.94,50.895,50.935,39,SILZ5
2025-11-12 05:20:00+00:00,33,1,42029208,50.935,50.94,50.925,50.93,28,SILZ5
2025-11-12 05:21:00+00:00,33,1,42029208,50.925,50.985,50.925,50.985,49,SILZ5
2025-11-12 05:22:00+00:00,33,1,42029208,50.985,50.995,50.98,50.985,26,SILZ5
2025-11-12 05:23:00+00:00,33,1,42029208,50.985,51.01,50.985,50.99,35,SILZ5
2025-11-12 05:24:00+00:00,33,1,42029208,50.985,50.99,50.98,50.985,20,SILZ5
2025-11-12 05:25:00+00:00,33,1,42029208,50.975,50.975,50.95,50.95,14,SILZ5
2025-11-12 05:26:00+00:00,33,1,42029208,50.945,50.945,50.92,50.935,16,SILZ5
2025-11-12 05:27:00+00:00,33,1,42029208,50.935,50.95,50.935,50.94,8,SILZ5
2025-11-12 05:28:00+00:00,33,1,42029208,50.95,50.95,50.94,50.95,7,SILZ5
2025-11-12 05:29:00+00:00,33,1,42029208,50.955,50.955,50.92,50.92,16,SILZ5
2025-11-12 05:30:00+00:00,33,1,42029208,50.92,50.925,50.875,50.895,98,SILZ5
2025-11-12 05:31:00+00:00,33,1,42029208,50.895,50.925,50.88,50.91,59,SILZ5
2025-11-12 05:32:00+00:00,33,1,42029208,50.91,50.955,50.91,50.925,65,SILZ5
2025-11-12 05:33:00+00:00,33,1,42029208,50.925,50.95,50.91,50.935,48,SILZ5
2025-11-12 05:34:00+00:00,33,1,42029208,50.93,50.965,50.93,50.935,44,SILZ5
2025-11-12 05:35:00+00:00,33,1,42029208,50.93,50.965,50.92,50.96,33,SILZ5
2025-11-12 05:36:00+00:00,33,1,42029208,50.97,51.005,50.965,50.98,38,SILZ5
2025-11-12 05:37:00+00:00,33,1,42029208,50.98,50.99,50.965,50.97,30,SILZ5
2025-11-12 05:38:00+00:00,33,1,42029208,50.955,50.975,50.955,50.975,25,SILZ5
2025-11-12 05:39:00+00:00,33,1,42029208,50.975,50.985,50.96,50.985,15,SILZ5
2025-11-12 05:40:00+00:00,33,1,42029208,50.98,50.98,50.91,50.92,32,SILZ5
2025-11-12 05:41:00+00:00,33,1,42029208,50.92,50.935,50.91,50.915,29,SILZ5
2025-11-12 05:42:00+00:00,33,1,42029208,50.935,50.945,50.915,50.915,10,SILZ5
2025-11-12 05:43:00+00:00,33,1,42029208,50.925,50.925,50.905,50.91,14,SILZ5
2025-11-12 05:44:00+00:00,33,1,42029208,50.915,50.92,50.91,50.91,6,SILZ5
2025-11-12 05:45:00+00:00,33,1,42029208,50.92,50.92,50.895,50.905,28,SILZ5
2025-11-12 05:46:00+00:00,33,1,42029208,50.91,50.93,50.9,50.925,27,SILZ5
2025-11-12 05:47:00+00:00,33,1,42029208,50.93,50.95,50.925,50.925,15,SILZ5
2025-11-12 05:48:00+00:00,33,1,42029208,50.915,50.93,50.915,50.93,9,SILZ5
2025-11-12 05:49:00+00:00,33,1,42029208,50.925,50.925,50.89,50.9,21,SILZ5
2025-11-12 05:50:00+00:00,33,1,42029208,50.9,50.915,50.89,50.9,29,SILZ5
2025-11-12 05:51:00+00:00,33,1,42029208,50.9,50.925,50.9,50.9,19,SILZ5
2025-11-12 05:52:00+00:00,33,1,42029208,50.9,50.915,50.86,50.915,52,SILZ5
2025-11-12 05:53:00+00:00,33,1,42029208,50.925,50.94,50.91,50.94,19,SILZ5
2025-11-12 05:54:00+00:00,33,1,42029208,50.945,50.955,50.935,50.945,17,SILZ5
2025-11-12 05:55:00+00:00,33,1,42029208,50.945,50.95,50.94,50.945,14,SILZ5
2025-11-12 05:56:00+00:00,33,1,42029208,50.955,50.955,50.93,50.93,31,SILZ5
2025-11-12 05:57:00+00:00,33,1,42029208,50.93,50.945,50.93,50.93,32,SILZ5
2025-11-12 05:58:00+00:00,33,1,42029208,50.925,50.925,50.91,50.91,13,SILZ5
2025-11-12 05:59:00+00:00,33,1,42029208,50.905,50.945,50.905,50.94,17,SILZ5
2025-11-12 06:00:00+00:00,33,1,42029208,50.925,50.96,50.925,50.955,22,SILZ5
2025-11-12 06:01:00+00:00,33,1,42029208,50.95,50.95,50.945,50.945,7,SILZ5
2025-11-12 06:02:00+00:00,33,1,42029208,50.945,50.97,50.945,50.965,23,SILZ5
2025-11-12 06:03:00+00:00,33,1,42029208,50.96,50.975,50.96,50.965,8,SILZ5
2025-11-12 06:04:00+00:00,33,1,42029208,50.97,51.05,50.97,51.02,223,SILZ5
2025-11-12 06:05:00+00:00,33,1,42029208,51.015,51.045,51.015,51.04,44,SILZ5
2025-11-12 06:06:00+00:00,33,1,42029208,51.035,51.06,51.035,51.055,46,SILZ5
2025-11-12 06:07:00+00:00,33,1,42029208,51.06,51.085,51.045,51.085,92,SILZ5
2025-11-12 06:08:00+00:00,33,1,42029208,51.085,51.095,51.06,51.07,80,SILZ5
2025-11-12 06:09:00+00:00,33,1,42029208,51.07,51.075,51.04,51.065,33,SILZ5
2025-11-12 06:10:00+00:00,33,1,42029208,51.065,51.065,51.03,51.035,24,SILZ5
2025-11-12 06:11:00+00:00,33,1,42029208,51.03,51.045,51.02,51.04,29,SILZ5
2025-11-12 06:12:00+00:00,33,1,42029208,51.04,51.05,51.04,51.05,14,SILZ5
2025-11-12 06:13:00+00:00,33,1,42029208,51.06,51.06,51.03,51.04,12,SILZ5
2025-11-12 06:14:00+00:00,33,1,42029208,51.03,51.065,51.03,51.065,64,SILZ5
2025-11-12 06:15:00+00:00,33,1,42029208,51.07,51.085,51.07,51.08,40,SILZ5
2025-11-12 06:16:00+00:00,33,1,42029208,51.08,51.105,51.08,51.085,64,SILZ5
2025-11-12 06:17:00+00:00,33,1,42029208,51.09,51.1,51.08,51.1,33,SILZ5
2025-11-12 06:18:00+00:00,33,1,42029208,51.1,51.1,51.095,51.095,30,SILZ5
2025-11-12 06:19:00+00:00,33,1,42029208,51.085,51.095,51.08,51.09,20,SILZ5
2025-11-12 06:20:00+00:00,33,1,42029208,51.1,51.13,51.095,51.11,61,SILZ5
2025-11-12 06:21:00+00:00,33,1,42029208,51.115,51.125,51.105,51.11,42,SILZ5
2025-11-12 06:22:00+00:00,33,1,42029208,51.11,51.115,51.105,51.11,35,SILZ5
2025-11-12 06:23:00+00:00,33,1,42029208,51.105,51.12,51.105,51.11,23,SILZ5
2025-11-12 06:24:00+00:00,33,1,42029208,51.105,51.115,51.1,51.115,25,SILZ5
2025-11-12 06:25:00+00:00,33,1,42029208,51.12,51.135,51.12,51.135,28,SILZ5
2025-11-12 06:26:00+00:00,33,1,42029208,51.14,51.185,51.14,51.18,127,SILZ5
2025-11-12 06:27:00+00:00,33,1,42029208,51.175,51.255,51.165,51.23,199,SILZ5
2025-11-12 06:28:00+00:00,33,1,42029208,51.23,51.25,51.225,51.245,71,SILZ5
2025-11-12 06:29:00+00:00,33,1,42029208,51.245,51.29,51.24,51.28,132,SILZ5
2025-11-12 06:30:00+00:00,33,1,42029208,51.28,51.31,51.26,51.295,155,SILZ5
2025-11-12 06:31:00+00:00,33,1,42029208,51.3,51.325,51.29,51.31,116,SILZ5
2025-11-12 06:32:00+00:00,33,1,42029208,51.31,51.335,51.285,51.29,69,SILZ5
2025-11-12 06:33:00+00:00,33,1,42029208,51.29,51.305,51.265,51.28,83,SILZ5
2025-11-12 06:34:00+00:00,33,1,42029208,51.28,51.325,51.275,51.325,82,SILZ5
2025-11-12 06:35:00+00:00,33,1,42029208,51.33,51.33,51.305,51.305,46,SILZ5
2025-11-12 06:36:00+00:00,33,1,42029208,51.295,51.325,51.275,51.32,79,SILZ5
2025-11-12 06:37:00+00:00,33,1,42029208,51.31,51.33,51.3,51.33,59,SILZ5
2025-11-12 06:38:00+00:00,33,1,42029208,51.33,51.37,51.31,51.37,95,SILZ5
2025-11-12 06:39:00+00:00,33,1,42029208,51.375,51.415,51.36,51.38,143,SILZ5
2025-11-12 06:40:00+00:00,33,1,42029208,51.385,51.385,51.335,51.34,82,SILZ5
2025-11-12 06:41:00+00:00,33,1,42029208,51.33,51.37,51.33,51.34,36,SILZ5
2025-11-12 06:42:00+00:00,33,1,42029208,51.34,51.375,51.34,51.37,32,SILZ5
2025-11-12 06:43:00+00:00,33,1,42029208,51.375,51.385,51.365,51.38,54,SILZ5
2025-11-12 06:44:00+00:00,33,1,42029208,51.38,51.385,51.365,51.385,31,SILZ5
2025-11-12 06:45:00+00:00,33,1,42029208,51.385,51.39,51.37,51.37,35,SILZ5
2025-11-12 06:46:00+00:00,33,1,42029208,51.37,51.375,51.345,51.345,57,SILZ5
2025-11-12 06:47:00+00:00,33,1,42029208,51.35,51.35,51.305,51.305,65,SILZ5
2025-11-12 06:48:00+00:00,33,1,42029208,51.315,51.32,51.3,51.31,55,SILZ5
2025-11-12 06:49:00+00:00,33,1,42029208,51.315,51.315,51.295,51.305,28,SILZ5
2025-11-12 06:50:00+00:00,33,1,42029208,51.31,51.31,51.25,51.25,61,SILZ5
2025-11-12 06:51:00+00:00,33,1,42029208,51.26,51.28,51.235,51.26,63,SILZ5
2025-11-12 06:52:00+00:00,33,1,42029208,51.265,51.275,51.265,51.27,21,SILZ5
2025-11-12 06:53:00+00:00,33,1,42029208,51.28,51.345,51.28,51.345,63,SILZ5
2025-11-12 06:54:00+00:00,33,1,42029208,51.35,51.36,51.335,51.335,36,SILZ5
2025-11-12 06:55:00+00:00,33,1,42029208,51.335,51.39,51.335,51.39,47,SILZ5
2025-11-12 06:56:00+00:00,33,1,42029208,51.39,51.4,51.365,51.365,42,SILZ5
2025-11-12 06:57:00+00:00,33,1,42029208,51.365,51.385,51.365,51.38,39,SILZ5
2025-11-12 06:58:00+00:00,33,1,42029208,51.38,51.415,51.37,51.41,35,SILZ5
2025-11-12 06:59:00+00:00,33,1,42029208,51.41,51.445,51.4,51.43,48,SILZ5
2025-11-12 07:00:00+00:00,33,1,42029208,51.44,51.47,51.44,51.455,92,SILZ5
2025-11-12 07:01:00+00:00,33,1,42029208,51.46,51.485,51.425,51.43,78,SILZ5
2025-11-12 07:02:00+00:00,33,1,42029208,51.425,51.43,51.405,51.415,82,SILZ5
2025-11-12 07:03:00+00:00,33,1,42029208,51.42,51.425,51.385,51.4,36,SILZ5
2025-11-12 07:04:00+00:00,33,1,42029208,51.41,51.46,51.41,51.46,32,SILZ5
2025-11-12 07:05:00+00:00,33,1,42029208,51.46,51.49,51.455,51.475,57,SILZ5
2025-11-12 07:06:00+00:00,33,1,42029208,51.475,51.485,51.455,51.475,36,SILZ5
2025-11-12 07:07:00+00:00,33,1,42029208,51.48,51.505,51.475,51.485,87,SILZ5
2025-11-12 07:08:00+00:00,33,1,42029208,51.48,51.56,51.48,51.54,98,SILZ5
2025-11-12 07:09:00+00:00,33,1,42029208,51.55,51.57,51.54,51.54,56,SILZ5
2025-11-12 07:10:00+00:00,33,1,42029208,51.545,51.605,51.54,51.575,145,SILZ5
2025-11-12 07:11:00+00:00,33,1,42029208,51.575,51.625,51.575,51.605,86,SILZ5
2025-11-12 07:12:00+00:00,33,1,42029208,51.605,51.605,51.575,51.6,53,SILZ5
2025-11-12 07:13:00+00:00,33,1,42029208,51.595,51.6,51.56,51.575,62,SILZ5
2025-11-12 07:14:00+00:00,33,1,42029208,51.57,51.62,51.56,51.615,56,SILZ5
2025-11-12 07:15:00+00:00,33,1,42029208,51.615,51.625,51.595,51.61,60,SILZ5
2025-11-12 07:16:00+00:00,33,1,42029208,51.615,51.615,51.58,51.58,36,SILZ5
2025-11-12 07:17:00+00:00,33,1,42029208,51.59,51.6,51.58,51.58,40,SILZ5
2025-11-12 07:18:00+00:00,33,1,42029208,51.58,51.58,51.56,51.58,53,SILZ5
2025-11-12 07:19:00+00:00,33,1,42029208,51.58,51.595,51.55,51.56,62,SILZ5
2025-11-12 07:20:00+00:00,33,1,42029208,51.555,51.555,51.515,51.545,59,SILZ5
2025-11-12 07:21:00+00:00,33,1,42029208,51.545,51.545,51.52,51.52,27,SILZ5
2025-11-12 07:22:00+00:00,33,1,42029208,51.515,51.525,51.51,51.525,39,SILZ5
2025-11-12 07:23:00+00:00,33,1,42029208,51.525,51.55,51.52,51.55,74,SILZ5
2025-11-12 07:24:00+00:00,33,1,42029208,51.555,51.565,51.535,51.535,25,SILZ5
2025-11-12 07:25:00+00:00,33,1,42029208,51.535,51.545,51.535,51.535,12,SILZ5
2025-11-12 07:26:00+00:00,33,1,42029208,51.535,51.54,51.505,51.505,55,SILZ5
2025-11-12 07:27:00+00:00,33,1,42029208,51.505,51.52,51.49,51.49,43,SILZ5
2025-11-12 07:28:00+00:00,33,1,42029208,51.495,51.52,51.495,51.515,38,SILZ5
2025-11-12 07:29:00+00:00,33,1,42029208,51.525,51.56,51.525,51.555,27,SILZ5
2025-11-12 07:30:00+00:00,33,1,42029208,51.55,51.55,51.51,51.51,20,SILZ5
2025-11-12 07:31:00+00:00,33,1,42029208,51.505,51.505,51.48,51.48,32,SILZ5
2025-11-12 07:32:00+00:00,33,1,42029208,51.485,51.485,51.445,51.46,52,SILZ5
2025-11-12 07:33:00+00:00,33,1,42029208,51.46,51.52,51.46,51.5,31,SILZ5
2025-11-12 07:34:00+00:00,33,1,42029208,51.495,51.505,51.465,51.465,26,SILZ5
2025-11-12 07:35:00+00:00,33,1,42029208,51.46,51.505,51.45,51.5,69,SILZ5
2025-11-12 07:36:00+00:00,33,1,42029208,51.485,51.49,51.47,51.475,25,SILZ5
2025-11-12 07:37:00+00:00,33,1,42029208,51.465,51.475,51.42,51.42,82,SILZ5
2025-11-12 07:38:00+00:00,33,1,42029208,51.425,51.47,51.425,51.46,66,SILZ5
2025-11-12 07:39:00+00:00,33,1,42029208,51.46,51.475,51.43,51.44,60,SILZ5
2025-11-12 07:40:00+00:00,33,1,42029208,51.45,51.45,51.415,51.435,60,SILZ5
2025-11-12 07:41:00+00:00,33,1,42029208,51.445,51.46,51.395,51.4,58,SILZ5
2025-11-12 07:42:00+00:00,33,1,42029208,51.405,51.405,51.355,51.38,126,SILZ5
2025-11-12 07:43:00+00:00,33,1,42029208,51.37,51.38,51.35,51.355,62,SILZ5
2025-11-12 07:44:00+00:00,33,1,42029208,51.35,51.365,51.325,51.365,41,SILZ5
2025-11-12 07:45:00+00:00,33,1,42029208,51.365,51.375,51.35,51.375,23,SILZ5
2025-11-12 07:46:00+00:00,33,1,42029208,51.375,51.405,51.36,51.405,39,SILZ5
2025-11-12 07:47:00+00:00,33,1,42029208,51.41,51.45,51.405,51.445,80,SILZ5
2025-11-12 07:48:00+00:00,33,1,42029208,51.445,51.505,51.435,51.505,42,SILZ5
2025-11-12 07:49:00+00:00,33,1,42029208,51.505,51.515,51.49,51.5,53,SILZ5
2025-11-12 07:50:00+00:00,33,1,42029208,51.495,51.51,51.485,51.485,41,SILZ5
2025-11-12 07:51:00+00:00,33,1,42029208,51.49,51.5,51.475,51.48,24,SILZ5
2025-11-12 07:52:00+00:00,33,1,42029208,51.485,51.485,51.47,51.485,11,SILZ5
2025-11-12 07:53:00+00:00,33,1,42029208,51.47,51.475,51.465,51.475,20,SILZ5
2025-11-12 07:54:00+00:00,33,1,42029208,51.48,51.485,51.45,51.47,33,SILZ5
2025-11-12 07:55:00+00:00,33,1,42029208,51.47,51.485,51.46,51.48,23,SILZ5
2025-11-12 07:56:00+00:00,33,1,42029208,51.485,51.49,51.465,51.465,21,SILZ5
2025-11-12 07:57:00+00:00,33,1,42029208,51.475,51.485,51.465,51.475,13,SILZ5
2025-11-12 07:58:00+00:00,33,1,42029208,51.48,51.495,51.475,51.49,13,SILZ5
2025-11-12 07:59:00+00:00,33,1,42029208,51.495,51.51,51.49,51.5,33,SILZ5
2025-11-12 08:00:00+00:00,33,1,42029208,51.5,51.545,51.495,51.545,46,SILZ5
2025-11-12 08:01:00+00:00,33,1,42029208,51.545,51.585,51.53,51.545,77,SILZ5
2025-11-12 08:02:00+00:00,33,1,42029208,51.54,51.575,51.495,51.57,88,SILZ5
2025-11-12 08:03:00+00:00,33,1,42029208,51.57,51.57,51.525,51.555,68,SILZ5
2025-11-12 08:04:00+00:00,33,1,42029208,51.555,51.57,51.555,51.565,26,SILZ5
2025-11-12 08:05:00+00:00,33,1,42029208,51.56,51.575,51.52,51.52,52,SILZ5
2025-11-12 08:06:00+00:00,33,1,42029208,51.52,51.52,51.485,51.5,64,SILZ5
2025-11-12 08:07:00+00:00,33,1,42029208,51.5,51.51,51.44,51.465,88,SILZ5
2025-11-12 08:08:00+00:00,33,1,42029208,51.455,51.46,51.395,51.43,100,SILZ5
2025-11-12 08:09:00+00:00,33,1,42029208,51.44,51.475,51.43,51.445,41,SILZ5
2025-11-12 08:10:00+00:00,33,1,42029208,51.44,51.44,51.39,51.405,43,SILZ5
2025-11-12 08:11:00+00:00,33,1,42029208,51.405,51.46,51.395,51.43,54,SILZ5
2025-11-12 08:12:00+00:00,33,1,42029208,51.44,51.5,51.435,51.495,64,SILZ5
2025-11-12 08:13:00+00:00,33,1,42029208,51.5,51.53,51.485,51.51,50,SILZ5
2025-11-12 08:14:00+00:00,33,1,42029208,51.51,51.595,51.51,51.555,118,SILZ5
2025-11-12 08:15:00+00:00,33,1,42029208,51.56,51.575,51.54,51.55,71,SILZ5
2025-11-12 08:16:00+00:00,33,1,42029208,51.545,51.55,51.52,51.54,38,SILZ5
2025-11-12 08:17:00+00:00,33,1,42029208,51.545,51.55,51.535,51.54,23,SILZ5
2025-11-12 08:18:00+00:00,33,1,42029208,51.545,51.555,51.51,51.53,74,SILZ5
2025-11-12 08:19:00+00:00,33,1,42029208,51.53,51.535,51.495,51.515,52,SILZ5
2025-11-12 08:20:00+00:00,33,1,42029208,51.52,51.565,51.52,51.565,16,SILZ5
2025-11-12 08:21:00+00:00,33,1,42029208,51.56,51.58,51.555,51.57,36,SILZ5
2025-11-12 08:22:00+00:00,33,1,42029208,51.57,51.63,51.57,51.62,67,SILZ5
2025-11-12 08:23:00+00:00,33,1,42029208,51.625,51.625,51.58,51.61,65,SILZ5
2025-11-12 08:24:00+00:00,33,1,42029208,51.62,51.66,51.615,51.65,112,SILZ5
2025-11-12 08:25:00+00:00,33,1,42029208,51.65,51.68,51.64,51.68,67,SILZ5
2025-11-12 08:26:00+00:00,33,1,42029208,51.68,51.69,51.655,51.655,34,SILZ5
2025-11-12 08:27:00+00:00,33,1,42029208,51.655,51.66,51.635,51.65,35,SILZ5
2025-11-12 08:28:00+00:00,33,1,42029208,51.66,51.69,51.66,51.69,45,SILZ5
2025-11-12 08:29:00+00:00,33,1,42029208,51.69,51.69,51.66,51.665,45,SILZ5
2025-11-12 08:30:00+00:00,33,1,42029208,51.67,51.675,51.655,51.665,30,SILZ5
2025-11-12 08:31:00+00:00,33,1,42029208,51.66,51.715,51.66,51.695,62,SILZ5
2025-11-12 08:32:00+00:00,33,1,42029208,51.695,51.705,51.685,51.685,24,SILZ5
2025-11-12 08:33:00+00:00,33,1,42029208,51.69,51.695,51.68,51.68,15,SILZ5
2025-11-12 08:34:00+00:00,33,1,42029208,51.675,51.68,51.675,51.675,10,SILZ5
2025-11-12 08:35:00+00:00,33,1,42029208,51.675,51.68,51.665,51.67,9,SILZ5
2025-11-12 08:36:00+00:00,33,1,42029208,51.67,51.7,51.66,51.7,24,SILZ5
2025-11-12 08:37:00+00:00,33,1,42029208,51.705,51.73,51.7,51.725,36,SILZ5
2025-11-12 08:38:00+00:00,33,1,42029208,51.72,51.72,51.695,51.715,38,SILZ5
2025-11-12 08:39:00+00:00,33,1,42029208,51.715,51.715,51.695,51.7,11,SILZ5
2025-11-12 08:40:00+00:00,33,1,42029208,51.7,51.7,51.65,51.665,51,SILZ5
2025-11-12 08:41:00+00:00,33,1,42029208,51.65,51.67,51.65,51.67,19,SILZ5
2025-11-12 08:42:00+00:00,33,1,42029208,51.665,51.685,51.66,51.66,24,SILZ5
2025-11-12 08:43:00+00:00,33,1,42029208,51.655,51.665,51.65,51.655,25,SILZ5
2025-11-12 08:44:00+00:00,33,1,42029208,51.665,51.665,51.645,51.655,25,SILZ5
2025-11-12 08:45:00+00:00,33,1,42029208,51.66,51.66,51.645,51.645,8,SILZ5
2025-11-12 08:46:00+00:00,33,1,42029208,51.655,51.665,51.655,51.66,8,SILZ5
2025-11-12 08:47:00+00:00,33,1,42029208,51.65,51.665,51.645,51.66,14,SILZ5
2025-11-12 08:48:00+00:00,33,1,42029208,51.645,51.655,51.645,51.655,18,SILZ5
2025-11-12 08:49:00+00:00,33,1,42029208,51.665,51.68,51.66,51.67,10,SILZ5
2025-11-12 08:50:00+00:00,33,1,42029208,51.67,51.695,51.67,51.685,21,SILZ5
2025-11-12 08:51:00+00:00,33,1,42029208,51.685,51.71,51.685,51.685,37,SILZ5
2025-11-12 08:52:00+00:00,33,1,42029208,51.695,51.695,51.665,51.665,10,SILZ5
2025-11-12 08:53:00+00:00,33,1,42029208,51.665,51.67,51.65,51.65,16,SILZ5
2025-11-12 08:54:00+00:00,33,1,42029208,51.65,51.65,51.62,51.63,40,SILZ5
2025-11-12 08:55:00+00:00,33,1,42029208,51.635,51.65,51.62,51.62,17,SILZ5
2025-11-12 08:56:00+00:00,33,1,42029208,51.615,51.625,51.605,51.62,24,SILZ5
2025-11-12 08:57:00+00:00,33,1,42029208,51.625,51.635,51.625,51.63,7,SILZ5
2025-11-12 08:58:00+00:00,33,1,42029208,51.635,51.645,51.635,51.645,10,SILZ5
2025-11-12 08:59:00+00:00,33,1,42029208,51.645,51.665,51.645,51.645,24,SILZ5
2025-11-12 09:00:00+00:00,33,1,42029208,51.635,51.645,51.63,51.63,16,SILZ5
2025-11-12 09:01:00+00:00,33,1,42029208,51.63,51.66,51.63,51.66,10,SILZ5
2025-11-12 09:02:00+00:00,33,1,42029208,51.67,51.68,51.67,51.68,16,SILZ5
2025-11-12 09:03:00+00:00,33,1,42029208,51.665,51.68,51.66,51.675,11,SILZ5
2025-11-12 09:04:00+00:00,33,1,42029208,51.665,51.675,51.655,51.655,12,SILZ5
2025-11-12 09:05:00+00:00,33,1,42029208,51.65,51.66,51.645,51.645,24,SILZ5
2025-11-12 09:06:00+00:00,33,1,42029208,51.64,51.645,51.625,51.625,16,SILZ5
2025-11-12 09:07:00+00:00,33,1,42029208,51.63,51.645,51.625,51.64,19,SILZ5
2025-11-12 09:08:00+00:00,33,1,42029208,51.64,51.645,51.635,51.635,13,SILZ5
2025-11-12 09:09:00+00:00,33,1,42029208,51.63,51.63,51.605,51.615,32,SILZ5
2025-11-12 09:10:00+00:00,33,1,42029208,51.615,51.615,51.61,51.61,7,SILZ5
2025-11-12 09:11:00+00:00,33,1,42029208,51.61,51.625,51.595,51.595,19,SILZ5
2025-11-12 09:12:00+00:00,33,1,42029208,51.595,51.595,51.575,51.58,45,SILZ5
2025-11-12 09:13:00+00:00,33,1,42029208,51.585,51.615,51.585,51.615,34,SILZ5
2025-11-12 09:14:00+00:00,33,1,42029208,51.62,51.635,51.615,51.625,27,SILZ5
2025-11-12 09:15:00+00:00,33,1,42029208,51.63,51.665,51.63,51.66,37,SILZ5
2025-11-12 09:16:00+00:00,33,1,42029208,51.66,51.705,51.655,51.705,40,SILZ5
2025-11-12 09:17:00+00:00,33,1,42029208,51.7,51.705,51.66,51.66,14,SILZ5
2025-11-12 09:18:00+00:00,33,1,42029208,51.645,51.645,51.63,51.63,14,SILZ5
2025-11-12 09:19:00+00:00,33,1,42029208,51.63,51.63,51.61,51.615,19,SILZ5
2025-11-12 09:20:00+00:00,33,1,42029208,51.615,51.62,51.605,51.605,7,SILZ5
2025-11-12 09:21:00+00:00,33,1,42029208,51.605,51.62,51.585,51.59,18,SILZ5
2025-11-12 09:22:00+00:00,33,1,42029208,51.6,51.64,51.6,51.64,12,SILZ5
2025-11-12 09:23:00+00:00,33,1,42029208,51.63,51.645,51.63,51.64,33,SILZ5
2025-11-12 09:24:00+00:00,33,1,42029208,51.645,51.66,51.645,51.655,13,SILZ5
2025-11-12 09:25:00+00:00,33,1,42029208,51.65,51.65,51.62,51.625,13,SILZ5
2025-11-12 09:26:00+00:00,33,1,42029208,51.63,51.63,51.605,51.61,28,SILZ5
2025-11-12 09:27:00+00:00,33,1,42029208,51.61,51.615,51.595,51.605,43,SILZ5
2025-11-12 09:28:00+00:00,33,1,42029208,51.6,51.655,51.6,51.655,26,SILZ5
2025-11-12 09:29:00+00:00,33,1,42029208,51.66,51.665,51.64,51.645,18,SILZ5
2025-11-12 09:30:00+00:00,33,1,42029208,51.66,51.685,51.66,51.685,16,SILZ5
2025-11-12 09:31:00+00:00,33,1,42029208,51.68,51.685,51.67,51.68,24,SILZ5
2025-11-12 09:32:00+00:00,33,1,42029208,51.67,51.68,51.645,51.645,28,SILZ5
2025-11-12 09:33:00+00:00,33,1,42029208,51.655,51.665,51.655,51.66,12,SILZ5
2025-11-12 09:34:00+00:00,33,1,42029208,51.665,51.665,51.645,51.65,15,SILZ5
2025-11-12 09:35:00+00:00,33,1,42029208,51.66,51.665,51.655,51.665,17,SILZ5
2025-11-12 09:36:00+00:00,33,1,42029208,51.67,51.715,51.665,51.7,80,SILZ5
2025-11-12 09:37:00+00:00,33,1,42029208,51.705,51.725,51.695,51.7,42,SILZ5
2025-11-12 09:38:00+00:00,33,1,42029208,51.705,51.735,51.705,51.735,36,SILZ5
2025-11-12 09:39:00+00:00,33,1,42029208,51.72,51.755,51.72,51.74,58,SILZ5
2025-11-12 09:40:00+00:00,33,1,42029208,51.745,51.755,51.715,51.725,47,SILZ5
2025-11-12 09:41:00+00:00,33,1,42029208,51.725,51.74,51.72,51.725,30,SILZ5
2025-11-12 09:42:00+00:00,33,1,42029208,51.72,51.72,51.68,51.68,29,SILZ5
2025-11-12 09:43:00+00:00,33,1,42029208,51.685,51.7,51.67,51.7,25,SILZ5
2025-11-12 09:44:00+00:00,33,1,42029208,51.71,51.73,51.705,51.725,47,SILZ5
2025-11-12 09:45:00+00:00,33,1,42029208,51.73,51.745,51.715,51.72,22,SILZ5
2025-11-12 09:46:00+00:00,33,1,42029208,51.725,51.73,51.71,51.73,15,SILZ5
2025-11-12 09:47:00+00:00,33,1,42029208,51.735,51.745,51.7,51.71,41,SILZ5
2025-11-12 09:48:00+00:00,33,1,42029208,51.705,51.705,51.67,51.68,33,SILZ5
2025-11-12 09:49:00+00:00,33,1,42029208,51.685,51.69,51.675,51.675,14,SILZ5
2025-11-12 09:50:00+00:00,33,1,42029208,51.68,51.685,51.62,51.62,37,SILZ5
2025-11-12 09:51:00+00:00,33,1,42029208,51.625,51.635,51.6,51.63,43,SILZ5
2025-11-12 09:52:00+00:00,33,1,42029208,51.63,51.645,51.615,51.645,55,SILZ5
2025-11-12 09:53:00+00:00,33,1,42029208,51.64,51.66,51.635,51.645,12,SILZ5
2025-11-12 09:54:00+00:00,33,1,42029208,51.64,51.68,51.64,51.67,28,SILZ5
2025-11-12 09:55:00+00:00,33,1,42029208,51.67,51.685,51.67,51.675,16,SILZ5
2025-11-12 09:56:00+00:00,33,1,42029208,51.66,51.665,51.645,51.645,10,SILZ5
2025-11-12 09:57:00+00:00,33,1,42029208,51.635,51.655,51.625,51.655,35,SILZ5
2025-11-12 09:58:00+00:00,33,1,42029208,51.645,51.655,51.63,51.645,35,SILZ5
2025-11-12 09:59:00+00:00,33,1,42029208,51.655,51.655,51.64,51.645,6,SILZ5
2025-11-12 10:00:00+00:00,33,1,42029208,51.65,51.655,51.635,51.64,17,SILZ5
2025-11-12 10:01:00+00:00,33,1,42029208,51.64,51.66,51.63,51.66,11,SILZ5
2025-11-12 10:02:00+00:00,33,1,42029208,51.665,51.675,51.65,51.67,20,SILZ5
2025-11-12 10:03:00+00:00,33,1,42029208,51.68,51.68,51.67,51.675,13,SILZ5
2025-11-12 10:04:00+00:00,33,1,42029208,51.685,51.69,51.655,51.665,32,SILZ5
2025-11-12 10:05:00+00:00,33,1,42029208,51.665,51.69,51.665,51.675,10,SILZ5
2025-11-12 10:06:00+00:00,33,1,42029208,51.675,51.705,51.67,51.695,31,SILZ5
2025-11-12 10:07:00+00:00,33,1,42029208,51.7,51.7,51.665,51.665,15,SILZ5
2025-11-12 10:08:00+00:00,33,1,42029208,51.665,51.67,51.65,51.655,12,SILZ5
2025-11-12 10:09:00+00:00,33,1,42029208,51.655,51.67,51.645,51.66,23,SILZ5
2025-11-12 10:10:00+00:00,33,1,42029208,51.65,51.65,51.62,51.625,15,SILZ5
2025-11-12 10:11:00+00:00,33,1,42029208,51.615,51.615,51.595,51.595,32,SILZ5
2025-11-12 10:12:00+00:00,33,1,42029208,51.6,51.645,51.6,51.64,15,SILZ5
2025-11-12 10:13:00+00:00,33,1,42029208,51.65,51.66,51.635,51.635,22,SILZ5
2025-11-12 10:14:00+00:00,33,1,42029208,51.63,51.675,51.605,51.675,161,SILZ5
2025-11-12 10:15:00+00:00,33,1,42029208,51.68,51.69,51.66,51.675,41,SILZ5
2025-11-12 10:16:00+00:00,33,1,42029208,51.68,51.69,51.675,51.68,14,SILZ5
2025-11-12 10:17:00+00:00,33,1,42029208,51.68,51.68,51.655,51.67,23,SILZ5
2025-11-12 10:18:00+00:00,33,1,42029208,51.67,51.675,51.665,51.665,13,SILZ5
2025-11-12 10:19:00+00:00,33,1,42029208,51.665,51.67,51.655,51.655,7,SILZ5
2025-11-12 10:20:00+00:00,33,1,42029208,51.65,51.655,51.635,51.65,11,SILZ5
2025-11-12 10:21:00+00:00,33,1,42029208,51.64,51.65,51.63,51.65,33,SILZ5
2025-11-12 10:22:00+00:00,33,1,42029208,51.655,51.665,51.64,51.64,8,SILZ5
2025-11-12 10:23:00+00:00,33,1,42029208,51.63,51.64,51.615,51.615,11,SILZ5
2025-11-12 10:24:00+00:00,33,1,42029208,51.61,51.625,51.6,51.625,24,SILZ5
2025-11-12 10:25:00+00:00,33,1,42029208,51.625,51.625,51.555,51.57,75,SILZ5
2025-11-12 10:26:00+00:00,33,1,42029208,51.575,51.585,51.515,51.55,123,SILZ5
2025-11-12 10:27:00+00:00,33,1,42029208,51.545,51.585,51.54,51.575,37,SILZ5
2025-11-12 10:28:00+00:00,33,1,42029208,51.57,51.585,51.555,51.565,32,SILZ5
2025-11-12 10:29:00+00:00,33,1,42029208,51.565,51.57,51.54,51.56,36,SILZ5
2025-11-12 10:30:00+00:00,33,1,42029208,51.555,51.555,51.515,51.535,73,SILZ5
2025-11-12 10:31:00+00:00,33,1,42029208,51.525,51.575,51.525,51.57,54,SILZ5
2025-11-12 10:32:00+00:00,33,1,42029208,51.575,51.61,51.575,51.59,44,SILZ5
2025-11-12 10:33:00+00:00,33,1,42029208,51.6,51.625,51.6,51.625,12,SILZ5
2025-11-12 10:34:00+00:00,33,1,42029208,51.625,51.66,51.625,51.635,52,SILZ5
2025-11-12 10:35:00+00:00,33,1,42029208,51.635,51.64,51.625,51.64,10,SILZ5
2025-11-12 10:36:00+00:00,33,1,42029208,51.645,51.67,51.645,51.67,13,SILZ5
2025-11-12 10:37:00+00:00,33,1,42029208,51.665,51.68,51.655,51.655,49,SILZ5
2025-11-12 10:38:00+00:00,33,1,42029208,51.66,51.68,51.66,51.68,9,SILZ5
2025-11-12 10:39:00+00:00,33,1,42029208,51.68,51.695,51.68,51.695,36,SILZ5
2025-11-12 10:40:00+00:00,33,1,42029208,51.695,51.705,51.685,51.695,34,SILZ5
2025-11-12 10:41:00+00:00,33,1,42029208,51.695,51.695,51.665,51.665,18,SILZ5
2025-11-12 10:42:00+00:00,33,1,42029208,51.665,51.665,51.65,51.66,14,SILZ5
2025-11-12 10:43:00+00:00,33,1,42029208,51.665,51.67,51.65,51.66,17,SILZ5
2025-11-12 10:44:00+00:00,33,1,42029208,51.66,51.66,51.645,51.65,5,SILZ5
2025-11-12 10:45:00+00:00,33,1,42029208,51.645,51.665,51.645,51.665,13,SILZ5
2025-11-12 10:46:00+00:00,33,1,42029208,51.65,51.65,51.62,51.625,31,SILZ5
2025-11-12 10:47:00+00:00,33,1,42029208,51.615,51.625,51.61,51.625,14,SILZ5
2025-11-12 10:48:00+00:00,33,1,42029208,51.625,51.625,51.61,51.62,13,SILZ5
2025-11-12 10:49:00+00:00,33,1,42029208,51.62,51.635,51.61,51.63,23,SILZ5
2025-11-12 10:50:00+00:00,33,1,42029208,51.63,51.64,51.62,51.62,11,SILZ5
2025-11-12 10:51:00+00:00,33,1,42029208,51.63,51.63,51.615,51.62,12,SILZ5
2025-11-12 10:52:00+00:00,33,1,42029208,51.63,51.63,51.615,51.625,4,SILZ5
2025-11-12 10:53:00+00:00,33,1,42029208,51.62,51.62,51.61,51.62,13,SILZ5
2025-11-12 10:54:00+00:00,33,1,42029208,51.625,51.635,51.615,51.615,33,SILZ5
2025-11-12 10:55:00+00:00,33,1,42029208,51.625,51.65,51.625,51.65,33,SILZ5
2025-11-12 10:56:00+00:00,33,1,42029208,51.645,51.645,51.63,51.63,15,SILZ5
2025-11-12 10:57:00+00:00,33,1,42029208,51.65,51.68,51.645,51.68,20,SILZ5
2025-11-12 10:58:00+00:00,33,1,42029208,51.68,51.69,51.67,51.67,16,SILZ5
2025-11-12 10:59:00+00:00,33,1,42029208,51.67,51.67,51.65,51.655,20,SILZ5
2025-11-12 11:00:00+00:00,33,1,42029208,51.66,51.675,51.655,51.675,27,SILZ5
2025-11-12 11:01:00+00:00,33,1,42029208,51.68,51.69,51.665,51.675,21,SILZ5
2025-11-12 11:02:00+00:00,33,1,42029208,51.67,51.67,51.665,51.665,4,SILZ5
2025-11-12 11:03:00+00:00,33,1,42029208,51.665,51.665,51.645,51.645,7,SILZ5
2025-11-12 11:04:00+00:00,33,1,42029208,51.645,51.645,51.625,51.63,31,SILZ5
2025-11-12 11:05:00+00:00,33,1,42029208,51.63,51.65,51.63,51.645,8,SILZ5
2025-11-12 11:06:00+00:00,33,1,42029208,51.655,51.67,51.655,51.66,12,SILZ5
2025-11-12 11:07:00+00:00,33,1,42029208,51.66,51.66,51.66,51.66,3,SILZ5
2025-11-12 11:09:00+00:00,33,1,42029208,51.665,51.665,51.665,51.665,5,SILZ5
2025-11-12 11:10:00+00:00,33,1,42029208,51.675,51.695,51.67,51.695,14,SILZ5
2025-11-12 11:11:00+00:00,33,1,42029208,51.695,51.695,51.675,51.685,20,SILZ5
2025-11-12 11:12:00+00:00,33,1,42029208,51.675,51.69,51.67,51.685,31,SILZ5
2025-11-12 11:13:00+00:00,33,1,42029208,51.685,51.69,51.67,51.67,30,SILZ5
2025-11-12 11:14:00+00:00,33,1,42029208,51.685,51.69,51.68,51.685,12,SILZ5
2025-11-12 11:15:00+00:00,33,1,42029208,51.685,51.685,51.64,51.64,25,SILZ5
2025-11-12 11:16:00+00:00,33,1,42029208,51.64,51.645,51.625,51.625,25,SILZ5
2025-11-12 11:17:00+00:00,33,1,42029208,51.625,51.625,51.615,51.62,16,SILZ5
2025-11-12 11:18:00+00:00,33,1,42029208,51.62,51.625,51.615,51.615,7,SILZ5
2025-11-12 11:19:00+00:00,33,1,42029208,51.615,51.62,51.61,51.61,6,SILZ5
2025-11-12 11:20:00+00:00,33,1,42029208,51.62,51.62,51.585,51.585,45,SILZ5
2025-11-12 11:21:00+00:00,33,1,42029208,51.58,51.59,51.58,51.58,18,SILZ5
2025-11-12 11:22:00+00:00,33,1,42029208,51.58,51.58,51.54,51.555,49,SILZ5
2025-11-12 11:23:00+00:00,33,1,42029208,51.555,51.59,51.555,51.585,14,SILZ5
2025-11-12 11:24:00+00:00,33,1,42029208,51.575,51.58,51.57,51.575,14,SILZ5
2025-11-12 11:25:00+00:00,33,1,42029208,51.565,51.585,51.555,51.58,21,SILZ5
2025-11-12 11:26:00+00:00,33,1,42029208,51.585,51.595,51.575,51.585,23,SILZ5
2025-11-12 11:27:00+00:00,33,1,42029208,51.58,51.58,51.535,51.535,14,SILZ5
2025-11-12 11:28:00+00:00,33,1,42029208,51.535,51.535,51.485,51.52,108,SILZ5
2025-11-12 11:29:00+00:00,33,1,42029208,51.51,51.51,51.485,51.485,50,SILZ5
2025-11-12 11:30:00+00:00,33,1,42029208,51.48,51.51,51.475,51.5,40,SILZ5
2025-11-12 11:31:00+00:00,33,1,42029208,51.505,51.525,51.5,51.52,30,SILZ5
2025-11-12 11:32:00+00:00,33,1,42029208,51.53,51.545,51.515,51.545,37,SILZ5
2025-11-12 11:33:00+00:00,33,1,42029208,51.55,51.555,51.54,51.54,16,SILZ5
2025-11-12 11:34:00+00:00,33,1,42029208,51.535,51.55,51.525,51.55,21,SILZ5
2025-11-12 11:35:00+00:00,33,1,42029208,51.56,51.61,51.56,51.59,63,SILZ5
2025-11-12 11:36:00+00:00,33,1,42029208,51.595,51.6,51.58,51.58,10,SILZ5
2025-11-12 11:37:00+00:00,33,1,42029208,51.58,51.58,51.56,51.565,11,SILZ5
2025-11-12 11:38:00+00:00,33,1,42029208,51.555,51.565,51.545,51.555,11,SILZ5
2025-11-12 11:39:00+00:00,33,1,42029208,51.545,51.545,51.51,51.535,46,SILZ5
2025-11-12 11:40:00+00:00,33,1,42029208,51.525,51.525,51.5,51.5,9,SILZ5
2025-11-12 11:41:00+00:00,33,1,42029208,51.49,51.52,51.48,51.515,32,SILZ5
2025-11-12 11:42:00+00:00,33,1,42029208,51.515,51.535,51.51,51.53,24,SILZ5
2025-11-12 11:43:00+00:00,33,1,42029208,51.535,51.555,51.535,51.545,23,SILZ5
2025-11-12 11:44:00+00:00,33,1,42029208,51.535,51.55,51.535,51.55,8,SILZ5
2025-11-12 11:45:00+00:00,33,1,42029208,51.55,51.555,51.52,51.525,10,SILZ5
2025-11-12 11:46:00+00:00,33,1,42029208,51.535,51.535,51.505,51.505,15,SILZ5
2025-11-12 11:47:00+00:00,33,1,42029208,51.5,51.515,51.48,51.515,29,SILZ5
2025-11-12 11:48:00+00:00,33,1,42029208,51.53,51.545,51.53,51.54,20,SILZ5
2025-11-12 11:49:00+00:00,33,1,42029208,51.52,51.52,51.48,51.49,30,SILZ5
2025-11-12 11:50:00+00:00,33,1,42029208,51.495,51.51,51.47,51.51,41,SILZ5
2025-11-12 11:51:00+00:00,33,1,42029208,51.51,51.525,51.5,51.51,18,SILZ5
2025-11-12 11:52:00+00:00,33,1,42029208,51.51,51.51,51.495,51.495,12,SILZ5
2025-11-12 11:53:00+00:00,33,1,42029208,51.485,51.5,51.48,51.49,47,SILZ5
2025-11-12 11:54:00+00:00,33,1,42029208,51.49,51.49,51.48,51.48,8,SILZ5
2025-11-12 11:55:00+00:00,33,1,42029208,51.475,51.475,51.435,51.45,80,SILZ5
2025-11-12 11:56:00+00:00,33,1,42029208,51.44,51.445,51.415,51.415,85,SILZ5
2025-11-12 11:57:00+00:00,33,1,42029208,51.415,51.425,51.405,51.415,56,SILZ5
2025-11-12 11:58:00+00:00,33,1,42029208,51.405,51.42,51.365,51.42,135,SILZ5
2025-11-12 11:59:00+00:00,33,1,42029208,51.41,51.435,51.405,51.405,53,SILZ5
2025-11-12 12:00:00+00:00,33,1,42029208,51.4,51.48,51.37,51.42,125,SILZ5
2025-11-12 12:01:00+00:00,33,1,42029208,51.425,51.43,51.415,51.415,48,SILZ5
2025-11-12 12:02:00+00:00,33,1,42029208,51.415,51.47,51.415,51.46,55,SILZ5
2025-11-12 12:03:00+00:00,33,1,42029208,51.46,51.51,51.455,51.5,98,SILZ5
2025-11-12 12:04:00+00:00,33,1,42029208,51.495,51.495,51.465,51.475,32,SILZ5
2025-11-12 12:05:00+00:00,33,1,42029208,51.48,51.545,51.48,51.53,96,SILZ5
2025-11-12 12:06:00+00:00,33,1,42029208,51.525,51.54,51.52,51.52,33,SILZ5
2025-11-12 12:07:00+00:00,33,1,42029208,51.515,51.525,51.49,51.49,23,SILZ5
2025-11-12 12:08:00+00:00,33,1,42029208,51.5,51.505,51.48,51.48,20,SILZ5
2025-11-12 12:09:00+00:00,33,1,42029208,51.48,51.5,51.48,51.49,39,SILZ5
2025-11-12 12:10:00+00:00,33,1,42029208,51.495,51.51,51.495,51.51,6,SILZ5
2025-11-12 12:11:00+00:00,33,1,42029208,51.5,51.54,51.5,51.53,31,SILZ5
2025-11-12 12:12:00+00:00,33,1,42029208,51.53,51.545,51.525,51.54,19,SILZ5
2025-11-12 12:13:00+00:00,33,1,42029208,51.525,51.535,51.52,51.53,30,SILZ5
2025-11-12 12:14:00+00:00,33,1,42029208,51.535,51.545,51.52,51.525,39,SILZ5
2025-11-12 12:15:00+00:00,33,1,42029208,51.52,51.535,51.515,51.535,20,SILZ5
2025-11-12 12:16:00+00:00,33,1,42029208,51.54,51.555,51.54,51.545,41,SILZ5
2025-11-12 12:17:00+00:00,33,1,42029208,51.55,51.57,51.545,51.56,59,SILZ5
2025-11-12 12:18:00+00:00,33,1,42029208,51.565,51.59,51.565,51.575,59,SILZ5
2025-11-12 12:19:00+00:00,33,1,42029208,51.59,51.59,51.545,51.555,63,SILZ5
2025-11-12 12:20:00+00:00,33,1,42029208,51.555,51.58,51.555,51.56,22,SILZ5
2025-11-12 12:21:00+00:00,33,1,42029208,51.555,51.61,51.55,51.6,51,SILZ5
2025-11-12 12:22:00+00:00,33,1,42029208,51.6,51.615,51.6,51.61,42,SILZ5
2025-11-12 12:23:00+00:00,33,1,42029208,51.605,51.61,51.59,51.61,24,SILZ5
2025-11-12 12:24:00+00:00,33,1,42029208,51.61,51.62,51.595,51.6,33,SILZ5
2025-11-12 12:25:00+00:00,33,1,42029208,51.6,51.62,51.595,51.615,19,SILZ5
2025-11-12 12:26:00+00:00,33,1,42029208,51.625,51.67,51.625,51.66,71,SILZ5
2025-11-12 12:27:00+00:00,33,1,42029208,51.65,51.66,51.63,51.63,36,SILZ5
2025-11-12 12:28:00+00:00,33,1,42029208,51.63,51.645,51.625,51.645,26,SILZ5
2025-11-12 12:29:00+00:00,33,1,42029208,51.635,51.65,51.635,51.645,12,SILZ5
2025-11-12 12:30:00+00:00,33,1,42029208,51.64,51.665,51.635,51.645,35,SILZ5
2025-11-12 12:31:00+00:00,33,1,42029208,51.645,51.66,51.64,51.655,20,SILZ5
2025-11-12 12:32:00+00:00,33,1,42029208,51.66,51.675,51.65,51.665,30,SILZ5
2025-11-12 12:33:00+00:00,33,1,42029208,51.655,51.67,51.655,51.67,16,SILZ5
2025-11-12 12:34:00+00:00,33,1,42029208,51.665,51.68,51.665,51.67,24,SILZ5
2025-11-12 12:35:00+00:00,33,1,42029208,51.67,51.69,51.66,51.66,25,SILZ5
2025-11-12 12:36:00+00:00,33,1,42029208,51.66,51.67,51.65,51.66,28,SILZ5
2025-11-12 12:37:00+00:00,33,1,42029208,51.655,51.665,51.64,51.64,18,SILZ5
2025-11-12 12:38:00+00:00,33,1,42029208,51.64,51.64,51.615,51.625,40,SILZ5
2025-11-12 12:39:00+00:00,33,1,42029208,51.625,51.645,51.62,51.63,38,SILZ5
2025-11-12 12:40:00+00:00,33,1,42029208,51.63,51.635,51.625,51.625,8,SILZ5
2025-11-12 12:41:00+00:00,33,1,42029208,51.62,51.625,51.59,51.605,79,SILZ5
2025-11-12 12:42:00+00:00,33,1,42029208,51.605,51.605,51.585,51.595,34,SILZ5
2025-11-12 12:43:00+00:00,33,1,42029208,51.595,51.62,51.595,51.615,14,SILZ5
2025-11-12 12:44:00+00:00,33,1,42029208,51.62,51.62,51.6,51.61,20,SILZ5
2025-11-12 12:45:00+00:00,33,1,42029208,51.595,51.61,51.595,51.61,16,SILZ5
2025-11-12 12:46:00+00:00,33,1,42029208,51.61,51.625,51.61,51.62,32,SILZ5
2025-11-12 12:47:00+00:00,33,1,42029208,51.625,51.66,51.62,51.645,72,SILZ5
2025-11-12 12:48:00+00:00,33,1,42029208,51.645,51.65,51.61,51.61,35,SILZ5
2025-11-12 12:49:00+00:00,33,1,42029208,51.615,51.615,51.6,51.6,14,SILZ5
2025-11-12 12:50:00+00:00,33,1,42029208,51.6,51.6,51.585,51.585,15,SILZ5
2025-11-12 12:51:00+00:00,33,1,42029208,51.585,51.62,51.585,51.62,17,SILZ5
2025-11-12 12:52:00+00:00,33,1,42029208,51.615,51.635,51.615,51.63,28,SILZ5
2025-11-12 12:53:00+00:00,33,1,42029208,51.635,51.635,51.615,51.625,26,SILZ5
2025-11-12 12:54:00+00:00,33,1,42029208,51.615,51.625,51.605,51.615,25,SILZ5
2025-11-12 12:55:00+00:00,33,1,42029208,51.605,51.605,51.595,51.605,23,SILZ5
2025-11-12 12:56:00+00:00,33,1,42029208,51.6,51.61,51.6,51.61,15,SILZ5
2025-11-12 12:57:00+00:00,33,1,42029208,51.605,51.605,51.59,51.59,15,SILZ5
2025-11-12 12:58:00+00:00,33,1,42029208,51.585,51.595,51.57,51.58,48,SILZ5
2025-11-12 12:59:00+00:00,33,1,42029208,51.57,51.595,51.57,51.58,44,SILZ5
2025-11-12 13:00:00+00:00,33,1,42029208,51.585,51.59,51.54,51.54,205,SILZ5
2025-11-12 13:01:00+00:00,33,1,42029208,51.54,51.545,51.5,51.505,82,SILZ5
2025-11-12 13:02:00+00:00,33,1,42029208,51.515,51.52,51.485,51.505,38,SILZ5
2025-11-12 13:03:00+00:00,33,1,42029208,51.51,51.56,51.495,51.55,81,SILZ5
2025-11-12 13:04:00+00:00,33,1,42029208,51.54,51.565,51.535,51.565,36,SILZ5
2025-11-12 13:05:00+00:00,33,1,42029208,51.555,51.565,51.525,51.545,25,SILZ5
2025-11-12 13:06:00+00:00,33,1,42029208,51.525,51.54,51.5,51.535,50,SILZ5
2025-11-12 13:07:00+00:00,33,1,42029208,51.535,51.54,51.51,51.51,36,SILZ5
2025-11-12 13:08:00+00:00,33,1,42029208,51.515,51.52,51.495,51.505,45,SILZ5
2025-11-12 13:09:00+00:00,33,1,42029208,51.505,51.51,51.465,51.465,51,SILZ5
2025-11-12 13:10:00+00:00,33,1,42029208,51.465,51.465,51.42,51.46,115,SILZ5
2025-11-12 13:11:00+00:00,33,1,42029208,51.455,51.46,51.415,51.45,47,SILZ5
2025-11-12 13:12:00+00:00,33,1,42029208,51.44,51.505,51.42,51.505,56,SILZ5
2025-11-12 13:13:00+00:00,33,1,42029208,51.505,51.52,51.445,51.46,63,SILZ5
2025-11-12 13:14:00+00:00,33,1,42029208,51.46,51.5,51.46,51.475,73,SILZ5
2025-11-12 13:15:00+00:00,33,1,42029208,51.475,51.51,51.465,51.51,45,SILZ5
2025-11-12 13:16:00+00:00,33,1,42029208,51.51,51.51,51.47,51.475,21,SILZ5
2025-11-12 13:17:00+00:00,33,1,42029208,51.475,51.49,51.46,51.465,24,SILZ5
2025-11-12 13:18:00+00:00,33,1,42029208,51.465,51.465,51.43,51.44,34,SILZ5
2025-11-12 13:19:00+00:00,33,1,42029208,51.44,51.44,51.4,51.425,45,SILZ5
2025-11-12 13:20:00+00:00,33,1,42029208,51.425,51.49,51.425,51.465,63,SILZ5
2025-11-12 13:21:00+00:00,33,1,42029208,51.475,51.495,51.47,51.485,47,SILZ5
2025-11-12 13:22:00+00:00,33,1,42029208,51.49,51.54,51.49,51.525,72,SILZ5
2025-11-12 13:23:00+00:00,33,1,42029208,51.535,51.58,51.53,51.565,99,SILZ5
2025-11-12 13:24:00+00:00,33,1,42029208,51.565,51.59,51.56,51.575,51,SILZ5
2025-11-12 13:25:00+00:00,33,1,42029208,51.58,51.62,51.56,51.57,94,SILZ5
2025-11-12 13:26:00+00:00,33,1,42029208,51.575,51.585,51.52,51.535,53,SILZ5
2025-11-12 13:27:00+00:00,33,1,42029208,51.535,51.575,51.53,51.57,42,SILZ5
2025-11-12 13:28:00+00:00,33,1,42029208,51.575,51.61,51.565,51.595,44,SILZ5
2025-11-12 13:29:00+00:00,33,1,42029208,51.6,51.615,51.58,51.6,46,SILZ5
2025-11-12 13:30:00+00:00,33,1,42029208,51.605,51.63,51.585,51.61,108,SILZ5
2025-11-12 13:31:00+00:00,33,1,42029208,51.61,51.63,51.61,51.625,37,SILZ5
2025-11-12 13:32:00+00:00,33,1,42029208,51.615,51.665,51.615,51.655,65,SILZ5
2025-11-12 13:33:00+00:00,33,1,42029208,51.665,51.685,51.66,51.665,84,SILZ5
2025-11-12 13:34:00+00:00,33,1,42029208,51.665,51.71,51.665,51.71,84,SILZ5
2025-11-12 13:35:00+00:00,33,1,42029208,51.715,51.725,51.645,51.655,70,SILZ5
2025-11-12 13:36:00+00:00,33,1,42029208,51.65,51.665,51.625,51.645,46,SILZ5
2025-11-12 13:37:00+00:00,33,1,42029208,51.64,51.65,51.575,51.575,70,SILZ5
2025-11-12 13:38:00+00:00,33,1,42029208,51.57,51.625,51.565,51.625,44,SILZ5
2025-11-12 13:39:00+00:00,33,1,42029208,51.62,51.62,51.57,51.57,41,SILZ5
2025-11-12 13:40:00+00:00,33,1,42029208,51.575,51.6,51.565,51.57,63,SILZ5
2025-11-12 13:41:00+00:00,33,1,42029208,51.575,51.59,51.57,51.59,29,SILZ5
2025-11-12 13:42:00+00:00,33,1,42029208,51.585,51.645,51.585,51.62,50,SILZ5
2025-11-12 13:43:00+00:00,33,1,42029208,51.61,51.635,51.605,51.605,43,SILZ5
2025-11-12 13:44:00+00:00,33,1,42029208,51.605,51.61,51.58,51.605,22,SILZ5
2025-11-12 13:45:00+00:00,33,1,42029208,51.6,51.63,51.595,51.615,30,SILZ5
2025-11-12 13:46:00+00:00,33,1,42029208,51.61,51.64,51.61,51.635,17,SILZ5
2025-11-12 13:47:00+00:00,33,1,42029208,51.645,51.67,51.64,51.67,40,SILZ5
2025-11-12 13:48:00+00:00,33,1,42029208,51.67,51.67,51.61,51.635,21,SILZ5
2025-11-12 13:49:00+00:00,33,1,42029208,51.64,51.66,51.63,51.66,16,SILZ5
2025-11-12 13:50:00+00:00,33,1,42029208,51.635,51.64,51.625,51.635,17,SILZ5
2025-11-12 13:51:00+00:00,33,1,42029208,51.615,51.615,51.565,51.565,18,SILZ5
2025-11-12 13:52:00+00:00,33,1,42029208,51.565,51.58,51.545,51.58,43,SILZ5
2025-11-12 13:53:00+00:00,33,1,42029208,51.57,51.59,51.565,51.565,19,SILZ5
2025-11-12 13:54:00+00:00,33,1,42029208,51.58,51.585,51.555,51.57,23,SILZ5
2025-11-12 13:55:00+00:00,33,1,42029208,51.565,51.58,51.56,51.56,40,SILZ5
2025-11-12 13:56:00+00:00,33,1,42029208,51.565,51.595,51.56,51.56,16,SILZ5
2025-11-12 13:57:00+00:00,33,1,42029208,51.55,51.56,51.53,51.535,32,SILZ5
2025-11-12 13:58:00+00:00,33,1,42029208,51.535,51.545,51.51,51.535,85,SILZ5
2025-11-12 13:59:00+00:00,33,1,42029208,51.545,51.58,51.545,51.56,46,SILZ5
2025-11-12 14:00:00+00:00,33,1,42029208,51.56,51.575,51.55,51.56,47,SILZ5
2025-11-12 14:01:00+00:00,33,1,42029208,51.565,51.605,51.565,51.6,44,SILZ5
2025-11-12 14:02:00+00:00,33,1,42029208,51.605,51.63,51.605,51.61,34,SILZ5
2025-11-12 14:03:00+00:00,33,1,42029208,51.595,51.665,51.595,51.665,50,SILZ5
2025-11-12 14:04:00+00:00,33,1,42029208,51.665,51.7,51.665,51.685,115,SILZ5
2025-11-12 14:05:00+00:00,33,1,42029208,51.68,51.68,51.64,51.645,46,SILZ5
2025-11-12 14:06:00+00:00,33,1,42029208,51.65,51.7,51.645,51.7,49,SILZ5
2025-11-12 14:07:00+00:00,33,1,42029208,51.705,51.765,51.7,51.73,237,SILZ5
2025-11-12 14:08:00+00:00,33,1,42029208,51.73,51.755,51.68,51.71,96,SILZ5
2025-11-12 14:09:00+00:00,33,1,42029208,51.715,51.775,51.715,51.755,150,SILZ5
2025-11-12 14:10:00+00:00,33,1,42029208,51.75,51.785,51.745,51.775,107,SILZ5
2025-11-12 14:11:00+00:00,33,1,42029208,51.78,51.81,51.76,51.8,180,SILZ5
2025-11-12 14:12:00+00:00,33,1,42029208,51.8,51.83,51.785,51.795,197,SILZ5
2025-11-12 14:13:00+00:00,33,1,42029208,51.795,51.795,51.755,51.755,89,SILZ5
2025-11-12 14:14:00+00:00,33,1,42029208,51.755,51.765,51.725,51.765,49,SILZ5
2025-11-12 14:15:00+00:00,33,1,42029208,51.77,51.775,51.745,51.75,59,SILZ5
2025-11-12 14:16:00+00:00,33,1,42029208,51.75,51.81,51.735,51.805,74,SILZ5
2025-11-12 14:17:00+00:00,33,1,42029208,51.81,51.86,51.81,51.82,152,SILZ5
2025-11-12 14:18:00+00:00,33,1,42029208,51.835,51.84,51.795,51.8,90,SILZ5
2025-11-12 14:19:00+00:00,33,1,42029208,51.795,51.825,51.785,51.81,64,SILZ5
2025-11-12 14:20:00+00:00,33,1,42029208,51.81,51.85,51.805,51.82,69,SILZ5
2025-11-12 14:21:00+00:00,33,1,42029208,51.815,51.815,51.75,51.785,136,SILZ5
2025-11-12 14:22:00+00:00,33,1,42029208,51.79,51.815,51.78,51.78,56,SILZ5
2025-11-12 14:23:00+00:00,33,1,42029208,51.785,51.81,51.78,51.785,44,SILZ5
2025-11-12 14:24:00+00:00,33,1,42029208,51.78,51.8,51.76,51.795,46,SILZ5
2025-11-12 14:25:00+00:00,33,1,42029208,51.8,51.82,51.775,51.775,70,SILZ5
2025-11-12 14:26:00+00:00,33,1,42029208,51.765,51.8,51.765,51.78,72,SILZ5
2025-11-12 14:27:00+00:00,33,1,42029208,51.78,51.8,51.775,51.795,47,SILZ5
2025-11-12 14:28:00+00:00,33,1,42029208,51.805,51.845,51.805,51.835,66,SILZ5
2025-11-12 14:29:00+00:00,33,1,42029208,51.84,51.855,51.815,51.815,70,SILZ5
2025-11-12 14:30:00+00:00,33,1,42029208,51.815,51.835,51.78,51.815,143,SILZ5
2025-11-12 14:31:00+00:00,33,1,42029208,51.805,51.81,51.725,51.74,244,SILZ5
2025-11-12 14:32:00+00:00,33,1,42029208,51.74,51.755,51.7,51.73,210,SILZ5
2025-11-12 14:33:00+00:00,33,1,42029208,51.735,51.745,51.685,51.685,159,SILZ5
2025-11-12 14:34:00+00:00,33,1,42029208,51.685,51.7,51.64,51.685,237,SILZ5
2025-11-12 14:35:00+00:00,33,1,42029208,51.68,51.805,51.675,51.78,169,SILZ5
2025-11-12 14:36:00+00:00,33,1,42029208,51.78,51.935,51.78,51.935,323,SILZ5
2025-11-12 14:37:00+00:00,33,1,42029208,51.94,52.02,51.915,51.985,420,SILZ5
2025-11-12 14:38:00+00:00,33,1,42029208,51.99,52.07,51.985,52.02,285,SILZ5
2025-11-12 14:39:00+00:00,33,1,42029208,52.02,52.07,52.015,52.04,206,SILZ5
2025-11-12 14:40:00+00:00,33,1,42029208,52.03,52.145,52.01,52.125,369,SILZ5
2025-11-12 14:41:00+00:00,33,1,42029208,52.12,52.13,52.07,52.095,204,SILZ5
2025-11-12 14:42:00+00:00,33,1,42029208,52.1,52.145,52.09,52.14,152,SILZ5
2025-11-12 14:43:00+00:00,33,1,42029208,52.145,52.175,52.135,52.15,212,SILZ5
2025-11-12 14:44:00+00:00,33,1,42029208,52.145,52.16,52.095,52.16,191,SILZ5
2025-11-12 14:45:00+00:00,33,1,42029208,52.16,52.185,52.08,52.09,193,SILZ5
2025-11-12 14:46:00+00:00,33,1,42029208,52.085,52.145,52.055,52.055,121,SILZ5
2025-11-12 14:47:00+00:00,33,1,42029208,52.055,52.06,51.965,52.005,278,SILZ5
2025-11-12 14:48:00+00:00,33,1,42029208,52.0,52.06,51.99,52.035,106,SILZ5
2025-11-12 14:49:00+00:00,33,1,42029208,52.035,52.075,52.035,52.07,72,SILZ5
2025-11-12 14:50:00+00:00,33,1,42029208,52.075,52.215,52.075,52.175,282,SILZ5
2025-11-12 14:51:00+00:00,33,1,42029208,52.18,52.205,52.155,52.16,129,SILZ5
2025-11-12 14:52:00+00:00,33,1,42029208,52.16,52.225,52.16,52.225,111,SILZ5
2025-11-12 14:53:00+00:00,33,1,42029208,52.225,52.27,52.205,52.265,221,SILZ5
2025-11-12 14:54:00+00:00,33,1,42029208,52.27,52.275,52.245,52.25,117,SILZ5
2025-11-12 14:55:00+00:00,33,1,42029208,52.25,52.265,52.215,52.265,147,SILZ5
2025-11-12 14:56:00+00:00,33,1,42029208,52.27,52.36,52.27,52.33,449,SILZ5
2025-11-12 14:57:00+00:00,33,1,42029208,52.325,52.33,52.255,52.265,165,SILZ5
2025-11-12 14:58:00+00:00,33,1,42029208,52.27,52.29,52.24,52.265,184,SILZ5
2025-11-12 14:59:00+00:00,33,1,42029208,52.265,52.335,52.26,52.295,153,SILZ5
2025-11-12 15:00:00+00:00,33,1,42029208,52.29,52.31,52.25,52.305,159,SILZ5
2025-11-12 15:01:00+00:00,33,1,42029208,52.3,52.3,52.24,52.27,135,SILZ5
2025-11-12 15:02:00+00:00,33,1,42029208,52.265,52.28,52.24,52.28,90,SILZ5
2025-11-12 15:03:00+00:00,33,1,42029208,52.275,52.355,52.275,52.345,156,SILZ5
2025-11-12 15:04:00+00:00,33,1,42029208,52.35,52.425,52.33,52.415,320,SILZ5
2025-11-12 15:05:00+00:00,33,1,42029208,52.405,52.445,52.355,52.37,187,SILZ5
2025-11-12 15:06:00+00:00,33,1,42029208,52.365,52.405,52.325,52.38,112,SILZ5
2025-11-12 15:07:00+00:00,33,1,42029208,52.375,52.415,52.345,52.355,115,SILZ5
2025-11-12 15:08:00+00:00,33,1,42029208,52.35,52.375,52.34,52.365,56,SILZ5
2025-11-12 15:09:00+00:00,33,1,42029208,52.375,52.41,52.37,52.375,80,SILZ5
2025-11-12 15:10:00+00:00,33,1,42029208,52.375,52.47,52.375,52.45,220,SILZ5
2025-11-12 15:11:00+00:00,33,1,42029208,52.445,52.505,52.43,52.505,240,SILZ5
2025-11-12 15:12:00+00:00,33,1,42029208,52.495,52.51,52.42,52.42,149,SILZ5
2025-11-12 15:13:00+00:00,33,1,42029208,52.435,52.515,52.43,52.505,119,SILZ5
2025-11-12 15:14:00+00:00,33,1,42029208,52.495,52.53,52.47,52.52,161,SILZ5
2025-11-12 15:15:00+00:00,33,1,42029208,52.525,52.525,52.46,52.485,112,SILZ5
2025-11-12 15:16:00+00:00,33,1,42029208,52.5,52.565,52.5,52.54,102,SILZ5
2025-11-12 15:17:00+00:00,33,1,42029208,52.54,52.6,52.535,52.575,110,SILZ5
2025-11-12 15:18:00+00:00,33,1,42029208,52.57,52.585,52.52,52.525,84,SILZ5
2025-11-12 15:19:00+00:00,33,1,42029208,52.52,52.52,52.41,52.46,212,SILZ5
2025-11-12 15:20:00+00:00,33,1,42029208,52.46,52.47,52.38,52.4,222,SILZ5
2025-11-12 15:21:00+00:00,33,1,42029208,52.395,52.405,52.33,52.35,251,SILZ5
2025-11-12 15:22:00+00:00,33,1,42029208,52.35,52.43,52.345,52.395,205,SILZ5
2025-11-12 15:23:00+00:00,33,1,42029208,52.395,52.435,52.365,52.435,168,SILZ5
2025-11-12 15:24:00+00:00,33,1,42029208,52.44,52.45,52.41,52.41,96,SILZ5
2025-11-12 15:25:00+00:00,33,1,42029208,52.405,52.435,52.35,52.385,114,SILZ5
2025-11-12 15:26:00+00:00,33,1,42029208,52.38,52.49,52.36,52.485,155,SILZ5
2025-11-12 15:27:00+00:00,33,1,42029208,52.48,52.535,52.45,52.535,177,SILZ5
2025-11-12 15:28:00+00:00,33,1,42029208,52.535,52.575,52.515,52.515,122,SILZ5
2025-11-12 15:29:00+00:00,33,1,42029208,52.52,52.535,52.495,52.5,108,SILZ5
2025-11-12 15:30:00+00:00,33,1,42029208,52.5,52.53,52.485,52.53,116,SILZ5
2025-11-12 15:31:00+00:00,33,1,42029208,52.53,52.56,52.52,52.53,75,SILZ5
2025-11-12 15:32:00+00:00,33,1,42029208,52.535,52.585,52.53,52.585,94,SILZ5
2025-11-12 15:33:00+00:00,33,1,42029208,52.575,52.65,52.565,52.64,321,SILZ5
2025-11-12 15:34:00+00:00,33,1,42029208,52.65,52.675,52.645,52.65,138,SILZ5
2025-11-12 15:35:00+00:00,33,1,42029208,52.66,52.68,52.645,52.67,129,SILZ5
2025-11-12 15:36:00+00:00,33,1,42029208,52.675,52.685,52.63,52.65,108,SILZ5
2025-11-12 15:37:00+00:00,33,1,42029208,52.65,52.675,52.62,52.66,123,SILZ5
2025-11-12 15:38:00+00:00,33,1,42029208,52.655,52.695,52.65,52.685,153,SILZ5
2025-11-12 15:39:00+00:00,33,1,42029208,52.69,52.765,52.68,52.735,223,SILZ5
2025-11-12 15:40:00+00:00,33,1,42029208,52.725,52.8,52.725,52.75,293,SILZ5
2025-11-12 15:41:00+00:00,33,1,42029208,52.76,52.875,52.74,52.865,327,SILZ5
2025-11-12 15:42:00+00:00,33,1,42029208,52.86,52.865,52.785,52.81,251,SILZ5
2025-11-12 15:43:00+00:00,33,1,42029208,52.82,52.86,52.785,52.815,187,SILZ5
2025-11-12 15:44:00+00:00,33,1,42029208,52.805,52.855,52.785,52.855,168,SILZ5
2025-11-12 15:45:00+00:00,33,1,42029208,52.835,52.9,52.825,52.89,191,SILZ5
2025-11-12 15:46:00+00:00,33,1,42029208,52.89,52.9,52.85,52.865,122,SILZ5
2025-11-12 15:47:00+00:00,33,1,42029208,52.865,52.865,52.775,52.84,139,SILZ5
2025-11-12 15:48:00+00:00,33,1,42029208,52.855,52.97,52.835,52.955,287,SILZ5
2025-11-12 15:49:00+00:00,33,1,42029208,52.96,52.96,52.915,52.955,198,SILZ5
2025-11-12 15:50:00+00:00,33,1,42029208,52.96,53.02,52.955,53.0,265,SILZ5
2025-11-12 15:51:00+00:00,33,1,42029208,53.0,53.0,52.89,52.91,268,SILZ5
2025-11-12 15:52:00+00:00,33,1,42029208,52.905,52.905,52.75,52.77,351,SILZ5
2025-11-12 15:53:00+00:00,33,1,42029208,52.775,52.825,52.71,52.73,332,SILZ5
2025-11-12 15:54:00+00:00,33,1,42029208,52.725,52.77,52.7,52.735,253,SILZ5
2025-11-12 15:55:00+00:00,33,1,42029208,52.74,52.845,52.73,52.805,239,SILZ5
2025-11-12 15:56:00+00:00,33,1,42029208,52.805,52.89,52.805,52.89,142,SILZ5
2025-11-12 15:57:00+00:00,33,1,42029208,52.89,52.89,52.825,52.845,131,SILZ5
2025-11-12 15:58:00+00:00,33,1,42029208,52.85,52.86,52.745,52.745,101,SILZ5
2025-11-12 15:59:00+00:00,33,1,42029208,52.755,52.835,52.75,52.83,120,SILZ5
2025-11-12 16:00:00+00:00,33,1,42029208,52.83,52.845,52.76,52.76,111,SILZ5
2025-11-12 16:01:00+00:00,33,1,42029208,52.76,52.81,52.75,52.8,132,SILZ5
2025-11-12 16:02:00+00:00,33,1,42029208,52.79,52.87,52.79,52.85,126,SILZ5
2025-11-12 16:03:00+00:00,33,1,42029208,52.855,52.895,52.845,52.89,139,SILZ5
2025-11-12 16:04:00+00:00,33,1,42029208,52.89,52.925,52.88,52.91,142,SILZ5
2025-11-12 16:05:00+00:00,33,1,42029208,52.905,52.955,52.85,52.875,143,SILZ5
2025-11-12 16:06:00+00:00,33,1,42029208,52.87,52.91,52.845,52.865,82,SILZ5
2025-11-12 16:07:00+00:00,33,1,42029208,52.855,52.925,52.85,52.9,121,SILZ5
2025-11-12 16:08:00+00:00,33,1,42029208,52.895,52.91,52.89,52.89,53,SILZ5
2025-11-12 16:09:00+00:00,33,1,42029208,52.895,52.895,52.845,52.865,118,SILZ5
2025-11-12 16:10:00+00:00,33,1,42029208,52.85,52.86,52.805,52.82,106,SILZ5
2025-11-12 16:11:00+00:00,33,1,42029208,52.825,52.825,52.64,52.67,374,SILZ5
2025-11-12 16:12:00+00:00,33,1,42029208,52.665,52.735,52.655,52.735,206,SILZ5
2025-11-12 16:13:00+00:00,33,1,42029208,52.735,52.77,52.7,52.765,142,SILZ5
2025-11-12 16:14:00+00:00,33,1,42029208,52.755,52.755,52.7,52.745,120,SILZ5
2025-11-12 16:15:00+00:00,33,1,42029208,52.75,52.835,52.745,52.835,178,SILZ5
2025-11-12 16:16:00+00:00,33,1,42029208,52.83,52.865,52.81,52.81,162,SILZ5
2025-11-12 16:17:00+00:00,33,1,42029208,52.815,52.85,52.78,52.785,130,SILZ5
2025-11-12 16:18:00+00:00,33,1,42029208,52.79,52.855,52.77,52.835,95,SILZ5
2025-11-12 16:19:00+00:00,33,1,42029208,52.83,52.89,52.825,52.88,98,SILZ5
2025-11-12 16:20:00+00:00,33,1,42029208,52.875,52.915,52.875,52.885,99,SILZ5
2025-11-12 16:21:00+00:00,33,1,42029208,52.885,52.89,52.845,52.875,116,SILZ5
2025-11-12 16:22:00+00:00,33,1,42029208,52.87,52.92,52.865,52.91,88,SILZ5
2025-11-12 16:23:00+00:00,33,1,42029208,52.905,52.93,52.85,52.86,118,SILZ5
2025-11-12 16:24:00+00:00,33,1,42029208,52.86,52.885,52.82,52.87,117,SILZ5
2025-11-12 16:25:00+00:00,33,1,42029208,52.86,52.89,52.84,52.85,85,SILZ5
2025-11-12 16:26:00+00:00,33,1,42029208,52.85,52.9,52.85,52.9,67,SILZ5
2025-11-12 16:27:00+00:00,33,1,42029208,52.895,52.9,52.88,52.895,75,SILZ5
2025-11-12 16:28:00+00:00,33,1,42029208,52.885,52.895,52.845,52.87,67,SILZ5
2025-11-12 16:29:00+00:00,33,1,42029208,52.88,52.99,52.875,52.965,150,SILZ5
2025-11-12 16:30:00+00:00,33,1,42029208,52.96,53.035,52.935,53.025,250,SILZ5
2025-11-12 16:31:00+00:00,33,1,42029208,53.02,53.085,53.01,53.055,190,SILZ5
2025-11-12 16:32:00+00:00,33,1,42029208,53.045,53.14,53.035,53.14,251,SILZ5
2025-11-12 16:33:00+00:00,33,1,42029208,53.135,53.16,53.1,53.145,291,SILZ5
2025-11-12 16:34:00+00:00,33,1,42029208,53.14,53.15,53.09,53.095,157,SILZ5
2025-11-12 16:35:00+00:00,33,1,42029208,53.105,53.14,53.06,53.075,192,SILZ5
2025-11-12 16:36:00+00:00,33,1,42029208,53.085,53.1,53.05,53.085,90,SILZ5
2025-11-12 16:37:00+00:00,33,1,42029208,53.085,53.165,53.08,53.11,217,SILZ5
2025-11-12 16:38:00+00:00,33,1,42029208,53.09,53.12,53.06,53.1,124,SILZ5
2025-11-12 16:39:00+00:00,33,1,42029208,53.1,53.105,52.995,53.025,194,SILZ5
2025-11-12 16:40:00+00:00,33,1,42029208,53.03,53.075,53.015,53.06,147,SILZ5
2025-11-12 16:41:00+00:00,33,1,42029208,53.065,53.15,53.06,53.135,205,SILZ5
2025-11-12 16:42:00+00:00,33,1,42029208,53.13,53.21,53.13,53.145,259,SILZ5
2025-11-12 16:43:00+00:00,33,1,42029208,53.145,53.16,53.12,53.14,139,SILZ5
2025-11-12 16:44:00+00:00,33,1,42029208,53.135,53.135,53.08,53.105,134,SILZ5
2025-11-12 16:45:00+00:00,33,1,42029208,53.11,53.155,53.1,53.11,80,SILZ5
2025-11-12 16:46:00+00:00,33,1,42029208,53.12,53.13,53.06,53.09,87,SILZ5
2025-11-12 16:47:00+00:00,33,1,42029208,53.09,53.09,53.045,53.08,81,SILZ5
2025-11-12 16:48:00+00:00,33,1,42029208,53.075,53.075,53.015,53.055,136,SILZ5
2025-11-12 16:49:00+00:00,33,1,42029208,53.055,53.155,53.05,53.145,115,SILZ5
2025-11-12 16:50:00+00:00,33,1,42029208,53.155,53.18,53.13,53.135,143,SILZ5
2025-11-12 16:51:00+00:00,33,1,42029208,53.13,53.195,53.12,53.18,105,SILZ5
2025-11-12 16:52:00+00:00,33,1,42029208,53.18,53.255,53.17,53.255,173,SILZ5
2025-11-12 16:53:00+00:00,33,1,42029208,53.255,53.26,53.205,53.235,128,SILZ5
2025-11-12 16:54:00+00:00,33,1,42029208,53.235,53.25,53.215,53.22,94,SILZ5
2025-11-12 16:55:00+00:00,33,1,42029208,53.215,53.26,53.215,53.255,113,SILZ5
2025-11-12 16:56:00+00:00,33,1,42029208,53.25,53.325,53.245,53.31,228,SILZ5
2025-11-12 16:57:00+00:00,33,1,42029208,53.305,53.35,53.29,53.35,162,SILZ5
2025-11-12 16:58:00+00:00,33,1,42029208,53.345,53.45,53.345,53.445,371,SILZ5
2025-11-12 16:59:00+00:00,33,1,42029208,53.445,53.47,53.4,53.4,278,SILZ5
2025-11-12 17:00:00+00:00,33,1,42029208,53.41,53.45,53.375,53.425,201,SILZ5
2025-11-12 17:01:00+00:00,33,1,42029208,53.425,53.45,53.395,53.44,122,SILZ5
2025-11-12 17:02:00+00:00,33,1,42029208,53.44,53.44,53.37,53.38,127,SILZ5
2025-11-12 17:03:00+00:00,33,1,42029208,53.39,53.45,53.385,53.435,120,SILZ5
2025-11-12 17:04:00+00:00,33,1,42029208,53.425,53.48,53.415,53.46,134,SILZ5
2025-11-12 17:05:00+00:00,33,1,42029208,53.46,53.46,53.4,53.4,110,SILZ5
2025-11-12 17:06:00+00:00,33,1,42029208,53.4,53.405,53.3,53.34,201,SILZ5
2025-11-12 17:07:00+00:00,33,1,42029208,53.34,53.34,53.265,53.28,176,SILZ5
2025-11-12 17:08:00+00:00,33,1,42029208,53.285,53.36,53.285,53.33,126,SILZ5
2025-11-12 17:09:00+00:00,33,1,42029208,53.335,53.395,53.33,53.39,110,SILZ5
2025-11-12 17:10:00+00:00,33,1,42029208,53.39,53.39,53.3,53.305,112,SILZ5
2025-11-12 17:11:00+00:00,33,1,42029208,53.33,53.355,53.28,53.285,103,SILZ5
2025-11-12 17:12:00+00:00,33,1,42029208,53.29,53.325,53.255,53.315,125,SILZ5
2025-11-12 17:13:00+00:00,33,1,42029208,53.33,53.36,53.3,53.35,64,SILZ5
2025-11-12 17:14:00+00:00,33,1,42029208,53.35,53.35,53.3,53.32,99,SILZ5
2025-11-12 17:15:00+00:00,33,1,42029208,53.325,53.33,53.295,53.295,78,SILZ5
2025-11-12 17:16:00+00:00,33,1,42029208,53.295,53.305,53.225,53.245,146,SILZ5
2025-11-12 17:17:00+00:00,33,1,42029208,53.24,53.27,53.165,53.21,254,SILZ5
2025-11-12 17:18:00+00:00,33,1,42029208,53.21,53.21,53.11,53.155,226,SILZ5
2025-11-12 17:19:00+00:00,33,1,42029208,53.155,53.195,53.12,53.14,193,SILZ5
2025-11-12 17:20:00+00:00,33,1,42029208,53.13,53.225,53.13,53.205,156,SILZ5
2025-11-12 17:21:00+00:00,33,1,42029208,53.195,53.235,53.175,53.235,84,SILZ5
2025-11-12 17:22:00+00:00,33,1,42029208,53.23,53.25,53.19,53.19,86,SILZ5
2025-11-12 17:23:00+00:00,33,1,42029208,53.19,53.195,53.15,53.19,96,SILZ5
2025-11-12 17:24:00+00:00,33,1,42029208,53.185,53.25,53.185,53.24,51,SILZ5
2025-11-12 17:25:00+00:00,33,1,42029208,53.25,53.26,53.235,53.245,95,SILZ5
2025-11-12 17:26:00+00:00,33,1,42029208,53.24,53.28,53.205,53.275,87,SILZ5
2025-11-12 17:27:00+00:00,33,1,42029208,53.265,53.295,53.255,53.275,67,SILZ5
2025-11-12 17:28:00+00:00,33,1,42029208,53.27,53.285,53.19,53.195,86,SILZ5
2025-11-12 17:29:00+00:00,33,1,42029208,53.195,53.24,53.195,53.24,66,SILZ5
2025-11-12 17:30:00+00:00,33,1,42029208,53.235,53.295,53.23,53.275,76,SILZ5
2025-11-12 17:31:00+00:00,33,1,42029208,53.27,53.295,53.265,53.28,54,SILZ5
2025-11-12 17:32:00+00:00,33,1,42029208,53.285,53.34,53.285,53.335,123,SILZ5
2025-11-12 17:33:00+00:00,33,1,42029208,53.34,53.375,53.335,53.35,123,SILZ5
2025-11-12 17:34:00+00:00,33,1,42029208,53.345,53.36,53.315,53.355,125,SILZ5
2025-11-12 17:35:00+00:00,33,1,42029208,53.355,53.36,53.34,53.355,87,SILZ5
2025-11-12 17:36:00+00:00,33,1,42029208,53.355,53.37,53.285,53.295,101,SILZ5
2025-11-12 17:37:00+00:00,33,1,42029208,53.3,53.37,53.285,53.365,131,SILZ5
2025-11-12 17:38:00+00:00,33,1,42029208,53.365,53.435,53.355,53.42,172,SILZ5
2025-11-12 17:39:00+00:00,33,1,42029208,53.415,53.435,53.365,53.38,150,SILZ5
2025-11-12 17:40:00+00:00,33,1,42029208,53.38,53.415,53.38,53.395,49,SILZ5
2025-11-12 17:41:00+00:00,33,1,42029208,53.395,53.43,53.395,53.415,54,SILZ5
2025-11-12 17:42:00+00:00,33,1,42029208,53.405,53.46,53.38,53.44,104,SILZ5
2025-11-12 17:43:00+00:00,33,1,42029208,53.44,53.44,53.385,53.39,62,SILZ5
2025-11-12 17:44:00+00:00,33,1,42029208,53.405,53.43,53.395,53.415,37,SILZ5
2025-11-12 17:45:00+00:00,33,1,42029208,53.415,53.445,53.415,53.435,75,SILZ5
2025-11-12 17:46:00+00:00,33,1,42029208,53.44,53.44,53.41,53.425,57,SILZ5
2025-11-12 17:47:00+00:00,33,1,42029208,53.42,53.46,53.42,53.43,92,SILZ5
2025-11-12 17:48:00+00:00,33,1,42029208,53.43,53.43,53.355,53.425,112,SILZ5
2025-11-12 17:49:00+00:00,33,1,42029208,53.43,53.44,53.41,53.415,51,SILZ5
2025-11-12 17:50:00+00:00,33,1,42029208,53.415,53.415,53.355,53.37,64,SILZ5
2025-11-12 17:51:00+00:00,33,1,42029208,53.375,53.385,53.34,53.35,106,SILZ5
2025-11-12 17:52:00+00:00,33,1,42029208,53.35,53.415,53.35,53.415,99,SILZ5
2025-11-12 17:53:00+00:00,33,1,42029208,53.41,53.415,53.365,53.37,49,SILZ5
2025-11-12 17:54:00+00:00,33,1,42029208,53.375,53.405,53.375,53.395,32,SILZ5
2025-11-12 17:55:00+00:00,33,1,42029208,53.39,53.44,53.39,53.435,82,SILZ5
2025-11-12 17:56:00+00:00,33,1,42029208,53.435,53.435,53.39,53.41,49,SILZ5
2025-11-12 17:57:00+00:00,33,1,42029208,53.405,53.405,53.37,53.385,39,SILZ5
2025-11-12 17:58:00+00:00,33,1,42029208,53.39,53.405,53.385,53.4,41,SILZ5
2025-11-12 17:59:00+00:00,33,1,42029208,53.4,53.4,53.36,53.375,42,SILZ5
2025-11-12 18:00:00+00:00,33,1,42029208,53.375,53.43,53.375,53.4,67,SILZ5
2025-11-12 18:01:00+00:00,33,1,42029208,53.4,53.4,53.325,53.325,68,SILZ5
2025-11-12 18:02:00+00:00,33,1,42029208,53.335,53.335,53.275,53.29,90,SILZ5
2025-11-12 18:03:00+00:00,33,1,42029208,53.275,53.285,53.2,53.215,134,SILZ5
2025-11-12 18:04:00+00:00,33,1,42029208,53.215,53.225,53.185,53.225,100,SILZ5
2025-11-12 18:05:00+00:00,33,1,42029208,53.225,53.295,53.215,53.27,101,SILZ5
2025-11-12 18:06:00+00:00,33,1,42029208,53.275,53.285,53.21,53.225,55,SILZ5
2025-11-12 18:07:00+00:00,33,1,42029208,53.22,53.34,53.215,53.33,137,SILZ5
2025-11-12 18:08:00+00:00,33,1,42029208,53.34,53.36,53.295,53.305,139,SILZ5
2025-11-12 18:09:00+00:00,33,1,42029208,53.31,53.315,53.29,53.3,47,SILZ5
2025-11-12 18:10:00+00:00,33,1,42029208,53.3,53.345,53.285,53.335,92,SILZ5
2025-11-12 18:11:00+00:00,33,1,42029208,53.335,53.375,53.32,53.345,89,SILZ5
2025-11-12 18:12:00+00:00,33,1,42029208,53.335,53.375,53.335,53.34,62,SILZ5
2025-11-12 18:13:00+00:00,33,1,42029208,53.335,53.375,53.33,53.365,54,SILZ5
2025-11-12 18:14:00+00:00,33,1,42029208,53.37,53.375,53.33,53.335,54,SILZ5
2025-11-12 18:15:00+00:00,33,1,42029208,53.34,53.345,53.31,53.335,59,SILZ5
2025-11-12 18:16:00+00:00,33,1,42029208,53.345,53.355,53.325,53.345,37,SILZ5
2025-11-12 18:17:00+00:00,33,1,42029208,53.345,53.36,53.33,53.335,55,SILZ5
2025-11-12 18:18:00+00:00,33,1,42029208,53.33,53.335,53.305,53.33,65,SILZ5
2025-11-12 18:19:00+00:00,33,1,42029208,53.325,53.36,53.32,53.335,77,SILZ5
2025-11-12 18:20:00+00:00,33,1,42029208,53.335,53.39,53.335,53.39,86,SILZ5
2025-11-12 18:21:00+00:00,33,1,42029208,53.4,53.43,53.385,53.39,106,SILZ5
2025-11-12 18:22:00+00:00,33,1,42029208,53.385,53.415,53.37,53.41,58,SILZ5
2025-11-12 18:23:00+00:00,33,1,42029208,53.415,53.42,53.385,53.415,78,SILZ5
2025-11-12 18:24:00+00:00,33,1,42029208,53.41,53.48,53.41,53.45,377,SILZ5
2025-11-12 18:25:00+00:00,33,1,42029208,53.455,53.515,53.45,53.515,200,SILZ5
2025-11-12 18:26:00+00:00,33,1,42029208,53.52,53.55,53.5,53.54,186,SILZ5
2025-11-12 18:27:00+00:00,33,1,42029208,53.54,53.605,53.535,53.6,249,SILZ5
2025-11-12 18:28:00+00:00,33,1,42029208,53.595,53.595,53.535,53.55,118,SILZ5
2025-11-12 18:29:00+00:00,33,1,42029208,53.55,53.565,53.535,53.54,106,SILZ5
2025-11-12 18:30:00+00:00,33,1,42029208,53.54,53.62,53.54,53.605,190,SILZ5
2025-11-12 18:31:00+00:00,33,1,42029208,53.615,53.63,53.59,53.615,78,SILZ5
2025-11-12 18:32:00+00:00,33,1,42029208,53.61,53.62,53.575,53.6,100,SILZ5
2025-11-12 18:33:00+00:00,33,1,42029208,53.595,53.625,53.59,53.6,70,SILZ5
2025-11-12 18:34:00+00:00,33,1,42029208,53.6,53.6,53.54,53.54,159,SILZ5
2025-11-12 18:35:00+00:00,33,1,42029208,53.545,53.555,53.54,53.55,59,SILZ5
2025-11-12 18:36:00+00:00,33,1,42029208,53.55,53.59,53.55,53.565,96,SILZ5
2025-11-12 18:37:00+00:00,33,1,42029208,53.56,53.565,53.525,53.535,73,SILZ5
2025-11-12 18:38:00+00:00,33,1,42029208,53.535,53.55,53.495,53.54,116,SILZ5
2025-11-12 18:39:00+00:00,33,1,42029208,53.54,53.59,53.535,53.58,100,SILZ5
2025-11-12 18:40:00+00:00,33,1,42029208,53.58,53.59,53.54,53.57,64,SILZ5
2025-11-12 18:41:00+00:00,33,1,42029208,53.575,53.585,53.565,53.585,22,SILZ5
2025-11-12 18:42:00+00:00,33,1,42029208,53.57,53.58,53.555,53.565,29,SILZ5
2025-11-12 18:43:00+00:00,33,1,42029208,53.56,53.575,53.56,53.57,28,SILZ5
2025-11-12 18:44:00+00:00,33,1,42029208,53.575,53.58,53.56,53.56,49,SILZ5
2025-11-12 18:45:00+00:00,33,1,42029208,53.56,53.565,53.525,53.54,63,SILZ5
2025-11-12 18:46:00+00:00,33,1,42029208,53.545,53.565,53.54,53.55,39,SILZ5
2025-11-12 18:47:00+00:00,33,1,42029208,53.545,53.55,53.515,53.53,36,SILZ5
2025-11-12 18:48:00+00:00,33,1,42029208,53.53,53.54,53.51,53.51,39,SILZ5
2025-11-12 18:49:00+00:00,33,1,42029208,53.51,53.52,53.48,53.515,79,SILZ5
2025-11-12 18:50:00+00:00,33,1,42029208,53.51,53.555,53.495,53.55,60,SILZ5
2025-11-12 18:51:00+00:00,33,1,42029208,53.55,53.58,53.55,53.57,66,SILZ5
2025-11-12 18:52:00+00:00,33,1,42029208,53.57,53.6,53.565,53.59,49,SILZ5
2025-11-12 18:53:00+00:00,33,1,42029208,53.6,53.64,53.595,53.61,102,SILZ5
2025-11-12 18:54:00+00:00,33,1,42029208,53.61,53.62,53.605,53.615,57,SILZ5
2025-11-12 18:55:00+00:00,33,1,42029208,53.61,53.62,53.605,53.61,45,SILZ5
2025-11-12 18:56:00+00:00,33,1,42029208,53.61,53.625,53.6,53.605,60,SILZ5
2025-11-12 18:57:00+00:00,33,1,42029208,53.595,53.595,53.565,53.595,51,SILZ5
2025-11-12 18:58:00+00:00,33,1,42029208,53.585,53.59,53.56,53.585,54,SILZ5
2025-11-12 18:59:00+00:00,33,1,42029208,53.585,53.59,53.565,53.565,59,SILZ5
2025-11-12 19:00:00+00:00,33,1,42029208,53.57,53.6,53.565,53.565,50,SILZ5
2025-11-12 19:01:00+00:00,33,1,42029208,53.575,53.58,53.53,53.57,43,SILZ5
2025-11-12 19:02:00+00:00,33,1,42029208,53.57,53.6,53.57,53.6,53,SILZ5
2025-11-12 19:03:00+00:00,33,1,42029208,53.6,53.62,53.59,53.62,44,SILZ5
2025-11-12 19:04:00+00:00,33,1,42029208,53.615,53.62,53.56,53.57,36,SILZ5
2025-11-12 19:05:00+00:00,33,1,42029208,53.555,53.595,53.55,53.595,29,SILZ5
2025-11-12 19:06:00+00:00,33,1,42029208,53.6,53.6,53.55,53.565,37,SILZ5
2025-11-12 19:07:00+00:00,33,1,42029208,53.57,53.57,53.535,53.55,28,SILZ5
2025-11-12 19:08:00+00:00,33,1,42029208,53.54,53.54,53.495,53.5,60,SILZ5
2025-11-12 19:09:00+00:00,33,1,42029208,53.51,53.55,53.495,53.55,40,SILZ5
2025-11-12 19:10:00+00:00,33,1,42029208,53.535,53.535,53.465,53.475,54,SILZ5
2025-11-12 19:11:00+00:00,33,1,42029208,53.465,53.495,53.435,53.45,86,SILZ5
2025-11-12 19:12:00+00:00,33,1,42029208,53.45,53.45,53.36,53.39,208,SILZ5
2025-11-12 19:13:00+00:00,33,1,42029208,53.405,53.43,53.35,53.385,130,SILZ5
2025-11-12 19:14:00+00:00,33,1,42029208,53.385,53.385,53.31,53.345,131,SILZ5
2025-11-12 19:15:00+00:00,33,1,42029208,53.35,53.375,53.345,53.37,120,SILZ5
2025-11-12 19:16:00+00:00,33,1,42029208,53.37,53.41,53.365,53.405,78,SILZ5
2025-11-12 19:17:00+00:00,33,1,42029208,53.405,53.405,53.36,53.395,38,SILZ5
2025-11-12 19:18:00+00:00,33,1,42029208,53.39,53.39,53.33,53.335,58,SILZ5
2025-11-12 19:19:00+00:00,33,1,42029208,53.335,53.355,53.3,53.32,60,SILZ5
2025-11-12 19:20:00+00:00,33,1,42029208,53.33,53.395,53.33,53.355,82,SILZ5
2025-11-12 19:21:00+00:00,33,1,42029208,53.37,53.375,53.31,53.32,107,SILZ5
2025-11-12 19:22:00+00:00,33,1,42029208,53.33,53.34,53.27,53.29,106,SILZ5
2025-11-12 19:23:00+00:00,33,1,42029208,53.3,53.335,53.295,53.315,65,SILZ5
2025-11-12 19:24:00+00:00,33,1,42029208,53.31,53.32,53.29,53.295,42,SILZ5
2025-11-12 19:25:00+00:00,33,1,42029208,53.3,53.325,53.295,53.31,75,SILZ5
2025-11-12 19:26:00+00:00,33,1,42029208,53.31,53.38,53.31,53.375,112,SILZ5
2025-11-12 19:27:00+00:00,33,1,42029208,53.375,53.375,53.33,53.355,81,SILZ5
2025-11-12 19:28:00+00:00,33,1,42029208,53.35,53.375,53.315,53.325,38,SILZ5
2025-11-12 19:29:00+00:00,33,1,42029208,53.34,53.355,53.33,53.355,54,SILZ5
2025-11-12 19:30:00+00:00,33,1,42029208,53.355,53.405,53.35,53.4,90,SILZ5
2025-11-12 19:31:00+00:00,33,1,42029208,53.395,53.44,53.39,53.435,102,SILZ5
2025-11-12 19:32:00+00:00,33,1,42029208,53.44,53.445,53.41,53.42,57,SILZ5
2025-11-12 19:33:00+00:00,33,1,42029208,53.42,53.46,53.41,53.45,64,SILZ5
2025-11-12 19:34:00+00:00,33,1,42029208,53.45,53.455,53.425,53.44,45,SILZ5
2025-11-12 19:35:00+00:00,33,1,42029208,53.45,53.45,53.42,53.425,51,SILZ5
2025-11-12 19:36:00+00:00,33,1,42029208,53.425,53.445,53.425,53.43,36,SILZ5
2025-11-12 19:37:00+00:00,33,1,42029208,53.42,53.43,53.41,53.415,41,SILZ5
2025-11-12 19:38:00+00:00,33,1,42029208,53.41,53.42,53.385,53.39,27,SILZ5
2025-11-12 19:39:00+00:00,33,1,42029208,53.38,53.4,53.345,53.35,50,SILZ5
2025-11-12 19:40:00+00:00,33,1,42029208,53.34,53.345,53.31,53.315,66,SILZ5
2025-11-12 19:41:00+00:00,33,1,42029208,53.32,53.33,53.29,53.325,106,SILZ5
2025-11-12 19:42:00+00:00,33,1,42029208,53.32,53.35,53.295,53.33,66,SILZ5
2025-11-12 19:43:00+00:00,33,1,42029208,53.325,53.36,53.325,53.36,57,SILZ5
2025-11-12 19:44:00+00:00,33,1,42029208,53.355,53.355,53.29,53.3,34,SILZ5
2025-11-12 19:45:00+00:00,33,1,42029208,53.305,53.36,53.305,53.355,48,SILZ5
2025-11-12 19:46:00+00:00,33,1,42029208,53.35,53.39,53.35,53.38,50,SILZ5
2025-11-12 19:47:00+00:00,33,1,42029208,53.38,53.405,53.38,53.405,36,SILZ5
2025-11-12 19:48:00+00:00,33,1,42029208,53.41,53.41,53.395,53.405,25,SILZ5
2025-11-12 19:49:00+00:00,33,1,42029208,53.41,53.415,53.375,53.375,35,SILZ5
2025-11-12 19:50:00+00:00,33,1,42029208,53.375,53.375,53.35,53.35,14,SILZ5
2025-11-12 19:51:00+00:00,33,1,42029208,53.35,53.365,53.335,53.365,104,SILZ5
2025-11-12 19:52:00+00:00,33,1,42029208,53.365,53.375,53.355,53.375,12,SILZ5
2025-11-12 19:53:00+00:00,33,1,42029208,53.375,53.415,53.365,53.415,24,SILZ5
2025-11-12 19:54:00+00:00,33,1,42029208,53.415,53.45,53.405,53.45,38,SILZ5
2025-11-12 19:55:00+00:00,33,1,42029208,53.44,53.445,53.395,53.405,64,SILZ5
2025-11-12 19:56:00+00:00,33,1,42029208,53.405,53.42,53.39,53.405,41,SILZ5
2025-11-12 19:57:00+00:00,33,1,42029208,53.4,53.415,53.38,53.395,35,SILZ5
2025-11-12 19:58:00+00:00,33,1,42029208,53.38,53.415,53.375,53.395,53,SILZ5
2025-11-12 19:59:00+00:00,33,1,42029208,53.4,53.415,53.4,53.415,32,SILZ5
2025-11-12 20:00:00+00:00,33,1,42029208,53.405,53.445,53.395,53.395,52,SILZ5
2025-11-12 20:01:00+00:00,33,1,42029208,53.395,53.405,53.36,53.375,48,SILZ5
2025-11-12 20:02:00+00:00,33,1,42029208,53.38,53.395,53.36,53.39,40,SILZ5
2025-11-12 20:03:00+00:00,33,1,42029208,53.395,53.435,53.395,53.42,50,SILZ5
2025-11-12 20:04:00+00:00,33,1,42029208,53.415,53.45,53.415,53.45,25,SILZ5
2025-11-12 20:05:00+00:00,33,1,42029208,53.44,53.44,53.395,53.405,47,SILZ5
2025-11-12 20:06:00+00:00,33,1,42029208,53.4,53.4,53.32,53.33,90,SILZ5
2025-11-12 20:07:00+00:00,33,1,42029208,53.335,53.34,53.3,53.305,47,SILZ5
2025-11-12 20:08:00+00:00,33,1,42029208,53.315,53.355,53.29,53.35,60,SILZ5
2025-11-12 20:09:00+00:00,33,1,42029208,53.36,53.375,53.335,53.335,43,SILZ5
2025-11-12 20:10:00+00:00,33,1,42029208,53.335,53.365,53.335,53.365,19,SILZ5
2025-11-12 20:11:00+00:00,33,1,42029208,53.355,53.385,53.355,53.375,55,SILZ5
2025-11-12 20:12:00+00:00,33,1,42029208,53.375,53.4,53.35,53.4,39,SILZ5
2025-11-12 20:13:00+00:00,33,1,42029208,53.385,53.405,53.385,53.4,32,SILZ5
2025-11-12 20:14:00+00:00,33,1,42029208,53.4,53.405,53.37,53.395,23,SILZ5
2025-11-12 20:15:00+00:00,33,1,42029208,53.395,53.45,53.39,53.43,62,SILZ5
2025-11-12 20:16:00+00:00,33,1,42029208,53.425,53.425,53.385,53.385,44,SILZ5
2025-11-12 20:17:00+00:00,33,1,42029208,53.395,53.41,53.365,53.37,34,SILZ5
2025-11-12 20:18:00+00:00,33,1,42029208,53.37,53.385,53.34,53.355,48,SILZ5
2025-11-12 20:19:00+00:00,33,1,42029208,53.35,53.37,53.345,53.36,27,SILZ5
2025-11-12 20:20:00+00:00,33,1,42029208,53.36,53.39,53.36,53.38,23,SILZ5
2025-11-12 20:21:00+00:00,33,1,42029208,53.375,53.395,53.375,53.39,21,SILZ5
2025-11-12 20:22:00+00:00,33,1,42029208,53.375,53.395,53.365,53.365,34,SILZ5
2025-11-12 20:23:00+00:00,33,1,42029208,53.365,53.37,53.34,53.34,26,SILZ5
2025-11-12 20:24:00+00:00,33,1,42029208,53.35,53.375,53.34,53.37,23,SILZ5
2025-11-12 20:25:00+00:00,33,1,42029208,53.355,53.385,53.355,53.38,23,SILZ5
2025-11-12 20:26:00+00:00,33,1,42029208,53.385,53.39,53.36,53.37,19,SILZ5
2025-11-12 20:27:00+00:00,33,1,42029208,53.365,53.375,53.365,53.375,9,SILZ5
2025-11-12 20:28:00+00:00,33,1,42029208,53.365,53.365,53.355,53.365,17,SILZ5
2025-11-12 20:29:00+00:00,33,1,42029208,53.37,53.38,53.365,53.37,21,SILZ5
2025-11-12 20:30:00+00:00,33,1,42029208,53.36,53.36,53.335,53.345,39,SILZ5
2025-11-12 20:31:00+00:00,33,1,42029208,53.34,53.38,53.335,53.38,31,SILZ5
2025-11-12 20:32:00+00:00,33,1,42029208,53.385,53.415,53.38,53.4,45,SILZ5
2025-11-12 20:33:00+00:00,33,1,42029208,53.405,53.42,53.385,53.385,63,SILZ5
2025-11-12 20:34:00+00:00,33,1,42029208,53.39,53.405,53.385,53.4,12,SILZ5
2025-11-12 20:35:00+00:00,33,1,42029208,53.395,53.4,53.385,53.39,10,SILZ5
2025-11-12 20:36:00+00:00,33,1,42029208,53.39,53.39,53.36,53.36,37,SILZ5
2025-11-12 20:37:00+00:00,33,1,42029208,53.36,53.37,53.335,53.34,27,SILZ5
2025-11-12 20:38:00+00:00,33,1,42029208,53.34,53.355,53.33,53.345,24,SILZ5
2025-11-12 20:39:00+00:00,33,1,42029208,53.33,53.35,53.33,53.35,22,SILZ5
2025-11-12 20:40:00+00:00,33,1,42029208,53.35,53.36,53.345,53.345,35,SILZ5
2025-11-12 20:41:00+00:00,33,1,42029208,53.35,53.365,53.345,53.365,18,SILZ5
2025-11-12 20:42:00+00:00,33,1,42029208,53.37,53.38,53.35,53.38,16,SILZ5
2025-11-12 20:43:00+00:00,33,1,42029208,53.385,53.395,53.35,53.39,64,SILZ5
2025-11-12 20:44:00+00:00,33,1,42029208,53.4,53.42,53.4,53.415,13,SILZ5
2025-11-12 20:45:00+00:00,33,1,42029208,53.4,53.4,53.37,53.385,37,SILZ5
2025-11-12 20:46:00+00:00,33,1,42029208,53.385,53.385,53.355,53.36,29,SILZ5
2025-11-12 20:47:00+00:00,33,1,42029208,53.36,53.365,53.345,53.35,23,SILZ5
2025-11-12 20:48:00+00:00,33,1,42029208,53.345,53.35,53.335,53.34,38,SILZ5
2025-11-12 20:49:00+00:00,33,1,42029208,53.34,53.345,53.325,53.325,28,SILZ5
2025-11-12 20:50:00+00:00,33,1,42029208,53.325,53.335,53.315,53.325,41,SILZ5
2025-11-12 20:51:00+00:00,33,1,42029208,53.33,53.375,53.33,53.365,29,SILZ5
2025-11-12 20:52:00+00:00,33,1,42029208,53.37,53.38,53.345,53.345,25,SILZ5
2025-11-12 20:53:00+00:00,33,1,42029208,53.35,53.355,53.315,53.315,31,SILZ5
2025-11-12 20:54:00+00:00,33,1,42029208,53.315,53.32,53.26,53.265,96,SILZ5
2025-11-12 20:55:00+00:00,33,1,42029208,53.27,53.3,53.245,53.285,65,SILZ5
2025-11-12 20:56:00+00:00,33,1,42029208,53.29,53.29,53.26,53.265,55,SILZ5
2025-11-12 20:57:00+00:00,33,1,42029208,53.265,53.265,53.235,53.235,54,SILZ5
2025-11-12 20:58:00+00:00,33,1,42029208,53.235,53.26,53.23,53.23,59,SILZ5
2025-11-12 20:59:00+00:00,33,1,42029208,53.23,53.28,53.225,53.27,67,SILZ5
2025-11-12 21:00:00+00:00,33,1,42029208,53.275,53.285,53.26,53.275,34,SILZ5
2025-11-12 21:01:00+00:00,33,1,42029208,53.27,53.285,53.26,53.26,29,SILZ5
2025-11-12 21:02:00+00:00,33,1,42029208,53.26,53.265,53.25,53.26,19,SILZ5
2025-11-12 21:03:00+00:00,33,1,42029208,53.26,53.26,53.25,53.26,31,SILZ5
2025-11-12 21:04:00+00:00,33,1,42029208,53.26,53.26,53.225,53.225,17,SILZ5
2025-11-12 21:05:00+00:00,33,1,42029208,53.235,53.27,53.235,53.27,23,SILZ5
2025-11-12 21:06:00+00:00,33,1,42029208,53.27,53.285,53.27,53.275,31,SILZ5
2025-11-12 21:07:00+00:00,33,1,42029208,53.28,53.28,53.26,53.275,11,SILZ5
2025-11-12 21:08:00+00:00,33,1,42029208,53.27,53.285,53.27,53.28,18,SILZ5
2025-11-12 21:09:00+00:00,33,1,42029208,53.28,53.28,53.27,53.28,9,SILZ5
2025-11-12 21:10:00+00:00,33,1,42029208,53.265,53.265,53.255,53.255,18,SILZ5
2025-11-12 21:11:00+00:00,33,1,42029208,53.265,53.265,53.2,53.22,54,SILZ5
2025-11-12 21:12:00+00:00,33,1,42029208,53.21,53.24,53.21,53.24,44,SILZ5
2025-11-12 21:13:00+00:00,33,1,42029208,53.235,53.235,53.205,53.215,20,SILZ5
2025-11-12 21:14:00+00:00,33,1,42029208,53.21,53.225,53.205,53.21,33,SILZ5
2025-11-12 21:15:00+00:00,33,1,42029208,53.2,53.2,53.14,53.15,48,SILZ5
2025-11-12 21:16:00+00:00,33,1,42029208,53.15,53.18,53.15,53.18,23,SILZ5
2025-11-12 21:17:00+00:00,33,1,42029208,53.18,53.195,53.18,53.18,17,SILZ5
2025-11-12 21:18:00+00:00,33,1,42029208,53.18,53.225,53.175,53.225,40,SILZ5
2025-11-12 21:19:00+00:00,33,1,42029208,53.21,53.215,53.195,53.195,25,SILZ5
2025-11-12 21:20:00+00:00,33,1,42029208,53.195,53.205,53.185,53.19,35,SILZ5
2025-11-12 21:21:00+00:00,33,1,42029208,53.19,53.2,53.185,53.2,8,SILZ5
2025-11-12 21:22:00+00:00,33,1,42029208,53.2,53.225,53.19,53.215,16,SILZ5
2025-11-12 21:23:00+00:00,33,1,42029208,53.22,53.23,53.215,53.225,13,SILZ5
2025-11-12 21:24:00+00:00,33,1,42029208,53.225,53.235,53.215,53.235,15,SILZ5
2025-11-12 21:25:00+00:00,33,1,42029208,53.245,53.27,53.24,53.27,27,SILZ5
2025-11-12 21:26:00+00:00,33,1,42029208,53.27,53.275,53.27,53.27,13,SILZ5
2025-11-12 21:27:00+00:00,33,1,42029208,53.27,53.285,53.27,53.285,7,SILZ5
2025-11-12 21:28:00+00:00,33,1,42029208,53.28,53.305,53.28,53.3,16,SILZ5
2025-11-12 21:29:00+00:00,33,1,42029208,53.305,53.315,53.305,53.31,27,SILZ5
2025-11-12 21:30:00+00:00,33,1,42029208,53.305,53.325,53.305,53.32,20,SILZ5
2025-11-12 21:31:00+00:00,33,1,42029208,53.325,53.36,53.325,53.36,38,SILZ5
2025-11-12 21:32:00+00:00,33,1,42029208,53.355,53.395,53.35,53.39,47,SILZ5
2025-11-12 21:33:00+00:00,33,1,42029208,53.38,53.395,53.38,53.39,33,SILZ5
2025-11-12 21:34:00+00:00,33,1,42029208,53.385,53.39,53.355,53.365,33,SILZ5
2025-11-12 21:35:00+00:00,33,1,42029208,53.36,53.36,53.345,53.355,23,SILZ5
2025-11-12 21:36:00+00:00,33,1,42029208,53.355,53.39,53.355,53.39,15,SILZ5
2025-11-12 21:37:00+00:00,33,1,42029208,53.385,53.385,53.38,53.385,11,SILZ5
2025-11-12 21:38:00+00:00,33,1,42029208,53.39,53.39,53.38,53.38,7,SILZ5
2025-11-12 21:39:00+00:00,33,1,42029208,53.38,53.38,53.35,53.35,11,SILZ5
2025-11-12 21:40:00+00:00,33,1,42029208,53.35,53.355,53.32,53.355,37,SILZ5
2025-11-12 21:41:00+00:00,33,1,42029208,53.37,53.37,53.34,53.355,5,SILZ5
2025-11-12 21:42:00+00:00,33,1,42029208,53.355,53.37,53.355,53.37,8,SILZ5
2025-11-12 21:43:00+00:00,33,1,42029208,53.36,53.375,53.36,53.365,15,SILZ5
2025-11-12 21:44:00+00:00,33,1,42029208,53.365,53.375,53.35,53.36,16,SILZ5
2025-11-12 21:45:00+00:00,33,1,42029208,53.365,53.365,53.345,53.345,12,SILZ5
2025-11-12 21:46:00+00:00,33,1,42029208,53.345,53.355,53.345,53.355,7,SILZ5
2025-11-12 21:47:00+00:00,33,1,42029208,53.34,53.365,53.335,53.36,15,SILZ5
2025-11-12 21:48:00+00:00,33,1,42029208,53.35,53.375,53.35,53.37,16,SILZ5
2025-11-12 21:49:00+00:00,33,1,42029208,53.365,53.38,53.36,53.37,16,SILZ5
2025-11-12 21:50:00+00:00,33,1,42029208,53.365,53.37,53.325,53.34,21,SILZ5
2025-11-12 21:51:00+00:00,33,1,42029208,53.35,53.365,53.35,53.365,18,SILZ5
2025-11-12 21:52:00+00:00,33,1,42029208,53.365,53.37,53.34,53.35,13,SILZ5
2025-11-12 21:53:00+00:00,33,1,42029208,53.32,53.335,53.32,53.325,23,SILZ5
2025-11-12 21:54:00+00:00,33,1,42029208,53.32,53.32,53.285,53.285,26,SILZ5
2025-11-12 21:55:00+00:00,33,1,42029208,53.275,53.28,53.25,53.27,21,SILZ5
2025-11-12 21:56:00+00:00,33,1,42029208,53.265,53.27,53.225,53.23,19,SILZ5
2025-11-12 21:57:00+00:00,33,1,42029208,53.23,53.24,53.215,53.215,21,SILZ5
2025-11-12 21:58:00+00:00,33,1,42029208,53.22,53.225,53.205,53.22,40,SILZ5
2025-11-12 21:59:00+00:00,33,1,42029208,53.225,53.245,53.22,53.245,34,SILZ5
2025-11-12 23:00:00+00:00,33,1,42029208,53.28,53.305,53.21,53.305,61,SILZ5
2025-11-12 23:01:00+00:00,33,1,42029208,53.305,53.305,53.235,53.24,25,SILZ5
2025-11-12 23:02:00+00:00,33,1,42029208,53.235,53.3,53.225,53.295,49,SILZ5
2025-11-12 23:03:00+00:00,33,1,42029208,53.295,53.295,53.25,53.25,42,SILZ5
2025-11-12 23:04:00+00:00,33,1,42029208,53.235,53.28,53.235,53.24,39,SILZ5
2025-11-12 23:05:00+00:00,33,1,42029208,53.255,53.32,53.255,53.295,41,SILZ5
2025-11-12 23:06:00+00:00,33,1,42029208,53.29,53.315,53.265,53.295,62,SILZ5
2025-11-12 23:07:00+00:00,33,1,42029208,53.29,53.31,53.28,53.3,25,SILZ5
2025-11-12 23:08:00+00:00,33,1,42029208,53.295,53.355,53.295,53.34,84,SILZ5
2025-11-12 23:09:00+00:00,33,1,42029208,53.33,53.36,53.33,53.34,29,SILZ5
2025-11-12 23:10:00+00:00,33,1,42029208,53.335,53.335,53.295,53.31,39,SILZ5
2025-11-12 23:11:00+00:00,33,1,42029208,53.31,53.325,53.31,53.315,20,SILZ5
2025-11-12 23:12:00+00:00,33,1,42029208,53.315,53.325,53.28,53.32,47,SILZ5
2025-11-12 23:13:00+00:00,33,1,42029208,53.315,53.315,53.27,53.27,28,SILZ5
2025-11-12 23:14:00+00:00,33,1,42029208,53.27,53.27,53.225,53.245,39,SILZ5
2025-11-12 23:15:00+00:00,33,1,42029208,53.255,53.265,53.235,53.26,27,SILZ5
2025-11-12 23:16:00+00:00,33,1,42029208,53.255,53.26,53.255,53.26,2,SILZ5
2025-11-12 23:17:00+00:00,33,1,42029208,53.26,53.275,53.24,53.24,21,SILZ5
2025-11-12 23:18:00+00:00,33,1,42029208,53.255,53.255,53.235,53.245,9,SILZ5
2025-11-12 23:19:00+00:00,33,1,42029208,53.255,53.265,53.255,53.26,12,SILZ5
2025-11-12 23:20:00+00:00,33,1,42029208,53.26,53.26,53.225,53.23,20,SILZ5
2025-11-12 23:21:00+00:00,33,1,42029208,53.225,53.255,53.215,53.25,30,SILZ5
2025-11-12 23:22:00+00:00,33,1,42029208,53.25,53.26,53.235,53.235,10,SILZ5
2025-11-12 23:23:00+00:00,33,1,42029208,53.235,53.24,53.23,53.24,4,SILZ5
2025-11-12 23:24:00+00:00,33,1,42029208,53.245,53.245,53.245,53.245,3,SILZ5
2025-11-12 23:25:00+00:00,33,1,42029208,53.24,53.27,53.24,53.27,43,SILZ5
2025-11-12 23:26:00+00:00,33,1,42029208,53.255,53.26,53.25,53.26,8,SILZ5
2025-11-12 23:27:00+00:00,33,1,42029208,53.28,53.305,53.28,53.29,22,SILZ5
2025-11-12 23:28:00+00:00,33,1,42029208,53.3,53.32,53.3,53.3,36,SILZ5
2025-11-12 23:29:00+00:00,33,1,42029208,53.3,53.3,53.27,53.275,21,SILZ5
2025-11-12 23:30:00+00:00,33,1,42029208,53.27,53.27,53.245,53.245,12,SILZ5
2025-11-12 23:31:00+00:00,33,1,42029208,53.25,53.25,53.225,53.225,6,SILZ5
2025-11-12 23:32:00+00:00,33,1,42029208,53.23,53.25,53.22,53.235,19,SILZ5
2025-11-12 23:33:00+00:00,33,1,42029208,53.24,53.245,53.22,53.245,12,SILZ5
2025-11-12 23:34:00+00:00,33,1,42029208,53.255,53.26,53.23,53.24,24,SILZ5
2025-11-12 23:35:00+00:00,33,1,42029208,53.24,53.26,53.24,53.255,13,SILZ5
2025-11-12 23:36:00+00:00,33,1,42029208,53.245,53.245,53.24,53.24,10,SILZ5
2025-11-12 23:37:00+00:00,33,1,42029208,53.24,53.25,53.23,53.25,12,SILZ5
2025-11-12 23:38:00+00:00,33,1,42029208,53.24,53.245,53.195,53.21,31,SILZ5
2025-11-12 23:39:00+00:00,33,1,42029208,53.195,53.205,53.185,53.195,36,SILZ5
2025-11-12 23:40:00+00:00,33,1,42029208,53.195,53.2,53.165,53.165,30,SILZ5
2025-11-12 23:41:00+00:00,33,1,42029208,53.165,53.19,53.165,53.18,23,SILZ5
2025-11-12 23:42:00+00:00,33,1,42029208,53.18,53.2,53.175,53.19,33,SILZ5
2025-11-12 23:43:00+00:00,33,1,42029208,53.2,53.235,53.2,53.23,29,SILZ5
2025-11-12 23:44:00+00:00,33,1,42029208,53.23,53.23,53.22,53.225,18,SILZ5
2025-11-12 23:45:00+00:00,33,1,42029208,53.24,53.24,53.215,53.215,5,SILZ5
2025-11-12 23:46:00+00:00,33,1,42029208,53.23,53.24,53.22,53.22,9,SILZ5
2025-11-12 23:47:00+00:00,33,1,42029208,53.215,53.215,53.2,53.205,17,SILZ5
2025-11-12 23:48:00+00:00,33,1,42029208,53.21,53.23,53.21,53.23,9,SILZ5
2025-11-12 23:49:00+00:00,33,1,42029208,53.23,53.23,53.22,53.22,8,SILZ5
2025-11-12 23:50:00+00:00,33,1,42029208,53.225,53.23,53.135,53.135,68,SILZ5
2025-11-12 23:51:00+00:00,33,1,42029208,53.14,53.17,53.14,53.165,38,SILZ5
2025-11-12 23:52:00+00:00,33,1,42029208,53.175,53.19,53.16,53.185,18,SILZ5
2025-11-12 23:53:00+00:00,33,1,42029208,53.185,53.2,53.185,53.185,18,SILZ5
2025-11-12 23:54:00+00:00,33,1,42029208,53.18,53.19,53.18,53.19,7,SILZ5
2025-11-12 23:55:00+00:00,33,1,42029208,53.195,53.195,53.19,53.19,8,SILZ5
2025-11-12 23:56:00+00:00,33,1,42029208,53.195,53.21,53.195,53.195,12,SILZ5
2025-11-12 23:57:00+00:00,33,1,42029208,53.195,53.195,53.18,53.195,18,SILZ5
2025-11-12 23:58:00+00:00,33,1,42029208,53.19,53.19,53.17,53.175,13,SILZ5
2025-11-12 23:59:00+00:00,33,1,42029208,53.17,53.18,53.165,53.18,15,SILZ5
2025-11-13 00:00:00+00:00,33,1,42029208,53.16,53.19,53.16,53.165,27,SILZ5
2025-11-13 00:01:00+00:00,33,1,42029208,53.16,53.17,53.14,53.14,48,SILZ5
2025-11-13 00:02:00+00:00,33,1,42029208,53.14,53.155,53.125,53.125,68,SILZ5
2025-11-13 00:03:00+00:00,33,1,42029208,53.135,53.145,53.12,53.135,45,SILZ5
2025-11-13 00:04:00+00:00,33,1,42029208,53.135,53.145,53.12,53.135,23,SILZ5
2025-11-13 00:05:00+00:00,33,1,42029208,53.14,53.155,53.13,53.15,26,SILZ5
2025-11-13 00:06:00+00:00,33,1,42029208,53.15,53.15,53.145,53.15,7,SILZ5
2025-11-13 00:07:00+00:00,33,1,42029208,53.15,53.16,53.125,53.13,22,SILZ5
2025-11-13 00:08:00+00:00,33,1,42029208,53.125,53.125,53.065,53.105,138,SILZ5
2025-11-13 00:09:00+00:00,33,1,42029208,53.105,53.135,53.105,53.13,26,SILZ5
2025-11-13 00:10:00+00:00,33,1,42029208,53.13,53.13,53.105,53.125,16,SILZ5
2025-11-13 00:11:00+00:00,33,1,42029208,53.105,53.105,53.075,53.075,31,SILZ5
2025-11-13 00:12:00+00:00,33,1,42029208,53.07,53.075,53.02,53.03,91,SILZ5
2025-11-13 00:13:00+00:00,33,1,42029208,53.04,53.09,53.035,53.085,32,SILZ5
2025-11-13 00:14:00+00:00,33,1,42029208,53.09,53.12,53.055,53.055,61,SILZ5
2025-11-13 00:15:00+00:00,33,1,42029208,53.055,53.075,53.05,53.055,28,SILZ5
2025-11-13 00:16:00+00:00,33,1,42029208,53.05,53.07,53.05,53.05,21,SILZ5
2025-11-13 00:17:00+00:00,33,1,42029208,53.06,53.08,53.04,53.075,31,SILZ5
2025-11-13 00:18:00+00:00,33,1,42029208,53.07,53.08,53.055,53.07,43,SILZ5
2025-11-13 00:19:00+00:00,33,1,42029208,53.06,53.09,53.06,53.07,12,SILZ5
2025-11-13 00:20:00+00:00,33,1,42029208,53.08,53.11,53.08,53.11,29,SILZ5
2025-11-13 00:21:00+00:00,33,1,42029208,53.1,53.125,53.09,53.125,30,SILZ5
2025-11-13 00:22:00+00:00,33,1,42029208,53.13,53.135,53.105,53.13,34,SILZ5
2025-11-13 00:23:00+00:00,33,1,42029208,53.125,53.16,53.125,53.155,35,SILZ5
2025-11-13 00:24:00+00:00,33,1,42029208,53.145,53.145,53.14,53.14,16,SILZ5
2025-11-13 00:25:00+00:00,33,1,42029208,53.14,53.175,53.14,53.16,51,SILZ5
2025-11-13 00:26:00+00:00,33,1,42029208,53.16,53.175,53.155,53.175,30,SILZ5
2025-11-13 00:27:00+00:00,33,1,42029208,53.17,53.175,53.155,53.155,35,SILZ5
2025-11-13 00:28:00+00:00,33,1,42029208,53.16,53.16,53.135,53.14,29,SILZ5
2025-11-13 00:29:00+00:00,33,1,42029208,53.145,53.15,53.11,53.115,49,SILZ5
2025-11-13 00:30:00+00:00,33,1,42029208,53.115,53.205,53.095,53.195,98,SILZ5
2025-11-13 00:31:00+00:00,33,1,42029208,53.19,53.23,53.185,53.23,100,SILZ5
2025-11-13 00:32:00+00:00,33,1,42029208,53.22,53.235,53.205,53.215,62,SILZ5
2025-11-13 00:33:00+00:00,33,1,42029208,53.21,53.225,53.19,53.21,70,SILZ5
2025-11-13 00:34:00+00:00,33,1,42029208,53.215,53.225,53.2,53.225,37,SILZ5
2025-11-13 00:35:00+00:00,33,1,42029208,53.22,53.26,53.215,53.255,69,SILZ5
2025-11-13 00:36:00+00:00,33,1,42029208,53.25,53.29,53.235,53.275,69,SILZ5
2025-11-13 00:37:00+00:00,33,1,42029208,53.275,53.29,53.25,53.28,65,SILZ5
2025-11-13 00:38:00+00:00,33,1,42029208,53.29,53.32,53.285,53.32,93,SILZ5
2025-11-13 00:39:00+00:00,33,1,42029208,53.315,53.35,53.3,53.315,141,SILZ5
2025-11-13 00:40:00+00:00,33,1,42029208,53.315,53.315,53.27,53.28,71,SILZ5
2025-11-13 00:41:00+00:00,33,1,42029208,53.28,53.285,53.23,53.235,50,SILZ5
2025-11-13 00:42:00+00:00,33,1,42029208,53.235,53.255,53.205,53.225,52,SILZ5
2025-11-13 00:43:00+00:00,33,1,42029208,53.23,53.26,53.205,53.22,61,SILZ5
2025-11-13 00:44:00+00:00,33,1,42029208,53.225,53.255,53.22,53.255,15,SILZ5
2025-11-13 00:45:00+00:00,33,1,42029208,53.26,53.265,53.235,53.24,23,SILZ5
2025-11-13 00:46:00+00:00,33,1,42029208,53.23,53.245,53.225,53.23,28,SILZ5
2025-11-13 00:47:00+00:00,33,1,42029208,53.23,53.24,53.21,53.235,29,SILZ5
2025-11-13 00:48:00+00:00,33,1,42029208,53.24,53.255,53.215,53.25,37,SILZ5
2025-11-13 00:49:00+00:00,33,1,42029208,53.25,53.285,53.245,53.265,64,SILZ5
2025-11-13 00:50:00+00:00,33,1,42029208,53.265,53.31,53.265,53.305,80,SILZ5
2025-11-13 00:51:00+00:00,33,1,42029208,53.295,53.31,53.285,53.3,28,SILZ5
2025-11-13 00:52:00+00:00,33,1,42029208,53.305,53.32,53.295,53.32,33,SILZ5
2025-11-13 00:53:00+00:00,33,1,42029208,53.31,53.325,53.305,53.31,47,SILZ5
2025-11-13 00:54:00+00:00,33,1,42029208,53.31,53.33,53.3,53.305,63,SILZ5
2025-11-13 00:55:00+00:00,33,1,42029208,53.3,53.315,53.285,53.3,58,SILZ5
2025-11-13 00:56:00+00:00,33,1,42029208,53.31,53.315,53.29,53.3,32,SILZ5
2025-11-13 00:57:00+00:00,33,1,42029208,53.285,53.3,53.28,53.295,20,SILZ5
2025-11-13 00:58:00+00:00,33,1,42029208,53.295,53.325,53.295,53.315,65,SILZ5
2025-11-13 00:59:00+00:00,33,1,42029208,53.315,53.355,53.31,53.34,103,SILZ5
2025-11-13 01:00:00+00:00,33,1,42029208,53.335,53.34,53.185,53.185,259,SILZ5
2025-11-13 01:01:00+00:00,33,1,42029208,53.19,53.225,53.185,53.195,113,SILZ5
2025-11-13 01:02:00+00:00,33,1,42029208,53.205,53.205,53.145,53.18,126,SILZ5
2025-11-13 01:03:00+00:00,33,1,42029208,53.185,53.235,53.155,53.16,99,SILZ5
2025-11-13 01:04:00+00:00,33,1,42029208,53.165,53.2,53.155,53.18,62,SILZ5
2025-11-13 01:05:00+00:00,33,1,42029208,53.165,53.23,53.16,53.22,73,SILZ5
2025-11-13 01:06:00+00:00,33,1,42029208,53.23,53.255,53.17,53.175,104,SILZ5
2025-11-13 01:07:00+00:00,33,1,42029208,53.165,53.205,53.135,53.19,92,SILZ5
2025-11-13 01:08:00+00:00,33,1,42029208,53.2,53.205,53.17,53.185,33,SILZ5
2025-11-13 01:09:00+00:00,33,1,42029208,53.195,53.255,53.195,53.25,57,SILZ5
2025-11-13 01:10:00+00:00,33,1,42029208,53.25,53.28,53.205,53.275,78,SILZ5
2025-11-13 01:11:00+00:00,33,1,42029208,53.275,53.28,53.24,53.255,54,SILZ5
2025-11-13 01:12:00+00:00,33,1,42029208,53.25,53.255,53.165,53.165,57,SILZ5
2025-11-13 01:13:00+00:00,33,1,42029208,53.165,53.21,53.155,53.165,65,SILZ5
2025-11-13 01:14:00+00:00,33,1,42029208,53.155,53.185,53.145,53.165,37,SILZ5
2025-11-13 01:15:00+00:00,33,1,42029208,53.155,53.16,53.065,53.085,185,SILZ5
2025-11-13 01:16:00+00:00,33,1,42029208,53.085,53.11,53.04,53.075,143,SILZ5
2025-11-13 01:17:00+00:00,33,1,42029208,53.07,53.075,53.0,53.02,155,SILZ5
2025-11-13 01:18:00+00:00,33,1,42029208,53.015,53.02,52.885,52.89,370,SILZ5
2025-11-13 01:19:00+00:00,33,1,42029208,52.89,52.975,52.89,52.975,140,SILZ5
2025-11-13 01:20:00+00:00,33,1,42029208,52.98,53.035,52.97,53.035,160,SILZ5
2025-11-13 01:21:00+00:00,33,1,42029208,53.04,53.045,52.98,53.01,74,SILZ5
2025-11-13 01:22:00+00:00,33,1,42029208,53.015,53.035,53.015,53.02,53,SILZ5
2025-11-13 01:23:00+00:00,33,1,42029208,53.025,53.09,53.025,53.075,104,SILZ5
2025-11-13 01:24:00+00:00,33,1,42029208,53.075,53.08,53.04,53.08,49,SILZ5
2025-11-13 01:25:00+00:00,33,1,42029208,53.075,53.075,53.0,53.005,68,SILZ5
2025-11-13 01:26:00+00:00,33,1,42029208,53.005,53.02,52.975,52.99,56,SILZ5
2025-11-13 01:27:00+00:00,33,1,42029208,53.01,53.035,52.97,53.0,67,SILZ5
2025-11-13 01:28:00+00:00,33,1,42029208,53.0,53.02,52.98,53.02,71,SILZ5
2025-11-13 01:29:00+00:00,33,1,42029208,53.015,53.03,53.005,53.01,37,SILZ5
2025-11-13 01:30:00+00:00,33,1,42029208,53.015,53.015,52.96,52.965,74,SILZ5
2025-11-13 01:31:00+00:00,33,1,42029208,52.975,52.995,52.94,52.96,132,SILZ5
2025-11-13 01:32:00+00:00,33,1,42029208,52.955,52.965,52.92,52.925,56,SILZ5
2025-11-13 01:33:00+00:00,33,1,42029208,52.925,52.995,52.925,52.99,72,SILZ5
2025-11-13 01:34:00+00:00,33,1,42029208,52.985,53.015,52.96,52.99,59,SILZ5
2025-11-13 01:35:00+00:00,33,1,42029208,52.985,53.025,52.985,52.985,62,SILZ5
2025-11-13 01:36:00+00:00,33,1,42029208,52.995,53.045,52.985,53.03,90,SILZ5
2025-11-13 01:37:00+00:00,33,1,42029208,53.025,53.08,53.025,53.065,65,SILZ5
2025-11-13 01:38:00+00:00,33,1,42029208,53.07,53.11,53.06,53.095,97,SILZ5
2025-11-13 01:39:00+00:00,33,1,42029208,53.11,53.135,53.085,53.095,76,SILZ5
2025-11-13 01:40:00+00:00,33,1,42029208,53.095,53.135,53.095,53.135,46,SILZ5
2025-11-13 01:41:00+00:00,33,1,42029208,53.135,53.14,53.115,53.115,34,SILZ5
2025-11-13 01:42:00+00:00,33,1,42029208,53.11,53.175,53.11,53.165,138,SILZ5
2025-11-13 01:43:00+00:00,33,1,42029208,53.175,53.175,53.14,53.165,79,SILZ5
2025-11-13 01:44:00+00:00,33,1,42029208,53.16,53.175,53.15,53.16,86,SILZ5
2025-11-13 01:45:00+00:00,33,1,42029208,53.16,53.18,53.125,53.125,86,SILZ5
2025-11-13 01:46:00+00:00,33,1,42029208,53.12,53.135,53.09,53.125,152,SILZ5
2025-11-13 01:47:00+00:00,33,1,42029208,53.13,53.15,53.07,53.075,74,SILZ5
2025-11-13 01:48:00+00:00,33,1,42029208,53.065,53.13,53.055,53.125,64,SILZ5
2025-11-13 01:49:00+00:00,33,1,42029208,53.125,53.205,53.125,53.19,71,SILZ5
2025-11-13 01:50:00+00:00,33,1,42029208,53.185,53.22,53.175,53.2,113,SILZ5
2025-11-13 01:51:00+00:00,33,1,42029208,53.21,53.21,53.19,53.205,38,SILZ5
2025-11-13 01:52:00+00:00,33,1,42029208,53.21,53.215,53.19,53.215,33,SILZ5
2025-11-13 01:53:00+00:00,33,1,42029208,53.22,53.29,53.22,53.29,114,SILZ5
2025-11-13 01:54:00+00:00,33,1,42029208,53.285,53.285,53.25,53.28,50,SILZ5
2025-11-13 01:55:00+00:00,33,1,42029208,53.275,53.325,53.255,53.32,99,SILZ5
2025-11-13 01:56:00+00:00,33,1,42029208,53.31,53.37,53.305,53.36,145,SILZ5
2025-11-13 01:57:00+00:00,33,1,42029208,53.35,53.425,53.35,53.42,177,SILZ5
2025-11-13 01:58:00+00:00,33,1,42029208,53.415,53.425,53.37,53.39,75,SILZ5
2025-11-13 01:59:00+00:00,33,1,42029208,53.38,53.39,53.355,53.36,58,SILZ5
2025-11-13 02:00:00+00:00,33,1,42029208,53.36,53.36,53.32,53.335,100,SILZ5
2025-11-13 02:01:00+00:00,33,1,42029208,53.335,53.415,53.335,53.395,83,SILZ5
2025-11-13 02:02:00+00:00,33,1,42029208,53.395,53.405,53.375,53.405,90,SILZ5
2025-11-13 02:03:00+00:00,33,1,42029208,53.41,53.425,53.385,53.395,62,SILZ5
2025-11-13 02:04:00+00:00,33,1,42029208,53.39,53.41,53.39,53.405,28,SILZ5
2025-11-13 02:05:00+00:00,33,1,42029208,53.395,53.395,53.355,53.38,59,SILZ5
2025-11-13 02:06:00+00:00,33,1,42029208,53.37,53.375,53.345,53.37,40,SILZ5
2025-11-13 02:07:00+00:00,33,1,42029208,53.365,53.425,53.35,53.385,58,SILZ5
2025-11-13 02:08:00+00:00,33,1,42029208,53.4,53.45,53.4,53.44,74,SILZ5
2025-11-13 02:09:00+00:00,33,1,42029208,53.445,53.53,53.44,53.5,233,SILZ5
2025-11-13 02:10:00+00:00,33,1,42029208,53.5,53.5,53.445,53.445,66,SILZ5
2025-11-13 02:11:00+00:00,33,1,42029208,53.44,53.44,53.385,53.395,80,SILZ5
2025-11-13 02:12:00+00:00,33,1,42029208,53.39,53.395,53.365,53.38,35,SILZ5
2025-11-13 02:13:00+00:00,33,1,42029208,53.39,53.46,53.39,53.46,69,SILZ5
2025-11-13 02:14:00+00:00,33,1,42029208,53.45,53.475,53.435,53.435,56,SILZ5
2025-11-13 02:15:00+00:00,33,1,42029208,53.445,53.455,53.43,53.43,10,SILZ5
2025-11-13 02:16:00+00:00,33,1,42029208,53.445,53.445,53.425,53.435,35,SILZ5
2025-11-13 02:17:00+00:00,33,1,42029208,53.43,53.44,53.425,53.43,31,SILZ5
2025-11-13 02:18:00+00:00,33,1,42029208,53.425,53.44,53.345,53.355,86,SILZ5
2025-11-13 02:19:00+00:00,33,1,42029208,53.35,53.385,53.345,53.385,57,SILZ5
2025-11-13 02:20:00+00:00,33,1,42029208,53.395,53.415,53.395,53.4,35,SILZ5
2025-11-13 02:21:00+00:00,33,1,42029208,53.4,53.405,53.39,53.4,13,SILZ5
2025-11-13 02:22:00+00:00,33,1,42029208,53.4,53.4,53.34,53.35,60,SILZ5
2025-11-13 02:23:00+00:00,33,1,42029208,53.335,53.35,53.325,53.34,35,SILZ5
2025-11-13 02:24:00+00:00,33,1,42029208,53.34,53.34,53.265,53.275,95,SILZ5
2025-11-13 02:25:00+00:00,33,1,42029208,53.275,53.305,53.275,53.28,52,SILZ5
2025-11-13 02:26:00+00:00,33,1,42029208,53.285,53.3,53.27,53.28,33,SILZ5
2025-11-13 02:27:00+00:00,33,1,42029208,53.28,53.295,53.23,53.255,128,SILZ5
2025-11-13 02:28:00+00:00,33,1,42029208,53.26,53.3,53.26,53.3,33,SILZ5
2025-11-13 02:29:00+00:00,33,1,42029208,53.3,53.3,53.285,53.3,21,SILZ5
2025-11-13 02:30:00+00:00,33,1,42029208,53.3,53.32,53.275,53.3,115,SILZ5
2025-11-13 02:31:00+00:00,33,1,42029208,53.31,53.36,53.305,53.36,65,SILZ5
2025-11-13 02:32:00+00:00,33,1,42029208,53.36,53.365,53.315,53.33,43,SILZ5
2025-11-13 02:33:00+00:00,33,1,42029208,53.32,53.355,53.31,53.31,50,SILZ5
2025-11-13 02:34:00+00:00,33,1,42029208,53.315,53.33,53.29,53.315,27,SILZ5
2025-11-13 02:35:00+00:00,33,1,42029208,53.315,53.32,53.28,53.31,31,SILZ5
2025-11-13 02:36:00+00:00,33,1,42029208,53.285,53.325,53.28,53.31,28,SILZ5
2025-11-13 02:37:00+00:00,33,1,42029208,53.325,53.325,53.295,53.325,27,SILZ5
2025-11-13 02:38:00+00:00,33,1,42029208,53.325,53.36,53.325,53.35,37,SILZ5
2025-11-13 02:39:00+00:00,33,1,42029208,53.33,53.385,53.33,53.365,54,SILZ5
2025-11-13 02:40:00+00:00,33,1,42029208,53.36,53.39,53.36,53.39,29,SILZ5
2025-11-13 02:41:00+00:00,33,1,42029208,53.39,53.405,53.37,53.37,25,SILZ5
2025-11-13 02:42:00+00:00,33,1,42029208,53.37,53.405,53.37,53.395,20,SILZ5
2025-11-13 02:43:00+00:00,33,1,42029208,53.39,53.425,53.385,53.415,30,SILZ5
2025-11-13 02:44:00+00:00,33,1,42029208,53.41,53.44,53.395,53.4,50,SILZ5
2025-11-13 02:45:00+00:00,33,1,42029208,53.41,53.44,53.41,53.41,35,SILZ5
2025-11-13 02:46:00+00:00,33,1,42029208,53.405,53.42,53.405,53.41,24,SILZ5
2025-11-13 02:47:00+00:00,33,1,42029208,53.4,53.465,53.4,53.4,81,SILZ5
2025-11-13 02:48:00+00:00,33,1,42029208,53.405,53.405,53.38,53.4,38,SILZ5
2025-11-13 02:49:00+00:00,33,1,42029208,53.39,53.415,53.39,53.395,27,SILZ5
2025-11-13 02:50:00+00:00,33,1,42029208,53.4,53.425,53.395,53.405,19,SILZ5
2025-11-13 02:51:00+00:00,33,1,42029208,53.395,53.4,53.375,53.395,44,SILZ5
2025-11-13 02:52:00+00:00,33,1,42029208,53.37,53.385,53.35,53.355,38,SILZ5
2025-11-13 02:53:00+00:00,33,1,42029208,53.355,53.39,53.335,53.355,65,SILZ5
2025-11-13 02:54:00+00:00,33,1,42029208,53.36,53.41,53.35,53.41,37,SILZ5
2025-11-13 02:55:00+00:00,33,1,42029208,53.405,53.435,53.39,53.41,47,SILZ5
2025-11-13 02:56:00+00:00,33,1,42029208,53.405,53.405,53.345,53.345,23,SILZ5
2025-11-13 02:57:00+00:00,33,1,42029208,53.35,53.38,53.35,53.38,17,SILZ5
2025-11-13 02:58:00+00:00,33,1,42029208,53.365,53.38,53.35,53.38,24,SILZ5
2025-11-13 02:59:00+00:00,33,1,42029208,53.395,53.4,53.37,53.37,23,SILZ5
2025-11-13 03:00:00+00:00,33,1,42029208,53.37,53.4,53.37,53.4,24,SILZ5
2025-11-13 03:01:00+00:00,33,1,42029208,53.405,53.46,53.4,53.44,69,SILZ5
2025-11-13 03:02:00+00:00,33,1,42029208,53.44,53.475,53.425,53.475,40,SILZ5
2025-11-13 03:03:00+00:00,33,1,42029208,53.47,53.5,53.47,53.48,76,SILZ5
2025-11-13 03:04:00+00:00,33,1,42029208,53.47,53.48,53.445,53.47,62,SILZ5
2025-11-13 03:05:00+00:00,33,1,42029208,53.475,53.5,53.475,53.49,49,SILZ5
2025-11-13 03:06:00+00:00,33,1,42029208,53.505,53.57,53.495,53.56,153,SILZ5
2025-11-13 03:07:00+00:00,33,1,42029208,53.55,53.56,53.54,53.545,58,SILZ5
2025-11-13 03:08:00+00:00,33,1,42029208,53.545,53.635,53.54,53.58,217,SILZ5
2025-11-13 03:09:00+00:00,33,1,42029208,53.585,53.595,53.56,53.58,70,SILZ5
2025-11-13 03:10:00+00:00,33,1,42029208,53.585,53.625,53.575,53.625,41,SILZ5
2025-11-13 03:11:00+00:00,33,1,42029208,53.61,53.635,53.59,53.605,84,SILZ5
2025-11-13 03:12:00+00:00,33,1,42029208,53.595,53.64,53.59,53.63,128,SILZ5
2025-11-13 03:13:00+00:00,33,1,42029208,53.635,53.635,53.6,53.61,42,SILZ5
2025-11-13 03:14:00+00:00,33,1,42029208,53.605,53.605,53.55,53.565,96,SILZ5
2025-11-13 03:15:00+00:00,33,1,42029208,53.57,53.57,53.53,53.555,53,SILZ5
2025-11-13 03:16:00+00:00,33,1,42029208,53.55,53.585,53.55,53.57,42,SILZ5
2025-11-13 03:17:00+00:00,33,1,42029208,53.56,53.57,53.55,53.555,22,SILZ5
2025-11-13 03:18:00+00:00,33,1,42029208,53.555,53.605,53.555,53.6,35,SILZ5
2025-11-13 03:19:00+00:00,33,1,42029208,53.605,53.67,53.6,53.64,178,SILZ5
2025-11-13 03:20:00+00:00,33,1,42029208,53.645,53.845,53.635,53.805,363,SILZ5
2025-11-13 03:21:00+00:00,33,1,42029208,53.805,53.815,53.74,53.775,257,SILZ5
2025-11-13 03:22:00+00:00,33,1,42029208,53.765,53.785,53.705,53.74,104,SILZ5
2025-11-13 03:23:00+00:00,33,1,42029208,53.74,53.89,53.74,53.89,319,SILZ5
2025-11-13 03:24:00+00:00,33,1,42029208,53.885,53.97,53.88,53.905,317,SILZ5
2025-11-13 03:25:00+00:00,33,1,42029208,53.89,53.895,53.82,53.875,187,SILZ5
2025-11-13 03:26:00+00:00,33,1,42029208,53.88,53.88,53.815,53.815,114,SILZ5
2025-11-13 03:27:00+00:00,33,1,42029208,53.82,53.82,53.725,53.725,185,SILZ5
2025-11-13 03:28:00+00:00,33,1,42029208,53.73,53.77,53.72,53.765,107,SILZ5
2025-11-13 03:29:00+00:00,33,1,42029208,53.77,53.815,53.755,53.805,173,SILZ5
2025-11-13 03:30:00+00:00,33,1,42029208,53.805,53.91,53.805,53.91,146,SILZ5
2025-11-13 03:31:00+00:00,33,1,42029208,53.905,53.935,53.865,53.875,207,SILZ5
2025-11-13 03:32:00+00:00,33,1,42029208,53.9,53.925,53.88,53.89,131,SILZ5
2025-11-13 03:33:00+00:00,33,1,42029208,53.88,54.02,53.88,54.005,206,SILZ5
2025-11-13 03:34:00+00:00,33,1,42029208,53.995,54.05,53.99,54.03,179,SILZ5
2025-11-13 03:35:00+00:00,33,1,42029208,54.03,54.05,53.975,54.03,204,SILZ5
2025-11-13 03:36:00+00:00,33,1,42029208,54.025,54.035,53.945,53.945,175,SILZ5
2025-11-13 03:37:00+00:00,33,1,42029208,53.94,53.98,53.92,53.925,87,SILZ5
2025-11-13 03:38:00+00:00,33,1,42029208,53.925,53.975,53.915,53.955,114,SILZ5
2025-11-13 03:39:00+00:00,33,1,42029208,53.96,54.005,53.94,53.94,129,SILZ5
2025-11-13 03:40:00+00:00,33,1,42029208,53.925,53.965,53.915,53.935,96,SILZ5
2025-11-13 03:41:00+00:00,33,1,42029208,53.94,53.95,53.905,53.91,66,SILZ5
2025-11-13 03:42:00+00:00,33,1,42029208,53.92,53.93,53.885,53.93,112,SILZ5
2025-11-13 03:43:00+00:00,33,1,42029208,53.935,53.975,53.925,53.97,86,SILZ5
2025-11-13 03:44:00+00:00,33,1,42029208,53.96,53.975,53.925,53.95,80,SILZ5
2025-11-13 03:45:00+00:00,33,1,42029208,53.95,53.99,53.945,53.96,116,SILZ5
2025-11-13 03:46:00+00:00,33,1,42029208,53.965,54.07,53.945,54.045,231,SILZ5
2025-11-13 03:47:00+00:00,33,1,42029208,54.04,54.065,54.03,54.04,108,SILZ5
2025-11-13 03:48:00+00:00,33,1,42029208,54.05,54.05,53.92,53.92,153,SILZ5
2025-11-13 03:49:00+00:00,33,1,42029208,53.92,53.965,53.9,53.95,93,SILZ5
2025-11-13 03:50:00+00:00,33,1,42029208,53.965,53.97,53.94,53.955,50,SILZ5
2025-11-13 03:51:00+00:00,33,1,42029208,53.95,54.025,53.94,54.0,102,SILZ5
2025-11-13 03:52:00+00:00,33,1,42029208,53.995,54.0,53.935,53.94,60,SILZ5
2025-11-13 03:53:00+00:00,33,1,42029208,53.965,53.965,53.915,53.95,63,SILZ5
2025-11-13 03:54:00+00:00,33,1,42029208,53.95,54.0,53.945,53.965,62,SILZ5
2025-11-13 03:55:00+00:00,33,1,42029208,53.96,54.035,53.95,54.02,76,SILZ5
2025-11-13 03:56:00+00:00,33,1,42029208,54.02,54.045,54.01,54.015,92,SILZ5
2025-11-13 03:57:00+00:00,33,1,42029208,54.005,54.045,54.0,54.015,63,SILZ5
2025-11-13 03:58:00+00:00,33,1,42029208,54.01,54.065,54.005,54.055,129,SILZ5
2025-11-13 03:59:00+00:00,33,1,42029208,54.06,54.25,54.035,54.23,427,SILZ5
2025-11-13 04:00:00+00:00,33,1,42029208,54.225,54.235,54.12,54.16,308,SILZ5
2025-11-13 04:01:00+00:00,33,1,42029208,54.16,54.16,54.065,54.08,189,SILZ5
2025-11-13 04:02:00+00:00,33,1,42029208,54.07,54.12,54.065,54.105,91,SILZ5
2025-11-13 04:03:00+00:00,33,1,42029208,54.11,54.13,54.09,54.115,107,SILZ5
2025-11-13 04:04:00+00:00,33,1,42029208,54.125,54.155,54.12,54.155,82,SILZ5
2025-11-13 04:05:00+00:00,33,1,42029208,54.155,54.205,54.155,54.195,90,SILZ5
2025-11-13 04:06:00+00:00,33,1,42029208,54.195,54.275,54.19,54.265,232,SILZ5
2025-11-13 04:07:00+00:00,33,1,42029208,54.26,54.405,54.245,54.37,488,SILZ5
2025-11-13 04:08:00+00:00,33,1,42029208,54.37,54.38,54.285,54.315,181,SILZ5
2025-11-13 04:09:00+00:00,33,1,42029208,54.315,54.32,54.255,54.265,191,SILZ5
2025-11-13 04:10:00+00:00,33,1,42029208,54.27,54.28,54.23,54.255,114,SILZ5
2025-11-13 04:11:00+00:00,33,1,42029208,54.25,54.28,54.235,54.245,71,SILZ5
2025-11-13 04:12:00+00:00,33,1,42029208,54.235,54.235,54.175,54.2,142,SILZ5
2025-11-13 04:13:00+00:00,33,1,42029208,54.2,54.26,54.2,54.25,88,SILZ5
2025-11-13 04:14:00+00:00,33,1,42029208,54.255,54.29,54.245,54.29,83,SILZ5
2025-11-13 04:15:00+00:00,33,1,42029208,54.29,54.29,54.225,54.225,84,SILZ5
2025-11-13 04:16:00+00:00,33,1,42029208,54.225,54.245,54.2,54.245,64,SILZ5
2025-11-13 04:17:00+00:00,33,1,42029208,54.24,54.24,54.185,54.195,64,SILZ5
2025-11-13 04:18:00+00:00,33,1,42029208,54.2,54.2,54.11,54.16,197,SILZ5
2025-11-13 04:19:00+00:00,33,1,42029208,54.175,54.2,54.175,54.185,56,SILZ5
2025-11-13 04:20:00+00:00,33,1,42029208,54.18,54.2,54.155,54.19,66,SILZ5
2025-11-13 04:21:00+00:00,33,1,42029208,54.195,54.195,54.145,54.175,86,SILZ5
2025-11-13 04:22:00+00:00,33,1,42029208,54.18,54.19,54.145,54.15,29,SILZ5
2025-11-13 04:23:00+00:00,33,1,42029208,54.145,54.15,54.13,54.13,54,SILZ5
2025-11-13 04:24:00+00:00,33,1,42029208,54.13,54.15,54.13,54.135,37,SILZ5
2025-11-13 04:25:00+00:00,33,1,42029208,54.135,54.15,54.135,54.145,23,SILZ5
2025-11-13 04:26:00+00:00,33,1,42029208,54.14,54.14,54.065,54.09,143,SILZ5
2025-11-13 04:27:00+00:00,33,1,42029208,54.085,54.095,54.06,54.07,123,SILZ5
2025-11-13 04:28:00+00:00,33,1,42029208,54.075,54.095,54.06,54.09,82,SILZ5
2025-11-13 04:29:00+00:00,33,1,42029208,54.095,54.135,54.095,54.135,65,SILZ5
2025-11-13 04:30:00+00:00,33,1,42029208,54.135,54.165,54.125,54.16,144,SILZ5
2025-11-13 04:31:00+00:00,33,1,42029208,54.165,54.165,54.15,54.15,46,SILZ5
2025-11-13 04:32:00+00:00,33,1,42029208,54.145,54.145,54.125,54.125,52,SILZ5
2025-11-13 04:33:00+00:00,33,1,42029208,54.115,54.12,54.07,54.07,49,SILZ5
2025-11-13 04:34:00+00:00,33,1,42029208,54.075,54.115,54.075,54.115,52,SILZ5
2025-11-13 04:35:00+00:00,33,1,42029208,54.105,54.125,54.105,54.115,25,SILZ5
2025-11-13 04:36:00+00:00,33,1,42029208,54.125,54.15,54.11,54.11,44,SILZ5
2025-11-13 04:37:00+00:00,33,1,42029208,54.125,54.135,54.065,54.085,91,SILZ5
2025-11-13 04:38:00+00:00,33,1,42029208,54.08,54.08,53.95,53.975,227,SILZ5
2025-11-13 04:39:00+00:00,33,1,42029208,53.96,54.04,53.955,54.04,101,SILZ5
2025-11-13 04:40:00+00:00,33,1,42029208,54.035,54.04,53.97,53.98,85,SILZ5
2025-11-13 04:41:00+00:00,33,1,42029208,53.98,54.0,53.97,53.99,74,SILZ5
2025-11-13 04:42:00+00:00,33,1,42029208,53.995,54.035,53.905,53.92,181,SILZ5
2025-11-13 04:43:00+00:00,33,1,42029208,53.91,53.94,53.86,53.875,130,SILZ5
2025-11-13 04:44:00+00:00,33,1,42029208,53.865,53.98,53.865,53.97,90,SILZ5
2025-11-13 04:45:00+00:00,33,1,42029208,53.975,53.995,53.95,53.99,78,SILZ5
2025-11-13 04:46:00+00:00,33,1,42029208,53.99,53.995,53.935,53.935,80,SILZ5
2025-11-13 04:47:00+00:00,33,1,42029208,53.95,53.95,53.92,53.945,43,SILZ5
2025-11-13 04:48:00+00:00,33,1,42029208,53.94,53.945,53.9,53.9,69,SILZ5
2025-11-13 04:49:00+00:00,33,1,42029208,53.915,53.93,53.905,53.925,48,SILZ5
2025-11-13 04:50:00+00:00,33,1,42029208,53.92,53.96,53.91,53.945,40,SILZ5
2025-11-13 04:51:00+00:00,33,1,42029208,53.94,53.965,53.935,53.945,31,SILZ5
2025-11-13 04:52:00+00:00,33,1,42029208,53.935,53.965,53.92,53.96,26,SILZ5
2025-11-13 04:53:00+00:00,33,1,42029208,53.965,54.01,53.965,53.98,83,SILZ5
2025-11-13 04:54:00+00:00,33,1,42029208,53.975,53.985,53.955,53.955,27,SILZ5
2025-11-13 04:55:00+00:00,33,1,42029208,53.95,53.99,53.945,53.99,32,SILZ5
2025-11-13 04:56:00+00:00,33,1,42029208,53.995,53.995,53.965,53.99,33,SILZ5
2025-11-13 04:57:00+00:00,33,1,42029208,53.99,54.01,53.99,53.995,36,SILZ5
2025-11-13 04:58:00+00:00,33,1,42029208,54.0,54.095,54.0,54.085,137,SILZ5
2025-11-13 04:59:00+00:00,33,1,42029208,54.09,54.105,54.06,54.065,100,SILZ5
2025-11-13 05:00:00+00:00,33,1,42029208,54.065,54.095,54.015,54.015,68,SILZ5
2025-11-13 05:01:00+00:00,33,1,42029208,54.015,54.03,54.01,54.01,38,SILZ5
2025-11-13 05:02:00+00:00,33,1,42029208,54.025,54.085,54.02,54.065,92,SILZ5
2025-11-13 05:03:00+00:00,33,1,42029208,54.075,54.11,54.075,54.09,41,SILZ5
2025-11-13 05:04:00+00:00,33,1,42029208,54.095,54.095,54.04,54.04,39,SILZ5
2025-11-13 05:05:00+00:00,33,1,42029208,54.055,54.095,54.055,54.095,20,SILZ5
2025-11-13 05:06:00+00:00,33,1,42029208,54.09,54.185,54.09,54.18,68,SILZ5
2025-11-13 05:07:00+00:00,33,1,42029208,54.18,54.2,54.175,54.19,122,SILZ5
2025-11-13 05:08:00+00:00,33,1,42029208,54.19,54.275,54.17,54.265,134,SILZ5
2025-11-13 05:09:00+00:00,33,1,42029208,54.275,54.31,54.235,54.27,232,SILZ5
2025-11-13 05:10:00+00:00,33,1,42029208,54.28,54.325,54.265,54.32,159,SILZ5
2025-11-13 05:11:00+00:00,33,1,42029208,54.315,54.32,54.265,54.27,93,SILZ5
2025-11-13 05:12:00+00:00,33,1,42029208,54.26,54.265,54.17,54.265,243,SILZ5
2025-11-13 05:13:00+00:00,33,1,42029208,54.265,54.265,54.225,54.25,124,SILZ5
2025-11-13 05:14:00+00:00,33,1,42029208,54.25,54.365,54.235,54.345,220,SILZ5
2025-11-13 05:15:00+00:00,33,1,42029208,54.345,54.35,54.305,54.35,54,SILZ5
2025-11-13 05:16:00+00:00,33,1,42029208,54.335,54.335,54.28,54.295,76,SILZ5
2025-11-13 05:17:00+00:00,33,1,42029208,54.295,54.315,54.29,54.295,48,SILZ5
2025-11-13 05:18:00+00:00,33,1,42029208,54.285,54.305,54.25,54.265,92,SILZ5
2025-11-13 05:19:00+00:00,33,1,42029208,54.275,54.28,54.255,54.275,34,SILZ5
2025-11-13 05:20:00+00:00,33,1,42029208,54.265,54.275,54.235,54.235,42,SILZ5
2025-11-13 05:21:00+00:00,33,1,42029208,54.235,54.265,54.21,54.24,71,SILZ5
2025-11-13 05:22:00+00:00,33,1,42029208,54.235,54.235,54.215,54.235,26,SILZ5
2025-11-13 05:23:00+00:00,33,1,42029208,54.25,54.265,54.245,54.25,45,SILZ5
2025-11-13 05:24:00+00:00,33,1,42029208,54.25,54.255,54.2,54.205,63,SILZ5
2025-11-13 05:25:00+00:00,33,1,42029208,54.2,54.22,54.175,54.215,73,SILZ5
2025-11-13 05:26:00+00:00,33,1,42029208,54.21,54.25,54.205,54.23,65,SILZ5
2025-11-13 05:27:00+00:00,33,1,42029208,54.22,54.245,54.205,54.235,40,SILZ5
2025-11-13 05:28:00+00:00,33,1,42029208,54.23,54.24,54.175,54.19,110,SILZ5
2025-11-13 05:29:00+00:00,33,1,42029208,54.185,54.19,54.17,54.185,55,SILZ5
2025-11-13 05:30:00+00:00,33,1,42029208,54.19,54.195,54.08,54.17,414,SILZ5
2025-11-13 05:31:00+00:00,33,1,42029208,54.17,54.245,54.17,54.215,198,SILZ5
2025-11-13 05:32:00+00:00,33,1,42029208,54.22,54.255,54.205,54.235,81,SILZ5
2025-11-13 05:33:00+00:00,33,1,42029208,54.24,54.25,54.185,54.215,108,SILZ5
2025-11-13 05:34:00+00:00,33,1,42029208,54.22,54.255,54.195,54.235,92,SILZ5
2025-11-13 05:35:00+00:00,33,1,42029208,54.225,54.24,54.21,54.225,57,SILZ5
2025-11-13 05:36:00+00:00,33,1,42029208,54.225,54.24,54.19,54.21,50,SILZ5
2025-11-13 05:37:00+00:00,33,1,42029208,54.205,54.22,54.155,54.205,71,SILZ5
2025-11-13 05:38:00+00:00,33,1,42029208,54.225,54.25,54.215,54.235,51,SILZ5
2025-11-13 05:39:00+00:00,33,1,42029208,54.24,54.275,54.24,54.26,88,SILZ5
2025-11-13 05:40:00+00:00,33,1,42029208,54.27,54.285,54.235,54.24,53,SILZ5
2025-11-13 05:41:00+00:00,33,1,42029208,54.245,54.31,54.24,54.28,113,SILZ5
2025-11-13 05:42:00+00:00,33,1,42029208,54.285,54.32,54.285,54.29,52,SILZ5
2025-11-13 05:43:00+00:00,33,1,42029208,54.29,54.325,54.28,54.29,123,SILZ5
2025-11-13 05:44:00+00:00,33,1,42029208,54.28,54.28,54.24,54.255,51,SILZ5
2025-11-13 05:45:00+00:00,33,1,42029208,54.245,54.255,54.215,54.23,31,SILZ5
2025-11-13 05:46:00+00:00,33,1,42029208,54.225,54.24,54.165,54.165,59,SILZ5
2025-11-13 05:47:00+00:00,33,1,42029208,54.165,54.205,54.16,54.2,75,SILZ5
2025-11-13 05:48:00+00:00,33,1,42029208,54.2,54.205,54.175,54.175,40,SILZ5
2025-11-13 05:49:00+00:00,33,1,42029208,54.175,54.175,54.07,54.07,176,SILZ5
2025-11-13 05:50:00+00:00,33,1,42029208,54.075,54.115,54.06,54.105,105,SILZ5
2025-11-13 05:51:00+00:00,33,1,42029208,54.115,54.115,53.95,53.95,176,SILZ5
2025-11-13 05:52:00+00:00,33,1,42029208,53.955,54.01,53.91,54.01,209,SILZ5
2025-11-13 05:53:00+00:00,33,1,42029208,54.025,54.06,54.0,54.03,90,SILZ5
2025-11-13 05:54:00+00:00,33,1,42029208,54.045,54.1,54.03,54.07,74,SILZ5
2025-11-13 05:55:00+00:00,33,1,42029208,54.06,54.07,54.02,54.055,52,SILZ5
2025-11-13 05:56:00+00:00,33,1,42029208,54.06,54.06,54.025,54.03,50,SILZ5
2025-11-13 05:57:00+00:00,33,1,42029208,54.035,54.055,54.0,54.02,63,SILZ5
2025-11-13 05:58:00+00:00,33,1,42029208,54.005,54.01,53.94,53.98,98,SILZ5
2025-11-13 05:59:00+00:00,33,1,42029208,53.985,54.025,53.97,54.01,59,SILZ5
2025-11-13 06:00:00+00:00,33,1,42029208,54.005,54.005,53.955,53.96,80,SILZ5
2025-11-13 06:01:00+00:00,33,1,42029208,53.96,53.97,53.905,53.91,87,SILZ5
2025-11-13 06:02:00+00:00,33,1,42029208,53.91,53.995,53.91,53.985,86,SILZ5
2025-11-13 06:03:00+00:00,33,1,42029208,54.0,54.005,53.91,53.935,79,SILZ5
2025-11-13 06:04:00+00:00,33,1,42029208,53.915,53.95,53.905,53.93,67,SILZ5
2025-11-13 06:05:00+00:00,33,1,42029208,53.94,54.01,53.94,54.0,87,SILZ5
2025-11-13 06:06:00+00:00,33,1,42029208,54.01,54.01,53.965,53.975,40,SILZ5
2025-11-13 06:07:00+00:00,33,1,42029208,53.98,53.985,53.965,53.98,34,SILZ5
2025-11-13 06:08:00+00:00,33,1,42029208,53.985,54.015,53.98,54.01,32,SILZ5
2025-11-13 06:09:00+00:00,33,1,42029208,54.01,54.06,54.01,54.025,96,SILZ5
2025-11-13 06:10:00+00:00,33,1,42029208,54.02,54.025,54.005,54.02,34,SILZ5
2025-11-13 06:11:00+00:00,33,1,42029208,54.01,54.02,53.965,53.965,40,SILZ5
2025-11-13 06:12:00+00:00,33,1,42029208,53.97,53.995,53.97,53.975,34,SILZ5
2025-11-13 06:13:00+00:00,33,1,42029208,53.985,53.99,53.925,53.945,75,SILZ5
2025-11-13 06:14:00+00:00,33,1,42029208,53.94,53.955,53.915,53.915,40,SILZ5
2025-11-13 06:15:00+00:00,33,1,42029208,53.91,53.935,53.905,53.915,58,SILZ5
2025-11-13 06:16:00+00:00,33,1,42029208,53.915,53.925,53.865,53.92,105,SILZ5
2025-11-13 06:17:00+00:00,33,1,42029208,53.915,53.96,53.91,53.93,80,SILZ5
2025-11-13 06:18:00+00:00,33,1,42029208,53.935,53.95,53.93,53.94,23,SILZ5
2025-11-13 06:19:00+00:00,33,1,42029208,53.945,53.98,53.935,53.98,38,SILZ5
2025-11-13 06:20:00+00:00,33,1,42029208,53.975,54.015,53.975,54.015,37,SILZ5
2025-11-13 06:21:00+00:00,33,1,42029208,54.015,54.015,53.975,54.005,32,SILZ5
2025-11-13 06:22:00+00:00,33,1,42029208,54.005,54.025,53.975,53.98,50,SILZ5
2025-11-13 06:23:00+00:00,33,1,42029208,53.975,53.99,53.955,53.99,35,SILZ5
2025-11-13 06:24:00+00:00,33,1,42029208,53.98,54.05,53.98,54.015,98,SILZ5
2025-11-13 06:25:00+00:00,33,1,42029208,54.015,54.05,54.01,54.05,61,SILZ5
2025-11-13 06:26:00+00:00,33,1,42029208,54.055,54.08,54.045,54.065,80,SILZ5
2025-11-13 06:27:00+00:00,33,1,42029208,54.075,54.105,54.055,54.105,75,SILZ5
2025-11-13 06:28:00+00:00,33,1,42029208,54.105,54.11,54.08,54.085,49,SILZ5
2025-11-13 06:29:00+00:00,33,1,42029208,54.085,54.085,54.06,54.07,45,SILZ5
2025-11-13 06:30:00+00:00,33,1,42029208,54.055,54.08,54.03,54.04,62,SILZ5
2025-11-13 06:31:00+00:00,33,1,42029208,54.04,54.065,54.03,54.06,38,SILZ5
2025-11-13 06:32:00+00:00,33,1,42029208,54.065,54.095,54.06,54.06,41,SILZ5
2025-11-13 06:33:00+00:00,33,1,42029208,54.065,54.105,54.06,54.09,37,SILZ5
2025-11-13 06:34:00+00:00,33,1,42029208,54.095,54.11,54.085,54.085,32,SILZ5
2025-11-13 06:35:00+00:00,33,1,42029208,54.08,54.12,54.07,54.12,36,SILZ5
2025-11-13 06:36:00+00:00,33,1,42029208,54.115,54.12,54.09,54.12,36,SILZ5
2025-11-13 06:37:00+00:00,33,1,42029208,54.115,54.12,54.06,54.065,51,SILZ5
2025-11-13 06:38:00+00:00,33,1,42029208,54.06,54.06,54.035,54.055,49,SILZ5
2025-11-13 06:39:00+00:00,33,1,42029208,54.06,54.095,54.04,54.045,74,SILZ5
2025-11-13 06:40:00+00:00,33,1,42029208,54.04,54.055,54.015,54.05,47,SILZ5
2025-11-13 06:41:00+00:00,33,1,42029208,54.05,54.065,54.05,54.06,22,SILZ5
2025-11-13 06:42:00+00:00,33,1,42029208,54.055,54.06,54.03,54.03,23,SILZ5
2025-11-13 06:43:00+00:00,33,1,42029208,54.045,54.065,54.04,54.05,26,SILZ5
2025-11-13 06:44:00+00:00,33,1,42029208,54.065,54.075,54.04,54.04,23,SILZ5
2025-11-13 06:45:00+00:00,33,1,42029208,54.045,54.055,54.03,54.04,25,SILZ5
2025-11-13 06:46:00+00:00,33,1,42029208,54.045,54.045,54.03,54.03,20,SILZ5
2025-11-13 06:47:00+00:00,33,1,42029208,54.03,54.06,54.025,54.05,30,SILZ5
2025-11-13 06:48:00+00:00,33,1,42029208,54.04,54.045,54.03,54.04,13,SILZ5
2025-11-13 06:49:00+00:00,33,1,42029208,54.03,54.035,54.005,54.035,39,SILZ5
2025-11-13 06:50:00+00:00,33,1,42029208,54.025,54.07,54.025,54.05,43,SILZ5
2025-11-13 06:51:00+00:00,33,1,42029208,54.05,54.085,54.045,54.08,61,SILZ5
2025-11-13 06:52:00+00:00,33,1,42029208,54.085,54.125,54.08,54.11,46,SILZ5
2025-11-13 06:53:00+00:00,33,1,42029208,54.115,54.135,54.115,54.125,84,SILZ5
2025-11-13 06:54:00+00:00,33,1,42029208,54.13,54.14,54.125,54.135,66,SILZ5
2025-11-13 06:55:00+00:00,33,1,42029208,54.14,54.155,54.125,54.145,70,SILZ5
2025-11-13 06:56:00+00:00,33,1,42029208,54.145,54.15,54.13,54.145,32,SILZ5
2025-11-13 06:57:00+00:00,33,1,42029208,54.145,54.165,54.135,54.155,29,SILZ5
2025-11-13 06:58:00+00:00,33,1,42029208,54.15,54.15,54.12,54.12,22,SILZ5
2025-11-13 06:59:00+00:00,33,1,42029208,54.12,54.125,54.11,54.11,18,SILZ5
2025-11-13 07:00:00+00:00,33,1,42029208,54.115,54.115,54.08,54.095,54,SILZ5
2025-11-13 07:01:00+00:00,33,1,42029208,54.1,54.1,54.065,54.075,25,SILZ5
2025-11-13 07:02:00+00:00,33,1,42029208,54.085,54.1,54.075,54.08,20,SILZ5
2025-11-13 07:03:00+00:00,33,1,42029208,54.075,54.09,54.035,54.04,54,SILZ5
2025-11-13 07:04:00+00:00,33,1,42029208,54.04,54.045,53.975,53.98,88,SILZ5
2025-11-13 07:05:00+00:00,33,1,42029208,53.98,53.98,53.92,53.975,122,SILZ5
2025-11-13 07:06:00+00:00,33,1,42029208,53.975,54.0,53.935,53.94,66,SILZ5
2025-11-13 07:07:00+00:00,33,1,42029208,53.94,53.97,53.93,53.97,78,SILZ5
2025-11-13 07:08:00+00:00,33,1,42029208,53.97,54.015,53.955,53.97,97,SILZ5
2025-11-13 07:09:00+00:00,33,1,42029208,53.975,54.0,53.96,53.995,55,SILZ5
2025-11-13 07:10:00+00:00,33,1,42029208,53.99,54.01,53.965,53.99,67,SILZ5
2025-11-13 07:11:00+00:00,33,1,42029208,53.98,54.02,53.98,54.015,35,SILZ5
2025-11-13 07:12:00+00:00,33,1,42029208,54.025,54.025,54.01,54.02,14,SILZ5
2025-11-13 07:13:00+00:00,33,1,42029208,54.01,54.035,53.99,54.025,56,SILZ5
2025-11-13 07:14:00+00:00,33,1,42029208,54.025,54.05,54.025,54.05,15,SILZ5
2025-11-13 07:15:00+00:00,33,1,42029208,54.055,54.075,54.05,54.065,37,SILZ5
2025-11-13 07:16:00+00:00,33,1,42029208,54.065,54.1,54.06,54.095,40,SILZ5
2025-11-13 07:17:00+00:00,33,1,42029208,54.1,54.155,54.1,54.155,75,SILZ5
2025-11-13 07:18:00+00:00,33,1,42029208,54.15,54.15,54.12,54.125,65,SILZ5
2025-11-13 07:19:00+00:00,33,1,42029208,54.125,54.14,54.105,54.11,44,SILZ5
2025-11-13 07:20:00+00:00,33,1,42029208,54.1,54.11,54.08,54.1,34,SILZ5
2025-11-13 07:21:00+00:00,33,1,42029208,54.095,54.13,54.085,54.12,101,SILZ5
2025-11-13 07:22:00+00:00,33,1,42029208,54.125,54.155,54.11,54.145,62,SILZ5
2025-11-13 07:23:00+00:00,33,1,42029208,54.145,54.16,54.145,54.155,39,SILZ5
2025-11-13 07:24:00+00:00,33,1,42029208,54.16,54.185,54.145,54.175,59,SILZ5
2025-11-13 07:25:00+00:00,33,1,42029208,54.17,54.2,54.155,54.19,90,SILZ5
2025-11-13 07:26:00+00:00,33,1,42029208,54.19,54.225,54.19,54.195,66,SILZ5
2025-11-13 07:27:00+00:00,33,1,42029208,54.195,54.2,54.135,54.16,100,SILZ5
2025-11-13 07:28:00+00:00,33,1,42029208,54.16,54.18,54.155,54.155,41,SILZ5
2025-11-13 07:29:00+00:00,33,1,42029208,54.15,54.19,54.15,54.17,38,SILZ5
2025-11-13 07:30:00+00:00,33,1,42029208,54.17,54.185,54.165,54.185,47,SILZ5
2025-11-13 07:31:00+00:00,33,1,42029208,54.18,54.22,54.175,54.22,47,SILZ5
2025-11-13 07:32:00+00:00,33,1,42029208,54.205,54.235,54.2,54.2,55,SILZ5
2025-11-13 07:33:00+00:00,33,1,42029208,54.195,54.195,54.125,54.125,48,SILZ5
2025-11-13 07:34:00+00:00,33,1,42029208,54.13,54.135,54.105,54.11,28,SILZ5
2025-11-13 07:35:00+00:00,33,1,42029208,54.11,54.11,54.07,54.08,67,SILZ5
2025-11-13 07:36:00+00:00,33,1,42029208,54.07,54.07,54.01,54.015,108,SILZ5
2025-11-13 07:37:00+00:00,33,1,42029208,54.01,54.03,54.0,54.03,31,SILZ5
2025-11-13 07:38:00+00:00,33,1,42029208,54.035,54.035,54.015,54.03,33,SILZ5
2025-11-13 07:39:00+00:00,33,1,42029208,54.015,54.07,54.0,54.045,63,SILZ5
2025-11-13 07:40:00+00:00,33,1,42029208,54.055,54.085,54.05,54.065,37,SILZ5
2025-11-13 07:41:00+00:00,33,1,42029208,54.055,54.07,54.04,54.05,29,SILZ5
2025-11-13 07:42:00+00:00,33,1,42029208,54.055,54.095,54.055,54.075,56,SILZ5
2025-11-13 07:43:00+00:00,33,1,42029208,54.075,54.085,54.055,54.06,29,SILZ5
2025-11-13 07:44:00+00:00,33,1,42029208,54.05,54.05,54.03,54.05,22,SILZ5
2025-11-13 07:45:00+00:00,33,1,42029208,54.045,54.06,54.04,54.055,32,SILZ5
2025-11-13 07:46:00+00:00,33,1,42029208,54.06,54.075,54.055,54.06,31,SILZ5
2025-11-13 07:47:00+00:00,33,1,42029208,54.065,54.065,54.035,54.045,27,SILZ5
2025-11-13 07:48:00+00:00,33,1,42029208,54.045,54.045,54.005,54.01,26,SILZ5
2025-11-13 07:49:00+00:00,33,1,42029208,54.015,54.015,53.96,53.96,96,SILZ5
2025-11-13 07:50:00+00:00,33,1,42029208,53.955,53.97,53.93,53.97,71,SILZ5
2025-11-13 07:51:00+00:00,33,1,42029208,53.975,54.015,53.975,54.005,47,SILZ5
2025-11-13 07:52:00+00:00,33,1,42029208,54.005,54.06,54.0,54.035,93,SILZ5
2025-11-13 07:53:00+00:00,33,1,42029208,54.035,54.05,54.02,54.045,31,SILZ5
2025-11-13 07:54:00+00:00,33,1,42029208,54.04,54.055,54.03,54.05,25,SILZ5
2025-11-13 07:55:00+00:00,33,1,42029208,54.055,54.06,54.025,54.055,47,SILZ5
2025-11-13 07:56:00+00:00,33,1,42029208,54.06,54.075,54.055,54.07,19,SILZ5
2025-11-13 07:57:00+00:00,33,1,42029208,54.08,54.1,54.04,54.04,34,SILZ5
2025-11-13 07:58:00+00:00,33,1,42029208,54.04,54.07,54.04,54.065,28,SILZ5
2025-11-13 07:59:00+00:00,33,1,42029208,54.065,54.09,54.065,54.08,40,SILZ5
2025-11-13 08:00:00+00:00,33,1,42029208,54.065,54.08,54.04,54.07,39,SILZ5
2025-11-13 08:01:00+00:00,33,1,42029208,54.08,54.09,54.06,54.07,46,SILZ5
2025-11-13 08:02:00+00:00,33,1,42029208,54.065,54.125,54.065,54.125,70,SILZ5
2025-11-13 08:03:00+00:00,33,1,42029208,54.135,54.18,54.13,54.175,116,SILZ5
2025-11-13 08:04:00+00:00,33,1,42029208,54.16,54.17,54.13,54.135,52,SILZ5
2025-11-13 08:05:00+00:00,33,1,42029208,54.115,54.14,54.035,54.135,108,SILZ5
2025-11-13 08:06:00+00:00,33,1,42029208,54.14,54.215,54.14,54.21,106,SILZ5
2025-11-13 08:07:00+00:00,33,1,42029208,54.21,54.245,54.185,54.185,108,SILZ5
2025-11-13 08:08:00+00:00,33,1,42029208,54.185,54.19,54.155,54.175,41,SILZ5
2025-11-13 08:09:00+00:00,33,1,42029208,54.175,54.195,54.175,54.175,35,SILZ5
2025-11-13 08:10:00+00:00,33,1,42029208,54.185,54.205,54.185,54.2,28,SILZ5
2025-11-13 08:11:00+00:00,33,1,42029208,54.2,54.2,54.15,54.185,44,SILZ5
2025-11-13 08:12:00+00:00,33,1,42029208,54.195,54.21,54.17,54.21,55,SILZ5
2025-11-13 08:13:00+00:00,33,1,42029208,54.2,54.21,54.195,54.2,13,SILZ5
2025-11-13 08:14:00+00:00,33,1,42029208,54.215,54.25,54.215,54.24,91,SILZ5
2025-11-13 08:15:00+00:00,33,1,42029208,54.24,54.285,54.235,54.26,80,SILZ5
2025-11-13 08:16:00+00:00,33,1,42029208,54.25,54.27,54.23,54.255,80,SILZ5
2025-11-13 08:17:00+00:00,33,1,42029208,54.25,54.255,54.225,54.25,47,SILZ5
2025-11-13 08:18:00+00:00,33,1,42029208,54.26,54.265,54.225,54.24,74,SILZ5
2025-11-13 08:19:00+00:00,33,1,42029208,54.24,54.285,54.24,54.255,45,SILZ5
2025-11-13 08:20:00+00:00,33,1,42029208,54.26,54.26,54.225,54.24,48,SILZ5
2025-11-13 08:21:00+00:00,33,1,42029208,54.235,54.265,54.21,54.235,82,SILZ5
2025-11-13 08:22:00+00:00,33,1,42029208,54.24,54.31,54.24,54.3,93,SILZ5
2025-11-13 08:23:00+00:00,33,1,42029208,54.305,54.32,54.275,54.305,128,SILZ5
2025-11-13 08:24:00+00:00,33,1,42029208,54.305,54.375,54.305,54.37,99,SILZ5
2025-11-13 08:25:00+00:00,33,1,42029208,54.375,54.375,54.32,54.32,79,SILZ5
2025-11-13 08:26:00+00:00,33,1,42029208,54.32,54.34,54.3,54.32,83,SILZ5
2025-11-13 08:27:00+00:00,33,1,42029208,54.33,54.345,54.28,54.295,54,SILZ5
2025-11-13 08:28:00+00:00,33,1,42029208,54.28,54.3,54.27,54.285,46,SILZ5
2025-11-13 08:29:00+00:00,33,1,42029208,54.285,54.325,54.275,54.31,40,SILZ5
2025-11-13 08:30:00+00:00,33,1,42029208,54.31,54.35,54.305,54.34,32,SILZ5
2025-11-13 08:31:00+00:00,33,1,42029208,54.345,54.36,54.335,54.36,30,SILZ5
2025-11-13 08:32:00+00:00,33,1,42029208,54.36,54.37,54.3,54.3,56,SILZ5
2025-11-13 08:33:00+00:00,33,1,42029208,54.3,54.345,54.285,54.33,64,SILZ5
2025-11-13 08:34:00+00:00,33,1,42029208,54.33,54.34,54.31,54.335,55,SILZ5
2025-11-13 08:35:00+00:00,33,1,42029208,54.33,54.35,54.32,54.32,41,SILZ5
2025-11-13 08:36:00+00:00,33,1,42029208,54.315,54.35,54.31,54.345,37,SILZ5
2025-11-13 08:37:00+00:00,33,1,42029208,54.33,54.345,54.31,54.315,21,SILZ5
2025-11-13 08:38:00+00:00,33,1,42029208,54.33,54.33,54.265,54.265,100,SILZ5
2025-11-13 08:39:00+00:00,33,1,42029208,54.28,54.28,54.235,54.255,62,SILZ5
2025-11-13 08:40:00+00:00,33,1,42029208,54.24,54.28,54.225,54.28,47,SILZ5
2025-11-13 08:41:00+00:00,33,1,42029208,54.29,54.295,54.27,54.295,44,SILZ5
2025-11-13 08:42:00+00:00,33,1,42029208,54.29,54.31,54.29,54.305,28,SILZ5
2025-11-13 08:43:00+00:00,33,1,42029208,54.295,54.295,54.27,54.275,16,SILZ5
2025-11-13 08:44:00+00:00,33,1,42029208,54.27,54.29,54.26,54.28,27,SILZ5
2025-11-13 08:45:00+00:00,33,1,42029208,54.28,54.28,54.26,54.26,12,SILZ5
2025-11-13 08:46:00+00:00,33,1,42029208,54.28,54.28,54.23,54.23,41,SILZ5
2025-11-13 08:47:00+00:00,33,1,42029208,54.225,54.235,54.2,54.21,49,SILZ5
2025-11-13 08:48:00+00:00,33,1,42029208,54.205,54.26,54.205,54.255,48,SILZ5
2025-11-13 08:49:00+00:00,33,1,42029208,54.245,54.255,54.2,54.205,62,SILZ5
2025-11-13 08:50:00+00:00,33,1,42029208,54.21,54.22,54.185,54.215,113,SILZ5
2025-11-13 08:51:00+00:00,33,1,42029208,54.225,54.27,54.225,54.25,43,SILZ5
2025-11-13 08:52:00+00:00,33,1,42029208,54.25,54.26,54.225,54.245,38,SILZ5
2025-11-13 08:53:00+00:00,33,1,42029208,54.23,54.26,54.215,54.22,52,SILZ5
2025-11-13 08:54:00+00:00,33,1,42029208,54.235,54.255,54.2,54.2,26,SILZ5
2025-11-13 08:55:00+00:00,33,1,42029208,54.195,54.22,54.195,54.21,23,SILZ5
2025-11-13 08:56:00+00:00,33,1,42029208,54.215,54.215,54.19,54.205,21,SILZ5
2025-11-13 08:57:00+00:00,33,1,42029208,54.19,54.2,54.18,54.18,26,SILZ5
2025-11-13 08:58:00+00:00,33,1,42029208,54.18,54.21,54.13,54.2,108,SILZ5
2025-11-13 08:59:00+00:00,33,1,42029208,54.2,54.215,54.19,54.19,14,SILZ5
2025-11-13 09:00:00+00:00,33,1,42029208,54.185,54.19,54.125,54.19,67,SILZ5
2025-11-13 09:01:00+00:00,33,1,42029208,54.185,54.21,54.165,54.2,58,SILZ5
2025-11-13 09:02:00+00:00,33,1,42029208,54.2,54.2,54.15,54.15,44,SILZ5
2025-11-13 09:03:00+00:00,33,1,42029208,54.16,54.175,54.145,54.155,48,SILZ5
2025-11-13 09:04:00+00:00,33,1,42029208,54.17,54.17,54.125,54.16,26,SILZ5
2025-11-13 09:05:00+00:00,33,1,42029208,54.155,54.195,54.15,54.195,36,SILZ5
2025-11-13 09:06:00+00:00,33,1,42029208,54.195,54.225,54.195,54.205,30,SILZ5
2025-11-13 09:07:00+00:00,33,1,42029208,54.2,54.225,54.195,54.195,42,SILZ5
2025-11-13 09:08:00+00:00,33,1,42029208,54.19,54.23,54.19,54.23,43,SILZ5
2025-11-13 09:09:00+00:00,33,1,42029208,54.23,54.235,54.21,54.22,39,SILZ5
2025-11-13 09:10:00+00:00,33,1,42029208,54.225,54.235,54.17,54.18,37,SILZ5
2025-11-13 09:11:00+00:00,33,1,42029208,54.16,54.18,54.155,54.155,36,SILZ5
2025-11-13 09:12:00+00:00,33,1,42029208,54.16,54.18,54.155,54.175,25,SILZ5
2025-11-13 09:13:00+00:00,33,1,42029208,54.195,54.21,54.195,54.195,16,SILZ5
2025-11-13 09:14:00+00:00,33,1,42029208,54.2,54.2,54.185,54.19,10,SILZ5
2025-11-13 09:15:00+00:00,33,1,42029208,54.18,54.18,54.16,54.16,13,SILZ5
2025-11-13 09:16:00+00:00,33,1,42029208,54.17,54.185,54.16,54.185,23,SILZ5
2025-11-13 09:17:00+00:00,33,1,42029208,54.175,54.2,54.175,54.2,21,SILZ5
2025-11-13 09:18:00+00:00,33,1,42029208,54.21,54.26,54.21,54.26,42,SILZ5
2025-11-13 09:19:00+00:00,33,1,42029208,54.25,54.27,54.245,54.265,21,SILZ5
2025-11-13 09:20:00+00:00,33,1,42029208,54.27,54.275,54.245,54.245,37,SILZ5
2025-11-13 09:21:00+00:00,33,1,42029208,54.245,54.245,54.2,54.2,16,SILZ5
2025-11-13 09:22:00+00:00,33,1,42029208,54.185,54.205,54.18,54.2,14,SILZ5
2025-11-13 09:23:00+00:00,33,1,42029208,54.21,54.21,54.18,54.18,15,SILZ5
2025-11-13 09:24:00+00:00,33,1,42029208,54.185,54.19,54.16,54.175,29,SILZ5
2025-11-13 09:25:00+00:00,33,1,42029208,54.175,54.175,54.13,54.13,34,SILZ5
2025-11-13 09:26:00+00:00,33,1,42029208,54.13,54.13,54.1,54.105,62,SILZ5
2025-11-13 09:27:00+00:00,33,1,42029208,54.11,54.145,54.11,54.12,24,SILZ5
2025-11-13 09:28:00+00:00,33,1,42029208,54.115,54.115,54.085,54.095,34,SILZ5
2025-11-13 09:29:00+00:00,33,1,42029208,54.095,54.11,54.005,54.025,87,SILZ5
2025-11-13 09:30:00+00:00,33,1,42029208,54.025,54.035,53.995,54.01,114,SILZ5
2025-11-13 09:31:00+00:00,33,1,42029208,54.005,54.015,53.98,54.01,75,SILZ5
2025-11-13 09:32:00+00:00,33,1,42029208,54.02,54.08,54.02,54.07,66,SILZ5
2025-11-13 09:33:00+00:00,33,1,42029208,54.07,54.12,54.055,54.1,57,SILZ5
2025-11-13 09:34:00+00:00,33,1,42029208,54.095,54.12,54.095,54.105,29,SILZ5
2025-11-13 09:35:00+00:00,33,1,42029208,54.1,54.105,54.095,54.095,18,SILZ5
2025-11-13 09:36:00+00:00,33,1,42029208,54.1,54.1,54.04,54.04,41,SILZ5
2025-11-13 09:37:00+00:00,33,1,42029208,54.035,54.05,54.025,54.04,38,SILZ5
2025-11-13 09:38:00+00:00,33,1,42029208,54.035,54.07,54.03,54.03,43,SILZ5
2025-11-13 09:39:00+00:00,33,1,42029208,54.025,54.03,54.015,54.02,22,SILZ5
2025-11-13 09:40:00+00:00,33,1,42029208,54.025,54.025,53.985,54.015,48,SILZ5
2025-11-13 09:41:00+00:00,33,1,42029208,54.025,54.04,54.0,54.01,36,SILZ5
2025-11-13 09:42:00+00:00,33,1,42029208,54.005,54.015,54.0,54.01,19,SILZ5
2025-11-13 09:43:00+00:00,33,1,42029208,54.02,54.04,54.02,54.03,22,SILZ5
2025-11-13 09:44:00+00:00,33,1,42029208,54.03,54.065,54.03,54.045,60,SILZ5
2025-11-13 09:45:00+00:00,33,1,42029208,54.045,54.07,54.045,54.07,20,SILZ5
2025-11-13 09:46:00+00:00,33,1,42029208,54.09,54.105,54.04,54.06,68,SILZ5
2025-11-13 09:47:00+00:00,33,1,42029208,54.065,54.08,54.045,54.05,42,SILZ5
2025-11-13 09:48:00+00:00,33,1,42029208,54.055,54.09,54.045,54.08,28,SILZ5
2025-11-13 09:49:00+00:00,33,1,42029208,54.085,54.095,54.075,54.095,27,SILZ5
2025-11-13 09:50:00+00:00,33,1,42029208,54.09,54.09,54.085,54.085,17,SILZ5
2025-11-13 09:51:00+00:00,33,1,42029208,54.085,54.085,54.06,54.08,32,SILZ5
2025-11-13 09:52:00+00:00,33,1,42029208,54.08,54.09,54.07,54.08,17,SILZ5
2025-11-13 09:53:00+00:00,33,1,42029208,54.075,54.075,54.055,54.06,27,SILZ5
2025-11-13 09:54:00+00:00,33,1,42029208,54.065,54.08,54.065,54.075,19,SILZ5
2025-11-13 09:55:00+00:00,33,1,42029208,54.065,54.065,54.02,54.02,28,SILZ5
2025-11-13 09:56:00+00:00,33,1,42029208,54.04,54.04,54.03,54.03,15,SILZ5
2025-11-13 09:57:00+00:00,33,1,42029208,54.03,54.05,54.025,54.05,33,SILZ5
2025-11-13 09:58:00+00:00,33,1,42029208,54.035,54.04,54.02,54.04,23,SILZ5
2025-11-13 09:59:00+00:00,33,1,42029208,54.04,54.065,54.035,54.05,23,SILZ5
2025-11-13 10:00:00+00:00,33,1,42029208,54.05,54.09,54.045,54.08,33,SILZ5
2025-11-13 10:01:00+00:00,33,1,42029208,54.07,54.1,54.065,54.065,42,SILZ5
2025-11-13 10:02:00+00:00,33,1,42029208,54.07,54.1,54.07,54.085,19,SILZ5
2025-11-13 10:03:00+00:00,33,1,42029208,54.075,54.09,54.075,54.085,12,SILZ5
2025-11-13 10:04:00+00:00,33,1,42029208,54.08,54.125,54.08,54.125,52,SILZ5
2025-11-13 10:05:00+00:00,33,1,42029208,54.125,54.145,54.12,54.14,52,SILZ5
2025-11-13 10:06:00+00:00,33,1,42029208,54.145,54.145,54.115,54.12,37,SILZ5
2025-11-13 10:07:00+00:00,33,1,42029208,54.115,54.125,54.105,54.11,16,SILZ5
2025-11-13 10:08:00+00:00,33,1,42029208,54.105,54.105,54.105,54.105,5,SILZ5
2025-11-13 10:09:00+00:00,33,1,42029208,54.105,54.14,54.1,54.14,36,SILZ5
2025-11-13 10:10:00+00:00,33,1,42029208,54.14,54.15,54.115,54.115,58,SILZ5
2025-11-13 10:11:00+00:00,33,1,42029208,54.1,54.115,54.09,54.09,25,SILZ5
2025-11-13 10:12:00+00:00,33,1,42029208,54.08,54.08,54.045,54.055,35,SILZ5
2025-11-13 10:13:00+00:00,33,1,42029208,54.06,54.07,54.04,54.065,30,SILZ5
2025-11-13 10:14:00+00:00,33,1,42029208,54.07,54.07,54.0,54.0,85,SILZ5
2025-11-13 10:15:00+00:00,33,1,42029208,54.0,54.03,53.985,54.02,36,SILZ5
2025-11-13 10:16:00+00:00,33,1,42029208,54.02,54.045,54.015,54.045,43,SILZ5
2025-11-13 10:17:00+00:00,33,1,42029208,54.055,54.075,54.055,54.075,5,SILZ5
2025-11-13 10:18:00+00:00,33,1,42029208,54.08,54.095,54.055,54.055,24,SILZ5
2025-11-13 10:19:00+00:00,33,1,42029208,54.065,54.07,54.045,54.055,26,SILZ5
2025-11-13 10:20:00+00:00,33,1,42029208,54.06,54.085,54.06,54.085,11,SILZ5
2025-11-13 10:21:00+00:00,33,1,42029208,54.075,54.1,54.075,54.08,34,SILZ5
2025-11-13 10:22:00+00:00,33,1,42029208,54.075,54.075,54.01,54.035,118,SILZ5
2025-11-13 10:23:00+00:00,33,1,42029208,54.05,54.07,54.045,54.07,14,SILZ5
2025-11-13 10:24:00+00:00,33,1,42029208,54.075,54.075,54.05,54.05,4,SILZ5
2025-11-13 10:25:00+00:00,33,1,42029208,54.045,54.055,54.045,54.045,11,SILZ5
2025-11-13 10:26:00+00:00,33,1,42029208,54.04,54.055,54.035,54.05,15,SILZ5
2025-11-13 10:27:00+00:00,33,1,42029208,54.045,54.045,54.03,54.04,15,SILZ5
2025-11-13 10:28:00+00:00,33,1,42029208,54.045,54.05,54.03,54.05,22,SILZ5
2025-11-13 10:29:00+00:00,33,1,42029208,54.045,54.055,53.995,54.0,53,SILZ5
2025-11-13 10:30:00+00:00,33,1,42029208,54.0,54.0,53.915,53.935,145,SILZ5
2025-11-13 10:31:00+00:00,33,1,42029208,53.935,53.965,53.93,53.965,29,SILZ5
2025-11-13 10:32:00+00:00,33,1,42029208,53.965,53.985,53.96,53.98,32,SILZ5
2025-11-13 10:33:00+00:00,33,1,42029208,53.98,54.01,53.98,54.01,22,SILZ5
2025-11-13 10:34:00+00:00,33,1,42029208,54.01,54.01,53.98,53.98,17,SILZ5
2025-11-13 10:35:00+00:00,33,1,42029208,53.965,53.965,53.95,53.965,24,SILZ5
2025-11-13 10:36:00+00:00,33,1,42029208,53.965,54.0,53.965,53.98,18,SILZ5
2025-11-13 10:37:00+00:00,33,1,42029208,53.95,53.965,53.925,53.925,36,SILZ5
2025-11-13 10:38:00+00:00,33,1,42029208,53.925,53.925,53.875,53.895,99,SILZ5
2025-11-13 10:39:00+00:00,33,1,42029208,53.895,53.95,53.885,53.945,40,SILZ5
2025-11-13 10:40:00+00:00,33,1,42029208,53.95,53.97,53.915,53.965,70,SILZ5
2025-11-13 10:41:00+00:00,33,1,42029208,53.965,53.965,53.94,53.945,23,SILZ5
2025-11-13 10:42:00+00:00,33,1,42029208,53.94,53.94,53.915,53.925,16,SILZ5
2025-11-13 10:43:00+00:00,33,1,42029208,53.94,53.985,53.94,53.975,46,SILZ5
2025-11-13 10:44:00+00:00,33,1,42029208,53.98,53.98,53.945,53.97,73,SILZ5
2025-11-13 10:45:00+00:00,33,1,42029208,53.96,53.98,53.96,53.975,22,SILZ5
2025-11-13 10:46:00+00:00,33,1,42029208,53.98,53.98,53.935,53.96,34,SILZ5
2025-11-13 10:47:00+00:00,33,1,42029208,53.96,53.96,53.94,53.94,17,SILZ5
2025-11-13 10:48:00+00:00,33,1,42029208,53.94,53.94,53.91,53.925,26,SILZ5
2025-11-13 10:49:00+00:00,33,1,42029208,53.905,53.94,53.905,53.94,9,SILZ5
2025-11-13 10:50:00+00:00,33,1,42029208,53.94,53.945,53.905,53.915,32,SILZ5
2025-11-13 10:51:00+00:00,33,1,42029208,53.915,53.92,53.865,53.87,58,SILZ5
2025-11-13 10:52:00+00:00,33,1,42029208,53.855,53.88,53.795,53.805,239,SILZ5
2025-11-13 10:53:00+00:00,33,1,42029208,53.805,53.81,53.755,53.805,157,SILZ5
2025-11-13 10:54:00+00:00,33,1,42029208,53.805,53.835,53.8,53.815,94,SILZ5
2025-11-13 10:55:00+00:00,33,1,42029208,53.81,53.81,53.725,53.755,139,SILZ5
2025-11-13 10:56:00+00:00,33,1,42029208,53.755,53.77,53.725,53.735,88,SILZ5
2025-11-13 10:57:00+00:00,33,1,42029208,53.74,53.765,53.555,53.56,596,SILZ5
2025-11-13 10:58:00+00:00,33,1,42029208,53.565,53.58,53.43,53.485,589,SILZ5
2025-11-13 10:59:00+00:00,33,1,42029208,53.475,53.605,53.475,53.59,179,SILZ5
2025-11-13 11:00:00+00:00,33,1,42029208,53.59,53.66,53.47,53.47,255,SILZ5
2025-11-13 11:01:00+00:00,33,1,42029208,53.475,53.57,53.435,53.54,209,SILZ5
2025-11-13 11:02:00+00:00,33,1,42029208,53.53,53.625,53.52,53.62,148,SILZ5
2025-11-13 11:03:00+00:00,33,1,42029208,53.625,53.65,53.575,53.575,152,SILZ5
2025-11-13 11:04:00+00:00,33,1,42029208,53.59,53.62,53.59,53.6,88,SILZ5
2025-11-13 11:05:00+00:00,33,1,42029208,53.605,53.715,53.605,53.7,136,SILZ5
2025-11-13 11:06:00+00:00,33,1,42029208,53.695,53.715,53.68,53.71,92,SILZ5
2025-11-13 11:07:00+00:00,33,1,42029208,53.705,53.81,53.685,53.77,160,SILZ5
2025-11-13 11:08:00+00:00,33,1,42029208,53.77,53.775,53.7,53.73,87,SILZ5
2025-11-13 11:09:00+00:00,33,1,42029208,53.735,53.815,53.715,53.81,76,SILZ5
2025-11-13 11:10:00+00:00,33,1,42029208,53.81,53.815,53.78,53.8,90,SILZ5
2025-11-13 11:11:00+00:00,33,1,42029208,53.785,53.795,53.71,53.715,52,SILZ5
2025-11-13 11:12:00+00:00,33,1,42029208,53.715,53.77,53.71,53.74,132,SILZ5
2025-11-13 11:13:00+00:00,33,1,42029208,53.74,53.74,53.695,53.705,64,SILZ5
2025-11-13 11:14:00+00:00,33,1,42029208,53.71,53.72,53.645,53.65,117,SILZ5
2025-11-13 11:15:00+00:00,33,1,42029208,53.65,53.665,53.63,53.645,90,SILZ5
2025-11-13 11:16:00+00:00,33,1,42029208,53.64,53.64,53.595,53.635,66,SILZ5
2025-11-13 11:17:00+00:00,33,1,42029208,53.635,53.64,53.555,53.57,119,SILZ5
2025-11-13 11:18:00+00:00,33,1,42029208,53.58,53.585,53.53,53.535,77,SILZ5
2025-11-13 11:19:00+00:00,33,1,42029208,53.535,53.595,53.515,53.595,84,SILZ5
2025-11-13 11:20:00+00:00,33,1,42029208,53.575,53.58,53.475,53.54,137,SILZ5
2025-11-13 11:21:00+00:00,33,1,42029208,53.54,53.575,53.53,53.555,40,SILZ5
2025-11-13 11:22:00+00:00,33,1,42029208,53.56,53.56,53.49,53.525,97,SILZ5
2025-11-13 11:23:00+00:00,33,1,42029208,53.52,53.555,53.51,53.555,88,SILZ5
2025-11-13 11:24:00+00:00,33,1,42029208,53.56,53.65,53.54,53.65,110,SILZ5
2025-11-13 11:25:00+00:00,33,1,42029208,53.65,53.665,53.575,53.595,154,SILZ5
2025-11-13 11:26:00+00:00,33,1,42029208,53.6,53.6,53.565,53.565,38,SILZ5
2025-11-13 11:27:00+00:00,33,1,42029208,53.58,53.59,53.55,53.56,32,SILZ5
2025-11-13 11:28:00+00:00,33,1,42029208,53.565,53.57,53.54,53.55,34,SILZ5
2025-11-13 11:29:00+00:00,33,1,42029208,53.555,53.565,53.52,53.56,35,SILZ5
2025-11-13 11:30:00+00:00,33,1,42029208,53.58,53.595,53.525,53.535,65,SILZ5
2025-11-13 11:31:00+00:00,33,1,42029208,53.535,53.555,53.505,53.535,115,SILZ5
2025-11-13 11:32:00+00:00,33,1,42029208,53.53,53.56,53.495,53.5,98,SILZ5
2025-11-13 11:33:00+00:00,33,1,42029208,53.495,53.55,53.48,53.495,124,SILZ5
2025-11-13 11:34:00+00:00,33,1,42029208,53.505,53.58,53.505,53.575,38,SILZ5
2025-11-13 11:35:00+00:00,33,1,42029208,53.585,53.6,53.575,53.595,76,SILZ5
2025-11-13 11:36:00+00:00,33,1,42029208,53.6,53.615,53.6,53.605,45,SILZ5
2025-11-13 11:37:00+00:00,33,1,42029208,53.6,53.6,53.55,53.55,66,SILZ5
2025-11-13 11:38:00+00:00,33,1,42029208,53.55,53.625,53.55,53.62,42,SILZ5
2025-11-13 11:39:00+00:00,33,1,42029208,53.615,53.66,53.605,53.65,84,SILZ5
2025-11-13 11:40:00+00:00,33,1,42029208,53.65,53.65,53.61,53.625,84,SILZ5
2025-11-13 11:41:00+00:00,33,1,42029208,53.63,53.665,53.63,53.665,54,SILZ5
2025-11-13 11:42:00+00:00,33,1,42029208,53.665,53.745,53.665,53.73,114,SILZ5
2025-11-13 11:43:00+00:00,33,1,42029208,53.72,53.755,53.72,53.735,60,SILZ5
2025-11-13 11:44:00+00:00,33,1,42029208,53.735,53.755,53.72,53.735,54,SILZ5
2025-11-13 11:45:00+00:00,33,1,42029208,53.74,53.745,53.685,53.695,53,SILZ5
2025-11-13 11:46:00+00:00,33,1,42029208,53.69,53.7,53.67,53.7,28,SILZ5
2025-11-13 11:47:00+00:00,33,1,42029208,53.685,53.7,53.675,53.695,29,SILZ5
2025-11-13 11:48:00+00:00,33,1,42029208,53.69,53.695,53.65,53.69,69,SILZ5
2025-11-13 11:49:00+00:00,33,1,42029208,53.69,53.69,53.6,53.62,110,SILZ5
2025-11-13 11:50:00+00:00,33,1,42029208,53.62,53.66,53.605,53.66,58,SILZ5
2025-11-13 11:51:00+00:00,33,1,42029208,53.665,53.71,53.66,53.7,93,SILZ5
2025-11-13 11:52:00+00:00,33,1,42029208,53.685,53.7,53.68,53.685,51,SILZ5
2025-11-13 11:53:00+00:00,33,1,42029208,53.685,53.705,53.675,53.68,25,SILZ5
2025-11-13 11:54:00+00:00,33,1,42029208,53.69,53.71,53.69,53.705,15,SILZ5
2025-11-13 11:55:00+00:00,33,1,42029208,53.71,53.74,53.705,53.705,43,SILZ5
2025-11-13 11:56:00+00:00,33,1,42029208,53.7,53.725,53.7,53.71,39,SILZ5
2025-11-13 11:57:00+00:00,33,1,42029208,53.715,53.72,53.695,53.71,55,SILZ5
2025-11-13 11:58:00+00:00,33,1,42029208,53.72,53.74,53.69,53.73,33,SILZ5
2025-11-13 11:59:00+00:00,33,1,42029208,53.725,53.745,53.725,53.74,34,SILZ5
2025-11-13 12:00:00+00:00,33,1,42029208,53.73,53.805,53.72,53.805,116,SILZ5
2025-11-13 12:01:00+00:00,33,1,42029208,53.79,53.825,53.775,53.82,119,SILZ5
2025-11-13 12:02:00+00:00,33,1,42029208,53.82,53.82,53.765,53.775,80,SILZ5
2025-11-13 12:03:00+00:00,33,1,42029208,53.76,53.805,53.76,53.795,51,SILZ5
2025-11-13 12:04:00+00:00,33,1,42029208,53.795,53.795,53.78,53.78,26,SILZ5
2025-11-13 12:05:00+00:00,33,1,42029208,53.785,53.785,53.75,53.785,65,SILZ5
2025-11-13 12:06:00+00:00,33,1,42029208,53.785,53.8,53.77,53.8,29,SILZ5
2025-11-13 12:07:00+00:00,33,1,42029208,53.8,53.805,53.78,53.795,58,SILZ5
2025-11-13 12:08:00+00:00,33,1,42029208,53.795,53.87,53.795,53.845,85,SILZ5
2025-11-13 12:09:00+00:00,33,1,42029208,53.845,53.885,53.82,53.82,97,SILZ5
2025-11-13 12:10:00+00:00,33,1,42029208,53.835,53.86,53.825,53.845,67,SILZ5
2025-11-13 12:11:00+00:00,33,1,42029208,53.85,53.855,53.815,53.815,69,SILZ5
2025-11-13 12:12:00+00:00,33,1,42029208,53.82,53.83,53.79,53.83,40,SILZ5
2025-11-13 12:13:00+00:00,33,1,42029208,53.825,53.835,53.805,53.81,51,SILZ5
2025-11-13 12:14:00+00:00,33,1,42029208,53.81,53.83,53.79,53.83,43,SILZ5
2025-11-13 12:15:00+00:00,33,1,42029208,53.825,53.855,53.82,53.85,34,SILZ5
2025-11-13 12:16:00+00:00,33,1,42029208,53.85,53.87,53.85,53.87,44,SILZ5
2025-11-13 12:17:00+00:00,33,1,42029208,53.865,53.87,53.84,53.85,12,SILZ5
2025-11-13 12:18:00+00:00,33,1,42029208,53.84,53.84,53.82,53.825,44,SILZ5
2025-11-13 12:19:00+00:00,33,1,42029208,53.82,53.86,53.81,53.86,52,SILZ5
2025-11-13 12:20:00+00:00,33,1,42029208,53.855,53.885,53.855,53.875,40,SILZ5
2025-11-13 12:21:00+00:00,33,1,42029208,53.87,53.9,53.87,53.885,52,SILZ5
2025-11-13 12:22:00+00:00,33,1,42029208,53.885,53.915,53.885,53.895,71,SILZ5
2025-11-13 12:23:00+00:00,33,1,42029208,53.895,53.91,53.885,53.91,47,SILZ5
2025-11-13 12:24:00+00:00,33,1,42029208,53.905,53.915,53.89,53.895,40,SILZ5
2025-11-13 12:25:00+00:00,33,1,42029208,53.885,53.89,53.85,53.86,48,SILZ5
2025-11-13 12:26:00+00:00,33,1,42029208,53.86,53.87,53.825,53.83,76,SILZ5
2025-11-13 12:27:00+00:00,33,1,42029208,53.82,53.845,53.795,53.835,109,SILZ5
2025-11-13 12:28:00+00:00,33,1,42029208,53.845,53.855,53.825,53.855,47,SILZ5
2025-11-13 12:29:00+00:00,33,1,42029208,53.86,53.865,53.85,53.865,28,SILZ5
2025-11-13 12:30:00+00:00,33,1,42029208,53.865,53.885,53.865,53.885,32,SILZ5
2025-11-13 12:31:00+00:00,33,1,42029208,53.88,53.88,53.855,53.86,27,SILZ5
2025-11-13 12:32:00+00:00,33,1,42029208,53.845,53.875,53.845,53.875,41,SILZ5
2025-11-13 12:33:00+00:00,33,1,42029208,53.87,53.885,53.865,53.88,20,SILZ5
2025-11-13 12:34:00+00:00,33,1,42029208,53.88,53.89,53.88,53.89,8,SILZ5
2025-11-13 12:35:00+00:00,33,1,42029208,53.89,53.895,53.885,53.89,10,SILZ5
2025-11-13 12:36:00+00:00,33,1,42029208,53.9,53.92,53.89,53.915,49,SILZ5
2025-11-13 12:37:00+00:00,33,1,42029208,53.91,53.935,53.91,53.925,48,SILZ5
2025-11-13 12:38:00+00:00,33,1,42029208,53.93,53.94,53.93,53.93,29,SILZ5
2025-11-13 12:39:00+00:00,33,1,42029208,53.925,53.93,53.92,53.93,30,SILZ5
2025-11-13 12:40:00+00:00,33,1,42029208,53.925,53.925,53.895,53.91,41,SILZ5
2025-11-13 12:41:00+00:00,33,1,42029208,53.905,53.92,53.885,53.9,43,SILZ5
2025-11-13 12:42:00+00:00,33,1,42029208,53.905,53.905,53.855,53.87,54,SILZ5
2025-11-13 12:43:00+00:00,33,1,42029208,53.87,53.89,53.86,53.89,20,SILZ5
2025-11-13 12:44:00+00:00,33,1,42029208,53.89,53.9,53.88,53.9,11,SILZ5
2025-11-13 12:45:00+00:00,33,1,42029208,53.905,53.92,53.9,53.905,34,SILZ5
2025-11-13 12:46:00+00:00,33,1,42029208,53.915,53.935,53.915,53.935,25,SILZ5
2025-11-13 12:47:00+00:00,33,1,42029208,53.945,54.0,53.94,53.995,119,SILZ5
2025-11-13 12:48:00+00:00,33,1,42029208,53.995,54.02,53.98,53.99,112,SILZ5
2025-11-13 12:49:00+00:00,33,1,42029208,53.985,53.995,53.955,53.975,83,SILZ5
2025-11-13 12:50:00+00:00,33,1,42029208,53.97,53.975,53.925,53.975,72,SILZ5
2025-11-13 12:51:00+00:00,33,1,42029208,53.97,53.97,53.955,53.965,33,SILZ5
2025-11-13 12:52:00+00:00,33,1,42029208,53.97,53.985,53.97,53.98,34,SILZ5
2025-11-13 12:53:00+00:00,33,1,42029208,53.98,53.995,53.97,53.99,33,SILZ5
2025-11-13 12:54:00+00:00,33,1,42029208,53.99,54.01,53.99,54.01,39,SILZ5
2025-11-13 12:55:00+00:00,33,1,42029208,54.005,54.01,53.99,54.005,66,SILZ5
2025-11-13 12:56:00+00:00,33,1,42029208,54.0,54.035,53.995,54.03,60,SILZ5
2025-11-13 12:57:00+00:00,33,1,42029208,54.025,54.035,54.015,54.02,50,SILZ5
2025-11-13 12:58:00+00:00,33,1,42029208,54.02,54.035,54.015,54.025,33,SILZ5
2025-11-13 12:59:00+00:00,33,1,42029208,54.03,54.045,53.975,53.985,176,SILZ5
2025-11-13 13:00:00+00:00,33,1,42029208,53.98,54.035,53.91,53.94,286,SILZ5
2025-11-13 13:01:00+00:00,33,1,42029208,53.94,53.95,53.875,53.885,153,SILZ5
2025-11-13 13:02:00+00:00,33,1,42029208,53.885,53.895,53.835,53.855,136,SILZ5
2025-11-13 13:03:00+00:00,33,1,42029208,53.85,53.85,53.72,53.735,241,SILZ5
2025-11-13 13:04:00+00:00,33,1,42029208,53.735,53.76,53.66,53.74,254,SILZ5
2025-11-13 13:05:00+00:00,33,1,42029208,53.74,53.75,53.695,53.74,115,SILZ5
2025-11-13 13:06:00+00:00,33,1,42029208,53.735,53.77,53.7,53.715,129,SILZ5
2025-11-13 13:07:00+00:00,33,1,42029208,53.72,53.745,53.665,53.71,148,SILZ5
2025-11-13 13:08:00+00:00,33,1,42029208,53.69,53.73,53.67,53.72,97,SILZ5
2025-11-13 13:09:00+00:00,33,1,42029208,53.715,53.74,53.605,53.64,167,SILZ5
2025-11-13 13:10:00+00:00,33,1,42029208,53.64,53.645,53.52,53.56,285,SILZ5
2025-11-13 13:11:00+00:00,33,1,42029208,53.56,53.6,53.535,53.6,184,SILZ5
2025-11-13 13:12:00+00:00,33,1,42029208,53.615,53.625,53.54,53.58,184,SILZ5
2025-11-13 13:13:00+00:00,33,1,42029208,53.575,53.585,53.51,53.545,124,SILZ5
2025-11-13 13:14:00+00:00,33,1,42029208,53.55,53.61,53.525,53.61,79,SILZ5
2025-11-13 13:15:00+00:00,33,1,42029208,53.615,53.665,53.59,53.66,147,SILZ5
2025-11-13 13:16:00+00:00,33,1,42029208,53.665,53.675,53.62,53.665,112,SILZ5
2025-11-13 13:17:00+00:00,33,1,42029208,53.675,53.725,53.67,53.705,153,SILZ5
2025-11-13 13:18:00+00:00,33,1,42029208,53.7,53.715,53.635,53.64,85,SILZ5
2025-11-13 13:19:00+00:00,33,1,42029208,53.635,53.65,53.59,53.605,131,SILZ5
2025-11-13 13:20:00+00:00,33,1,42029208,53.6,53.665,53.595,53.63,83,SILZ5
2025-11-13 13:21:00+00:00,33,1,42029208,53.635,53.675,53.615,53.615,50,SILZ5
2025-11-13 13:22:00+00:00,33,1,42029208,53.615,53.675,53.615,53.66,34,SILZ5
2025-11-13 13:23:00+00:00,33,1,42029208,53.665,53.665,53.63,53.645,67,SILZ5
2025-11-13 13:24:00+00:00,33,1,42029208,53.655,53.695,53.655,53.695,64,SILZ5
2025-11-13 13:25:00+00:00,33,1,42029208,53.695,53.705,53.655,53.655,74,SILZ5
2025-11-13 13:26:00+00:00,33,1,42029208,53.65,53.65,53.55,53.6,105,SILZ5
2025-11-13 13:27:00+00:00,33,1,42029208,53.61,53.62,53.595,53.595,41,SILZ5
2025-11-13 13:28:00+00:00,33,1,42029208,53.595,53.605,53.575,53.575,35,SILZ5
2025-11-13 13:29:00+00:00,33,1,42029208,53.58,53.605,53.56,53.56,40,SILZ5
2025-11-13 13:30:00+00:00,33,1,42029208,53.56,53.58,53.445,53.465,158,SILZ5
2025-11-13 13:31:00+00:00,33,1,42029208,53.455,53.465,53.25,53.285,517,SILZ5
2025-11-13 13:32:00+00:00,33,1,42029208,53.29,53.34,53.265,53.29,147,SILZ5
2025-11-13 13:33:00+00:00,33,1,42029208,53.295,53.35,53.1,53.135,384,SILZ5
2025-11-13 13:34:00+00:00,33,1,42029208,53.135,53.18,53.075,53.11,353,SILZ5
2025-11-13 13:35:00+00:00,33,1,42029208,53.12,53.145,53.04,53.125,308,SILZ5
2025-11-13 13:36:00+00:00,33,1,42029208,53.13,53.2,53.12,53.195,238,SILZ5
2025-11-13 13:37:00+00:00,33,1,42029208,53.19,53.295,53.17,53.29,235,SILZ5
2025-11-13 13:38:00+00:00,33,1,42029208,53.29,53.295,53.19,53.2,208,SILZ5
2025-11-13 13:39:00+00:00,33,1,42029208,53.205,53.23,53.175,53.21,154,SILZ5
2025-11-13 13:40:00+00:00,33,1,42029208,53.215,53.24,53.17,53.225,170,SILZ5
2025-11-13 13:41:00+00:00,33,1,42029208,53.23,53.245,53.145,53.195,140,SILZ5
2025-11-13 13:42:00+00:00,33,1,42029208,53.18,53.27,53.16,53.27,113,SILZ5
2025-11-13 13:43:00+00:00,33,1,42029208,53.275,53.35,53.265,53.325,236,SILZ5
2025-11-13 13:44:00+00:00,33,1,42029208,53.33,53.365,53.305,53.345,92,SILZ5
2025-11-13 13:45:00+00:00,33,1,42029208,53.35,53.42,53.35,53.395,200,SILZ5
2025-11-13 13:46:00+00:00,33,1,42029208,53.385,53.39,53.335,53.39,78,SILZ5
2025-11-13 13:47:00+00:00,33,1,42029208,53.39,53.42,53.375,53.38,82,SILZ5
2025-11-13 13:48:00+00:00,33,1,42029208,53.39,53.41,53.35,53.405,96,SILZ5
2025-11-13 13:49:00+00:00,33,1,42029208,53.41,53.425,53.345,53.385,93,SILZ5
2025-11-13 13:50:00+00:00,33,1,42029208,53.375,53.43,53.365,53.415,79,SILZ5
2025-11-13 13:51:00+00:00,33,1,42029208,53.42,53.47,53.4,53.4,112,SILZ5
2025-11-13 13:52:00+00:00,33,1,42029208,53.405,53.505,53.405,53.495,66,SILZ5
2025-11-13 13:53:00+00:00,33,1,42029208,53.495,53.545,53.49,53.5,181,SILZ5
2025-11-13 13:54:00+00:00,33,1,42029208,53.505,53.545,53.5,53.545,107,SILZ5
2025-11-13 13:55:00+00:00,33,1,42029208,53.55,53.555,53.495,53.555,102,SILZ5
2025-11-13 13:56:00+00:00,33,1,42029208,53.555,53.56,53.5,53.5,84,SILZ5
2025-11-13 13:57:00+00:00,33,1,42029208,53.505,53.525,53.46,53.475,114,SILZ5
2025-11-13 13:58:00+00:00,33,1,42029208,53.49,53.505,53.455,53.485,80,SILZ5
2025-11-13 13:59:00+00:00,33,1,42029208,53.485,53.505,53.465,53.49,58,SILZ5
2025-11-13 14:00:00+00:00,33,1,42029208,53.495,53.5,53.44,53.46,142,SILZ5
2025-11-13 14:01:00+00:00,33,1,42029208,53.45,53.465,53.38,53.39,141,SILZ5
2025-11-13 14:02:00+00:00,33,1,42029208,53.39,53.395,53.345,53.37,129,SILZ5
2025-11-13 14:03:00+00:00,33,1,42029208,53.38,53.38,53.305,53.305,163,SILZ5
2025-11-13 14:04:00+00:00,33,1,42029208,53.3,53.31,53.22,53.31,180,SILZ5
2025-11-13 14:05:00+00:00,33,1,42029208,53.31,53.34,53.275,53.285,101,SILZ5
2025-11-13 14:06:00+00:00,33,1,42029208,53.275,53.3,53.25,53.26,84,SILZ5
2025-11-13 14:07:00+00:00,33,1,42029208,53.255,53.3,53.2,53.225,110,SILZ5
2025-11-13 14:08:00+00:00,33,1,42029208,53.23,53.235,53.09,53.09,283,SILZ5
2025-11-13 14:09:00+00:00,33,1,42029208,53.095,53.165,53.085,53.14,211,SILZ5
2025-11-13 14:10:00+00:00,33,1,42029208,53.145,53.2,53.105,53.18,189,SILZ5
2025-11-13 14:11:00+00:00,33,1,42029208,53.18,53.26,53.175,53.25,159,SILZ5
2025-11-13 14:12:00+00:00,33,1,42029208,53.25,53.3,53.23,53.295,124,SILZ5
2025-11-13 14:13:00+00:00,33,1,42029208,53.3,53.3,53.195,53.22,154,SILZ5
2025-11-13 14:14:00+00:00,33,1,42029208,53.215,53.255,53.175,53.25,97,SILZ5
2025-11-13 14:15:00+00:00,33,1,42029208,53.235,53.26,53.23,53.26,134,SILZ5
2025-11-13 14:16:00+00:00,33,1,42029208,53.26,53.26,53.225,53.235,49,SILZ5
2025-11-13 14:17:00+00:00,33,1,42029208,53.23,53.3,53.23,53.3,75,SILZ5
2025-11-13 14:18:00+00:00,33,1,42029208,53.295,53.305,53.26,53.285,76,SILZ5
2025-11-13 14:19:00+00:00,33,1,42029208,53.28,53.315,53.235,53.25,84,SILZ5
2025-11-13 14:20:00+00:00,33,1,42029208,53.225,53.23,53.19,53.225,152,SILZ5
2025-11-13 14:21:00+00:00,33,1,42029208,53.23,53.24,53.155,53.16,142,SILZ5
2025-11-13 14:22:00+00:00,33,1,42029208,53.16,53.22,53.13,53.21,153,SILZ5
2025-11-13 14:23:00+00:00,33,1,42029208,53.2,53.255,53.185,53.225,95,SILZ5
2025-11-13 14:24:00+00:00,33,1,42029208,53.235,53.245,53.195,53.21,58,SILZ5
2025-11-13 14:25:00+00:00,33,1,42029208,53.2,53.21,53.14,53.15,96,SILZ5
2025-11-13 14:26:00+00:00,33,1,42029208,53.155,53.185,53.09,53.13,234,SILZ5
2025-11-13 14:27:00+00:00,33,1,42029208,53.15,53.18,53.07,53.1,153,SILZ5
2025-11-13 14:28:00+00:00,33,1,42029208,53.105,53.115,53.065,53.07,182,SILZ5
2025-11-13 14:29:00+00:00,33,1,42029208,53.075,53.18,53.065,53.18,109,SILZ5
2025-11-13 14:30:00+00:00,33,1,42029208,53.18,53.18,53.07,53.115,207,SILZ5
2025-11-13 14:31:00+00:00,33,1,42029208,53.115,53.21,53.05,53.2,292,SILZ5
2025-11-13 14:32:00+00:00,33,1,42029208,53.195,53.265,53.16,53.245,252,SILZ5
2025-11-13 14:33:00+00:00,33,1,42029208,53.22,53.3,53.21,53.29,193,SILZ5
2025-11-13 14:34:00+00:00,33,1,42029208,53.295,53.335,53.275,53.32,221,SILZ5
2025-11-13 14:35:00+00:00,33,1,42029208,53.32,53.34,53.285,53.295,170,SILZ5
2025-11-13 14:36:00+00:00,33,1,42029208,53.295,53.33,53.255,53.295,253,SILZ5
2025-11-13 14:37:00+00:00,33,1,42029208,53.315,53.315,53.235,53.305,185,SILZ5
2025-11-13 14:38:00+00:00,33,1,42029208,53.31,53.31,53.245,53.25,117,SILZ5
2025-11-13 14:39:00+00:00,33,1,42029208,53.25,53.285,53.17,53.185,176,SILZ5
2025-11-13 14:40:00+00:00,33,1,42029208,53.175,53.175,53.095,53.105,254,SILZ5
2025-11-13 14:41:00+00:00,33,1,42029208,53.1,53.18,53.05,53.05,215,SILZ5
2025-11-13 14:42:00+00:00,33,1,42029208,53.05,53.055,52.815,52.82,926,SILZ5
2025-11-13 14:43:00+00:00,33,1,42029208,52.825,52.875,52.735,52.755,471,SILZ5
2025-11-13 14:44:00+00:00,33,1,42029208,52.76,52.76,52.64,52.74,550,SILZ5
2025-11-13 14:45:00+00:00,33,1,42029208,52.735,52.895,52.685,52.88,482,SILZ5
2025-11-13 14:46:00+00:00,33,1,42029208,52.855,52.915,52.84,52.85,236,SILZ5
2025-11-13 14:47:00+00:00,33,1,42029208,52.86,52.975,52.84,52.945,234,SILZ5
2025-11-13 14:48:00+00:00,33,1,42029208,52.93,52.97,52.87,52.885,166,SILZ5
2025-11-13 14:49:00+00:00,33,1,42029208,52.88,52.885,52.76,52.82,183,SILZ5
2025-11-13 14:50:00+00:00,33,1,42029208,52.825,52.89,52.785,52.87,212,SILZ5
2025-11-13 14:51:00+00:00,33,1,42029208,52.87,52.925,52.855,52.87,213,SILZ5
2025-11-13 14:52:00+00:00,33,1,42029208,52.895,52.905,52.81,52.88,178,SILZ5
2025-11-13 14:53:00+00:00,33,1,42029208,52.875,52.945,52.795,52.805,183,SILZ5
2025-11-13 14:54:00+00:00,33,1,42029208,52.82,52.875,52.8,52.865,128,SILZ5
2025-11-13 14:55:00+00:00,33,1,42029208,52.86,52.955,52.805,52.95,177,SILZ5
2025-11-13 14:56:00+00:00,33,1,42029208,52.945,53.01,52.94,52.995,299,SILZ5
2025-11-13 14:57:00+00:00,33,1,42029208,52.99,52.995,52.875,52.925,142,SILZ5
2025-11-13 14:58:00+00:00,33,1,42029208,52.93,52.99,52.925,52.99,124,SILZ5
2025-11-13 14:59:00+00:00,33,1,42029208,52.98,53.005,52.945,52.955,122,SILZ5
2025-11-13 15:00:00+00:00,33,1,42029208,52.935,53.0,52.925,52.985,203,SILZ5
2025-11-13 15:01:00+00:00,33,1,42029208,52.99,53.005,52.89,52.98,226,SILZ5
2025-11-13 15:02:00+00:00,33,1,42029208,52.98,53.02,52.94,52.985,114,SILZ5
2025-11-13 15:03:00+00:00,33,1,42029208,52.99,53.035,52.96,53.025,162,SILZ5
2025-11-13 15:04:00+00:00,33,1,42029208,53.02,53.055,53.01,53.055,157,SILZ5
2025-11-13 15:05:00+00:00,33,1,42029208,53.06,53.09,53.015,53.065,158,SILZ5
2025-11-13 15:06:00+00:00,33,1,42029208,53.07,53.125,53.055,53.125,171,SILZ5
2025-11-13 15:07:00+00:00,33,1,42029208,53.12,53.15,53.095,53.145,191,SILZ5
2025-11-13 15:08:00+00:00,33,1,42029208,53.14,53.165,53.125,53.135,115,SILZ5
2025-11-13 15:09:00+00:00,33,1,42029208,53.135,53.155,53.1,53.1,96,SILZ5
2025-11-13 15:10:00+00:00,33,1,42029208,53.095,53.1,53.005,53.03,188,SILZ5
2025-11-13 15:11:00+00:00,33,1,42029208,53.035,53.05,52.95,52.97,175,SILZ5
2025-11-13 15:12:00+00:00,33,1,42029208,52.97,53.055,52.955,53.03,182,SILZ5
2025-11-13 15:13:00+00:00,33,1,42029208,53.015,53.035,52.99,53.025,104,SILZ5
2025-11-13 15:14:00+00:00,33,1,42029208,53.04,53.075,53.035,53.065,80,SILZ5
2025-11-13 15:15:00+00:00,33,1,42029208,53.06,53.115,53.055,53.105,107,SILZ5
2025-11-13 15:16:00+00:00,33,1,42029208,53.095,53.105,53.03,53.05,99,SILZ5
2025-11-13 15:17:00+00:00,33,1,42029208,53.055,53.07,53.02,53.025,63,SILZ5
2025-11-13 15:18:00+00:00,33,1,42029208,53.025,53.055,53.01,53.01,56,SILZ5
2025-11-13 15:19:00+00:00,33,1,42029208,53.01,53.04,53.0,53.005,74,SILZ5
2025-11-13 15:20:00+00:00,33,1,42029208,53.015,53.085,53.015,53.085,82,SILZ5
2025-11-13 15:21:00+00:00,33,1,42029208,53.085,53.115,53.01,53.025,122,SILZ5
2025-11-13 15:22:00+00:00,33,1,42029208,53.03,53.045,52.96,52.965,110,SILZ5
2025-11-13 15:23:00+00:00,33,1,42029208,52.96,52.965,52.915,52.94,166,SILZ5
2025-11-13 15:24:00+00:00,33,1,42029208,52.94,53.065,52.935,53.06,137,SILZ5
2025-11-13 15:25:00+00:00,33,1,42029208,53.06,53.06,52.98,52.985,90,SILZ5
2025-11-13 15:26:00+00:00,33,1,42029208,52.98,52.99,52.885,52.905,163,SILZ5
2025-11-13 15:27:00+00:00,33,1,42029208,52.895,52.9,52.83,52.855,215,SILZ5
2025-11-13 15:28:00+00:00,33,1,42029208,52.85,52.87,52.805,52.845,183,SILZ5
2025-11-13 15:29:00+00:00,33,1,42029208,52.845,52.895,52.835,52.86,127,SILZ5
2025-11-13 15:30:00+00:00,33,1,42029208,52.855,52.865,52.79,52.855,282,SILZ5
2025-11-13 15:31:00+00:00,33,1,42029208,52.855,52.875,52.805,52.84,120,SILZ5
2025-11-13 15:32:00+00:00,33,1,42029208,52.835,52.845,52.715,52.715,262,SILZ5
2025-11-13 15:33:00+00:00,33,1,42029208,52.71,52.72,52.605,52.66,359,SILZ5
2025-11-13 15:34:00+00:00,33,1,42029208,52.665,52.705,52.63,52.685,205,SILZ5
2025-11-13 15:35:00+00:00,33,1,42029208,52.68,52.755,52.68,52.73,188,SILZ5
2025-11-13 15:36:00+00:00,33,1,42029208,52.74,52.785,52.73,52.78,130,SILZ5
2025-11-13 15:37:00+00:00,33,1,42029208,52.78,52.78,52.71,52.72,111,SILZ5
2025-11-13 15:38:00+00:00,33,1,42029208,52.73,52.81,52.715,52.78,142,SILZ5
2025-11-13 15:39:00+00:00,33,1,42029208,52.79,52.865,52.78,52.83,143,SILZ5
2025-11-13 15:40:00+00:00,33,1,42029208,52.83,52.875,52.82,52.87,110,SILZ5
2025-11-13 15:41:00+00:00,33,1,42029208,52.875,52.885,52.835,52.86,133,SILZ5
2025-11-13 15:42:00+00:00,33,1,42029208,52.875,52.88,52.8,52.845,93,SILZ5
2025-11-13 15:43:00+00:00,33,1,42029208,52.86,52.86,52.815,52.815,73,SILZ5
2025-11-13 15:44:00+00:00,33,1,42029208,52.81,52.815,52.775,52.79,73,SILZ5
2025-11-13 15:45:00+00:00,33,1,42029208,52.795,52.815,52.705,52.705,111,SILZ5
2025-11-13 15:46:00+00:00,33,1,42029208,52.705,52.705,52.58,52.65,313,SILZ5
2025-11-13 15:47:00+00:00,33,1,42029208,52.655,52.71,52.605,52.69,166,SILZ5
2025-11-13 15:48:00+00:00,33,1,42029208,52.685,52.725,52.68,52.71,81,SILZ5
2025-11-13 15:49:00+00:00,33,1,42029208,52.725,52.76,52.72,52.725,134,SILZ5
2025-11-13 15:50:00+00:00,33,1,42029208,52.725,52.76,52.67,52.755,121,SILZ5
2025-11-13 15:51:00+00:00,33,1,42029208,52.755,52.76,52.685,52.72,105,SILZ5
2025-11-13 15:52:00+00:00,33,1,42029208,52.715,52.715,52.67,52.695,71,SILZ5
2025-11-13 15:53:00+00:00,33,1,42029208,52.695,52.7,52.63,52.655,120,SILZ5
2025-11-13 15:54:00+00:00,33,1,42029208,52.645,52.645,52.555,52.585,185,SILZ5
2025-11-13 15:55:00+00:00,33,1,42029208,52.58,52.645,52.575,52.64,154,SILZ5
2025-11-13 15:56:00+00:00,33,1,42029208,52.635,52.68,52.62,52.63,136,SILZ5
2025-11-13 15:57:00+00:00,33,1,42029208,52.635,52.715,52.635,52.685,109,SILZ5
2025-11-13 15:58:00+00:00,33,1,42029208,52.68,52.73,52.665,52.72,108,SILZ5
2025-11-13 15:59:00+00:00,33,1,42029208,52.725,52.75,52.72,52.73,113,SILZ5
2025-11-13 16:00:00+00:00,33,1,42029208,52.73,52.83,52.725,52.82,230,SILZ5
2025-11-13 16:01:00+00:00,33,1,42029208,52.83,52.885,52.815,52.87,346,SILZ5
2025-11-13 16:02:00+00:00,33,1,42029208,52.875,52.92,52.87,52.89,187,SILZ5
2025-11-13 16:03:00+00:00,33,1,42029208,52.895,52.895,52.85,52.86,131,SILZ5
2025-11-13 16:04:00+00:00,33,1,42029208,52.85,52.855,52.79,52.795,126,SILZ5
2025-11-13 16:05:00+00:00,33,1,42029208,52.8,52.885,52.795,52.88,86,SILZ5
2025-11-13 16:06:00+00:00,33,1,42029208,52.87,52.875,52.805,52.82,115,SILZ5
2025-11-13 16:07:00+00:00,33,1,42029208,52.825,52.845,52.815,52.835,46,SILZ5
2025-11-13 16:08:00+00:00,33,1,42029208,52.84,52.875,52.84,52.865,99,SILZ5
2025-11-13 16:09:00+00:00,33,1,42029208,52.87,52.95,52.87,52.95,157,SILZ5
2025-11-13 16:10:00+00:00,33,1,42029208,52.955,52.97,52.895,52.915,120,SILZ5
2025-11-13 16:11:00+00:00,33,1,42029208,52.92,52.96,52.9,52.95,144,SILZ5
2025-11-13 16:12:00+00:00,33,1,42029208,52.945,52.945,52.915,52.93,79,SILZ5
2025-11-13 16:13:00+00:00,33,1,42029208,52.93,52.96,52.92,52.93,80,SILZ5
2025-11-13 16:14:00+00:00,33,1,42029208,52.925,52.98,52.92,52.975,84,SILZ5
2025-11-13 16:15:00+00:00,33,1,42029208,52.985,53.05,52.98,53.03,219,SILZ5
2025-11-13 16:16:00+00:00,33,1,42029208,53.025,53.03,52.98,53.005,164,SILZ5
2025-11-13 16:17:00+00:00,33,1,42029208,52.99,52.995,52.96,52.97,91,SILZ5
2025-11-13 16:18:00+00:00,33,1,42029208,52.975,52.995,52.955,52.995,63,SILZ5
2025-11-13 16:19:00+00:00,33,1,42029208,52.995,53.0,52.92,52.96,116,SILZ5
2025-11-13 16:20:00+00:00,33,1,42029208,52.975,52.98,52.925,52.965,72,SILZ5
2025-11-13 16:21:00+00:00,33,1,42029208,52.965,52.985,52.925,52.925,97,SILZ5
2025-11-13 16:22:00+00:00,33,1,42029208,52.925,52.945,52.92,52.945,78,SILZ5
2025-11-13 16:23:00+00:00,33,1,42029208,52.945,52.95,52.925,52.93,41,SILZ5
2025-11-13 16:24:00+00:00,33,1,42029208,52.93,52.945,52.88,52.89,74,SILZ5
2025-11-13 16:25:00+00:00,33,1,42029208,52.895,52.905,52.855,52.855,97,SILZ5
2025-11-13 16:26:00+00:00,33,1,42029208,52.88,52.945,52.875,52.94,75,SILZ5
2025-11-13 16:27:00+00:00,33,1,42029208,52.94,53.0,52.92,52.975,131,SILZ5
2025-11-13 16:28:00+00:00,33,1,42029208,52.98,53.04,52.97,53.015,127,SILZ5
2025-11-13 16:29:00+00:00,33,1,42029208,53.015,53.025,52.995,53.005,62,SILZ5
2025-11-13 16:30:00+00:00,33,1,42029208,53.005,53.03,53.005,53.015,71,SILZ5
2025-11-13 16:31:00+00:00,33,1,42029208,53.02,53.095,53.015,53.07,135,SILZ5
2025-11-13 16:32:00+00:00,33,1,42029208,53.07,53.095,53.05,53.075,97,SILZ5
2025-11-13 16:33:00+00:00,33,1,42029208,53.08,53.095,53.05,53.075,114,SILZ5
2025-11-13 16:34:00+00:00,33,1,42029208,53.08,53.145,53.065,53.115,211,SILZ5
2025-11-13 16:35:00+00:00,33,1,42029208,53.12,53.16,53.1,53.115,216,SILZ5
2025-11-13 16:36:00+00:00,33,1,42029208,53.105,53.105,53.045,53.08,88,SILZ5
2025-11-13 16:37:00+00:00,33,1,42029208,53.075,53.12,53.075,53.08,92,SILZ5
2025-11-13 16:38:00+00:00,33,1,42029208,53.085,53.1,52.995,53.005,249,SILZ5
2025-11-13 16:39:00+00:00,33,1,42029208,53.0,53.025,52.965,52.99,113,SILZ5
2025-11-13 16:40:00+00:00,33,1,42029208,52.99,53.025,52.975,53.02,161,SILZ5
2025-11-13 16:41:00+00:00,33,1,42029208,53.025,53.025,52.905,52.91,185,SILZ5
2025-11-13 16:42:00+00:00,33,1,42029208,52.92,52.995,52.92,52.975,121,SILZ5
2025-11-13 16:43:00+00:00,33,1,42029208,52.975,53.005,52.945,52.995,100,SILZ5
2025-11-13 16:44:00+00:00,33,1,42029208,52.99,53.0,52.955,52.995,46,SILZ5
2025-11-13 16:45:00+00:00,33,1,42029208,52.98,53.045,52.98,53.03,102,SILZ5
2025-11-13 16:46:00+00:00,33,1,42029208,53.035,53.055,53.025,53.045,76,SILZ5
2025-11-13 16:47:00+00:00,33,1,42029208,53.04,53.085,53.04,53.045,84,SILZ5
2025-11-13 16:48:00+00:00,33,1,42029208,53.045,53.045,52.97,53.0,81,SILZ5
2025-11-13 16:49:00+00:00,33,1,42029208,53.015,53.06,53.015,53.055,65,SILZ5
2025-11-13 16:50:00+00:00,33,1,42029208,53.06,53.07,53.005,53.005,95,SILZ5
2025-11-13 16:51:00+00:00,33,1,42029208,53.015,53.06,53.0,53.05,76,SILZ5
2025-11-13 16:52:00+00:00,33,1,42029208,53.04,53.05,53.01,53.035,110,SILZ5
2025-11-13 16:53:00+00:00,33,1,42029208,53.035,53.05,53.0,53.015,46,SILZ5
2025-11-13 16:54:00+00:00,33,1,42029208,53.03,53.035,53.02,53.025,33,SILZ5
2025-11-13 16:55:00+00:00,33,1,42029208,53.035,53.05,53.0,53.0,64,SILZ5
2025-11-13 16:56:00+00:00,33,1,42029208,53.0,53.035,52.985,53.035,33,SILZ5
2025-11-13 16:57:00+00:00,33,1,42029208,53.045,53.065,53.03,53.055,67,SILZ5
2025-11-13 16:58:00+00:00,33,1,42029208,53.05,53.07,53.035,53.04,157,SILZ5
2025-11-13 16:59:00+00:00,33,1,42029208,53.05,53.095,53.03,53.08,90,SILZ5
2025-11-13 17:00:00+00:00,33,1,42029208,53.08,53.11,53.06,53.08,64,SILZ5
2025-11-13 17:01:00+00:00,33,1,42029208,53.08,53.08,53.0,53.0,59,SILZ5
2025-11-13 17:02:00+00:00,33,1,42029208,52.99,53.015,52.98,52.98,66,SILZ5
2025-11-13 17:03:00+00:00,33,1,42029208,52.985,53.0,52.955,52.995,65,SILZ5
2025-11-13 17:04:00+00:00,33,1,42029208,52.985,52.99,52.955,52.99,65,SILZ5
2025-11-13 17:05:00+00:00,33,1,42029208,52.985,53.015,52.96,53.015,68,SILZ5
2025-11-13 17:06:00+00:00,33,1,42029208,53.005,53.01,52.995,53.0,42,SILZ5
2025-11-13 17:07:00+00:00,33,1,42029208,52.995,53.005,52.98,53.005,62,SILZ5
2025-11-13 17:08:00+00:00,33,1,42029208,53.0,53.005,52.955,52.955,34,SILZ5
2025-11-13 17:09:00+00:00,33,1,42029208,52.95,52.965,52.875,52.9,139,SILZ5
2025-11-13 17:10:00+00:00,33,1,42029208,52.895,52.95,52.895,52.92,44,SILZ5
2025-11-13 17:11:00+00:00,33,1,42029208,52.91,52.915,52.86,52.885,91,SILZ5
2025-11-13 17:12:00+00:00,33,1,42029208,52.885,52.935,52.885,52.89,69,SILZ5
2025-11-13 17:13:00+00:00,33,1,42029208,52.89,52.92,52.86,52.92,58,SILZ5
2025-11-13 17:14:00+00:00,33,1,42029208,52.91,52.91,52.84,52.85,90,SILZ5
2025-11-13 17:15:00+00:00,33,1,42029208,52.855,52.915,52.85,52.905,70,SILZ5
2025-11-13 17:16:00+00:00,33,1,42029208,52.895,52.895,52.82,52.865,109,SILZ5
2025-11-13 17:17:00+00:00,33,1,42029208,52.865,52.905,52.845,52.895,58,SILZ5
2025-11-13 17:18:00+00:00,33,1,42029208,52.895,52.9,52.845,52.87,64,SILZ5
2025-11-13 17:19:00+00:00,33,1,42029208,52.865,52.89,52.865,52.875,49,SILZ5
2025-11-13 17:20:00+00:00,33,1,42029208,52.875,52.925,52.875,52.915,67,SILZ5
2025-11-13 17:21:00+00:00,33,1,42029208,52.9,52.95,52.895,52.935,62,SILZ5
2025-11-13 17:22:00+00:00,33,1,42029208,52.935,52.975,52.935,52.965,56,SILZ5
2025-11-13 17:23:00+00:00,33,1,42029208,52.96,53.025,52.96,53.025,51,SILZ5
2025-11-13 17:24:00+00:00,33,1,42029208,53.025,53.04,53.01,53.025,117,SILZ5
2025-11-13 17:25:00+00:00,33,1,42029208,53.025,53.03,53.0,53.03,70,SILZ5
2025-11-13 17:26:00+00:00,33,1,42029208,53.025,53.025,52.975,53.005,41,SILZ5
2025-11-13 17:27:00+00:00,33,1,42029208,53.015,53.05,53.015,53.035,78,SILZ5
2025-11-13 17:28:00+00:00,33,1,42029208,53.03,53.05,53.03,53.04,45,SILZ5
2025-11-13 17:29:00+00:00,33,1,42029208,53.045,53.045,53.015,53.015,38,SILZ5
2025-11-13 17:30:00+00:00,33,1,42029208,53.01,53.04,53.01,53.04,43,SILZ5
2025-11-13 17:31:00+00:00,33,1,42029208,53.03,53.095,53.03,53.075,191,SILZ5
2025-11-13 17:32:00+00:00,33,1,42029208,53.08,53.085,53.055,53.075,46,SILZ5
2025-11-13 17:33:00+00:00,33,1,42029208,53.08,53.145,53.075,53.13,128,SILZ5
2025-11-13 17:34:00+00:00,33,1,42029208,53.13,53.19,53.13,53.165,161,SILZ5
2025-11-13 17:35:00+00:00,33,1,42029208,53.165,53.165,53.115,53.125,70,SILZ5
2025-11-13 17:36:00+00:00,33,1,42029208,53.125,53.15,53.11,53.135,55,SILZ5
2025-11-13 17:37:00+00:00,33,1,42029208,53.135,53.175,53.135,53.16,69,SILZ5
2025-11-13 17:38:00+00:00,33,1,42029208,53.16,53.205,53.16,53.17,136,SILZ5
2025-11-13 17:39:00+00:00,33,1,42029208,53.175,53.175,53.13,53.155,91,SILZ5
2025-11-13 17:40:00+00:00,33,1,42029208,53.15,53.155,53.1,53.11,71,SILZ5
2025-11-13 17:41:00+00:00,33,1,42029208,53.12,53.14,53.08,53.11,71,SILZ5
2025-11-13 17:42:00+00:00,33,1,42029208,53.11,53.13,53.105,53.12,43,SILZ5
2025-11-13 17:43:00+00:00,33,1,42029208,53.12,53.125,53.095,53.11,65,SILZ5
2025-11-13 17:44:00+00:00,33,1,42029208,53.11,53.125,53.075,53.09,85,SILZ5
2025-11-13 17:45:00+00:00,33,1,42029208,53.095,53.095,53.02,53.02,70,SILZ5
2025-11-13 17:46:00+00:00,33,1,42029208,53.03,53.065,53.01,53.065,93,SILZ5
2025-11-13 17:47:00+00:00,33,1,42029208,53.07,53.085,53.05,53.075,28,SILZ5
2025-11-13 17:48:00+00:00,33,1,42029208,53.07,53.135,53.06,53.13,53,SILZ5
2025-11-13 17:49:00+00:00,33,1,42029208,53.14,53.18,53.11,53.17,109,SILZ5
2025-11-13 17:50:00+00:00,33,1,42029208,53.17,53.225,53.17,53.18,178,SILZ5
2025-11-13 17:51:00+00:00,33,1,42029208,53.175,53.215,53.16,53.17,66,SILZ5
2025-11-13 17:52:00+00:00,33,1,42029208,53.16,53.19,53.155,53.17,43,SILZ5
2025-11-13 17:53:00+00:00,33,1,42029208,53.165,53.18,53.125,53.155,86,SILZ5
2025-11-13 17:54:00+00:00,33,1,42029208,53.15,53.185,53.15,53.17,49,SILZ5
2025-11-13 17:55:00+00:00,33,1,42029208,53.165,53.17,53.135,53.165,41,SILZ5
2025-11-13 17:56:00+00:00,33,1,42029208,53.165,53.18,53.12,53.13,60,SILZ5
2025-11-13 17:57:00+00:00,33,1,42029208,53.12,53.14,53.1,53.13,51,SILZ5
2025-11-13 17:58:00+00:00,33,1,42029208,53.13,53.135,53.115,53.12,22,SILZ5
2025-11-13 17:59:00+00:00,33,1,42029208,53.125,53.14,53.125,53.13,11,SILZ5
2025-11-13 18:00:00+00:00,33,1,42029208,53.135,53.135,53.11,53.135,34,SILZ5
2025-11-13 18:01:00+00:00,33,1,42029208,53.135,53.155,53.115,53.13,28,SILZ5
2025-11-13 18:02:00+00:00,33,1,42029208,53.125,53.14,53.11,53.115,34,SILZ5
2025-11-13 18:03:00+00:00,33,1,42029208,53.115,53.125,53.095,53.11,34,SILZ5
2025-11-13 18:04:00+00:00,33,1,42029208,53.11,53.13,53.11,53.125,28,SILZ5
2025-11-13 18:05:00+00:00,33,1,42029208,53.13,53.14,53.1,53.13,51,SILZ5
2025-11-13 18:06:00+00:00,33,1,42029208,53.13,53.2,53.115,53.19,74,SILZ5
2025-11-13 18:07:00+00:00,33,1,42029208,53.185,53.205,53.17,53.205,33,SILZ5
2025-11-13 18:08:00+00:00,33,1,42029208,53.2,53.205,53.155,53.175,55,SILZ5
2025-11-13 18:09:00+00:00,33,1,42029208,53.175,53.185,53.135,53.175,77,SILZ5
2025-11-13 18:10:00+00:00,33,1,42029208,53.175,53.175,53.1,53.145,69,SILZ5
2025-11-13 18:11:00+00:00,33,1,42029208,53.145,53.155,53.115,53.13,68,SILZ5
2025-11-13 18:12:00+00:00,33,1,42029208,53.14,53.21,53.14,53.2,52,SILZ5
2025-11-13 18:13:00+00:00,33,1,42029208,53.2,53.2,53.165,53.175,51,SILZ5
2025-11-13 18:14:00+00:00,33,1,42029208,53.19,53.24,53.19,53.195,100,SILZ5
2025-11-13 18:15:00+00:00,33,1,42029208,53.205,53.22,53.18,53.185,84,SILZ5
2025-11-13 18:16:00+00:00,33,1,42029208,53.19,53.21,53.175,53.185,76,SILZ5
2025-11-13 18:17:00+00:00,33,1,42029208,53.18,53.185,53.145,53.15,54,SILZ5
2025-11-13 18:18:00+00:00,33,1,42029208,53.155,53.19,53.155,53.185,40,SILZ5
2025-11-13 18:19:00+00:00,33,1,42029208,53.18,53.19,53.14,53.165,64,SILZ5
2025-11-13 18:20:00+00:00,33,1,42029208,53.165,53.205,53.13,53.2,58,SILZ5
2025-11-13 18:21:00+00:00,33,1,42029208,53.2,53.205,53.14,53.16,57,SILZ5
2025-11-13 18:22:00+00:00,33,1,42029208,53.165,53.205,53.165,53.195,58,SILZ5
2025-11-13 18:23:00+00:00,33,1,42029208,53.195,53.2,53.165,53.19,78,SILZ5
2025-11-13 18:24:00+00:00,33,1,42029208,53.185,53.19,53.13,53.16,175,SILZ5
2025-11-13 18:25:00+00:00,33,1,42029208,53.16,53.16,53.04,53.05,120,SILZ5
2025-11-13 18:26:00+00:00,33,1,42029208,53.05,53.095,53.02,53.035,124,SILZ5
2025-11-13 18:27:00+00:00,33,1,42029208,53.02,53.055,52.965,52.99,159,SILZ5
2025-11-13 18:28:00+00:00,33,1,42029208,52.99,53.005,52.96,52.985,112,SILZ5
2025-11-13 18:29:00+00:00,33,1,42029208,52.98,52.98,52.935,52.96,99,SILZ5
2025-11-13 18:30:00+00:00,33,1,42029208,52.96,52.96,52.835,52.84,249,SILZ5
2025-11-13 18:31:00+00:00,33,1,42029208,52.84,52.88,52.62,52.695,480,SILZ5
2025-11-13 18:32:00+00:00,33,1,42029208,52.685,52.695,52.565,52.625,452,SILZ5
2025-11-13 18:33:00+00:00,33,1,42029208,52.605,52.63,52.455,52.515,585,SILZ5
2025-11-13 18:34:00+00:00,33,1,42029208,52.51,52.52,52.395,52.435,490,SILZ5
2025-11-13 18:35:00+00:00,33,1,42029208,52.435,52.47,52.215,52.285,637,SILZ5
2025-11-13 18:36:00+00:00,33,1,42029208,52.27,52.31,52.19,52.2,439,SILZ5
2025-11-13 18:37:00+00:00,33,1,42029208,52.195,52.23,52.115,52.14,497,SILZ5
2025-11-13 18:38:00+00:00,33,1,42029208,52.145,52.2,51.985,51.995,436,SILZ5
2025-11-13 18:39:00+00:00,33,1,42029208,51.995,52.065,51.995,52.045,313,SILZ5
2025-11-13 18:40:00+00:00,33,1,42029208,52.045,52.2,52.02,52.2,372,SILZ5
2025-11-13 18:41:00+00:00,33,1,42029208,52.19,52.26,52.085,52.245,321,SILZ5
2025-11-13 18:42:00+00:00,33,1,42029208,52.24,52.29,52.195,52.2,209,SILZ5
2025-11-13 18:43:00+00:00,33,1,42029208,52.2,52.29,52.19,52.28,245,SILZ5
2025-11-13 18:44:00+00:00,33,1,42029208,52.28,52.31,52.225,52.255,194,SILZ5
2025-11-13 18:45:00+00:00,33,1,42029208,52.26,52.325,52.245,52.29,177,SILZ5
2025-11-13 18:46:00+00:00,33,1,42029208,52.29,52.31,52.08,52.105,308,SILZ5
2025-11-13 18:47:00+00:00,33,1,42029208,52.11,52.235,52.11,52.235,124,SILZ5
2025-11-13 18:48:00+00:00,33,1,42029208,52.24,52.305,52.23,52.295,167,SILZ5
2025-11-13 18:49:00+00:00,33,1,42029208,52.305,52.375,52.3,52.355,232,SILZ5
2025-11-13 18:50:00+00:00,33,1,42029208,52.355,52.44,52.355,52.4,213,SILZ5
2025-11-13 18:51:00+00:00,33,1,42029208,52.4,52.415,52.33,52.33,149,SILZ5
2025-11-13 18:52:00+00:00,33,1,42029208,52.335,52.345,52.235,52.29,196,SILZ5
2025-11-13 18:53:00+00:00,33,1,42029208,52.275,52.3,52.235,52.28,160,SILZ5
2025-11-13 18:54:00+00:00,33,1,42029208,52.295,52.295,52.22,52.225,72,SILZ5
2025-11-13 18:55:00+00:00,33,1,42029208,52.23,52.26,52.18,52.2,123,SILZ5
2025-11-13 18:56:00+00:00,33,1,42029208,52.19,52.28,52.19,52.255,79,SILZ5
2025-11-13 18:57:00+00:00,33,1,42029208,52.25,52.25,52.195,52.22,66,SILZ5
2025-11-13 18:58:00+00:00,33,1,42029208,52.225,52.345,52.225,52.33,102,SILZ5
2025-11-13 18:59:00+00:00,33,1,42029208,52.325,52.345,52.295,52.325,85,SILZ5
2025-11-13 19:00:00+00:00,33,1,42029208,52.325,52.345,52.27,52.27,95,SILZ5
2025-11-13 19:01:00+00:00,33,1,42029208,52.265,52.275,52.17,52.19,129,SILZ5
2025-11-13 19:02:00+00:00,33,1,42029208,52.19,52.205,52.085,52.12,179,SILZ5
2025-11-13 19:03:00+00:00,33,1,42029208,52.115,52.18,52.11,52.15,152,SILZ5
2025-11-13 19:04:00+00:00,33,1,42029208,52.145,52.185,52.125,52.16,72,SILZ5
2025-11-13 19:05:00+00:00,33,1,42029208,52.155,52.245,52.15,52.225,99,SILZ5
2025-11-13 19:06:00+00:00,33,1,42029208,52.23,52.285,52.23,52.265,73,SILZ5
2025-11-13 19:07:00+00:00,33,1,42029208,52.265,52.27,52.18,52.185,91,SILZ5
2025-11-13 19:08:00+00:00,33,1,42029208,52.185,52.185,52.115,52.13,115,SILZ5
2025-11-13 19:09:00+00:00,33,1,42029208,52.13,52.22,52.13,52.2,62,SILZ5
2025-11-13 19:10:00+00:00,33,1,42029208,52.205,52.25,52.2,52.21,69,SILZ5
2025-11-13 19:11:00+00:00,33,1,42029208,52.21,52.255,52.21,52.235,46,SILZ5
2025-11-13 19:12:00+00:00,33,1,42029208,52.235,52.24,52.16,52.16,68,SILZ5
2025-11-13 19:13:00+00:00,33,1,42029208,52.155,52.16,52.125,52.13,53,SILZ5
2025-11-13 19:14:00+00:00,33,1,42029208,52.12,52.16,52.105,52.125,109,SILZ5
2025-11-13 19:15:00+00:00,33,1,42029208,52.12,52.125,52.06,52.06,110,SILZ5
2025-11-13 19:16:00+00:00,33,1,42029208,52.055,52.11,52.05,52.09,75,SILZ5
2025-11-13 19:17:00+00:00,33,1,42029208,52.09,52.15,52.085,52.15,68,SILZ5
2025-11-13 19:18:00+00:00,33,1,42029208,52.15,52.245,52.15,52.245,90,SILZ5
2025-11-13 19:19:00+00:00,33,1,42029208,52.25,52.28,52.23,52.235,94,SILZ5
2025-11-13 19:20:00+00:00,33,1,42029208,52.24,52.26,52.22,52.23,52,SILZ5
2025-11-13 19:21:00+00:00,33,1,42029208,52.225,52.255,52.22,52.255,59,SILZ5
2025-11-13 19:22:00+00:00,33,1,42029208,52.26,52.295,52.24,52.285,91,SILZ5
2025-11-13 19:23:00+00:00,33,1,42029208,52.28,52.305,52.265,52.28,56,SILZ5
2025-11-13 19:24:00+00:00,33,1,42029208,52.28,52.315,52.27,52.31,39,SILZ5
2025-11-13 19:25:00+00:00,33,1,42029208,52.32,52.38,52.305,52.37,101,SILZ5
2025-11-13 19:26:00+00:00,33,1,42029208,52.37,52.385,52.355,52.365,93,SILZ5
2025-11-13 19:27:00+00:00,33,1,42029208,52.365,52.375,52.325,52.33,97,SILZ5
2025-11-13 19:28:00+00:00,33,1,42029208,52.335,52.385,52.335,52.385,64,SILZ5
2025-11-13 19:29:00+00:00,33,1,42029208,52.39,52.42,52.38,52.415,51,SILZ5
2025-11-13 19:30:00+00:00,33,1,42029208,52.4,52.43,52.36,52.385,115,SILZ5
2025-11-13 19:31:00+00:00,33,1,42029208,52.39,52.4,52.375,52.375,82,SILZ5
2025-11-13 19:32:00+00:00,33,1,42029208,52.375,52.4,52.365,52.37,41,SILZ5
2025-11-13 19:33:00+00:00,33,1,42029208,52.365,52.4,52.365,52.395,55,SILZ5
2025-11-13 19:34:00+00:00,33,1,42029208,52.395,52.455,52.39,52.42,90,SILZ5
2025-11-13 19:35:00+00:00,33,1,42029208,52.415,52.47,52.415,52.45,89,SILZ5
2025-11-13 19:36:00+00:00,33,1,42029208,52.46,52.51,52.455,52.485,175,SILZ5
2025-11-13 19:37:00+00:00,33,1,42029208,52.485,52.54,52.465,52.535,138,SILZ5
2025-11-13 19:38:00+00:00,33,1,42029208,52.535,52.535,52.445,52.45,105,SILZ5
2025-11-13 19:39:00+00:00,33,1,42029208,52.45,52.525,52.45,52.525,66,SILZ5
2025-11-13 19:40:00+00:00,33,1,42029208,52.515,52.515,52.45,52.45,93,SILZ5
2025-11-13 19:41:00+00:00,33,1,42029208,52.45,52.495,52.45,52.495,43,SILZ5
2025-11-13 19:42:00+00:00,33,1,42029208,52.48,52.525,52.47,52.505,53,SILZ5
2025-11-13 19:43:00+00:00,33,1,42029208,52.505,52.54,52.5,52.535,53,SILZ5
2025-11-13 19:44:00+00:00,33,1,42029208,52.535,52.555,52.505,52.55,69,SILZ5
2025-11-13 19:45:00+00:00,33,1,42029208,52.55,52.57,52.505,52.51,68,SILZ5
2025-11-13 19:46:00+00:00,33,1,42029208,52.505,52.52,52.49,52.51,34,SILZ5
2025-11-13 19:47:00+00:00,33,1,42029208,52.51,52.515,52.44,52.455,76,SILZ5
2025-11-13 19:48:00+00:00,33,1,42029208,52.45,52.45,52.395,52.4,58,SILZ5
2025-11-13 19:49:00+00:00,33,1,42029208,52.405,52.42,52.385,52.4,41,SILZ5
2025-11-13 19:50:00+00:00,33,1,42029208,52.405,52.46,52.405,52.455,55,SILZ5
2025-11-13 19:51:00+00:00,33,1,42029208,52.46,52.47,52.45,52.45,46,SILZ5
2025-11-13 19:52:00+00:00,33,1,42029208,52.45,52.47,52.45,52.45,54,SILZ5
2025-11-13 19:53:00+00:00,33,1,42029208,52.45,52.45,52.405,52.405,27,SILZ5
2025-11-13 19:54:00+00:00,33,1,42029208,52.41,52.425,52.385,52.385,47,SILZ5
2025-11-13 19:55:00+00:00,33,1,42029208,52.38,52.38,52.31,52.335,127,SILZ5
2025-11-13 19:56:00+00:00,33,1,42029208,52.34,52.365,52.32,52.33,75,SILZ5
2025-11-13 19:57:00+00:00,33,1,42029208,52.325,52.375,52.32,52.355,66,SILZ5
2025-11-13 19:58:00+00:00,33,1,42029208,52.36,52.38,52.36,52.375,49,SILZ5
2025-11-13 19:59:00+00:00,33,1,42029208,52.38,52.38,52.34,52.35,32,SILZ5
2025-11-13 20:00:00+00:00,33,1,42029208,52.345,52.39,52.34,52.385,57,SILZ5
2025-11-13 20:01:00+00:00,33,1,42029208,52.39,52.445,52.375,52.395,85,SILZ5
2025-11-13 20:02:00+00:00,33,1,42029208,52.395,52.395,52.325,52.33,91,SILZ5
2025-11-13 20:03:00+00:00,33,1,42029208,52.315,52.345,52.295,52.32,129,SILZ5
2025-11-13 20:04:00+00:00,33,1,42029208,52.305,52.305,52.255,52.295,86,SILZ5
2025-11-13 20:05:00+00:00,33,1,42029208,52.295,52.3,52.235,52.24,66,SILZ5
2025-11-13 20:06:00+00:00,33,1,42029208,52.23,52.23,52.185,52.23,99,SILZ5
2025-11-13 20:07:00+00:00,33,1,42029208,52.24,52.24,52.2,52.205,35,SILZ5
2025-11-13 20:08:00+00:00,33,1,42029208,52.21,52.285,52.21,52.285,46,SILZ5
2025-11-13 20:09:00+00:00,33,1,42029208,52.28,52.325,52.27,52.325,59,SILZ5
2025-11-13 20:10:00+00:00,33,1,42029208,52.32,52.32,52.285,52.29,36,SILZ5
2025-11-13 20:11:00+00:00,33,1,42029208,52.315,52.36,52.315,52.35,59,SILZ5
2025-11-13 20:12:00+00:00,33,1,42029208,52.345,52.36,52.34,52.355,39,SILZ5
2025-11-13 20:13:00+00:00,33,1,42029208,52.355,52.37,52.345,52.355,47,SILZ5
2025-11-13 20:14:00+00:00,33,1,42029208,52.36,52.36,52.325,52.34,50,SILZ5
2025-11-13 20:15:00+00:00,33,1,42029208,52.35,52.36,52.325,52.36,24,SILZ5
2025-11-13 20:16:00+00:00,33,1,42029208,52.365,52.42,52.355,52.41,53,SILZ5
2025-11-13 20:17:00+00:00,33,1,42029208,52.41,52.42,52.36,52.36,69,SILZ5
2025-11-13 20:18:00+00:00,33,1,42029208,52.365,52.385,52.355,52.36,42,SILZ5
2025-11-13 20:19:00+00:00,33,1,42029208,52.37,52.375,52.33,52.35,44,SILZ5
2025-11-13 20:20:00+00:00,33,1,42029208,52.335,52.335,52.25,52.25,66,SILZ5
2025-11-13 20:21:00+00:00,33,1,42029208,52.265,52.285,52.23,52.275,64,SILZ5
2025-11-13 20:22:00+00:00,33,1,42029208,52.285,52.32,52.28,52.32,62,SILZ5
2025-11-13 20:23:00+00:00,33,1,42029208,52.32,52.32,52.29,52.295,36,SILZ5
2025-11-13 20:24:00+00:00,33,1,42029208,52.31,52.36,52.31,52.36,45,SILZ5
2025-11-13 20:25:00+00:00,33,1,42029208,52.355,52.355,52.325,52.34,51,SILZ5
2025-11-13 20:26:00+00:00,33,1,42029208,52.34,52.35,52.33,52.335,28,SILZ5
2025-11-13 20:27:00+00:00,33,1,42029208,52.335,52.41,52.33,52.41,33,SILZ5
2025-11-13 20:28:00+00:00,33,1,42029208,52.415,52.425,52.405,52.41,60,SILZ5
2025-11-13 20:29:00+00:00,33,1,42029208,52.415,52.435,52.415,52.435,38,SILZ5
2025-11-13 20:30:00+00:00,33,1,42029208,52.435,52.46,52.355,52.375,131,SILZ5
2025-11-13 20:31:00+00:00,33,1,42029208,52.37,52.395,52.325,52.375,77,SILZ5
2025-11-13 20:32:00+00:00,33,1,42029208,52.38,52.4,52.38,52.4,33,SILZ5
2025-11-13 20:33:00+00:00,33,1,42029208,52.38,52.385,52.37,52.37,37,SILZ5
2025-11-13 20:34:00+00:00,33,1,42029208,52.38,52.385,52.36,52.385,22,SILZ5
2025-11-13 20:35:00+00:00,33,1,42029208,52.385,52.395,52.345,52.345,37,SILZ5
2025-11-13 20:36:00+00:00,33,1,42029208,52.36,52.365,52.33,52.35,33,SILZ5
2025-11-13 20:37:00+00:00,33,1,42029208,52.355,52.36,52.34,52.34,13,SILZ5
2025-11-13 20:38:00+00:00,33,1,42029208,52.355,52.385,52.34,52.375,26,SILZ5
2025-11-13 20:39:00+00:00,33,1,42029208,52.37,52.375,52.35,52.35,28,SILZ5
2025-11-13 20:40:00+00:00,33,1,42029208,52.365,52.38,52.365,52.37,16,SILZ5
2025-11-13 20:41:00+00:00,33,1,42029208,52.36,52.375,52.34,52.34,22,SILZ5
2025-11-13 20:42:00+00:00,33,1,42029208,52.335,52.345,52.31,52.32,26,SILZ5
2025-11-13 20:43:00+00:00,33,1,42029208,52.32,52.32,52.27,52.275,68,SILZ5
2025-11-13 20:44:00+00:00,33,1,42029208,52.27,52.285,52.255,52.27,51,SILZ5
2025-11-13 20:45:00+00:00,33,1,42029208,52.27,52.295,52.255,52.28,82,SILZ5
2025-11-13 20:46:00+00:00,33,1,42029208,52.285,52.295,52.255,52.295,30,SILZ5
2025-11-13 20:47:00+00:00,33,1,42029208,52.305,52.31,52.27,52.27,44,SILZ5
2025-11-13 20:48:00+00:00,33,1,42029208,52.275,52.28,52.25,52.25,21,SILZ5
2025-11-13 20:49:00+00:00,33,1,42029208,52.255,52.255,52.18,52.18,126,SILZ5
2025-11-13 20:50:00+00:00,33,1,42029208,52.195,52.225,52.18,52.22,82,SILZ5
2025-11-13 20:51:00+00:00,33,1,42029208,52.225,52.23,52.195,52.205,49,SILZ5
2025-11-13 20:52:00+00:00,33,1,42029208,52.2,52.2,52.135,52.16,76,SILZ5
2025-11-13 20:53:00+00:00,33,1,42029208,52.155,52.16,52.105,52.115,83,SILZ5
2025-11-13 20:54:00+00:00,33,1,42029208,52.115,52.135,52.095,52.11,69,SILZ5
2025-11-13 20:55:00+00:00,33,1,42029208,52.115,52.165,52.11,52.165,86,SILZ5
2025-11-13 20:56:00+00:00,33,1,42029208,52.16,52.185,52.13,52.175,65,SILZ5
2025-11-13 20:57:00+00:00,33,1,42029208,52.175,52.21,52.16,52.185,65,SILZ5
2025-11-13 20:58:00+00:00,33,1,42029208,52.195,52.195,52.15,52.165,72,SILZ5
2025-11-13 20:59:00+00:00,33,1,42029208,52.175,52.23,52.155,52.22,76,SILZ5
2025-11-13 21:00:00+00:00,33,1,42029208,52.22,52.23,52.18,52.21,74,SILZ5
2025-11-13 21:01:00+00:00,33,1,42029208,52.205,52.21,52.175,52.185,39,SILZ5
2025-11-13 21:02:00+00:00,33,1,42029208,52.195,52.205,52.195,52.205,13,SILZ5
2025-11-13 21:03:00+00:00,33,1,42029208,52.205,52.275,52.205,52.265,60,SILZ5
2025-11-13 21:04:00+00:00,33,1,42029208,52.27,52.31,52.26,52.3,56,SILZ5
2025-11-13 21:05:00+00:00,33,1,42029208,52.295,52.315,52.295,52.31,21,SILZ5
2025-11-13 21:06:00+00:00,33,1,42029208,52.31,52.315,52.29,52.29,16,SILZ5
2025-11-13 21:07:00+00:00,33,1,42029208,52.3,52.37,52.3,52.34,68,SILZ5
2025-11-13 21:08:00+00:00,33,1,42029208,52.34,52.43,52.33,52.425,74,SILZ5
2025-11-13 21:09:00+00:00,33,1,42029208,52.425,52.49,52.42,52.475,128,SILZ5
2025-11-13 21:10:00+00:00,33,1,42029208,52.46,52.46,52.43,52.43,42,SILZ5
2025-11-13 21:11:00+00:00,33,1,42029208,52.435,52.435,52.41,52.425,23,SILZ5
2025-11-13 21:12:00+00:00,33,1,42029208,52.415,52.42,52.395,52.395,23,SILZ5
2025-11-13 21:13:00+00:00,33,1,42029208,52.39,52.395,52.375,52.39,20,SILZ5
2025-11-13 21:14:00+00:00,33,1,42029208,52.395,52.425,52.395,52.415,43,SILZ5
2025-11-13 21:15:00+00:00,33,1,42029208,52.415,52.42,52.41,52.42,20,SILZ5
2025-11-13 21:16:00+00:00,33,1,42029208,52.425,52.435,52.425,52.43,20,SILZ5
2025-11-13 21:17:00+00:00,33,1,42029208,52.425,52.44,52.42,52.44,12,SILZ5
2025-11-13 21:18:00+00:00,33,1,42029208,52.43,52.445,52.43,52.445,19,SILZ5
2025-11-13 21:19:00+00:00,33,1,42029208,52.445,52.45,52.435,52.435,12,SILZ5
2025-11-13 21:20:00+00:00,33,1,42029208,52.435,52.44,52.42,52.42,20,SILZ5
2025-11-13 21:21:00+00:00,33,1,42029208,52.42,52.43,52.42,52.425,16,SILZ5
2025-11-13 21:22:00+00:00,33,1,42029208,52.42,52.44,52.42,52.44,15,SILZ5
2025-11-13 21:23:00+00:00,33,1,42029208,52.44,52.45,52.43,52.43,9,SILZ5
2025-11-13 21:24:00+00:00,33,1,42029208,52.425,52.43,52.415,52.425,21,SILZ5
2025-11-13 21:25:00+00:00,33,1,42029208,52.425,52.43,52.415,52.42,25,SILZ5
2025-11-13 21:26:00+00:00,33,1,42029208,52.42,52.435,52.42,52.435,16,SILZ5
2025-11-13 21:27:00+00:00,33,1,42029208,52.435,52.435,52.42,52.42,17,SILZ5
2025-11-13 21:28:00+00:00,33,1,42029208,52.42,52.42,52.375,52.385,22,SILZ5
2025-11-13 21:29:00+00:00,33,1,42029208,52.375,52.38,52.345,52.365,79,SILZ5
2025-11-13 21:30:00+00:00,33,1,42029208,52.375,52.39,52.36,52.36,24,SILZ5
2025-11-13 21:31:00+00:00,33,1,42029208,52.35,52.36,52.345,52.36,8,SILZ5
2025-11-13 21:32:00+00:00,33,1,42029208,52.365,52.375,52.365,52.365,22,SILZ5
2025-11-13 21:33:00+00:00,33,1,42029208,52.365,52.37,52.345,52.345,20,SILZ5
2025-11-13 21:34:00+00:00,33,1,42029208,52.345,52.355,52.34,52.34,19,SILZ5
2025-11-13 21:35:00+00:00,33,1,42029208,52.34,52.34,52.26,52.265,42,SILZ5
2025-11-13 21:36:00+00:00,33,1,42029208,52.265,52.27,52.255,52.27,15,SILZ5
2025-11-13 21:37:00+00:00,33,1,42029208,52.28,52.28,52.265,52.27,7,SILZ5
2025-11-13 21:38:00+00:00,33,1,42029208,52.28,52.28,52.255,52.255,34,SILZ5
2025-11-13 21:39:00+00:00,33,1,42029208,52.255,52.285,52.245,52.25,61,SILZ5
2025-11-13 21:40:00+00:00,33,1,42029208,52.245,52.27,52.245,52.27,16,SILZ5
2025-11-13 21:41:00+00:00,33,1,42029208,52.275,52.28,52.275,52.275,5,SILZ5
2025-11-13 21:42:00+00:00,33,1,42029208,52.285,52.29,52.28,52.285,20,SILZ5
2025-11-13 21:43:00+00:00,33,1,42029208,52.28,52.28,52.27,52.27,15,SILZ5
2025-11-13 21:44:00+00:00,33,1,42029208,52.275,52.31,52.27,52.31,25,SILZ5
2025-11-13 21:45:00+00:00,33,1,42029208,52.305,52.31,52.285,52.31,9,SILZ5
2025-11-13 21:46:00+00:00,33,1,42029208,52.315,52.32,52.315,52.315,7,SILZ5
2025-11-13 21:47:00+00:00,33,1,42029208,52.31,52.31,52.295,52.295,12,SILZ5
2025-11-13 21:48:00+00:00,33,1,42029208,52.295,52.305,52.265,52.275,28,SILZ5
2025-11-13 21:49:00+00:00,33,1,42029208,52.275,52.28,52.27,52.28,14,SILZ5
2025-11-13 21:50:00+00:00,33,1,42029208,52.285,52.285,52.28,52.285,8,SILZ5
2025-11-13 21:51:00+00:00,33,1,42029208,52.285,52.285,52.28,52.285,8,SILZ5
2025-11-13 21:52:00+00:00,33,1,42029208,52.28,52.28,52.275,52.275,11,SILZ5
2025-11-13 21:53:00+00:00,33,1,42029208,52.27,52.27,52.25,52.25,10,SILZ5
2025-11-13 21:54:00+00:00,33,1,42029208,52.25,52.25,52.25,52.25,4,SILZ5
2025-11-13 21:55:00+00:00,33,1,42029208,52.255,52.26,52.25,52.255,14,SILZ5
2025-11-13 21:56:00+00:00,33,1,42029208,52.255,52.275,52.255,52.265,16,SILZ5
2025-11-13 21:57:00+00:00,33,1,42029208,52.245,52.245,52.23,52.235,14,SILZ5
2025-11-13 21:58:00+00:00,33,1,42029208,52.235,52.245,52.215,52.225,22,SILZ5
2025-11-13 21:59:00+00:00,33,1,42029208,52.235,52.235,52.215,52.225,12,SILZ5
2025-11-13 23:00:00+00:00,33,1,42029208,52.21,52.215,52.115,52.195,49,SILZ5
2025-11-13 23:01:00+00:00,33,1,42029208,52.2,52.225,52.2,52.225,18,SILZ5
2025-11-13 23:02:00+00:00,33,1,42029208,52.225,52.225,52.15,52.19,16,SILZ5
2025-11-13 23:03:00+00:00,33,1,42029208,52.2,52.22,52.19,52.22,55,SILZ5
2025-11-13 23:04:00+00:00,33,1,42029208,52.225,52.24,52.205,52.235,43,SILZ5
2025-11-13 23:05:00+00:00,33,1,42029208,52.235,52.285,52.22,52.28,76,SILZ5
2025-11-13 23:06:00+00:00,33,1,42029208,52.28,52.365,52.265,52.355,72,SILZ5
2025-11-13 23:07:00+00:00,33,1,42029208,52.345,52.38,52.31,52.375,48,SILZ5
2025-11-13 23:08:00+00:00,33,1,42029208,52.37,52.375,52.32,52.335,31,SILZ5
2025-11-13 23:09:00+00:00,33,1,42029208,52.35,52.355,52.335,52.34,30,SILZ5
2025-11-13 23:10:00+00:00,33,1,42029208,52.33,52.345,52.31,52.335,21,SILZ5
2025-11-13 23:11:00+00:00,33,1,42029208,52.325,52.34,52.305,52.33,15,SILZ5
2025-11-13 23:12:00+00:00,33,1,42029208,52.325,52.335,52.29,52.305,15,SILZ5
2025-11-13 23:13:00+00:00,33,1,42029208,52.315,52.325,52.305,52.325,7,SILZ5
2025-11-13 23:14:00+00:00,33,1,42029208,52.315,52.33,52.31,52.32,12,SILZ5
2025-11-13 23:15:00+00:00,33,1,42029208,52.325,52.34,52.325,52.34,10,SILZ5
2025-11-13 23:16:00+00:00,33,1,42029208,52.345,52.355,52.335,52.335,24,SILZ5
2025-11-13 23:17:00+00:00,33,1,42029208,52.33,52.35,52.325,52.34,21,SILZ5
2025-11-13 23:18:00+00:00,33,1,42029208,52.35,52.385,52.35,52.385,26,SILZ5
2025-11-13 23:19:00+00:00,33,1,42029208,52.365,52.37,52.365,52.37,8,SILZ5
2025-11-13 23:20:00+00:00,33,1,42029208,52.36,52.385,52.355,52.38,21,SILZ5
2025-11-13 23:21:00+00:00,33,1,42029208,52.38,52.41,52.38,52.395,36,SILZ5
2025-11-13 23:22:00+00:00,33,1,42029208,52.39,52.39,52.37,52.37,13,SILZ5
2025-11-13 23:23:00+00:00,33,1,42029208,52.36,52.385,52.36,52.375,25,SILZ5
2025-11-13 23:24:00+00:00,33,1,42029208,52.37,52.37,52.35,52.365,9,SILZ5
2025-11-13 23:25:00+00:00,33,1,42029208,52.365,52.375,52.34,52.35,30,SILZ5
2025-11-13 23:26:00+00:00,33,1,42029208,52.36,52.385,52.35,52.38,11,SILZ5
2025-11-13 23:27:00+00:00,33,1,42029208,52.385,52.39,52.38,52.39,18,SILZ5
2025-11-13 23:28:00+00:00,33,1,42029208,52.38,52.42,52.375,52.415,37,SILZ5
2025-11-13 23:29:00+00:00,33,1,42029208,52.42,52.46,52.4,52.4,57,SILZ5
2025-11-13 23:30:00+00:00,33,1,42029208,52.395,52.405,52.37,52.375,35,SILZ5
2025-11-13 23:31:00+00:00,33,1,42029208,52.385,52.405,52.385,52.4,9,SILZ5
2025-11-13 23:32:00+00:00,33,1,42029208,52.405,52.445,52.405,52.44,28,SILZ5
2025-11-13 23:33:00+00:00,33,1,42029208,52.445,52.45,52.43,52.43,15,SILZ5
2025-11-13 23:34:00+00:00,33,1,42029208,52.43,52.43,52.415,52.42,6,SILZ5
2025-11-13 23:35:00+00:00,33,1,42029208,52.43,52.435,52.415,52.435,8,SILZ5
2025-11-13 23:36:00+00:00,33,1,42029208,52.42,52.42,52.39,52.39,11,SILZ5
2025-11-13 23:37:00+00:00,33,1,42029208,52.385,52.39,52.36,52.365,31,SILZ5
2025-11-13 23:38:00+00:00,33,1,42029208,52.365,52.415,52.365,52.415,23,SILZ5
2025-11-13 23:39:00+00:00,33,1,42029208,52.415,52.465,52.415,52.455,36,SILZ5
2025-11-13 23:40:00+00:00,33,1,42029208,52.46,52.46,52.44,52.44,20,SILZ5
2025-11-13 23:41:00+00:00,33,1,42029208,52.445,52.445,52.425,52.425,15,SILZ5
2025-11-13 23:42:00+00:00,33,1,42029208,52.42,52.43,52.415,52.42,12,SILZ5
2025-11-13 23:43:00+00:00,33,1,42029208,52.42,52.42,52.4,52.4,5,SILZ5
2025-11-13 23:44:00+00:00,33,1,42029208,52.41,52.435,52.41,52.435,10,SILZ5
2025-11-13 23:45:00+00:00,33,1,42029208,52.435,52.44,52.415,52.425,13,SILZ5
2025-11-13 23:46:00+00:00,33,1,42029208,52.425,52.435,52.425,52.43,5,SILZ5
2025-11-13 23:47:00+00:00,33,1,42029208,52.44,52.475,52.44,52.45,36,SILZ5
2025-11-13 23:48:00+00:00,33,1,42029208,52.455,52.48,52.455,52.475,17,SILZ5
2025-11-13 23:49:00+00:00,33,1,42029208,52.46,52.475,52.455,52.475,8,SILZ5
2025-11-13 23:50:00+00:00,33,1,42029208,52.465,52.485,52.465,52.47,23,SILZ5
2025-11-13 23:51:00+00:00,33,1,42029208,52.46,52.465,52.445,52.46,20,SILZ5
2025-11-13 23:52:00+00:00,33,1,42029208,52.45,52.48,52.45,52.48,18,SILZ5
2025-11-13 23:53:00+00:00,33,1,42029208,52.465,52.465,52.445,52.45,8,SILZ5
2025-11-13 23:54:00+00:00,33,1,42029208,52.455,52.455,52.445,52.455,9,SILZ5
2025-11-13 23:55:00+00:00,33,1,42029208,52.46,52.46,52.445,52.46,11,SILZ5
2025-11-13 23:56:00+00:00,33,1,42029208,52.455,52.46,52.435,52.435,7,SILZ5
2025-11-13 23:57:00+00:00,33,1,42029208,52.435,52.48,52.435,52.48,10,SILZ5
2025-11-13 23:58:00+00:00,33,1,42029208,52.465,52.465,52.44,52.44,8,SILZ5
2025-11-13 23:59:00+00:00,33,1,42029208,52.435,52.455,52.415,52.455,15,SILZ5
2025-11-14 00:00:00+00:00,33,1,42029208,52.445,52.46,52.43,52.43,38,SILZ5
2025-11-14 00:01:00+00:00,33,1,42029208,52.445,52.455,52.44,52.44,10,SILZ5
2025-11-14 00:02:00+00:00,33,1,42029208,52.445,52.46,52.435,52.45,18,SILZ5
2025-11-14 00:03:00+00:00,33,1,42029208,52.445,52.46,52.44,52.445,15,SILZ5
2025-11-14 00:04:00+00:00,33,1,42029208,52.445,52.47,52.445,52.445,30,SILZ5
2025-11-14 00:05:00+00:00,33,1,42029208,52.45,52.475,52.445,52.46,36,SILZ5
2025-11-14 00:06:00+00:00,33,1,42029208,52.46,52.46,52.44,52.45,21,SILZ5
2025-11-14 00:07:00+00:00,33,1,42029208,52.445,52.455,52.445,52.45,15,SILZ5
2025-11-14 00:08:00+00:00,33,1,42029208,52.445,52.455,52.435,52.44,25,SILZ5
2025-11-14 00:09:00+00:00,33,1,42029208,52.44,52.455,52.43,52.455,20,SILZ5
2025-11-14 00:10:00+00:00,33,1,42029208,52.455,52.47,52.445,52.47,20,SILZ5
2025-11-14 00:11:00+00:00,33,1,42029208,52.465,52.48,52.465,52.475,12,SILZ5
2025-11-14 00:12:00+00:00,33,1,42029208,52.47,52.495,52.465,52.495,27,SILZ5
2025-11-14 00:13:00+00:00,33,1,42029208,52.5,52.505,52.48,52.5,55,SILZ5
2025-11-14 00:14:00+00:00,33,1,42029208,52.5,52.52,52.49,52.515,21,SILZ5
2025-11-14 00:15:00+00:00,33,1,42029208,52.53,52.53,52.51,52.525,43,SILZ5
2025-11-14 00:16:00+00:00,33,1,42029208,52.52,52.54,52.51,52.535,31,SILZ5
2025-11-14 00:17:00+00:00,33,1,42029208,52.545,52.56,52.53,52.545,58,SILZ5
2025-11-14 00:18:00+00:00,33,1,42029208,52.55,52.57,52.545,52.565,34,SILZ5
2025-11-14 00:19:00+00:00,33,1,42029208,52.555,52.705,52.55,52.645,155,SILZ5
2025-11-14 00:20:00+00:00,33,1,42029208,52.635,52.65,52.61,52.62,75,SILZ5
2025-11-14 00:21:00+00:00,33,1,42029208,52.625,52.675,52.62,52.655,71,SILZ5
2025-11-14 00:22:00+00:00,33,1,42029208,52.65,52.66,52.625,52.63,60,SILZ5
2025-11-14 00:23:00+00:00,33,1,42029208,52.625,52.63,52.605,52.615,35,SILZ5
2025-11-14 00:24:00+00:00,33,1,42029208,52.6,52.6,52.56,52.56,38,SILZ5
2025-11-14 00:25:00+00:00,33,1,42029208,52.56,52.59,52.56,52.59,19,SILZ5
2025-11-14 00:26:00+00:00,33,1,42029208,52.585,52.585,52.57,52.57,23,SILZ5
2025-11-14 00:27:00+00:00,33,1,42029208,52.565,52.57,52.55,52.56,17,SILZ5
2025-11-14 00:28:00+00:00,33,1,42029208,52.565,52.62,52.565,52.615,36,SILZ5
2025-11-14 00:29:00+00:00,33,1,42029208,52.615,52.66,52.605,52.655,43,SILZ5
2025-11-14 00:30:00+00:00,33,1,42029208,52.645,52.655,52.625,52.63,25,SILZ5
2025-11-14 00:31:00+00:00,33,1,42029208,52.615,52.62,52.58,52.62,32,SILZ5
2025-11-14 00:32:00+00:00,33,1,42029208,52.615,52.62,52.595,52.62,16,SILZ5
2025-11-14 00:33:00+00:00,33,1,42029208,52.61,52.62,52.6,52.62,14,SILZ5
2025-11-14 00:34:00+00:00,33,1,42029208,52.61,52.635,52.61,52.635,11,SILZ5
2025-11-14 00:35:00+00:00,33,1,42029208,52.635,52.64,52.62,52.625,14,SILZ5
2025-11-14 00:36:00+00:00,33,1,42029208,52.63,52.63,52.615,52.615,7,SILZ5
2025-11-14 00:37:00+00:00,33,1,42029208,52.625,52.63,52.595,52.605,43,SILZ5
2025-11-14 00:38:00+00:00,33,1,42029208,52.61,52.635,52.61,52.635,22,SILZ5
2025-11-14 00:39:00+00:00,33,1,42029208,52.63,52.635,52.625,52.63,13,SILZ5
2025-11-14 00:40:00+00:00,33,1,42029208,52.635,52.635,52.62,52.62,15,SILZ5
2025-11-14 00:41:00+00:00,33,1,42029208,52.62,52.62,52.61,52.615,11,SILZ5
2025-11-14 00:42:00+00:00,33,1,42029208,52.615,52.63,52.6,52.605,26,SILZ5
2025-11-14 00:43:00+00:00,33,1,42029208,52.61,52.615,52.595,52.6,28,SILZ5
2025-11-14 00:44:00+00:00,33,1,42029208,52.59,52.61,52.585,52.605,25,SILZ5
2025-11-14 00:45:00+00:00,33,1,42029208,52.6,52.62,52.6,52.605,13,SILZ5
2025-11-14 00:46:00+00:00,33,1,42029208,52.6,52.605,52.59,52.59,15,SILZ5
2025-11-14 00:47:00+00:00,33,1,42029208,52.59,52.615,52.57,52.615,45,SILZ5
2025-11-14 00:48:00+00:00,33,1,42029208,52.615,52.615,52.595,52.61,16,SILZ5
2025-11-14 00:49:00+00:00,33,1,42029208,52.61,52.62,52.6,52.6,18,SILZ5
2025-11-14 00:50:00+00:00,33,1,42029208,52.6,52.62,52.6,52.61,12,SILZ5
2025-11-14 00:51:00+00:00,33,1,42029208,52.61,52.61,52.565,52.565,46,SILZ5
2025-11-14 00:52:00+00:00,33,1,42029208,52.57,52.58,52.545,52.545,81,SILZ5
2025-11-14 00:53:00+00:00,33,1,42029208,52.545,52.58,52.535,52.575,61,SILZ5
2025-11-14 00:54:00+00:00,33,1,42029208,52.58,52.595,52.57,52.575,46,SILZ5
2025-11-14 00:55:00+00:00,33,1,42029208,52.575,52.575,52.565,52.575,13,SILZ5
2025-11-14 00:56:00+00:00,33,1,42029208,52.59,52.62,52.59,52.6,68,SILZ5
2025-11-14 00:57:00+00:00,33,1,42029208,52.6,52.61,52.585,52.605,50,SILZ5
2025-11-14 00:58:00+00:00,33,1,42029208,52.61,52.655,52.595,52.65,76,SILZ5
2025-11-14 00:59:00+00:00,33,1,42029208,52.65,52.65,52.615,52.645,52,SILZ5
2025-11-14 01:00:00+00:00,33,1,42029208,52.635,52.665,52.585,52.665,246,SILZ5
2025-11-14 01:01:00+00:00,33,1,42029208,52.66,52.76,52.65,52.735,153,SILZ5
2025-11-14 01:02:00+00:00,33,1,42029208,52.735,52.82,52.705,52.81,163,SILZ5
2025-11-14 01:03:00+00:00,33,1,42029208,52.815,52.86,52.81,52.85,148,SILZ5
2025-11-14 01:04:00+00:00,33,1,42029208,52.845,52.85,52.765,52.77,189,SILZ5
2025-11-14 01:05:00+00:00,33,1,42029208,52.765,52.79,52.745,52.775,82,SILZ5
2025-11-14 01:06:00+00:00,33,1,42029208,52.775,52.825,52.76,52.82,55,SILZ5
2025-11-14 01:07:00+00:00,33,1,42029208,52.81,52.855,52.81,52.83,74,SILZ5
2025-11-14 01:08:00+00:00,33,1,42029208,52.835,52.855,52.82,52.83,59,SILZ5
2025-11-14 01:09:00+00:00,33,1,42029208,52.825,52.835,52.78,52.82,71,SILZ5
2025-11-14 01:10:00+00:00,33,1,42029208,52.83,52.835,52.78,52.78,58,SILZ5
2025-11-14 01:11:00+00:00,33,1,42029208,52.775,52.78,52.735,52.765,75,SILZ5
2025-11-14 01:12:00+00:00,33,1,42029208,52.76,52.765,52.695,52.7,90,SILZ5
2025-11-14 01:13:00+00:00,33,1,42029208,52.7,52.73,52.68,52.68,67,SILZ5
2025-11-14 01:14:00+00:00,33,1,42029208,52.7,52.71,52.685,52.7,27,SILZ5
2025-11-14 01:15:00+00:00,33,1,42029208,52.695,52.735,52.695,52.695,27,SILZ5
2025-11-14 01:16:00+00:00,33,1,42029208,52.69,52.735,52.685,52.725,42,SILZ5
2025-11-14 01:17:00+00:00,33,1,42029208,52.73,52.73,52.625,52.625,73,SILZ5
2025-11-14 01:18:00+00:00,33,1,42029208,52.62,52.645,52.585,52.62,81,SILZ5
2025-11-14 01:19:00+00:00,33,1,42029208,52.62,52.63,52.6,52.625,55,SILZ5
2025-11-14 01:20:00+00:00,33,1,42029208,52.615,52.615,52.55,52.585,94,SILZ5
2025-11-14 01:21:00+00:00,33,1,42029208,52.59,52.59,52.525,52.585,87,SILZ5
2025-11-14 01:22:00+00:00,33,1,42029208,52.595,52.615,52.565,52.575,58,SILZ5
2025-11-14 01:23:00+00:00,33,1,42029208,52.575,52.575,52.505,52.525,75,SILZ5
2025-11-14 01:24:00+00:00,33,1,42029208,52.525,52.565,52.49,52.5,93,SILZ5
2025-11-14 01:25:00+00:00,33,1,42029208,52.505,52.575,52.505,52.56,75,SILZ5
2025-11-14 01:26:00+00:00,33,1,42029208,52.56,52.59,52.54,52.54,48,SILZ5
2025-11-14 01:27:00+00:00,33,1,42029208,52.54,52.565,52.54,52.555,61,SILZ5
2025-11-14 01:28:00+00:00,33,1,42029208,52.56,52.57,52.51,52.51,33,SILZ5
2025-11-14 01:29:00+00:00,33,1,42029208,52.51,52.515,52.48,52.51,54,SILZ5
2025-11-14 01:30:00+00:00,33,1,42029208,52.505,52.58,52.505,52.565,78,SILZ5
2025-11-14 01:31:00+00:00,33,1,42029208,52.575,52.63,52.575,52.63,55,SILZ5
2025-11-14 01:32:00+00:00,33,1,42029208,52.64,52.645,52.585,52.605,56,SILZ5
2025-11-14 01:33:00+00:00,33,1,42029208,52.6,52.6,52.56,52.575,36,SILZ5
2025-11-14 01:34:00+00:00,33,1,42029208,52.575,52.6,52.545,52.555,50,SILZ5
2025-11-14 01:35:00+00:00,33,1,42029208,52.56,52.61,52.545,52.61,31,SILZ5
2025-11-14 01:36:00+00:00,33,1,42029208,52.615,52.64,52.6,52.63,64,SILZ5
2025-11-14 01:37:00+00:00,33,1,42029208,52.63,52.665,52.625,52.665,50,SILZ5
2025-11-14 01:38:00+00:00,33,1,42029208,52.67,52.715,52.67,52.69,80,SILZ5
2025-11-14 01:39:00+00:00,33,1,42029208,52.685,52.7,52.66,52.695,42,SILZ5
2025-11-14 01:40:00+00:00,33,1,42029208,52.7,52.705,52.635,52.645,64,SILZ5
2025-11-14 01:41:00+00:00,33,1,42029208,52.645,52.69,52.645,52.68,52,SILZ5
2025-11-14 01:42:00+00:00,33,1,42029208,52.685,52.725,52.68,52.72,76,SILZ5
2025-11-14 01:43:00+00:00,33,1,42029208,52.725,52.725,52.685,52.7,36,SILZ5
2025-11-14 01:44:00+00:00,33,1,42029208,52.705,52.735,52.705,52.73,43,SILZ5
2025-11-14 01:45:00+00:00,33,1,42029208,52.73,52.775,52.73,52.765,42,SILZ5
2025-11-14 01:46:00+00:00,33,1,42029208,52.76,52.825,52.76,52.8,65,SILZ5
2025-11-14 01:47:00+00:00,33,1,42029208,52.81,52.845,52.8,52.825,74,SILZ5
2025-11-14 01:48:00+00:00,33,1,42029208,52.82,52.83,52.8,52.815,61,SILZ5
2025-11-14 01:49:00+00:00,33,1,42029208,52.81,52.83,52.805,52.83,51,SILZ5
2025-11-14 01:50:00+00:00,33,1,42029208,52.835,52.84,52.815,52.84,48,SILZ5
2025-11-14 01:51:00+00:00,33,1,42029208,52.835,52.835,52.805,52.83,53,SILZ5
2025-11-14 01:52:00+00:00,33,1,42029208,52.84,52.88,52.84,52.865,107,SILZ5
2025-11-14 01:53:00+00:00,33,1,42029208,52.855,52.875,52.85,52.865,57,SILZ5
2025-11-14 01:54:00+00:00,33,1,42029208,52.88,52.915,52.875,52.885,84,SILZ5
2025-11-14 01:55:00+00:00,33,1,42029208,52.885,52.905,52.885,52.9,50,SILZ5
2025-11-14 01:56:00+00:00,33,1,42029208,52.9,52.91,52.88,52.895,51,SILZ5
2025-11-14 01:57:00+00:00,33,1,42029208,52.895,52.92,52.88,52.89,63,SILZ5
2025-11-14 01:58:00+00:00,33,1,42029208,52.89,52.89,52.825,52.845,85,SILZ5
2025-11-14 01:59:00+00:00,33,1,42029208,52.84,52.85,52.815,52.84,35,SILZ5
2025-11-14 02:00:00+00:00,33,1,42029208,52.85,52.86,52.805,52.82,63,SILZ5
2025-11-14 02:01:00+00:00,33,1,42029208,52.825,52.88,52.81,52.88,42,SILZ5
2025-11-14 02:02:00+00:00,33,1,42029208,52.88,52.88,52.83,52.855,64,SILZ5
2025-11-14 02:03:00+00:00,33,1,42029208,52.86,52.87,52.85,52.855,26,SILZ5
2025-11-14 02:04:00+00:00,33,1,42029208,52.84,52.85,52.835,52.835,19,SILZ5
2025-11-14 02:05:00+00:00,33,1,42029208,52.835,52.835,52.795,52.82,86,SILZ5
2025-11-14 02:06:00+00:00,33,1,42029208,52.815,52.815,52.79,52.8,38,SILZ5
2025-11-14 02:07:00+00:00,33,1,42029208,52.815,52.83,52.795,52.82,18,SILZ5
2025-11-14 02:08:00+00:00,33,1,42029208,52.835,52.85,52.825,52.845,53,SILZ5
2025-11-14 02:09:00+00:00,33,1,42029208,52.85,52.87,52.845,52.85,43,SILZ5
2025-11-14 02:10:00+00:00,33,1,42029208,52.85,52.855,52.825,52.835,25,SILZ5
2025-11-14 02:11:00+00:00,33,1,42029208,52.86,52.93,52.86,52.93,79,SILZ5
2025-11-14 02:12:00+00:00,33,1,42029208,52.935,52.97,52.93,52.97,134,SILZ5
2025-11-14 02:13:00+00:00,33,1,42029208,52.96,52.99,52.945,52.945,106,SILZ5
2025-11-14 02:14:00+00:00,33,1,42029208,52.935,52.95,52.92,52.93,54,SILZ5
2025-11-14 02:15:00+00:00,33,1,42029208,52.93,52.95,52.93,52.945,28,SILZ5
2025-11-14 02:16:00+00:00,33,1,42029208,52.935,52.945,52.93,52.935,20,SILZ5
2025-11-14 02:17:00+00:00,33,1,42029208,52.93,52.93,52.88,52.91,39,SILZ5
2025-11-14 02:18:00+00:00,33,1,42029208,52.905,52.92,52.9,52.92,27,SILZ5
2025-11-14 02:19:00+00:00,33,1,42029208,52.92,52.935,52.92,52.925,30,SILZ5
2025-11-14 02:20:00+00:00,33,1,42029208,52.925,52.95,52.915,52.945,33,SILZ5
2025-11-14 02:21:00+00:00,33,1,42029208,52.955,53.035,52.94,53.035,133,SILZ5
2025-11-14 02:22:00+00:00,33,1,42029208,53.04,53.04,53.0,53.01,76,SILZ5
2025-11-14 02:23:00+00:00,33,1,42029208,53.015,53.09,53.015,53.08,110,SILZ5
2025-11-14 02:24:00+00:00,33,1,42029208,53.08,53.1,53.065,53.075,86,SILZ5
2025-11-14 02:25:00+00:00,33,1,42029208,53.08,53.13,53.08,53.125,94,SILZ5
2025-11-14 02:26:00+00:00,33,1,42029208,53.125,53.125,53.09,53.12,82,SILZ5
2025-11-14 02:27:00+00:00,33,1,42029208,53.125,53.14,53.105,53.125,74,SILZ5
2025-11-14 02:28:00+00:00,33,1,42029208,53.13,53.145,53.1,53.1,64,SILZ5
2025-11-14 02:29:00+00:00,33,1,42029208,53.1,53.1,53.03,53.05,73,SILZ5
2025-11-14 02:30:00+00:00,33,1,42029208,53.05,53.11,53.03,53.095,156,SILZ5
2025-11-14 02:31:00+00:00,33,1,42029208,53.095,53.14,53.075,53.075,91,SILZ5
2025-11-14 02:32:00+00:00,33,1,42029208,53.075,53.1,53.065,53.075,68,SILZ5
2025-11-14 02:33:00+00:00,33,1,42029208,53.08,53.14,53.08,53.105,58,SILZ5
2025-11-14 02:34:00+00:00,33,1,42029208,53.11,53.145,53.11,53.145,45,SILZ5
2025-11-14 02:35:00+00:00,33,1,42029208,53.14,53.155,53.11,53.14,63,SILZ5
2025-11-14 02:36:00+00:00,33,1,42029208,53.13,53.13,53.095,53.095,52,SILZ5
2025-11-14 02:37:00+00:00,33,1,42029208,53.09,53.12,53.085,53.095,71,SILZ5
2025-11-14 02:38:00+00:00,33,1,42029208,53.1,53.115,53.08,53.105,53,SILZ5
2025-11-14 02:39:00+00:00,33,1,42029208,53.1,53.13,53.095,53.115,84,SILZ5
2025-11-14 02:40:00+00:00,33,1,42029208,53.115,53.15,53.11,53.11,46,SILZ5
2025-11-14 02:41:00+00:00,33,1,42029208,53.105,53.135,53.1,53.135,40,SILZ5
2025-11-14 02:42:00+00:00,33,1,42029208,53.135,53.135,53.11,53.115,21,SILZ5
2025-11-14 02:43:00+00:00,33,1,42029208,53.11,53.155,53.1,53.145,86,SILZ5
2025-11-14 02:44:00+00:00,33,1,42029208,53.145,53.16,53.145,53.15,22,SILZ5
2025-11-14 02:45:00+00:00,33,1,42029208,53.16,53.17,53.145,53.155,41,SILZ5
2025-11-14 02:46:00+00:00,33,1,42029208,53.155,53.16,53.105,53.135,56,SILZ5
2025-11-14 02:47:00+00:00,33,1,42029208,53.125,53.135,53.105,53.13,23,SILZ5
2025-11-14 02:48:00+00:00,33,1,42029208,53.135,53.145,53.115,53.13,50,SILZ5
2025-11-14 02:49:00+00:00,33,1,42029208,53.13,53.165,53.125,53.15,38,SILZ5
2025-11-14 02:50:00+00:00,33,1,42029208,53.15,53.21,53.15,53.21,143,SILZ5
2025-11-14 02:51:00+00:00,33,1,42029208,53.21,53.215,53.175,53.19,111,SILZ5
2025-11-14 02:52:00+00:00,33,1,42029208,53.185,53.21,53.17,53.195,60,SILZ5
2025-11-14 02:53:00+00:00,33,1,42029208,53.2,53.245,53.195,53.23,68,SILZ5
2025-11-14 02:54:00+00:00,33,1,42029208,53.23,53.245,53.17,53.18,84,SILZ5
2025-11-14 02:55:00+00:00,33,1,42029208,53.175,53.175,53.11,53.11,107,SILZ5
2025-11-14 02:56:00+00:00,33,1,42029208,53.115,53.16,53.115,53.16,46,SILZ5
2025-11-14 02:57:00+00:00,33,1,42029208,53.16,53.21,53.16,53.2,62,SILZ5
2025-11-14 02:58:00+00:00,33,1,42029208,53.195,53.225,53.17,53.18,97,SILZ5
2025-11-14 02:59:00+00:00,33,1,42029208,53.18,53.18,53.13,53.13,24,SILZ5
2025-11-14 03:00:00+00:00,33,1,42029208,53.125,53.125,53.07,53.085,109,SILZ5
2025-11-14 03:01:00+00:00,33,1,42029208,53.075,53.095,53.055,53.08,100,SILZ5
2025-11-14 03:02:00+00:00,33,1,42029208,53.08,53.125,53.07,53.11,65,SILZ5
2025-11-14 03:03:00+00:00,33,1,42029208,53.115,53.175,53.115,53.125,70,SILZ5
2025-11-14 03:04:00+00:00,33,1,42029208,53.13,53.135,53.095,53.095,48,SILZ5
2025-11-14 03:05:00+00:00,33,1,42029208,53.09,53.11,53.04,53.06,81,SILZ5
2025-11-14 03:06:00+00:00,33,1,42029208,53.065,53.09,53.025,53.09,69,SILZ5
2025-11-14 03:07:00+00:00,33,1,42029208,53.075,53.11,53.07,53.09,41,SILZ5
2025-11-14 03:08:00+00:00,33,1,42029208,53.105,53.125,53.105,53.12,21,SILZ5
2025-11-14 03:09:00+00:00,33,1,42029208,53.125,53.175,53.125,53.165,58,SILZ5
2025-11-14 03:10:00+00:00,33,1,42029208,53.16,53.16,53.125,53.14,32,SILZ5
2025-11-14 03:11:00+00:00,33,1,42029208,53.135,53.145,53.105,53.125,26,SILZ5
2025-11-14 03:12:00+00:00,33,1,42029208,53.115,53.115,53.095,53.11,25,SILZ5
2025-11-14 03:13:00+00:00,33,1,42029208,53.1,53.13,53.08,53.12,82,SILZ5
2025-11-14 03:14:00+00:00,33,1,42029208,53.115,53.14,53.105,53.12,17,SILZ5
2025-11-14 03:15:00+00:00,33,1,42029208,53.13,53.13,53.09,53.105,14,SILZ5
2025-11-14 03:16:00+00:00,33,1,42029208,53.12,53.165,53.12,53.165,24,SILZ5
2025-11-14 03:17:00+00:00,33,1,42029208,53.17,53.18,53.15,53.15,39,SILZ5
2025-11-14 03:18:00+00:00,33,1,42029208,53.145,53.175,53.145,53.17,25,SILZ5
2025-11-14 03:19:00+00:00,33,1,42029208,53.165,53.195,53.165,53.18,28,SILZ5
2025-11-14 03:20:00+00:00,33,1,42029208,53.175,53.22,53.175,53.18,54,SILZ5
2025-11-14 03:21:00+00:00,33,1,42029208,53.175,53.195,53.165,53.17,28,SILZ5
2025-11-14 03:22:00+00:00,33,1,42029208,53.175,53.2,53.16,53.195,35,SILZ5
2025-11-14 03:23:00+00:00,33,1,42029208,53.2,53.235,53.19,53.23,47,SILZ5
2025-11-14 03:24:00+00:00,33,1,42029208,53.24,53.325,53.24,53.295,196,SILZ5
2025-11-14 03:25:00+00:00,33,1,42029208,53.295,53.31,53.26,53.3,76,SILZ5
2025-11-14 03:26:00+00:00,33,1,42029208,53.3,53.3,53.265,53.285,62,SILZ5
2025-11-14 03:27:00+00:00,33,1,42029208,53.28,53.3,53.28,53.295,48,SILZ5
2025-11-14 03:28:00+00:00,33,1,42029208,53.295,53.315,53.28,53.295,37,SILZ5
2025-11-14 03:29:00+00:00,33,1,42029208,53.29,53.32,53.29,53.315,36,SILZ5
2025-11-14 03:30:00+00:00,33,1,42029208,53.31,53.36,53.275,53.36,165,SILZ5
2025-11-14 03:31:00+00:00,33,1,42029208,53.355,53.375,53.335,53.35,71,SILZ5
2025-11-14 03:32:00+00:00,33,1,42029208,53.34,53.375,53.32,53.325,63,SILZ5
2025-11-14 03:33:00+00:00,33,1,42029208,53.325,53.335,53.28,53.295,61,SILZ5
2025-11-14 03:34:00+00:00,33,1,42029208,53.295,53.3,53.24,53.24,76,SILZ5
2025-11-14 03:35:00+00:00,33,1,42029208,53.24,53.28,53.24,53.245,36,SILZ5
2025-11-14 03:36:00+00:00,33,1,42029208,53.245,53.25,53.235,53.245,13,SILZ5
2025-11-14 03:37:00+00:00,33,1,42029208,53.26,53.265,53.245,53.25,22,SILZ5
2025-11-14 03:38:00+00:00,33,1,42029208,53.25,53.255,53.245,53.245,15,SILZ5
2025-11-14 03:39:00+00:00,33,1,42029208,53.245,53.25,53.24,53.25,34,SILZ5
2025-11-14 03:40:00+00:00,33,1,42029208,53.25,53.26,53.245,53.245,24,SILZ5
2025-11-14 03:41:00+00:00,33,1,42029208,53.245,53.27,53.24,53.26,32,SILZ5
2025-11-14 03:42:00+00:00,33,1,42029208,53.26,53.26,53.245,53.25,13,SILZ5
2025-11-14 03:43:00+00:00,33,1,42029208,53.245,53.25,53.23,53.235,20,SILZ5
2025-11-14 03:44:00+00:00,33,1,42029208,53.235,53.235,53.205,53.225,47,SILZ5
2025-11-14 03:45:00+00:00,33,1,42029208,53.22,53.225,53.185,53.215,53,SILZ5
2025-11-14 03:46:00+00:00,33,1,42029208,53.21,53.21,53.2,53.205,27,SILZ5
2025-11-14 03:47:00+00:00,33,1,42029208,53.2,53.21,53.18,53.19,60,SILZ5
2025-11-14 03:48:00+00:00,33,1,42029208,53.19,53.215,53.19,53.2,21,SILZ5
2025-11-14 03:49:00+00:00,33,1,42029208,53.2,53.235,53.2,53.215,45,SILZ5
2025-11-14 03:50:00+00:00,33,1,42029208,53.22,53.245,53.22,53.24,46,SILZ5
2025-11-14 03:51:00+00:00,33,1,42029208,53.23,53.235,53.195,53.22,24,SILZ5
2025-11-14 03:52:00+00:00,33,1,42029208,53.215,53.22,53.17,53.17,46,SILZ5
2025-11-14 03:53:00+00:00,33,1,42029208,53.17,53.18,53.145,53.15,42,SILZ5
2025-11-14 03:54:00+00:00,33,1,42029208,53.155,53.16,53.115,53.14,97,SILZ5
2025-11-14 03:55:00+00:00,33,1,42029208,53.145,53.16,53.13,53.145,52,SILZ5
2025-11-14 03:56:00+00:00,33,1,42029208,53.15,53.18,53.145,53.18,32,SILZ5
2025-11-14 03:57:00+00:00,33,1,42029208,53.18,53.195,53.18,53.19,26,SILZ5
2025-11-14 03:58:00+00:00,33,1,42029208,53.185,53.185,53.17,53.175,13,SILZ5
2025-11-14 03:59:00+00:00,33,1,42029208,53.175,53.175,53.155,53.155,20,SILZ5
2025-11-14 04:00:00+00:00,33,1,42029208,53.16,53.175,53.16,53.175,6,SILZ5
2025-11-14 04:01:00+00:00,33,1,42029208,53.175,53.18,53.17,53.175,18,SILZ5
2025-11-14 04:02:00+00:00,33,1,42029208,53.175,53.19,53.165,53.165,51,SILZ5
2025-11-14 04:03:00+00:00,33,1,42029208,53.16,53.16,53.145,53.155,25,SILZ5
2025-11-14 04:04:00+00:00,33,1,42029208,53.17,53.17,53.155,53.155,18,SILZ5
2025-11-14 04:05:00+00:00,33,1,42029208,53.145,53.15,53.11,53.11,39,SILZ5
2025-11-14 04:06:00+00:00,33,1,42029208,53.11,53.13,53.11,53.12,27,SILZ5
2025-11-14 04:07:00+00:00,33,1,42029208,53.12,53.15,53.115,53.145,16,SILZ5
2025-11-14 04:08:00+00:00,33,1,42029208,53.14,53.14,53.125,53.135,20,SILZ5
2025-11-14 04:09:00+00:00,33,1,42029208,53.14,53.145,53.1,53.115,85,SILZ5
2025-11-14 04:10:00+00:00,33,1,42029208,53.115,53.13,53.115,53.12,21,SILZ5
2025-11-14 04:11:00+00:00,33,1,42029208,53.115,53.12,53.09,53.105,29,SILZ5
2025-11-14 04:12:00+00:00,33,1,42029208,53.105,53.11,53.095,53.11,30,SILZ5
2025-11-14 04:13:00+00:00,33,1,42029208,53.105,53.11,53.04,53.06,113,SILZ5
2025-11-14 04:14:00+00:00,33,1,42029208,53.055,53.055,53.01,53.015,130,SILZ5
2025-11-14 04:15:00+00:00,33,1,42029208,53.025,53.035,52.98,52.985,129,SILZ5
2025-11-14 04:16:00+00:00,33,1,42029208,52.995,53.055,52.96,53.05,78,SILZ5
2025-11-14 04:17:00+00:00,33,1,42029208,53.05,53.05,53.015,53.025,20,SILZ5
2025-11-14 04:18:00+00:00,33,1,42029208,53.035,53.045,53.025,53.03,20,SILZ5
2025-11-14 04:19:00+00:00,33,1,42029208,53.02,53.02,52.99,53.005,51,SILZ5
2025-11-14 04:20:00+00:00,33,1,42029208,53.01,53.03,52.88,52.95,237,SILZ5
2025-11-14 04:21:00+00:00,33,1,42029208,52.955,52.965,52.905,52.905,71,SILZ5
2025-11-14 04:22:00+00:00,33,1,42029208,52.905,52.95,52.88,52.88,84,SILZ5
2025-11-14 04:23:00+00:00,33,1,42029208,52.89,52.91,52.875,52.91,94,SILZ5
2025-11-14 04:24:00+00:00,33,1,42029208,52.92,52.93,52.895,52.93,59,SILZ5
2025-11-14 04:25:00+00:00,33,1,42029208,52.94,52.955,52.92,52.95,37,SILZ5
2025-11-14 04:26:00+00:00,33,1,42029208,52.94,52.945,52.905,52.93,56,SILZ5
2025-11-14 04:27:00+00:00,33,1,42029208,52.94,52.955,52.93,52.955,28,SILZ5
2025-11-14 04:28:00+00:00,33,1,42029208,52.955,52.975,52.925,52.93,46,SILZ5
2025-11-14 04:29:00+00:00,33,1,42029208,52.935,52.935,52.89,52.92,67,SILZ5
2025-11-14 04:30:00+00:00,33,1,42029208,52.915,52.92,52.9,52.91,30,SILZ5
2025-11-14 04:31:00+00:00,33,1,42029208,52.91,52.97,52.91,52.97,51,SILZ5
2025-11-14 04:32:00+00:00,33,1,42029208,52.97,52.99,52.96,52.965,54,SILZ5
2025-11-14 04:33:00+00:00,33,1,42029208,52.97,52.985,52.96,52.985,30,SILZ5
2025-11-14 04:34:00+00:00,33,1,42029208,52.99,53.01,52.99,52.99,71,SILZ5
2025-11-14 04:35:00+00:00,33,1,42029208,52.995,52.995,52.97,52.99,38,SILZ5
2025-11-14 04:36:00+00:00,33,1,42029208,52.975,52.975,52.945,52.95,47,SILZ5
2025-11-14 04:37:00+00:00,33,1,42029208,52.955,52.965,52.905,52.91,48,SILZ5
2025-11-14 04:38:00+00:00,33,1,42029208,52.91,52.94,52.91,52.93,24,SILZ5
2025-11-14 04:39:00+00:00,33,1,42029208,52.935,52.99,52.935,52.985,40,SILZ5
2025-11-14 04:40:00+00:00,33,1,42029208,52.99,52.995,52.965,52.965,23,SILZ5
2025-11-14 04:41:00+00:00,33,1,42029208,52.975,52.98,52.95,52.965,42,SILZ5
2025-11-14 04:42:00+00:00,33,1,42029208,52.965,52.97,52.94,52.94,17,SILZ5
2025-11-14 04:43:00+00:00,33,1,42029208,52.945,52.965,52.94,52.955,14,SILZ5
2025-11-14 04:44:00+00:00,33,1,42029208,52.955,52.955,52.95,52.95,4,SILZ5
2025-11-14 04:45:00+00:00,33,1,42029208,52.94,52.94,52.885,52.91,49,SILZ5
2025-11-14 04:46:00+00:00,33,1,42029208,52.91,52.915,52.885,52.915,48,SILZ5
2025-11-14 04:47:00+00:00,33,1,42029208,52.915,52.92,52.9,52.9,15,SILZ5
2025-11-14 04:48:00+00:00,33,1,42029208,52.91,52.92,52.91,52.915,9,SILZ5
2025-11-14 04:49:00+00:00,33,1,42029208,52.91,52.915,52.885,52.915,24,SILZ5
2025-11-14 04:50:00+00:00,33,1,42029208,52.92,52.96,52.92,52.95,26,SILZ5
2025-11-14 04:51:00+00:00,33,1,42029208,52.945,52.95,52.905,52.905,21,SILZ5
2025-11-14 04:52:00+00:00,33,1,42029208,52.91,52.92,52.905,52.92,11,SILZ5
2025-11-14 04:53:00+00:00,33,1,42029208,52.91,52.91,52.89,52.91,19,SILZ5
2025-11-14 04:54:00+00:00,33,1,42029208,52.91,52.92,52.9,52.9,14,SILZ5
2025-11-14 04:55:00+00:00,33,1,42029208,52.9,52.915,52.895,52.915,26,SILZ5
2025-11-14 04:56:00+00:00,33,1,42029208,52.92,52.935,52.915,52.935,8,SILZ5
2025-11-14 04:57:00+00:00,33,1,42029208,52.935,52.99,52.935,52.965,72,SILZ5
2025-11-14 04:58:00+00:00,33,1,42029208,52.965,52.98,52.95,52.965,35,SILZ5
2025-11-14 04:59:00+00:00,33,1,42029208,52.97,52.97,52.96,52.965,11,SILZ5
2025-11-14 05:00:00+00:00,33,1,42029208,52.965,52.965,52.91,52.91,38,SILZ5
2025-11-14 05:01:00+00:00,33,1,42029208,52.905,52.905,52.835,52.835,109,SILZ5
2025-11-14 05:02:00+00:00,33,1,42029208,52.835,52.84,52.815,52.82,75,SILZ5
2025-11-14 05:03:00+00:00,33,1,42029208,52.82,52.865,52.785,52.86,97,SILZ5
2025-11-14 05:04:00+00:00,33,1,42029208,52.855,52.87,52.85,52.855,16,SILZ5
2025-11-14 05:05:00+00:00,33,1,42029208,52.85,52.86,52.835,52.84,24,SILZ5
2025-11-14 05:06:00+00:00,33,1,42029208,52.84,52.84,52.815,52.825,17,SILZ5
2025-11-14 05:07:00+00:00,33,1,42029208,52.82,52.865,52.82,52.865,32,SILZ5
2025-11-14 05:08:00+00:00,33,1,42029208,52.875,52.875,52.835,52.845,24,SILZ5
2025-11-14 05:09:00+00:00,33,1,42029208,52.84,52.84,52.74,52.755,133,SILZ5
2025-11-14 05:10:00+00:00,33,1,42029208,52.755,52.795,52.745,52.77,65,SILZ5
2025-11-14 05:11:00+00:00,33,1,42029208,52.78,52.78,52.71,52.73,134,SILZ5
2025-11-14 05:12:00+00:00,33,1,42029208,52.73,52.74,52.7,52.71,143,SILZ5
2025-11-14 05:13:00+00:00,33,1,42029208,52.705,52.715,52.615,52.615,228,SILZ5
2025-11-14 05:14:00+00:00,33,1,42029208,52.62,52.665,52.605,52.655,157,SILZ5
2025-11-14 05:15:00+00:00,33,1,42029208,52.645,52.65,52.555,52.565,156,SILZ5
2025-11-14 05:16:00+00:00,33,1,42029208,52.57,52.58,52.48,52.51,241,SILZ5
2025-11-14 05:17:00+00:00,33,1,42029208,52.52,52.57,52.5,52.56,108,SILZ5
2025-11-14 05:18:00+00:00,33,1,42029208,52.575,52.61,52.555,52.6,128,SILZ5
2025-11-14 05:19:00+00:00,33,1,42029208,52.605,52.65,52.565,52.645,171,SILZ5
2025-11-14 05:20:00+00:00,33,1,42029208,52.64,52.66,52.62,52.625,104,SILZ5
2025-11-14 05:21:00+00:00,33,1,42029208,52.62,52.625,52.585,52.59,64,SILZ5
2025-11-14 05:22:00+00:00,33,1,42029208,52.595,52.62,52.59,52.605,65,SILZ5
2025-11-14 05:23:00+00:00,33,1,42029208,52.62,52.64,52.595,52.615,64,SILZ5
2025-11-14 05:24:00+00:00,33,1,42029208,52.62,52.67,52.61,52.655,99,SILZ5
2025-11-14 05:25:00+00:00,33,1,42029208,52.65,52.675,52.615,52.615,76,SILZ5
2025-11-14 05:26:00+00:00,33,1,42029208,52.625,52.66,52.62,52.64,62,SILZ5
2025-11-14 05:27:00+00:00,33,1,42029208,52.64,52.69,52.61,52.68,99,SILZ5
2025-11-14 05:28:00+00:00,33,1,42029208,52.685,52.705,52.675,52.705,66,SILZ5
2025-11-14 05:29:00+00:00,33,1,42029208,52.705,52.725,52.695,52.7,98,SILZ5
2025-11-14 05:30:00+00:00,33,1,42029208,52.7,52.775,52.64,52.77,280,SILZ5
2025-11-14 05:31:00+00:00,33,1,42029208,52.77,52.77,52.675,52.74,107,SILZ5
2025-11-14 05:32:00+00:00,33,1,42029208,52.735,52.79,52.735,52.77,142,SILZ5
2025-11-14 05:33:00+00:00,33,1,42029208,52.76,52.795,52.76,52.79,92,SILZ5
2025-11-14 05:34:00+00:00,33,1,42029208,52.795,52.835,52.785,52.785,133,SILZ5
2025-11-14 05:35:00+00:00,33,1,42029208,52.785,52.79,52.715,52.715,79,SILZ5
2025-11-14 05:36:00+00:00,33,1,42029208,52.71,52.785,52.7,52.785,55,SILZ5
2025-11-14 05:37:00+00:00,33,1,42029208,52.79,52.82,52.77,52.805,41,SILZ5
2025-11-14 05:38:00+00:00,33,1,42029208,52.8,52.82,52.785,52.815,36,SILZ5
2025-11-14 05:39:00+00:00,33,1,42029208,52.82,52.855,52.805,52.84,75,SILZ5
2025-11-14 05:40:00+00:00,33,1,42029208,52.835,52.885,52.835,52.865,72,SILZ5
2025-11-14 05:41:00+00:00,33,1,42029208,52.87,52.895,52.87,52.875,81,SILZ5
2025-11-14 05:42:00+00:00,33,1,42029208,52.875,52.89,52.86,52.87,67,SILZ5
2025-11-14 05:43:00+00:00,33,1,42029208,52.88,52.88,52.825,52.835,45,SILZ5
2025-11-14 05:44:00+00:00,33,1,42029208,52.835,52.835,52.81,52.82,27,SILZ5
2025-11-14 05:45:00+00:00,33,1,42029208,52.82,52.845,52.805,52.805,65,SILZ5
2025-11-14 05:46:00+00:00,33,1,42029208,52.82,52.835,52.81,52.83,49,SILZ5
2025-11-14 05:47:00+00:00,33,1,42029208,52.82,52.825,52.795,52.815,48,SILZ5
2025-11-14 05:48:00+00:00,33,1,42029208,52.805,52.805,52.77,52.78,55,SILZ5
2025-11-14 05:49:00+00:00,33,1,42029208,52.785,52.825,52.78,52.82,39,SILZ5
2025-11-14 05:50:00+00:00,33,1,42029208,52.83,52.845,52.795,52.835,47,SILZ5
2025-11-14 05:51:00+00:00,33,1,42029208,52.83,52.83,52.805,52.81,67,SILZ5
2025-11-14 05:52:00+00:00,33,1,42029208,52.805,52.805,52.78,52.79,38,SILZ5
2025-11-14 05:53:00+00:00,33,1,42029208,52.785,52.83,52.785,52.815,31,SILZ5
2025-11-14 05:54:00+00:00,33,1,42029208,52.835,52.855,52.82,52.85,57,SILZ5
2025-11-14 05:55:00+00:00,33,1,42029208,52.85,52.855,52.805,52.81,39,SILZ5
2025-11-14 05:56:00+00:00,33,1,42029208,52.81,52.815,52.795,52.815,21,SILZ5
2025-11-14 05:57:00+00:00,33,1,42029208,52.82,52.83,52.795,52.81,34,SILZ5
2025-11-14 05:58:00+00:00,33,1,42029208,52.82,52.85,52.815,52.85,91,SILZ5
2025-11-14 05:59:00+00:00,33,1,42029208,52.85,52.865,52.845,52.86,70,SILZ5
2025-11-14 06:00:00+00:00,33,1,42029208,52.855,52.855,52.82,52.83,43,SILZ5
2025-11-14 06:01:00+00:00,33,1,42029208,52.835,52.835,52.765,52.805,86,SILZ5
2025-11-14 06:02:00+00:00,33,1,42029208,52.805,52.805,52.76,52.77,51,SILZ5
2025-11-14 06:03:00+00:00,33,1,42029208,52.77,52.81,52.765,52.805,40,SILZ5
2025-11-14 06:04:00+00:00,33,1,42029208,52.81,52.885,52.81,52.88,82,SILZ5
2025-11-14 06:05:00+00:00,33,1,42029208,52.875,52.925,52.875,52.915,70,SILZ5
2025-11-14 06:06:00+00:00,33,1,42029208,52.925,52.935,52.89,52.89,69,SILZ5
2025-11-14 06:07:00+00:00,33,1,42029208,52.89,52.905,52.875,52.905,43,SILZ5
2025-11-14 06:08:00+00:00,33,1,42029208,52.9,52.9,52.87,52.87,21,SILZ5
2025-11-14 06:09:00+00:00,33,1,42029208,52.875,52.875,52.82,52.82,54,SILZ5
2025-11-14 06:10:00+00:00,33,1,42029208,52.81,52.815,52.79,52.8,58,SILZ5
2025-11-14 06:11:00+00:00,33,1,42029208,52.81,52.83,52.805,52.805,26,SILZ5
2025-11-14 06:12:00+00:00,33,1,42029208,52.81,52.81,52.79,52.81,21,SILZ5
2025-11-14 06:13:00+00:00,33,1,42029208,52.815,52.83,52.805,52.805,21,SILZ5
2025-11-14 06:14:00+00:00,33,1,42029208,52.805,52.815,52.79,52.79,34,SILZ5
2025-11-14 06:15:00+00:00,33,1,42029208,52.8,52.805,52.735,52.735,78,SILZ5
2025-11-14 06:16:00+00:00,33,1,42029208,52.73,52.75,52.705,52.71,133,SILZ5
2025-11-14 06:17:00+00:00,33,1,42029208,52.71,52.72,52.675,52.7,152,SILZ5
2025-11-14 06:18:00+00:00,33,1,42029208,52.695,52.715,52.66,52.71,60,SILZ5
2025-11-14 06:19:00+00:00,33,1,42029208,52.7,52.71,52.69,52.7,33,SILZ5
2025-11-14 06:20:00+00:00,33,1,42029208,52.7,52.7,52.635,52.66,101,SILZ5
2025-11-14 06:21:00+00:00,33,1,42029208,52.67,52.685,52.66,52.66,23,SILZ5
2025-11-14 06:22:00+00:00,33,1,42029208,52.66,52.665,52.645,52.665,36,SILZ5
2025-11-14 06:23:00+00:00,33,1,42029208,52.655,52.705,52.65,52.695,51,SILZ5
2025-11-14 06:24:00+00:00,33,1,42029208,52.7,52.705,52.675,52.685,47,SILZ5
2025-11-14 06:25:00+00:00,33,1,42029208,52.685,52.69,52.655,52.655,16,SILZ5
2025-11-14 06:26:00+00:00,33,1,42029208,52.65,52.65,52.555,52.575,137,SILZ5
2025-11-14 06:27:00+00:00,33,1,42029208,52.575,52.575,52.49,52.5,199,SILZ5
2025-11-14 06:28:00+00:00,33,1,42029208,52.5,52.515,52.45,52.475,160,SILZ5
2025-11-14 06:29:00+00:00,33,1,42029208,52.475,52.57,52.475,52.57,105,SILZ5
2025-11-14 06:30:00+00:00,33,1,42029208,52.56,52.62,52.55,52.61,128,SILZ5
2025-11-14 06:31:00+00:00,33,1,42029208,52.61,52.62,52.57,52.61,87,SILZ5
2025-11-14 06:32:00+00:00,33,1,42029208,52.605,52.62,52.57,52.6,64,SILZ5
2025-11-14 06:33:00+00:00,33,1,42029208,52.6,52.635,52.565,52.635,50,SILZ5
2025-11-14 06:34:00+00:00,33,1,42029208,52.635,52.68,52.635,52.68,45,SILZ5
2025-11-14 06:35:00+00:00,33,1,42029208,52.675,52.68,52.655,52.67,51,SILZ5
2025-11-14 06:36:00+00:00,33,1,42029208,52.67,52.685,52.655,52.67,30,SILZ5
2025-11-14 06:37:00+00:00,33,1,42029208,52.675,52.685,52.63,52.685,39,SILZ5
2025-11-14 06:38:00+00:00,33,1,42029208,52.69,52.71,52.69,52.695,64,SILZ5
2025-11-14 06:39:00+00:00,33,1,42029208,52.695,52.7,52.66,52.67,32,SILZ5
2025-11-14 06:40:00+00:00,33,1,42029208,52.67,52.675,52.655,52.675,17,SILZ5
2025-11-14 06:41:00+00:00,33,1,42029208,52.67,52.685,52.63,52.635,36,SILZ5
2025-11-14 06:42:00+00:00,33,1,42029208,52.63,52.655,52.615,52.65,57,SILZ5
2025-11-14 06:43:00+00:00,33,1,42029208,52.66,52.68,52.655,52.675,23,SILZ5
2025-11-14 06:44:00+00:00,33,1,42029208,52.675,52.685,52.66,52.66,25,SILZ5
2025-11-14 06:45:00+00:00,33,1,42029208,52.655,52.66,52.625,52.63,33,SILZ5
2025-11-14 06:46:00+00:00,33,1,42029208,52.63,52.645,52.6,52.61,43,SILZ5
2025-11-14 06:47:00+00:00,33,1,42029208,52.615,52.615,52.58,52.59,27,SILZ5
2025-11-14 06:48:00+00:00,33,1,42029208,52.59,52.59,52.535,52.545,76,SILZ5
2025-11-14 06:49:00+00:00,33,1,42029208,52.55,52.57,52.505,52.55,71,SILZ5
2025-11-14 06:50:00+00:00,33,1,42029208,52.545,52.585,52.525,52.53,71,SILZ5
2025-11-14 06:51:00+00:00,33,1,42029208,52.535,52.535,52.46,52.46,137,SILZ5
2025-11-14 06:52:00+00:00,33,1,42029208,52.475,52.505,52.445,52.48,107,SILZ5
2025-11-14 06:53:00+00:00,33,1,42029208,52.475,52.5,52.47,52.47,62,SILZ5
2025-11-14 06:54:00+00:00,33,1,42029208,52.47,52.505,52.455,52.5,65,SILZ5
2025-11-14 06:55:00+00:00,33,1,42029208,52.49,52.53,52.485,52.495,82,SILZ5
2025-11-14 06:56:00+00:00,33,1,42029208,52.505,52.52,52.48,52.49,74,SILZ5
2025-11-14 06:57:00+00:00,33,1,42029208,52.485,52.515,52.485,52.51,21,SILZ5
2025-11-14 06:58:00+00:00,33,1,42029208,52.51,52.52,52.5,52.505,45,SILZ5
2025-11-14 06:59:00+00:00,33,1,42029208,52.51,52.515,52.47,52.48,63,SILZ5
2025-11-14 07:00:00+00:00,33,1,42029208,52.48,52.585,52.45,52.575,91,SILZ5
2025-11-14 07:01:00+00:00,33,1,42029208,52.57,52.57,52.435,52.445,83,SILZ5
2025-11-14 07:02:00+00:00,33,1,42029208,52.45,52.45,52.375,52.405,159,SILZ5
2025-11-14 07:03:00+00:00,33,1,42029208,52.4,52.435,52.395,52.435,45,SILZ5
2025-11-14 07:04:00+00:00,33,1,42029208,52.435,52.525,52.435,52.52,55,SILZ5
2025-11-14 07:05:00+00:00,33,1,42029208,52.525,52.53,52.485,52.49,56,SILZ5
2025-11-14 07:06:00+00:00,33,1,42029208,52.505,52.505,52.455,52.455,53,SILZ5
2025-11-14 07:07:00+00:00,33,1,42029208,52.47,52.515,52.455,52.48,53,SILZ5
2025-11-14 07:08:00+00:00,33,1,42029208,52.48,52.48,52.415,52.43,60,SILZ5
2025-11-14 07:09:00+00:00,33,1,42029208,52.43,52.465,52.425,52.46,28,SILZ5
2025-11-14 07:10:00+00:00,33,1,42029208,52.465,52.465,52.415,52.42,77,SILZ5
2025-11-14 07:11:00+00:00,33,1,42029208,52.415,52.44,52.395,52.395,100,SILZ5
2025-11-14 07:12:00+00:00,33,1,42029208,52.4,52.45,52.4,52.42,46,SILZ5
2025-11-14 07:13:00+00:00,33,1,42029208,52.43,52.45,52.43,52.435,29,SILZ5
2025-11-14 07:14:00+00:00,33,1,42029208,52.445,52.445,52.35,52.355,67,SILZ5
2025-11-14 07:15:00+00:00,33,1,42029208,52.36,52.385,52.34,52.385,66,SILZ5
2025-11-14 07:16:00+00:00,33,1,42029208,52.39,52.42,52.385,52.39,53,SILZ5
2025-11-14 07:17:00+00:00,33,1,42029208,52.39,52.41,52.335,52.355,57,SILZ5
2025-11-14 07:18:00+00:00,33,1,42029208,52.345,52.37,52.335,52.335,51,SILZ5
2025-11-14 07:19:00+00:00,33,1,42029208,52.33,52.365,52.31,52.335,81,SILZ5
2025-11-14 07:20:00+00:00,33,1,42029208,52.34,52.385,52.32,52.33,78,SILZ5
2025-11-14 07:21:00+00:00,33,1,42029208,52.32,52.33,52.255,52.275,122,SILZ5
2025-11-14 07:22:00+00:00,33,1,42029208,52.285,52.32,52.255,52.29,117,SILZ5
2025-11-14 07:23:00+00:00,33,1,42029208,52.29,52.315,52.265,52.315,62,SILZ5
2025-11-14 07:24:00+00:00,33,1,42029208,52.31,52.325,52.28,52.305,86,SILZ5
2025-11-14 07:25:00+00:00,33,1,42029208,52.305,52.31,52.275,52.28,48,SILZ5
2025-11-14 07:26:00+00:00,33,1,42029208,52.275,52.375,52.27,52.36,90,SILZ5
2025-11-14 07:27:00+00:00,33,1,42029208,52.355,52.375,52.32,52.36,99,SILZ5
2025-11-14 07:28:00+00:00,33,1,42029208,52.36,52.385,52.36,52.37,32,SILZ5
2025-11-14 07:29:00+00:00,33,1,42029208,52.375,52.42,52.375,52.41,85,SILZ5
2025-11-14 07:30:00+00:00,33,1,42029208,52.405,52.46,52.405,52.42,115,SILZ5
2025-11-14 07:31:00+00:00,33,1,42029208,52.42,52.49,52.415,52.475,48,SILZ5
2025-11-14 07:32:00+00:00,33,1,42029208,52.47,52.485,52.455,52.47,23,SILZ5
2025-11-14 07:33:00+00:00,33,1,42029208,52.475,52.485,52.45,52.485,42,SILZ5
2025-11-14 07:34:00+00:00,33,1,42029208,52.48,52.49,52.455,52.49,41,SILZ5
2025-11-14 07:35:00+00:00,33,1,42029208,52.49,52.495,52.46,52.48,44,SILZ5
2025-11-14 07:36:00+00:00,33,1,42029208,52.485,52.505,52.48,52.495,41,SILZ5
2025-11-14 07:37:00+00:00,33,1,42029208,52.5,52.53,52.495,52.525,28,SILZ5
2025-11-14 07:38:00+00:00,33,1,42029208,52.525,52.525,52.5,52.505,39,SILZ5
2025-11-14 07:39:00+00:00,33,1,42029208,52.51,52.54,52.51,52.52,39,SILZ5
2025-11-14 07:40:00+00:00,33,1,42029208,52.52,52.53,52.51,52.525,23,SILZ5
2025-11-14 07:41:00+00:00,33,1,42029208,52.52,52.52,52.475,52.5,85,SILZ5
2025-11-14 07:42:00+00:00,33,1,42029208,52.5,52.565,52.5,52.565,41,SILZ5
2025-11-14 07:43:00+00:00,33,1,42029208,52.57,52.64,52.57,52.635,106,SILZ5
2025-11-14 07:44:00+00:00,33,1,42029208,52.635,52.64,52.615,52.63,48,SILZ5
2025-11-14 07:45:00+00:00,33,1,42029208,52.635,52.645,52.61,52.615,55,SILZ5
2025-11-14 07:46:00+00:00,33,1,42029208,52.615,52.66,52.615,52.66,46,SILZ5
2025-11-14 07:47:00+00:00,33,1,42029208,52.665,52.685,52.645,52.645,56,SILZ5
2025-11-14 07:48:00+00:00,33,1,42029208,52.645,52.695,52.645,52.68,70,SILZ5
2025-11-14 07:49:00+00:00,33,1,42029208,52.68,52.73,52.67,52.715,75,SILZ5
2025-11-14 07:50:00+00:00,33,1,42029208,52.715,52.815,52.705,52.785,204,SILZ5
2025-11-14 07:51:00+00:00,33,1,42029208,52.785,52.835,52.77,52.83,90,SILZ5
2025-11-14 07:52:00+00:00,33,1,42029208,52.835,52.84,52.8,52.8,66,SILZ5
2025-11-14 07:53:00+00:00,33,1,42029208,52.81,52.82,52.79,52.815,63,SILZ5
2025-11-14 07:54:00+00:00,33,1,42029208,52.81,52.82,52.79,52.8,21,SILZ5
2025-11-14 07:55:00+00:00,33,1,42029208,52.8,52.81,52.77,52.78,44,SILZ5
2025-11-14 07:56:00+00:00,33,1,42029208,52.785,52.79,52.77,52.785,31,SILZ5
2025-11-14 07:57:00+00:00,33,1,42029208,52.77,52.82,52.74,52.815,78,SILZ5
2025-11-14 07:58:00+00:00,33,1,42029208,52.82,52.83,52.815,52.815,47,SILZ5
2025-11-14 07:59:00+00:00,33,1,42029208,52.815,52.86,52.8,52.83,74,SILZ5
2025-11-14 08:00:00+00:00,33,1,42029208,52.84,52.84,52.805,52.835,78,SILZ5
2025-11-14 08:01:00+00:00,33,1,42029208,52.81,52.89,52.795,52.87,95,SILZ5
2025-11-14 08:02:00+00:00,33,1,42029208,52.875,52.88,52.82,52.82,82,SILZ5
2025-11-14 08:03:00+00:00,33,1,42029208,52.82,52.835,52.8,52.825,65,SILZ5
2025-11-14 08:04:00+00:00,33,1,42029208,52.835,52.875,52.835,52.85,47,SILZ5
2025-11-14 08:05:00+00:00,33,1,42029208,52.87,52.875,52.82,52.825,53,SILZ5
2025-11-14 08:06:00+00:00,33,1,42029208,52.83,52.85,52.77,52.77,60,SILZ5
2025-11-14 08:07:00+00:00,33,1,42029208,52.77,52.795,52.765,52.795,54,SILZ5
2025-11-14 08:08:00+00:00,33,1,42029208,52.8,52.805,52.725,52.73,47,SILZ5
2025-11-14 08:09:00+00:00,33,1,42029208,52.735,52.735,52.67,52.67,69,SILZ5
2025-11-14 08:10:00+00:00,33,1,42029208,52.68,52.7,52.64,52.68,65,SILZ5
2025-11-14 08:11:00+00:00,33,1,42029208,52.675,52.7,52.655,52.655,60,SILZ5
2025-11-14 08:12:00+00:00,33,1,42029208,52.665,52.735,52.665,52.705,46,SILZ5
2025-11-14 08:13:00+00:00,33,1,42029208,52.7,52.71,52.67,52.67,32,SILZ5
2025-11-14 08:14:00+00:00,33,1,42029208,52.685,52.7,52.67,52.67,28,SILZ5
2025-11-14 08:15:00+00:00,33,1,42029208,52.67,52.68,52.645,52.68,43,SILZ5
2025-11-14 08:16:00+00:00,33,1,42029208,52.67,52.75,52.655,52.73,51,SILZ5
2025-11-14 08:17:00+00:00,33,1,42029208,52.735,52.76,52.73,52.745,30,SILZ5
2025-11-14 08:18:00+00:00,33,1,42029208,52.765,52.84,52.765,52.81,79,SILZ5
2025-11-14 08:19:00+00:00,33,1,42029208,52.81,52.86,52.81,52.82,59,SILZ5
2025-11-14 08:20:00+00:00,33,1,42029208,52.83,52.86,52.785,52.785,66,SILZ5
2025-11-14 08:21:00+00:00,33,1,42029208,52.785,52.8,52.75,52.76,58,SILZ5
2025-11-14 08:22:00+00:00,33,1,42029208,52.73,52.745,52.72,52.735,37,SILZ5
2025-11-14 08:23:00+00:00,33,1,42029208,52.725,52.755,52.71,52.755,38,SILZ5
2025-11-14 08:24:00+00:00,33,1,42029208,52.775,52.835,52.775,52.835,41,SILZ5
2025-11-14 08:25:00+00:00,33,1,42029208,52.83,52.835,52.72,52.75,93,SILZ5
2025-11-14 08:26:00+00:00,33,1,42029208,52.755,52.755,52.72,52.735,74,SILZ5
2025-11-14 08:27:00+00:00,33,1,42029208,52.725,52.73,52.7,52.705,47,SILZ5
2025-11-14 08:28:00+00:00,33,1,42029208,52.695,52.73,52.695,52.72,25,SILZ5
2025-11-14 08:29:00+00:00,33,1,42029208,52.725,52.74,52.71,52.72,36,SILZ5
2025-11-14 08:30:00+00:00,33,1,42029208,52.715,52.745,52.7,52.745,41,SILZ5
2025-11-14 08:31:00+00:00,33,1,42029208,52.74,52.775,52.725,52.76,64,SILZ5
2025-11-14 08:32:00+00:00,33,1,42029208,52.775,52.795,52.77,52.77,22,SILZ5
2025-11-14 08:33:00+00:00,33,1,42029208,52.765,52.82,52.74,52.81,97,SILZ5
2025-11-14 08:34:00+00:00,33,1,42029208,52.8,52.875,52.8,52.87,91,SILZ5
2025-11-14 08:35:00+00:00,33,1,42029208,52.875,52.91,52.87,52.9,76,SILZ5
2025-11-14 08:36:00+00:00,33,1,42029208,52.905,52.945,52.9,52.945,79,SILZ5
2025-11-14 08:37:00+00:00,33,1,42029208,52.95,53.01,52.95,53.005,168,SILZ5
2025-11-14 08:38:00+00:00,33,1,42029208,53.0,53.005,52.92,52.92,97,SILZ5
2025-11-14 08:39:00+00:00,33,1,42029208,52.92,52.95,52.905,52.905,97,SILZ5
2025-11-14 08:40:00+00:00,33,1,42029208,52.895,52.895,52.82,52.83,124,SILZ5
2025-11-14 08:41:00+00:00,33,1,42029208,52.825,52.85,52.77,52.78,85,SILZ5
2025-11-14 08:42:00+00:00,33,1,42029208,52.78,52.875,52.775,52.875,85,SILZ5
2025-11-14 08:43:00+00:00,33,1,42029208,52.86,52.88,52.815,52.86,52,SILZ5
2025-11-14 08:44:00+00:00,33,1,42029208,52.875,52.9,52.875,52.88,33,SILZ5
2025-11-14 08:45:00+00:00,33,1,42029208,52.875,52.88,52.84,52.84,36,SILZ5
2025-11-14 08:46:00+00:00,33,1,42029208,52.845,52.88,52.84,52.88,48,SILZ5
2025-11-14 08:47:00+00:00,33,1,42029208,52.86,52.865,52.81,52.84,86,SILZ5
2025-11-14 08:48:00+00:00,33,1,42029208,52.835,52.865,52.835,52.86,38,SILZ5
2025-11-14 08:49:00+00:00,33,1,42029208,52.865,52.865,52.785,52.795,47,SILZ5
2025-11-14 08:50:00+00:00,33,1,42029208,52.795,52.81,52.76,52.775,76,SILZ5
2025-11-14 08:51:00+00:00,33,1,42029208,52.77,52.8,52.75,52.755,52,SILZ5
2025-11-14 08:52:00+00:00,33,1,42029208,52.755,52.775,52.71,52.76,65,SILZ5
2025-11-14 08:53:00+00:00,33,1,42029208,52.745,52.765,52.74,52.74,40,SILZ5
2025-11-14 08:54:00+00:00,33,1,42029208,52.75,52.765,52.7,52.71,62,SILZ5
2025-11-14 08:55:00+00:00,33,1,42029208,52.7,52.73,52.69,52.695,40,SILZ5
2025-11-14 08:56:00+00:00,33,1,42029208,52.695,52.695,52.605,52.62,210,SILZ5
2025-11-14 08:57:00+00:00,33,1,42029208,52.63,52.665,52.62,52.635,96,SILZ5
2025-11-14 08:58:00+00:00,33,1,42029208,52.64,52.705,52.64,52.695,52,SILZ5
2025-11-14 08:59:00+00:00,33,1,42029208,52.7,52.725,52.7,52.72,56,SILZ5
2025-11-14 09:00:00+00:00,33,1,42029208,52.715,52.755,52.695,52.75,50,SILZ5
2025-11-14 09:01:00+00:00,33,1,42029208,52.725,52.74,52.65,52.665,76,SILZ5
2025-11-14 09:02:00+00:00,33,1,42029208,52.665,52.665,52.61,52.665,74,SILZ5
2025-11-14 09:03:00+00:00,33,1,42029208,52.66,52.665,52.55,52.58,117,SILZ5
2025-11-14 09:04:00+00:00,33,1,42029208,52.58,52.58,52.51,52.575,101,SILZ5
2025-11-14 09:05:00+00:00,33,1,42029208,52.565,52.63,52.565,52.6,90,SILZ5
2025-11-14 09:06:00+00:00,33,1,42029208,52.59,52.63,52.575,52.62,98,SILZ5
2025-11-14 09:07:00+00:00,33,1,42029208,52.63,52.645,52.605,52.61,43,SILZ5
2025-11-14 09:08:00+00:00,33,1,42029208,52.61,52.635,52.575,52.63,59,SILZ5
2025-11-14 09:09:00+00:00,33,1,42029208,52.625,52.685,52.625,52.68,61,SILZ5
2025-11-14 09:10:00+00:00,33,1,42029208,52.685,52.72,52.655,52.69,50,SILZ5
2025-11-14 09:11:00+00:00,33,1,42029208,52.685,52.7,52.67,52.7,32,SILZ5
2025-11-14 09:12:00+00:00,33,1,42029208,52.7,52.7,52.6,52.61,89,SILZ5
2025-11-14 09:13:00+00:00,33,1,42029208,52.63,52.655,52.61,52.655,23,SILZ5
2025-11-14 09:14:00+00:00,33,1,42029208,52.65,52.66,52.645,52.65,14,SILZ5
2025-11-14 09:15:00+00:00,33,1,42029208,52.64,52.685,52.64,52.655,37,SILZ5
2025-11-14 09:16:00+00:00,33,1,42029208,52.66,52.69,52.66,52.685,15,SILZ5
2025-11-14 09:17:00+00:00,33,1,42029208,52.67,52.685,52.645,52.645,23,SILZ5
2025-11-14 09:18:00+00:00,33,1,42029208,52.655,52.66,52.605,52.615,25,SILZ5
2025-11-14 09:19:00+00:00,33,1,42029208,52.605,52.605,52.57,52.595,44,SILZ5
2025-11-14 09:20:00+00:00,33,1,42029208,52.595,52.595,52.545,52.565,31,SILZ5
2025-11-14 09:21:00+00:00,33,1,42029208,52.58,52.6,52.57,52.575,37,SILZ5
2025-11-14 09:22:00+00:00,33,1,42029208,52.585,52.67,52.585,52.67,43,SILZ5
2025-11-14 09:23:00+00:00,33,1,42029208,52.67,52.685,52.64,52.655,39,SILZ5
2025-11-14 09:24:00+00:00,33,1,42029208,52.67,52.67,52.63,52.635,16,SILZ5
2025-11-14 09:25:00+00:00,33,1,42029208,52.635,52.645,52.615,52.615,33,SILZ5
2025-11-14 09:26:00+00:00,33,1,42029208,52.625,52.63,52.61,52.62,24,SILZ5
2025-11-14 09:27:00+00:00,33,1,42029208,52.625,52.63,52.615,52.625,16,SILZ5
2025-11-14 09:28:00+00:00,33,1,42029208,52.61,52.635,52.6,52.625,39,SILZ5
2025-11-14 09:29:00+00:00,33,1,42029208,52.64,52.645,52.63,52.635,22,SILZ5
2025-11-14 09:30:00+00:00,33,1,42029208,52.64,52.68,52.625,52.645,59,SILZ5
2025-11-14 09:31:00+00:00,33,1,42029208,52.65,52.655,52.58,52.655,109,SILZ5
2025-11-14 09:32:00+00:00,33,1,42029208,52.66,52.675,52.645,52.655,57,SILZ5
2025-11-14 09:33:00+00:00,33,1,42029208,52.645,52.665,52.585,52.585,70,SILZ5
2025-11-14 09:34:00+00:00,33,1,42029208,52.595,52.6,52.555,52.575,81,SILZ5
2025-11-14 09:35:00+00:00,33,1,42029208,52.575,52.62,52.575,52.6,28,SILZ5
2025-11-14 09:36:00+00:00,33,1,42029208,52.61,52.635,52.595,52.63,32,SILZ5
2025-11-14 09:37:00+00:00,33,1,42029208,52.625,52.625,52.6,52.605,14,SILZ5
2025-11-14 09:38:00+00:00,33,1,42029208,52.6,52.6,52.55,52.56,40,SILZ5
2025-11-14 09:39:00+00:00,33,1,42029208,52.565,52.595,52.53,52.575,64,SILZ5
2025-11-14 09:40:00+00:00,33,1,42029208,52.56,52.58,52.54,52.575,23,SILZ5
2025-11-14 09:41:00+00:00,33,1,42029208,52.565,52.6,52.565,52.585,48,SILZ5
2025-11-14 09:42:00+00:00,33,1,42029208,52.605,52.62,52.605,52.61,17,SILZ5
2025-11-14 09:43:00+00:00,33,1,42029208,52.625,52.635,52.62,52.625,26,SILZ5
2025-11-14 09:44:00+00:00,33,1,42029208,52.635,52.645,52.625,52.625,41,SILZ5
2025-11-14 09:45:00+00:00,33,1,42029208,52.625,52.625,52.605,52.615,23,SILZ5
2025-11-14 09:46:00+00:00,33,1,42029208,52.62,52.64,52.595,52.63,29,SILZ5
2025-11-14 09:47:00+00:00,33,1,42029208,52.635,52.66,52.63,52.63,54,SILZ5
2025-11-14 09:48:00+00:00,33,1,42029208,52.63,52.635,52.61,52.615,12,SILZ5
2025-11-14 09:49:00+00:00,33,1,42029208,52.605,52.605,52.57,52.59,51,SILZ5
2025-11-14 09:50:00+00:00,33,1,42029208,52.59,52.615,52.59,52.61,20,SILZ5
2025-11-14 09:51:00+00:00,33,1,42029208,52.63,52.64,52.62,52.625,20,SILZ5
2025-11-14 09:52:00+00:00,33,1,42029208,52.625,52.65,52.625,52.65,14,SILZ5
2025-11-14 09:53:00+00:00,33,1,42029208,52.665,52.68,52.665,52.675,37,SILZ5
2025-11-14 09:54:00+00:00,33,1,42029208,52.665,52.665,52.64,52.645,21,SILZ5
2025-11-14 09:55:00+00:00,33,1,42029208,52.635,52.64,52.625,52.64,17,SILZ5
2025-11-14 09:56:00+00:00,33,1,42029208,52.645,52.645,52.61,52.62,34,SILZ5
2025-11-14 09:57:00+00:00,33,1,42029208,52.62,52.62,52.59,52.605,21,SILZ5
2025-11-14 09:58:00+00:00,33,1,42029208,52.61,52.61,52.605,52.605,5,SILZ5
2025-11-14 09:59:00+00:00,33,1,42029208,52.615,52.615,52.59,52.605,14,SILZ5
2025-11-14 10:00:00+00:00,33,1,42029208,52.605,52.615,52.585,52.6,27,SILZ5
2025-11-14 10:01:00+00:00,33,1,42029208,52.61,52.66,52.61,52.66,28,SILZ5
2025-11-14 10:02:00+00:00,33,1,42029208,52.67,52.67,52.66,52.67,16,SILZ5
2025-11-14 10:03:00+00:00,33,1,42029208,52.665,52.665,52.62,52.625,38,SILZ5
2025-11-14 10:04:00+00:00,33,1,42029208,52.62,52.64,52.605,52.615,37,SILZ5
2025-11-14 10:05:00+00:00,33,1,42029208,52.605,52.605,52.485,52.51,129,SILZ5
2025-11-14 10:06:00+00:00,33,1,42029208,52.515,52.545,52.51,52.525,53,SILZ5
2025-11-14 10:07:00+00:00,33,1,42029208,52.515,52.54,52.5,52.525,34,SILZ5
2025-11-14 10:08:00+00:00,33,1,42029208,52.535,52.575,52.535,52.565,39,SILZ5
2025-11-14 10:09:00+00:00,33,1,42029208,52.565,52.575,52.545,52.575,18,SILZ5
2025-11-14 10:10:00+00:00,33,1,42029208,52.575,52.635,52.575,52.61,38,SILZ5
2025-11-14 10:11:00+00:00,33,1,42029208,52.615,52.63,52.6,52.6,25,SILZ5
2025-11-14 10:12:00+00:00,33,1,42029208,52.605,52.615,52.555,52.555,28,SILZ5
2025-11-14 10:13:00+00:00,33,1,42029208,52.555,52.555,52.525,52.535,47,SILZ5
2025-11-14 10:14:00+00:00,33,1,42029208,52.525,52.54,52.52,52.53,17,SILZ5
2025-11-14 10:15:00+00:00,33,1,42029208,52.53,52.53,52.47,52.495,56,SILZ5
2025-11-14 10:16:00+00:00,33,1,42029208,52.495,52.525,52.485,52.515,44,SILZ5
2025-11-14 10:17:00+00:00,33,1,42029208,52.51,52.51,52.455,52.465,65,SILZ5
2025-11-14 10:18:00+00:00,33,1,42029208,52.45,52.49,52.44,52.44,72,SILZ5
2025-11-14 10:19:00+00:00,33,1,42029208,52.445,52.5,52.445,52.5,56,SILZ5
2025-11-14 10:20:00+00:00,33,1,42029208,52.5,52.525,52.475,52.515,30,SILZ5
2025-11-14 10:21:00+00:00,33,1,42029208,52.535,52.595,52.535,52.59,62,SILZ5
2025-11-14 10:22:00+00:00,33,1,42029208,52.585,52.585,52.56,52.56,32,SILZ5
2025-11-14 10:23:00+00:00,33,1,42029208,52.565,52.645,52.56,52.615,98,SILZ5
2025-11-14 10:24:00+00:00,33,1,42029208,52.615,52.615,52.565,52.565,39,SILZ5
2025-11-14 10:25:00+00:00,33,1,42029208,52.55,52.57,52.54,52.545,36,SILZ5
2025-11-14 10:26:00+00:00,33,1,42029208,52.55,52.585,52.545,52.545,37,SILZ5
2025-11-14 10:27:00+00:00,33,1,42029208,52.54,52.545,52.53,52.545,19,SILZ5
2025-11-14 10:28:00+00:00,33,1,42029208,52.545,52.545,52.53,52.535,26,SILZ5
2025-11-14 10:29:00+00:00,33,1,42029208,52.53,52.53,52.49,52.52,51,SILZ5
2025-11-14 10:30:00+00:00,33,1,42029208,52.515,52.52,52.485,52.485,30,SILZ5
2025-11-14 10:31:00+00:00,33,1,42029208,52.48,52.5,52.48,52.5,7,SILZ5
2025-11-14 10:32:00+00:00,33,1,42029208,52.505,52.51,52.465,52.49,28,SILZ5
2025-11-14 10:33:00+00:00,33,1,42029208,52.48,52.5,52.475,52.485,32,SILZ5
2025-11-14 10:34:00+00:00,33,1,42029208,52.485,52.495,52.465,52.495,29,SILZ5
2025-11-14 10:35:00+00:00,33,1,42029208,52.49,52.505,52.48,52.495,19,SILZ5
2025-11-14 10:36:00+00:00,33,1,42029208,52.495,52.525,52.45,52.525,80,SILZ5
2025-11-14 10:37:00+00:00,33,1,42029208,52.525,52.57,52.525,52.555,31,SILZ5
2025-11-14 10:38:00+00:00,33,1,42029208,52.56,52.56,52.535,52.555,34,SILZ5
2025-11-14 10:39:00+00:00,33,1,42029208,52.56,52.59,52.555,52.59,22,SILZ5
2025-11-14 10:40:00+00:00,33,1,42029208,52.58,52.585,52.55,52.575,21,SILZ5
2025-11-14 10:41:00+00:00,33,1,42029208,52.57,52.585,52.57,52.575,16,SILZ5
2025-11-14 10:42:00+00:00,33,1,42029208,52.57,52.605,52.57,52.59,33,SILZ5
2025-11-14 10:43:00+00:00,33,1,42029208,52.59,52.6,52.575,52.575,16,SILZ5
2025-11-14 10:44:00+00:00,33,1,42029208,52.57,52.6,52.555,52.6,19,SILZ5
2025-11-14 10:45:00+00:00,33,1,42029208,52.59,52.6,52.58,52.595,25,SILZ5
2025-11-14 10:46:00+00:00,33,1,42029208,52.59,52.61,52.59,52.605,21,SILZ5
2025-11-14 10:47:00+00:00,33,1,42029208,52.605,52.63,52.57,52.585,48,SILZ5
2025-11-14 10:48:00+00:00,33,1,42029208,52.59,52.6,52.575,52.575,33,SILZ5
2025-11-14 10:49:00+00:00,33,1,42029208,52.58,52.61,52.58,52.605,11,SILZ5
2025-11-14 10:50:00+00:00,33,1,42029208,52.615,52.63,52.615,52.625,11,SILZ5
2025-11-14 10:51:00+00:00,33,1,42029208,52.625,52.64,52.605,52.605,34,SILZ5
2025-11-14 10:52:00+00:00,33,1,42029208,52.6,52.6,52.575,52.585,18,SILZ5
2025-11-14 10:53:00+00:00,33,1,42029208,52.575,52.58,52.57,52.575,12,SILZ5
2025-11-14 10:54:00+00:00,33,1,42029208,52.58,52.58,52.54,52.57,43,SILZ5
2025-11-14 10:55:00+00:00,33,1,42029208,52.57,52.575,52.545,52.545,47,SILZ5
2025-11-14 10:56:00+00:00,33,1,42029208,52.545,52.545,52.5,52.515,61,SILZ5
2025-11-14 10:57:00+00:00,33,1,42029208,52.51,52.53,52.51,52.515,15,SILZ5
2025-11-14 10:58:00+00:00,33,1,42029208,52.5,52.515,52.495,52.495,14,SILZ5
2025-11-14 10:59:00+00:00,33,1,42029208,52.5,52.515,52.48,52.515,32,SILZ5
2025-11-14 11:00:00+00:00,33,1,42029208,52.51,52.53,52.5,52.53,21,SILZ5
2025-11-14 11:01:00+00:00,33,1,42029208,52.54,52.54,52.485,52.515,36,SILZ5
2025-11-14 11:02:00+00:00,33,1,42029208,52.495,52.495,52.45,52.455,31,SILZ5
2025-11-14 11:03:00+00:00,33,1,42029208,52.455,52.455,52.405,52.41,41,SILZ5
2025-11-14 11:04:00+00:00,33,1,42029208,52.425,52.45,52.425,52.44,26,SILZ5
2025-11-14 11:05:00+00:00,33,1,42029208,52.445,52.49,52.445,52.49,62,SILZ5
2025-11-14 11:06:00+00:00,33,1,42029208,52.49,52.49,52.45,52.45,14,SILZ5
2025-11-14 11:07:00+00:00,33,1,42029208,52.44,52.45,52.375,52.39,76,SILZ5
2025-11-14 11:08:00+00:00,33,1,42029208,52.395,52.41,52.3,52.3,115,SILZ5
2025-11-14 11:09:00+00:00,33,1,42029208,52.31,52.35,52.265,52.315,140,SILZ5
2025-11-14 11:10:00+00:00,33,1,42029208,52.325,52.355,52.3,52.305,74,SILZ5
2025-11-14 11:11:00+00:00,33,1,42029208,52.305,52.32,52.26,52.305,132,SILZ5
2025-11-14 11:12:00+00:00,33,1,42029208,52.305,52.305,52.18,52.2,220,SILZ5
2025-11-14 11:13:00+00:00,33,1,42029208,52.19,52.225,52.14,52.22,142,SILZ5
2025-11-14 11:14:00+00:00,33,1,42029208,52.23,52.245,52.2,52.2,62,SILZ5
2025-11-14 11:15:00+00:00,33,1,42029208,52.21,52.225,52.16,52.22,92,SILZ5
2025-11-14 11:16:00+00:00,33,1,42029208,52.22,52.23,52.15,52.15,97,SILZ5
2025-11-14 11:17:00+00:00,33,1,42029208,52.15,52.155,52.04,52.065,323,SILZ5
2025-11-14 11:18:00+00:00,33,1,42029208,52.075,52.14,52.045,52.135,177,SILZ5
2025-11-14 11:19:00+00:00,33,1,42029208,52.14,52.225,52.135,52.175,116,SILZ5
2025-11-14 11:20:00+00:00,33,1,42029208,52.17,52.19,52.11,52.16,76,SILZ5
2025-11-14 11:21:00+00:00,33,1,42029208,52.145,52.155,52.1,52.135,75,SILZ5
2025-11-14 11:22:00+00:00,33,1,42029208,52.135,52.195,52.125,52.17,74,SILZ5
2025-11-14 11:23:00+00:00,33,1,42029208,52.175,52.185,52.13,52.185,38,SILZ5
2025-11-14 11:24:00+00:00,33,1,42029208,52.19,52.245,52.165,52.17,87,SILZ5
2025-11-14 11:25:00+00:00,33,1,42029208,52.175,52.3,52.175,52.27,274,SILZ5
2025-11-14 11:26:00+00:00,33,1,42029208,52.265,52.28,52.205,52.215,208,SILZ5
2025-11-14 11:27:00+00:00,33,1,42029208,52.215,52.225,52.185,52.22,66,SILZ5
2025-11-14 11:28:00+00:00,33,1,42029208,52.205,52.205,52.13,52.13,52,SILZ5
2025-11-14 11:29:00+00:00,33,1,42029208,52.125,52.18,52.125,52.18,25,SILZ5
2025-11-14 11:30:00+00:00,33,1,42029208,52.175,52.225,52.17,52.21,62,SILZ5
2025-11-14 11:31:00+00:00,33,1,42029208,52.2,52.205,52.155,52.16,39,SILZ5
2025-11-14 11:32:00+00:00,33,1,42029208,52.16,52.18,52.155,52.16,49,SILZ5
2025-11-14 11:33:00+00:00,33,1,42029208,52.165,52.225,52.16,52.215,38,SILZ5
2025-11-14 11:34:00+00:00,33,1,42029208,52.215,52.25,52.2,52.25,95,SILZ5
2025-11-14 11:35:00+00:00,33,1,42029208,52.25,52.255,52.235,52.25,32,SILZ5
2025-11-14 11:36:00+00:00,33,1,42029208,52.255,52.26,52.22,52.23,40,SILZ5
2025-11-14 11:37:00+00:00,33,1,42029208,52.235,52.25,52.23,52.245,32,SILZ5
2025-11-14 11:38:00+00:00,33,1,42029208,52.245,52.265,52.24,52.24,35,SILZ5
2025-11-14 11:39:00+00:00,33,1,42029208,52.24,52.245,52.225,52.24,37,SILZ5
2025-11-14 11:40:00+00:00,33,1,42029208,52.235,52.285,52.235,52.28,47,SILZ5
2025-11-14 11:41:00+00:00,33,1,42029208,52.285,52.285,52.23,52.23,28,SILZ5
2025-11-14 11:42:00+00:00,33,1,42029208,52.23,52.24,52.22,52.23,25,SILZ5
2025-11-14 11:43:00+00:00,33,1,42029208,52.23,52.235,52.175,52.175,44,SILZ5
2025-11-14 11:44:00+00:00,33,1,42029208,52.17,52.185,52.155,52.155,33,SILZ5
2025-11-14 11:45:00+00:00,33,1,42029208,52.155,52.155,52.1,52.105,84,SILZ5
2025-11-14 11:46:00+00:00,33,1,42029208,52.1,52.12,52.06,52.065,85,SILZ5
2025-11-14 11:47:00+00:00,33,1,42029208,52.07,52.08,52.035,52.06,114,SILZ5
2025-11-14 11:48:00+00:00,33,1,42029208,52.065,52.125,52.05,52.115,143,SILZ5
2025-11-14 11:49:00+00:00,33,1,42029208,52.105,52.175,52.095,52.155,84,SILZ5
2025-11-14 11:50:00+00:00,33,1,42029208,52.15,52.17,52.125,52.17,68,SILZ5
2025-11-14 11:51:00+00:00,33,1,42029208,52.175,52.21,52.175,52.175,64,SILZ5
2025-11-14 11:52:00+00:00,33,1,42029208,52.17,52.175,52.135,52.135,50,SILZ5
2025-11-14 11:53:00+00:00,33,1,42029208,52.135,52.15,52.1,52.12,88,SILZ5
2025-11-14 11:54:00+00:00,33,1,42029208,52.11,52.115,51.91,51.955,362,SILZ5
2025-11-14 11:55:00+00:00,33,1,42029208,51.95,52.0,51.915,51.93,177,SILZ5
2025-11-14 11:56:00+00:00,33,1,42029208,51.92,51.935,51.87,51.875,226,SILZ5
2025-11-14 11:57:00+00:00,33,1,42029208,51.88,51.94,51.865,51.905,180,SILZ5
2025-11-14 11:58:00+00:00,33,1,42029208,51.915,51.925,51.86,51.895,139,SILZ5
2025-11-14 11:59:00+00:00,33,1,42029208,51.9,51.91,51.82,51.85,157,SILZ5
2025-11-14 12:00:00+00:00,33,1,42029208,51.845,51.865,51.715,51.77,368,SILZ5
2025-11-14 12:01:00+00:00,33,1,42029208,51.77,51.82,51.74,51.75,202,SILZ5
2025-11-14 12:02:00+00:00,33,1,42029208,51.76,51.845,51.735,51.825,167,SILZ5
2025-11-14 12:03:00+00:00,33,1,42029208,51.83,51.835,51.78,51.795,106,SILZ5
2025-11-14 12:04:00+00:00,33,1,42029208,51.795,51.84,51.79,51.83,53,SILZ5
2025-11-14 12:05:00+00:00,33,1,42029208,51.83,51.92,51.83,51.895,152,SILZ5
2025-11-14 12:06:00+00:00,33,1,42029208,51.895,51.9,51.845,51.87,96,SILZ5
2025-11-14 12:07:00+00:00,33,1,42029208,51.875,51.91,51.81,51.91,108,SILZ5
2025-11-14 12:08:00+00:00,33,1,42029208,51.9,51.935,51.895,51.9,86,SILZ5
2025-11-14 12:09:00+00:00,33,1,42029208,51.89,51.89,51.725,51.74,170,SILZ5
2025-11-14 12:10:00+00:00,33,1,42029208,51.74,51.745,51.665,51.7,301,SILZ5
2025-11-14 12:11:00+00:00,33,1,42029208,51.695,51.71,51.625,51.64,222,SILZ5
2025-11-14 12:12:00+00:00,33,1,42029208,51.64,51.645,51.575,51.605,194,SILZ5
2025-11-14 12:13:00+00:00,33,1,42029208,51.605,51.635,51.57,51.6,165,SILZ5
2025-11-14 12:14:00+00:00,33,1,42029208,51.61,51.615,51.56,51.585,163,SILZ5
2025-11-14 12:15:00+00:00,33,1,42029208,51.595,51.64,51.565,51.565,162,SILZ5
2025-11-14 12:16:00+00:00,33,1,42029208,51.57,51.635,51.55,51.6,225,SILZ5
2025-11-14 12:17:00+00:00,33,1,42029208,51.61,51.615,51.51,51.525,185,SILZ5
2025-11-14 12:18:00+00:00,33,1,42029208,51.525,51.54,51.42,51.42,371,SILZ5
2025-11-14 12:19:00+00:00,33,1,42029208,51.435,51.485,51.4,51.44,250,SILZ5
2025-11-14 12:20:00+00:00,33,1,42029208,51.44,51.505,51.355,51.365,213,SILZ5
2025-11-14 12:21:00+00:00,33,1,42029208,51.36,51.45,51.36,51.385,183,SILZ5
2025-11-14 12:22:00+00:00,33,1,42029208,51.39,51.405,51.33,51.35,194,SILZ5
2025-11-14 12:23:00+00:00,33,1,42029208,51.355,51.445,51.345,51.41,187,SILZ5
2025-11-14 12:24:00+00:00,33,1,42029208,51.415,51.54,51.415,51.515,219,SILZ5
2025-11-14 12:25:00+00:00,33,1,42029208,51.515,51.54,51.51,51.51,152,SILZ5
2025-11-14 12:26:00+00:00,33,1,42029208,51.52,51.54,51.46,51.465,97,SILZ5
2025-11-14 12:27:00+00:00,33,1,42029208,51.47,51.505,51.45,51.495,99,SILZ5
2025-11-14 12:28:00+00:00,33,1,42029208,51.495,51.51,51.405,51.415,120,SILZ5
2025-11-14 12:29:00+00:00,33,1,42029208,51.41,51.455,51.365,51.425,138,SILZ5
2025-11-14 12:30:00+00:00,33,1,42029208,51.42,51.495,51.4,51.475,82,SILZ5
2025-11-14 12:31:00+00:00,33,1,42029208,51.47,51.49,51.455,51.465,80,SILZ5
2025-11-14 12:32:00+00:00,33,1,42029208,51.465,51.475,51.425,51.435,76,SILZ5
2025-11-14 12:33:00+00:00,33,1,42029208,51.42,51.42,51.335,51.365,196,SILZ5
2025-11-14 12:34:00+00:00,33,1,42029208,51.355,51.44,51.35,51.44,98,SILZ5
2025-11-14 12:35:00+00:00,33,1,42029208,51.435,51.485,51.42,51.45,182,SILZ5
2025-11-14 12:36:00+00:00,33,1,42029208,51.44,51.535,51.44,51.505,132,SILZ5
2025-11-14 12:37:00+00:00,33,1,42029208,51.505,51.565,51.495,51.56,123,SILZ5
2025-11-14 12:38:00+00:00,33,1,42029208,51.56,51.605,51.44,51.48,192,SILZ5
2025-11-14 12:39:00+00:00,33,1,42029208,51.47,51.5,51.42,51.455,150,SILZ5
2025-11-14 12:40:00+00:00,33,1,42029208,51.445,51.46,51.38,51.435,200,SILZ5
2025-11-14 12:41:00+00:00,33,1,42029208,51.44,51.49,51.44,51.44,71,SILZ5
2025-11-14 12:42:00+00:00,33,1,42029208,51.445,51.46,51.4,51.44,88,SILZ5
2025-11-14 12:43:00+00:00,33,1,42029208,51.44,51.53,51.435,51.5,138,SILZ5
2025-11-14 12:44:00+00:00,33,1,42029208,51.5,51.56,51.47,51.54,126,SILZ5
2025-11-14 12:45:00+00:00,33,1,42029208,51.545,51.59,51.54,51.58,129,SILZ5
2025-11-14 12:46:00+00:00,33,1,42029208,51.59,51.67,51.59,51.655,287,SILZ5
2025-11-14 12:47:00+00:00,33,1,42029208,51.645,51.68,51.625,51.635,99,SILZ5
2025-11-14 12:48:00+00:00,33,1,42029208,51.64,51.66,51.575,51.585,135,SILZ5
2025-11-14 12:49:00+00:00,33,1,42029208,51.57,51.64,51.55,51.62,112,SILZ5
2025-11-14 12:50:00+00:00,33,1,42029208,51.615,51.7,51.615,51.665,189,SILZ5
2025-11-14 12:51:00+00:00,33,1,42029208,51.665,51.665,51.615,51.635,79,SILZ5
2025-11-14 12:52:00+00:00,33,1,42029208,51.645,51.665,51.63,51.635,60,SILZ5
2025-11-14 12:53:00+00:00,33,1,42029208,51.645,51.685,51.645,51.685,101,SILZ5
2025-11-14 12:54:00+00:00,33,1,42029208,51.69,51.735,51.63,51.64,102,SILZ5
2025-11-14 12:55:00+00:00,33,1,42029208,51.645,51.645,51.59,51.6,73,SILZ5
2025-11-14 12:56:00+00:00,33,1,42029208,51.595,51.635,51.595,51.635,59,SILZ5
2025-11-14 12:57:00+00:00,33,1,42029208,51.64,51.67,51.635,51.65,75,SILZ5
2025-11-14 12:58:00+00:00,33,1,42029208,51.66,51.695,51.645,51.69,74,SILZ5
2025-11-14 12:59:00+00:00,33,1,42029208,51.685,51.72,51.665,51.7,108,SILZ5
2025-11-14 13:00:00+00:00,33,1,42029208,51.69,51.815,51.625,51.775,581,SILZ5
2025-11-14 13:01:00+00:00,33,1,42029208,51.765,51.775,51.605,51.615,213,SILZ5
2025-11-14 13:02:00+00:00,33,1,42029208,51.61,51.685,51.61,51.67,146,SILZ5
2025-11-14 13:03:00+00:00,33,1,42029208,51.655,51.74,51.655,51.71,145,SILZ5
2025-11-14 13:04:00+00:00,33,1,42029208,51.705,51.72,51.61,51.61,121,SILZ5
2025-11-14 13:05:00+00:00,33,1,42029208,51.62,51.65,51.59,51.62,119,SILZ5
2025-11-14 13:06:00+00:00,33,1,42029208,51.635,51.655,51.59,51.605,87,SILZ5
2025-11-14 13:07:00+00:00,33,1,42029208,51.61,51.69,51.61,51.665,90,SILZ5
2025-11-14 13:08:00+00:00,33,1,42029208,51.67,51.69,51.62,51.63,92,SILZ5
2025-11-14 13:09:00+00:00,33,1,42029208,51.64,51.655,51.55,51.605,165,SILZ5
2025-11-14 13:10:00+00:00,33,1,42029208,51.625,51.625,51.53,51.545,121,SILZ5
2025-11-14 13:11:00+00:00,33,1,42029208,51.55,51.55,51.38,51.385,300,SILZ5
2025-11-14 13:12:00+00:00,33,1,42029208,51.38,51.405,51.28,51.34,415,SILZ5
2025-11-14 13:13:00+00:00,33,1,42029208,51.345,51.36,51.165,51.235,396,SILZ5
2025-11-14 13:14:00+00:00,33,1,42029208,51.235,51.245,51.11,51.15,346,SILZ5
2025-11-14 13:15:00+00:00,33,1,42029208,51.16,51.215,51.065,51.185,358,SILZ5
2025-11-14 13:16:00+00:00,33,1,42029208,51.185,51.19,51.05,51.08,237,SILZ5
2025-11-14 13:17:00+00:00,33,1,42029208,51.08,51.115,50.97,50.995,425,SILZ5
2025-11-14 13:18:00+00:00,33,1,42029208,50.995,51.035,50.95,50.965,254,SILZ5
2025-11-14 13:19:00+00:00,33,1,42029208,50.965,51.02,50.785,50.815,476,SILZ5
2025-11-14 13:20:00+00:00,33,1,42029208,50.825,50.905,50.8,50.87,282,SILZ5
2025-11-14 13:21:00+00:00,33,1,42029208,50.86,50.965,50.79,50.93,266,SILZ5
2025-11-14 13:22:00+00:00,33,1,42029208,50.935,51.025,50.855,50.86,287,SILZ5
2025-11-14 13:23:00+00:00,33,1,42029208,50.865,50.865,50.685,50.735,365,SILZ5
2025-11-14 13:24:00+00:00,33,1,42029208,50.745,50.905,50.74,50.885,210,SILZ5
2025-11-14 13:25:00+00:00,33,1,42029208,50.89,50.9,50.72,50.73,221,SILZ5
2025-11-14 13:26:00+00:00,33,1,42029208,50.745,50.745,50.55,50.585,395,SILZ5
2025-11-14 13:27:00+00:00,33,1,42029208,50.59,50.675,50.55,50.675,135,SILZ5
2025-11-14 13:28:00+00:00,33,1,42029208,50.675,50.725,50.61,50.63,98,SILZ5
2025-11-14 13:29:00+00:00,33,1,42029208,50.62,50.63,50.5,50.56,139,SILZ5
2025-11-14 13:30:00+00:00,33,1,42029208,50.52,50.655,50.5,50.61,152,SILZ5
2025-11-14 13:31:00+00:00,33,1,42029208,50.64,50.675,50.555,50.645,135,SILZ5
2025-11-14 13:32:00+00:00,33,1,42029208,50.63,50.635,50.51,50.545,119,SILZ5
2025-11-14 13:33:00+00:00,33,1,42029208,50.545,50.66,50.515,50.545,146,SILZ5
2025-11-14 13:34:00+00:00,33,1,42029208,50.555,50.575,50.42,50.43,312,SILZ5
2025-11-14 13:35:00+00:00,33,1,42029208,50.44,50.455,50.285,50.36,458,SILZ5
2025-11-14 13:36:00+00:00,33,1,42029208,50.36,50.5,50.335,50.49,298,SILZ5
2025-11-14 13:37:00+00:00,33,1,42029208,50.5,50.56,50.435,50.56,236,SILZ5
2025-11-14 13:38:00+00:00,33,1,42029208,50.56,50.635,50.535,50.57,231,SILZ5
2025-11-14 13:39:00+00:00,33,1,42029208,50.575,50.59,50.47,50.47,155,SILZ5
2025-11-14 13:40:00+00:00,33,1,42029208,50.455,50.48,50.395,50.455,202,SILZ5
2025-11-14 13:41:00+00:00,33,1,42029208,50.45,50.515,50.43,50.505,142,SILZ5
2025-11-14 13:42:00+00:00,33,1,42029208,50.5,50.61,50.47,50.595,220,SILZ5
2025-11-14 13:43:00+00:00,33,1,42029208,50.61,50.645,50.565,50.59,219,SILZ5
2025-11-14 13:44:00+00:00,33,1,42029208,50.575,50.575,50.41,50.51,206,SILZ5
2025-11-14 13:45:00+00:00,33,1,42029208,50.505,50.525,50.405,50.47,234,SILZ5
2025-11-14 13:46:00+00:00,33,1,42029208,50.465,50.565,50.415,50.555,148,SILZ5
2025-11-14 13:47:00+00:00,33,1,42029208,50.555,50.57,50.43,50.47,165,SILZ5
2025-11-14 13:48:00+00:00,33,1,42029208,50.455,50.465,50.36,50.42,212,SILZ5
2025-11-14 13:49:00+00:00,33,1,42029208,50.42,50.495,50.42,50.455,189,SILZ5
2025-11-14 13:50:00+00:00,33,1,42029208,50.445,50.455,50.31,50.385,279,SILZ5
2025-11-14 13:51:00+00:00,33,1,42029208,50.38,50.425,50.345,50.395,215,SILZ5
2025-11-14 13:52:00+00:00,33,1,42029208,50.4,50.46,50.38,50.425,131,SILZ5
2025-11-14 13:53:00+00:00,33,1,42029208,50.435,50.565,50.435,50.54,180,SILZ5
2025-11-14 13:54:00+00:00,33,1,42029208,50.55,50.595,50.51,50.51,229,SILZ5
2025-11-14 13:55:00+00:00,33,1,42029208,50.515,50.575,50.51,50.51,125,SILZ5
2025-11-14 13:56:00+00:00,33,1,42029208,50.505,50.675,50.505,50.655,175,SILZ5
2025-11-14 13:57:00+00:00,33,1,42029208,50.655,50.665,50.545,50.58,170,SILZ5
2025-11-14 13:58:00+00:00,33,1,42029208,50.575,50.595,50.535,50.56,128,SILZ5
2025-11-14 13:59:00+00:00,33,1,42029208,50.555,50.57,50.48,50.51,110,SILZ5
2025-11-14 14:00:00+00:00,33,1,42029208,50.5,50.525,50.345,50.35,341,SILZ5
2025-11-14 14:01:00+00:00,33,1,42029208,50.35,50.36,50.225,50.235,373,SILZ5
2025-11-14 14:02:00+00:00,33,1,42029208,50.24,50.25,50.085,50.145,469,SILZ5
2025-11-14 14:03:00+00:00,33,1,42029208,50.145,50.15,50.055,50.125,338,SILZ5
2025-11-14 14:04:00+00:00,33,1,42029208,50.135,50.245,50.12,50.24,320,SILZ5
2025-11-14 14:05:00+00:00,33,1,42029208,50.24,50.35,50.23,50.34,231,SILZ5
2025-11-14 14:06:00+00:00,33,1,42029208,50.35,50.36,50.285,50.315,195,SILZ5
2025-11-14 14:07:00+00:00,33,1,42029208,50.315,50.315,50.18,50.23,220,SILZ5
2025-11-14 14:08:00+00:00,33,1,42029208,50.215,50.255,50.18,50.25,129,SILZ5
2025-11-14 14:09:00+00:00,33,1,42029208,50.23,50.23,50.065,50.07,271,SILZ5
2025-11-14 14:10:00+00:00,33,1,42029208,50.065,50.225,50.055,50.22,205,SILZ5
2025-11-14 14:11:00+00:00,33,1,42029208,50.205,50.25,50.14,50.24,204,SILZ5
2025-11-14 14:12:00+00:00,33,1,42029208,50.24,50.25,50.195,50.235,162,SILZ5
2025-11-14 14:13:00+00:00,33,1,42029208,50.235,50.24,50.08,50.145,214,SILZ5
2025-11-14 14:14:00+00:00,33,1,42029208,50.145,50.195,50.12,50.155,85,SILZ5
2025-11-14 14:15:00+00:00,33,1,42029208,50.15,50.19,50.13,50.15,123,SILZ5
2025-11-14 14:16:00+00:00,33,1,42029208,50.155,50.17,50.08,50.115,180,SILZ5
2025-11-14 14:17:00+00:00,33,1,42029208,50.11,50.195,50.11,50.175,103,SILZ5
2025-11-14 14:18:00+00:00,33,1,42029208,50.165,50.25,50.155,50.25,126,SILZ5
2025-11-14 14:19:00+00:00,33,1,42029208,50.24,50.32,50.225,50.27,180,SILZ5
2025-11-14 14:20:00+00:00,33,1,42029208,50.265,50.325,50.25,50.325,148,SILZ5
2025-11-14 14:21:00+00:00,33,1,42029208,50.325,50.395,50.295,50.39,198,SILZ5
2025-11-14 14:22:00+00:00,33,1,42029208,50.39,50.445,50.355,50.44,217,SILZ5
2025-11-14 14:23:00+00:00,33,1,42029208,50.435,50.48,50.4,50.4,160,SILZ5
2025-11-14 14:24:00+00:00,33,1,42029208,50.39,50.41,50.34,50.36,136,SILZ5
2025-11-14 14:25:00+00:00,33,1,42029208,50.36,50.37,50.29,50.295,158,SILZ5
2025-11-14 14:26:00+00:00,33,1,42029208,50.295,50.325,50.265,50.29,126,SILZ5
2025-11-14 14:27:00+00:00,33,1,42029208,50.29,50.32,50.255,50.3,132,SILZ5
2025-11-14 14:28:00+00:00,33,1,42029208,50.3,50.305,50.255,50.265,96,SILZ5
2025-11-14 14:29:00+00:00,33,1,42029208,50.29,50.31,50.24,50.265,134,SILZ5
2025-11-14 14:30:00+00:00,33,1,42029208,50.255,50.325,50.195,50.24,330,SILZ5
2025-11-14 14:31:00+00:00,33,1,42029208,50.245,50.295,50.21,50.215,184,SILZ5
2025-11-14 14:32:00+00:00,33,1,42029208,50.21,50.21,49.9,49.995,793,SILZ5
2025-11-14 14:33:00+00:00,33,1,42029208,50.0,50.02,49.885,49.905,278,SILZ5
2025-11-14 14:34:00+00:00,33,1,42029208,49.905,50.035,49.865,50.025,367,SILZ5
2025-11-14 14:35:00+00:00,33,1,42029208,50.015,50.25,50.005,50.225,399,SILZ5
2025-11-14 14:36:00+00:00,33,1,42029208,50.225,50.325,50.21,50.27,320,SILZ5
2025-11-14 14:37:00+00:00,33,1,42029208,50.265,50.4,50.265,50.385,320,SILZ5
2025-11-14 14:38:00+00:00,33,1,42029208,50.37,50.44,50.35,50.435,210,SILZ5
2025-11-14 14:39:00+00:00,33,1,42029208,50.435,50.48,50.42,50.475,219,SILZ5
2025-11-14 14:40:00+00:00,33,1,42029208,50.48,50.48,50.4,50.445,268,SILZ5
2025-11-14 14:41:00+00:00,33,1,42029208,50.435,50.545,50.435,50.515,363,SILZ5
2025-11-14 14:42:00+00:00,33,1,42029208,50.515,50.53,50.42,50.485,338,SILZ5
2025-11-14 14:43:00+00:00,33,1,42029208,50.49,50.555,50.435,50.52,236,SILZ5
2025-11-14 14:44:00+00:00,33,1,42029208,50.52,50.545,50.485,50.495,204,SILZ5
2025-11-14 14:45:00+00:00,33,1,42029208,50.495,50.535,50.455,50.525,145,SILZ5
2025-11-14 14:46:00+00:00,33,1,42029208,50.525,50.625,50.51,50.58,265,SILZ5
2025-11-14 14:47:00+00:00,33,1,42029208,50.57,50.675,50.57,50.655,337,SILZ5
2025-11-14 14:48:00+00:00,33,1,42029208,50.655,50.725,50.65,50.69,322,SILZ5
2025-11-14 14:49:00+00:00,33,1,42029208,50.685,50.685,50.52,50.55,251,SILZ5
2025-11-14 14:50:00+00:00,33,1,42029208,50.555,50.625,50.52,50.595,216,SILZ5
2025-11-14 14:51:00+00:00,33,1,42029208,50.595,50.62,50.54,50.6,244,SILZ5
2025-11-14 14:52:00+00:00,33,1,42029208,50.6,50.69,50.595,50.685,194,SILZ5
2025-11-14 14:53:00+00:00,33,1,42029208,50.685,50.76,50.675,50.755,318,SILZ5
2025-11-14 14:54:00+00:00,33,1,42029208,50.755,50.775,50.655,50.675,279,SILZ5
2025-11-14 14:55:00+00:00,33,1,42029208,50.68,50.705,50.615,50.665,230,SILZ5
2025-11-14 14:56:00+00:00,33,1,42029208,50.67,50.705,50.61,50.705,215,SILZ5
2025-11-14 14:57:00+00:00,33,1,42029208,50.7,50.715,50.65,50.69,168,SILZ5
2025-11-14 14:58:00+00:00,33,1,42029208,50.68,50.755,50.675,50.74,188,SILZ5
2025-11-14 14:59:00+00:00,33,1,42029208,50.73,50.835,50.725,50.825,223,SILZ5
2025-11-14 15:00:00+00:00,33,1,42029208,50.81,50.815,50.735,50.75,207,SILZ5
2025-11-14 15:01:00+00:00,33,1,42029208,50.755,50.755,50.655,50.66,223,SILZ5
2025-11-14 15:02:00+00:00,33,1,42029208,50.665,50.73,50.625,50.7,186,SILZ5
2025-11-14 15:03:00+00:00,33,1,42029208,50.715,50.72,50.62,50.665,144,SILZ5
2025-11-14 15:04:00+00:00,33,1,42029208,50.66,50.73,50.65,50.715,136,SILZ5
2025-11-14 15:05:00+00:00,33,1,42029208,50.725,50.73,50.635,50.69,225,SILZ5
2025-11-14 15:06:00+00:00,33,1,42029208,50.695,50.76,50.695,50.745,134,SILZ5
2025-11-14 15:07:00+00:00,33,1,42029208,50.74,50.74,50.57,50.59,217,SILZ5
2025-11-14 15:08:00+00:00,33,1,42029208,50.59,50.69,50.575,50.64,133,SILZ5
2025-11-14 15:09:00+00:00,33,1,42029208,50.655,50.745,50.655,50.74,108,SILZ5
2025-11-14 15:10:00+00:00,33,1,42029208,50.735,50.81,50.725,50.795,215,SILZ5
2025-11-14 15:11:00+00:00,33,1,42029208,50.795,50.8,50.715,50.745,183,SILZ5
2025-11-14 15:12:00+00:00,33,1,42029208,50.745,50.82,50.71,50.745,200,SILZ5
2025-11-14 15:13:00+00:00,33,1,42029208,50.74,50.83,50.73,50.775,159,SILZ5
2025-11-14 15:14:00+00:00,33,1,42029208,50.77,50.82,50.735,50.82,125,SILZ5
2025-11-14 15:15:00+00:00,33,1,42029208,50.82,50.87,50.805,50.825,194,SILZ5
2025-11-14 15:16:00+00:00,33,1,42029208,50.82,50.895,50.79,50.795,193,SILZ5
2025-11-14 15:17:00+00:00,33,1,42029208,50.79,50.845,50.775,50.775,118,SILZ5
2025-11-14 15:18:00+00:00,33,1,42029208,50.78,50.845,50.765,50.84,119,SILZ5
2025-11-14 15:19:00+00:00,33,1,42029208,50.85,50.87,50.81,50.865,112,SILZ5
2025-11-14 15:20:00+00:00,33,1,42029208,50.865,50.9,50.83,50.875,130,SILZ5
2025-11-14 15:21:00+00:00,33,1,42029208,50.88,50.9,50.815,50.865,140,SILZ5
2025-11-14 15:22:00+00:00,33,1,42029208,50.86,50.865,50.78,50.79,144,SILZ5
2025-11-14 15:23:00+00:00,33,1,42029208,50.785,50.805,50.71,50.755,173,SILZ5
2025-11-14 15:24:00+00:00,33,1,42029208,50.755,50.805,50.715,50.79,143,SILZ5
2025-11-14 15:25:00+00:00,33,1,42029208,50.77,50.785,50.71,50.75,207,SILZ5
2025-11-14 15:26:00+00:00,33,1,42029208,50.745,50.775,50.74,50.765,113,SILZ5
2025-11-14 15:27:00+00:00,33,1,42029208,50.76,50.865,50.76,50.85,143,SILZ5
2025-11-14 15:28:00+00:00,33,1,42029208,50.85,50.885,50.85,50.855,110,SILZ5
2025-11-14 15:29:00+00:00,33,1,42029208,50.85,50.855,50.805,50.85,115,SILZ5
2025-11-14 15:30:00+00:00,33,1,42029208,50.845,50.87,50.785,50.79,115,SILZ5
2025-11-14 15:31:00+00:00,33,1,42029208,50.78,50.805,50.745,50.785,86,SILZ5
2025-11-14 15:32:00+00:00,33,1,42029208,50.78,50.855,50.78,50.845,119,SILZ5
2025-11-14 15:33:00+00:00,33,1,42029208,50.845,50.85,50.79,50.79,63,SILZ5
2025-11-14 15:34:00+00:00,33,1,42029208,50.805,50.855,50.805,50.805,128,SILZ5
2025-11-14 15:35:00+00:00,33,1,42029208,50.805,50.81,50.75,50.805,161,SILZ5
2025-11-14 15:36:00+00:00,33,1,42029208,50.81,50.85,50.8,50.82,82,SILZ5
2025-11-14 15:37:00+00:00,33,1,42029208,50.81,50.85,50.785,50.845,96,SILZ5
2025-11-14 15:38:00+00:00,33,1,42029208,50.855,50.865,50.79,50.805,73,SILZ5
2025-11-14 15:39:00+00:00,33,1,42029208,50.81,50.84,50.81,50.825,72,SILZ5
2025-11-14 15:40:00+00:00,33,1,42029208,50.815,50.89,50.805,50.815,222,SILZ5
2025-11-14 15:41:00+00:00,33,1,42029208,50.805,50.825,50.755,50.805,150,SILZ5
2025-11-14 15:42:00+00:00,33,1,42029208,50.805,50.85,50.8,50.83,122,SILZ5
2025-11-14 15:43:00+00:00,33,1,42029208,50.825,50.86,50.8,50.82,142,SILZ5
2025-11-14 15:44:00+00:00,33,1,42029208,50.82,50.82,50.765,50.78,79,SILZ5
2025-11-14 15:45:00+00:00,33,1,42029208,50.785,50.82,50.765,50.82,101,SILZ5
2025-11-14 15:46:00+00:00,33,1,42029208,50.83,50.88,50.82,50.88,130,SILZ5
2025-11-14 15:47:00+00:00,33,1,42029208,50.88,51.07,50.88,51.07,430,SILZ5
2025-11-14 15:48:00+00:00,33,1,42029208,51.06,51.12,51.06,51.11,342,SILZ5
2025-11-14 15:49:00+00:00,33,1,42029208,51.1,51.105,51.045,51.09,188,SILZ5
2025-11-14 15:50:00+00:00,33,1,42029208,51.095,51.185,51.085,51.155,349,SILZ5
2025-11-14 15:51:00+00:00,33,1,42029208,51.15,51.165,51.12,51.135,188,SILZ5
2025-11-14 15:52:00+00:00,33,1,42029208,51.135,51.15,51.08,51.11,191,SILZ5
2025-11-14 15:53:00+00:00,33,1,42029208,51.115,51.12,51.045,51.045,147,SILZ5
2025-11-14 15:54:00+00:00,33,1,42029208,51.045,51.06,50.98,51.015,180,SILZ5
2025-11-14 15:55:00+00:00,33,1,42029208,51.015,51.035,50.97,51.0,170,SILZ5
2025-11-14 15:56:00+00:00,33,1,42029208,50.99,51.01,50.965,51.005,123,SILZ5
2025-11-14 15:57:00+00:00,33,1,42029208,51.01,51.115,51.01,51.115,127,SILZ5
2025-11-14 15:58:00+00:00,33,1,42029208,51.12,51.145,51.1,51.145,169,SILZ5
2025-11-14 15:59:00+00:00,33,1,42029208,51.14,51.155,51.1,51.155,109,SILZ5
2025-11-14 16:00:00+00:00,33,1,42029208,51.15,51.17,51.085,51.09,141,SILZ5
2025-11-14 16:01:00+00:00,33,1,42029208,51.08,51.11,51.06,51.075,72,SILZ5
2025-11-14 16:02:00+00:00,33,1,42029208,51.08,51.155,51.07,51.135,95,SILZ5
2025-11-14 16:03:00+00:00,33,1,42029208,51.135,51.14,51.065,51.07,107,SILZ5
2025-11-14 16:04:00+00:00,33,1,42029208,51.065,51.065,51.005,51.02,129,SILZ5
2025-11-14 16:05:00+00:00,33,1,42029208,51.01,51.04,50.945,50.965,175,SILZ5
2025-11-14 16:06:00+00:00,33,1,42029208,50.965,51.04,50.96,51.015,117,SILZ5
2025-11-14 16:07:00+00:00,33,1,42029208,51.02,51.04,51.01,51.01,93,SILZ5
2025-11-14 16:08:00+00:00,33,1,42029208,51.015,51.045,51.015,51.04,80,SILZ5
2025-11-14 16:09:00+00:00,33,1,42029208,51.04,51.045,51.01,51.035,52,SILZ5
2025-11-14 16:10:00+00:00,33,1,42029208,51.04,51.055,50.99,51.015,75,SILZ5
2025-11-14 16:11:00+00:00,33,1,42029208,51.005,51.015,50.965,51.01,88,SILZ5
2025-11-14 16:12:00+00:00,33,1,42029208,51.0,51.02,50.985,51.0,116,SILZ5
2025-11-14 16:13:00+00:00,33,1,42029208,51.0,51.025,50.995,51.025,43,SILZ5
2025-11-14 16:14:00+00:00,33,1,42029208,51.02,51.025,50.965,50.985,66,SILZ5
2025-11-14 16:15:00+00:00,33,1,42029208,50.99,51.045,50.98,51.01,71,SILZ5
2025-11-14 16:16:00+00:00,33,1,42029208,51.015,51.1,51.005,51.1,123,SILZ5
2025-11-14 16:17:00+00:00,33,1,42029208,51.095,51.145,51.09,51.105,107,SILZ5
2025-11-14 16:18:00+00:00,33,1,42029208,51.1,51.135,51.095,51.115,69,SILZ5
2025-11-14 16:19:00+00:00,33,1,42029208,51.115,51.19,51.115,51.185,125,SILZ5
2025-11-14 16:20:00+00:00,33,1,42029208,51.185,51.225,51.18,51.205,187,SILZ5
2025-11-14 16:21:00+00:00,33,1,42029208,51.2,51.245,51.2,51.24,86,SILZ5
2025-11-14 16:22:00+00:00,33,1,42029208,51.23,51.27,51.21,51.25,135,SILZ5
2025-11-14 16:23:00+00:00,33,1,42029208,51.245,51.255,51.215,51.22,84,SILZ5
2025-11-14 16:24:00+00:00,33,1,42029208,51.22,51.225,51.15,51.165,109,SILZ5
2025-11-14 16:25:00+00:00,33,1,42029208,51.165,51.205,51.16,51.19,69,SILZ5
2025-11-14 16:26:00+00:00,33,1,42029208,51.2,51.205,51.16,51.2,56,SILZ5
2025-11-14 16:27:00+00:00,33,1,42029208,51.205,51.245,51.185,51.245,156,SILZ5
2025-11-14 16:28:00+00:00,33,1,42029208,51.25,51.31,51.245,51.305,187,SILZ5
2025-11-14 16:29:00+00:00,33,1,42029208,51.305,51.31,51.23,51.24,141,SILZ5
2025-11-14 16:30:00+00:00,33,1,42029208,51.24,51.275,51.22,51.24,125,SILZ5
2025-11-14 16:31:00+00:00,33,1,42029208,51.235,51.26,51.22,51.225,74,SILZ5
2025-11-14 16:32:00+00:00,33,1,42029208,51.23,51.235,51.18,51.225,77,SILZ5
2025-11-14 16:33:00+00:00,33,1,42029208,51.22,51.225,51.155,51.175,84,SILZ5
2025-11-14 16:34:00+00:00,33,1,42029208,51.175,51.22,51.17,51.2,95,SILZ5
2025-11-14 16:35:00+00:00,33,1,42029208,51.195,51.205,51.16,51.195,48,SILZ5
2025-11-14 16:36:00+00:00,33,1,42029208,51.2,51.22,51.185,51.215,45,SILZ5
2025-11-14 16:37:00+00:00,33,1,42029208,51.22,51.245,51.205,51.245,75,SILZ5
2025-11-14 16:38:00+00:00,33,1,42029208,51.25,51.335,51.25,51.3,148,SILZ5
2025-11-14 16:39:00+00:00,33,1,42029208,51.295,51.315,51.27,51.3,77,SILZ5
2025-11-14 16:40:00+00:00,33,1,42029208,51.295,51.355,51.285,51.33,129,SILZ5
2025-11-14 16:41:00+00:00,33,1,42029208,51.335,51.36,51.325,51.335,100,SILZ5
2025-11-14 16:42:00+00:00,33,1,42029208,51.34,51.365,51.285,51.285,70,SILZ5
2025-11-14 16:43:00+00:00,33,1,42029208,51.29,51.29,51.255,51.275,85,SILZ5
2025-11-14 16:44:00+00:00,33,1,42029208,51.26,51.28,51.24,51.255,126,SILZ5
2025-11-14 16:45:00+00:00,33,1,42029208,51.265,51.265,51.195,51.205,107,SILZ5
2025-11-14 16:46:00+00:00,33,1,42029208,51.19,51.225,51.19,51.22,74,SILZ5
2025-11-14 16:47:00+00:00,33,1,42029208,51.22,51.25,51.19,51.215,89,SILZ5
2025-11-14 16:48:00+00:00,33,1,42029208,51.225,51.25,51.205,51.25,54,SILZ5
2025-11-14 16:49:00+00:00,33,1,42029208,51.23,51.235,51.185,51.22,60,SILZ5
2025-11-14 16:50:00+00:00,33,1,42029208,51.23,51.245,51.22,51.23,56,SILZ5
2025-11-14 16:51:00+00:00,33,1,42029208,51.235,51.245,51.22,51.24,24,SILZ5
2025-11-14 16:52:00+00:00,33,1,42029208,51.235,51.245,51.23,51.235,17,SILZ5
2025-11-14 16:53:00+00:00,33,1,42029208,51.245,51.26,51.235,51.25,57,SILZ5
2025-11-14 16:54:00+00:00,33,1,42029208,51.25,51.255,51.215,51.215,27,SILZ5
2025-11-14 16:55:00+00:00,33,1,42029208,51.22,51.24,51.185,51.185,45,SILZ5
2025-11-14 16:56:00+00:00,33,1,42029208,51.19,51.23,51.185,51.22,37,SILZ5
2025-11-14 16:57:00+00:00,33,1,42029208,51.235,51.24,51.22,51.24,27,SILZ5
2025-11-14 16:58:00+00:00,33,1,42029208,51.235,51.235,51.205,51.22,50,SILZ5
2025-11-14 16:59:00+00:00,33,1,42029208,51.215,51.24,51.215,51.22,28,SILZ5
2025-11-14 17:00:00+00:00,33,1,42029208,51.22,51.22,51.115,51.135,137,SILZ5
2025-11-14 17:01:00+00:00,33,1,42029208,51.15,51.205,51.15,51.2,87,SILZ5
2025-11-14 17:02:00+00:00,33,1,42029208,51.2,51.21,51.185,51.195,70,SILZ5
2025-11-14 17:03:00+00:00,33,1,42029208,51.195,51.265,51.19,51.255,84,SILZ5
2025-11-14 17:04:00+00:00,33,1,42029208,51.26,51.29,51.245,51.285,188,SILZ5
2025-11-14 17:05:00+00:00,33,1,42029208,51.27,51.28,51.18,51.18,80,SILZ5
2025-11-14 17:06:00+00:00,33,1,42029208,51.175,51.18,51.135,51.17,92,SILZ5
2025-11-14 17:07:00+00:00,33,1,42029208,51.165,51.17,51.07,51.08,134,SILZ5
2025-11-14 17:08:00+00:00,33,1,42029208,51.08,51.1,51.045,51.1,165,SILZ5
2025-11-14 17:09:00+00:00,33,1,42029208,51.11,51.195,51.11,51.19,85,SILZ5
2025-11-14 17:10:00+00:00,33,1,42029208,51.195,51.215,51.165,51.165,79,SILZ5
2025-11-14 17:11:00+00:00,33,1,42029208,51.165,51.18,51.14,51.18,74,SILZ5
2025-11-14 17:12:00+00:00,33,1,42029208,51.18,51.18,51.105,51.105,43,SILZ5
2025-11-14 17:13:00+00:00,33,1,42029208,51.105,51.13,51.085,51.125,110,SILZ5
2025-11-14 17:14:00+00:00,33,1,42029208,51.115,51.145,51.105,51.14,67,SILZ5
2025-11-14 17:15:00+00:00,33,1,42029208,51.14,51.16,51.1,51.12,52,SILZ5
2025-11-14 17:16:00+00:00,33,1,42029208,51.125,51.165,51.125,51.15,37,SILZ5
2025-11-14 17:17:00+00:00,33,1,42029208,51.15,51.155,51.14,51.14,38,SILZ5
2025-11-14 17:18:00+00:00,33,1,42029208,51.145,51.16,51.13,51.15,29,SILZ5
2025-11-14 17:19:00+00:00,33,1,42029208,51.145,51.15,51.115,51.115,45,SILZ5
2025-11-14 17:20:00+00:00,33,1,42029208,51.115,51.12,51.065,51.085,80,SILZ5
2025-11-14 17:21:00+00:00,33,1,42029208,51.1,51.14,51.1,51.125,41,SILZ5
2025-11-14 17:22:00+00:00,33,1,42029208,51.12,51.125,51.1,51.125,23,SILZ5
2025-11-14 17:23:00+00:00,33,1,42029208,51.135,51.15,51.115,51.15,16,SILZ5
2025-11-14 17:24:00+00:00,33,1,42029208,51.145,51.17,51.13,51.135,52,SILZ5
2025-11-14 17:25:00+00:00,33,1,42029208,51.125,51.125,51.075,51.075,48,SILZ5
2025-11-14 17:26:00+00:00,33,1,42029208,51.085,51.115,51.075,51.11,97,SILZ5
2025-11-14 17:27:00+00:00,33,1,42029208,51.11,51.135,51.07,51.075,38,SILZ5
2025-11-14 17:28:00+00:00,33,1,42029208,51.085,51.125,51.075,51.125,78,SILZ5
2025-11-14 17:29:00+00:00,33,1,42029208,51.115,51.13,51.11,51.125,43,SILZ5
2025-11-14 17:30:00+00:00,33,1,42029208,51.135,51.135,51.095,51.105,43,SILZ5
2025-11-14 17:31:00+00:00,33,1,42029208,51.11,51.155,51.11,51.155,57,SILZ5
2025-11-14 17:32:00+00:00,33,1,42029208,51.15,51.155,51.095,51.125,55,SILZ5
2025-11-14 17:33:00+00:00,33,1,42029208,51.125,51.155,51.12,51.13,47,SILZ5
2025-11-14 17:34:00+00:00,33,1,42029208,51.125,51.15,51.125,51.15,19,SILZ5
2025-11-14 17:35:00+00:00,33,1,42029208,51.155,51.235,51.155,51.22,137,SILZ5
2025-11-14 17:36:00+00:00,33,1,42029208,51.21,51.25,51.185,51.19,130,SILZ5
2025-11-14 17:37:00+00:00,33,1,42029208,51.195,51.225,51.175,51.21,53,SILZ5
2025-11-14 17:38:00+00:00,33,1,42029208,51.21,51.235,51.2,51.21,75,SILZ5
2025-11-14 17:39:00+00:00,33,1,42029208,51.21,51.22,51.19,51.2,71,SILZ5
2025-11-14 17:40:00+00:00,33,1,42029208,51.2,51.2,51.125,51.135,85,SILZ5
2025-11-14 17:41:00+00:00,33,1,42029208,51.135,51.15,51.11,51.11,54,SILZ5
2025-11-14 17:42:00+00:00,33,1,42029208,51.11,51.14,51.09,51.13,39,SILZ5
2025-11-14 17:43:00+00:00,33,1,42029208,51.125,51.155,51.12,51.135,62,SILZ5
2025-11-14 17:44:00+00:00,33,1,42029208,51.13,51.13,51.105,51.11,48,SILZ5
2025-11-14 17:45:00+00:00,33,1,42029208,51.11,51.12,51.065,51.075,78,SILZ5
2025-11-14 17:46:00+00:00,33,1,42029208,51.07,51.105,51.06,51.095,75,SILZ5
2025-11-14 17:47:00+00:00,33,1,42029208,51.085,51.105,51.065,51.08,49,SILZ5
2025-11-14 17:48:00+00:00,33,1,42029208,51.08,51.085,51.06,51.065,32,SILZ5
2025-11-14 17:49:00+00:00,33,1,42029208,51.065,51.07,51.02,51.05,86,SILZ5
2025-11-14 17:50:00+00:00,33,1,42029208,51.04,51.04,50.985,51.005,137,SILZ5
2025-11-14 17:51:00+00:00,33,1,42029208,51.005,51.045,50.99,51.005,128,SILZ5
2025-11-14 17:52:00+00:00,33,1,42029208,51.01,51.07,51.01,51.06,68,SILZ5
2025-11-14 17:53:00+00:00,33,1,42029208,51.06,51.12,51.06,51.1,78,SILZ5
2025-11-14 17:54:00+00:00,33,1,42029208,51.105,51.105,51.07,51.09,43,SILZ5
2025-11-14 17:55:00+00:00,33,1,42029208,51.085,51.09,51.055,51.085,52,SILZ5
2025-11-14 17:56:00+00:00,33,1,42029208,51.09,51.09,51.045,51.07,30,SILZ5
2025-11-14 17:57:00+00:00,33,1,42029208,51.075,51.085,51.06,51.075,23,SILZ5
2025-11-14 17:58:00+00:00,33,1,42029208,51.065,51.085,51.065,51.085,16,SILZ5
2025-11-14 17:59:00+00:00,33,1,42029208,51.08,51.105,51.05,51.08,75,SILZ5
2025-11-14 18:00:00+00:00,33,1,42029208,51.085,51.1,51.03,51.03,111,SILZ5
2025-11-14 18:01:00+00:00,33,1,42029208,51.03,51.055,50.975,51.01,129,SILZ5
2025-11-14 18:02:00+00:00,33,1,42029208,51.02,51.02,50.96,50.995,100,SILZ5
2025-11-14 18:03:00+00:00,33,1,42029208,51.005,51.005,50.905,50.905,196,SILZ5
2025-11-14 18:04:00+00:00,33,1,42029208,50.91,50.91,50.875,50.885,134,SILZ5
2025-11-14 18:05:00+00:00,33,1,42029208,50.885,50.92,50.845,50.89,133,SILZ5
2025-11-14 18:06:00+00:00,33,1,42029208,50.895,50.93,50.875,50.885,95,SILZ5
2025-11-14 18:07:00+00:00,33,1,42029208,50.885,50.97,50.875,50.915,166,SILZ5
2025-11-14 18:08:00+00:00,33,1,42029208,50.92,50.925,50.875,50.895,68,SILZ5
2025-11-14 18:09:00+00:00,33,1,42029208,50.89,50.94,50.885,50.905,71,SILZ5
2025-11-14 18:10:00+00:00,33,1,42029208,50.92,50.93,50.855,50.915,138,SILZ5
2025-11-14 18:11:00+00:00,33,1,42029208,50.905,50.92,50.88,50.895,50,SILZ5
2025-11-14 18:12:00+00:00,33,1,42029208,50.895,50.995,50.885,50.975,171,SILZ5
2025-11-14 18:13:00+00:00,33,1,42029208,50.975,51.005,50.965,50.97,39,SILZ5
2025-11-14 18:14:00+00:00,33,1,42029208,50.98,51.01,50.975,51.0,87,SILZ5
2025-11-14 18:15:00+00:00,33,1,42029208,50.99,50.995,50.93,50.935,74,SILZ5
2025-11-14 18:16:00+00:00,33,1,42029208,50.935,50.955,50.88,50.91,52,SILZ5
2025-11-14 18:17:00+00:00,33,1,42029208,50.915,50.92,50.805,50.825,143,SILZ5
2025-11-14 18:18:00+00:00,33,1,42029208,50.825,50.845,50.79,50.8,114,SILZ5
2025-11-14 18:19:00+00:00,33,1,42029208,50.8,50.835,50.8,50.815,65,SILZ5
2025-11-14 18:20:00+00:00,33,1,42029208,50.815,50.825,50.76,50.78,108,SILZ5
2025-11-14 18:21:00+00:00,33,1,42029208,50.78,50.8,50.725,50.74,127,SILZ5
2025-11-14 18:22:00+00:00,33,1,42029208,50.735,50.75,50.7,50.72,107,SILZ5
2025-11-14 18:23:00+00:00,33,1,42029208,50.715,50.765,50.715,50.755,134,SILZ5
2025-11-14 18:24:00+00:00,33,1,42029208,50.755,50.755,50.655,50.67,257,SILZ5
2025-11-14 18:25:00+00:00,33,1,42029208,50.675,50.7,50.64,50.665,143,SILZ5
2025-11-14 18:26:00+00:00,33,1,42029208,50.66,50.7,50.66,50.695,51,SILZ5
2025-11-14 18:27:00+00:00,33,1,42029208,50.695,50.725,50.69,50.71,107,SILZ5
2025-11-14 18:28:00+00:00,33,1,42029208,50.705,50.755,50.7,50.74,80,SILZ5
2025-11-14 18:29:00+00:00,33,1,42029208,50.745,50.805,50.745,50.785,90,SILZ5
2025-11-14 18:30:00+00:00,33,1,42029208,50.79,50.89,50.79,50.89,153,SILZ5
2025-11-14 18:31:00+00:00,33,1,42029208,50.88,50.88,50.8,50.825,96,SILZ5
2025-11-14 18:32:00+00:00,33,1,42029208,50.835,50.94,50.835,50.93,125,SILZ5
2025-11-14 18:33:00+00:00,33,1,42029208,50.91,50.93,50.895,50.925,70,SILZ5
2025-11-14 18:34:00+00:00,33,1,42029208,50.925,50.975,50.915,50.955,129,SILZ5
2025-11-14 18:35:00+00:00,33,1,42029208,50.955,51.02,50.955,50.98,198,SILZ5
2025-11-14 18:36:00+00:00,33,1,42029208,50.98,51.015,50.93,51.0,129,SILZ5
2025-11-14 18:37:00+00:00,33,1,42029208,50.995,51.005,50.945,50.95,78,SILZ5
2025-11-14 18:38:00+00:00,33,1,42029208,50.95,51.0,50.93,50.96,88,SILZ5
2025-11-14 18:39:00+00:00,33,1,42029208,50.96,50.98,50.92,50.925,56,SILZ5
2025-11-14 18:40:00+00:00,33,1,42029208,50.93,50.93,50.895,50.905,83,SILZ5
2025-11-14 18:41:00+00:00,33,1,42029208,50.9,50.9,50.85,50.865,66,SILZ5
2025-11-14 18:42:00+00:00,33,1,42029208,50.865,50.89,50.83,50.85,66,SILZ5
2025-11-14 18:43:00+00:00,33,1,42029208,50.835,50.85,50.82,50.85,46,SILZ5
2025-11-14 18:44:00+00:00,33,1,42029208,50.85,50.865,50.84,50.85,42,SILZ5
2025-11-14 18:45:00+00:00,33,1,42029208,50.87,50.905,50.86,50.895,64,SILZ5
2025-11-14 18:46:00+00:00,33,1,42029208,50.905,50.91,50.865,50.875,43,SILZ5
2025-11-14 18:47:00+00:00,33,1,42029208,50.885,50.895,50.87,50.875,22,SILZ5
2025-11-14 18:48:00+00:00,33,1,42029208,50.88,50.88,50.865,50.88,21,SILZ5
2025-11-14 18:49:00+00:00,33,1,42029208,50.88,50.88,50.86,50.875,12,SILZ5
2025-11-14 18:50:00+00:00,33,1,42029208,50.875,50.915,50.875,50.915,63,SILZ5
2025-11-14 18:51:00+00:00,33,1,42029208,50.905,50.985,50.9,50.98,75,SILZ5
2025-11-14 18:52:00+00:00,33,1,42029208,50.975,50.995,50.96,50.995,61,SILZ5
2025-11-14 18:53:00+00:00,33,1,42029208,50.99,51.01,50.98,51.01,44,SILZ5
2025-11-14 18:54:00+00:00,33,1,42029208,51.0,51.015,50.995,50.995,42,SILZ5
2025-11-14 18:55:00+00:00,33,1,42029208,50.98,50.98,50.945,50.945,75,SILZ5
2025-11-14 18:56:00+00:00,33,1,42029208,50.94,50.965,50.935,50.95,46,SILZ5
2025-11-14 18:57:00+00:00,33,1,42029208,50.94,50.95,50.91,50.915,45,SILZ5
2025-11-14 18:58:00+00:00,33,1,42029208,50.915,50.96,50.915,50.955,31,SILZ5
2025-11-14 18:59:00+00:00,33,1,42029208,50.945,50.95,50.915,50.915,46,SILZ5
2025-11-14 19:00:00+00:00,33,1,42029208,50.925,50.975,50.915,50.945,60,SILZ5
2025-11-14 19:01:00+00:00,33,1,42029208,50.945,50.945,50.895,50.91,29,SILZ5
2025-11-14 19:02:00+00:00,33,1,42029208,50.915,50.93,50.895,50.9,24,SILZ5
2025-11-14 19:03:00+00:00,33,1,42029208,50.9,50.925,50.895,50.9,16,SILZ5
2025-11-14 19:04:00+00:00,33,1,42029208,50.91,50.91,50.845,50.85,51,SILZ5
2025-11-14 19:05:00+00:00,33,1,42029208,50.85,50.855,50.76,50.78,113,SILZ5
2025-11-14 19:06:00+00:00,33,1,42029208,50.78,50.84,50.78,50.84,84,SILZ5
2025-11-14 19:07:00+00:00,33,1,42029208,50.825,50.825,50.765,50.765,49,SILZ5
2025-11-14 19:08:00+00:00,33,1,42029208,50.755,50.775,50.735,50.745,91,SILZ5
2025-11-14 19:09:00+00:00,33,1,42029208,50.745,50.775,50.715,50.765,93,SILZ5
2025-11-14 19:10:00+00:00,33,1,42029208,50.765,50.82,50.76,50.775,75,SILZ5
2025-11-14 19:11:00+00:00,33,1,42029208,50.77,50.78,50.73,50.73,65,SILZ5
2025-11-14 19:12:00+00:00,33,1,42029208,50.735,50.825,50.735,50.825,60,SILZ5
2025-11-14 19:13:00+00:00,33,1,42029208,50.83,50.83,50.785,50.795,68,SILZ5
2025-11-14 19:14:00+00:00,33,1,42029208,50.8,50.83,50.795,50.815,41,SILZ5
2025-11-14 19:15:00+00:00,33,1,42029208,50.825,50.865,50.825,50.84,83,SILZ5
2025-11-14 19:16:00+00:00,33,1,42029208,50.835,50.85,50.81,50.81,29,SILZ5
2025-11-14 19:17:00+00:00,33,1,42029208,50.8,50.8,50.77,50.785,35,SILZ5
2025-11-14 19:18:00+00:00,33,1,42029208,50.785,50.82,50.775,50.795,78,SILZ5
2025-11-14 19:19:00+00:00,33,1,42029208,50.79,50.8,50.78,50.78,23,SILZ5
2025-11-14 19:20:00+00:00,33,1,42029208,50.81,50.835,50.81,50.83,16,SILZ5
2025-11-14 19:21:00+00:00,33,1,42029208,50.83,50.835,50.81,50.825,38,SILZ5
2025-11-14 19:22:00+00:00,33,1,42029208,50.825,50.835,50.81,50.835,44,SILZ5
2025-11-14 19:23:00+00:00,33,1,42029208,50.835,50.845,50.815,50.815,54,SILZ5
2025-11-14 19:24:00+00:00,33,1,42029208,50.825,50.87,50.825,50.85,74,SILZ5
2025-11-14 19:25:00+00:00,33,1,42029208,50.85,50.85,50.805,50.815,52,SILZ5
2025-11-14 19:26:00+00:00,33,1,42029208,50.82,50.83,50.8,50.8,27,SILZ5
2025-11-14 19:27:00+00:00,33,1,42029208,50.8,50.805,50.785,50.8,28,SILZ5
2025-11-14 19:28:00+00:00,33,1,42029208,50.815,50.825,50.805,50.825,30,SILZ5
2025-11-14 19:29:00+00:00,33,1,42029208,50.82,50.825,50.815,50.825,9,SILZ5
2025-11-14 19:30:00+00:00,33,1,42029208,50.825,50.835,50.81,50.81,46,SILZ5
2025-11-14 19:31:00+00:00,33,1,42029208,50.81,50.825,50.725,50.74,176,SILZ5
2025-11-14 19:32:00+00:00,33,1,42029208,50.745,50.78,50.7,50.77,118,SILZ5
2025-11-14 19:33:00+00:00,33,1,42029208,50.77,50.78,50.72,50.755,52,SILZ5
2025-11-14 19:34:00+00:00,33,1,42029208,50.755,50.785,50.72,50.72,63,SILZ5
2025-11-14 19:35:00+00:00,33,1,42029208,50.72,50.75,50.715,50.75,26,SILZ5
2025-11-14 19:36:00+00:00,33,1,42029208,50.75,50.775,50.735,50.775,24,SILZ5
2025-11-14 19:37:00+00:00,33,1,42029208,50.79,50.795,50.745,50.77,51,SILZ5
2025-11-14 19:38:00+00:00,33,1,42029208,50.775,50.81,50.775,50.805,26,SILZ5
2025-11-14 19:39:00+00:00,33,1,42029208,50.81,50.83,50.795,50.795,25,SILZ5
2025-11-14 19:40:00+00:00,33,1,42029208,50.785,50.785,50.74,50.74,30,SILZ5
2025-11-14 19:41:00+00:00,33,1,42029208,50.74,50.745,50.715,50.735,38,SILZ5
2025-11-14 19:42:00+00:00,33,1,42029208,50.725,50.735,50.71,50.735,103,SILZ5
2025-11-14 19:43:00+00:00,33,1,42029208,50.74,50.74,50.725,50.73,31,SILZ5
2025-11-14 19:44:00+00:00,33,1,42029208,50.735,50.735,50.7,50.705,49,SILZ5
2025-11-14 19:45:00+00:00,33,1,42029208,50.705,50.725,50.68,50.69,51,SILZ5
2025-11-14 19:46:00+00:00,33,1,42029208,50.71,50.755,50.71,50.73,67,SILZ5
2025-11-14 19:47:00+00:00,33,1,42029208,50.73,50.76,50.725,50.75,59,SILZ5
2025-11-14 19:48:00+00:00,33,1,42029208,50.75,50.755,50.71,50.71,42,SILZ5
2025-11-14 19:49:00+00:00,33,1,42029208,50.71,50.715,50.685,50.69,46,SILZ5
2025-11-14 19:50:00+00:00,33,1,42029208,50.685,50.71,50.68,50.705,41,SILZ5
2025-11-14 19:51:00+00:00,33,1,42029208,50.7,50.735,50.69,50.73,31,SILZ5
2025-11-14 19:52:00+00:00,33,1,42029208,50.74,50.805,50.74,50.785,54,SILZ5
2025-11-14 19:53:00+00:00,33,1,42029208,50.8,50.8,50.76,50.76,38,SILZ5
2025-11-14 19:54:00+00:00,33,1,42029208,50.765,50.765,50.74,50.74,52,SILZ5
2025-11-14 19:55:00+00:00,33,1,42029208,50.755,50.755,50.68,50.685,53,SILZ5
2025-11-14 19:56:00+00:00,33,1,42029208,50.7,50.705,50.65,50.655,109,SILZ5
2025-11-14 19:57:00+00:00,33,1,42029208,50.655,50.69,50.655,50.68,53,SILZ5
2025-11-14 19:58:00+00:00,33,1,42029208,50.67,50.67,50.61,50.645,143,SILZ5
2025-11-14 19:59:00+00:00,33,1,42029208,50.64,50.685,50.635,50.665,61,SILZ5
2025-11-14 20:00:00+00:00,33,1,42029208,50.67,50.72,50.67,50.685,108,SILZ5
2025-11-14 20:01:00+00:00,33,1,42029208,50.675,50.68,50.635,50.67,53,SILZ5
2025-11-14 20:02:00+00:00,33,1,42029208,50.675,50.675,50.645,50.665,56,SILZ5
2025-11-14 20:03:00+00:00,33,1,42029208,50.665,50.665,50.615,50.635,47,SILZ5
2025-11-14 20:04:00+00:00,33,1,42029208,50.635,50.635,50.58,50.585,73,SILZ5
2025-11-14 20:05:00+00:00,33,1,42029208,50.58,50.64,50.58,50.64,48,SILZ5
2025-11-14 20:06:00+00:00,33,1,42029208,50.635,50.635,50.59,50.615,112,SILZ5
2025-11-14 20:07:00+00:00,33,1,42029208,50.615,50.615,50.6,50.615,30,SILZ5
2025-11-14 20:08:00+00:00,33,1,42029208,50.605,50.62,50.6,50.615,39,SILZ5
2025-11-14 20:09:00+00:00,33,1,42029208,50.615,50.615,50.6,50.61,11,SILZ5
2025-11-14 20:10:00+00:00,33,1,42029208,50.625,50.66,50.61,50.655,59,SILZ5
2025-11-14 20:11:00+00:00,33,1,42029208,50.645,50.66,50.625,50.625,45,SILZ5
2025-11-14 20:12:00+00:00,33,1,42029208,50.635,50.665,50.62,50.66,60,SILZ5
2025-11-14 20:13:00+00:00,33,1,42029208,50.66,50.685,50.645,50.655,57,SILZ5
2025-11-14 20:14:00+00:00,33,1,42029208,50.655,50.66,50.625,50.63,20,SILZ5
2025-11-14 20:15:00+00:00,33,1,42029208,50.635,50.665,50.635,50.65,15,SILZ5
2025-11-14 20:16:00+00:00,33,1,42029208,50.645,50.675,50.635,50.675,35,SILZ5
2025-11-14 20:17:00+00:00,33,1,42029208,50.67,50.675,50.655,50.67,43,SILZ5
2025-11-14 20:18:00+00:00,33,1,42029208,50.675,50.68,50.59,50.59,128,SILZ5
2025-11-14 20:19:00+00:00,33,1,42029208,50.6,50.615,50.57,50.57,45,SILZ5
2025-11-14 20:20:00+00:00,33,1,42029208,50.575,50.585,50.515,50.525,128,SILZ5
2025-11-14 20:21:00+00:00,33,1,42029208,50.52,50.52,50.38,50.4,221,SILZ5
2025-11-14 20:22:00+00:00,33,1,42029208,50.405,50.415,50.375,50.41,164,SILZ5
2025-11-14 20:23:00+00:00,33,1,42029208,50.395,50.43,50.38,50.415,101,SILZ5
2025-11-14 20:24:00+00:00,33,1,42029208,50.415,50.455,50.415,50.445,52,SILZ5
2025-11-14 20:25:00+00:00,33,1,42029208,50.44,50.455,50.4,50.435,56,SILZ5
2025-11-14 20:26:00+00:00,33,1,42029208,50.445,50.47,50.415,50.42,57,SILZ5
2025-11-14 20:27:00+00:00,33,1,42029208,50.435,50.48,50.42,50.47,41,SILZ5
2025-11-14 20:28:00+00:00,33,1,42029208,50.48,50.53,50.475,50.525,86,SILZ5
2025-11-14 20:29:00+00:00,33,1,42029208,50.53,50.55,50.495,50.53,64,SILZ5
2025-11-14 20:30:00+00:00,33,1,42029208,50.535,50.57,50.52,50.545,61,SILZ5
2025-11-14 20:31:00+00:00,33,1,42029208,50.54,50.56,50.53,50.56,28,SILZ5
2025-11-14 20:32:00+00:00,33,1,42029208,50.565,50.605,50.56,50.6,48,SILZ5
2025-11-14 20:33:00+00:00,33,1,42029208,50.595,50.63,50.57,50.62,65,SILZ5
2025-11-14 20:34:00+00:00,33,1,42029208,50.62,50.635,50.61,50.615,48,SILZ5
2025-11-14 20:35:00+00:00,33,1,42029208,50.635,50.655,50.615,50.655,80,SILZ5
2025-11-14 20:36:00+00:00,33,1,42029208,50.655,50.665,50.635,50.66,93,SILZ5
2025-11-14 20:37:00+00:00,33,1,42029208,50.66,50.675,50.645,50.645,53,SILZ5
2025-11-14 20:38:00+00:00,33,1,42029208,50.655,50.67,50.645,50.655,56,SILZ5
2025-11-14 20:39:00+00:00,33,1,42029208,50.645,50.665,50.645,50.655,23,SILZ5
2025-11-14 20:40:00+00:00,33,1,42029208,50.66,50.66,50.6,50.62,58,SILZ5
2025-11-14 20:41:00+00:00,33,1,42029208,50.615,50.635,50.61,50.62,36,SILZ5
2025-11-14 20:42:00+00:00,33,1,42029208,50.62,50.635,50.61,50.62,51,SILZ5
2025-11-14 20:43:00+00:00,33,1,42029208,50.63,50.635,50.62,50.63,26,SILZ5
2025-11-14 20:44:00+00:00,33,1,42029208,50.625,50.65,50.62,50.635,37,SILZ5
2025-11-14 20:45:00+00:00,33,1,42029208,50.63,50.635,50.61,50.62,44,SILZ5
2025-11-14 20:46:00+00:00,33,1,42029208,50.62,50.65,50.62,50.65,33,SILZ5
2025-11-14 20:47:00+00:00,33,1,42029208,50.635,50.64,50.63,50.63,13,SILZ5
2025-11-14 20:48:00+00:00,33,1,42029208,50.63,50.635,50.585,50.585,57,SILZ5
2025-11-14 20:49:00+00:00,33,1,42029208,50.58,50.59,50.54,50.555,45,SILZ5
2025-11-14 20:50:00+00:00,33,1,42029208,50.55,50.56,50.49,50.49,74,SILZ5
2025-11-14 20:51:00+00:00,33,1,42029208,50.495,50.545,50.495,50.51,63,SILZ5
2025-11-14 20:52:00+00:00,33,1,42029208,50.525,50.525,50.49,50.49,47,SILZ5
2025-11-14 20:53:00+00:00,33,1,42029208,50.49,50.51,50.48,50.51,28,SILZ5
2025-11-14 20:54:00+00:00,33,1,42029208,50.505,50.51,50.48,50.5,50,SILZ5
2025-11-14 20:55:00+00:00,33,1,42029208,50.505,50.525,50.5,50.515,70,SILZ5
2025-11-14 20:56:00+00:00,33,1,42029208,50.51,50.52,50.48,50.485,32,SILZ5
2025-11-14 20:57:00+00:00,33,1,42029208,50.48,50.525,50.475,50.52,40,SILZ5
2025-11-14 20:58:00+00:00,33,1,42029208,50.525,50.54,50.52,50.535,43,SILZ5
2025-11-14 20:59:00+00:00,33,1,42029208,50.535,50.56,50.535,50.55,43,SILZ5
2025-11-14 21:00:00+00:00,33,1,42029208,50.545,50.555,50.51,50.51,46,SILZ5
2025-11-14 21:01:00+00:00,33,1,42029208,50.51,50.51,50.49,50.495,42,SILZ5
2025-11-14 21:02:00+00:00,33,1,42029208,50.495,50.515,50.49,50.515,28,SILZ5
2025-11-14 21:03:00+00:00,33,1,42029208,50.505,50.505,50.48,50.505,33,SILZ5
2025-11-14 21:04:00+00:00,33,1,42029208,50.515,50.52,50.505,50.505,30,SILZ5
2025-11-14 21:05:00+00:00,33,1,42029208,50.505,50.505,50.45,50.46,55,SILZ5
2025-11-14 21:06:00+00:00,33,1,42029208,50.46,50.46,50.43,50.435,33,SILZ5
2025-11-14 21:07:00+00:00,33,1,42029208,50.435,50.5,50.43,50.48,54,SILZ5
2025-11-14 21:08:00+00:00,33,1,42029208,50.485,50.485,50.475,50.48,14,SILZ5
2025-11-14 21:09:00+00:00,33,1,42029208,50.47,50.47,50.45,50.45,33,SILZ5
2025-11-14 21:10:00+00:00,33,1,42029208,50.445,50.45,50.43,50.45,27,SILZ5
2025-11-14 21:11:00+00:00,33,1,42029208,50.45,50.485,50.445,50.485,27,SILZ5
2025-11-14 21:12:00+00:00,33,1,42029208,50.49,50.49,50.47,50.475,28,SILZ5
2025-11-14 21:13:00+00:00,33,1,42029208,50.49,50.5,50.47,50.47,26,SILZ5
2025-11-14 21:14:00+00:00,33,1,42029208,50.465,50.48,50.46,50.48,13,SILZ5
2025-11-14 21:15:00+00:00,33,1,42029208,50.47,50.54,50.47,50.525,45,SILZ5
2025-11-14 21:16:00+00:00,33,1,42029208,50.53,50.55,50.525,50.545,22,SILZ5
2025-11-14 21:17:00+00:00,33,1,42029208,50.545,50.555,50.54,50.54,24,SILZ5
2025-11-14 21:18:00+00:00,33,1,42029208,50.535,50.54,50.525,50.535,12,SILZ5
2025-11-14 21:19:00+00:00,33,1,42029208,50.53,50.535,50.51,50.51,14,SILZ5
2025-11-14 21:20:00+00:00,33,1,42029208,50.515,50.515,50.49,50.5,12,SILZ5
2025-11-14 21:21:00+00:00,33,1,42029208,50.505,50.51,50.49,50.49,23,SILZ5
2025-11-14 21:22:00+00:00,33,1,42029208,50.495,50.495,50.485,50.49,15,SILZ5
2025-11-14 21:23:00+00:00,33,1,42029208,50.485,50.495,50.48,50.495,8,SILZ5
2025-11-14 21:24:00+00:00,33,1,42029208,50.495,50.495,50.49,50.49,9,SILZ5
2025-11-14 21:25:00+00:00,33,1,42029208,50.5,50.515,50.5,50.51,12,SILZ5
2025-11-14 21:26:00+00:00,33,1,42029208,50.51,50.52,50.49,50.495,24,SILZ5
2025-11-14 21:27:00+00:00,33,1,42029208,50.5,50.5,50.495,50.495,10,SILZ5
2025-11-14 21:28:00+00:00,33,1,42029208,50.49,50.5,50.49,50.5,12,SILZ5
2025-11-14 21:29:00+00:00,33,1,42029208,50.5,50.51,50.5,50.505,39,SILZ5
2025-11-14 21:30:00+00:00,33,1,42029208,50.505,50.505,50.485,50.49,14,SILZ5
2025-11-14 21:31:00+00:00,33,1,42029208,50.485,50.485,50.46,50.48,24,SILZ5
2025-11-14 21:32:00+00:00,33,1,42029208,50.48,50.485,50.44,50.455,22,SILZ5
2025-11-14 21:33:00+00:00,33,1,42029208,50.46,50.47,50.44,50.46,32,SILZ5
2025-11-14 21:34:00+00:00,33,1,42029208,50.455,50.47,50.455,50.47,5,SILZ5
2025-11-14 21:35:00+00:00,33,1,42029208,50.475,50.49,50.425,50.425,80,SILZ5
2025-11-14 21:36:00+00:00,33,1,42029208,50.43,50.435,50.4,50.415,48,SILZ5
2025-11-14 21:37:00+00:00,33,1,42029208,50.42,50.455,50.42,50.44,25,SILZ5
2025-11-14 21:38:00+00:00,33,1,42029208,50.425,50.44,50.42,50.425,14,SILZ5
2025-11-14 21:39:00+00:00,33,1,42029208,50.43,50.43,50.385,50.4,43,SILZ5
2025-11-14 21:40:00+00:00,33,1,42029208,50.39,50.425,50.39,50.425,26,SILZ5
2025-11-14 21:41:00+00:00,33,1,42029208,50.42,50.435,50.42,50.435,8,SILZ5
2025-11-14 21:42:00+00:00,33,1,42029208,50.43,50.435,50.43,50.435,21,SILZ5
2025-11-14 21:43:00+00:00,33,1,42029208,50.45,50.455,50.405,50.43,29,SILZ5
2025-11-14 21:44:00+00:00,33,1,42029208,50.435,50.44,50.435,50.44,11,SILZ5
2025-11-14 21:45:00+00:00,33,1,42029208,50.43,50.43,50.425,50.425,9,SILZ5
2025-11-14 21:46:00+00:00,33,1,42029208,50.435,50.445,50.43,50.435,13,SILZ5
2025-11-14 21:47:00+00:00,33,1,42029208,50.435,50.435,50.415,50.43,26,SILZ5
2025-11-14 21:48:00+00:00,33,1,42029208,50.445,50.445,50.43,50.435,7,SILZ5
2025-11-14 21:49:00+00:00,33,1,42029208,50.43,50.43,50.41,50.425,22,SILZ5
2025-11-14 21:50:00+00:00,33,1,42029208,50.42,50.43,50.39,50.42,54,SILZ5
2025-11-14 21:51:00+00:00,33,1,42029208,50.42,50.42,50.42,50.42,6,SILZ5
2025-11-14 21:52:00+00:00,33,1,42029208,50.42,50.445,50.42,50.445,9,SILZ5
2025-11-14 21:53:00+00:00,33,1,42029208,50.45,50.45,50.44,50.445,18,SILZ5
2025-11-14 21:54:00+00:00,33,1,42029208,50.44,50.47,50.44,50.46,37,SILZ5
2025-11-14 21:55:00+00:00,33,1,42029208,50.455,50.46,50.435,50.455,36,SILZ5
2025-11-14 21:56:00+00:00,33,1,42029208,50.45,50.475,50.45,50.455,21,SILZ5
2025-11-14 21:57:00+00:00,33,1,42029208,50.445,50.445,50.42,50.42,25,SILZ5
2025-11-14 21:58:00+00:00,33,1,42029208,50.425,50.445,50.415,50.43,29,SILZ5
2025-11-14 21:59:00+00:00,33,1,42029208,50.425,50.435,50.375,50.395,64,SILZ5
