ts_event,rtype,publisher_id,instrument_id,open,high,low,close,volume,symbol
2025-11-10 00:00:00+00:00,33,1,651434,59.89,59.89,59.82,59.83,98,CLZ5
2025-11-10 00:01:00+00:00,33,1,651434,59.82,59.83,59.79,59.81,103,CLZ5
2025-11-10 00:02:00+00:00,33,1,651434,59.8,59.81,59.79,59.81,17,CLZ5
2025-11-10 00:03:00+00:00,33,1,651434,59.81,59.81,59.81,59.81,5,CLZ5
2025-11-10 00:04:00+00:00,33,1,651434,59.8,59.8,59.79,59.79,15,CLZ5
2025-11-10 00:05:00+00:00,33,1,651434,59.79,59.79,59.77,59.77,34,CLZ5
2025-11-10 00:06:00+00:00,33,1,651434,59.77,59.78,59.76,59.78,9,CLZ5
2025-11-10 00:07:00+00:00,33,1,651434,59.78,59.82,59.78,59.82,33,CLZ5
2025-11-10 00:08:00+00:00,33,1,651434,59.83,59.83,59.83,59.83,2,CLZ5
2025-11-10 00:09:00+00:00,33,1,651434,59.83,59.85,59.83,59.84,18,CLZ5
2025-11-10 00:10:00+00:00,33,1,651434,59.84,59.84,59.84,59.84,1,CLZ5
2025-11-10 00:11:00+00:00,33,1,651434,59.85,59.86,59.85,59.86,7,CLZ5
2025-11-10 00:13:00+00:00,33,1,651434,59.86,59.87,59.86,59.86,17,CLZ5
2025-11-10 00:14:00+00:00,33,1,651434,59.86,59.87,59.86,59.87,2,CLZ5
2025-11-10 00:15:00+00:00,33,1,651434,59.87,59.87,59.84,59.87,16,CLZ5
2025-11-10 00:16:00+00:00,33,1,651434,59.88,59.89,59.88,59.89,14,CLZ5
2025-11-10 00:17:00+00:00,33,1,651434,59.88,59.89,59.88,59.89,10,CLZ5
2025-11-10 00:18:00+00:00,33,1,651434,59.9,59.92,59.89,59.92,35,CLZ5
2025-11-10 00:19:00+00:00,33,1,651434,59.92,59.93,59.91,59.92,12,CLZ5
2025-11-10 00:20:00+00:00,33,1,651434,59.92,59.92,59.9,59.9,20,CLZ5
2025-11-10 00:21:00+00:00,33,1,651434,59.9,59.91,59.9,59.91,25,CLZ5
2025-11-10 00:22:00+00:00,33,1,651434,59.91,59.91,59.9,59.9,4,CLZ5
2025-11-10 00:23:00+00:00,33,1,651434,59.91,59.91,59.91,59.91,2,CLZ5
2025-11-10 00:24:00+00:00,33,1,651434,59.92,59.92,59.92,59.92,10,CLZ5
2025-11-10 00:25:00+00:00,33,1,651434,59.91,59.91,59.9,59.9,12,CLZ5
2025-11-10 00:26:00+00:00,33,1,651434,59.9,59.92,59.9,59.91,13,CLZ5
2025-11-10 00:27:00+00:00,33,1,651434,59.91,59.91,59.91,59.91,2,CLZ5
2025-11-10 00:29:00+00:00,33,1,651434,59.92,59.92,59.91,59.91,15,CLZ5
2025-11-10 00:30:00+00:00,33,1,651434,59.91,59.91,59.91,59.91,1,CLZ5
2025-11-10 00:31:00+00:00,33,1,651434,59.92,59.92,59.9,59.9,27,CLZ5
2025-11-10 00:32:00+00:00,33,1,651434,59.91,59.91,59.9,59.9,14,CLZ5
2025-11-10 00:33:00+00:00,33,1,651434,59.91,59.92,59.91,59.92,6,CLZ5
2025-11-10 00:34:00+00:00,33,1,651434,59.9,59.9,59.9,59.9,2,CLZ5
2025-11-10 00:35:00+00:00,33,1,651434,59.91,59.91,59.91,59.91,2,CLZ5
2025-11-10 00:36:00+00:00,33,1,651434,59.9,59.91,59.9,59.91,2,CLZ5
2025-11-10 00:37:00+00:00,33,1,651434,59.89,59.89,59.89,59.89,1,CLZ5
2025-11-10 00:38:00+00:00,33,1,651434,59.89,59.9,59.89,59.9,5,CLZ5
2025-11-10 00:39:00+00:00,33,1,651434,59.89,59.9,59.89,59.89,15,CLZ5
2025-11-10 00:40:00+00:00,33,1,651434,59.9,59.9,59.9,59.9,2,CLZ5
2025-11-10 00:41:00+00:00,33,1,651434,59.91,59.92,59.91,59.92,11,CLZ5
2025-11-10 00:43:00+00:00,33,1,651434,59.9,59.9,59.9,59.9,1,CLZ5
2025-11-10 00:44:00+00:00,33,1,651434,59.91,59.91,59.91,59.91,2,CLZ5
2025-11-10 00:45:00+00:00,33,1,651434,59.92,59.93,59.9,59.93,32,CLZ5
2025-11-10 00:46:00+00:00,33,1,651434,59.93,59.93,59.91,59.91,10,CLZ5
2025-11-10 00:47:00+00:00,33,1,651434,59.91,59.92,59.91,59.92,7,CLZ5
2025-11-10 00:48:00+00:00,33,1,651434,59.92,59.92,59.92,59.92,7,CLZ5
2025-11-10 00:49:00+00:00,33,1,651434,59.93,59.93,59.93,59.93,2,CLZ5
2025-11-10 00:50:00+00:00,33,1,651434,59.93,59.93,59.92,59.93,5,CLZ5
2025-11-10 00:51:00+00:00,33,1,651434,59.93,59.94,59.93,59.93,14,CLZ5
2025-11-10 00:52:00+00:00,33,1,651434,59.94,59.94,59.94,59.94,17,CLZ5
2025-11-10 00:53:00+00:00,33,1,651434,59.93,59.94,59.93,59.94,30,CLZ5
2025-11-10 00:54:00+00:00,33,1,651434,59.94,59.94,59.94,59.94,2,CLZ5
2025-11-10 00:55:00+00:00,33,1,651434,59.94,59.95,59.93,59.94,13,CLZ5
2025-11-10 00:56:00+00:00,33,1,651434,59.93,59.94,59.93,59.94,12,CLZ5
2025-11-10 00:57:00+00:00,33,1,651434,59.95,59.97,59.95,59.96,42,CLZ5
2025-11-10 00:58:00+00:00,33,1,651434,59.96,59.99,59.96,59.98,58,CLZ5
2025-11-10 00:59:00+00:00,33,1,651434,59.98,59.99,59.96,59.96,17,CLZ5
2025-11-10 01:00:00+00:00,33,1,651434,59.96,60.05,59.96,60.05,228,CLZ5
2025-11-10 01:01:00+00:00,33,1,651434,60.03,60.12,60.01,60.09,208,CLZ5
2025-11-10 01:02:00+00:00,33,1,651434,60.09,60.18,60.09,60.18,192,CLZ5
2025-11-10 01:03:00+00:00,33,1,651434,60.16,60.17,60.12,60.15,69,CLZ5
2025-11-10 01:04:00+00:00,33,1,651434,60.15,60.15,60.11,60.12,36,CLZ5
2025-11-10 01:05:00+00:00,33,1,651434,60.11,60.11,60.06,60.09,68,CLZ5
2025-11-10 01:06:00+00:00,33,1,651434,60.09,60.13,60.08,60.11,20,CLZ5
2025-11-10 01:07:00+00:00,33,1,651434,60.13,60.15,60.13,60.13,17,CLZ5
2025-11-10 01:08:00+00:00,33,1,651434,60.14,60.14,60.11,60.13,63,CLZ5
2025-11-10 01:09:00+00:00,33,1,651434,60.13,60.14,60.12,60.13,30,CLZ5
2025-11-10 01:10:00+00:00,33,1,651434,60.14,60.19,60.13,60.19,44,CLZ5
2025-11-10 01:11:00+00:00,33,1,651434,60.18,60.18,60.17,60.17,12,CLZ5
2025-11-10 01:12:00+00:00,33,1,651434,60.17,60.17,60.14,60.15,21,CLZ5
2025-11-10 01:13:00+00:00,33,1,651434,60.15,60.15,60.13,60.15,30,CLZ5
2025-11-10 01:14:00+00:00,33,1,651434,60.14,60.18,60.14,60.18,21,CLZ5
2025-11-10 01:15:00+00:00,33,1,651434,60.19,60.23,60.19,60.22,80,CLZ5
2025-11-10 01:16:00+00:00,33,1,651434,60.22,60.24,60.22,60.22,96,CLZ5
2025-11-10 01:17:00+00:00,33,1,651434,60.22,60.23,60.21,60.22,41,CLZ5
2025-11-10 01:18:00+00:00,33,1,651434,60.22,60.23,60.22,60.22,13,CLZ5
2025-11-10 01:19:00+00:00,33,1,651434,60.22,60.24,60.2,60.24,60,CLZ5
2025-11-10 01:20:00+00:00,33,1,651434,60.24,60.25,60.23,60.24,37,CLZ5
2025-11-10 01:21:00+00:00,33,1,651434,60.24,60.24,60.22,60.22,53,CLZ5
2025-11-10 01:22:00+00:00,33,1,651434,60.22,60.25,60.22,60.24,66,CLZ5
2025-11-10 01:23:00+00:00,33,1,651434,60.24,60.25,60.24,60.25,100,CLZ5
2025-11-10 01:24:00+00:00,33,1,651434,60.25,60.25,60.24,60.24,15,CLZ5
2025-11-10 01:25:00+00:00,33,1,651434,60.25,60.25,60.22,60.22,25,CLZ5
2025-11-10 01:26:00+00:00,33,1,651434,60.22,60.23,60.2,60.23,32,CLZ5
2025-11-10 01:27:00+00:00,33,1,651434,60.22,60.22,60.21,60.21,33,CLZ5
2025-11-10 01:28:00+00:00,33,1,651434,60.2,60.21,60.19,60.2,43,CLZ5
2025-11-10 01:29:00+00:00,33,1,651434,60.2,60.21,60.18,60.21,71,CLZ5
2025-11-10 01:30:00+00:00,33,1,651434,60.2,60.21,60.19,60.21,36,CLZ5
2025-11-10 01:31:00+00:00,33,1,651434,60.2,60.22,60.2,60.2,33,CLZ5
2025-11-10 01:32:00+00:00,33,1,651434,60.2,60.2,60.19,60.2,9,CLZ5
2025-11-10 01:33:00+00:00,33,1,651434,60.2,60.2,60.17,60.17,32,CLZ5
2025-11-10 01:34:00+00:00,33,1,651434,60.17,60.18,60.16,60.17,29,CLZ5
2025-11-10 01:35:00+00:00,33,1,651434,60.16,60.17,60.16,60.17,16,CLZ5
2025-11-10 01:36:00+00:00,33,1,651434,60.16,60.17,60.16,60.17,21,CLZ5
2025-11-10 01:37:00+00:00,33,1,651434,60.18,60.21,60.18,60.19,80,CLZ5
2025-11-10 01:38:00+00:00,33,1,651434,60.18,60.22,60.18,60.19,71,CLZ5
2025-11-10 01:39:00+00:00,33,1,651434,60.18,60.18,60.13,60.14,82,CLZ5
2025-11-10 01:40:00+00:00,33,1,651434,60.14,60.18,60.14,60.17,36,CLZ5
2025-11-10 01:41:00+00:00,33,1,651434,60.17,60.17,60.12,60.13,38,CLZ5
2025-11-10 01:42:00+00:00,33,1,651434,60.12,60.13,60.09,60.12,95,CLZ5
2025-11-10 01:43:00+00:00,33,1,651434,60.12,60.12,60.11,60.12,19,CLZ5
2025-11-10 01:44:00+00:00,33,1,651434,60.11,60.12,60.09,60.09,32,CLZ5
2025-11-10 01:45:00+00:00,33,1,651434,60.08,60.15,60.08,60.14,45,CLZ5
2025-11-10 01:46:00+00:00,33,1,651434,60.15,60.16,60.13,60.14,7,CLZ5
2025-11-10 01:47:00+00:00,33,1,651434,60.15,60.15,60.14,60.14,6,CLZ5
2025-11-10 01:48:00+00:00,33,1,651434,60.13,60.13,60.12,60.13,18,CLZ5
2025-11-10 01:49:00+00:00,33,1,651434,60.14,60.15,60.14,60.15,12,CLZ5
2025-11-10 01:50:00+00:00,33,1,651434,60.13,60.13,60.13,60.13,2,CLZ5
2025-11-10 01:51:00+00:00,33,1,651434,60.12,60.13,60.11,60.12,22,CLZ5
2025-11-10 01:52:00+00:00,33,1,651434,60.12,60.13,60.12,60.13,13,CLZ5
2025-11-10 01:53:00+00:00,33,1,651434,60.12,60.12,60.1,60.1,10,CLZ5
2025-11-10 01:54:00+00:00,33,1,651434,60.11,60.11,60.09,60.11,32,CLZ5
2025-11-10 01:55:00+00:00,33,1,651434,60.1,60.11,60.1,60.1,8,CLZ5
2025-11-10 01:56:00+00:00,33,1,651434,60.09,60.09,60.09,60.09,7,CLZ5
2025-11-10 01:57:00+00:00,33,1,651434,60.1,60.1,60.09,60.09,5,CLZ5
2025-11-10 01:58:00+00:00,33,1,651434,60.09,60.1,60.09,60.09,21,CLZ5
2025-11-10 01:59:00+00:00,33,1,651434,60.09,60.09,60.05,60.08,112,CLZ5
2025-11-10 02:00:00+00:00,33,1,651434,60.07,60.09,60.06,60.08,51,CLZ5
2025-11-10 02:01:00+00:00,33,1,651434,60.08,60.08,60.03,60.04,71,CLZ5
2025-11-10 02:02:00+00:00,33,1,651434,60.04,60.11,60.03,60.09,71,CLZ5
2025-11-10 02:03:00+00:00,33,1,651434,60.09,60.1,60.07,60.09,30,CLZ5
2025-11-10 02:04:00+00:00,33,1,651434,60.09,60.12,60.09,60.09,90,CLZ5
2025-11-10 02:05:00+00:00,33,1,651434,60.1,60.11,60.09,60.09,15,CLZ5
2025-11-10 02:06:00+00:00,33,1,651434,60.09,60.09,60.08,60.08,13,CLZ5
2025-11-10 02:07:00+00:00,33,1,651434,60.08,60.08,60.04,60.04,33,CLZ5
2025-11-10 02:08:00+00:00,33,1,651434,60.04,60.05,60.04,60.05,23,CLZ5
2025-11-10 02:09:00+00:00,33,1,651434,60.05,60.07,60.05,60.07,21,CLZ5
2025-11-10 02:10:00+00:00,33,1,651434,60.07,60.08,60.06,60.08,9,CLZ5
2025-11-10 02:11:00+00:00,33,1,651434,60.08,60.09,60.08,60.08,19,CLZ5
2025-11-10 02:12:00+00:00,33,1,651434,60.08,60.08,60.07,60.08,7,CLZ5
2025-11-10 02:13:00+00:00,33,1,651434,60.08,60.09,60.08,60.08,12,CLZ5
2025-11-10 02:14:00+00:00,33,1,651434,60.08,60.1,60.08,60.09,23,CLZ5
2025-11-10 02:15:00+00:00,33,1,651434,60.09,60.1,60.09,60.09,8,CLZ5
2025-11-10 02:16:00+00:00,33,1,651434,60.09,60.13,60.09,60.13,48,CLZ5
2025-11-10 02:17:00+00:00,33,1,651434,60.13,60.15,60.13,60.14,28,CLZ5
2025-11-10 02:18:00+00:00,33,1,651434,60.15,60.15,60.14,60.14,10,CLZ5
2025-11-10 02:19:00+00:00,33,1,651434,60.15,60.16,60.14,60.15,16,CLZ5
2025-11-10 02:20:00+00:00,33,1,651434,60.15,60.15,60.12,60.12,18,CLZ5
2025-11-10 02:21:00+00:00,33,1,651434,60.13,60.14,60.13,60.13,11,CLZ5
2025-11-10 02:22:00+00:00,33,1,651434,60.13,60.13,60.11,60.11,20,CLZ5
2025-11-10 02:23:00+00:00,33,1,651434,60.12,60.14,60.12,60.12,32,CLZ5
2025-11-10 02:24:00+00:00,33,1,651434,60.11,60.11,60.08,60.1,40,CLZ5
2025-11-10 02:25:00+00:00,33,1,651434,60.1,60.1,60.1,60.1,7,CLZ5
2025-11-10 02:26:00+00:00,33,1,651434,60.09,60.09,60.09,60.09,12,CLZ5
2025-11-10 02:28:00+00:00,33,1,651434,60.08,60.08,60.08,60.08,7,CLZ5
2025-11-10 02:29:00+00:00,33,1,651434,60.07,60.08,60.07,60.08,15,CLZ5
2025-11-10 02:30:00+00:00,33,1,651434,60.07,60.07,60.04,60.04,41,CLZ5
2025-11-10 02:31:00+00:00,33,1,651434,60.05,60.06,60.05,60.06,21,CLZ5
2025-11-10 02:32:00+00:00,33,1,651434,60.06,60.07,60.06,60.07,12,CLZ5
2025-11-10 02:33:00+00:00,33,1,651434,60.06,60.07,60.06,60.07,10,CLZ5
2025-11-10 02:34:00+00:00,33,1,651434,60.07,60.07,60.07,60.07,3,CLZ5
2025-11-10 02:35:00+00:00,33,1,651434,60.06,60.06,60.06,60.06,12,CLZ5
2025-11-10 02:36:00+00:00,33,1,651434,60.06,60.07,60.05,60.06,22,CLZ5
2025-11-10 02:37:00+00:00,33,1,651434,60.06,60.07,60.06,60.07,10,CLZ5
2025-11-10 02:38:00+00:00,33,1,651434,60.07,60.07,60.07,60.07,3,CLZ5
2025-11-10 02:39:00+00:00,33,1,651434,60.08,60.09,60.07,60.08,22,CLZ5
2025-11-10 02:40:00+00:00,33,1,651434,60.08,60.08,60.07,60.08,16,CLZ5
2025-11-10 02:41:00+00:00,33,1,651434,60.08,60.08,60.07,60.08,10,CLZ5
2025-11-10 02:42:00+00:00,33,1,651434,60.07,60.07,60.04,60.06,48,CLZ5
2025-11-10 02:43:00+00:00,33,1,651434,60.05,60.08,60.05,60.08,19,CLZ5
2025-11-10 02:44:00+00:00,33,1,651434,60.07,60.08,60.06,60.06,14,CLZ5
2025-11-10 02:45:00+00:00,33,1,651434,60.05,60.06,60.05,60.06,23,CLZ5
2025-11-10 02:46:00+00:00,33,1,651434,60.07,60.09,60.07,60.08,32,CLZ5
2025-11-10 02:47:00+00:00,33,1,651434,60.08,60.08,60.06,60.06,37,CLZ5
2025-11-10 02:48:00+00:00,33,1,651434,60.06,60.06,60.06,60.06,4,CLZ5
2025-11-10 02:49:00+00:00,33,1,651434,60.06,60.07,60.06,60.07,8,CLZ5
2025-11-10 02:50:00+00:00,33,1,651434,60.07,60.07,60.07,60.07,9,CLZ5
2025-11-10 02:51:00+00:00,33,1,651434,60.08,60.12,60.08,60.11,40,CLZ5
2025-11-10 02:52:00+00:00,33,1,651434,60.12,60.15,60.12,60.14,38,CLZ5
2025-11-10 02:53:00+00:00,33,1,651434,60.14,60.16,60.14,60.16,42,CLZ5
2025-11-10 02:54:00+00:00,33,1,651434,60.16,60.16,60.16,60.16,18,CLZ5
2025-11-10 02:55:00+00:00,33,1,651434,60.16,60.16,60.15,60.16,10,CLZ5
2025-11-10 02:56:00+00:00,33,1,651434,60.15,60.15,60.15,60.15,67,CLZ5
2025-11-10 02:57:00+00:00,33,1,651434,60.15,60.15,60.14,60.15,29,CLZ5
2025-11-10 02:58:00+00:00,33,1,651434,60.15,60.15,60.15,60.15,3,CLZ5
2025-11-10 02:59:00+00:00,33,1,651434,60.16,60.19,60.16,60.19,90,CLZ5
2025-11-10 03:00:00+00:00,33,1,651434,60.19,60.22,60.18,60.21,64,CLZ5
2025-11-10 03:01:00+00:00,33,1,651434,60.21,60.23,60.21,60.23,42,CLZ5
2025-11-10 03:02:00+00:00,33,1,651434,60.23,60.23,60.22,60.23,18,CLZ5
2025-11-10 03:03:00+00:00,33,1,651434,60.22,60.24,60.22,60.22,35,CLZ5
2025-11-10 03:04:00+00:00,33,1,651434,60.22,60.24,60.22,60.24,30,CLZ5
2025-11-10 03:05:00+00:00,33,1,651434,60.24,60.26,60.23,60.25,65,CLZ5
2025-11-10 03:06:00+00:00,33,1,651434,60.24,60.26,60.24,60.25,72,CLZ5
2025-11-10 03:07:00+00:00,33,1,651434,60.25,60.25,60.22,60.22,69,CLZ5
2025-11-10 03:08:00+00:00,33,1,651434,60.21,60.22,60.2,60.21,23,CLZ5
2025-11-10 03:09:00+00:00,33,1,651434,60.2,60.21,60.2,60.2,16,CLZ5
2025-11-10 03:10:00+00:00,33,1,651434,60.21,60.23,60.21,60.23,21,CLZ5
2025-11-10 03:11:00+00:00,33,1,651434,60.23,60.24,60.22,60.22,10,CLZ5
2025-11-10 03:12:00+00:00,33,1,651434,60.23,60.24,60.22,60.22,15,CLZ5
2025-11-10 03:13:00+00:00,33,1,651434,60.22,60.22,60.22,60.22,6,CLZ5
2025-11-10 03:14:00+00:00,33,1,651434,60.22,60.22,60.22,60.22,8,CLZ5
2025-11-10 03:15:00+00:00,33,1,651434,60.22,60.23,60.21,60.23,29,CLZ5
2025-11-10 03:16:00+00:00,33,1,651434,60.24,60.25,60.24,60.24,41,CLZ5
2025-11-10 03:17:00+00:00,33,1,651434,60.25,60.25,60.23,60.24,28,CLZ5
2025-11-10 03:18:00+00:00,33,1,651434,60.24,60.25,60.24,60.25,39,CLZ5
2025-11-10 03:19:00+00:00,33,1,651434,60.25,60.25,60.24,60.25,15,CLZ5
2025-11-10 03:20:00+00:00,33,1,651434,60.25,60.26,60.25,60.25,17,CLZ5
2025-11-10 03:21:00+00:00,33,1,651434,60.25,60.27,60.25,60.27,51,CLZ5
2025-11-10 03:22:00+00:00,33,1,651434,60.26,60.26,60.23,60.25,70,CLZ5
2025-11-10 03:23:00+00:00,33,1,651434,60.24,60.25,60.23,60.24,33,CLZ5
2025-11-10 03:24:00+00:00,33,1,651434,60.24,60.24,60.24,60.24,9,CLZ5
2025-11-10 03:25:00+00:00,33,1,651434,60.24,60.25,60.24,60.25,12,CLZ5
2025-11-10 03:26:00+00:00,33,1,651434,60.25,60.25,60.23,60.23,59,CLZ5
2025-11-10 03:27:00+00:00,33,1,651434,60.24,60.24,60.22,60.22,16,CLZ5
2025-11-10 03:28:00+00:00,33,1,651434,60.23,60.23,60.21,60.22,37,CLZ5
2025-11-10 03:29:00+00:00,33,1,651434,60.22,60.23,60.21,60.21,28,CLZ5
2025-11-10 03:30:00+00:00,33,1,651434,60.21,60.22,60.17,60.17,111,CLZ5
2025-11-10 03:31:00+00:00,33,1,651434,60.17,60.2,60.17,60.2,66,CLZ5
2025-11-10 03:32:00+00:00,33,1,651434,60.19,60.22,60.19,60.21,89,CLZ5
2025-11-10 03:33:00+00:00,33,1,651434,60.21,60.22,60.2,60.2,29,CLZ5
2025-11-10 03:34:00+00:00,33,1,651434,60.2,60.2,60.19,60.2,27,CLZ5
2025-11-10 03:35:00+00:00,33,1,651434,60.2,60.24,60.2,60.22,68,CLZ5
2025-11-10 03:36:00+00:00,33,1,651434,60.22,60.23,60.21,60.23,39,CLZ5
2025-11-10 03:37:00+00:00,33,1,651434,60.23,60.25,60.23,60.23,34,CLZ5
2025-11-10 03:38:00+00:00,33,1,651434,60.23,60.23,60.21,60.21,24,CLZ5
2025-11-10 03:39:00+00:00,33,1,651434,60.21,60.21,60.2,60.2,7,CLZ5
2025-11-10 03:40:00+00:00,33,1,651434,60.2,60.21,60.18,60.21,15,CLZ5
2025-11-10 03:41:00+00:00,33,1,651434,60.2,60.2,60.19,60.2,9,CLZ5
2025-11-10 03:42:00+00:00,33,1,651434,60.2,60.2,60.2,60.2,8,CLZ5
2025-11-10 03:44:00+00:00,33,1,651434,60.2,60.2,60.2,60.2,1,CLZ5
2025-11-10 03:45:00+00:00,33,1,651434,60.21,60.21,60.21,60.21,27,CLZ5
2025-11-10 03:47:00+00:00,33,1,651434,60.21,60.22,60.21,60.22,9,CLZ5
2025-11-10 03:48:00+00:00,33,1,651434,60.22,60.22,60.21,60.21,2,CLZ5
2025-11-10 03:49:00+00:00,33,1,651434,60.21,60.21,60.2,60.21,9,CLZ5
2025-11-10 03:50:00+00:00,33,1,651434,60.21,60.21,60.19,60.19,29,CLZ5
2025-11-10 03:51:00+00:00,33,1,651434,60.2,60.2,60.2,60.2,15,CLZ5
2025-11-10 03:52:00+00:00,33,1,651434,60.2,60.2,60.19,60.19,19,CLZ5
2025-11-10 03:53:00+00:00,33,1,651434,60.18,60.18,60.18,60.18,7,CLZ5
2025-11-10 03:54:00+00:00,33,1,651434,60.18,60.19,60.18,60.19,11,CLZ5
2025-11-10 03:55:00+00:00,33,1,651434,60.18,60.19,60.18,60.19,22,CLZ5
2025-11-10 03:56:00+00:00,33,1,651434,60.19,60.19,60.17,60.18,19,CLZ5
2025-11-10 03:57:00+00:00,33,1,651434,60.18,60.18,60.17,60.18,20,CLZ5
2025-11-10 03:58:00+00:00,33,1,651434,60.18,60.18,60.17,60.17,14,CLZ5
2025-11-10 03:59:00+00:00,33,1,651434,60.18,60.18,60.18,60.18,7,CLZ5
2025-11-10 04:00:00+00:00,33,1,651434,60.18,60.2,60.18,60.2,11,CLZ5
2025-11-10 04:01:00+00:00,33,1,651434,60.2,60.2,60.2,60.2,3,CLZ5
2025-11-10 04:02:00+00:00,33,1,651434,60.21,60.21,60.21,60.21,23,CLZ5
2025-11-10 04:03:00+00:00,33,1,651434,60.21,60.21,60.21,60.21,15,CLZ5
2025-11-10 04:04:00+00:00,33,1,651434,60.22,60.22,60.22,60.22,13,CLZ5
2025-11-10 04:05:00+00:00,33,1,651434,60.23,60.24,60.23,60.23,45,CLZ5
2025-11-10 04:06:00+00:00,33,1,651434,60.24,60.25,60.24,60.25,32,CLZ5
2025-11-10 04:07:00+00:00,33,1,651434,60.25,60.25,60.25,60.25,6,CLZ5
2025-11-10 04:08:00+00:00,33,1,651434,60.25,60.28,60.25,60.26,66,CLZ5
2025-11-10 04:09:00+00:00,33,1,651434,60.26,60.26,60.23,60.23,69,CLZ5
2025-11-10 04:10:00+00:00,33,1,651434,60.22,60.23,60.22,60.23,9,CLZ5
2025-11-10 04:11:00+00:00,33,1,651434,60.23,60.23,60.23,60.23,2,CLZ5
2025-11-10 04:12:00+00:00,33,1,651434,60.23,60.23,60.23,60.23,5,CLZ5
2025-11-10 04:13:00+00:00,33,1,651434,60.23,60.23,60.23,60.23,3,CLZ5
2025-11-10 04:15:00+00:00,33,1,651434,60.23,60.25,60.23,60.23,57,CLZ5
2025-11-10 04:16:00+00:00,33,1,651434,60.24,60.24,60.23,60.23,12,CLZ5
2025-11-10 04:17:00+00:00,33,1,651434,60.23,60.23,60.23,60.23,5,CLZ5
2025-11-10 04:18:00+00:00,33,1,651434,60.23,60.24,60.23,60.23,11,CLZ5
2025-11-10 04:19:00+00:00,33,1,651434,60.23,60.23,60.22,60.22,29,CLZ5
2025-11-10 04:20:00+00:00,33,1,651434,60.22,60.22,60.22,60.22,11,CLZ5
2025-11-10 04:21:00+00:00,33,1,651434,60.22,60.22,60.22,60.22,4,CLZ5
2025-11-10 04:22:00+00:00,33,1,651434,60.21,60.22,60.21,60.22,5,CLZ5
2025-11-10 04:24:00+00:00,33,1,651434,60.22,60.22,60.21,60.22,8,CLZ5
2025-11-10 04:25:00+00:00,33,1,651434,60.21,60.22,60.21,60.22,28,CLZ5
2025-11-10 04:26:00+00:00,33,1,651434,60.22,60.23,60.22,60.23,4,CLZ5
2025-11-10 04:27:00+00:00,33,1,651434,60.22,60.22,60.22,60.22,10,CLZ5
2025-11-10 04:28:00+00:00,33,1,651434,60.22,60.24,60.22,60.24,34,CLZ5
2025-11-10 04:29:00+00:00,33,1,651434,60.24,60.24,60.24,60.24,10,CLZ5
2025-11-10 04:30:00+00:00,33,1,651434,60.25,60.25,60.24,60.24,16,CLZ5
2025-11-10 04:31:00+00:00,33,1,651434,60.24,60.25,60.24,60.25,6,CLZ5
2025-11-10 04:32:00+00:00,33,1,651434,60.25,60.25,60.25,60.25,8,CLZ5
2025-11-10 04:33:00+00:00,33,1,651434,60.24,60.24,60.23,60.24,14,CLZ5
2025-11-10 04:34:00+00:00,33,1,651434,60.25,60.26,60.25,60.26,11,CLZ5
2025-11-10 04:35:00+00:00,33,1,651434,60.25,60.25,60.24,60.24,3,CLZ5
2025-11-10 04:36:00+00:00,33,1,651434,60.24,60.24,60.24,60.24,9,CLZ5
2025-11-10 04:37:00+00:00,33,1,651434,60.25,60.26,60.25,60.25,18,CLZ5
2025-11-10 04:38:00+00:00,33,1,651434,60.25,60.26,60.25,60.26,26,CLZ5
2025-11-10 04:39:00+00:00,33,1,651434,60.25,60.26,60.25,60.26,34,CLZ5
2025-11-10 04:40:00+00:00,33,1,651434,60.25,60.25,60.24,60.24,39,CLZ5
2025-11-10 04:41:00+00:00,33,1,651434,60.23,60.24,60.22,60.24,18,CLZ5
2025-11-10 04:42:00+00:00,33,1,651434,60.24,60.24,60.23,60.23,11,CLZ5
2025-11-10 04:43:00+00:00,33,1,651434,60.24,60.25,60.22,60.23,96,CLZ5
2025-11-10 04:44:00+00:00,33,1,651434,60.23,60.23,60.23,60.23,43,CLZ5
2025-11-10 04:45:00+00:00,33,1,651434,60.23,60.24,60.23,60.24,8,CLZ5
2025-11-10 04:46:00+00:00,33,1,651434,60.23,60.23,60.23,60.23,4,CLZ5
2025-11-10 04:47:00+00:00,33,1,651434,60.23,60.23,60.23,60.23,2,CLZ5
2025-11-10 04:48:00+00:00,33,1,651434,60.23,60.23,60.23,60.23,11,CLZ5
2025-11-10 04:49:00+00:00,33,1,651434,60.24,60.24,60.24,60.24,2,CLZ5
2025-11-10 04:50:00+00:00,33,1,651434,60.23,60.24,60.23,60.23,14,CLZ5
2025-11-10 04:51:00+00:00,33,1,651434,60.23,60.24,60.22,60.22,16,CLZ5
2025-11-10 04:52:00+00:00,33,1,651434,60.23,60.23,60.22,60.22,23,CLZ5
2025-11-10 04:53:00+00:00,33,1,651434,60.22,60.23,60.22,60.23,8,CLZ5
2025-11-10 04:54:00+00:00,33,1,651434,60.22,60.22,60.22,60.22,16,CLZ5
2025-11-10 04:55:00+00:00,33,1,651434,60.22,60.23,60.22,60.23,12,CLZ5
2025-11-10 04:56:00+00:00,33,1,651434,60.22,60.23,60.22,60.23,24,CLZ5
2025-11-10 04:57:00+00:00,33,1,651434,60.22,60.22,60.22,60.22,29,CLZ5
2025-11-10 04:58:00+00:00,33,1,651434,60.23,60.24,60.22,60.24,106,CLZ5
2025-11-10 04:59:00+00:00,33,1,651434,60.23,60.23,60.23,60.23,21,CLZ5
2025-11-10 05:00:00+00:00,33,1,651434,60.23,60.24,60.23,60.24,14,CLZ5
2025-11-10 05:01:00+00:00,33,1,651434,60.24,60.24,60.24,60.24,2,CLZ5
2025-11-10 05:02:00+00:00,33,1,651434,60.25,60.26,60.25,60.25,42,CLZ5
2025-11-10 05:03:00+00:00,33,1,651434,60.26,60.26,60.25,60.26,13,CLZ5
2025-11-10 05:04:00+00:00,33,1,651434,60.25,60.27,60.25,60.27,12,CLZ5
2025-11-10 05:05:00+00:00,33,1,651434,60.27,60.27,60.27,60.27,3,CLZ5
2025-11-10 05:06:00+00:00,33,1,651434,60.27,60.27,60.27,60.27,18,CLZ5
2025-11-10 05:07:00+00:00,33,1,651434,60.27,60.27,60.27,60.27,10,CLZ5
2025-11-10 05:08:00+00:00,33,1,651434,60.27,60.3,60.27,60.29,83,CLZ5
2025-11-10 05:09:00+00:00,33,1,651434,60.29,60.3,60.29,60.3,40,CLZ5
2025-11-10 05:10:00+00:00,33,1,651434,60.3,60.3,60.3,60.3,35,CLZ5
2025-11-10 05:11:00+00:00,33,1,651434,60.3,60.31,60.3,60.3,31,CLZ5
2025-11-10 05:12:00+00:00,33,1,651434,60.3,60.3,60.3,60.3,6,CLZ5
2025-11-10 05:13:00+00:00,33,1,651434,60.3,60.3,60.3,60.3,6,CLZ5
2025-11-10 05:14:00+00:00,33,1,651434,60.3,60.3,60.3,60.3,8,CLZ5
2025-11-10 05:15:00+00:00,33,1,651434,60.29,60.29,60.27,60.28,30,CLZ5
2025-11-10 05:16:00+00:00,33,1,651434,60.28,60.29,60.27,60.28,31,CLZ5
2025-11-10 05:17:00+00:00,33,1,651434,60.28,60.28,60.28,60.28,3,CLZ5
2025-11-10 05:18:00+00:00,33,1,651434,60.28,60.28,60.27,60.28,32,CLZ5
2025-11-10 05:19:00+00:00,33,1,651434,60.28,60.29,60.28,60.29,16,CLZ5
2025-11-10 05:20:00+00:00,33,1,651434,60.29,60.29,60.29,60.29,10,CLZ5
2025-11-10 05:21:00+00:00,33,1,651434,60.3,60.3,60.3,60.3,11,CLZ5
2025-11-10 05:22:00+00:00,33,1,651434,60.3,60.3,60.29,60.29,4,CLZ5
2025-11-10 05:23:00+00:00,33,1,651434,60.28,60.3,60.28,60.29,19,CLZ5
2025-11-10 05:24:00+00:00,33,1,651434,60.29,60.3,60.29,60.3,6,CLZ5
2025-11-10 05:25:00+00:00,33,1,651434,60.3,60.31,60.3,60.3,10,CLZ5
2025-11-10 05:26:00+00:00,33,1,651434,60.3,60.31,60.3,60.31,16,CLZ5
2025-11-10 05:27:00+00:00,33,1,651434,60.3,60.32,60.3,60.32,35,CLZ5
2025-11-10 05:28:00+00:00,33,1,651434,60.33,60.34,60.33,60.34,31,CLZ5
2025-11-10 05:29:00+00:00,33,1,651434,60.33,60.33,60.32,60.32,27,CLZ5
2025-11-10 05:30:00+00:00,33,1,651434,60.32,60.34,60.32,60.33,52,CLZ5
2025-11-10 05:31:00+00:00,33,1,651434,60.33,60.33,60.32,60.33,19,CLZ5
2025-11-10 05:32:00+00:00,33,1,651434,60.33,60.33,60.31,60.32,12,CLZ5
2025-11-10 05:33:00+00:00,33,1,651434,60.32,60.32,60.32,60.32,4,CLZ5
2025-11-10 05:34:00+00:00,33,1,651434,60.33,60.34,60.33,60.33,7,CLZ5
2025-11-10 05:35:00+00:00,33,1,651434,60.33,60.34,60.33,60.34,19,CLZ5
2025-11-10 05:36:00+00:00,33,1,651434,60.34,60.34,60.33,60.33,18,CLZ5
2025-11-10 05:37:00+00:00,33,1,651434,60.33,60.34,60.33,60.34,11,CLZ5
2025-11-10 05:38:00+00:00,33,1,651434,60.33,60.34,60.33,60.33,13,CLZ5
2025-11-10 05:39:00+00:00,33,1,651434,60.33,60.34,60.33,60.33,13,CLZ5
2025-11-10 05:40:00+00:00,33,1,651434,60.33,60.33,60.32,60.33,20,CLZ5
2025-11-10 05:41:00+00:00,33,1,651434,60.33,60.34,60.33,60.34,25,CLZ5
2025-11-10 05:42:00+00:00,33,1,651434,60.33,60.33,60.32,60.32,16,CLZ5
2025-11-10 05:43:00+00:00,33,1,651434,60.32,60.33,60.31,60.33,35,CLZ5
2025-11-10 05:44:00+00:00,33,1,651434,60.33,60.33,60.33,60.33,4,CLZ5
2025-11-10 05:45:00+00:00,33,1,651434,60.33,60.33,60.32,60.33,16,CLZ5
2025-11-10 05:46:00+00:00,33,1,651434,60.34,60.35,60.34,60.34,38,CLZ5
2025-11-10 05:47:00+00:00,33,1,651434,60.34,60.34,60.34,60.34,23,CLZ5
2025-11-10 05:48:00+00:00,33,1,651434,60.34,60.35,60.34,60.35,24,CLZ5
2025-11-10 05:49:00+00:00,33,1,651434,60.35,60.36,60.34,60.34,42,CLZ5
2025-11-10 05:50:00+00:00,33,1,651434,60.35,60.35,60.35,60.35,10,CLZ5
2025-11-10 05:51:00+00:00,33,1,651434,60.34,60.34,60.34,60.34,1,CLZ5
2025-11-10 05:52:00+00:00,33,1,651434,60.34,60.34,60.31,60.31,31,CLZ5
2025-11-10 05:53:00+00:00,33,1,651434,60.31,60.33,60.3,60.33,37,CLZ5
2025-11-10 05:54:00+00:00,33,1,651434,60.33,60.33,60.33,60.33,14,CLZ5
2025-11-10 05:55:00+00:00,33,1,651434,60.33,60.36,60.33,60.35,31,CLZ5
2025-11-10 05:56:00+00:00,33,1,651434,60.36,60.36,60.35,60.36,12,CLZ5
2025-11-10 05:57:00+00:00,33,1,651434,60.36,60.36,60.34,60.34,16,CLZ5
2025-11-10 05:58:00+00:00,33,1,651434,60.34,60.34,60.33,60.34,14,CLZ5
2025-11-10 05:59:00+00:00,33,1,651434,60.33,60.33,60.33,60.33,11,CLZ5
2025-11-10 06:00:00+00:00,33,1,651434,60.33,60.34,60.32,60.33,26,CLZ5
2025-11-10 06:01:00+00:00,33,1,651434,60.34,60.34,60.32,60.32,14,CLZ5
2025-11-10 06:02:00+00:00,33,1,651434,60.31,60.31,60.27,60.31,142,CLZ5
2025-11-10 06:03:00+00:00,33,1,651434,60.31,60.34,60.31,60.33,36,CLZ5
2025-11-10 06:04:00+00:00,33,1,651434,60.33,60.34,60.33,60.33,9,CLZ5
2025-11-10 06:05:00+00:00,33,1,651434,60.34,60.34,60.34,60.34,1,CLZ5
2025-11-10 06:06:00+00:00,33,1,651434,60.35,60.37,60.35,60.37,30,CLZ5
2025-11-10 06:07:00+00:00,33,1,651434,60.37,60.37,60.36,60.36,28,CLZ5
2025-11-10 06:08:00+00:00,33,1,651434,60.36,60.36,60.35,60.35,11,CLZ5
2025-11-10 06:09:00+00:00,33,1,651434,60.35,60.36,60.35,60.36,6,CLZ5
2025-11-10 06:10:00+00:00,33,1,651434,60.37,60.37,60.36,60.37,20,CLZ5
2025-11-10 06:11:00+00:00,33,1,651434,60.36,60.36,60.36,60.36,13,CLZ5
2025-11-10 06:12:00+00:00,33,1,651434,60.35,60.36,60.35,60.35,13,CLZ5
2025-11-10 06:13:00+00:00,33,1,651434,60.35,60.35,60.32,60.33,75,CLZ5
2025-11-10 06:14:00+00:00,33,1,651434,60.33,60.33,60.31,60.32,21,CLZ5
2025-11-10 06:15:00+00:00,33,1,651434,60.32,60.32,60.31,60.32,20,CLZ5
2025-11-10 06:16:00+00:00,33,1,651434,60.32,60.32,60.32,60.32,9,CLZ5
2025-11-10 06:17:00+00:00,33,1,651434,60.31,60.32,60.31,60.32,12,CLZ5
2025-11-10 06:18:00+00:00,33,1,651434,60.32,60.33,60.32,60.33,8,CLZ5
2025-11-10 06:19:00+00:00,33,1,651434,60.33,60.33,60.32,60.32,6,CLZ5
2025-11-10 06:20:00+00:00,33,1,651434,60.31,60.31,60.31,60.31,4,CLZ5
2025-11-10 06:21:00+00:00,33,1,651434,60.33,60.33,60.32,60.32,7,CLZ5
2025-11-10 06:22:00+00:00,33,1,651434,60.32,60.32,60.3,60.32,33,CLZ5
2025-11-10 06:23:00+00:00,33,1,651434,60.32,60.32,60.3,60.3,42,CLZ5
2025-11-10 06:24:00+00:00,33,1,651434,60.31,60.32,60.29,60.31,92,CLZ5
2025-11-10 06:25:00+00:00,33,1,651434,60.31,60.31,60.3,60.31,17,CLZ5
2025-11-10 06:26:00+00:00,33,1,651434,60.31,60.31,60.3,60.3,7,CLZ5
2025-11-10 06:27:00+00:00,33,1,651434,60.3,60.3,60.27,60.28,59,CLZ5
2025-11-10 06:28:00+00:00,33,1,651434,60.27,60.28,60.26,60.28,50,CLZ5
2025-11-10 06:29:00+00:00,33,1,651434,60.28,60.28,60.28,60.28,14,CLZ5
2025-11-10 06:30:00+00:00,33,1,651434,60.27,60.29,60.27,60.29,17,CLZ5
2025-11-10 06:31:00+00:00,33,1,651434,60.29,60.29,60.28,60.28,9,CLZ5
2025-11-10 06:32:00+00:00,33,1,651434,60.29,60.29,60.28,60.29,14,CLZ5
2025-11-10 06:33:00+00:00,33,1,651434,60.3,60.31,60.3,60.3,11,CLZ5
2025-11-10 06:34:00+00:00,33,1,651434,60.31,60.31,60.31,60.31,21,CLZ5
2025-11-10 06:35:00+00:00,33,1,651434,60.32,60.35,60.32,60.34,24,CLZ5
2025-11-10 06:36:00+00:00,33,1,651434,60.34,60.36,60.33,60.35,46,CLZ5
2025-11-10 06:37:00+00:00,33,1,651434,60.35,60.36,60.34,60.34,28,CLZ5
2025-11-10 06:38:00+00:00,33,1,651434,60.35,60.35,60.34,60.34,26,CLZ5
2025-11-10 06:39:00+00:00,33,1,651434,60.34,60.35,60.34,60.34,12,CLZ5
2025-11-10 06:40:00+00:00,33,1,651434,60.34,60.34,60.33,60.33,4,CLZ5
2025-11-10 06:41:00+00:00,33,1,651434,60.33,60.33,60.32,60.32,26,CLZ5
2025-11-10 06:42:00+00:00,33,1,651434,60.32,60.32,60.32,60.32,6,CLZ5
2025-11-10 06:43:00+00:00,33,1,651434,60.32,60.32,60.31,60.31,6,CLZ5
2025-11-10 06:44:00+00:00,33,1,651434,60.32,60.32,60.31,60.31,15,CLZ5
2025-11-10 06:45:00+00:00,33,1,651434,60.31,60.31,60.29,60.29,38,CLZ5
2025-11-10 06:46:00+00:00,33,1,651434,60.28,60.31,60.28,60.3,41,CLZ5
2025-11-10 06:47:00+00:00,33,1,651434,60.3,60.3,60.28,60.28,29,CLZ5
2025-11-10 06:48:00+00:00,33,1,651434,60.28,60.29,60.27,60.29,7,CLZ5
2025-11-10 06:49:00+00:00,33,1,651434,60.29,60.31,60.29,60.3,10,CLZ5
2025-11-10 06:50:00+00:00,33,1,651434,60.3,60.32,60.3,60.31,14,CLZ5
2025-11-10 06:51:00+00:00,33,1,651434,60.31,60.32,60.31,60.32,7,CLZ5
2025-11-10 06:52:00+00:00,33,1,651434,60.32,60.32,60.32,60.32,1,CLZ5
2025-11-10 06:53:00+00:00,33,1,651434,60.31,60.32,60.31,60.31,12,CLZ5
2025-11-10 06:54:00+00:00,33,1,651434,60.32,60.32,60.31,60.31,6,CLZ5
2025-11-10 06:55:00+00:00,33,1,651434,60.3,60.31,60.3,60.31,29,CLZ5
2025-11-10 06:56:00+00:00,33,1,651434,60.3,60.31,60.3,60.3,41,CLZ5
2025-11-10 06:57:00+00:00,33,1,651434,60.31,60.31,60.29,60.3,24,CLZ5
2025-11-10 06:58:00+00:00,33,1,651434,60.31,60.31,60.3,60.3,9,CLZ5
2025-11-10 06:59:00+00:00,33,1,651434,60.31,60.31,60.3,60.3,9,CLZ5
2025-11-10 07:00:00+00:00,33,1,651434,60.3,60.34,60.3,60.33,55,CLZ5
2025-11-10 07:01:00+00:00,33,1,651434,60.34,60.36,60.33,60.35,75,CLZ5
2025-11-10 07:02:00+00:00,33,1,651434,60.35,60.38,60.34,60.34,82,CLZ5
2025-11-10 07:03:00+00:00,33,1,651434,60.34,60.34,60.32,60.33,33,CLZ5
2025-11-10 07:04:00+00:00,33,1,651434,60.33,60.33,60.28,60.29,47,CLZ5
2025-11-10 07:05:00+00:00,33,1,651434,60.3,60.3,60.28,60.29,25,CLZ5
2025-11-10 07:06:00+00:00,33,1,651434,60.3,60.35,60.3,60.34,76,CLZ5
2025-11-10 07:07:00+00:00,33,1,651434,60.34,60.35,60.32,60.32,53,CLZ5
2025-11-10 07:08:00+00:00,33,1,651434,60.32,60.32,60.32,60.32,15,CLZ5
2025-11-10 07:09:00+00:00,33,1,651434,60.32,60.32,60.31,60.32,15,CLZ5
2025-11-10 07:10:00+00:00,33,1,651434,60.31,60.31,60.3,60.3,19,CLZ5
2025-11-10 07:11:00+00:00,33,1,651434,60.31,60.31,60.25,60.25,89,CLZ5
2025-11-10 07:12:00+00:00,33,1,651434,60.24,60.24,60.23,60.24,46,CLZ5
2025-11-10 07:13:00+00:00,33,1,651434,60.23,60.25,60.23,60.25,29,CLZ5
2025-11-10 07:14:00+00:00,33,1,651434,60.25,60.28,60.24,60.25,46,CLZ5
2025-11-10 07:15:00+00:00,33,1,651434,60.25,60.26,60.24,60.25,24,CLZ5
2025-11-10 07:16:00+00:00,33,1,651434,60.25,60.26,60.23,60.25,77,CLZ5
2025-11-10 07:17:00+00:00,33,1,651434,60.23,60.24,60.19,60.2,211,CLZ5
2025-11-10 07:18:00+00:00,33,1,651434,60.2,60.23,60.2,60.22,36,CLZ5
2025-11-10 07:19:00+00:00,33,1,651434,60.22,60.22,60.2,60.2,37,CLZ5
2025-11-10 07:20:00+00:00,33,1,651434,60.2,60.22,60.2,60.21,38,CLZ5
2025-11-10 07:21:00+00:00,33,1,651434,60.22,60.22,60.19,60.2,34,CLZ5
2025-11-10 07:22:00+00:00,33,1,651434,60.19,60.19,60.15,60.18,106,CLZ5
2025-11-10 07:23:00+00:00,33,1,651434,60.18,60.2,60.18,60.19,29,CLZ5
2025-11-10 07:24:00+00:00,33,1,651434,60.19,60.22,60.19,60.2,35,CLZ5
2025-11-10 07:25:00+00:00,33,1,651434,60.2,60.22,60.19,60.21,34,CLZ5
2025-11-10 07:26:00+00:00,33,1,651434,60.22,60.22,60.19,60.19,29,CLZ5
2025-11-10 07:27:00+00:00,33,1,651434,60.19,60.22,60.19,60.21,14,CLZ5
2025-11-10 07:28:00+00:00,33,1,651434,60.21,60.22,60.2,60.21,17,CLZ5
2025-11-10 07:29:00+00:00,33,1,651434,60.21,60.25,60.21,60.23,39,CLZ5
2025-11-10 07:30:00+00:00,33,1,651434,60.23,60.26,60.22,60.25,120,CLZ5
2025-11-10 07:31:00+00:00,33,1,651434,60.25,60.27,60.24,60.27,38,CLZ5
2025-11-10 07:32:00+00:00,33,1,651434,60.27,60.31,60.27,60.3,77,CLZ5
2025-11-10 07:33:00+00:00,33,1,651434,60.31,60.31,60.28,60.28,33,CLZ5
2025-11-10 07:34:00+00:00,33,1,651434,60.29,60.29,60.22,60.23,161,CLZ5
2025-11-10 07:35:00+00:00,33,1,651434,60.24,60.27,60.23,60.23,78,CLZ5
2025-11-10 07:36:00+00:00,33,1,651434,60.23,60.28,60.23,60.28,39,CLZ5
2025-11-10 07:37:00+00:00,33,1,651434,60.28,60.28,60.27,60.27,24,CLZ5
2025-11-10 07:38:00+00:00,33,1,651434,60.27,60.3,60.27,60.27,57,CLZ5
2025-11-10 07:39:00+00:00,33,1,651434,60.27,60.27,60.26,60.26,24,CLZ5
2025-11-10 07:40:00+00:00,33,1,651434,60.26,60.29,60.26,60.29,69,CLZ5
2025-11-10 07:41:00+00:00,33,1,651434,60.3,60.3,60.28,60.29,31,CLZ5
2025-11-10 07:42:00+00:00,33,1,651434,60.3,60.31,60.3,60.3,40,CLZ5
2025-11-10 07:43:00+00:00,33,1,651434,60.3,60.31,60.3,60.3,21,CLZ5
2025-11-10 07:44:00+00:00,33,1,651434,60.3,60.3,60.29,60.3,33,CLZ5
2025-11-10 07:45:00+00:00,33,1,651434,60.32,60.32,60.27,60.27,57,CLZ5
2025-11-10 07:46:00+00:00,33,1,651434,60.28,60.29,60.26,60.28,33,CLZ5
2025-11-10 07:47:00+00:00,33,1,651434,60.28,60.28,60.27,60.28,30,CLZ5
2025-11-10 07:48:00+00:00,33,1,651434,60.28,60.28,60.24,60.26,76,CLZ5
2025-11-10 07:49:00+00:00,33,1,651434,60.25,60.25,60.21,60.22,39,CLZ5
2025-11-10 07:50:00+00:00,33,1,651434,60.21,60.21,60.17,60.17,67,CLZ5
2025-11-10 07:51:00+00:00,33,1,651434,60.18,60.19,60.17,60.17,62,CLZ5
2025-11-10 07:52:00+00:00,33,1,651434,60.17,60.19,60.17,60.18,41,CLZ5
2025-11-10 07:53:00+00:00,33,1,651434,60.18,60.19,60.17,60.18,63,CLZ5
2025-11-10 07:54:00+00:00,33,1,651434,60.18,60.23,60.18,60.23,45,CLZ5
2025-11-10 07:55:00+00:00,33,1,651434,60.23,60.24,60.22,60.24,58,CLZ5
2025-11-10 07:56:00+00:00,33,1,651434,60.24,60.27,60.23,60.26,76,CLZ5
2025-11-10 07:57:00+00:00,33,1,651434,60.27,60.28,60.26,60.27,46,CLZ5
2025-11-10 07:58:00+00:00,33,1,651434,60.27,60.28,60.25,60.25,18,CLZ5
2025-11-10 07:59:00+00:00,33,1,651434,60.25,60.27,60.24,60.25,64,CLZ5
2025-11-10 08:00:00+00:00,33,1,651434,60.25,60.29,60.25,60.28,81,CLZ5
2025-11-10 08:01:00+00:00,33,1,651434,60.29,60.37,60.29,60.32,260,CLZ5
2025-11-10 08:02:00+00:00,33,1,651434,60.32,60.34,60.3,60.34,151,CLZ5
2025-11-10 08:03:00+00:00,33,1,651434,60.34,60.37,60.31,60.37,131,CLZ5
2025-11-10 08:04:00+00:00,33,1,651434,60.37,60.38,60.35,60.36,264,CLZ5
2025-11-10 08:05:00+00:00,33,1,651434,60.37,60.37,60.3,60.3,94,CLZ5
2025-11-10 08:06:00+00:00,33,1,651434,60.3,60.31,60.3,60.31,69,CLZ5
2025-11-10 08:07:00+00:00,33,1,651434,60.3,60.3,60.27,60.28,74,CLZ5
2025-11-10 08:08:00+00:00,33,1,651434,60.28,60.32,60.28,60.32,52,CLZ5
2025-11-10 08:09:00+00:00,33,1,651434,60.32,60.32,60.31,60.32,50,CLZ5
2025-11-10 08:10:00+00:00,33,1,651434,60.31,60.32,60.3,60.31,63,CLZ5
2025-11-10 08:11:00+00:00,33,1,651434,60.31,60.31,60.3,60.3,33,CLZ5
2025-11-10 08:12:00+00:00,33,1,651434,60.31,60.31,60.28,60.28,43,CLZ5
2025-11-10 08:13:00+00:00,33,1,651434,60.28,60.29,60.26,60.27,72,CLZ5
2025-11-10 08:14:00+00:00,33,1,651434,60.27,60.29,60.27,60.29,27,CLZ5
2025-11-10 08:15:00+00:00,33,1,651434,60.29,60.3,60.25,60.26,101,CLZ5
2025-11-10 08:16:00+00:00,33,1,651434,60.26,60.28,60.25,60.25,41,CLZ5
2025-11-10 08:17:00+00:00,33,1,651434,60.25,60.25,60.21,60.21,120,CLZ5
2025-11-10 08:18:00+00:00,33,1,651434,60.2,60.22,60.18,60.2,128,CLZ5
2025-11-10 08:19:00+00:00,33,1,651434,60.21,60.23,60.19,60.22,50,CLZ5
2025-11-10 08:20:00+00:00,33,1,651434,60.22,60.23,60.19,60.2,101,CLZ5
2025-11-10 08:21:00+00:00,33,1,651434,60.2,60.26,60.2,60.26,78,CLZ5
2025-11-10 08:22:00+00:00,33,1,651434,60.26,60.29,60.25,60.26,134,CLZ5
2025-11-10 08:23:00+00:00,33,1,651434,60.27,60.28,60.26,60.27,90,CLZ5
2025-11-10 08:24:00+00:00,33,1,651434,60.27,60.28,60.27,60.28,30,CLZ5
2025-11-10 08:25:00+00:00,33,1,651434,60.29,60.31,60.25,60.26,162,CLZ5
2025-11-10 08:26:00+00:00,33,1,651434,60.26,60.3,60.23,60.29,153,CLZ5
2025-11-10 08:27:00+00:00,33,1,651434,60.29,60.32,60.29,60.32,53,CLZ5
2025-11-10 08:28:00+00:00,33,1,651434,60.31,60.33,60.29,60.33,82,CLZ5
2025-11-10 08:29:00+00:00,33,1,651434,60.32,60.37,60.32,60.34,228,CLZ5
2025-11-10 08:30:00+00:00,33,1,651434,60.33,60.35,60.31,60.34,176,CLZ5
2025-11-10 08:31:00+00:00,33,1,651434,60.34,60.37,60.33,60.36,200,CLZ5
2025-11-10 08:32:00+00:00,33,1,651434,60.36,60.39,60.35,60.38,167,CLZ5
2025-11-10 08:33:00+00:00,33,1,651434,60.37,60.43,60.37,60.42,308,CLZ5
2025-11-10 08:34:00+00:00,33,1,651434,60.41,60.48,60.38,60.38,707,CLZ5
2025-11-10 08:35:00+00:00,33,1,651434,60.38,60.41,60.36,60.37,187,CLZ5
2025-11-10 08:36:00+00:00,33,1,651434,60.36,60.37,60.26,60.27,241,CLZ5
2025-11-10 08:37:00+00:00,33,1,651434,60.26,60.26,60.21,60.25,178,CLZ5
2025-11-10 08:38:00+00:00,33,1,651434,60.24,60.25,60.19,60.2,183,CLZ5
2025-11-10 08:39:00+00:00,33,1,651434,60.2,60.23,60.19,60.2,128,CLZ5
2025-11-10 08:40:00+00:00,33,1,651434,60.19,60.2,60.15,60.2,206,CLZ5
2025-11-10 08:41:00+00:00,33,1,651434,60.2,60.2,60.15,60.15,90,CLZ5
2025-11-10 08:42:00+00:00,33,1,651434,60.16,60.16,60.12,60.15,192,CLZ5
2025-11-10 08:43:00+00:00,33,1,651434,60.15,60.16,60.11,60.11,118,CLZ5
2025-11-10 08:44:00+00:00,33,1,651434,60.1,60.11,60.06,60.06,229,CLZ5
2025-11-10 08:45:00+00:00,33,1,651434,60.06,60.07,60.02,60.03,163,CLZ5
2025-11-10 08:46:00+00:00,33,1,651434,60.03,60.05,60.01,60.03,294,CLZ5
2025-11-10 08:47:00+00:00,33,1,651434,60.03,60.06,60.01,60.04,145,CLZ5
2025-11-10 08:48:00+00:00,33,1,651434,60.04,60.05,60.03,60.04,34,CLZ5
2025-11-10 08:49:00+00:00,33,1,651434,60.03,60.11,60.03,60.07,180,CLZ5
2025-11-10 08:50:00+00:00,33,1,651434,60.08,60.08,60.05,60.05,84,CLZ5
2025-11-10 08:51:00+00:00,33,1,651434,60.05,60.06,60.03,60.04,81,CLZ5
2025-11-10 08:52:00+00:00,33,1,651434,60.04,60.08,60.04,60.06,46,CLZ5
2025-11-10 08:53:00+00:00,33,1,651434,60.07,60.1,60.06,60.1,63,CLZ5
2025-11-10 08:54:00+00:00,33,1,651434,60.09,60.13,60.09,60.11,87,CLZ5
2025-11-10 08:55:00+00:00,33,1,651434,60.11,60.12,60.1,60.1,47,CLZ5
2025-11-10 08:56:00+00:00,33,1,651434,60.1,60.1,60.09,60.09,56,CLZ5
2025-11-10 08:57:00+00:00,33,1,651434,60.1,60.14,60.1,60.12,71,CLZ5
2025-11-10 08:58:00+00:00,33,1,651434,60.11,60.12,60.1,60.11,46,CLZ5
2025-11-10 08:59:00+00:00,33,1,651434,60.11,60.11,60.09,60.1,41,CLZ5
2025-11-10 09:00:00+00:00,33,1,651434,60.09,60.13,60.08,60.12,138,CLZ5
2025-11-10 09:01:00+00:00,33,1,651434,60.11,60.12,60.04,60.04,94,CLZ5
2025-11-10 09:02:00+00:00,33,1,651434,60.04,60.11,60.04,60.11,82,CLZ5
2025-11-10 09:03:00+00:00,33,1,651434,60.11,60.15,60.11,60.15,80,CLZ5
2025-11-10 09:04:00+00:00,33,1,651434,60.15,60.2,60.15,60.19,72,CLZ5
2025-11-10 09:05:00+00:00,33,1,651434,60.19,60.21,60.18,60.2,101,CLZ5
2025-11-10 09:06:00+00:00,33,1,651434,60.2,60.24,60.19,60.22,96,CLZ5
2025-11-10 09:07:00+00:00,33,1,651434,60.22,60.28,60.22,60.26,134,CLZ5
2025-11-10 09:08:00+00:00,33,1,651434,60.27,60.27,60.23,60.25,49,CLZ5
2025-11-10 09:09:00+00:00,33,1,651434,60.24,60.29,60.22,60.22,122,CLZ5
2025-11-10 09:10:00+00:00,33,1,651434,60.22,60.28,60.21,60.27,127,CLZ5
2025-11-10 09:11:00+00:00,33,1,651434,60.27,60.28,60.25,60.28,70,CLZ5
2025-11-10 09:12:00+00:00,33,1,651434,60.28,60.3,60.28,60.29,95,CLZ5
2025-11-10 09:13:00+00:00,33,1,651434,60.28,60.28,60.23,60.25,52,CLZ5
2025-11-10 09:14:00+00:00,33,1,651434,60.26,60.26,60.24,60.26,19,CLZ5
2025-11-10 09:15:00+00:00,33,1,651434,60.26,60.28,60.24,60.28,55,CLZ5
2025-11-10 09:16:00+00:00,33,1,651434,60.28,60.31,60.27,60.31,110,CLZ5
2025-11-10 09:17:00+00:00,33,1,651434,60.32,60.33,60.3,60.31,85,CLZ5
2025-11-10 09:18:00+00:00,33,1,651434,60.31,60.32,60.29,60.3,77,CLZ5
2025-11-10 09:19:00+00:00,33,1,651434,60.3,60.31,60.29,60.3,29,CLZ5
2025-11-10 09:20:00+00:00,33,1,651434,60.3,60.31,60.28,60.29,51,CLZ5
2025-11-10 09:21:00+00:00,33,1,651434,60.3,60.3,60.29,60.29,35,CLZ5
2025-11-10 09:22:00+00:00,33,1,651434,60.3,60.3,60.27,60.28,30,CLZ5
2025-11-10 09:23:00+00:00,33,1,651434,60.27,60.32,60.27,60.32,93,CLZ5
2025-11-10 09:24:00+00:00,33,1,651434,60.33,60.36,60.32,60.32,145,CLZ5
2025-11-10 09:25:00+00:00,33,1,651434,60.32,60.39,60.32,60.37,190,CLZ5
2025-11-10 09:26:00+00:00,33,1,651434,60.37,60.38,60.33,60.34,114,CLZ5
2025-11-10 09:27:00+00:00,33,1,651434,60.35,60.38,60.35,60.37,50,CLZ5
2025-11-10 09:28:00+00:00,33,1,651434,60.37,60.39,60.35,60.36,92,CLZ5
2025-11-10 09:29:00+00:00,33,1,651434,60.36,60.37,60.35,60.36,45,CLZ5
2025-11-10 09:30:00+00:00,33,1,651434,60.37,60.42,60.37,60.42,163,CLZ5
2025-11-10 09:31:00+00:00,33,1,651434,60.41,60.44,60.39,60.43,363,CLZ5
2025-11-10 09:32:00+00:00,33,1,651434,60.42,60.43,60.41,60.41,69,CLZ5
2025-11-10 09:33:00+00:00,33,1,651434,60.4,60.4,60.38,60.39,74,CLZ5
2025-11-10 09:34:00+00:00,33,1,651434,60.38,60.39,60.37,60.39,38,CLZ5
2025-11-10 09:35:00+00:00,33,1,651434,60.39,60.4,60.34,60.36,78,CLZ5
2025-11-10 09:36:00+00:00,33,1,651434,60.36,60.37,60.34,60.34,41,CLZ5
2025-11-10 09:37:00+00:00,33,1,651434,60.34,60.35,60.33,60.35,75,CLZ5
2025-11-10 09:38:00+00:00,33,1,651434,60.35,60.37,60.34,60.34,67,CLZ5
2025-11-10 09:39:00+00:00,33,1,651434,60.34,60.34,60.32,60.34,50,CLZ5
2025-11-10 09:40:00+00:00,33,1,651434,60.35,60.37,60.33,60.37,95,CLZ5
2025-11-10 09:41:00+00:00,33,1,651434,60.37,60.38,60.34,60.37,113,CLZ5
2025-11-10 09:42:00+00:00,33,1,651434,60.37,60.4,60.37,60.4,70,CLZ5
2025-11-10 09:43:00+00:00,33,1,651434,60.4,60.42,60.4,60.42,102,CLZ5
2025-11-10 09:44:00+00:00,33,1,651434,60.43,60.48,60.42,60.46,268,CLZ5
2025-11-10 09:45:00+00:00,33,1,651434,60.45,60.46,60.41,60.43,130,CLZ5
2025-11-10 09:46:00+00:00,33,1,651434,60.43,60.45,60.42,60.42,33,CLZ5
2025-11-10 09:47:00+00:00,33,1,651434,60.42,60.44,60.38,60.38,108,CLZ5
2025-11-10 09:48:00+00:00,33,1,651434,60.37,60.41,60.37,60.41,86,CLZ5
2025-11-10 09:49:00+00:00,33,1,651434,60.41,60.43,60.4,60.43,74,CLZ5
2025-11-10 09:50:00+00:00,33,1,651434,60.43,60.44,60.4,60.4,103,CLZ5
2025-11-10 09:51:00+00:00,33,1,651434,60.4,60.43,60.37,60.37,88,CLZ5
2025-11-10 09:52:00+00:00,33,1,651434,60.38,60.39,60.36,60.39,51,CLZ5
2025-11-10 09:53:00+00:00,33,1,651434,60.39,60.41,60.37,60.37,47,CLZ5
2025-11-10 09:54:00+00:00,33,1,651434,60.37,60.39,60.36,60.38,45,CLZ5
2025-11-10 09:55:00+00:00,33,1,651434,60.39,60.39,60.37,60.39,19,CLZ5
2025-11-10 09:56:00+00:00,33,1,651434,60.39,60.41,60.39,60.39,31,CLZ5
2025-11-10 09:57:00+00:00,33,1,651434,60.4,60.42,60.4,60.4,33,CLZ5
2025-11-10 09:58:00+00:00,33,1,651434,60.39,60.4,60.35,60.36,86,CLZ5
2025-11-10 09:59:00+00:00,33,1,651434,60.36,60.37,60.35,60.37,50,CLZ5
2025-11-10 10:00:00+00:00,33,1,651434,60.37,60.4,60.35,60.36,86,CLZ5
2025-11-10 10:01:00+00:00,33,1,651434,60.37,60.37,60.35,60.37,46,CLZ5
2025-11-10 10:02:00+00:00,33,1,651434,60.37,60.37,60.3,60.32,118,CLZ5
2025-11-10 10:03:00+00:00,33,1,651434,60.31,60.31,60.3,60.3,67,CLZ5
2025-11-10 10:04:00+00:00,33,1,651434,60.3,60.32,60.27,60.31,149,CLZ5
2025-11-10 10:05:00+00:00,33,1,651434,60.31,60.31,60.24,60.27,144,CLZ5
2025-11-10 10:06:00+00:00,33,1,651434,60.28,60.32,60.25,60.32,163,CLZ5
2025-11-10 10:07:00+00:00,33,1,651434,60.33,60.34,60.3,60.31,214,CLZ5
2025-11-10 10:08:00+00:00,33,1,651434,60.3,60.3,60.26,60.28,95,CLZ5
2025-11-10 10:09:00+00:00,33,1,651434,60.27,60.28,60.24,60.27,83,CLZ5
2025-11-10 10:10:00+00:00,33,1,651434,60.28,60.29,60.26,60.27,83,CLZ5
2025-11-10 10:11:00+00:00,33,1,651434,60.28,60.29,60.27,60.28,37,CLZ5
2025-11-10 10:12:00+00:00,33,1,651434,60.28,60.32,60.28,60.3,55,CLZ5
2025-11-10 10:13:00+00:00,33,1,651434,60.29,60.32,60.28,60.29,63,CLZ5
2025-11-10 10:14:00+00:00,33,1,651434,60.29,60.29,60.27,60.28,11,CLZ5
2025-11-10 10:15:00+00:00,33,1,651434,60.28,60.28,60.26,60.27,14,CLZ5
2025-11-10 10:16:00+00:00,33,1,651434,60.27,60.27,60.27,60.27,10,CLZ5
2025-11-10 10:17:00+00:00,33,1,651434,60.27,60.29,60.27,60.28,52,CLZ5
2025-11-10 10:18:00+00:00,33,1,651434,60.28,60.29,60.23,60.24,73,CLZ5
2025-11-10 10:19:00+00:00,33,1,651434,60.23,60.24,60.19,60.23,138,CLZ5
2025-11-10 10:20:00+00:00,33,1,651434,60.23,60.24,60.21,60.22,78,CLZ5
2025-11-10 10:21:00+00:00,33,1,651434,60.21,60.22,60.21,60.22,39,CLZ5
2025-11-10 10:22:00+00:00,33,1,651434,60.22,60.24,60.21,60.24,26,CLZ5
2025-11-10 10:23:00+00:00,33,1,651434,60.23,60.23,60.21,60.21,32,CLZ5
2025-11-10 10:24:00+00:00,33,1,651434,60.21,60.21,60.17,60.18,93,CLZ5
2025-11-10 10:25:00+00:00,33,1,651434,60.17,60.18,60.15,60.17,112,CLZ5
2025-11-10 10:26:00+00:00,33,1,651434,60.17,60.21,60.17,60.17,203,CLZ5
2025-11-10 10:27:00+00:00,33,1,651434,60.18,60.22,60.18,60.22,85,CLZ5
2025-11-10 10:28:00+00:00,33,1,651434,60.22,60.22,60.13,60.14,112,CLZ5
2025-11-10 10:29:00+00:00,33,1,651434,60.14,60.15,60.14,60.15,78,CLZ5
2025-11-10 10:30:00+00:00,33,1,651434,60.16,60.19,60.08,60.1,283,CLZ5
2025-11-10 10:31:00+00:00,33,1,651434,60.09,60.1,60.03,60.04,305,CLZ5
2025-11-10 10:32:00+00:00,33,1,651434,60.04,60.04,59.98,60.01,460,CLZ5
2025-11-10 10:33:00+00:00,33,1,651434,60.0,60.05,60.0,60.04,220,CLZ5
2025-11-10 10:34:00+00:00,33,1,651434,60.04,60.04,60.0,60.01,77,CLZ5
2025-11-10 10:35:00+00:00,33,1,651434,60.0,60.02,59.99,59.99,83,CLZ5
2025-11-10 10:36:00+00:00,33,1,651434,59.99,60.0,59.93,59.94,291,CLZ5
2025-11-10 10:37:00+00:00,33,1,651434,59.93,59.98,59.92,59.98,145,CLZ5
2025-11-10 10:38:00+00:00,33,1,651434,59.99,60.02,59.99,60.0,135,CLZ5
2025-11-10 10:39:00+00:00,33,1,651434,59.99,59.99,59.97,59.97,100,CLZ5
2025-11-10 10:40:00+00:00,33,1,651434,59.98,59.98,59.94,59.94,152,CLZ5
2025-11-10 10:41:00+00:00,33,1,651434,59.93,59.93,59.87,59.87,263,CLZ5
2025-11-10 10:42:00+00:00,33,1,651434,59.87,59.88,59.87,59.87,112,CLZ5
2025-11-10 10:43:00+00:00,33,1,651434,59.86,59.89,59.86,59.87,96,CLZ5
2025-11-10 10:44:00+00:00,33,1,651434,59.88,59.9,59.85,59.85,243,CLZ5
2025-11-10 10:45:00+00:00,33,1,651434,59.85,59.87,59.83,59.85,360,CLZ5
2025-11-10 10:46:00+00:00,33,1,651434,59.86,59.87,59.84,59.87,158,CLZ5
2025-11-10 10:47:00+00:00,33,1,651434,59.87,59.9,59.86,59.86,180,CLZ5
2025-11-10 10:48:00+00:00,33,1,651434,59.85,59.89,59.84,59.89,93,CLZ5
2025-11-10 10:49:00+00:00,33,1,651434,59.89,59.91,59.88,59.89,154,CLZ5
2025-11-10 10:50:00+00:00,33,1,651434,59.89,59.89,59.86,59.89,93,CLZ5
2025-11-10 10:51:00+00:00,33,1,651434,59.88,59.88,59.85,59.88,136,CLZ5
2025-11-10 10:52:00+00:00,33,1,651434,59.89,59.93,59.88,59.91,107,CLZ5
2025-11-10 10:53:00+00:00,33,1,651434,59.9,59.92,59.89,59.9,62,CLZ5
2025-11-10 10:54:00+00:00,33,1,651434,59.9,59.91,59.9,59.9,53,CLZ5
2025-11-10 10:55:00+00:00,33,1,651434,59.9,59.9,59.86,59.87,115,CLZ5
2025-11-10 10:56:00+00:00,33,1,651434,59.87,59.9,59.87,59.87,58,CLZ5
2025-11-10 10:57:00+00:00,33,1,651434,59.87,59.89,59.86,59.86,93,CLZ5
2025-11-10 10:58:00+00:00,33,1,651434,59.86,59.88,59.85,59.87,63,CLZ5
2025-11-10 10:59:00+00:00,33,1,651434,59.85,59.85,59.83,59.83,88,CLZ5
2025-11-10 11:00:00+00:00,33,1,651434,59.83,59.88,59.83,59.87,109,CLZ5
2025-11-10 11:01:00+00:00,33,1,651434,59.88,59.95,59.88,59.93,187,CLZ5
2025-11-10 11:02:00+00:00,33,1,651434,59.93,59.94,59.91,59.91,103,CLZ5
2025-11-10 11:03:00+00:00,33,1,651434,59.91,59.93,59.91,59.92,41,CLZ5
2025-11-10 11:04:00+00:00,33,1,651434,59.93,59.98,59.93,59.97,85,CLZ5
2025-11-10 11:05:00+00:00,33,1,651434,59.97,59.98,59.94,59.98,114,CLZ5
2025-11-10 11:06:00+00:00,33,1,651434,59.98,60.01,59.98,59.99,141,CLZ5
2025-11-10 11:07:00+00:00,33,1,651434,59.98,59.98,59.94,59.94,47,CLZ5
2025-11-10 11:08:00+00:00,33,1,651434,59.94,59.96,59.94,59.95,23,CLZ5
2025-11-10 11:09:00+00:00,33,1,651434,59.94,59.94,59.88,59.88,47,CLZ5
2025-11-10 11:10:00+00:00,33,1,651434,59.88,59.89,59.86,59.88,82,CLZ5
2025-11-10 11:11:00+00:00,33,1,651434,59.87,59.88,59.87,59.87,50,CLZ5
2025-11-10 11:12:00+00:00,33,1,651434,59.87,59.88,59.86,59.86,40,CLZ5
2025-11-10 11:13:00+00:00,33,1,651434,59.86,59.87,59.85,59.86,50,CLZ5
2025-11-10 11:14:00+00:00,33,1,651434,59.86,59.89,59.86,59.88,134,CLZ5
2025-11-10 11:15:00+00:00,33,1,651434,59.87,59.88,59.86,59.86,49,CLZ5
2025-11-10 11:16:00+00:00,33,1,651434,59.85,59.89,59.84,59.89,112,CLZ5
2025-11-10 11:17:00+00:00,33,1,651434,59.88,59.88,59.86,59.88,77,CLZ5
2025-11-10 11:18:00+00:00,33,1,651434,59.87,59.9,59.87,59.9,87,CLZ5
2025-11-10 11:19:00+00:00,33,1,651434,59.9,59.91,59.88,59.89,40,CLZ5
2025-11-10 11:20:00+00:00,33,1,651434,59.89,59.9,59.86,59.86,73,CLZ5
2025-11-10 11:21:00+00:00,33,1,651434,59.85,59.86,59.83,59.84,111,CLZ5
2025-11-10 11:22:00+00:00,33,1,651434,59.84,59.85,59.83,59.85,40,CLZ5
2025-11-10 11:23:00+00:00,33,1,651434,59.85,59.85,59.79,59.81,185,CLZ5
2025-11-10 11:24:00+00:00,33,1,651434,59.82,59.84,59.81,59.84,58,CLZ5
2025-11-10 11:25:00+00:00,33,1,651434,59.83,59.84,59.82,59.82,35,CLZ5
2025-11-10 11:26:00+00:00,33,1,651434,59.82,59.86,59.82,59.86,30,CLZ5
2025-11-10 11:27:00+00:00,33,1,651434,59.85,59.89,59.85,59.88,47,CLZ5
2025-11-10 11:28:00+00:00,33,1,651434,59.87,59.88,59.86,59.87,39,CLZ5
2025-11-10 11:29:00+00:00,33,1,651434,59.88,59.89,59.83,59.83,142,CLZ5
2025-11-10 11:30:00+00:00,33,1,651434,59.82,59.86,59.82,59.84,67,CLZ5
2025-11-10 11:31:00+00:00,33,1,651434,59.85,59.88,59.85,59.88,34,CLZ5
2025-11-10 11:32:00+00:00,33,1,651434,59.88,59.9,59.87,59.9,69,CLZ5
2025-11-10 11:33:00+00:00,33,1,651434,59.9,59.9,59.88,59.89,22,CLZ5
2025-11-10 11:34:00+00:00,33,1,651434,59.89,59.9,59.88,59.9,18,CLZ5
2025-11-10 11:35:00+00:00,33,1,651434,59.9,59.9,59.86,59.87,105,CLZ5
2025-11-10 11:36:00+00:00,33,1,651434,59.87,59.89,59.82,59.82,94,CLZ5
2025-11-10 11:37:00+00:00,33,1,651434,59.83,59.84,59.82,59.82,32,CLZ5
2025-11-10 11:38:00+00:00,33,1,651434,59.83,59.84,59.83,59.84,36,CLZ5
2025-11-10 11:39:00+00:00,33,1,651434,59.84,59.84,59.82,59.82,19,CLZ5
2025-11-10 11:40:00+00:00,33,1,651434,59.82,59.86,59.8,59.85,184,CLZ5
2025-11-10 11:41:00+00:00,33,1,651434,59.84,59.87,59.84,59.86,100,CLZ5
2025-11-10 11:42:00+00:00,33,1,651434,59.86,59.87,59.85,59.86,36,CLZ5
2025-11-10 11:43:00+00:00,33,1,651434,59.85,59.87,59.85,59.85,37,CLZ5
2025-11-10 11:44:00+00:00,33,1,651434,59.85,59.85,59.83,59.83,18,CLZ5
2025-11-10 11:45:00+00:00,33,1,651434,59.83,59.83,59.82,59.82,29,CLZ5
2025-11-10 11:46:00+00:00,33,1,651434,59.83,59.83,59.82,59.82,32,CLZ5
2025-11-10 11:47:00+00:00,33,1,651434,59.82,59.83,59.82,59.82,29,CLZ5
2025-11-10 11:48:00+00:00,33,1,651434,59.82,59.84,59.81,59.81,34,CLZ5
2025-11-10 11:49:00+00:00,33,1,651434,59.81,59.81,59.78,59.8,106,CLZ5
2025-11-10 11:50:00+00:00,33,1,651434,59.8,59.84,59.8,59.84,120,CLZ5
2025-11-10 11:51:00+00:00,33,1,651434,59.85,59.85,59.83,59.83,40,CLZ5
2025-11-10 11:52:00+00:00,33,1,651434,59.84,59.86,59.83,59.85,121,CLZ5
2025-11-10 11:53:00+00:00,33,1,651434,59.85,59.86,59.81,59.83,103,CLZ5
2025-11-10 11:54:00+00:00,33,1,651434,59.82,59.83,59.81,59.82,70,CLZ5
2025-11-10 11:55:00+00:00,33,1,651434,59.81,59.81,59.79,59.81,51,CLZ5
2025-11-10 11:56:00+00:00,33,1,651434,59.81,59.86,59.81,59.86,47,CLZ5
2025-11-10 11:57:00+00:00,33,1,651434,59.86,59.88,59.86,59.88,37,CLZ5
2025-11-10 11:58:00+00:00,33,1,651434,59.86,59.87,59.85,59.85,64,CLZ5
2025-11-10 11:59:00+00:00,33,1,651434,59.84,59.87,59.84,59.86,31,CLZ5
2025-11-10 12:00:00+00:00,33,1,651434,59.87,59.97,59.87,59.97,342,CLZ5
2025-11-10 12:01:00+00:00,33,1,651434,59.97,59.98,59.94,59.96,84,CLZ5
2025-11-10 12:02:00+00:00,33,1,651434,59.96,59.98,59.95,59.96,112,CLZ5
2025-11-10 12:03:00+00:00,33,1,651434,59.96,59.99,59.94,59.94,128,CLZ5
2025-11-10 12:04:00+00:00,33,1,651434,59.94,59.95,59.93,59.95,58,CLZ5
2025-11-10 12:05:00+00:00,33,1,651434,59.95,59.95,59.93,59.94,78,CLZ5
2025-11-10 12:06:00+00:00,33,1,651434,59.93,59.96,59.93,59.93,71,CLZ5
2025-11-10 12:07:00+00:00,33,1,651434,59.93,59.95,59.93,59.95,30,CLZ5
2025-11-10 12:08:00+00:00,33,1,651434,59.96,60.03,59.96,60.02,236,CLZ5
2025-11-10 12:09:00+00:00,33,1,651434,60.03,60.06,60.03,60.04,147,CLZ5
2025-11-10 12:10:00+00:00,33,1,651434,60.04,60.04,60.02,60.03,76,CLZ5
2025-11-10 12:11:00+00:00,33,1,651434,60.03,60.04,59.96,59.96,120,CLZ5
2025-11-10 12:12:00+00:00,33,1,651434,59.96,59.96,59.94,59.95,57,CLZ5
2025-11-10 12:13:00+00:00,33,1,651434,59.94,59.95,59.93,59.93,39,CLZ5
2025-11-10 12:14:00+00:00,33,1,651434,59.93,59.96,59.93,59.96,51,CLZ5
2025-11-10 12:15:00+00:00,33,1,651434,59.96,59.97,59.94,59.95,37,CLZ5
2025-11-10 12:16:00+00:00,33,1,651434,59.95,59.96,59.94,59.94,33,CLZ5
2025-11-10 12:17:00+00:00,33,1,651434,59.94,59.95,59.93,59.95,93,CLZ5
2025-11-10 12:18:00+00:00,33,1,651434,59.96,59.97,59.96,59.96,45,CLZ5
2025-11-10 12:19:00+00:00,33,1,651434,59.96,59.96,59.95,59.96,31,CLZ5
2025-11-10 12:20:00+00:00,33,1,651434,59.95,59.97,59.95,59.97,89,CLZ5
2025-11-10 12:21:00+00:00,33,1,651434,59.97,59.99,59.96,59.99,66,CLZ5
2025-11-10 12:22:00+00:00,33,1,651434,59.98,59.99,59.98,59.98,33,CLZ5
2025-11-10 12:23:00+00:00,33,1,651434,59.99,60.0,59.98,59.98,35,CLZ5
2025-11-10 12:24:00+00:00,33,1,651434,59.99,59.99,59.96,59.96,28,CLZ5
2025-11-10 12:25:00+00:00,33,1,651434,59.96,60.02,59.95,60.01,93,CLZ5
2025-11-10 12:26:00+00:00,33,1,651434,60.0,60.01,59.97,59.98,34,CLZ5
2025-11-10 12:27:00+00:00,33,1,651434,59.99,59.99,59.97,59.98,34,CLZ5
2025-11-10 12:28:00+00:00,33,1,651434,59.98,59.98,59.96,59.98,43,CLZ5
2025-11-10 12:29:00+00:00,33,1,651434,59.97,59.98,59.96,59.96,18,CLZ5
2025-11-10 12:30:00+00:00,33,1,651434,59.96,59.96,59.94,59.95,45,CLZ5
2025-11-10 12:31:00+00:00,33,1,651434,59.95,59.96,59.94,59.96,26,CLZ5
2025-11-10 12:32:00+00:00,33,1,651434,59.96,59.98,59.95,59.98,29,CLZ5
2025-11-10 12:33:00+00:00,33,1,651434,59.96,59.98,59.96,59.97,21,CLZ5
2025-11-10 12:34:00+00:00,33,1,651434,59.97,59.98,59.97,59.98,27,CLZ5
2025-11-10 12:35:00+00:00,33,1,651434,59.99,60.04,59.99,60.04,103,CLZ5
2025-11-10 12:36:00+00:00,33,1,651434,60.04,60.05,59.99,59.99,34,CLZ5
2025-11-10 12:37:00+00:00,33,1,651434,59.99,60.01,59.99,60.0,29,CLZ5
2025-11-10 12:38:00+00:00,33,1,651434,60.0,60.0,59.97,59.99,25,CLZ5
2025-11-10 12:39:00+00:00,33,1,651434,59.98,59.99,59.98,59.99,13,CLZ5
2025-11-10 12:40:00+00:00,33,1,651434,59.98,59.99,59.98,59.99,22,CLZ5
2025-11-10 12:41:00+00:00,33,1,651434,60.0,60.01,60.0,60.01,20,CLZ5
2025-11-10 12:42:00+00:00,33,1,651434,60.01,60.03,60.01,60.02,31,CLZ5
2025-11-10 12:43:00+00:00,33,1,651434,60.03,60.05,60.03,60.05,79,CLZ5
2025-11-10 12:44:00+00:00,33,1,651434,60.05,60.07,60.05,60.07,84,CLZ5
2025-11-10 12:45:00+00:00,33,1,651434,60.07,60.07,60.04,60.05,92,CLZ5
2025-11-10 12:46:00+00:00,33,1,651434,60.05,60.07,60.05,60.07,29,CLZ5
2025-11-10 12:47:00+00:00,33,1,651434,60.06,60.06,60.04,60.05,40,CLZ5
2025-11-10 12:48:00+00:00,33,1,651434,60.04,60.05,60.03,60.05,23,CLZ5
2025-11-10 12:49:00+00:00,33,1,651434,60.05,60.05,60.03,60.03,34,CLZ5
2025-11-10 12:50:00+00:00,33,1,651434,60.03,60.09,60.03,60.08,212,CLZ5
2025-11-10 12:51:00+00:00,33,1,651434,60.09,60.09,60.03,60.03,65,CLZ5
2025-11-10 12:52:00+00:00,33,1,651434,60.03,60.03,60.01,60.03,60,CLZ5
2025-11-10 12:53:00+00:00,33,1,651434,60.04,60.05,60.03,60.05,30,CLZ5
2025-11-10 12:54:00+00:00,33,1,651434,60.04,60.05,60.03,60.04,45,CLZ5
2025-11-10 12:55:00+00:00,33,1,651434,60.05,60.07,60.04,60.06,27,CLZ5
2025-11-10 12:56:00+00:00,33,1,651434,60.05,60.06,60.05,60.06,22,CLZ5
2025-11-10 12:57:00+00:00,33,1,651434,60.06,60.07,60.05,60.05,13,CLZ5
2025-11-10 12:58:00+00:00,33,1,651434,60.05,60.06,60.04,60.04,46,CLZ5
2025-11-10 12:59:00+00:00,33,1,651434,60.03,60.06,60.03,60.05,62,CLZ5
2025-11-10 13:00:00+00:00,33,1,651434,60.05,60.06,60.03,60.04,114,CLZ5
2025-11-10 13:01:00+00:00,33,1,651434,60.03,60.06,60.03,60.06,137,CLZ5
2025-11-10 13:02:00+00:00,33,1,651434,60.05,60.09,60.05,60.06,158,CLZ5
2025-11-10 13:03:00+00:00,33,1,651434,60.06,60.09,60.06,60.09,76,CLZ5
2025-11-10 13:04:00+00:00,33,1,651434,60.09,60.09,60.04,60.05,231,CLZ5
2025-11-10 13:05:00+00:00,33,1,651434,60.06,60.1,60.05,60.1,108,CLZ5
2025-11-10 13:06:00+00:00,33,1,651434,60.1,60.1,60.07,60.07,66,CLZ5
2025-11-10 13:07:00+00:00,33,1,651434,60.07,60.08,60.06,60.07,46,CLZ5
2025-11-10 13:08:00+00:00,33,1,651434,60.07,60.07,60.05,60.06,109,CLZ5
2025-11-10 13:09:00+00:00,33,1,651434,60.07,60.08,60.06,60.07,49,CLZ5
2025-11-10 13:10:00+00:00,33,1,651434,60.07,60.1,60.07,60.08,103,CLZ5
2025-11-10 13:11:00+00:00,33,1,651434,60.08,60.09,60.05,60.05,103,CLZ5
2025-11-10 13:12:00+00:00,33,1,651434,60.06,60.06,60.04,60.05,73,CLZ5
2025-11-10 13:13:00+00:00,33,1,651434,60.05,60.06,60.04,60.06,59,CLZ5
2025-11-10 13:14:00+00:00,33,1,651434,60.06,60.06,60.03,60.04,84,CLZ5
2025-11-10 13:15:00+00:00,33,1,651434,60.04,60.06,60.04,60.05,92,CLZ5
2025-11-10 13:16:00+00:00,33,1,651434,60.05,60.05,60.01,60.03,103,CLZ5
2025-11-10 13:17:00+00:00,33,1,651434,60.03,60.04,59.99,60.01,85,CLZ5
2025-11-10 13:18:00+00:00,33,1,651434,60.01,60.01,59.99,59.99,173,CLZ5
2025-11-10 13:19:00+00:00,33,1,651434,59.99,60.01,59.97,59.99,88,CLZ5
2025-11-10 13:20:00+00:00,33,1,651434,59.99,60.0,59.95,59.98,132,CLZ5
2025-11-10 13:21:00+00:00,33,1,651434,59.98,59.98,59.97,59.97,48,CLZ5
2025-11-10 13:22:00+00:00,33,1,651434,59.97,60.0,59.96,59.99,99,CLZ5
2025-11-10 13:23:00+00:00,33,1,651434,59.98,60.02,59.97,60.02,269,CLZ5
2025-11-10 13:24:00+00:00,33,1,651434,60.02,60.04,60.01,60.02,83,CLZ5
2025-11-10 13:25:00+00:00,33,1,651434,60.02,60.02,59.99,60.0,40,CLZ5
2025-11-10 13:26:00+00:00,33,1,651434,60.0,60.02,59.99,60.02,36,CLZ5
2025-11-10 13:27:00+00:00,33,1,651434,60.03,60.06,60.03,60.06,67,CLZ5
2025-11-10 13:28:00+00:00,33,1,651434,60.05,60.05,60.02,60.04,48,CLZ5
2025-11-10 13:29:00+00:00,33,1,651434,60.04,60.06,60.02,60.05,48,CLZ5
2025-11-10 13:30:00+00:00,33,1,651434,60.04,60.06,60.03,60.04,78,CLZ5
2025-11-10 13:31:00+00:00,33,1,651434,60.05,60.06,60.03,60.03,51,CLZ5
2025-11-10 13:32:00+00:00,33,1,651434,60.04,60.04,60.02,60.03,33,CLZ5
2025-11-10 13:33:00+00:00,33,1,651434,60.04,60.05,60.02,60.02,38,CLZ5
2025-11-10 13:34:00+00:00,33,1,651434,60.02,60.02,60.0,60.01,54,CLZ5
2025-11-10 13:35:00+00:00,33,1,651434,60.0,60.01,59.99,60.0,117,CLZ5
2025-11-10 13:36:00+00:00,33,1,651434,60.01,60.03,60.01,60.02,40,CLZ5
2025-11-10 13:37:00+00:00,33,1,651434,60.02,60.02,60.02,60.02,11,CLZ5
2025-11-10 13:38:00+00:00,33,1,651434,60.02,60.03,59.99,59.99,50,CLZ5
2025-11-10 13:39:00+00:00,33,1,651434,59.99,59.99,59.97,59.99,85,CLZ5
2025-11-10 13:40:00+00:00,33,1,651434,60.0,60.03,60.0,60.02,87,CLZ5
2025-11-10 13:41:00+00:00,33,1,651434,60.01,60.01,59.99,60.0,53,CLZ5
2025-11-10 13:42:00+00:00,33,1,651434,60.0,60.01,59.95,59.96,96,CLZ5
2025-11-10 13:43:00+00:00,33,1,651434,59.97,60.02,59.96,60.02,59,CLZ5
2025-11-10 13:44:00+00:00,33,1,651434,60.02,60.02,59.99,59.99,34,CLZ5
2025-11-10 13:45:00+00:00,33,1,651434,59.98,60.03,59.98,60.02,75,CLZ5
2025-11-10 13:46:00+00:00,33,1,651434,60.02,60.03,60.02,60.02,33,CLZ5
2025-11-10 13:47:00+00:00,33,1,651434,60.03,60.03,60.02,60.02,25,CLZ5
2025-11-10 13:48:00+00:00,33,1,651434,60.02,60.05,60.01,60.04,118,CLZ5
2025-11-10 13:49:00+00:00,33,1,651434,60.04,60.04,60.02,60.03,40,CLZ5
2025-11-10 13:50:00+00:00,33,1,651434,60.03,60.07,60.03,60.06,74,CLZ5
2025-11-10 13:51:00+00:00,33,1,651434,60.06,60.09,60.06,60.09,65,CLZ5
2025-11-10 13:52:00+00:00,33,1,651434,60.09,60.09,60.07,60.07,36,CLZ5
2025-11-10 13:53:00+00:00,33,1,651434,60.07,60.07,60.02,60.02,54,CLZ5
2025-11-10 13:54:00+00:00,33,1,651434,60.02,60.04,59.99,60.02,150,CLZ5
2025-11-10 13:55:00+00:00,33,1,651434,60.02,60.02,60.01,60.02,21,CLZ5
2025-11-10 13:56:00+00:00,33,1,651434,60.01,60.05,60.01,60.04,39,CLZ5
2025-11-10 13:57:00+00:00,33,1,651434,60.03,60.03,60.0,60.01,60,CLZ5
2025-11-10 13:58:00+00:00,33,1,651434,60.02,60.02,59.99,60.02,48,CLZ5
2025-11-10 13:59:00+00:00,33,1,651434,60.02,60.02,59.97,59.98,133,CLZ5
2025-11-10 14:00:00+00:00,33,1,651434,59.97,60.05,59.96,60.04,450,CLZ5
2025-11-10 14:01:00+00:00,33,1,651434,60.04,60.07,60.03,60.03,231,CLZ5
2025-11-10 14:02:00+00:00,33,1,651434,60.03,60.08,60.02,60.08,178,CLZ5
2025-11-10 14:03:00+00:00,33,1,651434,60.08,60.09,60.05,60.07,122,CLZ5
2025-11-10 14:04:00+00:00,33,1,651434,60.07,60.18,60.07,60.17,573,CLZ5
2025-11-10 14:05:00+00:00,33,1,651434,60.18,60.21,60.16,60.2,322,CLZ5
2025-11-10 14:06:00+00:00,33,1,651434,60.2,60.22,60.18,60.18,250,CLZ5
2025-11-10 14:07:00+00:00,33,1,651434,60.18,60.18,60.13,60.14,174,CLZ5
2025-11-10 14:08:00+00:00,33,1,651434,60.14,60.19,60.13,60.18,126,CLZ5
2025-11-10 14:09:00+00:00,33,1,651434,60.18,60.19,60.13,60.15,182,CLZ5
2025-11-10 14:10:00+00:00,33,1,651434,60.15,60.19,60.15,60.19,288,CLZ5
2025-11-10 14:11:00+00:00,33,1,651434,60.18,60.2,60.17,60.2,121,CLZ5
2025-11-10 14:12:00+00:00,33,1,651434,60.21,60.21,60.17,60.18,90,CLZ5
2025-11-10 14:13:00+00:00,33,1,651434,60.18,60.18,60.16,60.17,74,CLZ5
2025-11-10 14:14:00+00:00,33,1,651434,60.16,60.2,60.16,60.2,94,CLZ5
2025-11-10 14:15:00+00:00,33,1,651434,60.19,60.2,60.13,60.14,207,CLZ5
2025-11-10 14:16:00+00:00,33,1,651434,60.15,60.16,60.07,60.1,492,CLZ5
2025-11-10 14:17:00+00:00,33,1,651434,60.1,60.13,60.08,60.12,180,CLZ5
2025-11-10 14:18:00+00:00,33,1,651434,60.12,60.15,60.11,60.12,154,CLZ5
2025-11-10 14:19:00+00:00,33,1,651434,60.12,60.12,60.1,60.11,72,CLZ5
2025-11-10 14:20:00+00:00,33,1,651434,60.1,60.13,60.1,60.11,110,CLZ5
2025-11-10 14:21:00+00:00,33,1,651434,60.11,60.12,60.08,60.11,74,CLZ5
2025-11-10 14:22:00+00:00,33,1,651434,60.11,60.11,60.09,60.1,97,CLZ5
2025-11-10 14:23:00+00:00,33,1,651434,60.1,60.16,60.1,60.13,130,CLZ5
2025-11-10 14:24:00+00:00,33,1,651434,60.12,60.13,60.09,60.09,60,CLZ5
2025-11-10 14:25:00+00:00,33,1,651434,60.1,60.12,60.1,60.12,38,CLZ5
2025-11-10 14:26:00+00:00,33,1,651434,60.11,60.12,60.09,60.1,50,CLZ5
2025-11-10 14:27:00+00:00,33,1,651434,60.1,60.11,60.09,60.1,35,CLZ5
2025-11-10 14:28:00+00:00,33,1,651434,60.09,60.11,60.09,60.09,90,CLZ5
2025-11-10 14:29:00+00:00,33,1,651434,60.1,60.1,60.03,60.04,425,CLZ5
2025-11-10 14:30:00+00:00,33,1,651434,60.03,60.03,59.99,59.99,318,CLZ5
2025-11-10 14:31:00+00:00,33,1,651434,60.0,60.04,59.93,59.96,622,CLZ5
2025-11-10 14:32:00+00:00,33,1,651434,59.95,59.97,59.93,59.94,320,CLZ5
2025-11-10 14:33:00+00:00,33,1,651434,59.95,59.96,59.94,59.94,138,CLZ5
2025-11-10 14:34:00+00:00,33,1,651434,59.94,59.95,59.8,59.84,902,CLZ5
2025-11-10 14:35:00+00:00,33,1,651434,59.84,59.86,59.77,59.83,822,CLZ5
2025-11-10 14:36:00+00:00,33,1,651434,59.84,59.84,59.75,59.76,596,CLZ5
2025-11-10 14:37:00+00:00,33,1,651434,59.76,59.78,59.68,59.71,1092,CLZ5
2025-11-10 14:38:00+00:00,33,1,651434,59.71,59.72,59.66,59.68,587,CLZ5
2025-11-10 14:39:00+00:00,33,1,651434,59.67,59.68,59.61,59.63,682,CLZ5
2025-11-10 14:40:00+00:00,33,1,651434,59.64,59.69,59.61,59.68,523,CLZ5
2025-11-10 14:41:00+00:00,33,1,651434,59.68,59.73,59.66,59.66,488,CLZ5
2025-11-10 14:42:00+00:00,33,1,651434,59.67,59.7,59.63,59.64,429,CLZ5
2025-11-10 14:43:00+00:00,33,1,651434,59.64,59.64,59.58,59.63,609,CLZ5
2025-11-10 14:44:00+00:00,33,1,651434,59.64,59.67,59.63,59.66,152,CLZ5
2025-11-10 14:45:00+00:00,33,1,651434,59.67,59.77,59.67,59.77,701,CLZ5
2025-11-10 14:46:00+00:00,33,1,651434,59.76,59.82,59.72,59.82,432,CLZ5
2025-11-10 14:47:00+00:00,33,1,651434,59.81,59.85,59.8,59.85,286,CLZ5
2025-11-10 14:48:00+00:00,33,1,651434,59.84,59.95,59.83,59.85,687,CLZ5
2025-11-10 14:49:00+00:00,33,1,651434,59.85,59.87,59.82,59.82,142,CLZ5
2025-11-10 14:50:00+00:00,33,1,651434,59.82,59.83,59.77,59.77,239,CLZ5
2025-11-10 14:51:00+00:00,33,1,651434,59.77,59.8,59.75,59.79,181,CLZ5
2025-11-10 14:52:00+00:00,33,1,651434,59.78,59.78,59.77,59.78,72,CLZ5
2025-11-10 14:53:00+00:00,33,1,651434,59.77,59.78,59.76,59.77,119,CLZ5
2025-11-10 14:54:00+00:00,33,1,651434,59.78,59.81,59.77,59.79,107,CLZ5
2025-11-10 14:55:00+00:00,33,1,651434,59.78,59.78,59.73,59.77,173,CLZ5
2025-11-10 14:56:00+00:00,33,1,651434,59.77,59.78,59.74,59.76,103,CLZ5
2025-11-10 14:57:00+00:00,33,1,651434,59.76,59.79,59.76,59.77,121,CLZ5
2025-11-10 14:58:00+00:00,33,1,651434,59.77,59.77,59.71,59.73,140,CLZ5
2025-11-10 14:59:00+00:00,33,1,651434,59.73,59.73,59.62,59.63,430,CLZ5
2025-11-10 15:00:00+00:00,33,1,651434,59.63,59.68,59.6,59.64,418,CLZ5
2025-11-10 15:01:00+00:00,33,1,651434,59.65,59.65,59.6,59.63,364,CLZ5
2025-11-10 15:02:00+00:00,33,1,651434,59.63,59.66,59.62,59.65,182,CLZ5
2025-11-10 15:03:00+00:00,33,1,651434,59.65,59.67,59.65,59.67,245,CLZ5
2025-11-10 15:04:00+00:00,33,1,651434,59.67,59.68,59.61,59.61,210,CLZ5
2025-11-10 15:05:00+00:00,33,1,651434,59.61,59.63,59.56,59.61,579,CLZ5
2025-11-10 15:06:00+00:00,33,1,651434,59.62,59.62,59.55,59.57,391,CLZ5
2025-11-10 15:07:00+00:00,33,1,651434,59.58,59.6,59.57,59.59,132,CLZ5
2025-11-10 15:08:00+00:00,33,1,651434,59.59,59.62,59.59,59.61,137,CLZ5
2025-11-10 15:09:00+00:00,33,1,651434,59.61,59.61,59.57,59.58,161,CLZ5
2025-11-10 15:10:00+00:00,33,1,651434,59.57,59.58,59.56,59.57,244,CLZ5
2025-11-10 15:11:00+00:00,33,1,651434,59.57,59.6,59.54,59.56,315,CLZ5
2025-11-10 15:12:00+00:00,33,1,651434,59.56,59.58,59.56,59.56,92,CLZ5
2025-11-10 15:13:00+00:00,33,1,651434,59.56,59.59,59.56,59.57,185,CLZ5
2025-11-10 15:14:00+00:00,33,1,651434,59.58,59.58,59.56,59.57,95,CLZ5
2025-11-10 15:15:00+00:00,33,1,651434,59.56,59.59,59.55,59.58,246,CLZ5
2025-11-10 15:16:00+00:00,33,1,651434,59.58,59.59,59.56,59.57,255,CLZ5
2025-11-10 15:17:00+00:00,33,1,651434,59.56,59.6,59.55,59.59,153,CLZ5
2025-11-10 15:18:00+00:00,33,1,651434,59.59,59.6,59.58,59.58,67,CLZ5
2025-11-10 15:19:00+00:00,33,1,651434,59.58,59.59,59.57,59.58,95,CLZ5
2025-11-10 15:20:00+00:00,33,1,651434,59.58,59.66,59.57,59.65,253,CLZ5
2025-11-10 15:21:00+00:00,33,1,651434,59.65,59.67,59.62,59.65,296,CLZ5
2025-11-10 15:22:00+00:00,33,1,651434,59.66,59.66,59.63,59.64,93,CLZ5
2025-11-10 15:23:00+00:00,33,1,651434,59.64,59.68,59.64,59.66,212,CLZ5
2025-11-10 15:24:00+00:00,33,1,651434,59.66,59.69,59.66,59.66,218,CLZ5
2025-11-10 15:25:00+00:00,33,1,651434,59.66,59.69,59.66,59.66,52,CLZ5
2025-11-10 15:26:00+00:00,33,1,651434,59.66,59.66,59.6,59.6,250,CLZ5
2025-11-10 15:27:00+00:00,33,1,651434,59.6,59.65,59.6,59.64,126,CLZ5
2025-11-10 15:28:00+00:00,33,1,651434,59.65,59.71,59.65,59.68,404,CLZ5
2025-11-10 15:29:00+00:00,33,1,651434,59.68,59.69,59.64,59.66,189,CLZ5
2025-11-10 15:30:00+00:00,33,1,651434,59.66,59.66,59.63,59.66,188,CLZ5
2025-11-10 15:31:00+00:00,33,1,651434,59.66,59.74,59.66,59.74,618,CLZ5
2025-11-10 15:32:00+00:00,33,1,651434,59.73,59.75,59.72,59.75,255,CLZ5
2025-11-10 15:33:00+00:00,33,1,651434,59.75,59.79,59.75,59.78,344,CLZ5
2025-11-10 15:34:00+00:00,33,1,651434,59.77,59.81,59.75,59.78,652,CLZ5
2025-11-10 15:35:00+00:00,33,1,651434,59.78,59.79,59.77,59.77,142,CLZ5
2025-11-10 15:36:00+00:00,33,1,651434,59.78,59.84,59.78,59.82,283,CLZ5
2025-11-10 15:37:00+00:00,33,1,651434,59.82,59.89,59.82,59.82,500,CLZ5
2025-11-10 15:38:00+00:00,33,1,651434,59.83,59.85,59.82,59.85,145,CLZ5
2025-11-10 15:39:00+00:00,33,1,651434,59.86,59.88,59.81,59.81,262,CLZ5
2025-11-10 15:40:00+00:00,33,1,651434,59.81,59.82,59.78,59.78,242,CLZ5
2025-11-10 15:41:00+00:00,33,1,651434,59.78,59.78,59.74,59.75,279,CLZ5
2025-11-10 15:42:00+00:00,33,1,651434,59.75,59.75,59.73,59.75,220,CLZ5
2025-11-10 15:43:00+00:00,33,1,651434,59.75,59.78,59.73,59.74,370,CLZ5
2025-11-10 15:44:00+00:00,33,1,651434,59.74,59.79,59.74,59.77,137,CLZ5
2025-11-10 15:45:00+00:00,33,1,651434,59.77,59.79,59.74,59.74,135,CLZ5
2025-11-10 15:46:00+00:00,33,1,651434,59.74,59.75,59.72,59.72,251,CLZ5
2025-11-10 15:47:00+00:00,33,1,651434,59.72,59.74,59.72,59.73,156,CLZ5
2025-11-10 15:48:00+00:00,33,1,651434,59.74,59.76,59.74,59.75,48,CLZ5
2025-11-10 15:49:00+00:00,33,1,651434,59.74,59.75,59.69,59.7,216,CLZ5
2025-11-10 15:50:00+00:00,33,1,651434,59.7,59.72,59.61,59.63,570,CLZ5
2025-11-10 15:51:00+00:00,33,1,651434,59.63,59.65,59.61,59.61,107,CLZ5
2025-11-10 15:52:00+00:00,33,1,651434,59.61,59.63,59.57,59.59,226,CLZ5
2025-11-10 15:53:00+00:00,33,1,651434,59.59,59.65,59.59,59.63,114,CLZ5
2025-11-10 15:54:00+00:00,33,1,651434,59.62,59.66,59.62,59.62,129,CLZ5
2025-11-10 15:55:00+00:00,33,1,651434,59.61,59.62,59.52,59.57,705,CLZ5
2025-11-10 15:56:00+00:00,33,1,651434,59.57,59.58,59.53,59.55,286,CLZ5
2025-11-10 15:57:00+00:00,33,1,651434,59.55,59.61,59.55,59.59,254,CLZ5
2025-11-10 15:58:00+00:00,33,1,651434,59.59,59.6,59.55,59.56,104,CLZ5
2025-11-10 15:59:00+00:00,33,1,651434,59.56,59.57,59.54,59.54,174,CLZ5
2025-11-10 16:00:00+00:00,33,1,651434,59.54,59.56,59.49,59.51,807,CLZ5
2025-11-10 16:01:00+00:00,33,1,651434,59.51,59.6,59.51,59.59,298,CLZ5
2025-11-10 16:02:00+00:00,33,1,651434,59.58,59.6,59.57,59.58,175,CLZ5
2025-11-10 16:03:00+00:00,33,1,651434,59.58,59.6,59.56,59.56,241,CLZ5
2025-11-10 16:04:00+00:00,33,1,651434,59.55,59.59,59.55,59.59,182,CLZ5
2025-11-10 16:05:00+00:00,33,1,651434,59.58,59.58,59.54,59.56,182,CLZ5
2025-11-10 16:06:00+00:00,33,1,651434,59.57,59.61,59.56,59.61,265,CLZ5
2025-11-10 16:07:00+00:00,33,1,651434,59.6,59.66,59.6,59.63,253,CLZ5
2025-11-10 16:08:00+00:00,33,1,651434,59.62,59.62,59.59,59.59,74,CLZ5
2025-11-10 16:09:00+00:00,33,1,651434,59.59,59.59,59.55,59.59,179,CLZ5
2025-11-10 16:10:00+00:00,33,1,651434,59.59,59.61,59.55,59.57,194,CLZ5
2025-11-10 16:11:00+00:00,33,1,651434,59.58,59.58,59.54,59.54,328,CLZ5
2025-11-10 16:12:00+00:00,33,1,651434,59.55,59.55,59.53,59.53,181,CLZ5
2025-11-10 16:13:00+00:00,33,1,651434,59.52,59.53,59.5,59.52,290,CLZ5
2025-11-10 16:14:00+00:00,33,1,651434,59.53,59.54,59.52,59.53,189,CLZ5
2025-11-10 16:15:00+00:00,33,1,651434,59.54,59.57,59.53,59.55,219,CLZ5
2025-11-10 16:16:00+00:00,33,1,651434,59.55,59.57,59.54,59.57,215,CLZ5
2025-11-10 16:17:00+00:00,33,1,651434,59.56,59.56,59.52,59.53,118,CLZ5
2025-11-10 16:18:00+00:00,33,1,651434,59.52,59.55,59.52,59.52,133,CLZ5
2025-11-10 16:19:00+00:00,33,1,651434,59.52,59.53,59.51,59.52,65,CLZ5
2025-11-10 16:20:00+00:00,33,1,651434,59.51,59.51,59.46,59.47,541,CLZ5
2025-11-10 16:21:00+00:00,33,1,651434,59.47,59.54,59.47,59.52,455,CLZ5
2025-11-10 16:22:00+00:00,33,1,651434,59.53,59.55,59.51,59.53,204,CLZ5
2025-11-10 16:23:00+00:00,33,1,651434,59.53,59.57,59.52,59.57,185,CLZ5
2025-11-10 16:24:00+00:00,33,1,651434,59.57,59.6,59.55,59.56,427,CLZ5
2025-11-10 16:25:00+00:00,33,1,651434,59.55,59.56,59.49,59.51,239,CLZ5
2025-11-10 16:26:00+00:00,33,1,651434,59.51,59.56,59.51,59.55,138,CLZ5
2025-11-10 16:27:00+00:00,33,1,651434,59.55,59.61,59.53,59.6,240,CLZ5
2025-11-10 16:28:00+00:00,33,1,651434,59.6,59.6,59.54,59.59,130,CLZ5
2025-11-10 16:29:00+00:00,33,1,651434,59.59,59.6,59.48,59.48,525,CLZ5
2025-11-10 16:30:00+00:00,33,1,651434,59.48,59.56,59.46,59.54,496,CLZ5
2025-11-10 16:31:00+00:00,33,1,651434,59.54,59.58,59.52,59.53,162,CLZ5
2025-11-10 16:32:00+00:00,33,1,651434,59.53,59.57,59.52,59.53,114,CLZ5
2025-11-10 16:33:00+00:00,33,1,651434,59.53,59.53,59.48,59.49,102,CLZ5
2025-11-10 16:34:00+00:00,33,1,651434,59.48,59.49,59.44,59.47,253,CLZ5
2025-11-10 16:35:00+00:00,33,1,651434,59.48,59.48,59.41,59.42,608,CLZ5
2025-11-10 16:36:00+00:00,33,1,651434,59.42,59.44,59.41,59.42,512,CLZ5
2025-11-10 16:37:00+00:00,33,1,651434,59.43,59.44,59.42,59.43,110,CLZ5
2025-11-10 16:38:00+00:00,33,1,651434,59.42,59.45,59.42,59.45,215,CLZ5
2025-11-10 16:39:00+00:00,33,1,651434,59.45,59.46,59.41,59.42,260,CLZ5
2025-11-10 16:40:00+00:00,33,1,651434,59.42,59.45,59.41,59.45,239,CLZ5
2025-11-10 16:41:00+00:00,33,1,651434,59.45,59.48,59.43,59.43,320,CLZ5
2025-11-10 16:42:00+00:00,33,1,651434,59.44,59.5,59.43,59.5,180,CLZ5
2025-11-10 16:43:00+00:00,33,1,651434,59.5,59.55,59.5,59.52,315,CLZ5
2025-11-10 16:44:00+00:00,33,1,651434,59.51,59.53,59.5,59.52,148,CLZ5
2025-11-10 16:45:00+00:00,33,1,651434,59.52,59.53,59.51,59.51,126,CLZ5
2025-11-10 16:46:00+00:00,33,1,651434,59.51,59.51,59.44,59.45,149,CLZ5
2025-11-10 16:47:00+00:00,33,1,651434,59.46,59.49,59.46,59.49,174,CLZ5
2025-11-10 16:48:00+00:00,33,1,651434,59.49,59.51,59.46,59.51,203,CLZ5
2025-11-10 16:49:00+00:00,33,1,651434,59.5,59.51,59.48,59.48,106,CLZ5
2025-11-10 16:50:00+00:00,33,1,651434,59.48,59.5,59.48,59.5,134,CLZ5
2025-11-10 16:51:00+00:00,33,1,651434,59.5,59.52,59.49,59.5,172,CLZ5
2025-11-10 16:52:00+00:00,33,1,651434,59.49,59.51,59.47,59.47,57,CLZ5
2025-11-10 16:53:00+00:00,33,1,651434,59.48,59.49,59.46,59.46,117,CLZ5
2025-11-10 16:54:00+00:00,33,1,651434,59.47,59.51,59.47,59.51,167,CLZ5
2025-11-10 16:55:00+00:00,33,1,651434,59.51,59.54,59.5,59.53,219,CLZ5
2025-11-10 16:56:00+00:00,33,1,651434,59.53,59.53,59.48,59.49,120,CLZ5
2025-11-10 16:57:00+00:00,33,1,651434,59.49,59.5,59.48,59.49,68,CLZ5
2025-11-10 16:58:00+00:00,33,1,651434,59.5,59.53,59.5,59.52,121,CLZ5
2025-11-10 16:59:00+00:00,33,1,651434,59.53,59.55,59.53,59.55,58,CLZ5
2025-11-10 17:00:00+00:00,33,1,651434,59.55,59.62,59.55,59.62,357,CLZ5
2025-11-10 17:01:00+00:00,33,1,651434,59.62,59.63,59.58,59.62,257,CLZ5
2025-11-10 17:02:00+00:00,33,1,651434,59.62,59.62,59.59,59.59,75,CLZ5
2025-11-10 17:03:00+00:00,33,1,651434,59.6,59.61,59.59,59.59,126,CLZ5
2025-11-10 17:04:00+00:00,33,1,651434,59.6,59.65,59.58,59.64,184,CLZ5
2025-11-10 17:05:00+00:00,33,1,651434,59.65,59.65,59.59,59.61,191,CLZ5
2025-11-10 17:06:00+00:00,33,1,651434,59.6,59.62,59.59,59.59,78,CLZ5
2025-11-10 17:07:00+00:00,33,1,651434,59.6,59.62,59.59,59.61,63,CLZ5
2025-11-10 17:08:00+00:00,33,1,651434,59.61,59.61,59.56,59.57,202,CLZ5
2025-11-10 17:09:00+00:00,33,1,651434,59.57,59.61,59.57,59.6,100,CLZ5
2025-11-10 17:10:00+00:00,33,1,651434,59.6,59.62,59.6,59.6,103,CLZ5
2025-11-10 17:11:00+00:00,33,1,651434,59.61,59.61,59.59,59.6,52,CLZ5
2025-11-10 17:12:00+00:00,33,1,651434,59.61,59.63,59.59,59.62,192,CLZ5
2025-11-10 17:13:00+00:00,33,1,651434,59.62,59.64,59.61,59.63,114,CLZ5
2025-11-10 17:14:00+00:00,33,1,651434,59.63,59.64,59.63,59.63,41,CLZ5
2025-11-10 17:15:00+00:00,33,1,651434,59.63,59.63,59.6,59.61,114,CLZ5
2025-11-10 17:16:00+00:00,33,1,651434,59.62,59.62,59.61,59.62,58,CLZ5
2025-11-10 17:17:00+00:00,33,1,651434,59.62,59.64,59.61,59.62,110,CLZ5
2025-11-10 17:18:00+00:00,33,1,651434,59.62,59.63,59.62,59.63,58,CLZ5
2025-11-10 17:19:00+00:00,33,1,651434,59.63,59.65,59.63,59.65,119,CLZ5
2025-11-10 17:20:00+00:00,33,1,651434,59.66,59.7,59.65,59.7,374,CLZ5
2025-11-10 17:21:00+00:00,33,1,651434,59.7,59.72,59.68,59.72,120,CLZ5
2025-11-10 17:22:00+00:00,33,1,651434,59.71,59.79,59.71,59.74,893,CLZ5
2025-11-10 17:23:00+00:00,33,1,651434,59.74,59.75,59.72,59.74,84,CLZ5
2025-11-10 17:24:00+00:00,33,1,651434,59.73,59.75,59.71,59.75,217,CLZ5
2025-11-10 17:25:00+00:00,33,1,651434,59.75,59.75,59.74,59.74,70,CLZ5
2025-11-10 17:26:00+00:00,33,1,651434,59.75,59.75,59.73,59.74,45,CLZ5
2025-11-10 17:27:00+00:00,33,1,651434,59.74,59.76,59.73,59.75,75,CLZ5
2025-11-10 17:28:00+00:00,33,1,651434,59.74,59.77,59.74,59.77,79,CLZ5
2025-11-10 17:29:00+00:00,33,1,651434,59.78,59.8,59.77,59.79,160,CLZ5
2025-11-10 17:30:00+00:00,33,1,651434,59.78,59.85,59.78,59.79,512,CLZ5
2025-11-10 17:31:00+00:00,33,1,651434,59.78,59.84,59.78,59.84,345,CLZ5
2025-11-10 17:32:00+00:00,33,1,651434,59.84,59.84,59.77,59.78,189,CLZ5
2025-11-10 17:33:00+00:00,33,1,651434,59.77,59.78,59.77,59.78,74,CLZ5
2025-11-10 17:34:00+00:00,33,1,651434,59.79,59.79,59.74,59.76,156,CLZ5
2025-11-10 17:35:00+00:00,33,1,651434,59.77,59.78,59.74,59.77,154,CLZ5
2025-11-10 17:36:00+00:00,33,1,651434,59.77,59.8,59.76,59.78,248,CLZ5
2025-11-10 17:37:00+00:00,33,1,651434,59.78,59.79,59.76,59.77,98,CLZ5
2025-11-10 17:38:00+00:00,33,1,651434,59.76,59.79,59.75,59.79,118,CLZ5
2025-11-10 17:39:00+00:00,33,1,651434,59.79,59.79,59.77,59.78,70,CLZ5
2025-11-10 17:40:00+00:00,33,1,651434,59.77,59.8,59.77,59.8,242,CLZ5
2025-11-10 17:41:00+00:00,33,1,651434,59.8,59.81,59.79,59.81,199,CLZ5
2025-11-10 17:42:00+00:00,33,1,651434,59.82,59.85,59.82,59.85,200,CLZ5
2025-11-10 17:43:00+00:00,33,1,651434,59.86,59.88,59.85,59.87,176,CLZ5
2025-11-10 17:44:00+00:00,33,1,651434,59.88,59.89,59.85,59.88,227,CLZ5
2025-11-10 17:45:00+00:00,33,1,651434,59.88,59.89,59.85,59.85,163,CLZ5
2025-11-10 17:46:00+00:00,33,1,651434,59.85,59.85,59.82,59.85,262,CLZ5
2025-11-10 17:47:00+00:00,33,1,651434,59.85,59.85,59.82,59.85,79,CLZ5
2025-11-10 17:48:00+00:00,33,1,651434,59.84,59.87,59.84,59.87,69,CLZ5
2025-11-10 17:49:00+00:00,33,1,651434,59.87,59.89,59.85,59.86,65,CLZ5
2025-11-10 17:50:00+00:00,33,1,651434,59.86,59.88,59.86,59.88,109,CLZ5
2025-11-10 17:51:00+00:00,33,1,651434,59.87,59.89,59.87,59.88,112,CLZ5
2025-11-10 17:52:00+00:00,33,1,651434,59.87,59.88,59.85,59.85,75,CLZ5
2025-11-10 17:53:00+00:00,33,1,651434,59.86,59.87,59.86,59.87,58,CLZ5
2025-11-10 17:54:00+00:00,33,1,651434,59.87,59.89,59.86,59.89,85,CLZ5
2025-11-10 17:55:00+00:00,33,1,651434,59.89,59.92,59.89,59.92,275,CLZ5
2025-11-10 17:56:00+00:00,33,1,651434,59.92,59.96,59.92,59.95,173,CLZ5
2025-11-10 17:57:00+00:00,33,1,651434,59.94,59.95,59.93,59.95,127,CLZ5
2025-11-10 17:58:00+00:00,33,1,651434,59.95,59.97,59.93,59.96,182,CLZ5
2025-11-10 17:59:00+00:00,33,1,651434,59.96,59.99,59.96,59.98,300,CLZ5
2025-11-10 18:00:00+00:00,33,1,651434,59.99,60.03,59.98,60.01,747,CLZ5
2025-11-10 18:01:00+00:00,33,1,651434,60.01,60.04,59.99,59.99,293,CLZ5
2025-11-10 18:02:00+00:00,33,1,651434,59.99,60.0,59.97,59.99,137,CLZ5
2025-11-10 18:03:00+00:00,33,1,651434,59.99,59.99,59.95,59.97,126,CLZ5
2025-11-10 18:04:00+00:00,33,1,651434,59.96,60.0,59.96,59.97,68,CLZ5
2025-11-10 18:05:00+00:00,33,1,651434,59.97,60.0,59.97,59.97,86,CLZ5
2025-11-10 18:06:00+00:00,33,1,651434,59.97,59.97,59.92,59.93,136,CLZ5
2025-11-10 18:07:00+00:00,33,1,651434,59.93,59.93,59.9,59.93,217,CLZ5
2025-11-10 18:08:00+00:00,33,1,651434,59.93,59.93,59.92,59.92,34,CLZ5
2025-11-10 18:09:00+00:00,33,1,651434,59.93,59.98,59.93,59.98,168,CLZ5
2025-11-10 18:10:00+00:00,33,1,651434,59.98,59.99,59.96,59.98,82,CLZ5
2025-11-10 18:11:00+00:00,33,1,651434,59.98,59.98,59.96,59.96,93,CLZ5
2025-11-10 18:12:00+00:00,33,1,651434,59.97,59.99,59.96,59.99,153,CLZ5
2025-11-10 18:13:00+00:00,33,1,651434,59.99,59.99,59.97,59.98,60,CLZ5
2025-11-10 18:14:00+00:00,33,1,651434,59.98,59.99,59.97,59.99,157,CLZ5
2025-11-10 18:15:00+00:00,33,1,651434,59.99,59.99,59.96,59.96,181,CLZ5
2025-11-10 18:16:00+00:00,33,1,651434,59.97,59.98,59.94,59.94,148,CLZ5
2025-11-10 18:17:00+00:00,33,1,651434,59.94,59.95,59.93,59.95,75,CLZ5
2025-11-10 18:18:00+00:00,33,1,651434,59.95,59.96,59.95,59.95,117,CLZ5
2025-11-10 18:19:00+00:00,33,1,651434,59.95,59.98,59.95,59.97,92,CLZ5
2025-11-10 18:20:00+00:00,33,1,651434,59.97,59.98,59.96,59.96,99,CLZ5
2025-11-10 18:21:00+00:00,33,1,651434,59.96,59.96,59.95,59.96,44,CLZ5
2025-11-10 18:22:00+00:00,33,1,651434,59.95,59.96,59.92,59.93,114,CLZ5
2025-11-10 18:23:00+00:00,33,1,651434,59.93,59.94,59.9,59.91,100,CLZ5
2025-11-10 18:24:00+00:00,33,1,651434,59.91,59.93,59.91,59.92,61,CLZ5
2025-11-10 18:25:00+00:00,33,1,651434,59.92,59.95,59.9,59.95,95,CLZ5
2025-11-10 18:26:00+00:00,33,1,651434,59.95,59.96,59.94,59.94,109,CLZ5
2025-11-10 18:27:00+00:00,33,1,651434,59.95,59.96,59.92,59.95,168,CLZ5
2025-11-10 18:28:00+00:00,33,1,651434,59.94,59.96,59.94,59.96,85,CLZ5
2025-11-10 18:29:00+00:00,33,1,651434,59.96,59.99,59.96,59.98,218,CLZ5
2025-11-10 18:30:00+00:00,33,1,651434,59.99,60.0,59.98,59.99,172,CLZ5
2025-11-10 18:31:00+00:00,33,1,651434,59.98,59.98,59.96,59.96,142,CLZ5
2025-11-10 18:32:00+00:00,33,1,651434,59.96,59.99,59.94,59.99,115,CLZ5
2025-11-10 18:33:00+00:00,33,1,651434,60.0,60.01,59.98,59.99,150,CLZ5
2025-11-10 18:34:00+00:00,33,1,651434,60.0,60.02,59.99,60.01,46,CLZ5
2025-11-10 18:35:00+00:00,33,1,651434,60.01,60.03,60.0,60.03,70,CLZ5
2025-11-10 18:36:00+00:00,33,1,651434,60.02,60.02,60.0,60.0,171,CLZ5
2025-11-10 18:37:00+00:00,33,1,651434,60.0,60.01,59.99,60.0,53,CLZ5
2025-11-10 18:38:00+00:00,33,1,651434,60.0,60.0,59.99,60.0,55,CLZ5
2025-11-10 18:39:00+00:00,33,1,651434,60.0,60.01,59.99,60.01,37,CLZ5
2025-11-10 18:40:00+00:00,33,1,651434,60.01,60.02,60.0,60.02,107,CLZ5
2025-11-10 18:41:00+00:00,33,1,651434,60.02,60.04,60.01,60.03,119,CLZ5
2025-11-10 18:42:00+00:00,33,1,651434,60.03,60.04,60.02,60.03,182,CLZ5
2025-11-10 18:43:00+00:00,33,1,651434,60.04,60.05,60.0,60.01,104,CLZ5
2025-11-10 18:44:00+00:00,33,1,651434,60.02,60.04,60.02,60.04,37,CLZ5
2025-11-10 18:45:00+00:00,33,1,651434,60.03,60.04,60.02,60.02,64,CLZ5
2025-11-10 18:46:00+00:00,33,1,651434,60.02,60.02,59.95,59.97,151,CLZ5
2025-11-10 18:47:00+00:00,33,1,651434,59.97,59.98,59.96,59.96,76,CLZ5
2025-11-10 18:48:00+00:00,33,1,651434,59.96,59.97,59.91,59.92,346,CLZ5
2025-11-10 18:49:00+00:00,33,1,651434,59.92,59.93,59.91,59.92,75,CLZ5
2025-11-10 18:50:00+00:00,33,1,651434,59.93,59.94,59.92,59.92,72,CLZ5
2025-11-10 18:51:00+00:00,33,1,651434,59.93,59.93,59.9,59.92,131,CLZ5
2025-11-10 18:52:00+00:00,33,1,651434,59.92,59.93,59.92,59.93,34,CLZ5
2025-11-10 18:53:00+00:00,33,1,651434,59.92,60.0,59.92,59.99,268,CLZ5
2025-11-10 18:54:00+00:00,33,1,651434,60.0,60.02,59.99,60.01,135,CLZ5
2025-11-10 18:55:00+00:00,33,1,651434,60.01,60.02,59.96,59.96,205,CLZ5
2025-11-10 18:56:00+00:00,33,1,651434,59.96,59.97,59.95,59.96,147,CLZ5
2025-11-10 18:57:00+00:00,33,1,651434,59.97,59.99,59.96,59.97,123,CLZ5
2025-11-10 18:58:00+00:00,33,1,651434,59.97,59.99,59.96,59.98,69,CLZ5
2025-11-10 18:59:00+00:00,33,1,651434,59.98,59.99,59.97,59.97,79,CLZ5
2025-11-10 19:00:00+00:00,33,1,651434,59.98,60.05,59.98,60.04,151,CLZ5
2025-11-10 19:01:00+00:00,33,1,651434,60.04,60.04,60.02,60.03,85,CLZ5
2025-11-10 19:02:00+00:00,33,1,651434,60.03,60.05,60.0,60.01,219,CLZ5
2025-11-10 19:03:00+00:00,33,1,651434,60.02,60.03,60.01,60.01,84,CLZ5
2025-11-10 19:04:00+00:00,33,1,651434,60.02,60.03,60.0,60.03,49,CLZ5
2025-11-10 19:05:00+00:00,33,1,651434,60.04,60.04,60.02,60.04,74,CLZ5
2025-11-10 19:06:00+00:00,33,1,651434,60.03,60.06,60.03,60.05,63,CLZ5
2025-11-10 19:07:00+00:00,33,1,651434,60.06,60.06,60.05,60.06,63,CLZ5
2025-11-10 19:08:00+00:00,33,1,651434,60.06,60.08,60.05,60.07,162,CLZ5
2025-11-10 19:09:00+00:00,33,1,651434,60.07,60.08,60.06,60.07,56,CLZ5
2025-11-10 19:10:00+00:00,33,1,651434,60.07,60.1,60.07,60.09,172,CLZ5
2025-11-10 19:11:00+00:00,33,1,651434,60.09,60.09,60.07,60.07,96,CLZ5
2025-11-10 19:12:00+00:00,33,1,651434,60.07,60.08,60.06,60.08,71,CLZ5
2025-11-10 19:13:00+00:00,33,1,651434,60.07,60.09,60.07,60.08,153,CLZ5
2025-11-10 19:14:00+00:00,33,1,651434,60.09,60.1,60.06,60.07,135,CLZ5
2025-11-10 19:15:00+00:00,33,1,651434,60.08,60.1,60.07,60.08,155,CLZ5
2025-11-10 19:16:00+00:00,33,1,651434,60.09,60.1,60.08,60.09,122,CLZ5
2025-11-10 19:17:00+00:00,33,1,651434,60.1,60.1,60.08,60.09,53,CLZ5
2025-11-10 19:18:00+00:00,33,1,651434,60.09,60.09,60.06,60.06,126,CLZ5
2025-11-10 19:19:00+00:00,33,1,651434,60.07,60.09,60.06,60.09,107,CLZ5
2025-11-10 19:20:00+00:00,33,1,651434,60.08,60.09,60.05,60.07,179,CLZ5
2025-11-10 19:21:00+00:00,33,1,651434,60.08,60.08,60.05,60.06,148,CLZ5
2025-11-10 19:22:00+00:00,33,1,651434,60.05,60.08,60.05,60.06,129,CLZ5
2025-11-10 19:23:00+00:00,33,1,651434,60.07,60.07,60.06,60.06,80,CLZ5
2025-11-10 19:24:00+00:00,33,1,651434,60.06,60.07,60.04,60.05,71,CLZ5
2025-11-10 19:25:00+00:00,33,1,651434,60.06,60.15,60.06,60.14,599,CLZ5
2025-11-10 19:26:00+00:00,33,1,651434,60.15,60.16,60.13,60.16,254,CLZ5
2025-11-10 19:27:00+00:00,33,1,651434,60.16,60.2,60.15,60.18,339,CLZ5
2025-11-10 19:28:00+00:00,33,1,651434,60.19,60.2,60.12,60.13,1893,CLZ5
2025-11-10 19:29:00+00:00,33,1,651434,60.12,60.15,60.1,60.14,3278,CLZ5
2025-11-10 19:30:00+00:00,33,1,651434,60.14,60.15,60.1,60.12,583,CLZ5
2025-11-10 19:31:00+00:00,33,1,651434,60.13,60.15,60.13,60.15,122,CLZ5
2025-11-10 19:32:00+00:00,33,1,651434,60.15,60.17,60.13,60.13,524,CLZ5
2025-11-10 19:33:00+00:00,33,1,651434,60.12,60.13,60.09,60.1,156,CLZ5
2025-11-10 19:34:00+00:00,33,1,651434,60.09,60.1,60.07,60.08,217,CLZ5
2025-11-10 19:35:00+00:00,33,1,651434,60.07,60.09,60.07,60.09,126,CLZ5
2025-11-10 19:36:00+00:00,33,1,651434,60.08,60.09,60.06,60.06,142,CLZ5
2025-11-10 19:37:00+00:00,33,1,651434,60.07,60.1,60.07,60.1,61,CLZ5
2025-11-10 19:38:00+00:00,33,1,651434,60.09,60.1,60.09,60.09,45,CLZ5
2025-11-10 19:39:00+00:00,33,1,651434,60.09,60.1,60.09,60.09,40,CLZ5
2025-11-10 19:40:00+00:00,33,1,651434,60.08,60.1,60.08,60.1,48,CLZ5
2025-11-10 19:41:00+00:00,33,1,651434,60.11,60.13,60.11,60.11,67,CLZ5
2025-11-10 19:42:00+00:00,33,1,651434,60.11,60.13,60.11,60.13,41,CLZ5
2025-11-10 19:43:00+00:00,33,1,651434,60.12,60.13,60.12,60.12,43,CLZ5
2025-11-10 19:44:00+00:00,33,1,651434,60.12,60.12,60.11,60.11,48,CLZ5
2025-11-10 19:45:00+00:00,33,1,651434,60.11,60.11,60.08,60.08,40,CLZ5
2025-11-10 19:46:00+00:00,33,1,651434,60.08,60.08,60.07,60.07,61,CLZ5
2025-11-10 19:47:00+00:00,33,1,651434,60.08,60.1,60.08,60.09,73,CLZ5
2025-11-10 19:48:00+00:00,33,1,651434,60.1,60.1,60.06,60.06,114,CLZ5
2025-11-10 19:49:00+00:00,33,1,651434,60.06,60.07,60.05,60.07,59,CLZ5
2025-11-10 19:50:00+00:00,33,1,651434,60.06,60.07,60.05,60.05,27,CLZ5
2025-11-10 19:51:00+00:00,33,1,651434,60.05,60.05,60.05,60.05,43,CLZ5
2025-11-10 19:52:00+00:00,33,1,651434,60.05,60.06,60.04,60.05,86,CLZ5
2025-11-10 19:53:00+00:00,33,1,651434,60.05,60.07,60.05,60.07,61,CLZ5
2025-11-10 19:54:00+00:00,33,1,651434,60.07,60.09,60.07,60.09,93,CLZ5
2025-11-10 19:55:00+00:00,33,1,651434,60.08,60.1,60.07,60.09,136,CLZ5
2025-11-10 19:56:00+00:00,33,1,651434,60.1,60.12,60.1,60.12,160,CLZ5
2025-11-10 19:57:00+00:00,33,1,651434,60.12,60.12,60.08,60.09,167,CLZ5
2025-11-10 19:58:00+00:00,33,1,651434,60.09,60.09,60.08,60.09,62,CLZ5
2025-11-10 19:59:00+00:00,33,1,651434,60.09,60.11,60.09,60.1,14,CLZ5
2025-11-10 20:00:00+00:00,33,1,651434,60.11,60.12,60.11,60.12,47,CLZ5
2025-11-10 20:01:00+00:00,33,1,651434,60.11,60.14,60.11,60.13,74,CLZ5
2025-11-10 20:02:00+00:00,33,1,651434,60.12,60.13,60.11,60.12,39,CLZ5
2025-11-10 20:03:00+00:00,33,1,651434,60.12,60.13,60.12,60.12,26,CLZ5
2025-11-10 20:04:00+00:00,33,1,651434,60.12,60.14,60.12,60.14,33,CLZ5
2025-11-10 20:05:00+00:00,33,1,651434,60.14,60.14,60.13,60.14,82,CLZ5
2025-11-10 20:06:00+00:00,33,1,651434,60.13,60.14,60.13,60.14,12,CLZ5
2025-11-10 20:07:00+00:00,33,1,651434,60.15,60.16,60.14,60.16,66,CLZ5
2025-11-10 20:08:00+00:00,33,1,651434,60.15,60.19,60.15,60.17,199,CLZ5
2025-11-10 20:09:00+00:00,33,1,651434,60.16,60.16,60.14,60.15,174,CLZ5
2025-11-10 20:10:00+00:00,33,1,651434,60.15,60.15,60.14,60.15,40,CLZ5
2025-11-10 20:11:00+00:00,33,1,651434,60.15,60.17,60.15,60.17,24,CLZ5
2025-11-10 20:12:00+00:00,33,1,651434,60.16,60.16,60.15,60.16,19,CLZ5
2025-11-10 20:13:00+00:00,33,1,651434,60.16,60.17,60.16,60.16,88,CLZ5
2025-11-10 20:14:00+00:00,33,1,651434,60.16,60.16,60.16,60.16,13,CLZ5
2025-11-10 20:15:00+00:00,33,1,651434,60.16,60.17,60.15,60.16,33,CLZ5
2025-11-10 20:16:00+00:00,33,1,651434,60.16,60.17,60.16,60.16,24,CLZ5
2025-11-10 20:17:00+00:00,33,1,651434,60.17,60.17,60.16,60.16,6,CLZ5
2025-11-10 20:18:00+00:00,33,1,651434,60.16,60.17,60.14,60.17,81,CLZ5
2025-11-10 20:19:00+00:00,33,1,651434,60.16,60.16,60.16,60.16,14,CLZ5
2025-11-10 20:20:00+00:00,33,1,651434,60.16,60.16,60.16,60.16,27,CLZ5
2025-11-10 20:21:00+00:00,33,1,651434,60.15,60.15,60.15,60.15,10,CLZ5
2025-11-10 20:22:00+00:00,33,1,651434,60.16,60.16,60.14,60.15,36,CLZ5
2025-11-10 20:23:00+00:00,33,1,651434,60.16,60.16,60.14,60.14,41,CLZ5
2025-11-10 20:24:00+00:00,33,1,651434,60.15,60.16,60.15,60.15,13,CLZ5
2025-11-10 20:25:00+00:00,33,1,651434,60.15,60.16,60.15,60.16,51,CLZ5
2025-11-10 20:26:00+00:00,33,1,651434,60.16,60.16,60.14,60.15,25,CLZ5
2025-11-10 20:27:00+00:00,33,1,651434,60.15,60.15,60.15,60.15,47,CLZ5
2025-11-10 20:28:00+00:00,33,1,651434,60.15,60.15,60.15,60.15,22,CLZ5
2025-11-10 20:29:00+00:00,33,1,651434,60.16,60.16,60.14,60.14,58,CLZ5
2025-11-10 20:30:00+00:00,33,1,651434,60.13,60.13,60.12,60.12,66,CLZ5
2025-11-10 20:31:00+00:00,33,1,651434,60.12,60.13,60.12,60.12,64,CLZ5
2025-11-10 20:32:00+00:00,33,1,651434,60.12,60.12,60.1,60.1,94,CLZ5
2025-11-10 20:33:00+00:00,33,1,651434,60.11,60.12,60.11,60.12,36,CLZ5
2025-11-10 20:34:00+00:00,33,1,651434,60.12,60.13,60.12,60.13,26,CLZ5
2025-11-10 20:35:00+00:00,33,1,651434,60.13,60.13,60.13,60.13,10,CLZ5
2025-11-10 20:36:00+00:00,33,1,651434,60.14,60.15,60.13,60.13,60,CLZ5
2025-11-10 20:37:00+00:00,33,1,651434,60.14,60.14,60.13,60.13,41,CLZ5
2025-11-10 20:38:00+00:00,33,1,651434,60.13,60.14,60.13,60.13,15,CLZ5
2025-11-10 20:39:00+00:00,33,1,651434,60.14,60.14,60.13,60.13,3,CLZ5
2025-11-10 20:40:00+00:00,33,1,651434,60.13,60.14,60.13,60.14,8,CLZ5
2025-11-10 20:41:00+00:00,33,1,651434,60.14,60.14,60.12,60.12,69,CLZ5
2025-11-10 20:42:00+00:00,33,1,651434,60.12,60.12,60.1,60.1,79,CLZ5
2025-11-10 20:43:00+00:00,33,1,651434,60.1,60.11,60.1,60.11,26,CLZ5
2025-11-10 20:44:00+00:00,33,1,651434,60.11,60.11,60.09,60.11,25,CLZ5
2025-11-10 20:45:00+00:00,33,1,651434,60.1,60.1,60.1,60.1,13,CLZ5
2025-11-10 20:46:00+00:00,33,1,651434,60.1,60.1,60.09,60.09,41,CLZ5
2025-11-10 20:47:00+00:00,33,1,651434,60.1,60.11,60.1,60.11,66,CLZ5
2025-11-10 20:48:00+00:00,33,1,651434,60.1,60.11,60.1,60.1,13,CLZ5
2025-11-10 20:49:00+00:00,33,1,651434,60.1,60.12,60.09,60.12,12,CLZ5
2025-11-10 20:50:00+00:00,33,1,651434,60.11,60.12,60.11,60.12,85,CLZ5
2025-11-10 20:51:00+00:00,33,1,651434,60.13,60.14,60.13,60.13,69,CLZ5
2025-11-10 20:52:00+00:00,33,1,651434,60.14,60.14,60.12,60.13,82,CLZ5
2025-11-10 20:53:00+00:00,33,1,651434,60.13,60.15,60.13,60.14,66,CLZ5
2025-11-10 20:54:00+00:00,33,1,651434,60.14,60.16,60.14,60.15,87,CLZ5
2025-11-10 20:55:00+00:00,33,1,651434,60.15,60.18,60.15,60.17,78,CLZ5
2025-11-10 20:56:00+00:00,33,1,651434,60.17,60.18,60.15,60.16,56,CLZ5
2025-11-10 20:57:00+00:00,33,1,651434,60.17,60.17,60.15,60.15,44,CLZ5
2025-11-10 20:58:00+00:00,33,1,651434,60.16,60.16,60.14,60.14,22,CLZ5
2025-11-10 20:59:00+00:00,33,1,651434,60.15,60.15,60.13,60.15,151,CLZ5
2025-11-10 21:00:00+00:00,33,1,651434,60.15,60.15,60.14,60.14,35,CLZ5
2025-11-10 21:01:00+00:00,33,1,651434,60.15,60.16,60.14,60.14,56,CLZ5
2025-11-10 21:02:00+00:00,33,1,651434,60.15,60.16,60.14,60.16,9,CLZ5
2025-11-10 21:03:00+00:00,33,1,651434,60.16,60.16,60.15,60.15,8,CLZ5
2025-11-10 21:04:00+00:00,33,1,651434,60.15,60.16,60.15,60.15,9,CLZ5
2025-11-10 21:05:00+00:00,33,1,651434,60.15,60.15,60.14,60.15,8,CLZ5
2025-11-10 21:06:00+00:00,33,1,651434,60.14,60.15,60.14,60.15,15,CLZ5
2025-11-10 21:07:00+00:00,33,1,651434,60.15,60.16,60.15,60.15,6,CLZ5
2025-11-10 21:08:00+00:00,33,1,651434,60.14,60.15,60.14,60.15,7,CLZ5
2025-11-10 21:09:00+00:00,33,1,651434,60.14,60.15,60.14,60.14,13,CLZ5
2025-11-10 21:10:00+00:00,33,1,651434,60.15,60.15,60.14,60.15,20,CLZ5
2025-11-10 21:11:00+00:00,33,1,651434,60.14,60.16,60.14,60.16,22,CLZ5
2025-11-10 21:13:00+00:00,33,1,651434,60.15,60.16,60.15,60.16,2,CLZ5
2025-11-10 21:14:00+00:00,33,1,651434,60.15,60.15,60.14,60.14,44,CLZ5
2025-11-10 21:15:00+00:00,33,1,651434,60.14,60.15,60.14,60.14,18,CLZ5
2025-11-10 21:16:00+00:00,33,1,651434,60.15,60.16,60.15,60.15,13,CLZ5
2025-11-10 21:17:00+00:00,33,1,651434,60.15,60.15,60.14,60.14,17,CLZ5
2025-11-10 21:18:00+00:00,33,1,651434,60.14,60.14,60.14,60.14,8,CLZ5
2025-11-10 21:19:00+00:00,33,1,651434,60.13,60.14,60.13,60.14,3,CLZ5
2025-11-10 21:20:00+00:00,33,1,651434,60.14,60.14,60.14,60.14,2,CLZ5
2025-11-10 21:21:00+00:00,33,1,651434,60.14,60.15,60.12,60.14,80,CLZ5
2025-11-10 21:22:00+00:00,33,1,651434,60.15,60.15,60.14,60.14,19,CLZ5
2025-11-10 21:23:00+00:00,33,1,651434,60.15,60.15,60.13,60.14,21,CLZ5
2025-11-10 21:24:00+00:00,33,1,651434,60.14,60.15,60.13,60.13,20,CLZ5
2025-11-10 21:25:00+00:00,33,1,651434,60.13,60.13,60.13,60.13,1,CLZ5
2025-11-10 21:26:00+00:00,33,1,651434,60.13,60.13,60.13,60.13,1,CLZ5
2025-11-10 21:27:00+00:00,33,1,651434,60.12,60.13,60.12,60.13,24,CLZ5
2025-11-10 21:28:00+00:00,33,1,651434,60.13,60.13,60.13,60.13,25,CLZ5
2025-11-10 21:29:00+00:00,33,1,651434,60.13,60.13,60.13,60.13,2,CLZ5
2025-11-10 21:30:00+00:00,33,1,651434,60.14,60.14,60.13,60.13,13,CLZ5
2025-11-10 21:31:00+00:00,33,1,651434,60.12,60.12,60.11,60.11,19,CLZ5
2025-11-10 21:32:00+00:00,33,1,651434,60.1,60.1,60.1,60.1,37,CLZ5
2025-11-10 21:33:00+00:00,33,1,651434,60.1,60.1,60.1,60.1,2,CLZ5
2025-11-10 21:34:00+00:00,33,1,651434,60.1,60.1,60.1,60.1,14,CLZ5
2025-11-10 21:35:00+00:00,33,1,651434,60.11,60.11,60.1,60.1,19,CLZ5
2025-11-10 21:36:00+00:00,33,1,651434,60.11,60.11,60.1,60.1,11,CLZ5
2025-11-10 21:37:00+00:00,33,1,651434,60.1,60.11,60.09,60.1,21,CLZ5
2025-11-10 21:39:00+00:00,33,1,651434,60.1,60.11,60.1,60.11,5,CLZ5
2025-11-10 21:40:00+00:00,33,1,651434,60.11,60.12,60.11,60.12,6,CLZ5
2025-11-10 21:41:00+00:00,33,1,651434,60.11,60.11,60.1,60.11,4,CLZ5
2025-11-10 21:42:00+00:00,33,1,651434,60.11,60.11,60.11,60.11,5,CLZ5
2025-11-10 21:43:00+00:00,33,1,651434,60.11,60.11,60.1,60.1,5,CLZ5
2025-11-10 21:44:00+00:00,33,1,651434,60.1,60.11,60.1,60.11,22,CLZ5
2025-11-10 21:45:00+00:00,33,1,651434,60.11,60.12,60.1,60.11,46,CLZ5
2025-11-10 21:46:00+00:00,33,1,651434,60.1,60.11,60.1,60.1,25,CLZ5
2025-11-10 21:47:00+00:00,33,1,651434,60.1,60.1,60.1,60.1,4,CLZ5
2025-11-10 21:48:00+00:00,33,1,651434,60.09,60.09,60.09,60.09,14,CLZ5
2025-11-10 21:49:00+00:00,33,1,651434,60.1,60.12,60.1,60.11,108,CLZ5
2025-11-10 21:50:00+00:00,33,1,651434,60.11,60.11,59.99,60.03,335,CLZ5
2025-11-10 21:51:00+00:00,33,1,651434,60.03,60.04,60.01,60.04,183,CLZ5
2025-11-10 21:52:00+00:00,33,1,651434,60.03,60.03,60.02,60.03,29,CLZ5
2025-11-10 21:53:00+00:00,33,1,651434,60.04,60.05,60.04,60.04,27,CLZ5
2025-11-10 21:54:00+00:00,33,1,651434,60.03,60.05,60.02,60.03,148,CLZ5
2025-11-10 21:55:00+00:00,33,1,651434,60.04,60.04,60.03,60.03,4,CLZ5
2025-11-10 21:56:00+00:00,33,1,651434,60.04,60.05,60.04,60.04,75,CLZ5
2025-11-10 21:57:00+00:00,33,1,651434,60.04,60.05,60.04,60.05,28,CLZ5
2025-11-10 21:58:00+00:00,33,1,651434,60.05,60.05,60.04,60.05,7,CLZ5
2025-11-10 21:59:00+00:00,33,1,651434,60.04,60.05,60.03,60.05,53,CLZ5
2025-11-10 23:00:00+00:00,33,1,651434,60.07,60.07,60.0,60.05,48,CLZ5
2025-11-10 23:01:00+00:00,33,1,651434,60.04,60.05,60.02,60.02,33,CLZ5
2025-11-10 23:02:00+00:00,33,1,651434,60.02,60.04,60.02,60.04,22,CLZ5
2025-11-10 23:03:00+00:00,33,1,651434,60.04,60.05,60.04,60.05,3,CLZ5
2025-11-10 23:04:00+00:00,33,1,651434,60.05,60.05,60.03,60.03,6,CLZ5
2025-11-10 23:05:00+00:00,33,1,651434,60.04,60.04,60.04,60.04,1,CLZ5
2025-11-10 23:06:00+00:00,33,1,651434,60.04,60.04,60.04,60.04,13,CLZ5
2025-11-10 23:08:00+00:00,33,1,651434,60.03,60.04,60.03,60.04,4,CLZ5
2025-11-10 23:09:00+00:00,33,1,651434,60.04,60.04,60.03,60.03,3,CLZ5
2025-11-10 23:11:00+00:00,33,1,651434,60.03,60.03,60.03,60.03,2,CLZ5
2025-11-10 23:12:00+00:00,33,1,651434,60.03,60.03,60.03,60.03,6,CLZ5
2025-11-10 23:13:00+00:00,33,1,651434,60.03,60.03,60.03,60.03,4,CLZ5
2025-11-10 23:14:00+00:00,33,1,651434,60.04,60.04,60.04,60.04,2,CLZ5
2025-11-10 23:15:00+00:00,33,1,651434,60.03,60.04,60.01,60.02,33,CLZ5
2025-11-10 23:16:00+00:00,33,1,651434,60.02,60.02,60.02,60.02,18,CLZ5
2025-11-10 23:17:00+00:00,33,1,651434,60.01,60.01,60.01,60.01,16,CLZ5
2025-11-10 23:18:00+00:00,33,1,651434,60.01,60.02,60.01,60.02,81,CLZ5
2025-11-10 23:19:00+00:00,33,1,651434,60.02,60.02,60.01,60.01,5,CLZ5
2025-11-10 23:20:00+00:00,33,1,651434,60.01,60.01,60.01,60.01,1,CLZ5
2025-11-10 23:21:00+00:00,33,1,651434,60.01,60.02,60.01,60.02,6,CLZ5
2025-11-10 23:22:00+00:00,33,1,651434,60.03,60.04,60.03,60.04,9,CLZ5
2025-11-10 23:23:00+00:00,33,1,651434,60.03,60.04,60.03,60.04,4,CLZ5
2025-11-10 23:24:00+00:00,33,1,651434,60.04,60.04,60.04,60.04,2,CLZ5
2025-11-10 23:26:00+00:00,33,1,651434,60.04,60.04,60.03,60.03,3,CLZ5
2025-11-10 23:27:00+00:00,33,1,651434,60.04,60.04,60.04,60.04,1,CLZ5
2025-11-10 23:28:00+00:00,33,1,651434,60.04,60.04,60.04,60.04,3,CLZ5
2025-11-10 23:29:00+00:00,33,1,651434,60.03,60.04,60.03,60.04,2,CLZ5
2025-11-10 23:30:00+00:00,33,1,651434,60.03,60.03,60.03,60.03,5,CLZ5
2025-11-10 23:31:00+00:00,33,1,651434,60.02,60.02,60.02,60.02,2,CLZ5
2025-11-10 23:32:00+00:00,33,1,651434,60.03,60.03,60.02,60.02,3,CLZ5
2025-11-10 23:33:00+00:00,33,1,651434,60.02,60.02,60.01,60.01,20,CLZ5
2025-11-10 23:34:00+00:00,33,1,651434,60.01,60.01,60.01,60.01,11,CLZ5
2025-11-10 23:35:00+00:00,33,1,651434,60.0,60.0,60.0,60.0,9,CLZ5
2025-11-10 23:36:00+00:00,33,1,651434,60.01,60.01,60.0,60.0,3,CLZ5
2025-11-10 23:37:00+00:00,33,1,651434,60.01,60.01,60.0,60.01,10,CLZ5
2025-11-10 23:38:00+00:00,33,1,651434,60.0,60.0,59.98,60.0,59,CLZ5
2025-11-10 23:39:00+00:00,33,1,651434,60.0,60.0,60.0,60.0,3,CLZ5
2025-11-10 23:40:00+00:00,33,1,651434,59.99,59.99,59.96,59.97,56,CLZ5
2025-11-10 23:42:00+00:00,33,1,651434,59.98,59.99,59.98,59.98,28,CLZ5
2025-11-10 23:43:00+00:00,33,1,651434,59.98,59.98,59.98,59.98,4,CLZ5
2025-11-10 23:44:00+00:00,33,1,651434,59.99,59.99,59.99,59.99,1,CLZ5
2025-11-10 23:45:00+00:00,33,1,651434,59.98,59.98,59.98,59.98,11,CLZ5
2025-11-10 23:46:00+00:00,33,1,651434,59.97,59.98,59.97,59.98,3,CLZ5
2025-11-10 23:47:00+00:00,33,1,651434,59.97,59.98,59.97,59.98,10,CLZ5
2025-11-10 23:48:00+00:00,33,1,651434,59.98,59.98,59.98,59.98,2,CLZ5
2025-11-10 23:49:00+00:00,33,1,651434,59.98,59.98,59.98,59.98,13,CLZ5
2025-11-10 23:50:00+00:00,33,1,651434,59.98,59.99,59.98,59.99,4,CLZ5
2025-11-10 23:52:00+00:00,33,1,651434,59.99,59.99,59.99,59.99,1,CLZ5
2025-11-10 23:53:00+00:00,33,1,651434,59.98,59.98,59.98,59.98,1,CLZ5
2025-11-10 23:54:00+00:00,33,1,651434,59.99,59.99,59.98,59.98,9,CLZ5
2025-11-10 23:55:00+00:00,33,1,651434,59.99,59.99,59.98,59.98,3,CLZ5
2025-11-10 23:56:00+00:00,33,1,651434,59.98,59.98,59.97,59.97,14,CLZ5
2025-11-10 23:57:00+00:00,33,1,651434,59.97,59.98,59.97,59.98,14,CLZ5
2025-11-10 23:58:00+00:00,33,1,651434,59.97,59.98,59.97,59.98,9,CLZ5
2025-11-10 23:59:00+00:00,33,1,651434,59.98,59.98,59.97,59.98,16,CLZ5
2025-11-11 00:00:00+00:00,33,1,651434,59.97,59.98,59.97,59.98,7,CLZ5
2025-11-11 00:01:00+00:00,33,1,651434,59.99,59.99,59.98,59.99,147,CLZ5
2025-11-11 00:02:00+00:00,33,1,651434,59.99,60.03,59.99,60.01,76,CLZ5
2025-11-11 00:03:00+00:00,33,1,651434,60.01,60.02,60.01,60.02,14,CLZ5
2025-11-11 00:04:00+00:00,33,1,651434,60.02,60.04,60.02,60.04,10,CLZ5
2025-11-11 00:05:00+00:00,33,1,651434,60.04,60.04,60.04,60.04,5,CLZ5
2025-11-11 00:06:00+00:00,33,1,651434,60.05,60.05,60.03,60.03,16,CLZ5
2025-11-11 00:07:00+00:00,33,1,651434,60.02,60.03,60.02,60.03,6,CLZ5
2025-11-11 00:08:00+00:00,33,1,651434,60.02,60.02,60.01,60.01,13,CLZ5
2025-11-11 00:09:00+00:00,33,1,651434,60.01,60.01,60.01,60.01,2,CLZ5
2025-11-11 00:10:00+00:00,33,1,651434,60.02,60.02,60.02,60.02,1,CLZ5
2025-11-11 00:12:00+00:00,33,1,651434,60.03,60.04,60.02,60.02,12,CLZ5
2025-11-11 00:13:00+00:00,33,1,651434,60.01,60.01,60.0,60.01,11,CLZ5
2025-11-11 00:14:00+00:00,33,1,651434,60.0,60.01,60.0,60.01,8,CLZ5
2025-11-11 00:15:00+00:00,33,1,651434,60.02,60.04,60.02,60.02,17,CLZ5
2025-11-11 00:16:00+00:00,33,1,651434,60.01,60.01,60.01,60.01,8,CLZ5
2025-11-11 00:17:00+00:00,33,1,651434,60.0,60.0,59.99,59.99,10,CLZ5
2025-11-11 00:19:00+00:00,33,1,651434,60.01,60.01,60.01,60.01,1,CLZ5
2025-11-11 00:20:00+00:00,33,1,651434,60.0,60.0,60.0,60.0,5,CLZ5
2025-11-11 00:21:00+00:00,33,1,651434,60.01,60.01,60.01,60.01,1,CLZ5
2025-11-11 00:25:00+00:00,33,1,651434,60.01,60.01,60.01,60.01,2,CLZ5
2025-11-11 00:26:00+00:00,33,1,651434,60.01,60.01,60.01,60.01,2,CLZ5
2025-11-11 00:27:00+00:00,33,1,651434,60.01,60.01,60.01,60.01,4,CLZ5
2025-11-11 00:28:00+00:00,33,1,651434,60.01,60.01,60.0,60.01,6,CLZ5
2025-11-11 00:29:00+00:00,33,1,651434,60.0,60.01,60.0,60.01,2,CLZ5
2025-11-11 00:30:00+00:00,33,1,651434,60.01,60.01,60.0,60.0,20,CLZ5
2025-11-11 00:31:00+00:00,33,1,651434,60.0,60.0,60.0,60.0,2,CLZ5
2025-11-11 00:33:00+00:00,33,1,651434,60.0,60.01,60.0,60.01,4,CLZ5
2025-11-11 00:34:00+00:00,33,1,651434,60.01,60.01,60.0,60.0,21,CLZ5
2025-11-11 00:35:00+00:00,33,1,651434,60.0,60.0,60.0,60.0,6,CLZ5
2025-11-11 00:39:00+00:00,33,1,651434,60.0,60.0,60.0,60.0,8,CLZ5
2025-11-11 00:40:00+00:00,33,1,651434,60.01,60.01,60.0,60.0,3,CLZ5
2025-11-11 00:41:00+00:00,33,1,651434,60.0,60.0,60.0,60.0,6,CLZ5
2025-11-11 00:42:00+00:00,33,1,651434,60.0,60.0,60.0,60.0,2,CLZ5
2025-11-11 00:43:00+00:00,33,1,651434,60.0,60.01,60.0,60.01,9,CLZ5
2025-11-11 00:44:00+00:00,33,1,651434,60.0,60.0,60.0,60.0,4,CLZ5
2025-11-11 00:46:00+00:00,33,1,651434,60.0,60.01,60.0,60.01,6,CLZ5
2025-11-11 00:47:00+00:00,33,1,651434,60.01,60.01,60.01,60.01,14,CLZ5
2025-11-11 00:48:00+00:00,33,1,651434,60.0,60.01,60.0,60.01,2,CLZ5
2025-11-11 00:50:00+00:00,33,1,651434,60.01,60.01,60.0,60.01,9,CLZ5
2025-11-11 00:51:00+00:00,33,1,651434,60.01,60.01,60.01,60.01,6,CLZ5
2025-11-11 00:52:00+00:00,33,1,651434,60.01,60.01,60.01,60.01,3,CLZ5
2025-11-11 00:53:00+00:00,33,1,651434,60.01,60.01,60.0,60.0,7,CLZ5
2025-11-11 00:54:00+00:00,33,1,651434,60.01,60.01,60.01,60.01,2,CLZ5
2025-11-11 00:55:00+00:00,33,1,651434,60.01,60.01,60.0,60.0,17,CLZ5
2025-11-11 00:56:00+00:00,33,1,651434,60.01,60.01,60.01,60.01,4,CLZ5
2025-11-11 00:57:00+00:00,33,1,651434,60.01,60.01,60.0,60.0,11,CLZ5
2025-11-11 00:58:00+00:00,33,1,651434,60.0,60.0,60.0,60.0,2,CLZ5
2025-11-11 01:00:00+00:00,33,1,651434,60.0,60.01,59.99,60.0,141,CLZ5
2025-11-11 01:01:00+00:00,33,1,651434,60.0,60.02,60.0,60.0,121,CLZ5
2025-11-11 01:02:00+00:00,33,1,651434,60.0,60.0,59.97,59.98,41,CLZ5
2025-11-11 01:03:00+00:00,33,1,651434,59.99,60.0,59.99,59.99,30,CLZ5
2025-11-11 01:04:00+00:00,33,1,651434,59.99,59.99,59.98,59.98,8,CLZ5
2025-11-11 01:05:00+00:00,33,1,651434,59.99,59.99,59.97,59.98,21,CLZ5
2025-11-11 01:06:00+00:00,33,1,651434,59.98,59.98,59.97,59.97,12,CLZ5
2025-11-11 01:07:00+00:00,33,1,651434,59.98,59.98,59.97,59.97,6,CLZ5
2025-11-11 01:08:00+00:00,33,1,651434,59.97,59.98,59.95,59.95,30,CLZ5
2025-11-11 01:09:00+00:00,33,1,651434,59.96,59.96,59.94,59.94,51,CLZ5
2025-11-11 01:10:00+00:00,33,1,651434,59.94,59.94,59.92,59.92,26,CLZ5
2025-11-11 01:11:00+00:00,33,1,651434,59.93,59.94,59.92,59.94,35,CLZ5
2025-11-11 01:12:00+00:00,33,1,651434,59.93,59.94,59.93,59.93,30,CLZ5
2025-11-11 01:13:00+00:00,33,1,651434,59.93,59.93,59.92,59.92,36,CLZ5
2025-11-11 01:14:00+00:00,33,1,651434,59.91,59.93,59.91,59.93,3,CLZ5
2025-11-11 01:15:00+00:00,33,1,651434,59.92,59.94,59.92,59.93,34,CLZ5
2025-11-11 01:16:00+00:00,33,1,651434,59.93,59.93,59.93,59.93,17,CLZ5
2025-11-11 01:17:00+00:00,33,1,651434,59.93,59.94,59.93,59.93,39,CLZ5
2025-11-11 01:18:00+00:00,33,1,651434,59.93,59.93,59.93,59.93,12,CLZ5
2025-11-11 01:19:00+00:00,33,1,651434,59.93,59.93,59.92,59.93,11,CLZ5
2025-11-11 01:20:00+00:00,33,1,651434,59.94,59.94,59.93,59.94,15,CLZ5
2025-11-11 01:21:00+00:00,33,1,651434,59.94,59.94,59.93,59.93,12,CLZ5
2025-11-11 01:22:00+00:00,33,1,651434,59.93,59.93,59.91,59.91,9,CLZ5
2025-11-11 01:23:00+00:00,33,1,651434,59.91,59.91,59.91,59.91,1,CLZ5
2025-11-11 01:24:00+00:00,33,1,651434,59.92,59.92,59.91,59.92,20,CLZ5
2025-11-11 01:25:00+00:00,33,1,651434,59.92,59.93,59.92,59.92,11,CLZ5
2025-11-11 01:26:00+00:00,33,1,651434,59.92,59.92,59.89,59.89,45,CLZ5
2025-11-11 01:27:00+00:00,33,1,651434,59.9,59.91,59.9,59.91,14,CLZ5
2025-11-11 01:28:00+00:00,33,1,651434,59.91,59.92,59.9,59.92,19,CLZ5
2025-11-11 01:29:00+00:00,33,1,651434,59.93,59.94,59.93,59.94,9,CLZ5
2025-11-11 01:30:00+00:00,33,1,651434,59.94,59.94,59.92,59.92,11,CLZ5
2025-11-11 01:31:00+00:00,33,1,651434,59.92,59.92,59.92,59.92,4,CLZ5
2025-11-11 01:32:00+00:00,33,1,651434,59.92,59.92,59.91,59.91,7,CLZ5
2025-11-11 01:33:00+00:00,33,1,651434,59.92,59.92,59.92,59.92,12,CLZ5
2025-11-11 01:34:00+00:00,33,1,651434,59.93,59.93,59.93,59.93,3,CLZ5
2025-11-11 01:35:00+00:00,33,1,651434,59.94,59.94,59.91,59.91,36,CLZ5
2025-11-11 01:36:00+00:00,33,1,651434,59.91,59.92,59.91,59.92,10,CLZ5
2025-11-11 01:37:00+00:00,33,1,651434,59.93,59.93,59.92,59.92,11,CLZ5
2025-11-11 01:38:00+00:00,33,1,651434,59.9,59.92,59.9,59.92,6,CLZ5
2025-11-11 01:39:00+00:00,33,1,651434,59.93,59.95,59.93,59.94,19,CLZ5
2025-11-11 01:40:00+00:00,33,1,651434,59.93,59.93,59.92,59.92,8,CLZ5
2025-11-11 01:41:00+00:00,33,1,651434,59.92,59.94,59.92,59.94,5,CLZ5
2025-11-11 01:42:00+00:00,33,1,651434,59.94,59.94,59.93,59.94,5,CLZ5
2025-11-11 01:43:00+00:00,33,1,651434,59.95,59.97,59.95,59.95,12,CLZ5
2025-11-11 01:44:00+00:00,33,1,651434,59.95,59.95,59.95,59.95,2,CLZ5
2025-11-11 01:45:00+00:00,33,1,651434,59.96,59.96,59.96,59.96,10,CLZ5
2025-11-11 01:46:00+00:00,33,1,651434,59.96,59.96,59.96,59.96,3,CLZ5
2025-11-11 01:47:00+00:00,33,1,651434,59.96,59.96,59.93,59.93,28,CLZ5
2025-11-11 01:48:00+00:00,33,1,651434,59.93,59.93,59.93,59.93,11,CLZ5
2025-11-11 01:49:00+00:00,33,1,651434,59.93,59.93,59.93,59.93,9,CLZ5
2025-11-11 01:50:00+00:00,33,1,651434,59.94,59.94,59.94,59.94,7,CLZ5
2025-11-11 01:51:00+00:00,33,1,651434,59.94,59.94,59.94,59.94,3,CLZ5
2025-11-11 01:52:00+00:00,33,1,651434,59.94,59.94,59.94,59.94,1,CLZ5
2025-11-11 01:53:00+00:00,33,1,651434,59.94,59.94,59.93,59.94,18,CLZ5
2025-11-11 01:54:00+00:00,33,1,651434,59.94,59.94,59.93,59.93,8,CLZ5
2025-11-11 01:55:00+00:00,33,1,651434,59.94,59.94,59.92,59.92,17,CLZ5
2025-11-11 01:56:00+00:00,33,1,651434,59.91,59.92,59.91,59.91,13,CLZ5
2025-11-11 01:57:00+00:00,33,1,651434,59.91,59.91,59.91,59.91,8,CLZ5
2025-11-11 01:58:00+00:00,33,1,651434,59.91,59.91,59.91,59.91,5,CLZ5
2025-11-11 01:59:00+00:00,33,1,651434,59.92,59.92,59.91,59.91,32,CLZ5
2025-11-11 02:00:00+00:00,33,1,651434,59.9,59.9,59.9,59.9,23,CLZ5
2025-11-11 02:01:00+00:00,33,1,651434,59.89,59.89,59.88,59.89,33,CLZ5
2025-11-11 02:02:00+00:00,33,1,651434,59.89,59.9,59.86,59.87,91,CLZ5
2025-11-11 02:03:00+00:00,33,1,651434,59.87,59.88,59.87,59.88,12,CLZ5
2025-11-11 02:04:00+00:00,33,1,651434,59.88,59.89,59.88,59.89,5,CLZ5
2025-11-11 02:05:00+00:00,33,1,651434,59.88,59.89,59.87,59.89,18,CLZ5
2025-11-11 02:06:00+00:00,33,1,651434,59.89,59.89,59.89,59.89,9,CLZ5
2025-11-11 02:07:00+00:00,33,1,651434,59.88,59.89,59.88,59.89,10,CLZ5
2025-11-11 02:08:00+00:00,33,1,651434,59.89,59.92,59.89,59.92,37,CLZ5
2025-11-11 02:09:00+00:00,33,1,651434,59.91,59.95,59.9,59.95,34,CLZ5
2025-11-11 02:10:00+00:00,33,1,651434,59.95,59.97,59.95,59.97,37,CLZ5
2025-11-11 02:11:00+00:00,33,1,651434,59.97,59.98,59.96,59.98,29,CLZ5
2025-11-11 02:12:00+00:00,33,1,651434,59.98,59.98,59.98,59.98,2,CLZ5
2025-11-11 02:13:00+00:00,33,1,651434,59.98,59.98,59.97,59.97,12,CLZ5
2025-11-11 02:14:00+00:00,33,1,651434,59.97,60.0,59.97,59.99,48,CLZ5
2025-11-11 02:15:00+00:00,33,1,651434,59.98,59.99,59.98,59.99,15,CLZ5
2025-11-11 02:16:00+00:00,33,1,651434,59.98,60.0,59.98,60.0,15,CLZ5
2025-11-11 02:17:00+00:00,33,1,651434,59.99,59.99,59.98,59.98,11,CLZ5
2025-11-11 02:18:00+00:00,33,1,651434,59.98,59.99,59.97,59.97,7,CLZ5
2025-11-11 02:19:00+00:00,33,1,651434,59.97,59.97,59.96,59.97,10,CLZ5
2025-11-11 02:20:00+00:00,33,1,651434,59.97,59.97,59.97,59.97,5,CLZ5
2025-11-11 02:21:00+00:00,33,1,651434,59.96,59.96,59.94,59.95,13,CLZ5
2025-11-11 02:22:00+00:00,33,1,651434,59.96,59.96,59.95,59.95,10,CLZ5
2025-11-11 02:23:00+00:00,33,1,651434,59.94,59.94,59.94,59.94,2,CLZ5
2025-11-11 02:24:00+00:00,33,1,651434,59.93,59.95,59.93,59.95,18,CLZ5
2025-11-11 02:25:00+00:00,33,1,651434,59.96,59.96,59.95,59.95,7,CLZ5
2025-11-11 02:26:00+00:00,33,1,651434,59.95,59.96,59.95,59.95,10,CLZ5
2025-11-11 02:27:00+00:00,33,1,651434,59.96,59.96,59.96,59.96,1,CLZ5
2025-11-11 02:28:00+00:00,33,1,651434,59.97,59.97,59.97,59.97,2,CLZ5
2025-11-11 02:29:00+00:00,33,1,651434,59.97,59.97,59.96,59.97,16,CLZ5
2025-11-11 02:30:00+00:00,33,1,651434,59.97,59.97,59.95,59.95,17,CLZ5
2025-11-11 02:31:00+00:00,33,1,651434,59.95,59.95,59.95,59.95,8,CLZ5
2025-11-11 02:32:00+00:00,33,1,651434,59.95,59.96,59.95,59.96,8,CLZ5
2025-11-11 02:33:00+00:00,33,1,651434,59.96,59.97,59.96,59.97,14,CLZ5
2025-11-11 02:34:00+00:00,33,1,651434,59.97,59.97,59.97,59.97,3,CLZ5
2025-11-11 02:36:00+00:00,33,1,651434,59.96,59.96,59.94,59.95,10,CLZ5
2025-11-11 02:37:00+00:00,33,1,651434,59.95,59.95,59.93,59.94,22,CLZ5
2025-11-11 02:38:00+00:00,33,1,651434,59.94,59.95,59.94,59.95,8,CLZ5
2025-11-11 02:40:00+00:00,33,1,651434,59.96,59.96,59.96,59.96,3,CLZ5
2025-11-11 02:41:00+00:00,33,1,651434,59.95,59.95,59.94,59.94,3,CLZ5
2025-11-11 02:42:00+00:00,33,1,651434,59.94,59.94,59.92,59.93,30,CLZ5
2025-11-11 02:43:00+00:00,33,1,651434,59.94,59.94,59.93,59.93,8,CLZ5
2025-11-11 02:44:00+00:00,33,1,651434,59.94,59.94,59.93,59.93,6,CLZ5
2025-11-11 02:45:00+00:00,33,1,651434,59.93,59.94,59.93,59.94,11,CLZ5
2025-11-11 02:46:00+00:00,33,1,651434,59.94,59.94,59.94,59.94,1,CLZ5
2025-11-11 02:47:00+00:00,33,1,651434,59.94,59.95,59.94,59.95,5,CLZ5
2025-11-11 02:48:00+00:00,33,1,651434,59.95,59.95,59.95,59.95,4,CLZ5
2025-11-11 02:50:00+00:00,33,1,651434,59.94,59.94,59.94,59.94,9,CLZ5
2025-11-11 02:51:00+00:00,33,1,651434,59.93,59.93,59.93,59.93,13,CLZ5
2025-11-11 02:52:00+00:00,33,1,651434,59.94,59.94,59.93,59.93,3,CLZ5
2025-11-11 02:53:00+00:00,33,1,651434,59.94,59.94,59.94,59.94,6,CLZ5
2025-11-11 02:54:00+00:00,33,1,651434,59.93,59.93,59.93,59.93,10,CLZ5
2025-11-11 02:55:00+00:00,33,1,651434,59.94,59.94,59.94,59.94,5,CLZ5
2025-11-11 02:56:00+00:00,33,1,651434,59.95,59.95,59.95,59.95,7,CLZ5
2025-11-11 02:57:00+00:00,33,1,651434,59.95,59.96,59.95,59.96,4,CLZ5
2025-11-11 02:58:00+00:00,33,1,651434,59.97,59.97,59.97,59.97,3,CLZ5
2025-11-11 02:59:00+00:00,33,1,651434,59.97,59.97,59.96,59.96,14,CLZ5
2025-11-11 03:00:00+00:00,33,1,651434,59.96,59.97,59.96,59.97,25,CLZ5
2025-11-11 03:01:00+00:00,33,1,651434,59.97,59.98,59.97,59.98,35,CLZ5
2025-11-11 03:02:00+00:00,33,1,651434,59.97,59.97,59.97,59.97,6,CLZ5
2025-11-11 03:04:00+00:00,33,1,651434,59.96,59.96,59.96,59.96,8,CLZ5
2025-11-11 03:05:00+00:00,33,1,651434,59.97,59.98,59.97,59.98,7,CLZ5
2025-11-11 03:06:00+00:00,33,1,651434,59.98,59.99,59.98,59.99,16,CLZ5
2025-11-11 03:07:00+00:00,33,1,651434,59.99,59.99,59.99,59.99,12,CLZ5
2025-11-11 03:08:00+00:00,33,1,651434,59.99,59.99,59.98,59.99,20,CLZ5
2025-11-11 03:09:00+00:00,33,1,651434,59.99,59.99,59.99,59.99,7,CLZ5
2025-11-11 03:10:00+00:00,33,1,651434,59.98,59.99,59.98,59.99,2,CLZ5
2025-11-11 03:11:00+00:00,33,1,651434,59.98,59.98,59.98,59.98,3,CLZ5
2025-11-11 03:12:00+00:00,33,1,651434,59.97,59.97,59.97,59.97,4,CLZ5
2025-11-11 03:13:00+00:00,33,1,651434,59.97,59.97,59.97,59.97,2,CLZ5
2025-11-11 03:14:00+00:00,33,1,651434,59.98,59.98,59.96,59.97,22,CLZ5
2025-11-11 03:15:00+00:00,33,1,651434,59.98,59.98,59.97,59.98,20,CLZ5
2025-11-11 03:16:00+00:00,33,1,651434,59.98,59.98,59.97,59.98,8,CLZ5
2025-11-11 03:17:00+00:00,33,1,651434,59.99,59.99,59.99,59.99,1,CLZ5
2025-11-11 03:18:00+00:00,33,1,651434,59.99,59.99,59.98,59.98,19,CLZ5
2025-11-11 03:19:00+00:00,33,1,651434,59.98,59.99,59.98,59.99,6,CLZ5
2025-11-11 03:20:00+00:00,33,1,651434,60.0,60.0,60.0,60.0,32,CLZ5
2025-11-11 03:21:00+00:00,33,1,651434,60.0,60.01,60.0,60.01,18,CLZ5
2025-11-11 03:22:00+00:00,33,1,651434,60.01,60.01,60.0,60.0,13,CLZ5
2025-11-11 03:23:00+00:00,33,1,651434,60.0,60.0,59.99,59.99,5,CLZ5
2025-11-11 03:24:00+00:00,33,1,651434,60.0,60.01,60.0,60.01,20,CLZ5
2025-11-11 03:25:00+00:00,33,1,651434,60.01,60.02,60.01,60.01,13,CLZ5
2025-11-11 03:26:00+00:00,33,1,651434,60.01,60.03,60.01,60.02,58,CLZ5
2025-11-11 03:27:00+00:00,33,1,651434,60.03,60.05,60.03,60.03,36,CLZ5
2025-11-11 03:28:00+00:00,33,1,651434,60.04,60.07,60.04,60.05,111,CLZ5
2025-11-11 03:29:00+00:00,33,1,651434,60.06,60.06,60.05,60.05,27,CLZ5
2025-11-11 03:30:00+00:00,33,1,651434,60.06,60.06,60.05,60.05,28,CLZ5
2025-11-11 03:31:00+00:00,33,1,651434,60.05,60.05,60.05,60.05,1,CLZ5
2025-11-11 03:32:00+00:00,33,1,651434,60.05,60.08,60.05,60.07,88,CLZ5
2025-11-11 03:33:00+00:00,33,1,651434,60.07,60.09,60.07,60.08,73,CLZ5
2025-11-11 03:34:00+00:00,33,1,651434,60.08,60.09,60.07,60.09,89,CLZ5
2025-11-11 03:35:00+00:00,33,1,651434,60.08,60.11,60.08,60.11,87,CLZ5
2025-11-11 03:36:00+00:00,33,1,651434,60.1,60.11,60.1,60.1,37,CLZ5
2025-11-11 03:37:00+00:00,33,1,651434,60.1,60.12,60.1,60.11,24,CLZ5
2025-11-11 03:38:00+00:00,33,1,651434,60.11,60.11,60.11,60.11,7,CLZ5
2025-11-11 03:39:00+00:00,33,1,651434,60.1,60.12,60.1,60.12,33,CLZ5
2025-11-11 03:40:00+00:00,33,1,651434,60.12,60.12,60.08,60.08,17,CLZ5
2025-11-11 03:41:00+00:00,33,1,651434,60.08,60.08,60.07,60.07,14,CLZ5
2025-11-11 03:42:00+00:00,33,1,651434,60.07,60.07,60.05,60.05,12,CLZ5
2025-11-11 03:43:00+00:00,33,1,651434,60.05,60.06,60.05,60.06,4,CLZ5
2025-11-11 03:44:00+00:00,33,1,651434,60.06,60.07,60.06,60.07,31,CLZ5
2025-11-11 03:45:00+00:00,33,1,651434,60.07,60.07,60.06,60.06,12,CLZ5
2025-11-11 03:46:00+00:00,33,1,651434,60.06,60.06,60.05,60.05,9,CLZ5
2025-11-11 03:47:00+00:00,33,1,651434,60.05,60.05,60.03,60.03,19,CLZ5
2025-11-11 03:48:00+00:00,33,1,651434,60.03,60.03,60.02,60.02,22,CLZ5
2025-11-11 03:49:00+00:00,33,1,651434,60.02,60.02,60.01,60.01,2,CLZ5
2025-11-11 03:50:00+00:00,33,1,651434,60.02,60.02,60.02,60.02,1,CLZ5
2025-11-11 03:51:00+00:00,33,1,651434,60.02,60.02,60.01,60.01,4,CLZ5
2025-11-11 03:52:00+00:00,33,1,651434,60.01,60.01,60.01,60.01,40,CLZ5
2025-11-11 03:53:00+00:00,33,1,651434,60.01,60.01,60.01,60.01,1,CLZ5
2025-11-11 03:54:00+00:00,33,1,651434,60.0,60.0,59.99,59.99,24,CLZ5
2025-11-11 03:55:00+00:00,33,1,651434,59.99,60.0,59.99,59.99,18,CLZ5
2025-11-11 03:56:00+00:00,33,1,651434,59.99,59.99,59.98,59.98,20,CLZ5
2025-11-11 03:57:00+00:00,33,1,651434,59.98,59.98,59.97,59.97,23,CLZ5
2025-11-11 03:58:00+00:00,33,1,651434,59.97,59.97,59.97,59.97,3,CLZ5
2025-11-11 03:59:00+00:00,33,1,651434,59.98,59.98,59.98,59.98,21,CLZ5
2025-11-11 04:00:00+00:00,33,1,651434,59.98,59.98,59.98,59.98,7,CLZ5
2025-11-11 04:01:00+00:00,33,1,651434,59.98,59.98,59.97,59.98,16,CLZ5
2025-11-11 04:02:00+00:00,33,1,651434,59.97,59.97,59.96,59.96,19,CLZ5
2025-11-11 04:03:00+00:00,33,1,651434,59.96,59.97,59.96,59.97,24,CLZ5
2025-11-11 04:04:00+00:00,33,1,651434,59.96,59.96,59.96,59.96,1,CLZ5
2025-11-11 04:05:00+00:00,33,1,651434,59.96,59.96,59.94,59.95,43,CLZ5
2025-11-11 04:06:00+00:00,33,1,651434,59.94,59.94,59.93,59.93,11,CLZ5
2025-11-11 04:07:00+00:00,33,1,651434,59.94,59.94,59.93,59.93,30,CLZ5
2025-11-11 04:08:00+00:00,33,1,651434,59.94,59.94,59.94,59.94,2,CLZ5
2025-11-11 04:09:00+00:00,33,1,651434,59.94,59.95,59.94,59.95,14,CLZ5
2025-11-11 04:10:00+00:00,33,1,651434,59.94,59.95,59.94,59.95,29,CLZ5
2025-11-11 04:11:00+00:00,33,1,651434,59.94,59.94,59.94,59.94,3,CLZ5
2025-11-11 04:12:00+00:00,33,1,651434,59.95,59.95,59.95,59.95,3,CLZ5
2025-11-11 04:13:00+00:00,33,1,651434,59.94,59.94,59.92,59.94,46,CLZ5
2025-11-11 04:14:00+00:00,33,1,651434,59.94,59.95,59.94,59.95,31,CLZ5
2025-11-11 04:15:00+00:00,33,1,651434,59.95,59.95,59.93,59.94,33,CLZ5
2025-11-11 04:16:00+00:00,33,1,651434,59.95,59.97,59.95,59.97,46,CLZ5
2025-11-11 04:17:00+00:00,33,1,651434,59.98,59.98,59.97,59.97,15,CLZ5
2025-11-11 04:19:00+00:00,33,1,651434,59.97,59.97,59.96,59.96,16,CLZ5
2025-11-11 04:21:00+00:00,33,1,651434,59.97,59.98,59.97,59.98,23,CLZ5
2025-11-11 04:22:00+00:00,33,1,651434,59.99,60.0,59.99,59.99,58,CLZ5
2025-11-11 04:23:00+00:00,33,1,651434,59.99,60.0,59.99,60.0,9,CLZ5
2025-11-11 04:24:00+00:00,33,1,651434,60.0,60.0,59.99,59.99,2,CLZ5
2025-11-11 04:26:00+00:00,33,1,651434,60.0,60.02,59.99,60.02,65,CLZ5
2025-11-11 04:27:00+00:00,33,1,651434,60.02,60.02,60.01,60.01,20,CLZ5
2025-11-11 04:28:00+00:00,33,1,651434,60.01,60.02,60.01,60.01,20,CLZ5
2025-11-11 04:29:00+00:00,33,1,651434,60.0,60.0,59.99,59.99,15,CLZ5
2025-11-11 04:30:00+00:00,33,1,651434,60.0,60.01,60.0,60.01,33,CLZ5
2025-11-11 04:31:00+00:00,33,1,651434,60.02,60.03,60.02,60.02,36,CLZ5
2025-11-11 04:32:00+00:00,33,1,651434,60.02,60.02,60.02,60.02,9,CLZ5
2025-11-11 04:33:00+00:00,33,1,651434,60.01,60.01,60.01,60.01,5,CLZ5
2025-11-11 04:34:00+00:00,33,1,651434,60.01,60.01,59.99,59.99,14,CLZ5
2025-11-11 04:35:00+00:00,33,1,651434,59.99,59.99,59.99,59.99,2,CLZ5
2025-11-11 04:36:00+00:00,33,1,651434,59.99,59.99,59.99,59.99,8,CLZ5
2025-11-11 04:37:00+00:00,33,1,651434,59.98,59.98,59.98,59.98,10,CLZ5
2025-11-11 04:38:00+00:00,33,1,651434,59.98,59.98,59.97,59.97,16,CLZ5
2025-11-11 04:39:00+00:00,33,1,651434,59.96,59.96,59.96,59.96,5,CLZ5
2025-11-11 04:40:00+00:00,33,1,651434,59.97,59.97,59.96,59.96,10,CLZ5
2025-11-11 04:41:00+00:00,33,1,651434,59.96,59.96,59.96,59.96,1,CLZ5
2025-11-11 04:42:00+00:00,33,1,651434,59.97,59.97,59.96,59.97,16,CLZ5
2025-11-11 04:43:00+00:00,33,1,651434,59.97,59.97,59.97,59.97,8,CLZ5
2025-11-11 04:44:00+00:00,33,1,651434,59.97,59.97,59.96,59.96,3,CLZ5
2025-11-11 04:45:00+00:00,33,1,651434,59.97,59.97,59.97,59.97,2,CLZ5
2025-11-11 04:46:00+00:00,33,1,651434,59.96,59.97,59.96,59.96,9,CLZ5
2025-11-11 04:47:00+00:00,33,1,651434,59.97,59.97,59.97,59.97,7,CLZ5
2025-11-11 04:48:00+00:00,33,1,651434,59.98,59.98,59.98,59.98,7,CLZ5
2025-11-11 04:49:00+00:00,33,1,651434,59.97,59.97,59.97,59.97,4,CLZ5
2025-11-11 04:50:00+00:00,33,1,651434,59.97,59.97,59.97,59.97,12,CLZ5
2025-11-11 04:53:00+00:00,33,1,651434,59.96,59.96,59.95,59.96,9,CLZ5
2025-11-11 04:54:00+00:00,33,1,651434,59.95,59.95,59.95,59.95,9,CLZ5
2025-11-11 04:55:00+00:00,33,1,651434,59.96,59.96,59.96,59.96,6,CLZ5
2025-11-11 04:56:00+00:00,33,1,651434,59.97,59.98,59.97,59.98,6,CLZ5
2025-11-11 04:57:00+00:00,33,1,651434,59.98,59.98,59.97,59.97,8,CLZ5
2025-11-11 04:58:00+00:00,33,1,651434,59.98,59.98,59.98,59.98,3,CLZ5
2025-11-11 04:59:00+00:00,33,1,651434,59.98,59.99,59.98,59.99,3,CLZ5
2025-11-11 05:00:00+00:00,33,1,651434,59.98,59.99,59.98,59.99,2,CLZ5
2025-11-11 05:01:00+00:00,33,1,651434,59.99,59.99,59.99,59.99,13,CLZ5
2025-11-11 05:02:00+00:00,33,1,651434,59.99,59.99,59.99,59.99,4,CLZ5
2025-11-11 05:03:00+00:00,33,1,651434,59.99,59.99,59.99,59.99,7,CLZ5
2025-11-11 05:04:00+00:00,33,1,651434,59.99,59.99,59.97,59.97,8,CLZ5
2025-11-11 05:05:00+00:00,33,1,651434,59.97,59.97,59.97,59.97,3,CLZ5
2025-11-11 05:07:00+00:00,33,1,651434,59.97,59.97,59.97,59.97,2,CLZ5
2025-11-11 05:08:00+00:00,33,1,651434,59.98,59.98,59.96,59.96,39,CLZ5
2025-11-11 05:10:00+00:00,33,1,651434,59.97,59.97,59.97,59.97,2,CLZ5
2025-11-11 05:11:00+00:00,33,1,651434,59.96,59.97,59.96,59.97,4,CLZ5
2025-11-11 05:12:00+00:00,33,1,651434,59.97,59.97,59.97,59.97,2,CLZ5
2025-11-11 05:16:00+00:00,33,1,651434,59.96,59.96,59.94,59.94,22,CLZ5
2025-11-11 05:17:00+00:00,33,1,651434,59.95,59.95,59.95,59.95,26,CLZ5
2025-11-11 05:18:00+00:00,33,1,651434,59.96,59.96,59.95,59.95,4,CLZ5
2025-11-11 05:19:00+00:00,33,1,651434,59.96,59.96,59.95,59.95,8,CLZ5
2025-11-11 05:20:00+00:00,33,1,651434,59.95,59.95,59.95,59.95,1,CLZ5
2025-11-11 05:22:00+00:00,33,1,651434,59.94,59.94,59.94,59.94,11,CLZ5
2025-11-11 05:23:00+00:00,33,1,651434,59.94,59.94,59.93,59.94,26,CLZ5
2025-11-11 05:24:00+00:00,33,1,651434,59.94,59.94,59.9,59.9,98,CLZ5
2025-11-11 05:25:00+00:00,33,1,651434,59.91,59.91,59.91,59.91,8,CLZ5
2025-11-11 05:26:00+00:00,33,1,651434,59.9,59.9,59.89,59.89,39,CLZ5
2025-11-11 05:27:00+00:00,33,1,651434,59.9,59.9,59.9,59.9,22,CLZ5
2025-11-11 05:28:00+00:00,33,1,651434,59.91,59.91,59.91,59.91,5,CLZ5
2025-11-11 05:29:00+00:00,33,1,651434,59.92,59.93,59.92,59.92,23,CLZ5
2025-11-11 05:30:00+00:00,33,1,651434,59.92,59.94,59.91,59.92,34,CLZ5
2025-11-11 05:31:00+00:00,33,1,651434,59.92,59.93,59.92,59.92,8,CLZ5
2025-11-11 05:32:00+00:00,33,1,651434,59.91,59.91,59.9,59.9,26,CLZ5
2025-11-11 05:33:00+00:00,33,1,651434,59.89,59.89,59.89,59.89,32,CLZ5
2025-11-11 05:34:00+00:00,33,1,651434,59.88,59.88,59.87,59.87,39,CLZ5
2025-11-11 05:35:00+00:00,33,1,651434,59.87,59.87,59.83,59.84,142,CLZ5
2025-11-11 05:36:00+00:00,33,1,651434,59.83,59.84,59.83,59.84,30,CLZ5
2025-11-11 05:37:00+00:00,33,1,651434,59.84,59.84,59.83,59.83,47,CLZ5
2025-11-11 05:38:00+00:00,33,1,651434,59.83,59.83,59.8,59.81,140,CLZ5
2025-11-11 05:39:00+00:00,33,1,651434,59.81,59.82,59.81,59.81,40,CLZ5
2025-11-11 05:40:00+00:00,33,1,651434,59.82,59.84,59.82,59.83,52,CLZ5
2025-11-11 05:41:00+00:00,33,1,651434,59.83,59.84,59.82,59.82,22,CLZ5
2025-11-11 05:42:00+00:00,33,1,651434,59.82,59.85,59.82,59.85,19,CLZ5
2025-11-11 05:43:00+00:00,33,1,651434,59.86,59.86,59.86,59.86,15,CLZ5
2025-11-11 05:44:00+00:00,33,1,651434,59.85,59.85,59.84,59.84,18,CLZ5
2025-11-11 05:45:00+00:00,33,1,651434,59.83,59.85,59.83,59.85,35,CLZ5
2025-11-11 05:46:00+00:00,33,1,651434,59.85,59.85,59.84,59.85,13,CLZ5
2025-11-11 05:48:00+00:00,33,1,651434,59.86,59.87,59.85,59.86,26,CLZ5
2025-11-11 05:49:00+00:00,33,1,651434,59.86,59.86,59.85,59.85,13,CLZ5
2025-11-11 05:50:00+00:00,33,1,651434,59.86,59.91,59.86,59.87,111,CLZ5
2025-11-11 05:51:00+00:00,33,1,651434,59.87,59.88,59.87,59.88,5,CLZ5
2025-11-11 05:52:00+00:00,33,1,651434,59.88,59.88,59.87,59.87,3,CLZ5
2025-11-11 05:53:00+00:00,33,1,651434,59.88,59.88,59.87,59.87,2,CLZ5
2025-11-11 05:54:00+00:00,33,1,651434,59.87,59.87,59.86,59.86,14,CLZ5
2025-11-11 05:55:00+00:00,33,1,651434,59.85,59.86,59.84,59.85,35,CLZ5
2025-11-11 05:56:00+00:00,33,1,651434,59.85,59.85,59.85,59.85,3,CLZ5
2025-11-11 05:57:00+00:00,33,1,651434,59.84,59.85,59.84,59.85,2,CLZ5
2025-11-11 05:58:00+00:00,33,1,651434,59.84,59.84,59.81,59.83,52,CLZ5
2025-11-11 05:59:00+00:00,33,1,651434,59.83,59.83,59.81,59.81,31,CLZ5
2025-11-11 06:00:00+00:00,33,1,651434,59.81,59.83,59.8,59.82,58,CLZ5
2025-11-11 06:01:00+00:00,33,1,651434,59.82,59.82,59.81,59.81,9,CLZ5
2025-11-11 06:02:00+00:00,33,1,651434,59.8,59.8,59.77,59.78,84,CLZ5
2025-11-11 06:03:00+00:00,33,1,651434,59.78,59.78,59.76,59.77,68,CLZ5
2025-11-11 06:04:00+00:00,33,1,651434,59.78,59.78,59.78,59.78,10,CLZ5
2025-11-11 06:05:00+00:00,33,1,651434,59.78,59.8,59.78,59.79,54,CLZ5
2025-11-11 06:06:00+00:00,33,1,651434,59.78,59.78,59.76,59.76,22,CLZ5
2025-11-11 06:07:00+00:00,33,1,651434,59.76,59.78,59.75,59.78,33,CLZ5
2025-11-11 06:08:00+00:00,33,1,651434,59.78,59.79,59.77,59.79,11,CLZ5
2025-11-11 06:09:00+00:00,33,1,651434,59.8,59.8,59.79,59.8,28,CLZ5
2025-11-11 06:10:00+00:00,33,1,651434,59.81,59.82,59.81,59.82,8,CLZ5
2025-11-11 06:11:00+00:00,33,1,651434,59.81,59.82,59.81,59.82,6,CLZ5
2025-11-11 06:12:00+00:00,33,1,651434,59.82,59.83,59.81,59.81,19,CLZ5
2025-11-11 06:13:00+00:00,33,1,651434,59.82,59.82,59.81,59.82,18,CLZ5
2025-11-11 06:14:00+00:00,33,1,651434,59.82,59.82,59.81,59.81,12,CLZ5
2025-11-11 06:15:00+00:00,33,1,651434,59.81,59.83,59.81,59.83,31,CLZ5
2025-11-11 06:16:00+00:00,33,1,651434,59.83,59.85,59.83,59.84,58,CLZ5
2025-11-11 06:17:00+00:00,33,1,651434,59.84,59.85,59.84,59.84,10,CLZ5
2025-11-11 06:18:00+00:00,33,1,651434,59.84,59.86,59.84,59.86,15,CLZ5
2025-11-11 06:19:00+00:00,33,1,651434,59.86,59.86,59.86,59.86,9,CLZ5
2025-11-11 06:20:00+00:00,33,1,651434,59.85,59.86,59.84,59.86,35,CLZ5
2025-11-11 06:21:00+00:00,33,1,651434,59.86,59.89,59.86,59.89,20,CLZ5
2025-11-11 06:22:00+00:00,33,1,651434,59.88,59.9,59.87,59.89,18,CLZ5
2025-11-11 06:23:00+00:00,33,1,651434,59.89,59.89,59.89,59.89,11,CLZ5
2025-11-11 06:24:00+00:00,33,1,651434,59.89,59.89,59.87,59.87,12,CLZ5
2025-11-11 06:25:00+00:00,33,1,651434,59.87,59.88,59.87,59.88,16,CLZ5
2025-11-11 06:26:00+00:00,33,1,651434,59.88,59.89,59.88,59.89,13,CLZ5
2025-11-11 06:27:00+00:00,33,1,651434,59.88,59.88,59.86,59.86,6,CLZ5
2025-11-11 06:28:00+00:00,33,1,651434,59.87,59.88,59.87,59.88,27,CLZ5
2025-11-11 06:29:00+00:00,33,1,651434,59.87,59.88,59.87,59.87,9,CLZ5
2025-11-11 06:30:00+00:00,33,1,651434,59.87,59.88,59.85,59.88,31,CLZ5
2025-11-11 06:31:00+00:00,33,1,651434,59.88,59.89,59.88,59.89,17,CLZ5
2025-11-11 06:32:00+00:00,33,1,651434,59.88,59.89,59.87,59.88,33,CLZ5
2025-11-11 06:33:00+00:00,33,1,651434,59.88,59.88,59.87,59.87,8,CLZ5
2025-11-11 06:34:00+00:00,33,1,651434,59.86,59.87,59.86,59.87,23,CLZ5
2025-11-11 06:35:00+00:00,33,1,651434,59.86,59.87,59.86,59.87,7,CLZ5
2025-11-11 06:36:00+00:00,33,1,651434,59.86,59.87,59.86,59.87,5,CLZ5
2025-11-11 06:37:00+00:00,33,1,651434,59.87,59.87,59.87,59.87,6,CLZ5
2025-11-11 06:38:00+00:00,33,1,651434,59.87,59.88,59.87,59.87,13,CLZ5
2025-11-11 06:39:00+00:00,33,1,651434,59.87,59.9,59.87,59.9,12,CLZ5
2025-11-11 06:40:00+00:00,33,1,651434,59.89,59.9,59.89,59.89,10,CLZ5
2025-11-11 06:41:00+00:00,33,1,651434,59.89,59.9,59.89,59.89,4,CLZ5
2025-11-11 06:42:00+00:00,33,1,651434,59.89,59.89,59.87,59.89,17,CLZ5
2025-11-11 06:44:00+00:00,33,1,651434,59.9,59.9,59.88,59.88,11,CLZ5
2025-11-11 06:45:00+00:00,33,1,651434,59.89,59.91,59.87,59.9,71,CLZ5
2025-11-11 06:46:00+00:00,33,1,651434,59.9,59.91,59.88,59.88,36,CLZ5
2025-11-11 06:47:00+00:00,33,1,651434,59.87,59.87,59.86,59.87,31,CLZ5
2025-11-11 06:48:00+00:00,33,1,651434,59.87,59.87,59.84,59.85,43,CLZ5
2025-11-11 06:49:00+00:00,33,1,651434,59.85,59.87,59.85,59.86,22,CLZ5
2025-11-11 06:50:00+00:00,33,1,651434,59.87,59.88,59.86,59.88,42,CLZ5
2025-11-11 06:51:00+00:00,33,1,651434,59.88,59.88,59.88,59.88,1,CLZ5
2025-11-11 06:52:00+00:00,33,1,651434,59.88,59.88,59.88,59.88,10,CLZ5
2025-11-11 06:53:00+00:00,33,1,651434,59.88,59.89,59.88,59.88,10,CLZ5
2025-11-11 06:54:00+00:00,33,1,651434,59.87,59.87,59.87,59.87,8,CLZ5
2025-11-11 06:55:00+00:00,33,1,651434,59.87,59.87,59.87,59.87,3,CLZ5
2025-11-11 06:56:00+00:00,33,1,651434,59.88,59.88,59.85,59.85,9,CLZ5
2025-11-11 06:57:00+00:00,33,1,651434,59.85,59.86,59.85,59.85,9,CLZ5
2025-11-11 06:58:00+00:00,33,1,651434,59.86,59.86,59.83,59.85,21,CLZ5
2025-11-11 06:59:00+00:00,33,1,651434,59.85,59.86,59.85,59.86,6,CLZ5
2025-11-11 07:00:00+00:00,33,1,651434,59.86,59.88,59.85,59.85,21,CLZ5
2025-11-11 07:01:00+00:00,33,1,651434,59.84,59.84,59.82,59.82,36,CLZ5
2025-11-11 07:02:00+00:00,33,1,651434,59.82,59.82,59.81,59.82,21,CLZ5
2025-11-11 07:03:00+00:00,33,1,651434,59.81,59.88,59.81,59.88,38,CLZ5
2025-11-11 07:04:00+00:00,33,1,651434,59.88,59.88,59.85,59.86,17,CLZ5
2025-11-11 07:05:00+00:00,33,1,651434,59.85,59.85,59.83,59.84,71,CLZ5
2025-11-11 07:06:00+00:00,33,1,651434,59.83,59.84,59.81,59.82,76,CLZ5
2025-11-11 07:07:00+00:00,33,1,651434,59.84,59.84,59.83,59.84,21,CLZ5
2025-11-11 07:08:00+00:00,33,1,651434,59.85,59.85,59.84,59.84,30,CLZ5
2025-11-11 07:09:00+00:00,33,1,651434,59.83,59.83,59.83,59.83,14,CLZ5
2025-11-11 07:10:00+00:00,33,1,651434,59.84,59.85,59.84,59.85,12,CLZ5
2025-11-11 07:11:00+00:00,33,1,651434,59.83,59.87,59.83,59.86,38,CLZ5
2025-11-11 07:12:00+00:00,33,1,651434,59.86,59.87,59.85,59.85,23,CLZ5
2025-11-11 07:13:00+00:00,33,1,651434,59.84,59.86,59.84,59.85,14,CLZ5
2025-11-11 07:14:00+00:00,33,1,651434,59.85,59.85,59.84,59.84,14,CLZ5
2025-11-11 07:15:00+00:00,33,1,651434,59.85,59.87,59.85,59.87,12,CLZ5
2025-11-11 07:16:00+00:00,33,1,651434,59.86,59.88,59.86,59.87,29,CLZ5
2025-11-11 07:17:00+00:00,33,1,651434,59.87,59.87,59.85,59.85,11,CLZ5
2025-11-11 07:18:00+00:00,33,1,651434,59.84,59.84,59.81,59.81,37,CLZ5
2025-11-11 07:19:00+00:00,33,1,651434,59.82,59.82,59.8,59.8,89,CLZ5
2025-11-11 07:20:00+00:00,33,1,651434,59.79,59.8,59.77,59.78,64,CLZ5
2025-11-11 07:21:00+00:00,33,1,651434,59.78,59.78,59.77,59.77,106,CLZ5
2025-11-11 07:22:00+00:00,33,1,651434,59.77,59.77,59.76,59.76,41,CLZ5
2025-11-11 07:23:00+00:00,33,1,651434,59.77,59.78,59.74,59.76,150,CLZ5
2025-11-11 07:24:00+00:00,33,1,651434,59.77,59.81,59.77,59.8,58,CLZ5
2025-11-11 07:25:00+00:00,33,1,651434,59.8,59.8,59.78,59.78,25,CLZ5
2025-11-11 07:26:00+00:00,33,1,651434,59.77,59.8,59.77,59.8,45,CLZ5
2025-11-11 07:27:00+00:00,33,1,651434,59.81,59.83,59.81,59.83,72,CLZ5
2025-11-11 07:28:00+00:00,33,1,651434,59.82,59.83,59.78,59.78,61,CLZ5
2025-11-11 07:29:00+00:00,33,1,651434,59.79,59.8,59.79,59.8,13,CLZ5
2025-11-11 07:30:00+00:00,33,1,651434,59.79,59.79,59.79,59.79,8,CLZ5
2025-11-11 07:31:00+00:00,33,1,651434,59.78,59.79,59.78,59.78,29,CLZ5
2025-11-11 07:33:00+00:00,33,1,651434,59.79,59.8,59.75,59.75,59,CLZ5
2025-11-11 07:34:00+00:00,33,1,651434,59.75,59.75,59.72,59.72,76,CLZ5
2025-11-11 07:35:00+00:00,33,1,651434,59.73,59.74,59.73,59.73,36,CLZ5
2025-11-11 07:36:00+00:00,33,1,651434,59.73,59.74,59.73,59.74,45,CLZ5
2025-11-11 07:37:00+00:00,33,1,651434,59.73,59.75,59.73,59.74,35,CLZ5
2025-11-11 07:38:00+00:00,33,1,651434,59.74,59.77,59.74,59.77,74,CLZ5
2025-11-11 07:39:00+00:00,33,1,651434,59.77,59.78,59.77,59.78,17,CLZ5
2025-11-11 07:40:00+00:00,33,1,651434,59.77,59.79,59.77,59.77,22,CLZ5
2025-11-11 07:41:00+00:00,33,1,651434,59.78,59.78,59.76,59.76,28,CLZ5
2025-11-11 07:42:00+00:00,33,1,651434,59.76,59.77,59.73,59.73,47,CLZ5
2025-11-11 07:43:00+00:00,33,1,651434,59.73,59.74,59.72,59.72,72,CLZ5
2025-11-11 07:44:00+00:00,33,1,651434,59.73,59.73,59.69,59.7,99,CLZ5
2025-11-11 07:45:00+00:00,33,1,651434,59.71,59.71,59.69,59.71,62,CLZ5
2025-11-11 07:46:00+00:00,33,1,651434,59.71,59.72,59.7,59.7,39,CLZ5
2025-11-11 07:47:00+00:00,33,1,651434,59.69,59.71,59.66,59.66,162,CLZ5
2025-11-11 07:48:00+00:00,33,1,651434,59.67,59.69,59.67,59.68,35,CLZ5
2025-11-11 07:49:00+00:00,33,1,651434,59.68,59.71,59.67,59.69,95,CLZ5
2025-11-11 07:50:00+00:00,33,1,651434,59.7,59.71,59.68,59.7,80,CLZ5
2025-11-11 07:51:00+00:00,33,1,651434,59.7,59.73,59.69,59.72,98,CLZ5
2025-11-11 07:52:00+00:00,33,1,651434,59.73,59.74,59.72,59.73,50,CLZ5
2025-11-11 07:53:00+00:00,33,1,651434,59.73,59.81,59.72,59.8,235,CLZ5
2025-11-11 07:54:00+00:00,33,1,651434,59.8,59.8,59.76,59.76,73,CLZ5
2025-11-11 07:55:00+00:00,33,1,651434,59.76,59.76,59.73,59.73,43,CLZ5
2025-11-11 07:56:00+00:00,33,1,651434,59.73,59.73,59.72,59.73,23,CLZ5
2025-11-11 07:57:00+00:00,33,1,651434,59.72,59.72,59.7,59.71,34,CLZ5
2025-11-11 07:58:00+00:00,33,1,651434,59.71,59.77,59.71,59.76,86,CLZ5
2025-11-11 07:59:00+00:00,33,1,651434,59.76,59.77,59.73,59.74,87,CLZ5
2025-11-11 08:00:00+00:00,33,1,651434,59.74,59.77,59.71,59.77,147,CLZ5
2025-11-11 08:01:00+00:00,33,1,651434,59.77,59.8,59.76,59.8,57,CLZ5
2025-11-11 08:02:00+00:00,33,1,651434,59.81,59.84,59.79,59.82,141,CLZ5
2025-11-11 08:03:00+00:00,33,1,651434,59.82,59.86,59.82,59.86,78,CLZ5
2025-11-11 08:04:00+00:00,33,1,651434,59.86,59.9,59.85,59.87,254,CLZ5
2025-11-11 08:05:00+00:00,33,1,651434,59.87,59.88,59.83,59.84,71,CLZ5
2025-11-11 08:06:00+00:00,33,1,651434,59.85,59.86,59.83,59.85,49,CLZ5
2025-11-11 08:07:00+00:00,33,1,651434,59.86,59.87,59.85,59.86,52,CLZ5
2025-11-11 08:08:00+00:00,33,1,651434,59.86,59.86,59.82,59.84,54,CLZ5
2025-11-11 08:09:00+00:00,33,1,651434,59.84,59.85,59.83,59.85,49,CLZ5
2025-11-11 08:10:00+00:00,33,1,651434,59.85,59.86,59.85,59.85,41,CLZ5
2025-11-11 08:11:00+00:00,33,1,651434,59.86,59.89,59.86,59.87,61,CLZ5
2025-11-11 08:12:00+00:00,33,1,651434,59.86,59.86,59.8,59.84,50,CLZ5
2025-11-11 08:13:00+00:00,33,1,651434,59.84,59.86,59.84,59.86,31,CLZ5
2025-11-11 08:14:00+00:00,33,1,651434,59.85,59.86,59.85,59.86,50,CLZ5
2025-11-11 08:15:00+00:00,33,1,651434,59.86,59.88,59.86,59.87,60,CLZ5
2025-11-11 08:16:00+00:00,33,1,651434,59.89,59.89,59.84,59.86,58,CLZ5
2025-11-11 08:17:00+00:00,33,1,651434,59.86,59.91,59.86,59.9,68,CLZ5
2025-11-11 08:18:00+00:00,33,1,651434,59.9,59.9,59.86,59.88,92,CLZ5
2025-11-11 08:19:00+00:00,33,1,651434,59.89,59.89,59.85,59.85,35,CLZ5
2025-11-11 08:20:00+00:00,33,1,651434,59.86,59.89,59.86,59.89,31,CLZ5
2025-11-11 08:21:00+00:00,33,1,651434,59.89,59.9,59.89,59.89,39,CLZ5
2025-11-11 08:22:00+00:00,33,1,651434,59.9,59.96,59.89,59.96,145,CLZ5
2025-11-11 08:23:00+00:00,33,1,651434,59.96,59.97,59.92,59.93,116,CLZ5
2025-11-11 08:24:00+00:00,33,1,651434,59.93,59.95,59.92,59.94,160,CLZ5
2025-11-11 08:25:00+00:00,33,1,651434,59.93,59.94,59.91,59.92,107,CLZ5
2025-11-11 08:26:00+00:00,33,1,651434,59.92,59.93,59.89,59.93,65,CLZ5
2025-11-11 08:27:00+00:00,33,1,651434,59.92,59.94,59.92,59.92,31,CLZ5
2025-11-11 08:28:00+00:00,33,1,651434,59.91,59.94,59.88,59.89,187,CLZ5
2025-11-11 08:29:00+00:00,33,1,651434,59.89,59.91,59.85,59.86,325,CLZ5
2025-11-11 08:30:00+00:00,33,1,651434,59.87,59.87,59.79,59.84,461,CLZ5
2025-11-11 08:31:00+00:00,33,1,651434,59.84,59.87,59.83,59.83,91,CLZ5
2025-11-11 08:32:00+00:00,33,1,651434,59.82,59.87,59.82,59.85,67,CLZ5
2025-11-11 08:33:00+00:00,33,1,651434,59.85,59.91,59.85,59.89,143,CLZ5
2025-11-11 08:34:00+00:00,33,1,651434,59.89,59.92,59.89,59.91,117,CLZ5
2025-11-11 08:35:00+00:00,33,1,651434,59.92,59.99,59.92,59.96,174,CLZ5
2025-11-11 08:36:00+00:00,33,1,651434,59.96,59.98,59.96,59.97,53,CLZ5
2025-11-11 08:37:00+00:00,33,1,651434,59.97,60.0,59.96,59.97,86,CLZ5
2025-11-11 08:38:00+00:00,33,1,651434,59.97,59.97,59.92,59.92,50,CLZ5
2025-11-11 08:39:00+00:00,33,1,651434,59.92,59.94,59.9,59.93,102,CLZ5
2025-11-11 08:40:00+00:00,33,1,651434,59.93,59.94,59.92,59.94,31,CLZ5
2025-11-11 08:41:00+00:00,33,1,651434,59.95,59.95,59.91,59.91,173,CLZ5
2025-11-11 08:42:00+00:00,33,1,651434,59.92,59.92,59.9,59.9,148,CLZ5
2025-11-11 08:43:00+00:00,33,1,651434,59.89,59.89,59.82,59.84,229,CLZ5
2025-11-11 08:44:00+00:00,33,1,651434,59.83,59.83,59.8,59.81,161,CLZ5
2025-11-11 08:45:00+00:00,33,1,651434,59.81,59.82,59.79,59.82,153,CLZ5
2025-11-11 08:46:00+00:00,33,1,651434,59.83,59.85,59.82,59.85,78,CLZ5
2025-11-11 08:47:00+00:00,33,1,651434,59.85,59.86,59.84,59.86,92,CLZ5
2025-11-11 08:48:00+00:00,33,1,651434,59.86,59.9,59.86,59.87,93,CLZ5
2025-11-11 08:49:00+00:00,33,1,651434,59.87,59.88,59.85,59.87,112,CLZ5
2025-11-11 08:50:00+00:00,33,1,651434,59.87,59.89,59.87,59.88,63,CLZ5
2025-11-11 08:51:00+00:00,33,1,651434,59.89,59.9,59.87,59.89,65,CLZ5
2025-11-11 08:52:00+00:00,33,1,651434,59.89,59.93,59.86,59.93,118,CLZ5
2025-11-11 08:53:00+00:00,33,1,651434,59.93,59.95,59.92,59.95,54,CLZ5
2025-11-11 08:54:00+00:00,33,1,651434,59.96,60.0,59.96,60.0,154,CLZ5
2025-11-11 08:55:00+00:00,33,1,651434,60.0,60.02,60.0,60.01,102,CLZ5
2025-11-11 08:56:00+00:00,33,1,651434,60.01,60.01,59.97,59.98,130,CLZ5
2025-11-11 08:57:00+00:00,33,1,651434,59.98,60.01,59.97,60.01,101,CLZ5
2025-11-11 08:58:00+00:00,33,1,651434,60.0,60.05,60.0,60.03,196,CLZ5
2025-11-11 08:59:00+00:00,33,1,651434,60.03,60.03,60.01,60.02,59,CLZ5
2025-11-11 09:00:00+00:00,33,1,651434,60.02,60.06,60.01,60.02,272,CLZ5
2025-11-11 09:01:00+00:00,33,1,651434,60.02,60.07,60.02,60.07,143,CLZ5
2025-11-11 09:02:00+00:00,33,1,651434,60.07,60.08,60.06,60.07,132,CLZ5
2025-11-11 09:03:00+00:00,33,1,651434,60.07,60.07,60.04,60.07,192,CLZ5
2025-11-11 09:04:00+00:00,33,1,651434,60.08,60.09,60.07,60.08,93,CLZ5
2025-11-11 09:05:00+00:00,33,1,651434,60.09,60.18,60.08,60.17,517,CLZ5
2025-11-11 09:06:00+00:00,33,1,651434,60.17,60.18,60.16,60.18,201,CLZ5
2025-11-11 09:07:00+00:00,33,1,651434,60.19,60.23,60.18,60.2,273,CLZ5
2025-11-11 09:08:00+00:00,33,1,651434,60.21,60.24,60.21,60.22,107,CLZ5
2025-11-11 09:09:00+00:00,33,1,651434,60.23,60.28,60.23,60.28,552,CLZ5
2025-11-11 09:10:00+00:00,33,1,651434,60.28,60.36,60.28,60.33,550,CLZ5
2025-11-11 09:11:00+00:00,33,1,651434,60.33,60.37,60.33,60.34,254,CLZ5
2025-11-11 09:12:00+00:00,33,1,651434,60.34,60.34,60.3,60.32,340,CLZ5
2025-11-11 09:13:00+00:00,33,1,651434,60.32,60.36,60.32,60.34,184,CLZ5
2025-11-11 09:14:00+00:00,33,1,651434,60.35,60.38,60.35,60.38,152,CLZ5
2025-11-11 09:15:00+00:00,33,1,651434,60.38,60.49,60.37,60.47,1309,CLZ5
2025-11-11 09:16:00+00:00,33,1,651434,60.46,60.47,60.45,60.46,352,CLZ5
2025-11-11 09:17:00+00:00,33,1,651434,60.45,60.46,60.41,60.42,283,CLZ5
2025-11-11 09:18:00+00:00,33,1,651434,60.41,60.46,60.4,60.42,144,CLZ5
2025-11-11 09:19:00+00:00,33,1,651434,60.42,60.44,60.41,60.43,168,CLZ5
2025-11-11 09:20:00+00:00,33,1,651434,60.42,60.45,60.4,60.4,170,CLZ5
2025-11-11 09:21:00+00:00,33,1,651434,60.41,60.41,60.37,60.37,346,CLZ5
2025-11-11 09:22:00+00:00,33,1,651434,60.37,60.39,60.37,60.38,149,CLZ5
2025-11-11 09:23:00+00:00,33,1,651434,60.38,60.39,60.33,60.34,306,CLZ5
2025-11-11 09:24:00+00:00,33,1,651434,60.35,60.36,60.31,60.32,187,CLZ5
2025-11-11 09:25:00+00:00,33,1,651434,60.32,60.34,60.3,60.31,358,CLZ5
2025-11-11 09:26:00+00:00,33,1,651434,60.3,60.3,60.27,60.29,196,CLZ5
2025-11-11 09:27:00+00:00,33,1,651434,60.3,60.31,60.29,60.3,55,CLZ5
2025-11-11 09:28:00+00:00,33,1,651434,60.3,60.34,60.3,60.34,38,CLZ5
2025-11-11 09:29:00+00:00,33,1,651434,60.33,60.35,60.33,60.35,69,CLZ5
2025-11-11 09:30:00+00:00,33,1,651434,60.34,60.35,60.32,60.32,115,CLZ5
2025-11-11 09:31:00+00:00,33,1,651434,60.32,60.35,60.32,60.34,106,CLZ5
2025-11-11 09:32:00+00:00,33,1,651434,60.34,60.35,60.34,60.34,35,CLZ5
2025-11-11 09:33:00+00:00,33,1,651434,60.35,60.38,60.33,60.37,69,CLZ5
2025-11-11 09:34:00+00:00,33,1,651434,60.37,60.37,60.35,60.35,67,CLZ5
2025-11-11 09:35:00+00:00,33,1,651434,60.35,60.35,60.32,60.32,150,CLZ5
2025-11-11 09:36:00+00:00,33,1,651434,60.32,60.32,60.3,60.3,42,CLZ5
2025-11-11 09:37:00+00:00,33,1,651434,60.3,60.32,60.3,60.32,31,CLZ5
2025-11-11 09:38:00+00:00,33,1,651434,60.32,60.32,60.32,60.32,17,CLZ5
2025-11-11 09:39:00+00:00,33,1,651434,60.32,60.32,60.31,60.32,46,CLZ5
2025-11-11 09:40:00+00:00,33,1,651434,60.33,60.37,60.33,60.37,77,CLZ5
2025-11-11 09:41:00+00:00,33,1,651434,60.36,60.37,60.35,60.36,30,CLZ5
2025-11-11 09:42:00+00:00,33,1,651434,60.36,60.45,60.36,60.43,256,CLZ5
2025-11-11 09:43:00+00:00,33,1,651434,60.43,60.45,60.41,60.43,286,CLZ5
2025-11-11 09:44:00+00:00,33,1,651434,60.43,60.45,60.41,60.43,147,CLZ5
2025-11-11 09:45:00+00:00,33,1,651434,60.43,60.44,60.4,60.44,159,CLZ5
2025-11-11 09:46:00+00:00,33,1,651434,60.43,60.45,60.42,60.44,118,CLZ5
2025-11-11 09:47:00+00:00,33,1,651434,60.45,60.45,60.43,60.45,42,CLZ5
2025-11-11 09:48:00+00:00,33,1,651434,60.43,60.44,60.42,60.44,87,CLZ5
2025-11-11 09:49:00+00:00,33,1,651434,60.44,60.44,60.43,60.43,31,CLZ5
2025-11-11 09:50:00+00:00,33,1,651434,60.43,60.43,60.42,60.43,53,CLZ5
2025-11-11 09:51:00+00:00,33,1,651434,60.43,60.44,60.42,60.43,74,CLZ5
2025-11-11 09:52:00+00:00,33,1,651434,60.43,60.44,60.42,60.44,70,CLZ5
2025-11-11 09:53:00+00:00,33,1,651434,60.43,60.43,60.42,60.43,79,CLZ5
2025-11-11 09:54:00+00:00,33,1,651434,60.43,60.44,60.42,60.43,93,CLZ5
2025-11-11 09:55:00+00:00,33,1,651434,60.43,60.44,60.39,60.4,204,CLZ5
2025-11-11 09:56:00+00:00,33,1,651434,60.39,60.42,60.39,60.41,45,CLZ5
2025-11-11 09:57:00+00:00,33,1,651434,60.41,60.41,60.36,60.37,131,CLZ5
2025-11-11 09:58:00+00:00,33,1,651434,60.36,60.37,60.34,60.36,69,CLZ5
2025-11-11 09:59:00+00:00,33,1,651434,60.35,60.38,60.35,60.38,185,CLZ5
2025-11-11 10:00:00+00:00,33,1,651434,60.37,60.4,60.37,60.38,62,CLZ5
2025-11-11 10:01:00+00:00,33,1,651434,60.39,60.42,60.39,60.41,93,CLZ5
2025-11-11 10:02:00+00:00,33,1,651434,60.42,60.42,60.38,60.41,92,CLZ5
2025-11-11 10:03:00+00:00,33,1,651434,60.4,60.45,60.4,60.45,149,CLZ5
2025-11-11 10:04:00+00:00,33,1,651434,60.45,60.53,60.45,60.48,804,CLZ5
2025-11-11 10:05:00+00:00,33,1,651434,60.48,60.48,60.4,60.41,250,CLZ5
2025-11-11 10:06:00+00:00,33,1,651434,60.4,60.4,60.34,60.37,226,CLZ5
2025-11-11 10:07:00+00:00,33,1,651434,60.38,60.4,60.38,60.4,37,CLZ5
2025-11-11 10:08:00+00:00,33,1,651434,60.4,60.41,60.38,60.38,56,CLZ5
2025-11-11 10:09:00+00:00,33,1,651434,60.38,60.41,60.38,60.4,47,CLZ5
2025-11-11 10:10:00+00:00,33,1,651434,60.4,60.42,60.4,60.4,59,CLZ5
2025-11-11 10:11:00+00:00,33,1,651434,60.4,60.41,60.39,60.4,53,CLZ5
2025-11-11 10:12:00+00:00,33,1,651434,60.39,60.41,60.39,60.41,22,CLZ5
2025-11-11 10:13:00+00:00,33,1,651434,60.41,60.42,60.4,60.4,34,CLZ5
2025-11-11 10:14:00+00:00,33,1,651434,60.4,60.4,60.37,60.39,79,CLZ5
2025-11-11 10:15:00+00:00,33,1,651434,60.39,60.39,60.32,60.32,248,CLZ5
2025-11-11 10:16:00+00:00,33,1,651434,60.33,60.34,60.32,60.32,84,CLZ5
2025-11-11 10:17:00+00:00,33,1,651434,60.33,60.33,60.3,60.3,69,CLZ5
2025-11-11 10:18:00+00:00,33,1,651434,60.3,60.3,60.27,60.27,46,CLZ5
2025-11-11 10:19:00+00:00,33,1,651434,60.26,60.3,60.25,60.28,132,CLZ5
2025-11-11 10:20:00+00:00,33,1,651434,60.28,60.28,60.24,60.24,105,CLZ5
2025-11-11 10:21:00+00:00,33,1,651434,60.24,60.25,60.19,60.2,202,CLZ5
2025-11-11 10:22:00+00:00,33,1,651434,60.21,60.24,60.2,60.24,130,CLZ5
2025-11-11 10:23:00+00:00,33,1,651434,60.24,60.27,60.23,60.25,58,CLZ5
2025-11-11 10:24:00+00:00,33,1,651434,60.25,60.27,60.25,60.27,11,CLZ5
2025-11-11 10:25:00+00:00,33,1,651434,60.26,60.26,60.24,60.26,53,CLZ5
2025-11-11 10:26:00+00:00,33,1,651434,60.27,60.3,60.27,60.29,50,CLZ5
2025-11-11 10:27:00+00:00,33,1,651434,60.3,60.3,60.29,60.3,28,CLZ5
2025-11-11 10:28:00+00:00,33,1,651434,60.29,60.31,60.29,60.31,9,CLZ5
2025-11-11 10:29:00+00:00,33,1,651434,60.31,60.33,60.29,60.31,97,CLZ5
2025-11-11 10:30:00+00:00,33,1,651434,60.32,60.33,60.27,60.27,102,CLZ5
2025-11-11 10:31:00+00:00,33,1,651434,60.27,60.3,60.27,60.3,37,CLZ5
2025-11-11 10:32:00+00:00,33,1,651434,60.3,60.3,60.3,60.3,7,CLZ5
2025-11-11 10:33:00+00:00,33,1,651434,60.3,60.31,60.3,60.31,62,CLZ5
2025-11-11 10:34:00+00:00,33,1,651434,60.3,60.31,60.3,60.31,30,CLZ5
2025-11-11 10:35:00+00:00,33,1,651434,60.31,60.31,60.3,60.3,24,CLZ5
2025-11-11 10:36:00+00:00,33,1,651434,60.3,60.31,60.29,60.3,19,CLZ5
2025-11-11 10:37:00+00:00,33,1,651434,60.3,60.33,60.29,60.33,62,CLZ5
2025-11-11 10:38:00+00:00,33,1,651434,60.33,60.34,60.32,60.34,55,CLZ5
2025-11-11 10:39:00+00:00,33,1,651434,60.34,60.36,60.33,60.36,70,CLZ5
2025-11-11 10:40:00+00:00,33,1,651434,60.36,60.39,60.36,60.38,55,CLZ5
2025-11-11 10:41:00+00:00,33,1,651434,60.38,60.41,60.37,60.41,49,CLZ5
2025-11-11 10:42:00+00:00,33,1,651434,60.4,60.41,60.39,60.4,50,CLZ5
2025-11-11 10:43:00+00:00,33,1,651434,60.4,60.4,60.4,60.4,29,CLZ5
2025-11-11 10:44:00+00:00,33,1,651434,60.4,60.41,60.35,60.35,181,CLZ5
2025-11-11 10:45:00+00:00,33,1,651434,60.34,60.35,60.32,60.33,113,CLZ5
2025-11-11 10:46:00+00:00,33,1,651434,60.32,60.32,60.3,60.32,47,CLZ5
2025-11-11 10:47:00+00:00,33,1,651434,60.32,60.32,60.29,60.29,61,CLZ5
2025-11-11 10:48:00+00:00,33,1,651434,60.29,60.31,60.28,60.29,37,CLZ5
2025-11-11 10:49:00+00:00,33,1,651434,60.28,60.3,60.28,60.3,11,CLZ5
2025-11-11 10:50:00+00:00,33,1,651434,60.3,60.3,60.28,60.3,43,CLZ5
2025-11-11 10:51:00+00:00,33,1,651434,60.3,60.33,60.29,60.33,42,CLZ5
2025-11-11 10:52:00+00:00,33,1,651434,60.34,60.34,60.33,60.34,19,CLZ5
2025-11-11 10:53:00+00:00,33,1,651434,60.34,60.34,60.3,60.31,94,CLZ5
2025-11-11 10:54:00+00:00,33,1,651434,60.31,60.35,60.31,60.33,66,CLZ5
2025-11-11 10:55:00+00:00,33,1,651434,60.33,60.34,60.33,60.34,26,CLZ5
2025-11-11 10:56:00+00:00,33,1,651434,60.34,60.34,60.33,60.33,30,CLZ5
2025-11-11 10:57:00+00:00,33,1,651434,60.34,60.35,60.34,60.34,20,CLZ5
2025-11-11 10:58:00+00:00,33,1,651434,60.35,60.35,60.34,60.34,28,CLZ5
2025-11-11 10:59:00+00:00,33,1,651434,60.33,60.35,60.33,60.35,76,CLZ5
2025-11-11 11:00:00+00:00,33,1,651434,60.34,60.35,60.31,60.31,51,CLZ5
2025-11-11 11:01:00+00:00,33,1,651434,60.31,60.31,60.26,60.27,82,CLZ5
2025-11-11 11:02:00+00:00,33,1,651434,60.27,60.29,60.27,60.28,34,CLZ5
2025-11-11 11:03:00+00:00,33,1,651434,60.28,60.28,60.26,60.27,54,CLZ5
2025-11-11 11:04:00+00:00,33,1,651434,60.27,60.29,60.26,60.29,20,CLZ5
2025-11-11 11:05:00+00:00,33,1,651434,60.28,60.28,60.28,60.28,9,CLZ5
2025-11-11 11:06:00+00:00,33,1,651434,60.28,60.3,60.28,60.29,36,CLZ5
2025-11-11 11:07:00+00:00,33,1,651434,60.3,60.3,60.28,60.28,14,CLZ5
2025-11-11 11:08:00+00:00,33,1,651434,60.28,60.29,60.28,60.29,9,CLZ5
2025-11-11 11:09:00+00:00,33,1,651434,60.29,60.3,60.28,60.3,16,CLZ5
2025-11-11 11:10:00+00:00,33,1,651434,60.3,60.32,60.29,60.32,46,CLZ5
2025-11-11 11:11:00+00:00,33,1,651434,60.32,60.33,60.32,60.32,17,CLZ5
2025-11-11 11:12:00+00:00,33,1,651434,60.33,60.34,60.33,60.34,56,CLZ5
2025-11-11 11:13:00+00:00,33,1,651434,60.35,60.39,60.35,60.38,152,CLZ5
2025-11-11 11:14:00+00:00,33,1,651434,60.38,60.4,60.38,60.38,88,CLZ5
2025-11-11 11:15:00+00:00,33,1,651434,60.38,60.38,60.35,60.37,40,CLZ5
2025-11-11 11:16:00+00:00,33,1,651434,60.38,60.38,60.36,60.37,42,CLZ5
2025-11-11 11:17:00+00:00,33,1,651434,60.37,60.38,60.36,60.38,44,CLZ5
2025-11-11 11:18:00+00:00,33,1,651434,60.38,60.38,60.38,60.38,5,CLZ5
2025-11-11 11:19:00+00:00,33,1,651434,60.38,60.38,60.36,60.38,40,CLZ5
2025-11-11 11:20:00+00:00,33,1,651434,60.38,60.39,60.36,60.36,71,CLZ5
2025-11-11 11:21:00+00:00,33,1,651434,60.37,60.38,60.36,60.38,60,CLZ5
2025-11-11 11:22:00+00:00,33,1,651434,60.39,60.42,60.39,60.41,100,CLZ5
2025-11-11 11:23:00+00:00,33,1,651434,60.41,60.44,60.41,60.42,200,CLZ5
2025-11-11 11:24:00+00:00,33,1,651434,60.41,60.42,60.4,60.41,83,CLZ5
2025-11-11 11:25:00+00:00,33,1,651434,60.41,60.42,60.4,60.41,28,CLZ5
2025-11-11 11:26:00+00:00,33,1,651434,60.41,60.42,60.4,60.42,72,CLZ5
2025-11-11 11:27:00+00:00,33,1,651434,60.42,60.43,60.42,60.42,43,CLZ5
2025-11-11 11:28:00+00:00,33,1,651434,60.43,60.43,60.41,60.42,66,CLZ5
2025-11-11 11:29:00+00:00,33,1,651434,60.43,60.43,60.41,60.42,58,CLZ5
2025-11-11 11:30:00+00:00,33,1,651434,60.42,60.46,60.4,60.4,171,CLZ5
2025-11-11 11:31:00+00:00,33,1,651434,60.41,60.43,60.41,60.43,42,CLZ5
2025-11-11 11:32:00+00:00,33,1,651434,60.44,60.46,60.43,60.46,22,CLZ5
2025-11-11 11:33:00+00:00,33,1,651434,60.46,60.46,60.42,60.42,98,CLZ5
2025-11-11 11:34:00+00:00,33,1,651434,60.42,60.43,60.42,60.43,51,CLZ5
2025-11-11 11:35:00+00:00,33,1,651434,60.43,60.46,60.43,60.45,85,CLZ5
2025-11-11 11:36:00+00:00,33,1,651434,60.45,60.45,60.44,60.44,30,CLZ5
2025-11-11 11:37:00+00:00,33,1,651434,60.44,60.48,60.44,60.48,103,CLZ5
2025-11-11 11:38:00+00:00,33,1,651434,60.47,60.48,60.47,60.48,32,CLZ5
2025-11-11 11:39:00+00:00,33,1,651434,60.47,60.49,60.47,60.48,103,CLZ5
2025-11-11 11:40:00+00:00,33,1,651434,60.48,60.51,60.48,60.49,161,CLZ5
2025-11-11 11:41:00+00:00,33,1,651434,60.5,60.51,60.49,60.49,80,CLZ5
2025-11-11 11:42:00+00:00,33,1,651434,60.49,60.5,60.49,60.5,34,CLZ5
2025-11-11 11:43:00+00:00,33,1,651434,60.49,60.5,60.49,60.49,9,CLZ5
2025-11-11 11:44:00+00:00,33,1,651434,60.49,60.51,60.48,60.51,116,CLZ5
2025-11-11 11:45:00+00:00,33,1,651434,60.51,60.55,60.5,60.55,356,CLZ5
2025-11-11 11:46:00+00:00,33,1,651434,60.55,60.56,60.52,60.52,110,CLZ5
2025-11-11 11:47:00+00:00,33,1,651434,60.53,60.53,60.5,60.52,47,CLZ5
2025-11-11 11:48:00+00:00,33,1,651434,60.52,60.55,60.51,60.55,96,CLZ5
2025-11-11 11:49:00+00:00,33,1,651434,60.55,60.56,60.55,60.56,52,CLZ5
2025-11-11 11:50:00+00:00,33,1,651434,60.56,60.57,60.55,60.56,140,CLZ5
2025-11-11 11:51:00+00:00,33,1,651434,60.56,60.57,60.55,60.55,38,CLZ5
2025-11-11 11:52:00+00:00,33,1,651434,60.55,60.57,60.54,60.56,138,CLZ5
2025-11-11 11:53:00+00:00,33,1,651434,60.57,60.58,60.56,60.56,123,CLZ5
2025-11-11 11:54:00+00:00,33,1,651434,60.56,60.58,60.54,60.57,88,CLZ5
2025-11-11 11:55:00+00:00,33,1,651434,60.58,60.58,60.56,60.57,77,CLZ5
2025-11-11 11:56:00+00:00,33,1,651434,60.56,60.57,60.55,60.55,57,CLZ5
2025-11-11 11:57:00+00:00,33,1,651434,60.55,60.56,60.54,60.55,25,CLZ5
2025-11-11 11:58:00+00:00,33,1,651434,60.56,60.56,60.54,60.55,38,CLZ5
2025-11-11 11:59:00+00:00,33,1,651434,60.55,60.58,60.55,60.57,73,CLZ5
2025-11-11 12:00:00+00:00,33,1,651434,60.57,60.57,60.55,60.55,110,CLZ5
2025-11-11 12:01:00+00:00,33,1,651434,60.55,60.55,60.53,60.54,67,CLZ5
2025-11-11 12:02:00+00:00,33,1,651434,60.55,60.56,60.54,60.55,49,CLZ5
2025-11-11 12:03:00+00:00,33,1,651434,60.55,60.55,60.54,60.54,84,CLZ5
2025-11-11 12:04:00+00:00,33,1,651434,60.53,60.54,60.49,60.51,196,CLZ5
2025-11-11 12:05:00+00:00,33,1,651434,60.5,60.51,60.46,60.48,256,CLZ5
2025-11-11 12:06:00+00:00,33,1,651434,60.48,60.5,60.48,60.49,77,CLZ5
2025-11-11 12:07:00+00:00,33,1,651434,60.49,60.5,60.48,60.49,46,CLZ5
2025-11-11 12:08:00+00:00,33,1,651434,60.49,60.49,60.46,60.46,79,CLZ5
2025-11-11 12:09:00+00:00,33,1,651434,60.47,60.47,60.41,60.43,79,CLZ5
2025-11-11 12:10:00+00:00,33,1,651434,60.43,60.44,60.42,60.44,55,CLZ5
2025-11-11 12:11:00+00:00,33,1,651434,60.44,60.46,60.43,60.44,37,CLZ5
2025-11-11 12:12:00+00:00,33,1,651434,60.44,60.48,60.44,60.47,93,CLZ5
2025-11-11 12:13:00+00:00,33,1,651434,60.47,60.47,60.46,60.46,17,CLZ5
2025-11-11 12:14:00+00:00,33,1,651434,60.47,60.47,60.46,60.46,65,CLZ5
2025-11-11 12:15:00+00:00,33,1,651434,60.46,60.47,60.45,60.47,40,CLZ5
2025-11-11 12:16:00+00:00,33,1,651434,60.47,60.48,60.46,60.48,53,CLZ5
2025-11-11 12:17:00+00:00,33,1,651434,60.49,60.49,60.46,60.47,34,CLZ5
2025-11-11 12:18:00+00:00,33,1,651434,60.47,60.49,60.47,60.49,34,CLZ5
2025-11-11 12:19:00+00:00,33,1,651434,60.49,60.5,60.48,60.5,50,CLZ5
2025-11-11 12:20:00+00:00,33,1,651434,60.5,60.51,60.49,60.51,48,CLZ5
2025-11-11 12:21:00+00:00,33,1,651434,60.51,60.52,60.5,60.5,55,CLZ5
2025-11-11 12:22:00+00:00,33,1,651434,60.5,60.5,60.49,60.49,19,CLZ5
2025-11-11 12:23:00+00:00,33,1,651434,60.49,60.5,60.47,60.48,71,CLZ5
2025-11-11 12:24:00+00:00,33,1,651434,60.48,60.52,60.48,60.49,146,CLZ5
2025-11-11 12:25:00+00:00,33,1,651434,60.5,60.5,60.49,60.49,12,CLZ5
2025-11-11 12:26:00+00:00,33,1,651434,60.49,60.52,60.49,60.51,77,CLZ5
2025-11-11 12:27:00+00:00,33,1,651434,60.51,60.51,60.48,60.48,76,CLZ5
2025-11-11 12:28:00+00:00,33,1,651434,60.48,60.49,60.47,60.47,27,CLZ5
2025-11-11 12:29:00+00:00,33,1,651434,60.47,60.48,60.42,60.45,159,CLZ5
2025-11-11 12:30:00+00:00,33,1,651434,60.44,60.47,60.43,60.45,102,CLZ5
2025-11-11 12:31:00+00:00,33,1,651434,60.45,60.48,60.45,60.46,62,CLZ5
2025-11-11 12:32:00+00:00,33,1,651434,60.48,60.48,60.45,60.46,21,CLZ5
2025-11-11 12:33:00+00:00,33,1,651434,60.46,60.46,60.44,60.45,40,CLZ5
2025-11-11 12:34:00+00:00,33,1,651434,60.45,60.46,60.43,60.43,65,CLZ5
2025-11-11 12:35:00+00:00,33,1,651434,60.43,60.47,60.43,60.45,146,CLZ5
2025-11-11 12:36:00+00:00,33,1,651434,60.45,60.47,60.45,60.46,27,CLZ5
2025-11-11 12:37:00+00:00,33,1,651434,60.46,60.46,60.44,60.44,86,CLZ5
2025-11-11 12:38:00+00:00,33,1,651434,60.43,60.45,60.43,60.44,42,CLZ5
2025-11-11 12:39:00+00:00,33,1,651434,60.44,60.45,60.44,60.45,21,CLZ5
2025-11-11 12:40:00+00:00,33,1,651434,60.45,60.48,60.45,60.48,87,CLZ5
2025-11-11 12:41:00+00:00,33,1,651434,60.48,60.48,60.47,60.47,23,CLZ5
2025-11-11 12:42:00+00:00,33,1,651434,60.47,60.49,60.47,60.47,25,CLZ5
2025-11-11 12:43:00+00:00,33,1,651434,60.47,60.47,60.47,60.47,17,CLZ5
2025-11-11 12:44:00+00:00,33,1,651434,60.47,60.49,60.46,60.49,78,CLZ5
2025-11-11 12:45:00+00:00,33,1,651434,60.49,60.5,60.48,60.49,53,CLZ5
2025-11-11 12:46:00+00:00,33,1,651434,60.5,60.51,60.49,60.5,34,CLZ5
2025-11-11 12:47:00+00:00,33,1,651434,60.51,60.51,60.51,60.51,27,CLZ5
2025-11-11 12:48:00+00:00,33,1,651434,60.51,60.51,60.47,60.48,41,CLZ5
2025-11-11 12:49:00+00:00,33,1,651434,60.49,60.5,60.48,60.5,42,CLZ5
2025-11-11 12:50:00+00:00,33,1,651434,60.5,60.5,60.47,60.49,46,CLZ5
2025-11-11 12:51:00+00:00,33,1,651434,60.49,60.5,60.49,60.49,14,CLZ5
2025-11-11 12:52:00+00:00,33,1,651434,60.49,60.49,60.46,60.47,67,CLZ5
2025-11-11 12:53:00+00:00,33,1,651434,60.47,60.47,60.45,60.45,55,CLZ5
2025-11-11 12:54:00+00:00,33,1,651434,60.46,60.46,60.45,60.46,16,CLZ5
2025-11-11 12:55:00+00:00,33,1,651434,60.46,60.46,60.43,60.45,52,CLZ5
2025-11-11 12:56:00+00:00,33,1,651434,60.45,60.48,60.45,60.46,58,CLZ5
2025-11-11 12:57:00+00:00,33,1,651434,60.46,60.47,60.46,60.47,28,CLZ5
2025-11-11 12:58:00+00:00,33,1,651434,60.47,60.48,60.45,60.45,42,CLZ5
2025-11-11 12:59:00+00:00,33,1,651434,60.46,60.47,60.44,60.44,29,CLZ5
2025-11-11 13:00:00+00:00,33,1,651434,60.44,60.44,60.37,60.43,263,CLZ5
2025-11-11 13:01:00+00:00,33,1,651434,60.43,60.48,60.42,60.46,306,CLZ5
2025-11-11 13:02:00+00:00,33,1,651434,60.47,60.5,60.46,60.5,99,CLZ5
2025-11-11 13:03:00+00:00,33,1,651434,60.51,60.52,60.47,60.48,235,CLZ5
2025-11-11 13:04:00+00:00,33,1,651434,60.49,60.53,60.48,60.51,213,CLZ5
2025-11-11 13:05:00+00:00,33,1,651434,60.52,60.52,60.49,60.5,98,CLZ5
2025-11-11 13:06:00+00:00,33,1,651434,60.49,60.51,60.48,60.48,104,CLZ5
2025-11-11 13:07:00+00:00,33,1,651434,60.47,60.49,60.44,60.45,93,CLZ5
2025-11-11 13:08:00+00:00,33,1,651434,60.45,60.48,60.45,60.47,100,CLZ5
2025-11-11 13:09:00+00:00,33,1,651434,60.47,60.51,60.47,60.51,62,CLZ5
2025-11-11 13:10:00+00:00,33,1,651434,60.52,60.57,60.51,60.56,169,CLZ5
2025-11-11 13:11:00+00:00,33,1,651434,60.57,60.58,60.54,60.55,255,CLZ5
2025-11-11 13:12:00+00:00,33,1,651434,60.55,60.56,60.53,60.54,91,CLZ5
2025-11-11 13:13:00+00:00,33,1,651434,60.54,60.54,60.49,60.5,98,CLZ5
2025-11-11 13:14:00+00:00,33,1,651434,60.51,60.54,60.51,60.54,47,CLZ5
2025-11-11 13:15:00+00:00,33,1,651434,60.55,60.57,60.54,60.56,79,CLZ5
2025-11-11 13:16:00+00:00,33,1,651434,60.55,60.56,60.55,60.55,17,CLZ5
2025-11-11 13:17:00+00:00,33,1,651434,60.55,60.57,60.55,60.56,34,CLZ5
2025-11-11 13:18:00+00:00,33,1,651434,60.56,60.59,60.55,60.58,167,CLZ5
2025-11-11 13:19:00+00:00,33,1,651434,60.58,60.66,60.58,60.64,1035,CLZ5
2025-11-11 13:20:00+00:00,33,1,651434,60.63,60.65,60.62,60.64,210,CLZ5
2025-11-11 13:21:00+00:00,33,1,651434,60.64,60.65,60.59,60.59,110,CLZ5
2025-11-11 13:22:00+00:00,33,1,651434,60.6,60.62,60.6,60.61,87,CLZ5
2025-11-11 13:23:00+00:00,33,1,651434,60.61,60.65,60.61,60.64,192,CLZ5
2025-11-11 13:24:00+00:00,33,1,651434,60.64,60.66,60.63,60.63,73,CLZ5
2025-11-11 13:25:00+00:00,33,1,651434,60.63,60.64,60.62,60.64,95,CLZ5
2025-11-11 13:26:00+00:00,33,1,651434,60.64,60.64,60.62,60.63,148,CLZ5
2025-11-11 13:27:00+00:00,33,1,651434,60.63,60.63,60.58,60.59,115,CLZ5
2025-11-11 13:28:00+00:00,33,1,651434,60.59,60.61,60.59,60.61,176,CLZ5
2025-11-11 13:29:00+00:00,33,1,651434,60.6,60.67,60.6,60.66,339,CLZ5
2025-11-11 13:30:00+00:00,33,1,651434,60.66,60.7,60.66,60.7,299,CLZ5
2025-11-11 13:31:00+00:00,33,1,651434,60.7,60.75,60.69,60.74,322,CLZ5
2025-11-11 13:32:00+00:00,33,1,651434,60.74,60.76,60.74,60.76,266,CLZ5
2025-11-11 13:33:00+00:00,33,1,651434,60.76,60.78,60.74,60.75,361,CLZ5
2025-11-11 13:34:00+00:00,33,1,651434,60.74,60.75,60.7,60.72,237,CLZ5
2025-11-11 13:35:00+00:00,33,1,651434,60.72,60.74,60.72,60.73,183,CLZ5
2025-11-11 13:36:00+00:00,33,1,651434,60.72,60.74,60.71,60.72,83,CLZ5
2025-11-11 13:37:00+00:00,33,1,651434,60.72,60.72,60.68,60.69,186,CLZ5
2025-11-11 13:38:00+00:00,33,1,651434,60.68,60.7,60.65,60.66,177,CLZ5
2025-11-11 13:39:00+00:00,33,1,651434,60.66,60.68,60.65,60.67,138,CLZ5
2025-11-11 13:40:00+00:00,33,1,651434,60.67,60.69,60.67,60.67,99,CLZ5
2025-11-11 13:41:00+00:00,33,1,651434,60.67,60.68,60.65,60.66,209,CLZ5
2025-11-11 13:42:00+00:00,33,1,651434,60.66,60.68,60.65,60.68,192,CLZ5
2025-11-11 13:43:00+00:00,33,1,651434,60.67,60.68,60.67,60.68,79,CLZ5
2025-11-11 13:44:00+00:00,33,1,651434,60.68,60.68,60.65,60.67,159,CLZ5
2025-11-11 13:45:00+00:00,33,1,651434,60.67,60.7,60.67,60.69,117,CLZ5
2025-11-11 13:46:00+00:00,33,1,651434,60.69,60.7,60.67,60.69,144,CLZ5
2025-11-11 13:47:00+00:00,33,1,651434,60.7,60.71,60.69,60.71,135,CLZ5
2025-11-11 13:48:00+00:00,33,1,651434,60.72,60.75,60.72,60.73,288,CLZ5
2025-11-11 13:49:00+00:00,33,1,651434,60.73,60.73,60.68,60.68,102,CLZ5
2025-11-11 13:50:00+00:00,33,1,651434,60.69,60.73,60.69,60.73,204,CLZ5
2025-11-11 13:51:00+00:00,33,1,651434,60.73,60.73,60.68,60.68,195,CLZ5
2025-11-11 13:52:00+00:00,33,1,651434,60.69,60.7,60.68,60.7,75,CLZ5
2025-11-11 13:53:00+00:00,33,1,651434,60.7,60.76,60.69,60.75,358,CLZ5
2025-11-11 13:54:00+00:00,33,1,651434,60.75,60.81,60.75,60.78,375,CLZ5
2025-11-11 13:55:00+00:00,33,1,651434,60.78,60.78,60.75,60.77,142,CLZ5
2025-11-11 13:56:00+00:00,33,1,651434,60.77,60.77,60.75,60.75,300,CLZ5
2025-11-11 13:57:00+00:00,33,1,651434,60.76,60.79,60.75,60.78,145,CLZ5
2025-11-11 13:58:00+00:00,33,1,651434,60.77,60.79,60.76,60.78,190,CLZ5
2025-11-11 13:59:00+00:00,33,1,651434,60.78,60.79,60.77,60.77,188,CLZ5
2025-11-11 14:00:00+00:00,33,1,651434,60.77,60.79,60.75,60.77,439,CLZ5
2025-11-11 14:01:00+00:00,33,1,651434,60.77,60.83,60.77,60.82,447,CLZ5
2025-11-11 14:02:00+00:00,33,1,651434,60.82,60.85,60.82,60.82,317,CLZ5
2025-11-11 14:03:00+00:00,33,1,651434,60.83,60.85,60.83,60.83,317,CLZ5
2025-11-11 14:04:00+00:00,33,1,651434,60.83,60.85,60.8,60.8,318,CLZ5
2025-11-11 14:05:00+00:00,33,1,651434,60.8,60.8,60.7,60.71,494,CLZ5
2025-11-11 14:06:00+00:00,33,1,651434,60.71,60.74,60.7,60.73,261,CLZ5
2025-11-11 14:07:00+00:00,33,1,651434,60.74,60.77,60.74,60.75,186,CLZ5
2025-11-11 14:08:00+00:00,33,1,651434,60.74,60.77,60.74,60.76,110,CLZ5
2025-11-11 14:09:00+00:00,33,1,651434,60.77,60.79,60.75,60.75,258,CLZ5
2025-11-11 14:10:00+00:00,33,1,651434,60.76,60.77,60.73,60.73,219,CLZ5
2025-11-11 14:11:00+00:00,33,1,651434,60.72,60.75,60.72,60.73,346,CLZ5
2025-11-11 14:12:00+00:00,33,1,651434,60.73,60.75,60.69,60.69,451,CLZ5
2025-11-11 14:13:00+00:00,33,1,651434,60.68,60.72,60.68,60.68,499,CLZ5
2025-11-11 14:14:00+00:00,33,1,651434,60.68,60.7,60.68,60.7,407,CLZ5
2025-11-11 14:15:00+00:00,33,1,651434,60.7,60.72,60.68,60.69,250,CLZ5
2025-11-11 14:16:00+00:00,33,1,651434,60.69,60.7,60.53,60.63,1359,CLZ5
2025-11-11 14:17:00+00:00,33,1,651434,60.63,60.7,60.61,60.67,554,CLZ5
2025-11-11 14:18:00+00:00,33,1,651434,60.68,60.75,60.68,60.74,363,CLZ5
2025-11-11 14:19:00+00:00,33,1,651434,60.74,60.78,60.73,60.76,309,CLZ5
2025-11-11 14:20:00+00:00,33,1,651434,60.77,60.82,60.77,60.82,455,CLZ5
2025-11-11 14:21:00+00:00,33,1,651434,60.82,60.83,60.79,60.83,486,CLZ5
2025-11-11 14:22:00+00:00,33,1,651434,60.83,60.9,60.79,60.79,922,CLZ5
2025-11-11 14:23:00+00:00,33,1,651434,60.8,60.87,60.79,60.84,343,CLZ5
2025-11-11 14:24:00+00:00,33,1,651434,60.84,60.86,60.83,60.84,200,CLZ5
2025-11-11 14:25:00+00:00,33,1,651434,60.84,60.85,60.81,60.82,237,CLZ5
2025-11-11 14:26:00+00:00,33,1,651434,60.82,60.83,60.76,60.78,274,CLZ5
2025-11-11 14:27:00+00:00,33,1,651434,60.78,60.79,60.76,60.76,151,CLZ5
2025-11-11 14:28:00+00:00,33,1,651434,60.76,60.77,60.73,60.73,127,CLZ5
2025-11-11 14:29:00+00:00,33,1,651434,60.74,60.76,60.72,60.75,151,CLZ5
2025-11-11 14:30:00+00:00,33,1,651434,60.75,60.84,60.75,60.82,549,CLZ5
2025-11-11 14:31:00+00:00,33,1,651434,60.82,60.83,60.79,60.8,313,CLZ5
2025-11-11 14:32:00+00:00,33,1,651434,60.79,60.83,60.79,60.81,315,CLZ5
2025-11-11 14:33:00+00:00,33,1,651434,60.81,60.82,60.8,60.81,98,CLZ5
2025-11-11 14:34:00+00:00,33,1,651434,60.8,60.82,60.8,60.8,134,CLZ5
2025-11-11 14:35:00+00:00,33,1,651434,60.79,60.8,60.77,60.77,180,CLZ5
2025-11-11 14:36:00+00:00,33,1,651434,60.77,60.78,60.73,60.75,150,CLZ5
2025-11-11 14:37:00+00:00,33,1,651434,60.76,60.78,60.74,60.75,68,CLZ5
2025-11-11 14:38:00+00:00,33,1,651434,60.76,60.8,60.76,60.78,293,CLZ5
2025-11-11 14:39:00+00:00,33,1,651434,60.77,60.8,60.76,60.76,355,CLZ5
2025-11-11 14:40:00+00:00,33,1,651434,60.77,60.79,60.74,60.77,216,CLZ5
2025-11-11 14:41:00+00:00,33,1,651434,60.77,60.79,60.76,60.78,207,CLZ5
2025-11-11 14:42:00+00:00,33,1,651434,60.78,60.79,60.76,60.78,105,CLZ5
2025-11-11 14:43:00+00:00,33,1,651434,60.78,60.83,60.78,60.83,181,CLZ5
2025-11-11 14:44:00+00:00,33,1,651434,60.83,60.84,60.8,60.8,150,CLZ5
2025-11-11 14:45:00+00:00,33,1,651434,60.79,60.84,60.78,60.84,191,CLZ5
2025-11-11 14:46:00+00:00,33,1,651434,60.83,60.9,60.83,60.88,432,CLZ5
2025-11-11 14:47:00+00:00,33,1,651434,60.89,60.91,60.88,60.9,296,CLZ5
2025-11-11 14:48:00+00:00,33,1,651434,60.9,60.96,60.9,60.95,370,CLZ5
2025-11-11 14:49:00+00:00,33,1,651434,60.95,60.96,60.93,60.94,360,CLZ5
2025-11-11 14:50:00+00:00,33,1,651434,60.94,60.98,60.91,60.94,578,CLZ5
2025-11-11 14:51:00+00:00,33,1,651434,60.95,60.97,60.95,60.96,125,CLZ5
2025-11-11 14:52:00+00:00,33,1,651434,60.96,60.97,60.91,60.93,419,CLZ5
2025-11-11 14:53:00+00:00,33,1,651434,60.93,60.96,60.91,60.93,689,CLZ5
2025-11-11 14:54:00+00:00,33,1,651434,60.94,60.95,60.9,60.94,326,CLZ5
2025-11-11 14:55:00+00:00,33,1,651434,60.93,61.0,60.92,60.99,638,CLZ5
2025-11-11 14:56:00+00:00,33,1,651434,60.98,61.02,60.98,61.0,800,CLZ5
2025-11-11 14:57:00+00:00,33,1,651434,61.0,61.02,60.98,61.0,226,CLZ5
2025-11-11 14:58:00+00:00,33,1,651434,61.0,61.02,61.0,61.01,82,CLZ5
2025-11-11 14:59:00+00:00,33,1,651434,61.02,61.04,60.99,61.01,532,CLZ5
2025-11-11 15:00:00+00:00,33,1,651434,61.0,61.0,60.97,60.98,352,CLZ5
2025-11-11 15:01:00+00:00,33,1,651434,60.99,61.02,60.98,60.98,238,CLZ5
2025-11-11 15:02:00+00:00,33,1,651434,60.98,60.99,60.94,60.97,387,CLZ5
2025-11-11 15:03:00+00:00,33,1,651434,60.97,61.0,60.96,60.96,140,CLZ5
2025-11-11 15:04:00+00:00,33,1,651434,60.96,60.98,60.9,60.91,554,CLZ5
2025-11-11 15:05:00+00:00,33,1,651434,60.92,60.94,60.9,60.94,264,CLZ5
2025-11-11 15:06:00+00:00,33,1,651434,60.93,60.97,60.9,60.91,212,CLZ5
2025-11-11 15:07:00+00:00,33,1,651434,60.91,60.94,60.9,60.94,132,CLZ5
2025-11-11 15:08:00+00:00,33,1,651434,60.94,60.95,60.92,60.94,140,CLZ5
2025-11-11 15:09:00+00:00,33,1,651434,60.94,60.95,60.91,60.95,370,CLZ5
2025-11-11 15:10:00+00:00,33,1,651434,60.95,60.96,60.94,60.95,143,CLZ5
2025-11-11 15:11:00+00:00,33,1,651434,60.96,60.97,60.94,60.97,206,CLZ5
2025-11-11 15:12:00+00:00,33,1,651434,60.97,61.0,60.96,61.0,122,CLZ5
2025-11-11 15:13:00+00:00,33,1,651434,61.0,61.0,60.97,60.98,139,CLZ5
2025-11-11 15:14:00+00:00,33,1,651434,60.98,61.0,60.97,60.98,150,CLZ5
2025-11-11 15:15:00+00:00,33,1,651434,60.98,60.99,60.94,60.94,233,CLZ5
2025-11-11 15:16:00+00:00,33,1,651434,60.95,60.96,60.92,60.92,146,CLZ5
2025-11-11 15:17:00+00:00,33,1,651434,60.92,60.92,60.84,60.86,468,CLZ5
2025-11-11 15:18:00+00:00,33,1,651434,60.86,60.88,60.83,60.84,360,CLZ5
2025-11-11 15:19:00+00:00,33,1,651434,60.84,60.87,60.83,60.86,157,CLZ5
2025-11-11 15:20:00+00:00,33,1,651434,60.86,60.87,60.83,60.83,397,CLZ5
2025-11-11 15:21:00+00:00,33,1,651434,60.83,60.87,60.83,60.87,126,CLZ5
2025-11-11 15:22:00+00:00,33,1,651434,60.88,60.9,60.87,60.9,116,CLZ5
2025-11-11 15:23:00+00:00,33,1,651434,60.9,60.92,60.89,60.91,172,CLZ5
2025-11-11 15:24:00+00:00,33,1,651434,60.91,60.94,60.9,60.9,127,CLZ5
2025-11-11 15:25:00+00:00,33,1,651434,60.9,60.94,60.9,60.93,103,CLZ5
2025-11-11 15:26:00+00:00,33,1,651434,60.93,60.93,60.88,60.89,334,CLZ5
2025-11-11 15:27:00+00:00,33,1,651434,60.9,60.94,60.9,60.92,76,CLZ5
2025-11-11 15:28:00+00:00,33,1,651434,60.92,60.92,60.89,60.92,71,CLZ5
2025-11-11 15:29:00+00:00,33,1,651434,60.92,60.93,60.89,60.9,178,CLZ5
2025-11-11 15:30:00+00:00,33,1,651434,60.89,60.93,60.89,60.92,77,CLZ5
2025-11-11 15:31:00+00:00,33,1,651434,60.91,60.93,60.91,60.92,90,CLZ5
2025-11-11 15:32:00+00:00,33,1,651434,60.93,60.94,60.91,60.91,122,CLZ5
2025-11-11 15:33:00+00:00,33,1,651434,60.92,60.92,60.86,60.87,328,CLZ5
2025-11-11 15:34:00+00:00,33,1,651434,60.87,60.88,60.85,60.87,190,CLZ5
2025-11-11 15:35:00+00:00,33,1,651434,60.87,60.9,60.86,60.88,100,CLZ5
2025-11-11 15:36:00+00:00,33,1,651434,60.88,60.88,60.85,60.85,98,CLZ5
2025-11-11 15:37:00+00:00,33,1,651434,60.85,60.86,60.8,60.81,320,CLZ5
2025-11-11 15:38:00+00:00,33,1,651434,60.81,60.84,60.79,60.82,466,CLZ5
2025-11-11 15:39:00+00:00,33,1,651434,60.83,60.86,60.83,60.86,163,CLZ5
2025-11-11 15:40:00+00:00,33,1,651434,60.87,60.9,60.86,60.9,169,CLZ5
2025-11-11 15:41:00+00:00,33,1,651434,60.9,60.93,60.87,60.9,310,CLZ5
2025-11-11 15:42:00+00:00,33,1,651434,60.9,60.9,60.86,60.86,59,CLZ5
2025-11-11 15:43:00+00:00,33,1,651434,60.85,60.89,60.85,60.87,170,CLZ5
2025-11-11 15:44:00+00:00,33,1,651434,60.88,60.92,60.87,60.92,131,CLZ5
2025-11-11 15:45:00+00:00,33,1,651434,60.92,60.95,60.92,60.93,218,CLZ5
2025-11-11 15:46:00+00:00,33,1,651434,60.93,60.94,60.88,60.9,150,CLZ5
2025-11-11 15:47:00+00:00,33,1,651434,60.9,60.91,60.88,60.89,101,CLZ5
2025-11-11 15:48:00+00:00,33,1,651434,60.89,60.94,60.89,60.94,142,CLZ5
2025-11-11 15:49:00+00:00,33,1,651434,60.94,60.94,60.93,60.93,52,CLZ5
2025-11-11 15:50:00+00:00,33,1,651434,60.92,60.93,60.9,60.92,97,CLZ5
2025-11-11 15:51:00+00:00,33,1,651434,60.92,60.93,60.91,60.92,106,CLZ5
2025-11-11 15:52:00+00:00,33,1,651434,60.92,60.93,60.92,60.92,57,CLZ5
2025-11-11 15:53:00+00:00,33,1,651434,60.93,60.93,60.92,60.93,71,CLZ5
2025-11-11 15:54:00+00:00,33,1,651434,60.94,60.98,60.93,60.94,355,CLZ5
2025-11-11 15:55:00+00:00,33,1,651434,60.94,60.96,60.94,60.96,116,CLZ5
2025-11-11 15:56:00+00:00,33,1,651434,60.96,60.96,60.94,60.96,140,CLZ5
2025-11-11 15:57:00+00:00,33,1,651434,60.96,60.97,60.95,60.97,114,CLZ5
2025-11-11 15:58:00+00:00,33,1,651434,60.96,61.01,60.95,60.98,302,CLZ5
2025-11-11 15:59:00+00:00,33,1,651434,60.99,61.0,60.97,60.97,124,CLZ5
2025-11-11 16:00:00+00:00,33,1,651434,60.97,60.99,60.94,60.95,157,CLZ5
2025-11-11 16:01:00+00:00,33,1,651434,60.96,60.97,60.93,60.95,130,CLZ5
2025-11-11 16:02:00+00:00,33,1,651434,60.95,60.97,60.94,60.97,73,CLZ5
2025-11-11 16:03:00+00:00,33,1,651434,60.97,60.99,60.97,60.99,73,CLZ5
2025-11-11 16:04:00+00:00,33,1,651434,60.99,61.04,60.98,61.02,220,CLZ5
2025-11-11 16:05:00+00:00,33,1,651434,61.03,61.04,60.98,60.99,175,CLZ5
2025-11-11 16:06:00+00:00,33,1,651434,60.99,60.99,60.96,60.98,160,CLZ5
2025-11-11 16:07:00+00:00,33,1,651434,60.99,60.99,60.97,60.99,116,CLZ5
2025-11-11 16:08:00+00:00,33,1,651434,60.99,61.0,60.96,60.98,115,CLZ5
2025-11-11 16:09:00+00:00,33,1,651434,60.99,61.01,60.99,61.0,152,CLZ5
2025-11-11 16:10:00+00:00,33,1,651434,61.0,61.03,60.98,61.03,166,CLZ5
2025-11-11 16:11:00+00:00,33,1,651434,61.02,61.13,61.01,61.07,1401,CLZ5
2025-11-11 16:12:00+00:00,33,1,651434,61.08,61.08,60.99,60.99,372,CLZ5
2025-11-11 16:13:00+00:00,33,1,651434,61.0,61.0,60.94,60.99,311,CLZ5
2025-11-11 16:14:00+00:00,33,1,651434,60.99,61.01,60.98,61.0,136,CLZ5
2025-11-11 16:15:00+00:00,33,1,651434,61.0,61.05,60.99,61.04,369,CLZ5
2025-11-11 16:16:00+00:00,33,1,651434,61.04,61.08,61.04,61.07,160,CLZ5
2025-11-11 16:17:00+00:00,33,1,651434,61.07,61.12,61.05,61.1,543,CLZ5
2025-11-11 16:18:00+00:00,33,1,651434,61.1,61.13,61.1,61.11,292,CLZ5
2025-11-11 16:19:00+00:00,33,1,651434,61.12,61.22,61.11,61.21,874,CLZ5
2025-11-11 16:20:00+00:00,33,1,651434,61.21,61.24,61.2,61.21,585,CLZ5
2025-11-11 16:21:00+00:00,33,1,651434,61.21,61.21,61.16,61.17,544,CLZ5
2025-11-11 16:22:00+00:00,33,1,651434,61.16,61.18,61.14,61.17,381,CLZ5
2025-11-11 16:23:00+00:00,33,1,651434,61.17,61.21,61.15,61.18,366,CLZ5
2025-11-11 16:24:00+00:00,33,1,651434,61.17,61.21,61.17,61.19,293,CLZ5
2025-11-11 16:25:00+00:00,33,1,651434,61.19,61.21,61.18,61.2,236,CLZ5
2025-11-11 16:26:00+00:00,33,1,651434,61.21,61.23,61.2,61.23,263,CLZ5
2025-11-11 16:27:00+00:00,33,1,651434,61.24,61.25,61.2,61.21,557,CLZ5
2025-11-11 16:28:00+00:00,33,1,651434,61.22,61.28,61.22,61.24,632,CLZ5
2025-11-11 16:29:00+00:00,33,1,651434,61.24,61.27,61.2,61.21,432,CLZ5
2025-11-11 16:30:00+00:00,33,1,651434,61.2,61.24,61.14,61.15,912,CLZ5
2025-11-11 16:31:00+00:00,33,1,651434,61.15,61.23,61.15,61.21,502,CLZ5
2025-11-11 16:32:00+00:00,33,1,651434,61.22,61.24,61.19,61.22,216,CLZ5
2025-11-11 16:33:00+00:00,33,1,651434,61.23,61.24,61.21,61.24,301,CLZ5
2025-11-11 16:34:00+00:00,33,1,651434,61.25,61.27,61.17,61.18,615,CLZ5
2025-11-11 16:35:00+00:00,33,1,651434,61.17,61.17,61.12,61.13,504,CLZ5
2025-11-11 16:36:00+00:00,33,1,651434,61.12,61.13,60.99,61.0,1104,CLZ5
2025-11-11 16:37:00+00:00,33,1,651434,61.0,61.07,61.0,61.06,452,CLZ5
2025-11-11 16:38:00+00:00,33,1,651434,61.06,61.15,61.06,61.14,502,CLZ5
2025-11-11 16:39:00+00:00,33,1,651434,61.13,61.14,61.11,61.11,310,CLZ5
2025-11-11 16:40:00+00:00,33,1,651434,61.11,61.14,61.01,61.02,846,CLZ5
2025-11-11 16:41:00+00:00,33,1,651434,61.01,61.07,61.01,61.06,344,CLZ5
2025-11-11 16:42:00+00:00,33,1,651434,61.07,61.08,61.03,61.04,226,CLZ5
2025-11-11 16:43:00+00:00,33,1,651434,61.03,61.06,61.02,61.05,164,CLZ5
2025-11-11 16:44:00+00:00,33,1,651434,61.06,61.07,61.05,61.06,169,CLZ5
2025-11-11 16:45:00+00:00,33,1,651434,61.06,61.06,61.03,61.05,213,CLZ5
2025-11-11 16:46:00+00:00,33,1,651434,61.06,61.07,61.04,61.05,281,CLZ5
2025-11-11 16:47:00+00:00,33,1,651434,61.05,61.05,61.02,61.04,203,CLZ5
2025-11-11 16:48:00+00:00,33,1,651434,61.04,61.12,61.04,61.12,268,CLZ5
2025-11-11 16:49:00+00:00,33,1,651434,61.13,61.18,61.12,61.18,253,CLZ5
2025-11-11 16:50:00+00:00,33,1,651434,61.18,61.19,61.15,61.17,163,CLZ5
2025-11-11 16:51:00+00:00,33,1,651434,61.16,61.19,61.15,61.19,130,CLZ5
2025-11-11 16:52:00+00:00,33,1,651434,61.19,61.19,61.17,61.19,114,CLZ5
2025-11-11 16:53:00+00:00,33,1,651434,61.18,61.2,61.18,61.18,109,CLZ5
2025-11-11 16:54:00+00:00,33,1,651434,61.18,61.18,61.15,61.16,148,CLZ5
2025-11-11 16:55:00+00:00,33,1,651434,61.16,61.17,61.14,61.15,106,CLZ5
2025-11-11 16:56:00+00:00,33,1,651434,61.15,61.17,61.12,61.16,200,CLZ5
2025-11-11 16:57:00+00:00,33,1,651434,61.16,61.16,61.14,61.14,240,CLZ5
2025-11-11 16:58:00+00:00,33,1,651434,61.14,61.15,61.13,61.14,129,CLZ5
2025-11-11 16:59:00+00:00,33,1,651434,61.14,61.15,61.1,61.1,234,CLZ5
2025-11-11 17:00:00+00:00,33,1,651434,61.1,61.13,61.09,61.1,148,CLZ5
2025-11-11 17:01:00+00:00,33,1,651434,61.1,61.11,61.07,61.07,180,CLZ5
2025-11-11 17:02:00+00:00,33,1,651434,61.07,61.11,61.03,61.06,247,CLZ5
2025-11-11 17:03:00+00:00,33,1,651434,61.06,61.09,61.05,61.09,137,CLZ5
2025-11-11 17:04:00+00:00,33,1,651434,61.1,61.11,61.07,61.08,224,CLZ5
2025-11-11 17:05:00+00:00,33,1,651434,61.08,61.09,61.08,61.09,98,CLZ5
2025-11-11 17:06:00+00:00,33,1,651434,61.09,61.1,61.07,61.07,73,CLZ5
2025-11-11 17:07:00+00:00,33,1,651434,61.08,61.1,61.05,61.08,201,CLZ5
2025-11-11 17:08:00+00:00,33,1,651434,61.09,61.11,61.09,61.11,127,CLZ5
2025-11-11 17:09:00+00:00,33,1,651434,61.11,61.19,61.11,61.15,370,CLZ5
2025-11-11 17:10:00+00:00,33,1,651434,61.14,61.16,61.12,61.13,92,CLZ5
2025-11-11 17:11:00+00:00,33,1,651434,61.14,61.18,61.13,61.18,99,CLZ5
2025-11-11 17:12:00+00:00,33,1,651434,61.17,61.17,61.14,61.16,169,CLZ5
2025-11-11 17:13:00+00:00,33,1,651434,61.17,61.2,61.17,61.19,368,CLZ5
2025-11-11 17:14:00+00:00,33,1,651434,61.19,61.19,61.17,61.17,134,CLZ5
2025-11-11 17:15:00+00:00,33,1,651434,61.17,61.19,61.16,61.16,226,CLZ5
2025-11-11 17:16:00+00:00,33,1,651434,61.16,61.16,61.12,61.14,103,CLZ5
2025-11-11 17:17:00+00:00,33,1,651434,61.13,61.15,61.12,61.15,134,CLZ5
2025-11-11 17:18:00+00:00,33,1,651434,61.14,61.14,61.11,61.12,84,CLZ5
2025-11-11 17:19:00+00:00,33,1,651434,61.12,61.15,61.1,61.14,278,CLZ5
2025-11-11 17:20:00+00:00,33,1,651434,61.13,61.15,61.12,61.13,182,CLZ5
2025-11-11 17:21:00+00:00,33,1,651434,61.14,61.17,61.14,61.16,166,CLZ5
2025-11-11 17:22:00+00:00,33,1,651434,61.16,61.18,61.14,61.15,73,CLZ5
2025-11-11 17:23:00+00:00,33,1,651434,61.15,61.16,61.15,61.15,102,CLZ5
2025-11-11 17:24:00+00:00,33,1,651434,61.16,61.16,61.15,61.15,41,CLZ5
2025-11-11 17:25:00+00:00,33,1,651434,61.14,61.17,61.14,61.16,91,CLZ5
2025-11-11 17:26:00+00:00,33,1,651434,61.16,61.16,61.12,61.12,200,CLZ5
2025-11-11 17:27:00+00:00,33,1,651434,61.12,61.12,61.1,61.12,84,CLZ5
2025-11-11 17:28:00+00:00,33,1,651434,61.12,61.13,61.12,61.13,27,CLZ5
2025-11-11 17:29:00+00:00,33,1,651434,61.13,61.15,61.13,61.13,84,CLZ5
2025-11-11 17:30:00+00:00,33,1,651434,61.13,61.15,61.11,61.12,154,CLZ5
2025-11-11 17:31:00+00:00,33,1,651434,61.12,61.12,61.07,61.09,341,CLZ5
2025-11-11 17:32:00+00:00,33,1,651434,61.09,61.11,61.07,61.09,116,CLZ5
2025-11-11 17:33:00+00:00,33,1,651434,61.09,61.09,61.05,61.05,442,CLZ5
2025-11-11 17:34:00+00:00,33,1,651434,61.06,61.07,61.05,61.07,193,CLZ5
2025-11-11 17:35:00+00:00,33,1,651434,61.07,61.07,61.0,61.01,222,CLZ5
2025-11-11 17:36:00+00:00,33,1,651434,61.02,61.04,61.01,61.04,138,CLZ5
2025-11-11 17:37:00+00:00,33,1,651434,61.04,61.04,61.0,61.02,176,CLZ5
2025-11-11 17:38:00+00:00,33,1,651434,61.02,61.02,60.97,60.99,356,CLZ5
2025-11-11 17:39:00+00:00,33,1,651434,60.99,60.99,60.97,60.98,103,CLZ5
2025-11-11 17:40:00+00:00,33,1,651434,60.98,61.01,60.98,60.98,153,CLZ5
2025-11-11 17:41:00+00:00,33,1,651434,60.99,61.02,60.99,61.0,66,CLZ5
2025-11-11 17:42:00+00:00,33,1,651434,61.01,61.03,60.99,61.0,81,CLZ5
2025-11-11 17:43:00+00:00,33,1,651434,61.0,61.01,61.0,61.01,66,CLZ5
2025-11-11 17:44:00+00:00,33,1,651434,61.01,61.02,60.99,61.02,68,CLZ5
2025-11-11 17:45:00+00:00,33,1,651434,61.0,61.01,60.94,60.95,168,CLZ5
2025-11-11 17:46:00+00:00,33,1,651434,60.95,60.95,60.89,60.91,350,CLZ5
2025-11-11 17:47:00+00:00,33,1,651434,60.92,60.94,60.9,60.93,158,CLZ5
2025-11-11 17:48:00+00:00,33,1,651434,60.94,60.99,60.94,60.98,116,CLZ5
2025-11-11 17:49:00+00:00,33,1,651434,60.98,60.98,60.95,60.96,62,CLZ5
2025-11-11 17:50:00+00:00,33,1,651434,60.96,60.97,60.93,60.94,103,CLZ5
2025-11-11 17:51:00+00:00,33,1,651434,60.94,60.98,60.94,60.97,57,CLZ5
2025-11-11 17:52:00+00:00,33,1,651434,60.97,60.98,60.94,60.98,102,CLZ5
2025-11-11 17:53:00+00:00,33,1,651434,60.98,61.02,60.98,61.01,96,CLZ5
2025-11-11 17:54:00+00:00,33,1,651434,61.01,61.02,60.97,60.99,289,CLZ5
2025-11-11 17:55:00+00:00,33,1,651434,60.99,61.02,60.99,61.0,107,CLZ5
2025-11-11 17:56:00+00:00,33,1,651434,60.99,61.01,60.99,60.99,101,CLZ5
2025-11-11 17:57:00+00:00,33,1,651434,60.99,61.0,60.98,61.0,52,CLZ5
2025-11-11 17:58:00+00:00,33,1,651434,61.0,61.0,60.98,60.99,101,CLZ5
2025-11-11 17:59:00+00:00,33,1,651434,60.99,61.0,60.98,60.99,48,CLZ5
2025-11-11 18:00:00+00:00,33,1,651434,60.98,61.02,60.98,61.02,93,CLZ5
2025-11-11 18:01:00+00:00,33,1,651434,61.02,61.05,61.02,61.04,132,CLZ5
2025-11-11 18:02:00+00:00,33,1,651434,61.03,61.04,61.01,61.04,99,CLZ5
2025-11-11 18:03:00+00:00,33,1,651434,61.05,61.08,61.02,61.07,146,CLZ5
2025-11-11 18:04:00+00:00,33,1,651434,61.07,61.08,61.06,61.07,39,CLZ5
2025-11-11 18:05:00+00:00,33,1,651434,61.06,61.07,61.06,61.06,73,CLZ5
2025-11-11 18:06:00+00:00,33,1,651434,61.06,61.06,61.06,61.06,53,CLZ5
2025-11-11 18:07:00+00:00,33,1,651434,61.05,61.06,61.03,61.03,26,CLZ5
2025-11-11 18:08:00+00:00,33,1,651434,61.04,61.07,61.04,61.07,57,CLZ5
2025-11-11 18:09:00+00:00,33,1,651434,61.08,61.09,61.07,61.07,92,CLZ5
2025-11-11 18:10:00+00:00,33,1,651434,61.07,61.09,61.06,61.06,112,CLZ5
2025-11-11 18:11:00+00:00,33,1,651434,61.05,61.06,61.01,61.02,170,CLZ5
2025-11-11 18:12:00+00:00,33,1,651434,61.03,61.06,61.02,61.05,80,CLZ5
2025-11-11 18:13:00+00:00,33,1,651434,61.06,61.06,61.03,61.04,65,CLZ5
2025-11-11 18:14:00+00:00,33,1,651434,61.04,61.04,60.99,61.0,134,CLZ5
2025-11-11 18:15:00+00:00,33,1,651434,61.01,61.01,60.98,60.98,91,CLZ5
2025-11-11 18:16:00+00:00,33,1,651434,61.0,61.0,60.99,61.0,37,CLZ5
2025-11-11 18:17:00+00:00,33,1,651434,60.99,61.0,60.95,60.96,104,CLZ5
2025-11-11 18:18:00+00:00,33,1,651434,60.96,60.98,60.95,60.98,51,CLZ5
2025-11-11 18:19:00+00:00,33,1,651434,60.98,61.0,60.98,60.99,73,CLZ5
2025-11-11 18:20:00+00:00,33,1,651434,61.0,61.0,60.98,60.98,46,CLZ5
2025-11-11 18:21:00+00:00,33,1,651434,60.99,61.0,60.98,61.0,66,CLZ5
2025-11-11 18:22:00+00:00,33,1,651434,61.01,61.01,60.99,61.01,89,CLZ5
2025-11-11 18:23:00+00:00,33,1,651434,61.01,61.01,60.99,60.99,46,CLZ5
2025-11-11 18:24:00+00:00,33,1,651434,61.0,61.0,60.97,60.99,54,CLZ5
2025-11-11 18:25:00+00:00,33,1,651434,60.99,60.99,60.96,60.96,42,CLZ5
2025-11-11 18:26:00+00:00,33,1,651434,60.97,60.98,60.96,60.98,54,CLZ5
2025-11-11 18:27:00+00:00,33,1,651434,60.99,61.01,60.97,61.0,119,CLZ5
2025-11-11 18:28:00+00:00,33,1,651434,61.0,61.02,61.0,61.01,27,CLZ5
2025-11-11 18:29:00+00:00,33,1,651434,61.01,61.02,61.0,61.0,42,CLZ5
2025-11-11 18:30:00+00:00,33,1,651434,61.01,61.03,61.0,61.02,115,CLZ5
2025-11-11 18:31:00+00:00,33,1,651434,61.03,61.04,61.02,61.04,94,CLZ5
2025-11-11 18:32:00+00:00,33,1,651434,61.05,61.06,61.03,61.04,148,CLZ5
2025-11-11 18:33:00+00:00,33,1,651434,61.05,61.06,61.04,61.04,69,CLZ5
2025-11-11 18:34:00+00:00,33,1,651434,61.04,61.04,61.01,61.02,65,CLZ5
2025-11-11 18:35:00+00:00,33,1,651434,61.03,61.03,61.02,61.02,81,CLZ5
2025-11-11 18:36:00+00:00,33,1,651434,61.01,61.01,60.97,60.98,104,CLZ5
2025-11-11 18:37:00+00:00,33,1,651434,60.99,60.99,60.95,60.98,117,CLZ5
2025-11-11 18:38:00+00:00,33,1,651434,60.98,60.99,60.97,60.98,92,CLZ5
2025-11-11 18:39:00+00:00,33,1,651434,60.97,60.99,60.96,60.99,89,CLZ5
2025-11-11 18:40:00+00:00,33,1,651434,61.0,61.02,60.97,61.0,237,CLZ5
2025-11-11 18:41:00+00:00,33,1,651434,61.0,61.0,60.97,61.0,115,CLZ5
2025-11-11 18:42:00+00:00,33,1,651434,61.0,61.0,60.99,60.99,27,CLZ5
2025-11-11 18:43:00+00:00,33,1,651434,60.98,60.99,60.97,60.98,52,CLZ5
2025-11-11 18:44:00+00:00,33,1,651434,60.98,61.0,60.95,60.96,232,CLZ5
2025-11-11 18:45:00+00:00,33,1,651434,60.97,60.98,60.96,60.96,74,CLZ5
2025-11-11 18:46:00+00:00,33,1,651434,60.95,60.96,60.93,60.94,142,CLZ5
2025-11-11 18:47:00+00:00,33,1,651434,60.95,60.97,60.95,60.96,153,CLZ5
2025-11-11 18:48:00+00:00,33,1,651434,60.95,60.95,60.94,60.94,56,CLZ5
2025-11-11 18:49:00+00:00,33,1,651434,60.94,60.96,60.94,60.95,66,CLZ5
2025-11-11 18:50:00+00:00,33,1,651434,60.95,60.97,60.94,60.96,57,CLZ5
2025-11-11 18:51:00+00:00,33,1,651434,60.97,60.97,60.93,60.94,74,CLZ5
2025-11-11 18:52:00+00:00,33,1,651434,60.93,60.95,60.93,60.93,41,CLZ5
2025-11-11 18:53:00+00:00,33,1,651434,60.94,60.94,60.92,60.92,51,CLZ5
2025-11-11 18:54:00+00:00,33,1,651434,60.93,60.97,60.93,60.96,96,CLZ5
2025-11-11 18:55:00+00:00,33,1,651434,60.97,60.99,60.96,60.96,132,CLZ5
2025-11-11 18:56:00+00:00,33,1,651434,60.96,60.98,60.96,60.98,88,CLZ5
2025-11-11 18:57:00+00:00,33,1,651434,60.97,61.0,60.97,60.98,99,CLZ5
2025-11-11 18:58:00+00:00,33,1,651434,60.98,61.04,60.98,61.02,380,CLZ5
2025-11-11 18:59:00+00:00,33,1,651434,61.02,61.03,60.98,61.0,269,CLZ5
2025-11-11 19:00:00+00:00,33,1,651434,61.0,61.0,60.94,60.95,441,CLZ5
2025-11-11 19:01:00+00:00,33,1,651434,60.96,60.98,60.95,60.96,218,CLZ5
2025-11-11 19:02:00+00:00,33,1,651434,60.97,60.98,60.96,60.97,50,CLZ5
2025-11-11 19:03:00+00:00,33,1,651434,60.97,61.0,60.97,60.99,128,CLZ5
2025-11-11 19:04:00+00:00,33,1,651434,61.0,61.03,60.99,61.01,121,CLZ5
2025-11-11 19:05:00+00:00,33,1,651434,61.01,61.01,60.98,61.0,229,CLZ5
2025-11-11 19:06:00+00:00,33,1,651434,61.01,61.01,60.99,60.99,85,CLZ5
2025-11-11 19:07:00+00:00,33,1,651434,60.99,61.0,60.98,61.0,70,CLZ5
2025-11-11 19:08:00+00:00,33,1,651434,61.0,61.03,60.99,61.03,172,CLZ5
2025-11-11 19:09:00+00:00,33,1,651434,61.03,61.07,61.03,61.06,239,CLZ5
2025-11-11 19:10:00+00:00,33,1,651434,61.06,61.06,61.03,61.05,89,CLZ5
2025-11-11 19:11:00+00:00,33,1,651434,61.05,61.07,61.05,61.07,158,CLZ5
2025-11-11 19:12:00+00:00,33,1,651434,61.07,61.09,61.07,61.08,164,CLZ5
2025-11-11 19:13:00+00:00,33,1,651434,61.08,61.11,61.08,61.08,191,CLZ5
2025-11-11 19:14:00+00:00,33,1,651434,61.09,61.11,61.08,61.1,200,CLZ5
2025-11-11 19:15:00+00:00,33,1,651434,61.1,61.1,61.08,61.1,232,CLZ5
2025-11-11 19:16:00+00:00,33,1,651434,61.1,61.11,61.08,61.09,235,CLZ5
2025-11-11 19:17:00+00:00,33,1,651434,61.1,61.11,61.09,61.1,121,CLZ5
2025-11-11 19:18:00+00:00,33,1,651434,61.09,61.09,61.06,61.06,276,CLZ5
2025-11-11 19:19:00+00:00,33,1,651434,61.05,61.06,61.02,61.02,192,CLZ5
2025-11-11 19:20:00+00:00,33,1,651434,61.02,61.04,61.01,61.03,515,CLZ5
2025-11-11 19:21:00+00:00,33,1,651434,61.03,61.04,60.99,61.0,260,CLZ5
2025-11-11 19:22:00+00:00,33,1,651434,61.0,61.02,60.99,61.02,181,CLZ5
2025-11-11 19:23:00+00:00,33,1,651434,61.01,61.02,60.98,60.99,197,CLZ5
2025-11-11 19:24:00+00:00,33,1,651434,60.99,61.01,60.97,60.99,290,CLZ5
2025-11-11 19:25:00+00:00,33,1,651434,61.0,61.01,60.96,60.97,259,CLZ5
2025-11-11 19:26:00+00:00,33,1,651434,60.97,60.98,60.96,60.96,319,CLZ5
2025-11-11 19:27:00+00:00,33,1,651434,60.97,61.02,60.97,60.98,687,CLZ5
2025-11-11 19:28:00+00:00,33,1,651434,60.99,61.08,60.99,61.06,2175,CLZ5
2025-11-11 19:29:00+00:00,33,1,651434,61.06,61.07,61.01,61.02,2383,CLZ5
2025-11-11 19:30:00+00:00,33,1,651434,61.02,61.05,60.99,61.02,973,CLZ5
2025-11-11 19:31:00+00:00,33,1,651434,61.02,61.02,60.98,61.02,333,CLZ5
2025-11-11 19:32:00+00:00,33,1,651434,61.02,61.02,61.01,61.01,107,CLZ5
2025-11-11 19:33:00+00:00,33,1,651434,61.02,61.05,61.02,61.03,399,CLZ5
2025-11-11 19:34:00+00:00,33,1,651434,61.03,61.05,61.02,61.05,147,CLZ5
2025-11-11 19:35:00+00:00,33,1,651434,61.06,61.06,61.03,61.04,116,CLZ5
2025-11-11 19:36:00+00:00,33,1,651434,61.04,61.08,61.03,61.07,154,CLZ5
2025-11-11 19:37:00+00:00,33,1,651434,61.07,61.09,61.06,61.09,166,CLZ5
2025-11-11 19:38:00+00:00,33,1,651434,61.09,61.09,61.06,61.09,144,CLZ5
2025-11-11 19:39:00+00:00,33,1,651434,61.09,61.09,61.08,61.09,53,CLZ5
2025-11-11 19:40:00+00:00,33,1,651434,61.09,61.09,61.07,61.08,125,CLZ5
2025-11-11 19:41:00+00:00,33,1,651434,61.08,61.08,61.06,61.06,81,CLZ5
2025-11-11 19:42:00+00:00,33,1,651434,61.06,61.06,61.03,61.04,28,CLZ5
2025-11-11 19:43:00+00:00,33,1,651434,61.03,61.03,61.01,61.01,51,CLZ5
2025-11-11 19:44:00+00:00,33,1,651434,61.02,61.02,60.99,60.99,77,CLZ5
2025-11-11 19:45:00+00:00,33,1,651434,60.99,61.0,60.98,61.0,53,CLZ5
2025-11-11 19:46:00+00:00,33,1,651434,61.0,61.0,60.95,60.97,159,CLZ5
2025-11-11 19:47:00+00:00,33,1,651434,60.96,60.99,60.96,60.98,138,CLZ5
2025-11-11 19:48:00+00:00,33,1,651434,60.98,61.0,60.98,61.0,108,CLZ5
2025-11-11 19:49:00+00:00,33,1,651434,61.0,61.03,61.0,61.03,45,CLZ5
2025-11-11 19:50:00+00:00,33,1,651434,61.03,61.08,61.03,61.07,202,CLZ5
2025-11-11 19:51:00+00:00,33,1,651434,61.07,61.1,61.07,61.07,174,CLZ5
2025-11-11 19:52:00+00:00,33,1,651434,61.08,61.08,61.07,61.08,46,CLZ5
2025-11-11 19:53:00+00:00,33,1,651434,61.08,61.1,61.08,61.1,26,CLZ5
2025-11-11 19:54:00+00:00,33,1,651434,61.1,61.11,61.1,61.11,42,CLZ5
2025-11-11 19:55:00+00:00,33,1,651434,61.11,61.14,61.1,61.12,565,CLZ5
2025-11-11 19:56:00+00:00,33,1,651434,61.12,61.12,61.09,61.09,155,CLZ5
2025-11-11 19:57:00+00:00,33,1,651434,61.08,61.08,61.04,61.04,238,CLZ5
2025-11-11 19:58:00+00:00,33,1,651434,61.03,61.05,61.02,61.04,68,CLZ5
2025-11-11 19:59:00+00:00,33,1,651434,61.03,61.03,61.01,61.02,129,CLZ5
2025-11-11 20:00:00+00:00,33,1,651434,61.02,61.03,61.01,61.03,91,CLZ5
2025-11-11 20:01:00+00:00,33,1,651434,61.03,61.05,61.03,61.04,58,CLZ5
2025-11-11 20:02:00+00:00,33,1,651434,61.04,61.04,61.03,61.03,20,CLZ5
2025-11-11 20:03:00+00:00,33,1,651434,61.03,61.03,61.01,61.01,59,CLZ5
2025-11-11 20:04:00+00:00,33,1,651434,61.0,61.0,60.99,61.0,43,CLZ5
2025-11-11 20:05:00+00:00,33,1,651434,61.0,61.01,61.0,61.01,16,CLZ5
2025-11-11 20:06:00+00:00,33,1,651434,61.01,61.01,61.01,61.01,24,CLZ5
2025-11-11 20:07:00+00:00,33,1,651434,61.0,61.01,61.0,61.01,38,CLZ5
2025-11-11 20:08:00+00:00,33,1,651434,61.01,61.01,60.98,61.01,55,CLZ5
2025-11-11 20:09:00+00:00,33,1,651434,61.0,61.02,60.99,61.0,71,CLZ5
2025-11-11 20:10:00+00:00,33,1,651434,61.0,61.01,60.99,61.01,43,CLZ5
2025-11-11 20:11:00+00:00,33,1,651434,61.01,61.02,61.01,61.02,8,CLZ5
2025-11-11 20:12:00+00:00,33,1,651434,61.01,61.01,61.0,61.01,29,CLZ5
2025-11-11 20:13:00+00:00,33,1,651434,61.01,61.01,60.99,60.99,45,CLZ5
2025-11-11 20:14:00+00:00,33,1,651434,60.99,61.01,60.98,61.01,51,CLZ5
2025-11-11 20:15:00+00:00,33,1,651434,61.01,61.01,61.01,61.01,3,CLZ5
2025-11-11 20:16:00+00:00,33,1,651434,61.0,61.02,61.0,61.02,28,CLZ5
2025-11-11 20:17:00+00:00,33,1,651434,61.01,61.04,61.01,61.03,35,CLZ5
2025-11-11 20:18:00+00:00,33,1,651434,61.03,61.03,61.02,61.03,23,CLZ5
2025-11-11 20:19:00+00:00,33,1,651434,61.02,61.02,61.0,61.02,44,CLZ5
2025-11-11 20:20:00+00:00,33,1,651434,61.03,61.03,61.03,61.03,13,CLZ5
2025-11-11 20:21:00+00:00,33,1,651434,61.03,61.03,61.01,61.01,29,CLZ5
2025-11-11 20:22:00+00:00,33,1,651434,61.01,61.02,61.01,61.02,48,CLZ5
2025-11-11 20:23:00+00:00,33,1,651434,61.03,61.03,61.02,61.02,21,CLZ5
2025-11-11 20:24:00+00:00,33,1,651434,61.02,61.03,61.01,61.02,81,CLZ5
2025-11-11 20:25:00+00:00,33,1,651434,61.01,61.01,61.0,61.01,54,CLZ5
2025-11-11 20:26:00+00:00,33,1,651434,61.01,61.01,61.0,61.0,19,CLZ5
2025-11-11 20:27:00+00:00,33,1,651434,61.0,61.0,60.98,60.99,24,CLZ5
2025-11-11 20:28:00+00:00,33,1,651434,60.99,61.0,60.98,60.99,46,CLZ5
2025-11-11 20:29:00+00:00,33,1,651434,61.0,61.0,60.99,60.99,21,CLZ5
2025-11-11 20:30:00+00:00,33,1,651434,60.99,60.99,60.95,60.95,113,CLZ5
2025-11-11 20:31:00+00:00,33,1,651434,60.95,60.95,60.94,60.94,60,CLZ5
2025-11-11 20:32:00+00:00,33,1,651434,60.95,60.95,60.95,60.95,33,CLZ5
2025-11-11 20:33:00+00:00,33,1,651434,60.95,60.96,60.95,60.95,8,CLZ5
2025-11-11 20:34:00+00:00,33,1,651434,60.95,60.95,60.94,60.94,38,CLZ5
2025-11-11 20:35:00+00:00,33,1,651434,60.94,60.94,60.92,60.92,28,CLZ5
2025-11-11 20:36:00+00:00,33,1,651434,60.92,60.93,60.91,60.93,51,CLZ5
2025-11-11 20:37:00+00:00,33,1,651434,60.94,60.95,60.93,60.95,66,CLZ5
2025-11-11 20:38:00+00:00,33,1,651434,60.95,60.96,60.94,60.95,20,CLZ5
2025-11-11 20:39:00+00:00,33,1,651434,60.95,60.95,60.95,60.95,22,CLZ5
2025-11-11 20:40:00+00:00,33,1,651434,60.95,60.95,60.94,60.94,17,CLZ5
2025-11-11 20:41:00+00:00,33,1,651434,60.93,60.93,60.93,60.93,56,CLZ5
2025-11-11 20:42:00+00:00,33,1,651434,60.93,60.94,60.93,60.93,41,CLZ5
2025-11-11 20:43:00+00:00,33,1,651434,60.94,60.97,60.94,60.97,98,CLZ5
2025-11-11 20:44:00+00:00,33,1,651434,60.97,60.98,60.97,60.98,10,CLZ5
2025-11-11 20:45:00+00:00,33,1,651434,60.97,60.97,60.95,60.96,12,CLZ5
2025-11-11 20:46:00+00:00,33,1,651434,60.95,60.95,60.95,60.95,22,CLZ5
2025-11-11 20:47:00+00:00,33,1,651434,60.94,60.95,60.94,60.95,25,CLZ5
2025-11-11 20:48:00+00:00,33,1,651434,60.94,60.94,60.93,60.93,13,CLZ5
2025-11-11 20:49:00+00:00,33,1,651434,60.93,60.94,60.92,60.92,79,CLZ5
2025-11-11 20:50:00+00:00,33,1,651434,60.93,60.93,60.92,60.92,23,CLZ5
2025-11-11 20:51:00+00:00,33,1,651434,60.93,60.94,60.92,60.93,62,CLZ5
2025-11-11 20:52:00+00:00,33,1,651434,60.93,60.96,60.93,60.95,77,CLZ5
2025-11-11 20:53:00+00:00,33,1,651434,60.95,60.95,60.94,60.94,22,CLZ5
2025-11-11 20:54:00+00:00,33,1,651434,60.94,60.95,60.93,60.95,36,CLZ5
2025-11-11 20:55:00+00:00,33,1,651434,60.94,60.94,60.91,60.93,107,CLZ5
2025-11-11 20:56:00+00:00,33,1,651434,60.93,60.94,60.93,60.94,63,CLZ5
2025-11-11 20:57:00+00:00,33,1,651434,60.94,60.95,60.93,60.93,41,CLZ5
2025-11-11 20:58:00+00:00,33,1,651434,60.93,60.93,60.91,60.92,43,CLZ5
2025-11-11 20:59:00+00:00,33,1,651434,60.92,60.93,60.9,60.92,224,CLZ5
2025-11-11 21:00:00+00:00,33,1,651434,60.92,60.94,60.92,60.93,34,CLZ5
2025-11-11 21:01:00+00:00,33,1,651434,60.93,60.93,60.92,60.92,35,CLZ5
2025-11-11 21:02:00+00:00,33,1,651434,60.93,60.93,60.91,60.93,21,CLZ5
2025-11-11 21:03:00+00:00,33,1,651434,60.93,60.94,60.92,60.92,22,CLZ5
2025-11-11 21:04:00+00:00,33,1,651434,60.92,60.93,60.91,60.92,28,CLZ5
2025-11-11 21:05:00+00:00,33,1,651434,60.93,60.93,60.91,60.91,7,CLZ5
2025-11-11 21:06:00+00:00,33,1,651434,60.92,60.92,60.92,60.92,2,CLZ5
2025-11-11 21:07:00+00:00,33,1,651434,60.91,60.93,60.91,60.93,10,CLZ5
2025-11-11 21:08:00+00:00,33,1,651434,60.93,60.93,60.92,60.93,14,CLZ5
2025-11-11 21:09:00+00:00,33,1,651434,60.94,60.94,60.94,60.94,1,CLZ5
2025-11-11 21:10:00+00:00,33,1,651434,60.93,60.93,60.93,60.93,1,CLZ5
2025-11-11 21:11:00+00:00,33,1,651434,60.93,60.95,60.92,60.94,37,CLZ5
2025-11-11 21:12:00+00:00,33,1,651434,60.93,60.94,60.92,60.93,51,CLZ5
2025-11-11 21:13:00+00:00,33,1,651434,60.94,60.94,60.93,60.94,38,CLZ5
2025-11-11 21:14:00+00:00,33,1,651434,60.95,60.95,60.95,60.95,11,CLZ5
2025-11-11 21:15:00+00:00,33,1,651434,60.95,60.95,60.95,60.95,5,CLZ5
2025-11-11 21:16:00+00:00,33,1,651434,60.95,60.96,60.95,60.96,19,CLZ5
2025-11-11 21:17:00+00:00,33,1,651434,60.95,60.96,60.94,60.95,19,CLZ5
2025-11-11 21:18:00+00:00,33,1,651434,60.94,60.95,60.94,60.94,89,CLZ5
2025-11-11 21:19:00+00:00,33,1,651434,60.94,60.94,60.93,60.94,23,CLZ5
2025-11-11 21:20:00+00:00,33,1,651434,60.95,60.95,60.95,60.95,1,CLZ5
2025-11-11 21:21:00+00:00,33,1,651434,60.95,60.95,60.93,60.94,14,CLZ5
2025-11-11 21:22:00+00:00,33,1,651434,60.94,60.96,60.93,60.95,63,CLZ5
2025-11-11 21:23:00+00:00,33,1,651434,60.96,60.96,60.96,60.96,8,CLZ5
2025-11-11 21:25:00+00:00,33,1,651434,60.97,60.97,60.97,60.97,30,CLZ5
2025-11-11 21:26:00+00:00,33,1,651434,60.97,60.98,60.97,60.98,18,CLZ5
2025-11-11 21:27:00+00:00,33,1,651434,60.98,60.99,60.97,60.98,22,CLZ5
2025-11-11 21:28:00+00:00,33,1,651434,60.98,60.98,60.98,60.98,20,CLZ5
2025-11-11 21:29:00+00:00,33,1,651434,60.98,60.98,60.97,60.97,26,CLZ5
2025-11-11 21:30:00+00:00,33,1,651434,60.97,60.98,60.96,60.97,32,CLZ5
2025-11-11 21:31:00+00:00,33,1,651434,60.98,60.98,60.96,60.98,18,CLZ5
2025-11-11 21:32:00+00:00,33,1,651434,60.98,60.98,60.97,60.98,10,CLZ5
2025-11-11 21:33:00+00:00,33,1,651434,60.97,61.01,60.97,61.01,101,CLZ5
2025-11-11 21:34:00+00:00,33,1,651434,61.02,61.02,61.0,61.0,35,CLZ5
2025-11-11 21:35:00+00:00,33,1,651434,61.01,61.01,61.0,61.0,15,CLZ5
2025-11-11 21:36:00+00:00,33,1,651434,61.01,61.01,60.99,61.01,81,CLZ5
2025-11-11 21:37:00+00:00,33,1,651434,61.01,61.02,61.01,61.02,22,CLZ5
2025-11-11 21:38:00+00:00,33,1,651434,61.02,61.02,61.01,61.02,31,CLZ5
2025-11-11 21:39:00+00:00,33,1,651434,61.01,61.03,61.01,61.03,16,CLZ5
2025-11-11 21:40:00+00:00,33,1,651434,61.03,61.03,61.03,61.03,3,CLZ5
2025-11-11 21:41:00+00:00,33,1,651434,61.02,61.05,61.02,61.05,141,CLZ5
2025-11-11 21:42:00+00:00,33,1,651434,61.05,61.05,61.04,61.04,21,CLZ5
2025-11-11 21:43:00+00:00,33,1,651434,61.05,61.06,61.04,61.04,40,CLZ5
2025-11-11 21:44:00+00:00,33,1,651434,61.05,61.06,61.05,61.05,24,CLZ5
2025-11-11 21:45:00+00:00,33,1,651434,61.05,61.06,61.04,61.04,39,CLZ5
2025-11-11 21:46:00+00:00,33,1,651434,61.04,61.04,61.03,61.03,3,CLZ5
2025-11-11 21:47:00+00:00,33,1,651434,61.03,61.03,60.99,60.99,63,CLZ5
2025-11-11 21:48:00+00:00,33,1,651434,61.0,61.02,61.0,61.02,27,CLZ5
2025-11-11 21:49:00+00:00,33,1,651434,61.01,61.01,61.0,61.01,31,CLZ5
2025-11-11 21:50:00+00:00,33,1,651434,61.01,61.03,61.0,61.0,113,CLZ5
2025-11-11 21:51:00+00:00,33,1,651434,61.01,61.01,60.99,61.0,54,CLZ5
2025-11-11 21:52:00+00:00,33,1,651434,61.0,61.01,61.0,61.01,12,CLZ5
2025-11-11 21:53:00+00:00,33,1,651434,61.01,61.01,61.01,61.01,3,CLZ5
2025-11-11 21:54:00+00:00,33,1,651434,61.02,61.03,61.02,61.03,13,CLZ5
2025-11-11 21:55:00+00:00,33,1,651434,61.03,61.03,61.01,61.01,31,CLZ5
2025-11-11 21:56:00+00:00,33,1,651434,61.01,61.02,61.0,61.0,16,CLZ5
2025-11-11 21:57:00+00:00,33,1,651434,61.02,61.03,61.02,61.03,23,CLZ5
2025-11-11 21:58:00+00:00,33,1,651434,61.03,61.05,61.03,61.04,43,CLZ5
2025-11-11 21:59:00+00:00,33,1,651434,61.03,61.05,61.03,61.04,86,CLZ5
2025-11-11 23:00:00+00:00,33,1,651434,61.05,61.05,61.01,61.03,77,CLZ5
2025-11-11 23:01:00+00:00,33,1,651434,61.02,61.03,61.01,61.02,35,CLZ5
2025-11-11 23:02:00+00:00,33,1,651434,61.01,61.01,61.0,61.0,11,CLZ5
2025-11-11 23:03:00+00:00,33,1,651434,61.0,61.01,61.0,61.0,7,CLZ5
2025-11-11 23:04:00+00:00,33,1,651434,61.0,61.0,60.99,60.99,4,CLZ5
2025-11-11 23:05:00+00:00,33,1,651434,60.99,60.99,60.99,60.99,7,CLZ5
2025-11-11 23:06:00+00:00,33,1,651434,60.99,60.99,60.99,60.99,1,CLZ5
2025-11-11 23:07:00+00:00,33,1,651434,60.99,60.99,60.97,60.97,15,CLZ5
2025-11-11 23:08:00+00:00,33,1,651434,60.97,60.99,60.97,60.98,21,CLZ5
2025-11-11 23:09:00+00:00,33,1,651434,60.98,60.99,60.98,60.98,3,CLZ5
2025-11-11 23:10:00+00:00,33,1,651434,60.98,60.98,60.98,60.98,1,CLZ5
2025-11-11 23:11:00+00:00,33,1,651434,60.98,60.98,60.98,60.98,1,CLZ5
2025-11-11 23:13:00+00:00,33,1,651434,60.98,60.98,60.98,60.98,4,CLZ5
2025-11-11 23:14:00+00:00,33,1,651434,60.98,60.98,60.97,60.97,5,CLZ5
2025-11-11 23:15:00+00:00,33,1,651434,60.98,60.98,60.97,60.97,9,CLZ5
2025-11-11 23:16:00+00:00,33,1,651434,60.98,60.99,60.97,60.98,11,CLZ5
2025-11-11 23:17:00+00:00,33,1,651434,60.98,60.99,60.98,60.99,3,CLZ5
2025-11-11 23:18:00+00:00,33,1,651434,60.99,60.99,60.99,60.99,16,CLZ5
2025-11-11 23:19:00+00:00,33,1,651434,61.0,61.01,61.0,61.01,74,CLZ5
2025-11-11 23:20:00+00:00,33,1,651434,61.01,61.02,61.0,61.01,29,CLZ5
2025-11-11 23:22:00+00:00,33,1,651434,61.01,61.01,61.01,61.01,1,CLZ5
2025-11-11 23:23:00+00:00,33,1,651434,61.01,61.01,61.01,61.01,1,CLZ5
2025-11-11 23:24:00+00:00,33,1,651434,61.01,61.01,61.01,61.01,2,CLZ5
2025-11-11 23:25:00+00:00,33,1,651434,61.01,61.01,61.01,61.01,3,CLZ5
2025-11-11 23:26:00+00:00,33,1,651434,61.01,61.01,61.0,61.01,6,CLZ5
2025-11-11 23:27:00+00:00,33,1,651434,61.01,61.01,61.01,61.01,1,CLZ5
2025-11-11 23:28:00+00:00,33,1,651434,61.01,61.02,61.01,61.02,7,CLZ5
2025-11-11 23:29:00+00:00,33,1,651434,61.02,61.03,61.02,61.03,7,CLZ5
2025-11-11 23:30:00+00:00,33,1,651434,61.02,61.03,61.02,61.03,9,CLZ5
2025-11-11 23:31:00+00:00,33,1,651434,61.02,61.03,61.02,61.02,5,CLZ5
2025-11-11 23:32:00+00:00,33,1,651434,61.02,61.03,61.02,61.02,5,CLZ5
2025-11-11 23:33:00+00:00,33,1,651434,61.03,61.03,61.02,61.02,6,CLZ5
2025-11-11 23:34:00+00:00,33,1,651434,61.03,61.04,61.03,61.04,14,CLZ5
2025-11-11 23:35:00+00:00,33,1,651434,61.03,61.03,61.02,61.03,13,CLZ5
2025-11-11 23:36:00+00:00,33,1,651434,61.03,61.03,61.03,61.03,2,CLZ5
2025-11-11 23:37:00+00:00,33,1,651434,61.04,61.04,61.04,61.04,12,CLZ5
2025-11-11 23:38:00+00:00,33,1,651434,61.04,61.04,61.03,61.03,22,CLZ5
2025-11-11 23:39:00+00:00,33,1,651434,61.04,61.04,61.03,61.03,4,CLZ5
2025-11-11 23:40:00+00:00,33,1,651434,61.04,61.04,61.03,61.03,3,CLZ5
2025-11-11 23:41:00+00:00,33,1,651434,61.04,61.06,61.04,61.06,19,CLZ5
2025-11-11 23:42:00+00:00,33,1,651434,61.05,61.06,61.05,61.06,5,CLZ5
2025-11-11 23:44:00+00:00,33,1,651434,61.06,61.06,61.06,61.06,9,CLZ5
2025-11-11 23:45:00+00:00,33,1,651434,61.06,61.06,61.05,61.06,13,CLZ5
2025-11-11 23:47:00+00:00,33,1,651434,61.05,61.05,61.04,61.04,42,CLZ5
2025-11-11 23:50:00+00:00,33,1,651434,61.05,61.05,61.04,61.04,3,CLZ5
2025-11-11 23:51:00+00:00,33,1,651434,61.04,61.04,61.04,61.04,1,CLZ5
2025-11-11 23:52:00+00:00,33,1,651434,61.05,61.05,61.05,61.05,4,CLZ5
2025-11-11 23:53:00+00:00,33,1,651434,61.04,61.05,61.04,61.05,2,CLZ5
2025-11-11 23:54:00+00:00,33,1,651434,61.05,61.06,61.05,61.05,6,CLZ5
2025-11-11 23:55:00+00:00,33,1,651434,61.05,61.05,61.05,61.05,6,CLZ5
2025-11-11 23:56:00+00:00,33,1,651434,61.05,61.06,61.05,61.06,21,CLZ5
2025-11-11 23:57:00+00:00,33,1,651434,61.05,61.05,61.05,61.05,13,CLZ5
2025-11-11 23:58:00+00:00,33,1,651434,61.05,61.05,61.05,61.05,1,CLZ5
2025-11-11 23:59:00+00:00,33,1,651434,61.04,61.04,61.01,61.01,30,CLZ5
2025-11-12 00:00:00+00:00,33,1,651434,61.01,61.02,61.0,61.01,39,CLZ5
2025-11-12 00:01:00+00:00,33,1,651434,61.01,61.02,61.0,61.02,27,CLZ5
2025-11-12 00:02:00+00:00,33,1,651434,61.02,61.03,61.02,61.03,13,CLZ5
2025-11-12 00:03:00+00:00,33,1,651434,61.03,61.03,61.03,61.03,7,CLZ5
2025-11-12 00:04:00+00:00,33,1,651434,61.03,61.03,61.02,61.02,5,CLZ5
2025-11-12 00:05:00+00:00,33,1,651434,61.02,61.02,61.02,61.02,9,CLZ5
2025-11-12 00:06:00+00:00,33,1,651434,61.01,61.01,61.01,61.01,4,CLZ5
2025-11-12 00:07:00+00:00,33,1,651434,61.01,61.01,61.01,61.01,1,CLZ5
2025-11-12 00:08:00+00:00,33,1,651434,61.01,61.01,61.01,61.01,3,CLZ5
2025-11-12 00:09:00+00:00,33,1,651434,61.01,61.01,61.01,61.01,1,CLZ5
2025-11-12 00:10:00+00:00,33,1,651434,61.02,61.02,61.0,61.01,31,CLZ5
2025-11-12 00:11:00+00:00,33,1,651434,61.01,61.02,61.01,61.02,34,CLZ5
2025-11-12 00:12:00+00:00,33,1,651434,61.02,61.02,61.01,61.02,5,CLZ5
2025-11-12 00:13:00+00:00,33,1,651434,61.02,61.02,61.02,61.02,4,CLZ5
2025-11-12 00:14:00+00:00,33,1,651434,61.02,61.02,61.0,61.0,26,CLZ5
2025-11-12 00:15:00+00:00,33,1,651434,61.0,61.0,60.98,61.0,48,CLZ5
2025-11-12 00:17:00+00:00,33,1,651434,60.99,60.99,60.98,60.98,10,CLZ5
2025-11-12 00:18:00+00:00,33,1,651434,60.98,60.98,60.97,60.97,18,CLZ5
2025-11-12 00:19:00+00:00,33,1,651434,60.96,60.96,60.96,60.96,1,CLZ5
2025-11-12 00:20:00+00:00,33,1,651434,60.96,60.96,60.95,60.96,11,CLZ5
2025-11-12 00:21:00+00:00,33,1,651434,60.96,60.96,60.94,60.94,26,CLZ5
2025-11-12 00:22:00+00:00,33,1,651434,60.95,60.95,60.95,60.95,10,CLZ5
2025-11-12 00:23:00+00:00,33,1,651434,60.95,60.96,60.94,60.96,20,CLZ5
2025-11-12 00:24:00+00:00,33,1,651434,60.97,60.97,60.97,60.97,11,CLZ5
2025-11-12 00:25:00+00:00,33,1,651434,60.96,60.96,60.96,60.96,1,CLZ5
2025-11-12 00:26:00+00:00,33,1,651434,60.96,60.96,60.96,60.96,2,CLZ5
2025-11-12 00:27:00+00:00,33,1,651434,60.96,60.96,60.96,60.96,2,CLZ5
2025-11-12 00:28:00+00:00,33,1,651434,60.96,60.96,60.96,60.96,1,CLZ5
2025-11-12 00:29:00+00:00,33,1,651434,60.96,60.97,60.96,60.97,3,CLZ5
2025-11-12 00:30:00+00:00,33,1,651434,60.96,60.97,60.96,60.97,13,CLZ5
2025-11-12 00:31:00+00:00,33,1,651434,60.98,60.98,60.97,60.97,2,CLZ5
2025-11-12 00:32:00+00:00,33,1,651434,60.98,60.98,60.98,60.98,1,CLZ5
2025-11-12 00:33:00+00:00,33,1,651434,60.98,60.98,60.98,60.98,14,CLZ5
2025-11-12 00:34:00+00:00,33,1,651434,60.98,60.98,60.98,60.98,1,CLZ5
2025-11-12 00:35:00+00:00,33,1,651434,60.99,60.99,60.99,60.99,1,CLZ5
2025-11-12 00:36:00+00:00,33,1,651434,60.99,60.99,60.98,60.98,2,CLZ5
2025-11-12 00:37:00+00:00,33,1,651434,60.98,60.98,60.98,60.98,1,CLZ5
2025-11-12 00:38:00+00:00,33,1,651434,60.98,60.98,60.98,60.98,2,CLZ5
2025-11-12 00:39:00+00:00,33,1,651434,60.96,60.97,60.96,60.97,2,CLZ5
2025-11-12 00:40:00+00:00,33,1,651434,60.98,60.98,60.97,60.97,9,CLZ5
2025-11-12 00:41:00+00:00,33,1,651434,60.97,60.97,60.97,60.97,3,CLZ5
2025-11-12 00:42:00+00:00,33,1,651434,60.97,60.97,60.97,60.97,5,CLZ5
2025-11-12 00:43:00+00:00,33,1,651434,60.97,60.98,60.97,60.98,7,CLZ5
2025-11-12 00:44:00+00:00,33,1,651434,60.98,60.99,60.98,60.99,8,CLZ5
2025-11-12 00:45:00+00:00,33,1,651434,60.99,60.99,60.98,60.99,4,CLZ5
2025-11-12 00:46:00+00:00,33,1,651434,60.99,61.0,60.99,60.99,14,CLZ5
2025-11-12 00:47:00+00:00,33,1,651434,60.99,61.0,60.99,61.0,8,CLZ5
2025-11-12 00:48:00+00:00,33,1,651434,61.0,61.01,61.0,61.01,9,CLZ5
2025-11-12 00:49:00+00:00,33,1,651434,61.0,61.01,61.0,61.01,5,CLZ5
2025-11-12 00:50:00+00:00,33,1,651434,61.01,61.01,60.99,60.99,12,CLZ5
2025-11-12 00:51:00+00:00,33,1,651434,60.98,60.99,60.98,60.98,22,CLZ5
2025-11-12 00:52:00+00:00,33,1,651434,60.98,60.98,60.98,60.98,2,CLZ5
2025-11-12 00:53:00+00:00,33,1,651434,60.98,60.98,60.98,60.98,1,CLZ5
2025-11-12 00:54:00+00:00,33,1,651434,60.98,60.98,60.98,60.98,2,CLZ5
2025-11-12 00:55:00+00:00,33,1,651434,60.97,60.97,60.95,60.95,7,CLZ5
2025-11-12 00:56:00+00:00,33,1,651434,60.96,60.97,60.96,60.97,6,CLZ5
2025-11-12 00:57:00+00:00,33,1,651434,60.97,60.97,60.97,60.97,1,CLZ5
2025-11-12 00:58:00+00:00,33,1,651434,60.97,60.98,60.96,60.97,10,CLZ5
2025-11-12 00:59:00+00:00,33,1,651434,60.97,60.97,60.97,60.97,15,CLZ5
2025-11-12 01:00:00+00:00,33,1,651434,60.97,60.99,60.95,60.96,152,CLZ5
2025-11-12 01:01:00+00:00,33,1,651434,60.95,60.96,60.94,60.96,77,CLZ5
2025-11-12 01:02:00+00:00,33,1,651434,60.96,60.98,60.95,60.97,66,CLZ5
2025-11-12 01:03:00+00:00,33,1,651434,60.98,60.99,60.97,60.97,43,CLZ5
2025-11-12 01:04:00+00:00,33,1,651434,60.97,60.98,60.96,60.97,19,CLZ5
2025-11-12 01:05:00+00:00,33,1,651434,60.97,60.99,60.97,60.97,34,CLZ5
2025-11-12 01:06:00+00:00,33,1,651434,60.97,60.99,60.97,60.97,24,CLZ5
2025-11-12 01:07:00+00:00,33,1,651434,60.96,60.96,60.93,60.95,51,CLZ5
2025-11-12 01:08:00+00:00,33,1,651434,60.95,60.95,60.92,60.92,25,CLZ5
2025-11-12 01:09:00+00:00,33,1,651434,60.92,60.92,60.92,60.92,11,CLZ5
2025-11-12 01:10:00+00:00,33,1,651434,60.92,60.94,60.91,60.94,16,CLZ5
2025-11-12 01:11:00+00:00,33,1,651434,60.93,60.94,60.93,60.93,14,CLZ5
2025-11-12 01:12:00+00:00,33,1,651434,60.93,60.93,60.92,60.93,26,CLZ5
2025-11-12 01:13:00+00:00,33,1,651434,60.94,60.95,60.94,60.94,10,CLZ5
2025-11-12 01:15:00+00:00,33,1,651434,60.95,60.95,60.91,60.94,38,CLZ5
2025-11-12 01:16:00+00:00,33,1,651434,60.95,60.96,60.94,60.95,37,CLZ5
2025-11-12 01:17:00+00:00,33,1,651434,60.96,60.96,60.94,60.94,18,CLZ5
2025-11-12 01:18:00+00:00,33,1,651434,60.95,60.95,60.92,60.92,17,CLZ5
2025-11-12 01:19:00+00:00,33,1,651434,60.93,60.93,60.92,60.92,17,CLZ5
2025-11-12 01:20:00+00:00,33,1,651434,60.91,60.92,60.91,60.91,3,CLZ5
2025-11-12 01:21:00+00:00,33,1,651434,60.91,60.91,60.89,60.9,42,CLZ5
2025-11-12 01:22:00+00:00,33,1,651434,60.9,60.9,60.89,60.89,12,CLZ5
2025-11-12 01:23:00+00:00,33,1,651434,60.9,60.9,60.85,60.87,74,CLZ5
2025-11-12 01:24:00+00:00,33,1,651434,60.88,60.88,60.86,60.86,31,CLZ5
2025-11-12 01:25:00+00:00,33,1,651434,60.86,60.87,60.86,60.87,23,CLZ5
2025-11-12 01:26:00+00:00,33,1,651434,60.86,60.87,60.86,60.87,12,CLZ5
2025-11-12 01:27:00+00:00,33,1,651434,60.87,60.89,60.87,60.88,28,CLZ5
2025-11-12 01:28:00+00:00,33,1,651434,60.88,60.89,60.88,60.88,22,CLZ5
2025-11-12 01:29:00+00:00,33,1,651434,60.89,60.89,60.88,60.88,7,CLZ5
2025-11-12 01:30:00+00:00,33,1,651434,60.88,60.89,60.88,60.88,5,CLZ5
2025-11-12 01:31:00+00:00,33,1,651434,60.87,60.88,60.87,60.87,5,CLZ5
2025-11-12 01:32:00+00:00,33,1,651434,60.87,60.87,60.86,60.87,21,CLZ5
2025-11-12 01:33:00+00:00,33,1,651434,60.87,60.88,60.87,60.88,10,CLZ5
2025-11-12 01:34:00+00:00,33,1,651434,60.87,60.87,60.86,60.87,26,CLZ5
2025-11-12 01:35:00+00:00,33,1,651434,60.87,60.88,60.87,60.87,10,CLZ5
2025-11-12 01:36:00+00:00,33,1,651434,60.87,60.88,60.87,60.88,8,CLZ5
2025-11-12 01:37:00+00:00,33,1,651434,60.87,60.88,60.87,60.88,10,CLZ5
2025-11-12 01:38:00+00:00,33,1,651434,60.87,60.88,60.87,60.87,15,CLZ5
2025-11-12 01:39:00+00:00,33,1,651434,60.88,60.88,60.86,60.86,22,CLZ5
2025-11-12 01:40:00+00:00,33,1,651434,60.87,60.87,60.86,60.87,31,CLZ5
2025-11-12 01:41:00+00:00,33,1,651434,60.88,60.89,60.88,60.89,13,CLZ5
2025-11-12 01:42:00+00:00,33,1,651434,60.89,60.89,60.89,60.89,4,CLZ5
2025-11-12 01:43:00+00:00,33,1,651434,60.89,60.9,60.89,60.9,12,CLZ5
2025-11-12 01:44:00+00:00,33,1,651434,60.9,60.9,60.9,60.9,1,CLZ5
2025-11-12 01:45:00+00:00,33,1,651434,60.9,60.91,60.9,60.9,32,CLZ5
2025-11-12 01:46:00+00:00,33,1,651434,60.91,60.91,60.89,60.9,10,CLZ5
2025-11-12 01:47:00+00:00,33,1,651434,60.9,60.93,60.9,60.9,65,CLZ5
2025-11-12 01:48:00+00:00,33,1,651434,60.91,60.92,60.91,60.91,10,CLZ5
2025-11-12 01:49:00+00:00,33,1,651434,60.91,60.91,60.9,60.9,17,CLZ5
2025-11-12 01:50:00+00:00,33,1,651434,60.91,60.93,60.91,60.93,14,CLZ5
2025-11-12 01:51:00+00:00,33,1,651434,60.93,60.93,60.91,60.91,11,CLZ5
2025-11-12 01:52:00+00:00,33,1,651434,60.91,60.91,60.9,60.91,14,CLZ5
2025-11-12 01:53:00+00:00,33,1,651434,60.92,60.92,60.92,60.92,2,CLZ5
2025-11-12 01:54:00+00:00,33,1,651434,60.92,60.92,60.92,60.92,1,CLZ5
2025-11-12 01:55:00+00:00,33,1,651434,60.93,60.93,60.93,60.93,17,CLZ5
2025-11-12 01:56:00+00:00,33,1,651434,60.92,60.92,60.92,60.92,2,CLZ5
2025-11-12 01:57:00+00:00,33,1,651434,60.93,60.93,60.92,60.92,11,CLZ5
2025-11-12 01:58:00+00:00,33,1,651434,60.92,60.92,60.91,60.91,8,CLZ5
2025-11-12 01:59:00+00:00,33,1,651434,60.91,60.92,60.91,60.92,8,CLZ5
2025-11-12 02:00:00+00:00,33,1,651434,60.92,60.93,60.92,60.93,27,CLZ5
2025-11-12 02:01:00+00:00,33,1,651434,60.93,60.95,60.93,60.94,37,CLZ5
2025-11-12 02:02:00+00:00,33,1,651434,60.94,60.95,60.94,60.95,22,CLZ5
2025-11-12 02:03:00+00:00,33,1,651434,60.94,60.95,60.94,60.95,27,CLZ5
2025-11-12 02:04:00+00:00,33,1,651434,60.94,60.94,60.91,60.92,32,CLZ5
2025-11-12 02:05:00+00:00,33,1,651434,60.93,60.93,60.92,60.92,8,CLZ5
2025-11-12 02:06:00+00:00,33,1,651434,60.93,60.93,60.91,60.91,10,CLZ5
2025-11-12 02:07:00+00:00,33,1,651434,60.91,60.92,60.91,60.91,8,CLZ5
2025-11-12 02:08:00+00:00,33,1,651434,60.92,60.94,60.92,60.93,24,CLZ5
2025-11-12 02:09:00+00:00,33,1,651434,60.93,60.94,60.92,60.94,12,CLZ5
2025-11-12 02:10:00+00:00,33,1,651434,60.94,60.94,60.93,60.93,11,CLZ5
2025-11-12 02:11:00+00:00,33,1,651434,60.92,60.92,60.92,60.92,3,CLZ5
2025-11-12 02:12:00+00:00,33,1,651434,60.92,60.92,60.92,60.92,1,CLZ5
2025-11-12 02:13:00+00:00,33,1,651434,60.94,60.94,60.94,60.94,16,CLZ5
2025-11-12 02:14:00+00:00,33,1,651434,60.94,60.94,60.94,60.94,3,CLZ5
2025-11-12 02:15:00+00:00,33,1,651434,60.93,60.95,60.93,60.94,15,CLZ5
2025-11-12 02:16:00+00:00,33,1,651434,60.94,60.94,60.94,60.94,3,CLZ5
2025-11-12 02:17:00+00:00,33,1,651434,60.94,60.94,60.92,60.92,6,CLZ5
2025-11-12 02:18:00+00:00,33,1,651434,60.93,60.93,60.92,60.93,12,CLZ5
2025-11-12 02:19:00+00:00,33,1,651434,60.92,60.92,60.92,60.92,2,CLZ5
2025-11-12 02:20:00+00:00,33,1,651434,60.92,60.92,60.92,60.92,6,CLZ5
2025-11-12 02:21:00+00:00,33,1,651434,60.93,60.93,60.93,60.93,2,CLZ5
2025-11-12 02:22:00+00:00,33,1,651434,60.94,60.95,60.94,60.95,13,CLZ5
2025-11-12 02:23:00+00:00,33,1,651434,60.95,60.95,60.93,60.93,35,CLZ5
2025-11-12 02:24:00+00:00,33,1,651434,60.93,60.94,60.93,60.94,11,CLZ5
2025-11-12 02:25:00+00:00,33,1,651434,60.93,60.93,60.93,60.93,2,CLZ5
2025-11-12 02:26:00+00:00,33,1,651434,60.94,60.94,60.94,60.94,2,CLZ5
2025-11-12 02:28:00+00:00,33,1,651434,60.94,60.94,60.94,60.94,7,CLZ5
2025-11-12 02:29:00+00:00,33,1,651434,60.94,60.94,60.94,60.94,5,CLZ5
2025-11-12 02:30:00+00:00,33,1,651434,60.94,60.94,60.93,60.94,13,CLZ5
2025-11-12 02:31:00+00:00,33,1,651434,60.94,60.94,60.92,60.93,25,CLZ5
2025-11-12 02:32:00+00:00,33,1,651434,60.93,60.93,60.92,60.92,4,CLZ5
2025-11-12 02:33:00+00:00,33,1,651434,60.92,60.92,60.91,60.91,20,CLZ5
2025-11-12 02:34:00+00:00,33,1,651434,60.91,60.91,60.9,60.9,17,CLZ5
2025-11-12 02:35:00+00:00,33,1,651434,60.9,60.91,60.9,60.91,11,CLZ5
2025-11-12 02:36:00+00:00,33,1,651434,60.9,60.9,60.89,60.9,35,CLZ5
2025-11-12 02:37:00+00:00,33,1,651434,60.9,60.92,60.9,60.92,9,CLZ5
2025-11-12 02:38:00+00:00,33,1,651434,60.92,60.92,60.92,60.92,10,CLZ5
2025-11-12 02:39:00+00:00,33,1,651434,60.92,60.92,60.92,60.92,2,CLZ5
2025-11-12 02:40:00+00:00,33,1,651434,60.91,60.91,60.88,60.89,69,CLZ5
2025-11-12 02:41:00+00:00,33,1,651434,60.89,60.9,60.88,60.88,42,CLZ5
2025-11-12 02:42:00+00:00,33,1,651434,60.88,60.88,60.87,60.87,19,CLZ5
2025-11-12 02:43:00+00:00,33,1,651434,60.87,60.88,60.87,60.87,35,CLZ5
2025-11-12 02:44:00+00:00,33,1,651434,60.88,60.88,60.88,60.88,1,CLZ5
2025-11-12 02:45:00+00:00,33,1,651434,60.87,60.88,60.87,60.88,7,CLZ5
2025-11-12 02:46:00+00:00,33,1,651434,60.87,60.87,60.86,60.87,20,CLZ5
2025-11-12 02:47:00+00:00,33,1,651434,60.87,60.88,60.87,60.88,20,CLZ5
2025-11-12 02:48:00+00:00,33,1,651434,60.87,60.88,60.86,60.88,14,CLZ5
2025-11-12 02:49:00+00:00,33,1,651434,60.88,60.88,60.87,60.87,6,CLZ5
2025-11-12 02:50:00+00:00,33,1,651434,60.87,60.88,60.87,60.87,9,CLZ5
2025-11-12 02:51:00+00:00,33,1,651434,60.87,60.87,60.87,60.87,17,CLZ5
2025-11-12 02:52:00+00:00,33,1,651434,60.87,60.88,60.87,60.88,19,CLZ5
2025-11-12 02:53:00+00:00,33,1,651434,60.87,60.87,60.87,60.87,1,CLZ5
2025-11-12 02:54:00+00:00,33,1,651434,60.87,60.87,60.87,60.87,1,CLZ5
2025-11-12 02:55:00+00:00,33,1,651434,60.87,60.87,60.86,60.86,8,CLZ5
2025-11-12 02:56:00+00:00,33,1,651434,60.87,60.87,60.86,60.87,57,CLZ5
2025-11-12 02:57:00+00:00,33,1,651434,60.87,60.88,60.86,60.87,93,CLZ5
2025-11-12 02:58:00+00:00,33,1,651434,60.87,60.88,60.86,60.87,41,CLZ5
2025-11-12 02:59:00+00:00,33,1,651434,60.87,60.88,60.86,60.88,24,CLZ5
2025-11-12 03:00:00+00:00,33,1,651434,60.88,60.88,60.86,60.86,45,CLZ5
2025-11-12 03:01:00+00:00,33,1,651434,60.87,60.88,60.87,60.87,14,CLZ5
2025-11-12 03:02:00+00:00,33,1,651434,60.87,60.87,60.87,60.87,13,CLZ5
2025-11-12 03:03:00+00:00,33,1,651434,60.88,60.88,60.86,60.86,5,CLZ5
2025-11-12 03:05:00+00:00,33,1,651434,60.86,60.86,60.86,60.86,16,CLZ5
2025-11-12 03:06:00+00:00,33,1,651434,60.86,60.9,60.86,60.89,80,CLZ5
2025-11-12 03:07:00+00:00,33,1,651434,60.89,60.89,60.88,60.88,17,CLZ5
2025-11-12 03:08:00+00:00,33,1,651434,60.87,60.88,60.87,60.88,32,CLZ5
2025-11-12 03:09:00+00:00,33,1,651434,60.88,60.89,60.88,60.89,18,CLZ5
2025-11-12 03:10:00+00:00,33,1,651434,60.89,60.9,60.89,60.89,10,CLZ5
2025-11-12 03:11:00+00:00,33,1,651434,60.89,60.91,60.89,60.9,22,CLZ5
2025-11-12 03:12:00+00:00,33,1,651434,60.9,60.9,60.89,60.89,7,CLZ5
2025-11-12 03:13:00+00:00,33,1,651434,60.89,60.89,60.87,60.89,53,CLZ5
2025-11-12 03:14:00+00:00,33,1,651434,60.88,60.88,60.88,60.88,15,CLZ5
2025-11-12 03:15:00+00:00,33,1,651434,60.88,60.88,60.87,60.88,5,CLZ5
2025-11-12 03:16:00+00:00,33,1,651434,60.88,60.89,60.88,60.88,6,CLZ5
2025-11-12 03:17:00+00:00,33,1,651434,60.89,60.89,60.87,60.88,12,CLZ5
2025-11-12 03:18:00+00:00,33,1,651434,60.87,60.87,60.87,60.87,2,CLZ5
2025-11-12 03:19:00+00:00,33,1,651434,60.87,60.88,60.86,60.87,18,CLZ5
2025-11-12 03:21:00+00:00,33,1,651434,60.87,60.87,60.87,60.87,5,CLZ5
2025-11-12 03:22:00+00:00,33,1,651434,60.88,60.88,60.87,60.88,10,CLZ5
2025-11-12 03:23:00+00:00,33,1,651434,60.88,60.88,60.88,60.88,6,CLZ5
2025-11-12 03:24:00+00:00,33,1,651434,60.87,60.87,60.86,60.86,19,CLZ5
2025-11-12 03:25:00+00:00,33,1,651434,60.86,60.86,60.86,60.86,1,CLZ5
2025-11-12 03:26:00+00:00,33,1,651434,60.87,60.88,60.87,60.88,7,CLZ5
2025-11-12 03:27:00+00:00,33,1,651434,60.88,60.88,60.87,60.87,24,CLZ5
2025-11-12 03:28:00+00:00,33,1,651434,60.87,60.87,60.86,60.87,4,CLZ5
2025-11-12 03:29:00+00:00,33,1,651434,60.87,60.87,60.86,60.86,16,CLZ5
2025-11-12 03:30:00+00:00,33,1,651434,60.86,60.86,60.84,60.86,52,CLZ5
2025-11-12 03:31:00+00:00,33,1,651434,60.86,60.86,60.84,60.84,57,CLZ5
2025-11-12 03:32:00+00:00,33,1,651434,60.85,60.85,60.84,60.84,16,CLZ5
2025-11-12 03:33:00+00:00,33,1,651434,60.84,60.84,60.83,60.84,10,CLZ5
2025-11-12 03:34:00+00:00,33,1,651434,60.84,60.84,60.83,60.84,25,CLZ5
2025-11-12 03:35:00+00:00,33,1,651434,60.83,60.85,60.83,60.85,37,CLZ5
2025-11-12 03:36:00+00:00,33,1,651434,60.85,60.85,60.84,60.84,20,CLZ5
2025-11-12 03:37:00+00:00,33,1,651434,60.84,60.84,60.83,60.83,2,CLZ5
2025-11-12 03:38:00+00:00,33,1,651434,60.84,60.84,60.84,60.84,9,CLZ5
2025-11-12 03:39:00+00:00,33,1,651434,60.84,60.84,60.83,60.84,12,CLZ5
2025-11-12 03:40:00+00:00,33,1,651434,60.84,60.84,60.83,60.83,22,CLZ5
2025-11-12 03:41:00+00:00,33,1,651434,60.85,60.85,60.85,60.85,15,CLZ5
2025-11-12 03:42:00+00:00,33,1,651434,60.84,60.84,60.84,60.84,1,CLZ5
2025-11-12 03:43:00+00:00,33,1,651434,60.84,60.84,60.83,60.83,31,CLZ5
2025-11-12 03:44:00+00:00,33,1,651434,60.83,60.83,60.83,60.83,4,CLZ5
2025-11-12 03:45:00+00:00,33,1,651434,60.84,60.84,60.84,60.84,8,CLZ5
2025-11-12 03:46:00+00:00,33,1,651434,60.84,60.85,60.84,60.84,5,CLZ5
2025-11-12 03:47:00+00:00,33,1,651434,60.84,60.84,60.84,60.84,4,CLZ5
2025-11-12 03:48:00+00:00,33,1,651434,60.85,60.85,60.84,60.84,10,CLZ5
2025-11-12 03:49:00+00:00,33,1,651434,60.84,60.84,60.84,60.84,1,CLZ5
2025-11-12 03:50:00+00:00,33,1,651434,60.85,60.85,60.85,60.85,1,CLZ5
2025-11-12 03:51:00+00:00,33,1,651434,60.85,60.85,60.81,60.81,49,CLZ5
2025-11-12 03:52:00+00:00,33,1,651434,60.82,60.82,60.81,60.81,22,CLZ5
2025-11-12 03:53:00+00:00,33,1,651434,60.82,60.82,60.82,60.82,8,CLZ5
2025-11-12 03:54:00+00:00,33,1,651434,60.82,60.82,60.81,60.81,7,CLZ5
2025-11-12 03:55:00+00:00,33,1,651434,60.81,60.81,60.78,60.8,61,CLZ5
2025-11-12 03:56:00+00:00,33,1,651434,60.79,60.79,60.79,60.79,35,CLZ5
2025-11-12 03:57:00+00:00,33,1,651434,60.79,60.8,60.79,60.8,4,CLZ5
2025-11-12 03:58:00+00:00,33,1,651434,60.79,60.8,60.79,60.79,17,CLZ5
2025-11-12 03:59:00+00:00,33,1,651434,60.79,60.8,60.79,60.8,4,CLZ5
2025-11-12 04:00:00+00:00,33,1,651434,60.8,60.81,60.8,60.81,7,CLZ5
2025-11-12 04:02:00+00:00,33,1,651434,60.81,60.81,60.81,60.81,16,CLZ5
2025-11-12 04:03:00+00:00,33,1,651434,60.81,60.81,60.8,60.81,17,CLZ5
2025-11-12 04:04:00+00:00,33,1,651434,60.8,60.81,60.8,60.81,13,CLZ5
2025-11-12 04:05:00+00:00,33,1,651434,60.81,60.81,60.8,60.8,3,CLZ5
2025-11-12 04:06:00+00:00,33,1,651434,60.8,60.8,60.8,60.8,1,CLZ5
2025-11-12 04:07:00+00:00,33,1,651434,60.81,60.81,60.81,60.81,15,CLZ5
2025-11-12 04:08:00+00:00,33,1,651434,60.82,60.83,60.82,60.82,11,CLZ5
2025-11-12 04:09:00+00:00,33,1,651434,60.82,60.82,60.82,60.82,4,CLZ5
2025-11-12 04:10:00+00:00,33,1,651434,60.82,60.82,60.81,60.82,12,CLZ5
2025-11-12 04:11:00+00:00,33,1,651434,60.82,60.82,60.82,60.82,7,CLZ5
2025-11-12 04:12:00+00:00,33,1,651434,60.83,60.84,60.83,60.84,13,CLZ5
2025-11-12 04:13:00+00:00,33,1,651434,60.84,60.85,60.84,60.84,29,CLZ5
2025-11-12 04:14:00+00:00,33,1,651434,60.83,60.83,60.83,60.83,1,CLZ5
2025-11-12 04:15:00+00:00,33,1,651434,60.83,60.85,60.83,60.84,42,CLZ5
2025-11-12 04:16:00+00:00,33,1,651434,60.84,60.84,60.83,60.83,2,CLZ5
2025-11-12 04:17:00+00:00,33,1,651434,60.83,60.83,60.83,60.83,6,CLZ5
2025-11-12 04:18:00+00:00,33,1,651434,60.82,60.85,60.82,60.85,15,CLZ5
2025-11-12 04:19:00+00:00,33,1,651434,60.85,60.9,60.85,60.89,113,CLZ5
2025-11-12 04:20:00+00:00,33,1,651434,60.89,60.9,60.89,60.89,26,CLZ5
2025-11-12 04:21:00+00:00,33,1,651434,60.89,60.89,60.88,60.88,18,CLZ5
2025-11-12 04:22:00+00:00,33,1,651434,60.88,60.89,60.88,60.89,13,CLZ5
2025-11-12 04:23:00+00:00,33,1,651434,60.88,60.89,60.87,60.88,24,CLZ5
2025-11-12 04:24:00+00:00,33,1,651434,60.88,60.88,60.87,60.87,10,CLZ5
2025-11-12 04:25:00+00:00,33,1,651434,60.86,60.86,60.86,60.86,13,CLZ5
2025-11-12 04:26:00+00:00,33,1,651434,60.87,60.87,60.86,60.86,3,CLZ5
2025-11-12 04:27:00+00:00,33,1,651434,60.87,60.88,60.86,60.86,26,CLZ5
2025-11-12 04:28:00+00:00,33,1,651434,60.87,60.87,60.85,60.86,8,CLZ5
2025-11-12 04:29:00+00:00,33,1,651434,60.87,60.87,60.86,60.87,14,CLZ5
2025-11-12 04:30:00+00:00,33,1,651434,60.86,60.86,60.85,60.85,16,CLZ5
2025-11-12 04:31:00+00:00,33,1,651434,60.86,60.86,60.85,60.85,10,CLZ5
2025-11-12 04:32:00+00:00,33,1,651434,60.85,60.86,60.85,60.85,3,CLZ5
2025-11-12 04:33:00+00:00,33,1,651434,60.85,60.86,60.85,60.85,5,CLZ5
2025-11-12 04:34:00+00:00,33,1,651434,60.85,60.85,60.84,60.84,6,CLZ5
2025-11-12 04:35:00+00:00,33,1,651434,60.84,60.84,60.84,60.84,2,CLZ5
2025-11-12 04:36:00+00:00,33,1,651434,60.84,60.84,60.84,60.84,1,CLZ5
2025-11-12 04:37:00+00:00,33,1,651434,60.84,60.84,60.83,60.84,16,CLZ5
2025-11-12 04:38:00+00:00,33,1,651434,60.84,60.84,60.84,60.84,2,CLZ5
2025-11-12 04:39:00+00:00,33,1,651434,60.85,60.85,60.84,60.85,7,CLZ5
2025-11-12 04:40:00+00:00,33,1,651434,60.84,60.85,60.83,60.85,17,CLZ5
2025-11-12 04:41:00+00:00,33,1,651434,60.85,60.85,60.83,60.84,17,CLZ5
2025-11-12 04:42:00+00:00,33,1,651434,60.84,60.85,60.84,60.85,4,CLZ5
2025-11-12 04:43:00+00:00,33,1,651434,60.85,60.85,60.84,60.84,8,CLZ5
2025-11-12 04:44:00+00:00,33,1,651434,60.84,60.84,60.84,60.84,10,CLZ5
2025-11-12 04:45:00+00:00,33,1,651434,60.85,60.86,60.85,60.85,24,CLZ5
2025-11-12 04:46:00+00:00,33,1,651434,60.85,60.85,60.84,60.84,4,CLZ5
2025-11-12 04:47:00+00:00,33,1,651434,60.84,60.85,60.84,60.85,4,CLZ5
2025-11-12 04:48:00+00:00,33,1,651434,60.85,60.85,60.85,60.85,4,CLZ5
2025-11-12 04:49:00+00:00,33,1,651434,60.86,60.86,60.84,60.84,12,CLZ5
2025-11-12 04:50:00+00:00,33,1,651434,60.84,60.84,60.83,60.83,12,CLZ5
2025-11-12 04:51:00+00:00,33,1,651434,60.83,60.83,60.82,60.83,64,CLZ5
2025-11-12 04:52:00+00:00,33,1,651434,60.83,60.83,60.83,60.83,2,CLZ5
2025-11-12 04:53:00+00:00,33,1,651434,60.82,60.83,60.82,60.83,14,CLZ5
2025-11-12 04:55:00+00:00,33,1,651434,60.83,60.83,60.83,60.83,1,CLZ5
2025-11-12 04:56:00+00:00,33,1,651434,60.83,60.83,60.81,60.81,27,CLZ5
2025-11-12 04:57:00+00:00,33,1,651434,60.81,60.82,60.81,60.82,5,CLZ5
2025-11-12 04:58:00+00:00,33,1,651434,60.82,60.83,60.82,60.83,5,CLZ5
2025-11-12 04:59:00+00:00,33,1,651434,60.83,60.83,60.83,60.83,1,CLZ5
2025-11-12 05:00:00+00:00,33,1,651434,60.84,60.84,60.83,60.84,40,CLZ5
2025-11-12 05:01:00+00:00,33,1,651434,60.83,60.83,60.82,60.83,13,CLZ5
2025-11-12 05:02:00+00:00,33,1,651434,60.84,60.84,60.83,60.84,13,CLZ5
2025-11-12 05:03:00+00:00,33,1,651434,60.83,60.83,60.83,60.83,1,CLZ5
2025-11-12 05:04:00+00:00,33,1,651434,60.84,60.84,60.83,60.83,7,CLZ5
2025-11-12 05:05:00+00:00,33,1,651434,60.83,60.83,60.82,60.82,18,CLZ5
2025-11-12 05:06:00+00:00,33,1,651434,60.82,60.82,60.81,60.81,8,CLZ5
2025-11-12 05:07:00+00:00,33,1,651434,60.82,60.82,60.81,60.82,15,CLZ5
2025-11-12 05:08:00+00:00,33,1,651434,60.81,60.82,60.81,60.82,2,CLZ5
2025-11-12 05:09:00+00:00,33,1,651434,60.81,60.81,60.81,60.81,1,CLZ5
2025-11-12 05:10:00+00:00,33,1,651434,60.81,60.81,60.8,60.8,46,CLZ5
2025-11-12 05:11:00+00:00,33,1,651434,60.8,60.8,60.8,60.8,8,CLZ5
2025-11-12 05:12:00+00:00,33,1,651434,60.79,60.81,60.79,60.81,27,CLZ5
2025-11-12 05:13:00+00:00,33,1,651434,60.81,60.81,60.8,60.8,15,CLZ5
2025-11-12 05:14:00+00:00,33,1,651434,60.81,60.81,60.79,60.81,36,CLZ5
2025-11-12 05:15:00+00:00,33,1,651434,60.8,60.8,60.8,60.8,8,CLZ5
2025-11-12 05:16:00+00:00,33,1,651434,60.81,60.81,60.81,60.81,7,CLZ5
2025-11-12 05:17:00+00:00,33,1,651434,60.81,60.81,60.79,60.79,4,CLZ5
2025-11-12 05:18:00+00:00,33,1,651434,60.79,60.8,60.79,60.8,20,CLZ5
2025-11-12 05:19:00+00:00,33,1,651434,60.8,60.81,60.8,60.81,12,CLZ5
2025-11-12 05:20:00+00:00,33,1,651434,60.8,60.83,60.8,60.82,25,CLZ5
2025-11-12 05:21:00+00:00,33,1,651434,60.81,60.83,60.81,60.83,36,CLZ5
2025-11-12 05:22:00+00:00,33,1,651434,60.84,60.85,60.84,60.84,31,CLZ5
2025-11-12 05:23:00+00:00,33,1,651434,60.83,60.84,60.83,60.84,4,CLZ5
2025-11-12 05:24:00+00:00,33,1,651434,60.84,60.84,60.84,60.84,7,CLZ5
2025-11-12 05:25:00+00:00,33,1,651434,60.84,60.84,60.84,60.84,4,CLZ5
2025-11-12 05:26:00+00:00,33,1,651434,60.83,60.83,60.82,60.82,23,CLZ5
2025-11-12 05:27:00+00:00,33,1,651434,60.82,60.82,60.82,60.82,6,CLZ5
2025-11-12 05:28:00+00:00,33,1,651434,60.82,60.83,60.82,60.83,11,CLZ5
2025-11-12 05:29:00+00:00,33,1,651434,60.83,60.83,60.82,60.82,7,CLZ5
2025-11-12 05:30:00+00:00,33,1,651434,60.81,60.81,60.8,60.81,65,CLZ5
2025-11-12 05:31:00+00:00,33,1,651434,60.82,60.82,60.8,60.8,33,CLZ5
2025-11-12 05:32:00+00:00,33,1,651434,60.81,60.81,60.81,60.81,5,CLZ5
2025-11-12 05:33:00+00:00,33,1,651434,60.8,60.81,60.8,60.81,2,CLZ5
2025-11-12 05:34:00+00:00,33,1,651434,60.8,60.8,60.77,60.78,61,CLZ5
2025-11-12 05:35:00+00:00,33,1,651434,60.78,60.78,60.75,60.77,94,CLZ5
2025-11-12 05:36:00+00:00,33,1,651434,60.77,60.77,60.77,60.77,32,CLZ5
2025-11-12 05:37:00+00:00,33,1,651434,60.78,60.78,60.78,60.78,6,CLZ5
2025-11-12 05:38:00+00:00,33,1,651434,60.78,60.78,60.78,60.78,14,CLZ5
2025-11-12 05:39:00+00:00,33,1,651434,60.78,60.78,60.78,60.78,14,CLZ5
2025-11-12 05:40:00+00:00,33,1,651434,60.77,60.77,60.77,60.77,18,CLZ5
2025-11-12 05:41:00+00:00,33,1,651434,60.78,60.8,60.78,60.79,38,CLZ5
2025-11-12 05:42:00+00:00,33,1,651434,60.79,60.8,60.79,60.8,11,CLZ5
2025-11-12 05:43:00+00:00,33,1,651434,60.8,60.8,60.79,60.8,10,CLZ5
2025-11-12 05:44:00+00:00,33,1,651434,60.81,60.81,60.8,60.81,30,CLZ5
2025-11-12 05:45:00+00:00,33,1,651434,60.82,60.83,60.82,60.83,12,CLZ5
2025-11-12 05:46:00+00:00,33,1,651434,60.84,60.84,60.83,60.83,6,CLZ5
2025-11-12 05:47:00+00:00,33,1,651434,60.84,60.84,60.84,60.84,18,CLZ5
2025-11-12 05:48:00+00:00,33,1,651434,60.84,60.84,60.83,60.83,12,CLZ5
2025-11-12 05:49:00+00:00,33,1,651434,60.83,60.83,60.83,60.83,10,CLZ5
2025-11-12 05:50:00+00:00,33,1,651434,60.83,60.83,60.82,60.82,14,CLZ5
2025-11-12 05:51:00+00:00,33,1,651434,60.82,60.82,60.82,60.82,13,CLZ5
2025-11-12 05:52:00+00:00,33,1,651434,60.82,60.82,60.81,60.82,11,CLZ5
2025-11-12 05:53:00+00:00,33,1,651434,60.82,60.82,60.81,60.81,17,CLZ5
2025-11-12 05:54:00+00:00,33,1,651434,60.81,60.82,60.81,60.82,13,CLZ5
2025-11-12 05:55:00+00:00,33,1,651434,60.81,60.82,60.81,60.82,2,CLZ5
2025-11-12 05:56:00+00:00,33,1,651434,60.82,60.82,60.81,60.81,4,CLZ5
2025-11-12 05:57:00+00:00,33,1,651434,60.81,60.81,60.8,60.8,4,CLZ5
2025-11-12 05:59:00+00:00,33,1,651434,60.8,60.8,60.8,60.8,1,CLZ5
2025-11-12 06:00:00+00:00,33,1,651434,60.8,60.8,60.79,60.79,19,CLZ5
2025-11-12 06:01:00+00:00,33,1,651434,60.79,60.79,60.79,60.79,20,CLZ5
2025-11-12 06:02:00+00:00,33,1,651434,60.79,60.79,60.78,60.78,27,CLZ5
2025-11-12 06:04:00+00:00,33,1,651434,60.78,60.79,60.78,60.79,8,CLZ5
2025-11-12 06:05:00+00:00,33,1,651434,60.79,60.8,60.79,60.79,34,CLZ5
2025-11-12 06:06:00+00:00,33,1,651434,60.8,60.8,60.8,60.8,20,CLZ5
2025-11-12 06:07:00+00:00,33,1,651434,60.79,60.8,60.79,60.8,10,CLZ5
2025-11-12 06:08:00+00:00,33,1,651434,60.81,60.83,60.81,60.82,50,CLZ5
2025-11-12 06:09:00+00:00,33,1,651434,60.81,60.81,60.81,60.81,6,CLZ5
2025-11-12 06:10:00+00:00,33,1,651434,60.8,60.8,60.8,60.8,4,CLZ5
2025-11-12 06:12:00+00:00,33,1,651434,60.81,60.81,60.81,60.81,2,CLZ5
2025-11-12 06:13:00+00:00,33,1,651434,60.82,60.82,60.8,60.8,31,CLZ5
2025-11-12 06:14:00+00:00,33,1,651434,60.8,60.8,60.8,60.8,3,CLZ5
2025-11-12 06:15:00+00:00,33,1,651434,60.8,60.8,60.8,60.8,6,CLZ5
2025-11-12 06:17:00+00:00,33,1,651434,60.8,60.8,60.8,60.8,1,CLZ5
2025-11-12 06:18:00+00:00,33,1,651434,60.8,60.81,60.8,60.8,19,CLZ5
2025-11-12 06:19:00+00:00,33,1,651434,60.8,60.8,60.8,60.8,1,CLZ5
2025-11-12 06:20:00+00:00,33,1,651434,60.81,60.81,60.81,60.81,14,CLZ5
2025-11-12 06:21:00+00:00,33,1,651434,60.82,60.82,60.82,60.82,6,CLZ5
2025-11-12 06:22:00+00:00,33,1,651434,60.82,60.82,60.81,60.81,63,CLZ5
2025-11-12 06:23:00+00:00,33,1,651434,60.82,60.82,60.81,60.82,107,CLZ5
2025-11-12 06:24:00+00:00,33,1,651434,60.82,60.84,60.82,60.82,45,CLZ5
2025-11-12 06:25:00+00:00,33,1,651434,60.82,60.83,60.82,60.83,4,CLZ5
2025-11-12 06:26:00+00:00,33,1,651434,60.83,60.83,60.83,60.83,4,CLZ5
2025-11-12 06:27:00+00:00,33,1,651434,60.83,60.84,60.83,60.84,8,CLZ5
2025-11-12 06:28:00+00:00,33,1,651434,60.83,60.84,60.82,60.84,49,CLZ5
2025-11-12 06:29:00+00:00,33,1,651434,60.84,60.84,60.84,60.84,6,CLZ5
2025-11-12 06:30:00+00:00,33,1,651434,60.84,60.84,60.82,60.84,51,CLZ5
2025-11-12 06:31:00+00:00,33,1,651434,60.85,60.85,60.84,60.84,6,CLZ5
2025-11-12 06:32:00+00:00,33,1,651434,60.84,60.85,60.84,60.85,13,CLZ5
2025-11-12 06:33:00+00:00,33,1,651434,60.85,60.86,60.84,60.86,57,CLZ5
2025-11-12 06:34:00+00:00,33,1,651434,60.85,60.85,60.85,60.85,2,CLZ5
2025-11-12 06:35:00+00:00,33,1,651434,60.86,60.87,60.86,60.86,13,CLZ5
2025-11-12 06:36:00+00:00,33,1,651434,60.87,60.88,60.86,60.87,57,CLZ5
2025-11-12 06:37:00+00:00,33,1,651434,60.87,60.87,60.85,60.85,14,CLZ5
2025-11-12 06:38:00+00:00,33,1,651434,60.85,60.85,60.85,60.85,18,CLZ5
2025-11-12 06:39:00+00:00,33,1,651434,60.85,60.85,60.85,60.85,2,CLZ5
2025-11-12 06:40:00+00:00,33,1,651434,60.85,60.86,60.84,60.85,21,CLZ5
2025-11-12 06:41:00+00:00,33,1,651434,60.84,60.84,60.83,60.83,7,CLZ5
2025-11-12 06:42:00+00:00,33,1,651434,60.83,60.84,60.83,60.84,12,CLZ5
2025-11-12 06:43:00+00:00,33,1,651434,60.84,60.84,60.82,60.82,21,CLZ5
2025-11-12 06:44:00+00:00,33,1,651434,60.83,60.83,60.82,60.82,11,CLZ5
2025-11-12 06:45:00+00:00,33,1,651434,60.83,60.85,60.83,60.84,35,CLZ5
2025-11-12 06:46:00+00:00,33,1,651434,60.84,60.84,60.83,60.83,11,CLZ5
2025-11-12 06:47:00+00:00,33,1,651434,60.83,60.83,60.82,60.82,21,CLZ5
2025-11-12 06:48:00+00:00,33,1,651434,60.82,60.82,60.8,60.81,29,CLZ5
2025-11-12 06:49:00+00:00,33,1,651434,60.81,60.83,60.81,60.83,17,CLZ5
2025-11-12 06:50:00+00:00,33,1,651434,60.82,60.83,60.82,60.83,21,CLZ5
2025-11-12 06:51:00+00:00,33,1,651434,60.82,60.82,60.81,60.82,18,CLZ5
2025-11-12 06:52:00+00:00,33,1,651434,60.82,60.82,60.82,60.82,16,CLZ5
2025-11-12 06:53:00+00:00,33,1,651434,60.82,60.82,60.82,60.82,33,CLZ5
2025-11-12 06:54:00+00:00,33,1,651434,60.82,60.83,60.81,60.82,34,CLZ5
2025-11-12 06:55:00+00:00,33,1,651434,60.81,60.83,60.8,60.8,65,CLZ5
2025-11-12 06:56:00+00:00,33,1,651434,60.8,60.82,60.8,60.81,16,CLZ5
2025-11-12 06:57:00+00:00,33,1,651434,60.8,60.8,60.79,60.79,8,CLZ5
2025-11-12 06:58:00+00:00,33,1,651434,60.8,60.8,60.78,60.78,17,CLZ5
2025-11-12 06:59:00+00:00,33,1,651434,60.78,60.79,60.78,60.78,4,CLZ5
2025-11-12 07:00:00+00:00,33,1,651434,60.79,60.8,60.75,60.79,149,CLZ5
2025-11-12 07:01:00+00:00,33,1,651434,60.79,60.79,60.77,60.78,27,CLZ5
2025-11-12 07:02:00+00:00,33,1,651434,60.78,60.8,60.77,60.79,54,CLZ5
2025-11-12 07:03:00+00:00,33,1,651434,60.78,60.78,60.77,60.77,8,CLZ5
2025-11-12 07:04:00+00:00,33,1,651434,60.78,60.81,60.78,60.81,43,CLZ5
2025-11-12 07:05:00+00:00,33,1,651434,60.82,60.83,60.81,60.83,26,CLZ5
2025-11-12 07:06:00+00:00,33,1,651434,60.84,60.85,60.83,60.84,59,CLZ5
2025-11-12 07:07:00+00:00,33,1,651434,60.84,60.85,60.84,60.84,12,CLZ5
2025-11-12 07:08:00+00:00,33,1,651434,60.83,60.83,60.81,60.82,59,CLZ5
2025-11-12 07:09:00+00:00,33,1,651434,60.82,60.83,60.82,60.82,4,CLZ5
2025-11-12 07:10:00+00:00,33,1,651434,60.81,60.81,60.8,60.81,21,CLZ5
2025-11-12 07:11:00+00:00,33,1,651434,60.81,60.83,60.8,60.82,40,CLZ5
2025-11-12 07:12:00+00:00,33,1,651434,60.81,60.81,60.8,60.8,18,CLZ5
2025-11-12 07:13:00+00:00,33,1,651434,60.79,60.81,60.79,60.8,24,CLZ5
2025-11-12 07:14:00+00:00,33,1,651434,60.8,60.82,60.8,60.82,5,CLZ5
2025-11-12 07:15:00+00:00,33,1,651434,60.82,60.82,60.82,60.82,4,CLZ5
2025-11-12 07:16:00+00:00,33,1,651434,60.81,60.81,60.77,60.78,125,CLZ5
2025-11-12 07:17:00+00:00,33,1,651434,60.78,60.78,60.77,60.77,4,CLZ5
2025-11-12 07:18:00+00:00,33,1,651434,60.78,60.79,60.77,60.79,30,CLZ5
2025-11-12 07:19:00+00:00,33,1,651434,60.79,60.8,60.78,60.78,35,CLZ5
2025-11-12 07:20:00+00:00,33,1,651434,60.8,60.8,60.76,60.77,39,CLZ5
2025-11-12 07:21:00+00:00,33,1,651434,60.76,60.78,60.75,60.78,30,CLZ5
2025-11-12 07:22:00+00:00,33,1,651434,60.77,60.79,60.77,60.79,20,CLZ5
2025-11-12 07:23:00+00:00,33,1,651434,60.79,60.79,60.79,60.79,6,CLZ5
2025-11-12 07:24:00+00:00,33,1,651434,60.79,60.8,60.79,60.79,28,CLZ5
2025-11-12 07:25:00+00:00,33,1,651434,60.78,60.8,60.78,60.8,9,CLZ5
2025-11-12 07:26:00+00:00,33,1,651434,60.8,60.82,60.8,60.82,14,CLZ5
2025-11-12 07:27:00+00:00,33,1,651434,60.83,60.83,60.82,60.82,27,CLZ5
2025-11-12 07:29:00+00:00,33,1,651434,60.82,60.83,60.81,60.81,25,CLZ5
2025-11-12 07:30:00+00:00,33,1,651434,60.81,60.81,60.77,60.77,40,CLZ5
2025-11-12 07:31:00+00:00,33,1,651434,60.77,60.77,60.74,60.75,71,CLZ5
2025-11-12 07:32:00+00:00,33,1,651434,60.76,60.77,60.75,60.75,88,CLZ5
2025-11-12 07:33:00+00:00,33,1,651434,60.74,60.74,60.73,60.73,57,CLZ5
2025-11-12 07:34:00+00:00,33,1,651434,60.73,60.75,60.73,60.75,39,CLZ5
2025-11-12 07:35:00+00:00,33,1,651434,60.74,60.75,60.74,60.74,32,CLZ5
2025-11-12 07:36:00+00:00,33,1,651434,60.74,60.76,60.73,60.75,56,CLZ5
2025-11-12 07:37:00+00:00,33,1,651434,60.74,60.74,60.72,60.73,112,CLZ5
2025-11-12 07:38:00+00:00,33,1,651434,60.72,60.77,60.71,60.77,219,CLZ5
2025-11-12 07:39:00+00:00,33,1,651434,60.77,60.77,60.76,60.76,9,CLZ5
2025-11-12 07:40:00+00:00,33,1,651434,60.76,60.77,60.76,60.77,68,CLZ5
2025-11-12 07:41:00+00:00,33,1,651434,60.77,60.78,60.77,60.78,35,CLZ5
2025-11-12 07:42:00+00:00,33,1,651434,60.79,60.79,60.74,60.76,104,CLZ5
2025-11-12 07:43:00+00:00,33,1,651434,60.76,60.76,60.75,60.76,23,CLZ5
2025-11-12 07:44:00+00:00,33,1,651434,60.76,60.76,60.75,60.75,20,CLZ5
2025-11-12 07:45:00+00:00,33,1,651434,60.74,60.74,60.74,60.74,18,CLZ5
2025-11-12 07:46:00+00:00,33,1,651434,60.73,60.74,60.73,60.73,40,CLZ5
2025-11-12 07:47:00+00:00,33,1,651434,60.72,60.74,60.71,60.73,127,CLZ5
2025-11-12 07:48:00+00:00,33,1,651434,60.73,60.75,60.72,60.75,22,CLZ5
2025-11-12 07:49:00+00:00,33,1,651434,60.75,60.77,60.75,60.77,62,CLZ5
2025-11-12 07:50:00+00:00,33,1,651434,60.77,60.77,60.75,60.75,40,CLZ5
2025-11-12 07:51:00+00:00,33,1,651434,60.75,60.79,60.74,60.78,112,CLZ5
2025-11-12 07:52:00+00:00,33,1,651434,60.78,60.8,60.77,60.8,28,CLZ5
2025-11-12 07:53:00+00:00,33,1,651434,60.79,60.8,60.79,60.8,34,CLZ5
2025-11-12 07:54:00+00:00,33,1,651434,60.79,60.8,60.78,60.78,41,CLZ5
2025-11-12 07:55:00+00:00,33,1,651434,60.77,60.77,60.72,60.72,87,CLZ5
2025-11-12 07:56:00+00:00,33,1,651434,60.72,60.73,60.71,60.73,34,CLZ5
2025-11-12 07:57:00+00:00,33,1,651434,60.72,60.72,60.71,60.71,29,CLZ5
2025-11-12 07:58:00+00:00,33,1,651434,60.71,60.73,60.71,60.71,54,CLZ5
2025-11-12 07:59:00+00:00,33,1,651434,60.71,60.72,60.7,60.71,22,CLZ5
2025-11-12 08:00:00+00:00,33,1,651434,60.71,60.73,60.68,60.72,202,CLZ5
2025-11-12 08:01:00+00:00,33,1,651434,60.72,60.73,60.71,60.72,60,CLZ5
2025-11-12 08:02:00+00:00,33,1,651434,60.72,60.72,60.72,60.72,34,CLZ5
2025-11-12 08:03:00+00:00,33,1,651434,60.72,60.75,60.72,60.73,69,CLZ5
2025-11-12 08:04:00+00:00,33,1,651434,60.75,60.77,60.74,60.77,73,CLZ5
2025-11-12 08:05:00+00:00,33,1,651434,60.77,60.78,60.75,60.75,57,CLZ5
2025-11-12 08:06:00+00:00,33,1,651434,60.75,60.76,60.73,60.76,48,CLZ5
2025-11-12 08:07:00+00:00,33,1,651434,60.76,60.77,60.74,60.77,75,CLZ5
2025-11-12 08:08:00+00:00,33,1,651434,60.78,60.79,60.77,60.77,59,CLZ5
2025-11-12 08:09:00+00:00,33,1,651434,60.76,60.76,60.74,60.75,27,CLZ5
2025-11-12 08:10:00+00:00,33,1,651434,60.74,60.76,60.73,60.74,72,CLZ5
2025-11-12 08:11:00+00:00,33,1,651434,60.75,60.76,60.74,60.74,13,CLZ5
2025-11-12 08:12:00+00:00,33,1,651434,60.73,60.74,60.72,60.72,87,CLZ5
2025-11-12 08:13:00+00:00,33,1,651434,60.73,60.73,60.72,60.72,35,CLZ5
2025-11-12 08:14:00+00:00,33,1,651434,60.72,60.74,60.72,60.74,10,CLZ5
2025-11-12 08:15:00+00:00,33,1,651434,60.74,60.76,60.73,60.76,29,CLZ5
2025-11-12 08:16:00+00:00,33,1,651434,60.75,60.76,60.75,60.75,9,CLZ5
2025-11-12 08:17:00+00:00,33,1,651434,60.75,60.76,60.75,60.75,29,CLZ5
2025-11-12 08:18:00+00:00,33,1,651434,60.75,60.76,60.75,60.76,27,CLZ5
2025-11-12 08:19:00+00:00,33,1,651434,60.74,60.75,60.73,60.75,31,CLZ5
2025-11-12 08:20:00+00:00,33,1,651434,60.74,60.74,60.71,60.72,58,CLZ5
2025-11-12 08:21:00+00:00,33,1,651434,60.72,60.72,60.69,60.69,42,CLZ5
2025-11-12 08:22:00+00:00,33,1,651434,60.69,60.69,60.68,60.69,95,CLZ5
2025-11-12 08:23:00+00:00,33,1,651434,60.69,60.71,60.69,60.71,67,CLZ5
2025-11-12 08:24:00+00:00,33,1,651434,60.71,60.71,60.67,60.69,64,CLZ5
2025-11-12 08:25:00+00:00,33,1,651434,60.69,60.7,60.68,60.69,25,CLZ5
2025-11-12 08:26:00+00:00,33,1,651434,60.68,60.69,60.67,60.68,58,CLZ5
2025-11-12 08:27:00+00:00,33,1,651434,60.68,60.69,60.68,60.68,30,CLZ5
2025-11-12 08:28:00+00:00,33,1,651434,60.67,60.69,60.66,60.68,150,CLZ5
2025-11-12 08:29:00+00:00,33,1,651434,60.69,60.73,60.69,60.69,247,CLZ5
2025-11-12 08:30:00+00:00,33,1,651434,60.68,60.68,60.62,60.64,479,CLZ5
2025-11-12 08:31:00+00:00,33,1,651434,60.64,60.65,60.62,60.65,141,CLZ5
2025-11-12 08:32:00+00:00,33,1,651434,60.65,60.66,60.58,60.61,249,CLZ5
2025-11-12 08:33:00+00:00,33,1,651434,60.61,60.64,60.61,60.64,121,CLZ5
2025-11-12 08:34:00+00:00,33,1,651434,60.63,60.68,60.63,60.67,156,CLZ5
2025-11-12 08:35:00+00:00,33,1,651434,60.66,60.66,60.64,60.65,35,CLZ5
2025-11-12 08:36:00+00:00,33,1,651434,60.65,60.67,60.64,60.67,52,CLZ5
2025-11-12 08:37:00+00:00,33,1,651434,60.67,60.74,60.67,60.72,212,CLZ5
2025-11-12 08:38:00+00:00,33,1,651434,60.73,60.73,60.7,60.72,98,CLZ5
2025-11-12 08:39:00+00:00,33,1,651434,60.73,60.74,60.71,60.71,55,CLZ5
2025-11-12 08:40:00+00:00,33,1,651434,60.71,60.73,60.67,60.71,159,CLZ5
2025-11-12 08:41:00+00:00,33,1,651434,60.71,60.72,60.69,60.72,48,CLZ5
2025-11-12 08:42:00+00:00,33,1,651434,60.72,60.72,60.69,60.69,46,CLZ5
2025-11-12 08:43:00+00:00,33,1,651434,60.68,60.7,60.68,60.7,42,CLZ5
2025-11-12 08:44:00+00:00,33,1,651434,60.71,60.72,60.69,60.72,79,CLZ5
2025-11-12 08:45:00+00:00,33,1,651434,60.72,60.73,60.71,60.72,43,CLZ5
2025-11-12 08:46:00+00:00,33,1,651434,60.72,60.72,60.7,60.7,29,CLZ5
2025-11-12 08:47:00+00:00,33,1,651434,60.7,60.72,60.68,60.7,33,CLZ5
2025-11-12 08:48:00+00:00,33,1,651434,60.69,60.7,60.69,60.69,31,CLZ5
2025-11-12 08:49:00+00:00,33,1,651434,60.69,60.7,60.68,60.68,34,CLZ5
2025-11-12 08:50:00+00:00,33,1,651434,60.67,60.69,60.67,60.67,38,CLZ5
2025-11-12 08:51:00+00:00,33,1,651434,60.67,60.67,60.59,60.61,274,CLZ5
2025-11-12 08:52:00+00:00,33,1,651434,60.6,60.62,60.6,60.61,46,CLZ5
2025-11-12 08:53:00+00:00,33,1,651434,60.6,60.62,60.6,60.61,52,CLZ5
2025-11-12 08:54:00+00:00,33,1,651434,60.61,60.62,60.61,60.62,18,CLZ5
2025-11-12 08:55:00+00:00,33,1,651434,60.62,60.63,60.59,60.6,93,CLZ5
2025-11-12 08:56:00+00:00,33,1,651434,60.6,60.6,60.59,60.6,105,CLZ5
2025-11-12 08:57:00+00:00,33,1,651434,60.61,60.62,60.6,60.61,56,CLZ5
2025-11-12 08:58:00+00:00,33,1,651434,60.61,60.61,60.59,60.6,55,CLZ5
2025-11-12 08:59:00+00:00,33,1,651434,60.6,60.6,60.56,60.58,173,CLZ5
2025-11-12 09:00:00+00:00,33,1,651434,60.59,60.61,60.56,60.58,196,CLZ5
2025-11-12 09:01:00+00:00,33,1,651434,60.58,60.59,60.54,60.59,491,CLZ5
2025-11-12 09:02:00+00:00,33,1,651434,60.59,60.62,60.58,60.61,104,CLZ5
2025-11-12 09:03:00+00:00,33,1,651434,60.61,60.61,60.59,60.6,54,CLZ5
2025-11-12 09:04:00+00:00,33,1,651434,60.6,60.63,60.59,60.63,88,CLZ5
2025-11-12 09:05:00+00:00,33,1,651434,60.63,60.64,60.61,60.62,75,CLZ5
2025-11-12 09:06:00+00:00,33,1,651434,60.62,60.63,60.61,60.61,72,CLZ5
2025-11-12 09:07:00+00:00,33,1,651434,60.61,60.61,60.59,60.6,50,CLZ5
2025-11-12 09:08:00+00:00,33,1,651434,60.61,60.61,60.58,60.58,194,CLZ5
2025-11-12 09:09:00+00:00,33,1,651434,60.58,60.59,60.57,60.58,52,CLZ5
2025-11-12 09:10:00+00:00,33,1,651434,60.58,60.6,60.58,60.6,48,CLZ5
2025-11-12 09:11:00+00:00,33,1,651434,60.6,60.61,60.59,60.6,19,CLZ5
2025-11-12 09:12:00+00:00,33,1,651434,60.6,60.6,60.59,60.59,21,CLZ5
2025-11-12 09:13:00+00:00,33,1,651434,60.59,60.6,60.58,60.6,60,CLZ5
2025-11-12 09:14:00+00:00,33,1,651434,60.6,60.62,60.6,60.61,21,CLZ5
2025-11-12 09:15:00+00:00,33,1,651434,60.61,60.65,60.61,60.65,67,CLZ5
2025-11-12 09:16:00+00:00,33,1,651434,60.65,60.66,60.62,60.65,44,CLZ5
2025-11-12 09:17:00+00:00,33,1,651434,60.66,60.66,60.63,60.64,74,CLZ5
2025-11-12 09:18:00+00:00,33,1,651434,60.64,60.65,60.62,60.63,49,CLZ5
2025-11-12 09:19:00+00:00,33,1,651434,60.63,60.65,60.62,60.62,68,CLZ5
2025-11-12 09:20:00+00:00,33,1,651434,60.62,60.62,60.6,60.6,62,CLZ5
2025-11-12 09:21:00+00:00,33,1,651434,60.6,60.6,60.58,60.59,46,CLZ5
2025-11-12 09:22:00+00:00,33,1,651434,60.59,60.6,60.58,60.6,82,CLZ5
2025-11-12 09:23:00+00:00,33,1,651434,60.61,60.61,60.59,60.59,28,CLZ5
2025-11-12 09:24:00+00:00,33,1,651434,60.59,60.6,60.58,60.6,40,CLZ5
2025-11-12 09:25:00+00:00,33,1,651434,60.6,60.63,60.59,60.6,138,CLZ5
2025-11-12 09:26:00+00:00,33,1,651434,60.59,60.61,60.59,60.6,41,CLZ5
2025-11-12 09:27:00+00:00,33,1,651434,60.6,60.62,60.6,60.61,31,CLZ5
2025-11-12 09:28:00+00:00,33,1,651434,60.6,60.62,60.58,60.6,69,CLZ5
2025-11-12 09:29:00+00:00,33,1,651434,60.6,60.62,60.58,60.62,140,CLZ5
2025-11-12 09:30:00+00:00,33,1,651434,60.6,60.6,60.53,60.54,227,CLZ5
2025-11-12 09:31:00+00:00,33,1,651434,60.54,60.55,60.52,60.55,119,CLZ5
2025-11-12 09:32:00+00:00,33,1,651434,60.56,60.58,60.55,60.58,55,CLZ5
2025-11-12 09:33:00+00:00,33,1,651434,60.58,60.59,60.53,60.54,42,CLZ5
2025-11-12 09:34:00+00:00,33,1,651434,60.54,60.54,60.52,60.53,47,CLZ5
2025-11-12 09:35:00+00:00,33,1,651434,60.52,60.52,60.47,60.5,405,CLZ5
2025-11-12 09:36:00+00:00,33,1,651434,60.5,60.5,60.45,60.46,252,CLZ5
2025-11-12 09:37:00+00:00,33,1,651434,60.46,60.47,60.46,60.47,134,CLZ5
2025-11-12 09:38:00+00:00,33,1,651434,60.47,60.47,60.46,60.46,83,CLZ5
2025-11-12 09:39:00+00:00,33,1,651434,60.46,60.46,60.46,60.46,16,CLZ5
2025-11-12 09:40:00+00:00,33,1,651434,60.46,60.5,60.45,60.45,240,CLZ5
2025-11-12 09:41:00+00:00,33,1,651434,60.46,60.46,60.45,60.45,108,CLZ5
2025-11-12 09:42:00+00:00,33,1,651434,60.45,60.46,60.43,60.43,148,CLZ5
2025-11-12 09:43:00+00:00,33,1,651434,60.43,60.44,60.41,60.44,246,CLZ5
2025-11-12 09:44:00+00:00,33,1,651434,60.43,60.43,60.42,60.43,89,CLZ5
2025-11-12 09:45:00+00:00,33,1,651434,60.42,60.46,60.41,60.42,160,CLZ5
2025-11-12 09:46:00+00:00,33,1,651434,60.41,60.47,60.41,60.46,119,CLZ5
2025-11-12 09:47:00+00:00,33,1,651434,60.46,60.48,60.44,60.47,68,CLZ5
2025-11-12 09:48:00+00:00,33,1,651434,60.47,60.49,60.46,60.48,63,CLZ5
2025-11-12 09:49:00+00:00,33,1,651434,60.48,60.48,60.46,60.47,68,CLZ5
2025-11-12 09:50:00+00:00,33,1,651434,60.46,60.47,60.46,60.47,44,CLZ5
2025-11-12 09:51:00+00:00,33,1,651434,60.47,60.47,60.45,60.47,125,CLZ5
2025-11-12 09:52:00+00:00,33,1,651434,60.47,60.48,60.45,60.48,76,CLZ5
2025-11-12 09:53:00+00:00,33,1,651434,60.48,60.49,60.48,60.48,7,CLZ5
2025-11-12 09:54:00+00:00,33,1,651434,60.48,60.51,60.48,60.51,121,CLZ5
2025-11-12 09:55:00+00:00,33,1,651434,60.5,60.51,60.5,60.5,53,CLZ5
2025-11-12 09:56:00+00:00,33,1,651434,60.5,60.5,60.45,60.45,53,CLZ5
2025-11-12 09:57:00+00:00,33,1,651434,60.45,60.46,60.45,60.46,13,CLZ5
2025-11-12 09:58:00+00:00,33,1,651434,60.45,60.47,60.45,60.46,120,CLZ5
2025-11-12 09:59:00+00:00,33,1,651434,60.47,60.47,60.43,60.43,43,CLZ5
2025-11-12 10:00:00+00:00,33,1,651434,60.42,60.44,60.41,60.42,89,CLZ5
2025-11-12 10:01:00+00:00,33,1,651434,60.43,60.46,60.43,60.46,98,CLZ5
2025-11-12 10:02:00+00:00,33,1,651434,60.44,60.44,60.38,60.39,309,CLZ5
2025-11-12 10:03:00+00:00,33,1,651434,60.39,60.41,60.36,60.4,224,CLZ5
2025-11-12 10:04:00+00:00,33,1,651434,60.39,60.41,60.39,60.41,51,CLZ5
2025-11-12 10:05:00+00:00,33,1,651434,60.4,60.43,60.39,60.43,72,CLZ5
2025-11-12 10:06:00+00:00,33,1,651434,60.43,60.43,60.41,60.42,22,CLZ5
2025-11-12 10:07:00+00:00,33,1,651434,60.42,60.45,60.42,60.44,102,CLZ5
2025-11-12 10:08:00+00:00,33,1,651434,60.44,60.46,60.42,60.43,119,CLZ5
2025-11-12 10:09:00+00:00,33,1,651434,60.42,60.45,60.41,60.45,52,CLZ5
2025-11-12 10:10:00+00:00,33,1,651434,60.45,60.46,60.45,60.45,64,CLZ5
2025-11-12 10:11:00+00:00,33,1,651434,60.46,60.48,60.46,60.48,31,CLZ5
2025-11-12 10:12:00+00:00,33,1,651434,60.48,60.48,60.44,60.45,95,CLZ5
2025-11-12 10:13:00+00:00,33,1,651434,60.44,60.5,60.44,60.49,200,CLZ5
2025-11-12 10:14:00+00:00,33,1,651434,60.48,60.5,60.48,60.48,58,CLZ5
2025-11-12 10:15:00+00:00,33,1,651434,60.48,60.49,60.47,60.49,208,CLZ5
2025-11-12 10:16:00+00:00,33,1,651434,60.47,60.52,60.47,60.47,180,CLZ5
2025-11-12 10:17:00+00:00,33,1,651434,60.47,60.48,60.46,60.47,81,CLZ5
2025-11-12 10:18:00+00:00,33,1,651434,60.46,60.47,60.44,60.46,60,CLZ5
2025-11-12 10:19:00+00:00,33,1,651434,60.46,60.48,60.45,60.47,60,CLZ5
2025-11-12 10:20:00+00:00,33,1,651434,60.48,60.49,60.46,60.46,84,CLZ5
2025-11-12 10:21:00+00:00,33,1,651434,60.45,60.45,60.42,60.42,114,CLZ5
2025-11-12 10:22:00+00:00,33,1,651434,60.43,60.46,60.41,60.46,77,CLZ5
2025-11-12 10:23:00+00:00,33,1,651434,60.46,60.48,60.46,60.47,34,CLZ5
2025-11-12 10:24:00+00:00,33,1,651434,60.46,60.46,60.44,60.44,47,CLZ5
2025-11-12 10:25:00+00:00,33,1,651434,60.45,60.47,60.43,60.44,61,CLZ5
2025-11-12 10:26:00+00:00,33,1,651434,60.44,60.45,60.43,60.43,34,CLZ5
2025-11-12 10:27:00+00:00,33,1,651434,60.44,60.5,60.44,60.5,84,CLZ5
2025-11-12 10:28:00+00:00,33,1,651434,60.49,60.49,60.47,60.49,73,CLZ5
2025-11-12 10:29:00+00:00,33,1,651434,60.49,60.5,60.47,60.49,46,CLZ5
2025-11-12 10:30:00+00:00,33,1,651434,60.49,60.49,60.44,60.46,42,CLZ5
2025-11-12 10:31:00+00:00,33,1,651434,60.46,60.46,60.45,60.45,17,CLZ5
2025-11-12 10:32:00+00:00,33,1,651434,60.46,60.47,60.44,60.44,38,CLZ5
2025-11-12 10:33:00+00:00,33,1,651434,60.45,60.48,60.45,60.48,31,CLZ5
2025-11-12 10:34:00+00:00,33,1,651434,60.48,60.49,60.47,60.47,36,CLZ5
2025-11-12 10:35:00+00:00,33,1,651434,60.48,60.48,60.46,60.46,34,CLZ5
2025-11-12 10:36:00+00:00,33,1,651434,60.46,60.46,60.44,60.44,148,CLZ5
2025-11-12 10:37:00+00:00,33,1,651434,60.44,60.45,60.43,60.43,29,CLZ5
2025-11-12 10:38:00+00:00,33,1,651434,60.43,60.47,60.43,60.44,111,CLZ5
2025-11-12 10:39:00+00:00,33,1,651434,60.44,60.46,60.44,60.46,56,CLZ5
2025-11-12 10:40:00+00:00,33,1,651434,60.45,60.45,60.42,60.42,51,CLZ5
2025-11-12 10:41:00+00:00,33,1,651434,60.42,60.44,60.42,60.44,84,CLZ5
2025-11-12 10:42:00+00:00,33,1,651434,60.43,60.44,60.43,60.44,83,CLZ5
2025-11-12 10:43:00+00:00,33,1,651434,60.43,60.43,60.42,60.42,89,CLZ5
2025-11-12 10:44:00+00:00,33,1,651434,60.43,60.49,60.43,60.49,84,CLZ5
2025-11-12 10:45:00+00:00,33,1,651434,60.49,60.5,60.47,60.47,22,CLZ5
2025-11-12 10:46:00+00:00,33,1,651434,60.47,60.47,60.45,60.46,28,CLZ5
2025-11-12 10:47:00+00:00,33,1,651434,60.46,60.49,60.46,60.48,60,CLZ5
2025-11-12 10:48:00+00:00,33,1,651434,60.48,60.49,60.48,60.49,25,CLZ5
2025-11-12 10:49:00+00:00,33,1,651434,60.49,60.56,60.49,60.53,225,CLZ5
2025-11-12 10:50:00+00:00,33,1,651434,60.53,60.54,60.5,60.52,124,CLZ5
2025-11-12 10:51:00+00:00,33,1,651434,60.52,60.53,60.51,60.51,22,CLZ5
2025-11-12 10:52:00+00:00,33,1,651434,60.51,60.55,60.51,60.55,60,CLZ5
2025-11-12 10:53:00+00:00,33,1,651434,60.55,60.57,60.55,60.56,72,CLZ5
2025-11-12 10:54:00+00:00,33,1,651434,60.56,60.57,60.53,60.56,133,CLZ5
2025-11-12 10:55:00+00:00,33,1,651434,60.56,60.57,60.55,60.57,56,CLZ5
2025-11-12 10:56:00+00:00,33,1,651434,60.56,60.56,60.54,60.55,60,CLZ5
2025-11-12 10:57:00+00:00,33,1,651434,60.56,60.61,60.56,60.61,199,CLZ5
2025-11-12 10:58:00+00:00,33,1,651434,60.61,60.62,60.6,60.61,111,CLZ5
2025-11-12 10:59:00+00:00,33,1,651434,60.61,60.63,60.59,60.62,125,CLZ5
2025-11-12 11:00:00+00:00,33,1,651434,60.63,60.63,60.61,60.63,124,CLZ5
2025-11-12 11:01:00+00:00,33,1,651434,60.63,60.67,60.63,60.67,119,CLZ5
2025-11-12 11:02:00+00:00,33,1,651434,60.66,60.67,60.63,60.65,237,CLZ5
2025-11-12 11:03:00+00:00,33,1,651434,60.66,60.66,60.62,60.62,49,CLZ5
2025-11-12 11:04:00+00:00,33,1,651434,60.62,60.69,60.62,60.68,192,CLZ5
2025-11-12 11:05:00+00:00,33,1,651434,60.68,60.68,60.61,60.62,104,CLZ5
2025-11-12 11:06:00+00:00,33,1,651434,60.62,60.63,60.61,60.62,24,CLZ5
2025-11-12 11:07:00+00:00,33,1,651434,60.61,60.62,60.61,60.62,50,CLZ5
2025-11-12 11:08:00+00:00,33,1,651434,60.62,60.62,60.61,60.61,50,CLZ5
2025-11-12 11:09:00+00:00,33,1,651434,60.61,60.63,60.61,60.63,31,CLZ5
2025-11-12 11:10:00+00:00,33,1,651434,60.63,60.64,60.63,60.63,17,CLZ5
2025-11-12 11:11:00+00:00,33,1,651434,60.64,60.64,60.63,60.63,51,CLZ5
2025-11-12 11:12:00+00:00,33,1,651434,60.63,60.63,60.62,60.63,26,CLZ5
2025-11-12 11:13:00+00:00,33,1,651434,60.63,60.64,60.63,60.64,23,CLZ5
2025-11-12 11:14:00+00:00,33,1,651434,60.64,60.66,60.64,60.65,36,CLZ5
2025-11-12 11:15:00+00:00,33,1,651434,60.65,60.66,60.64,60.66,7,CLZ5
2025-11-12 11:16:00+00:00,33,1,651434,60.66,60.67,60.65,60.67,42,CLZ5
2025-11-12 11:17:00+00:00,33,1,651434,60.67,60.67,60.65,60.66,43,CLZ5
2025-11-12 11:18:00+00:00,33,1,651434,60.66,60.67,60.61,60.61,112,CLZ5
2025-11-12 11:19:00+00:00,33,1,651434,60.61,60.61,60.6,60.61,38,CLZ5
2025-11-12 11:20:00+00:00,33,1,651434,60.61,60.61,60.61,60.61,10,CLZ5
2025-11-12 11:21:00+00:00,33,1,651434,60.62,60.62,60.62,60.62,15,CLZ5
2025-11-12 11:22:00+00:00,33,1,651434,60.62,60.63,60.61,60.61,30,CLZ5
2025-11-12 11:23:00+00:00,33,1,651434,60.61,60.62,60.59,60.59,69,CLZ5
2025-11-12 11:24:00+00:00,33,1,651434,60.6,60.6,60.59,60.59,20,CLZ5
2025-11-12 11:25:00+00:00,33,1,651434,60.6,60.6,60.59,60.59,39,CLZ5
2025-11-12 11:26:00+00:00,33,1,651434,60.59,60.59,60.56,60.56,51,CLZ5
2025-11-12 11:27:00+00:00,33,1,651434,60.56,60.56,60.54,60.55,133,CLZ5
2025-11-12 11:28:00+00:00,33,1,651434,60.55,60.57,60.55,60.55,29,CLZ5
2025-11-12 11:29:00+00:00,33,1,651434,60.55,60.55,60.53,60.54,69,CLZ5
2025-11-12 11:30:00+00:00,33,1,651434,60.54,60.55,60.53,60.53,92,CLZ5
2025-11-12 11:31:00+00:00,33,1,651434,60.54,60.54,60.43,60.46,315,CLZ5
2025-11-12 11:32:00+00:00,33,1,651434,60.46,60.46,60.44,60.46,68,CLZ5
2025-11-12 11:33:00+00:00,33,1,651434,60.45,60.46,60.42,60.45,210,CLZ5
2025-11-12 11:34:00+00:00,33,1,651434,60.45,60.45,60.42,60.42,39,CLZ5
2025-11-12 11:35:00+00:00,33,1,651434,60.42,60.43,60.39,60.41,155,CLZ5
2025-11-12 11:36:00+00:00,33,1,651434,60.41,60.44,60.4,60.42,140,CLZ5
2025-11-12 11:37:00+00:00,33,1,651434,60.42,60.47,60.42,60.45,134,CLZ5
2025-11-12 11:38:00+00:00,33,1,651434,60.45,60.49,60.45,60.49,55,CLZ5
2025-11-12 11:39:00+00:00,33,1,651434,60.48,60.5,60.48,60.49,28,CLZ5
2025-11-12 11:40:00+00:00,33,1,651434,60.49,60.49,60.48,60.48,48,CLZ5
2025-11-12 11:41:00+00:00,33,1,651434,60.49,60.49,60.48,60.48,19,CLZ5
2025-11-12 11:42:00+00:00,33,1,651434,60.5,60.5,60.45,60.46,290,CLZ5
2025-11-12 11:43:00+00:00,33,1,651434,60.46,60.48,60.46,60.48,32,CLZ5
2025-11-12 11:44:00+00:00,33,1,651434,60.48,60.48,60.47,60.48,17,CLZ5
2025-11-12 11:45:00+00:00,33,1,651434,60.48,60.49,60.48,60.49,67,CLZ5
2025-11-12 11:46:00+00:00,33,1,651434,60.49,60.49,60.48,60.48,31,CLZ5
2025-11-12 11:47:00+00:00,33,1,651434,60.49,60.5,60.45,60.45,143,CLZ5
2025-11-12 11:48:00+00:00,33,1,651434,60.45,60.45,60.44,60.44,90,CLZ5
2025-11-12 11:49:00+00:00,33,1,651434,60.44,60.44,60.42,60.44,99,CLZ5
2025-11-12 11:50:00+00:00,33,1,651434,60.45,60.48,60.43,60.46,127,CLZ5
2025-11-12 11:51:00+00:00,33,1,651434,60.46,60.47,60.46,60.47,46,CLZ5
2025-11-12 11:52:00+00:00,33,1,651434,60.46,60.49,60.45,60.49,41,CLZ5
2025-11-12 11:53:00+00:00,33,1,651434,60.49,60.49,60.47,60.47,32,CLZ5
2025-11-12 11:54:00+00:00,33,1,651434,60.47,60.48,60.46,60.46,27,CLZ5
2025-11-12 11:55:00+00:00,33,1,651434,60.46,60.47,60.44,60.46,74,CLZ5
2025-11-12 11:56:00+00:00,33,1,651434,60.46,60.46,60.42,60.44,153,CLZ5
2025-11-12 11:57:00+00:00,33,1,651434,60.44,60.45,60.33,60.34,541,CLZ5
2025-11-12 11:58:00+00:00,33,1,651434,60.34,60.35,60.32,60.35,249,CLZ5
2025-11-12 11:59:00+00:00,33,1,651434,60.35,60.36,60.34,60.34,172,CLZ5
2025-11-12 12:00:00+00:00,33,1,651434,60.34,60.38,60.33,60.36,163,CLZ5
2025-11-12 12:01:00+00:00,33,1,651434,60.36,60.36,60.34,60.34,122,CLZ5
2025-11-12 12:02:00+00:00,33,1,651434,60.34,60.36,60.33,60.36,76,CLZ5
2025-11-12 12:03:00+00:00,33,1,651434,60.36,60.36,60.34,60.35,83,CLZ5
2025-11-12 12:04:00+00:00,33,1,651434,60.35,60.37,60.34,60.37,56,CLZ5
2025-11-12 12:05:00+00:00,33,1,651434,60.37,60.39,60.36,60.37,108,CLZ5
2025-11-12 12:06:00+00:00,33,1,651434,60.38,60.38,60.35,60.36,148,CLZ5
2025-11-12 12:07:00+00:00,33,1,651434,60.35,60.38,60.35,60.38,203,CLZ5
2025-11-12 12:08:00+00:00,33,1,651434,60.38,60.39,60.36,60.37,62,CLZ5
2025-11-12 12:09:00+00:00,33,1,651434,60.37,60.39,60.37,60.39,130,CLZ5
2025-11-12 12:10:00+00:00,33,1,651434,60.39,60.39,60.36,60.36,55,CLZ5
2025-11-12 12:11:00+00:00,33,1,651434,60.37,60.39,60.36,60.38,85,CLZ5
2025-11-12 12:12:00+00:00,33,1,651434,60.38,60.43,60.38,60.42,137,CLZ5
2025-11-12 12:13:00+00:00,33,1,651434,60.42,60.44,60.42,60.42,89,CLZ5
2025-11-12 12:14:00+00:00,33,1,651434,60.42,60.44,60.42,60.44,24,CLZ5
2025-11-12 12:15:00+00:00,33,1,651434,60.44,60.45,60.42,60.42,43,CLZ5
2025-11-12 12:16:00+00:00,33,1,651434,60.43,60.43,60.41,60.43,81,CLZ5
2025-11-12 12:17:00+00:00,33,1,651434,60.43,60.44,60.4,60.4,75,CLZ5
2025-11-12 12:18:00+00:00,33,1,651434,60.4,60.4,60.39,60.39,39,CLZ5
2025-11-12 12:19:00+00:00,33,1,651434,60.4,60.4,60.37,60.37,32,CLZ5
2025-11-12 12:20:00+00:00,33,1,651434,60.37,60.4,60.37,60.38,53,CLZ5
2025-11-12 12:21:00+00:00,33,1,651434,60.38,60.39,60.38,60.38,49,CLZ5
2025-11-12 12:22:00+00:00,33,1,651434,60.38,60.4,60.37,60.38,71,CLZ5
2025-11-12 12:23:00+00:00,33,1,651434,60.39,60.4,60.38,60.39,36,CLZ5
2025-11-12 12:24:00+00:00,33,1,651434,60.37,60.4,60.36,60.39,169,CLZ5
2025-11-12 12:25:00+00:00,33,1,651434,60.4,60.41,60.38,60.41,91,CLZ5
2025-11-12 12:26:00+00:00,33,1,651434,60.41,60.43,60.41,60.42,93,CLZ5
2025-11-12 12:27:00+00:00,33,1,651434,60.41,60.42,60.39,60.42,122,CLZ5
2025-11-12 12:28:00+00:00,33,1,651434,60.41,60.43,60.39,60.39,121,CLZ5
2025-11-12 12:29:00+00:00,33,1,651434,60.39,60.39,60.36,60.37,78,CLZ5
2025-11-12 12:30:00+00:00,33,1,651434,60.36,60.36,60.34,60.36,80,CLZ5
2025-11-12 12:31:00+00:00,33,1,651434,60.36,60.4,60.36,60.39,90,CLZ5
2025-11-12 12:32:00+00:00,33,1,651434,60.39,60.39,60.37,60.38,54,CLZ5
2025-11-12 12:33:00+00:00,33,1,651434,60.39,60.4,60.39,60.39,32,CLZ5
2025-11-12 12:34:00+00:00,33,1,651434,60.38,60.38,60.37,60.37,79,CLZ5
2025-11-12 12:35:00+00:00,33,1,651434,60.38,60.39,60.37,60.37,28,CLZ5
2025-11-12 12:36:00+00:00,33,1,651434,60.37,60.37,60.35,60.36,157,CLZ5
2025-11-12 12:37:00+00:00,33,1,651434,60.36,60.38,60.35,60.38,99,CLZ5
2025-11-12 12:38:00+00:00,33,1,651434,60.39,60.4,60.39,60.4,30,CLZ5
2025-11-12 12:39:00+00:00,33,1,651434,60.39,60.41,60.38,60.4,57,CLZ5
2025-11-12 12:40:00+00:00,33,1,651434,60.4,60.42,60.4,60.42,28,CLZ5
2025-11-12 12:41:00+00:00,33,1,651434,60.41,60.41,60.39,60.4,90,CLZ5
2025-11-12 12:42:00+00:00,33,1,651434,60.39,60.4,60.37,60.39,57,CLZ5
2025-11-12 12:43:00+00:00,33,1,651434,60.39,60.41,60.39,60.4,63,CLZ5
2025-11-12 12:44:00+00:00,33,1,651434,60.4,60.41,60.4,60.4,19,CLZ5
2025-11-12 12:45:00+00:00,33,1,651434,60.4,60.44,60.4,60.44,60,CLZ5
2025-11-12 12:46:00+00:00,33,1,651434,60.43,60.46,60.42,60.45,179,CLZ5
2025-11-12 12:47:00+00:00,33,1,651434,60.45,60.46,60.44,60.44,60,CLZ5
2025-11-12 12:48:00+00:00,33,1,651434,60.44,60.45,60.43,60.43,67,CLZ5
2025-11-12 12:49:00+00:00,33,1,651434,60.44,60.45,60.43,60.44,45,CLZ5
2025-11-12 12:50:00+00:00,33,1,651434,60.45,60.45,60.42,60.44,114,CLZ5
2025-11-12 12:51:00+00:00,33,1,651434,60.43,60.45,60.43,60.44,30,CLZ5
2025-11-12 12:52:00+00:00,33,1,651434,60.44,60.44,60.43,60.43,21,CLZ5
2025-11-12 12:53:00+00:00,33,1,651434,60.43,60.43,60.42,60.43,89,CLZ5
2025-11-12 12:54:00+00:00,33,1,651434,60.43,60.44,60.42,60.42,41,CLZ5
2025-11-12 12:55:00+00:00,33,1,651434,60.42,60.42,60.41,60.42,30,CLZ5
2025-11-12 12:56:00+00:00,33,1,651434,60.42,60.42,60.4,60.4,33,CLZ5
2025-11-12 12:57:00+00:00,33,1,651434,60.41,60.42,60.39,60.42,50,CLZ5
2025-11-12 12:58:00+00:00,33,1,651434,60.42,60.44,60.41,60.43,115,CLZ5
2025-11-12 12:59:00+00:00,33,1,651434,60.43,60.43,60.4,60.42,110,CLZ5
2025-11-12 13:00:00+00:00,33,1,651434,60.41,60.46,60.35,60.35,332,CLZ5
2025-11-12 13:01:00+00:00,33,1,651434,60.35,60.35,60.15,60.18,1375,CLZ5
2025-11-12 13:02:00+00:00,33,1,651434,60.17,60.19,60.13,60.14,699,CLZ5
2025-11-12 13:03:00+00:00,33,1,651434,60.14,60.19,60.05,60.18,1368,CLZ5
2025-11-12 13:04:00+00:00,33,1,651434,60.18,60.23,60.17,60.22,422,CLZ5
2025-11-12 13:05:00+00:00,33,1,651434,60.21,60.22,60.17,60.18,230,CLZ5
2025-11-12 13:06:00+00:00,33,1,651434,60.18,60.21,60.15,60.15,447,CLZ5
2025-11-12 13:07:00+00:00,33,1,651434,60.15,60.17,60.14,60.15,172,CLZ5
2025-11-12 13:08:00+00:00,33,1,651434,60.14,60.15,60.12,60.14,216,CLZ5
2025-11-12 13:09:00+00:00,33,1,651434,60.14,60.2,60.14,60.2,265,CLZ5
2025-11-12 13:10:00+00:00,33,1,651434,60.19,60.19,60.16,60.17,190,CLZ5
2025-11-12 13:11:00+00:00,33,1,651434,60.17,60.19,60.16,60.18,70,CLZ5
2025-11-12 13:12:00+00:00,33,1,651434,60.19,60.2,60.17,60.2,80,CLZ5
2025-11-12 13:13:00+00:00,33,1,651434,60.2,60.21,60.17,60.19,195,CLZ5
2025-11-12 13:14:00+00:00,33,1,651434,60.19,60.2,60.16,60.16,385,CLZ5
2025-11-12 13:15:00+00:00,33,1,651434,60.18,60.2,60.17,60.19,242,CLZ5
2025-11-12 13:16:00+00:00,33,1,651434,60.18,60.22,60.18,60.19,262,CLZ5
2025-11-12 13:17:00+00:00,33,1,651434,60.19,60.21,60.18,60.19,101,CLZ5
2025-11-12 13:18:00+00:00,33,1,651434,60.2,60.22,60.18,60.19,84,CLZ5
2025-11-12 13:19:00+00:00,33,1,651434,60.19,60.26,60.19,60.24,254,CLZ5
2025-11-12 13:20:00+00:00,33,1,651434,60.24,60.25,60.23,60.25,148,CLZ5
2025-11-12 13:21:00+00:00,33,1,651434,60.25,60.25,60.21,60.23,79,CLZ5
2025-11-12 13:22:00+00:00,33,1,651434,60.23,60.24,60.23,60.23,108,CLZ5
2025-11-12 13:23:00+00:00,33,1,651434,60.22,60.26,60.22,60.25,130,CLZ5
2025-11-12 13:24:00+00:00,33,1,651434,60.25,60.25,60.22,60.22,214,CLZ5
2025-11-12 13:25:00+00:00,33,1,651434,60.22,60.24,60.19,60.2,396,CLZ5
2025-11-12 13:26:00+00:00,33,1,651434,60.19,60.2,60.19,60.2,169,CLZ5
2025-11-12 13:27:00+00:00,33,1,651434,60.2,60.22,60.18,60.2,225,CLZ5
2025-11-12 13:28:00+00:00,33,1,651434,60.19,60.21,60.18,60.2,281,CLZ5
2025-11-12 13:29:00+00:00,33,1,651434,60.19,60.24,60.19,60.23,223,CLZ5
2025-11-12 13:30:00+00:00,33,1,651434,60.23,60.23,60.17,60.18,379,CLZ5
2025-11-12 13:31:00+00:00,33,1,651434,60.17,60.2,60.12,60.13,314,CLZ5
2025-11-12 13:32:00+00:00,33,1,651434,60.12,60.21,60.12,60.2,189,CLZ5
2025-11-12 13:33:00+00:00,33,1,651434,60.2,60.2,60.17,60.18,156,CLZ5
2025-11-12 13:34:00+00:00,33,1,651434,60.18,60.21,60.18,60.2,144,CLZ5
2025-11-12 13:35:00+00:00,33,1,651434,60.19,60.2,60.16,60.16,228,CLZ5
2025-11-12 13:36:00+00:00,33,1,651434,60.17,60.17,60.13,60.14,255,CLZ5
2025-11-12 13:37:00+00:00,33,1,651434,60.14,60.15,60.12,60.15,208,CLZ5
2025-11-12 13:38:00+00:00,33,1,651434,60.15,60.2,60.14,60.18,200,CLZ5
2025-11-12 13:39:00+00:00,33,1,651434,60.18,60.18,60.17,60.17,52,CLZ5
2025-11-12 13:40:00+00:00,33,1,651434,60.18,60.2,60.16,60.18,143,CLZ5
2025-11-12 13:41:00+00:00,33,1,651434,60.17,60.18,60.16,60.16,65,CLZ5
2025-11-12 13:42:00+00:00,33,1,651434,60.17,60.19,60.15,60.16,170,CLZ5
2025-11-12 13:43:00+00:00,33,1,651434,60.16,60.17,60.15,60.15,62,CLZ5
2025-11-12 13:44:00+00:00,33,1,651434,60.16,60.18,60.16,60.17,49,CLZ5
2025-11-12 13:45:00+00:00,33,1,651434,60.17,60.2,60.16,60.19,260,CLZ5
2025-11-12 13:46:00+00:00,33,1,651434,60.19,60.19,60.17,60.19,78,CLZ5
2025-11-12 13:47:00+00:00,33,1,651434,60.19,60.2,60.16,60.17,86,CLZ5
2025-11-12 13:48:00+00:00,33,1,651434,60.17,60.17,60.14,60.14,165,CLZ5
2025-11-12 13:49:00+00:00,33,1,651434,60.14,60.14,60.11,60.13,201,CLZ5
2025-11-12 13:50:00+00:00,33,1,651434,60.12,60.12,60.1,60.11,226,CLZ5
2025-11-12 13:51:00+00:00,33,1,651434,60.11,60.12,60.07,60.08,240,CLZ5
2025-11-12 13:52:00+00:00,33,1,651434,60.08,60.09,60.07,60.09,202,CLZ5
2025-11-12 13:53:00+00:00,33,1,651434,60.09,60.1,60.07,60.08,225,CLZ5
2025-11-12 13:54:00+00:00,33,1,651434,60.08,60.11,60.08,60.11,104,CLZ5
2025-11-12 13:55:00+00:00,33,1,651434,60.11,60.11,60.09,60.1,259,CLZ5
2025-11-12 13:56:00+00:00,33,1,651434,60.1,60.1,60.07,60.07,94,CLZ5
2025-11-12 13:57:00+00:00,33,1,651434,60.08,60.1,60.07,60.09,225,CLZ5
2025-11-12 13:58:00+00:00,33,1,651434,60.08,60.09,60.01,60.03,658,CLZ5
2025-11-12 13:59:00+00:00,33,1,651434,60.03,60.08,60.03,60.04,444,CLZ5
2025-11-12 14:00:00+00:00,33,1,651434,60.05,60.06,59.96,59.99,1610,CLZ5
2025-11-12 14:01:00+00:00,33,1,651434,59.98,59.98,59.88,59.91,1313,CLZ5
2025-11-12 14:02:00+00:00,33,1,651434,59.91,59.95,59.89,59.91,859,CLZ5
2025-11-12 14:03:00+00:00,33,1,651434,59.91,59.96,59.91,59.95,373,CLZ5
2025-11-12 14:04:00+00:00,33,1,651434,59.95,59.95,59.8,59.85,971,CLZ5
2025-11-12 14:05:00+00:00,33,1,651434,59.84,59.86,59.8,59.81,585,CLZ5
2025-11-12 14:06:00+00:00,33,1,651434,59.8,59.81,59.77,59.79,653,CLZ5
2025-11-12 14:07:00+00:00,33,1,651434,59.8,59.81,59.67,59.69,1527,CLZ5
2025-11-12 14:08:00+00:00,33,1,651434,59.7,59.77,59.7,59.75,640,CLZ5
2025-11-12 14:09:00+00:00,33,1,651434,59.76,59.76,59.7,59.76,482,CLZ5
2025-11-12 14:10:00+00:00,33,1,651434,59.75,59.76,59.68,59.71,448,CLZ5
2025-11-12 14:11:00+00:00,33,1,651434,59.7,59.76,59.7,59.71,452,CLZ5
2025-11-12 14:12:00+00:00,33,1,651434,59.71,59.74,59.71,59.73,230,CLZ5
2025-11-12 14:13:00+00:00,33,1,651434,59.74,59.78,59.74,59.76,582,CLZ5
2025-11-12 14:14:00+00:00,33,1,651434,59.76,59.78,59.71,59.71,448,CLZ5
2025-11-12 14:15:00+00:00,33,1,651434,59.72,59.72,59.68,59.71,455,CLZ5
2025-11-12 14:16:00+00:00,33,1,651434,59.71,59.71,59.67,59.68,312,CLZ5
2025-11-12 14:17:00+00:00,33,1,651434,59.68,59.69,59.67,59.68,219,CLZ5
2025-11-12 14:18:00+00:00,33,1,651434,59.69,59.71,59.65,59.67,634,CLZ5
2025-11-12 14:19:00+00:00,33,1,651434,59.67,59.68,59.59,59.59,902,CLZ5
2025-11-12 14:20:00+00:00,33,1,651434,59.6,59.6,59.52,59.53,1162,CLZ5
2025-11-12 14:21:00+00:00,33,1,651434,59.53,59.56,59.49,59.54,1302,CLZ5
2025-11-12 14:22:00+00:00,33,1,651434,59.54,59.61,59.47,59.58,1244,CLZ5
2025-11-12 14:23:00+00:00,33,1,651434,59.58,59.62,59.54,59.58,562,CLZ5
2025-11-12 14:24:00+00:00,33,1,651434,59.59,59.61,59.58,59.58,487,CLZ5
2025-11-12 14:25:00+00:00,33,1,651434,59.59,59.61,59.55,59.58,465,CLZ5
2025-11-12 14:26:00+00:00,33,1,651434,59.58,59.6,59.56,59.58,261,CLZ5
2025-11-12 14:27:00+00:00,33,1,651434,59.58,59.61,59.56,59.56,230,CLZ5
2025-11-12 14:28:00+00:00,33,1,651434,59.55,59.57,59.53,59.55,229,CLZ5
2025-11-12 14:29:00+00:00,33,1,651434,59.56,59.58,59.55,59.56,195,CLZ5
2025-11-12 14:30:00+00:00,33,1,651434,59.56,59.56,59.5,59.52,845,CLZ5
2025-11-12 14:31:00+00:00,33,1,651434,59.52,59.53,59.45,59.48,1023,CLZ5
2025-11-12 14:32:00+00:00,33,1,651434,59.49,59.51,59.47,59.5,530,CLZ5
2025-11-12 14:33:00+00:00,33,1,651434,59.5,59.53,59.47,59.47,402,CLZ5
2025-11-12 14:34:00+00:00,33,1,651434,59.47,59.48,59.38,59.41,1402,CLZ5
2025-11-12 14:35:00+00:00,33,1,651434,59.41,59.47,59.41,59.46,520,CLZ5
2025-11-12 14:36:00+00:00,33,1,651434,59.46,59.51,59.44,59.45,462,CLZ5
2025-11-12 14:37:00+00:00,33,1,651434,59.44,59.45,59.41,59.43,408,CLZ5
2025-11-12 14:38:00+00:00,33,1,651434,59.43,59.47,59.41,59.41,335,CLZ5
2025-11-12 14:39:00+00:00,33,1,651434,59.41,59.43,59.4,59.42,184,CLZ5
2025-11-12 14:40:00+00:00,33,1,651434,59.42,59.44,59.4,59.4,534,CLZ5
2025-11-12 14:41:00+00:00,33,1,651434,59.39,59.4,59.37,59.39,343,CLZ5
2025-11-12 14:42:00+00:00,33,1,651434,59.39,59.39,59.36,59.39,358,CLZ5
2025-11-12 14:43:00+00:00,33,1,651434,59.39,59.39,59.31,59.33,666,CLZ5
2025-11-12 14:44:00+00:00,33,1,651434,59.32,59.34,59.26,59.28,1149,CLZ5
2025-11-12 14:45:00+00:00,33,1,651434,59.29,59.29,59.22,59.25,906,CLZ5
2025-11-12 14:46:00+00:00,33,1,651434,59.25,59.25,59.17,59.2,872,CLZ5
2025-11-12 14:47:00+00:00,33,1,651434,59.19,59.26,59.19,59.26,563,CLZ5
2025-11-12 14:48:00+00:00,33,1,651434,59.27,59.29,59.25,59.26,517,CLZ5
2025-11-12 14:49:00+00:00,33,1,651434,59.25,59.29,59.23,59.23,455,CLZ5
2025-11-12 14:50:00+00:00,33,1,651434,59.24,59.24,59.17,59.18,777,CLZ5
2025-11-12 14:51:00+00:00,33,1,651434,59.18,59.18,59.14,59.16,547,CLZ5
2025-11-12 14:52:00+00:00,33,1,651434,59.15,59.21,59.14,59.18,366,CLZ5
2025-11-12 14:53:00+00:00,33,1,651434,59.17,59.21,59.16,59.2,181,CLZ5
2025-11-12 14:54:00+00:00,33,1,651434,59.21,59.23,59.17,59.18,393,CLZ5
2025-11-12 14:55:00+00:00,33,1,651434,59.18,59.18,59.12,59.15,493,CLZ5
2025-11-12 14:56:00+00:00,33,1,651434,59.14,59.17,59.12,59.13,546,CLZ5
2025-11-12 14:57:00+00:00,33,1,651434,59.14,59.16,59.12,59.12,355,CLZ5
2025-11-12 14:58:00+00:00,33,1,651434,59.11,59.13,59.08,59.1,687,CLZ5
2025-11-12 14:59:00+00:00,33,1,651434,59.11,59.15,59.11,59.11,336,CLZ5
2025-11-12 15:00:00+00:00,33,1,651434,59.11,59.25,59.1,59.24,1235,CLZ5
2025-11-12 15:01:00+00:00,33,1,651434,59.24,59.27,59.2,59.24,838,CLZ5
2025-11-12 15:02:00+00:00,33,1,651434,59.24,59.3,59.23,59.26,608,CLZ5
2025-11-12 15:03:00+00:00,33,1,651434,59.26,59.3,59.23,59.3,396,CLZ5
2025-11-12 15:04:00+00:00,33,1,651434,59.3,59.35,59.29,59.35,664,CLZ5
2025-11-12 15:05:00+00:00,33,1,651434,59.35,59.36,59.29,59.29,462,CLZ5
2025-11-12 15:06:00+00:00,33,1,651434,59.28,59.31,59.26,59.31,403,CLZ5
2025-11-12 15:07:00+00:00,33,1,651434,59.32,59.36,59.29,59.33,920,CLZ5
2025-11-12 15:08:00+00:00,33,1,651434,59.33,59.36,59.29,59.3,356,CLZ5
2025-11-12 15:09:00+00:00,33,1,651434,59.3,59.36,59.29,59.35,250,CLZ5
2025-11-12 15:10:00+00:00,33,1,651434,59.35,59.36,59.3,59.31,586,CLZ5
2025-11-12 15:11:00+00:00,33,1,651434,59.3,59.34,59.3,59.33,266,CLZ5
2025-11-12 15:12:00+00:00,33,1,651434,59.33,59.33,59.3,59.32,242,CLZ5
2025-11-12 15:13:00+00:00,33,1,651434,59.32,59.34,59.28,59.29,273,CLZ5
2025-11-12 15:14:00+00:00,33,1,651434,59.3,59.3,59.26,59.27,271,CLZ5
2025-11-12 15:15:00+00:00,33,1,651434,59.27,59.27,59.22,59.24,429,CLZ5
2025-11-12 15:16:00+00:00,33,1,651434,59.24,59.27,59.21,59.21,385,CLZ5
2025-11-12 15:17:00+00:00,33,1,651434,59.22,59.23,59.19,59.2,326,CLZ5
2025-11-12 15:18:00+00:00,33,1,651434,59.19,59.24,59.19,59.21,484,CLZ5
2025-11-12 15:19:00+00:00,33,1,651434,59.21,59.22,59.21,59.22,139,CLZ5
2025-11-12 15:20:00+00:00,33,1,651434,59.22,59.25,59.21,59.24,263,CLZ5
2025-11-12 15:21:00+00:00,33,1,651434,59.23,59.24,59.22,59.23,117,CLZ5
2025-11-12 15:22:00+00:00,33,1,651434,59.23,59.26,59.22,59.22,379,CLZ5
2025-11-12 15:23:00+00:00,33,1,651434,59.22,59.24,59.2,59.22,331,CLZ5
2025-11-12 15:24:00+00:00,33,1,651434,59.21,59.23,59.19,59.2,254,CLZ5
2025-11-12 15:25:00+00:00,33,1,651434,59.2,59.2,59.15,59.18,455,CLZ5
2025-11-12 15:26:00+00:00,33,1,651434,59.18,59.22,59.17,59.18,429,CLZ5
2025-11-12 15:27:00+00:00,33,1,651434,59.17,59.17,59.12,59.12,271,CLZ5
2025-11-12 15:28:00+00:00,33,1,651434,59.12,59.13,59.09,59.11,503,CLZ5
2025-11-12 15:29:00+00:00,33,1,651434,59.1,59.14,59.1,59.14,350,CLZ5
2025-11-12 15:30:00+00:00,33,1,651434,59.14,59.16,59.12,59.12,417,CLZ5
2025-11-12 15:31:00+00:00,33,1,651434,59.12,59.13,59.07,59.08,306,CLZ5
2025-11-12 15:32:00+00:00,33,1,651434,59.08,59.12,59.08,59.12,196,CLZ5
2025-11-12 15:33:00+00:00,33,1,651434,59.11,59.11,59.07,59.08,333,CLZ5
2025-11-12 15:34:00+00:00,33,1,651434,59.08,59.08,59.01,59.03,687,CLZ5
2025-11-12 15:35:00+00:00,33,1,651434,59.02,59.04,58.98,59.0,828,CLZ5
2025-11-12 15:36:00+00:00,33,1,651434,58.99,59.01,58.96,58.98,528,CLZ5
2025-11-12 15:37:00+00:00,33,1,651434,58.98,59.01,58.97,58.98,370,CLZ5
2025-11-12 15:38:00+00:00,33,1,651434,58.98,59.01,58.93,58.95,504,CLZ5
2025-11-12 15:39:00+00:00,33,1,651434,58.95,59.0,58.94,58.98,338,CLZ5
2025-11-12 15:40:00+00:00,33,1,651434,58.99,59.0,58.93,58.94,355,CLZ5
2025-11-12 15:41:00+00:00,33,1,651434,58.94,58.95,58.91,58.92,448,CLZ5
2025-11-12 15:42:00+00:00,33,1,651434,58.92,58.95,58.91,58.95,539,CLZ5
2025-11-12 15:43:00+00:00,33,1,651434,58.95,59.0,58.95,58.97,406,CLZ5
2025-11-12 15:44:00+00:00,33,1,651434,58.98,58.98,58.94,58.98,297,CLZ5
2025-11-12 15:45:00+00:00,33,1,651434,58.97,59.0,58.93,58.94,264,CLZ5
2025-11-12 15:46:00+00:00,33,1,651434,58.94,59.02,58.94,59.0,262,CLZ5
2025-11-12 15:47:00+00:00,33,1,651434,59.0,59.0,58.97,58.97,203,CLZ5
2025-11-12 15:48:00+00:00,33,1,651434,58.97,59.0,58.96,58.99,362,CLZ5
2025-11-12 15:49:00+00:00,33,1,651434,58.98,58.98,58.95,58.96,142,CLZ5
2025-11-12 15:50:00+00:00,33,1,651434,58.96,58.97,58.94,58.95,413,CLZ5
2025-11-12 15:51:00+00:00,33,1,651434,58.95,58.96,58.94,58.96,456,CLZ5
2025-11-12 15:52:00+00:00,33,1,651434,58.95,58.97,58.93,58.94,345,CLZ5
2025-11-12 15:53:00+00:00,33,1,651434,58.93,58.96,58.93,58.93,236,CLZ5
2025-11-12 15:54:00+00:00,33,1,651434,58.93,58.94,58.92,58.93,376,CLZ5
2025-11-12 15:55:00+00:00,33,1,651434,58.93,58.95,58.92,58.95,405,CLZ5
2025-11-12 15:56:00+00:00,33,1,651434,58.94,58.97,58.93,58.93,216,CLZ5
2025-11-12 15:57:00+00:00,33,1,651434,58.93,58.95,58.92,58.92,207,CLZ5
2025-11-12 15:58:00+00:00,33,1,651434,58.92,58.93,58.91,58.92,312,CLZ5
2025-11-12 15:59:00+00:00,33,1,651434,58.92,58.93,58.91,58.92,165,CLZ5
2025-11-12 16:00:00+00:00,33,1,651434,58.91,58.94,58.87,58.89,805,CLZ5
2025-11-12 16:01:00+00:00,33,1,651434,58.89,58.89,58.86,58.87,383,CLZ5
2025-11-12 16:02:00+00:00,33,1,651434,58.86,58.9,58.85,58.9,482,CLZ5
2025-11-12 16:03:00+00:00,33,1,651434,58.89,58.91,58.85,58.87,380,CLZ5
2025-11-12 16:04:00+00:00,33,1,651434,58.87,58.88,58.83,58.86,569,CLZ5
2025-11-12 16:05:00+00:00,33,1,651434,58.86,58.9,58.86,58.9,303,CLZ5
2025-11-12 16:06:00+00:00,33,1,651434,58.9,58.93,58.89,58.9,247,CLZ5
2025-11-12 16:07:00+00:00,33,1,651434,58.9,58.9,58.85,58.86,308,CLZ5
2025-11-12 16:08:00+00:00,33,1,651434,58.85,58.88,58.85,58.87,295,CLZ5
2025-11-12 16:09:00+00:00,33,1,651434,58.87,58.9,58.87,58.88,190,CLZ5
2025-11-12 16:10:00+00:00,33,1,651434,58.88,58.89,58.83,58.84,431,CLZ5
2025-11-12 16:11:00+00:00,33,1,651434,58.84,58.84,58.74,58.78,1747,CLZ5
2025-11-12 16:12:00+00:00,33,1,651434,58.78,58.8,58.76,58.79,354,CLZ5
2025-11-12 16:13:00+00:00,33,1,651434,58.8,58.84,58.8,58.82,446,CLZ5
2025-11-12 16:14:00+00:00,33,1,651434,58.82,58.85,58.8,58.83,165,CLZ5
2025-11-12 16:15:00+00:00,33,1,651434,58.83,58.92,58.83,58.86,599,CLZ5
2025-11-12 16:16:00+00:00,33,1,651434,58.87,58.88,58.85,58.86,232,CLZ5
2025-11-12 16:17:00+00:00,33,1,651434,58.85,58.91,58.84,58.9,412,CLZ5
2025-11-12 16:18:00+00:00,33,1,651434,58.9,58.9,58.87,58.88,284,CLZ5
2025-11-12 16:19:00+00:00,33,1,651434,58.88,58.92,58.88,58.92,192,CLZ5
2025-11-12 16:20:00+00:00,33,1,651434,58.91,58.96,58.9,58.93,689,CLZ5
2025-11-12 16:21:00+00:00,33,1,651434,58.93,58.99,58.93,58.98,468,CLZ5
2025-11-12 16:22:00+00:00,33,1,651434,58.97,58.97,58.9,58.9,332,CLZ5
2025-11-12 16:23:00+00:00,33,1,651434,58.9,58.91,58.83,58.84,353,CLZ5
2025-11-12 16:24:00+00:00,33,1,651434,58.84,58.84,58.8,58.82,252,CLZ5
2025-11-12 16:25:00+00:00,33,1,651434,58.82,58.86,58.81,58.81,273,CLZ5
2025-11-12 16:26:00+00:00,33,1,651434,58.81,58.81,58.75,58.76,404,CLZ5
2025-11-12 16:27:00+00:00,33,1,651434,58.77,58.78,58.75,58.76,255,CLZ5
2025-11-12 16:28:00+00:00,33,1,651434,58.76,58.8,58.75,58.78,456,CLZ5
2025-11-12 16:29:00+00:00,33,1,651434,58.79,58.79,58.51,58.56,3100,CLZ5
2025-11-12 16:30:00+00:00,33,1,651434,58.57,58.6,58.49,58.55,1802,CLZ5
2025-11-12 16:31:00+00:00,33,1,651434,58.55,58.6,58.52,58.53,576,CLZ5
2025-11-12 16:32:00+00:00,33,1,651434,58.53,58.6,58.53,58.58,689,CLZ5
2025-11-12 16:33:00+00:00,33,1,651434,58.58,58.6,58.53,58.59,489,CLZ5
2025-11-12 16:34:00+00:00,33,1,651434,58.59,58.6,58.52,58.56,426,CLZ5
2025-11-12 16:35:00+00:00,33,1,651434,58.55,58.55,58.42,58.46,762,CLZ5
2025-11-12 16:36:00+00:00,33,1,651434,58.46,58.54,58.46,58.5,492,CLZ5
2025-11-12 16:37:00+00:00,33,1,651434,58.51,58.58,58.51,58.54,538,CLZ5
2025-11-12 16:38:00+00:00,33,1,651434,58.54,58.57,58.53,58.54,220,CLZ5
2025-11-12 16:39:00+00:00,33,1,651434,58.53,58.53,58.46,58.46,227,CLZ5
2025-11-12 16:40:00+00:00,33,1,651434,58.46,58.49,58.45,58.47,370,CLZ5
2025-11-12 16:41:00+00:00,33,1,651434,58.47,58.48,58.44,58.46,345,CLZ5
2025-11-12 16:42:00+00:00,33,1,651434,58.46,58.47,58.45,58.47,264,CLZ5
2025-11-12 16:43:00+00:00,33,1,651434,58.46,58.54,58.46,58.53,454,CLZ5
2025-11-12 16:44:00+00:00,33,1,651434,58.52,58.52,58.48,58.49,326,CLZ5
2025-11-12 16:45:00+00:00,33,1,651434,58.5,58.58,58.5,58.58,306,CLZ5
2025-11-12 16:46:00+00:00,33,1,651434,58.57,58.59,58.54,58.55,222,CLZ5
2025-11-12 16:47:00+00:00,33,1,651434,58.55,58.63,58.55,58.62,502,CLZ5
2025-11-12 16:48:00+00:00,33,1,651434,58.61,58.62,58.54,58.57,302,CLZ5
2025-11-12 16:49:00+00:00,33,1,651434,58.57,58.58,58.55,58.57,191,CLZ5
2025-11-12 16:50:00+00:00,33,1,651434,58.57,58.59,58.54,58.57,366,CLZ5
2025-11-12 16:51:00+00:00,33,1,651434,58.57,58.64,58.55,58.64,330,CLZ5
2025-11-12 16:52:00+00:00,33,1,651434,58.64,58.68,58.63,58.64,302,CLZ5
2025-11-12 16:53:00+00:00,33,1,651434,58.65,58.65,58.58,58.58,179,CLZ5
2025-11-12 16:54:00+00:00,33,1,651434,58.59,58.6,58.56,58.57,117,CLZ5
2025-11-12 16:55:00+00:00,33,1,651434,58.57,58.57,58.54,58.55,196,CLZ5
2025-11-12 16:56:00+00:00,33,1,651434,58.55,58.57,58.54,58.56,171,CLZ5
2025-11-12 16:57:00+00:00,33,1,651434,58.55,58.57,58.54,58.55,189,CLZ5
2025-11-12 16:58:00+00:00,33,1,651434,58.55,58.57,58.53,58.56,324,CLZ5
2025-11-12 16:59:00+00:00,33,1,651434,58.56,58.57,58.54,58.57,173,CLZ5
2025-11-12 17:00:00+00:00,33,1,651434,58.57,58.6,58.55,58.57,267,CLZ5
2025-11-12 17:01:00+00:00,33,1,651434,58.57,58.61,58.57,58.6,223,CLZ5
2025-11-12 17:02:00+00:00,33,1,651434,58.59,58.6,58.55,58.6,162,CLZ5
2025-11-12 17:03:00+00:00,33,1,651434,58.6,58.64,58.58,58.63,266,CLZ5
2025-11-12 17:04:00+00:00,33,1,651434,58.64,58.64,58.6,58.63,307,CLZ5
2025-11-12 17:05:00+00:00,33,1,651434,58.63,58.66,58.62,58.63,171,CLZ5
2025-11-12 17:06:00+00:00,33,1,651434,58.63,58.69,58.62,58.69,328,CLZ5
2025-11-12 17:07:00+00:00,33,1,651434,58.68,58.7,58.65,58.67,328,CLZ5
2025-11-12 17:08:00+00:00,33,1,651434,58.66,58.73,58.66,58.71,334,CLZ5
2025-11-12 17:09:00+00:00,33,1,651434,58.71,58.74,58.69,58.7,341,CLZ5
2025-11-12 17:10:00+00:00,33,1,651434,58.69,58.71,58.65,58.65,180,CLZ5
2025-11-12 17:11:00+00:00,33,1,651434,58.66,58.7,58.63,58.63,279,CLZ5
2025-11-12 17:12:00+00:00,33,1,651434,58.64,58.66,58.63,58.64,197,CLZ5
2025-11-12 17:13:00+00:00,33,1,651434,58.65,58.65,58.62,58.63,130,CLZ5
2025-11-12 17:14:00+00:00,33,1,651434,58.63,58.65,58.58,58.58,349,CLZ5
2025-11-12 17:15:00+00:00,33,1,651434,58.59,58.63,58.57,58.63,198,CLZ5
2025-11-12 17:16:00+00:00,33,1,651434,58.61,58.64,58.61,58.64,219,CLZ5
2025-11-12 17:17:00+00:00,33,1,651434,58.64,58.64,58.57,58.58,192,CLZ5
2025-11-12 17:18:00+00:00,33,1,651434,58.58,58.59,58.57,58.57,123,CLZ5
2025-11-12 17:19:00+00:00,33,1,651434,58.57,58.58,58.54,58.57,224,CLZ5
2025-11-12 17:20:00+00:00,33,1,651434,58.58,58.61,58.58,58.6,195,CLZ5
2025-11-12 17:21:00+00:00,33,1,651434,58.6,58.61,58.55,58.6,237,CLZ5
2025-11-12 17:22:00+00:00,33,1,651434,58.6,58.6,58.55,58.55,147,CLZ5
2025-11-12 17:23:00+00:00,33,1,651434,58.54,58.54,58.49,58.52,252,CLZ5
2025-11-12 17:24:00+00:00,33,1,651434,58.53,58.54,58.52,58.52,157,CLZ5
2025-11-12 17:25:00+00:00,33,1,651434,58.53,58.56,58.53,58.54,209,CLZ5
2025-11-12 17:26:00+00:00,33,1,651434,58.55,58.58,58.53,58.58,180,CLZ5
2025-11-12 17:27:00+00:00,33,1,651434,58.57,58.6,58.57,58.57,260,CLZ5
2025-11-12 17:28:00+00:00,33,1,651434,58.57,58.57,58.54,58.54,161,CLZ5
2025-11-12 17:29:00+00:00,33,1,651434,58.53,58.56,58.53,58.53,143,CLZ5
2025-11-12 17:30:00+00:00,33,1,651434,58.53,58.58,58.52,58.57,191,CLZ5
2025-11-12 17:31:00+00:00,33,1,651434,58.57,58.57,58.55,58.57,119,CLZ5
2025-11-12 17:32:00+00:00,33,1,651434,58.57,58.59,58.55,58.56,191,CLZ5
2025-11-12 17:33:00+00:00,33,1,651434,58.55,58.62,58.55,58.61,212,CLZ5
2025-11-12 17:34:00+00:00,33,1,651434,58.61,58.68,58.6,58.66,308,CLZ5
2025-11-12 17:35:00+00:00,33,1,651434,58.64,58.68,58.64,58.68,269,CLZ5
2025-11-12 17:36:00+00:00,33,1,651434,58.68,58.69,58.6,58.63,186,CLZ5
2025-11-12 17:37:00+00:00,33,1,651434,58.62,58.63,58.61,58.62,108,CLZ5
2025-11-12 17:38:00+00:00,33,1,651434,58.61,58.62,58.55,58.56,240,CLZ5
2025-11-12 17:39:00+00:00,33,1,651434,58.56,58.57,58.53,58.54,165,CLZ5
2025-11-12 17:40:00+00:00,33,1,651434,58.54,58.58,58.54,58.54,195,CLZ5
2025-11-12 17:41:00+00:00,33,1,651434,58.54,58.58,58.54,58.56,121,CLZ5
2025-11-12 17:42:00+00:00,33,1,651434,58.56,58.57,58.55,58.55,80,CLZ5
2025-11-12 17:43:00+00:00,33,1,651434,58.56,58.56,58.52,58.53,205,CLZ5
2025-11-12 17:44:00+00:00,33,1,651434,58.53,58.54,58.52,58.53,218,CLZ5
2025-11-12 17:45:00+00:00,33,1,651434,58.52,58.56,58.52,58.54,234,CLZ5
2025-11-12 17:46:00+00:00,33,1,651434,58.54,58.56,58.54,58.55,62,CLZ5
2025-11-12 17:47:00+00:00,33,1,651434,58.56,58.57,58.56,58.57,100,CLZ5
2025-11-12 17:48:00+00:00,33,1,651434,58.57,58.58,58.57,58.57,146,CLZ5
2025-11-12 17:49:00+00:00,33,1,651434,58.57,58.6,58.57,58.57,183,CLZ5
2025-11-12 17:50:00+00:00,33,1,651434,58.56,58.56,58.5,58.53,336,CLZ5
2025-11-12 17:51:00+00:00,33,1,651434,58.53,58.55,58.53,58.55,85,CLZ5
2025-11-12 17:52:00+00:00,33,1,651434,58.56,58.6,58.56,58.57,295,CLZ5
2025-11-12 17:53:00+00:00,33,1,651434,58.56,58.58,58.55,58.55,181,CLZ5
2025-11-12 17:54:00+00:00,33,1,651434,58.55,58.59,58.55,58.59,165,CLZ5
2025-11-12 17:55:00+00:00,33,1,651434,58.6,58.6,58.57,58.57,108,CLZ5
2025-11-12 17:56:00+00:00,33,1,651434,58.57,58.57,58.55,58.55,67,CLZ5
2025-11-12 17:57:00+00:00,33,1,651434,58.56,58.58,58.54,58.55,176,CLZ5
2025-11-12 17:58:00+00:00,33,1,651434,58.55,58.57,58.55,58.56,100,CLZ5
2025-11-12 17:59:00+00:00,33,1,651434,58.57,58.6,58.56,58.59,153,CLZ5
2025-11-12 18:00:00+00:00,33,1,651434,58.58,58.62,58.57,58.57,222,CLZ5
2025-11-12 18:01:00+00:00,33,1,651434,58.57,58.6,58.57,58.58,95,CLZ5
2025-11-12 18:02:00+00:00,33,1,651434,58.57,58.59,58.56,58.59,80,CLZ5
2025-11-12 18:03:00+00:00,33,1,651434,58.58,58.59,58.58,58.58,54,CLZ5
2025-11-12 18:04:00+00:00,33,1,651434,58.59,58.59,58.56,58.57,161,CLZ5
2025-11-12 18:05:00+00:00,33,1,651434,58.56,58.57,58.55,58.55,84,CLZ5
2025-11-12 18:06:00+00:00,33,1,651434,58.55,58.56,58.53,58.54,185,CLZ5
2025-11-12 18:07:00+00:00,33,1,651434,58.55,58.55,58.49,58.5,286,CLZ5
2025-11-12 18:08:00+00:00,33,1,651434,58.51,58.53,58.5,58.52,119,CLZ5
2025-11-12 18:09:00+00:00,33,1,651434,58.53,58.53,58.5,58.5,147,CLZ5
2025-11-12 18:10:00+00:00,33,1,651434,58.51,58.52,58.49,58.5,231,CLZ5
2025-11-12 18:11:00+00:00,33,1,651434,58.49,58.5,58.49,58.5,42,CLZ5
2025-11-12 18:12:00+00:00,33,1,651434,58.49,58.51,58.49,58.5,143,CLZ5
2025-11-12 18:13:00+00:00,33,1,651434,58.5,58.52,58.5,58.5,101,CLZ5
2025-11-12 18:14:00+00:00,33,1,651434,58.5,58.53,58.5,58.51,160,CLZ5
2025-11-12 18:15:00+00:00,33,1,651434,58.51,58.51,58.5,58.5,41,CLZ5
2025-11-12 18:16:00+00:00,33,1,651434,58.5,58.54,58.49,58.51,195,CLZ5
2025-11-12 18:17:00+00:00,33,1,651434,58.5,58.54,58.5,58.53,145,CLZ5
2025-11-12 18:18:00+00:00,33,1,651434,58.52,58.54,58.52,58.53,81,CLZ5
2025-11-12 18:19:00+00:00,33,1,651434,58.53,58.55,58.52,58.54,184,CLZ5
2025-11-12 18:20:00+00:00,33,1,651434,58.54,58.54,58.52,58.52,58,CLZ5
2025-11-12 18:21:00+00:00,33,1,651434,58.52,58.52,58.51,58.52,92,CLZ5
2025-11-12 18:22:00+00:00,33,1,651434,58.51,58.51,58.49,58.5,62,CLZ5
2025-11-12 18:23:00+00:00,33,1,651434,58.49,58.5,58.49,58.5,121,CLZ5
2025-11-12 18:24:00+00:00,33,1,651434,58.49,58.52,58.49,58.51,155,CLZ5
2025-11-12 18:25:00+00:00,33,1,651434,58.51,58.53,58.51,58.52,122,CLZ5
2025-11-12 18:26:00+00:00,33,1,651434,58.52,58.52,58.5,58.51,75,CLZ5
2025-11-12 18:27:00+00:00,33,1,651434,58.5,58.52,58.49,58.49,222,CLZ5
2025-11-12 18:28:00+00:00,33,1,651434,58.49,58.51,58.49,58.49,171,CLZ5
2025-11-12 18:29:00+00:00,33,1,651434,58.5,58.5,58.47,58.5,279,CLZ5
2025-11-12 18:30:00+00:00,33,1,651434,58.51,58.52,58.49,58.5,293,CLZ5
2025-11-12 18:31:00+00:00,33,1,651434,58.5,58.51,58.5,58.51,47,CLZ5
2025-11-12 18:32:00+00:00,33,1,651434,58.5,58.53,58.48,58.48,177,CLZ5
2025-11-12 18:33:00+00:00,33,1,651434,58.48,58.51,58.48,58.51,128,CLZ5
2025-11-12 18:34:00+00:00,33,1,651434,58.5,58.52,58.5,58.5,132,CLZ5
2025-11-12 18:35:00+00:00,33,1,651434,58.49,58.52,58.49,58.51,126,CLZ5
2025-11-12 18:36:00+00:00,33,1,651434,58.51,58.51,58.49,58.49,117,CLZ5
2025-11-12 18:37:00+00:00,33,1,651434,58.49,58.51,58.48,58.5,121,CLZ5
2025-11-12 18:38:00+00:00,33,1,651434,58.5,58.51,58.49,58.49,49,CLZ5
2025-11-12 18:39:00+00:00,33,1,651434,58.5,58.5,58.48,58.48,92,CLZ5
2025-11-12 18:40:00+00:00,33,1,651434,58.48,58.5,58.48,58.48,83,CLZ5
2025-11-12 18:41:00+00:00,33,1,651434,58.49,58.5,58.48,58.49,154,CLZ5
2025-11-12 18:42:00+00:00,33,1,651434,58.48,58.5,58.44,58.44,536,CLZ5
2025-11-12 18:43:00+00:00,33,1,651434,58.44,58.5,58.44,58.49,276,CLZ5
2025-11-12 18:44:00+00:00,33,1,651434,58.49,58.5,58.46,58.46,236,CLZ5
2025-11-12 18:45:00+00:00,33,1,651434,58.46,58.48,58.45,58.47,189,CLZ5
2025-11-12 18:46:00+00:00,33,1,651434,58.48,58.48,58.46,58.46,105,CLZ5
2025-11-12 18:47:00+00:00,33,1,651434,58.47,58.47,58.44,58.45,191,CLZ5
2025-11-12 18:48:00+00:00,33,1,651434,58.46,58.47,58.44,58.45,115,CLZ5
2025-11-12 18:49:00+00:00,33,1,651434,58.44,58.44,58.43,58.43,271,CLZ5
2025-11-12 18:50:00+00:00,33,1,651434,58.43,58.43,58.41,58.41,395,CLZ5
2025-11-12 18:51:00+00:00,33,1,651434,58.42,58.42,58.3,58.33,1164,CLZ5
2025-11-12 18:52:00+00:00,33,1,651434,58.33,58.4,58.33,58.39,401,CLZ5
2025-11-12 18:53:00+00:00,33,1,651434,58.39,58.39,58.36,58.36,193,CLZ5
2025-11-12 18:54:00+00:00,33,1,651434,58.36,58.38,58.36,58.38,154,CLZ5
2025-11-12 18:55:00+00:00,33,1,651434,58.38,58.42,58.36,58.42,363,CLZ5
2025-11-12 18:56:00+00:00,33,1,651434,58.42,58.42,58.4,58.41,224,CLZ5
2025-11-12 18:57:00+00:00,33,1,651434,58.42,58.43,58.39,58.39,241,CLZ5
2025-11-12 18:58:00+00:00,33,1,651434,58.39,58.4,58.37,58.38,183,CLZ5
2025-11-12 18:59:00+00:00,33,1,651434,58.38,58.4,58.37,58.37,240,CLZ5
2025-11-12 19:00:00+00:00,33,1,651434,58.36,58.41,58.35,58.4,359,CLZ5
2025-11-12 19:01:00+00:00,33,1,651434,58.39,58.41,58.38,58.4,227,CLZ5
2025-11-12 19:02:00+00:00,33,1,651434,58.41,58.42,58.38,58.38,169,CLZ5
2025-11-12 19:03:00+00:00,33,1,651434,58.38,58.39,58.37,58.38,219,CLZ5
2025-11-12 19:04:00+00:00,33,1,651434,58.39,58.39,58.37,58.38,102,CLZ5
2025-11-12 19:05:00+00:00,33,1,651434,58.39,58.45,58.37,58.43,716,CLZ5
2025-11-12 19:06:00+00:00,33,1,651434,58.44,58.44,58.4,58.41,210,CLZ5
2025-11-12 19:07:00+00:00,33,1,651434,58.41,58.44,58.41,58.44,182,CLZ5
2025-11-12 19:08:00+00:00,33,1,651434,58.44,58.46,58.43,58.43,204,CLZ5
2025-11-12 19:09:00+00:00,33,1,651434,58.44,58.44,58.41,58.43,149,CLZ5
2025-11-12 19:10:00+00:00,33,1,651434,58.43,58.45,58.4,58.41,364,CLZ5
2025-11-12 19:11:00+00:00,33,1,651434,58.41,58.44,58.4,58.44,155,CLZ5
2025-11-12 19:12:00+00:00,33,1,651434,58.44,58.47,58.43,58.46,187,CLZ5
2025-11-12 19:13:00+00:00,33,1,651434,58.46,58.47,58.45,58.47,314,CLZ5
2025-11-12 19:14:00+00:00,33,1,651434,58.48,58.5,58.47,58.48,269,CLZ5
2025-11-12 19:15:00+00:00,33,1,651434,58.47,58.48,58.46,58.48,170,CLZ5
2025-11-12 19:16:00+00:00,33,1,651434,58.48,58.52,58.47,58.5,348,CLZ5
2025-11-12 19:17:00+00:00,33,1,651434,58.5,58.5,58.43,58.44,339,CLZ5
2025-11-12 19:18:00+00:00,33,1,651434,58.44,58.44,58.42,58.42,301,CLZ5
2025-11-12 19:19:00+00:00,33,1,651434,58.41,58.42,58.4,58.41,205,CLZ5
2025-11-12 19:20:00+00:00,33,1,651434,58.41,58.44,58.4,58.41,258,CLZ5
2025-11-12 19:21:00+00:00,33,1,651434,58.4,58.41,58.38,58.4,263,CLZ5
2025-11-12 19:22:00+00:00,33,1,651434,58.4,58.43,58.39,58.41,274,CLZ5
2025-11-12 19:23:00+00:00,33,1,651434,58.41,58.41,58.39,58.41,169,CLZ5
2025-11-12 19:24:00+00:00,33,1,651434,58.41,58.42,58.4,58.42,313,CLZ5
2025-11-12 19:25:00+00:00,33,1,651434,58.41,58.43,58.39,58.42,460,CLZ5
2025-11-12 19:26:00+00:00,33,1,651434,58.42,58.46,58.42,58.44,444,CLZ5
2025-11-12 19:27:00+00:00,33,1,651434,58.44,58.46,58.43,58.46,559,CLZ5
2025-11-12 19:28:00+00:00,33,1,651434,58.47,58.49,58.43,58.47,1826,CLZ5
2025-11-12 19:29:00+00:00,33,1,651434,58.48,58.52,58.47,58.5,2480,CLZ5
2025-11-12 19:30:00+00:00,33,1,651434,58.49,58.52,58.48,58.49,947,CLZ5
2025-11-12 19:31:00+00:00,33,1,651434,58.49,58.49,58.45,58.45,347,CLZ5
2025-11-12 19:32:00+00:00,33,1,651434,58.47,58.48,58.46,58.46,234,CLZ5
2025-11-12 19:33:00+00:00,33,1,651434,58.46,58.46,58.43,58.44,227,CLZ5
2025-11-12 19:34:00+00:00,33,1,651434,58.45,58.45,58.4,58.42,249,CLZ5
2025-11-12 19:35:00+00:00,33,1,651434,58.43,58.44,58.41,58.41,132,CLZ5
2025-11-12 19:36:00+00:00,33,1,651434,58.4,58.4,58.37,58.37,126,CLZ5
2025-11-12 19:37:00+00:00,33,1,651434,58.38,58.41,58.38,58.4,85,CLZ5
2025-11-12 19:38:00+00:00,33,1,651434,58.39,58.4,58.37,58.37,79,CLZ5
2025-11-12 19:39:00+00:00,33,1,651434,58.37,58.4,58.37,58.4,126,CLZ5
2025-11-12 19:40:00+00:00,33,1,651434,58.4,58.4,58.37,58.39,92,CLZ5
2025-11-12 19:41:00+00:00,33,1,651434,58.38,58.39,58.35,58.36,86,CLZ5
2025-11-12 19:42:00+00:00,33,1,651434,58.36,58.38,58.36,58.38,48,CLZ5
2025-11-12 19:43:00+00:00,33,1,651434,58.38,58.4,58.38,58.4,63,CLZ5
2025-11-12 19:44:00+00:00,33,1,651434,58.4,58.41,58.39,58.39,52,CLZ5
2025-11-12 19:45:00+00:00,33,1,651434,58.39,58.4,58.38,58.39,84,CLZ5
2025-11-12 19:46:00+00:00,33,1,651434,58.39,58.4,58.37,58.38,93,CLZ5
2025-11-12 19:47:00+00:00,33,1,651434,58.38,58.38,58.37,58.38,24,CLZ5
2025-11-12 19:48:00+00:00,33,1,651434,58.38,58.39,58.38,58.38,30,CLZ5
2025-11-12 19:49:00+00:00,33,1,651434,58.38,58.38,58.35,58.36,76,CLZ5
2025-11-12 19:50:00+00:00,33,1,651434,58.37,58.38,58.36,58.36,65,CLZ5
2025-11-12 19:51:00+00:00,33,1,651434,58.36,58.38,58.36,58.38,40,CLZ5
2025-11-12 19:52:00+00:00,33,1,651434,58.38,58.38,58.37,58.38,40,CLZ5
2025-11-12 19:53:00+00:00,33,1,651434,58.38,58.38,58.37,58.38,13,CLZ5
2025-11-12 19:54:00+00:00,33,1,651434,58.38,58.38,58.35,58.35,134,CLZ5
2025-11-12 19:55:00+00:00,33,1,651434,58.34,58.35,58.34,58.34,37,CLZ5
2025-11-12 19:56:00+00:00,33,1,651434,58.34,58.36,58.34,58.35,195,CLZ5
2025-11-12 19:57:00+00:00,33,1,651434,58.35,58.37,58.35,58.35,74,CLZ5
2025-11-12 19:58:00+00:00,33,1,651434,58.35,58.36,58.34,58.35,69,CLZ5
2025-11-12 19:59:00+00:00,33,1,651434,58.34,58.37,58.34,58.37,52,CLZ5
2025-11-12 20:00:00+00:00,33,1,651434,58.36,58.37,58.35,58.36,127,CLZ5
2025-11-12 20:01:00+00:00,33,1,651434,58.36,58.37,58.36,58.36,66,CLZ5
2025-11-12 20:02:00+00:00,33,1,651434,58.35,58.35,58.32,58.33,146,CLZ5
2025-11-12 20:03:00+00:00,33,1,651434,58.33,58.35,58.33,58.34,84,CLZ5
2025-11-12 20:04:00+00:00,33,1,651434,58.33,58.34,58.32,58.33,129,CLZ5
2025-11-12 20:05:00+00:00,33,1,651434,58.33,58.34,58.32,58.34,117,CLZ5
2025-11-12 20:06:00+00:00,33,1,651434,58.34,58.35,58.34,58.34,90,CLZ5
2025-11-12 20:07:00+00:00,33,1,651434,58.34,58.35,58.33,58.33,110,CLZ5
2025-11-12 20:08:00+00:00,33,1,651434,58.33,58.34,58.33,58.34,41,CLZ5
2025-11-12 20:09:00+00:00,33,1,651434,58.33,58.33,58.33,58.33,31,CLZ5
2025-11-12 20:10:00+00:00,33,1,651434,58.34,58.35,58.34,58.35,54,CLZ5
2025-11-12 20:11:00+00:00,33,1,651434,58.35,58.35,58.34,58.34,39,CLZ5
2025-11-12 20:12:00+00:00,33,1,651434,58.34,58.34,58.33,58.33,39,CLZ5
2025-11-12 20:13:00+00:00,33,1,651434,58.33,58.34,58.32,58.34,81,CLZ5
2025-11-12 20:14:00+00:00,33,1,651434,58.34,58.38,58.34,58.38,101,CLZ5
2025-11-12 20:15:00+00:00,33,1,651434,58.38,58.39,58.37,58.38,86,CLZ5
2025-11-12 20:16:00+00:00,33,1,651434,58.37,58.39,58.37,58.39,174,CLZ5
2025-11-12 20:17:00+00:00,33,1,651434,58.39,58.39,58.37,58.38,260,CLZ5
2025-11-12 20:18:00+00:00,33,1,651434,58.38,58.42,58.38,58.42,193,CLZ5
2025-11-12 20:19:00+00:00,33,1,651434,58.42,58.42,58.42,58.42,62,CLZ5
2025-11-12 20:20:00+00:00,33,1,651434,58.42,58.43,58.41,58.41,138,CLZ5
2025-11-12 20:21:00+00:00,33,1,651434,58.4,58.41,58.39,58.4,50,CLZ5
2025-11-12 20:22:00+00:00,33,1,651434,58.4,58.4,58.4,58.4,22,CLZ5
2025-11-12 20:23:00+00:00,33,1,651434,58.4,58.4,58.39,58.4,34,CLZ5
2025-11-12 20:24:00+00:00,33,1,651434,58.4,58.41,58.39,58.41,66,CLZ5
2025-11-12 20:25:00+00:00,33,1,651434,58.41,58.41,58.4,58.41,97,CLZ5
2025-11-12 20:26:00+00:00,33,1,651434,58.41,58.42,58.41,58.42,41,CLZ5
2025-11-12 20:27:00+00:00,33,1,651434,58.43,58.44,58.42,58.43,108,CLZ5
2025-11-12 20:28:00+00:00,33,1,651434,58.43,58.45,58.43,58.45,61,CLZ5
2025-11-12 20:29:00+00:00,33,1,651434,58.45,58.47,58.45,58.46,168,CLZ5
2025-11-12 20:30:00+00:00,33,1,651434,58.45,58.48,58.45,58.47,255,CLZ5
2025-11-12 20:31:00+00:00,33,1,651434,58.47,58.47,58.46,58.47,38,CLZ5
2025-11-12 20:32:00+00:00,33,1,651434,58.47,58.47,58.45,58.46,135,CLZ5
2025-11-12 20:33:00+00:00,33,1,651434,58.46,58.47,58.46,58.47,40,CLZ5
2025-11-12 20:34:00+00:00,33,1,651434,58.46,58.47,58.46,58.47,12,CLZ5
2025-11-12 20:35:00+00:00,33,1,651434,58.46,58.48,58.46,58.48,45,CLZ5
2025-11-12 20:36:00+00:00,33,1,651434,58.48,58.48,58.46,58.46,49,CLZ5
2025-11-12 20:37:00+00:00,33,1,651434,58.47,58.47,58.46,58.47,30,CLZ5
2025-11-12 20:38:00+00:00,33,1,651434,58.46,58.46,58.44,58.45,95,CLZ5
2025-11-12 20:39:00+00:00,33,1,651434,58.45,58.46,58.45,58.45,71,CLZ5
2025-11-12 20:40:00+00:00,33,1,651434,58.45,58.45,58.45,58.45,12,CLZ5
2025-11-12 20:41:00+00:00,33,1,651434,58.45,58.46,58.45,58.45,67,CLZ5
2025-11-12 20:42:00+00:00,33,1,651434,58.45,58.46,58.45,58.46,93,CLZ5
2025-11-12 20:43:00+00:00,33,1,651434,58.45,58.45,58.44,58.44,70,CLZ5
2025-11-12 20:44:00+00:00,33,1,651434,58.45,58.45,58.43,58.43,68,CLZ5
2025-11-12 20:45:00+00:00,33,1,651434,58.43,58.43,58.42,58.42,39,CLZ5
2025-11-12 20:46:00+00:00,33,1,651434,58.42,58.43,58.41,58.43,132,CLZ5
2025-11-12 20:47:00+00:00,33,1,651434,58.43,58.43,58.42,58.43,34,CLZ5
2025-11-12 20:48:00+00:00,33,1,651434,58.42,58.44,58.42,58.43,48,CLZ5
2025-11-12 20:49:00+00:00,33,1,651434,58.44,58.44,58.43,58.43,6,CLZ5
2025-11-12 20:50:00+00:00,33,1,651434,58.44,58.46,58.44,58.44,166,CLZ5
2025-11-12 20:51:00+00:00,33,1,651434,58.44,58.45,58.44,58.44,68,CLZ5
2025-11-12 20:52:00+00:00,33,1,651434,58.44,58.44,58.42,58.44,46,CLZ5
2025-11-12 20:53:00+00:00,33,1,651434,58.44,58.45,58.43,58.44,53,CLZ5
2025-11-12 20:54:00+00:00,33,1,651434,58.44,58.44,58.43,58.43,18,CLZ5
2025-11-12 20:55:00+00:00,33,1,651434,58.43,58.44,58.43,58.44,70,CLZ5
2025-11-12 20:56:00+00:00,33,1,651434,58.44,58.46,58.43,58.46,145,CLZ5
2025-11-12 20:57:00+00:00,33,1,651434,58.47,58.47,58.44,58.44,33,CLZ5
2025-11-12 20:58:00+00:00,33,1,651434,58.45,58.45,58.43,58.43,75,CLZ5
2025-11-12 20:59:00+00:00,33,1,651434,58.43,58.45,58.43,58.45,50,CLZ5
2025-11-12 21:00:00+00:00,33,1,651434,58.45,58.46,58.43,58.44,64,CLZ5
2025-11-12 21:01:00+00:00,33,1,651434,58.44,58.46,58.44,58.45,55,CLZ5
2025-11-12 21:02:00+00:00,33,1,651434,58.44,58.46,58.44,58.45,26,CLZ5
2025-11-12 21:03:00+00:00,33,1,651434,58.44,58.45,58.43,58.43,29,CLZ5
2025-11-12 21:04:00+00:00,33,1,651434,58.43,58.44,58.43,58.43,117,CLZ5
2025-11-12 21:05:00+00:00,33,1,651434,58.44,58.44,58.42,58.42,38,CLZ5
2025-11-12 21:06:00+00:00,33,1,651434,58.42,58.42,58.41,58.41,21,CLZ5
2025-11-12 21:07:00+00:00,33,1,651434,58.41,58.42,58.4,58.41,51,CLZ5
2025-11-12 21:08:00+00:00,33,1,651434,58.42,58.42,58.41,58.41,35,CLZ5
2025-11-12 21:09:00+00:00,33,1,651434,58.4,58.4,58.39,58.39,30,CLZ5
2025-11-12 21:10:00+00:00,33,1,651434,58.4,58.4,58.39,58.39,61,CLZ5
2025-11-12 21:11:00+00:00,33,1,651434,58.4,58.41,58.37,58.38,72,CLZ5
2025-11-12 21:12:00+00:00,33,1,651434,58.39,58.4,58.38,58.4,21,CLZ5
2025-11-12 21:13:00+00:00,33,1,651434,58.4,58.41,58.39,58.41,50,CLZ5
2025-11-12 21:14:00+00:00,33,1,651434,58.4,58.41,58.39,58.4,76,CLZ5
2025-11-12 21:15:00+00:00,33,1,651434,58.41,58.41,58.4,58.41,24,CLZ5
2025-11-12 21:16:00+00:00,33,1,651434,58.4,58.41,58.4,58.41,37,CLZ5
2025-11-12 21:17:00+00:00,33,1,651434,58.4,58.4,58.4,58.4,3,CLZ5
2025-11-12 21:19:00+00:00,33,1,651434,58.4,58.4,58.38,58.39,34,CLZ5
2025-11-12 21:20:00+00:00,33,1,651434,58.39,58.39,58.39,58.39,2,CLZ5
2025-11-12 21:21:00+00:00,33,1,651434,58.39,58.39,58.38,58.38,36,CLZ5
2025-11-12 21:22:00+00:00,33,1,651434,58.38,58.39,58.38,58.38,14,CLZ5
2025-11-12 21:23:00+00:00,33,1,651434,58.38,58.38,58.37,58.37,6,CLZ5
2025-11-12 21:24:00+00:00,33,1,651434,58.37,58.39,58.37,58.39,38,CLZ5
2025-11-12 21:25:00+00:00,33,1,651434,58.39,58.39,58.39,58.39,25,CLZ5
2025-11-12 21:26:00+00:00,33,1,651434,58.39,58.4,58.39,58.4,18,CLZ5
2025-11-12 21:27:00+00:00,33,1,651434,58.4,58.4,58.4,58.4,32,CLZ5
2025-11-12 21:28:00+00:00,33,1,651434,58.41,58.42,58.4,58.4,37,CLZ5
2025-11-12 21:29:00+00:00,33,1,651434,58.4,58.42,58.4,58.41,43,CLZ5
2025-11-12 21:30:00+00:00,33,1,651434,58.42,58.44,58.4,58.4,86,CLZ5
2025-11-12 21:31:00+00:00,33,1,651434,58.41,58.41,58.39,58.4,31,CLZ5
2025-11-12 21:32:00+00:00,33,1,651434,58.39,58.39,58.38,58.38,13,CLZ5
2025-11-12 21:33:00+00:00,33,1,651434,58.38,58.39,58.37,58.38,18,CLZ5
2025-11-12 21:34:00+00:00,33,1,651434,58.38,58.39,58.36,58.36,39,CLZ5
2025-11-12 21:35:00+00:00,33,1,651434,58.36,58.37,58.36,58.36,30,CLZ5
2025-11-12 21:36:00+00:00,33,1,651434,58.35,58.36,58.34,58.34,32,CLZ5
2025-11-12 21:37:00+00:00,33,1,651434,58.35,58.37,58.35,58.37,39,CLZ5
2025-11-12 21:38:00+00:00,33,1,651434,58.37,58.38,58.37,58.37,34,CLZ5
2025-11-12 21:39:00+00:00,33,1,651434,58.37,58.37,58.37,58.37,6,CLZ5
2025-11-12 21:40:00+00:00,33,1,651434,58.38,58.39,58.37,58.39,49,CLZ5
2025-11-12 21:41:00+00:00,33,1,651434,58.39,58.4,58.39,58.4,10,CLZ5
2025-11-12 21:42:00+00:00,33,1,651434,58.39,58.39,58.36,58.38,193,CLZ5
2025-11-12 21:43:00+00:00,33,1,651434,58.39,58.39,58.37,58.38,42,CLZ5
2025-11-12 21:44:00+00:00,33,1,651434,58.37,58.38,58.35,58.35,129,CLZ5
2025-11-12 21:45:00+00:00,33,1,651434,58.36,58.37,58.35,58.37,62,CLZ5
2025-11-12 21:46:00+00:00,33,1,651434,58.37,58.38,58.35,58.35,69,CLZ5
2025-11-12 21:47:00+00:00,33,1,651434,58.36,58.37,58.36,58.37,36,CLZ5
2025-11-12 21:48:00+00:00,33,1,651434,58.36,58.37,58.35,58.37,40,CLZ5
2025-11-12 21:49:00+00:00,33,1,651434,58.36,58.39,58.36,58.39,114,CLZ5
2025-11-12 21:50:00+00:00,33,1,651434,58.38,58.39,58.37,58.37,30,CLZ5
2025-11-12 21:51:00+00:00,33,1,651434,58.39,58.39,58.36,58.38,146,CLZ5
2025-11-12 21:52:00+00:00,33,1,651434,58.37,58.39,58.37,58.39,11,CLZ5
2025-11-12 21:53:00+00:00,33,1,651434,58.39,58.42,58.38,58.4,242,CLZ5
2025-11-12 21:54:00+00:00,33,1,651434,58.41,58.42,58.4,58.42,96,CLZ5
2025-11-12 21:55:00+00:00,33,1,651434,58.42,58.46,58.41,58.46,101,CLZ5
2025-11-12 21:56:00+00:00,33,1,651434,58.47,58.47,58.45,58.46,55,CLZ5
2025-11-12 21:57:00+00:00,33,1,651434,58.47,58.49,58.46,58.49,59,CLZ5
2025-11-12 21:58:00+00:00,33,1,651434,58.49,58.5,58.47,58.49,103,CLZ5
2025-11-12 21:59:00+00:00,33,1,651434,58.49,58.49,58.45,58.48,117,CLZ5
2025-11-12 23:00:00+00:00,33,1,651434,58.47,58.5,58.37,58.37,114,CLZ5
2025-11-12 23:01:00+00:00,33,1,651434,58.38,58.39,58.36,58.39,37,CLZ5
2025-11-12 23:02:00+00:00,33,1,651434,58.4,58.41,58.39,58.39,38,CLZ5
2025-11-12 23:03:00+00:00,33,1,651434,58.39,58.39,58.38,58.39,8,CLZ5
2025-11-12 23:04:00+00:00,33,1,651434,58.4,58.4,58.35,58.35,47,CLZ5
2025-11-12 23:05:00+00:00,33,1,651434,58.35,58.35,58.28,58.29,144,CLZ5
2025-11-12 23:06:00+00:00,33,1,651434,58.3,58.3,58.26,58.29,30,CLZ5
2025-11-12 23:07:00+00:00,33,1,651434,58.28,58.29,58.28,58.28,14,CLZ5
2025-11-12 23:08:00+00:00,33,1,651434,58.28,58.28,58.27,58.28,7,CLZ5
2025-11-12 23:09:00+00:00,33,1,651434,58.27,58.3,58.27,58.29,26,CLZ5
2025-11-12 23:10:00+00:00,33,1,651434,58.3,58.33,58.3,58.33,20,CLZ5
2025-11-12 23:11:00+00:00,33,1,651434,58.33,58.33,58.32,58.33,35,CLZ5
2025-11-12 23:12:00+00:00,33,1,651434,58.33,58.33,58.33,58.33,1,CLZ5
2025-11-12 23:13:00+00:00,33,1,651434,58.32,58.32,58.31,58.31,8,CLZ5
2025-11-12 23:14:00+00:00,33,1,651434,58.31,58.32,58.31,58.32,3,CLZ5
2025-11-12 23:15:00+00:00,33,1,651434,58.32,58.32,58.31,58.32,4,CLZ5
2025-11-12 23:16:00+00:00,33,1,651434,58.33,58.33,58.33,58.33,4,CLZ5
2025-11-12 23:17:00+00:00,33,1,651434,58.33,58.33,58.33,58.33,2,CLZ5
2025-11-12 23:18:00+00:00,33,1,651434,58.34,58.34,58.33,58.33,2,CLZ5
2025-11-12 23:19:00+00:00,33,1,651434,58.33,58.34,58.33,58.34,3,CLZ5
2025-11-12 23:20:00+00:00,33,1,651434,58.34,58.35,58.33,58.34,9,CLZ5
2025-11-12 23:21:00+00:00,33,1,651434,58.32,58.32,58.3,58.32,28,CLZ5
2025-11-12 23:22:00+00:00,33,1,651434,58.32,58.32,58.3,58.32,24,CLZ5
2025-11-12 23:23:00+00:00,33,1,651434,58.32,58.32,58.31,58.32,12,CLZ5
2025-11-12 23:24:00+00:00,33,1,651434,58.31,58.31,58.3,58.3,3,CLZ5
2025-11-12 23:26:00+00:00,33,1,651434,58.32,58.33,58.31,58.33,10,CLZ5
2025-11-12 23:27:00+00:00,33,1,651434,58.33,58.33,58.29,58.29,102,CLZ5
2025-11-12 23:28:00+00:00,33,1,651434,58.3,58.3,58.3,58.3,14,CLZ5
2025-11-12 23:29:00+00:00,33,1,651434,58.3,58.31,58.3,58.31,9,CLZ5
2025-11-12 23:30:00+00:00,33,1,651434,58.31,58.32,58.3,58.3,24,CLZ5
2025-11-12 23:31:00+00:00,33,1,651434,58.29,58.3,58.29,58.3,8,CLZ5
2025-11-12 23:32:00+00:00,33,1,651434,58.29,58.31,58.28,58.28,11,CLZ5
2025-11-12 23:33:00+00:00,33,1,651434,58.28,58.29,58.27,58.29,17,CLZ5
2025-11-12 23:34:00+00:00,33,1,651434,58.28,58.29,58.28,58.29,9,CLZ5
2025-11-12 23:35:00+00:00,33,1,651434,58.29,58.29,58.28,58.29,4,CLZ5
2025-11-12 23:36:00+00:00,33,1,651434,58.29,58.29,58.27,58.28,14,CLZ5
2025-11-12 23:37:00+00:00,33,1,651434,58.28,58.28,58.26,58.27,7,CLZ5
2025-11-12 23:38:00+00:00,33,1,651434,58.26,58.26,58.24,58.25,38,CLZ5
2025-11-12 23:39:00+00:00,33,1,651434,58.25,58.26,58.24,58.25,10,CLZ5
2025-11-12 23:40:00+00:00,33,1,651434,58.25,58.26,58.25,58.25,9,CLZ5
2025-11-12 23:41:00+00:00,33,1,651434,58.25,58.25,58.2,58.23,128,CLZ5
2025-11-12 23:42:00+00:00,33,1,651434,58.23,58.23,58.22,58.23,6,CLZ5
2025-11-12 23:43:00+00:00,33,1,651434,58.23,58.23,58.22,58.23,14,CLZ5
2025-11-12 23:44:00+00:00,33,1,651434,58.22,58.22,58.2,58.22,30,CLZ5
2025-11-12 23:45:00+00:00,33,1,651434,58.21,58.22,58.21,58.22,7,CLZ5
2025-11-12 23:46:00+00:00,33,1,651434,58.21,58.21,58.19,58.2,44,CLZ5
2025-11-12 23:47:00+00:00,33,1,651434,58.21,58.25,58.21,58.25,44,CLZ5
2025-11-12 23:48:00+00:00,33,1,651434,58.25,58.25,58.24,58.24,8,CLZ5
2025-11-12 23:50:00+00:00,33,1,651434,58.25,58.25,58.25,58.25,2,CLZ5
2025-11-12 23:51:00+00:00,33,1,651434,58.24,58.25,58.23,58.23,18,CLZ5
2025-11-12 23:52:00+00:00,33,1,651434,58.22,58.23,58.22,58.23,6,CLZ5
2025-11-12 23:53:00+00:00,33,1,651434,58.22,58.23,58.22,58.23,7,CLZ5
2025-11-12 23:54:00+00:00,33,1,651434,58.23,58.23,58.22,58.22,21,CLZ5
2025-11-12 23:55:00+00:00,33,1,651434,58.21,58.21,58.21,58.21,7,CLZ5
2025-11-12 23:56:00+00:00,33,1,651434,58.22,58.22,58.21,58.21,16,CLZ5
2025-11-12 23:57:00+00:00,33,1,651434,58.22,58.23,58.22,58.23,18,CLZ5
2025-11-12 23:58:00+00:00,33,1,651434,58.22,58.22,58.22,58.22,6,CLZ5
2025-11-12 23:59:00+00:00,33,1,651434,58.22,58.22,58.2,58.2,43,CLZ5
2025-11-13 00:00:00+00:00,33,1,651434,58.22,58.25,58.22,58.25,17,CLZ5
2025-11-13 00:01:00+00:00,33,1,651434,58.25,58.31,58.25,58.28,97,CLZ5
2025-11-13 00:02:00+00:00,33,1,651434,58.27,58.28,58.25,58.28,33,CLZ5
2025-11-13 00:03:00+00:00,33,1,651434,58.28,58.3,58.28,58.28,29,CLZ5
2025-11-13 00:04:00+00:00,33,1,651434,58.29,58.32,58.29,58.32,16,CLZ5
2025-11-13 00:05:00+00:00,33,1,651434,58.32,58.32,58.3,58.31,18,CLZ5
2025-11-13 00:06:00+00:00,33,1,651434,58.32,58.32,58.3,58.32,12,CLZ5
2025-11-13 00:07:00+00:00,33,1,651434,58.31,58.33,58.31,58.31,8,CLZ5
2025-11-13 00:08:00+00:00,33,1,651434,58.31,58.32,58.31,58.32,9,CLZ5
2025-11-13 00:09:00+00:00,33,1,651434,58.33,58.34,58.32,58.32,11,CLZ5
2025-11-13 00:10:00+00:00,33,1,651434,58.34,58.34,58.33,58.33,13,CLZ5
2025-11-13 00:11:00+00:00,33,1,651434,58.33,58.33,58.32,58.32,12,CLZ5
2025-11-13 00:12:00+00:00,33,1,651434,58.31,58.31,58.28,58.29,26,CLZ5
2025-11-13 00:13:00+00:00,33,1,651434,58.3,58.3,58.29,58.3,13,CLZ5
2025-11-13 00:14:00+00:00,33,1,651434,58.29,58.29,58.29,58.29,5,CLZ5
2025-11-13 00:15:00+00:00,33,1,651434,58.29,58.3,58.29,58.3,3,CLZ5
2025-11-13 00:16:00+00:00,33,1,651434,58.31,58.31,58.29,58.29,9,CLZ5
2025-11-13 00:17:00+00:00,33,1,651434,58.3,58.3,58.29,58.29,2,CLZ5
2025-11-13 00:18:00+00:00,33,1,651434,58.3,58.3,58.28,58.29,16,CLZ5
2025-11-13 00:20:00+00:00,33,1,651434,58.28,58.29,58.28,58.28,6,CLZ5
2025-11-13 00:21:00+00:00,33,1,651434,58.27,58.28,58.27,58.27,5,CLZ5
2025-11-13 00:22:00+00:00,33,1,651434,58.28,58.28,58.27,58.27,3,CLZ5
2025-11-13 00:23:00+00:00,33,1,651434,58.29,58.31,58.29,58.31,14,CLZ5
2025-11-13 00:24:00+00:00,33,1,651434,58.3,58.31,58.3,58.31,10,CLZ5
2025-11-13 00:25:00+00:00,33,1,651434,58.31,58.31,58.31,58.31,5,CLZ5
2025-11-13 00:26:00+00:00,33,1,651434,58.3,58.3,58.27,58.27,54,CLZ5
2025-11-13 00:27:00+00:00,33,1,651434,58.27,58.27,58.26,58.26,20,CLZ5
2025-11-13 00:28:00+00:00,33,1,651434,58.26,58.29,58.26,58.29,39,CLZ5
2025-11-13 00:29:00+00:00,33,1,651434,58.28,58.28,58.28,58.28,6,CLZ5
2025-11-13 00:30:00+00:00,33,1,651434,58.29,58.34,58.29,58.32,67,CLZ5
2025-11-13 00:31:00+00:00,33,1,651434,58.32,58.32,58.31,58.31,7,CLZ5
2025-11-13 00:32:00+00:00,33,1,651434,58.3,58.3,58.3,58.3,2,CLZ5
2025-11-13 00:33:00+00:00,33,1,651434,58.31,58.33,58.31,58.33,13,CLZ5
2025-11-13 00:34:00+00:00,33,1,651434,58.33,58.33,58.33,58.33,5,CLZ5
2025-11-13 00:35:00+00:00,33,1,651434,58.33,58.33,58.31,58.31,10,CLZ5
2025-11-13 00:36:00+00:00,33,1,651434,58.31,58.33,58.3,58.33,15,CLZ5
2025-11-13 00:38:00+00:00,33,1,651434,58.33,58.33,58.32,58.33,14,CLZ5
2025-11-13 00:39:00+00:00,33,1,651434,58.33,58.33,58.32,58.33,3,CLZ5
2025-11-13 00:40:00+00:00,33,1,651434,58.33,58.34,58.33,58.34,12,CLZ5
2025-11-13 00:41:00+00:00,33,1,651434,58.34,58.35,58.34,58.35,4,CLZ5
2025-11-13 00:42:00+00:00,33,1,651434,58.34,58.34,58.34,58.34,6,CLZ5
2025-11-13 00:43:00+00:00,33,1,651434,58.35,58.35,58.33,58.33,5,CLZ5
2025-11-13 00:44:00+00:00,33,1,651434,58.33,58.33,58.33,58.33,4,CLZ5
2025-11-13 00:45:00+00:00,33,1,651434,58.33,58.33,58.32,58.32,4,CLZ5
2025-11-13 00:46:00+00:00,33,1,651434,58.32,58.32,58.31,58.32,13,CLZ5
2025-11-13 00:48:00+00:00,33,1,651434,58.33,58.33,58.32,58.32,12,CLZ5
2025-11-13 00:49:00+00:00,33,1,651434,58.32,58.32,58.29,58.3,13,CLZ5
2025-11-13 00:51:00+00:00,33,1,651434,58.29,58.29,58.29,58.29,10,CLZ5
2025-11-13 00:52:00+00:00,33,1,651434,58.28,58.28,58.26,58.28,24,CLZ5
2025-11-13 00:53:00+00:00,33,1,651434,58.29,58.29,58.29,58.29,3,CLZ5
2025-11-13 00:54:00+00:00,33,1,651434,58.27,58.28,58.27,58.27,6,CLZ5
2025-11-13 00:55:00+00:00,33,1,651434,58.28,58.29,58.28,58.29,15,CLZ5
2025-11-13 00:56:00+00:00,33,1,651434,58.29,58.29,58.29,58.29,11,CLZ5
2025-11-13 00:57:00+00:00,33,1,651434,58.28,58.28,58.26,58.27,28,CLZ5
2025-11-13 00:58:00+00:00,33,1,651434,58.27,58.28,58.27,58.28,6,CLZ5
2025-11-13 00:59:00+00:00,33,1,651434,58.27,58.28,58.27,58.27,10,CLZ5
2025-11-13 01:00:00+00:00,33,1,651434,58.28,58.32,58.22,58.27,409,CLZ5
2025-11-13 01:01:00+00:00,33,1,651434,58.27,58.29,58.24,58.27,97,CLZ5
2025-11-13 01:02:00+00:00,33,1,651434,58.28,58.34,58.27,58.31,110,CLZ5
2025-11-13 01:03:00+00:00,33,1,651434,58.32,58.35,58.3,58.35,55,CLZ5
2025-11-13 01:04:00+00:00,33,1,651434,58.34,58.37,58.31,58.31,65,CLZ5
2025-11-13 01:05:00+00:00,33,1,651434,58.31,58.31,58.23,58.23,210,CLZ5
2025-11-13 01:06:00+00:00,33,1,651434,58.24,58.24,58.15,58.15,276,CLZ5
2025-11-13 01:07:00+00:00,33,1,651434,58.16,58.2,58.14,58.18,146,CLZ5
2025-11-13 01:08:00+00:00,33,1,651434,58.19,58.2,58.14,58.17,93,CLZ5
2025-11-13 01:09:00+00:00,33,1,651434,58.17,58.21,58.16,58.19,81,CLZ5
2025-11-13 01:10:00+00:00,33,1,651434,58.18,58.18,58.12,58.13,96,CLZ5
2025-11-13 01:11:00+00:00,33,1,651434,58.13,58.16,58.12,58.16,69,CLZ5
2025-11-13 01:12:00+00:00,33,1,651434,58.15,58.18,58.15,58.16,34,CLZ5
2025-11-13 01:13:00+00:00,33,1,651434,58.16,58.23,58.16,58.23,44,CLZ5
2025-11-13 01:14:00+00:00,33,1,651434,58.23,58.23,58.22,58.23,39,CLZ5
2025-11-13 01:15:00+00:00,33,1,651434,58.23,58.23,58.2,58.22,50,CLZ5
2025-11-13 01:16:00+00:00,33,1,651434,58.22,58.23,58.21,58.23,23,CLZ5
2025-11-13 01:17:00+00:00,33,1,651434,58.24,58.25,58.23,58.25,51,CLZ5
2025-11-13 01:18:00+00:00,33,1,651434,58.25,58.25,58.24,58.24,20,CLZ5
2025-11-13 01:19:00+00:00,33,1,651434,58.25,58.25,58.23,58.25,9,CLZ5
2025-11-13 01:20:00+00:00,33,1,651434,58.24,58.26,58.23,58.23,43,CLZ5
2025-11-13 01:21:00+00:00,33,1,651434,58.24,58.25,58.23,58.24,21,CLZ5
2025-11-13 01:22:00+00:00,33,1,651434,58.24,58.25,58.22,58.24,47,CLZ5
2025-11-13 01:23:00+00:00,33,1,651434,58.24,58.25,58.22,58.24,41,CLZ5
2025-11-13 01:24:00+00:00,33,1,651434,58.24,58.24,58.19,58.2,46,CLZ5
2025-11-13 01:25:00+00:00,33,1,651434,58.19,58.24,58.19,58.24,46,CLZ5
2025-11-13 01:26:00+00:00,33,1,651434,58.24,58.24,58.22,58.22,7,CLZ5
2025-11-13 01:27:00+00:00,33,1,651434,58.21,58.21,58.2,58.21,13,CLZ5
2025-11-13 01:28:00+00:00,33,1,651434,58.21,58.23,58.21,58.22,11,CLZ5
2025-11-13 01:29:00+00:00,33,1,651434,58.22,58.25,58.22,58.23,18,CLZ5
2025-11-13 01:30:00+00:00,33,1,651434,58.23,58.25,58.23,58.23,37,CLZ5
2025-11-13 01:31:00+00:00,33,1,651434,58.22,58.25,58.21,58.23,20,CLZ5
2025-11-13 01:32:00+00:00,33,1,651434,58.23,58.24,58.23,58.23,23,CLZ5
2025-11-13 01:33:00+00:00,33,1,651434,58.22,58.23,58.21,58.21,31,CLZ5
2025-11-13 01:34:00+00:00,33,1,651434,58.21,58.23,58.2,58.23,33,CLZ5
2025-11-13 01:35:00+00:00,33,1,651434,58.23,58.25,58.23,58.25,25,CLZ5
2025-11-13 01:36:00+00:00,33,1,651434,58.25,58.25,58.23,58.23,42,CLZ5
2025-11-13 01:37:00+00:00,33,1,651434,58.23,58.27,58.2,58.25,111,CLZ5
2025-11-13 01:38:00+00:00,33,1,651434,58.25,58.3,58.25,58.3,127,CLZ5
2025-11-13 01:39:00+00:00,33,1,651434,58.31,58.31,58.31,58.31,14,CLZ5
2025-11-13 01:40:00+00:00,33,1,651434,58.32,58.36,58.32,58.35,67,CLZ5
2025-11-13 01:41:00+00:00,33,1,651434,58.35,58.35,58.32,58.32,35,CLZ5
2025-11-13 01:42:00+00:00,33,1,651434,58.32,58.32,58.31,58.31,15,CLZ5
2025-11-13 01:43:00+00:00,33,1,651434,58.31,58.32,58.31,58.31,18,CLZ5
2025-11-13 01:44:00+00:00,33,1,651434,58.31,58.31,58.3,58.3,14,CLZ5
2025-11-13 01:45:00+00:00,33,1,651434,58.31,58.32,58.31,58.31,21,CLZ5
2025-11-13 01:46:00+00:00,33,1,651434,58.31,58.31,58.3,58.3,18,CLZ5
2025-11-13 01:47:00+00:00,33,1,651434,58.3,58.3,58.29,58.29,6,CLZ5
2025-11-13 01:48:00+00:00,33,1,651434,58.3,58.32,58.3,58.31,30,CLZ5
2025-11-13 01:49:00+00:00,33,1,651434,58.3,58.31,58.3,58.31,14,CLZ5
2025-11-13 01:50:00+00:00,33,1,651434,58.3,58.31,58.3,58.31,8,CLZ5
2025-11-13 01:51:00+00:00,33,1,651434,58.31,58.31,58.3,58.3,44,CLZ5
2025-11-13 01:52:00+00:00,33,1,651434,58.3,58.3,58.3,58.3,2,CLZ5
2025-11-13 01:53:00+00:00,33,1,651434,58.3,58.32,58.3,58.3,16,CLZ5
2025-11-13 01:54:00+00:00,33,1,651434,58.31,58.31,58.31,58.31,10,CLZ5
2025-11-13 01:55:00+00:00,33,1,651434,58.31,58.31,58.3,58.31,8,CLZ5
2025-11-13 01:56:00+00:00,33,1,651434,58.31,58.31,58.31,58.31,15,CLZ5
2025-11-13 01:57:00+00:00,33,1,651434,58.3,58.3,58.29,58.3,16,CLZ5
2025-11-13 01:58:00+00:00,33,1,651434,58.3,58.31,58.3,58.31,23,CLZ5
2025-11-13 01:59:00+00:00,33,1,651434,58.31,58.31,58.3,58.31,41,CLZ5
2025-11-13 02:00:00+00:00,33,1,651434,58.3,58.31,58.29,58.29,42,CLZ5
2025-11-13 02:01:00+00:00,33,1,651434,58.29,58.32,58.29,58.32,18,CLZ5
2025-11-13 02:02:00+00:00,33,1,651434,58.31,58.33,58.31,58.32,34,CLZ5
2025-11-13 02:03:00+00:00,33,1,651434,58.33,58.34,58.32,58.34,15,CLZ5
2025-11-13 02:04:00+00:00,33,1,651434,58.34,58.35,58.34,58.35,33,CLZ5
2025-11-13 02:05:00+00:00,33,1,651434,58.34,58.34,58.33,58.34,34,CLZ5
2025-11-13 02:06:00+00:00,33,1,651434,58.34,58.35,58.31,58.32,17,CLZ5
2025-11-13 02:07:00+00:00,33,1,651434,58.33,58.35,58.33,58.35,15,CLZ5
2025-11-13 02:08:00+00:00,33,1,651434,58.36,58.38,58.35,58.36,67,CLZ5
2025-11-13 02:09:00+00:00,33,1,651434,58.36,58.37,58.34,58.34,35,CLZ5
2025-11-13 02:10:00+00:00,33,1,651434,58.34,58.34,58.34,58.34,10,CLZ5
2025-11-13 02:11:00+00:00,33,1,651434,58.34,58.35,58.33,58.33,26,CLZ5
2025-11-13 02:12:00+00:00,33,1,651434,58.33,58.34,58.33,58.34,29,CLZ5
2025-11-13 02:13:00+00:00,33,1,651434,58.33,58.37,58.33,58.37,68,CLZ5
2025-11-13 02:14:00+00:00,33,1,651434,58.37,58.37,58.34,58.35,30,CLZ5
2025-11-13 02:15:00+00:00,33,1,651434,58.35,58.35,58.33,58.33,25,CLZ5
2025-11-13 02:16:00+00:00,33,1,651434,58.33,58.34,58.33,58.34,13,CLZ5
2025-11-13 02:17:00+00:00,33,1,651434,58.34,58.36,58.34,58.35,23,CLZ5
2025-11-13 02:18:00+00:00,33,1,651434,58.35,58.35,58.34,58.35,9,CLZ5
2025-11-13 02:19:00+00:00,33,1,651434,58.35,58.35,58.35,58.35,3,CLZ5
2025-11-13 02:21:00+00:00,33,1,651434,58.36,58.38,58.35,58.38,37,CLZ5
2025-11-13 02:22:00+00:00,33,1,651434,58.38,58.38,58.35,58.36,43,CLZ5
2025-11-13 02:23:00+00:00,33,1,651434,58.36,58.37,58.36,58.37,11,CLZ5
2025-11-13 02:24:00+00:00,33,1,651434,58.37,58.37,58.36,58.37,13,CLZ5
2025-11-13 02:25:00+00:00,33,1,651434,58.37,58.41,58.37,58.41,72,CLZ5
2025-11-13 02:26:00+00:00,33,1,651434,58.4,58.44,58.4,58.44,49,CLZ5
2025-11-13 02:27:00+00:00,33,1,651434,58.43,58.44,58.43,58.44,80,CLZ5
2025-11-13 02:28:00+00:00,33,1,651434,58.44,58.45,58.43,58.43,72,CLZ5
2025-11-13 02:29:00+00:00,33,1,651434,58.43,58.43,58.42,58.43,44,CLZ5
2025-11-13 02:30:00+00:00,33,1,651434,58.42,58.46,58.42,58.45,76,CLZ5
2025-11-13 02:31:00+00:00,33,1,651434,58.44,58.46,58.44,58.46,47,CLZ5
2025-11-13 02:32:00+00:00,33,1,651434,58.45,58.45,58.42,58.43,47,CLZ5
2025-11-13 02:33:00+00:00,33,1,651434,58.42,58.45,58.42,58.44,61,CLZ5
2025-11-13 02:34:00+00:00,33,1,651434,58.43,58.48,58.43,58.47,115,CLZ5
2025-11-13 02:35:00+00:00,33,1,651434,58.47,58.47,58.44,58.45,44,CLZ5
2025-11-13 02:36:00+00:00,33,1,651434,58.44,58.46,58.44,58.46,14,CLZ5
2025-11-13 02:37:00+00:00,33,1,651434,58.46,58.46,58.44,58.44,18,CLZ5
2025-11-13 02:38:00+00:00,33,1,651434,58.43,58.44,58.43,58.44,21,CLZ5
2025-11-13 02:39:00+00:00,33,1,651434,58.43,58.44,58.43,58.43,22,CLZ5
2025-11-13 02:40:00+00:00,33,1,651434,58.43,58.44,58.43,58.44,3,CLZ5
2025-11-13 02:41:00+00:00,33,1,651434,58.45,58.45,58.44,58.45,10,CLZ5
2025-11-13 02:42:00+00:00,33,1,651434,58.45,58.46,58.44,58.46,24,CLZ5
2025-11-13 02:43:00+00:00,33,1,651434,58.46,58.47,58.46,58.46,22,CLZ5
2025-11-13 02:44:00+00:00,33,1,651434,58.46,58.47,58.45,58.45,29,CLZ5
2025-11-13 02:45:00+00:00,33,1,651434,58.44,58.44,58.4,58.41,47,CLZ5
2025-11-13 02:46:00+00:00,33,1,651434,58.41,58.41,58.4,58.41,28,CLZ5
2025-11-13 02:47:00+00:00,33,1,651434,58.41,58.41,58.4,58.41,28,CLZ5
2025-11-13 02:48:00+00:00,33,1,651434,58.4,58.41,58.4,58.41,4,CLZ5
2025-11-13 02:49:00+00:00,33,1,651434,58.4,58.42,58.4,58.41,34,CLZ5
2025-11-13 02:50:00+00:00,33,1,651434,58.41,58.41,58.41,58.41,13,CLZ5
2025-11-13 02:51:00+00:00,33,1,651434,58.4,58.4,58.39,58.4,15,CLZ5
2025-11-13 02:52:00+00:00,33,1,651434,58.41,58.41,58.4,58.4,25,CLZ5
2025-11-13 02:53:00+00:00,33,1,651434,58.39,58.39,58.36,58.37,109,CLZ5
2025-11-13 02:54:00+00:00,33,1,651434,58.37,58.38,58.36,58.38,11,CLZ5
2025-11-13 02:55:00+00:00,33,1,651434,58.38,58.38,58.37,58.37,20,CLZ5
2025-11-13 02:56:00+00:00,33,1,651434,58.36,58.36,58.34,58.35,22,CLZ5
2025-11-13 02:57:00+00:00,33,1,651434,58.35,58.35,58.35,58.35,4,CLZ5
2025-11-13 02:58:00+00:00,33,1,651434,58.35,58.38,58.35,58.38,53,CLZ5
2025-11-13 02:59:00+00:00,33,1,651434,58.39,58.4,58.37,58.37,30,CLZ5
2025-11-13 03:00:00+00:00,33,1,651434,58.38,58.39,58.37,58.39,21,CLZ5
2025-11-13 03:01:00+00:00,33,1,651434,58.38,58.38,58.37,58.37,7,CLZ5
2025-11-13 03:02:00+00:00,33,1,651434,58.37,58.38,58.37,58.37,12,CLZ5
2025-11-13 03:03:00+00:00,33,1,651434,58.39,58.39,58.38,58.38,13,CLZ5
2025-11-13 03:04:00+00:00,33,1,651434,58.38,58.38,58.37,58.38,19,CLZ5
2025-11-13 03:05:00+00:00,33,1,651434,58.38,58.39,58.38,58.39,11,CLZ5
2025-11-13 03:06:00+00:00,33,1,651434,58.38,58.38,58.37,58.37,13,CLZ5
2025-11-13 03:07:00+00:00,33,1,651434,58.38,58.38,58.38,58.38,7,CLZ5
2025-11-13 03:08:00+00:00,33,1,651434,58.39,58.39,58.38,58.39,26,CLZ5
2025-11-13 03:09:00+00:00,33,1,651434,58.38,58.4,58.38,58.39,44,CLZ5
2025-11-13 03:10:00+00:00,33,1,651434,58.39,58.39,58.39,58.39,15,CLZ5
2025-11-13 03:11:00+00:00,33,1,651434,58.38,58.38,58.35,58.36,23,CLZ5
2025-11-13 03:12:00+00:00,33,1,651434,58.35,58.37,58.34,58.37,53,CLZ5
2025-11-13 03:13:00+00:00,33,1,651434,58.37,58.38,58.36,58.38,21,CLZ5
2025-11-13 03:14:00+00:00,33,1,651434,58.38,58.38,58.35,58.35,123,CLZ5
2025-11-13 03:15:00+00:00,33,1,651434,58.36,58.37,58.36,58.37,17,CLZ5
2025-11-13 03:16:00+00:00,33,1,651434,58.36,58.37,58.36,58.36,17,CLZ5
2025-11-13 03:17:00+00:00,33,1,651434,58.36,58.36,58.36,58.36,5,CLZ5
2025-11-13 03:18:00+00:00,33,1,651434,58.36,58.39,58.36,58.39,13,CLZ5
2025-11-13 03:19:00+00:00,33,1,651434,58.39,58.39,58.37,58.37,37,CLZ5
2025-11-13 03:20:00+00:00,33,1,651434,58.36,58.38,58.36,58.37,36,CLZ5
2025-11-13 03:21:00+00:00,33,1,651434,58.36,58.37,58.36,58.37,10,CLZ5
2025-11-13 03:22:00+00:00,33,1,651434,58.37,58.37,58.36,58.36,18,CLZ5
2025-11-13 03:23:00+00:00,33,1,651434,58.36,58.39,58.36,58.38,52,CLZ5
2025-11-13 03:24:00+00:00,33,1,651434,58.38,58.39,58.38,58.39,35,CLZ5
2025-11-13 03:25:00+00:00,33,1,651434,58.38,58.39,58.37,58.37,15,CLZ5
2025-11-13 03:26:00+00:00,33,1,651434,58.38,58.39,58.37,58.39,29,CLZ5
2025-11-13 03:27:00+00:00,33,1,651434,58.39,58.4,58.38,58.38,13,CLZ5
2025-11-13 03:28:00+00:00,33,1,651434,58.39,58.39,58.38,58.38,6,CLZ5
2025-11-13 03:29:00+00:00,33,1,651434,58.39,58.39,58.38,58.38,7,CLZ5
2025-11-13 03:30:00+00:00,33,1,651434,58.38,58.42,58.38,58.42,66,CLZ5
2025-11-13 03:31:00+00:00,33,1,651434,58.42,58.42,58.4,58.4,16,CLZ5
2025-11-13 03:32:00+00:00,33,1,651434,58.39,58.41,58.39,58.4,60,CLZ5
2025-11-13 03:33:00+00:00,33,1,651434,58.4,58.4,58.39,58.39,13,CLZ5
2025-11-13 03:34:00+00:00,33,1,651434,58.39,58.39,58.38,58.38,9,CLZ5
2025-11-13 03:35:00+00:00,33,1,651434,58.38,58.38,58.38,58.38,14,CLZ5
2025-11-13 03:36:00+00:00,33,1,651434,58.38,58.38,58.36,58.37,9,CLZ5
2025-11-13 03:37:00+00:00,33,1,651434,58.36,58.37,58.35,58.36,16,CLZ5
2025-11-13 03:38:00+00:00,33,1,651434,58.35,58.36,58.34,58.35,74,CLZ5
2025-11-13 03:39:00+00:00,33,1,651434,58.35,58.37,58.35,58.37,43,CLZ5
2025-11-13 03:40:00+00:00,33,1,651434,58.37,58.4,58.37,58.4,61,CLZ5
2025-11-13 03:41:00+00:00,33,1,651434,58.39,58.4,58.39,58.4,29,CLZ5
2025-11-13 03:42:00+00:00,33,1,651434,58.41,58.41,58.41,58.41,12,CLZ5
2025-11-13 03:43:00+00:00,33,1,651434,58.41,58.43,58.41,58.42,40,CLZ5
2025-11-13 03:44:00+00:00,33,1,651434,58.42,58.42,58.42,58.42,7,CLZ5
2025-11-13 03:45:00+00:00,33,1,651434,58.41,58.41,58.41,58.41,10,CLZ5
2025-11-13 03:46:00+00:00,33,1,651434,58.41,58.43,58.41,58.42,59,CLZ5
2025-11-13 03:47:00+00:00,33,1,651434,58.42,58.42,58.41,58.42,26,CLZ5
2025-11-13 03:48:00+00:00,33,1,651434,58.42,58.42,58.41,58.41,10,CLZ5
2025-11-13 03:50:00+00:00,33,1,651434,58.4,58.4,58.4,58.4,1,CLZ5
2025-11-13 03:51:00+00:00,33,1,651434,58.41,58.41,58.39,58.39,36,CLZ5
2025-11-13 03:52:00+00:00,33,1,651434,58.4,58.4,58.39,58.39,26,CLZ5
2025-11-13 03:53:00+00:00,33,1,651434,58.39,58.39,58.38,58.38,19,CLZ5
2025-11-13 03:54:00+00:00,33,1,651434,58.39,58.41,58.39,58.41,39,CLZ5
2025-11-13 03:55:00+00:00,33,1,651434,58.41,58.42,58.41,58.42,21,CLZ5
2025-11-13 03:56:00+00:00,33,1,651434,58.42,58.46,58.42,58.46,134,CLZ5
2025-11-13 03:57:00+00:00,33,1,651434,58.47,58.47,58.47,58.47,34,CLZ5
2025-11-13 03:58:00+00:00,33,1,651434,58.47,58.48,58.47,58.47,90,CLZ5
2025-11-13 03:59:00+00:00,33,1,651434,58.47,58.5,58.47,58.49,88,CLZ5
2025-11-13 04:00:00+00:00,33,1,651434,58.48,58.5,58.47,58.5,41,CLZ5
2025-11-13 04:01:00+00:00,33,1,651434,58.49,58.49,58.48,58.49,28,CLZ5
2025-11-13 04:02:00+00:00,33,1,651434,58.49,58.5,58.49,58.49,30,CLZ5
2025-11-13 04:03:00+00:00,33,1,651434,58.48,58.5,58.48,58.5,55,CLZ5
2025-11-13 04:04:00+00:00,33,1,651434,58.5,58.5,58.45,58.46,49,CLZ5
2025-11-13 04:05:00+00:00,33,1,651434,58.46,58.47,58.44,58.45,36,CLZ5
2025-11-13 04:06:00+00:00,33,1,651434,58.45,58.45,58.44,58.44,48,CLZ5
2025-11-13 04:07:00+00:00,33,1,651434,58.44,58.44,58.42,58.42,41,CLZ5
2025-11-13 04:08:00+00:00,33,1,651434,58.42,58.44,58.41,58.44,69,CLZ5
2025-11-13 04:09:00+00:00,33,1,651434,58.43,58.43,58.41,58.41,21,CLZ5
2025-11-13 04:10:00+00:00,33,1,651434,58.42,58.43,58.42,58.43,7,CLZ5
2025-11-13 04:11:00+00:00,33,1,651434,58.42,58.43,58.41,58.41,26,CLZ5
2025-11-13 04:12:00+00:00,33,1,651434,58.41,58.41,58.41,58.41,22,CLZ5
2025-11-13 04:13:00+00:00,33,1,651434,58.42,58.43,58.41,58.42,56,CLZ5
2025-11-13 04:14:00+00:00,33,1,651434,58.43,58.43,58.42,58.43,8,CLZ5
2025-11-13 04:15:00+00:00,33,1,651434,58.43,58.43,58.42,58.42,6,CLZ5
2025-11-13 04:16:00+00:00,33,1,651434,58.42,58.42,58.4,58.42,53,CLZ5
2025-11-13 04:17:00+00:00,33,1,651434,58.42,58.43,58.42,58.43,10,CLZ5
2025-11-13 04:18:00+00:00,33,1,651434,58.43,58.43,58.43,58.43,2,CLZ5
2025-11-13 04:19:00+00:00,33,1,651434,58.43,58.43,58.42,58.43,4,CLZ5
2025-11-13 04:20:00+00:00,33,1,651434,58.43,58.44,58.43,58.44,17,CLZ5
2025-11-13 04:21:00+00:00,33,1,651434,58.44,58.44,58.41,58.42,60,CLZ5
2025-11-13 04:22:00+00:00,33,1,651434,58.42,58.44,58.42,58.43,12,CLZ5
2025-11-13 04:24:00+00:00,33,1,651434,58.42,58.42,58.42,58.42,6,CLZ5
2025-11-13 04:25:00+00:00,33,1,651434,58.41,58.41,58.41,58.41,1,CLZ5
2025-11-13 04:26:00+00:00,33,1,651434,58.41,58.42,58.41,58.41,22,CLZ5
2025-11-13 04:27:00+00:00,33,1,651434,58.41,58.41,58.41,58.41,4,CLZ5
2025-11-13 04:28:00+00:00,33,1,651434,58.41,58.42,58.39,58.4,53,CLZ5
2025-11-13 04:29:00+00:00,33,1,651434,58.4,58.4,58.37,58.38,49,CLZ5
2025-11-13 04:30:00+00:00,33,1,651434,58.38,58.39,58.37,58.39,15,CLZ5
2025-11-13 04:31:00+00:00,33,1,651434,58.38,58.38,58.37,58.37,19,CLZ5
2025-11-13 04:32:00+00:00,33,1,651434,58.37,58.38,58.37,58.37,34,CLZ5
2025-11-13 04:33:00+00:00,33,1,651434,58.37,58.38,58.37,58.38,13,CLZ5
2025-11-13 04:34:00+00:00,33,1,651434,58.38,58.38,58.38,58.38,3,CLZ5
2025-11-13 04:35:00+00:00,33,1,651434,58.38,58.39,58.38,58.38,10,CLZ5
2025-11-13 04:36:00+00:00,33,1,651434,58.39,58.39,58.39,58.39,2,CLZ5
2025-11-13 04:37:00+00:00,33,1,651434,58.39,58.4,58.39,58.4,28,CLZ5
2025-11-13 04:38:00+00:00,33,1,651434,58.41,58.41,58.41,58.41,5,CLZ5
2025-11-13 04:39:00+00:00,33,1,651434,58.42,58.42,58.42,58.42,1,CLZ5
2025-11-13 04:40:00+00:00,33,1,651434,58.41,58.41,58.4,58.41,45,CLZ5
2025-11-13 04:41:00+00:00,33,1,651434,58.4,58.41,58.4,58.41,8,CLZ5
2025-11-13 04:42:00+00:00,33,1,651434,58.4,58.4,58.4,58.4,3,CLZ5
2025-11-13 04:43:00+00:00,33,1,651434,58.41,58.41,58.41,58.41,1,CLZ5
2025-11-13 04:44:00+00:00,33,1,651434,58.41,58.42,58.41,58.42,20,CLZ5
2025-11-13 04:45:00+00:00,33,1,651434,58.42,58.44,58.42,58.44,21,CLZ5
2025-11-13 04:46:00+00:00,33,1,651434,58.44,58.44,58.43,58.44,8,CLZ5
2025-11-13 04:47:00+00:00,33,1,651434,58.43,58.44,58.43,58.43,9,CLZ5
2025-11-13 04:48:00+00:00,33,1,651434,58.44,58.44,58.44,58.44,10,CLZ5
2025-11-13 04:49:00+00:00,33,1,651434,58.44,58.45,58.43,58.44,26,CLZ5
2025-11-13 04:50:00+00:00,33,1,651434,58.43,58.44,58.43,58.44,9,CLZ5
2025-11-13 04:51:00+00:00,33,1,651434,58.44,58.44,58.44,58.44,7,CLZ5
2025-11-13 04:52:00+00:00,33,1,651434,58.43,58.43,58.42,58.43,13,CLZ5
2025-11-13 04:53:00+00:00,33,1,651434,58.43,58.43,58.43,58.43,6,CLZ5
2025-11-13 04:54:00+00:00,33,1,651434,58.43,58.43,58.43,58.43,2,CLZ5
2025-11-13 04:55:00+00:00,33,1,651434,58.43,58.43,58.43,58.43,6,CLZ5
2025-11-13 04:56:00+00:00,33,1,651434,58.42,58.42,58.42,58.42,1,CLZ5
2025-11-13 04:57:00+00:00,33,1,651434,58.42,58.42,58.42,58.42,4,CLZ5
2025-11-13 04:58:00+00:00,33,1,651434,58.43,58.43,58.42,58.42,6,CLZ5
2025-11-13 04:59:00+00:00,33,1,651434,58.42,58.43,58.41,58.41,24,CLZ5
2025-11-13 05:00:00+00:00,33,1,651434,58.41,58.41,58.41,58.41,6,CLZ5
2025-11-13 05:01:00+00:00,33,1,651434,58.4,58.4,58.39,58.39,21,CLZ5
2025-11-13 05:02:00+00:00,33,1,651434,58.39,58.39,58.38,58.38,5,CLZ5
2025-11-13 05:03:00+00:00,33,1,651434,58.38,58.38,58.38,58.38,1,CLZ5
2025-11-13 05:05:00+00:00,33,1,651434,58.38,58.38,58.38,58.38,3,CLZ5
2025-11-13 05:06:00+00:00,33,1,651434,58.39,58.41,58.39,58.41,19,CLZ5
2025-11-13 05:09:00+00:00,33,1,651434,58.41,58.42,58.41,58.42,21,CLZ5
2025-11-13 05:10:00+00:00,33,1,651434,58.42,58.43,58.42,58.43,37,CLZ5
2025-11-13 05:11:00+00:00,33,1,651434,58.43,58.43,58.43,58.43,8,CLZ5
2025-11-13 05:12:00+00:00,33,1,651434,58.42,58.42,58.41,58.42,18,CLZ5
2025-11-13 05:13:00+00:00,33,1,651434,58.42,58.42,58.41,58.41,17,CLZ5
2025-11-13 05:14:00+00:00,33,1,651434,58.41,58.42,58.41,58.41,5,CLZ5
2025-11-13 05:15:00+00:00,33,1,651434,58.41,58.42,58.41,58.41,13,CLZ5
2025-11-13 05:16:00+00:00,33,1,651434,58.42,58.42,58.41,58.41,48,CLZ5
2025-11-13 05:17:00+00:00,33,1,651434,58.42,58.42,58.41,58.41,10,CLZ5
2025-11-13 05:19:00+00:00,33,1,651434,58.41,58.41,58.41,58.41,6,CLZ5
2025-11-13 05:20:00+00:00,33,1,651434,58.41,58.41,58.41,58.41,8,CLZ5
2025-11-13 05:21:00+00:00,33,1,651434,58.4,58.41,58.4,58.4,8,CLZ5
2025-11-13 05:22:00+00:00,33,1,651434,58.41,58.42,58.41,58.42,12,CLZ5
2025-11-13 05:23:00+00:00,33,1,651434,58.43,58.43,58.43,58.43,1,CLZ5
2025-11-13 05:24:00+00:00,33,1,651434,58.43,58.43,58.43,58.43,1,CLZ5
2025-11-13 05:25:00+00:00,33,1,651434,58.43,58.43,58.42,58.42,8,CLZ5
2025-11-13 05:26:00+00:00,33,1,651434,58.43,58.43,58.42,58.42,18,CLZ5
2025-11-13 05:27:00+00:00,33,1,651434,58.42,58.43,58.42,58.43,4,CLZ5
2025-11-13 05:28:00+00:00,33,1,651434,58.43,58.43,58.42,58.42,6,CLZ5
2025-11-13 05:30:00+00:00,33,1,651434,58.42,58.44,58.41,58.43,83,CLZ5
2025-11-13 05:31:00+00:00,33,1,651434,58.44,58.46,58.41,58.41,92,CLZ5
2025-11-13 05:32:00+00:00,33,1,651434,58.41,58.41,58.41,58.41,12,CLZ5
2025-11-13 05:33:00+00:00,33,1,651434,58.4,58.4,58.38,58.38,15,CLZ5
2025-11-13 05:34:00+00:00,33,1,651434,58.38,58.4,58.38,58.39,25,CLZ5
2025-11-13 05:35:00+00:00,33,1,651434,58.39,58.39,58.37,58.38,31,CLZ5
2025-11-13 05:36:00+00:00,33,1,651434,58.37,58.39,58.37,58.39,35,CLZ5
2025-11-13 05:37:00+00:00,33,1,651434,58.39,58.39,58.38,58.38,14,CLZ5
2025-11-13 05:38:00+00:00,33,1,651434,58.38,58.38,58.37,58.38,22,CLZ5
2025-11-13 05:39:00+00:00,33,1,651434,58.38,58.39,58.38,58.38,10,CLZ5
2025-11-13 05:40:00+00:00,33,1,651434,58.39,58.4,58.39,58.4,6,CLZ5
2025-11-13 05:41:00+00:00,33,1,651434,58.4,58.4,58.38,58.38,14,CLZ5
2025-11-13 05:42:00+00:00,33,1,651434,58.39,58.42,58.39,58.41,26,CLZ5
2025-11-13 05:43:00+00:00,33,1,651434,58.41,58.43,58.41,58.41,42,CLZ5
2025-11-13 05:44:00+00:00,33,1,651434,58.41,58.41,58.4,58.4,25,CLZ5
2025-11-13 05:45:00+00:00,33,1,651434,58.4,58.4,58.39,58.39,6,CLZ5
2025-11-13 05:46:00+00:00,33,1,651434,58.38,58.38,58.37,58.38,13,CLZ5
2025-11-13 05:47:00+00:00,33,1,651434,58.38,58.38,58.37,58.37,10,CLZ5
2025-11-13 05:48:00+00:00,33,1,651434,58.38,58.38,58.33,58.33,141,CLZ5
2025-11-13 05:49:00+00:00,33,1,651434,58.33,58.34,58.33,58.34,44,CLZ5
2025-11-13 05:50:00+00:00,33,1,651434,58.34,58.36,58.33,58.36,25,CLZ5
2025-11-13 05:51:00+00:00,33,1,651434,58.37,58.39,58.37,58.39,13,CLZ5
2025-11-13 05:52:00+00:00,33,1,651434,58.39,58.39,58.38,58.39,28,CLZ5
2025-11-13 05:53:00+00:00,33,1,651434,58.39,58.39,58.39,58.39,11,CLZ5
2025-11-13 05:54:00+00:00,33,1,651434,58.39,58.4,58.38,58.38,19,CLZ5
2025-11-13 05:55:00+00:00,33,1,651434,58.39,58.4,58.39,58.4,18,CLZ5
2025-11-13 05:56:00+00:00,33,1,651434,58.39,58.4,58.39,58.4,7,CLZ5
2025-11-13 05:57:00+00:00,33,1,651434,58.41,58.41,58.41,58.41,5,CLZ5
2025-11-13 05:58:00+00:00,33,1,651434,58.4,58.4,58.39,58.4,6,CLZ5
2025-11-13 05:59:00+00:00,33,1,651434,58.4,58.4,58.4,58.4,10,CLZ5
2025-11-13 06:00:00+00:00,33,1,651434,58.39,58.39,58.39,58.39,19,CLZ5
2025-11-13 06:01:00+00:00,33,1,651434,58.39,58.39,58.36,58.36,9,CLZ5
2025-11-13 06:02:00+00:00,33,1,651434,58.36,58.38,58.36,58.38,4,CLZ5
2025-11-13 06:03:00+00:00,33,1,651434,58.37,58.38,58.37,58.38,10,CLZ5
2025-11-13 06:04:00+00:00,33,1,651434,58.37,58.39,58.37,58.38,15,CLZ5
2025-11-13 06:05:00+00:00,33,1,651434,58.39,58.41,58.39,58.4,14,CLZ5
2025-11-13 06:06:00+00:00,33,1,651434,58.4,58.4,58.39,58.39,11,CLZ5
2025-11-13 06:07:00+00:00,33,1,651434,58.39,58.39,58.39,58.39,1,CLZ5
2025-11-13 06:08:00+00:00,33,1,651434,58.39,58.41,58.39,58.41,31,CLZ5
2025-11-13 06:09:00+00:00,33,1,651434,58.41,58.41,58.4,58.4,6,CLZ5
2025-11-13 06:10:00+00:00,33,1,651434,58.4,58.4,58.4,58.4,7,CLZ5
2025-11-13 06:11:00+00:00,33,1,651434,58.39,58.39,58.38,58.39,31,CLZ5
2025-11-13 06:12:00+00:00,33,1,651434,58.39,58.39,58.39,58.39,16,CLZ5
2025-11-13 06:13:00+00:00,33,1,651434,58.38,58.39,58.38,58.39,6,CLZ5
2025-11-13 06:14:00+00:00,33,1,651434,58.39,58.4,58.39,58.39,3,CLZ5
2025-11-13 06:15:00+00:00,33,1,651434,58.39,58.39,58.36,58.37,21,CLZ5
2025-11-13 06:16:00+00:00,33,1,651434,58.37,58.37,58.37,58.37,4,CLZ5
2025-11-13 06:17:00+00:00,33,1,651434,58.38,58.4,58.38,58.4,17,CLZ5
2025-11-13 06:18:00+00:00,33,1,651434,58.4,58.4,58.4,58.4,6,CLZ5
2025-11-13 06:19:00+00:00,33,1,651434,58.4,58.41,58.4,58.41,8,CLZ5
2025-11-13 06:20:00+00:00,33,1,651434,58.41,58.44,58.41,58.43,40,CLZ5
2025-11-13 06:21:00+00:00,33,1,651434,58.43,58.43,58.41,58.42,50,CLZ5
2025-11-13 06:22:00+00:00,33,1,651434,58.42,58.43,58.42,58.43,5,CLZ5
2025-11-13 06:23:00+00:00,33,1,651434,58.43,58.43,58.42,58.42,8,CLZ5
2025-11-13 06:24:00+00:00,33,1,651434,58.43,58.44,58.43,58.44,35,CLZ5
2025-11-13 06:25:00+00:00,33,1,651434,58.44,58.44,58.43,58.44,16,CLZ5
2025-11-13 06:26:00+00:00,33,1,651434,58.44,58.46,58.44,58.45,35,CLZ5
2025-11-13 06:27:00+00:00,33,1,651434,58.45,58.45,58.42,58.42,55,CLZ5
2025-11-13 06:28:00+00:00,33,1,651434,58.43,58.43,58.43,58.43,29,CLZ5
2025-11-13 06:29:00+00:00,33,1,651434,58.43,58.44,58.41,58.44,102,CLZ5
2025-11-13 06:30:00+00:00,33,1,651434,58.45,58.46,58.44,58.44,38,CLZ5
2025-11-13 06:31:00+00:00,33,1,651434,58.44,58.44,58.43,58.43,11,CLZ5
2025-11-13 06:32:00+00:00,33,1,651434,58.43,58.45,58.43,58.44,38,CLZ5
2025-11-13 06:33:00+00:00,33,1,651434,58.44,58.44,58.44,58.44,6,CLZ5
2025-11-13 06:34:00+00:00,33,1,651434,58.44,58.44,58.43,58.43,16,CLZ5
2025-11-13 06:35:00+00:00,33,1,651434,58.43,58.43,58.42,58.43,17,CLZ5
2025-11-13 06:36:00+00:00,33,1,651434,58.43,58.45,58.42,58.42,39,CLZ5
2025-11-13 06:37:00+00:00,33,1,651434,58.42,58.42,58.41,58.41,3,CLZ5
2025-11-13 06:38:00+00:00,33,1,651434,58.4,58.41,58.39,58.41,14,CLZ5
2025-11-13 06:39:00+00:00,33,1,651434,58.4,58.43,58.4,58.43,59,CLZ5
2025-11-13 06:40:00+00:00,33,1,651434,58.43,58.44,58.43,58.44,49,CLZ5
2025-11-13 06:41:00+00:00,33,1,651434,58.44,58.45,58.43,58.45,53,CLZ5
2025-11-13 06:42:00+00:00,33,1,651434,58.45,58.47,58.45,58.46,13,CLZ5
2025-11-13 06:43:00+00:00,33,1,651434,58.46,58.48,58.46,58.48,55,CLZ5
2025-11-13 06:44:00+00:00,33,1,651434,58.47,58.48,58.47,58.48,14,CLZ5
2025-11-13 06:45:00+00:00,33,1,651434,58.47,58.52,58.46,58.52,100,CLZ5
2025-11-13 06:46:00+00:00,33,1,651434,58.51,58.52,58.51,58.51,91,CLZ5
2025-11-13 06:47:00+00:00,33,1,651434,58.5,58.5,58.49,58.5,10,CLZ5
2025-11-13 06:48:00+00:00,33,1,651434,58.5,58.52,58.5,58.51,40,CLZ5
2025-11-13 06:49:00+00:00,33,1,651434,58.5,58.51,58.49,58.49,11,CLZ5
2025-11-13 06:50:00+00:00,33,1,651434,58.49,58.49,58.46,58.46,34,CLZ5
2025-11-13 06:51:00+00:00,33,1,651434,58.46,58.48,58.46,58.48,21,CLZ5
2025-11-13 06:52:00+00:00,33,1,651434,58.47,58.48,58.45,58.45,22,CLZ5
2025-11-13 06:53:00+00:00,33,1,651434,58.45,58.47,58.45,58.45,7,CLZ5
2025-11-13 06:54:00+00:00,33,1,651434,58.45,58.47,58.45,58.46,7,CLZ5
2025-11-13 06:55:00+00:00,33,1,651434,58.46,58.47,58.46,58.47,9,CLZ5
2025-11-13 06:56:00+00:00,33,1,651434,58.48,58.49,58.47,58.48,20,CLZ5
2025-11-13 06:57:00+00:00,33,1,651434,58.48,58.48,58.47,58.47,8,CLZ5
2025-11-13 06:58:00+00:00,33,1,651434,58.48,58.48,58.45,58.46,18,CLZ5
2025-11-13 06:59:00+00:00,33,1,651434,58.45,58.47,58.45,58.46,18,CLZ5
2025-11-13 07:00:00+00:00,33,1,651434,58.46,58.46,58.44,58.45,48,CLZ5
2025-11-13 07:01:00+00:00,33,1,651434,58.45,58.5,58.45,58.49,29,CLZ5
2025-11-13 07:02:00+00:00,33,1,651434,58.49,58.53,58.49,58.52,75,CLZ5
2025-11-13 07:03:00+00:00,33,1,651434,58.51,58.51,58.5,58.51,7,CLZ5
2025-11-13 07:04:00+00:00,33,1,651434,58.51,58.51,58.5,58.5,19,CLZ5
2025-11-13 07:05:00+00:00,33,1,651434,58.5,58.51,58.5,58.51,11,CLZ5
2025-11-13 07:06:00+00:00,33,1,651434,58.52,58.53,58.52,58.53,65,CLZ5
2025-11-13 07:07:00+00:00,33,1,651434,58.53,58.55,58.53,58.53,36,CLZ5
2025-11-13 07:08:00+00:00,33,1,651434,58.53,58.54,58.52,58.52,43,CLZ5
2025-11-13 07:09:00+00:00,33,1,651434,58.52,58.52,58.51,58.52,11,CLZ5
2025-11-13 07:10:00+00:00,33,1,651434,58.51,58.56,58.5,58.51,143,CLZ5
2025-11-13 07:11:00+00:00,33,1,651434,58.5,58.51,58.5,58.51,41,CLZ5
2025-11-13 07:12:00+00:00,33,1,651434,58.51,58.51,58.49,58.51,46,CLZ5
2025-11-13 07:13:00+00:00,33,1,651434,58.5,58.5,58.46,58.46,34,CLZ5
2025-11-13 07:14:00+00:00,33,1,651434,58.46,58.48,58.43,58.43,85,CLZ5
2025-11-13 07:15:00+00:00,33,1,651434,58.42,58.44,58.41,58.43,42,CLZ5
2025-11-13 07:16:00+00:00,33,1,651434,58.43,58.44,58.42,58.43,30,CLZ5
2025-11-13 07:17:00+00:00,33,1,651434,58.44,58.52,58.44,58.51,60,CLZ5
2025-11-13 07:18:00+00:00,33,1,651434,58.51,58.53,58.51,58.53,31,CLZ5
2025-11-13 07:19:00+00:00,33,1,651434,58.52,58.53,58.52,58.52,25,CLZ5
2025-11-13 07:20:00+00:00,33,1,651434,58.51,58.51,58.49,58.5,24,CLZ5
2025-11-13 07:21:00+00:00,33,1,651434,58.49,58.5,58.49,58.49,23,CLZ5
2025-11-13 07:22:00+00:00,33,1,651434,58.48,58.48,58.46,58.47,38,CLZ5
2025-11-13 07:23:00+00:00,33,1,651434,58.46,58.47,58.44,58.44,35,CLZ5
2025-11-13 07:24:00+00:00,33,1,651434,58.43,58.45,58.42,58.44,40,CLZ5
2025-11-13 07:25:00+00:00,33,1,651434,58.44,58.45,58.43,58.43,46,CLZ5
2025-11-13 07:26:00+00:00,33,1,651434,58.43,58.43,58.41,58.41,16,CLZ5
2025-11-13 07:27:00+00:00,33,1,651434,58.42,58.42,58.41,58.41,12,CLZ5
2025-11-13 07:28:00+00:00,33,1,651434,58.41,58.41,58.39,58.39,62,CLZ5
2025-11-13 07:29:00+00:00,33,1,651434,58.39,58.4,58.37,58.38,148,CLZ5
2025-11-13 07:30:00+00:00,33,1,651434,58.37,58.44,58.37,58.44,29,CLZ5
2025-11-13 07:31:00+00:00,33,1,651434,58.44,58.49,58.44,58.49,94,CLZ5
2025-11-13 07:32:00+00:00,33,1,651434,58.48,58.52,58.48,58.52,113,CLZ5
2025-11-13 07:33:00+00:00,33,1,651434,58.52,58.53,58.5,58.53,136,CLZ5
2025-11-13 07:34:00+00:00,33,1,651434,58.51,58.51,58.46,58.46,104,CLZ5
2025-11-13 07:35:00+00:00,33,1,651434,58.46,58.48,58.46,58.48,35,CLZ5
2025-11-13 07:36:00+00:00,33,1,651434,58.48,58.49,58.46,58.46,42,CLZ5
2025-11-13 07:37:00+00:00,33,1,651434,58.45,58.45,58.42,58.43,31,CLZ5
2025-11-13 07:38:00+00:00,33,1,651434,58.43,58.45,58.43,58.45,70,CLZ5
2025-11-13 07:39:00+00:00,33,1,651434,58.45,58.47,58.44,58.44,62,CLZ5
2025-11-13 07:40:00+00:00,33,1,651434,58.43,58.45,58.42,58.45,54,CLZ5
2025-11-13 07:41:00+00:00,33,1,651434,58.44,58.44,58.42,58.42,14,CLZ5
2025-11-13 07:42:00+00:00,33,1,651434,58.42,58.45,58.42,58.43,28,CLZ5
2025-11-13 07:43:00+00:00,33,1,651434,58.43,58.45,58.43,58.44,35,CLZ5
2025-11-13 07:44:00+00:00,33,1,651434,58.43,58.43,58.42,58.42,3,CLZ5
2025-11-13 07:45:00+00:00,33,1,651434,58.42,58.43,58.42,58.42,13,CLZ5
2025-11-13 07:46:00+00:00,33,1,651434,58.42,58.42,58.38,58.39,62,CLZ5
2025-11-13 07:47:00+00:00,33,1,651434,58.4,58.42,58.4,58.42,20,CLZ5
2025-11-13 07:48:00+00:00,33,1,651434,58.43,58.45,58.43,58.44,35,CLZ5
2025-11-13 07:49:00+00:00,33,1,651434,58.44,58.48,58.44,58.47,60,CLZ5
2025-11-13 07:50:00+00:00,33,1,651434,58.47,58.47,58.46,58.46,30,CLZ5
2025-11-13 07:51:00+00:00,33,1,651434,58.46,58.46,58.42,58.43,32,CLZ5
2025-11-13 07:52:00+00:00,33,1,651434,58.43,58.44,58.43,58.44,6,CLZ5
2025-11-13 07:53:00+00:00,33,1,651434,58.43,58.44,58.42,58.43,29,CLZ5
2025-11-13 07:54:00+00:00,33,1,651434,58.44,58.45,58.44,58.44,19,CLZ5
2025-11-13 07:55:00+00:00,33,1,651434,58.43,58.44,58.42,58.43,33,CLZ5
2025-11-13 07:56:00+00:00,33,1,651434,58.42,58.46,58.42,58.46,17,CLZ5
2025-11-13 07:57:00+00:00,33,1,651434,58.45,58.46,58.45,58.45,16,CLZ5
2025-11-13 07:58:00+00:00,33,1,651434,58.43,58.43,58.42,58.43,16,CLZ5
2025-11-13 07:59:00+00:00,33,1,651434,58.43,58.43,58.4,58.41,41,CLZ5
2025-11-13 08:00:00+00:00,33,1,651434,58.4,58.45,58.37,58.45,141,CLZ5
2025-11-13 08:01:00+00:00,33,1,651434,58.44,58.45,58.38,58.41,117,CLZ5
2025-11-13 08:02:00+00:00,33,1,651434,58.41,58.41,58.4,58.41,25,CLZ5
2025-11-13 08:03:00+00:00,33,1,651434,58.41,58.41,58.38,58.4,57,CLZ5
2025-11-13 08:04:00+00:00,33,1,651434,58.39,58.41,58.38,58.39,37,CLZ5
2025-11-13 08:05:00+00:00,33,1,651434,58.39,58.44,58.39,58.42,93,CLZ5
2025-11-13 08:06:00+00:00,33,1,651434,58.42,58.43,58.39,58.4,34,CLZ5
2025-11-13 08:07:00+00:00,33,1,651434,58.39,58.41,58.39,58.41,20,CLZ5
2025-11-13 08:08:00+00:00,33,1,651434,58.41,58.43,58.41,58.42,21,CLZ5
2025-11-13 08:09:00+00:00,33,1,651434,58.41,58.41,58.38,58.38,32,CLZ5
2025-11-13 08:10:00+00:00,33,1,651434,58.38,58.42,58.38,58.41,40,CLZ5
2025-11-13 08:11:00+00:00,33,1,651434,58.4,58.42,58.39,58.4,95,CLZ5
2025-11-13 08:12:00+00:00,33,1,651434,58.4,58.4,58.38,58.38,48,CLZ5
2025-11-13 08:13:00+00:00,33,1,651434,58.38,58.39,58.37,58.38,28,CLZ5
2025-11-13 08:14:00+00:00,33,1,651434,58.37,58.37,58.34,58.35,143,CLZ5
2025-11-13 08:15:00+00:00,33,1,651434,58.34,58.37,58.34,58.36,96,CLZ5
2025-11-13 08:16:00+00:00,33,1,651434,58.36,58.36,58.35,58.36,33,CLZ5
2025-11-13 08:17:00+00:00,33,1,651434,58.35,58.36,58.35,58.36,37,CLZ5
2025-11-13 08:18:00+00:00,33,1,651434,58.37,58.38,58.34,58.34,27,CLZ5
2025-11-13 08:19:00+00:00,33,1,651434,58.34,58.34,58.32,58.33,44,CLZ5
2025-11-13 08:20:00+00:00,33,1,651434,58.34,58.37,58.33,58.33,80,CLZ5
2025-11-13 08:21:00+00:00,33,1,651434,58.33,58.36,58.33,58.33,65,CLZ5
2025-11-13 08:22:00+00:00,33,1,651434,58.33,58.35,58.33,58.34,62,CLZ5
2025-11-13 08:23:00+00:00,33,1,651434,58.34,58.34,58.29,58.3,135,CLZ5
2025-11-13 08:24:00+00:00,33,1,651434,58.29,58.29,58.26,58.27,185,CLZ5
2025-11-13 08:25:00+00:00,33,1,651434,58.27,58.27,58.23,58.24,161,CLZ5
2025-11-13 08:26:00+00:00,33,1,651434,58.25,58.28,58.24,58.27,181,CLZ5
2025-11-13 08:27:00+00:00,33,1,651434,58.27,58.27,58.24,58.27,80,CLZ5
2025-11-13 08:28:00+00:00,33,1,651434,58.27,58.29,58.26,58.29,67,CLZ5
2025-11-13 08:29:00+00:00,33,1,651434,58.29,58.34,58.28,58.31,318,CLZ5
2025-11-13 08:30:00+00:00,33,1,651434,58.31,58.34,58.29,58.34,123,CLZ5
2025-11-13 08:31:00+00:00,33,1,651434,58.35,58.36,58.33,58.35,59,CLZ5
2025-11-13 08:32:00+00:00,33,1,651434,58.35,58.35,58.29,58.3,97,CLZ5
2025-11-13 08:33:00+00:00,33,1,651434,58.28,58.28,58.22,58.25,221,CLZ5
2025-11-13 08:34:00+00:00,33,1,651434,58.26,58.28,58.25,58.26,97,CLZ5
2025-11-13 08:35:00+00:00,33,1,651434,58.26,58.29,58.25,58.29,54,CLZ5
2025-11-13 08:36:00+00:00,33,1,651434,58.3,58.31,58.27,58.29,89,CLZ5
2025-11-13 08:37:00+00:00,33,1,651434,58.29,58.29,58.28,58.28,23,CLZ5
2025-11-13 08:38:00+00:00,33,1,651434,58.29,58.31,58.2,58.23,119,CLZ5
2025-11-13 08:39:00+00:00,33,1,651434,58.23,58.26,58.22,58.26,71,CLZ5
2025-11-13 08:40:00+00:00,33,1,651434,58.26,58.29,58.25,58.29,61,CLZ5
2025-11-13 08:41:00+00:00,33,1,651434,58.29,58.33,58.29,58.32,104,CLZ5
2025-11-13 08:42:00+00:00,33,1,651434,58.33,58.34,58.33,58.33,34,CLZ5
2025-11-13 08:43:00+00:00,33,1,651434,58.31,58.35,58.31,58.31,50,CLZ5
2025-11-13 08:44:00+00:00,33,1,651434,58.32,58.35,58.32,58.33,46,CLZ5
2025-11-13 08:45:00+00:00,33,1,651434,58.33,58.33,58.29,58.31,56,CLZ5
2025-11-13 08:46:00+00:00,33,1,651434,58.3,58.32,58.3,58.3,41,CLZ5
2025-11-13 08:47:00+00:00,33,1,651434,58.31,58.32,58.28,58.3,51,CLZ5
2025-11-13 08:48:00+00:00,33,1,651434,58.31,58.33,58.31,58.33,24,CLZ5
2025-11-13 08:49:00+00:00,33,1,651434,58.33,58.36,58.29,58.29,97,CLZ5
2025-11-13 08:50:00+00:00,33,1,651434,58.29,58.31,58.27,58.3,77,CLZ5
2025-11-13 08:51:00+00:00,33,1,651434,58.3,58.33,58.3,58.32,26,CLZ5
2025-11-13 08:52:00+00:00,33,1,651434,58.31,58.31,58.3,58.3,27,CLZ5
2025-11-13 08:53:00+00:00,33,1,651434,58.29,58.33,58.29,58.33,43,CLZ5
2025-11-13 08:54:00+00:00,33,1,651434,58.33,58.33,58.31,58.31,32,CLZ5
2025-11-13 08:55:00+00:00,33,1,651434,58.32,58.32,58.29,58.3,41,CLZ5
2025-11-13 08:56:00+00:00,33,1,651434,58.3,58.32,58.3,58.31,55,CLZ5
2025-11-13 08:57:00+00:00,33,1,651434,58.31,58.33,58.3,58.3,60,CLZ5
2025-11-13 08:58:00+00:00,33,1,651434,58.31,58.34,58.3,58.32,46,CLZ5
2025-11-13 08:59:00+00:00,33,1,651434,58.32,58.34,58.3,58.31,105,CLZ5
2025-11-13 09:00:00+00:00,33,1,651434,58.31,58.32,58.27,58.28,222,CLZ5
2025-11-13 09:01:00+00:00,33,1,651434,58.28,58.31,58.27,58.29,62,CLZ5
2025-11-13 09:02:00+00:00,33,1,651434,58.3,58.34,58.3,58.3,110,CLZ5
2025-11-13 09:03:00+00:00,33,1,651434,58.3,58.31,58.28,58.31,32,CLZ5
2025-11-13 09:04:00+00:00,33,1,651434,58.32,58.32,58.31,58.32,13,CLZ5
2025-11-13 09:05:00+00:00,33,1,651434,58.31,58.33,58.31,58.32,34,CLZ5
2025-11-13 09:06:00+00:00,33,1,651434,58.33,58.34,58.31,58.32,45,CLZ5
2025-11-13 09:07:00+00:00,33,1,651434,58.32,58.32,58.27,58.27,39,CLZ5
2025-11-13 09:08:00+00:00,33,1,651434,58.27,58.28,58.22,58.23,119,CLZ5
2025-11-13 09:09:00+00:00,33,1,651434,58.23,58.24,58.19,58.19,92,CLZ5
2025-11-13 09:10:00+00:00,33,1,651434,58.2,58.21,58.17,58.19,228,CLZ5
2025-11-13 09:11:00+00:00,33,1,651434,58.19,58.24,58.18,58.24,85,CLZ5
2025-11-13 09:12:00+00:00,33,1,651434,58.24,58.29,58.23,58.29,124,CLZ5
2025-11-13 09:13:00+00:00,33,1,651434,58.28,58.28,58.26,58.28,61,CLZ5
2025-11-13 09:14:00+00:00,33,1,651434,58.29,58.3,58.22,58.23,145,CLZ5
2025-11-13 09:15:00+00:00,33,1,651434,58.23,58.25,58.21,58.24,74,CLZ5
2025-11-13 09:16:00+00:00,33,1,651434,58.24,58.26,58.23,58.25,100,CLZ5
2025-11-13 09:17:00+00:00,33,1,651434,58.25,58.27,58.24,58.27,65,CLZ5
2025-11-13 09:18:00+00:00,33,1,651434,58.28,58.32,58.28,58.32,101,CLZ5
2025-11-13 09:19:00+00:00,33,1,651434,58.31,58.31,58.26,58.26,60,CLZ5
2025-11-13 09:20:00+00:00,33,1,651434,58.25,58.26,58.24,58.26,61,CLZ5
2025-11-13 09:21:00+00:00,33,1,651434,58.26,58.27,58.25,58.27,28,CLZ5
2025-11-13 09:22:00+00:00,33,1,651434,58.26,58.26,58.24,58.24,27,CLZ5
2025-11-13 09:23:00+00:00,33,1,651434,58.23,58.27,58.23,58.26,61,CLZ5
2025-11-13 09:24:00+00:00,33,1,651434,58.27,58.27,58.25,58.25,17,CLZ5
2025-11-13 09:25:00+00:00,33,1,651434,58.26,58.29,58.26,58.29,40,CLZ5
2025-11-13 09:26:00+00:00,33,1,651434,58.29,58.3,58.29,58.3,36,CLZ5
2025-11-13 09:27:00+00:00,33,1,651434,58.29,58.33,58.29,58.31,68,CLZ5
2025-11-13 09:28:00+00:00,33,1,651434,58.31,58.32,58.29,58.29,48,CLZ5
2025-11-13 09:29:00+00:00,33,1,651434,58.28,58.3,58.28,58.3,40,CLZ5
2025-11-13 09:30:00+00:00,33,1,651434,58.29,58.3,58.28,58.3,43,CLZ5
2025-11-13 09:31:00+00:00,33,1,651434,58.29,58.32,58.29,58.32,42,CLZ5
2025-11-13 09:32:00+00:00,33,1,651434,58.32,58.36,58.32,58.34,158,CLZ5
2025-11-13 09:33:00+00:00,33,1,651434,58.34,58.37,58.32,58.36,154,CLZ5
2025-11-13 09:34:00+00:00,33,1,651434,58.35,58.36,58.31,58.32,66,CLZ5
2025-11-13 09:35:00+00:00,33,1,651434,58.32,58.34,58.32,58.34,31,CLZ5
2025-11-13 09:36:00+00:00,33,1,651434,58.34,58.34,58.32,58.32,20,CLZ5
2025-11-13 09:37:00+00:00,33,1,651434,58.32,58.33,58.3,58.31,31,CLZ5
2025-11-13 09:38:00+00:00,33,1,651434,58.3,58.3,58.26,58.28,42,CLZ5
2025-11-13 09:39:00+00:00,33,1,651434,58.28,58.31,58.28,58.29,12,CLZ5
2025-11-13 09:40:00+00:00,33,1,651434,58.29,58.3,58.29,58.29,12,CLZ5
2025-11-13 09:41:00+00:00,33,1,651434,58.29,58.29,58.28,58.29,46,CLZ5
2025-11-13 09:42:00+00:00,33,1,651434,58.3,58.32,58.29,58.29,45,CLZ5
2025-11-13 09:43:00+00:00,33,1,651434,58.29,58.31,58.28,58.28,40,CLZ5
2025-11-13 09:44:00+00:00,33,1,651434,58.27,58.29,58.26,58.29,28,CLZ5
2025-11-13 09:45:00+00:00,33,1,651434,58.28,58.28,58.27,58.27,28,CLZ5
2025-11-13 09:46:00+00:00,33,1,651434,58.27,58.3,58.26,58.3,28,CLZ5
2025-11-13 09:47:00+00:00,33,1,651434,58.29,58.29,58.16,58.16,264,CLZ5
2025-11-13 09:48:00+00:00,33,1,651434,58.17,58.18,58.14,58.16,87,CLZ5
2025-11-13 09:49:00+00:00,33,1,651434,58.16,58.19,58.16,58.19,103,CLZ5
2025-11-13 09:50:00+00:00,33,1,651434,58.18,58.21,58.18,58.2,50,CLZ5
2025-11-13 09:51:00+00:00,33,1,651434,58.21,58.26,58.2,58.25,100,CLZ5
2025-11-13 09:52:00+00:00,33,1,651434,58.25,58.28,58.25,58.25,99,CLZ5
2025-11-13 09:53:00+00:00,33,1,651434,58.25,58.25,58.24,58.24,15,CLZ5
2025-11-13 09:54:00+00:00,33,1,651434,58.24,58.25,58.23,58.23,39,CLZ5
2025-11-13 09:55:00+00:00,33,1,651434,58.23,58.26,58.23,58.26,34,CLZ5
2025-11-13 09:56:00+00:00,33,1,651434,58.26,58.29,58.26,58.28,67,CLZ5
2025-11-13 09:57:00+00:00,33,1,651434,58.28,58.31,58.28,58.3,100,CLZ5
2025-11-13 09:58:00+00:00,33,1,651434,58.3,58.37,58.29,58.36,283,CLZ5
2025-11-13 09:59:00+00:00,33,1,651434,58.37,58.38,58.35,58.36,109,CLZ5
2025-11-13 10:00:00+00:00,33,1,651434,58.37,58.45,58.37,58.42,344,CLZ5
2025-11-13 10:01:00+00:00,33,1,651434,58.43,58.46,58.42,58.45,112,CLZ5
2025-11-13 10:02:00+00:00,33,1,651434,58.45,58.49,58.42,58.49,127,CLZ5
2025-11-13 10:03:00+00:00,33,1,651434,58.5,58.54,58.5,58.51,243,CLZ5
2025-11-13 10:04:00+00:00,33,1,651434,58.51,58.53,58.48,58.48,174,CLZ5
2025-11-13 10:05:00+00:00,33,1,651434,58.48,58.48,58.46,58.46,44,CLZ5
2025-11-13 10:06:00+00:00,33,1,651434,58.46,58.47,58.46,58.47,28,CLZ5
2025-11-13 10:07:00+00:00,33,1,651434,58.46,58.48,58.45,58.47,28,CLZ5
2025-11-13 10:08:00+00:00,33,1,651434,58.47,58.48,58.46,58.48,11,CLZ5
2025-11-13 10:09:00+00:00,33,1,651434,58.49,58.55,58.48,58.53,157,CLZ5
2025-11-13 10:10:00+00:00,33,1,651434,58.53,58.55,58.52,58.53,72,CLZ5
2025-11-13 10:11:00+00:00,33,1,651434,58.53,58.62,58.53,58.62,395,CLZ5
2025-11-13 10:12:00+00:00,33,1,651434,58.62,58.63,58.59,58.6,258,CLZ5
2025-11-13 10:13:00+00:00,33,1,651434,58.6,58.63,58.6,58.6,95,CLZ5
2025-11-13 10:14:00+00:00,33,1,651434,58.6,58.63,58.6,58.61,78,CLZ5
2025-11-13 10:15:00+00:00,33,1,651434,58.61,58.61,58.6,58.6,49,CLZ5
2025-11-13 10:16:00+00:00,33,1,651434,58.6,58.64,58.6,58.62,168,CLZ5
2025-11-13 10:17:00+00:00,33,1,651434,58.62,58.66,58.61,58.66,83,CLZ5
2025-11-13 10:18:00+00:00,33,1,651434,58.64,58.64,58.62,58.64,82,CLZ5
2025-11-13 10:19:00+00:00,33,1,651434,58.64,58.64,58.61,58.63,61,CLZ5
2025-11-13 10:20:00+00:00,33,1,651434,58.63,58.64,58.62,58.63,44,CLZ5
2025-11-13 10:21:00+00:00,33,1,651434,58.62,58.62,58.59,58.59,90,CLZ5
2025-11-13 10:22:00+00:00,33,1,651434,58.58,58.63,58.57,58.63,182,CLZ5
2025-11-13 10:23:00+00:00,33,1,651434,58.64,58.71,58.64,58.7,553,CLZ5
2025-11-13 10:24:00+00:00,33,1,651434,58.7,58.72,58.7,58.7,243,CLZ5
2025-11-13 10:25:00+00:00,33,1,651434,58.71,58.77,58.71,58.75,322,CLZ5
2025-11-13 10:26:00+00:00,33,1,651434,58.74,58.75,58.72,58.73,153,CLZ5
2025-11-13 10:27:00+00:00,33,1,651434,58.73,58.77,58.73,58.75,207,CLZ5
2025-11-13 10:28:00+00:00,33,1,651434,58.76,58.81,58.76,58.78,244,CLZ5
2025-11-13 10:29:00+00:00,33,1,651434,58.78,58.78,58.76,58.76,61,CLZ5
2025-11-13 10:30:00+00:00,33,1,651434,58.75,58.77,58.72,58.74,129,CLZ5
2025-11-13 10:31:00+00:00,33,1,651434,58.74,58.8,58.74,58.8,110,CLZ5
2025-11-13 10:32:00+00:00,33,1,651434,58.81,58.82,58.8,58.81,112,CLZ5
2025-11-13 10:33:00+00:00,33,1,651434,58.8,58.81,58.77,58.78,116,CLZ5
2025-11-13 10:34:00+00:00,33,1,651434,58.78,58.79,58.73,58.74,141,CLZ5
2025-11-13 10:35:00+00:00,33,1,651434,58.74,58.77,58.72,58.77,66,CLZ5
2025-11-13 10:36:00+00:00,33,1,651434,58.77,58.79,58.76,58.76,68,CLZ5
2025-11-13 10:37:00+00:00,33,1,651434,58.76,58.77,58.73,58.73,44,CLZ5
2025-11-13 10:38:00+00:00,33,1,651434,58.73,58.78,58.73,58.77,72,CLZ5
2025-11-13 10:39:00+00:00,33,1,651434,58.77,58.78,58.77,58.77,38,CLZ5
2025-11-13 10:40:00+00:00,33,1,651434,58.78,58.81,58.78,58.81,69,CLZ5
2025-11-13 10:41:00+00:00,33,1,651434,58.8,58.82,58.78,58.82,78,CLZ5
2025-11-13 10:42:00+00:00,33,1,651434,58.83,58.85,58.79,58.79,312,CLZ5
2025-11-13 10:43:00+00:00,33,1,651434,58.78,58.79,58.74,58.74,95,CLZ5
2025-11-13 10:44:00+00:00,33,1,651434,58.74,58.76,58.73,58.74,67,CLZ5
2025-11-13 10:45:00+00:00,33,1,651434,58.74,58.75,58.71,58.71,150,CLZ5
2025-11-13 10:46:00+00:00,33,1,651434,58.71,58.73,58.69,58.73,159,CLZ5
2025-11-13 10:47:00+00:00,33,1,651434,58.73,58.73,58.67,58.68,129,CLZ5
2025-11-13 10:48:00+00:00,33,1,651434,58.68,58.7,58.68,58.69,37,CLZ5
2025-11-13 10:49:00+00:00,33,1,651434,58.71,58.73,58.7,58.73,16,CLZ5
2025-11-13 10:50:00+00:00,33,1,651434,58.73,58.75,58.71,58.75,75,CLZ5
2025-11-13 10:51:00+00:00,33,1,651434,58.76,58.78,58.76,58.78,69,CLZ5
2025-11-13 10:52:00+00:00,33,1,651434,58.78,58.79,58.76,58.79,44,CLZ5
2025-11-13 10:53:00+00:00,33,1,651434,58.79,58.79,58.76,58.77,21,CLZ5
2025-11-13 10:54:00+00:00,33,1,651434,58.77,58.78,58.75,58.77,46,CLZ5
2025-11-13 10:55:00+00:00,33,1,651434,58.77,58.77,58.76,58.77,16,CLZ5
2025-11-13 10:56:00+00:00,33,1,651434,58.77,58.77,58.76,58.77,34,CLZ5
2025-11-13 10:57:00+00:00,33,1,651434,58.77,58.77,58.74,58.75,33,CLZ5
2025-11-13 10:58:00+00:00,33,1,651434,58.75,58.78,58.75,58.77,49,CLZ5
2025-11-13 10:59:00+00:00,33,1,651434,58.77,58.78,58.77,58.78,30,CLZ5
2025-11-13 11:00:00+00:00,33,1,651434,58.77,58.78,58.73,58.78,60,CLZ5
2025-11-13 11:01:00+00:00,33,1,651434,58.78,58.85,58.77,58.85,242,CLZ5
2025-11-13 11:02:00+00:00,33,1,651434,58.84,58.86,58.79,58.8,192,CLZ5
2025-11-13 11:03:00+00:00,33,1,651434,58.79,58.81,58.78,58.8,43,CLZ5
2025-11-13 11:04:00+00:00,33,1,651434,58.81,58.83,58.77,58.77,134,CLZ5
2025-11-13 11:05:00+00:00,33,1,651434,58.77,58.78,58.77,58.77,13,CLZ5
2025-11-13 11:06:00+00:00,33,1,651434,58.78,58.78,58.77,58.77,15,CLZ5
2025-11-13 11:07:00+00:00,33,1,651434,58.77,58.79,58.77,58.79,37,CLZ5
2025-11-13 11:08:00+00:00,33,1,651434,58.79,58.84,58.79,58.82,46,CLZ5
2025-11-13 11:09:00+00:00,33,1,651434,58.83,58.83,58.79,58.79,50,CLZ5
2025-11-13 11:10:00+00:00,33,1,651434,58.79,58.81,58.78,58.81,59,CLZ5
2025-11-13 11:11:00+00:00,33,1,651434,58.8,58.8,58.78,58.78,25,CLZ5
2025-11-13 11:12:00+00:00,33,1,651434,58.77,58.8,58.77,58.8,34,CLZ5
2025-11-13 11:13:00+00:00,33,1,651434,58.79,58.8,58.78,58.78,24,CLZ5
2025-11-13 11:14:00+00:00,33,1,651434,58.79,58.83,58.79,58.82,30,CLZ5
2025-11-13 11:15:00+00:00,33,1,651434,58.81,58.85,58.81,58.84,134,CLZ5
2025-11-13 11:16:00+00:00,33,1,651434,58.84,58.87,58.84,58.86,142,CLZ5
2025-11-13 11:17:00+00:00,33,1,651434,58.86,58.88,58.84,58.85,76,CLZ5
2025-11-13 11:18:00+00:00,33,1,651434,58.85,58.85,58.84,58.85,7,CLZ5
2025-11-13 11:19:00+00:00,33,1,651434,58.85,58.87,58.84,58.86,48,CLZ5
2025-11-13 11:20:00+00:00,33,1,651434,58.85,58.85,58.81,58.82,76,CLZ5
2025-11-13 11:21:00+00:00,33,1,651434,58.82,58.84,58.81,58.82,97,CLZ5
2025-11-13 11:22:00+00:00,33,1,651434,58.82,58.82,58.79,58.79,35,CLZ5
2025-11-13 11:23:00+00:00,33,1,651434,58.79,58.8,58.77,58.79,159,CLZ5
2025-11-13 11:24:00+00:00,33,1,651434,58.78,58.8,58.77,58.79,52,CLZ5
2025-11-13 11:25:00+00:00,33,1,651434,58.79,58.8,58.78,58.8,46,CLZ5
2025-11-13 11:26:00+00:00,33,1,651434,58.8,58.8,58.78,58.78,27,CLZ5
2025-11-13 11:27:00+00:00,33,1,651434,58.79,58.79,58.78,58.79,24,CLZ5
2025-11-13 11:28:00+00:00,33,1,651434,58.78,58.79,58.77,58.77,11,CLZ5
2025-11-13 11:29:00+00:00,33,1,651434,58.77,58.78,58.76,58.77,24,CLZ5
2025-11-13 11:30:00+00:00,33,1,651434,58.77,58.78,58.77,58.77,29,CLZ5
2025-11-13 11:31:00+00:00,33,1,651434,58.78,58.8,58.76,58.8,22,CLZ5
2025-11-13 11:32:00+00:00,33,1,651434,58.81,58.81,58.8,58.8,33,CLZ5
2025-11-13 11:33:00+00:00,33,1,651434,58.8,58.82,58.8,58.81,21,CLZ5
2025-11-13 11:34:00+00:00,33,1,651434,58.8,58.8,58.78,58.78,15,CLZ5
2025-11-13 11:35:00+00:00,33,1,651434,58.77,58.78,58.76,58.76,66,CLZ5
2025-11-13 11:36:00+00:00,33,1,651434,58.77,58.77,58.75,58.75,85,CLZ5
2025-11-13 11:37:00+00:00,33,1,651434,58.75,58.75,58.73,58.75,109,CLZ5
2025-11-13 11:38:00+00:00,33,1,651434,58.75,58.79,58.74,58.77,76,CLZ5
2025-11-13 11:39:00+00:00,33,1,651434,58.77,58.79,58.77,58.79,32,CLZ5
2025-11-13 11:40:00+00:00,33,1,651434,58.79,58.79,58.78,58.79,38,CLZ5
2025-11-13 11:41:00+00:00,33,1,651434,58.79,58.81,58.79,58.81,28,CLZ5
2025-11-13 11:42:00+00:00,33,1,651434,58.81,58.82,58.81,58.82,24,CLZ5
2025-11-13 11:43:00+00:00,33,1,651434,58.82,58.84,58.82,58.84,22,CLZ5
2025-11-13 11:44:00+00:00,33,1,651434,58.83,58.85,58.83,58.83,33,CLZ5
2025-11-13 11:45:00+00:00,33,1,651434,58.83,58.87,58.83,58.86,32,CLZ5
2025-11-13 11:46:00+00:00,33,1,651434,58.86,58.86,58.85,58.86,12,CLZ5
2025-11-13 11:47:00+00:00,33,1,651434,58.85,58.86,58.84,58.85,75,CLZ5
2025-11-13 11:48:00+00:00,33,1,651434,58.85,58.87,58.85,58.87,27,CLZ5
2025-11-13 11:49:00+00:00,33,1,651434,58.87,58.88,58.86,58.87,82,CLZ5
2025-11-13 11:50:00+00:00,33,1,651434,58.88,58.89,58.84,58.87,157,CLZ5
2025-11-13 11:51:00+00:00,33,1,651434,58.88,58.88,58.88,58.88,25,CLZ5
2025-11-13 11:52:00+00:00,33,1,651434,58.87,58.87,58.86,58.87,14,CLZ5
2025-11-13 11:53:00+00:00,33,1,651434,58.87,58.89,58.86,58.88,42,CLZ5
2025-11-13 11:54:00+00:00,33,1,651434,58.88,58.89,58.88,58.88,22,CLZ5
2025-11-13 11:55:00+00:00,33,1,651434,58.89,58.89,58.88,58.88,18,CLZ5
2025-11-13 11:56:00+00:00,33,1,651434,58.88,58.89,58.86,58.86,34,CLZ5
2025-11-13 11:57:00+00:00,33,1,651434,58.86,58.87,58.85,58.86,52,CLZ5
2025-11-13 11:58:00+00:00,33,1,651434,58.85,58.86,58.85,58.86,51,CLZ5
2025-11-13 11:59:00+00:00,33,1,651434,58.87,58.87,58.85,58.86,24,CLZ5
2025-11-13 12:00:00+00:00,33,1,651434,58.86,58.89,58.85,58.88,98,CLZ5
2025-11-13 12:01:00+00:00,33,1,651434,58.88,58.9,58.87,58.89,72,CLZ5
2025-11-13 12:02:00+00:00,33,1,651434,58.88,58.88,58.86,58.86,13,CLZ5
2025-11-13 12:03:00+00:00,33,1,651434,58.87,58.89,58.86,58.89,35,CLZ5
2025-11-13 12:04:00+00:00,33,1,651434,58.88,58.89,58.87,58.88,14,CLZ5
2025-11-13 12:05:00+00:00,33,1,651434,58.88,58.89,58.87,58.89,16,CLZ5
2025-11-13 12:06:00+00:00,33,1,651434,58.89,58.94,58.89,58.93,155,CLZ5
2025-11-13 12:07:00+00:00,33,1,651434,58.93,58.96,58.93,58.94,138,CLZ5
2025-11-13 12:08:00+00:00,33,1,651434,58.94,58.99,58.94,58.97,379,CLZ5
2025-11-13 12:09:00+00:00,33,1,651434,58.97,58.98,58.96,58.98,75,CLZ5
2025-11-13 12:10:00+00:00,33,1,651434,58.98,59.01,58.98,59.0,164,CLZ5
2025-11-13 12:11:00+00:00,33,1,651434,59.0,59.0,58.96,58.96,170,CLZ5
2025-11-13 12:12:00+00:00,33,1,651434,58.97,58.98,58.97,58.97,39,CLZ5
2025-11-13 12:13:00+00:00,33,1,651434,58.97,58.99,58.96,58.96,100,CLZ5
2025-11-13 12:14:00+00:00,33,1,651434,58.96,58.96,58.93,58.94,135,CLZ5
2025-11-13 12:15:00+00:00,33,1,651434,58.93,58.94,58.93,58.93,78,CLZ5
2025-11-13 12:16:00+00:00,33,1,651434,58.93,58.93,58.91,58.91,54,CLZ5
2025-11-13 12:17:00+00:00,33,1,651434,58.92,58.93,58.92,58.92,51,CLZ5
2025-11-13 12:18:00+00:00,33,1,651434,58.92,58.94,58.9,58.9,92,CLZ5
2025-11-13 12:19:00+00:00,33,1,651434,58.9,58.9,58.86,58.88,117,CLZ5
2025-11-13 12:20:00+00:00,33,1,651434,58.89,58.89,58.87,58.88,49,CLZ5
2025-11-13 12:21:00+00:00,33,1,651434,58.89,58.92,58.89,58.92,139,CLZ5
2025-11-13 12:22:00+00:00,33,1,651434,58.92,58.92,58.89,58.9,51,CLZ5
2025-11-13 12:23:00+00:00,33,1,651434,58.9,58.92,58.9,58.91,36,CLZ5
2025-11-13 12:24:00+00:00,33,1,651434,58.91,58.93,58.91,58.92,30,CLZ5
2025-11-13 12:25:00+00:00,33,1,651434,58.93,58.93,58.92,58.93,49,CLZ5
2025-11-13 12:26:00+00:00,33,1,651434,58.92,58.94,58.92,58.93,50,CLZ5
2025-11-13 12:27:00+00:00,33,1,651434,58.93,58.95,58.91,58.94,56,CLZ5
2025-11-13 12:28:00+00:00,33,1,651434,58.94,58.94,58.92,58.92,17,CLZ5
2025-11-13 12:29:00+00:00,33,1,651434,58.93,58.94,58.92,58.92,15,CLZ5
2025-11-13 12:30:00+00:00,33,1,651434,58.93,58.93,58.92,58.92,21,CLZ5
2025-11-13 12:31:00+00:00,33,1,651434,58.91,58.91,58.9,58.9,65,CLZ5
2025-11-13 12:32:00+00:00,33,1,651434,58.9,58.9,58.89,58.89,78,CLZ5
2025-11-13 12:33:00+00:00,33,1,651434,58.89,58.9,58.86,58.86,95,CLZ5
2025-11-13 12:34:00+00:00,33,1,651434,58.86,58.87,58.85,58.87,105,CLZ5
2025-11-13 12:35:00+00:00,33,1,651434,58.86,58.87,58.83,58.84,129,CLZ5
2025-11-13 12:36:00+00:00,33,1,651434,58.85,58.87,58.83,58.84,165,CLZ5
2025-11-13 12:37:00+00:00,33,1,651434,58.83,58.87,58.83,58.85,75,CLZ5
2025-11-13 12:38:00+00:00,33,1,651434,58.86,58.87,58.83,58.83,88,CLZ5
2025-11-13 12:39:00+00:00,33,1,651434,58.82,58.83,58.81,58.82,48,CLZ5
2025-11-13 12:40:00+00:00,33,1,651434,58.82,58.86,58.82,58.84,80,CLZ5
2025-11-13 12:41:00+00:00,33,1,651434,58.84,58.85,58.83,58.83,19,CLZ5
2025-11-13 12:42:00+00:00,33,1,651434,58.83,58.88,58.83,58.88,127,CLZ5
2025-11-13 12:43:00+00:00,33,1,651434,58.87,58.89,58.86,58.87,79,CLZ5
2025-11-13 12:44:00+00:00,33,1,651434,58.87,58.87,58.85,58.85,30,CLZ5
2025-11-13 12:45:00+00:00,33,1,651434,58.85,58.89,58.85,58.89,40,CLZ5
2025-11-13 12:46:00+00:00,33,1,651434,58.88,58.88,58.85,58.86,25,CLZ5
2025-11-13 12:47:00+00:00,33,1,651434,58.86,58.9,58.86,58.89,31,CLZ5
2025-11-13 12:48:00+00:00,33,1,651434,58.89,58.9,58.88,58.89,17,CLZ5
2025-11-13 12:49:00+00:00,33,1,651434,58.88,58.9,58.88,58.88,24,CLZ5
2025-11-13 12:50:00+00:00,33,1,651434,58.87,58.87,58.86,58.86,32,CLZ5
2025-11-13 12:51:00+00:00,33,1,651434,58.86,58.86,58.85,58.86,52,CLZ5
2025-11-13 12:52:00+00:00,33,1,651434,58.86,58.91,58.86,58.91,184,CLZ5
2025-11-13 12:53:00+00:00,33,1,651434,58.9,58.92,58.89,58.91,46,CLZ5
2025-11-13 12:54:00+00:00,33,1,651434,58.92,58.94,58.92,58.93,43,CLZ5
2025-11-13 12:55:00+00:00,33,1,651434,58.94,58.97,58.93,58.97,135,CLZ5
2025-11-13 12:56:00+00:00,33,1,651434,58.97,58.97,58.94,58.94,66,CLZ5
2025-11-13 12:57:00+00:00,33,1,651434,58.94,58.96,58.94,58.96,16,CLZ5
2025-11-13 12:58:00+00:00,33,1,651434,58.96,58.98,58.96,58.98,84,CLZ5
2025-11-13 12:59:00+00:00,33,1,651434,58.97,58.97,58.94,58.94,57,CLZ5
2025-11-13 13:00:00+00:00,33,1,651434,58.93,58.93,58.89,58.93,196,CLZ5
2025-11-13 13:01:00+00:00,33,1,651434,58.92,58.93,58.87,58.9,162,CLZ5
2025-11-13 13:02:00+00:00,33,1,651434,58.9,58.95,58.9,58.94,57,CLZ5
2025-11-13 13:03:00+00:00,33,1,651434,58.94,58.96,58.93,58.96,36,CLZ5
2025-11-13 13:04:00+00:00,33,1,651434,58.96,59.05,58.96,59.03,331,CLZ5
2025-11-13 13:05:00+00:00,33,1,651434,59.03,59.04,59.01,59.02,133,CLZ5
2025-11-13 13:06:00+00:00,33,1,651434,59.02,59.05,59.02,59.04,121,CLZ5
2025-11-13 13:07:00+00:00,33,1,651434,59.04,59.04,59.02,59.02,178,CLZ5
2025-11-13 13:08:00+00:00,33,1,651434,59.01,59.01,58.97,58.97,146,CLZ5
2025-11-13 13:09:00+00:00,33,1,651434,58.98,58.98,58.96,58.98,75,CLZ5
2025-11-13 13:10:00+00:00,33,1,651434,58.97,58.98,58.92,58.92,114,CLZ5
2025-11-13 13:11:00+00:00,33,1,651434,58.92,58.95,58.91,58.94,61,CLZ5
2025-11-13 13:12:00+00:00,33,1,651434,58.95,58.99,58.95,58.98,169,CLZ5
2025-11-13 13:13:00+00:00,33,1,651434,58.99,58.99,58.95,58.96,64,CLZ5
2025-11-13 13:14:00+00:00,33,1,651434,58.96,58.96,58.95,58.96,70,CLZ5
2025-11-13 13:15:00+00:00,33,1,651434,58.97,58.99,58.96,58.97,63,CLZ5
2025-11-13 13:16:00+00:00,33,1,651434,58.96,59.01,58.96,58.99,205,CLZ5
2025-11-13 13:17:00+00:00,33,1,651434,58.98,58.99,58.97,58.97,32,CLZ5
2025-11-13 13:18:00+00:00,33,1,651434,58.97,58.99,58.97,58.98,45,CLZ5
2025-11-13 13:19:00+00:00,33,1,651434,58.99,59.01,58.98,59.01,51,CLZ5
2025-11-13 13:20:00+00:00,33,1,651434,59.01,59.03,59.0,59.03,121,CLZ5
2025-11-13 13:21:00+00:00,33,1,651434,59.03,59.06,59.02,59.05,167,CLZ5
2025-11-13 13:22:00+00:00,33,1,651434,59.05,59.05,59.01,59.03,140,CLZ5
2025-11-13 13:23:00+00:00,33,1,651434,59.04,59.06,59.04,59.04,156,CLZ5
2025-11-13 13:24:00+00:00,33,1,651434,59.04,59.04,58.99,59.01,65,CLZ5
2025-11-13 13:25:00+00:00,33,1,651434,59.02,59.02,58.99,59.01,75,CLZ5
2025-11-13 13:26:00+00:00,33,1,651434,59.0,59.0,58.99,59.0,64,CLZ5
2025-11-13 13:27:00+00:00,33,1,651434,59.0,59.05,59.0,59.05,106,CLZ5
2025-11-13 13:28:00+00:00,33,1,651434,59.05,59.08,59.04,59.04,245,CLZ5
2025-11-13 13:29:00+00:00,33,1,651434,59.04,59.06,59.03,59.05,95,CLZ5
2025-11-13 13:30:00+00:00,33,1,651434,59.05,59.06,59.03,59.03,113,CLZ5
2025-11-13 13:31:00+00:00,33,1,651434,59.02,59.04,59.02,59.04,105,CLZ5
2025-11-13 13:32:00+00:00,33,1,651434,59.04,59.05,59.03,59.04,50,CLZ5
2025-11-13 13:33:00+00:00,33,1,651434,59.03,59.04,59.0,59.0,98,CLZ5
2025-11-13 13:34:00+00:00,33,1,651434,59.0,59.06,58.99,59.05,217,CLZ5
2025-11-13 13:35:00+00:00,33,1,651434,59.05,59.06,59.04,59.05,80,CLZ5
2025-11-13 13:36:00+00:00,33,1,651434,59.05,59.12,59.05,59.1,488,CLZ5
2025-11-13 13:37:00+00:00,33,1,651434,59.1,59.1,59.07,59.1,86,CLZ5
2025-11-13 13:38:00+00:00,33,1,651434,59.1,59.13,59.09,59.1,224,CLZ5
2025-11-13 13:39:00+00:00,33,1,651434,59.1,59.12,59.08,59.11,122,CLZ5
2025-11-13 13:40:00+00:00,33,1,651434,59.11,59.16,59.1,59.16,276,CLZ5
2025-11-13 13:41:00+00:00,33,1,651434,59.14,59.17,59.14,59.16,182,CLZ5
2025-11-13 13:42:00+00:00,33,1,651434,59.15,59.21,59.14,59.2,470,CLZ5
2025-11-13 13:43:00+00:00,33,1,651434,59.21,59.21,59.18,59.18,164,CLZ5
2025-11-13 13:44:00+00:00,33,1,651434,59.18,59.21,59.16,59.16,142,CLZ5
2025-11-13 13:45:00+00:00,33,1,651434,59.15,59.2,59.13,59.19,278,CLZ5
2025-11-13 13:46:00+00:00,33,1,651434,59.2,59.21,59.16,59.17,130,CLZ5
2025-11-13 13:47:00+00:00,33,1,651434,59.17,59.18,59.15,59.16,122,CLZ5
2025-11-13 13:48:00+00:00,33,1,651434,59.15,59.19,59.15,59.17,78,CLZ5
2025-11-13 13:49:00+00:00,33,1,651434,59.17,59.18,59.15,59.16,220,CLZ5
2025-11-13 13:50:00+00:00,33,1,651434,59.16,59.18,59.14,59.15,292,CLZ5
2025-11-13 13:51:00+00:00,33,1,651434,59.15,59.15,59.13,59.15,121,CLZ5
2025-11-13 13:52:00+00:00,33,1,651434,59.16,59.16,59.13,59.13,260,CLZ5
2025-11-13 13:53:00+00:00,33,1,651434,59.13,59.16,59.12,59.14,104,CLZ5
2025-11-13 13:54:00+00:00,33,1,651434,59.15,59.16,59.14,59.15,201,CLZ5
2025-11-13 13:55:00+00:00,33,1,651434,59.15,59.15,59.13,59.13,266,CLZ5
2025-11-13 13:56:00+00:00,33,1,651434,59.13,59.16,59.12,59.12,128,CLZ5
2025-11-13 13:57:00+00:00,33,1,651434,59.13,59.13,59.1,59.11,150,CLZ5
2025-11-13 13:58:00+00:00,33,1,651434,59.11,59.15,59.11,59.14,106,CLZ5
2025-11-13 13:59:00+00:00,33,1,651434,59.15,59.15,59.08,59.11,323,CLZ5
2025-11-13 14:00:00+00:00,33,1,651434,59.11,59.13,59.09,59.1,540,CLZ5
2025-11-13 14:01:00+00:00,33,1,651434,59.11,59.14,59.03,59.03,393,CLZ5
2025-11-13 14:02:00+00:00,33,1,651434,59.04,59.09,59.03,59.09,319,CLZ5
2025-11-13 14:03:00+00:00,33,1,651434,59.1,59.1,59.03,59.05,132,CLZ5
2025-11-13 14:04:00+00:00,33,1,651434,59.05,59.05,59.0,59.01,290,CLZ5
2025-11-13 14:05:00+00:00,33,1,651434,59.0,59.06,59.0,59.06,138,CLZ5
2025-11-13 14:06:00+00:00,33,1,651434,59.05,59.05,59.0,59.01,114,CLZ5
2025-11-13 14:07:00+00:00,33,1,651434,59.01,59.01,58.95,58.96,206,CLZ5
2025-11-13 14:08:00+00:00,33,1,651434,58.96,58.99,58.96,58.98,339,CLZ5
2025-11-13 14:09:00+00:00,33,1,651434,58.98,59.04,58.98,59.03,222,CLZ5
2025-11-13 14:10:00+00:00,33,1,651434,59.04,59.09,59.03,59.09,392,CLZ5
2025-11-13 14:11:00+00:00,33,1,651434,59.08,59.08,59.04,59.05,94,CLZ5
2025-11-13 14:12:00+00:00,33,1,651434,59.05,59.05,59.02,59.04,109,CLZ5
2025-11-13 14:13:00+00:00,33,1,651434,59.03,59.04,58.99,58.99,227,CLZ5
2025-11-13 14:14:00+00:00,33,1,651434,59.0,59.05,59.0,59.03,177,CLZ5
2025-11-13 14:15:00+00:00,33,1,651434,59.02,59.04,59.0,59.01,199,CLZ5
2025-11-13 14:16:00+00:00,33,1,651434,59.02,59.02,58.96,58.98,150,CLZ5
2025-11-13 14:17:00+00:00,33,1,651434,58.99,59.0,58.98,59.0,64,CLZ5
2025-11-13 14:18:00+00:00,33,1,651434,59.0,59.01,58.99,59.0,100,CLZ5
2025-11-13 14:19:00+00:00,33,1,651434,59.0,59.07,59.0,59.06,338,CLZ5
2025-11-13 14:20:00+00:00,33,1,651434,59.06,59.08,59.04,59.06,85,CLZ5
2025-11-13 14:21:00+00:00,33,1,651434,59.05,59.11,59.05,59.11,152,CLZ5
2025-11-13 14:22:00+00:00,33,1,651434,59.1,59.11,59.05,59.07,131,CLZ5
2025-11-13 14:23:00+00:00,33,1,651434,59.06,59.09,59.06,59.07,209,CLZ5
2025-11-13 14:24:00+00:00,33,1,651434,59.07,59.1,59.07,59.09,86,CLZ5
2025-11-13 14:25:00+00:00,33,1,651434,59.09,59.1,59.08,59.09,65,CLZ5
2025-11-13 14:26:00+00:00,33,1,651434,59.09,59.1,59.07,59.08,65,CLZ5
2025-11-13 14:27:00+00:00,33,1,651434,59.08,59.08,59.05,59.06,201,CLZ5
2025-11-13 14:28:00+00:00,33,1,651434,59.06,59.09,59.06,59.09,96,CLZ5
2025-11-13 14:29:00+00:00,33,1,651434,59.1,59.1,59.08,59.09,140,CLZ5
2025-11-13 14:30:00+00:00,33,1,651434,59.08,59.08,59.03,59.04,290,CLZ5
2025-11-13 14:31:00+00:00,33,1,651434,59.05,59.07,59.03,59.05,206,CLZ5
2025-11-13 14:32:00+00:00,33,1,651434,59.05,59.08,59.05,59.06,141,CLZ5
2025-11-13 14:33:00+00:00,33,1,651434,59.06,59.11,59.06,59.09,176,CLZ5
2025-11-13 14:34:00+00:00,33,1,651434,59.09,59.11,59.07,59.08,116,CLZ5
2025-11-13 14:35:00+00:00,33,1,651434,59.08,59.08,58.96,58.98,312,CLZ5
2025-11-13 14:36:00+00:00,33,1,651434,58.97,59.01,58.93,58.94,322,CLZ5
2025-11-13 14:37:00+00:00,33,1,651434,58.93,58.98,58.93,58.96,201,CLZ5
2025-11-13 14:38:00+00:00,33,1,651434,58.97,59.0,58.97,58.99,87,CLZ5
2025-11-13 14:39:00+00:00,33,1,651434,58.99,59.01,58.98,59.01,127,CLZ5
2025-11-13 14:40:00+00:00,33,1,651434,59.01,59.02,58.99,59.0,125,CLZ5
2025-11-13 14:41:00+00:00,33,1,651434,59.0,59.01,58.97,59.01,106,CLZ5
2025-11-13 14:42:00+00:00,33,1,651434,59.0,59.0,58.96,58.97,128,CLZ5
2025-11-13 14:43:00+00:00,33,1,651434,58.96,59.03,58.96,59.0,352,CLZ5
2025-11-13 14:44:00+00:00,33,1,651434,59.0,59.0,58.91,58.91,245,CLZ5
2025-11-13 14:45:00+00:00,33,1,651434,58.91,58.94,58.89,58.92,319,CLZ5
2025-11-13 14:46:00+00:00,33,1,651434,58.94,59.0,58.93,59.0,216,CLZ5
2025-11-13 14:47:00+00:00,33,1,651434,59.0,59.03,58.96,58.98,312,CLZ5
2025-11-13 14:48:00+00:00,33,1,651434,58.98,59.03,58.97,59.03,91,CLZ5
2025-11-13 14:49:00+00:00,33,1,651434,59.02,59.02,58.93,58.95,135,CLZ5
2025-11-13 14:50:00+00:00,33,1,651434,58.95,58.98,58.94,58.97,223,CLZ5
2025-11-13 14:51:00+00:00,33,1,651434,58.97,59.01,58.96,58.96,134,CLZ5
2025-11-13 14:52:00+00:00,33,1,651434,58.95,58.97,58.94,58.96,160,CLZ5
2025-11-13 14:53:00+00:00,33,1,651434,58.95,58.98,58.93,58.96,134,CLZ5
2025-11-13 14:54:00+00:00,33,1,651434,58.96,59.03,58.96,59.0,303,CLZ5
2025-11-13 14:55:00+00:00,33,1,651434,59.0,59.05,58.99,59.02,235,CLZ5
2025-11-13 14:56:00+00:00,33,1,651434,59.01,59.05,59.01,59.03,192,CLZ5
2025-11-13 14:57:00+00:00,33,1,651434,59.03,59.08,59.02,59.07,177,CLZ5
2025-11-13 14:58:00+00:00,33,1,651434,59.07,59.09,59.06,59.07,139,CLZ5
2025-11-13 14:59:00+00:00,33,1,651434,59.06,59.06,59.01,59.01,118,CLZ5
2025-11-13 15:00:00+00:00,33,1,651434,59.01,59.01,58.96,58.98,355,CLZ5
2025-11-13 15:01:00+00:00,33,1,651434,58.98,59.0,58.96,58.98,178,CLZ5
2025-11-13 15:02:00+00:00,33,1,651434,58.99,59.02,58.98,59.01,121,CLZ5
2025-11-13 15:03:00+00:00,33,1,651434,59.0,59.01,58.96,58.96,91,CLZ5
2025-11-13 15:04:00+00:00,33,1,651434,58.98,59.01,58.98,58.98,108,CLZ5
2025-11-13 15:05:00+00:00,33,1,651434,58.98,58.99,58.93,58.94,162,CLZ5
2025-11-13 15:06:00+00:00,33,1,651434,58.93,58.96,58.91,58.96,165,CLZ5
2025-11-13 15:07:00+00:00,33,1,651434,58.96,58.99,58.96,58.98,192,CLZ5
2025-11-13 15:08:00+00:00,33,1,651434,58.98,59.02,58.96,58.99,150,CLZ5
2025-11-13 15:09:00+00:00,33,1,651434,58.98,59.03,58.98,58.99,137,CLZ5
2025-11-13 15:10:00+00:00,33,1,651434,58.99,59.05,58.99,59.03,206,CLZ5
2025-11-13 15:11:00+00:00,33,1,651434,59.04,59.04,59.0,59.02,205,CLZ5
2025-11-13 15:12:00+00:00,33,1,651434,59.02,59.08,59.02,59.05,477,CLZ5
2025-11-13 15:13:00+00:00,33,1,651434,59.06,59.07,59.03,59.04,128,CLZ5
2025-11-13 15:14:00+00:00,33,1,651434,59.04,59.08,59.04,59.07,79,CLZ5
2025-11-13 15:15:00+00:00,33,1,651434,59.06,59.14,59.06,59.1,367,CLZ5
2025-11-13 15:16:00+00:00,33,1,651434,59.11,59.11,59.06,59.06,296,CLZ5
2025-11-13 15:17:00+00:00,33,1,651434,59.06,59.06,59.01,59.04,290,CLZ5
2025-11-13 15:18:00+00:00,33,1,651434,59.05,59.05,58.99,58.99,277,CLZ5
2025-11-13 15:19:00+00:00,33,1,651434,58.99,59.04,58.99,59.03,112,CLZ5
2025-11-13 15:20:00+00:00,33,1,651434,59.03,59.08,59.02,59.08,283,CLZ5
2025-11-13 15:21:00+00:00,33,1,651434,59.08,59.11,59.06,59.06,141,CLZ5
2025-11-13 15:22:00+00:00,33,1,651434,59.05,59.06,59.04,59.06,118,CLZ5
2025-11-13 15:23:00+00:00,33,1,651434,59.06,59.06,59.02,59.05,167,CLZ5
2025-11-13 15:24:00+00:00,33,1,651434,59.05,59.06,59.03,59.06,87,CLZ5
2025-11-13 15:25:00+00:00,33,1,651434,59.05,59.07,59.04,59.07,109,CLZ5
2025-11-13 15:26:00+00:00,33,1,651434,59.05,59.06,59.02,59.05,100,CLZ5
2025-11-13 15:27:00+00:00,33,1,651434,59.05,59.06,59.04,59.05,64,CLZ5
2025-11-13 15:28:00+00:00,33,1,651434,59.05,59.05,58.98,58.99,255,CLZ5
2025-11-13 15:29:00+00:00,33,1,651434,59.0,59.07,59.0,59.06,174,CLZ5
2025-11-13 15:30:00+00:00,33,1,651434,59.05,59.1,59.04,59.08,150,CLZ5
2025-11-13 15:31:00+00:00,33,1,651434,59.08,59.11,59.06,59.11,128,CLZ5
2025-11-13 15:32:00+00:00,33,1,651434,59.11,59.12,59.1,59.1,116,CLZ5
2025-11-13 15:33:00+00:00,33,1,651434,59.09,59.1,59.04,59.04,134,CLZ5
2025-11-13 15:34:00+00:00,33,1,651434,59.05,59.06,58.98,58.98,239,CLZ5
2025-11-13 15:35:00+00:00,33,1,651434,58.97,58.98,58.93,58.93,377,CLZ5
2025-11-13 15:36:00+00:00,33,1,651434,58.92,58.94,58.89,58.9,476,CLZ5
2025-11-13 15:37:00+00:00,33,1,651434,58.89,58.91,58.85,58.88,348,CLZ5
2025-11-13 15:38:00+00:00,33,1,651434,58.89,58.95,58.89,58.95,205,CLZ5
2025-11-13 15:39:00+00:00,33,1,651434,58.94,58.96,58.92,58.96,209,CLZ5
2025-11-13 15:40:00+00:00,33,1,651434,58.97,58.98,58.92,58.92,236,CLZ5
2025-11-13 15:41:00+00:00,33,1,651434,58.92,58.93,58.89,58.93,127,CLZ5
2025-11-13 15:42:00+00:00,33,1,651434,58.92,58.93,58.86,58.87,112,CLZ5
2025-11-13 15:43:00+00:00,33,1,651434,58.87,58.9,58.86,58.89,171,CLZ5
2025-11-13 15:44:00+00:00,33,1,651434,58.89,58.91,58.87,58.88,109,CLZ5
2025-11-13 15:45:00+00:00,33,1,651434,58.89,58.95,58.88,58.92,293,CLZ5
2025-11-13 15:46:00+00:00,33,1,651434,58.92,58.92,58.87,58.89,203,CLZ5
2025-11-13 15:47:00+00:00,33,1,651434,58.88,58.88,58.83,58.84,435,CLZ5
2025-11-13 15:48:00+00:00,33,1,651434,58.83,58.87,58.81,58.83,421,CLZ5
2025-11-13 15:49:00+00:00,33,1,651434,58.83,58.83,58.78,58.8,316,CLZ5
2025-11-13 15:50:00+00:00,33,1,651434,58.8,58.83,58.77,58.82,292,CLZ5
2025-11-13 15:51:00+00:00,33,1,651434,58.81,58.83,58.79,58.83,195,CLZ5
2025-11-13 15:52:00+00:00,33,1,651434,58.83,58.84,58.82,58.84,92,CLZ5
2025-11-13 15:53:00+00:00,33,1,651434,58.84,58.85,58.8,58.83,262,CLZ5
2025-11-13 15:54:00+00:00,33,1,651434,58.84,58.84,58.8,58.8,245,CLZ5
2025-11-13 15:55:00+00:00,33,1,651434,58.81,58.83,58.78,58.82,234,CLZ5
2025-11-13 15:56:00+00:00,33,1,651434,58.82,58.84,58.81,58.81,245,CLZ5
2025-11-13 15:57:00+00:00,33,1,651434,58.81,58.82,58.78,58.8,211,CLZ5
2025-11-13 15:58:00+00:00,33,1,651434,58.8,58.86,58.8,58.84,209,CLZ5
2025-11-13 15:59:00+00:00,33,1,651434,58.84,58.85,58.81,58.83,78,CLZ5
2025-11-13 16:00:00+00:00,33,1,651434,58.82,58.85,58.81,58.83,185,CLZ5
2025-11-13 16:01:00+00:00,33,1,651434,58.82,58.84,58.82,58.84,118,CLZ5
2025-11-13 16:02:00+00:00,33,1,651434,58.85,58.92,58.85,58.87,279,CLZ5
2025-11-13 16:03:00+00:00,33,1,651434,58.87,58.88,58.82,58.83,354,CLZ5
2025-11-13 16:04:00+00:00,33,1,651434,58.83,58.83,58.8,58.82,155,CLZ5
2025-11-13 16:05:00+00:00,33,1,651434,58.83,58.87,58.8,58.82,271,CLZ5
2025-11-13 16:06:00+00:00,33,1,651434,58.81,58.83,58.8,58.81,386,CLZ5
2025-11-13 16:07:00+00:00,33,1,651434,58.81,58.82,58.79,58.81,220,CLZ5
2025-11-13 16:08:00+00:00,33,1,651434,58.81,58.85,58.81,58.85,148,CLZ5
2025-11-13 16:09:00+00:00,33,1,651434,58.84,58.89,58.84,58.86,124,CLZ5
2025-11-13 16:10:00+00:00,33,1,651434,58.86,58.86,58.81,58.85,134,CLZ5
2025-11-13 16:11:00+00:00,33,1,651434,58.85,58.9,58.85,58.9,154,CLZ5
2025-11-13 16:12:00+00:00,33,1,651434,58.89,58.91,58.87,58.87,160,CLZ5
2025-11-13 16:13:00+00:00,33,1,651434,58.88,58.9,58.86,58.87,96,CLZ5
2025-11-13 16:14:00+00:00,33,1,651434,58.88,58.94,58.88,58.92,207,CLZ5
2025-11-13 16:15:00+00:00,33,1,651434,58.92,58.97,58.9,58.95,317,CLZ5
2025-11-13 16:16:00+00:00,33,1,651434,58.94,58.95,58.92,58.92,196,CLZ5
2025-11-13 16:17:00+00:00,33,1,651434,58.93,58.96,58.92,58.95,195,CLZ5
2025-11-13 16:18:00+00:00,33,1,651434,58.94,58.97,58.94,58.95,162,CLZ5
2025-11-13 16:19:00+00:00,33,1,651434,58.95,58.99,58.94,58.97,167,CLZ5
2025-11-13 16:20:00+00:00,33,1,651434,58.97,58.99,58.93,58.98,144,CLZ5
2025-11-13 16:21:00+00:00,33,1,651434,58.98,58.98,58.93,58.94,176,CLZ5
2025-11-13 16:22:00+00:00,33,1,651434,58.94,58.97,58.94,58.97,229,CLZ5
2025-11-13 16:23:00+00:00,33,1,651434,58.97,58.98,58.95,58.96,126,CLZ5
2025-11-13 16:24:00+00:00,33,1,651434,58.96,58.97,58.92,58.94,289,CLZ5
2025-11-13 16:25:00+00:00,33,1,651434,58.94,58.94,58.9,58.9,216,CLZ5
2025-11-13 16:26:00+00:00,33,1,651434,58.9,58.92,58.88,58.9,196,CLZ5
2025-11-13 16:27:00+00:00,33,1,651434,58.9,58.91,58.85,58.9,251,CLZ5
2025-11-13 16:28:00+00:00,33,1,651434,58.91,58.95,58.9,58.94,295,CLZ5
2025-11-13 16:29:00+00:00,33,1,651434,58.94,58.94,58.86,58.91,525,CLZ5
2025-11-13 16:30:00+00:00,33,1,651434,58.91,58.96,58.9,58.95,232,CLZ5
2025-11-13 16:31:00+00:00,33,1,651434,58.94,58.95,58.93,58.93,87,CLZ5
2025-11-13 16:32:00+00:00,33,1,651434,58.92,58.92,58.87,58.88,167,CLZ5
2025-11-13 16:33:00+00:00,33,1,651434,58.89,58.91,58.86,58.88,155,CLZ5
2025-11-13 16:34:00+00:00,33,1,651434,58.88,58.99,58.88,58.94,439,CLZ5
2025-11-13 16:35:00+00:00,33,1,651434,58.94,59.05,58.94,58.96,1266,CLZ5
2025-11-13 16:36:00+00:00,33,1,651434,58.96,59.0,58.93,58.99,495,CLZ5
2025-11-13 16:37:00+00:00,33,1,651434,58.99,59.02,58.98,58.98,207,CLZ5
2025-11-13 16:38:00+00:00,33,1,651434,58.98,58.98,58.92,58.94,275,CLZ5
2025-11-13 16:39:00+00:00,33,1,651434,58.94,58.95,58.92,58.92,162,CLZ5
2025-11-13 16:40:00+00:00,33,1,651434,58.91,59.01,58.91,58.99,426,CLZ5
2025-11-13 16:41:00+00:00,33,1,651434,58.99,59.0,58.98,59.0,111,CLZ5
2025-11-13 16:42:00+00:00,33,1,651434,59.0,59.01,58.98,58.98,82,CLZ5
2025-11-13 16:43:00+00:00,33,1,651434,58.98,59.04,58.98,59.03,483,CLZ5
2025-11-13 16:44:00+00:00,33,1,651434,59.03,59.04,59.01,59.02,115,CLZ5
2025-11-13 16:45:00+00:00,33,1,651434,59.02,59.04,59.0,59.04,248,CLZ5
2025-11-13 16:46:00+00:00,33,1,651434,59.04,59.05,59.02,59.02,289,CLZ5
2025-11-13 16:47:00+00:00,33,1,651434,59.03,59.03,58.98,58.98,319,CLZ5
2025-11-13 16:48:00+00:00,33,1,651434,58.99,58.99,58.94,58.97,170,CLZ5
2025-11-13 16:49:00+00:00,33,1,651434,58.97,59.01,58.97,59.01,226,CLZ5
2025-11-13 16:50:00+00:00,33,1,651434,59.01,59.06,59.01,59.02,526,CLZ5
2025-11-13 16:51:00+00:00,33,1,651434,59.03,59.06,59.02,59.05,192,CLZ5
2025-11-13 16:52:00+00:00,33,1,651434,59.04,59.05,59.0,59.01,195,CLZ5
2025-11-13 16:53:00+00:00,33,1,651434,59.01,59.02,59.0,59.02,104,CLZ5
2025-11-13 16:54:00+00:00,33,1,651434,59.02,59.03,59.0,59.01,225,CLZ5
2025-11-13 16:55:00+00:00,33,1,651434,59.01,59.03,58.97,59.0,314,CLZ5
2025-11-13 16:56:00+00:00,33,1,651434,58.99,59.01,58.99,59.0,102,CLZ5
2025-11-13 16:57:00+00:00,33,1,651434,58.99,59.01,58.99,59.01,90,CLZ5
2025-11-13 16:58:00+00:00,33,1,651434,59.01,59.01,58.98,58.99,164,CLZ5
2025-11-13 16:59:00+00:00,33,1,651434,59.0,59.04,58.99,59.04,175,CLZ5
2025-11-13 17:00:00+00:00,33,1,651434,59.02,59.02,58.87,58.94,1278,CLZ5
2025-11-13 17:01:00+00:00,33,1,651434,58.95,58.95,58.86,58.87,459,CLZ5
2025-11-13 17:02:00+00:00,33,1,651434,58.87,58.91,58.86,58.89,428,CLZ5
2025-11-13 17:03:00+00:00,33,1,651434,58.89,58.92,58.86,58.87,363,CLZ5
2025-11-13 17:04:00+00:00,33,1,651434,58.87,58.92,58.87,58.91,96,CLZ5
2025-11-13 17:05:00+00:00,33,1,651434,58.9,58.92,58.84,58.91,375,CLZ5
2025-11-13 17:06:00+00:00,33,1,651434,58.91,58.94,58.91,58.94,176,CLZ5
2025-11-13 17:07:00+00:00,33,1,651434,58.93,58.95,58.9,58.9,129,CLZ5
2025-11-13 17:08:00+00:00,33,1,651434,58.89,58.9,58.87,58.89,216,CLZ5
2025-11-13 17:09:00+00:00,33,1,651434,58.88,58.89,58.84,58.87,242,CLZ5
2025-11-13 17:10:00+00:00,33,1,651434,58.86,58.9,58.85,58.86,109,CLZ5
2025-11-13 17:11:00+00:00,33,1,651434,58.87,58.88,58.82,58.88,170,CLZ5
2025-11-13 17:12:00+00:00,33,1,651434,58.88,58.93,58.87,58.91,174,CLZ5
2025-11-13 17:13:00+00:00,33,1,651434,58.91,58.92,58.87,58.88,103,CLZ5
2025-11-13 17:14:00+00:00,33,1,651434,58.88,58.91,58.88,58.89,98,CLZ5
2025-11-13 17:15:00+00:00,33,1,651434,58.89,58.91,58.85,58.88,290,CLZ5
2025-11-13 17:16:00+00:00,33,1,651434,58.88,58.9,58.85,58.86,314,CLZ5
2025-11-13 17:17:00+00:00,33,1,651434,58.86,58.89,58.85,58.86,113,CLZ5
2025-11-13 17:18:00+00:00,33,1,651434,58.86,58.87,58.76,58.77,489,CLZ5
2025-11-13 17:19:00+00:00,33,1,651434,58.78,58.8,58.76,58.78,118,CLZ5
2025-11-13 17:20:00+00:00,33,1,651434,58.78,58.79,58.77,58.78,160,CLZ5
2025-11-13 17:21:00+00:00,33,1,651434,58.78,58.85,58.78,58.82,139,CLZ5
2025-11-13 17:22:00+00:00,33,1,651434,58.82,58.88,58.82,58.86,262,CLZ5
2025-11-13 17:23:00+00:00,33,1,651434,58.86,58.91,58.86,58.9,136,CLZ5
2025-11-13 17:24:00+00:00,33,1,651434,58.9,58.92,58.9,58.9,119,CLZ5
2025-11-13 17:25:00+00:00,33,1,651434,58.9,58.9,58.86,58.87,107,CLZ5
2025-11-13 17:26:00+00:00,33,1,651434,58.87,58.89,58.82,58.84,95,CLZ5
2025-11-13 17:27:00+00:00,33,1,651434,58.85,58.86,58.84,58.85,51,CLZ5
2025-11-13 17:28:00+00:00,33,1,651434,58.85,58.86,58.83,58.86,73,CLZ5
2025-11-13 17:29:00+00:00,33,1,651434,58.87,58.88,58.84,58.86,163,CLZ5
2025-11-13 17:30:00+00:00,33,1,651434,58.86,58.89,58.86,58.89,203,CLZ5
2025-11-13 17:31:00+00:00,33,1,651434,58.89,58.91,58.87,58.88,138,CLZ5
2025-11-13 17:32:00+00:00,33,1,651434,58.88,58.9,58.86,58.88,221,CLZ5
2025-11-13 17:33:00+00:00,33,1,651434,58.87,58.89,58.87,58.89,48,CLZ5
2025-11-13 17:34:00+00:00,33,1,651434,58.89,58.9,58.88,58.9,59,CLZ5
2025-11-13 17:35:00+00:00,33,1,651434,58.9,58.9,58.85,58.85,113,CLZ5
2025-11-13 17:36:00+00:00,33,1,651434,58.85,58.91,58.85,58.91,153,CLZ5
2025-11-13 17:37:00+00:00,33,1,651434,58.91,58.91,58.89,58.89,81,CLZ5
2025-11-13 17:38:00+00:00,33,1,651434,58.9,58.91,58.88,58.88,84,CLZ5
2025-11-13 17:39:00+00:00,33,1,651434,58.88,58.9,58.88,58.89,90,CLZ5
2025-11-13 17:40:00+00:00,33,1,651434,58.89,58.9,58.87,58.88,136,CLZ5
2025-11-13 17:41:00+00:00,33,1,651434,58.89,58.9,58.84,58.85,47,CLZ5
2025-11-13 17:42:00+00:00,33,1,651434,58.85,58.88,58.84,58.85,102,CLZ5
2025-11-13 17:43:00+00:00,33,1,651434,58.85,58.86,58.84,58.85,63,CLZ5
2025-11-13 17:44:00+00:00,33,1,651434,58.85,58.87,58.85,58.86,39,CLZ5
2025-11-13 17:45:00+00:00,33,1,651434,58.86,58.87,58.83,58.83,66,CLZ5
2025-11-13 17:46:00+00:00,33,1,651434,58.84,58.92,58.84,58.92,198,CLZ5
2025-11-13 17:47:00+00:00,33,1,651434,58.92,58.92,58.87,58.87,118,CLZ5
2025-11-13 17:48:00+00:00,33,1,651434,58.87,58.89,58.87,58.89,16,CLZ5
2025-11-13 17:49:00+00:00,33,1,651434,58.88,58.89,58.87,58.89,67,CLZ5
2025-11-13 17:50:00+00:00,33,1,651434,58.9,58.9,58.89,58.89,49,CLZ5
2025-11-13 17:51:00+00:00,33,1,651434,58.88,58.88,58.85,58.86,70,CLZ5
2025-11-13 17:52:00+00:00,33,1,651434,58.86,58.9,58.86,58.87,126,CLZ5
2025-11-13 17:53:00+00:00,33,1,651434,58.88,58.88,58.87,58.87,18,CLZ5
2025-11-13 17:54:00+00:00,33,1,651434,58.86,58.88,58.86,58.87,79,CLZ5
2025-11-13 17:55:00+00:00,33,1,651434,58.87,58.88,58.83,58.83,96,CLZ5
2025-11-13 17:56:00+00:00,33,1,651434,58.83,58.86,58.83,58.84,213,CLZ5
2025-11-13 17:57:00+00:00,33,1,651434,58.83,58.84,58.8,58.82,96,CLZ5
2025-11-13 17:58:00+00:00,33,1,651434,58.83,58.86,58.83,58.84,86,CLZ5
2025-11-13 17:59:00+00:00,33,1,651434,58.84,58.86,58.84,58.86,40,CLZ5
2025-11-13 18:00:00+00:00,33,1,651434,58.86,58.86,58.84,58.85,75,CLZ5
2025-11-13 18:01:00+00:00,33,1,651434,58.86,58.87,58.81,58.81,176,CLZ5
2025-11-13 18:02:00+00:00,33,1,651434,58.81,58.84,58.79,58.79,132,CLZ5
2025-11-13 18:03:00+00:00,33,1,651434,58.79,58.8,58.77,58.78,147,CLZ5
2025-11-13 18:04:00+00:00,33,1,651434,58.78,58.8,58.77,58.78,103,CLZ5
2025-11-13 18:05:00+00:00,33,1,651434,58.78,58.83,58.77,58.82,201,CLZ5
2025-11-13 18:06:00+00:00,33,1,651434,58.83,58.9,58.83,58.87,187,CLZ5
2025-11-13 18:07:00+00:00,33,1,651434,58.87,58.87,58.83,58.83,42,CLZ5
2025-11-13 18:08:00+00:00,33,1,651434,58.83,58.85,58.83,58.85,30,CLZ5
2025-11-13 18:09:00+00:00,33,1,651434,58.85,58.85,58.81,58.83,75,CLZ5
2025-11-13 18:10:00+00:00,33,1,651434,58.83,58.85,58.82,58.83,55,CLZ5
2025-11-13 18:11:00+00:00,33,1,651434,58.84,58.87,58.83,58.85,124,CLZ5
2025-11-13 18:12:00+00:00,33,1,651434,58.85,58.85,58.8,58.84,136,CLZ5
2025-11-13 18:13:00+00:00,33,1,651434,58.83,58.83,58.77,58.78,167,CLZ5
2025-11-13 18:14:00+00:00,33,1,651434,58.78,58.79,58.77,58.78,162,CLZ5
2025-11-13 18:15:00+00:00,33,1,651434,58.78,58.82,58.77,58.81,124,CLZ5
2025-11-13 18:16:00+00:00,33,1,651434,58.8,58.8,58.78,58.79,33,CLZ5
2025-11-13 18:17:00+00:00,33,1,651434,58.79,58.8,58.76,58.76,138,CLZ5
2025-11-13 18:18:00+00:00,33,1,651434,58.77,58.8,58.77,58.8,77,CLZ5
2025-11-13 18:19:00+00:00,33,1,651434,58.8,58.82,58.8,58.82,55,CLZ5
2025-11-13 18:20:00+00:00,33,1,651434,58.83,58.83,58.81,58.81,38,CLZ5
2025-11-13 18:21:00+00:00,33,1,651434,58.81,58.81,58.74,58.76,126,CLZ5
2025-11-13 18:22:00+00:00,33,1,651434,58.75,58.78,58.75,58.78,32,CLZ5
2025-11-13 18:23:00+00:00,33,1,651434,58.78,58.8,58.78,58.78,55,CLZ5
2025-11-13 18:24:00+00:00,33,1,651434,58.78,58.78,58.76,58.77,40,CLZ5
2025-11-13 18:25:00+00:00,33,1,651434,58.78,58.78,58.74,58.75,75,CLZ5
2025-11-13 18:26:00+00:00,33,1,651434,58.76,58.79,58.76,58.79,98,CLZ5
2025-11-13 18:27:00+00:00,33,1,651434,58.78,58.79,58.76,58.79,89,CLZ5
2025-11-13 18:28:00+00:00,33,1,651434,58.78,58.79,58.77,58.78,98,CLZ5
2025-11-13 18:29:00+00:00,33,1,651434,58.78,58.8,58.78,58.8,58,CLZ5
2025-11-13 18:30:00+00:00,33,1,651434,58.79,58.8,58.73,58.73,254,CLZ5
2025-11-13 18:31:00+00:00,33,1,651434,58.74,58.75,58.7,58.73,376,CLZ5
2025-11-13 18:32:00+00:00,33,1,651434,58.73,58.74,58.68,58.69,218,CLZ5
2025-11-13 18:33:00+00:00,33,1,651434,58.69,58.71,58.65,58.65,225,CLZ5
2025-11-13 18:34:00+00:00,33,1,651434,58.65,58.66,58.63,58.64,144,CLZ5
2025-11-13 18:35:00+00:00,33,1,651434,58.63,58.65,58.59,58.63,467,CLZ5
2025-11-13 18:36:00+00:00,33,1,651434,58.63,58.64,58.59,58.59,285,CLZ5
2025-11-13 18:37:00+00:00,33,1,651434,58.59,58.6,58.55,58.59,400,CLZ5
2025-11-13 18:38:00+00:00,33,1,651434,58.58,58.6,58.57,58.59,82,CLZ5
2025-11-13 18:39:00+00:00,33,1,651434,58.59,58.6,58.55,58.56,74,CLZ5
2025-11-13 18:40:00+00:00,33,1,651434,58.56,58.58,58.54,58.57,182,CLZ5
2025-11-13 18:41:00+00:00,33,1,651434,58.56,58.61,58.56,58.61,136,CLZ5
2025-11-13 18:42:00+00:00,33,1,651434,58.61,58.63,58.6,58.6,119,CLZ5
2025-11-13 18:43:00+00:00,33,1,651434,58.61,58.64,58.58,58.58,141,CLZ5
2025-11-13 18:44:00+00:00,33,1,651434,58.59,58.61,58.59,58.6,55,CLZ5
2025-11-13 18:45:00+00:00,33,1,651434,58.61,58.66,58.61,58.65,176,CLZ5
2025-11-13 18:46:00+00:00,33,1,651434,58.65,58.66,58.61,58.61,53,CLZ5
2025-11-13 18:47:00+00:00,33,1,651434,58.62,58.63,58.59,58.63,88,CLZ5
2025-11-13 18:48:00+00:00,33,1,651434,58.63,58.65,58.59,58.6,55,CLZ5
2025-11-13 18:49:00+00:00,33,1,651434,58.6,58.63,58.6,58.61,79,CLZ5
2025-11-13 18:50:00+00:00,33,1,651434,58.61,58.64,58.61,58.62,116,CLZ5
2025-11-13 18:51:00+00:00,33,1,651434,58.62,58.65,58.6,58.65,93,CLZ5
2025-11-13 18:52:00+00:00,33,1,651434,58.65,58.66,58.64,58.65,115,CLZ5
2025-11-13 18:53:00+00:00,33,1,651434,58.66,58.67,58.66,58.67,37,CLZ5
2025-11-13 18:54:00+00:00,33,1,651434,58.67,58.69,58.63,58.65,50,CLZ5
2025-11-13 18:55:00+00:00,33,1,651434,58.65,58.66,58.62,58.64,52,CLZ5
2025-11-13 18:56:00+00:00,33,1,651434,58.64,58.67,58.64,58.65,74,CLZ5
2025-11-13 18:57:00+00:00,33,1,651434,58.64,58.65,58.63,58.64,85,CLZ5
2025-11-13 18:58:00+00:00,33,1,651434,58.65,58.68,58.65,58.67,102,CLZ5
2025-11-13 18:59:00+00:00,33,1,651434,58.67,58.68,58.65,58.66,164,CLZ5
2025-11-13 19:00:00+00:00,33,1,651434,58.66,58.72,58.64,58.7,443,CLZ5
2025-11-13 19:01:00+00:00,33,1,651434,58.71,58.73,58.69,58.73,118,CLZ5
2025-11-13 19:02:00+00:00,33,1,651434,58.72,58.74,58.68,58.71,80,CLZ5
2025-11-13 19:03:00+00:00,33,1,651434,58.71,58.71,58.69,58.71,112,CLZ5
2025-11-13 19:04:00+00:00,33,1,651434,58.72,58.72,58.7,58.72,68,CLZ5
2025-11-13 19:05:00+00:00,33,1,651434,58.72,58.76,58.71,58.75,83,CLZ5
2025-11-13 19:06:00+00:00,33,1,651434,58.75,58.78,58.74,58.76,244,CLZ5
2025-11-13 19:07:00+00:00,33,1,651434,58.77,58.77,58.73,58.73,74,CLZ5
2025-11-13 19:08:00+00:00,33,1,651434,58.73,58.73,58.7,58.7,149,CLZ5
2025-11-13 19:09:00+00:00,33,1,651434,58.7,58.73,58.69,58.72,63,CLZ5
2025-11-13 19:10:00+00:00,33,1,651434,58.72,58.74,58.72,58.73,64,CLZ5
2025-11-13 19:11:00+00:00,33,1,651434,58.73,58.75,58.72,58.74,74,CLZ5
2025-11-13 19:12:00+00:00,33,1,651434,58.74,58.74,58.72,58.72,119,CLZ5
2025-11-13 19:13:00+00:00,33,1,651434,58.72,58.73,58.69,58.7,124,CLZ5
2025-11-13 19:14:00+00:00,33,1,651434,58.7,58.7,58.67,58.67,80,CLZ5
2025-11-13 19:15:00+00:00,33,1,651434,58.67,58.67,58.65,58.67,170,CLZ5
2025-11-13 19:16:00+00:00,33,1,651434,58.66,58.68,58.66,58.67,114,CLZ5
2025-11-13 19:17:00+00:00,33,1,651434,58.68,58.68,58.64,58.64,111,CLZ5
2025-11-13 19:18:00+00:00,33,1,651434,58.65,58.69,58.65,58.69,125,CLZ5
2025-11-13 19:19:00+00:00,33,1,651434,58.7,58.73,58.7,58.7,97,CLZ5
2025-11-13 19:20:00+00:00,33,1,651434,58.69,58.7,58.68,58.69,112,CLZ5
2025-11-13 19:21:00+00:00,33,1,651434,58.69,58.72,58.68,58.69,183,CLZ5
2025-11-13 19:22:00+00:00,33,1,651434,58.69,58.7,58.69,58.7,117,CLZ5
2025-11-13 19:23:00+00:00,33,1,651434,58.7,58.73,58.7,58.71,90,CLZ5
2025-11-13 19:24:00+00:00,33,1,651434,58.71,58.72,58.68,58.7,140,CLZ5
2025-11-13 19:25:00+00:00,33,1,651434,58.7,58.74,58.69,58.7,556,CLZ5
2025-11-13 19:26:00+00:00,33,1,651434,58.7,58.7,58.59,58.61,939,CLZ5
2025-11-13 19:27:00+00:00,33,1,651434,58.61,58.64,58.54,58.56,1039,CLZ5
2025-11-13 19:28:00+00:00,33,1,651434,58.55,58.71,58.53,58.7,1915,CLZ5
2025-11-13 19:29:00+00:00,33,1,651434,58.69,58.75,58.69,58.74,2155,CLZ5
2025-11-13 19:30:00+00:00,33,1,651434,58.74,58.78,58.73,58.77,281,CLZ5
2025-11-13 19:31:00+00:00,33,1,651434,58.76,58.78,58.74,58.74,352,CLZ5
2025-11-13 19:32:00+00:00,33,1,651434,58.75,58.79,58.75,58.76,161,CLZ5
2025-11-13 19:33:00+00:00,33,1,651434,58.76,58.82,58.76,58.81,116,CLZ5
2025-11-13 19:34:00+00:00,33,1,651434,58.81,58.84,58.81,58.82,154,CLZ5
2025-11-13 19:35:00+00:00,33,1,651434,58.82,58.84,58.81,58.83,134,CLZ5
2025-11-13 19:36:00+00:00,33,1,651434,58.82,58.84,58.77,58.77,52,CLZ5
2025-11-13 19:37:00+00:00,33,1,651434,58.77,58.78,58.76,58.77,58,CLZ5
2025-11-13 19:38:00+00:00,33,1,651434,58.76,58.76,58.71,58.73,95,CLZ5
2025-11-13 19:39:00+00:00,33,1,651434,58.73,58.75,58.72,58.74,43,CLZ5
2025-11-13 19:40:00+00:00,33,1,651434,58.74,58.74,58.71,58.73,95,CLZ5
2025-11-13 19:41:00+00:00,33,1,651434,58.73,58.73,58.72,58.72,34,CLZ5
2025-11-13 19:42:00+00:00,33,1,651434,58.71,58.73,58.69,58.73,67,CLZ5
2025-11-13 19:43:00+00:00,33,1,651434,58.73,58.75,58.73,58.75,47,CLZ5
2025-11-13 19:44:00+00:00,33,1,651434,58.76,58.76,58.73,58.74,42,CLZ5
2025-11-13 19:45:00+00:00,33,1,651434,58.75,58.77,58.75,58.75,35,CLZ5
2025-11-13 19:46:00+00:00,33,1,651434,58.75,58.75,58.74,58.75,72,CLZ5
2025-11-13 19:47:00+00:00,33,1,651434,58.75,58.76,58.74,58.75,27,CLZ5
2025-11-13 19:48:00+00:00,33,1,651434,58.74,58.74,58.72,58.72,17,CLZ5
2025-11-13 19:49:00+00:00,33,1,651434,58.73,58.76,58.73,58.75,71,CLZ5
2025-11-13 19:50:00+00:00,33,1,651434,58.74,58.78,58.74,58.76,23,CLZ5
2025-11-13 19:51:00+00:00,33,1,651434,58.75,58.77,58.74,58.77,33,CLZ5
2025-11-13 19:52:00+00:00,33,1,651434,58.77,58.77,58.76,58.76,10,CLZ5
2025-11-13 19:53:00+00:00,33,1,651434,58.75,58.8,58.75,58.79,173,CLZ5
2025-11-13 19:54:00+00:00,33,1,651434,58.78,58.78,58.77,58.77,29,CLZ5
2025-11-13 19:55:00+00:00,33,1,651434,58.76,58.76,58.71,58.73,44,CLZ5
2025-11-13 19:56:00+00:00,33,1,651434,58.74,58.74,58.74,58.74,3,CLZ5
2025-11-13 19:57:00+00:00,33,1,651434,58.74,58.74,58.74,58.74,5,CLZ5
2025-11-13 19:58:00+00:00,33,1,651434,58.73,58.73,58.73,58.73,5,CLZ5
2025-11-13 19:59:00+00:00,33,1,651434,58.72,58.77,58.72,58.77,48,CLZ5
2025-11-13 20:00:00+00:00,33,1,651434,58.75,58.77,58.75,58.77,34,CLZ5
2025-11-13 20:01:00+00:00,33,1,651434,58.76,58.76,58.75,58.75,25,CLZ5
2025-11-13 20:02:00+00:00,33,1,651434,58.74,58.74,58.72,58.73,94,CLZ5
2025-11-13 20:03:00+00:00,33,1,651434,58.73,58.75,58.73,58.75,41,CLZ5
2025-11-13 20:04:00+00:00,33,1,651434,58.75,58.75,58.73,58.73,183,CLZ5
2025-11-13 20:05:00+00:00,33,1,651434,58.72,58.72,58.69,58.71,94,CLZ5
2025-11-13 20:06:00+00:00,33,1,651434,58.71,58.72,58.71,58.71,16,CLZ5
2025-11-13 20:07:00+00:00,33,1,651434,58.71,58.72,58.7,58.72,114,CLZ5
2025-11-13 20:08:00+00:00,33,1,651434,58.72,58.74,58.72,58.74,17,CLZ5
2025-11-13 20:09:00+00:00,33,1,651434,58.73,58.73,58.73,58.73,3,CLZ5
2025-11-13 20:10:00+00:00,33,1,651434,58.74,58.74,58.72,58.72,22,CLZ5
2025-11-13 20:11:00+00:00,33,1,651434,58.71,58.72,58.71,58.72,10,CLZ5
2025-11-13 20:12:00+00:00,33,1,651434,58.71,58.71,58.69,58.69,25,CLZ5
2025-11-13 20:13:00+00:00,33,1,651434,58.69,58.71,58.68,58.68,77,CLZ5
2025-11-13 20:14:00+00:00,33,1,651434,58.68,58.69,58.68,58.69,32,CLZ5
2025-11-13 20:15:00+00:00,33,1,651434,58.7,58.71,58.68,58.68,43,CLZ5
2025-11-13 20:16:00+00:00,33,1,651434,58.69,58.7,58.69,58.7,13,CLZ5
2025-11-13 20:17:00+00:00,33,1,651434,58.7,58.72,58.69,58.71,56,CLZ5
2025-11-13 20:18:00+00:00,33,1,651434,58.71,58.71,58.7,58.71,18,CLZ5
2025-11-13 20:19:00+00:00,33,1,651434,58.71,58.71,58.69,58.69,22,CLZ5
2025-11-13 20:20:00+00:00,33,1,651434,58.69,58.7,58.68,58.68,41,CLZ5
2025-11-13 20:21:00+00:00,33,1,651434,58.68,58.68,58.67,58.67,37,CLZ5
2025-11-13 20:22:00+00:00,33,1,651434,58.67,58.67,58.66,58.66,19,CLZ5
2025-11-13 20:23:00+00:00,33,1,651434,58.66,58.67,58.66,58.67,22,CLZ5
2025-11-13 20:24:00+00:00,33,1,651434,58.67,58.67,58.66,58.67,22,CLZ5
2025-11-13 20:25:00+00:00,33,1,651434,58.68,58.68,58.67,58.68,15,CLZ5
2025-11-13 20:26:00+00:00,33,1,651434,58.68,58.68,58.68,58.68,7,CLZ5
2025-11-13 20:27:00+00:00,33,1,651434,58.68,58.69,58.67,58.69,11,CLZ5
2025-11-13 20:28:00+00:00,33,1,651434,58.7,58.7,58.68,58.69,8,CLZ5
2025-11-13 20:29:00+00:00,33,1,651434,58.7,58.7,58.68,58.69,16,CLZ5
2025-11-13 20:30:00+00:00,33,1,651434,58.7,58.71,58.68,58.68,31,CLZ5
2025-11-13 20:31:00+00:00,33,1,651434,58.68,58.68,58.67,58.68,7,CLZ5
2025-11-13 20:32:00+00:00,33,1,651434,58.69,58.7,58.69,58.7,16,CLZ5
2025-11-13 20:33:00+00:00,33,1,651434,58.7,58.7,58.68,58.69,46,CLZ5
2025-11-13 20:34:00+00:00,33,1,651434,58.7,58.7,58.69,58.69,16,CLZ5
2025-11-13 20:35:00+00:00,33,1,651434,58.7,58.71,58.7,58.71,12,CLZ5
2025-11-13 20:36:00+00:00,33,1,651434,58.72,58.73,58.69,58.71,71,CLZ5
2025-11-13 20:37:00+00:00,33,1,651434,58.72,58.72,58.71,58.71,13,CLZ5
2025-11-13 20:38:00+00:00,33,1,651434,58.71,58.75,58.71,58.74,75,CLZ5
2025-11-13 20:39:00+00:00,33,1,651434,58.74,58.74,58.72,58.73,14,CLZ5
2025-11-13 20:40:00+00:00,33,1,651434,58.73,58.73,58.71,58.72,12,CLZ5
2025-11-13 20:41:00+00:00,33,1,651434,58.72,58.72,58.69,58.69,25,CLZ5
2025-11-13 20:42:00+00:00,33,1,651434,58.69,58.7,58.68,58.69,14,CLZ5
2025-11-13 20:43:00+00:00,33,1,651434,58.69,58.69,58.69,58.69,29,CLZ5
2025-11-13 20:44:00+00:00,33,1,651434,58.68,58.68,58.68,58.68,9,CLZ5
2025-11-13 20:45:00+00:00,33,1,651434,58.68,58.68,58.65,58.65,36,CLZ5
2025-11-13 20:46:00+00:00,33,1,651434,58.66,58.66,58.64,58.64,32,CLZ5
2025-11-13 20:47:00+00:00,33,1,651434,58.65,58.65,58.63,58.63,18,CLZ5
2025-11-13 20:48:00+00:00,33,1,651434,58.63,58.66,58.63,58.63,60,CLZ5
2025-11-13 20:49:00+00:00,33,1,651434,58.63,58.63,58.62,58.62,20,CLZ5
2025-11-13 20:50:00+00:00,33,1,651434,58.62,58.65,58.61,58.65,85,CLZ5
2025-11-13 20:51:00+00:00,33,1,651434,58.64,58.64,58.62,58.62,36,CLZ5
2025-11-13 20:52:00+00:00,33,1,651434,58.62,58.62,58.61,58.61,14,CLZ5
2025-11-13 20:53:00+00:00,33,1,651434,58.61,58.61,58.58,58.59,86,CLZ5
2025-11-13 20:54:00+00:00,33,1,651434,58.58,58.59,58.57,58.57,44,CLZ5
2025-11-13 20:55:00+00:00,33,1,651434,58.58,58.59,58.57,58.58,47,CLZ5
2025-11-13 20:56:00+00:00,33,1,651434,58.57,58.58,58.57,58.57,62,CLZ5
2025-11-13 20:57:00+00:00,33,1,651434,58.58,58.6,58.57,58.59,33,CLZ5
2025-11-13 20:58:00+00:00,33,1,651434,58.59,58.6,58.59,58.6,80,CLZ5
2025-11-13 20:59:00+00:00,33,1,651434,58.6,58.61,58.59,58.61,94,CLZ5
2025-11-13 21:00:00+00:00,33,1,651434,58.61,58.64,58.6,58.64,95,CLZ5
2025-11-13 21:01:00+00:00,33,1,651434,58.64,58.65,58.63,58.65,30,CLZ5
2025-11-13 21:02:00+00:00,33,1,651434,58.66,58.67,58.66,58.67,19,CLZ5
2025-11-13 21:03:00+00:00,33,1,651434,58.68,58.68,58.68,58.68,10,CLZ5
2025-11-13 21:04:00+00:00,33,1,651434,58.67,58.68,58.67,58.67,20,CLZ5
2025-11-13 21:05:00+00:00,33,1,651434,58.68,58.69,58.68,58.69,14,CLZ5
2025-11-13 21:06:00+00:00,33,1,651434,58.68,58.68,58.68,58.68,4,CLZ5
2025-11-13 21:07:00+00:00,33,1,651434,58.68,58.68,58.67,58.67,6,CLZ5
2025-11-13 21:08:00+00:00,33,1,651434,58.67,58.67,58.67,58.67,3,CLZ5
2025-11-13 21:09:00+00:00,33,1,651434,58.67,58.67,58.66,58.67,25,CLZ5
2025-11-13 21:10:00+00:00,33,1,651434,58.68,58.68,58.67,58.67,6,CLZ5
2025-11-13 21:11:00+00:00,33,1,651434,58.68,58.69,58.67,58.68,18,CLZ5
2025-11-13 21:12:00+00:00,33,1,651434,58.68,58.68,58.68,58.68,10,CLZ5
2025-11-13 21:13:00+00:00,33,1,651434,58.68,58.69,58.66,58.66,80,CLZ5
2025-11-13 21:14:00+00:00,33,1,651434,58.66,58.66,58.65,58.66,23,CLZ5
2025-11-13 21:15:00+00:00,33,1,651434,58.66,58.67,58.66,58.67,19,CLZ5
2025-11-13 21:16:00+00:00,33,1,651434,58.67,58.68,58.67,58.67,21,CLZ5
2025-11-13 21:17:00+00:00,33,1,651434,58.67,58.68,58.67,58.68,15,CLZ5
2025-11-13 21:18:00+00:00,33,1,651434,58.68,58.69,58.68,58.68,36,CLZ5
2025-11-13 21:19:00+00:00,33,1,651434,58.68,58.69,58.68,58.68,20,CLZ5
2025-11-13 21:20:00+00:00,33,1,651434,58.67,58.68,58.67,58.67,3,CLZ5
2025-11-13 21:21:00+00:00,33,1,651434,58.66,58.66,58.66,58.66,9,CLZ5
2025-11-13 21:22:00+00:00,33,1,651434,58.66,58.67,58.65,58.67,23,CLZ5
2025-11-13 21:23:00+00:00,33,1,651434,58.67,58.67,58.66,58.66,16,CLZ5
2025-11-13 21:24:00+00:00,33,1,651434,58.66,58.68,58.66,58.68,26,CLZ5
2025-11-13 21:25:00+00:00,33,1,651434,58.67,58.68,58.67,58.68,6,CLZ5
2025-11-13 21:26:00+00:00,33,1,651434,58.68,58.68,58.68,58.68,10,CLZ5
2025-11-13 21:27:00+00:00,33,1,651434,58.68,58.68,58.68,58.68,2,CLZ5
2025-11-13 21:28:00+00:00,33,1,651434,58.68,58.68,58.68,58.68,1,CLZ5
2025-11-13 21:29:00+00:00,33,1,651434,58.68,58.68,58.67,58.67,27,CLZ5
2025-11-13 21:30:00+00:00,33,1,651434,58.67,58.68,58.64,58.64,107,CLZ5
2025-11-13 21:31:00+00:00,33,1,651434,58.64,58.64,58.63,58.64,13,CLZ5
2025-11-13 21:32:00+00:00,33,1,651434,58.64,58.64,58.64,58.64,4,CLZ5
2025-11-13 21:33:00+00:00,33,1,651434,58.63,58.64,58.62,58.64,39,CLZ5
2025-11-13 21:34:00+00:00,33,1,651434,58.65,58.69,58.65,58.69,85,CLZ5
2025-11-13 21:35:00+00:00,33,1,651434,58.69,58.7,58.67,58.68,30,CLZ5
2025-11-13 21:36:00+00:00,33,1,651434,58.68,58.69,58.67,58.69,15,CLZ5
2025-11-13 21:37:00+00:00,33,1,651434,58.68,58.69,58.68,58.69,24,CLZ5
2025-11-13 21:38:00+00:00,33,1,651434,58.68,58.69,58.67,58.68,27,CLZ5
2025-11-13 21:39:00+00:00,33,1,651434,58.68,58.68,58.68,58.68,1,CLZ5
2025-11-13 21:40:00+00:00,33,1,651434,58.69,58.69,58.69,58.69,2,CLZ5
2025-11-13 21:41:00+00:00,33,1,651434,58.68,58.69,58.68,58.69,7,CLZ5
2025-11-13 21:42:00+00:00,33,1,651434,58.68,58.71,58.68,58.69,21,CLZ5
2025-11-13 21:43:00+00:00,33,1,651434,58.7,58.71,58.69,58.71,19,CLZ5
2025-11-13 21:44:00+00:00,33,1,651434,58.71,58.72,58.7,58.7,19,CLZ5
2025-11-13 21:45:00+00:00,33,1,651434,58.7,58.7,58.69,58.7,13,CLZ5
2025-11-13 21:46:00+00:00,33,1,651434,58.7,58.7,58.7,58.7,2,CLZ5
2025-11-13 21:47:00+00:00,33,1,651434,58.7,58.7,58.68,58.69,25,CLZ5
2025-11-13 21:48:00+00:00,33,1,651434,58.69,58.69,58.63,58.64,46,CLZ5
2025-11-13 21:49:00+00:00,33,1,651434,58.64,58.64,58.64,58.64,7,CLZ5
2025-11-13 21:50:00+00:00,33,1,651434,58.63,58.65,58.61,58.64,116,CLZ5
2025-11-13 21:51:00+00:00,33,1,651434,58.63,58.63,58.62,58.63,24,CLZ5
2025-11-13 21:52:00+00:00,33,1,651434,58.64,58.64,58.63,58.63,4,CLZ5
2025-11-13 21:53:00+00:00,33,1,651434,58.63,58.63,58.58,58.62,138,CLZ5
2025-11-13 21:54:00+00:00,33,1,651434,58.62,58.62,58.61,58.62,24,CLZ5
2025-11-13 21:55:00+00:00,33,1,651434,58.61,58.62,58.6,58.61,15,CLZ5
2025-11-13 21:56:00+00:00,33,1,651434,58.62,58.63,58.61,58.63,29,CLZ5
2025-11-13 21:57:00+00:00,33,1,651434,58.62,58.62,58.62,58.62,5,CLZ5
2025-11-13 21:58:00+00:00,33,1,651434,58.62,58.62,58.62,58.62,16,CLZ5
2025-11-13 21:59:00+00:00,33,1,651434,58.61,58.61,58.6,58.6,63,CLZ5
2025-11-13 23:00:00+00:00,33,1,651434,58.71,58.74,58.71,58.73,67,CLZ5
2025-11-13 23:01:00+00:00,33,1,651434,58.72,58.75,58.72,58.74,23,CLZ5
2025-11-13 23:02:00+00:00,33,1,651434,58.75,58.76,58.74,58.74,14,CLZ5
2025-11-13 23:03:00+00:00,33,1,651434,58.74,58.74,58.74,58.74,2,CLZ5
2025-11-13 23:04:00+00:00,33,1,651434,58.75,58.76,58.74,58.75,24,CLZ5
2025-11-13 23:05:00+00:00,33,1,651434,58.74,58.76,58.74,58.76,7,CLZ5
2025-11-13 23:06:00+00:00,33,1,651434,58.76,58.76,58.76,58.76,1,CLZ5
2025-11-13 23:07:00+00:00,33,1,651434,58.77,58.84,58.77,58.83,173,CLZ5
2025-11-13 23:08:00+00:00,33,1,651434,58.82,58.82,58.8,58.8,34,CLZ5
2025-11-13 23:09:00+00:00,33,1,651434,58.79,58.79,58.79,58.79,5,CLZ5
2025-11-13 23:10:00+00:00,33,1,651434,58.79,58.79,58.79,58.79,5,CLZ5
2025-11-13 23:11:00+00:00,33,1,651434,58.79,58.79,58.79,58.79,10,CLZ5
2025-11-13 23:12:00+00:00,33,1,651434,58.78,58.78,58.78,58.78,1,CLZ5
2025-11-13 23:13:00+00:00,33,1,651434,58.79,58.8,58.79,58.8,14,CLZ5
2025-11-13 23:14:00+00:00,33,1,651434,58.8,58.8,58.8,58.8,1,CLZ5
2025-11-13 23:15:00+00:00,33,1,651434,58.81,58.85,58.81,58.83,85,CLZ5
2025-11-13 23:16:00+00:00,33,1,651434,58.83,58.85,58.82,58.83,28,CLZ5
2025-11-13 23:17:00+00:00,33,1,651434,58.84,58.84,58.84,58.84,4,CLZ5
2025-11-13 23:18:00+00:00,33,1,651434,58.85,58.86,58.85,58.86,20,CLZ5
2025-11-13 23:19:00+00:00,33,1,651434,58.86,58.87,58.86,58.87,24,CLZ5
2025-11-13 23:20:00+00:00,33,1,651434,58.87,58.87,58.87,58.87,6,CLZ5
2025-11-13 23:21:00+00:00,33,1,651434,58.86,58.87,58.86,58.86,9,CLZ5
2025-11-13 23:22:00+00:00,33,1,651434,58.87,58.87,58.87,58.87,2,CLZ5
2025-11-13 23:23:00+00:00,33,1,651434,58.87,58.89,58.87,58.89,15,CLZ5
2025-11-13 23:24:00+00:00,33,1,651434,58.88,58.89,58.88,58.88,15,CLZ5
2025-11-13 23:25:00+00:00,33,1,651434,58.89,58.89,58.89,58.89,6,CLZ5
2025-11-13 23:26:00+00:00,33,1,651434,58.9,58.9,58.89,58.9,80,CLZ5
2025-11-13 23:27:00+00:00,33,1,651434,58.89,58.89,58.88,58.88,3,CLZ5
2025-11-13 23:28:00+00:00,33,1,651434,58.88,58.9,58.88,58.88,12,CLZ5
2025-11-13 23:29:00+00:00,33,1,651434,58.9,58.9,58.89,58.89,11,CLZ5
2025-11-13 23:30:00+00:00,33,1,651434,58.9,58.93,58.9,58.93,34,CLZ5
2025-11-13 23:31:00+00:00,33,1,651434,58.93,58.96,58.93,58.96,25,CLZ5
2025-11-13 23:32:00+00:00,33,1,651434,58.96,58.96,58.92,58.94,26,CLZ5
2025-11-13 23:33:00+00:00,33,1,651434,58.95,58.98,58.95,58.97,16,CLZ5
2025-11-13 23:34:00+00:00,33,1,651434,58.96,58.97,58.93,58.95,72,CLZ5
2025-11-13 23:35:00+00:00,33,1,651434,58.93,58.94,58.91,58.91,22,CLZ5
2025-11-13 23:36:00+00:00,33,1,651434,58.91,58.91,58.9,58.91,42,CLZ5
2025-11-13 23:37:00+00:00,33,1,651434,58.91,58.91,58.89,58.89,10,CLZ5
2025-11-13 23:38:00+00:00,33,1,651434,58.88,58.94,58.88,58.94,40,CLZ5
2025-11-13 23:39:00+00:00,33,1,651434,58.91,58.91,58.89,58.89,12,CLZ5
2025-11-13 23:40:00+00:00,33,1,651434,58.89,58.93,58.89,58.93,10,CLZ5
2025-11-13 23:41:00+00:00,33,1,651434,58.93,58.93,58.9,58.9,5,CLZ5
2025-11-13 23:42:00+00:00,33,1,651434,58.91,58.92,58.91,58.92,11,CLZ5
2025-11-13 23:43:00+00:00,33,1,651434,58.93,58.96,58.93,58.96,12,CLZ5
2025-11-13 23:44:00+00:00,33,1,651434,58.95,58.97,58.95,58.96,28,CLZ5
2025-11-13 23:45:00+00:00,33,1,651434,58.96,58.97,58.95,58.96,131,CLZ5
2025-11-13 23:46:00+00:00,33,1,651434,58.96,58.97,58.96,58.97,51,CLZ5
2025-11-13 23:47:00+00:00,33,1,651434,58.97,58.97,58.97,58.97,3,CLZ5
2025-11-13 23:48:00+00:00,33,1,651434,58.97,59.0,58.97,58.98,100,CLZ5
2025-11-13 23:49:00+00:00,33,1,651434,58.99,59.01,58.99,59.01,21,CLZ5
2025-11-13 23:50:00+00:00,33,1,651434,59.0,59.03,59.0,59.01,59,CLZ5
2025-11-13 23:51:00+00:00,33,1,651434,59.01,59.01,58.98,58.98,59,CLZ5
2025-11-13 23:52:00+00:00,33,1,651434,58.98,58.98,58.98,58.98,2,CLZ5
2025-11-13 23:53:00+00:00,33,1,651434,58.97,58.97,58.96,58.97,12,CLZ5
2025-11-13 23:55:00+00:00,33,1,651434,58.97,58.99,58.97,58.99,9,CLZ5
2025-11-13 23:56:00+00:00,33,1,651434,58.99,58.99,58.98,58.98,13,CLZ5
2025-11-13 23:57:00+00:00,33,1,651434,58.97,58.99,58.97,58.99,9,CLZ5
2025-11-13 23:58:00+00:00,33,1,651434,59.0,59.01,58.98,59.01,25,CLZ5
2025-11-13 23:59:00+00:00,33,1,651434,59.0,59.0,58.99,58.99,14,CLZ5
2025-11-14 00:00:00+00:00,33,1,651434,58.98,58.99,58.97,58.99,13,CLZ5
2025-11-14 00:01:00+00:00,33,1,651434,58.99,58.99,58.98,58.99,8,CLZ5
2025-11-14 00:02:00+00:00,33,1,651434,58.98,59.0,58.98,59.0,21,CLZ5
2025-11-14 00:03:00+00:00,33,1,651434,58.99,59.0,58.99,58.99,13,CLZ5
2025-11-14 00:04:00+00:00,33,1,651434,59.0,59.04,59.0,59.04,29,CLZ5
2025-11-14 00:05:00+00:00,33,1,651434,59.03,59.03,59.02,59.03,25,CLZ5
2025-11-14 00:06:00+00:00,33,1,651434,59.04,59.04,59.02,59.02,33,CLZ5
2025-11-14 00:07:00+00:00,33,1,651434,59.02,59.02,59.02,59.02,1,CLZ5
2025-11-14 00:09:00+00:00,33,1,651434,59.01,59.01,59.01,59.01,3,CLZ5
2025-11-14 00:10:00+00:00,33,1,651434,59.0,59.01,58.98,58.98,18,CLZ5
2025-11-14 00:11:00+00:00,33,1,651434,58.98,58.98,58.98,58.98,23,CLZ5
2025-11-14 00:12:00+00:00,33,1,651434,58.97,58.97,58.97,58.97,2,CLZ5
2025-11-14 00:13:00+00:00,33,1,651434,58.98,59.05,58.98,59.03,139,CLZ5
2025-11-14 00:14:00+00:00,33,1,651434,59.02,59.02,59.02,59.02,1,CLZ5
2025-11-14 00:15:00+00:00,33,1,651434,59.01,59.04,59.01,59.03,15,CLZ5
2025-11-14 00:16:00+00:00,33,1,651434,59.03,59.05,59.03,59.05,20,CLZ5
2025-11-14 00:17:00+00:00,33,1,651434,59.05,59.05,59.03,59.03,17,CLZ5
2025-11-14 00:18:00+00:00,33,1,651434,59.04,59.09,59.04,59.09,54,CLZ5
2025-11-14 00:19:00+00:00,33,1,651434,59.08,59.1,59.07,59.08,67,CLZ5
2025-11-14 00:20:00+00:00,33,1,651434,59.08,59.1,59.08,59.09,21,CLZ5
2025-11-14 00:21:00+00:00,33,1,651434,59.08,59.08,59.08,59.08,9,CLZ5
2025-11-14 00:22:00+00:00,33,1,651434,59.08,59.08,59.05,59.08,42,CLZ5
2025-11-14 00:23:00+00:00,33,1,651434,59.06,59.06,59.05,59.05,4,CLZ5
2025-11-14 00:24:00+00:00,33,1,651434,59.05,59.09,59.05,59.09,63,CLZ5
2025-11-14 00:25:00+00:00,33,1,651434,59.1,59.1,59.08,59.08,29,CLZ5
2025-11-14 00:26:00+00:00,33,1,651434,59.09,59.09,59.07,59.08,31,CLZ5
2025-11-14 00:27:00+00:00,33,1,651434,59.07,59.08,59.07,59.08,31,CLZ5
2025-11-14 00:28:00+00:00,33,1,651434,59.08,59.11,59.07,59.11,128,CLZ5
2025-11-14 00:29:00+00:00,33,1,651434,59.11,59.13,59.1,59.13,74,CLZ5
2025-11-14 00:30:00+00:00,33,1,651434,59.12,59.15,59.11,59.14,31,CLZ5
2025-11-14 00:31:00+00:00,33,1,651434,59.14,59.14,59.13,59.13,6,CLZ5
2025-11-14 00:32:00+00:00,33,1,651434,59.13,59.13,59.11,59.12,13,CLZ5
2025-11-14 00:33:00+00:00,33,1,651434,59.11,59.15,59.11,59.15,44,CLZ5
2025-11-14 00:34:00+00:00,33,1,651434,59.15,59.23,59.15,59.19,326,CLZ5
2025-11-14 00:35:00+00:00,33,1,651434,59.17,59.17,59.15,59.15,57,CLZ5
2025-11-14 00:36:00+00:00,33,1,651434,59.16,59.16,59.15,59.15,35,CLZ5
2025-11-14 00:37:00+00:00,33,1,651434,59.14,59.15,59.12,59.12,26,CLZ5
2025-11-14 00:38:00+00:00,33,1,651434,59.13,59.2,59.12,59.18,147,CLZ5
2025-11-14 00:39:00+00:00,33,1,651434,59.17,59.17,59.14,59.15,24,CLZ5
2025-11-14 00:40:00+00:00,33,1,651434,59.15,59.16,59.12,59.15,24,CLZ5
2025-11-14 00:41:00+00:00,33,1,651434,59.15,59.15,59.12,59.12,23,CLZ5
2025-11-14 00:42:00+00:00,33,1,651434,59.13,59.13,59.12,59.12,3,CLZ5
2025-11-14 00:43:00+00:00,33,1,651434,59.11,59.11,59.09,59.1,27,CLZ5
2025-11-14 00:44:00+00:00,33,1,651434,59.1,59.11,59.09,59.11,7,CLZ5
2025-11-14 00:45:00+00:00,33,1,651434,59.11,59.11,59.11,59.11,6,CLZ5
2025-11-14 00:46:00+00:00,33,1,651434,59.1,59.11,59.09,59.1,17,CLZ5
2025-11-14 00:47:00+00:00,33,1,651434,59.09,59.09,59.05,59.05,34,CLZ5
2025-11-14 00:48:00+00:00,33,1,651434,59.05,59.05,59.01,59.03,58,CLZ5
2025-11-14 00:49:00+00:00,33,1,651434,59.02,59.06,59.02,59.03,38,CLZ5
2025-11-14 00:50:00+00:00,33,1,651434,59.03,59.05,59.03,59.04,38,CLZ5
2025-11-14 00:51:00+00:00,33,1,651434,59.05,59.05,59.03,59.04,9,CLZ5
2025-11-14 00:52:00+00:00,33,1,651434,59.04,59.07,59.04,59.05,22,CLZ5
2025-11-14 00:53:00+00:00,33,1,651434,59.04,59.05,59.04,59.05,11,CLZ5
2025-11-14 00:54:00+00:00,33,1,651434,59.05,59.14,59.05,59.1,104,CLZ5
2025-11-14 00:55:00+00:00,33,1,651434,59.1,59.1,59.07,59.07,6,CLZ5
2025-11-14 00:56:00+00:00,33,1,651434,59.07,59.07,59.07,59.07,1,CLZ5
2025-11-14 00:57:00+00:00,33,1,651434,59.08,59.14,59.07,59.12,184,CLZ5
2025-11-14 00:58:00+00:00,33,1,651434,59.12,59.12,59.11,59.12,24,CLZ5
2025-11-14 00:59:00+00:00,33,1,651434,59.12,59.12,59.1,59.1,8,CLZ5
2025-11-14 01:00:00+00:00,33,1,651434,59.09,59.19,59.07,59.17,738,CLZ5
2025-11-14 01:01:00+00:00,33,1,651434,59.18,59.26,59.17,59.22,430,CLZ5
2025-11-14 01:02:00+00:00,33,1,651434,59.22,59.31,59.22,59.27,313,CLZ5
2025-11-14 01:03:00+00:00,33,1,651434,59.28,59.28,59.18,59.23,136,CLZ5
2025-11-14 01:04:00+00:00,33,1,651434,59.23,59.27,59.21,59.25,199,CLZ5
2025-11-14 01:05:00+00:00,33,1,651434,59.25,59.28,59.21,59.25,151,CLZ5
2025-11-14 01:06:00+00:00,33,1,651434,59.25,59.37,59.23,59.35,291,CLZ5
2025-11-14 01:07:00+00:00,33,1,651434,59.35,59.38,59.34,59.36,135,CLZ5
2025-11-14 01:08:00+00:00,33,1,651434,59.36,59.38,59.29,59.32,196,CLZ5
2025-11-14 01:09:00+00:00,33,1,651434,59.31,59.37,59.3,59.37,178,CLZ5
2025-11-14 01:10:00+00:00,33,1,651434,59.37,59.39,59.37,59.38,169,CLZ5
2025-11-14 01:11:00+00:00,33,1,651434,59.39,59.39,59.32,59.33,76,CLZ5
2025-11-14 01:12:00+00:00,33,1,651434,59.34,59.36,59.31,59.35,82,CLZ5
2025-11-14 01:13:00+00:00,33,1,651434,59.36,59.42,59.35,59.41,176,CLZ5
2025-11-14 01:14:00+00:00,33,1,651434,59.41,59.43,59.41,59.41,149,CLZ5
2025-11-14 01:15:00+00:00,33,1,651434,59.41,59.45,59.37,59.44,305,CLZ5
2025-11-14 01:16:00+00:00,33,1,651434,59.43,59.48,59.43,59.47,224,CLZ5
2025-11-14 01:17:00+00:00,33,1,651434,59.46,59.55,59.45,59.52,867,CLZ5
2025-11-14 01:18:00+00:00,33,1,651434,59.51,59.56,59.5,59.55,222,CLZ5
2025-11-14 01:19:00+00:00,33,1,651434,59.55,59.56,59.53,59.55,146,CLZ5
2025-11-14 01:20:00+00:00,33,1,651434,59.55,59.56,59.51,59.52,87,CLZ5
2025-11-14 01:21:00+00:00,33,1,651434,59.51,59.59,59.46,59.59,833,CLZ5
2025-11-14 01:22:00+00:00,33,1,651434,59.59,59.65,59.59,59.61,390,CLZ5
2025-11-14 01:23:00+00:00,33,1,651434,59.61,59.62,59.59,59.59,72,CLZ5
2025-11-14 01:24:00+00:00,33,1,651434,59.58,59.62,59.58,59.6,88,CLZ5
2025-11-14 01:25:00+00:00,33,1,651434,59.6,59.62,59.58,59.62,56,CLZ5
2025-11-14 01:26:00+00:00,33,1,651434,59.63,59.69,59.62,59.67,205,CLZ5
2025-11-14 01:27:00+00:00,33,1,651434,59.68,59.72,59.65,59.71,225,CLZ5
2025-11-14 01:28:00+00:00,33,1,651434,59.71,59.8,59.69,59.79,1084,CLZ5
2025-11-14 01:29:00+00:00,33,1,651434,59.78,59.8,59.77,59.79,241,CLZ5
2025-11-14 01:30:00+00:00,33,1,651434,59.78,59.97,59.78,59.95,817,CLZ5
2025-11-14 01:31:00+00:00,33,1,651434,59.96,60.04,59.96,59.99,684,CLZ5
2025-11-14 01:32:00+00:00,33,1,651434,59.99,60.08,59.93,60.03,344,CLZ5
2025-11-14 01:33:00+00:00,33,1,651434,60.03,60.14,60.0,60.09,605,CLZ5
2025-11-14 01:34:00+00:00,33,1,651434,60.08,60.08,59.94,59.95,336,CLZ5
2025-11-14 01:35:00+00:00,33,1,651434,59.96,60.02,59.95,60.01,150,CLZ5
2025-11-14 01:36:00+00:00,33,1,651434,60.01,60.09,60.0,60.08,231,CLZ5
2025-11-14 01:37:00+00:00,33,1,651434,60.08,60.12,60.04,60.12,262,CLZ5
2025-11-14 01:38:00+00:00,33,1,651434,60.11,60.12,60.05,60.08,281,CLZ5
2025-11-14 01:39:00+00:00,33,1,651434,60.09,60.1,60.07,60.07,111,CLZ5
2025-11-14 01:40:00+00:00,33,1,651434,60.08,60.17,60.08,60.15,337,CLZ5
2025-11-14 01:41:00+00:00,33,1,651434,60.15,60.27,60.15,60.27,594,CLZ5
2025-11-14 01:42:00+00:00,33,1,651434,60.27,60.33,60.25,60.32,316,CLZ5
2025-11-14 01:43:00+00:00,33,1,651434,60.31,60.31,60.14,60.14,469,CLZ5
2025-11-14 01:44:00+00:00,33,1,651434,60.15,60.26,60.15,60.25,184,CLZ5
2025-11-14 01:45:00+00:00,33,1,651434,60.26,60.32,60.25,60.32,143,CLZ5
2025-11-14 01:46:00+00:00,33,1,651434,60.33,60.37,60.3,60.37,489,CLZ5
2025-11-14 01:47:00+00:00,33,1,651434,60.36,60.42,60.35,60.4,356,CLZ5
2025-11-14 01:48:00+00:00,33,1,651434,60.39,60.42,60.38,60.4,298,CLZ5
2025-11-14 01:49:00+00:00,33,1,651434,60.39,60.46,60.39,60.46,289,CLZ5
2025-11-14 01:50:00+00:00,33,1,651434,60.46,60.46,60.42,60.44,182,CLZ5
2025-11-14 01:51:00+00:00,33,1,651434,60.44,60.53,60.44,60.53,280,CLZ5
2025-11-14 01:52:00+00:00,33,1,651434,60.53,60.63,60.51,60.62,472,CLZ5
2025-11-14 01:53:00+00:00,33,1,651434,60.62,60.62,60.55,60.57,329,CLZ5
2025-11-14 01:54:00+00:00,33,1,651434,60.56,60.58,60.55,60.56,158,CLZ5
2025-11-14 01:55:00+00:00,33,1,651434,60.56,60.62,60.56,60.61,210,CLZ5
2025-11-14 01:56:00+00:00,33,1,651434,60.61,60.65,60.6,60.6,296,CLZ5
2025-11-14 01:57:00+00:00,33,1,651434,60.59,60.59,60.32,60.34,719,CLZ5
2025-11-14 01:58:00+00:00,33,1,651434,60.35,60.36,60.27,60.28,535,CLZ5
2025-11-14 01:59:00+00:00,33,1,651434,60.28,60.3,60.22,60.24,184,CLZ5
2025-11-14 02:00:00+00:00,33,1,651434,60.25,60.27,60.19,60.24,293,CLZ5
2025-11-14 02:01:00+00:00,33,1,651434,60.24,60.34,60.23,60.34,229,CLZ5
2025-11-14 02:02:00+00:00,33,1,651434,60.34,60.35,60.25,60.25,149,CLZ5
2025-11-14 02:03:00+00:00,33,1,651434,60.26,60.28,60.21,60.23,114,CLZ5
2025-11-14 02:04:00+00:00,33,1,651434,60.22,60.23,60.13,60.17,344,CLZ5
2025-11-14 02:05:00+00:00,33,1,651434,60.18,60.19,60.12,60.15,164,CLZ5
2025-11-14 02:06:00+00:00,33,1,651434,60.16,60.16,60.1,60.12,175,CLZ5
2025-11-14 02:07:00+00:00,33,1,651434,60.12,60.14,60.05,60.07,174,CLZ5
2025-11-14 02:08:00+00:00,33,1,651434,60.08,60.12,60.02,60.03,388,CLZ5
2025-11-14 02:09:00+00:00,33,1,651434,60.03,60.03,59.9,59.9,313,CLZ5
2025-11-14 02:10:00+00:00,33,1,651434,59.9,59.91,59.77,59.84,497,CLZ5
2025-11-14 02:11:00+00:00,33,1,651434,59.83,59.87,59.82,59.85,182,CLZ5
2025-11-14 02:12:00+00:00,33,1,651434,59.85,59.98,59.85,59.96,271,CLZ5
2025-11-14 02:13:00+00:00,33,1,651434,59.97,59.99,59.95,59.96,198,CLZ5
2025-11-14 02:14:00+00:00,33,1,651434,59.96,60.01,59.96,59.99,183,CLZ5
2025-11-14 02:15:00+00:00,33,1,651434,59.98,60.01,59.98,60.01,67,CLZ5
2025-11-14 02:16:00+00:00,33,1,651434,59.99,59.99,59.88,59.94,207,CLZ5
2025-11-14 02:17:00+00:00,33,1,651434,59.93,59.95,59.9,59.94,69,CLZ5
2025-11-14 02:18:00+00:00,33,1,651434,59.95,59.96,59.93,59.94,59,CLZ5
2025-11-14 02:19:00+00:00,33,1,651434,59.94,60.0,59.94,59.99,86,CLZ5
2025-11-14 02:20:00+00:00,33,1,651434,59.99,60.11,59.97,60.11,262,CLZ5
2025-11-14 02:21:00+00:00,33,1,651434,60.12,60.14,60.08,60.1,203,CLZ5
2025-11-14 02:22:00+00:00,33,1,651434,60.09,60.09,60.02,60.03,82,CLZ5
2025-11-14 02:23:00+00:00,33,1,651434,60.05,60.08,60.05,60.06,24,CLZ5
2025-11-14 02:24:00+00:00,33,1,651434,60.07,60.11,60.07,60.08,60,CLZ5
2025-11-14 02:25:00+00:00,33,1,651434,60.08,60.12,60.08,60.12,23,CLZ5
2025-11-14 02:26:00+00:00,33,1,651434,60.11,60.11,60.09,60.09,34,CLZ5
2025-11-14 02:27:00+00:00,33,1,651434,60.1,60.11,60.07,60.11,51,CLZ5
2025-11-14 02:28:00+00:00,33,1,651434,60.11,60.12,60.08,60.11,61,CLZ5
2025-11-14 02:29:00+00:00,33,1,651434,60.1,60.1,60.08,60.09,57,CLZ5
2025-11-14 02:30:00+00:00,33,1,651434,60.09,60.16,60.04,60.16,230,CLZ5
2025-11-14 02:31:00+00:00,33,1,651434,60.14,60.15,60.1,60.12,65,CLZ5
2025-11-14 02:32:00+00:00,33,1,651434,60.12,60.13,60.1,60.1,31,CLZ5
2025-11-14 02:33:00+00:00,33,1,651434,60.11,60.12,60.09,60.09,30,CLZ5
2025-11-14 02:34:00+00:00,33,1,651434,60.1,60.12,60.09,60.1,78,CLZ5
2025-11-14 02:35:00+00:00,33,1,651434,60.1,60.11,60.09,60.1,27,CLZ5
2025-11-14 02:36:00+00:00,33,1,651434,60.11,60.16,60.1,60.15,169,CLZ5
2025-11-14 02:37:00+00:00,33,1,651434,60.13,60.26,60.13,60.21,304,CLZ5
2025-11-14 02:38:00+00:00,33,1,651434,60.2,60.27,60.18,60.19,186,CLZ5
2025-11-14 02:39:00+00:00,33,1,651434,60.19,60.21,60.16,60.18,347,CLZ5
2025-11-14 02:40:00+00:00,33,1,651434,60.18,60.19,60.13,60.14,225,CLZ5
2025-11-14 02:41:00+00:00,33,1,651434,60.13,60.17,60.13,60.17,16,CLZ5
2025-11-14 02:42:00+00:00,33,1,651434,60.16,60.16,60.09,60.11,45,CLZ5
2025-11-14 02:43:00+00:00,33,1,651434,60.11,60.13,60.09,60.13,63,CLZ5
2025-11-14 02:44:00+00:00,33,1,651434,60.13,60.15,60.12,60.14,63,CLZ5
2025-11-14 02:45:00+00:00,33,1,651434,60.14,60.14,60.09,60.09,56,CLZ5
2025-11-14 02:46:00+00:00,33,1,651434,60.08,60.11,60.07,60.1,70,CLZ5
2025-11-14 02:47:00+00:00,33,1,651434,60.11,60.17,60.1,60.14,106,CLZ5
2025-11-14 02:48:00+00:00,33,1,651434,60.14,60.14,60.11,60.12,25,CLZ5
2025-11-14 02:49:00+00:00,33,1,651434,60.12,60.14,60.12,60.14,15,CLZ5
2025-11-14 02:50:00+00:00,33,1,651434,60.13,60.14,60.12,60.14,84,CLZ5
2025-11-14 02:51:00+00:00,33,1,651434,60.15,60.17,60.1,60.1,152,CLZ5
2025-11-14 02:52:00+00:00,33,1,651434,60.1,60.1,60.06,60.06,35,CLZ5
2025-11-14 02:53:00+00:00,33,1,651434,60.07,60.08,60.03,60.04,60,CLZ5
2025-11-14 02:54:00+00:00,33,1,651434,60.04,60.04,60.03,60.04,51,CLZ5
2025-11-14 02:55:00+00:00,33,1,651434,60.04,60.07,60.04,60.07,40,CLZ5
2025-11-14 02:56:00+00:00,33,1,651434,60.07,60.07,60.05,60.05,42,CLZ5
2025-11-14 02:57:00+00:00,33,1,651434,60.05,60.05,60.02,60.03,77,CLZ5
2025-11-14 02:58:00+00:00,33,1,651434,60.04,60.05,60.01,60.04,61,CLZ5
2025-11-14 02:59:00+00:00,33,1,651434,60.02,60.02,59.96,59.96,108,CLZ5
2025-11-14 03:00:00+00:00,33,1,651434,59.97,59.98,59.93,59.94,128,CLZ5
2025-11-14 03:01:00+00:00,33,1,651434,59.94,59.96,59.94,59.96,37,CLZ5
2025-11-14 03:02:00+00:00,33,1,651434,59.95,59.97,59.94,59.97,28,CLZ5
2025-11-14 03:03:00+00:00,33,1,651434,59.96,59.99,59.96,59.97,33,CLZ5
2025-11-14 03:04:00+00:00,33,1,651434,59.97,59.97,59.92,59.92,29,CLZ5
2025-11-14 03:05:00+00:00,33,1,651434,59.91,59.92,59.88,59.89,53,CLZ5
2025-11-14 03:06:00+00:00,33,1,651434,59.89,59.92,59.88,59.92,42,CLZ5
2025-11-14 03:07:00+00:00,33,1,651434,59.91,59.92,59.87,59.91,48,CLZ5
2025-11-14 03:08:00+00:00,33,1,651434,59.91,59.94,59.9,59.93,31,CLZ5
2025-11-14 03:09:00+00:00,33,1,651434,59.93,59.93,59.92,59.92,8,CLZ5
2025-11-14 03:10:00+00:00,33,1,651434,59.93,59.95,59.92,59.92,55,CLZ5
2025-11-14 03:11:00+00:00,33,1,651434,59.93,59.94,59.92,59.94,20,CLZ5
2025-11-14 03:12:00+00:00,33,1,651434,59.95,59.95,59.89,59.9,44,CLZ5
2025-11-14 03:13:00+00:00,33,1,651434,59.9,59.91,59.89,59.89,41,CLZ5
2025-11-14 03:14:00+00:00,33,1,651434,59.9,59.97,59.88,59.95,106,CLZ5
2025-11-14 03:15:00+00:00,33,1,651434,59.96,59.98,59.94,59.94,46,CLZ5
2025-11-14 03:16:00+00:00,33,1,651434,59.93,60.01,59.93,60.01,33,CLZ5
2025-11-14 03:17:00+00:00,33,1,651434,60.02,60.03,60.0,60.01,33,CLZ5
2025-11-14 03:18:00+00:00,33,1,651434,60.01,60.01,59.99,60.0,24,CLZ5
2025-11-14 03:19:00+00:00,33,1,651434,59.99,59.99,59.98,59.98,19,CLZ5
2025-11-14 03:20:00+00:00,33,1,651434,59.96,59.98,59.95,59.97,36,CLZ5
2025-11-14 03:21:00+00:00,33,1,651434,59.97,60.01,59.97,59.98,39,CLZ5
2025-11-14 03:22:00+00:00,33,1,651434,59.98,59.99,59.96,59.99,21,CLZ5
2025-11-14 03:23:00+00:00,33,1,651434,59.99,59.99,59.97,59.98,8,CLZ5
2025-11-14 03:24:00+00:00,33,1,651434,59.98,59.98,59.96,59.96,15,CLZ5
2025-11-14 03:25:00+00:00,33,1,651434,59.95,59.96,59.94,59.95,32,CLZ5
2025-11-14 03:26:00+00:00,33,1,651434,59.96,59.96,59.92,59.94,48,CLZ5
2025-11-14 03:27:00+00:00,33,1,651434,59.93,59.93,59.89,59.89,108,CLZ5
2025-11-14 03:28:00+00:00,33,1,651434,59.89,59.9,59.87,59.88,52,CLZ5
2025-11-14 03:29:00+00:00,33,1,651434,59.88,59.89,59.84,59.87,122,CLZ5
2025-11-14 03:30:00+00:00,33,1,651434,59.86,59.86,59.72,59.73,263,CLZ5
2025-11-14 03:31:00+00:00,33,1,651434,59.73,59.76,59.71,59.74,223,CLZ5
2025-11-14 03:32:00+00:00,33,1,651434,59.75,59.76,59.71,59.71,100,CLZ5
2025-11-14 03:33:00+00:00,33,1,651434,59.71,59.74,59.71,59.74,94,CLZ5
2025-11-14 03:34:00+00:00,33,1,651434,59.74,59.74,59.71,59.73,62,CLZ5
2025-11-14 03:35:00+00:00,33,1,651434,59.73,59.74,59.71,59.71,27,CLZ5
2025-11-14 03:36:00+00:00,33,1,651434,59.72,59.75,59.7,59.7,100,CLZ5
2025-11-14 03:37:00+00:00,33,1,651434,59.7,59.71,59.68,59.7,68,CLZ5
2025-11-14 03:38:00+00:00,33,1,651434,59.71,59.77,59.71,59.75,100,CLZ5
2025-11-14 03:39:00+00:00,33,1,651434,59.74,59.75,59.72,59.74,55,CLZ5
2025-11-14 03:40:00+00:00,33,1,651434,59.74,59.75,59.72,59.75,31,CLZ5
2025-11-14 03:41:00+00:00,33,1,651434,59.76,59.76,59.74,59.74,24,CLZ5
2025-11-14 03:42:00+00:00,33,1,651434,59.72,59.72,59.72,59.72,12,CLZ5
2025-11-14 03:43:00+00:00,33,1,651434,59.72,59.74,59.72,59.72,84,CLZ5
2025-11-14 03:44:00+00:00,33,1,651434,59.74,59.75,59.72,59.72,24,CLZ5
2025-11-14 03:45:00+00:00,33,1,651434,59.73,59.74,59.64,59.66,118,CLZ5
2025-11-14 03:46:00+00:00,33,1,651434,59.66,59.67,59.65,59.67,71,CLZ5
2025-11-14 03:47:00+00:00,33,1,651434,59.67,59.67,59.66,59.66,18,CLZ5
2025-11-14 03:48:00+00:00,33,1,651434,59.66,59.68,59.64,59.64,29,CLZ5
2025-11-14 03:49:00+00:00,33,1,651434,59.64,59.64,59.58,59.61,276,CLZ5
2025-11-14 03:50:00+00:00,33,1,651434,59.62,59.65,59.62,59.64,42,CLZ5
2025-11-14 03:51:00+00:00,33,1,651434,59.64,59.65,59.61,59.62,22,CLZ5
2025-11-14 03:52:00+00:00,33,1,651434,59.62,59.62,59.56,59.58,243,CLZ5
2025-11-14 03:53:00+00:00,33,1,651434,59.59,59.6,59.57,59.58,28,CLZ5
2025-11-14 03:54:00+00:00,33,1,651434,59.57,59.58,59.53,59.55,112,CLZ5
2025-11-14 03:55:00+00:00,33,1,651434,59.55,59.57,59.54,59.55,125,CLZ5
2025-11-14 03:56:00+00:00,33,1,651434,59.56,59.6,59.56,59.59,72,CLZ5
2025-11-14 03:57:00+00:00,33,1,651434,59.6,59.6,59.59,59.6,30,CLZ5
2025-11-14 03:58:00+00:00,33,1,651434,59.6,59.62,59.6,59.6,80,CLZ5
2025-11-14 03:59:00+00:00,33,1,651434,59.61,59.65,59.61,59.63,54,CLZ5
2025-11-14 04:00:00+00:00,33,1,651434,59.63,59.65,59.62,59.64,90,CLZ5
2025-11-14 04:01:00+00:00,33,1,651434,59.64,59.67,59.64,59.65,21,CLZ5
2025-11-14 04:02:00+00:00,33,1,651434,59.65,59.65,59.63,59.63,12,CLZ5
2025-11-14 04:03:00+00:00,33,1,651434,59.63,59.64,59.62,59.62,27,CLZ5
2025-11-14 04:04:00+00:00,33,1,651434,59.61,59.63,59.59,59.59,38,CLZ5
2025-11-14 04:05:00+00:00,33,1,651434,59.58,59.64,59.57,59.62,115,CLZ5
2025-11-14 04:06:00+00:00,33,1,651434,59.61,59.64,59.61,59.64,30,CLZ5
2025-11-14 04:07:00+00:00,33,1,651434,59.64,59.64,59.61,59.61,73,CLZ5
2025-11-14 04:08:00+00:00,33,1,651434,59.6,59.6,59.6,59.6,15,CLZ5
2025-11-14 04:09:00+00:00,33,1,651434,59.62,59.62,59.59,59.59,11,CLZ5
2025-11-14 04:10:00+00:00,33,1,651434,59.59,59.59,59.58,59.58,8,CLZ5
2025-11-14 04:11:00+00:00,33,1,651434,59.59,59.59,59.57,59.57,23,CLZ5
2025-11-14 04:12:00+00:00,33,1,651434,59.57,59.62,59.57,59.62,35,CLZ5
2025-11-14 04:13:00+00:00,33,1,651434,59.62,59.62,59.61,59.62,13,CLZ5
2025-11-14 04:14:00+00:00,33,1,651434,59.61,59.65,59.61,59.64,16,CLZ5
2025-11-14 04:15:00+00:00,33,1,651434,59.64,59.65,59.62,59.64,23,CLZ5
2025-11-14 04:16:00+00:00,33,1,651434,59.64,59.66,59.64,59.66,21,CLZ5
2025-11-14 04:17:00+00:00,33,1,651434,59.66,59.66,59.64,59.64,28,CLZ5
2025-11-14 04:18:00+00:00,33,1,651434,59.65,59.67,59.65,59.66,15,CLZ5
2025-11-14 04:19:00+00:00,33,1,651434,59.66,59.67,59.66,59.67,20,CLZ5
2025-11-14 04:20:00+00:00,33,1,651434,59.67,59.67,59.63,59.63,65,CLZ5
2025-11-14 04:21:00+00:00,33,1,651434,59.63,59.63,59.62,59.62,8,CLZ5
2025-11-14 04:23:00+00:00,33,1,651434,59.62,59.63,59.58,59.59,27,CLZ5
2025-11-14 04:24:00+00:00,33,1,651434,59.59,59.59,59.59,59.59,1,CLZ5
2025-11-14 04:25:00+00:00,33,1,651434,59.59,59.63,59.59,59.62,44,CLZ5
2025-11-14 04:26:00+00:00,33,1,651434,59.63,59.63,59.63,59.63,5,CLZ5
2025-11-14 04:27:00+00:00,33,1,651434,59.63,59.63,59.61,59.61,11,CLZ5
2025-11-14 04:28:00+00:00,33,1,651434,59.61,59.61,59.6,59.6,2,CLZ5
2025-11-14 04:29:00+00:00,33,1,651434,59.6,59.62,59.6,59.62,20,CLZ5
2025-11-14 04:30:00+00:00,33,1,651434,59.62,59.65,59.62,59.63,25,CLZ5
2025-11-14 04:31:00+00:00,33,1,651434,59.64,59.65,59.63,59.64,44,CLZ5
2025-11-14 04:32:00+00:00,33,1,651434,59.63,59.63,59.63,59.63,4,CLZ5
2025-11-14 04:33:00+00:00,33,1,651434,59.64,59.65,59.64,59.65,8,CLZ5
2025-11-14 04:34:00+00:00,33,1,651434,59.64,59.69,59.64,59.68,56,CLZ5
2025-11-14 04:35:00+00:00,33,1,651434,59.67,59.67,59.67,59.67,19,CLZ5
2025-11-14 04:36:00+00:00,33,1,651434,59.66,59.66,59.62,59.62,69,CLZ5
2025-11-14 04:37:00+00:00,33,1,651434,59.61,59.61,59.6,59.6,17,CLZ5
2025-11-14 04:38:00+00:00,33,1,651434,59.59,59.59,59.57,59.59,34,CLZ5
2025-11-14 04:39:00+00:00,33,1,651434,59.59,59.59,59.58,59.59,17,CLZ5
2025-11-14 04:40:00+00:00,33,1,651434,59.59,59.59,59.58,59.58,13,CLZ5
2025-11-14 04:41:00+00:00,33,1,651434,59.58,59.58,59.55,59.57,66,CLZ5
2025-11-14 04:42:00+00:00,33,1,651434,59.57,59.59,59.57,59.59,10,CLZ5
2025-11-14 04:43:00+00:00,33,1,651434,59.59,59.61,59.59,59.6,16,CLZ5
2025-11-14 04:44:00+00:00,33,1,651434,59.6,59.6,59.6,59.6,24,CLZ5
2025-11-14 04:45:00+00:00,33,1,651434,59.6,59.6,59.57,59.58,21,CLZ5
2025-11-14 04:46:00+00:00,33,1,651434,59.58,59.59,59.58,59.59,6,CLZ5
2025-11-14 04:47:00+00:00,33,1,651434,59.6,59.6,59.6,59.6,3,CLZ5
2025-11-14 04:48:00+00:00,33,1,651434,59.58,59.6,59.58,59.6,5,CLZ5
2025-11-14 04:49:00+00:00,33,1,651434,59.6,59.61,59.59,59.61,27,CLZ5
2025-11-14 04:50:00+00:00,33,1,651434,59.61,59.64,59.6,59.63,19,CLZ5
2025-11-14 04:51:00+00:00,33,1,651434,59.64,59.66,59.64,59.64,22,CLZ5
2025-11-14 04:52:00+00:00,33,1,651434,59.63,59.64,59.63,59.64,9,CLZ5
2025-11-14 04:53:00+00:00,33,1,651434,59.63,59.66,59.63,59.65,29,CLZ5
2025-11-14 04:54:00+00:00,33,1,651434,59.65,59.65,59.62,59.62,67,CLZ5
2025-11-14 04:55:00+00:00,33,1,651434,59.61,59.62,59.6,59.6,22,CLZ5
2025-11-14 04:56:00+00:00,33,1,651434,59.6,59.61,59.6,59.6,5,CLZ5
2025-11-14 04:57:00+00:00,33,1,651434,59.6,59.6,59.6,59.6,3,CLZ5
2025-11-14 04:58:00+00:00,33,1,651434,59.59,59.59,59.57,59.57,19,CLZ5
2025-11-14 04:59:00+00:00,33,1,651434,59.57,59.59,59.57,59.58,11,CLZ5
2025-11-14 05:00:00+00:00,33,1,651434,59.57,59.59,59.57,59.58,20,CLZ5
2025-11-14 05:02:00+00:00,33,1,651434,59.57,59.58,59.57,59.57,7,CLZ5
2025-11-14 05:03:00+00:00,33,1,651434,59.57,59.59,59.57,59.59,7,CLZ5
2025-11-14 05:04:00+00:00,33,1,651434,59.59,59.65,59.59,59.65,57,CLZ5
2025-11-14 05:05:00+00:00,33,1,651434,59.65,59.65,59.63,59.63,17,CLZ5
2025-11-14 05:06:00+00:00,33,1,651434,59.63,59.65,59.63,59.65,12,CLZ5
2025-11-14 05:07:00+00:00,33,1,651434,59.65,59.7,59.65,59.68,139,CLZ5
2025-11-14 05:08:00+00:00,33,1,651434,59.69,59.69,59.67,59.68,33,CLZ5
2025-11-14 05:09:00+00:00,33,1,651434,59.69,59.7,59.67,59.69,51,CLZ5
2025-11-14 05:10:00+00:00,33,1,651434,59.7,59.7,59.65,59.66,66,CLZ5
2025-11-14 05:11:00+00:00,33,1,651434,59.66,59.66,59.65,59.65,14,CLZ5
2025-11-14 05:12:00+00:00,33,1,651434,59.65,59.65,59.64,59.64,21,CLZ5
2025-11-14 05:13:00+00:00,33,1,651434,59.63,59.63,59.63,59.63,1,CLZ5
2025-11-14 05:14:00+00:00,33,1,651434,59.64,59.66,59.63,59.63,37,CLZ5
2025-11-14 05:15:00+00:00,33,1,651434,59.64,59.65,59.63,59.65,16,CLZ5
2025-11-14 05:16:00+00:00,33,1,651434,59.65,59.65,59.64,59.65,11,CLZ5
2025-11-14 05:17:00+00:00,33,1,651434,59.65,59.69,59.65,59.69,20,CLZ5
2025-11-14 05:18:00+00:00,33,1,651434,59.7,59.7,59.7,59.7,13,CLZ5
2025-11-14 05:19:00+00:00,33,1,651434,59.7,59.7,59.7,59.7,19,CLZ5
2025-11-14 05:20:00+00:00,33,1,651434,59.71,59.72,59.67,59.68,31,CLZ5
2025-11-14 05:21:00+00:00,33,1,651434,59.66,59.67,59.66,59.67,4,CLZ5
2025-11-14 05:22:00+00:00,33,1,651434,59.67,59.67,59.67,59.67,1,CLZ5
2025-11-14 05:23:00+00:00,33,1,651434,59.67,59.69,59.67,59.67,7,CLZ5
2025-11-14 05:24:00+00:00,33,1,651434,59.67,59.69,59.66,59.66,48,CLZ5
2025-11-14 05:25:00+00:00,33,1,651434,59.65,59.65,59.64,59.64,13,CLZ5
2025-11-14 05:26:00+00:00,33,1,651434,59.65,59.65,59.62,59.64,37,CLZ5
2025-11-14 05:27:00+00:00,33,1,651434,59.63,59.64,59.62,59.62,25,CLZ5
2025-11-14 05:28:00+00:00,33,1,651434,59.62,59.62,59.6,59.6,18,CLZ5
2025-11-14 05:29:00+00:00,33,1,651434,59.62,59.62,59.61,59.61,7,CLZ5
2025-11-14 05:30:00+00:00,33,1,651434,59.64,59.71,59.64,59.71,128,CLZ5
2025-11-14 05:31:00+00:00,33,1,651434,59.7,59.7,59.67,59.67,17,CLZ5
2025-11-14 05:32:00+00:00,33,1,651434,59.69,59.71,59.69,59.71,8,CLZ5
2025-11-14 05:33:00+00:00,33,1,651434,59.7,59.72,59.69,59.7,31,CLZ5
2025-11-14 05:34:00+00:00,33,1,651434,59.72,59.74,59.7,59.7,49,CLZ5
2025-11-14 05:35:00+00:00,33,1,651434,59.69,59.7,59.68,59.68,9,CLZ5
2025-11-14 05:36:00+00:00,33,1,651434,59.68,59.72,59.68,59.72,29,CLZ5
2025-11-14 05:37:00+00:00,33,1,651434,59.7,59.72,59.69,59.72,23,CLZ5
2025-11-14 05:38:00+00:00,33,1,651434,59.71,59.77,59.71,59.74,91,CLZ5
2025-11-14 05:39:00+00:00,33,1,651434,59.74,59.74,59.72,59.72,19,CLZ5
2025-11-14 05:40:00+00:00,33,1,651434,59.72,59.74,59.72,59.74,31,CLZ5
2025-11-14 05:41:00+00:00,33,1,651434,59.74,59.74,59.7,59.7,37,CLZ5
2025-11-14 05:42:00+00:00,33,1,651434,59.69,59.73,59.69,59.73,78,CLZ5
2025-11-14 05:43:00+00:00,33,1,651434,59.72,59.73,59.71,59.73,22,CLZ5
2025-11-14 05:44:00+00:00,33,1,651434,59.72,59.73,59.72,59.73,28,CLZ5
2025-11-14 05:45:00+00:00,33,1,651434,59.73,59.74,59.71,59.72,22,CLZ5
2025-11-14 05:46:00+00:00,33,1,651434,59.71,59.71,59.7,59.71,10,CLZ5
2025-11-14 05:47:00+00:00,33,1,651434,59.72,59.72,59.7,59.7,11,CLZ5
2025-11-14 05:48:00+00:00,33,1,651434,59.69,59.69,59.66,59.66,30,CLZ5
2025-11-14 05:49:00+00:00,33,1,651434,59.67,59.69,59.66,59.68,52,CLZ5
2025-11-14 05:50:00+00:00,33,1,651434,59.69,59.7,59.67,59.67,19,CLZ5
2025-11-14 05:51:00+00:00,33,1,651434,59.67,59.68,59.64,59.64,32,CLZ5
2025-11-14 05:52:00+00:00,33,1,651434,59.63,59.67,59.63,59.66,26,CLZ5
2025-11-14 05:53:00+00:00,33,1,651434,59.65,59.65,59.6,59.61,33,CLZ5
2025-11-14 05:54:00+00:00,33,1,651434,59.61,59.64,59.61,59.62,30,CLZ5
2025-11-14 05:55:00+00:00,33,1,651434,59.62,59.64,59.58,59.64,75,CLZ5
2025-11-14 05:56:00+00:00,33,1,651434,59.64,59.65,59.64,59.64,17,CLZ5
2025-11-14 05:57:00+00:00,33,1,651434,59.66,59.68,59.66,59.66,28,CLZ5
2025-11-14 05:58:00+00:00,33,1,651434,59.65,59.65,59.64,59.65,22,CLZ5
2025-11-14 05:59:00+00:00,33,1,651434,59.65,59.65,59.63,59.64,6,CLZ5
2025-11-14 06:00:00+00:00,33,1,651434,59.65,59.65,59.63,59.65,14,CLZ5
2025-11-14 06:01:00+00:00,33,1,651434,59.65,59.67,59.62,59.64,79,CLZ5
2025-11-14 06:02:00+00:00,33,1,651434,59.64,59.69,59.64,59.68,65,CLZ5
2025-11-14 06:03:00+00:00,33,1,651434,59.68,59.71,59.68,59.71,10,CLZ5
2025-11-14 06:04:00+00:00,33,1,651434,59.7,59.7,59.69,59.69,6,CLZ5
2025-11-14 06:05:00+00:00,33,1,651434,59.7,59.73,59.69,59.72,21,CLZ5
2025-11-14 06:06:00+00:00,33,1,651434,59.72,59.74,59.71,59.73,46,CLZ5
2025-11-14 06:07:00+00:00,33,1,651434,59.72,59.72,59.71,59.72,10,CLZ5
2025-11-14 06:08:00+00:00,33,1,651434,59.71,59.71,59.7,59.7,10,CLZ5
2025-11-14 06:09:00+00:00,33,1,651434,59.7,59.72,59.7,59.71,32,CLZ5
2025-11-14 06:10:00+00:00,33,1,651434,59.72,59.72,59.7,59.71,36,CLZ5
2025-11-14 06:11:00+00:00,33,1,651434,59.71,59.72,59.69,59.7,58,CLZ5
2025-11-14 06:12:00+00:00,33,1,651434,59.7,59.7,59.69,59.7,17,CLZ5
2025-11-14 06:13:00+00:00,33,1,651434,59.7,59.72,59.7,59.72,32,CLZ5
2025-11-14 06:14:00+00:00,33,1,651434,59.72,59.74,59.72,59.73,93,CLZ5
2025-11-14 06:15:00+00:00,33,1,651434,59.73,59.74,59.71,59.71,44,CLZ5
2025-11-14 06:16:00+00:00,33,1,651434,59.7,59.72,59.68,59.68,46,CLZ5
2025-11-14 06:17:00+00:00,33,1,651434,59.68,59.75,59.68,59.74,73,CLZ5
2025-11-14 06:18:00+00:00,33,1,651434,59.72,59.73,59.71,59.73,7,CLZ5
2025-11-14 06:19:00+00:00,33,1,651434,59.74,59.74,59.73,59.73,14,CLZ5
2025-11-14 06:20:00+00:00,33,1,651434,59.72,59.72,59.69,59.71,88,CLZ5
2025-11-14 06:21:00+00:00,33,1,651434,59.71,59.73,59.71,59.73,20,CLZ5
2025-11-14 06:22:00+00:00,33,1,651434,59.73,59.73,59.71,59.72,24,CLZ5
2025-11-14 06:23:00+00:00,33,1,651434,59.72,59.75,59.72,59.74,84,CLZ5
2025-11-14 06:24:00+00:00,33,1,651434,59.74,59.74,59.73,59.73,24,CLZ5
2025-11-14 06:25:00+00:00,33,1,651434,59.73,59.73,59.72,59.73,23,CLZ5
2025-11-14 06:26:00+00:00,33,1,651434,59.73,59.74,59.72,59.73,28,CLZ5
2025-11-14 06:27:00+00:00,33,1,651434,59.72,59.72,59.69,59.7,35,CLZ5
2025-11-14 06:28:00+00:00,33,1,651434,59.69,59.69,59.67,59.68,27,CLZ5
2025-11-14 06:29:00+00:00,33,1,651434,59.68,59.68,59.68,59.68,7,CLZ5
2025-11-14 06:30:00+00:00,33,1,651434,59.69,59.73,59.69,59.73,30,CLZ5
2025-11-14 06:31:00+00:00,33,1,651434,59.72,59.73,59.7,59.7,34,CLZ5
2025-11-14 06:32:00+00:00,33,1,651434,59.7,59.7,59.69,59.7,12,CLZ5
2025-11-14 06:33:00+00:00,33,1,651434,59.7,59.7,59.67,59.7,62,CLZ5
2025-11-14 06:34:00+00:00,33,1,651434,59.7,59.75,59.7,59.74,99,CLZ5
2025-11-14 06:35:00+00:00,33,1,651434,59.73,59.74,59.7,59.74,53,CLZ5
2025-11-14 06:36:00+00:00,33,1,651434,59.74,59.74,59.72,59.72,4,CLZ5
2025-11-14 06:37:00+00:00,33,1,651434,59.73,59.75,59.72,59.74,70,CLZ5
2025-11-14 06:38:00+00:00,33,1,651434,59.74,59.74,59.72,59.74,36,CLZ5
2025-11-14 06:39:00+00:00,33,1,651434,59.74,59.74,59.66,59.66,191,CLZ5
2025-11-14 06:40:00+00:00,33,1,651434,59.66,59.68,59.66,59.67,15,CLZ5
2025-11-14 06:41:00+00:00,33,1,651434,59.66,59.66,59.64,59.65,76,CLZ5
2025-11-14 06:42:00+00:00,33,1,651434,59.65,59.65,59.61,59.63,43,CLZ5
2025-11-14 06:43:00+00:00,33,1,651434,59.63,59.68,59.63,59.68,50,CLZ5
2025-11-14 06:44:00+00:00,33,1,651434,59.67,59.68,59.67,59.68,53,CLZ5
2025-11-14 06:45:00+00:00,33,1,651434,59.68,59.7,59.67,59.69,28,CLZ5
2025-11-14 06:46:00+00:00,33,1,651434,59.69,59.7,59.61,59.62,185,CLZ5
2025-11-14 06:47:00+00:00,33,1,651434,59.62,59.62,59.56,59.57,67,CLZ5
2025-11-14 06:48:00+00:00,33,1,651434,59.56,59.58,59.54,59.54,79,CLZ5
2025-11-14 06:49:00+00:00,33,1,651434,59.55,59.57,59.54,59.57,28,CLZ5
2025-11-14 06:50:00+00:00,33,1,651434,59.57,59.57,59.52,59.53,64,CLZ5
2025-11-14 06:51:00+00:00,33,1,651434,59.52,59.54,59.51,59.53,73,CLZ5
2025-11-14 06:52:00+00:00,33,1,651434,59.53,59.53,59.45,59.45,127,CLZ5
2025-11-14 06:53:00+00:00,33,1,651434,59.45,59.47,59.42,59.43,174,CLZ5
2025-11-14 06:54:00+00:00,33,1,651434,59.42,59.47,59.42,59.47,109,CLZ5
2025-11-14 06:55:00+00:00,33,1,651434,59.46,59.49,59.46,59.48,26,CLZ5
2025-11-14 06:56:00+00:00,33,1,651434,59.48,59.51,59.48,59.51,20,CLZ5
2025-11-14 06:57:00+00:00,33,1,651434,59.52,59.53,59.48,59.49,65,CLZ5
2025-11-14 06:58:00+00:00,33,1,651434,59.5,59.57,59.5,59.53,142,CLZ5
2025-11-14 06:59:00+00:00,33,1,651434,59.52,59.53,59.51,59.52,11,CLZ5
2025-11-14 07:00:00+00:00,33,1,651434,59.51,59.52,59.45,59.46,99,CLZ5
2025-11-14 07:01:00+00:00,33,1,651434,59.47,59.48,59.45,59.45,45,CLZ5
2025-11-14 07:02:00+00:00,33,1,651434,59.45,59.46,59.41,59.45,71,CLZ5
2025-11-14 07:03:00+00:00,33,1,651434,59.44,59.49,59.43,59.49,65,CLZ5
2025-11-14 07:04:00+00:00,33,1,651434,59.49,59.59,59.49,59.58,103,CLZ5
2025-11-14 07:05:00+00:00,33,1,651434,59.58,59.59,59.53,59.54,78,CLZ5
2025-11-14 07:06:00+00:00,33,1,651434,59.55,59.6,59.55,59.59,78,CLZ5
2025-11-14 07:07:00+00:00,33,1,651434,59.6,59.6,59.57,59.57,23,CLZ5
2025-11-14 07:08:00+00:00,33,1,651434,59.57,59.59,59.56,59.58,17,CLZ5
2025-11-14 07:09:00+00:00,33,1,651434,59.58,59.61,59.56,59.59,68,CLZ5
2025-11-14 07:10:00+00:00,33,1,651434,59.59,59.61,59.56,59.58,59,CLZ5
2025-11-14 07:11:00+00:00,33,1,651434,59.57,59.57,59.53,59.54,38,CLZ5
2025-11-14 07:12:00+00:00,33,1,651434,59.53,59.57,59.52,59.56,109,CLZ5
2025-11-14 07:13:00+00:00,33,1,651434,59.56,59.59,59.56,59.59,29,CLZ5
2025-11-14 07:14:00+00:00,33,1,651434,59.59,59.59,59.56,59.58,31,CLZ5
2025-11-14 07:15:00+00:00,33,1,651434,59.56,59.6,59.56,59.57,34,CLZ5
2025-11-14 07:16:00+00:00,33,1,651434,59.58,59.58,59.57,59.57,17,CLZ5
2025-11-14 07:17:00+00:00,33,1,651434,59.54,59.54,59.48,59.48,79,CLZ5
2025-11-14 07:18:00+00:00,33,1,651434,59.48,59.48,59.46,59.46,32,CLZ5
2025-11-14 07:19:00+00:00,33,1,651434,59.46,59.48,59.45,59.45,86,CLZ5
2025-11-14 07:20:00+00:00,33,1,651434,59.44,59.46,59.43,59.46,95,CLZ5
2025-11-14 07:21:00+00:00,33,1,651434,59.46,59.47,59.44,59.46,142,CLZ5
2025-11-14 07:22:00+00:00,33,1,651434,59.47,59.5,59.47,59.5,68,CLZ5
2025-11-14 07:23:00+00:00,33,1,651434,59.49,59.51,59.49,59.51,22,CLZ5
2025-11-14 07:24:00+00:00,33,1,651434,59.5,59.5,59.47,59.5,127,CLZ5
2025-11-14 07:25:00+00:00,33,1,651434,59.49,59.5,59.46,59.47,76,CLZ5
2025-11-14 07:26:00+00:00,33,1,651434,59.48,59.5,59.48,59.48,22,CLZ5
2025-11-14 07:27:00+00:00,33,1,651434,59.48,59.5,59.48,59.49,31,CLZ5
2025-11-14 07:28:00+00:00,33,1,651434,59.5,59.5,59.43,59.44,70,CLZ5
2025-11-14 07:29:00+00:00,33,1,651434,59.45,59.46,59.43,59.45,73,CLZ5
2025-11-14 07:30:00+00:00,33,1,651434,59.45,59.49,59.44,59.45,69,CLZ5
2025-11-14 07:31:00+00:00,33,1,651434,59.45,59.46,59.45,59.46,29,CLZ5
2025-11-14 07:32:00+00:00,33,1,651434,59.45,59.47,59.44,59.45,62,CLZ5
2025-11-14 07:33:00+00:00,33,1,651434,59.45,59.45,59.41,59.43,88,CLZ5
2025-11-14 07:34:00+00:00,33,1,651434,59.44,59.46,59.43,59.45,33,CLZ5
2025-11-14 07:35:00+00:00,33,1,651434,59.46,59.53,59.46,59.52,63,CLZ5
2025-11-14 07:36:00+00:00,33,1,651434,59.53,59.54,59.52,59.52,34,CLZ5
2025-11-14 07:37:00+00:00,33,1,651434,59.52,59.56,59.51,59.54,35,CLZ5
2025-11-14 07:38:00+00:00,33,1,651434,59.55,59.58,59.54,59.57,47,CLZ5
2025-11-14 07:39:00+00:00,33,1,651434,59.56,59.56,59.55,59.56,23,CLZ5
2025-11-14 07:40:00+00:00,33,1,651434,59.56,59.56,59.53,59.53,23,CLZ5
2025-11-14 07:41:00+00:00,33,1,651434,59.52,59.53,59.51,59.52,34,CLZ5
2025-11-14 07:42:00+00:00,33,1,651434,59.51,59.55,59.51,59.55,46,CLZ5
2025-11-14 07:43:00+00:00,33,1,651434,59.56,59.59,59.56,59.58,36,CLZ5
2025-11-14 07:44:00+00:00,33,1,651434,59.57,59.6,59.57,59.58,59,CLZ5
2025-11-14 07:45:00+00:00,33,1,651434,59.58,59.63,59.58,59.63,40,CLZ5
2025-11-14 07:46:00+00:00,33,1,651434,59.6,59.62,59.59,59.6,40,CLZ5
2025-11-14 07:47:00+00:00,33,1,651434,59.62,59.64,59.6,59.6,60,CLZ5
2025-11-14 07:48:00+00:00,33,1,651434,59.6,59.6,59.57,59.59,16,CLZ5
2025-11-14 07:49:00+00:00,33,1,651434,59.56,59.59,59.55,59.57,33,CLZ5
2025-11-14 07:50:00+00:00,33,1,651434,59.56,59.58,59.55,59.58,12,CLZ5
2025-11-14 07:51:00+00:00,33,1,651434,59.57,59.6,59.57,59.6,12,CLZ5
2025-11-14 07:52:00+00:00,33,1,651434,59.6,59.6,59.56,59.57,18,CLZ5
2025-11-14 07:53:00+00:00,33,1,651434,59.56,59.57,59.56,59.57,5,CLZ5
2025-11-14 07:54:00+00:00,33,1,651434,59.57,59.58,59.57,59.58,10,CLZ5
2025-11-14 07:55:00+00:00,33,1,651434,59.57,59.67,59.56,59.62,262,CLZ5
2025-11-14 07:56:00+00:00,33,1,651434,59.62,59.67,59.62,59.64,91,CLZ5
2025-11-14 07:57:00+00:00,33,1,651434,59.63,59.63,59.58,59.6,46,CLZ5
2025-11-14 07:58:00+00:00,33,1,651434,59.61,59.63,59.6,59.61,77,CLZ5
2025-11-14 07:59:00+00:00,33,1,651434,59.61,59.64,59.61,59.64,28,CLZ5
2025-11-14 08:00:00+00:00,33,1,651434,59.63,59.67,59.61,59.62,114,CLZ5
2025-11-14 08:01:00+00:00,33,1,651434,59.62,59.65,59.6,59.6,83,CLZ5
2025-11-14 08:02:00+00:00,33,1,651434,59.62,59.63,59.58,59.58,49,CLZ5
2025-11-14 08:03:00+00:00,33,1,651434,59.58,59.58,59.53,59.55,66,CLZ5
2025-11-14 08:04:00+00:00,33,1,651434,59.56,59.58,59.56,59.58,36,CLZ5
2025-11-14 08:05:00+00:00,33,1,651434,59.59,59.62,59.57,59.57,58,CLZ5
2025-11-14 08:06:00+00:00,33,1,651434,59.57,59.62,59.57,59.6,33,CLZ5
2025-11-14 08:07:00+00:00,33,1,651434,59.59,59.67,59.59,59.66,81,CLZ5
2025-11-14 08:08:00+00:00,33,1,651434,59.67,59.68,59.66,59.68,57,CLZ5
2025-11-14 08:09:00+00:00,33,1,651434,59.67,59.71,59.65,59.69,169,CLZ5
2025-11-14 08:10:00+00:00,33,1,651434,59.67,59.69,59.66,59.67,75,CLZ5
2025-11-14 08:11:00+00:00,33,1,651434,59.66,59.67,59.61,59.62,125,CLZ5
2025-11-14 08:12:00+00:00,33,1,651434,59.62,59.65,59.61,59.62,26,CLZ5
2025-11-14 08:13:00+00:00,33,1,651434,59.63,59.63,59.59,59.63,93,CLZ5
2025-11-14 08:14:00+00:00,33,1,651434,59.63,59.63,59.58,59.58,101,CLZ5
2025-11-14 08:15:00+00:00,33,1,651434,59.58,59.58,59.54,59.55,48,CLZ5
2025-11-14 08:16:00+00:00,33,1,651434,59.55,59.59,59.55,59.57,44,CLZ5
2025-11-14 08:17:00+00:00,33,1,651434,59.57,59.62,59.57,59.61,159,CLZ5
2025-11-14 08:18:00+00:00,33,1,651434,59.61,59.65,59.6,59.61,49,CLZ5
2025-11-14 08:19:00+00:00,33,1,651434,59.61,59.62,59.58,59.58,52,CLZ5
2025-11-14 08:20:00+00:00,33,1,651434,59.59,59.6,59.55,59.55,64,CLZ5
2025-11-14 08:21:00+00:00,33,1,651434,59.55,59.6,59.55,59.57,80,CLZ5
2025-11-14 08:22:00+00:00,33,1,651434,59.57,59.58,59.53,59.54,61,CLZ5
2025-11-14 08:23:00+00:00,33,1,651434,59.55,59.55,59.51,59.53,64,CLZ5
2025-11-14 08:24:00+00:00,33,1,651434,59.53,59.53,59.51,59.52,42,CLZ5
2025-11-14 08:25:00+00:00,33,1,651434,59.53,59.53,59.44,59.47,211,CLZ5
2025-11-14 08:26:00+00:00,33,1,651434,59.46,59.46,59.43,59.46,143,CLZ5
2025-11-14 08:27:00+00:00,33,1,651434,59.46,59.46,59.43,59.46,132,CLZ5
2025-11-14 08:28:00+00:00,33,1,651434,59.46,59.51,59.46,59.5,89,CLZ5
2025-11-14 08:29:00+00:00,33,1,651434,59.5,59.53,59.43,59.43,154,CLZ5
2025-11-14 08:30:00+00:00,33,1,651434,59.44,59.44,59.37,59.41,374,CLZ5
2025-11-14 08:31:00+00:00,33,1,651434,59.41,59.44,59.4,59.42,151,CLZ5
2025-11-14 08:32:00+00:00,33,1,651434,59.41,59.46,59.4,59.45,157,CLZ5
2025-11-14 08:33:00+00:00,33,1,651434,59.45,59.47,59.43,59.47,152,CLZ5
2025-11-14 08:34:00+00:00,33,1,651434,59.47,59.49,59.47,59.49,73,CLZ5
2025-11-14 08:35:00+00:00,33,1,651434,59.49,59.54,59.48,59.51,316,CLZ5
2025-11-14 08:36:00+00:00,33,1,651434,59.5,59.51,59.47,59.49,73,CLZ5
2025-11-14 08:37:00+00:00,33,1,651434,59.49,59.56,59.49,59.55,82,CLZ5
2025-11-14 08:38:00+00:00,33,1,651434,59.54,59.55,59.51,59.51,56,CLZ5
2025-11-14 08:39:00+00:00,33,1,651434,59.52,59.53,59.45,59.48,154,CLZ5
2025-11-14 08:40:00+00:00,33,1,651434,59.48,59.48,59.43,59.46,106,CLZ5
2025-11-14 08:41:00+00:00,33,1,651434,59.47,59.49,59.32,59.33,315,CLZ5
2025-11-14 08:42:00+00:00,33,1,651434,59.34,59.39,59.33,59.38,265,CLZ5
2025-11-14 08:43:00+00:00,33,1,651434,59.38,59.38,59.35,59.37,159,CLZ5
2025-11-14 08:44:00+00:00,33,1,651434,59.37,59.37,59.33,59.37,109,CLZ5
2025-11-14 08:45:00+00:00,33,1,651434,59.36,59.38,59.35,59.37,39,CLZ5
2025-11-14 08:46:00+00:00,33,1,651434,59.36,59.38,59.36,59.38,48,CLZ5
2025-11-14 08:47:00+00:00,33,1,651434,59.38,59.42,59.37,59.39,123,CLZ5
2025-11-14 08:48:00+00:00,33,1,651434,59.38,59.38,59.34,59.36,109,CLZ5
2025-11-14 08:49:00+00:00,33,1,651434,59.37,59.41,59.36,59.39,151,CLZ5
2025-11-14 08:50:00+00:00,33,1,651434,59.38,59.44,59.37,59.37,203,CLZ5
2025-11-14 08:51:00+00:00,33,1,651434,59.37,59.38,59.31,59.32,231,CLZ5
2025-11-14 08:52:00+00:00,33,1,651434,59.33,59.34,59.29,59.33,198,CLZ5
2025-11-14 08:53:00+00:00,33,1,651434,59.32,59.33,59.29,59.3,61,CLZ5
2025-11-14 08:54:00+00:00,33,1,651434,59.31,59.35,59.26,59.35,307,CLZ5
2025-11-14 08:55:00+00:00,33,1,651434,59.35,59.38,59.35,59.35,101,CLZ5
2025-11-14 08:56:00+00:00,33,1,651434,59.35,59.4,59.35,59.4,127,CLZ5
2025-11-14 08:57:00+00:00,33,1,651434,59.38,59.38,59.35,59.35,31,CLZ5
2025-11-14 08:58:00+00:00,33,1,651434,59.35,59.37,59.34,59.37,54,CLZ5
2025-11-14 08:59:00+00:00,33,1,651434,59.37,59.38,59.36,59.36,46,CLZ5
2025-11-14 09:00:00+00:00,33,1,651434,59.37,59.44,59.37,59.43,183,CLZ5
2025-11-14 09:01:00+00:00,33,1,651434,59.42,59.47,59.41,59.47,91,CLZ5
2025-11-14 09:02:00+00:00,33,1,651434,59.47,59.52,59.45,59.48,271,CLZ5
2025-11-14 09:03:00+00:00,33,1,651434,59.48,59.48,59.43,59.43,66,CLZ5
2025-11-14 09:04:00+00:00,33,1,651434,59.42,59.44,59.35,59.36,206,CLZ5
2025-11-14 09:05:00+00:00,33,1,651434,59.37,59.43,59.37,59.41,85,CLZ5
2025-11-14 09:06:00+00:00,33,1,651434,59.42,59.43,59.39,59.42,56,CLZ5
2025-11-14 09:07:00+00:00,33,1,651434,59.41,59.41,59.37,59.38,61,CLZ5
2025-11-14 09:08:00+00:00,33,1,651434,59.39,59.41,59.38,59.41,11,CLZ5
2025-11-14 09:09:00+00:00,33,1,651434,59.4,59.44,59.4,59.44,86,CLZ5
2025-11-14 09:10:00+00:00,33,1,651434,59.43,59.46,59.42,59.46,58,CLZ5
2025-11-14 09:11:00+00:00,33,1,651434,59.45,59.46,59.43,59.45,33,CLZ5
2025-11-14 09:12:00+00:00,33,1,651434,59.45,59.51,59.45,59.51,147,CLZ5
2025-11-14 09:13:00+00:00,33,1,651434,59.5,59.51,59.48,59.49,71,CLZ5
2025-11-14 09:14:00+00:00,33,1,651434,59.49,59.56,59.48,59.56,146,CLZ5
2025-11-14 09:15:00+00:00,33,1,651434,59.55,59.66,59.55,59.63,317,CLZ5
2025-11-14 09:16:00+00:00,33,1,651434,59.62,59.69,59.62,59.67,142,CLZ5
2025-11-14 09:17:00+00:00,33,1,651434,59.66,59.67,59.63,59.63,80,CLZ5
2025-11-14 09:18:00+00:00,33,1,651434,59.62,59.63,59.61,59.63,15,CLZ5
2025-11-14 09:19:00+00:00,33,1,651434,59.62,59.62,59.53,59.53,80,CLZ5
2025-11-14 09:20:00+00:00,33,1,651434,59.54,59.54,59.52,59.52,36,CLZ5
2025-11-14 09:21:00+00:00,33,1,651434,59.51,59.52,59.49,59.5,87,CLZ5
2025-11-14 09:22:00+00:00,33,1,651434,59.5,59.52,59.46,59.46,104,CLZ5
2025-11-14 09:23:00+00:00,33,1,651434,59.46,59.47,59.45,59.47,53,CLZ5
2025-11-14 09:24:00+00:00,33,1,651434,59.47,59.47,59.41,59.42,95,CLZ5
2025-11-14 09:25:00+00:00,33,1,651434,59.43,59.43,59.41,59.43,60,CLZ5
2025-11-14 09:26:00+00:00,33,1,651434,59.43,59.48,59.43,59.47,54,CLZ5
2025-11-14 09:27:00+00:00,33,1,651434,59.47,59.47,59.42,59.44,53,CLZ5
2025-11-14 09:28:00+00:00,33,1,651434,59.44,59.5,59.44,59.49,88,CLZ5
2025-11-14 09:29:00+00:00,33,1,651434,59.48,59.52,59.48,59.51,54,CLZ5
2025-11-14 09:30:00+00:00,33,1,651434,59.51,59.51,59.48,59.48,48,CLZ5
2025-11-14 09:31:00+00:00,33,1,651434,59.49,59.56,59.49,59.56,95,CLZ5
2025-11-14 09:32:00+00:00,33,1,651434,59.57,59.6,59.56,59.6,91,CLZ5
2025-11-14 09:33:00+00:00,33,1,651434,59.59,59.63,59.59,59.62,117,CLZ5
2025-11-14 09:34:00+00:00,33,1,651434,59.62,59.65,59.61,59.65,35,CLZ5
2025-11-14 09:35:00+00:00,33,1,651434,59.64,59.65,59.61,59.62,23,CLZ5
2025-11-14 09:36:00+00:00,33,1,651434,59.63,59.63,59.61,59.62,46,CLZ5
2025-11-14 09:37:00+00:00,33,1,651434,59.63,59.67,59.63,59.66,94,CLZ5
2025-11-14 09:38:00+00:00,33,1,651434,59.66,59.66,59.61,59.64,97,CLZ5
2025-11-14 09:39:00+00:00,33,1,651434,59.64,59.67,59.64,59.66,23,CLZ5
2025-11-14 09:40:00+00:00,33,1,651434,59.66,59.73,59.66,59.71,343,CLZ5
2025-11-14 09:41:00+00:00,33,1,651434,59.71,59.71,59.67,59.68,229,CLZ5
2025-11-14 09:42:00+00:00,33,1,651434,59.68,59.74,59.68,59.74,119,CLZ5
2025-11-14 09:43:00+00:00,33,1,651434,59.73,59.75,59.71,59.72,134,CLZ5
2025-11-14 09:44:00+00:00,33,1,651434,59.71,59.78,59.7,59.76,133,CLZ5
2025-11-14 09:45:00+00:00,33,1,651434,59.77,59.77,59.7,59.72,119,CLZ5
2025-11-14 09:46:00+00:00,33,1,651434,59.73,59.8,59.73,59.77,203,CLZ5
2025-11-14 09:47:00+00:00,33,1,651434,59.77,59.86,59.75,59.84,357,CLZ5
2025-11-14 09:48:00+00:00,33,1,651434,59.84,59.9,59.83,59.88,186,CLZ5
2025-11-14 09:49:00+00:00,33,1,651434,59.87,59.93,59.87,59.91,206,CLZ5
2025-11-14 09:50:00+00:00,33,1,651434,59.91,59.93,59.89,59.93,96,CLZ5
2025-11-14 09:51:00+00:00,33,1,651434,59.94,60.02,59.94,59.97,360,CLZ5
2025-11-14 09:52:00+00:00,33,1,651434,59.96,59.96,59.9,59.92,207,CLZ5
2025-11-14 09:53:00+00:00,33,1,651434,59.93,59.96,59.88,59.92,168,CLZ5
2025-11-14 09:54:00+00:00,33,1,651434,59.92,59.95,59.9,59.9,116,CLZ5
2025-11-14 09:55:00+00:00,33,1,651434,59.9,59.9,59.86,59.87,116,CLZ5
2025-11-14 09:56:00+00:00,33,1,651434,59.88,59.92,59.86,59.87,99,CLZ5
2025-11-14 09:57:00+00:00,33,1,651434,59.87,59.87,59.85,59.86,31,CLZ5
2025-11-14 09:58:00+00:00,33,1,651434,59.86,59.9,59.83,59.89,89,CLZ5
2025-11-14 09:59:00+00:00,33,1,651434,59.89,59.89,59.86,59.86,61,CLZ5
2025-11-14 10:00:00+00:00,33,1,651434,59.85,59.9,59.82,59.89,160,CLZ5
2025-11-14 10:01:00+00:00,33,1,651434,59.89,59.97,59.88,59.97,228,CLZ5
2025-11-14 10:02:00+00:00,33,1,651434,59.98,59.98,59.88,59.96,156,CLZ5
2025-11-14 10:03:00+00:00,33,1,651434,59.96,59.97,59.93,59.93,82,CLZ5
2025-11-14 10:04:00+00:00,33,1,651434,59.94,60.0,59.94,59.99,126,CLZ5
2025-11-14 10:05:00+00:00,33,1,651434,59.99,59.99,59.95,59.95,85,CLZ5
2025-11-14 10:06:00+00:00,33,1,651434,59.96,60.03,59.95,60.01,146,CLZ5
2025-11-14 10:07:00+00:00,33,1,651434,60.01,60.01,59.97,59.97,53,CLZ5
2025-11-14 10:08:00+00:00,33,1,651434,59.97,60.0,59.96,60.0,83,CLZ5
2025-11-14 10:09:00+00:00,33,1,651434,60.0,60.04,60.0,60.03,108,CLZ5
2025-11-14 10:10:00+00:00,33,1,651434,60.03,60.04,60.02,60.04,73,CLZ5
2025-11-14 10:11:00+00:00,33,1,651434,60.04,60.06,60.03,60.04,105,CLZ5
2025-11-14 10:12:00+00:00,33,1,651434,60.04,60.05,60.03,60.05,100,CLZ5
2025-11-14 10:13:00+00:00,33,1,651434,60.04,60.1,60.04,60.1,182,CLZ5
2025-11-14 10:14:00+00:00,33,1,651434,60.11,60.15,60.11,60.12,439,CLZ5
2025-11-14 10:15:00+00:00,33,1,651434,60.12,60.17,60.12,60.15,177,CLZ5
2025-11-14 10:16:00+00:00,33,1,651434,60.15,60.18,60.14,60.16,205,CLZ5
2025-11-14 10:17:00+00:00,33,1,651434,60.15,60.2,60.15,60.2,172,CLZ5
2025-11-14 10:18:00+00:00,33,1,651434,60.19,60.2,60.17,60.19,247,CLZ5
2025-11-14 10:19:00+00:00,33,1,651434,60.19,60.24,60.18,60.22,206,CLZ5
2025-11-14 10:20:00+00:00,33,1,651434,60.22,60.23,60.2,60.21,186,CLZ5
2025-11-14 10:21:00+00:00,33,1,651434,60.22,60.29,60.22,60.27,205,CLZ5
2025-11-14 10:22:00+00:00,33,1,651434,60.28,60.32,60.27,60.31,293,CLZ5
2025-11-14 10:23:00+00:00,33,1,651434,60.31,60.36,60.3,60.34,181,CLZ5
2025-11-14 10:24:00+00:00,33,1,651434,60.34,60.35,60.3,60.31,73,CLZ5
2025-11-14 10:25:00+00:00,33,1,651434,60.3,60.31,60.27,60.29,240,CLZ5
2025-11-14 10:26:00+00:00,33,1,651434,60.29,60.3,60.27,60.27,113,CLZ5
2025-11-14 10:27:00+00:00,33,1,651434,60.28,60.32,60.27,60.32,89,CLZ5
2025-11-14 10:28:00+00:00,33,1,651434,60.32,60.34,60.31,60.31,173,CLZ5
2025-11-14 10:29:00+00:00,33,1,651434,60.31,60.36,60.31,60.35,113,CLZ5
2025-11-14 10:30:00+00:00,33,1,651434,60.35,60.36,60.23,60.24,316,CLZ5
2025-11-14 10:31:00+00:00,33,1,651434,60.24,60.3,60.23,60.27,251,CLZ5
2025-11-14 10:32:00+00:00,33,1,651434,60.26,60.27,60.24,60.24,371,CLZ5
2025-11-14 10:33:00+00:00,33,1,651434,60.24,60.24,60.17,60.18,631,CLZ5
2025-11-14 10:34:00+00:00,33,1,651434,60.19,60.24,60.19,60.24,160,CLZ5
2025-11-14 10:35:00+00:00,33,1,651434,60.23,60.27,60.22,60.26,114,CLZ5
2025-11-14 10:36:00+00:00,33,1,651434,60.25,60.25,60.19,60.23,112,CLZ5
2025-11-14 10:37:00+00:00,33,1,651434,60.23,60.25,60.22,60.22,55,CLZ5
2025-11-14 10:38:00+00:00,33,1,651434,60.23,60.27,60.22,60.27,157,CLZ5
2025-11-14 10:39:00+00:00,33,1,651434,60.26,60.3,60.24,60.3,184,CLZ5
2025-11-14 10:40:00+00:00,33,1,651434,60.3,60.3,60.24,60.27,100,CLZ5
2025-11-14 10:41:00+00:00,33,1,651434,60.26,60.3,60.26,60.26,117,CLZ5
2025-11-14 10:42:00+00:00,33,1,651434,60.27,60.27,60.21,60.21,225,CLZ5
2025-11-14 10:43:00+00:00,33,1,651434,60.2,60.21,60.19,60.21,67,CLZ5
2025-11-14 10:44:00+00:00,33,1,651434,60.22,60.26,60.21,60.24,53,CLZ5
2025-11-14 10:45:00+00:00,33,1,651434,60.24,60.25,60.22,60.24,95,CLZ5
2025-11-14 10:46:00+00:00,33,1,651434,60.24,60.25,60.21,60.25,115,CLZ5
2025-11-14 10:47:00+00:00,33,1,651434,60.24,60.28,60.24,60.25,118,CLZ5
2025-11-14 10:48:00+00:00,33,1,651434,60.25,60.25,60.21,60.21,107,CLZ5
2025-11-14 10:49:00+00:00,33,1,651434,60.21,60.22,60.16,60.19,132,CLZ5
2025-11-14 10:50:00+00:00,33,1,651434,60.21,60.23,60.18,60.19,103,CLZ5
2025-11-14 10:51:00+00:00,33,1,651434,60.2,60.23,60.2,60.2,31,CLZ5
2025-11-14 10:52:00+00:00,33,1,651434,60.21,60.22,60.19,60.21,92,CLZ5
2025-11-14 10:53:00+00:00,33,1,651434,60.21,60.25,60.21,60.22,152,CLZ5
2025-11-14 10:54:00+00:00,33,1,651434,60.22,60.26,60.21,60.25,89,CLZ5
2025-11-14 10:55:00+00:00,33,1,651434,60.26,60.29,60.24,60.27,100,CLZ5
2025-11-14 10:56:00+00:00,33,1,651434,60.27,60.27,60.23,60.23,95,CLZ5
2025-11-14 10:57:00+00:00,33,1,651434,60.23,60.26,60.22,60.26,122,CLZ5
2025-11-14 10:58:00+00:00,33,1,651434,60.26,60.29,60.26,60.29,127,CLZ5
2025-11-14 10:59:00+00:00,33,1,651434,60.29,60.37,60.29,60.35,324,CLZ5
2025-11-14 11:00:00+00:00,33,1,651434,60.35,60.36,60.31,60.33,232,CLZ5
2025-11-14 11:01:00+00:00,33,1,651434,60.33,60.34,60.3,60.31,87,CLZ5
2025-11-14 11:02:00+00:00,33,1,651434,60.31,60.32,60.28,60.31,188,CLZ5
2025-11-14 11:03:00+00:00,33,1,651434,60.31,60.31,60.27,60.31,188,CLZ5
2025-11-14 11:04:00+00:00,33,1,651434,60.31,60.34,60.28,60.28,226,CLZ5
2025-11-14 11:05:00+00:00,33,1,651434,60.28,60.32,60.27,60.3,110,CLZ5
2025-11-14 11:06:00+00:00,33,1,651434,60.3,60.31,60.28,60.29,21,CLZ5
2025-11-14 11:07:00+00:00,33,1,651434,60.29,60.3,60.24,60.24,92,CLZ5
2025-11-14 11:08:00+00:00,33,1,651434,60.24,60.26,60.21,60.23,73,CLZ5
2025-11-14 11:09:00+00:00,33,1,651434,60.23,60.25,60.23,60.23,40,CLZ5
2025-11-14 11:10:00+00:00,33,1,651434,60.23,60.28,60.23,60.28,119,CLZ5
2025-11-14 11:11:00+00:00,33,1,651434,60.28,60.3,60.27,60.29,30,CLZ5
2025-11-14 11:12:00+00:00,33,1,651434,60.3,60.3,60.26,60.26,68,CLZ5
2025-11-14 11:13:00+00:00,33,1,651434,60.26,60.3,60.26,60.29,115,CLZ5
2025-11-14 11:14:00+00:00,33,1,651434,60.29,60.29,60.24,60.26,206,CLZ5
2025-11-14 11:15:00+00:00,33,1,651434,60.26,60.28,60.25,60.27,38,CLZ5
2025-11-14 11:16:00+00:00,33,1,651434,60.26,60.26,60.24,60.24,61,CLZ5
2025-11-14 11:17:00+00:00,33,1,651434,60.24,60.24,60.21,60.22,62,CLZ5
2025-11-14 11:18:00+00:00,33,1,651434,60.21,60.22,60.2,60.21,64,CLZ5
2025-11-14 11:19:00+00:00,33,1,651434,60.2,60.23,60.19,60.2,106,CLZ5
2025-11-14 11:20:00+00:00,33,1,651434,60.2,60.21,60.13,60.14,282,CLZ5
2025-11-14 11:21:00+00:00,33,1,651434,60.14,60.15,60.05,60.11,580,CLZ5
2025-11-14 11:22:00+00:00,33,1,651434,60.11,60.18,60.1,60.17,97,CLZ5
2025-11-14 11:23:00+00:00,33,1,651434,60.17,60.18,60.16,60.17,57,CLZ5
2025-11-14 11:24:00+00:00,33,1,651434,60.18,60.22,60.18,60.22,93,CLZ5
2025-11-14 11:25:00+00:00,33,1,651434,60.22,60.23,60.21,60.22,66,CLZ5
2025-11-14 11:26:00+00:00,33,1,651434,60.21,60.22,60.19,60.21,82,CLZ5
2025-11-14 11:27:00+00:00,33,1,651434,60.2,60.26,60.18,60.23,136,CLZ5
2025-11-14 11:28:00+00:00,33,1,651434,60.24,60.24,60.21,60.22,56,CLZ5
2025-11-14 11:29:00+00:00,33,1,651434,60.22,60.24,60.22,60.23,55,CLZ5
2025-11-14 11:30:00+00:00,33,1,651434,60.23,60.29,60.2,60.29,102,CLZ5
2025-11-14 11:31:00+00:00,33,1,651434,60.29,60.3,60.26,60.27,109,CLZ5
2025-11-14 11:32:00+00:00,33,1,651434,60.26,60.29,60.25,60.25,121,CLZ5
2025-11-14 11:33:00+00:00,33,1,651434,60.26,60.28,60.25,60.28,53,CLZ5
2025-11-14 11:34:00+00:00,33,1,651434,60.27,60.3,60.27,60.29,114,CLZ5
2025-11-14 11:35:00+00:00,33,1,651434,60.28,60.28,60.23,60.23,169,CLZ5
2025-11-14 11:36:00+00:00,33,1,651434,60.23,60.24,60.19,60.19,75,CLZ5
2025-11-14 11:37:00+00:00,33,1,651434,60.19,60.19,60.17,60.18,55,CLZ5
2025-11-14 11:38:00+00:00,33,1,651434,60.18,60.2,60.07,60.19,397,CLZ5
2025-11-14 11:39:00+00:00,33,1,651434,60.18,60.23,60.18,60.22,43,CLZ5
2025-11-14 11:40:00+00:00,33,1,651434,60.22,60.24,60.22,60.22,47,CLZ5
2025-11-14 11:41:00+00:00,33,1,651434,60.22,60.25,60.2,60.24,168,CLZ5
2025-11-14 11:42:00+00:00,33,1,651434,60.24,60.24,60.22,60.24,70,CLZ5
2025-11-14 11:43:00+00:00,33,1,651434,60.24,60.25,60.22,60.23,114,CLZ5
2025-11-14 11:44:00+00:00,33,1,651434,60.22,60.25,60.0,60.07,1431,CLZ5
2025-11-14 11:45:00+00:00,33,1,651434,60.07,60.12,60.05,60.11,294,CLZ5
2025-11-14 11:46:00+00:00,33,1,651434,60.11,60.16,60.08,60.09,159,CLZ5
2025-11-14 11:47:00+00:00,33,1,651434,60.1,60.11,59.95,59.98,418,CLZ5
2025-11-14 11:48:00+00:00,33,1,651434,59.99,59.99,59.9,59.94,543,CLZ5
2025-11-14 11:49:00+00:00,33,1,651434,59.94,59.94,59.86,59.87,649,CLZ5
2025-11-14 11:50:00+00:00,33,1,651434,59.87,59.88,59.8,59.85,516,CLZ5
2025-11-14 11:51:00+00:00,33,1,651434,59.86,59.9,59.84,59.86,228,CLZ5
2025-11-14 11:52:00+00:00,33,1,651434,59.86,59.86,59.75,59.77,429,CLZ5
2025-11-14 11:53:00+00:00,33,1,651434,59.76,59.77,59.63,59.66,667,CLZ5
2025-11-14 11:54:00+00:00,33,1,651434,59.67,59.67,59.56,59.57,416,CLZ5
2025-11-14 11:55:00+00:00,33,1,651434,59.57,59.57,59.43,59.43,444,CLZ5
2025-11-14 11:56:00+00:00,33,1,651434,59.42,59.51,59.38,59.39,627,CLZ5
2025-11-14 11:57:00+00:00,33,1,651434,59.39,59.5,59.38,59.5,596,CLZ5
2025-11-14 11:58:00+00:00,33,1,651434,59.49,59.52,59.46,59.49,396,CLZ5
2025-11-14 11:59:00+00:00,33,1,651434,59.5,59.57,59.5,59.56,294,CLZ5
2025-11-14 12:00:00+00:00,33,1,651434,59.56,59.59,59.53,59.56,298,CLZ5
2025-11-14 12:01:00+00:00,33,1,651434,59.55,59.65,59.55,59.58,575,CLZ5
2025-11-14 12:02:00+00:00,33,1,651434,59.57,59.6,59.55,59.6,103,CLZ5
2025-11-14 12:03:00+00:00,33,1,651434,59.61,59.67,59.59,59.66,176,CLZ5
2025-11-14 12:04:00+00:00,33,1,651434,59.67,59.74,59.66,59.71,243,CLZ5
2025-11-14 12:05:00+00:00,33,1,651434,59.72,59.79,59.72,59.77,254,CLZ5
2025-11-14 12:06:00+00:00,33,1,651434,59.76,59.77,59.7,59.75,165,CLZ5
2025-11-14 12:07:00+00:00,33,1,651434,59.74,59.76,59.69,59.74,165,CLZ5
2025-11-14 12:08:00+00:00,33,1,651434,59.74,59.74,59.7,59.73,62,CLZ5
2025-11-14 12:09:00+00:00,33,1,651434,59.74,59.75,59.72,59.74,23,CLZ5
2025-11-14 12:10:00+00:00,33,1,651434,59.73,59.77,59.72,59.73,85,CLZ5
2025-11-14 12:11:00+00:00,33,1,651434,59.73,59.74,59.64,59.64,118,CLZ5
2025-11-14 12:12:00+00:00,33,1,651434,59.65,59.65,59.63,59.65,54,CLZ5
2025-11-14 12:13:00+00:00,33,1,651434,59.65,59.7,59.65,59.69,94,CLZ5
2025-11-14 12:14:00+00:00,33,1,651434,59.68,59.71,59.68,59.7,50,CLZ5
2025-11-14 12:15:00+00:00,33,1,651434,59.69,59.71,59.66,59.66,47,CLZ5
2025-11-14 12:16:00+00:00,33,1,651434,59.65,59.7,59.65,59.68,41,CLZ5
2025-11-14 12:17:00+00:00,33,1,651434,59.67,59.67,59.62,59.66,136,CLZ5
2025-11-14 12:18:00+00:00,33,1,651434,59.67,59.69,59.66,59.68,35,CLZ5
2025-11-14 12:19:00+00:00,33,1,651434,59.68,59.68,59.65,59.65,44,CLZ5
2025-11-14 12:20:00+00:00,33,1,651434,59.65,59.65,59.6,59.6,169,CLZ5
2025-11-14 12:21:00+00:00,33,1,651434,59.6,59.62,59.58,59.6,107,CLZ5
2025-11-14 12:22:00+00:00,33,1,651434,59.61,59.62,59.58,59.6,176,CLZ5
2025-11-14 12:23:00+00:00,33,1,651434,59.6,59.62,59.59,59.59,41,CLZ5
2025-11-14 12:24:00+00:00,33,1,651434,59.6,59.61,59.56,59.58,63,CLZ5
2025-11-14 12:25:00+00:00,33,1,651434,59.58,59.59,59.56,59.59,78,CLZ5
2025-11-14 12:26:00+00:00,33,1,651434,59.59,59.59,59.53,59.54,93,CLZ5
2025-11-14 12:27:00+00:00,33,1,651434,59.54,59.56,59.54,59.55,110,CLZ5
2025-11-14 12:28:00+00:00,33,1,651434,59.55,59.57,59.55,59.55,63,CLZ5
2025-11-14 12:29:00+00:00,33,1,651434,59.54,59.55,59.51,59.52,127,CLZ5
2025-11-14 12:30:00+00:00,33,1,651434,59.51,59.56,59.51,59.51,108,CLZ5
2025-11-14 12:31:00+00:00,33,1,651434,59.51,59.56,59.5,59.55,172,CLZ5
2025-11-14 12:32:00+00:00,33,1,651434,59.54,59.55,59.52,59.52,29,CLZ5
2025-11-14 12:33:00+00:00,33,1,651434,59.52,59.54,59.5,59.51,87,CLZ5
2025-11-14 12:34:00+00:00,33,1,651434,59.5,59.61,59.5,59.61,121,CLZ5
2025-11-14 12:35:00+00:00,33,1,651434,59.61,59.63,59.59,59.62,153,CLZ5
2025-11-14 12:36:00+00:00,33,1,651434,59.62,59.62,59.59,59.61,58,CLZ5
2025-11-14 12:37:00+00:00,33,1,651434,59.61,59.62,59.57,59.58,119,CLZ5
2025-11-14 12:38:00+00:00,33,1,651434,59.57,59.57,59.52,59.53,50,CLZ5
2025-11-14 12:39:00+00:00,33,1,651434,59.54,59.56,59.52,59.53,183,CLZ5
2025-11-14 12:40:00+00:00,33,1,651434,59.52,59.55,59.52,59.53,79,CLZ5
2025-11-14 12:41:00+00:00,33,1,651434,59.53,59.54,59.52,59.52,60,CLZ5
2025-11-14 12:42:00+00:00,33,1,651434,59.52,59.54,59.51,59.52,165,CLZ5
2025-11-14 12:43:00+00:00,33,1,651434,59.51,59.55,59.51,59.55,128,CLZ5
2025-11-14 12:44:00+00:00,33,1,651434,59.55,59.57,59.53,59.56,67,CLZ5
2025-11-14 12:45:00+00:00,33,1,651434,59.56,59.61,59.56,59.6,108,CLZ5
2025-11-14 12:46:00+00:00,33,1,651434,59.61,59.61,59.6,59.6,55,CLZ5
2025-11-14 12:47:00+00:00,33,1,651434,59.6,59.67,59.6,59.66,180,CLZ5
2025-11-14 12:48:00+00:00,33,1,651434,59.65,59.66,59.62,59.63,80,CLZ5
2025-11-14 12:49:00+00:00,33,1,651434,59.63,59.63,59.56,59.59,209,CLZ5
2025-11-14 12:50:00+00:00,33,1,651434,59.58,59.65,59.57,59.65,126,CLZ5
2025-11-14 12:51:00+00:00,33,1,651434,59.66,59.68,59.65,59.65,176,CLZ5
2025-11-14 12:52:00+00:00,33,1,651434,59.64,59.64,59.6,59.6,70,CLZ5
2025-11-14 12:53:00+00:00,33,1,651434,59.59,59.64,59.56,59.63,77,CLZ5
2025-11-14 12:54:00+00:00,33,1,651434,59.63,59.63,59.61,59.61,48,CLZ5
2025-11-14 12:55:00+00:00,33,1,651434,59.61,59.63,59.59,59.62,77,CLZ5
2025-11-14 12:56:00+00:00,33,1,651434,59.62,59.64,59.6,59.6,66,CLZ5
2025-11-14 12:57:00+00:00,33,1,651434,59.6,59.61,59.59,59.59,40,CLZ5
2025-11-14 12:58:00+00:00,33,1,651434,59.59,59.6,59.53,59.53,161,CLZ5
2025-11-14 12:59:00+00:00,33,1,651434,59.53,59.53,59.5,59.53,66,CLZ5
2025-11-14 13:00:00+00:00,33,1,651434,59.53,59.71,59.53,59.7,472,CLZ5
2025-11-14 13:01:00+00:00,33,1,651434,59.7,59.75,59.68,59.68,182,CLZ5
2025-11-14 13:02:00+00:00,33,1,651434,59.67,59.77,59.67,59.74,217,CLZ5
2025-11-14 13:03:00+00:00,33,1,651434,59.75,59.77,59.7,59.71,106,CLZ5
2025-11-14 13:04:00+00:00,33,1,651434,59.72,59.74,59.7,59.71,63,CLZ5
2025-11-14 13:05:00+00:00,33,1,651434,59.72,59.72,59.65,59.66,80,CLZ5
2025-11-14 13:06:00+00:00,33,1,651434,59.66,59.69,59.66,59.66,115,CLZ5
2025-11-14 13:07:00+00:00,33,1,651434,59.66,59.69,59.65,59.67,89,CLZ5
2025-11-14 13:08:00+00:00,33,1,651434,59.68,59.71,59.67,59.68,84,CLZ5
2025-11-14 13:09:00+00:00,33,1,651434,59.68,59.7,59.65,59.67,122,CLZ5
2025-11-14 13:10:00+00:00,33,1,651434,59.67,59.69,59.67,59.69,66,CLZ5
2025-11-14 13:11:00+00:00,33,1,651434,59.69,59.7,59.66,59.68,215,CLZ5
2025-11-14 13:12:00+00:00,33,1,651434,59.68,59.71,59.68,59.7,75,CLZ5
2025-11-14 13:13:00+00:00,33,1,651434,59.7,59.71,59.66,59.67,94,CLZ5
2025-11-14 13:14:00+00:00,33,1,651434,59.67,59.73,59.67,59.73,57,CLZ5
2025-11-14 13:15:00+00:00,33,1,651434,59.73,59.73,59.69,59.72,111,CLZ5
2025-11-14 13:16:00+00:00,33,1,651434,59.72,59.77,59.71,59.73,238,CLZ5
2025-11-14 13:17:00+00:00,33,1,651434,59.72,59.75,59.71,59.72,159,CLZ5
2025-11-14 13:18:00+00:00,33,1,651434,59.72,59.73,59.7,59.72,166,CLZ5
2025-11-14 13:19:00+00:00,33,1,651434,59.71,59.72,59.65,59.65,79,CLZ5
2025-11-14 13:20:00+00:00,33,1,651434,59.65,59.67,59.63,59.63,77,CLZ5
2025-11-14 13:21:00+00:00,33,1,651434,59.62,59.66,59.59,59.64,225,CLZ5
2025-11-14 13:22:00+00:00,33,1,651434,59.64,59.64,59.59,59.62,226,CLZ5
2025-11-14 13:23:00+00:00,33,1,651434,59.62,59.66,59.61,59.65,99,CLZ5
2025-11-14 13:24:00+00:00,33,1,651434,59.66,59.67,59.63,59.66,57,CLZ5
2025-11-14 13:25:00+00:00,33,1,651434,59.66,59.66,59.64,59.64,71,CLZ5
2025-11-14 13:26:00+00:00,33,1,651434,59.64,59.65,59.57,59.59,129,CLZ5
2025-11-14 13:27:00+00:00,33,1,651434,59.57,59.62,59.56,59.56,150,CLZ5
2025-11-14 13:28:00+00:00,33,1,651434,59.55,59.6,59.55,59.57,59,CLZ5
2025-11-14 13:29:00+00:00,33,1,651434,59.58,59.58,59.55,59.57,37,CLZ5
2025-11-14 13:30:00+00:00,33,1,651434,59.55,59.56,59.46,59.53,336,CLZ5
2025-11-14 13:31:00+00:00,33,1,651434,59.53,59.54,59.49,59.52,178,CLZ5
2025-11-14 13:32:00+00:00,33,1,651434,59.52,59.56,59.52,59.54,214,CLZ5
2025-11-14 13:33:00+00:00,33,1,651434,59.53,59.55,59.51,59.53,91,CLZ5
2025-11-14 13:34:00+00:00,33,1,651434,59.53,59.56,59.52,59.54,117,CLZ5
2025-11-14 13:35:00+00:00,33,1,651434,59.53,59.58,59.49,59.53,227,CLZ5
2025-11-14 13:36:00+00:00,33,1,651434,59.54,59.61,59.54,59.6,206,CLZ5
2025-11-14 13:37:00+00:00,33,1,651434,59.6,59.63,59.59,59.61,76,CLZ5
2025-11-14 13:38:00+00:00,33,1,651434,59.62,59.67,59.62,59.63,168,CLZ5
2025-11-14 13:39:00+00:00,33,1,651434,59.63,59.67,59.62,59.67,158,CLZ5
2025-11-14 13:40:00+00:00,33,1,651434,59.67,59.7,59.65,59.69,164,CLZ5
2025-11-14 13:41:00+00:00,33,1,651434,59.71,59.72,59.68,59.7,87,CLZ5
2025-11-14 13:42:00+00:00,33,1,651434,59.72,59.78,59.7,59.77,452,CLZ5
2025-11-14 13:43:00+00:00,33,1,651434,59.78,59.79,59.77,59.77,153,CLZ5
2025-11-14 13:44:00+00:00,33,1,651434,59.77,59.77,59.72,59.76,57,CLZ5
2025-11-14 13:45:00+00:00,33,1,651434,59.76,59.78,59.72,59.73,83,CLZ5
2025-11-14 13:46:00+00:00,33,1,651434,59.72,59.74,59.7,59.73,221,CLZ5
2025-11-14 13:47:00+00:00,33,1,651434,59.74,59.77,59.73,59.75,102,CLZ5
2025-11-14 13:48:00+00:00,33,1,651434,59.76,59.79,59.74,59.75,164,CLZ5
2025-11-14 13:49:00+00:00,33,1,651434,59.76,59.77,59.73,59.75,143,CLZ5
2025-11-14 13:50:00+00:00,33,1,651434,59.75,59.9,59.74,59.89,302,CLZ5
2025-11-14 13:51:00+00:00,33,1,651434,59.88,59.89,59.82,59.87,221,CLZ5
2025-11-14 13:52:00+00:00,33,1,651434,59.87,59.88,59.85,59.85,118,CLZ5
2025-11-14 13:53:00+00:00,33,1,651434,59.85,59.87,59.84,59.85,111,CLZ5
2025-11-14 13:54:00+00:00,33,1,651434,59.85,59.86,59.78,59.78,138,CLZ5
2025-11-14 13:55:00+00:00,33,1,651434,59.77,59.85,59.77,59.84,218,CLZ5
2025-11-14 13:56:00+00:00,33,1,651434,59.84,59.88,59.83,59.85,151,CLZ5
2025-11-14 13:57:00+00:00,33,1,651434,59.83,59.83,59.79,59.82,105,CLZ5
2025-11-14 13:58:00+00:00,33,1,651434,59.82,59.85,59.81,59.84,102,CLZ5
2025-11-14 13:59:00+00:00,33,1,651434,59.83,59.84,59.77,59.77,150,CLZ5
2025-11-14 14:00:00+00:00,33,1,651434,59.78,59.83,59.72,59.82,494,CLZ5
2025-11-14 14:01:00+00:00,33,1,651434,59.82,59.85,59.8,59.8,181,CLZ5
2025-11-14 14:02:00+00:00,33,1,651434,59.81,59.82,59.77,59.79,126,CLZ5
2025-11-14 14:03:00+00:00,33,1,651434,59.79,59.79,59.72,59.74,179,CLZ5
2025-11-14 14:04:00+00:00,33,1,651434,59.74,59.83,59.73,59.82,373,CLZ5
2025-11-14 14:05:00+00:00,33,1,651434,59.82,59.94,59.82,59.92,415,CLZ5
2025-11-14 14:06:00+00:00,33,1,651434,59.92,59.98,59.9,59.98,310,CLZ5
2025-11-14 14:07:00+00:00,33,1,651434,59.97,60.0,59.95,59.97,349,CLZ5
2025-11-14 14:08:00+00:00,33,1,651434,59.98,59.98,59.94,59.94,98,CLZ5
2025-11-14 14:09:00+00:00,33,1,651434,59.94,59.97,59.9,59.95,245,CLZ5
2025-11-14 14:10:00+00:00,33,1,651434,59.95,59.99,59.94,59.97,271,CLZ5
2025-11-14 14:11:00+00:00,33,1,651434,59.98,60.03,59.97,60.02,345,CLZ5
2025-11-14 14:12:00+00:00,33,1,651434,60.01,60.03,60.0,60.01,183,CLZ5
2025-11-14 14:13:00+00:00,33,1,651434,60.01,60.02,59.98,60.01,234,CLZ5
2025-11-14 14:14:00+00:00,33,1,651434,60.02,60.05,59.98,60.04,250,CLZ5
2025-11-14 14:15:00+00:00,33,1,651434,60.05,60.08,59.99,60.0,292,CLZ5
2025-11-14 14:16:00+00:00,33,1,651434,60.01,60.01,59.93,59.94,341,CLZ5
2025-11-14 14:17:00+00:00,33,1,651434,59.94,59.96,59.93,59.95,250,CLZ5
2025-11-14 14:18:00+00:00,33,1,651434,59.95,59.95,59.86,59.89,466,CLZ5
2025-11-14 14:19:00+00:00,33,1,651434,59.89,59.93,59.87,59.93,246,CLZ5
2025-11-14 14:20:00+00:00,33,1,651434,59.92,59.95,59.91,59.93,107,CLZ5
2025-11-14 14:21:00+00:00,33,1,651434,59.93,59.95,59.88,59.9,179,CLZ5
2025-11-14 14:22:00+00:00,33,1,651434,59.9,59.94,59.89,59.93,109,CLZ5
2025-11-14 14:23:00+00:00,33,1,651434,59.94,59.99,59.93,59.96,149,CLZ5
2025-11-14 14:24:00+00:00,33,1,651434,59.95,59.96,59.92,59.93,76,CLZ5
2025-11-14 14:25:00+00:00,33,1,651434,59.93,59.95,59.89,59.9,228,CLZ5
2025-11-14 14:26:00+00:00,33,1,651434,59.9,59.93,59.88,59.92,245,CLZ5
2025-11-14 14:27:00+00:00,33,1,651434,59.93,59.93,59.85,59.85,240,CLZ5
2025-11-14 14:28:00+00:00,33,1,651434,59.86,59.86,59.84,59.85,139,CLZ5
2025-11-14 14:29:00+00:00,33,1,651434,59.85,59.87,59.82,59.83,234,CLZ5
2025-11-14 14:30:00+00:00,33,1,651434,59.84,59.86,59.79,59.83,263,CLZ5
2025-11-14 14:31:00+00:00,33,1,651434,59.84,59.86,59.8,59.83,467,CLZ5
2025-11-14 14:32:00+00:00,33,1,651434,59.82,59.82,59.71,59.71,373,CLZ5
2025-11-14 14:33:00+00:00,33,1,651434,59.7,59.75,59.68,59.71,370,CLZ5
2025-11-14 14:34:00+00:00,33,1,651434,59.72,59.78,59.7,59.76,237,CLZ5
2025-11-14 14:35:00+00:00,33,1,651434,59.75,59.84,59.72,59.82,268,CLZ5
2025-11-14 14:36:00+00:00,33,1,651434,59.82,59.84,59.77,59.78,194,CLZ5
2025-11-14 14:37:00+00:00,33,1,651434,59.78,59.81,59.73,59.79,260,CLZ5
2025-11-14 14:38:00+00:00,33,1,651434,59.79,59.8,59.73,59.77,112,CLZ5
2025-11-14 14:39:00+00:00,33,1,651434,59.77,59.79,59.75,59.75,232,CLZ5
2025-11-14 14:40:00+00:00,33,1,651434,59.74,59.77,59.72,59.76,316,CLZ5
2025-11-14 14:41:00+00:00,33,1,651434,59.75,59.83,59.75,59.82,427,CLZ5
2025-11-14 14:42:00+00:00,33,1,651434,59.82,59.84,59.73,59.73,477,CLZ5
2025-11-14 14:43:00+00:00,33,1,651434,59.73,59.77,59.7,59.76,429,CLZ5
2025-11-14 14:44:00+00:00,33,1,651434,59.76,59.79,59.76,59.78,163,CLZ5
2025-11-14 14:45:00+00:00,33,1,651434,59.78,59.82,59.77,59.82,234,CLZ5
2025-11-14 14:46:00+00:00,33,1,651434,59.82,59.9,59.81,59.87,461,CLZ5
2025-11-14 14:47:00+00:00,33,1,651434,59.87,59.93,59.86,59.92,292,CLZ5
2025-11-14 14:48:00+00:00,33,1,651434,59.91,59.91,59.85,59.86,322,CLZ5
2025-11-14 14:49:00+00:00,33,1,651434,59.85,59.86,59.83,59.84,336,CLZ5
2025-11-14 14:50:00+00:00,33,1,651434,59.84,59.9,59.83,59.86,273,CLZ5
2025-11-14 14:51:00+00:00,33,1,651434,59.87,59.97,59.87,59.97,284,CLZ5
2025-11-14 14:52:00+00:00,33,1,651434,59.97,59.99,59.96,59.98,303,CLZ5
2025-11-14 14:53:00+00:00,33,1,651434,59.99,60.04,59.99,60.02,259,CLZ5
2025-11-14 14:54:00+00:00,33,1,651434,60.03,60.03,59.96,59.99,247,CLZ5
2025-11-14 14:55:00+00:00,33,1,651434,60.0,60.0,59.96,59.96,158,CLZ5
2025-11-14 14:56:00+00:00,33,1,651434,59.97,60.01,59.96,59.97,719,CLZ5
2025-11-14 14:57:00+00:00,33,1,651434,59.98,59.99,59.96,59.97,165,CLZ5
2025-11-14 14:58:00+00:00,33,1,651434,59.97,60.0,59.94,59.98,160,CLZ5
2025-11-14 14:59:00+00:00,33,1,651434,59.98,60.04,59.97,60.04,177,CLZ5
2025-11-14 15:00:00+00:00,33,1,651434,60.04,60.05,59.98,59.99,287,CLZ5
2025-11-14 15:01:00+00:00,33,1,651434,59.99,60.0,59.94,60.0,131,CLZ5
2025-11-14 15:02:00+00:00,33,1,651434,60.01,60.01,59.94,59.99,199,CLZ5
2025-11-14 15:03:00+00:00,33,1,651434,59.99,60.02,59.98,60.0,126,CLZ5
2025-11-14 15:04:00+00:00,33,1,651434,60.01,60.06,60.0,60.05,300,CLZ5
2025-11-14 15:05:00+00:00,33,1,651434,60.06,60.14,60.05,60.13,320,CLZ5
2025-11-14 15:06:00+00:00,33,1,651434,60.12,60.13,60.07,60.09,338,CLZ5
2025-11-14 15:07:00+00:00,33,1,651434,60.09,60.09,60.04,60.05,185,CLZ5
2025-11-14 15:08:00+00:00,33,1,651434,60.06,60.08,60.06,60.06,67,CLZ5
2025-11-14 15:09:00+00:00,33,1,651434,60.07,60.07,60.04,60.06,121,CLZ5
2025-11-14 15:10:00+00:00,33,1,651434,60.06,60.1,60.06,60.08,152,CLZ5
2025-11-14 15:11:00+00:00,33,1,651434,60.07,60.07,60.02,60.02,205,CLZ5
2025-11-14 15:12:00+00:00,33,1,651434,60.03,60.03,59.98,59.99,255,CLZ5
2025-11-14 15:13:00+00:00,33,1,651434,59.99,60.02,59.98,60.0,116,CLZ5
2025-11-14 15:14:00+00:00,33,1,651434,59.99,59.99,59.94,59.94,277,CLZ5
2025-11-14 15:15:00+00:00,33,1,651434,59.95,59.99,59.93,59.97,168,CLZ5
2025-11-14 15:16:00+00:00,33,1,651434,59.96,60.01,59.95,60.0,105,CLZ5
2025-11-14 15:17:00+00:00,33,1,651434,60.0,60.0,59.97,59.97,80,CLZ5
2025-11-14 15:18:00+00:00,33,1,651434,59.96,60.02,59.96,60.02,120,CLZ5
2025-11-14 15:19:00+00:00,33,1,651434,60.02,60.05,60.02,60.02,146,CLZ5
2025-11-14 15:20:00+00:00,33,1,651434,60.02,60.04,60.01,60.03,170,CLZ5
2025-11-14 15:21:00+00:00,33,1,651434,60.03,60.05,60.03,60.04,202,CLZ5
2025-11-14 15:22:00+00:00,33,1,651434,60.04,60.06,60.02,60.05,143,CLZ5
2025-11-14 15:23:00+00:00,33,1,651434,60.05,60.06,60.01,60.04,143,CLZ5
2025-11-14 15:24:00+00:00,33,1,651434,60.04,60.06,60.03,60.04,123,CLZ5
2025-11-14 15:25:00+00:00,33,1,651434,60.04,60.04,60.01,60.04,111,CLZ5
2025-11-14 15:26:00+00:00,33,1,651434,60.05,60.06,60.03,60.05,99,CLZ5
2025-11-14 15:27:00+00:00,33,1,651434,60.06,60.06,60.04,60.06,457,CLZ5
2025-11-14 15:28:00+00:00,33,1,651434,60.06,60.11,60.06,60.11,280,CLZ5
2025-11-14 15:29:00+00:00,33,1,651434,60.1,60.1,60.08,60.09,150,CLZ5
2025-11-14 15:30:00+00:00,33,1,651434,60.09,60.13,60.05,60.1,315,CLZ5
2025-11-14 15:31:00+00:00,33,1,651434,60.1,60.13,60.09,60.13,89,CLZ5
2025-11-14 15:32:00+00:00,33,1,651434,60.13,60.2,60.1,60.17,493,CLZ5
2025-11-14 15:33:00+00:00,33,1,651434,60.18,60.18,60.1,60.11,269,CLZ5
2025-11-14 15:34:00+00:00,33,1,651434,60.11,60.14,60.1,60.11,151,CLZ5
2025-11-14 15:35:00+00:00,33,1,651434,60.11,60.17,60.1,60.17,246,CLZ5
2025-11-14 15:36:00+00:00,33,1,651434,60.16,60.17,60.11,60.13,169,CLZ5
2025-11-14 15:37:00+00:00,33,1,651434,60.14,60.18,60.12,60.16,180,CLZ5
2025-11-14 15:38:00+00:00,33,1,651434,60.16,60.16,60.1,60.13,197,CLZ5
2025-11-14 15:39:00+00:00,33,1,651434,60.13,60.16,60.12,60.14,168,CLZ5
2025-11-14 15:40:00+00:00,33,1,651434,60.14,60.18,60.12,60.15,286,CLZ5
2025-11-14 15:41:00+00:00,33,1,651434,60.15,60.16,60.13,60.16,74,CLZ5
2025-11-14 15:42:00+00:00,33,1,651434,60.16,60.2,60.15,60.17,238,CLZ5
2025-11-14 15:43:00+00:00,33,1,651434,60.17,60.2,60.14,60.17,289,CLZ5
2025-11-14 15:44:00+00:00,33,1,651434,60.17,60.21,60.17,60.2,364,CLZ5
2025-11-14 15:45:00+00:00,33,1,651434,60.21,60.28,60.18,60.24,513,CLZ5
2025-11-14 15:46:00+00:00,33,1,651434,60.25,60.31,60.23,60.28,352,CLZ5
2025-11-14 15:47:00+00:00,33,1,651434,60.28,60.28,60.2,60.2,330,CLZ5
2025-11-14 15:48:00+00:00,33,1,651434,60.19,60.21,60.16,60.19,221,CLZ5
2025-11-14 15:49:00+00:00,33,1,651434,60.19,60.24,60.18,60.2,238,CLZ5
2025-11-14 15:50:00+00:00,33,1,651434,60.21,60.23,60.16,60.22,455,CLZ5
2025-11-14 15:51:00+00:00,33,1,651434,60.23,60.28,60.23,60.26,277,CLZ5
2025-11-14 15:52:00+00:00,33,1,651434,60.26,60.26,60.21,60.24,140,CLZ5
2025-11-14 15:53:00+00:00,33,1,651434,60.24,60.24,60.17,60.21,350,CLZ5
2025-11-14 15:54:00+00:00,33,1,651434,60.22,60.23,60.2,60.23,100,CLZ5
2025-11-14 15:55:00+00:00,33,1,651434,60.23,60.23,60.18,60.22,352,CLZ5
2025-11-14 15:56:00+00:00,33,1,651434,60.22,60.24,60.19,60.2,159,CLZ5
2025-11-14 15:57:00+00:00,33,1,651434,60.2,60.25,60.2,60.22,215,CLZ5
2025-11-14 15:58:00+00:00,33,1,651434,60.23,60.27,60.21,60.26,266,CLZ5
2025-11-14 15:59:00+00:00,33,1,651434,60.26,60.28,60.24,60.26,84,CLZ5
2025-11-14 16:00:00+00:00,33,1,651434,60.27,60.28,60.21,60.24,189,CLZ5
2025-11-14 16:01:00+00:00,33,1,651434,60.24,60.25,60.18,60.18,139,CLZ5
2025-11-14 16:02:00+00:00,33,1,651434,60.18,60.25,60.17,60.24,137,CLZ5
2025-11-14 16:03:00+00:00,33,1,651434,60.23,60.26,60.23,60.24,67,CLZ5
2025-11-14 16:04:00+00:00,33,1,651434,60.23,60.24,60.19,60.2,154,CLZ5
2025-11-14 16:05:00+00:00,33,1,651434,60.21,60.21,60.1,60.13,427,CLZ5
2025-11-14 16:06:00+00:00,33,1,651434,60.12,60.14,60.1,60.12,225,CLZ5
2025-11-14 16:07:00+00:00,33,1,651434,60.12,60.17,60.11,60.16,214,CLZ5
2025-11-14 16:08:00+00:00,33,1,651434,60.17,60.23,60.14,60.21,297,CLZ5
2025-11-14 16:09:00+00:00,33,1,651434,60.21,60.27,60.21,60.26,239,CLZ5
2025-11-14 16:10:00+00:00,33,1,651434,60.26,60.28,60.23,60.25,217,CLZ5
2025-11-14 16:11:00+00:00,33,1,651434,60.25,60.25,60.19,60.23,212,CLZ5
2025-11-14 16:12:00+00:00,33,1,651434,60.23,60.24,60.23,60.24,142,CLZ5
2025-11-14 16:13:00+00:00,33,1,651434,60.25,60.27,60.23,60.25,271,CLZ5
2025-11-14 16:14:00+00:00,33,1,651434,60.25,60.27,60.22,60.25,117,CLZ5
2025-11-14 16:15:00+00:00,33,1,651434,60.25,60.27,60.22,60.23,111,CLZ5
2025-11-14 16:16:00+00:00,33,1,651434,60.22,60.22,60.18,60.2,308,CLZ5
2025-11-14 16:17:00+00:00,33,1,651434,60.19,60.27,60.19,60.26,188,CLZ5
2025-11-14 16:18:00+00:00,33,1,651434,60.26,60.3,60.26,60.3,115,CLZ5
2025-11-14 16:19:00+00:00,33,1,651434,60.29,60.3,60.26,60.27,62,CLZ5
2025-11-14 16:20:00+00:00,33,1,651434,60.27,60.31,60.26,60.29,176,CLZ5
2025-11-14 16:21:00+00:00,33,1,651434,60.29,60.34,60.28,60.34,220,CLZ5
2025-11-14 16:22:00+00:00,33,1,651434,60.34,60.35,60.28,60.31,379,CLZ5
2025-11-14 16:23:00+00:00,33,1,651434,60.31,60.36,60.31,60.35,201,CLZ5
2025-11-14 16:24:00+00:00,33,1,651434,60.35,60.4,60.33,60.34,620,CLZ5
2025-11-14 16:25:00+00:00,33,1,651434,60.33,60.34,60.31,60.33,209,CLZ5
2025-11-14 16:26:00+00:00,33,1,651434,60.33,60.36,60.3,60.35,193,CLZ5
2025-11-14 16:27:00+00:00,33,1,651434,60.36,60.37,60.34,60.35,96,CLZ5
2025-11-14 16:28:00+00:00,33,1,651434,60.36,60.37,60.29,60.3,213,CLZ5
2025-11-14 16:29:00+00:00,33,1,651434,60.29,60.29,60.18,60.22,557,CLZ5
2025-11-14 16:30:00+00:00,33,1,651434,60.23,60.29,60.2,60.25,563,CLZ5
2025-11-14 16:31:00+00:00,33,1,651434,60.26,60.3,60.26,60.28,169,CLZ5
2025-11-14 16:32:00+00:00,33,1,651434,60.28,60.3,60.23,60.3,152,CLZ5
2025-11-14 16:33:00+00:00,33,1,651434,60.3,60.3,60.25,60.27,160,CLZ5
2025-11-14 16:34:00+00:00,33,1,651434,60.27,60.27,60.22,60.23,144,CLZ5
2025-11-14 16:35:00+00:00,33,1,651434,60.24,60.27,60.22,60.26,369,CLZ5
2025-11-14 16:36:00+00:00,33,1,651434,60.26,60.32,60.24,60.29,146,CLZ5
2025-11-14 16:37:00+00:00,33,1,651434,60.29,60.31,60.27,60.28,115,CLZ5
2025-11-14 16:38:00+00:00,33,1,651434,60.29,60.33,60.27,60.3,146,CLZ5
2025-11-14 16:39:00+00:00,33,1,651434,60.3,60.31,60.27,60.29,110,CLZ5
2025-11-14 16:40:00+00:00,33,1,651434,60.28,60.31,60.27,60.28,68,CLZ5
2025-11-14 16:41:00+00:00,33,1,651434,60.28,60.28,60.2,60.22,104,CLZ5
2025-11-14 16:42:00+00:00,33,1,651434,60.21,60.23,60.2,60.21,137,CLZ5
2025-11-14 16:43:00+00:00,33,1,651434,60.21,60.26,60.21,60.26,112,CLZ5
2025-11-14 16:44:00+00:00,33,1,651434,60.25,60.25,60.22,60.24,81,CLZ5
2025-11-14 16:45:00+00:00,33,1,651434,60.25,60.26,60.21,60.22,150,CLZ5
2025-11-14 16:46:00+00:00,33,1,651434,60.22,60.26,60.22,60.25,94,CLZ5
2025-11-14 16:47:00+00:00,33,1,651434,60.25,60.26,60.2,60.21,359,CLZ5
2025-11-14 16:48:00+00:00,33,1,651434,60.2,60.25,60.2,60.24,150,CLZ5
2025-11-14 16:49:00+00:00,33,1,651434,60.24,60.26,60.19,60.26,283,CLZ5
2025-11-14 16:50:00+00:00,33,1,651434,60.26,60.3,60.26,60.28,511,CLZ5
2025-11-14 16:51:00+00:00,33,1,651434,60.28,60.31,60.23,60.23,425,CLZ5
2025-11-14 16:52:00+00:00,33,1,651434,60.23,60.23,60.19,60.21,148,CLZ5
2025-11-14 16:53:00+00:00,33,1,651434,60.21,60.24,60.21,60.21,118,CLZ5
2025-11-14 16:54:00+00:00,33,1,651434,60.2,60.21,60.17,60.18,175,CLZ5
2025-11-14 16:55:00+00:00,33,1,651434,60.18,60.2,60.18,60.2,102,CLZ5
2025-11-14 16:56:00+00:00,33,1,651434,60.21,60.23,60.21,60.21,69,CLZ5
2025-11-14 16:57:00+00:00,33,1,651434,60.21,60.22,60.2,60.21,77,CLZ5
2025-11-14 16:58:00+00:00,33,1,651434,60.19,60.21,60.18,60.21,86,CLZ5
2025-11-14 16:59:00+00:00,33,1,651434,60.2,60.21,60.16,60.16,234,CLZ5
2025-11-14 17:00:00+00:00,33,1,651434,60.16,60.16,60.07,60.08,379,CLZ5
2025-11-14 17:01:00+00:00,33,1,651434,60.1,60.12,60.07,60.09,328,CLZ5
2025-11-14 17:02:00+00:00,33,1,651434,60.09,60.11,60.05,60.1,189,CLZ5
2025-11-14 17:03:00+00:00,33,1,651434,60.1,60.11,60.09,60.1,84,CLZ5
2025-11-14 17:04:00+00:00,33,1,651434,60.08,60.12,60.07,60.09,143,CLZ5
2025-11-14 17:05:00+00:00,33,1,651434,60.09,60.11,60.08,60.09,159,CLZ5
2025-11-14 17:06:00+00:00,33,1,651434,60.09,60.1,60.07,60.08,77,CLZ5
2025-11-14 17:07:00+00:00,33,1,651434,60.09,60.1,60.05,60.08,187,CLZ5
2025-11-14 17:08:00+00:00,33,1,651434,60.1,60.14,60.09,60.13,283,CLZ5
2025-11-14 17:09:00+00:00,33,1,651434,60.13,60.14,60.12,60.12,73,CLZ5
2025-11-14 17:10:00+00:00,33,1,651434,60.13,60.16,60.11,60.15,122,CLZ5
2025-11-14 17:11:00+00:00,33,1,651434,60.14,60.18,60.14,60.17,105,CLZ5
2025-11-14 17:12:00+00:00,33,1,651434,60.17,60.17,60.09,60.09,648,CLZ5
2025-11-14 17:13:00+00:00,33,1,651434,60.08,60.09,60.0,60.02,387,CLZ5
2025-11-14 17:14:00+00:00,33,1,651434,60.03,60.06,60.03,60.06,266,CLZ5
2025-11-14 17:15:00+00:00,33,1,651434,60.06,60.07,60.05,60.07,134,CLZ5
2025-11-14 17:16:00+00:00,33,1,651434,60.07,60.08,60.05,60.08,432,CLZ5
2025-11-14 17:17:00+00:00,33,1,651434,60.09,60.13,60.08,60.12,833,CLZ5
2025-11-14 17:18:00+00:00,33,1,651434,60.12,60.16,60.12,60.15,412,CLZ5
2025-11-14 17:19:00+00:00,33,1,651434,60.15,60.15,60.13,60.15,76,CLZ5
2025-11-14 17:20:00+00:00,33,1,651434,60.15,60.16,60.12,60.14,234,CLZ5
2025-11-14 17:21:00+00:00,33,1,651434,60.15,60.18,60.14,60.14,226,CLZ5
2025-11-14 17:22:00+00:00,33,1,651434,60.14,60.2,60.14,60.2,128,CLZ5
2025-11-14 17:23:00+00:00,33,1,651434,60.2,60.22,60.18,60.18,259,CLZ5
2025-11-14 17:24:00+00:00,33,1,651434,60.18,60.21,60.18,60.18,70,CLZ5
2025-11-14 17:25:00+00:00,33,1,651434,60.17,60.21,60.16,60.19,183,CLZ5
2025-11-14 17:26:00+00:00,33,1,651434,60.18,60.19,60.16,60.18,107,CLZ5
2025-11-14 17:27:00+00:00,33,1,651434,60.18,60.19,60.16,60.18,100,CLZ5
2025-11-14 17:28:00+00:00,33,1,651434,60.17,60.18,60.15,60.16,76,CLZ5
2025-11-14 17:29:00+00:00,33,1,651434,60.16,60.19,60.16,60.19,71,CLZ5
2025-11-14 17:30:00+00:00,33,1,651434,60.19,60.19,60.16,60.19,71,CLZ5
2025-11-14 17:31:00+00:00,33,1,651434,60.19,60.2,60.17,60.18,40,CLZ5
2025-11-14 17:32:00+00:00,33,1,651434,60.18,60.18,60.17,60.18,20,CLZ5
2025-11-14 17:33:00+00:00,33,1,651434,60.19,60.21,60.19,60.21,71,CLZ5
2025-11-14 17:34:00+00:00,33,1,651434,60.21,60.21,60.2,60.2,131,CLZ5
2025-11-14 17:35:00+00:00,33,1,651434,60.2,60.25,60.19,60.24,95,CLZ5
2025-11-14 17:36:00+00:00,33,1,651434,60.23,60.23,60.2,60.2,82,CLZ5
2025-11-14 17:37:00+00:00,33,1,651434,60.21,60.23,60.2,60.23,94,CLZ5
2025-11-14 17:38:00+00:00,33,1,651434,60.22,60.25,60.21,60.25,182,CLZ5
2025-11-14 17:39:00+00:00,33,1,651434,60.25,60.28,60.25,60.28,118,CLZ5
2025-11-14 17:40:00+00:00,33,1,651434,60.29,60.3,60.25,60.26,245,CLZ5
2025-11-14 17:41:00+00:00,33,1,651434,60.27,60.29,60.21,60.22,150,CLZ5
2025-11-14 17:42:00+00:00,33,1,651434,60.22,60.24,60.21,60.22,135,CLZ5
2025-11-14 17:43:00+00:00,33,1,651434,60.22,60.22,60.2,60.2,50,CLZ5
2025-11-14 17:44:00+00:00,33,1,651434,60.2,60.22,60.2,60.21,14,CLZ5
2025-11-14 17:45:00+00:00,33,1,651434,60.21,60.24,60.21,60.22,88,CLZ5
2025-11-14 17:46:00+00:00,33,1,651434,60.23,60.23,60.21,60.22,32,CLZ5
2025-11-14 17:47:00+00:00,33,1,651434,60.22,60.23,60.2,60.2,153,CLZ5
2025-11-14 17:48:00+00:00,33,1,651434,60.21,60.21,60.2,60.21,27,CLZ5
2025-11-14 17:49:00+00:00,33,1,651434,60.22,60.23,60.21,60.22,48,CLZ5
2025-11-14 17:50:00+00:00,33,1,651434,60.23,60.24,60.23,60.23,46,CLZ5
2025-11-14 17:51:00+00:00,33,1,651434,60.22,60.25,60.21,60.21,50,CLZ5
2025-11-14 17:52:00+00:00,33,1,651434,60.22,60.22,60.2,60.21,50,CLZ5
2025-11-14 17:53:00+00:00,33,1,651434,60.21,60.21,60.17,60.18,62,CLZ5
2025-11-14 17:54:00+00:00,33,1,651434,60.17,60.18,60.14,60.16,315,CLZ5
2025-11-14 17:55:00+00:00,33,1,651434,60.16,60.17,60.11,60.13,339,CLZ5
2025-11-14 17:56:00+00:00,33,1,651434,60.14,60.15,60.13,60.15,72,CLZ5
2025-11-14 17:57:00+00:00,33,1,651434,60.15,60.19,60.15,60.18,72,CLZ5
2025-11-14 17:58:00+00:00,33,1,651434,60.18,60.18,60.16,60.18,33,CLZ5
2025-11-14 17:59:00+00:00,33,1,651434,60.18,60.21,60.17,60.2,110,CLZ5
2025-11-14 18:00:00+00:00,33,1,651434,60.19,60.21,60.17,60.17,251,CLZ5
2025-11-14 18:01:00+00:00,33,1,651434,60.18,60.21,60.18,60.19,79,CLZ5
2025-11-14 18:02:00+00:00,33,1,651434,60.18,60.18,60.15,60.15,111,CLZ5
2025-11-14 18:03:00+00:00,33,1,651434,60.16,60.17,60.15,60.17,74,CLZ5
2025-11-14 18:04:00+00:00,33,1,651434,60.16,60.17,60.14,60.15,147,CLZ5
2025-11-14 18:05:00+00:00,33,1,651434,60.14,60.15,60.1,60.1,144,CLZ5
2025-11-14 18:06:00+00:00,33,1,651434,60.11,60.13,60.11,60.12,74,CLZ5
2025-11-14 18:07:00+00:00,33,1,651434,60.13,60.2,60.13,60.19,96,CLZ5
2025-11-14 18:08:00+00:00,33,1,651434,60.2,60.2,60.15,60.15,136,CLZ5
2025-11-14 18:09:00+00:00,33,1,651434,60.16,60.18,60.16,60.18,27,CLZ5
2025-11-14 18:10:00+00:00,33,1,651434,60.18,60.22,60.18,60.21,88,CLZ5
2025-11-14 18:11:00+00:00,33,1,651434,60.2,60.23,60.2,60.22,147,CLZ5
2025-11-14 18:12:00+00:00,33,1,651434,60.22,60.26,60.22,60.24,97,CLZ5
2025-11-14 18:13:00+00:00,33,1,651434,60.24,60.25,60.23,60.25,131,CLZ5
2025-11-14 18:14:00+00:00,33,1,651434,60.26,60.27,60.25,60.25,114,CLZ5
2025-11-14 18:15:00+00:00,33,1,651434,60.24,60.25,60.22,60.23,46,CLZ5
2025-11-14 18:16:00+00:00,33,1,651434,60.23,60.26,60.22,60.26,78,CLZ5
2025-11-14 18:17:00+00:00,33,1,651434,60.26,60.28,60.22,60.22,81,CLZ5
2025-11-14 18:18:00+00:00,33,1,651434,60.24,60.26,60.22,60.22,317,CLZ5
2025-11-14 18:19:00+00:00,33,1,651434,60.23,60.25,60.22,60.23,188,CLZ5
2025-11-14 18:20:00+00:00,33,1,651434,60.22,60.22,60.17,60.19,197,CLZ5
2025-11-14 18:21:00+00:00,33,1,651434,60.19,60.19,60.16,60.17,108,CLZ5
2025-11-14 18:22:00+00:00,33,1,651434,60.16,60.17,60.15,60.16,75,CLZ5
2025-11-14 18:23:00+00:00,33,1,651434,60.17,60.19,60.17,60.18,68,CLZ5
2025-11-14 18:24:00+00:00,33,1,651434,60.18,60.21,60.17,60.2,75,CLZ5
2025-11-14 18:25:00+00:00,33,1,651434,60.2,60.21,60.18,60.18,43,CLZ5
2025-11-14 18:26:00+00:00,33,1,651434,60.18,60.2,60.18,60.2,38,CLZ5
2025-11-14 18:27:00+00:00,33,1,651434,60.18,60.21,60.15,60.16,220,CLZ5
2025-11-14 18:28:00+00:00,33,1,651434,60.16,60.18,60.13,60.17,241,CLZ5
2025-11-14 18:29:00+00:00,33,1,651434,60.16,60.21,60.16,60.2,159,CLZ5
2025-11-14 18:30:00+00:00,33,1,651434,60.19,60.21,60.17,60.18,83,CLZ5
2025-11-14 18:31:00+00:00,33,1,651434,60.16,60.16,60.14,60.16,44,CLZ5
2025-11-14 18:32:00+00:00,33,1,651434,60.16,60.18,60.15,60.16,105,CLZ5
2025-11-14 18:33:00+00:00,33,1,651434,60.15,60.16,60.15,60.16,34,CLZ5
2025-11-14 18:34:00+00:00,33,1,651434,60.15,60.15,60.12,60.13,86,CLZ5
2025-11-14 18:35:00+00:00,33,1,651434,60.13,60.15,60.11,60.12,28,CLZ5
2025-11-14 18:36:00+00:00,33,1,651434,60.11,60.14,60.1,60.14,42,CLZ5
2025-11-14 18:37:00+00:00,33,1,651434,60.13,60.16,60.13,60.15,124,CLZ5
2025-11-14 18:38:00+00:00,33,1,651434,60.14,60.15,60.12,60.13,95,CLZ5
2025-11-14 18:39:00+00:00,33,1,651434,60.12,60.16,60.12,60.15,97,CLZ5
2025-11-14 18:40:00+00:00,33,1,651434,60.16,60.18,60.15,60.16,107,CLZ5
2025-11-14 18:41:00+00:00,33,1,651434,60.16,60.16,60.11,60.13,160,CLZ5
2025-11-14 18:42:00+00:00,33,1,651434,60.14,60.15,60.13,60.14,35,CLZ5
2025-11-14 18:43:00+00:00,33,1,651434,60.13,60.13,60.09,60.11,142,CLZ5
2025-11-14 18:44:00+00:00,33,1,651434,60.11,60.13,60.1,60.1,80,CLZ5
2025-11-14 18:45:00+00:00,33,1,651434,60.1,60.11,60.09,60.1,107,CLZ5
2025-11-14 18:46:00+00:00,33,1,651434,60.11,60.12,60.08,60.09,101,CLZ5
2025-11-14 18:47:00+00:00,33,1,651434,60.1,60.11,60.09,60.09,38,CLZ5
2025-11-14 18:48:00+00:00,33,1,651434,60.09,60.1,60.07,60.1,115,CLZ5
2025-11-14 18:49:00+00:00,33,1,651434,60.09,60.1,60.06,60.06,148,CLZ5
2025-11-14 18:50:00+00:00,33,1,651434,60.07,60.1,60.07,60.1,56,CLZ5
2025-11-14 18:51:00+00:00,33,1,651434,60.11,60.18,60.11,60.18,211,CLZ5
2025-11-14 18:52:00+00:00,33,1,651434,60.18,60.2,60.17,60.18,114,CLZ5
2025-11-14 18:53:00+00:00,33,1,651434,60.17,60.19,60.17,60.17,87,CLZ5
2025-11-14 18:54:00+00:00,33,1,651434,60.17,60.17,60.15,60.15,46,CLZ5
2025-11-14 18:55:00+00:00,33,1,651434,60.15,60.15,60.13,60.13,43,CLZ5
2025-11-14 18:56:00+00:00,33,1,651434,60.13,60.13,60.1,60.12,32,CLZ5
2025-11-14 18:57:00+00:00,33,1,651434,60.11,60.12,60.08,60.08,80,CLZ5
2025-11-14 18:58:00+00:00,33,1,651434,60.08,60.09,60.07,60.08,55,CLZ5
2025-11-14 18:59:00+00:00,33,1,651434,60.09,60.09,60.07,60.07,68,CLZ5
2025-11-14 19:00:00+00:00,33,1,651434,60.07,60.12,60.07,60.12,116,CLZ5
2025-11-14 19:01:00+00:00,33,1,651434,60.11,60.11,60.06,60.06,188,CLZ5
2025-11-14 19:02:00+00:00,33,1,651434,60.07,60.08,60.05,60.07,260,CLZ5
2025-11-14 19:03:00+00:00,33,1,651434,60.06,60.09,60.03,60.04,83,CLZ5
2025-11-14 19:04:00+00:00,33,1,651434,60.04,60.06,60.0,60.06,472,CLZ5
2025-11-14 19:05:00+00:00,33,1,651434,60.05,60.05,59.98,59.99,282,CLZ5
2025-11-14 19:06:00+00:00,33,1,651434,60.0,60.02,59.96,59.99,270,CLZ5
2025-11-14 19:07:00+00:00,33,1,651434,60.0,60.01,59.94,59.95,661,CLZ5
2025-11-14 19:08:00+00:00,33,1,651434,59.94,59.98,59.94,59.94,214,CLZ5
2025-11-14 19:09:00+00:00,33,1,651434,59.94,59.98,59.94,59.98,320,CLZ5
2025-11-14 19:10:00+00:00,33,1,651434,59.98,60.03,59.98,60.01,156,CLZ5
2025-11-14 19:11:00+00:00,33,1,651434,60.01,60.01,59.98,60.0,80,CLZ5
2025-11-14 19:12:00+00:00,33,1,651434,59.99,60.04,59.99,60.03,167,CLZ5
2025-11-14 19:13:00+00:00,33,1,651434,60.03,60.03,59.96,60.01,190,CLZ5
2025-11-14 19:14:00+00:00,33,1,651434,60.0,60.04,59.99,60.03,87,CLZ5
2025-11-14 19:15:00+00:00,33,1,651434,60.03,60.06,60.02,60.05,78,CLZ5
2025-11-14 19:16:00+00:00,33,1,651434,60.05,60.05,60.02,60.04,100,CLZ5
2025-11-14 19:17:00+00:00,33,1,651434,60.04,60.07,60.04,60.07,151,CLZ5
2025-11-14 19:18:00+00:00,33,1,651434,60.07,60.11,60.07,60.1,118,CLZ5
2025-11-14 19:19:00+00:00,33,1,651434,60.1,60.11,60.08,60.09,125,CLZ5
2025-11-14 19:20:00+00:00,33,1,651434,60.09,60.11,60.08,60.1,78,CLZ5
2025-11-14 19:21:00+00:00,33,1,651434,60.11,60.12,60.1,60.1,153,CLZ5
2025-11-14 19:22:00+00:00,33,1,651434,60.1,60.11,60.09,60.1,84,CLZ5
2025-11-14 19:23:00+00:00,33,1,651434,60.09,60.12,60.09,60.12,126,CLZ5
2025-11-14 19:24:00+00:00,33,1,651434,60.12,60.13,60.09,60.1,376,CLZ5
2025-11-14 19:25:00+00:00,33,1,651434,60.09,60.13,60.09,60.1,237,CLZ5
2025-11-14 19:26:00+00:00,33,1,651434,60.1,60.12,60.09,60.1,226,CLZ5
2025-11-14 19:27:00+00:00,33,1,651434,60.1,60.14,60.1,60.13,276,CLZ5
2025-11-14 19:28:00+00:00,33,1,651434,60.13,60.17,60.05,60.06,1484,CLZ5
2025-11-14 19:29:00+00:00,33,1,651434,60.06,60.1,60.05,60.08,2076,CLZ5
2025-11-14 19:30:00+00:00,33,1,651434,60.08,60.08,60.03,60.04,551,CLZ5
2025-11-14 19:31:00+00:00,33,1,651434,60.03,60.05,60.03,60.04,173,CLZ5
2025-11-14 19:32:00+00:00,33,1,651434,60.04,60.07,60.04,60.06,175,CLZ5
2025-11-14 19:33:00+00:00,33,1,651434,60.06,60.06,60.04,60.04,90,CLZ5
2025-11-14 19:34:00+00:00,33,1,651434,60.05,60.05,60.03,60.04,78,CLZ5
2025-11-14 19:35:00+00:00,33,1,651434,60.03,60.04,60.02,60.04,92,CLZ5
2025-11-14 19:36:00+00:00,33,1,651434,60.04,60.04,60.0,60.04,191,CLZ5
2025-11-14 19:37:00+00:00,33,1,651434,60.03,60.05,60.03,60.04,151,CLZ5
2025-11-14 19:38:00+00:00,33,1,651434,60.04,60.1,60.04,60.09,186,CLZ5
2025-11-14 19:39:00+00:00,33,1,651434,60.1,60.1,60.08,60.08,115,CLZ5
2025-11-14 19:40:00+00:00,33,1,651434,60.07,60.07,60.03,60.04,53,CLZ5
2025-11-14 19:41:00+00:00,33,1,651434,60.03,60.05,60.03,60.04,35,CLZ5
2025-11-14 19:42:00+00:00,33,1,651434,60.05,60.05,60.03,60.03,79,CLZ5
2025-11-14 19:43:00+00:00,33,1,651434,60.04,60.05,60.04,60.05,23,CLZ5
2025-11-14 19:44:00+00:00,33,1,651434,60.05,60.06,60.04,60.06,46,CLZ5
2025-11-14 19:45:00+00:00,33,1,651434,60.05,60.07,60.05,60.06,24,CLZ5
2025-11-14 19:46:00+00:00,33,1,651434,60.06,60.06,60.06,60.06,37,CLZ5
2025-11-14 19:47:00+00:00,33,1,651434,60.05,60.05,60.03,60.03,27,CLZ5
2025-11-14 19:48:00+00:00,33,1,651434,60.04,60.04,60.02,60.02,42,CLZ5
2025-11-14 19:49:00+00:00,33,1,651434,60.02,60.04,60.02,60.04,67,CLZ5
2025-11-14 19:50:00+00:00,33,1,651434,60.03,60.04,60.03,60.03,41,CLZ5
2025-11-14 19:51:00+00:00,33,1,651434,60.02,60.05,60.02,60.04,52,CLZ5
2025-11-14 19:52:00+00:00,33,1,651434,60.03,60.04,60.03,60.04,35,CLZ5
2025-11-14 19:53:00+00:00,33,1,651434,60.05,60.09,60.04,60.09,163,CLZ5
2025-11-14 19:54:00+00:00,33,1,651434,60.09,60.09,60.07,60.08,69,CLZ5
2025-11-14 19:55:00+00:00,33,1,651434,60.08,60.08,60.02,60.03,52,CLZ5
2025-11-14 19:56:00+00:00,33,1,651434,60.03,60.06,60.03,60.06,46,CLZ5
2025-11-14 19:57:00+00:00,33,1,651434,60.06,60.09,60.06,60.08,36,CLZ5
2025-11-14 19:58:00+00:00,33,1,651434,60.09,60.09,60.07,60.07,39,CLZ5
2025-11-14 19:59:00+00:00,33,1,651434,60.08,60.09,60.07,60.08,91,CLZ5
2025-11-14 20:00:00+00:00,33,1,651434,60.08,60.08,60.06,60.06,54,CLZ5
2025-11-14 20:01:00+00:00,33,1,651434,60.06,60.06,60.04,60.05,124,CLZ5
2025-11-14 20:02:00+00:00,33,1,651434,60.06,60.07,60.05,60.06,82,CLZ5
2025-11-14 20:03:00+00:00,33,1,651434,60.06,60.06,60.02,60.02,107,CLZ5
2025-11-14 20:04:00+00:00,33,1,651434,60.03,60.03,60.02,60.03,58,CLZ5
2025-11-14 20:05:00+00:00,33,1,651434,60.03,60.04,60.03,60.04,64,CLZ5
2025-11-14 20:06:00+00:00,33,1,651434,60.03,60.03,60.02,60.02,111,CLZ5
2025-11-14 20:07:00+00:00,33,1,651434,60.02,60.03,60.01,60.01,53,CLZ5
2025-11-14 20:08:00+00:00,33,1,651434,60.0,60.01,60.0,60.01,58,CLZ5
2025-11-14 20:09:00+00:00,33,1,651434,60.0,60.0,59.94,59.95,281,CLZ5
2025-11-14 20:10:00+00:00,33,1,651434,59.95,59.96,59.95,59.95,36,CLZ5
2025-11-14 20:11:00+00:00,33,1,651434,59.95,59.95,59.95,59.95,14,CLZ5
2025-11-14 20:12:00+00:00,33,1,651434,59.95,59.98,59.95,59.97,57,CLZ5
2025-11-14 20:13:00+00:00,33,1,651434,59.97,59.97,59.96,59.96,5,CLZ5
2025-11-14 20:14:00+00:00,33,1,651434,59.97,59.97,59.95,59.95,13,CLZ5
2025-11-14 20:15:00+00:00,33,1,651434,59.96,59.97,59.96,59.97,14,CLZ5
2025-11-14 20:16:00+00:00,33,1,651434,59.96,59.97,59.96,59.97,35,CLZ5
2025-11-14 20:17:00+00:00,33,1,651434,59.97,59.97,59.95,59.95,46,CLZ5
2025-11-14 20:18:00+00:00,33,1,651434,59.95,59.95,59.94,59.94,113,CLZ5
2025-11-14 20:19:00+00:00,33,1,651434,59.93,59.93,59.92,59.93,55,CLZ5
2025-11-14 20:20:00+00:00,33,1,651434,59.94,59.95,59.94,59.95,23,CLZ5
2025-11-14 20:21:00+00:00,33,1,651434,59.95,59.95,59.92,59.92,74,CLZ5
2025-11-14 20:22:00+00:00,33,1,651434,59.93,59.95,59.92,59.95,46,CLZ5
2025-11-14 20:23:00+00:00,33,1,651434,59.94,59.95,59.94,59.94,44,CLZ5
2025-11-14 20:24:00+00:00,33,1,651434,59.94,59.94,59.94,59.94,6,CLZ5
2025-11-14 20:25:00+00:00,33,1,651434,59.93,59.95,59.93,59.95,94,CLZ5
2025-11-14 20:26:00+00:00,33,1,651434,59.95,59.95,59.91,59.91,76,CLZ5
2025-11-14 20:27:00+00:00,33,1,651434,59.9,59.92,59.88,59.92,144,CLZ5
2025-11-14 20:28:00+00:00,33,1,651434,59.92,59.95,59.92,59.95,66,CLZ5
2025-11-14 20:29:00+00:00,33,1,651434,59.96,59.96,59.95,59.95,61,CLZ5
2025-11-14 20:30:00+00:00,33,1,651434,59.96,59.96,59.92,59.93,179,CLZ5
2025-11-14 20:31:00+00:00,33,1,651434,59.93,59.94,59.93,59.93,10,CLZ5
2025-11-14 20:32:00+00:00,33,1,651434,59.93,59.93,59.92,59.93,18,CLZ5
2025-11-14 20:33:00+00:00,33,1,651434,59.93,59.94,59.92,59.94,36,CLZ5
2025-11-14 20:34:00+00:00,33,1,651434,59.94,59.94,59.94,59.94,10,CLZ5
2025-11-14 20:35:00+00:00,33,1,651434,59.94,59.95,59.94,59.94,87,CLZ5
2025-11-14 20:36:00+00:00,33,1,651434,59.94,59.94,59.94,59.94,10,CLZ5
2025-11-14 20:37:00+00:00,33,1,651434,59.95,59.95,59.94,59.95,8,CLZ5
2025-11-14 20:38:00+00:00,33,1,651434,59.95,59.95,59.95,59.95,8,CLZ5
2025-11-14 20:39:00+00:00,33,1,651434,59.95,59.96,59.93,59.95,68,CLZ5
2025-11-14 20:40:00+00:00,33,1,651434,59.95,59.96,59.95,59.95,34,CLZ5
2025-11-14 20:41:00+00:00,33,1,651434,59.95,59.95,59.94,59.95,56,CLZ5
2025-11-14 20:42:00+00:00,33,1,651434,59.96,59.96,59.96,59.96,3,CLZ5
2025-11-14 20:43:00+00:00,33,1,651434,59.95,59.95,59.94,59.94,12,CLZ5
2025-11-14 20:44:00+00:00,33,1,651434,59.95,59.95,59.94,59.95,45,CLZ5
2025-11-14 20:45:00+00:00,33,1,651434,59.95,59.95,59.95,59.95,12,CLZ5
2025-11-14 20:46:00+00:00,33,1,651434,59.95,59.99,59.95,59.99,68,CLZ5
2025-11-14 20:47:00+00:00,33,1,651434,59.99,59.99,59.97,59.97,29,CLZ5
2025-11-14 20:48:00+00:00,33,1,651434,59.97,59.99,59.96,59.97,56,CLZ5
2025-11-14 20:49:00+00:00,33,1,651434,59.95,59.95,59.94,59.95,29,CLZ5
2025-11-14 20:50:00+00:00,33,1,651434,59.95,59.96,59.94,59.96,38,CLZ5
2025-11-14 20:51:00+00:00,33,1,651434,59.97,60.0,59.96,60.0,38,CLZ5
2025-11-14 20:52:00+00:00,33,1,651434,60.0,60.0,59.94,59.94,339,CLZ5
2025-11-14 20:53:00+00:00,33,1,651434,59.93,59.95,59.92,59.95,83,CLZ5
2025-11-14 20:54:00+00:00,33,1,651434,59.94,59.94,59.94,59.94,8,CLZ5
2025-11-14 20:55:00+00:00,33,1,651434,59.93,59.94,59.91,59.94,93,CLZ5
2025-11-14 20:56:00+00:00,33,1,651434,59.94,59.95,59.93,59.94,61,CLZ5
2025-11-14 20:57:00+00:00,33,1,651434,59.94,59.94,59.91,59.92,54,CLZ5
2025-11-14 20:58:00+00:00,33,1,651434,59.92,59.92,59.92,59.92,14,CLZ5
2025-11-14 20:59:00+00:00,33,1,651434,59.91,59.91,59.88,59.9,71,CLZ5
2025-11-14 21:00:00+00:00,33,1,651434,59.9,59.91,59.89,59.9,42,CLZ5
2025-11-14 21:01:00+00:00,33,1,651434,59.89,59.9,59.89,59.89,20,CLZ5
2025-11-14 21:02:00+00:00,33,1,651434,59.88,59.89,59.85,59.89,50,CLZ5
2025-11-14 21:03:00+00:00,33,1,651434,59.88,59.9,59.88,59.89,14,CLZ5
2025-11-14 21:04:00+00:00,33,1,651434,59.89,59.9,59.89,59.9,29,CLZ5
2025-11-14 21:05:00+00:00,33,1,651434,59.89,59.92,59.89,59.91,57,CLZ5
2025-11-14 21:06:00+00:00,33,1,651434,59.9,59.92,59.9,59.91,37,CLZ5
2025-11-14 21:07:00+00:00,33,1,651434,59.9,59.91,59.9,59.91,25,CLZ5
2025-11-14 21:08:00+00:00,33,1,651434,59.91,59.92,59.91,59.91,6,CLZ5
2025-11-14 21:09:00+00:00,33,1,651434,59.91,59.91,59.9,59.9,4,CLZ5
2025-11-14 21:10:00+00:00,33,1,651434,59.92,59.92,59.91,59.91,23,CLZ5
2025-11-14 21:11:00+00:00,33,1,651434,59.91,59.93,59.91,59.93,14,CLZ5
2025-11-14 21:12:00+00:00,33,1,651434,59.93,59.94,59.93,59.94,17,CLZ5
2025-11-14 21:13:00+00:00,33,1,651434,59.94,59.95,59.93,59.95,36,CLZ5
2025-11-14 21:14:00+00:00,33,1,651434,59.96,59.96,59.95,59.95,27,CLZ5
2025-11-14 21:15:00+00:00,33,1,651434,59.95,59.98,59.95,59.97,45,CLZ5
2025-11-14 21:16:00+00:00,33,1,651434,59.97,59.98,59.96,59.97,18,CLZ5
2025-11-14 21:17:00+00:00,33,1,651434,59.98,59.98,59.97,59.97,2,CLZ5
2025-11-14 21:19:00+00:00,33,1,651434,59.99,60.0,59.99,59.99,10,CLZ5
2025-11-14 21:21:00+00:00,33,1,651434,59.99,60.0,59.99,60.0,9,CLZ5
2025-11-14 21:22:00+00:00,33,1,651434,60.0,60.0,60.0,60.0,4,CLZ5
2025-11-14 21:23:00+00:00,33,1,651434,60.0,60.02,60.0,60.01,37,CLZ5
2025-11-14 21:24:00+00:00,33,1,651434,60.01,60.02,60.01,60.02,5,CLZ5
2025-11-14 21:25:00+00:00,33,1,651434,60.02,60.02,60.02,60.02,3,CLZ5
2025-11-14 21:27:00+00:00,33,1,651434,60.02,60.03,60.02,60.02,18,CLZ5
2025-11-14 21:29:00+00:00,33,1,651434,60.02,60.03,60.01,60.01,11,CLZ5
2025-11-14 21:30:00+00:00,33,1,651434,60.01,60.01,59.99,60.0,16,CLZ5
2025-11-14 21:31:00+00:00,33,1,651434,60.0,60.02,60.0,60.02,20,CLZ5
2025-11-14 21:32:00+00:00,33,1,651434,60.01,60.01,60.01,60.01,1,CLZ5
2025-11-14 21:33:00+00:00,33,1,651434,60.01,60.01,60.0,60.0,6,CLZ5
2025-11-14 21:34:00+00:00,33,1,651434,60.0,60.01,59.99,59.99,19,CLZ5
2025-11-14 21:35:00+00:00,33,1,651434,59.98,59.99,59.98,59.98,16,CLZ5
2025-11-14 21:36:00+00:00,33,1,651434,59.97,59.99,59.97,59.98,20,CLZ5
2025-11-14 21:37:00+00:00,33,1,651434,59.99,59.99,59.98,59.98,13,CLZ5
2025-11-14 21:38:00+00:00,33,1,651434,59.97,59.97,59.96,59.96,16,CLZ5
2025-11-14 21:39:00+00:00,33,1,651434,59.97,59.98,59.96,59.97,37,CLZ5
2025-11-14 21:40:00+00:00,33,1,651434,59.96,59.96,59.95,59.95,17,CLZ5
2025-11-14 21:41:00+00:00,33,1,651434,59.95,59.96,59.95,59.96,12,CLZ5
2025-11-14 21:42:00+00:00,33,1,651434,59.95,59.96,59.94,59.96,13,CLZ5
2025-11-14 21:43:00+00:00,33,1,651434,59.94,59.96,59.94,59.94,11,CLZ5
2025-11-14 21:44:00+00:00,33,1,651434,59.95,59.95,59.92,59.93,23,CLZ5
2025-11-14 21:45:00+00:00,33,1,651434,59.92,59.94,59.91,59.94,26,CLZ5
2025-11-14 21:46:00+00:00,33,1,651434,59.94,59.94,59.93,59.93,20,CLZ5
2025-11-14 21:47:00+00:00,33,1,651434,59.94,59.94,59.93,59.93,13,CLZ5
2025-11-14 21:48:00+00:00,33,1,651434,59.93,59.94,59.93,59.94,18,CLZ5
2025-11-14 21:49:00+00:00,33,1,651434,59.95,59.96,59.93,59.96,65,CLZ5
2025-11-14 21:50:00+00:00,33,1,651434,59.96,59.96,59.82,59.84,348,CLZ5
2025-11-14 21:51:00+00:00,33,1,651434,59.85,59.89,59.85,59.89,52,CLZ5
2025-11-14 21:52:00+00:00,33,1,651434,59.89,59.9,59.87,59.9,93,CLZ5
2025-11-14 21:53:00+00:00,33,1,651434,59.9,59.91,59.89,59.91,19,CLZ5
2025-11-14 21:54:00+00:00,33,1,651434,59.9,59.92,59.88,59.89,111,CLZ5
2025-11-14 21:55:00+00:00,33,1,651434,59.89,59.93,59.89,59.92,50,CLZ5
2025-11-14 21:56:00+00:00,33,1,651434,59.92,59.93,59.92,59.93,8,CLZ5
2025-11-14 21:57:00+00:00,33,1,651434,59.93,59.94,59.93,59.94,36,CLZ5
2025-11-14 21:58:00+00:00,33,1,651434,59.94,59.95,59.93,59.94,31,CLZ5
2025-11-14 21:59:00+00:00,33,1,651434,59.94,59.96,59.93,59.95,58,CLZ5
