ts_event,rtype,publisher_id,instrument_id,open,high,low,close,volume,symbol
2025-11-24 09:15:00+00:00,33,2,245,233.19,233.7,233.19,233.7,10,ADI
2025-11-24 09:18:00+00:00,33,2,245,233.95,233.95,233.95,233.95,2,ADI
2025-11-24 09:21:00+00:00,33,2,245,233.95,233.95,233.95,233.95,2,ADI
2025-11-24 09:30:00+00:00,33,2,245,231.63,231.63,231.5,231.5,5,ADI
2025-11-24 10:11:00+00:00,33,2,245,232.97,232.97,232.97,232.97,1,ADI
2025-11-24 11:08:00+00:00,33,2,245,232.35,232.35,232.33,232.33,22,ADI
2025-11-24 12:00:00+00:00,33,2,245,232.32,232.32,232.32,232.32,36,ADI
2025-11-24 12:05:00+00:00,33,2,245,232.4,232.4,232.32,232.32,5,ADI
2025-11-24 12:06:00+00:00,33,2,245,232.33,232.33,232.32,232.32,217,ADI
2025-11-24 12:33:00+00:00,33,2,245,233.48,233.48,233.48,233.48,8,ADI
2025-11-24 12:38:00+00:00,33,2,245,233.48,233.48,233.48,233.48,5,ADI
2025-11-24 12:56:00+00:00,33,2,245,233.48,233.48,233.48,233.48,18,ADI
2025-11-24 13:07:00+00:00,33,2,245,233.49,233.6,233.49,233.6,43,ADI
2025-11-24 13:21:00+00:00,33,2,245,233.79,233.79,233.79,233.79,41,ADI
2025-11-24 13:23:00+00:00,33,2,245,233.79,233.79,233.79,233.79,5,ADI
2025-11-24 13:29:00+00:00,33,2,245,233.8,233.8,233.78,233.78,36,ADI
2025-11-24 13:32:00+00:00,33,2,245,233.8,233.8,233.8,233.8,21,ADI
2025-11-24 13:55:00+00:00,33,2,245,233.58,233.58,233.58,233.58,9,ADI
2025-11-24 14:13:00+00:00,33,2,245,233.62,233.62,233.62,233.62,10,ADI
2025-11-24 14:25:00+00:00,33,2,245,233.8,233.8,233.8,233.8,6,ADI
2025-11-24 14:30:00+00:00,33,2,245,233.85,235.11,233.35,233.59,28421,ADI
2025-11-24 14:31:00+00:00,33,2,245,233.85,235.21,233.85,234.705,2179,ADI
2025-11-24 14:32:00+00:00,33,2,245,234.7,234.79,234.0,234.0,3044,ADI
2025-11-24 14:33:00+00:00,33,2,245,233.98,234.9,233.98,234.12,1192,ADI
2025-11-24 14:34:00+00:00,33,2,245,234.405,235.01,234.36,234.7,2418,ADI
2025-11-24 14:35:00+00:00,33,2,245,234.44,234.77,234.4,234.77,796,ADI
2025-11-24 14:36:00+00:00,33,2,245,234.9,234.9,233.8,233.94,1507,ADI
2025-11-24 14:37:00+00:00,33,2,245,233.94,234.14,233.46,233.52,2541,ADI
2025-11-24 14:38:00+00:00,33,2,245,233.32,233.82,233.17,233.715,2834,ADI
2025-11-24 14:39:00+00:00,33,2,245,233.64,233.8,233.16,233.8,3412,ADI
2025-11-24 14:40:00+00:00,33,2,245,233.81,234.21,233.81,233.9,1953,ADI
2025-11-24 14:41:00+00:00,33,2,245,234.0,234.1,233.74,233.82,1512,ADI
2025-11-24 14:42:00+00:00,33,2,245,233.92,234.37,233.92,234.21,2558,ADI
2025-11-24 14:43:00+00:00,33,2,245,234.1,234.45,233.9,234.22,2250,ADI
2025-11-24 14:44:00+00:00,33,2,245,234.28,234.5,233.69,233.69,3193,ADI
2025-11-24 14:45:00+00:00,33,2,245,233.79,234.45,233.66,234.31,2624,ADI
2025-11-24 14:46:00+00:00,33,2,245,234.19,234.65,234.13,234.65,1459,ADI
2025-11-24 14:47:00+00:00,33,2,245,234.75,234.93,234.56,234.93,1218,ADI
2025-11-24 14:48:00+00:00,33,2,245,234.87,234.96,234.66,234.69,1917,ADI
2025-11-24 14:49:00+00:00,33,2,245,234.56,234.72,234.37,234.45,2612,ADI
2025-11-24 14:50:00+00:00,33,2,245,234.31,234.42,233.94,234.12,2713,ADI
2025-11-24 14:51:00+00:00,33,2,245,234.15,234.35,233.85,234.12,3343,ADI
2025-11-24 14:52:00+00:00,33,2,245,234.22,234.71,234.22,234.52,2770,ADI
2025-11-24 14:53:00+00:00,33,2,245,234.66,234.67,234.17,234.54,2310,ADI
2025-11-24 14:54:00+00:00,33,2,245,234.6,234.62,234.37,234.575,1422,ADI
2025-11-24 14:55:00+00:00,33,2,245,234.43,234.49,234.31,234.49,1105,ADI
2025-11-24 14:56:00+00:00,33,2,245,234.385,234.89,234.385,234.87,1264,ADI
2025-11-24 14:57:00+00:00,33,2,245,234.95,235.17,234.805,235.14,2622,ADI
2025-11-24 14:58:00+00:00,33,2,245,234.98,235.0,234.72,234.78,1135,ADI
2025-11-24 14:59:00+00:00,33,2,245,234.78,235.55,234.64,235.45,4503,ADI
2025-11-24 15:00:00+00:00,33,2,245,235.55,235.8,235.37,235.46,7451,ADI
2025-11-24 15:01:00+00:00,33,2,245,235.61,235.61,235.34,235.48,2076,ADI
2025-11-24 15:02:00+00:00,33,2,245,235.5,235.74,235.47,235.66,751,ADI
2025-11-24 15:03:00+00:00,33,2,245,235.52,235.575,235.17,235.41,1814,ADI
2025-11-24 15:04:00+00:00,33,2,245,235.31,235.5,235.16,235.34,963,ADI
2025-11-24 15:05:00+00:00,33,2,245,235.45,235.53,235.31,235.48,831,ADI
2025-11-24 15:06:00+00:00,33,2,245,235.38,235.44,235.05,235.36,2854,ADI
2025-11-24 15:07:00+00:00,33,2,245,235.41,235.41,235.22,235.31,781,ADI
2025-11-24 15:08:00+00:00,33,2,245,235.2,235.23,234.9,235.02,2442,ADI
2025-11-24 15:09:00+00:00,33,2,245,235.01,235.19,234.79,235.19,715,ADI
2025-11-24 15:10:00+00:00,33,2,245,235.16,235.16,234.9,235.06,1246,ADI
2025-11-24 15:11:00+00:00,33,2,245,234.86,234.96,234.46,234.73,2123,ADI
2025-11-24 15:12:00+00:00,33,2,245,234.61,234.78,234.58,234.74,2274,ADI
2025-11-24 15:13:00+00:00,33,2,245,234.66,234.87,234.66,234.79,2182,ADI
2025-11-24 15:14:00+00:00,33,2,245,234.69,235.2,234.61,235.16,3953,ADI
2025-11-24 15:15:00+00:00,33,2,245,235.22,235.23,235.07,235.07,316,ADI
2025-11-24 15:16:00+00:00,33,2,245,235.01,235.01,234.72,234.745,2886,ADI
2025-11-24 15:17:00+00:00,33,2,245,234.81,234.82,234.81,234.81,540,ADI
2025-11-24 15:18:00+00:00,33,2,245,234.89,234.95,234.76,234.88,490,ADI
2025-11-24 15:19:00+00:00,33,2,245,234.93,234.95,234.64,234.64,1942,ADI
2025-11-24 15:20:00+00:00,33,2,245,234.55,234.69,234.53,234.69,926,ADI
2025-11-24 15:21:00+00:00,33,2,245,234.69,235.0,234.69,234.95,2593,ADI
2025-11-24 15:22:00+00:00,33,2,245,234.98,235.07,234.91,234.99,526,ADI
2025-11-24 15:23:00+00:00,33,2,245,235.05,235.14,234.995,234.995,431,ADI
2025-11-24 15:24:00+00:00,33,2,245,234.91,235.09,234.78,234.92,440,ADI
2025-11-24 15:25:00+00:00,33,2,245,234.76,234.82,234.61,234.82,1224,ADI
2025-11-24 15:26:00+00:00,33,2,245,234.81,235.04,234.54,235.04,1539,ADI
2025-11-24 15:27:00+00:00,33,2,245,234.94,235.26,234.94,235.26,576,ADI
2025-11-24 15:28:00+00:00,33,2,245,235.33,235.54,235.33,235.47,3587,ADI
2025-11-24 15:29:00+00:00,33,2,245,235.49,235.68,235.32,235.6,5853,ADI
2025-11-24 15:30:00+00:00,33,2,245,235.6,235.64,235.39,235.64,2652,ADI
2025-11-24 15:31:00+00:00,33,2,245,235.6,235.85,235.6,235.71,1221,ADI
2025-11-24 15:32:00+00:00,33,2,245,235.76,235.92,235.76,235.92,1802,ADI
2025-11-24 15:33:00+00:00,33,2,245,235.93,236.06,235.62,235.68,3144,ADI
2025-11-24 15:34:00+00:00,33,2,245,235.7,235.89,235.7,235.82,896,ADI
2025-11-24 15:35:00+00:00,33,2,245,235.68,235.86,235.65,235.79,773,ADI
2025-11-24 15:36:00+00:00,33,2,245,235.73,235.84,235.58,235.69,1217,ADI
2025-11-24 15:37:00+00:00,33,2,245,235.81,235.86,235.66,235.77,1873,ADI
2025-11-24 15:38:00+00:00,33,2,245,235.53,235.685,235.53,235.685,21,ADI
2025-11-24 15:39:00+00:00,33,2,245,235.73,235.73,235.68,235.68,17,ADI
2025-11-24 15:40:00+00:00,33,2,245,235.7,235.76,235.52,235.65,789,ADI
2025-11-24 15:41:00+00:00,33,2,245,235.585,235.84,235.51,235.83,962,ADI
2025-11-24 15:42:00+00:00,33,2,245,235.76,235.88,235.61,235.88,957,ADI
2025-11-24 15:43:00+00:00,33,2,245,235.73,235.73,235.53,235.65,1023,ADI
2025-11-24 15:44:00+00:00,33,2,245,235.74,235.81,235.73,235.81,257,ADI
2025-11-24 15:45:00+00:00,33,2,245,235.81,235.88,235.73,235.73,526,ADI
2025-11-24 15:46:00+00:00,33,2,245,235.73,235.75,235.54,235.6,1275,ADI
2025-11-24 15:47:00+00:00,33,2,245,235.51,235.77,235.44,235.77,2825,ADI
2025-11-24 15:48:00+00:00,33,2,245,235.78,235.99,235.78,235.99,1043,ADI
2025-11-24 15:49:00+00:00,33,2,245,235.995,236.15,235.995,236.15,1004,ADI
2025-11-24 15:50:00+00:00,33,2,245,236.095,236.31,236.095,236.31,999,ADI
2025-11-24 15:51:00+00:00,33,2,245,236.32,236.6,236.32,236.54,1368,ADI
2025-11-24 15:52:00+00:00,33,2,245,236.56,236.63,236.39,236.63,4249,ADI
2025-11-24 15:53:00+00:00,33,2,245,236.66,236.97,236.66,236.97,676,ADI
2025-11-24 15:54:00+00:00,33,2,245,236.99,237.06,236.83,236.97,2334,ADI
2025-11-24 15:55:00+00:00,33,2,245,237.02,237.1,236.75,236.83,2106,ADI
2025-11-24 15:56:00+00:00,33,2,245,236.75,236.94,236.71,236.84,836,ADI
2025-11-24 15:57:00+00:00,33,2,245,236.86,237.04,236.86,237.04,587,ADI
2025-11-24 15:58:00+00:00,33,2,245,237.0,237.0,236.94,236.96,861,ADI
2025-11-24 15:59:00+00:00,33,2,245,236.97,237.03,236.905,237.01,127,ADI
2025-11-24 16:00:00+00:00,33,2,245,237.02,237.07,236.96,236.97,841,ADI
2025-11-24 16:01:00+00:00,33,2,245,236.95,237.14,236.78,237.04,2479,ADI
2025-11-24 16:02:00+00:00,33,2,245,237.12,237.23,237.11,237.23,1757,ADI
2025-11-24 16:03:00+00:00,33,2,245,237.23,237.39,237.23,237.35,712,ADI
2025-11-24 16:04:00+00:00,33,2,245,237.35,237.4,237.35,237.39,266,ADI
2025-11-24 16:05:00+00:00,33,2,245,237.35,237.72,237.35,237.72,2593,ADI
2025-11-24 16:06:00+00:00,33,2,245,237.65,237.88,237.65,237.88,759,ADI
2025-11-24 16:07:00+00:00,33,2,245,237.89,238.15,237.86,238.08,4384,ADI
2025-11-24 16:08:00+00:00,33,2,245,238.11,238.15,237.96,238.0,724,ADI
2025-11-24 16:09:00+00:00,33,2,245,237.975,238.03,237.84,237.99,2671,ADI
2025-11-24 16:10:00+00:00,33,2,245,237.93,238.13,237.93,238.02,911,ADI
2025-11-24 16:11:00+00:00,33,2,245,238.05,238.2,237.87,237.91,2575,ADI
2025-11-24 16:12:00+00:00,33,2,245,237.89,237.98,237.86,237.9,347,ADI
2025-11-24 16:13:00+00:00,33,2,245,237.85,237.855,237.63,237.855,3106,ADI
2025-11-24 16:14:00+00:00,33,2,245,237.78,237.91,237.78,237.88,710,ADI
2025-11-24 16:15:00+00:00,33,2,245,237.88,237.92,237.74,237.92,1562,ADI
2025-11-24 16:16:00+00:00,33,2,245,237.88,238.02,237.83,238.02,3148,ADI
2025-11-24 16:17:00+00:00,33,2,245,237.93,238.1,237.86,238.1,3105,ADI
2025-11-24 16:18:00+00:00,33,2,245,238.1,238.16,237.93,238.015,1555,ADI
2025-11-24 16:19:00+00:00,33,2,245,237.9,238.09,237.9,238.01,741,ADI
2025-11-24 16:20:00+00:00,33,2,245,237.985,238.16,237.985,238.16,903,ADI
2025-11-24 16:21:00+00:00,33,2,245,238.04,238.04,237.85,237.97,2334,ADI
2025-11-24 16:22:00+00:00,33,2,245,238.0,238.08,237.98,237.98,508,ADI
2025-11-24 16:23:00+00:00,33,2,245,238.08,238.08,237.93,238.04,1015,ADI
2025-11-24 16:24:00+00:00,33,2,245,238.05,238.15,237.99,238.09,963,ADI
2025-11-24 16:25:00+00:00,33,2,245,238.1,238.1,237.91,237.93,1596,ADI
2025-11-24 16:26:00+00:00,33,2,245,238.02,238.06,237.985,238.04,653,ADI
2025-11-24 16:27:00+00:00,33,2,245,238.07,238.38,238.07,238.33,1885,ADI
2025-11-24 16:28:00+00:00,33,2,245,238.33,238.35,238.13,238.21,1285,ADI
2025-11-24 16:29:00+00:00,33,2,245,238.16,238.16,237.89,238.01,1437,ADI
2025-11-24 16:30:00+00:00,33,2,245,237.96,238.02,237.88,237.94,3085,ADI
2025-11-24 16:31:00+00:00,33,2,245,237.9,238.02,237.9,237.96,206,ADI
2025-11-24 16:32:00+00:00,33,2,245,237.96,237.96,237.68,237.795,1821,ADI
2025-11-24 16:33:00+00:00,33,2,245,237.86,237.87,237.58,237.72,1705,ADI
2025-11-24 16:34:00+00:00,33,2,245,237.72,237.76,237.71,237.73,377,ADI
2025-11-24 16:35:00+00:00,33,2,245,237.64,237.83,237.64,237.77,1148,ADI
2025-11-24 16:36:00+00:00,33,2,245,237.84,238.02,237.84,238.02,1789,ADI
2025-11-24 16:37:00+00:00,33,2,245,238.04,238.04,238.02,238.02,111,ADI
2025-11-24 16:38:00+00:00,33,2,245,238.02,238.05,237.94,238.05,368,ADI
2025-11-24 16:39:00+00:00,33,2,245,238.05,238.09,237.97,238.05,1722,ADI
2025-11-24 16:40:00+00:00,33,2,245,238.07,238.16,238.04,238.16,938,ADI
2025-11-24 16:41:00+00:00,33,2,245,238.14,238.37,238.05,238.25,1237,ADI
2025-11-24 16:42:00+00:00,33,2,245,238.24,238.37,238.24,238.3,3304,ADI
2025-11-24 16:43:00+00:00,33,2,245,238.32,238.35,238.2,238.25,451,ADI
2025-11-24 16:44:00+00:00,33,2,245,238.29,238.34,238.27,238.34,501,ADI
2025-11-24 16:45:00+00:00,33,2,245,238.285,238.35,238.23,238.23,641,ADI
2025-11-24 16:46:00+00:00,33,2,245,238.26,238.3,238.21,238.3,745,ADI
2025-11-24 16:47:00+00:00,33,2,245,238.31,238.35,238.16,238.21,1461,ADI
2025-11-24 16:48:00+00:00,33,2,245,238.25,238.4,238.25,238.39,1086,ADI
2025-11-24 16:49:00+00:00,33,2,245,238.29,238.29,238.18,238.18,311,ADI
2025-11-24 16:50:00+00:00,33,2,245,238.17,238.28,238.15,238.25,838,ADI
2025-11-24 16:51:00+00:00,33,2,245,238.27,238.33,238.11,238.26,1840,ADI
2025-11-24 16:52:00+00:00,33,2,245,238.31,238.31,238.31,238.31,50,ADI
2025-11-24 16:53:00+00:00,33,2,245,238.3,238.41,238.27,238.34,1342,ADI
2025-11-24 16:54:00+00:00,33,2,245,238.39,238.39,238.31,238.37,941,ADI
2025-11-24 16:55:00+00:00,33,2,245,238.38,238.45,238.245,238.245,2257,ADI
2025-11-24 16:56:00+00:00,33,2,245,238.24,238.41,238.22,238.35,1018,ADI
2025-11-24 16:57:00+00:00,33,2,245,238.3,238.32,238.21,238.26,1059,ADI
2025-11-24 16:58:00+00:00,33,2,245,238.26,238.3,238.22,238.28,494,ADI
2025-11-24 16:59:00+00:00,33,2,245,238.29,238.33,238.13,238.21,2755,ADI
2025-11-24 17:00:00+00:00,33,2,245,238.21,238.41,238.21,238.37,1404,ADI
2025-11-24 17:01:00+00:00,33,2,245,238.36,238.42,238.3,238.33,780,ADI
2025-11-24 17:02:00+00:00,33,2,245,238.36,238.4,238.21,238.4,1873,ADI
2025-11-24 17:03:00+00:00,33,2,245,238.26,238.26,237.93,238.05,1781,ADI
2025-11-24 17:04:00+00:00,33,2,245,238.11,238.24,238.11,238.2,141,ADI
2025-11-24 17:05:00+00:00,33,2,245,238.22,238.25,237.99,238.12,785,ADI
2025-11-24 17:06:00+00:00,33,2,245,238.12,238.12,237.91,237.99,1826,ADI
2025-11-24 17:07:00+00:00,33,2,245,238.04,238.19,238.04,238.19,1546,ADI
2025-11-24 17:08:00+00:00,33,2,245,238.18,238.27,238.16,238.25,1165,ADI
2025-11-24 17:09:00+00:00,33,2,245,238.17,238.255,238.15,238.2,877,ADI
2025-11-24 17:10:00+00:00,33,2,245,238.18,238.33,238.11,238.12,1731,ADI
2025-11-24 17:11:00+00:00,33,2,245,238.11,238.13,238.01,238.12,1504,ADI
2025-11-24 17:12:00+00:00,33,2,245,238.13,238.13,238.0,238.07,1879,ADI
2025-11-24 17:13:00+00:00,33,2,245,237.99,238.0,237.9,237.99,746,ADI
2025-11-24 17:14:00+00:00,33,2,245,237.96,238.07,237.92,238.07,1569,ADI
2025-11-24 17:15:00+00:00,33,2,245,238.06,238.13,238.05,238.13,646,ADI
2025-11-24 17:16:00+00:00,33,2,245,238.08,238.4,238.08,238.4,2776,ADI
2025-11-24 17:17:00+00:00,33,2,245,238.39,238.47,238.34,238.47,696,ADI
2025-11-24 17:18:00+00:00,33,2,245,238.5,238.58,238.5,238.55,2652,ADI
2025-11-24 17:19:00+00:00,33,2,245,238.52,238.74,238.52,238.675,4009,ADI
2025-11-24 17:20:00+00:00,33,2,245,238.62,238.64,238.41,238.52,2326,ADI
2025-11-24 17:21:00+00:00,33,2,245,238.55,238.69,238.54,238.64,1209,ADI
2025-11-24 17:22:00+00:00,33,2,245,238.66,238.78,238.66,238.74,1219,ADI
2025-11-24 17:23:00+00:00,33,2,245,238.69,238.69,238.49,238.58,3184,ADI
2025-11-24 17:24:00+00:00,33,2,245,238.58,238.64,238.52,238.555,2372,ADI
2025-11-24 17:25:00+00:00,33,2,245,238.5,238.59,238.46,238.58,3758,ADI
2025-11-24 17:26:00+00:00,33,2,245,238.62,238.72,238.61,238.72,459,ADI
2025-11-24 17:27:00+00:00,33,2,245,238.67,238.8,238.66,238.72,1578,ADI
2025-11-24 17:28:00+00:00,33,2,245,238.72,238.76,238.57,238.64,2045,ADI
2025-11-24 17:29:00+00:00,33,2,245,238.64,238.65,238.58,238.62,174,ADI
2025-11-24 17:30:00+00:00,33,2,245,238.62,238.66,238.525,238.59,1734,ADI
2025-11-24 17:31:00+00:00,33,2,245,238.58,238.67,238.515,238.66,759,ADI
2025-11-24 17:32:00+00:00,33,2,245,238.67,238.77,238.67,238.77,559,ADI
2025-11-24 17:33:00+00:00,33,2,245,238.75,238.84,238.73,238.8,4507,ADI
2025-11-24 17:34:00+00:00,33,2,245,238.72,238.74,238.65,238.74,880,ADI
2025-11-24 17:35:00+00:00,33,2,245,238.73,238.73,238.555,238.58,3346,ADI
2025-11-24 17:36:00+00:00,33,2,245,238.6,238.69,238.55,238.68,1698,ADI
2025-11-24 17:37:00+00:00,33,2,245,238.68,238.75,238.64,238.64,645,ADI
2025-11-24 17:38:00+00:00,33,2,245,238.61,238.71,238.57,238.6,1360,ADI
2025-11-24 17:39:00+00:00,33,2,245,238.62,238.67,238.5,238.64,2801,ADI
2025-11-24 17:40:00+00:00,33,2,245,238.64,238.73,238.64,238.73,768,ADI
2025-11-24 17:41:00+00:00,33,2,245,238.69,238.77,238.69,238.77,1258,ADI
2025-11-24 17:42:00+00:00,33,2,245,238.7,238.77,238.64,238.77,340,ADI
2025-11-24 17:43:00+00:00,33,2,245,238.77,238.77,238.43,238.47,3362,ADI
2025-11-24 17:44:00+00:00,33,2,245,238.53,238.6,238.53,238.54,429,ADI
2025-11-24 17:45:00+00:00,33,2,245,238.61,238.78,238.61,238.78,1701,ADI
2025-11-24 17:46:00+00:00,33,2,245,238.69,238.89,238.66,238.85,1229,ADI
2025-11-24 17:47:00+00:00,33,2,245,238.85,238.93,238.68,238.68,7059,ADI
2025-11-24 17:48:00+00:00,33,2,245,238.73,238.8,238.73,238.74,441,ADI
2025-11-24 17:49:00+00:00,33,2,245,238.73,238.85,238.73,238.85,1175,ADI
2025-11-24 17:50:00+00:00,33,2,245,238.81,238.9,238.81,238.845,832,ADI
2025-11-24 17:51:00+00:00,33,2,245,238.82,238.88,238.75,238.82,1270,ADI
2025-11-24 17:52:00+00:00,33,2,245,238.79,238.95,238.79,238.95,777,ADI
2025-11-24 17:53:00+00:00,33,2,245,238.96,239.09,238.96,239.08,2429,ADI
2025-11-24 17:54:00+00:00,33,2,245,239.08,239.15,238.87,238.87,2114,ADI
2025-11-24 17:55:00+00:00,33,2,245,238.86,238.92,238.82,238.92,694,ADI
2025-11-24 17:56:00+00:00,33,2,245,238.865,238.87,238.78,238.85,2597,ADI
2025-11-24 17:57:00+00:00,33,2,245,238.85,238.86,238.85,238.85,512,ADI
2025-11-24 17:58:00+00:00,33,2,245,238.88,238.88,238.88,238.88,100,ADI
2025-11-24 17:59:00+00:00,33,2,245,238.92,238.92,238.82,238.83,1239,ADI
2025-11-24 18:00:00+00:00,33,2,245,238.89,238.9,238.87,238.9,169,ADI
2025-11-24 18:01:00+00:00,33,2,245,238.9,238.99,238.9,238.99,791,ADI
2025-11-24 18:02:00+00:00,33,2,245,239.06,239.14,239.06,239.14,1047,ADI
2025-11-24 18:03:00+00:00,33,2,245,239.17,239.21,238.99,239.0,3327,ADI
2025-11-24 18:04:00+00:00,33,2,245,238.99,239.06,238.98,239.06,342,ADI
2025-11-24 18:05:00+00:00,33,2,245,239.02,239.04,238.95,239.0,1407,ADI
2025-11-24 18:06:00+00:00,33,2,245,239.0,239.01,238.92,239.01,2180,ADI
2025-11-24 18:07:00+00:00,33,2,245,239.0,239.01,238.965,238.965,283,ADI
2025-11-24 18:08:00+00:00,33,2,245,238.965,239.07,238.92,239.07,1393,ADI
2025-11-24 18:09:00+00:00,33,2,245,239.06,239.235,239.05,239.19,2612,ADI
2025-11-24 18:10:00+00:00,33,2,245,239.2,239.33,239.2,239.33,1051,ADI
2025-11-24 18:11:00+00:00,33,2,245,239.35,239.39,239.29,239.39,233,ADI
2025-11-24 18:12:00+00:00,33,2,245,239.35,239.39,239.3,239.35,1264,ADI
2025-11-24 18:13:00+00:00,33,2,245,239.38,239.39,239.28,239.31,985,ADI
2025-11-24 18:14:00+00:00,33,2,245,239.35,239.4,239.335,239.335,709,ADI
2025-11-24 18:15:00+00:00,33,2,245,239.41,239.44,239.37,239.44,738,ADI
2025-11-24 18:16:00+00:00,33,2,245,239.44,239.49,239.41,239.43,930,ADI
2025-11-24 18:17:00+00:00,33,2,245,239.41,239.41,239.32,239.41,2327,ADI
2025-11-24 18:18:00+00:00,33,2,245,239.45,239.46,239.39,239.46,578,ADI
2025-11-24 18:19:00+00:00,33,2,245,239.46,239.55,239.42,239.55,660,ADI
2025-11-24 18:20:00+00:00,33,2,245,239.535,239.62,239.52,239.62,2522,ADI
2025-11-24 18:21:00+00:00,33,2,245,239.6,239.65,239.42,239.49,4214,ADI
2025-11-24 18:22:00+00:00,33,2,245,239.42,239.49,239.4,239.43,766,ADI
2025-11-24 18:23:00+00:00,33,2,245,239.46,239.59,239.38,239.57,1792,ADI
2025-11-24 18:24:00+00:00,33,2,245,239.58,239.66,239.57,239.63,1478,ADI
2025-11-24 18:25:00+00:00,33,2,245,239.62,239.64,239.52,239.62,434,ADI
2025-11-24 18:26:00+00:00,33,2,245,239.61,239.7,239.58,239.64,1420,ADI
2025-11-24 18:27:00+00:00,33,2,245,239.63,239.78,239.63,239.7,2590,ADI
2025-11-24 18:28:00+00:00,33,2,245,239.735,239.81,239.62,239.7,10368,ADI
2025-11-24 18:29:00+00:00,33,2,245,239.69,239.79,239.59,239.71,10474,ADI
2025-11-24 18:30:00+00:00,33,2,245,239.68,239.72,239.46,239.52,7485,ADI
2025-11-24 18:31:00+00:00,33,2,245,239.55,239.9,239.55,239.88,4497,ADI
2025-11-24 18:32:00+00:00,33,2,245,239.89,240.0,239.88,240.0,1110,ADI
2025-11-24 18:33:00+00:00,33,2,245,240.01,240.12,240.01,240.09,880,ADI
2025-11-24 18:34:00+00:00,33,2,245,240.03,240.09,239.86,239.89,7150,ADI
2025-11-24 18:35:00+00:00,33,2,245,239.89,240.08,239.89,240.05,1950,ADI
2025-11-24 18:36:00+00:00,33,2,245,240.04,240.18,240.03,240.12,1248,ADI
2025-11-24 18:37:00+00:00,33,2,245,240.16,240.19,239.92,240.02,6689,ADI
2025-11-24 18:38:00+00:00,33,2,245,240.04,240.09,240.01,240.03,1378,ADI
2025-11-24 18:39:00+00:00,33,2,245,240.02,240.09,239.95,240.03,2037,ADI
2025-11-24 18:40:00+00:00,33,2,245,239.975,240.01,239.88,239.99,2185,ADI
2025-11-24 18:41:00+00:00,33,2,245,239.95,239.96,239.69,239.73,3058,ADI
2025-11-24 18:42:00+00:00,33,2,245,239.73,239.87,239.73,239.87,974,ADI
2025-11-24 18:43:00+00:00,33,2,245,239.88,240.06,239.87,240.02,1732,ADI
2025-11-24 18:44:00+00:00,33,2,245,239.96,239.96,239.81,239.91,3379,ADI
2025-11-24 18:45:00+00:00,33,2,245,239.88,239.99,239.88,239.9,984,ADI
2025-11-24 18:46:00+00:00,33,2,245,239.93,239.94,239.78,239.81,3669,ADI
2025-11-24 18:47:00+00:00,33,2,245,239.84,239.86,239.79,239.86,1364,ADI
2025-11-24 18:48:00+00:00,33,2,245,239.88,239.97,239.81,239.97,1210,ADI
2025-11-24 18:49:00+00:00,33,2,245,240.02,240.02,239.91,239.95,1229,ADI
2025-11-24 18:50:00+00:00,33,2,245,239.93,240.09,239.91,240.07,1621,ADI
2025-11-24 18:51:00+00:00,33,2,245,240.05,240.2,239.98,240.19,2355,ADI
2025-11-24 18:52:00+00:00,33,2,245,240.13,240.14,240.02,240.13,3101,ADI
2025-11-24 18:53:00+00:00,33,2,245,240.12,240.12,239.94,240.02,2670,ADI
2025-11-24 18:54:00+00:00,33,2,245,239.98,240.03,239.98,240.0,1454,ADI
2025-11-24 18:55:00+00:00,33,2,245,239.975,240.04,239.85,240.02,5328,ADI
2025-11-24 18:56:00+00:00,33,2,245,240.04,240.07,239.94,240.02,2328,ADI
2025-11-24 18:57:00+00:00,33,2,245,240.0,240.0,239.91,239.94,351,ADI
2025-11-24 18:58:00+00:00,33,2,245,239.92,240.07,239.89,240.05,3323,ADI
2025-11-24 18:59:00+00:00,33,2,245,240.06,240.1,239.87,239.88,6269,ADI
2025-11-24 19:00:00+00:00,33,2,245,239.87,240.06,239.86,240.06,2803,ADI
2025-11-24 19:01:00+00:00,33,2,245,240.05,240.26,240.05,240.26,3624,ADI
2025-11-24 19:02:00+00:00,33,2,245,240.25,240.59,240.25,240.58,5219,ADI
2025-11-24 19:03:00+00:00,33,2,245,240.58,240.6,240.35,240.54,8178,ADI
2025-11-24 19:04:00+00:00,33,2,245,240.54,240.6,240.37,240.46,2037,ADI
2025-11-24 19:05:00+00:00,33,2,245,240.47,240.56,240.4,240.4,1880,ADI
2025-11-24 19:06:00+00:00,33,2,245,240.4,240.49,240.38,240.44,1966,ADI
2025-11-24 19:07:00+00:00,33,2,245,240.47,240.59,240.36,240.59,3224,ADI
2025-11-24 19:08:00+00:00,33,2,245,240.59,240.62,240.51,240.58,2148,ADI
2025-11-24 19:09:00+00:00,33,2,245,240.58,240.58,240.31,240.39,1320,ADI
2025-11-24 19:10:00+00:00,33,2,245,240.36,240.39,240.28,240.33,3017,ADI
2025-11-24 19:11:00+00:00,33,2,245,240.3,240.34,240.3,240.34,347,ADI
2025-11-24 19:12:00+00:00,33,2,245,240.34,240.41,240.23,240.41,3353,ADI
2025-11-24 19:13:00+00:00,33,2,245,240.42,240.43,240.33,240.38,564,ADI
2025-11-24 19:14:00+00:00,33,2,245,240.42,240.5,240.405,240.45,1838,ADI
2025-11-24 19:15:00+00:00,33,2,245,240.49,240.59,240.48,240.59,3788,ADI
2025-11-24 19:16:00+00:00,33,2,245,240.6,240.71,240.57,240.71,3638,ADI
2025-11-24 19:17:00+00:00,33,2,245,240.72,240.72,240.52,240.59,4920,ADI
2025-11-24 19:18:00+00:00,33,2,245,240.61,240.69,240.61,240.69,855,ADI
2025-11-24 19:19:00+00:00,33,2,245,240.69,240.71,240.66,240.71,938,ADI
2025-11-24 19:20:00+00:00,33,2,245,240.69,240.73,240.44,240.44,2907,ADI
2025-11-24 19:21:00+00:00,33,2,245,240.49,240.64,240.49,240.6,2626,ADI
2025-11-24 19:22:00+00:00,33,2,245,240.62,240.63,240.45,240.49,2262,ADI
2025-11-24 19:23:00+00:00,33,2,245,240.51,240.61,240.44,240.61,3229,ADI
2025-11-24 19:24:00+00:00,33,2,245,240.57,240.61,240.5,240.61,3045,ADI
2025-11-24 19:25:00+00:00,33,2,245,240.61,240.61,240.56,240.61,914,ADI
2025-11-24 19:26:00+00:00,33,2,245,240.56,240.61,240.46,240.52,5416,ADI
2025-11-24 19:27:00+00:00,33,2,245,240.51,240.53,240.4,240.45,1653,ADI
2025-11-24 19:28:00+00:00,33,2,245,240.4,240.45,240.35,240.45,3475,ADI
2025-11-24 19:29:00+00:00,33,2,245,240.35,240.37,240.27,240.37,1124,ADI
2025-11-24 19:30:00+00:00,33,2,245,240.42,240.45,240.39,240.45,1216,ADI
2025-11-24 19:31:00+00:00,33,2,245,240.41,240.41,240.26,240.34,3386,ADI
2025-11-24 19:32:00+00:00,33,2,245,240.34,240.38,240.09,240.13,2482,ADI
2025-11-24 19:33:00+00:00,33,2,245,240.08,240.12,240.07,240.11,1195,ADI
2025-11-24 19:34:00+00:00,33,2,245,240.12,240.14,239.98,240.08,3057,ADI
2025-11-24 19:35:00+00:00,33,2,245,240.05,240.075,239.85,239.99,1590,ADI
2025-11-24 19:36:00+00:00,33,2,245,239.98,240.09,239.94,240.07,3574,ADI
2025-11-24 19:37:00+00:00,33,2,245,240.07,240.1,239.94,240.09,2505,ADI
2025-11-24 19:38:00+00:00,33,2,245,240.09,240.26,240.08,240.26,2417,ADI
2025-11-24 19:39:00+00:00,33,2,245,240.26,240.31,240.17,240.19,1840,ADI
2025-11-24 19:40:00+00:00,33,2,245,240.2,240.2,240.09,240.14,2134,ADI
2025-11-24 19:41:00+00:00,33,2,245,240.15,240.16,240.07,240.12,1824,ADI
2025-11-24 19:42:00+00:00,33,2,245,240.115,240.115,239.9,239.96,3511,ADI
2025-11-24 19:43:00+00:00,33,2,245,239.91,239.95,239.89,239.92,909,ADI
2025-11-24 19:44:00+00:00,33,2,245,239.96,239.96,239.68,239.68,7192,ADI
2025-11-24 19:45:00+00:00,33,2,245,239.66,239.69,239.45,239.45,2178,ADI
2025-11-24 19:46:00+00:00,33,2,245,239.43,239.52,239.36,239.45,4169,ADI
2025-11-24 19:47:00+00:00,33,2,245,239.48,239.62,239.48,239.52,2663,ADI
2025-11-24 19:48:00+00:00,33,2,245,239.52,239.6,239.52,239.59,623,ADI
2025-11-24 19:49:00+00:00,33,2,245,239.51,239.51,239.44,239.44,1182,ADI
2025-11-24 19:50:00+00:00,33,2,245,239.49,239.5,239.36,239.4,2264,ADI
2025-11-24 19:51:00+00:00,33,2,245,239.41,239.45,239.12,239.12,2209,ADI
2025-11-24 19:52:00+00:00,33,2,245,239.12,239.225,239.03,239.09,2065,ADI
2025-11-24 19:53:00+00:00,33,2,245,238.98,239.08,238.945,239.08,2655,ADI
2025-11-24 19:54:00+00:00,33,2,245,239.03,239.29,239.03,239.29,2201,ADI
2025-11-24 19:55:00+00:00,33,2,245,239.29,239.39,239.28,239.3,3059,ADI
2025-11-24 19:56:00+00:00,33,2,245,239.34,239.34,239.15,239.17,3208,ADI
2025-11-24 19:57:00+00:00,33,2,245,239.14,239.23,239.1,239.19,841,ADI
2025-11-24 19:58:00+00:00,33,2,245,239.19,239.22,239.14,239.2,917,ADI
2025-11-24 19:59:00+00:00,33,2,245,239.2,239.23,239.08,239.15,2503,ADI
2025-11-24 20:00:00+00:00,33,2,245,239.16,239.25,239.14,239.21,1502,ADI
2025-11-24 20:01:00+00:00,33,2,245,239.24,239.31,239.23,239.29,2194,ADI
2025-11-24 20:02:00+00:00,33,2,245,239.31,239.31,239.13,239.24,3072,ADI
2025-11-24 20:03:00+00:00,33,2,245,239.24,239.36,239.23,239.29,2178,ADI
2025-11-24 20:04:00+00:00,33,2,245,239.32,239.33,239.2,239.26,949,ADI
2025-11-24 20:05:00+00:00,33,2,245,239.21,239.44,239.21,239.44,2916,ADI
2025-11-24 20:06:00+00:00,33,2,245,239.44,239.62,239.41,239.62,2420,ADI
2025-11-24 20:07:00+00:00,33,2,245,239.67,239.74,239.65,239.69,2242,ADI
2025-11-24 20:08:00+00:00,33,2,245,239.73,239.74,239.67,239.72,762,ADI
2025-11-24 20:09:00+00:00,33,2,245,239.705,239.74,239.69,239.71,1781,ADI
2025-11-24 20:10:00+00:00,33,2,245,239.69,239.75,239.56,239.61,2740,ADI
2025-11-24 20:11:00+00:00,33,2,245,239.6,239.81,239.6,239.81,929,ADI
2025-11-24 20:12:00+00:00,33,2,245,239.8,239.86,239.78,239.835,1131,ADI
2025-11-24 20:13:00+00:00,33,2,245,239.84,239.87,239.76,239.86,1663,ADI
2025-11-24 20:14:00+00:00,33,2,245,239.85,239.94,239.79,239.84,2304,ADI
2025-11-24 20:15:00+00:00,33,2,245,239.86,239.86,239.76,239.77,964,ADI
2025-11-24 20:16:00+00:00,33,2,245,239.79,239.93,239.75,239.81,2731,ADI
2025-11-24 20:17:00+00:00,33,2,245,239.83,239.93,239.82,239.85,2256,ADI
2025-11-24 20:18:00+00:00,33,2,245,239.825,239.87,239.76,239.82,1752,ADI
2025-11-24 20:19:00+00:00,33,2,245,239.805,239.89,239.78,239.81,2277,ADI
2025-11-24 20:20:00+00:00,33,2,245,239.77,239.9,239.7,239.9,4058,ADI
2025-11-24 20:21:00+00:00,33,2,245,239.9,240.03,239.9,240.02,3859,ADI
2025-11-24 20:22:00+00:00,33,2,245,240.025,240.08,239.95,240.04,3788,ADI
2025-11-24 20:23:00+00:00,33,2,245,240.0,240.06,239.9,239.96,2234,ADI
2025-11-24 20:24:00+00:00,33,2,245,239.96,239.98,239.94,239.98,938,ADI
2025-11-24 20:25:00+00:00,33,2,245,239.965,240.15,239.92,239.92,4797,ADI
2025-11-24 20:26:00+00:00,33,2,245,239.95,240.02,239.87,239.91,2888,ADI
2025-11-24 20:27:00+00:00,33,2,245,239.9,239.98,239.88,239.98,2198,ADI
2025-11-24 20:28:00+00:00,33,2,245,239.97,240.01,239.93,239.95,1153,ADI
2025-11-24 20:29:00+00:00,33,2,245,239.97,240.015,239.88,239.97,3245,ADI
2025-11-24 20:30:00+00:00,33,2,245,239.99,240.1,239.87,240.04,3185,ADI
2025-11-24 20:31:00+00:00,33,2,245,240.03,240.07,239.96,240.025,2723,ADI
2025-11-24 20:32:00+00:00,33,2,245,240.02,240.1,239.85,239.86,4509,ADI
2025-11-24 20:33:00+00:00,33,2,245,239.87,240.08,239.87,240.05,2834,ADI
2025-11-24 20:34:00+00:00,33,2,245,240.04,240.14,239.97,240.105,3720,ADI
2025-11-24 20:35:00+00:00,33,2,245,240.07,240.19,240.07,240.18,3351,ADI
2025-11-24 20:36:00+00:00,33,2,245,240.19,240.28,240.12,240.185,3220,ADI
2025-11-24 20:37:00+00:00,33,2,245,240.19,240.36,240.19,240.35,5065,ADI
2025-11-24 20:38:00+00:00,33,2,245,240.35,240.36,240.28,240.33,2645,ADI
2025-11-24 20:39:00+00:00,33,2,245,240.33,240.37,240.26,240.35,2660,ADI
2025-11-24 20:40:00+00:00,33,2,245,240.335,240.35,240.25,240.32,1823,ADI
2025-11-24 20:41:00+00:00,33,2,245,240.33,240.4,240.3,240.34,3931,ADI
2025-11-24 20:42:00+00:00,33,2,245,240.34,240.45,240.29,240.32,4812,ADI
2025-11-24 20:43:00+00:00,33,2,245,240.36,240.47,240.29,240.42,3584,ADI
2025-11-24 20:44:00+00:00,33,2,245,240.46,240.53,240.34,240.34,6211,ADI
2025-11-24 20:45:00+00:00,33,2,245,240.34,240.59,240.29,240.31,7617,ADI
2025-11-24 20:46:00+00:00,33,2,245,240.32,240.32,239.79,239.84,6427,ADI
2025-11-24 20:47:00+00:00,33,2,245,239.83,239.84,239.55,239.565,4439,ADI
2025-11-24 20:48:00+00:00,33,2,245,239.56,239.59,239.28,239.37,7235,ADI
2025-11-24 20:49:00+00:00,33,2,245,239.38,239.49,239.22,239.36,6393,ADI
2025-11-24 20:50:00+00:00,33,2,245,239.34,239.43,237.68,238.32,21113,ADI
2025-11-24 20:51:00+00:00,33,2,245,238.3,238.38,238.03,238.03,6040,ADI
2025-11-24 20:52:00+00:00,33,2,245,238.1,240.13,238.1,238.94,25483,ADI
2025-11-24 20:53:00+00:00,33,2,245,238.94,240.125,238.9,239.91,17534,ADI
2025-11-24 20:54:00+00:00,33,2,245,239.86,240.6,239.78,239.93,27001,ADI
2025-11-24 20:55:00+00:00,33,2,245,239.94,240.76,239.78,240.53,33689,ADI
2025-11-24 20:56:00+00:00,33,2,245,240.49,240.64,240.375,240.46,26393,ADI
2025-11-24 20:57:00+00:00,33,2,245,240.46,240.46,239.38,239.395,31711,ADI
2025-11-24 20:58:00+00:00,33,2,245,239.41,239.56,239.38,239.4,45368,ADI
2025-11-24 20:59:00+00:00,33,2,245,239.43,239.96,239.11,239.33,93480,ADI
2025-11-24 21:00:00+00:00,33,2,245,239.24,239.4,239.24,239.4,2556459,ADI
2025-11-24 21:01:00+00:00,33,2,245,239.4,239.4,238.83,238.83,376,ADI
2025-11-24 21:03:00+00:00,33,2,245,239.51,239.51,239.45,239.45,26,ADI
2025-11-24 21:04:00+00:00,33,2,245,239.45,239.45,239.45,239.45,9,ADI
2025-11-24 21:19:00+00:00,33,2,245,239.34,239.34,239.34,239.34,4,ADI
2025-11-24 21:28:00+00:00,33,2,245,239.28,239.28,239.28,239.28,50,ADI
2025-11-24 21:38:00+00:00,33,2,245,239.34,239.5,239.34,239.5,2,ADI
2025-11-24 21:51:00+00:00,33,2,245,239.42,239.42,239.42,239.42,5,ADI
2025-11-24 21:59:00+00:00,33,2,245,239.52,239.52,239.52,239.52,5,ADI
2025-11-24 22:00:00+00:00,33,2,245,240.0,240.0,240.0,240.0,10,ADI
2025-11-24 22:01:00+00:00,33,2,245,240.0,240.0,240.0,240.0,40,ADI
2025-11-24 22:02:00+00:00,33,2,245,240.0,240.1,240.0,240.1,43,ADI
2025-11-24 22:06:00+00:00,33,2,245,240.42,240.42,240.42,240.42,10,ADI
2025-11-24 22:08:00+00:00,33,2,245,240.42,240.42,240.42,240.42,3,ADI
2025-11-24 22:11:00+00:00,33,2,245,240.42,240.56,240.42,240.56,396,ADI
2025-11-24 22:19:00+00:00,33,2,245,240.74,240.74,240.74,240.74,8,ADI
2025-11-24 22:26:00+00:00,33,2,245,240.74,240.74,240.74,240.74,1,ADI
2025-11-24 22:35:00+00:00,33,2,245,240.74,241.0,240.74,241.0,193,ADI
2025-11-24 23:09:00+00:00,33,2,245,240.92,240.98,240.92,240.98,22,ADI
2025-11-24 23:15:00+00:00,33,2,245,240.35,240.35,239.96,239.96,11,ADI
2025-11-24 23:16:00+00:00,33,2,245,239.96,239.96,239.96,239.96,11,ADI
2025-11-24 23:29:00+00:00,33,2,245,240.95,240.95,240.92,240.92,6,ADI
2025-11-24 23:33:00+00:00,33,2,245,240.97,240.97,240.55,240.55,24,ADI
2025-11-24 23:36:00+00:00,33,2,245,240.5,240.5,240.01,240.01,10,ADI
2025-11-25 09:16:00+00:00,33,2,245,236.33,236.33,236.33,236.33,5,ADI
2025-11-25 09:37:00+00:00,33,2,245,236.6,236.6,236.6,236.6,1,ADI
2025-11-25 09:53:00+00:00,33,2,245,238.0,238.0,238.0,238.0,5,ADI
2025-11-25 09:54:00+00:00,33,2,245,238.2,238.2,238.2,238.2,5,ADI
2025-11-25 09:55:00+00:00,33,2,245,238.74,238.74,238.74,238.74,25,ADI
2025-11-25 09:56:00+00:00,33,2,245,239.0,239.0,238.74,238.74,19,ADI
2025-11-25 09:57:00+00:00,33,2,245,238.74,238.74,238.74,238.74,83,ADI
2025-11-25 09:58:00+00:00,33,2,245,238.74,238.74,238.74,238.74,41,ADI
2025-11-25 09:59:00+00:00,33,2,245,238.74,238.74,238.74,238.74,15,ADI
2025-11-25 10:01:00+00:00,33,2,245,238.74,238.74,238.74,238.74,38,ADI
2025-11-25 10:02:00+00:00,33,2,245,238.2,238.2,238.2,238.2,16,ADI
2025-11-25 10:04:00+00:00,33,2,245,238.67,238.67,238.67,238.67,59,ADI
2025-11-25 10:05:00+00:00,33,2,245,238.67,238.67,238.67,238.67,3,ADI
2025-11-25 10:07:00+00:00,33,2,245,238.2,238.2,238.2,238.2,5,ADI
2025-11-25 10:17:00+00:00,33,2,245,238.67,238.67,238.67,238.67,10,ADI
2025-11-25 10:19:00+00:00,33,2,245,238.67,238.67,238.67,238.67,20,ADI
2025-11-25 10:20:00+00:00,33,2,245,238.67,238.67,238.67,238.67,6,ADI
2025-11-25 10:21:00+00:00,33,2,245,238.67,238.67,238.67,238.67,2,ADI
2025-11-25 10:22:00+00:00,33,2,245,238.67,238.67,238.67,238.67,19,ADI
2025-11-25 10:27:00+00:00,33,2,245,238.67,238.67,238.67,238.67,61,ADI
2025-11-25 10:29:00+00:00,33,2,245,238.67,238.67,238.67,238.67,7,ADI
2025-11-25 10:33:00+00:00,33,2,245,238.67,238.67,238.67,238.67,2,ADI
2025-11-25 10:36:00+00:00,33,2,245,238.67,238.67,238.67,238.67,20,ADI
2025-11-25 10:40:00+00:00,33,2,245,238.67,238.67,238.67,238.67,5,ADI
2025-11-25 10:41:00+00:00,33,2,245,238.67,238.67,238.67,238.67,148,ADI
2025-11-25 10:52:00+00:00,33,2,245,238.6,238.6,238.6,238.6,25,ADI
2025-11-25 10:54:00+00:00,33,2,245,238.63,238.63,238.63,238.63,6,ADI
2025-11-25 10:55:00+00:00,33,2,245,237.0,237.0,236.33,236.33,19,ADI
2025-11-25 10:56:00+00:00,33,2,245,236.51,236.51,236.33,236.33,22,ADI
2025-11-25 11:17:00+00:00,33,2,245,236.12,236.12,236.12,236.12,10,ADI
2025-11-25 11:23:00+00:00,33,2,245,237.05,237.05,237.0,237.0,25,ADI
2025-11-25 11:24:00+00:00,33,2,245,237.0,237.0,237.0,237.0,16,ADI
2025-11-25 11:28:00+00:00,33,2,245,235.12,235.12,235.12,235.12,5,ADI
2025-11-25 11:32:00+00:00,33,2,245,235.01,235.01,235.01,235.01,9,ADI
2025-11-25 11:34:00+00:00,33,2,245,235.01,235.01,235.01,235.01,22,ADI
2025-11-25 11:52:00+00:00,33,2,245,235.0,235.0,235.0,235.0,2,ADI
2025-11-25 11:59:00+00:00,33,2,245,237.0,237.0,237.0,237.0,2,ADI
2025-11-25 12:00:00+00:00,33,2,245,237.97,237.97,237.97,237.97,6,ADI
2025-11-25 12:01:00+00:00,33,2,245,240.34,245.04,239.65,245.04,79,ADI
2025-11-25 12:04:00+00:00,33,2,245,244.5,248.6,244.5,248.6,271,ADI
2025-11-25 12:05:00+00:00,33,2,245,249.0,249.0,249.0,249.0,600,ADI
2025-11-25 12:06:00+00:00,33,2,245,246.91,246.91,246.91,246.91,45,ADI
2025-11-25 12:07:00+00:00,33,2,245,246.01,246.91,239.0,239.0,1458,ADI
2025-11-25 12:08:00+00:00,33,2,245,243.0,245.84,243.0,245.84,456,ADI
2025-11-25 12:11:00+00:00,33,2,245,244.0,248.0,244.0,248.0,636,ADI
2025-11-25 12:12:00+00:00,33,2,245,248.1,249.0,248.1,249.0,1315,ADI
2025-11-25 12:14:00+00:00,33,2,245,248.0,248.0,248.0,248.0,15,ADI
2025-11-25 12:17:00+00:00,33,2,245,247.96,248.13,247.96,248.13,16,ADI
2025-11-25 12:19:00+00:00,33,2,245,247.92,247.92,247.78,247.78,33,ADI
2025-11-25 12:27:00+00:00,33,2,245,248.0,248.0,248.0,248.0,5,ADI
2025-11-25 12:28:00+00:00,33,2,245,248.0,248.0,244.9,244.99,60,ADI
2025-11-25 12:29:00+00:00,33,2,245,244.02,244.02,243.0,243.0,150,ADI
2025-11-25 12:30:00+00:00,33,2,245,243.0,243.0,241.1,241.1,17,ADI
2025-11-25 12:34:00+00:00,33,2,245,241.0,241.0,241.0,241.0,15,ADI
2025-11-25 12:35:00+00:00,33,2,245,242.0,242.0,242.0,242.0,98,ADI
2025-11-25 12:38:00+00:00,33,2,245,241.1,241.1,240.08,240.1,93,ADI
2025-11-25 12:48:00+00:00,33,2,245,241.68,244.0,241.68,244.0,241,ADI
2025-11-25 12:49:00+00:00,33,2,245,244.0,244.0,243.0,243.0,17,ADI
2025-11-25 12:53:00+00:00,33,2,245,243.0,243.0,243.0,243.0,78,ADI
2025-11-25 12:54:00+00:00,33,2,245,243.0,243.0,243.0,243.0,22,ADI
2025-11-25 12:55:00+00:00,33,2,245,242.03,242.03,242.03,242.03,22,ADI
2025-11-25 13:10:00+00:00,33,2,245,242.02,242.02,241.96,241.96,26,ADI
2025-11-25 13:11:00+00:00,33,2,245,242.0,242.0,242.0,242.0,10,ADI
2025-11-25 13:13:00+00:00,33,2,245,241.0,241.0,241.0,241.0,100,ADI
2025-11-25 13:14:00+00:00,33,2,245,240.99,241.0,240.99,241.0,100,ADI
2025-11-25 13:15:00+00:00,33,2,245,240.68,240.68,240.6,240.6,80,ADI
2025-11-25 13:16:00+00:00,33,2,245,240.5,240.5,240.5,240.5,149,ADI
2025-11-25 13:17:00+00:00,33,2,245,240.9,241.1,240.9,241.1,554,ADI
2025-11-25 13:18:00+00:00,33,2,245,241.5,242.49,241.5,242.49,69,ADI
2025-11-25 13:20:00+00:00,33,2,245,241.72,241.72,241.7,241.7,51,ADI
2025-11-25 13:28:00+00:00,33,2,245,241.74,241.9,241.74,241.75,90,ADI
2025-11-25 13:32:00+00:00,33,2,245,241.38,242.0,241.38,241.75,246,ADI
2025-11-25 13:33:00+00:00,33,2,245,241.75,241.75,241.75,241.75,20,ADI
2025-11-25 13:34:00+00:00,33,2,245,241.75,241.75,241.75,241.75,10,ADI
2025-11-25 13:36:00+00:00,33,2,245,241.5,241.5,241.5,241.5,10,ADI
2025-11-25 13:39:00+00:00,33,2,245,241.11,241.11,241.09,241.11,16,ADI
2025-11-25 13:44:00+00:00,33,2,245,242.73,243.0,242.21,242.21,371,ADI
2025-11-25 13:47:00+00:00,33,2,245,242.14,242.14,242.14,242.14,3,ADI
2025-11-25 13:48:00+00:00,33,2,245,242.14,242.14,242.14,242.14,101,ADI
2025-11-25 13:49:00+00:00,33,2,245,242.14,242.51,242.12,242.12,488,ADI
2025-11-25 13:55:00+00:00,33,2,245,242.5,242.52,242.5,242.52,3,ADI
2025-11-25 14:00:00+00:00,33,2,245,241.5,241.5,241.5,241.5,11,ADI
2025-11-25 14:02:00+00:00,33,2,245,242.03,242.03,242.03,242.03,9,ADI
2025-11-25 14:05:00+00:00,33,2,245,241.5,241.5,240.98,240.98,11,ADI
2025-11-25 14:10:00+00:00,33,2,245,241.5,241.5,241.5,241.5,10,ADI
2025-11-25 14:16:00+00:00,33,2,245,241.0,241.0,241.0,241.0,22,ADI
2025-11-25 14:19:00+00:00,33,2,245,241.0,241.0,241.0,241.0,22,ADI
2025-11-25 14:20:00+00:00,33,2,245,241.7,241.7,241.7,241.7,7,ADI
2025-11-25 14:21:00+00:00,33,2,245,241.7,241.7,241.7,241.7,5,ADI
2025-11-25 14:22:00+00:00,33,2,245,241.7,243.0,241.69,243.0,386,ADI
2025-11-25 14:23:00+00:00,33,2,245,241.52,241.52,241.52,241.52,1,ADI
2025-11-25 14:24:00+00:00,33,2,245,241.11,241.52,241.02,241.52,25,ADI
2025-11-25 14:26:00+00:00,33,2,245,241.52,242.0,241.52,242.0,610,ADI
2025-11-25 14:27:00+00:00,33,2,245,241.02,241.02,222.06,225.15,417,ADI
2025-11-25 14:28:00+00:00,33,2,245,233.19,233.19,228.91,231.84,1519,ADI
2025-11-25 14:29:00+00:00,33,2,245,231.6,231.6,228.7,230.0,3355,ADI
2025-11-25 14:30:00+00:00,33,2,245,231.15,237.99,230.11,233.98,81260,ADI
2025-11-25 14:31:00+00:00,33,2,245,234.17,235.06,232.41,233.33,3289,ADI
2025-11-25 14:32:00+00:00,33,2,245,233.27,235.04,233.27,234.5,4227,ADI
2025-11-25 14:33:00+00:00,33,2,245,234.31,234.95,234.23,234.58,1033,ADI
2025-11-25 14:34:00+00:00,33,2,245,234.0,234.61,233.07,234.16,4230,ADI
2025-11-25 14:35:00+00:00,33,2,245,234.4,234.77,231.72,231.72,7421,ADI
2025-11-25 14:36:00+00:00,33,2,245,231.56,231.92,230.93,231.29,5386,ADI
2025-11-25 14:37:00+00:00,33,2,245,231.58,233.09,231.58,232.5,9228,ADI
2025-11-25 14:38:00+00:00,33,2,245,232.5,233.95,232.47,232.47,7230,ADI
2025-11-25 14:39:00+00:00,33,2,245,232.66,232.66,231.885,231.885,5293,ADI
2025-11-25 14:40:00+00:00,33,2,245,231.73,232.1,230.0,230.2,8456,ADI
2025-11-25 14:41:00+00:00,33,2,245,230.2,231.095,230.17,230.83,4958,ADI
2025-11-25 14:42:00+00:00,33,2,245,230.87,231.41,230.64,231.05,4185,ADI
2025-11-25 14:43:00+00:00,33,2,245,230.98,231.36,230.69,230.69,2193,ADI
2025-11-25 14:44:00+00:00,33,2,245,230.89,231.23,230.3,230.57,3708,ADI
2025-11-25 14:45:00+00:00,33,2,245,230.59,230.59,229.24,229.93,4747,ADI
2025-11-25 14:46:00+00:00,33,2,245,229.97,230.18,229.52,229.79,4649,ADI
2025-11-25 14:47:00+00:00,33,2,245,229.52,230.73,229.52,229.965,4261,ADI
2025-11-25 14:48:00+00:00,33,2,245,229.89,230.44,229.88,230.19,2339,ADI
2025-11-25 14:49:00+00:00,33,2,245,230.16,231.58,230.09,231.58,11923,ADI
2025-11-25 14:50:00+00:00,33,2,245,231.67,232.19,231.35,232.15,2672,ADI
2025-11-25 14:51:00+00:00,33,2,245,232.18,232.55,231.78,232.21,2804,ADI
2025-11-25 14:52:00+00:00,33,2,245,232.24,232.92,232.09,232.72,2746,ADI
2025-11-25 14:53:00+00:00,33,2,245,232.9,233.2,232.57,232.9,4628,ADI
2025-11-25 14:54:00+00:00,33,2,245,233.03,233.53,232.68,232.74,5885,ADI
2025-11-25 14:55:00+00:00,33,2,245,232.795,233.12,232.41,232.99,3361,ADI
2025-11-25 14:56:00+00:00,33,2,245,232.72,232.73,232.26,232.33,3323,ADI
2025-11-25 14:57:00+00:00,33,2,245,232.48,232.61,232.1,232.38,4942,ADI
2025-11-25 14:58:00+00:00,33,2,245,232.51,232.88,232.51,232.71,1178,ADI
2025-11-25 14:59:00+00:00,33,2,245,232.665,232.7,232.285,232.7,1354,ADI
2025-11-25 15:00:00+00:00,33,2,245,232.5,232.93,232.25,232.93,3175,ADI
2025-11-25 15:01:00+00:00,33,2,245,232.8,233.55,232.76,233.07,8222,ADI
2025-11-25 15:02:00+00:00,33,2,245,232.91,235.03,232.65,234.77,19081,ADI
2025-11-25 15:03:00+00:00,33,2,245,234.66,234.66,233.96,234.3,5533,ADI
2025-11-25 15:04:00+00:00,33,2,245,234.3,234.74,233.85,234.5,4376,ADI
2025-11-25 15:05:00+00:00,33,2,245,234.5,235.4,234.38,235.4,4540,ADI
2025-11-25 15:06:00+00:00,33,2,245,235.4,235.55,235.02,235.55,4964,ADI
2025-11-25 15:07:00+00:00,33,2,245,235.69,236.7,235.58,236.22,7267,ADI
2025-11-25 15:08:00+00:00,33,2,245,236.32,237.49,236.17,237.26,5117,ADI
2025-11-25 15:09:00+00:00,33,2,245,237.22,237.6,236.38,236.38,7369,ADI
2025-11-25 15:10:00+00:00,33,2,245,236.31,236.56,236.18,236.5,2573,ADI
2025-11-25 15:11:00+00:00,33,2,245,236.44,236.46,235.5,235.68,2345,ADI
2025-11-25 15:12:00+00:00,33,2,245,235.5,236.13,235.31,235.67,3501,ADI
2025-11-25 15:13:00+00:00,33,2,245,235.61,236.59,235.23,236.52,2848,ADI
2025-11-25 15:14:00+00:00,33,2,245,236.33,236.33,235.465,235.67,757,ADI
2025-11-25 15:15:00+00:00,33,2,245,235.6,237.58,235.6,237.39,5542,ADI
2025-11-25 15:16:00+00:00,33,2,245,237.31,238.1,237.27,237.75,5539,ADI
2025-11-25 15:17:00+00:00,33,2,245,237.58,237.98,237.3,237.39,5940,ADI
2025-11-25 15:18:00+00:00,33,2,245,237.42,237.91,236.81,237.38,5528,ADI
2025-11-25 15:19:00+00:00,33,2,245,237.8,238.08,237.24,237.38,4460,ADI
2025-11-25 15:20:00+00:00,33,2,245,237.31,237.31,235.95,236.33,6750,ADI
2025-11-25 15:21:00+00:00,33,2,245,236.18,237.13,236.18,236.5,4902,ADI
2025-11-25 15:22:00+00:00,33,2,245,236.61,237.34,236.5,236.72,3738,ADI
2025-11-25 15:23:00+00:00,33,2,245,236.7,237.0,236.44,236.44,4031,ADI
2025-11-25 15:24:00+00:00,33,2,245,236.48,236.51,236.165,236.2,4528,ADI
2025-11-25 15:25:00+00:00,33,2,245,236.29,237.71,236.25,237.54,8630,ADI
2025-11-25 15:26:00+00:00,33,2,245,237.48,237.98,237.41,237.63,6873,ADI
2025-11-25 15:27:00+00:00,33,2,245,237.78,237.85,235.92,236.38,10430,ADI
2025-11-25 15:28:00+00:00,33,2,245,236.28,237.25,236.0,237.11,2303,ADI
2025-11-25 15:29:00+00:00,33,2,245,237.22,238.53,237.22,238.53,4163,ADI
2025-11-25 15:30:00+00:00,33,2,245,238.78,239.4,238.57,238.57,6323,ADI
2025-11-25 15:31:00+00:00,33,2,245,238.545,239.07,238.42,239.07,2915,ADI
2025-11-25 15:32:00+00:00,33,2,245,239.18,241.16,239.18,241.13,11500,ADI
2025-11-25 15:33:00+00:00,33,2,245,240.79,242.64,240.51,242.49,15587,ADI
2025-11-25 15:34:00+00:00,33,2,245,242.78,246.79,242.78,245.75,27222,ADI
2025-11-25 15:35:00+00:00,33,2,245,245.75,246.36,244.16,245.81,16681,ADI
2025-11-25 15:36:00+00:00,33,2,245,245.72,246.84,245.07,245.87,22181,ADI
2025-11-25 15:37:00+00:00,33,2,245,245.87,245.87,244.66,245.165,14989,ADI
2025-11-25 15:38:00+00:00,33,2,245,245.255,245.64,244.6,245.64,6098,ADI
2025-11-25 15:39:00+00:00,33,2,245,245.59,246.05,244.97,245.34,9100,ADI
2025-11-25 15:40:00+00:00,33,2,245,245.43,245.965,245.3,245.76,4467,ADI
2025-11-25 15:41:00+00:00,33,2,245,245.99,246.8,245.88,246.6,7171,ADI
2025-11-25 15:42:00+00:00,33,2,245,246.625,247.57,246.45,246.74,6903,ADI
2025-11-25 15:43:00+00:00,33,2,245,246.7,247.29,246.35,247.25,5768,ADI
2025-11-25 15:44:00+00:00,33,2,245,247.29,247.81,246.9,247.63,2988,ADI
2025-11-25 15:45:00+00:00,33,2,245,247.62,248.42,247.29,248.42,8493,ADI
2025-11-25 15:46:00+00:00,33,2,245,248.26,248.95,248.0,248.69,12327,ADI
2025-11-25 15:47:00+00:00,33,2,245,248.55,248.55,247.34,247.73,7045,ADI
2025-11-25 15:48:00+00:00,33,2,245,247.66,247.86,247.24,247.46,3916,ADI
2025-11-25 15:49:00+00:00,33,2,245,247.415,247.67,246.66,246.685,5938,ADI
2025-11-25 15:50:00+00:00,33,2,245,246.54,246.54,245.14,245.54,6832,ADI
2025-11-25 15:51:00+00:00,33,2,245,245.35,246.46,244.94,246.18,4799,ADI
2025-11-25 15:52:00+00:00,33,2,245,246.14,246.71,245.79,246.71,3892,ADI
2025-11-25 15:53:00+00:00,33,2,245,246.67,246.91,246.31,246.53,5246,ADI
2025-11-25 15:54:00+00:00,33,2,245,246.53,246.94,246.14,246.74,4777,ADI
2025-11-25 15:55:00+00:00,33,2,245,246.82,246.82,246.33,246.35,2205,ADI
2025-11-25 15:56:00+00:00,33,2,245,246.28,246.31,245.83,246.28,4189,ADI
2025-11-25 15:57:00+00:00,33,2,245,246.41,246.85,246.12,246.62,2247,ADI
2025-11-25 15:58:00+00:00,33,2,245,246.79,247.39,246.79,246.99,1787,ADI
2025-11-25 15:59:00+00:00,33,2,245,246.99,247.08,246.54,246.98,4059,ADI
2025-11-25 16:00:00+00:00,33,2,245,247.01,247.1,246.53,246.63,1892,ADI
2025-11-25 16:01:00+00:00,33,2,245,246.7,247.0,246.64,246.83,2611,ADI
2025-11-25 16:02:00+00:00,33,2,245,247.0,247.89,247.0,247.89,7581,ADI
2025-11-25 16:03:00+00:00,33,2,245,247.83,247.84,246.99,247.62,2520,ADI
2025-11-25 16:04:00+00:00,33,2,245,247.59,247.61,247.12,247.36,1233,ADI
2025-11-25 16:05:00+00:00,33,2,245,247.2,247.64,247.08,247.3,2469,ADI
2025-11-25 16:06:00+00:00,33,2,245,247.45,248.28,247.45,248.1,10836,ADI
2025-11-25 16:07:00+00:00,33,2,245,248.23,248.81,248.23,248.72,2117,ADI
2025-11-25 16:08:00+00:00,33,2,245,248.72,249.69,248.72,249.63,8620,ADI
2025-11-25 16:09:00+00:00,33,2,245,249.62,249.705,249.21,249.46,3229,ADI
2025-11-25 16:10:00+00:00,33,2,245,249.38,249.58,248.93,249.52,6745,ADI
2025-11-25 16:11:00+00:00,33,2,245,249.395,249.89,249.32,249.57,5546,ADI
2025-11-25 16:12:00+00:00,33,2,245,249.59,249.74,248.95,249.22,3647,ADI
2025-11-25 16:13:00+00:00,33,2,245,249.29,249.65,249.14,249.52,3331,ADI
2025-11-25 16:14:00+00:00,33,2,245,249.52,249.52,248.73,248.95,2486,ADI
2025-11-25 16:15:00+00:00,33,2,245,248.87,248.87,248.43,248.58,1696,ADI
2025-11-25 16:16:00+00:00,33,2,245,248.47,248.76,248.14,248.4,5324,ADI
2025-11-25 16:17:00+00:00,33,2,245,248.55,249.11,248.54,248.74,4740,ADI
2025-11-25 16:18:00+00:00,33,2,245,248.69,249.63,248.61,248.92,2834,ADI
2025-11-25 16:19:00+00:00,33,2,245,249.04,249.39,248.94,248.99,744,ADI
2025-11-25 16:20:00+00:00,33,2,245,249.16,249.67,249.16,249.49,2942,ADI
2025-11-25 16:21:00+00:00,33,2,245,249.66,249.99,249.08,249.08,3858,ADI
2025-11-25 16:22:00+00:00,33,2,245,249.125,249.53,249.125,249.44,1112,ADI
2025-11-25 16:23:00+00:00,33,2,245,249.54,249.68,249.24,249.44,1585,ADI
2025-11-25 16:24:00+00:00,33,2,245,249.41,249.41,248.5,248.64,3409,ADI
2025-11-25 16:25:00+00:00,33,2,245,248.69,249.03,248.43,248.43,3596,ADI
2025-11-25 16:26:00+00:00,33,2,245,248.39,248.63,247.72,247.76,1785,ADI
2025-11-25 16:27:00+00:00,33,2,245,247.83,248.065,247.27,247.43,2533,ADI
2025-11-25 16:28:00+00:00,33,2,245,247.62,247.62,246.96,246.96,3066,ADI
2025-11-25 16:29:00+00:00,33,2,245,246.96,247.38,246.905,247.19,2628,ADI
2025-11-25 16:30:00+00:00,33,2,245,247.36,247.6,247.25,247.41,2239,ADI
2025-11-25 16:31:00+00:00,33,2,245,247.25,247.25,246.49,246.74,7357,ADI
2025-11-25 16:32:00+00:00,33,2,245,246.54,246.54,246.17,246.25,1444,ADI
2025-11-25 16:33:00+00:00,33,2,245,246.31,246.74,246.16,246.22,2306,ADI
2025-11-25 16:34:00+00:00,33,2,245,246.08,246.12,245.485,245.485,2736,ADI
2025-11-25 16:35:00+00:00,33,2,245,245.7,246.12,245.7,246.04,1948,ADI
2025-11-25 16:36:00+00:00,33,2,245,246.13,246.86,246.065,246.82,1613,ADI
2025-11-25 16:37:00+00:00,33,2,245,246.8,247.03,246.68,246.83,2333,ADI
2025-11-25 16:38:00+00:00,33,2,245,246.91,247.215,246.74,246.77,3143,ADI
2025-11-25 16:39:00+00:00,33,2,245,246.69,246.79,246.43,246.57,409,ADI
2025-11-25 16:40:00+00:00,33,2,245,246.67,246.87,246.35,246.46,3238,ADI
2025-11-25 16:41:00+00:00,33,2,245,246.6,247.16,246.6,247.04,1268,ADI
2025-11-25 16:42:00+00:00,33,2,245,247.1,247.51,247.04,247.45,2851,ADI
2025-11-25 16:43:00+00:00,33,2,245,247.275,247.54,247.18,247.54,1146,ADI
2025-11-25 16:44:00+00:00,33,2,245,247.5,247.57,247.23,247.57,4454,ADI
2025-11-25 16:45:00+00:00,33,2,245,247.6,247.62,246.89,247.03,3060,ADI
2025-11-25 16:46:00+00:00,33,2,245,247.08,247.37,247.01,247.24,1007,ADI
2025-11-25 16:47:00+00:00,33,2,245,247.36,248.45,247.24,248.3,2374,ADI
2025-11-25 16:48:00+00:00,33,2,245,248.14,248.94,247.79,247.82,12992,ADI
2025-11-25 16:49:00+00:00,33,2,245,247.82,248.09,247.7,248.07,1429,ADI
2025-11-25 16:50:00+00:00,33,2,245,248.0,248.54,248.0,248.44,1325,ADI
2025-11-25 16:51:00+00:00,33,2,245,248.42,248.61,248.38,248.57,1580,ADI
2025-11-25 16:52:00+00:00,33,2,245,248.62,249.21,248.4,249.005,3032,ADI
2025-11-25 16:53:00+00:00,33,2,245,248.93,249.22,248.68,248.78,1878,ADI
2025-11-25 16:54:00+00:00,33,2,245,248.79,249.06,248.52,249.05,3006,ADI
2025-11-25 16:55:00+00:00,33,2,245,249.055,249.35,249.055,249.26,892,ADI
2025-11-25 16:56:00+00:00,33,2,245,249.2,249.32,249.1,249.22,2415,ADI
2025-11-25 16:57:00+00:00,33,2,245,249.34,249.44,249.1,249.11,749,ADI
2025-11-25 16:58:00+00:00,33,2,245,249.12,249.14,248.92,249.02,1175,ADI
2025-11-25 16:59:00+00:00,33,2,245,249.14,249.14,248.67,248.86,2593,ADI
2025-11-25 17:00:00+00:00,33,2,245,249.1,249.15,248.75,248.81,395,ADI
2025-11-25 17:01:00+00:00,33,2,245,248.84,249.22,248.79,249.14,1653,ADI
2025-11-25 17:02:00+00:00,33,2,245,248.99,249.325,248.97,249.25,3214,ADI
2025-11-25 17:03:00+00:00,33,2,245,249.11,249.11,248.65,248.75,525,ADI
2025-11-25 17:04:00+00:00,33,2,245,248.63,248.71,248.35,248.35,1375,ADI
2025-11-25 17:05:00+00:00,33,2,245,248.59,248.84,248.49,248.84,733,ADI
2025-11-25 17:06:00+00:00,33,2,245,248.71,248.71,248.47,248.6,1396,ADI
2025-11-25 17:07:00+00:00,33,2,245,248.39,248.56,248.39,248.5,310,ADI
2025-11-25 17:08:00+00:00,33,2,245,248.56,249.46,248.56,249.3,1173,ADI
2025-11-25 17:09:00+00:00,33,2,245,249.185,249.4,248.95,249.4,2984,ADI
2025-11-25 17:10:00+00:00,33,2,245,249.33,249.33,249.01,249.01,1246,ADI
2025-11-25 17:11:00+00:00,33,2,245,249.2,249.56,249.2,249.39,1427,ADI
2025-11-25 17:12:00+00:00,33,2,245,249.55,249.56,249.0,249.07,1315,ADI
2025-11-25 17:13:00+00:00,33,2,245,249.14,249.7,249.11,249.45,1166,ADI
2025-11-25 17:14:00+00:00,33,2,245,249.49,249.49,248.88,248.88,1393,ADI
2025-11-25 17:15:00+00:00,33,2,245,248.99,249.07,248.73,248.98,569,ADI
2025-11-25 17:16:00+00:00,33,2,245,248.91,249.13,248.86,248.9,146,ADI
2025-11-25 17:17:00+00:00,33,2,245,248.9,249.05,248.46,248.91,4748,ADI
2025-11-25 17:18:00+00:00,33,2,245,248.7,248.97,248.57,248.97,767,ADI
2025-11-25 17:19:00+00:00,33,2,245,248.94,249.39,248.74,249.205,1710,ADI
2025-11-25 17:20:00+00:00,33,2,245,249.37,249.6,249.03,249.135,2272,ADI
2025-11-25 17:21:00+00:00,33,2,245,249.23,249.71,249.14,249.71,1886,ADI
2025-11-25 17:22:00+00:00,33,2,245,249.465,249.55,249.25,249.55,955,ADI
2025-11-25 17:23:00+00:00,33,2,245,249.34,249.66,249.34,249.55,719,ADI
2025-11-25 17:24:00+00:00,33,2,245,249.43,249.76,249.23,249.76,1466,ADI
2025-11-25 17:25:00+00:00,33,2,245,249.69,249.88,249.5,249.5,747,ADI
2025-11-25 17:26:00+00:00,33,2,245,249.4,249.6,249.39,249.6,179,ADI
2025-11-25 17:27:00+00:00,33,2,245,249.5,249.5,249.29,249.38,942,ADI
2025-11-25 17:28:00+00:00,33,2,245,249.38,249.38,248.82,248.83,1113,ADI
2025-11-25 17:29:00+00:00,33,2,245,248.94,249.58,248.94,249.38,6034,ADI
2025-11-25 17:30:00+00:00,33,2,245,249.41,249.49,249.24,249.29,642,ADI
2025-11-25 17:31:00+00:00,33,2,245,249.47,249.93,249.45,249.79,4462,ADI
2025-11-25 17:32:00+00:00,33,2,245,249.68,250.12,249.34,249.98,5555,ADI
2025-11-25 17:33:00+00:00,33,2,245,249.93,250.91,249.93,250.91,5051,ADI
2025-11-25 17:34:00+00:00,33,2,245,250.87,251.49,250.79,251.38,2008,ADI
2025-11-25 17:35:00+00:00,33,2,245,251.15,251.38,251.11,251.38,675,ADI
2025-11-25 17:36:00+00:00,33,2,245,251.44,251.7,251.42,251.67,1460,ADI
2025-11-25 17:37:00+00:00,33,2,245,251.68,251.74,251.45,251.7,1532,ADI
2025-11-25 17:38:00+00:00,33,2,245,251.74,251.74,251.38,251.66,1425,ADI
2025-11-25 17:39:00+00:00,33,2,245,251.68,251.7,250.6,250.83,3046,ADI
2025-11-25 17:40:00+00:00,33,2,245,250.84,250.94,250.51,250.69,2703,ADI
2025-11-25 17:41:00+00:00,33,2,245,250.66,250.9,250.53,250.53,3376,ADI
2025-11-25 17:42:00+00:00,33,2,245,250.53,250.58,250.51,250.58,436,ADI
2025-11-25 17:43:00+00:00,33,2,245,250.67,250.82,250.52,250.57,1458,ADI
2025-11-25 17:44:00+00:00,33,2,245,250.6,250.6,250.28,250.35,1348,ADI
2025-11-25 17:45:00+00:00,33,2,245,250.45,250.71,250.31,250.71,2037,ADI
2025-11-25 17:46:00+00:00,33,2,245,250.73,250.77,250.44,250.53,1450,ADI
2025-11-25 17:47:00+00:00,33,2,245,250.45,250.505,250.19,250.29,304,ADI
2025-11-25 17:48:00+00:00,33,2,245,250.23,250.55,250.19,250.54,1472,ADI
2025-11-25 17:49:00+00:00,33,2,245,250.55,251.0,250.53,250.99,2433,ADI
2025-11-25 17:50:00+00:00,33,2,245,250.97,251.02,250.88,251.02,294,ADI
2025-11-25 17:51:00+00:00,33,2,245,250.92,251.35,250.92,251.34,1208,ADI
2025-11-25 17:52:00+00:00,33,2,245,251.34,251.34,250.86,250.96,1120,ADI
2025-11-25 17:53:00+00:00,33,2,245,250.85,251.25,250.81,251.24,1844,ADI
2025-11-25 17:54:00+00:00,33,2,245,251.15,251.21,250.7,250.7,2555,ADI
2025-11-25 17:55:00+00:00,33,2,245,250.52,250.76,250.32,250.76,1735,ADI
2025-11-25 17:56:00+00:00,33,2,245,250.75,250.86,250.52,250.735,3143,ADI
2025-11-25 17:57:00+00:00,33,2,245,250.74,250.74,250.26,250.38,737,ADI
2025-11-25 17:58:00+00:00,33,2,245,250.22,250.35,250.04,250.14,461,ADI
2025-11-25 17:59:00+00:00,33,2,245,250.01,250.01,249.68,249.88,1639,ADI
2025-11-25 18:00:00+00:00,33,2,245,249.93,250.08,249.93,250.08,393,ADI
2025-11-25 18:01:00+00:00,33,2,245,250.07,250.43,249.95,250.43,1818,ADI
2025-11-25 18:02:00+00:00,33,2,245,250.2,250.4,249.58,249.65,1275,ADI
2025-11-25 18:03:00+00:00,33,2,245,249.82,249.85,249.41,249.41,1366,ADI
2025-11-25 18:04:00+00:00,33,2,245,249.54,249.72,249.36,249.58,707,ADI
2025-11-25 18:05:00+00:00,33,2,245,249.6,249.98,249.55,249.98,904,ADI
2025-11-25 18:06:00+00:00,33,2,245,250.03,250.03,249.46,249.56,635,ADI
2025-11-25 18:07:00+00:00,33,2,245,249.35,249.41,249.35,249.39,55,ADI
2025-11-25 18:08:00+00:00,33,2,245,249.35,249.45,249.29,249.45,104,ADI
2025-11-25 18:09:00+00:00,33,2,245,249.43,249.54,249.27,249.38,741,ADI
2025-11-25 18:10:00+00:00,33,2,245,249.41,249.61,249.34,249.34,761,ADI
2025-11-25 18:11:00+00:00,33,2,245,249.32,249.33,249.03,249.25,1288,ADI
2025-11-25 18:12:00+00:00,33,2,245,249.24,249.24,249.24,249.24,99,ADI
2025-11-25 18:13:00+00:00,33,2,245,249.31,249.37,249.22,249.235,152,ADI
2025-11-25 18:14:00+00:00,33,2,245,249.22,249.33,249.07,249.07,506,ADI
2025-11-25 18:15:00+00:00,33,2,245,249.18,249.31,249.01,249.05,2441,ADI
2025-11-25 18:16:00+00:00,33,2,245,249.02,249.64,248.86,249.61,2760,ADI
2025-11-25 18:17:00+00:00,33,2,245,249.435,249.48,249.24,249.35,640,ADI
2025-11-25 18:18:00+00:00,33,2,245,249.31,249.46,249.25,249.3,513,ADI
2025-11-25 18:19:00+00:00,33,2,245,249.26,249.8,249.26,249.65,3342,ADI
2025-11-25 18:21:00+00:00,33,2,245,249.64,249.79,249.41,249.41,1692,ADI
2025-11-25 18:22:00+00:00,33,2,245,249.43,249.5,249.24,249.41,730,ADI
2025-11-25 18:23:00+00:00,33,2,245,249.4,249.4,249.2,249.3,930,ADI
2025-11-25 18:24:00+00:00,33,2,245,249.23,249.48,249.12,249.32,1168,ADI
2025-11-25 18:25:00+00:00,33,2,245,249.33,249.48,249.2,249.29,1005,ADI
2025-11-25 18:26:00+00:00,33,2,245,249.29,249.29,249.11,249.18,1173,ADI
2025-11-25 18:27:00+00:00,33,2,245,249.08,249.37,249.02,249.33,978,ADI
2025-11-25 18:28:00+00:00,33,2,245,249.24,249.33,249.12,249.19,336,ADI
2025-11-25 18:29:00+00:00,33,2,245,249.11,249.11,249.04,249.04,85,ADI
2025-11-25 18:30:00+00:00,33,2,245,249.28,249.33,249.22,249.26,120,ADI
2025-11-25 18:31:00+00:00,33,2,245,249.29,249.34,249.17,249.17,316,ADI
2025-11-25 18:32:00+00:00,33,2,245,249.16,249.16,248.54,248.63,2007,ADI
2025-11-25 18:33:00+00:00,33,2,245,248.66,248.84,248.62,248.75,504,ADI
2025-11-25 18:34:00+00:00,33,2,245,248.78,248.84,248.66,248.685,612,ADI
2025-11-25 18:36:00+00:00,33,2,245,248.53,248.59,247.65,248.07,2947,ADI
2025-11-25 18:37:00+00:00,33,2,245,247.8,248.03,247.8,248.03,313,ADI
2025-11-25 18:39:00+00:00,33,2,245,247.86,248.05,247.57,247.57,1496,ADI
2025-11-25 18:40:00+00:00,33,2,245,247.56,247.93,247.55,247.79,1674,ADI
2025-11-25 18:41:00+00:00,33,2,245,247.7,247.8,247.665,247.665,160,ADI
2025-11-25 18:42:00+00:00,33,2,245,247.665,248.15,247.665,248.045,1792,ADI
2025-11-25 18:43:00+00:00,33,2,245,248.07,248.27,247.88,248.27,3156,ADI
2025-11-25 18:44:00+00:00,33,2,245,248.11,248.21,248.07,248.18,199,ADI
2025-11-25 18:45:00+00:00,33,2,245,248.28,248.57,248.27,248.49,699,ADI
2025-11-25 18:46:00+00:00,33,2,245,248.41,248.41,248.21,248.25,844,ADI
2025-11-25 18:47:00+00:00,33,2,245,248.47,248.47,248.16,248.23,827,ADI
2025-11-25 18:48:00+00:00,33,2,245,248.18,248.69,248.16,248.6,1603,ADI
2025-11-25 18:49:00+00:00,33,2,245,248.505,248.65,248.37,248.39,235,ADI
2025-11-25 18:50:00+00:00,33,2,245,248.45,248.69,248.32,248.66,857,ADI
2025-11-25 18:51:00+00:00,33,2,245,248.59,248.59,248.5,248.5,20,ADI
2025-11-25 18:52:00+00:00,33,2,245,248.75,248.75,248.6,248.66,351,ADI
2025-11-25 18:53:00+00:00,33,2,245,248.72,248.75,248.57,248.57,237,ADI
2025-11-25 18:54:00+00:00,33,2,245,248.61,249.25,248.61,249.23,1686,ADI
2025-11-25 18:55:00+00:00,33,2,245,249.35,249.35,248.87,249.05,1678,ADI
2025-11-25 18:56:00+00:00,33,2,245,249.05,249.23,249.05,249.23,289,ADI
2025-11-25 18:57:00+00:00,33,2,245,249.2,249.26,249.03,249.2,984,ADI
2025-11-25 18:58:00+00:00,33,2,245,249.31,249.35,249.0,249.08,330,ADI
2025-11-25 18:59:00+00:00,33,2,245,249.085,249.72,248.99,249.72,2160,ADI
2025-11-25 19:00:00+00:00,33,2,245,249.78,249.81,249.45,249.55,1672,ADI
2025-11-25 19:01:00+00:00,33,2,245,249.56,249.82,249.51,249.82,1281,ADI
2025-11-25 19:02:00+00:00,33,2,245,249.8,249.8,249.59,249.6,251,ADI
2025-11-25 19:03:00+00:00,33,2,245,249.67,249.67,249.33,249.54,1396,ADI
2025-11-25 19:04:00+00:00,33,2,245,249.39,249.49,249.38,249.47,197,ADI
2025-11-25 19:05:00+00:00,33,2,245,249.54,249.62,249.54,249.59,264,ADI
2025-11-25 19:06:00+00:00,33,2,245,249.72,249.73,249.66,249.73,306,ADI
2025-11-25 19:07:00+00:00,33,2,245,249.68,249.82,249.68,249.74,564,ADI
2025-11-25 19:08:00+00:00,33,2,245,249.63,249.69,249.38,249.54,961,ADI
2025-11-25 19:09:00+00:00,33,2,245,249.34,249.42,249.25,249.41,1360,ADI
2025-11-25 19:10:00+00:00,33,2,245,249.24,249.28,249.2,249.2,189,ADI
2025-11-25 19:11:00+00:00,33,2,245,249.2,249.25,249.2,249.2,69,ADI
2025-11-25 19:12:00+00:00,33,2,245,249.14,249.14,248.99,249.01,854,ADI
2025-11-25 19:13:00+00:00,33,2,245,249.045,249.045,248.86,248.88,749,ADI
2025-11-25 19:14:00+00:00,33,2,245,248.88,249.2,248.88,249.13,2406,ADI
2025-11-25 19:15:00+00:00,33,2,245,249.17,249.26,249.07,249.09,225,ADI
2025-11-25 19:16:00+00:00,33,2,245,249.02,249.02,248.58,248.58,1518,ADI
2025-11-25 19:17:00+00:00,33,2,245,248.71,248.8,248.65,248.65,273,ADI
2025-11-25 19:18:00+00:00,33,2,245,248.75,248.81,248.39,248.39,1238,ADI
2025-11-25 19:19:00+00:00,33,2,245,248.27,248.55,248.12,248.43,994,ADI
2025-11-25 19:20:00+00:00,33,2,245,248.29,248.355,248.29,248.335,65,ADI
2025-11-25 19:21:00+00:00,33,2,245,248.27,248.52,248.21,248.52,1462,ADI
2025-11-25 19:22:00+00:00,33,2,245,248.52,248.74,248.49,248.49,801,ADI
2025-11-25 19:23:00+00:00,33,2,245,248.47,248.57,248.38,248.38,638,ADI
2025-11-25 19:24:00+00:00,33,2,245,248.52,248.58,248.52,248.58,436,ADI
2025-11-25 19:25:00+00:00,33,2,245,248.43,248.45,248.24,248.325,617,ADI
2025-11-25 19:26:00+00:00,33,2,245,248.24,248.24,247.94,248.055,1049,ADI
2025-11-25 19:27:00+00:00,33,2,245,248.05,248.22,247.97,248.22,895,ADI
2025-11-25 19:28:00+00:00,33,2,245,248.16,248.4,248.16,248.37,266,ADI
2025-11-25 19:29:00+00:00,33,2,245,248.28,248.49,248.19,248.21,624,ADI
2025-11-25 19:30:00+00:00,33,2,245,248.18,248.32,248.18,248.32,69,ADI
2025-11-25 19:31:00+00:00,33,2,245,248.39,248.39,248.21,248.36,37,ADI
2025-11-25 19:32:00+00:00,33,2,245,248.325,248.41,248.16,248.16,970,ADI
2025-11-25 19:33:00+00:00,33,2,245,248.215,248.78,248.215,248.68,2061,ADI
2025-11-25 19:34:00+00:00,33,2,245,248.72,248.82,248.72,248.82,116,ADI
2025-11-25 19:35:00+00:00,33,2,245,248.84,248.92,248.725,248.815,403,ADI
2025-11-25 19:36:00+00:00,33,2,245,248.82,248.82,248.54,248.54,1090,ADI
2025-11-25 19:37:00+00:00,33,2,245,248.62,248.69,248.5,248.52,924,ADI
2025-11-25 19:38:00+00:00,33,2,245,248.63,248.68,248.56,248.56,908,ADI
2025-11-25 19:39:00+00:00,33,2,245,248.5,248.5,248.22,248.32,2403,ADI
2025-11-25 19:40:00+00:00,33,2,245,248.3,248.3,248.16,248.16,897,ADI
2025-11-25 19:41:00+00:00,33,2,245,248.23,248.32,248.23,248.31,502,ADI
2025-11-25 19:42:00+00:00,33,2,245,248.29,248.41,248.29,248.32,500,ADI
2025-11-25 19:43:00+00:00,33,2,245,248.325,248.58,248.325,248.48,1123,ADI
2025-11-25 19:44:00+00:00,33,2,245,248.59,249.06,248.53,249.06,979,ADI
2025-11-25 19:45:00+00:00,33,2,245,249.08,249.08,248.84,248.85,183,ADI
2025-11-25 19:46:00+00:00,33,2,245,248.94,248.99,248.9,248.925,239,ADI
2025-11-25 19:47:00+00:00,33,2,245,248.94,249.18,248.94,249.09,702,ADI
2025-11-25 19:48:00+00:00,33,2,245,249.2,249.2,248.94,249.01,430,ADI
2025-11-25 19:49:00+00:00,33,2,245,249.05,249.05,248.85,248.91,1322,ADI
2025-11-25 19:50:00+00:00,33,2,245,248.94,249.18,248.83,249.18,2512,ADI
2025-11-25 19:51:00+00:00,33,2,245,249.18,249.22,248.98,249.11,1765,ADI
2025-11-25 19:52:00+00:00,33,2,245,249.1,249.32,249.1,249.25,710,ADI
2025-11-25 19:53:00+00:00,33,2,245,249.36,249.38,249.18,249.29,705,ADI
2025-11-25 19:54:00+00:00,33,2,245,249.3,249.3,249.3,249.3,78,ADI
2025-11-25 19:55:00+00:00,33,2,245,249.17,249.26,249.12,249.17,527,ADI
2025-11-25 19:56:00+00:00,33,2,245,249.17,249.27,249.17,249.27,612,ADI
2025-11-25 19:57:00+00:00,33,2,245,249.2,249.4,249.2,249.29,1414,ADI
2025-11-25 19:58:00+00:00,33,2,245,249.35,249.38,249.05,249.15,2220,ADI
2025-11-25 19:59:00+00:00,33,2,245,249.15,249.21,249.07,249.07,696,ADI
2025-11-25 20:00:00+00:00,33,2,245,249.17,249.45,249.17,249.365,1463,ADI
2025-11-25 20:01:00+00:00,33,2,245,249.365,249.365,249.21,249.27,612,ADI
2025-11-25 20:02:00+00:00,33,2,245,249.35,249.43,249.16,249.4,6303,ADI
2025-11-25 20:03:00+00:00,33,2,245,249.39,249.43,249.235,249.36,1044,ADI
2025-11-25 20:04:00+00:00,33,2,245,249.37,249.41,249.34,249.39,718,ADI
2025-11-25 20:05:00+00:00,33,2,245,249.32,249.32,249.09,249.25,2008,ADI
2025-11-25 20:06:00+00:00,33,2,245,249.25,249.41,249.22,249.41,584,ADI
2025-11-25 20:07:00+00:00,33,2,245,249.36,249.5,249.36,249.48,838,ADI
2025-11-25 20:08:00+00:00,33,2,245,249.46,249.62,249.27,249.61,2412,ADI
2025-11-25 20:09:00+00:00,33,2,245,249.43,249.7,249.43,249.7,1687,ADI
2025-11-25 20:10:00+00:00,33,2,245,249.68,249.79,249.51,249.51,1894,ADI
2025-11-25 20:11:00+00:00,33,2,245,249.51,249.71,249.51,249.71,1299,ADI
2025-11-25 20:12:00+00:00,33,2,245,249.65,249.83,249.65,249.75,1164,ADI
2025-11-25 20:13:00+00:00,33,2,245,249.78,250.23,249.695,250.23,2478,ADI
2025-11-25 20:14:00+00:00,33,2,245,250.13,250.22,250.01,250.13,1246,ADI
2025-11-25 20:15:00+00:00,33,2,245,250.16,250.24,249.88,250.05,4196,ADI
2025-11-25 20:16:00+00:00,33,2,245,250.04,250.17,249.89,250.12,1145,ADI
2025-11-25 20:17:00+00:00,33,2,245,250.19,250.39,250.19,250.29,1145,ADI
2025-11-25 20:18:00+00:00,33,2,245,250.285,250.285,250.175,250.27,2775,ADI
2025-11-25 20:19:00+00:00,33,2,245,250.26,250.29,250.2,250.21,1013,ADI
2025-11-25 20:20:00+00:00,33,2,245,250.2,250.67,250.2,250.67,5098,ADI
2025-11-25 20:21:00+00:00,33,2,245,250.57,250.57,250.39,250.43,2382,ADI
2025-11-25 20:22:00+00:00,33,2,245,250.41,250.45,250.18,250.29,1446,ADI
2025-11-25 20:23:00+00:00,33,2,245,250.19,250.24,250.1,250.15,1344,ADI
2025-11-25 20:24:00+00:00,33,2,245,250.115,250.25,250.11,250.19,884,ADI
2025-11-25 20:25:00+00:00,33,2,245,250.22,250.49,250.22,250.49,2742,ADI
2025-11-25 20:26:00+00:00,33,2,245,250.46,250.5,250.32,250.33,337,ADI
2025-11-25 20:27:00+00:00,33,2,245,250.3,250.3,250.15,250.18,2214,ADI
2025-11-25 20:28:00+00:00,33,2,245,250.16,250.16,250.08,250.14,235,ADI
2025-11-25 20:29:00+00:00,33,2,245,250.13,250.25,250.08,250.13,1717,ADI
2025-11-25 20:30:00+00:00,33,2,245,250.125,250.58,250.125,250.54,4433,ADI
2025-11-25 20:31:00+00:00,33,2,245,250.58,250.64,250.46,250.46,2289,ADI
2025-11-25 20:32:00+00:00,33,2,245,250.44,250.67,250.31,250.53,3209,ADI
2025-11-25 20:33:00+00:00,33,2,245,250.61,250.87,250.59,250.71,2730,ADI
2025-11-25 20:34:00+00:00,33,2,245,250.75,251.08,250.71,250.935,5171,ADI
2025-11-25 20:35:00+00:00,33,2,245,250.935,251.17,250.93,251.06,2455,ADI
2025-11-25 20:36:00+00:00,33,2,245,251.06,251.175,250.89,251.175,2740,ADI
2025-11-25 20:37:00+00:00,33,2,245,251.15,251.17,250.93,250.94,2761,ADI
2025-11-25 20:38:00+00:00,33,2,245,250.97,251.22,250.94,251.045,2222,ADI
2025-11-25 20:39:00+00:00,33,2,245,250.99,251.39,250.93,251.38,11960,ADI
2025-11-25 20:40:00+00:00,33,2,245,251.33,251.34,251.12,251.13,4176,ADI
2025-11-25 20:41:00+00:00,33,2,245,251.17,251.42,251.12,251.29,3048,ADI
2025-11-25 20:42:00+00:00,33,2,245,251.36,251.36,251.05,251.07,2524,ADI
2025-11-25 20:43:00+00:00,33,2,245,251.02,251.3,250.94,250.97,3746,ADI
2025-11-25 20:44:00+00:00,33,2,245,251.01,251.4,250.81,251.12,9874,ADI
2025-11-25 20:45:00+00:00,33,2,245,251.15,251.36,250.89,251.31,10278,ADI
2025-11-25 20:46:00+00:00,33,2,245,251.21,251.87,251.13,251.74,7901,ADI
2025-11-25 20:47:00+00:00,33,2,245,251.65,251.76,251.42,251.58,8300,ADI
2025-11-25 20:48:00+00:00,33,2,245,251.6,251.76,251.59,251.72,7693,ADI
2025-11-25 20:49:00+00:00,33,2,245,251.67,252.12,251.525,252.0,7712,ADI
2025-11-25 20:50:00+00:00,33,2,245,252.07,252.49,252.05,252.28,6596,ADI
2025-11-25 20:51:00+00:00,33,2,245,252.22,252.3,251.88,252.29,7283,ADI
2025-11-25 20:52:00+00:00,33,2,245,252.28,252.47,252.21,252.28,6332,ADI
2025-11-25 20:53:00+00:00,33,2,245,252.21,252.48,252.06,252.23,7923,ADI
2025-11-25 20:54:00+00:00,33,2,245,252.17,252.24,251.18,251.76,23528,ADI
2025-11-25 20:55:00+00:00,33,2,245,251.72,252.36,251.69,251.83,12152,ADI
2025-11-25 20:56:00+00:00,33,2,245,251.76,252.16,251.575,252.16,19672,ADI
2025-11-25 20:57:00+00:00,33,2,245,252.12,252.225,251.775,252.11,25437,ADI
2025-11-25 20:58:00+00:00,33,2,245,252.11,252.25,251.89,252.21,38765,ADI
2025-11-25 20:59:00+00:00,33,2,245,252.23,252.31,251.925,252.03,100666,ADI
2025-11-25 21:00:00+00:00,33,2,245,252.02,252.02,252.02,252.02,998043,ADI
2025-11-25 21:01:00+00:00,33,2,245,252.03,252.03,251.28,251.28,160,ADI
2025-11-25 21:04:00+00:00,33,2,245,252.77,253.2,252.77,253.0,2682,ADI
2025-11-25 21:05:00+00:00,33,2,245,253.19,253.2,253.19,253.2,447,ADI
2025-11-25 21:08:00+00:00,33,2,245,252.5,252.5,252.5,252.5,10,ADI
2025-11-25 21:13:00+00:00,33,2,245,252.25,252.25,250.36,250.36,1227,ADI
2025-11-25 21:14:00+00:00,33,2,245,250.45,250.45,250.45,250.45,8,ADI
2025-11-25 21:20:00+00:00,33,2,245,251.19,251.19,251.02,251.02,160,ADI
2025-11-25 21:21:00+00:00,33,2,245,251.05,251.05,251.05,251.05,5,ADI
2025-11-25 21:25:00+00:00,33,2,245,252.24,252.24,252.24,252.24,1000,ADI
2025-11-25 21:27:00+00:00,33,2,245,252.29,253.0,252.29,253.0,31,ADI
2025-11-25 22:25:00+00:00,33,2,245,252.07,252.07,252.07,252.07,5,ADI
2025-11-25 22:27:00+00:00,33,2,245,252.07,252.07,252.07,252.07,1,ADI
2025-11-25 22:38:00+00:00,33,2,245,252.07,252.07,252.07,252.07,16,ADI
2025-11-25 23:00:00+00:00,33,2,245,252.07,252.07,252.07,252.07,1,ADI
2025-11-25 23:11:00+00:00,33,2,245,252.1,252.1,252.1,252.1,5,ADI
2025-11-26 09:11:00+00:00,33,2,245,252.75,252.75,250.45,250.45,1000,ADI
2025-11-26 09:15:00+00:00,33,2,245,251.98,251.98,251.98,251.98,2,ADI
2025-11-26 09:29:00+00:00,33,2,245,251.92,251.92,251.92,251.92,5,ADI
2025-11-26 09:58:00+00:00,33,2,245,253.93,253.93,253.93,253.93,8,ADI
2025-11-26 11:38:00+00:00,33,2,245,252.11,252.11,252.11,252.11,2,ADI
2025-11-26 13:42:00+00:00,33,2,245,252.05,252.05,252.05,252.05,5,ADI
2025-11-26 14:13:00+00:00,33,2,245,252.23,252.23,252.23,252.23,1,ADI
2025-11-26 14:25:00+00:00,33,2,245,252.8,255.02,252.8,254.97,182,ADI
2025-11-26 14:27:00+00:00,33,2,245,256.01,256.01,256.01,256.01,2,ADI
2025-11-26 14:30:00+00:00,33,2,245,255.37,256.0,253.88,254.75,59803,ADI
2025-11-26 14:31:00+00:00,33,2,245,254.665,254.665,252.82,253.37,1104,ADI
2025-11-26 14:32:00+00:00,33,2,245,253.72,255.0,253.72,254.06,4571,ADI
2025-11-26 14:33:00+00:00,33,2,245,253.62,254.26,253.55,254.02,1262,ADI
2025-11-26 14:34:00+00:00,33,2,245,254.2,254.2,253.68,254.12,8599,ADI
2025-11-26 14:35:00+00:00,33,2,245,254.17,254.3,253.76,254.12,3336,ADI
2025-11-26 14:36:00+00:00,33,2,245,254.02,254.22,253.77,254.12,1932,ADI
2025-11-26 14:37:00+00:00,33,2,245,254.28,255.28,254.28,254.9,1320,ADI
2025-11-26 14:38:00+00:00,33,2,245,254.9,255.29,254.75,255.2,1122,ADI
2025-11-26 14:39:00+00:00,33,2,245,255.3,255.345,254.745,255.1,2984,ADI
2025-11-26 14:40:00+00:00,33,2,245,255.07,255.34,254.63,255.25,2841,ADI
2025-11-26 14:41:00+00:00,33,2,245,255.305,256.22,255.305,255.86,1867,ADI
2025-11-26 14:42:00+00:00,33,2,245,255.83,256.32,255.65,256.24,1429,ADI
2025-11-26 14:43:00+00:00,33,2,245,256.27,256.35,255.75,255.96,5800,ADI
2025-11-26 14:44:00+00:00,33,2,245,256.12,256.32,255.96,256.31,2163,ADI
2025-11-26 14:45:00+00:00,33,2,245,256.19,256.54,255.9,256.19,4566,ADI
2025-11-26 14:46:00+00:00,33,2,245,256.16,256.19,255.65,255.95,3516,ADI
2025-11-26 14:47:00+00:00,33,2,245,255.95,256.31,255.86,255.89,3185,ADI
2025-11-26 14:48:00+00:00,33,2,245,256.06,256.7,256.06,256.7,3377,ADI
2025-11-26 14:49:00+00:00,33,2,245,256.52,257.045,256.41,256.93,5140,ADI
2025-11-26 14:50:00+00:00,33,2,245,257.05,257.5,256.93,257.4,3309,ADI
2025-11-26 14:51:00+00:00,33,2,245,257.33,257.56,257.13,257.16,1396,ADI
2025-11-26 14:52:00+00:00,33,2,245,257.11,257.195,256.9,256.97,4843,ADI
2025-11-26 14:53:00+00:00,33,2,245,256.9,257.04,256.115,256.21,4006,ADI
2025-11-26 14:54:00+00:00,33,2,245,256.05,256.185,256.0,256.17,657,ADI
2025-11-26 14:55:00+00:00,33,2,245,256.27,256.79,256.17,256.56,2239,ADI
2025-11-26 14:56:00+00:00,33,2,245,256.41,256.81,256.41,256.68,2105,ADI
2025-11-26 14:57:00+00:00,33,2,245,256.65,256.73,256.28,256.38,1642,ADI
2025-11-26 14:58:00+00:00,33,2,245,256.24,256.24,255.28,255.5,2615,ADI
2025-11-26 14:59:00+00:00,33,2,245,255.43,255.66,255.375,255.62,426,ADI
2025-11-26 15:00:00+00:00,33,2,245,255.43,255.63,255.38,255.525,573,ADI
2025-11-26 15:01:00+00:00,33,2,245,255.61,255.76,255.36,255.7,1889,ADI
2025-11-26 15:02:00+00:00,33,2,245,255.84,255.95,255.54,255.94,3514,ADI
2025-11-26 15:03:00+00:00,33,2,245,255.93,256.53,255.93,256.495,2841,ADI
2025-11-26 15:04:00+00:00,33,2,245,256.39,256.46,255.96,256.34,1813,ADI
2025-11-26 15:05:00+00:00,33,2,245,256.095,256.28,255.96,256.28,2136,ADI
2025-11-26 15:06:00+00:00,33,2,245,256.33,256.44,256.16,256.44,1180,ADI
2025-11-26 15:07:00+00:00,33,2,245,256.45,256.75,256.41,256.75,809,ADI
2025-11-26 15:08:00+00:00,33,2,245,256.87,257.22,256.75,257.22,2814,ADI
2025-11-26 15:09:00+00:00,33,2,245,257.24,257.38,256.6,256.65,3466,ADI
2025-11-26 15:10:00+00:00,33,2,245,256.675,256.675,256.24,256.24,1038,ADI
2025-11-26 15:11:00+00:00,33,2,245,256.28,256.5,256.15,256.34,1694,ADI
2025-11-26 15:12:00+00:00,33,2,245,256.35,256.58,256.31,256.58,770,ADI
2025-11-26 15:13:00+00:00,33,2,245,256.73,256.84,256.5,256.63,2273,ADI
2025-11-26 15:14:00+00:00,33,2,245,256.56,256.63,256.31,256.48,816,ADI
2025-11-26 15:15:00+00:00,33,2,245,256.53,256.64,256.39,256.39,60,ADI
2025-11-26 15:16:00+00:00,33,2,245,256.33,257.2,256.32,257.2,2349,ADI
2025-11-26 15:17:00+00:00,33,2,245,257.01,257.35,256.97,257.31,2006,ADI
2025-11-26 15:18:00+00:00,33,2,245,257.25,257.39,257.12,257.2,2094,ADI
2025-11-26 15:19:00+00:00,33,2,245,257.17,257.8,257.145,257.71,5097,ADI
2025-11-26 15:20:00+00:00,33,2,245,257.71,257.8,257.56,257.64,5979,ADI
2025-11-26 15:21:00+00:00,33,2,245,257.57,257.57,257.26,257.47,1575,ADI
2025-11-26 15:22:00+00:00,33,2,245,257.52,257.59,257.29,257.36,973,ADI
2025-11-26 15:23:00+00:00,33,2,245,257.31,257.54,257.31,257.485,202,ADI
2025-11-26 15:24:00+00:00,33,2,245,257.36,257.88,257.31,257.835,3132,ADI
2025-11-26 15:25:00+00:00,33,2,245,257.77,258.36,257.7,258.36,4214,ADI
2025-11-26 15:26:00+00:00,33,2,245,258.33,258.9,258.33,258.88,6281,ADI
2025-11-26 15:27:00+00:00,33,2,245,258.96,258.98,258.51,258.59,3255,ADI
2025-11-26 15:28:00+00:00,33,2,245,258.55,258.605,258.355,258.57,1827,ADI
2025-11-26 15:29:00+00:00,33,2,245,258.67,258.71,258.29,258.345,3978,ADI
2025-11-26 15:30:00+00:00,33,2,245,258.43,258.48,258.09,258.27,3335,ADI
2025-11-26 15:31:00+00:00,33,2,245,258.46,258.57,258.34,258.34,2100,ADI
2025-11-26 15:32:00+00:00,33,2,245,258.44,258.52,258.25,258.28,1615,ADI
2025-11-26 15:33:00+00:00,33,2,245,258.305,258.55,258.305,258.53,1671,ADI
2025-11-26 15:34:00+00:00,33,2,245,258.53,258.6,258.37,258.4,1691,ADI
2025-11-26 15:35:00+00:00,33,2,245,258.52,258.58,258.0,258.14,8556,ADI
2025-11-26 15:36:00+00:00,33,2,245,258.2,258.42,258.03,258.42,13670,ADI
2025-11-26 15:37:00+00:00,33,2,245,258.43,258.68,258.41,258.68,1202,ADI
2025-11-26 15:38:00+00:00,33,2,245,258.595,258.91,258.595,258.84,2713,ADI
2025-11-26 15:39:00+00:00,33,2,245,258.86,259.1,258.78,259.055,2916,ADI
2025-11-26 15:40:00+00:00,33,2,245,259.06,259.09,258.96,259.02,2633,ADI
2025-11-26 15:41:00+00:00,33,2,245,259.02,259.02,258.73,258.87,2607,ADI
2025-11-26 15:42:00+00:00,33,2,245,258.82,258.82,258.58,258.72,2551,ADI
2025-11-26 15:43:00+00:00,33,2,245,258.71,258.78,258.58,258.68,1156,ADI
2025-11-26 15:44:00+00:00,33,2,245,258.56,258.61,258.32,258.61,2900,ADI
2025-11-26 15:45:00+00:00,33,2,245,258.59,258.73,258.5,258.685,1918,ADI
2025-11-26 15:46:00+00:00,33,2,245,258.66,258.69,258.36,258.6,2858,ADI
2025-11-26 15:47:00+00:00,33,2,245,258.57,258.7,258.43,258.485,2432,ADI
2025-11-26 15:48:00+00:00,33,2,245,258.45,258.69,258.4,258.65,1794,ADI
2025-11-26 15:49:00+00:00,33,2,245,258.65,258.79,258.61,258.79,3130,ADI
2025-11-26 15:50:00+00:00,33,2,245,258.76,258.8,258.725,258.725,206,ADI
2025-11-26 15:51:00+00:00,33,2,245,258.725,258.83,258.725,258.83,1142,ADI
2025-11-26 15:52:00+00:00,33,2,245,258.84,259.06,258.79,258.84,2617,ADI
2025-11-26 15:53:00+00:00,33,2,245,258.9,258.91,258.57,258.83,562,ADI
2025-11-26 15:54:00+00:00,33,2,245,258.83,258.88,258.69,258.77,1390,ADI
2025-11-26 15:55:00+00:00,33,2,245,258.845,259.05,258.84,258.92,1282,ADI
2025-11-26 15:56:00+00:00,33,2,245,258.87,258.92,258.55,258.735,2622,ADI
2025-11-26 15:57:00+00:00,33,2,245,258.76,258.84,258.76,258.79,678,ADI
2025-11-26 15:58:00+00:00,33,2,245,258.78,259.0,258.77,258.96,1689,ADI
2025-11-26 15:59:00+00:00,33,2,245,258.94,259.16,258.91,259.14,1575,ADI
2025-11-26 16:00:00+00:00,33,2,245,259.19,259.34,259.13,259.13,2753,ADI
2025-11-26 16:01:00+00:00,33,2,245,259.14,259.2,259.06,259.16,1211,ADI
2025-11-26 16:02:00+00:00,33,2,245,259.02,259.4,258.935,259.35,2424,ADI
2025-11-26 16:03:00+00:00,33,2,245,259.39,259.39,259.27,259.31,1223,ADI
2025-11-26 16:04:00+00:00,33,2,245,259.31,259.51,259.3,259.51,3547,ADI
2025-11-26 16:05:00+00:00,33,2,245,259.45,259.45,259.32,259.39,990,ADI
2025-11-26 16:06:00+00:00,33,2,245,259.38,259.5,259.28,259.28,2161,ADI
2025-11-26 16:07:00+00:00,33,2,245,259.23,259.23,258.99,258.99,1356,ADI
2025-11-26 16:08:00+00:00,33,2,245,259.025,259.32,258.99,259.18,3639,ADI
2025-11-26 16:09:00+00:00,33,2,245,259.18,259.25,258.9,258.9,2303,ADI
2025-11-26 16:10:00+00:00,33,2,245,258.98,259.0,258.84,258.91,1569,ADI
2025-11-26 16:11:00+00:00,33,2,245,258.95,259.31,258.95,259.31,1900,ADI
2025-11-26 16:12:00+00:00,33,2,245,259.28,259.32,259.06,259.06,2057,ADI
2025-11-26 16:13:00+00:00,33,2,245,259.08,259.41,259.0,259.41,2012,ADI
2025-11-26 16:14:00+00:00,33,2,245,259.34,259.66,259.34,259.48,1721,ADI
2025-11-26 16:15:00+00:00,33,2,245,259.59,259.745,259.59,259.74,489,ADI
2025-11-26 16:16:00+00:00,33,2,245,259.67,259.7,259.47,259.55,3018,ADI
2025-11-26 16:17:00+00:00,33,2,245,259.47,259.84,259.47,259.84,1901,ADI
2025-11-26 16:18:00+00:00,33,2,245,259.9,260.0,259.78,259.78,1860,ADI
2025-11-26 16:19:00+00:00,33,2,245,259.77,259.77,259.63,259.69,1318,ADI
2025-11-26 16:20:00+00:00,33,2,245,259.76,260.06,259.76,260.06,5082,ADI
2025-11-26 16:21:00+00:00,33,2,245,260.03,260.1,259.75,259.75,1639,ADI
2025-11-26 16:22:00+00:00,33,2,245,259.74,259.84,259.66,259.84,972,ADI
2025-11-26 16:23:00+00:00,33,2,245,259.86,259.87,259.775,259.85,205,ADI
2025-11-26 16:24:00+00:00,33,2,245,259.83,259.88,259.65,259.82,804,ADI
2025-11-26 16:25:00+00:00,33,2,245,259.82,260.23,259.7,260.21,3713,ADI
2025-11-26 16:26:00+00:00,33,2,245,260.21,260.3,260.15,260.23,1414,ADI
2025-11-26 16:27:00+00:00,33,2,245,260.24,260.27,260.15,260.27,1890,ADI
2025-11-26 16:28:00+00:00,33,2,245,260.2,260.305,260.18,260.3,1673,ADI
2025-11-26 16:29:00+00:00,33,2,245,260.3,260.34,260.02,260.06,4158,ADI
2025-11-26 16:30:00+00:00,33,2,245,260.06,260.06,259.83,259.83,1216,ADI
2025-11-26 16:31:00+00:00,33,2,245,259.9,260.16,259.88,260.16,1972,ADI
2025-11-26 16:32:00+00:00,33,2,245,260.26,260.26,260.08,260.08,998,ADI
2025-11-26 16:33:00+00:00,33,2,245,260.06,260.15,259.91,259.92,1199,ADI
2025-11-26 16:34:00+00:00,33,2,245,259.98,260.05,259.96,260.04,577,ADI
2025-11-26 16:35:00+00:00,33,2,245,260.09,260.4,260.09,260.34,1663,ADI
2025-11-26 16:36:00+00:00,33,2,245,260.38,260.39,260.23,260.315,373,ADI
2025-11-26 16:37:00+00:00,33,2,245,260.28,260.28,260.09,260.09,1886,ADI
2025-11-26 16:38:00+00:00,33,2,245,260.09,260.11,259.99,260.11,443,ADI
2025-11-26 16:39:00+00:00,33,2,245,260.02,260.14,259.9,260.14,2263,ADI
2025-11-26 16:40:00+00:00,33,2,245,260.18,260.45,260.18,260.43,2497,ADI
2025-11-26 16:41:00+00:00,33,2,245,260.45,260.48,260.295,260.37,1996,ADI
2025-11-26 16:42:00+00:00,33,2,245,260.37,260.44,260.32,260.32,1471,ADI
2025-11-26 16:43:00+00:00,33,2,245,260.33,260.39,260.21,260.22,2095,ADI
2025-11-26 16:44:00+00:00,33,2,245,260.335,260.43,260.32,260.39,1040,ADI
2025-11-26 16:45:00+00:00,33,2,245,260.38,260.66,260.38,260.66,1072,ADI
2025-11-26 16:46:00+00:00,33,2,245,260.535,260.535,260.31,260.34,997,ADI
2025-11-26 16:47:00+00:00,33,2,245,260.24,260.24,260.05,260.12,398,ADI
2025-11-26 16:48:00+00:00,33,2,245,260.13,260.15,260.05,260.12,653,ADI
2025-11-26 16:49:00+00:00,33,2,245,260.1,260.31,259.99,259.99,7760,ADI
2025-11-26 16:50:00+00:00,33,2,245,260.04,260.1,259.94,260.09,1460,ADI
2025-11-26 16:51:00+00:00,33,2,245,260.14,260.38,260.14,260.32,1318,ADI
2025-11-26 16:52:00+00:00,33,2,245,260.33,260.51,260.33,260.46,1084,ADI
2025-11-26 16:53:00+00:00,33,2,245,260.45,260.47,260.26,260.26,1531,ADI
2025-11-26 16:54:00+00:00,33,2,245,260.24,260.28,260.2,260.2,158,ADI
2025-11-26 16:55:00+00:00,33,2,245,260.11,260.34,260.07,260.34,2191,ADI
2025-11-26 16:56:00+00:00,33,2,245,260.32,260.58,260.32,260.515,2480,ADI
2025-11-26 16:57:00+00:00,33,2,245,260.45,260.52,260.4,260.47,1192,ADI
2025-11-26 16:58:00+00:00,33,2,245,260.46,260.5,260.36,260.44,199,ADI
2025-11-26 16:59:00+00:00,33,2,245,260.44,260.5,260.35,260.5,1927,ADI
2025-11-26 17:00:00+00:00,33,2,245,260.49,260.55,260.4,260.55,1155,ADI
2025-11-26 17:01:00+00:00,33,2,245,260.56,260.7,260.45,260.48,1446,ADI
2025-11-26 17:02:00+00:00,33,2,245,260.38,260.4,260.32,260.32,425,ADI
2025-11-26 17:03:00+00:00,33,2,245,260.36,260.36,260.19,260.36,1263,ADI
2025-11-26 17:04:00+00:00,33,2,245,260.29,260.31,260.21,260.21,145,ADI
2025-11-26 17:05:00+00:00,33,2,245,260.26,260.45,260.26,260.45,853,ADI
2025-11-26 17:06:00+00:00,33,2,245,260.44,260.66,260.44,260.64,817,ADI
2025-11-26 17:07:00+00:00,33,2,245,260.67,260.74,260.57,260.57,1199,ADI
2025-11-26 17:08:00+00:00,33,2,245,260.55,260.55,260.33,260.33,731,ADI
2025-11-26 17:09:00+00:00,33,2,245,260.24,260.47,260.21,260.41,1178,ADI
2025-11-26 17:10:00+00:00,33,2,245,260.32,260.5,260.32,260.47,100,ADI
2025-11-26 17:11:00+00:00,33,2,245,260.48,260.48,260.23,260.23,549,ADI
2025-11-26 17:12:00+00:00,33,2,245,260.3,260.34,260.25,260.25,227,ADI
2025-11-26 17:13:00+00:00,33,2,245,260.2,260.27,260.1,260.1,604,ADI
2025-11-26 17:14:00+00:00,33,2,245,260.12,260.12,260.01,260.01,493,ADI
2025-11-26 17:15:00+00:00,33,2,245,259.99,260.04,259.93,260.01,1930,ADI
2025-11-26 17:16:00+00:00,33,2,245,260.01,260.04,259.92,259.98,1886,ADI
2025-11-26 17:17:00+00:00,33,2,245,259.98,259.98,259.11,259.12,3134,ADI
2025-11-26 17:18:00+00:00,33,2,245,259.15,259.15,258.69,258.83,2356,ADI
2025-11-26 17:19:00+00:00,33,2,245,258.77,258.82,258.69,258.72,480,ADI
2025-11-26 17:20:00+00:00,33,2,245,258.74,258.76,258.67,258.72,545,ADI
2025-11-26 17:21:00+00:00,33,2,245,258.81,258.94,258.72,258.77,1695,ADI
2025-11-26 17:22:00+00:00,33,2,245,258.69,258.77,258.62,258.62,400,ADI
2025-11-26 17:23:00+00:00,33,2,245,258.68,258.68,258.54,258.61,1234,ADI
2025-11-26 17:24:00+00:00,33,2,245,258.65,258.78,258.64,258.64,549,ADI
2025-11-26 17:25:00+00:00,33,2,245,258.53,258.53,258.315,258.42,958,ADI
2025-11-26 17:26:00+00:00,33,2,245,258.5,258.64,258.5,258.64,2029,ADI
2025-11-26 17:27:00+00:00,33,2,245,258.54,258.57,258.26,258.26,850,ADI
2025-11-26 17:28:00+00:00,33,2,245,258.225,258.47,258.225,258.47,2305,ADI
2025-11-26 17:29:00+00:00,33,2,245,258.47,258.47,258.29,258.4,882,ADI
2025-11-26 17:30:00+00:00,33,2,245,258.46,258.54,258.46,258.54,1441,ADI
2025-11-26 17:31:00+00:00,33,2,245,258.55,258.69,258.51,258.63,1292,ADI
2025-11-26 17:32:00+00:00,33,2,245,258.655,258.655,258.58,258.62,2585,ADI
2025-11-26 17:33:00+00:00,33,2,245,258.63,258.7,258.61,258.67,1103,ADI
2025-11-26 17:34:00+00:00,33,2,245,258.64,258.81,258.59,258.78,1908,ADI
2025-11-26 17:35:00+00:00,33,2,245,258.69,258.71,258.65,258.65,806,ADI
2025-11-26 17:36:00+00:00,33,2,245,258.65,258.68,258.56,258.68,797,ADI
2025-11-26 17:37:00+00:00,33,2,245,258.68,258.795,258.68,258.79,918,ADI
2025-11-26 17:38:00+00:00,33,2,245,258.75,258.75,258.65,258.65,1065,ADI
2025-11-26 17:39:00+00:00,33,2,245,258.71,258.75,258.68,258.71,155,ADI
2025-11-26 17:40:00+00:00,33,2,245,258.75,258.85,258.73,258.8,1234,ADI
2025-11-26 17:41:00+00:00,33,2,245,258.8,258.87,258.77,258.78,958,ADI
2025-11-26 17:42:00+00:00,33,2,245,258.76,258.82,258.71,258.73,985,ADI
2025-11-26 17:43:00+00:00,33,2,245,258.73,258.82,258.73,258.74,267,ADI
2025-11-26 17:44:00+00:00,33,2,245,258.735,258.8,258.69,258.795,885,ADI
2025-11-26 17:45:00+00:00,33,2,245,258.76,258.76,258.64,258.67,1136,ADI
2025-11-26 17:46:00+00:00,33,2,245,258.71,258.76,258.6,258.74,1051,ADI
2025-11-26 17:47:00+00:00,33,2,245,258.77,258.89,258.74,258.89,3152,ADI
2025-11-26 17:48:00+00:00,33,2,245,258.9,258.91,258.72,258.72,590,ADI
2025-11-26 17:49:00+00:00,33,2,245,258.71,258.75,258.55,258.66,1165,ADI
2025-11-26 17:50:00+00:00,33,2,245,258.67,258.67,258.56,258.61,1138,ADI
2025-11-26 17:51:00+00:00,33,2,245,258.53,258.665,258.53,258.59,1550,ADI
2025-11-26 17:53:00+00:00,33,2,245,258.615,258.68,258.51,258.63,1617,ADI
2025-11-26 17:54:00+00:00,33,2,245,258.585,258.59,258.51,258.52,72,ADI
2025-11-26 17:55:00+00:00,33,2,245,258.5,258.6,258.43,258.6,371,ADI
2025-11-26 17:56:00+00:00,33,2,245,258.59,258.67,258.59,258.62,1516,ADI
2025-11-26 17:57:00+00:00,33,2,245,258.64,258.73,258.63,258.71,1014,ADI
2025-11-26 17:58:00+00:00,33,2,245,258.74,258.75,258.6,258.6,344,ADI
2025-11-26 17:59:00+00:00,33,2,245,258.59,258.68,258.57,258.68,1040,ADI
2025-11-26 18:00:00+00:00,33,2,245,258.71,258.76,258.7,258.74,366,ADI
2025-11-26 18:01:00+00:00,33,2,245,258.76,258.8,258.72,258.78,359,ADI
2025-11-26 18:02:00+00:00,33,2,245,258.82,258.92,258.79,258.825,1662,ADI
2025-11-26 18:03:00+00:00,33,2,245,258.825,258.825,258.65,258.72,934,ADI
2025-11-26 18:04:00+00:00,33,2,245,258.72,258.77,258.72,258.77,9,ADI
2025-11-26 18:05:00+00:00,33,2,245,258.72,258.74,258.65,258.71,464,ADI
2025-11-26 18:06:00+00:00,33,2,245,258.66,258.72,258.54,258.58,698,ADI
2025-11-26 18:07:00+00:00,33,2,245,258.56,258.58,258.48,258.48,499,ADI
2025-11-26 18:08:00+00:00,33,2,245,258.53,258.61,258.53,258.61,300,ADI
2025-11-26 18:09:00+00:00,33,2,245,258.58,258.62,258.13,258.59,7431,ADI
2025-11-26 18:10:00+00:00,33,2,245,258.65,258.92,258.65,258.86,1334,ADI
2025-11-26 18:11:00+00:00,33,2,245,258.8,258.8,258.525,258.55,2201,ADI
2025-11-26 18:12:00+00:00,33,2,245,258.58,258.66,258.58,258.62,510,ADI
2025-11-26 18:13:00+00:00,33,2,245,258.615,258.71,258.6,258.71,606,ADI
2025-11-26 18:14:00+00:00,33,2,245,258.71,258.72,258.65,258.68,336,ADI
2025-11-26 18:15:00+00:00,33,2,245,258.69,258.72,258.66,258.66,353,ADI
2025-11-26 18:16:00+00:00,33,2,245,258.58,258.58,258.4,258.49,797,ADI
2025-11-26 18:17:00+00:00,33,2,245,258.51,258.52,258.39,258.43,1622,ADI
2025-11-26 18:18:00+00:00,33,2,245,258.35,258.42,258.34,258.34,291,ADI
2025-11-26 18:19:00+00:00,33,2,245,258.33,258.4,258.33,258.36,545,ADI
2025-11-26 18:20:00+00:00,33,2,245,258.32,258.385,258.21,258.25,1551,ADI
2025-11-26 18:21:00+00:00,33,2,245,258.31,258.34,258.26,258.34,449,ADI
2025-11-26 18:22:00+00:00,33,2,245,258.39,258.52,258.39,258.5,730,ADI
2025-11-26 18:23:00+00:00,33,2,245,258.5,258.55,258.47,258.48,1046,ADI
2025-11-26 18:24:00+00:00,33,2,245,258.44,258.44,258.34,258.44,925,ADI
2025-11-26 18:25:00+00:00,33,2,245,258.44,258.53,258.41,258.53,710,ADI
2025-11-26 18:26:00+00:00,33,2,245,258.49,258.55,258.48,258.55,931,ADI
2025-11-26 18:27:00+00:00,33,2,245,258.56,258.66,258.56,258.635,892,ADI
2025-11-26 18:28:00+00:00,33,2,245,258.635,258.69,258.48,258.48,764,ADI
2025-11-26 18:29:00+00:00,33,2,245,258.52,258.56,258.49,258.52,170,ADI
2025-11-26 18:30:00+00:00,33,2,245,258.48,258.49,258.465,258.465,123,ADI
2025-11-26 18:31:00+00:00,33,2,245,258.465,258.465,258.32,258.33,1082,ADI
2025-11-26 18:32:00+00:00,33,2,245,258.315,258.315,258.26,258.315,55,ADI
2025-11-26 18:33:00+00:00,33,2,245,258.31,258.34,257.95,258.23,5034,ADI
2025-11-26 18:34:00+00:00,33,2,245,258.18,258.21,258.12,258.18,527,ADI
2025-11-26 18:35:00+00:00,33,2,245,258.11,258.12,257.69,257.775,1232,ADI
2025-11-26 18:36:00+00:00,33,2,245,257.82,258.1,257.82,258.1,2861,ADI
2025-11-26 18:37:00+00:00,33,2,245,258.06,258.07,257.84,257.84,1635,ADI
2025-11-26 18:38:00+00:00,33,2,245,257.84,257.89,257.8,257.86,251,ADI
2025-11-26 18:39:00+00:00,33,2,245,257.83,257.92,257.78,257.86,1130,ADI
2025-11-26 18:40:00+00:00,33,2,245,257.79,257.79,257.605,257.62,790,ADI
2025-11-26 18:41:00+00:00,33,2,245,257.64,257.64,257.485,257.485,1049,ADI
2025-11-26 18:42:00+00:00,33,2,245,257.55,257.65,257.55,257.65,1073,ADI
2025-11-26 18:43:00+00:00,33,2,245,257.58,257.72,257.58,257.63,1042,ADI
2025-11-26 18:44:00+00:00,33,2,245,257.6,257.73,257.59,257.73,2030,ADI
2025-11-26 18:45:00+00:00,33,2,245,257.78,258.02,257.78,257.975,716,ADI
2025-11-26 18:46:00+00:00,33,2,245,258.02,258.21,258.02,258.12,1295,ADI
2025-11-26 18:47:00+00:00,33,2,245,258.13,258.16,258.09,258.16,252,ADI
2025-11-26 18:48:00+00:00,33,2,245,258.19,258.19,258.13,258.19,237,ADI
2025-11-26 18:49:00+00:00,33,2,245,258.15,258.24,258.11,258.2,2553,ADI
2025-11-26 18:50:00+00:00,33,2,245,258.25,258.31,258.21,258.21,1588,ADI
2025-11-26 18:51:00+00:00,33,2,245,258.17,258.265,258.17,258.22,2061,ADI
2025-11-26 18:52:00+00:00,33,2,245,258.18,258.29,258.17,258.225,1482,ADI
2025-11-26 18:53:00+00:00,33,2,245,258.15,258.185,258.13,258.14,1162,ADI
2025-11-26 18:54:00+00:00,33,2,245,258.2,258.22,258.15,258.22,63,ADI
2025-11-26 18:55:00+00:00,33,2,245,258.13,258.19,258.13,258.14,375,ADI
2025-11-26 18:56:00+00:00,33,2,245,258.23,258.27,258.16,258.16,1163,ADI
2025-11-26 18:57:00+00:00,33,2,245,258.26,258.39,258.24,258.39,1695,ADI
2025-11-26 18:58:00+00:00,33,2,245,258.39,258.5,258.36,258.38,2195,ADI
2025-11-26 18:59:00+00:00,33,2,245,258.48,258.48,258.38,258.38,669,ADI
2025-11-26 19:00:00+00:00,33,2,245,258.38,258.47,258.23,258.47,1262,ADI
2025-11-26 19:01:00+00:00,33,2,245,258.53,258.77,258.53,258.76,912,ADI
2025-11-26 19:02:00+00:00,33,2,245,258.77,258.84,258.46,258.46,4029,ADI
2025-11-26 19:03:00+00:00,33,2,245,258.49,258.57,258.49,258.505,213,ADI
2025-11-26 19:04:00+00:00,33,2,245,258.46,258.505,258.315,258.315,460,ADI
2025-11-26 19:05:00+00:00,33,2,245,258.37,258.42,258.37,258.42,1231,ADI
2025-11-26 19:06:00+00:00,33,2,245,258.44,258.45,258.36,258.39,865,ADI
2025-11-26 19:07:00+00:00,33,2,245,258.34,258.4,258.27,258.27,732,ADI
2025-11-26 19:08:00+00:00,33,2,245,258.36,258.36,258.23,258.26,304,ADI
2025-11-26 19:09:00+00:00,33,2,245,258.22,258.32,258.19,258.32,864,ADI
2025-11-26 19:10:00+00:00,33,2,245,258.28,258.34,258.23,258.34,1687,ADI
2025-11-26 19:11:00+00:00,33,2,245,258.23,258.28,258.12,258.28,510,ADI
2025-11-26 19:12:00+00:00,33,2,245,258.18,258.34,258.18,258.34,550,ADI
2025-11-26 19:13:00+00:00,33,2,245,258.33,258.36,258.23,258.29,115,ADI
2025-11-26 19:14:00+00:00,33,2,245,258.36,258.4,258.28,258.28,1317,ADI
2025-11-26 19:15:00+00:00,33,2,245,258.24,258.34,258.23,258.3,334,ADI
2025-11-26 19:16:00+00:00,33,2,245,258.31,258.41,258.29,258.38,913,ADI
2025-11-26 19:17:00+00:00,33,2,245,258.42,258.61,258.42,258.44,3825,ADI
2025-11-26 19:18:00+00:00,33,2,245,258.425,258.43,258.3,258.3,1837,ADI
2025-11-26 19:19:00+00:00,33,2,245,258.31,258.325,258.3,258.31,435,ADI
2025-11-26 19:20:00+00:00,33,2,245,258.34,258.57,258.34,258.55,1845,ADI
2025-11-26 19:21:00+00:00,33,2,245,258.54,258.73,258.54,258.73,913,ADI
2025-11-26 19:22:00+00:00,33,2,245,258.69,258.69,258.63,258.66,1087,ADI
2025-11-26 19:23:00+00:00,33,2,245,258.68,258.86,258.68,258.83,1480,ADI
2025-11-26 19:24:00+00:00,33,2,245,258.785,258.84,258.76,258.84,169,ADI
2025-11-26 19:25:00+00:00,33,2,245,258.73,258.8,258.71,258.8,409,ADI
2025-11-26 19:26:00+00:00,33,2,245,258.81,258.87,258.79,258.82,644,ADI
2025-11-26 19:27:00+00:00,33,2,245,258.75,258.75,258.57,258.73,2091,ADI
2025-11-26 19:28:00+00:00,33,2,245,258.74,258.88,258.7,258.88,949,ADI
2025-11-26 19:29:00+00:00,33,2,245,258.9,259.0,258.85,259.0,710,ADI
2025-11-26 19:30:00+00:00,33,2,245,258.99,258.99,258.88,258.9,662,ADI
2025-11-26 19:31:00+00:00,33,2,245,258.92,259.07,258.92,259.015,1145,ADI
2025-11-26 19:32:00+00:00,33,2,245,259.0,259.07,258.92,258.97,2078,ADI
2025-11-26 19:33:00+00:00,33,2,245,258.93,258.93,258.75,258.75,2135,ADI
2025-11-26 19:34:00+00:00,33,2,245,258.79,258.8,258.64,258.68,645,ADI
2025-11-26 19:35:00+00:00,33,2,245,258.66,258.79,258.43,258.785,2474,ADI
2025-11-26 19:36:00+00:00,33,2,245,258.785,258.85,258.765,258.82,88,ADI
2025-11-26 19:37:00+00:00,33,2,245,258.8,258.82,258.69,258.8,252,ADI
2025-11-26 19:38:00+00:00,33,2,245,258.7,258.84,258.66,258.84,1541,ADI
2025-11-26 19:39:00+00:00,33,2,245,258.85,258.86,258.77,258.77,700,ADI
2025-11-26 19:40:00+00:00,33,2,245,258.79,258.79,258.71,258.74,456,ADI
2025-11-26 19:41:00+00:00,33,2,245,258.75,258.78,258.62,258.67,2257,ADI
2025-11-26 19:42:00+00:00,33,2,245,258.675,258.84,258.675,258.83,1149,ADI
2025-11-26 19:43:00+00:00,33,2,245,258.78,258.78,258.63,258.63,1541,ADI
2025-11-26 19:44:00+00:00,33,2,245,258.63,258.67,258.6,258.67,251,ADI
2025-11-26 19:45:00+00:00,33,2,245,258.67,258.73,258.63,258.7,850,ADI
2025-11-26 19:46:00+00:00,33,2,245,258.74,258.74,258.69,258.715,217,ADI
2025-11-26 19:47:00+00:00,33,2,245,258.69,258.69,258.6,258.665,2056,ADI
2025-11-26 19:48:00+00:00,33,2,245,258.65,258.69,258.58,258.59,1348,ADI
2025-11-26 19:49:00+00:00,33,2,245,258.57,258.62,258.56,258.6,755,ADI
2025-11-26 19:50:00+00:00,33,2,245,258.58,258.64,258.565,258.57,304,ADI
2025-11-26 19:51:00+00:00,33,2,245,258.57,258.72,258.53,258.72,2620,ADI
2025-11-26 19:52:00+00:00,33,2,245,258.74,258.83,258.74,258.75,555,ADI
2025-11-26 19:53:00+00:00,33,2,245,258.74,258.88,258.73,258.88,1280,ADI
2025-11-26 19:54:00+00:00,33,2,245,258.89,259.01,258.89,258.98,388,ADI
2025-11-26 19:55:00+00:00,33,2,245,258.95,258.98,258.87,258.98,2226,ADI
2025-11-26 19:56:00+00:00,33,2,245,258.97,259.14,258.97,259.085,1556,ADI
2025-11-26 19:57:00+00:00,33,2,245,259.12,259.15,259.07,259.1,705,ADI
2025-11-26 19:58:00+00:00,33,2,245,259.1,259.16,259.03,259.09,2904,ADI
2025-11-26 19:59:00+00:00,33,2,245,259.08,259.13,258.97,258.97,1973,ADI
2025-11-26 20:00:00+00:00,33,2,245,258.97,259.1,258.87,259.09,2025,ADI
2025-11-26 20:01:00+00:00,33,2,245,259.11,259.25,259.11,259.21,1022,ADI
2025-11-26 20:02:00+00:00,33,2,245,259.23,259.29,259.13,259.14,1634,ADI
2025-11-26 20:03:00+00:00,33,2,245,259.2,259.32,259.17,259.31,1081,ADI
2025-11-26 20:04:00+00:00,33,2,245,259.22,259.25,259.1,259.24,2153,ADI
2025-11-26 20:05:00+00:00,33,2,245,259.24,259.26,259.19,259.26,178,ADI
2025-11-26 20:06:00+00:00,33,2,245,259.27,259.31,259.12,259.15,2345,ADI
2025-11-26 20:07:00+00:00,33,2,245,259.17,259.28,259.09,259.28,2756,ADI
2025-11-26 20:08:00+00:00,33,2,245,259.26,259.51,259.24,259.49,2176,ADI
2025-11-26 20:09:00+00:00,33,2,245,259.48,259.57,259.39,259.57,1530,ADI
2025-11-26 20:10:00+00:00,33,2,245,259.64,259.64,259.42,259.53,3519,ADI
2025-11-26 20:11:00+00:00,33,2,245,259.5,259.53,259.4,259.48,2787,ADI
2025-11-26 20:12:00+00:00,33,2,245,259.44,259.48,259.28,259.28,1328,ADI
2025-11-26 20:13:00+00:00,33,2,245,259.335,259.42,259.32,259.35,2342,ADI
2025-11-26 20:14:00+00:00,33,2,245,259.35,259.58,259.32,259.58,2200,ADI
2025-11-26 20:15:00+00:00,33,2,245,259.58,259.72,259.52,259.7,988,ADI
2025-11-26 20:16:00+00:00,33,2,245,259.64,259.8,259.63,259.75,3465,ADI
2025-11-26 20:17:00+00:00,33,2,245,259.77,259.89,259.77,259.83,1412,ADI
2025-11-26 20:18:00+00:00,33,2,245,259.81,259.92,259.775,259.86,3783,ADI
2025-11-26 20:19:00+00:00,33,2,245,259.84,259.87,259.76,259.81,1823,ADI
2025-11-26 20:20:00+00:00,33,2,245,259.87,259.92,259.76,259.76,2161,ADI
2025-11-26 20:21:00+00:00,33,2,245,259.775,259.9,259.76,259.9,1904,ADI
2025-11-26 20:22:00+00:00,33,2,245,259.83,259.88,259.72,259.72,1866,ADI
2025-11-26 20:23:00+00:00,33,2,245,259.73,259.87,259.73,259.795,2533,ADI
2025-11-26 20:24:00+00:00,33,2,245,259.78,259.85,259.75,259.84,1842,ADI
2025-11-26 20:25:00+00:00,33,2,245,259.77,259.86,259.77,259.81,2044,ADI
2025-11-26 20:26:00+00:00,33,2,245,259.86,259.86,259.71,259.82,3463,ADI
2025-11-26 20:27:00+00:00,33,2,245,259.81,259.82,259.62,259.64,2413,ADI
2025-11-26 20:28:00+00:00,33,2,245,259.67,259.82,259.54,259.7,2928,ADI
2025-11-26 20:29:00+00:00,33,2,245,259.7,259.77,259.59,259.59,4335,ADI
2025-11-26 20:30:00+00:00,33,2,245,259.59,259.68,259.5,259.67,2146,ADI
2025-11-26 20:31:00+00:00,33,2,245,259.64,259.7,259.53,259.53,2906,ADI
2025-11-26 20:32:00+00:00,33,2,245,259.57,259.57,259.42,259.49,2330,ADI
2025-11-26 20:33:00+00:00,33,2,245,259.49,259.53,259.265,259.34,3466,ADI
2025-11-26 20:34:00+00:00,33,2,245,259.34,259.4,259.16,259.18,2124,ADI
2025-11-26 20:35:00+00:00,33,2,245,259.2,259.31,259.09,259.09,1974,ADI
2025-11-26 20:36:00+00:00,33,2,245,259.1,259.1,258.7,258.84,3221,ADI
2025-11-26 20:37:00+00:00,33,2,245,258.83,258.83,258.51,258.51,2052,ADI
2025-11-26 20:38:00+00:00,33,2,245,258.54,258.68,258.53,258.57,2851,ADI
2025-11-26 20:39:00+00:00,33,2,245,258.57,258.64,258.54,258.545,2806,ADI
2025-11-26 20:40:00+00:00,33,2,245,258.55,258.61,258.39,258.39,3602,ADI
2025-11-26 20:41:00+00:00,33,2,245,258.41,258.43,258.26,258.26,3976,ADI
2025-11-26 20:42:00+00:00,33,2,245,258.3,258.63,258.3,258.55,2433,ADI
2025-11-26 20:43:00+00:00,33,2,245,258.57,258.62,258.45,258.57,2372,ADI
2025-11-26 20:44:00+00:00,33,2,245,258.54,258.58,258.47,258.47,1476,ADI
2025-11-26 20:45:00+00:00,33,2,245,258.45,258.61,258.35,258.41,3773,ADI
2025-11-26 20:46:00+00:00,33,2,245,258.35,258.51,258.3,258.44,6296,ADI
2025-11-26 20:47:00+00:00,33,2,245,258.45,258.51,258.42,258.47,816,ADI
2025-11-26 20:48:00+00:00,33,2,245,258.51,258.54,258.2,258.345,5279,ADI
2025-11-26 20:49:00+00:00,33,2,245,258.34,258.42,258.24,258.25,2826,ADI
2025-11-26 20:50:00+00:00,33,2,245,258.24,258.39,257.81,258.22,10819,ADI
2025-11-26 20:51:00+00:00,33,2,245,258.22,258.29,257.82,257.82,6795,ADI
2025-11-26 20:52:00+00:00,33,2,245,258.0,258.15,257.72,257.795,9918,ADI
2025-11-26 20:53:00+00:00,33,2,245,257.74,258.23,257.7,258.075,10699,ADI
2025-11-26 20:54:00+00:00,33,2,245,258.07,258.38,257.88,258.26,13736,ADI
2025-11-26 20:55:00+00:00,33,2,245,258.36,258.98,258.23,258.37,15514,ADI
2025-11-26 20:56:00+00:00,33,2,245,258.37,258.43,258.11,258.28,22616,ADI
2025-11-26 20:57:00+00:00,33,2,245,258.27,258.285,258.14,258.225,27918,ADI
2025-11-26 20:58:00+00:00,33,2,245,258.23,258.23,258.05,258.1,50911,ADI
2025-11-26 20:59:00+00:00,33,2,245,258.1,258.12,257.76,257.77,63012,ADI
2025-11-26 21:00:00+00:00,33,2,245,257.92,257.92,257.69,257.69,860806,ADI
2025-11-26 21:02:00+00:00,33,2,245,258.16,258.28,258.16,258.28,16,ADI
2025-11-26 21:08:00+00:00,33,2,245,259.2,259.2,259.2,259.2,16,ADI
2025-11-26 21:09:00+00:00,33,2,245,259.28,259.28,259.28,259.28,1,ADI
2025-11-26 21:19:00+00:00,33,2,245,258.45,258.45,258.45,258.45,47,ADI
2025-11-26 21:22:00+00:00,33,2,245,258.7,258.95,258.7,258.95,63,ADI
2025-11-26 21:23:00+00:00,33,2,245,258.95,258.95,258.95,258.95,32,ADI
2025-11-26 21:31:00+00:00,33,2,245,258.29,258.29,258.29,258.29,5,ADI
2025-11-26 21:37:00+00:00,33,2,245,258.29,258.29,258.29,258.29,50,ADI
2025-11-26 23:00:00+00:00,33,2,245,258.74,258.74,258.74,258.74,16,ADI
2025-11-26 23:07:00+00:00,33,2,245,258.74,258.74,258.74,258.74,6,ADI
2025-11-28 09:01:00+00:00,33,2,245,259.8,259.8,259.8,259.8,1,ADI
2025-11-28 09:03:00+00:00,33,2,245,258.43,258.43,258.29,258.29,23,ADI
2025-11-28 09:06:00+00:00,33,2,245,258.39,258.39,258.39,258.39,2,ADI
2025-11-28 09:30:00+00:00,33,2,245,258.42,258.42,258.42,258.42,2,ADI
2025-11-28 09:40:00+00:00,33,2,245,258.42,258.42,258.34,258.34,11,ADI
2025-11-28 11:04:00+00:00,33,2,245,258.57,258.57,258.57,258.57,3,ADI
2025-11-28 11:22:00+00:00,33,2,245,259.26,259.26,259.26,259.26,1,ADI
2025-11-28 11:30:00+00:00,33,2,245,259.32,259.33,259.32,259.33,2,ADI
2025-11-28 11:32:00+00:00,33,2,245,259.37,259.4,259.37,259.4,5,ADI
2025-11-28 11:33:00+00:00,33,2,245,259.41,259.41,259.41,259.41,3,ADI
2025-11-28 11:35:00+00:00,33,2,245,259.47,259.47,259.47,259.47,1,ADI
2025-11-28 11:36:00+00:00,33,2,245,259.53,259.53,259.53,259.53,1,ADI
2025-11-28 11:39:00+00:00,33,2,245,259.59,259.59,259.59,259.59,1,ADI
2025-11-28 11:40:00+00:00,33,2,245,259.6,259.6,259.6,259.6,1,ADI
2025-11-28 11:41:00+00:00,33,2,245,259.61,259.61,259.61,259.61,1,ADI
2025-11-28 11:51:00+00:00,33,2,245,259.64,259.64,259.53,259.53,2,ADI
2025-11-28 11:52:00+00:00,33,2,245,259.51,259.51,259.51,259.51,1,ADI
2025-11-28 11:54:00+00:00,33,2,245,259.51,259.51,259.51,259.51,3,ADI
2025-11-28 12:00:00+00:00,33,2,245,259.01,259.01,259.01,259.01,5,ADI
2025-11-28 13:30:00+00:00,33,2,245,259.18,259.18,259.18,259.18,10,ADI
2025-11-28 13:45:00+00:00,33,2,245,258.62,258.62,258.62,258.62,3,ADI
2025-11-28 14:01:00+00:00,33,2,245,258.62,258.62,258.62,258.62,10,ADI
2025-11-28 14:17:00+00:00,33,2,245,258.52,258.52,258.31,258.31,18,ADI
2025-11-28 14:25:00+00:00,33,2,245,258.68,258.68,258.68,258.68,1000,ADI
2025-11-28 14:26:00+00:00,33,2,245,258.28,258.28,258.26,258.26,9,ADI
2025-11-28 14:27:00+00:00,33,2,245,259.61,260.02,259.61,260.02,224,ADI
2025-11-28 14:30:00+00:00,33,2,245,259.93,259.93,259.01,259.01,25053,ADI
2025-11-28 14:31:00+00:00,33,2,245,259.03,259.63,258.97,259.17,795,ADI
2025-11-28 14:32:00+00:00,33,2,245,259.26,261.0,259.21,260.39,7499,ADI
2025-11-28 14:33:00+00:00,33,2,245,260.77,261.59,260.74,261.59,4075,ADI
2025-11-28 14:34:00+00:00,33,2,245,261.55,261.98,261.12,261.71,2436,ADI
2025-11-28 14:35:00+00:00,33,2,245,261.8,262.38,261.55,262.11,5051,ADI
2025-11-28 14:36:00+00:00,33,2,245,262.11,262.66,261.86,262.51,2137,ADI
2025-11-28 14:37:00+00:00,33,2,245,262.61,262.96,262.26,262.7,4428,ADI
2025-11-28 14:38:00+00:00,33,2,245,262.87,263.5,262.42,262.95,4192,ADI
2025-11-28 14:39:00+00:00,33,2,245,262.78,263.0,262.74,262.94,2565,ADI
2025-11-28 14:40:00+00:00,33,2,245,262.84,263.28,262.71,263.28,3267,ADI
2025-11-28 14:41:00+00:00,33,2,245,263.2,263.29,262.98,263.09,1153,ADI
2025-11-28 14:42:00+00:00,33,2,245,263.26,263.6,263.135,263.135,3567,ADI
2025-11-28 14:43:00+00:00,33,2,245,263.06,263.21,262.83,263.04,1409,ADI
2025-11-28 14:44:00+00:00,33,2,245,263.13,263.18,262.975,263.18,115,ADI
2025-11-28 14:45:00+00:00,33,2,245,263.03,263.57,262.88,263.06,3355,ADI
2025-11-28 14:46:00+00:00,33,2,245,262.96,263.35,262.96,263.26,1295,ADI
2025-11-28 14:47:00+00:00,33,2,245,263.2,263.2,262.5,262.5,1006,ADI
2025-11-28 14:48:00+00:00,33,2,245,262.435,262.515,262.34,262.48,219,ADI
2025-11-28 14:49:00+00:00,33,2,245,262.56,262.92,262.53,262.8,1049,ADI
2025-11-28 14:50:00+00:00,33,2,245,262.94,263.06,262.94,263.06,167,ADI
2025-11-28 14:51:00+00:00,33,2,245,262.98,263.5,262.94,263.33,4550,ADI
2025-11-28 14:52:00+00:00,33,2,245,263.23,263.325,262.8,262.93,1873,ADI
2025-11-28 14:53:00+00:00,33,2,245,262.885,262.885,262.68,262.68,119,ADI
2025-11-28 14:54:00+00:00,33,2,245,262.69,262.73,262.68,262.73,290,ADI
2025-11-28 14:55:00+00:00,33,2,245,262.85,263.065,262.56,262.87,4060,ADI
2025-11-28 14:56:00+00:00,33,2,245,262.87,262.96,262.74,262.855,1415,ADI
2025-11-28 14:57:00+00:00,33,2,245,262.77,262.8,262.63,262.8,363,ADI
2025-11-28 14:58:00+00:00,33,2,245,262.82,263.03,262.77,262.96,1449,ADI
2025-11-28 14:59:00+00:00,33,2,245,262.96,263.07,262.885,263.0,1401,ADI
2025-11-28 15:00:00+00:00,33,2,245,262.98,263.21,262.88,263.21,1133,ADI
2025-11-28 15:01:00+00:00,33,2,245,263.24,263.8,263.18,263.63,3020,ADI
2025-11-28 15:02:00+00:00,33,2,245,263.63,264.17,263.51,264.12,2440,ADI
2025-11-28 15:03:00+00:00,33,2,245,264.11,264.29,263.92,264.02,2563,ADI
2025-11-28 15:04:00+00:00,33,2,245,263.95,264.08,263.77,263.87,853,ADI
2025-11-28 15:05:00+00:00,33,2,245,263.92,263.92,263.59,263.68,2549,ADI
2025-11-28 15:06:00+00:00,33,2,245,263.73,263.83,263.73,263.81,94,ADI
2025-11-28 15:07:00+00:00,33,2,245,263.73,263.95,263.53,263.53,3059,ADI
2025-11-28 15:08:00+00:00,33,2,245,263.53,263.54,263.13,263.53,1997,ADI
2025-11-28 15:09:00+00:00,33,2,245,263.67,263.67,263.52,263.66,517,ADI
2025-11-28 15:10:00+00:00,33,2,245,263.595,263.65,263.46,263.65,490,ADI
2025-11-28 15:11:00+00:00,33,2,245,263.66,263.86,263.49,263.67,2285,ADI
2025-11-28 15:12:00+00:00,33,2,245,263.58,263.86,263.52,263.84,2577,ADI
2025-11-28 15:13:00+00:00,33,2,245,263.81,263.81,263.67,263.8,376,ADI
2025-11-28 15:14:00+00:00,33,2,245,263.74,263.74,263.47,263.51,573,ADI
2025-11-28 15:15:00+00:00,33,2,245,263.53,263.73,263.4,263.72,1506,ADI
2025-11-28 15:16:00+00:00,33,2,245,263.61,263.61,263.45,263.45,147,ADI
2025-11-28 15:17:00+00:00,33,2,245,263.52,263.65,263.44,263.45,1358,ADI
2025-11-28 15:18:00+00:00,33,2,245,263.39,263.48,263.25,263.34,1231,ADI
2025-11-28 15:19:00+00:00,33,2,245,263.29,263.3,263.19,263.27,439,ADI
2025-11-28 15:20:00+00:00,33,2,245,263.36,263.6,263.19,263.53,1838,ADI
2025-11-28 15:21:00+00:00,33,2,245,263.59,263.89,263.59,263.75,611,ADI
2025-11-28 15:22:00+00:00,33,2,245,263.75,264.0,263.67,263.965,3367,ADI
2025-11-28 15:23:00+00:00,33,2,245,263.96,263.99,263.85,263.99,400,ADI
2025-11-28 15:24:00+00:00,33,2,245,264.06,264.12,263.83,263.89,759,ADI
2025-11-28 15:25:00+00:00,33,2,245,263.82,263.86,263.64,263.65,451,ADI
2025-11-28 15:26:00+00:00,33,2,245,263.81,263.83,263.64,263.64,964,ADI
2025-11-28 15:27:00+00:00,33,2,245,263.75,263.78,263.52,263.78,845,ADI
2025-11-28 15:28:00+00:00,33,2,245,263.61,263.63,263.48,263.48,400,ADI
2025-11-28 15:29:00+00:00,33,2,245,263.46,263.46,263.28,263.28,304,ADI
2025-11-28 15:30:00+00:00,33,2,245,263.27,263.31,263.0,263.13,2033,ADI
2025-11-28 15:31:00+00:00,33,2,245,263.15,263.21,262.84,262.85,779,ADI
2025-11-28 15:32:00+00:00,33,2,245,262.84,262.86,262.73,262.81,701,ADI
2025-11-28 15:33:00+00:00,33,2,245,262.83,262.89,262.67,262.88,928,ADI
2025-11-28 15:34:00+00:00,33,2,245,262.83,263.21,262.67,263.21,2038,ADI
2025-11-28 15:35:00+00:00,33,2,245,263.24,263.29,263.17,263.21,269,ADI
2025-11-28 15:36:00+00:00,33,2,245,263.26,263.28,262.92,263.27,1700,ADI
2025-11-28 15:37:00+00:00,33,2,245,263.33,263.41,263.27,263.39,758,ADI
2025-11-28 15:38:00+00:00,33,2,245,263.27,263.28,263.04,263.21,526,ADI
2025-11-28 15:39:00+00:00,33,2,245,263.15,263.29,263.07,263.29,1834,ADI
2025-11-28 15:40:00+00:00,33,2,245,263.3,263.45,263.2,263.45,1976,ADI
2025-11-28 15:41:00+00:00,33,2,245,263.42,263.435,263.29,263.36,1675,ADI
2025-11-28 15:42:00+00:00,33,2,245,263.38,263.61,263.38,263.61,506,ADI
2025-11-28 15:43:00+00:00,33,2,245,263.64,263.86,263.64,263.86,927,ADI
2025-11-28 15:44:00+00:00,33,2,245,263.82,263.82,263.67,263.755,1347,ADI
2025-11-28 15:45:00+00:00,33,2,245,263.84,263.88,263.56,263.56,1414,ADI
2025-11-28 15:46:00+00:00,33,2,245,263.61,263.655,263.61,263.65,629,ADI
2025-11-28 15:47:00+00:00,33,2,245,263.62,263.89,263.62,263.88,1030,ADI
2025-11-28 15:48:00+00:00,33,2,245,263.86,263.96,263.85,263.92,267,ADI
2025-11-28 15:49:00+00:00,33,2,245,264.0,264.05,263.86,264.01,1274,ADI
2025-11-28 15:50:00+00:00,33,2,245,263.92,263.99,263.915,263.99,37,ADI
2025-11-28 15:51:00+00:00,33,2,245,264.01,264.01,263.73,263.73,600,ADI
2025-11-28 15:52:00+00:00,33,2,245,263.69,263.8,263.56,263.79,1061,ADI
2025-11-28 15:53:00+00:00,33,2,245,263.74,263.94,263.74,263.94,1107,ADI
2025-11-28 15:54:00+00:00,33,2,245,263.87,264.0,263.79,263.79,830,ADI
2025-11-28 15:55:00+00:00,33,2,245,263.78,263.975,263.71,263.97,489,ADI
2025-11-28 15:56:00+00:00,33,2,245,263.98,264.14,263.98,264.04,1745,ADI
2025-11-28 15:57:00+00:00,33,2,245,264.06,264.11,263.96,264.11,1100,ADI
2025-11-28 15:58:00+00:00,33,2,245,264.07,264.17,264.07,264.17,1102,ADI
2025-11-28 15:59:00+00:00,33,2,245,264.16,264.18,264.085,264.14,481,ADI
2025-11-28 16:00:00+00:00,33,2,245,264.08,264.08,263.94,264.05,657,ADI
2025-11-28 16:01:00+00:00,33,2,245,263.86,263.86,263.76,263.78,975,ADI
2025-11-28 16:02:00+00:00,33,2,245,263.79,263.79,263.63,263.67,523,ADI
2025-11-28 16:03:00+00:00,33,2,245,263.69,263.77,263.69,263.725,127,ADI
2025-11-28 16:04:00+00:00,33,2,245,263.725,263.91,263.725,263.84,1994,ADI
2025-11-28 16:05:00+00:00,33,2,245,263.845,264.0,263.73,263.73,1026,ADI
2025-11-28 16:06:00+00:00,33,2,245,263.91,264.02,263.91,264.0,1221,ADI
2025-11-28 16:07:00+00:00,33,2,245,264.12,264.13,264.11,264.11,292,ADI
2025-11-28 16:08:00+00:00,33,2,245,264.13,264.33,263.99,264.32,4106,ADI
2025-11-28 16:09:00+00:00,33,2,245,264.36,264.42,264.36,264.38,567,ADI
2025-11-28 16:10:00+00:00,33,2,245,264.29,264.29,264.0,264.29,1403,ADI
2025-11-28 16:11:00+00:00,33,2,245,264.225,264.225,264.18,264.21,83,ADI
2025-11-28 16:12:00+00:00,33,2,245,264.225,264.32,264.225,264.32,304,ADI
2025-11-28 16:13:00+00:00,33,2,245,264.32,264.49,264.32,264.49,515,ADI
2025-11-28 16:14:00+00:00,33,2,245,264.5,264.64,264.5,264.64,354,ADI
2025-11-28 16:15:00+00:00,33,2,245,264.585,264.62,264.43,264.62,2221,ADI
2025-11-28 16:16:00+00:00,33,2,245,264.61,264.67,264.61,264.67,611,ADI
2025-11-28 16:17:00+00:00,33,2,245,264.63,264.8,264.55,264.56,2191,ADI
2025-11-28 16:18:00+00:00,33,2,245,264.61,264.7,264.57,264.67,830,ADI
2025-11-28 16:19:00+00:00,33,2,245,264.71,264.71,264.48,264.48,1320,ADI
2025-11-28 16:20:00+00:00,33,2,245,264.53,264.66,264.34,264.43,2132,ADI
2025-11-28 16:21:00+00:00,33,2,245,264.45,264.67,264.45,264.605,836,ADI
2025-11-28 16:22:00+00:00,33,2,245,264.49,264.49,264.345,264.345,1513,ADI
2025-11-28 16:23:00+00:00,33,2,245,264.41,264.47,264.33,264.36,1638,ADI
2025-11-28 16:24:00+00:00,33,2,245,264.31,264.69,264.31,264.69,1471,ADI
2025-11-28 16:25:00+00:00,33,2,245,264.665,264.665,264.53,264.53,68,ADI
2025-11-28 16:26:00+00:00,33,2,245,264.49,264.55,264.18,264.18,1564,ADI
2025-11-28 16:27:00+00:00,33,2,245,264.2,264.26,264.18,264.26,286,ADI
2025-11-28 16:28:00+00:00,33,2,245,264.18,264.26,264.04,264.04,1465,ADI
2025-11-28 16:29:00+00:00,33,2,245,264.12,264.3,264.115,264.265,1429,ADI
2025-11-28 16:30:00+00:00,33,2,245,264.23,264.23,263.84,263.93,1372,ADI
2025-11-28 16:31:00+00:00,33,2,245,263.93,263.99,263.93,263.99,29,ADI
2025-11-28 16:32:00+00:00,33,2,245,263.99,264.13,263.96,264.13,1678,ADI
2025-11-28 16:33:00+00:00,33,2,245,264.12,264.225,264.07,264.07,1564,ADI
2025-11-28 16:34:00+00:00,33,2,245,264.01,264.09,263.96,264.03,181,ADI
2025-11-28 16:35:00+00:00,33,2,245,264.0,264.08,263.93,264.03,1264,ADI
2025-11-28 16:36:00+00:00,33,2,245,264.02,264.11,264.02,264.11,546,ADI
2025-11-28 16:37:00+00:00,33,2,245,264.06,264.35,263.88,263.88,4402,ADI
2025-11-28 16:38:00+00:00,33,2,245,263.87,263.93,263.76,263.88,1504,ADI
2025-11-28 16:39:00+00:00,33,2,245,263.8,263.81,263.72,263.81,967,ADI
2025-11-28 16:40:00+00:00,33,2,245,263.83,263.86,263.79,263.79,249,ADI
2025-11-28 16:41:00+00:00,33,2,245,263.805,263.83,263.72,263.79,132,ADI
2025-11-28 16:42:00+00:00,33,2,245,263.805,263.9,263.7,263.9,1237,ADI
2025-11-28 16:43:00+00:00,33,2,245,263.95,264.1,263.95,264.1,1242,ADI
2025-11-28 16:44:00+00:00,33,2,245,264.08,264.09,264.02,264.02,266,ADI
2025-11-28 16:45:00+00:00,33,2,245,264.05,264.22,264.05,264.18,2145,ADI
2025-11-28 16:46:00+00:00,33,2,245,264.12,264.12,263.93,264.07,1147,ADI
2025-11-28 16:47:00+00:00,33,2,245,264.08,264.59,264.06,264.59,2599,ADI
2025-11-28 16:48:00+00:00,33,2,245,264.525,264.64,264.49,264.55,404,ADI
2025-11-28 16:49:00+00:00,33,2,245,264.53,264.76,264.45,264.76,2643,ADI
2025-11-28 16:50:00+00:00,33,2,245,264.77,264.81,264.7,264.81,600,ADI
2025-11-28 16:51:00+00:00,33,2,245,264.85,264.85,264.36,264.37,2290,ADI
2025-11-28 16:52:00+00:00,33,2,245,264.385,264.435,264.33,264.37,1689,ADI
2025-11-28 16:53:00+00:00,33,2,245,264.37,264.37,264.18,264.36,3140,ADI
2025-11-28 16:54:00+00:00,33,2,245,264.35,264.35,264.275,264.33,651,ADI
2025-11-28 16:55:00+00:00,33,2,245,264.34,264.36,264.18,264.345,1930,ADI
2025-11-28 16:56:00+00:00,33,2,245,264.345,264.62,264.345,264.53,2428,ADI
2025-11-28 16:57:00+00:00,33,2,245,264.58,264.89,264.58,264.89,3017,ADI
2025-11-28 16:58:00+00:00,33,2,245,264.89,264.93,264.78,264.78,2221,ADI
2025-11-28 16:59:00+00:00,33,2,245,264.77,264.84,264.75,264.81,1061,ADI
2025-11-28 17:00:00+00:00,33,2,245,264.82,264.89,264.66,264.7,3669,ADI
2025-11-28 17:01:00+00:00,33,2,245,264.66,264.7,264.48,264.7,2695,ADI
2025-11-28 17:02:00+00:00,33,2,245,264.69,264.83,264.64,264.8,1132,ADI
2025-11-28 17:03:00+00:00,33,2,245,264.8,264.84,264.74,264.84,1702,ADI
2025-11-28 17:04:00+00:00,33,2,245,264.85,264.86,264.55,264.58,3319,ADI
2025-11-28 17:05:00+00:00,33,2,245,264.575,264.575,264.49,264.54,966,ADI
2025-11-28 17:06:00+00:00,33,2,245,264.51,264.54,264.27,264.44,1486,ADI
2025-11-28 17:07:00+00:00,33,2,245,264.42,264.52,264.38,264.47,1291,ADI
2025-11-28 17:08:00+00:00,33,2,245,264.48,264.6,264.47,264.6,1125,ADI
2025-11-28 17:09:00+00:00,33,2,245,264.61,264.62,264.41,264.52,1062,ADI
2025-11-28 17:10:00+00:00,33,2,245,264.45,264.58,264.42,264.58,1188,ADI
2025-11-28 17:11:00+00:00,33,2,245,264.6,264.895,264.6,264.82,5616,ADI
2025-11-28 17:12:00+00:00,33,2,245,264.81,264.94,264.69,264.93,3120,ADI
2025-11-28 17:13:00+00:00,33,2,245,264.92,264.92,264.75,264.78,1577,ADI
2025-11-28 17:14:00+00:00,33,2,245,264.8,264.845,264.79,264.845,689,ADI
2025-11-28 17:15:00+00:00,33,2,245,264.83,264.9,264.75,264.78,1855,ADI
2025-11-28 17:16:00+00:00,33,2,245,264.73,264.76,264.65,264.76,1436,ADI
2025-11-28 17:17:00+00:00,33,2,245,264.75,264.86,264.72,264.86,1298,ADI
2025-11-28 17:18:00+00:00,33,2,245,264.84,264.88,264.76,264.855,988,ADI
2025-11-28 17:19:00+00:00,33,2,245,264.85,264.96,264.81,264.85,1337,ADI
2025-11-28 17:20:00+00:00,33,2,245,264.79,264.81,264.45,264.62,1740,ADI
2025-11-28 17:21:00+00:00,33,2,245,264.67,265.0,264.67,265.0,3132,ADI
2025-11-28 17:22:00+00:00,33,2,245,264.95,264.95,264.49,264.55,7053,ADI
2025-11-28 17:23:00+00:00,33,2,245,264.585,264.79,264.44,264.44,2375,ADI
2025-11-28 17:24:00+00:00,33,2,245,264.43,264.66,264.41,264.66,2986,ADI
2025-11-28 17:25:00+00:00,33,2,245,264.695,264.73,264.6,264.63,896,ADI
2025-11-28 17:26:00+00:00,33,2,245,264.67,264.785,264.61,264.76,1686,ADI
2025-11-28 17:27:00+00:00,33,2,245,264.74,264.77,264.45,264.45,2706,ADI
2025-11-28 17:28:00+00:00,33,2,245,264.48,264.5,264.29,264.41,1760,ADI
2025-11-28 17:29:00+00:00,33,2,245,264.37,264.49,264.32,264.49,1373,ADI
2025-11-28 17:30:00+00:00,33,2,245,264.49,264.54,264.3,264.39,2885,ADI
2025-11-28 17:31:00+00:00,33,2,245,264.45,264.53,264.45,264.53,1808,ADI
2025-11-28 17:32:00+00:00,33,2,245,264.54,264.73,264.49,264.67,2590,ADI
2025-11-28 17:33:00+00:00,33,2,245,264.67,264.78,264.59,264.74,2391,ADI
2025-11-28 17:34:00+00:00,33,2,245,264.68,264.68,264.515,264.65,1157,ADI
2025-11-28 17:35:00+00:00,33,2,245,264.65,264.84,264.64,264.82,1992,ADI
2025-11-28 17:36:00+00:00,33,2,245,264.81,264.845,264.63,264.69,2757,ADI
2025-11-28 17:37:00+00:00,33,2,245,264.68,264.93,264.67,264.9,1077,ADI
2025-11-28 17:38:00+00:00,33,2,245,264.83,265.13,264.75,265.1,5673,ADI
2025-11-28 17:39:00+00:00,33,2,245,265.07,265.31,264.89,264.91,6104,ADI
2025-11-28 17:40:00+00:00,33,2,245,264.92,265.04,264.92,264.97,3018,ADI
2025-11-28 17:41:00+00:00,33,2,245,264.97,264.97,264.67,264.67,2482,ADI
2025-11-28 17:42:00+00:00,33,2,245,264.64,264.73,264.53,264.57,1799,ADI
2025-11-28 17:43:00+00:00,33,2,245,264.56,264.67,264.43,264.67,3062,ADI
2025-11-28 17:44:00+00:00,33,2,245,264.74,264.94,264.68,264.91,3399,ADI
2025-11-28 17:45:00+00:00,33,2,245,264.89,265.15,264.76,264.9,7868,ADI
2025-11-28 17:46:00+00:00,33,2,245,264.88,265.06,264.85,264.85,3820,ADI
2025-11-28 17:47:00+00:00,33,2,245,264.84,264.87,264.74,264.8,4345,ADI
2025-11-28 17:48:00+00:00,33,2,245,264.8,264.8,264.43,264.43,4678,ADI
2025-11-28 17:49:00+00:00,33,2,245,264.41,264.76,264.38,264.69,4710,ADI
2025-11-28 17:50:00+00:00,33,2,245,264.745,265.08,264.72,264.835,3911,ADI
2025-11-28 17:51:00+00:00,33,2,245,264.85,264.91,264.76,264.83,4057,ADI
2025-11-28 17:52:00+00:00,33,2,245,264.77,264.94,264.51,264.59,2686,ADI
2025-11-28 17:53:00+00:00,33,2,245,264.57,264.68,264.46,264.47,2367,ADI
2025-11-28 17:54:00+00:00,33,2,245,264.47,264.77,264.42,264.69,6791,ADI
2025-11-28 17:55:00+00:00,33,2,245,264.71,264.86,264.43,264.69,10944,ADI
2025-11-28 17:56:00+00:00,33,2,245,264.67,264.79,264.63,264.71,7674,ADI
2025-11-28 17:57:00+00:00,33,2,245,264.7,264.92,264.63,264.92,7508,ADI
2025-11-28 17:58:00+00:00,33,2,245,264.93,265.26,264.93,265.18,14454,ADI
2025-11-28 17:59:00+00:00,33,2,245,265.19,265.75,265.0,265.36,79169,ADI
2025-11-28 18:00:00+00:00,33,2,245,265.34,267.56,265.34,267.56,385270,ADI
2025-11-28 18:03:00+00:00,33,2,245,265.28,265.28,265.28,265.28,3,ADI
2025-11-28 18:07:00+00:00,33,2,245,265.28,265.28,265.28,265.28,1,ADI
2025-11-28 18:08:00+00:00,33,2,245,265.3,265.3,265.3,265.3,1,ADI
2025-11-28 18:09:00+00:00,33,2,245,265.3,265.34,265.28,265.28,48,ADI
2025-11-28 18:12:00+00:00,33,2,245,265.57,265.57,265.57,265.57,15,ADI
2025-11-28 18:13:00+00:00,33,2,245,265.57,265.57,265.57,265.57,49,ADI
2025-11-28 18:50:00+00:00,33,2,245,265.36,265.36,265.36,265.36,5,ADI
2025-11-28 18:53:00+00:00,33,2,245,265.36,265.36,265.36,265.36,7,ADI
2025-11-28 19:48:00+00:00,33,2,245,265.55,265.55,265.55,265.55,5,ADI
2025-11-28 19:51:00+00:00,33,2,245,265.55,265.55,265.55,265.55,1,ADI
2025-11-28 19:59:00+00:00,33,2,245,265.4,265.4,265.4,265.4,1,ADI
2025-11-28 20:01:00+00:00,33,2,245,265.55,265.55,265.55,265.55,5,ADI
2025-11-28 20:04:00+00:00,33,2,245,265.55,265.55,265.55,265.55,2,ADI
2025-11-28 20:20:00+00:00,33,2,245,265.55,265.55,265.55,265.55,10,ADI
2025-11-28 20:31:00+00:00,33,2,245,265.51,265.51,265.51,265.51,10,ADI
2025-11-28 20:55:00+00:00,33,2,245,265.36,265.36,265.35,265.35,32,ADI
2025-11-28 20:56:00+00:00,33,2,245,265.35,265.35,265.35,265.35,3,ADI
