ts_event,rtype,publisher_id,instrument_id,open,high,low,close,volume,symbol
2025-11-24 00:00:00+00:00,33,1,42218,49.8,49.82,49.785,49.8,14,SIZ5
2025-11-24 00:02:00+00:00,33,1,42218,49.79,49.79,49.77,49.77,13,SIZ5
2025-11-24 00:03:00+00:00,33,1,42218,49.78,49.785,49.775,49.785,5,SIZ5
2025-11-24 00:04:00+00:00,33,1,42218,49.77,49.77,49.75,49.75,20,SIZ5
2025-11-24 00:05:00+00:00,33,1,42218,49.74,49.74,49.73,49.74,4,SIZ5
2025-11-24 00:06:00+00:00,33,1,42218,49.74,49.74,49.725,49.725,15,SIZ5
2025-11-24 00:07:00+00:00,33,1,42218,49.705,49.71,49.675,49.7,19,SIZ5
2025-11-24 00:08:00+00:00,33,1,42218,49.7,49.7,49.675,49.675,22,SIZ5
2025-11-24 00:09:00+00:00,33,1,42218,49.68,49.705,49.68,49.7,38,SIZ5
2025-11-24 00:10:00+00:00,33,1,42218,49.71,49.725,49.71,49.725,8,SIZ5
2025-11-24 00:11:00+00:00,33,1,42218,49.71,49.72,49.705,49.71,18,SIZ5
2025-11-24 00:12:00+00:00,33,1,42218,49.7,49.705,49.69,49.695,44,SIZ5
2025-11-24 00:13:00+00:00,33,1,42218,49.695,49.715,49.675,49.715,64,SIZ5
2025-11-24 00:14:00+00:00,33,1,42218,49.715,49.715,49.7,49.715,39,SIZ5
2025-11-24 00:15:00+00:00,33,1,42218,49.715,49.75,49.715,49.75,56,SIZ5
2025-11-24 00:16:00+00:00,33,1,42218,49.725,49.725,49.66,49.67,25,SIZ5
2025-11-24 00:17:00+00:00,33,1,42218,49.68,49.68,49.67,49.67,2,SIZ5
2025-11-24 00:18:00+00:00,33,1,42218,49.68,49.68,49.665,49.665,3,SIZ5
2025-11-24 00:19:00+00:00,33,1,42218,49.69,49.705,49.69,49.705,5,SIZ5
2025-11-24 00:20:00+00:00,33,1,42218,49.72,49.72,49.705,49.705,6,SIZ5
2025-11-24 00:23:00+00:00,33,1,42218,49.72,49.735,49.72,49.73,6,SIZ5
2025-11-24 00:24:00+00:00,33,1,42218,49.735,49.735,49.725,49.725,3,SIZ5
2025-11-24 00:25:00+00:00,33,1,42218,49.72,49.73,49.72,49.73,2,SIZ5
2025-11-24 00:26:00+00:00,33,1,42218,49.74,49.74,49.74,49.74,1,SIZ5
2025-11-24 00:27:00+00:00,33,1,42218,49.75,49.75,49.74,49.74,3,SIZ5
2025-11-24 00:28:00+00:00,33,1,42218,49.745,49.755,49.745,49.755,8,SIZ5
2025-11-24 00:29:00+00:00,33,1,42218,49.745,49.745,49.735,49.735,5,SIZ5
2025-11-24 00:30:00+00:00,33,1,42218,49.72,49.73,49.72,49.725,13,SIZ5
2025-11-24 00:31:00+00:00,33,1,42218,49.725,49.73,49.715,49.725,6,SIZ5
2025-11-24 00:32:00+00:00,33,1,42218,49.74,49.745,49.74,49.745,3,SIZ5
2025-11-24 00:33:00+00:00,33,1,42218,49.74,49.745,49.74,49.745,2,SIZ5
2025-11-24 00:34:00+00:00,33,1,42218,49.74,49.75,49.74,49.75,4,SIZ5
2025-11-24 00:35:00+00:00,33,1,42218,49.755,49.755,49.735,49.735,6,SIZ5
2025-11-24 00:36:00+00:00,33,1,42218,49.735,49.74,49.72,49.725,11,SIZ5
2025-11-24 00:37:00+00:00,33,1,42218,49.72,49.735,49.72,49.73,8,SIZ5
2025-11-24 00:38:00+00:00,33,1,42218,49.725,49.76,49.725,49.76,17,SIZ5
2025-11-24 00:39:00+00:00,33,1,42218,49.765,49.775,49.76,49.775,7,SIZ5
2025-11-24 00:40:00+00:00,33,1,42218,49.785,49.785,49.785,49.785,3,SIZ5
2025-11-24 00:41:00+00:00,33,1,42218,49.79,49.82,49.785,49.82,20,SIZ5
2025-11-24 00:42:00+00:00,33,1,42218,49.81,49.81,49.77,49.77,7,SIZ5
2025-11-24 00:43:00+00:00,33,1,42218,49.78,49.78,49.76,49.775,38,SIZ5
2025-11-24 00:44:00+00:00,33,1,42218,49.785,49.81,49.785,49.81,8,SIZ5
2025-11-24 00:45:00+00:00,33,1,42218,49.82,49.83,49.805,49.805,47,SIZ5
2025-11-24 00:46:00+00:00,33,1,42218,49.805,49.805,49.79,49.8,9,SIZ5
2025-11-24 00:47:00+00:00,33,1,42218,49.81,49.815,49.78,49.795,19,SIZ5
2025-11-24 00:48:00+00:00,33,1,42218,49.8,49.81,49.8,49.81,9,SIZ5
2025-11-24 00:49:00+00:00,33,1,42218,49.805,49.805,49.805,49.805,2,SIZ5
2025-11-24 00:50:00+00:00,33,1,42218,49.795,49.795,49.775,49.79,9,SIZ5
2025-11-24 00:51:00+00:00,33,1,42218,49.795,49.795,49.795,49.795,1,SIZ5
2025-11-24 00:52:00+00:00,33,1,42218,49.8,49.805,49.795,49.805,12,SIZ5
2025-11-24 00:54:00+00:00,33,1,42218,49.81,49.815,49.81,49.815,7,SIZ5
2025-11-24 00:55:00+00:00,33,1,42218,49.81,49.815,49.805,49.815,6,SIZ5
2025-11-24 00:56:00+00:00,33,1,42218,49.81,49.845,49.81,49.84,26,SIZ5
2025-11-24 00:57:00+00:00,33,1,42218,49.84,49.845,49.82,49.82,23,SIZ5
2025-11-24 00:58:00+00:00,33,1,42218,49.83,49.835,49.83,49.835,9,SIZ5
2025-11-24 00:59:00+00:00,33,1,42218,49.825,49.825,49.785,49.81,35,SIZ5
2025-11-24 01:00:00+00:00,33,1,42218,49.81,49.885,49.77,49.84,117,SIZ5
2025-11-24 01:01:00+00:00,33,1,42218,49.835,49.84,49.72,49.72,61,SIZ5
2025-11-24 01:02:00+00:00,33,1,42218,49.72,49.765,49.645,49.65,75,SIZ5
2025-11-24 01:03:00+00:00,33,1,42218,49.64,49.705,49.605,49.615,51,SIZ5
2025-11-24 01:04:00+00:00,33,1,42218,49.61,49.71,49.605,49.7,31,SIZ5
2025-11-24 01:05:00+00:00,33,1,42218,49.7,49.735,49.685,49.715,34,SIZ5
2025-11-24 01:06:00+00:00,33,1,42218,49.69,49.69,49.59,49.625,30,SIZ5
2025-11-24 01:07:00+00:00,33,1,42218,49.62,49.62,49.48,49.555,136,SIZ5
2025-11-24 01:08:00+00:00,33,1,42218,49.56,49.56,49.51,49.525,38,SIZ5
2025-11-24 01:09:00+00:00,33,1,42218,49.52,49.56,49.51,49.555,28,SIZ5
2025-11-24 01:10:00+00:00,33,1,42218,49.565,49.615,49.545,49.615,28,SIZ5
2025-11-24 01:11:00+00:00,33,1,42218,49.625,49.63,49.54,49.54,13,SIZ5
2025-11-24 01:12:00+00:00,33,1,42218,49.54,49.61,49.525,49.61,43,SIZ5
2025-11-24 01:13:00+00:00,33,1,42218,49.6,49.65,49.6,49.635,19,SIZ5
2025-11-24 01:14:00+00:00,33,1,42218,49.645,49.66,49.615,49.615,18,SIZ5
2025-11-24 01:15:00+00:00,33,1,42218,49.615,49.625,49.6,49.6,9,SIZ5
2025-11-24 01:16:00+00:00,33,1,42218,49.62,49.62,49.59,49.59,3,SIZ5
2025-11-24 01:17:00+00:00,33,1,42218,49.56,49.59,49.56,49.59,7,SIZ5
2025-11-24 01:18:00+00:00,33,1,42218,49.61,49.61,49.555,49.57,13,SIZ5
2025-11-24 01:19:00+00:00,33,1,42218,49.575,49.585,49.515,49.54,73,SIZ5
2025-11-24 01:20:00+00:00,33,1,42218,49.53,49.53,49.495,49.52,44,SIZ5
2025-11-24 01:21:00+00:00,33,1,42218,49.535,49.585,49.535,49.585,42,SIZ5
2025-11-24 01:22:00+00:00,33,1,42218,49.575,49.575,49.46,49.47,72,SIZ5
2025-11-24 01:23:00+00:00,33,1,42218,49.46,49.545,49.46,49.545,33,SIZ5
2025-11-24 01:24:00+00:00,33,1,42218,49.54,49.575,49.53,49.575,17,SIZ5
2025-11-24 01:25:00+00:00,33,1,42218,49.57,49.58,49.51,49.56,71,SIZ5
2025-11-24 01:26:00+00:00,33,1,42218,49.55,49.55,49.5,49.525,8,SIZ5
2025-11-24 01:27:00+00:00,33,1,42218,49.525,49.595,49.525,49.59,17,SIZ5
2025-11-24 01:28:00+00:00,33,1,42218,49.6,49.605,49.56,49.56,19,SIZ5
2025-11-24 01:29:00+00:00,33,1,42218,49.555,49.56,49.525,49.56,14,SIZ5
2025-11-24 01:30:00+00:00,33,1,42218,49.57,49.57,49.515,49.53,23,SIZ5
2025-11-24 01:31:00+00:00,33,1,42218,49.53,49.53,49.47,49.5,56,SIZ5
2025-11-24 01:32:00+00:00,33,1,42218,49.505,49.58,49.485,49.57,108,SIZ5
2025-11-24 01:33:00+00:00,33,1,42218,49.575,49.6,49.54,49.595,30,SIZ5
2025-11-24 01:34:00+00:00,33,1,42218,49.565,49.575,49.545,49.575,7,SIZ5
2025-11-24 01:35:00+00:00,33,1,42218,49.58,49.59,49.55,49.55,9,SIZ5
2025-11-24 01:36:00+00:00,33,1,42218,49.555,49.58,49.555,49.58,3,SIZ5
2025-11-24 01:37:00+00:00,33,1,42218,49.57,49.57,49.54,49.565,8,SIZ5
2025-11-24 01:38:00+00:00,33,1,42218,49.58,49.61,49.565,49.57,16,SIZ5
2025-11-24 01:39:00+00:00,33,1,42218,49.58,49.6,49.575,49.575,11,SIZ5
2025-11-24 01:40:00+00:00,33,1,42218,49.565,49.565,49.55,49.55,15,SIZ5
2025-11-24 01:41:00+00:00,33,1,42218,49.56,49.56,49.53,49.55,12,SIZ5
2025-11-24 01:42:00+00:00,33,1,42218,49.545,49.545,49.51,49.51,19,SIZ5
2025-11-24 01:43:00+00:00,33,1,42218,49.515,49.53,49.51,49.52,14,SIZ5
2025-11-24 01:44:00+00:00,33,1,42218,49.525,49.525,49.495,49.51,17,SIZ5
2025-11-24 01:45:00+00:00,33,1,42218,49.495,49.55,49.49,49.55,19,SIZ5
2025-11-24 01:46:00+00:00,33,1,42218,49.56,49.56,49.53,49.535,6,SIZ5
2025-11-24 01:47:00+00:00,33,1,42218,49.52,49.55,49.51,49.535,15,SIZ5
2025-11-24 01:48:00+00:00,33,1,42218,49.52,49.56,49.515,49.56,8,SIZ5
2025-11-24 01:49:00+00:00,33,1,42218,49.545,49.575,49.545,49.565,14,SIZ5
2025-11-24 01:50:00+00:00,33,1,42218,49.565,49.565,49.51,49.51,18,SIZ5
2025-11-24 01:51:00+00:00,33,1,42218,49.505,49.505,49.47,49.495,28,SIZ5
2025-11-24 01:52:00+00:00,33,1,42218,49.48,49.495,49.465,49.49,17,SIZ5
2025-11-24 01:53:00+00:00,33,1,42218,49.5,49.55,49.495,49.53,8,SIZ5
2025-11-24 01:54:00+00:00,33,1,42218,49.535,49.535,49.535,49.535,3,SIZ5
2025-11-24 01:55:00+00:00,33,1,42218,49.48,49.48,49.46,49.47,14,SIZ5
2025-11-24 01:56:00+00:00,33,1,42218,49.485,49.485,49.42,49.435,47,SIZ5
2025-11-24 01:57:00+00:00,33,1,42218,49.45,49.46,49.37,49.395,149,SIZ5
2025-11-24 01:58:00+00:00,33,1,42218,49.41,49.46,49.41,49.45,33,SIZ5
2025-11-24 01:59:00+00:00,33,1,42218,49.435,49.435,49.42,49.43,15,SIZ5
2025-11-24 02:00:00+00:00,33,1,42218,49.425,49.47,49.425,49.465,16,SIZ5
2025-11-24 02:01:00+00:00,33,1,42218,49.47,49.5,49.465,49.475,10,SIZ5
2025-11-24 02:02:00+00:00,33,1,42218,49.49,49.525,49.49,49.5,13,SIZ5
2025-11-24 02:03:00+00:00,33,1,42218,49.475,49.5,49.475,49.5,8,SIZ5
2025-11-24 02:04:00+00:00,33,1,42218,49.485,49.485,49.47,49.48,23,SIZ5
2025-11-24 02:05:00+00:00,33,1,42218,49.48,49.51,49.48,49.51,8,SIZ5
2025-11-24 02:06:00+00:00,33,1,42218,49.5,49.505,49.5,49.505,5,SIZ5
2025-11-24 02:07:00+00:00,33,1,42218,49.505,49.51,49.49,49.51,7,SIZ5
2025-11-24 02:08:00+00:00,33,1,42218,49.5,49.515,49.5,49.51,12,SIZ5
2025-11-24 02:09:00+00:00,33,1,42218,49.5,49.505,49.495,49.495,4,SIZ5
2025-11-24 02:10:00+00:00,33,1,42218,49.5,49.53,49.49,49.53,9,SIZ5
2025-11-24 02:11:00+00:00,33,1,42218,49.54,49.55,49.54,49.55,9,SIZ5
2025-11-24 02:12:00+00:00,33,1,42218,49.53,49.535,49.525,49.535,7,SIZ5
2025-11-24 02:13:00+00:00,33,1,42218,49.495,49.505,49.495,49.505,4,SIZ5
2025-11-24 02:14:00+00:00,33,1,42218,49.51,49.53,49.51,49.53,8,SIZ5
2025-11-24 02:15:00+00:00,33,1,42218,49.525,49.53,49.505,49.505,16,SIZ5
2025-11-24 02:16:00+00:00,33,1,42218,49.5,49.53,49.5,49.53,5,SIZ5
2025-11-24 02:17:00+00:00,33,1,42218,49.52,49.535,49.51,49.51,10,SIZ5
2025-11-24 02:18:00+00:00,33,1,42218,49.515,49.52,49.51,49.52,3,SIZ5
2025-11-24 02:19:00+00:00,33,1,42218,49.52,49.525,49.5,49.525,14,SIZ5
2025-11-24 02:20:00+00:00,33,1,42218,49.505,49.51,49.505,49.51,6,SIZ5
2025-11-24 02:21:00+00:00,33,1,42218,49.525,49.54,49.5,49.515,14,SIZ5
2025-11-24 02:22:00+00:00,33,1,42218,49.525,49.53,49.51,49.51,8,SIZ5
2025-11-24 02:23:00+00:00,33,1,42218,49.515,49.515,49.515,49.515,2,SIZ5
2025-11-24 02:24:00+00:00,33,1,42218,49.525,49.53,49.51,49.53,14,SIZ5
2025-11-24 02:25:00+00:00,33,1,42218,49.515,49.515,49.5,49.505,4,SIZ5
2025-11-24 02:26:00+00:00,33,1,42218,49.535,49.535,49.535,49.535,1,SIZ5
2025-11-24 02:27:00+00:00,33,1,42218,49.505,49.53,49.505,49.53,11,SIZ5
2025-11-24 02:28:00+00:00,33,1,42218,49.535,49.535,49.53,49.53,2,SIZ5
2025-11-24 02:29:00+00:00,33,1,42218,49.54,49.555,49.535,49.545,28,SIZ5
2025-11-24 02:30:00+00:00,33,1,42218,49.56,49.62,49.56,49.61,20,SIZ5
2025-11-24 02:31:00+00:00,33,1,42218,49.6,49.6,49.57,49.575,10,SIZ5
2025-11-24 02:32:00+00:00,33,1,42218,49.58,49.585,49.55,49.57,15,SIZ5
2025-11-24 02:33:00+00:00,33,1,42218,49.575,49.625,49.57,49.615,31,SIZ5
2025-11-24 02:34:00+00:00,33,1,42218,49.615,49.675,49.615,49.665,41,SIZ5
2025-11-24 02:35:00+00:00,33,1,42218,49.66,49.68,49.645,49.65,27,SIZ5
2025-11-24 02:36:00+00:00,33,1,42218,49.65,49.69,49.63,49.69,28,SIZ5
2025-11-24 02:37:00+00:00,33,1,42218,49.695,49.735,49.695,49.73,30,SIZ5
2025-11-24 02:38:00+00:00,33,1,42218,49.715,49.715,49.695,49.695,15,SIZ5
2025-11-24 02:39:00+00:00,33,1,42218,49.705,49.705,49.65,49.66,12,SIZ5
2025-11-24 02:40:00+00:00,33,1,42218,49.665,49.665,49.61,49.61,14,SIZ5
2025-11-24 02:41:00+00:00,33,1,42218,49.6,49.61,49.585,49.585,4,SIZ5
2025-11-24 02:42:00+00:00,33,1,42218,49.585,49.635,49.585,49.615,12,SIZ5
2025-11-24 02:43:00+00:00,33,1,42218,49.615,49.635,49.615,49.615,10,SIZ5
2025-11-24 02:44:00+00:00,33,1,42218,49.61,49.615,49.605,49.605,4,SIZ5
2025-11-24 02:45:00+00:00,33,1,42218,49.605,49.615,49.6,49.605,7,SIZ5
2025-11-24 02:46:00+00:00,33,1,42218,49.595,49.595,49.56,49.56,24,SIZ5
2025-11-24 02:47:00+00:00,33,1,42218,49.555,49.565,49.53,49.55,24,SIZ5
2025-11-24 02:48:00+00:00,33,1,42218,49.565,49.565,49.53,49.53,10,SIZ5
2025-11-24 02:49:00+00:00,33,1,42218,49.555,49.555,49.555,49.555,2,SIZ5
2025-11-24 02:50:00+00:00,33,1,42218,49.545,49.55,49.525,49.545,13,SIZ5
2025-11-24 02:51:00+00:00,33,1,42218,49.545,49.545,49.535,49.54,4,SIZ5
2025-11-24 02:52:00+00:00,33,1,42218,49.545,49.545,49.495,49.52,13,SIZ5
2025-11-24 02:53:00+00:00,33,1,42218,49.52,49.52,49.48,49.505,7,SIZ5
2025-11-24 02:54:00+00:00,33,1,42218,49.475,49.49,49.475,49.475,20,SIZ5
2025-11-24 02:55:00+00:00,33,1,42218,49.485,49.51,49.485,49.5,8,SIZ5
2025-11-24 02:56:00+00:00,33,1,42218,49.495,49.495,49.45,49.475,15,SIZ5
2025-11-24 02:57:00+00:00,33,1,42218,49.46,49.46,49.425,49.44,21,SIZ5
2025-11-24 02:58:00+00:00,33,1,42218,49.43,49.46,49.42,49.46,17,SIZ5
2025-11-24 02:59:00+00:00,33,1,42218,49.46,49.46,49.46,49.46,4,SIZ5
2025-11-24 03:00:00+00:00,33,1,42218,49.47,49.49,49.465,49.47,14,SIZ5
2025-11-24 03:01:00+00:00,33,1,42218,49.46,49.465,49.46,49.46,3,SIZ5
2025-11-24 03:02:00+00:00,33,1,42218,49.47,49.505,49.47,49.5,14,SIZ5
2025-11-24 03:03:00+00:00,33,1,42218,49.505,49.525,49.505,49.515,15,SIZ5
2025-11-24 03:04:00+00:00,33,1,42218,49.525,49.54,49.51,49.54,20,SIZ5
2025-11-24 03:05:00+00:00,33,1,42218,49.54,49.57,49.54,49.555,36,SIZ5
2025-11-24 03:06:00+00:00,33,1,42218,49.54,49.56,49.53,49.54,17,SIZ5
2025-11-24 03:07:00+00:00,33,1,42218,49.54,49.55,49.54,49.55,2,SIZ5
2025-11-24 03:08:00+00:00,33,1,42218,49.575,49.58,49.565,49.58,4,SIZ5
2025-11-24 03:09:00+00:00,33,1,42218,49.575,49.575,49.545,49.56,9,SIZ5
2025-11-24 03:10:00+00:00,33,1,42218,49.575,49.605,49.575,49.59,31,SIZ5
2025-11-24 03:11:00+00:00,33,1,42218,49.585,49.61,49.58,49.59,19,SIZ5
2025-11-24 03:12:00+00:00,33,1,42218,49.58,49.61,49.58,49.58,9,SIZ5
2025-11-24 03:13:00+00:00,33,1,42218,49.57,49.57,49.555,49.565,16,SIZ5
2025-11-24 03:14:00+00:00,33,1,42218,49.585,49.585,49.54,49.54,9,SIZ5
2025-11-24 03:15:00+00:00,33,1,42218,49.54,49.545,49.52,49.52,19,SIZ5
2025-11-24 03:16:00+00:00,33,1,42218,49.515,49.535,49.515,49.53,14,SIZ5
2025-11-24 03:17:00+00:00,33,1,42218,49.53,49.53,49.51,49.52,13,SIZ5
2025-11-24 03:18:00+00:00,33,1,42218,49.515,49.54,49.515,49.535,5,SIZ5
2025-11-24 03:19:00+00:00,33,1,42218,49.525,49.555,49.525,49.55,7,SIZ5
2025-11-24 03:20:00+00:00,33,1,42218,49.545,49.555,49.525,49.54,13,SIZ5
2025-11-24 03:21:00+00:00,33,1,42218,49.54,49.54,49.51,49.52,15,SIZ5
2025-11-24 03:22:00+00:00,33,1,42218,49.54,49.565,49.535,49.545,21,SIZ5
2025-11-24 03:23:00+00:00,33,1,42218,49.545,49.545,49.53,49.53,3,SIZ5
2025-11-24 03:24:00+00:00,33,1,42218,49.53,49.54,49.525,49.53,8,SIZ5
2025-11-24 03:25:00+00:00,33,1,42218,49.525,49.535,49.525,49.525,9,SIZ5
2025-11-24 03:26:00+00:00,33,1,42218,49.535,49.535,49.53,49.53,4,SIZ5
2025-11-24 03:27:00+00:00,33,1,42218,49.545,49.575,49.545,49.555,10,SIZ5
2025-11-24 03:28:00+00:00,33,1,42218,49.565,49.57,49.56,49.56,4,SIZ5
2025-11-24 03:29:00+00:00,33,1,42218,49.565,49.575,49.55,49.575,7,SIZ5
2025-11-24 03:30:00+00:00,33,1,42218,49.58,49.64,49.58,49.625,48,SIZ5
2025-11-24 03:31:00+00:00,33,1,42218,49.635,49.69,49.635,49.68,32,SIZ5
2025-11-24 03:32:00+00:00,33,1,42218,49.69,49.71,49.68,49.685,28,SIZ5
2025-11-24 03:33:00+00:00,33,1,42218,49.695,49.71,49.68,49.7,19,SIZ5
2025-11-24 03:34:00+00:00,33,1,42218,49.695,49.7,49.69,49.7,6,SIZ5
2025-11-24 03:35:00+00:00,33,1,42218,49.695,49.7,49.685,49.7,14,SIZ5
2025-11-24 03:36:00+00:00,33,1,42218,49.705,49.745,49.705,49.735,38,SIZ5
2025-11-24 03:37:00+00:00,33,1,42218,49.735,49.75,49.735,49.745,15,SIZ5
2025-11-24 03:38:00+00:00,33,1,42218,49.74,49.78,49.74,49.78,18,SIZ5
2025-11-24 03:39:00+00:00,33,1,42218,49.78,49.785,49.77,49.77,19,SIZ5
2025-11-24 03:40:00+00:00,33,1,42218,49.765,49.765,49.75,49.75,4,SIZ5
2025-11-24 03:41:00+00:00,33,1,42218,49.75,49.75,49.715,49.74,9,SIZ5
2025-11-24 03:42:00+00:00,33,1,42218,49.745,49.745,49.735,49.735,10,SIZ5
2025-11-24 03:43:00+00:00,33,1,42218,49.71,49.71,49.69,49.7,18,SIZ5
2025-11-24 03:44:00+00:00,33,1,42218,49.72,49.725,49.715,49.715,8,SIZ5
2025-11-24 03:45:00+00:00,33,1,42218,49.725,49.725,49.685,49.685,11,SIZ5
2025-11-24 03:46:00+00:00,33,1,42218,49.68,49.68,49.665,49.665,10,SIZ5
2025-11-24 03:47:00+00:00,33,1,42218,49.665,49.68,49.665,49.68,3,SIZ5
2025-11-24 03:48:00+00:00,33,1,42218,49.675,49.695,49.675,49.675,8,SIZ5
2025-11-24 03:49:00+00:00,33,1,42218,49.675,49.675,49.63,49.63,14,SIZ5
2025-11-24 03:50:00+00:00,33,1,42218,49.64,49.66,49.64,49.66,8,SIZ5
2025-11-24 03:51:00+00:00,33,1,42218,49.64,49.69,49.64,49.675,13,SIZ5
2025-11-24 03:52:00+00:00,33,1,42218,49.675,49.695,49.67,49.69,17,SIZ5
2025-11-24 03:53:00+00:00,33,1,42218,49.69,49.69,49.67,49.67,11,SIZ5
2025-11-24 03:54:00+00:00,33,1,42218,49.66,49.685,49.66,49.675,3,SIZ5
2025-11-24 03:55:00+00:00,33,1,42218,49.655,49.675,49.655,49.67,5,SIZ5
2025-11-24 03:56:00+00:00,33,1,42218,49.67,49.68,49.67,49.68,2,SIZ5
2025-11-24 03:57:00+00:00,33,1,42218,49.675,49.675,49.675,49.675,1,SIZ5
2025-11-24 03:58:00+00:00,33,1,42218,49.67,49.67,49.67,49.67,1,SIZ5
2025-11-24 03:59:00+00:00,33,1,42218,49.66,49.66,49.66,49.66,1,SIZ5
2025-11-24 04:00:00+00:00,33,1,42218,49.67,49.685,49.665,49.665,8,SIZ5
2025-11-24 04:01:00+00:00,33,1,42218,49.665,49.67,49.655,49.67,6,SIZ5
2025-11-24 04:03:00+00:00,33,1,42218,49.68,49.695,49.68,49.69,5,SIZ5
2025-11-24 04:04:00+00:00,33,1,42218,49.685,49.725,49.685,49.71,22,SIZ5
2025-11-24 04:05:00+00:00,33,1,42218,49.715,49.73,49.715,49.725,6,SIZ5
2025-11-24 04:06:00+00:00,33,1,42218,49.74,49.755,49.735,49.755,12,SIZ5
2025-11-24 04:07:00+00:00,33,1,42218,49.755,49.76,49.735,49.74,16,SIZ5
2025-11-24 04:08:00+00:00,33,1,42218,49.755,49.76,49.75,49.76,8,SIZ5
2025-11-24 04:09:00+00:00,33,1,42218,49.77,49.785,49.77,49.77,8,SIZ5
2025-11-24 04:10:00+00:00,33,1,42218,49.765,49.77,49.76,49.76,3,SIZ5
2025-11-24 04:11:00+00:00,33,1,42218,49.745,49.76,49.74,49.76,10,SIZ5
2025-11-24 04:12:00+00:00,33,1,42218,49.765,49.785,49.765,49.78,11,SIZ5
2025-11-24 04:13:00+00:00,33,1,42218,49.77,49.78,49.755,49.76,4,SIZ5
2025-11-24 04:14:00+00:00,33,1,42218,49.755,49.795,49.755,49.775,16,SIZ5
2025-11-24 04:15:00+00:00,33,1,42218,49.77,49.77,49.755,49.755,18,SIZ5
2025-11-24 04:16:00+00:00,33,1,42218,49.745,49.745,49.74,49.745,4,SIZ5
2025-11-24 04:17:00+00:00,33,1,42218,49.735,49.735,49.7,49.7,9,SIZ5
2025-11-24 04:18:00+00:00,33,1,42218,49.7,49.705,49.68,49.685,39,SIZ5
2025-11-24 04:19:00+00:00,33,1,42218,49.68,49.69,49.675,49.675,25,SIZ5
2025-11-24 04:20:00+00:00,33,1,42218,49.685,49.695,49.665,49.675,10,SIZ5
2025-11-24 04:21:00+00:00,33,1,42218,49.675,49.68,49.655,49.655,6,SIZ5
2025-11-24 04:22:00+00:00,33,1,42218,49.645,49.645,49.61,49.625,17,SIZ5
2025-11-24 04:23:00+00:00,33,1,42218,49.635,49.635,49.62,49.63,10,SIZ5
2025-11-24 04:24:00+00:00,33,1,42218,49.62,49.645,49.605,49.645,18,SIZ5
2025-11-24 04:25:00+00:00,33,1,42218,49.655,49.675,49.655,49.67,54,SIZ5
2025-11-24 04:26:00+00:00,33,1,42218,49.675,49.685,49.675,49.675,3,SIZ5
2025-11-24 04:27:00+00:00,33,1,42218,49.66,49.66,49.65,49.655,8,SIZ5
2025-11-24 04:28:00+00:00,33,1,42218,49.68,49.68,49.675,49.675,3,SIZ5
2025-11-24 04:29:00+00:00,33,1,42218,49.67,49.67,49.67,49.67,2,SIZ5
2025-11-24 04:30:00+00:00,33,1,42218,49.685,49.685,49.67,49.68,8,SIZ5
2025-11-24 04:31:00+00:00,33,1,42218,49.665,49.665,49.655,49.66,5,SIZ5
2025-11-24 04:32:00+00:00,33,1,42218,49.66,49.66,49.635,49.635,18,SIZ5
2025-11-24 04:33:00+00:00,33,1,42218,49.64,49.64,49.61,49.61,10,SIZ5
2025-11-24 04:34:00+00:00,33,1,42218,49.61,49.615,49.6,49.615,10,SIZ5
2025-11-24 04:35:00+00:00,33,1,42218,49.62,49.62,49.615,49.615,2,SIZ5
2025-11-24 04:36:00+00:00,33,1,42218,49.61,49.61,49.6,49.6,10,SIZ5
2025-11-24 04:37:00+00:00,33,1,42218,49.6,49.6,49.58,49.585,19,SIZ5
2025-11-24 04:38:00+00:00,33,1,42218,49.595,49.605,49.595,49.605,3,SIZ5
2025-11-24 04:39:00+00:00,33,1,42218,49.595,49.595,49.58,49.58,5,SIZ5
2025-11-24 04:40:00+00:00,33,1,42218,49.585,49.59,49.585,49.59,3,SIZ5
2025-11-24 04:42:00+00:00,33,1,42218,49.6,49.6,49.6,49.6,1,SIZ5
2025-11-24 04:43:00+00:00,33,1,42218,49.59,49.6,49.59,49.6,7,SIZ5
2025-11-24 04:44:00+00:00,33,1,42218,49.59,49.59,49.58,49.58,3,SIZ5
2025-11-24 04:46:00+00:00,33,1,42218,49.555,49.56,49.535,49.56,18,SIZ5
2025-11-24 04:47:00+00:00,33,1,42218,49.565,49.57,49.535,49.55,29,SIZ5
2025-11-24 04:48:00+00:00,33,1,42218,49.56,49.575,49.56,49.575,2,SIZ5
2025-11-24 04:49:00+00:00,33,1,42218,49.575,49.58,49.57,49.57,3,SIZ5
2025-11-24 04:50:00+00:00,33,1,42218,49.56,49.56,49.55,49.56,11,SIZ5
2025-11-24 04:51:00+00:00,33,1,42218,49.57,49.58,49.56,49.56,15,SIZ5
2025-11-24 04:52:00+00:00,33,1,42218,49.55,49.56,49.54,49.56,4,SIZ5
2025-11-24 04:53:00+00:00,33,1,42218,49.55,49.55,49.53,49.535,6,SIZ5
2025-11-24 04:54:00+00:00,33,1,42218,49.53,49.53,49.53,49.53,2,SIZ5
2025-11-24 04:55:00+00:00,33,1,42218,49.55,49.55,49.55,49.55,2,SIZ5
2025-11-24 04:56:00+00:00,33,1,42218,49.555,49.56,49.55,49.55,4,SIZ5
2025-11-24 04:57:00+00:00,33,1,42218,49.54,49.56,49.53,49.53,32,SIZ5
2025-11-24 04:58:00+00:00,33,1,42218,49.525,49.53,49.51,49.53,11,SIZ5
2025-11-24 04:59:00+00:00,33,1,42218,49.525,49.525,49.525,49.525,1,SIZ5
2025-11-24 05:00:00+00:00,33,1,42218,49.54,49.54,49.525,49.53,4,SIZ5
2025-11-24 05:01:00+00:00,33,1,42218,49.52,49.53,49.51,49.53,12,SIZ5
2025-11-24 05:02:00+00:00,33,1,42218,49.535,49.535,49.535,49.535,1,SIZ5
2025-11-24 05:03:00+00:00,33,1,42218,49.545,49.55,49.545,49.545,5,SIZ5
2025-11-24 05:04:00+00:00,33,1,42218,49.535,49.545,49.535,49.545,2,SIZ5
2025-11-24 05:05:00+00:00,33,1,42218,49.55,49.58,49.55,49.56,17,SIZ5
2025-11-24 05:06:00+00:00,33,1,42218,49.57,49.59,49.57,49.58,22,SIZ5
2025-11-24 05:07:00+00:00,33,1,42218,49.58,49.58,49.575,49.58,6,SIZ5
2025-11-24 05:08:00+00:00,33,1,42218,49.585,49.605,49.585,49.605,8,SIZ5
2025-11-24 05:09:00+00:00,33,1,42218,49.605,49.615,49.59,49.595,17,SIZ5
2025-11-24 05:10:00+00:00,33,1,42218,49.59,49.595,49.59,49.595,2,SIZ5
2025-11-24 05:11:00+00:00,33,1,42218,49.62,49.62,49.615,49.615,5,SIZ5
2025-11-24 05:12:00+00:00,33,1,42218,49.625,49.625,49.6,49.605,8,SIZ5
2025-11-24 05:13:00+00:00,33,1,42218,49.64,49.64,49.635,49.64,6,SIZ5
2025-11-24 05:14:00+00:00,33,1,42218,49.65,49.67,49.65,49.65,22,SIZ5
2025-11-24 05:15:00+00:00,33,1,42218,49.655,49.71,49.655,49.69,31,SIZ5
2025-11-24 05:16:00+00:00,33,1,42218,49.705,49.72,49.695,49.7,15,SIZ5
2025-11-24 05:17:00+00:00,33,1,42218,49.695,49.695,49.62,49.62,10,SIZ5
2025-11-24 05:18:00+00:00,33,1,42218,49.615,49.64,49.615,49.635,9,SIZ5
2025-11-24 05:19:00+00:00,33,1,42218,49.64,49.64,49.63,49.63,2,SIZ5
2025-11-24 05:20:00+00:00,33,1,42218,49.61,49.61,49.595,49.595,7,SIZ5
2025-11-24 05:21:00+00:00,33,1,42218,49.58,49.6,49.57,49.57,16,SIZ5
2025-11-24 05:22:00+00:00,33,1,42218,49.575,49.59,49.545,49.59,18,SIZ5
2025-11-24 05:23:00+00:00,33,1,42218,49.605,49.64,49.605,49.635,11,SIZ5
2025-11-24 05:24:00+00:00,33,1,42218,49.645,49.655,49.625,49.645,16,SIZ5
2025-11-24 05:25:00+00:00,33,1,42218,49.65,49.65,49.61,49.615,10,SIZ5
2025-11-24 05:26:00+00:00,33,1,42218,49.61,49.64,49.61,49.64,5,SIZ5
2025-11-24 05:27:00+00:00,33,1,42218,49.635,49.66,49.635,49.66,6,SIZ5
2025-11-24 05:28:00+00:00,33,1,42218,49.67,49.67,49.67,49.67,1,SIZ5
2025-11-24 05:29:00+00:00,33,1,42218,49.67,49.685,49.67,49.685,6,SIZ5
2025-11-24 05:30:00+00:00,33,1,42218,49.685,49.695,49.65,49.66,47,SIZ5
2025-11-24 05:31:00+00:00,33,1,42218,49.655,49.655,49.625,49.645,15,SIZ5
2025-11-24 05:32:00+00:00,33,1,42218,49.64,49.64,49.615,49.63,11,SIZ5
2025-11-24 05:33:00+00:00,33,1,42218,49.6,49.61,49.58,49.61,23,SIZ5
2025-11-24 05:34:00+00:00,33,1,42218,49.61,49.635,49.585,49.6,17,SIZ5
2025-11-24 05:35:00+00:00,33,1,42218,49.61,49.64,49.605,49.64,8,SIZ5
2025-11-24 05:36:00+00:00,33,1,42218,49.645,49.645,49.59,49.59,9,SIZ5
2025-11-24 05:37:00+00:00,33,1,42218,49.585,49.605,49.585,49.605,6,SIZ5
2025-11-24 05:38:00+00:00,33,1,42218,49.6,49.62,49.6,49.62,5,SIZ5
2025-11-24 05:39:00+00:00,33,1,42218,49.635,49.64,49.615,49.615,3,SIZ5
2025-11-24 05:40:00+00:00,33,1,42218,49.605,49.605,49.595,49.595,2,SIZ5
2025-11-24 05:41:00+00:00,33,1,42218,49.62,49.62,49.62,49.62,4,SIZ5
2025-11-24 05:42:00+00:00,33,1,42218,49.62,49.625,49.62,49.625,2,SIZ5
2025-11-24 05:43:00+00:00,33,1,42218,49.63,49.64,49.615,49.615,13,SIZ5
2025-11-24 05:44:00+00:00,33,1,42218,49.61,49.615,49.6,49.61,11,SIZ5
2025-11-24 05:45:00+00:00,33,1,42218,49.6,49.62,49.6,49.61,9,SIZ5
2025-11-24 05:46:00+00:00,33,1,42218,49.585,49.6,49.58,49.59,23,SIZ5
2025-11-24 05:47:00+00:00,33,1,42218,49.585,49.585,49.56,49.57,9,SIZ5
2025-11-24 05:48:00+00:00,33,1,42218,49.56,49.56,49.495,49.53,81,SIZ5
2025-11-24 05:49:00+00:00,33,1,42218,49.515,49.515,49.48,49.495,46,SIZ5
2025-11-24 05:50:00+00:00,33,1,42218,49.485,49.515,49.48,49.495,29,SIZ5
2025-11-24 05:51:00+00:00,33,1,42218,49.51,49.52,49.51,49.52,4,SIZ5
2025-11-24 05:52:00+00:00,33,1,42218,49.555,49.555,49.555,49.555,1,SIZ5
2025-11-24 05:53:00+00:00,33,1,42218,49.54,49.54,49.525,49.525,5,SIZ5
2025-11-24 05:54:00+00:00,33,1,42218,49.535,49.535,49.525,49.525,3,SIZ5
2025-11-24 05:55:00+00:00,33,1,42218,49.53,49.57,49.52,49.56,17,SIZ5
2025-11-24 05:56:00+00:00,33,1,42218,49.56,49.59,49.56,49.59,10,SIZ5
2025-11-24 05:57:00+00:00,33,1,42218,49.595,49.61,49.595,49.605,8,SIZ5
2025-11-24 05:58:00+00:00,33,1,42218,49.61,49.625,49.61,49.625,5,SIZ5
2025-11-24 05:59:00+00:00,33,1,42218,49.605,49.605,49.6,49.6,3,SIZ5
2025-11-24 06:00:00+00:00,33,1,42218,49.59,49.62,49.59,49.62,21,SIZ5
2025-11-24 06:01:00+00:00,33,1,42218,49.61,49.635,49.61,49.63,8,SIZ5
2025-11-24 06:02:00+00:00,33,1,42218,49.625,49.635,49.625,49.635,3,SIZ5
2025-11-24 06:03:00+00:00,33,1,42218,49.645,49.68,49.645,49.68,14,SIZ5
2025-11-24 06:04:00+00:00,33,1,42218,49.68,49.7,49.66,49.695,48,SIZ5
2025-11-24 06:05:00+00:00,33,1,42218,49.685,49.71,49.675,49.71,23,SIZ5
2025-11-24 06:06:00+00:00,33,1,42218,49.685,49.715,49.68,49.705,29,SIZ5
2025-11-24 06:07:00+00:00,33,1,42218,49.705,49.705,49.69,49.69,9,SIZ5
2025-11-24 06:08:00+00:00,33,1,42218,49.675,49.685,49.675,49.685,2,SIZ5
2025-11-24 06:09:00+00:00,33,1,42218,49.67,49.675,49.65,49.65,6,SIZ5
2025-11-24 06:11:00+00:00,33,1,42218,49.62,49.62,49.605,49.605,8,SIZ5
2025-11-24 06:12:00+00:00,33,1,42218,49.6,49.615,49.59,49.6,20,SIZ5
2025-11-24 06:13:00+00:00,33,1,42218,49.615,49.62,49.615,49.62,2,SIZ5
2025-11-24 06:14:00+00:00,33,1,42218,49.61,49.63,49.605,49.605,18,SIZ5
2025-11-24 06:15:00+00:00,33,1,42218,49.605,49.605,49.58,49.585,33,SIZ5
2025-11-24 06:16:00+00:00,33,1,42218,49.58,49.595,49.575,49.58,15,SIZ5
2025-11-24 06:17:00+00:00,33,1,42218,49.59,49.59,49.57,49.57,5,SIZ5
2025-11-24 06:18:00+00:00,33,1,42218,49.58,49.58,49.565,49.565,5,SIZ5
2025-11-24 06:19:00+00:00,33,1,42218,49.56,49.595,49.56,49.585,10,SIZ5
2025-11-24 06:20:00+00:00,33,1,42218,49.585,49.585,49.58,49.58,3,SIZ5
2025-11-24 06:21:00+00:00,33,1,42218,49.575,49.6,49.575,49.6,8,SIZ5
2025-11-24 06:22:00+00:00,33,1,42218,49.59,49.61,49.585,49.6,18,SIZ5
2025-11-24 06:23:00+00:00,33,1,42218,49.585,49.59,49.585,49.59,4,SIZ5
2025-11-24 06:24:00+00:00,33,1,42218,49.6,49.66,49.6,49.66,16,SIZ5
2025-11-24 06:25:00+00:00,33,1,42218,49.66,49.675,49.645,49.675,11,SIZ5
2025-11-24 06:26:00+00:00,33,1,42218,49.665,49.69,49.66,49.69,29,SIZ5
2025-11-24 06:27:00+00:00,33,1,42218,49.675,49.675,49.645,49.655,11,SIZ5
2025-11-24 06:28:00+00:00,33,1,42218,49.655,49.68,49.65,49.655,13,SIZ5
2025-11-24 06:29:00+00:00,33,1,42218,49.655,49.665,49.65,49.65,13,SIZ5
2025-11-24 06:30:00+00:00,33,1,42218,49.66,49.66,49.65,49.65,9,SIZ5
2025-11-24 06:31:00+00:00,33,1,42218,49.65,49.655,49.625,49.625,13,SIZ5
2025-11-24 06:32:00+00:00,33,1,42218,49.635,49.665,49.635,49.665,14,SIZ5
2025-11-24 06:33:00+00:00,33,1,42218,49.665,49.665,49.655,49.655,5,SIZ5
2025-11-24 06:34:00+00:00,33,1,42218,49.655,49.66,49.645,49.65,14,SIZ5
2025-11-24 06:35:00+00:00,33,1,42218,49.64,49.66,49.64,49.66,7,SIZ5
2025-11-24 06:36:00+00:00,33,1,42218,49.655,49.66,49.655,49.66,7,SIZ5
2025-11-24 06:37:00+00:00,33,1,42218,49.64,49.64,49.625,49.625,15,SIZ5
2025-11-24 06:38:00+00:00,33,1,42218,49.63,49.63,49.625,49.625,4,SIZ5
2025-11-24 06:39:00+00:00,33,1,42218,49.615,49.64,49.61,49.63,18,SIZ5
2025-11-24 06:40:00+00:00,33,1,42218,49.62,49.62,49.6,49.6,13,SIZ5
2025-11-24 06:41:00+00:00,33,1,42218,49.6,49.6,49.595,49.6,6,SIZ5
2025-11-24 06:42:00+00:00,33,1,42218,49.61,49.615,49.6,49.6,3,SIZ5
2025-11-24 06:43:00+00:00,33,1,42218,49.595,49.625,49.595,49.6,12,SIZ5
2025-11-24 06:44:00+00:00,33,1,42218,49.59,49.605,49.585,49.605,23,SIZ5
2025-11-24 06:45:00+00:00,33,1,42218,49.595,49.595,49.545,49.545,20,SIZ5
2025-11-24 06:46:00+00:00,33,1,42218,49.535,49.565,49.535,49.565,8,SIZ5
2025-11-24 06:47:00+00:00,33,1,42218,49.55,49.555,49.545,49.55,9,SIZ5
2025-11-24 06:48:00+00:00,33,1,42218,49.555,49.57,49.545,49.56,23,SIZ5
2025-11-24 06:49:00+00:00,33,1,42218,49.555,49.565,49.55,49.55,8,SIZ5
2025-11-24 06:50:00+00:00,33,1,42218,49.555,49.555,49.535,49.535,13,SIZ5
2025-11-24 06:51:00+00:00,33,1,42218,49.54,49.54,49.51,49.535,13,SIZ5
2025-11-24 06:52:00+00:00,33,1,42218,49.51,49.525,49.45,49.515,110,SIZ5
2025-11-24 06:53:00+00:00,33,1,42218,49.515,49.525,49.49,49.495,13,SIZ5
2025-11-24 06:54:00+00:00,33,1,42218,49.485,49.485,49.46,49.47,14,SIZ5
2025-11-24 06:55:00+00:00,33,1,42218,49.475,49.475,49.445,49.455,13,SIZ5
2025-11-24 06:56:00+00:00,33,1,42218,49.455,49.515,49.455,49.495,34,SIZ5
2025-11-24 06:57:00+00:00,33,1,42218,49.49,49.495,49.475,49.485,20,SIZ5
2025-11-24 06:58:00+00:00,33,1,42218,49.485,49.485,49.48,49.48,8,SIZ5
2025-11-24 06:59:00+00:00,33,1,42218,49.465,49.495,49.465,49.495,30,SIZ5
2025-11-24 07:00:00+00:00,33,1,42218,49.495,49.52,49.48,49.52,24,SIZ5
2025-11-24 07:01:00+00:00,33,1,42218,49.52,49.545,49.515,49.545,17,SIZ5
2025-11-24 07:02:00+00:00,33,1,42218,49.545,49.545,49.515,49.52,9,SIZ5
2025-11-24 07:03:00+00:00,33,1,42218,49.53,49.54,49.525,49.535,4,SIZ5
2025-11-24 07:04:00+00:00,33,1,42218,49.55,49.555,49.53,49.53,9,SIZ5
2025-11-24 07:05:00+00:00,33,1,42218,49.54,49.54,49.51,49.52,14,SIZ5
2025-11-24 07:06:00+00:00,33,1,42218,49.515,49.515,49.5,49.51,6,SIZ5
2025-11-24 07:07:00+00:00,33,1,42218,49.51,49.515,49.495,49.5,18,SIZ5
2025-11-24 07:08:00+00:00,33,1,42218,49.485,49.505,49.47,49.505,9,SIZ5
2025-11-24 07:09:00+00:00,33,1,42218,49.505,49.505,49.475,49.5,11,SIZ5
2025-11-24 07:10:00+00:00,33,1,42218,49.52,49.525,49.505,49.505,7,SIZ5
2025-11-24 07:11:00+00:00,33,1,42218,49.505,49.515,49.5,49.51,10,SIZ5
2025-11-24 07:12:00+00:00,33,1,42218,49.52,49.535,49.52,49.535,14,SIZ5
2025-11-24 07:13:00+00:00,33,1,42218,49.53,49.53,49.505,49.52,13,SIZ5
2025-11-24 07:14:00+00:00,33,1,42218,49.505,49.505,49.5,49.5,3,SIZ5
2025-11-24 07:15:00+00:00,33,1,42218,49.505,49.505,49.465,49.48,20,SIZ5
2025-11-24 07:16:00+00:00,33,1,42218,49.49,49.49,49.475,49.48,7,SIZ5
2025-11-24 07:17:00+00:00,33,1,42218,49.495,49.495,49.465,49.48,8,SIZ5
2025-11-24 07:18:00+00:00,33,1,42218,49.485,49.535,49.485,49.53,14,SIZ5
2025-11-24 07:19:00+00:00,33,1,42218,49.52,49.52,49.5,49.5,2,SIZ5
2025-11-24 07:20:00+00:00,33,1,42218,49.5,49.51,49.495,49.51,5,SIZ5
2025-11-24 07:21:00+00:00,33,1,42218,49.5,49.5,49.485,49.485,5,SIZ5
2025-11-24 07:22:00+00:00,33,1,42218,49.505,49.52,49.485,49.495,10,SIZ5
2025-11-24 07:23:00+00:00,33,1,42218,49.5,49.505,49.5,49.505,5,SIZ5
2025-11-24 07:24:00+00:00,33,1,42218,49.495,49.495,49.495,49.495,1,SIZ5
2025-11-24 07:25:00+00:00,33,1,42218,49.485,49.495,49.485,49.495,7,SIZ5
2025-11-24 07:26:00+00:00,33,1,42218,49.485,49.49,49.47,49.47,10,SIZ5
2025-11-24 07:27:00+00:00,33,1,42218,49.47,49.47,49.46,49.465,6,SIZ5
2025-11-24 07:28:00+00:00,33,1,42218,49.475,49.475,49.45,49.45,5,SIZ5
2025-11-24 07:29:00+00:00,33,1,42218,49.45,49.47,49.45,49.455,14,SIZ5
2025-11-24 07:30:00+00:00,33,1,42218,49.455,49.47,49.455,49.47,9,SIZ5
2025-11-24 07:31:00+00:00,33,1,42218,49.48,49.52,49.48,49.52,27,SIZ5
2025-11-24 07:32:00+00:00,33,1,42218,49.52,49.57,49.52,49.555,21,SIZ5
2025-11-24 07:33:00+00:00,33,1,42218,49.575,49.6,49.575,49.575,13,SIZ5
2025-11-24 07:34:00+00:00,33,1,42218,49.59,49.6,49.58,49.6,16,SIZ5
2025-11-24 07:35:00+00:00,33,1,42218,49.6,49.6,49.565,49.57,16,SIZ5
2025-11-24 07:36:00+00:00,33,1,42218,49.58,49.62,49.575,49.6,44,SIZ5
2025-11-24 07:37:00+00:00,33,1,42218,49.61,49.615,49.605,49.605,11,SIZ5
2025-11-24 07:38:00+00:00,33,1,42218,49.625,49.65,49.61,49.62,16,SIZ5
2025-11-24 07:39:00+00:00,33,1,42218,49.605,49.62,49.575,49.575,17,SIZ5
2025-11-24 07:40:00+00:00,33,1,42218,49.57,49.62,49.56,49.615,20,SIZ5
2025-11-24 07:41:00+00:00,33,1,42218,49.625,49.65,49.625,49.63,12,SIZ5
2025-11-24 07:42:00+00:00,33,1,42218,49.615,49.625,49.6,49.625,13,SIZ5
2025-11-24 07:43:00+00:00,33,1,42218,49.62,49.64,49.61,49.64,18,SIZ5
2025-11-24 07:44:00+00:00,33,1,42218,49.655,49.665,49.61,49.615,43,SIZ5
2025-11-24 07:45:00+00:00,33,1,42218,49.605,49.655,49.6,49.655,17,SIZ5
2025-11-24 07:46:00+00:00,33,1,42218,49.655,49.67,49.655,49.67,17,SIZ5
2025-11-24 07:47:00+00:00,33,1,42218,49.665,49.665,49.62,49.62,8,SIZ5
2025-11-24 07:48:00+00:00,33,1,42218,49.605,49.61,49.6,49.6,10,SIZ5
2025-11-24 07:49:00+00:00,33,1,42218,49.595,49.595,49.595,49.595,3,SIZ5
2025-11-24 07:50:00+00:00,33,1,42218,49.585,49.585,49.555,49.57,19,SIZ5
2025-11-24 07:51:00+00:00,33,1,42218,49.57,49.57,49.565,49.565,4,SIZ5
2025-11-24 07:52:00+00:00,33,1,42218,49.565,49.575,49.55,49.575,9,SIZ5
2025-11-24 07:53:00+00:00,33,1,42218,49.59,49.59,49.585,49.585,3,SIZ5
2025-11-24 07:54:00+00:00,33,1,42218,49.595,49.6,49.595,49.595,4,SIZ5
2025-11-24 07:55:00+00:00,33,1,42218,49.605,49.615,49.59,49.595,16,SIZ5
2025-11-24 07:56:00+00:00,33,1,42218,49.585,49.585,49.585,49.585,1,SIZ5
2025-11-24 07:57:00+00:00,33,1,42218,49.575,49.61,49.575,49.61,9,SIZ5
2025-11-24 07:58:00+00:00,33,1,42218,49.6,49.6,49.6,49.6,1,SIZ5
2025-11-24 07:59:00+00:00,33,1,42218,49.59,49.615,49.585,49.615,27,SIZ5
2025-11-24 08:00:00+00:00,33,1,42218,49.605,49.645,49.595,49.625,45,SIZ5
2025-11-24 08:01:00+00:00,33,1,42218,49.64,49.665,49.63,49.665,31,SIZ5
2025-11-24 08:02:00+00:00,33,1,42218,49.66,49.675,49.595,49.595,26,SIZ5
2025-11-24 08:03:00+00:00,33,1,42218,49.605,49.61,49.6,49.6,7,SIZ5
2025-11-24 08:04:00+00:00,33,1,42218,49.58,49.62,49.565,49.615,31,SIZ5
2025-11-24 08:05:00+00:00,33,1,42218,49.61,49.63,49.595,49.605,39,SIZ5
2025-11-24 08:06:00+00:00,33,1,42218,49.61,49.63,49.605,49.605,14,SIZ5
2025-11-24 08:07:00+00:00,33,1,42218,49.585,49.605,49.56,49.605,23,SIZ5
2025-11-24 08:08:00+00:00,33,1,42218,49.59,49.59,49.575,49.58,14,SIZ5
2025-11-24 08:09:00+00:00,33,1,42218,49.57,49.57,49.57,49.57,1,SIZ5
2025-11-24 08:10:00+00:00,33,1,42218,49.59,49.59,49.59,49.59,1,SIZ5
2025-11-24 08:11:00+00:00,33,1,42218,49.615,49.615,49.57,49.57,12,SIZ5
2025-11-24 08:12:00+00:00,33,1,42218,49.56,49.58,49.56,49.58,14,SIZ5
2025-11-24 08:13:00+00:00,33,1,42218,49.57,49.605,49.57,49.575,7,SIZ5
2025-11-24 08:14:00+00:00,33,1,42218,49.59,49.59,49.575,49.585,10,SIZ5
2025-11-24 08:15:00+00:00,33,1,42218,49.59,49.595,49.59,49.595,2,SIZ5
2025-11-24 08:16:00+00:00,33,1,42218,49.625,49.625,49.6,49.6,8,SIZ5
2025-11-24 08:17:00+00:00,33,1,42218,49.59,49.6,49.59,49.6,14,SIZ5
2025-11-24 08:18:00+00:00,33,1,42218,49.63,49.655,49.62,49.62,13,SIZ5
2025-11-24 08:19:00+00:00,33,1,42218,49.65,49.675,49.65,49.66,12,SIZ5
2025-11-24 08:20:00+00:00,33,1,42218,49.655,49.655,49.65,49.65,3,SIZ5
2025-11-24 08:21:00+00:00,33,1,42218,49.665,49.685,49.66,49.68,40,SIZ5
2025-11-24 08:22:00+00:00,33,1,42218,49.68,49.7,49.68,49.69,44,SIZ5
2025-11-24 08:23:00+00:00,33,1,42218,49.68,49.68,49.635,49.645,17,SIZ5
2025-11-24 08:24:00+00:00,33,1,42218,49.635,49.64,49.625,49.625,7,SIZ5
2025-11-24 08:25:00+00:00,33,1,42218,49.63,49.65,49.63,49.65,9,SIZ5
2025-11-24 08:26:00+00:00,33,1,42218,49.64,49.65,49.64,49.65,2,SIZ5
2025-11-24 08:27:00+00:00,33,1,42218,49.675,49.675,49.655,49.655,8,SIZ5
2025-11-24 08:28:00+00:00,33,1,42218,49.65,49.65,49.65,49.65,5,SIZ5
2025-11-24 08:29:00+00:00,33,1,42218,49.65,49.65,49.65,49.65,2,SIZ5
2025-11-24 08:30:00+00:00,33,1,42218,49.67,49.68,49.67,49.67,8,SIZ5
2025-11-24 08:31:00+00:00,33,1,42218,49.655,49.655,49.61,49.61,13,SIZ5
2025-11-24 08:32:00+00:00,33,1,42218,49.61,49.615,49.6,49.615,5,SIZ5
2025-11-24 08:33:00+00:00,33,1,42218,49.605,49.61,49.59,49.6,9,SIZ5
2025-11-24 08:34:00+00:00,33,1,42218,49.605,49.61,49.605,49.605,3,SIZ5
2025-11-24 08:35:00+00:00,33,1,42218,49.595,49.595,49.58,49.58,23,SIZ5
2025-11-24 08:36:00+00:00,33,1,42218,49.585,49.635,49.585,49.63,15,SIZ5
2025-11-24 08:37:00+00:00,33,1,42218,49.64,49.64,49.64,49.64,2,SIZ5
2025-11-24 08:38:00+00:00,33,1,42218,49.65,49.665,49.65,49.665,5,SIZ5
2025-11-24 08:39:00+00:00,33,1,42218,49.67,49.675,49.655,49.675,5,SIZ5
2025-11-24 08:40:00+00:00,33,1,42218,49.67,49.67,49.65,49.65,7,SIZ5
2025-11-24 08:41:00+00:00,33,1,42218,49.67,49.685,49.67,49.675,20,SIZ5
2025-11-24 08:42:00+00:00,33,1,42218,49.65,49.65,49.64,49.65,12,SIZ5
2025-11-24 08:43:00+00:00,33,1,42218,49.665,49.685,49.665,49.665,28,SIZ5
2025-11-24 08:44:00+00:00,33,1,42218,49.665,49.68,49.665,49.68,5,SIZ5
2025-11-24 08:45:00+00:00,33,1,42218,49.685,49.705,49.675,49.705,41,SIZ5
2025-11-24 08:46:00+00:00,33,1,42218,49.705,49.775,49.7,49.76,91,SIZ5
2025-11-24 08:47:00+00:00,33,1,42218,49.755,49.765,49.755,49.765,19,SIZ5
2025-11-24 08:48:00+00:00,33,1,42218,49.755,49.785,49.75,49.78,30,SIZ5
2025-11-24 08:49:00+00:00,33,1,42218,49.78,49.79,49.76,49.78,22,SIZ5
2025-11-24 08:50:00+00:00,33,1,42218,49.77,49.785,49.77,49.775,7,SIZ5
2025-11-24 08:51:00+00:00,33,1,42218,49.77,49.77,49.765,49.765,9,SIZ5
2025-11-24 08:52:00+00:00,33,1,42218,49.775,49.775,49.755,49.76,8,SIZ5
2025-11-24 08:53:00+00:00,33,1,42218,49.775,49.79,49.765,49.78,39,SIZ5
2025-11-24 08:54:00+00:00,33,1,42218,49.78,49.78,49.76,49.76,46,SIZ5
2025-11-24 08:55:00+00:00,33,1,42218,49.76,49.77,49.76,49.76,11,SIZ5
2025-11-24 08:56:00+00:00,33,1,42218,49.765,49.765,49.74,49.74,13,SIZ5
2025-11-24 08:57:00+00:00,33,1,42218,49.755,49.755,49.75,49.75,7,SIZ5
2025-11-24 08:58:00+00:00,33,1,42218,49.76,49.76,49.76,49.76,1,SIZ5
2025-11-24 08:59:00+00:00,33,1,42218,49.76,49.76,49.745,49.75,10,SIZ5
2025-11-24 09:00:00+00:00,33,1,42218,49.745,49.745,49.705,49.735,23,SIZ5
2025-11-24 09:01:00+00:00,33,1,42218,49.745,49.745,49.725,49.725,11,SIZ5
2025-11-24 09:02:00+00:00,33,1,42218,49.72,49.775,49.72,49.775,22,SIZ5
2025-11-24 09:03:00+00:00,33,1,42218,49.76,49.76,49.72,49.735,23,SIZ5
2025-11-24 09:04:00+00:00,33,1,42218,49.72,49.75,49.705,49.75,21,SIZ5
2025-11-24 09:05:00+00:00,33,1,42218,49.745,49.76,49.745,49.76,5,SIZ5
2025-11-24 09:06:00+00:00,33,1,42218,49.76,49.785,49.745,49.785,34,SIZ5
2025-11-24 09:07:00+00:00,33,1,42218,49.785,49.83,49.78,49.81,57,SIZ5
2025-11-24 09:08:00+00:00,33,1,42218,49.8,49.83,49.8,49.81,20,SIZ5
2025-11-24 09:09:00+00:00,33,1,42218,49.815,49.875,49.81,49.82,56,SIZ5
2025-11-24 09:10:00+00:00,33,1,42218,49.83,49.925,49.825,49.91,174,SIZ5
2025-11-24 09:11:00+00:00,33,1,42218,49.91,49.985,49.89,49.985,79,SIZ5
2025-11-24 09:12:00+00:00,33,1,42218,49.99,50.0,49.935,49.945,89,SIZ5
2025-11-24 09:13:00+00:00,33,1,42218,49.945,49.96,49.895,49.955,39,SIZ5
2025-11-24 09:14:00+00:00,33,1,42218,49.97,50.01,49.965,49.965,32,SIZ5
2025-11-24 09:15:00+00:00,33,1,42218,49.98,50.02,49.97,49.975,40,SIZ5
2025-11-24 09:16:00+00:00,33,1,42218,49.98,49.98,49.93,49.94,29,SIZ5
2025-11-24 09:17:00+00:00,33,1,42218,49.93,49.955,49.915,49.935,18,SIZ5
2025-11-24 09:18:00+00:00,33,1,42218,49.91,49.95,49.905,49.93,8,SIZ5
2025-11-24 09:19:00+00:00,33,1,42218,49.915,49.93,49.9,49.91,9,SIZ5
2025-11-24 09:20:00+00:00,33,1,42218,49.905,49.92,49.88,49.91,21,SIZ5
2025-11-24 09:21:00+00:00,33,1,42218,49.9,49.9,49.86,49.9,44,SIZ5
2025-11-24 09:22:00+00:00,33,1,42218,49.895,49.895,49.82,49.845,22,SIZ5
2025-11-24 09:23:00+00:00,33,1,42218,49.83,49.84,49.815,49.835,14,SIZ5
2025-11-24 09:24:00+00:00,33,1,42218,49.835,49.84,49.83,49.83,23,SIZ5
2025-11-24 09:25:00+00:00,33,1,42218,49.81,49.81,49.755,49.78,32,SIZ5
2025-11-24 09:26:00+00:00,33,1,42218,49.77,49.79,49.76,49.79,33,SIZ5
2025-11-24 09:27:00+00:00,33,1,42218,49.78,49.78,49.74,49.755,18,SIZ5
2025-11-24 09:28:00+00:00,33,1,42218,49.75,49.76,49.73,49.76,35,SIZ5
2025-11-24 09:29:00+00:00,33,1,42218,49.75,49.815,49.75,49.81,39,SIZ5
2025-11-24 09:30:00+00:00,33,1,42218,49.8,49.82,49.795,49.82,20,SIZ5
2025-11-24 09:31:00+00:00,33,1,42218,49.83,49.865,49.83,49.85,32,SIZ5
2025-11-24 09:32:00+00:00,33,1,42218,49.845,49.885,49.84,49.88,23,SIZ5
2025-11-24 09:33:00+00:00,33,1,42218,49.89,49.905,49.89,49.905,8,SIZ5
2025-11-24 09:34:00+00:00,33,1,42218,49.895,49.93,49.845,49.85,31,SIZ5
2025-11-24 09:35:00+00:00,33,1,42218,49.865,49.885,49.845,49.885,6,SIZ5
2025-11-24 09:36:00+00:00,33,1,42218,49.89,49.92,49.89,49.915,6,SIZ5
2025-11-24 09:37:00+00:00,33,1,42218,49.915,49.93,49.915,49.92,8,SIZ5
2025-11-24 09:38:00+00:00,33,1,42218,49.92,49.95,49.92,49.95,23,SIZ5
2025-11-24 09:39:00+00:00,33,1,42218,49.955,49.955,49.92,49.92,11,SIZ5
2025-11-24 09:40:00+00:00,33,1,42218,49.93,49.945,49.905,49.915,14,SIZ5
2025-11-24 09:41:00+00:00,33,1,42218,49.91,49.91,49.87,49.87,28,SIZ5
2025-11-24 09:42:00+00:00,33,1,42218,49.88,49.885,49.855,49.855,21,SIZ5
2025-11-24 09:43:00+00:00,33,1,42218,49.835,49.86,49.83,49.855,49,SIZ5
2025-11-24 09:44:00+00:00,33,1,42218,49.87,49.875,49.855,49.86,13,SIZ5
2025-11-24 09:45:00+00:00,33,1,42218,49.865,49.89,49.865,49.88,13,SIZ5
2025-11-24 09:46:00+00:00,33,1,42218,49.88,49.88,49.835,49.835,10,SIZ5
2025-11-24 09:47:00+00:00,33,1,42218,49.835,49.835,49.79,49.79,7,SIZ5
2025-11-24 09:48:00+00:00,33,1,42218,49.81,49.815,49.805,49.815,11,SIZ5
2025-11-24 09:49:00+00:00,33,1,42218,49.83,49.865,49.83,49.845,16,SIZ5
2025-11-24 09:50:00+00:00,33,1,42218,49.835,49.84,49.78,49.79,18,SIZ5
2025-11-24 09:51:00+00:00,33,1,42218,49.79,49.81,49.79,49.8,30,SIZ5
2025-11-24 09:52:00+00:00,33,1,42218,49.8,49.85,49.775,49.85,27,SIZ5
2025-11-24 09:53:00+00:00,33,1,42218,49.845,49.855,49.835,49.835,9,SIZ5
2025-11-24 09:54:00+00:00,33,1,42218,49.82,49.845,49.82,49.845,6,SIZ5
2025-11-24 09:55:00+00:00,33,1,42218,49.835,49.855,49.82,49.855,31,SIZ5
2025-11-24 09:56:00+00:00,33,1,42218,49.855,49.855,49.82,49.835,39,SIZ5
2025-11-24 09:57:00+00:00,33,1,42218,49.83,49.845,49.825,49.825,16,SIZ5
2025-11-24 09:58:00+00:00,33,1,42218,49.81,49.81,49.8,49.81,10,SIZ5
2025-11-24 09:59:00+00:00,33,1,42218,49.815,49.825,49.815,49.815,5,SIZ5
2025-11-24 10:00:00+00:00,33,1,42218,49.82,49.82,49.79,49.79,35,SIZ5
2025-11-24 10:01:00+00:00,33,1,42218,49.79,49.86,49.79,49.845,30,SIZ5
2025-11-24 10:02:00+00:00,33,1,42218,49.85,49.86,49.82,49.86,16,SIZ5
2025-11-24 10:03:00+00:00,33,1,42218,49.86,49.895,49.86,49.87,22,SIZ5
2025-11-24 10:04:00+00:00,33,1,42218,49.875,49.885,49.86,49.865,18,SIZ5
2025-11-24 10:05:00+00:00,33,1,42218,49.895,49.91,49.89,49.9,28,SIZ5
2025-11-24 10:06:00+00:00,33,1,42218,49.9,49.92,49.9,49.915,4,SIZ5
2025-11-24 10:07:00+00:00,33,1,42218,49.88,49.88,49.86,49.86,15,SIZ5
2025-11-24 10:08:00+00:00,33,1,42218,49.855,49.86,49.825,49.825,13,SIZ5
2025-11-24 10:09:00+00:00,33,1,42218,49.81,49.845,49.81,49.835,22,SIZ5
2025-11-24 10:10:00+00:00,33,1,42218,49.84,49.84,49.81,49.83,8,SIZ5
2025-11-24 10:11:00+00:00,33,1,42218,49.83,49.83,49.82,49.83,3,SIZ5
2025-11-24 10:12:00+00:00,33,1,42218,49.84,49.84,49.825,49.825,23,SIZ5
2025-11-24 10:13:00+00:00,33,1,42218,49.835,49.835,49.835,49.835,2,SIZ5
2025-11-24 10:14:00+00:00,33,1,42218,49.825,49.865,49.825,49.85,27,SIZ5
2025-11-24 10:15:00+00:00,33,1,42218,49.845,49.87,49.845,49.87,15,SIZ5
2025-11-24 10:16:00+00:00,33,1,42218,49.865,49.9,49.865,49.89,10,SIZ5
2025-11-24 10:17:00+00:00,33,1,42218,49.9,49.915,49.9,49.905,12,SIZ5
2025-11-24 10:18:00+00:00,33,1,42218,49.89,49.89,49.88,49.88,2,SIZ5
2025-11-24 10:19:00+00:00,33,1,42218,49.84,49.845,49.825,49.845,4,SIZ5
2025-11-24 10:20:00+00:00,33,1,42218,49.825,49.825,49.79,49.795,9,SIZ5
2025-11-24 10:21:00+00:00,33,1,42218,49.795,49.835,49.795,49.81,12,SIZ5
2025-11-24 10:22:00+00:00,33,1,42218,49.825,49.825,49.775,49.79,14,SIZ5
2025-11-24 10:23:00+00:00,33,1,42218,49.79,49.82,49.79,49.81,8,SIZ5
2025-11-24 10:24:00+00:00,33,1,42218,49.8,49.8,49.76,49.77,34,SIZ5
2025-11-24 10:25:00+00:00,33,1,42218,49.77,49.78,49.765,49.765,9,SIZ5
2025-11-24 10:26:00+00:00,33,1,42218,49.78,49.795,49.78,49.795,10,SIZ5
2025-11-24 10:27:00+00:00,33,1,42218,49.81,49.82,49.81,49.82,4,SIZ5
2025-11-24 10:28:00+00:00,33,1,42218,49.81,49.81,49.8,49.8,3,SIZ5
2025-11-24 10:29:00+00:00,33,1,42218,49.81,49.815,49.785,49.8,23,SIZ5
2025-11-24 10:30:00+00:00,33,1,42218,49.79,49.795,49.755,49.755,16,SIZ5
2025-11-24 10:31:00+00:00,33,1,42218,49.745,49.76,49.725,49.755,39,SIZ5
2025-11-24 10:32:00+00:00,33,1,42218,49.755,49.775,49.735,49.775,10,SIZ5
2025-11-24 10:33:00+00:00,33,1,42218,49.775,49.785,49.765,49.765,9,SIZ5
2025-11-24 10:34:00+00:00,33,1,42218,49.755,49.755,49.74,49.75,23,SIZ5
2025-11-24 10:35:00+00:00,33,1,42218,49.76,49.775,49.75,49.75,12,SIZ5
2025-11-24 10:36:00+00:00,33,1,42218,49.76,49.77,49.76,49.77,7,SIZ5
2025-11-24 10:37:00+00:00,33,1,42218,49.775,49.775,49.77,49.77,2,SIZ5
2025-11-24 10:38:00+00:00,33,1,42218,49.765,49.815,49.765,49.81,12,SIZ5
2025-11-24 10:39:00+00:00,33,1,42218,49.8,49.8,49.78,49.78,2,SIZ5
2025-11-24 10:40:00+00:00,33,1,42218,49.78,49.78,49.78,49.78,2,SIZ5
2025-11-24 10:41:00+00:00,33,1,42218,49.79,49.8,49.79,49.8,4,SIZ5
2025-11-24 10:42:00+00:00,33,1,42218,49.81,49.825,49.81,49.825,4,SIZ5
2025-11-24 10:43:00+00:00,33,1,42218,49.83,49.83,49.815,49.815,4,SIZ5
2025-11-24 10:44:00+00:00,33,1,42218,49.81,49.825,49.805,49.815,4,SIZ5
2025-11-24 10:45:00+00:00,33,1,42218,49.815,49.815,49.815,49.815,1,SIZ5
2025-11-24 10:46:00+00:00,33,1,42218,49.805,49.805,49.795,49.795,5,SIZ5
2025-11-24 10:47:00+00:00,33,1,42218,49.8,49.8,49.775,49.775,2,SIZ5
2025-11-24 10:48:00+00:00,33,1,42218,49.785,49.795,49.785,49.79,17,SIZ5
2025-11-24 10:49:00+00:00,33,1,42218,49.79,49.79,49.79,49.79,1,SIZ5
2025-11-24 10:50:00+00:00,33,1,42218,49.77,49.77,49.75,49.755,8,SIZ5
2025-11-24 10:51:00+00:00,33,1,42218,49.76,49.765,49.75,49.75,5,SIZ5
2025-11-24 10:52:00+00:00,33,1,42218,49.73,49.735,49.72,49.72,9,SIZ5
2025-11-24 10:53:00+00:00,33,1,42218,49.7,49.72,49.685,49.685,10,SIZ5
2025-11-24 10:54:00+00:00,33,1,42218,49.675,49.72,49.675,49.715,16,SIZ5
2025-11-24 10:55:00+00:00,33,1,42218,49.725,49.725,49.72,49.72,2,SIZ5
2025-11-24 10:56:00+00:00,33,1,42218,49.72,49.74,49.72,49.735,15,SIZ5
2025-11-24 10:57:00+00:00,33,1,42218,49.755,49.755,49.745,49.745,8,SIZ5
2025-11-24 10:58:00+00:00,33,1,42218,49.755,49.755,49.735,49.735,2,SIZ5
2025-11-24 10:59:00+00:00,33,1,42218,49.735,49.735,49.695,49.7,5,SIZ5
2025-11-24 11:00:00+00:00,33,1,42218,49.695,49.695,49.685,49.685,12,SIZ5
2025-11-24 11:01:00+00:00,33,1,42218,49.68,49.68,49.68,49.68,1,SIZ5
2025-11-24 11:02:00+00:00,33,1,42218,49.705,49.74,49.705,49.735,25,SIZ5
2025-11-24 11:03:00+00:00,33,1,42218,49.74,49.76,49.74,49.75,8,SIZ5
2025-11-24 11:04:00+00:00,33,1,42218,49.75,49.765,49.75,49.755,11,SIZ5
2025-11-24 11:05:00+00:00,33,1,42218,49.73,49.73,49.715,49.72,4,SIZ5
2025-11-24 11:06:00+00:00,33,1,42218,49.72,49.725,49.705,49.715,9,SIZ5
2025-11-24 11:07:00+00:00,33,1,42218,49.73,49.74,49.73,49.74,7,SIZ5
2025-11-24 11:08:00+00:00,33,1,42218,49.735,49.735,49.73,49.735,6,SIZ5
2025-11-24 11:09:00+00:00,33,1,42218,49.735,49.78,49.735,49.78,12,SIZ5
2025-11-24 11:10:00+00:00,33,1,42218,49.775,49.785,49.775,49.785,6,SIZ5
2025-11-24 11:11:00+00:00,33,1,42218,49.785,49.785,49.785,49.785,1,SIZ5
2025-11-24 11:13:00+00:00,33,1,42218,49.77,49.775,49.75,49.765,16,SIZ5
2025-11-24 11:14:00+00:00,33,1,42218,49.765,49.765,49.745,49.745,6,SIZ5
2025-11-24 11:15:00+00:00,33,1,42218,49.74,49.755,49.74,49.75,6,SIZ5
2025-11-24 11:16:00+00:00,33,1,42218,49.765,49.8,49.765,49.79,9,SIZ5
2025-11-24 11:17:00+00:00,33,1,42218,49.77,49.77,49.76,49.765,6,SIZ5
2025-11-24 11:18:00+00:00,33,1,42218,49.775,49.775,49.75,49.75,9,SIZ5
2025-11-24 11:19:00+00:00,33,1,42218,49.755,49.765,49.755,49.765,5,SIZ5
2025-11-24 11:20:00+00:00,33,1,42218,49.78,49.785,49.77,49.77,6,SIZ5
2025-11-24 11:21:00+00:00,33,1,42218,49.775,49.785,49.77,49.78,7,SIZ5
2025-11-24 11:22:00+00:00,33,1,42218,49.77,49.77,49.735,49.735,10,SIZ5
2025-11-24 11:23:00+00:00,33,1,42218,49.75,49.75,49.75,49.75,1,SIZ5
2025-11-24 11:24:00+00:00,33,1,42218,49.77,49.77,49.77,49.77,1,SIZ5
2025-11-24 11:25:00+00:00,33,1,42218,49.73,49.735,49.73,49.735,2,SIZ5
2025-11-24 11:26:00+00:00,33,1,42218,49.745,49.745,49.725,49.725,10,SIZ5
2025-11-24 11:27:00+00:00,33,1,42218,49.735,49.735,49.725,49.73,10,SIZ5
2025-11-24 11:28:00+00:00,33,1,42218,49.735,49.735,49.72,49.735,14,SIZ5
2025-11-24 11:29:00+00:00,33,1,42218,49.74,49.74,49.74,49.74,1,SIZ5
2025-11-24 11:30:00+00:00,33,1,42218,49.765,49.765,49.76,49.76,4,SIZ5
2025-11-24 11:31:00+00:00,33,1,42218,49.745,49.755,49.735,49.745,39,SIZ5
2025-11-24 11:32:00+00:00,33,1,42218,49.75,49.765,49.75,49.765,4,SIZ5
2025-11-24 11:33:00+00:00,33,1,42218,49.745,49.745,49.735,49.735,2,SIZ5
2025-11-24 11:34:00+00:00,33,1,42218,49.72,49.72,49.705,49.705,11,SIZ5
2025-11-24 11:35:00+00:00,33,1,42218,49.69,49.705,49.69,49.705,6,SIZ5
2025-11-24 11:36:00+00:00,33,1,42218,49.705,49.71,49.7,49.71,9,SIZ5
2025-11-24 11:37:00+00:00,33,1,42218,49.715,49.715,49.695,49.695,38,SIZ5
2025-11-24 11:38:00+00:00,33,1,42218,49.685,49.685,49.66,49.66,36,SIZ5
2025-11-24 11:39:00+00:00,33,1,42218,49.655,49.68,49.635,49.68,45,SIZ5
2025-11-24 11:40:00+00:00,33,1,42218,49.66,49.675,49.655,49.675,22,SIZ5
2025-11-24 11:41:00+00:00,33,1,42218,49.695,49.72,49.695,49.7,38,SIZ5
2025-11-24 11:42:00+00:00,33,1,42218,49.7,49.7,49.68,49.69,8,SIZ5
2025-11-24 11:43:00+00:00,33,1,42218,49.7,49.705,49.69,49.69,10,SIZ5
2025-11-24 11:44:00+00:00,33,1,42218,49.7,49.7,49.695,49.7,7,SIZ5
2025-11-24 11:45:00+00:00,33,1,42218,49.71,49.71,49.695,49.7,6,SIZ5
2025-11-24 11:46:00+00:00,33,1,42218,49.69,49.705,49.69,49.7,7,SIZ5
2025-11-24 11:47:00+00:00,33,1,42218,49.72,49.735,49.7,49.73,40,SIZ5
2025-11-24 11:48:00+00:00,33,1,42218,49.745,49.745,49.72,49.725,21,SIZ5
2025-11-24 11:49:00+00:00,33,1,42218,49.73,49.735,49.715,49.715,7,SIZ5
2025-11-24 11:50:00+00:00,33,1,42218,49.71,49.735,49.71,49.715,12,SIZ5
2025-11-24 11:51:00+00:00,33,1,42218,49.73,49.75,49.72,49.75,6,SIZ5
2025-11-24 11:52:00+00:00,33,1,42218,49.74,49.74,49.705,49.71,29,SIZ5
2025-11-24 11:53:00+00:00,33,1,42218,49.72,49.72,49.705,49.715,4,SIZ5
2025-11-24 11:54:00+00:00,33,1,42218,49.715,49.725,49.715,49.72,21,SIZ5
2025-11-24 11:55:00+00:00,33,1,42218,49.725,49.735,49.71,49.725,18,SIZ5
2025-11-24 11:56:00+00:00,33,1,42218,49.71,49.72,49.705,49.72,14,SIZ5
2025-11-24 11:57:00+00:00,33,1,42218,49.705,49.715,49.7,49.715,33,SIZ5
2025-11-24 11:58:00+00:00,33,1,42218,49.71,49.715,49.705,49.71,23,SIZ5
2025-11-24 11:59:00+00:00,33,1,42218,49.71,49.71,49.665,49.68,37,SIZ5
2025-11-24 12:00:00+00:00,33,1,42218,49.675,49.675,49.645,49.645,107,SIZ5
2025-11-24 12:01:00+00:00,33,1,42218,49.655,49.7,49.64,49.665,86,SIZ5
2025-11-24 12:02:00+00:00,33,1,42218,49.655,49.67,49.63,49.635,38,SIZ5
2025-11-24 12:03:00+00:00,33,1,42218,49.645,49.69,49.635,49.685,37,SIZ5
2025-11-24 12:04:00+00:00,33,1,42218,49.68,49.71,49.665,49.665,40,SIZ5
2025-11-24 12:05:00+00:00,33,1,42218,49.685,49.715,49.68,49.695,21,SIZ5
2025-11-24 12:06:00+00:00,33,1,42218,49.705,49.705,49.675,49.68,19,SIZ5
2025-11-24 12:07:00+00:00,33,1,42218,49.67,49.675,49.635,49.635,30,SIZ5
2025-11-24 12:08:00+00:00,33,1,42218,49.63,49.665,49.63,49.655,34,SIZ5
2025-11-24 12:09:00+00:00,33,1,42218,49.65,49.65,49.63,49.635,31,SIZ5
2025-11-24 12:10:00+00:00,33,1,42218,49.635,49.635,49.59,49.6,49,SIZ5
2025-11-24 12:11:00+00:00,33,1,42218,49.59,49.605,49.58,49.585,19,SIZ5
2025-11-24 12:12:00+00:00,33,1,42218,49.585,49.605,49.57,49.57,17,SIZ5
2025-11-24 12:13:00+00:00,33,1,42218,49.57,49.65,49.565,49.645,34,SIZ5
2025-11-24 12:14:00+00:00,33,1,42218,49.63,49.64,49.625,49.63,29,SIZ5
2025-11-24 12:15:00+00:00,33,1,42218,49.64,49.655,49.635,49.65,20,SIZ5
2025-11-24 12:16:00+00:00,33,1,42218,49.65,49.665,49.64,49.645,18,SIZ5
2025-11-24 12:17:00+00:00,33,1,42218,49.635,49.65,49.635,49.65,12,SIZ5
2025-11-24 12:18:00+00:00,33,1,42218,49.645,49.655,49.635,49.64,30,SIZ5
2025-11-24 12:19:00+00:00,33,1,42218,49.625,49.635,49.605,49.63,25,SIZ5
2025-11-24 12:20:00+00:00,33,1,42218,49.63,49.67,49.62,49.665,115,SIZ5
2025-11-24 12:21:00+00:00,33,1,42218,49.675,49.69,49.645,49.65,25,SIZ5
2025-11-24 12:22:00+00:00,33,1,42218,49.65,49.665,49.645,49.65,35,SIZ5
2025-11-24 12:23:00+00:00,33,1,42218,49.645,49.67,49.645,49.66,19,SIZ5
2025-11-24 12:24:00+00:00,33,1,42218,49.67,49.68,49.67,49.68,16,SIZ5
2025-11-24 12:25:00+00:00,33,1,42218,49.675,49.695,49.67,49.695,21,SIZ5
2025-11-24 12:26:00+00:00,33,1,42218,49.7,49.705,49.665,49.67,21,SIZ5
2025-11-24 12:27:00+00:00,33,1,42218,49.665,49.67,49.665,49.665,3,SIZ5
2025-11-24 12:28:00+00:00,33,1,42218,49.675,49.695,49.675,49.695,7,SIZ5
2025-11-24 12:29:00+00:00,33,1,42218,49.695,49.705,49.69,49.705,18,SIZ5
2025-11-24 12:30:00+00:00,33,1,42218,49.705,49.735,49.7,49.735,36,SIZ5
2025-11-24 12:31:00+00:00,33,1,42218,49.73,49.74,49.71,49.74,26,SIZ5
2025-11-24 12:32:00+00:00,33,1,42218,49.745,49.78,49.745,49.76,30,SIZ5
2025-11-24 12:33:00+00:00,33,1,42218,49.765,49.775,49.76,49.76,11,SIZ5
2025-11-24 12:34:00+00:00,33,1,42218,49.775,49.78,49.75,49.75,27,SIZ5
2025-11-24 12:35:00+00:00,33,1,42218,49.76,49.77,49.745,49.77,28,SIZ5
2025-11-24 12:36:00+00:00,33,1,42218,49.755,49.765,49.74,49.74,13,SIZ5
2025-11-24 12:37:00+00:00,33,1,42218,49.74,49.745,49.735,49.74,11,SIZ5
2025-11-24 12:38:00+00:00,33,1,42218,49.74,49.775,49.74,49.775,27,SIZ5
2025-11-24 12:39:00+00:00,33,1,42218,49.775,49.795,49.77,49.79,36,SIZ5
2025-11-24 12:40:00+00:00,33,1,42218,49.795,49.795,49.78,49.785,30,SIZ5
2025-11-24 12:41:00+00:00,33,1,42218,49.785,49.805,49.775,49.785,56,SIZ5
2025-11-24 12:42:00+00:00,33,1,42218,49.785,49.805,49.785,49.8,71,SIZ5
2025-11-24 12:43:00+00:00,33,1,42218,49.805,49.82,49.8,49.81,46,SIZ5
2025-11-24 12:44:00+00:00,33,1,42218,49.81,49.855,49.8,49.835,93,SIZ5
2025-11-24 12:45:00+00:00,33,1,42218,49.835,49.87,49.835,49.86,49,SIZ5
2025-11-24 12:46:00+00:00,33,1,42218,49.855,49.87,49.84,49.87,29,SIZ5
2025-11-24 12:47:00+00:00,33,1,42218,49.87,49.91,49.87,49.895,58,SIZ5
2025-11-24 12:48:00+00:00,33,1,42218,49.89,49.935,49.89,49.925,61,SIZ5
2025-11-24 12:49:00+00:00,33,1,42218,49.925,49.925,49.885,49.905,41,SIZ5
2025-11-24 12:50:00+00:00,33,1,42218,49.905,49.94,49.9,49.94,34,SIZ5
2025-11-24 12:51:00+00:00,33,1,42218,49.94,49.955,49.915,49.915,38,SIZ5
2025-11-24 12:52:00+00:00,33,1,42218,49.915,49.915,49.87,49.89,50,SIZ5
2025-11-24 12:53:00+00:00,33,1,42218,49.88,49.88,49.855,49.865,14,SIZ5
2025-11-24 12:54:00+00:00,33,1,42218,49.865,49.875,49.845,49.87,33,SIZ5
2025-11-24 12:55:00+00:00,33,1,42218,49.86,49.865,49.855,49.865,13,SIZ5
2025-11-24 12:56:00+00:00,33,1,42218,49.87,49.88,49.85,49.855,22,SIZ5
2025-11-24 12:57:00+00:00,33,1,42218,49.85,49.865,49.85,49.865,30,SIZ5
2025-11-24 12:58:00+00:00,33,1,42218,49.865,49.88,49.85,49.875,42,SIZ5
2025-11-24 12:59:00+00:00,33,1,42218,49.875,49.935,49.875,49.935,96,SIZ5
2025-11-24 13:00:00+00:00,33,1,42218,49.935,49.955,49.88,49.89,191,SIZ5
2025-11-24 13:01:00+00:00,33,1,42218,49.905,49.92,49.85,49.885,70,SIZ5
2025-11-24 13:02:00+00:00,33,1,42218,49.865,49.93,49.865,49.9,46,SIZ5
2025-11-24 13:03:00+00:00,33,1,42218,49.91,49.925,49.885,49.92,24,SIZ5
2025-11-24 13:04:00+00:00,33,1,42218,49.935,49.98,49.925,49.925,63,SIZ5
2025-11-24 13:05:00+00:00,33,1,42218,49.945,49.95,49.9,49.915,26,SIZ5
2025-11-24 13:06:00+00:00,33,1,42218,49.925,49.925,49.875,49.88,29,SIZ5
2025-11-24 13:07:00+00:00,33,1,42218,49.865,49.885,49.85,49.87,21,SIZ5
2025-11-24 13:08:00+00:00,33,1,42218,49.87,49.88,49.84,49.88,37,SIZ5
2025-11-24 13:09:00+00:00,33,1,42218,49.89,49.9,49.87,49.88,29,SIZ5
2025-11-24 13:10:00+00:00,33,1,42218,49.895,49.895,49.865,49.865,13,SIZ5
2025-11-24 13:11:00+00:00,33,1,42218,49.855,49.86,49.83,49.855,31,SIZ5
2025-11-24 13:12:00+00:00,33,1,42218,49.85,49.855,49.845,49.85,16,SIZ5
2025-11-24 13:13:00+00:00,33,1,42218,49.855,49.905,49.855,49.895,16,SIZ5
2025-11-24 13:14:00+00:00,33,1,42218,49.905,49.905,49.865,49.89,21,SIZ5
2025-11-24 13:15:00+00:00,33,1,42218,49.9,49.92,49.895,49.895,26,SIZ5
2025-11-24 13:16:00+00:00,33,1,42218,49.895,49.895,49.875,49.89,31,SIZ5
2025-11-24 13:17:00+00:00,33,1,42218,49.895,49.925,49.895,49.925,14,SIZ5
2025-11-24 13:18:00+00:00,33,1,42218,49.93,49.945,49.92,49.925,30,SIZ5
2025-11-24 13:19:00+00:00,33,1,42218,49.93,49.935,49.915,49.925,23,SIZ5
2025-11-24 13:20:00+00:00,33,1,42218,49.945,49.945,49.9,49.92,46,SIZ5
2025-11-24 13:21:00+00:00,33,1,42218,49.925,49.925,49.895,49.91,21,SIZ5
2025-11-24 13:22:00+00:00,33,1,42218,49.915,49.935,49.875,49.875,44,SIZ5
2025-11-24 13:23:00+00:00,33,1,42218,49.885,49.885,49.85,49.88,23,SIZ5
2025-11-24 13:24:00+00:00,33,1,42218,49.875,49.875,49.815,49.83,63,SIZ5
2025-11-24 13:25:00+00:00,33,1,42218,49.815,49.84,49.805,49.815,80,SIZ5
2025-11-24 13:26:00+00:00,33,1,42218,49.82,49.875,49.82,49.875,23,SIZ5
2025-11-24 13:27:00+00:00,33,1,42218,49.865,49.9,49.86,49.89,33,SIZ5
2025-11-24 13:28:00+00:00,33,1,42218,49.88,49.885,49.855,49.88,31,SIZ5
2025-11-24 13:29:00+00:00,33,1,42218,49.89,49.905,49.87,49.895,40,SIZ5
2025-11-24 13:30:00+00:00,33,1,42218,49.9,49.945,49.9,49.935,57,SIZ5
2025-11-24 13:31:00+00:00,33,1,42218,49.935,50.045,49.93,50.0,142,SIZ5
2025-11-24 13:32:00+00:00,33,1,42218,50.005,50.005,49.955,49.96,52,SIZ5
2025-11-24 13:33:00+00:00,33,1,42218,49.955,49.98,49.945,49.955,92,SIZ5
2025-11-24 13:34:00+00:00,33,1,42218,49.955,49.955,49.9,49.9,62,SIZ5
2025-11-24 13:35:00+00:00,33,1,42218,49.915,49.965,49.91,49.95,21,SIZ5
2025-11-24 13:36:00+00:00,33,1,42218,49.96,49.985,49.96,49.98,37,SIZ5
2025-11-24 13:37:00+00:00,33,1,42218,49.985,50.04,49.985,50.015,86,SIZ5
2025-11-24 13:38:00+00:00,33,1,42218,50.035,50.035,50.005,50.01,31,SIZ5
2025-11-24 13:39:00+00:00,33,1,42218,50.01,50.01,49.925,49.935,75,SIZ5
2025-11-24 13:40:00+00:00,33,1,42218,49.925,49.94,49.89,49.925,51,SIZ5
2025-11-24 13:41:00+00:00,33,1,42218,49.93,49.97,49.89,49.89,53,SIZ5
2025-11-24 13:42:00+00:00,33,1,42218,49.885,49.885,49.86,49.865,42,SIZ5
2025-11-24 13:43:00+00:00,33,1,42218,49.86,49.875,49.79,49.83,59,SIZ5
2025-11-24 13:44:00+00:00,33,1,42218,49.84,49.86,49.835,49.85,15,SIZ5
2025-11-24 13:45:00+00:00,33,1,42218,49.84,49.88,49.84,49.88,9,SIZ5
2025-11-24 13:46:00+00:00,33,1,42218,49.885,49.905,49.875,49.9,23,SIZ5
2025-11-24 13:47:00+00:00,33,1,42218,49.9,49.925,49.865,49.875,24,SIZ5
2025-11-24 13:48:00+00:00,33,1,42218,49.87,49.895,49.86,49.87,33,SIZ5
2025-11-24 13:49:00+00:00,33,1,42218,49.87,49.87,49.84,49.84,14,SIZ5
2025-11-24 13:50:00+00:00,33,1,42218,49.83,49.86,49.795,49.81,32,SIZ5
2025-11-24 13:51:00+00:00,33,1,42218,49.82,49.83,49.79,49.83,44,SIZ5
2025-11-24 13:52:00+00:00,33,1,42218,49.83,49.86,49.795,49.85,32,SIZ5
2025-11-24 13:53:00+00:00,33,1,42218,49.855,49.86,49.81,49.82,11,SIZ5
2025-11-24 13:54:00+00:00,33,1,42218,49.825,49.83,49.825,49.83,4,SIZ5
2025-11-24 13:55:00+00:00,33,1,42218,49.835,49.86,49.835,49.845,28,SIZ5
2025-11-24 13:56:00+00:00,33,1,42218,49.835,49.87,49.835,49.865,19,SIZ5
2025-11-24 13:57:00+00:00,33,1,42218,49.85,49.85,49.805,49.81,27,SIZ5
2025-11-24 13:58:00+00:00,33,1,42218,49.83,49.83,49.805,49.825,14,SIZ5
2025-11-24 13:59:00+00:00,33,1,42218,49.84,49.845,49.815,49.82,13,SIZ5
2025-11-24 14:00:00+00:00,33,1,42218,49.82,49.84,49.82,49.835,22,SIZ5
2025-11-24 14:01:00+00:00,33,1,42218,49.835,49.865,49.835,49.86,46,SIZ5
2025-11-24 14:02:00+00:00,33,1,42218,49.86,49.87,49.835,49.835,38,SIZ5
2025-11-24 14:03:00+00:00,33,1,42218,49.845,49.855,49.83,49.83,44,SIZ5
2025-11-24 14:04:00+00:00,33,1,42218,49.835,49.84,49.795,49.795,53,SIZ5
2025-11-24 14:05:00+00:00,33,1,42218,49.795,49.795,49.75,49.77,88,SIZ5
2025-11-24 14:06:00+00:00,33,1,42218,49.775,49.795,49.725,49.765,93,SIZ5
2025-11-24 14:07:00+00:00,33,1,42218,49.765,49.78,49.745,49.77,53,SIZ5
2025-11-24 14:08:00+00:00,33,1,42218,49.785,49.81,49.78,49.79,48,SIZ5
2025-11-24 14:09:00+00:00,33,1,42218,49.795,49.825,49.78,49.825,28,SIZ5
2025-11-24 14:10:00+00:00,33,1,42218,49.815,49.845,49.805,49.845,15,SIZ5
2025-11-24 14:11:00+00:00,33,1,42218,49.835,49.875,49.825,49.875,31,SIZ5
2025-11-24 14:12:00+00:00,33,1,42218,49.865,49.88,49.84,49.84,34,SIZ5
2025-11-24 14:13:00+00:00,33,1,42218,49.85,49.875,49.83,49.875,15,SIZ5
2025-11-24 14:14:00+00:00,33,1,42218,49.875,49.875,49.845,49.845,19,SIZ5
2025-11-24 14:15:00+00:00,33,1,42218,49.845,49.865,49.845,49.865,11,SIZ5
2025-11-24 14:16:00+00:00,33,1,42218,49.865,49.865,49.855,49.855,10,SIZ5
2025-11-24 14:17:00+00:00,33,1,42218,49.855,49.855,49.855,49.855,4,SIZ5
2025-11-24 14:18:00+00:00,33,1,42218,49.845,49.845,49.785,49.785,53,SIZ5
2025-11-24 14:19:00+00:00,33,1,42218,49.78,49.78,49.745,49.75,21,SIZ5
2025-11-24 14:20:00+00:00,33,1,42218,49.76,49.76,49.74,49.75,23,SIZ5
2025-11-24 14:21:00+00:00,33,1,42218,49.76,49.76,49.7,49.71,43,SIZ5
2025-11-24 14:22:00+00:00,33,1,42218,49.715,49.745,49.715,49.735,24,SIZ5
2025-11-24 14:23:00+00:00,33,1,42218,49.725,49.73,49.67,49.685,46,SIZ5
2025-11-24 14:24:00+00:00,33,1,42218,49.67,49.725,49.67,49.7,61,SIZ5
2025-11-24 14:25:00+00:00,33,1,42218,49.695,49.735,49.69,49.735,26,SIZ5
2025-11-24 14:26:00+00:00,33,1,42218,49.73,49.745,49.73,49.745,29,SIZ5
2025-11-24 14:27:00+00:00,33,1,42218,49.73,49.74,49.73,49.735,10,SIZ5
2025-11-24 14:28:00+00:00,33,1,42218,49.75,49.75,49.715,49.74,15,SIZ5
2025-11-24 14:29:00+00:00,33,1,42218,49.745,49.745,49.705,49.71,21,SIZ5
2025-11-24 14:30:00+00:00,33,1,42218,49.71,49.76,49.64,49.755,260,SIZ5
2025-11-24 14:31:00+00:00,33,1,42218,49.76,49.81,49.74,49.78,91,SIZ5
2025-11-24 14:32:00+00:00,33,1,42218,49.78,49.83,49.765,49.82,52,SIZ5
2025-11-24 14:33:00+00:00,33,1,42218,49.815,49.815,49.77,49.815,56,SIZ5
2025-11-24 14:34:00+00:00,33,1,42218,49.82,49.84,49.805,49.83,28,SIZ5
2025-11-24 14:35:00+00:00,33,1,42218,49.84,49.85,49.78,49.805,38,SIZ5
2025-11-24 14:36:00+00:00,33,1,42218,49.805,49.855,49.795,49.84,38,SIZ5
2025-11-24 14:37:00+00:00,33,1,42218,49.845,49.87,49.785,49.785,34,SIZ5
2025-11-24 14:38:00+00:00,33,1,42218,49.785,49.795,49.73,49.765,61,SIZ5
2025-11-24 14:39:00+00:00,33,1,42218,49.74,49.75,49.72,49.75,16,SIZ5
2025-11-24 14:40:00+00:00,33,1,42218,49.74,49.76,49.67,49.695,34,SIZ5
2025-11-24 14:41:00+00:00,33,1,42218,49.685,49.74,49.685,49.74,94,SIZ5
2025-11-24 14:42:00+00:00,33,1,42218,49.76,49.815,49.75,49.785,39,SIZ5
2025-11-24 14:43:00+00:00,33,1,42218,49.78,49.78,49.73,49.745,31,SIZ5
2025-11-24 14:44:00+00:00,33,1,42218,49.745,49.745,49.72,49.745,34,SIZ5
2025-11-24 14:45:00+00:00,33,1,42218,49.745,49.795,49.735,49.76,38,SIZ5
2025-11-24 14:46:00+00:00,33,1,42218,49.75,49.78,49.735,49.77,40,SIZ5
2025-11-24 14:47:00+00:00,33,1,42218,49.77,49.82,49.77,49.8,26,SIZ5
2025-11-24 14:48:00+00:00,33,1,42218,49.78,49.845,49.78,49.84,32,SIZ5
2025-11-24 14:49:00+00:00,33,1,42218,49.83,49.83,49.79,49.79,15,SIZ5
2025-11-24 14:50:00+00:00,33,1,42218,49.775,49.79,49.745,49.79,38,SIZ5
2025-11-24 14:51:00+00:00,33,1,42218,49.79,49.83,49.79,49.83,39,SIZ5
2025-11-24 14:52:00+00:00,33,1,42218,49.845,49.9,49.84,49.87,63,SIZ5
2025-11-24 14:53:00+00:00,33,1,42218,49.855,49.905,49.855,49.87,63,SIZ5
2025-11-24 14:54:00+00:00,33,1,42218,49.87,49.895,49.815,49.835,47,SIZ5
2025-11-24 14:55:00+00:00,33,1,42218,49.83,49.875,49.82,49.875,29,SIZ5
2025-11-24 14:56:00+00:00,33,1,42218,49.875,49.94,49.875,49.915,41,SIZ5
2025-11-24 14:57:00+00:00,33,1,42218,49.92,49.935,49.905,49.92,44,SIZ5
2025-11-24 14:58:00+00:00,33,1,42218,49.91,49.96,49.91,49.91,52,SIZ5
2025-11-24 14:59:00+00:00,33,1,42218,49.915,49.935,49.89,49.915,46,SIZ5
2025-11-24 15:00:00+00:00,33,1,42218,49.92,50.0,49.91,49.995,77,SIZ5
2025-11-24 15:01:00+00:00,33,1,42218,50.01,50.01,49.97,49.99,62,SIZ5
2025-11-24 15:02:00+00:00,33,1,42218,49.995,50.02,49.975,49.995,62,SIZ5
2025-11-24 15:03:00+00:00,33,1,42218,49.98,50.0,49.945,50.0,46,SIZ5
2025-11-24 15:04:00+00:00,33,1,42218,50.0,50.015,49.99,49.995,34,SIZ5
2025-11-24 15:05:00+00:00,33,1,42218,49.995,50.085,49.995,50.08,224,SIZ5
2025-11-24 15:06:00+00:00,33,1,42218,50.08,50.12,50.025,50.03,140,SIZ5
2025-11-24 15:07:00+00:00,33,1,42218,50.02,50.04,49.97,50.02,143,SIZ5
2025-11-24 15:08:00+00:00,33,1,42218,50.015,50.04,49.99,50.025,82,SIZ5
2025-11-24 15:09:00+00:00,33,1,42218,50.03,50.07,50.03,50.03,67,SIZ5
2025-11-24 15:10:00+00:00,33,1,42218,50.025,50.055,50.01,50.035,73,SIZ5
2025-11-24 15:11:00+00:00,33,1,42218,50.03,50.08,50.01,50.075,90,SIZ5
2025-11-24 15:12:00+00:00,33,1,42218,50.08,50.095,50.06,50.08,60,SIZ5
2025-11-24 15:13:00+00:00,33,1,42218,50.085,50.11,50.075,50.095,64,SIZ5
2025-11-24 15:14:00+00:00,33,1,42218,50.095,50.13,50.09,50.09,53,SIZ5
2025-11-24 15:15:00+00:00,33,1,42218,50.095,50.095,50.065,50.08,54,SIZ5
2025-11-24 15:16:00+00:00,33,1,42218,50.055,50.105,50.045,50.095,45,SIZ5
2025-11-24 15:17:00+00:00,33,1,42218,50.1,50.12,50.075,50.075,66,SIZ5
2025-11-24 15:18:00+00:00,33,1,42218,50.08,50.09,50.045,50.055,30,SIZ5
2025-11-24 15:19:00+00:00,33,1,42218,50.06,50.075,50.035,50.05,43,SIZ5
2025-11-24 15:20:00+00:00,33,1,42218,50.055,50.06,50.035,50.055,50,SIZ5
2025-11-24 15:21:00+00:00,33,1,42218,50.04,50.065,50.03,50.055,38,SIZ5
2025-11-24 15:22:00+00:00,33,1,42218,50.05,50.065,50.015,50.045,81,SIZ5
2025-11-24 15:23:00+00:00,33,1,42218,50.045,50.06,50.02,50.05,37,SIZ5
2025-11-24 15:24:00+00:00,33,1,42218,50.045,50.045,50.005,50.02,71,SIZ5
2025-11-24 15:25:00+00:00,33,1,42218,50.02,50.03,49.975,50.015,107,SIZ5
2025-11-24 15:26:00+00:00,33,1,42218,50.015,50.045,49.995,50.04,40,SIZ5
2025-11-24 15:27:00+00:00,33,1,42218,50.03,50.09,50.03,50.065,91,SIZ5
2025-11-24 15:28:00+00:00,33,1,42218,50.075,50.12,50.065,50.115,188,SIZ5
2025-11-24 15:29:00+00:00,33,1,42218,50.105,50.115,50.045,50.045,58,SIZ5
2025-11-24 15:30:00+00:00,33,1,42218,50.04,50.055,50.015,50.055,184,SIZ5
2025-11-24 15:31:00+00:00,33,1,42218,50.06,50.125,50.055,50.115,160,SIZ5
2025-11-24 15:32:00+00:00,33,1,42218,50.13,50.16,50.11,50.13,222,SIZ5
2025-11-24 15:33:00+00:00,33,1,42218,50.13,50.13,50.085,50.1,47,SIZ5
2025-11-24 15:34:00+00:00,33,1,42218,50.105,50.12,50.085,50.11,53,SIZ5
2025-11-24 15:35:00+00:00,33,1,42218,50.115,50.115,50.065,50.105,60,SIZ5
2025-11-24 15:36:00+00:00,33,1,42218,50.115,50.12,50.075,50.105,39,SIZ5
2025-11-24 15:37:00+00:00,33,1,42218,50.1,50.115,50.06,50.1,36,SIZ5
2025-11-24 15:38:00+00:00,33,1,42218,50.08,50.105,50.06,50.08,51,SIZ5
2025-11-24 15:39:00+00:00,33,1,42218,50.08,50.085,50.05,50.065,28,SIZ5
2025-11-24 15:40:00+00:00,33,1,42218,50.07,50.08,50.055,50.065,46,SIZ5
2025-11-24 15:41:00+00:00,33,1,42218,50.075,50.13,50.065,50.105,81,SIZ5
2025-11-24 15:42:00+00:00,33,1,42218,50.11,50.115,50.08,50.115,18,SIZ5
2025-11-24 15:43:00+00:00,33,1,42218,50.115,50.115,50.1,50.115,25,SIZ5
2025-11-24 15:44:00+00:00,33,1,42218,50.12,50.13,50.095,50.125,34,SIZ5
2025-11-24 15:45:00+00:00,33,1,42218,50.13,50.145,50.115,50.13,75,SIZ5
2025-11-24 15:46:00+00:00,33,1,42218,50.125,50.17,50.115,50.16,124,SIZ5
2025-11-24 15:47:00+00:00,33,1,42218,50.165,50.19,50.165,50.175,82,SIZ5
2025-11-24 15:48:00+00:00,33,1,42218,50.175,50.185,50.155,50.17,123,SIZ5
2025-11-24 15:49:00+00:00,33,1,42218,50.175,50.195,50.16,50.175,59,SIZ5
2025-11-24 15:50:00+00:00,33,1,42218,50.17,50.18,50.145,50.165,42,SIZ5
2025-11-24 15:51:00+00:00,33,1,42218,50.155,50.165,50.14,50.155,44,SIZ5
2025-11-24 15:52:00+00:00,33,1,42218,50.155,50.17,50.13,50.13,33,SIZ5
2025-11-24 15:53:00+00:00,33,1,42218,50.14,50.155,50.135,50.15,33,SIZ5
2025-11-24 15:54:00+00:00,33,1,42218,50.155,50.155,50.115,50.125,66,SIZ5
2025-11-24 15:55:00+00:00,33,1,42218,50.12,50.12,50.065,50.075,119,SIZ5
2025-11-24 15:56:00+00:00,33,1,42218,50.075,50.12,50.065,50.1,72,SIZ5
2025-11-24 15:57:00+00:00,33,1,42218,50.11,50.12,50.065,50.115,75,SIZ5
2025-11-24 15:58:00+00:00,33,1,42218,50.105,50.105,50.075,50.09,60,SIZ5
2025-11-24 15:59:00+00:00,33,1,42218,50.085,50.115,50.085,50.095,25,SIZ5
2025-11-24 16:00:00+00:00,33,1,42218,50.1,50.115,50.09,50.1,36,SIZ5
2025-11-24 16:01:00+00:00,33,1,42218,50.11,50.13,50.07,50.07,64,SIZ5
2025-11-24 16:02:00+00:00,33,1,42218,50.065,50.145,50.05,50.135,98,SIZ5
2025-11-24 16:03:00+00:00,33,1,42218,50.125,50.16,50.1,50.105,78,SIZ5
2025-11-24 16:04:00+00:00,33,1,42218,50.095,50.115,50.08,50.115,35,SIZ5
2025-11-24 16:05:00+00:00,33,1,42218,50.125,50.125,50.085,50.1,30,SIZ5
2025-11-24 16:06:00+00:00,33,1,42218,50.09,50.09,50.055,50.07,75,SIZ5
2025-11-24 16:07:00+00:00,33,1,42218,50.07,50.08,50.055,50.08,25,SIZ5
2025-11-24 16:08:00+00:00,33,1,42218,50.08,50.11,50.075,50.105,28,SIZ5
2025-11-24 16:09:00+00:00,33,1,42218,50.11,50.16,50.11,50.15,69,SIZ5
2025-11-24 16:10:00+00:00,33,1,42218,50.15,50.165,50.105,50.11,34,SIZ5
2025-11-24 16:11:00+00:00,33,1,42218,50.115,50.135,50.1,50.125,72,SIZ5
2025-11-24 16:12:00+00:00,33,1,42218,50.125,50.155,50.125,50.155,22,SIZ5
2025-11-24 16:13:00+00:00,33,1,42218,50.16,50.16,50.14,50.155,34,SIZ5
2025-11-24 16:14:00+00:00,33,1,42218,50.135,50.155,50.125,50.155,37,SIZ5
2025-11-24 16:15:00+00:00,33,1,42218,50.16,50.16,50.12,50.12,17,SIZ5
2025-11-24 16:16:00+00:00,33,1,42218,50.11,50.14,50.11,50.14,11,SIZ5
2025-11-24 16:17:00+00:00,33,1,42218,50.13,50.135,50.095,50.095,10,SIZ5
2025-11-24 16:18:00+00:00,33,1,42218,50.11,50.115,50.105,50.115,6,SIZ5
2025-11-24 16:19:00+00:00,33,1,42218,50.12,50.125,50.11,50.12,10,SIZ5
2025-11-24 16:20:00+00:00,33,1,42218,50.13,50.165,50.13,50.16,43,SIZ5
2025-11-24 16:21:00+00:00,33,1,42218,50.165,50.17,50.135,50.135,23,SIZ5
2025-11-24 16:22:00+00:00,33,1,42218,50.135,50.145,50.125,50.14,17,SIZ5
2025-11-24 16:23:00+00:00,33,1,42218,50.14,50.14,50.125,50.13,16,SIZ5
2025-11-24 16:24:00+00:00,33,1,42218,50.13,50.14,50.125,50.14,11,SIZ5
2025-11-24 16:25:00+00:00,33,1,42218,50.14,50.145,50.135,50.145,8,SIZ5
2025-11-24 16:26:00+00:00,33,1,42218,50.145,50.145,50.135,50.14,24,SIZ5
2025-11-24 16:27:00+00:00,33,1,42218,50.15,50.205,50.14,50.175,66,SIZ5
2025-11-24 16:28:00+00:00,33,1,42218,50.17,50.19,50.165,50.17,20,SIZ5
2025-11-24 16:29:00+00:00,33,1,42218,50.175,50.185,50.145,50.15,42,SIZ5
2025-11-24 16:30:00+00:00,33,1,42218,50.145,50.205,50.135,50.2,50,SIZ5
2025-11-24 16:31:00+00:00,33,1,42218,50.195,50.195,50.155,50.16,40,SIZ5
2025-11-24 16:32:00+00:00,33,1,42218,50.145,50.195,50.145,50.18,111,SIZ5
2025-11-24 16:33:00+00:00,33,1,42218,50.18,50.205,50.155,50.2,33,SIZ5
2025-11-24 16:34:00+00:00,33,1,42218,50.22,50.225,50.19,50.19,32,SIZ5
2025-11-24 16:35:00+00:00,33,1,42218,50.185,50.2,50.18,50.2,75,SIZ5
2025-11-24 16:36:00+00:00,33,1,42218,50.195,50.225,50.195,50.22,52,SIZ5
2025-11-24 16:37:00+00:00,33,1,42218,50.215,50.225,50.205,50.215,75,SIZ5
2025-11-24 16:38:00+00:00,33,1,42218,50.22,50.22,50.19,50.2,60,SIZ5
2025-11-24 16:39:00+00:00,33,1,42218,50.195,50.21,50.185,50.21,61,SIZ5
2025-11-24 16:40:00+00:00,33,1,42218,50.21,50.215,50.185,50.2,83,SIZ5
2025-11-24 16:41:00+00:00,33,1,42218,50.185,50.215,50.185,50.2,47,SIZ5
2025-11-24 16:42:00+00:00,33,1,42218,50.205,50.24,50.205,50.23,43,SIZ5
2025-11-24 16:43:00+00:00,33,1,42218,50.235,50.235,50.22,50.225,20,SIZ5
2025-11-24 16:44:00+00:00,33,1,42218,50.24,50.25,50.225,50.23,56,SIZ5
2025-11-24 16:45:00+00:00,33,1,42218,50.23,50.23,50.215,50.225,22,SIZ5
2025-11-24 16:46:00+00:00,33,1,42218,50.22,50.23,50.21,50.22,31,SIZ5
2025-11-24 16:47:00+00:00,33,1,42218,50.22,50.26,50.22,50.25,72,SIZ5
2025-11-24 16:48:00+00:00,33,1,42218,50.245,50.255,50.24,50.24,39,SIZ5
2025-11-24 16:49:00+00:00,33,1,42218,50.25,50.255,50.245,50.245,26,SIZ5
2025-11-24 16:50:00+00:00,33,1,42218,50.245,50.26,50.235,50.25,27,SIZ5
2025-11-24 16:51:00+00:00,33,1,42218,50.25,50.25,50.225,50.25,31,SIZ5
2025-11-24 16:52:00+00:00,33,1,42218,50.255,50.255,50.245,50.245,21,SIZ5
2025-11-24 16:53:00+00:00,33,1,42218,50.255,50.255,50.245,50.25,15,SIZ5
2025-11-24 16:54:00+00:00,33,1,42218,50.255,50.255,50.22,50.235,13,SIZ5
2025-11-24 16:55:00+00:00,33,1,42218,50.22,50.23,50.2,50.225,69,SIZ5
2025-11-24 16:56:00+00:00,33,1,42218,50.23,50.235,50.225,50.225,13,SIZ5
2025-11-24 16:57:00+00:00,33,1,42218,50.225,50.25,50.22,50.24,49,SIZ5
2025-11-24 16:58:00+00:00,33,1,42218,50.245,50.285,50.24,50.255,148,SIZ5
2025-11-24 16:59:00+00:00,33,1,42218,50.255,50.275,50.24,50.275,52,SIZ5
2025-11-24 17:00:00+00:00,33,1,42218,50.27,50.295,50.255,50.265,70,SIZ5
2025-11-24 17:01:00+00:00,33,1,42218,50.26,50.275,50.26,50.265,17,SIZ5
2025-11-24 17:02:00+00:00,33,1,42218,50.26,50.26,50.23,50.245,146,SIZ5
2025-11-24 17:03:00+00:00,33,1,42218,50.245,50.245,50.22,50.23,23,SIZ5
2025-11-24 17:04:00+00:00,33,1,42218,50.24,50.245,50.205,50.215,30,SIZ5
2025-11-24 17:05:00+00:00,33,1,42218,50.22,50.23,50.18,50.18,39,SIZ5
2025-11-24 17:06:00+00:00,33,1,42218,50.18,50.2,50.165,50.2,52,SIZ5
2025-11-24 17:07:00+00:00,33,1,42218,50.205,50.23,50.19,50.2,59,SIZ5
2025-11-24 17:08:00+00:00,33,1,42218,50.185,50.2,50.17,50.175,59,SIZ5
2025-11-24 17:09:00+00:00,33,1,42218,50.17,50.175,50.155,50.175,11,SIZ5
2025-11-24 17:10:00+00:00,33,1,42218,50.16,50.175,50.145,50.165,42,SIZ5
2025-11-24 17:11:00+00:00,33,1,42218,50.17,50.18,50.16,50.16,53,SIZ5
2025-11-24 17:12:00+00:00,33,1,42218,50.165,50.175,50.14,50.145,33,SIZ5
2025-11-24 17:13:00+00:00,33,1,42218,50.145,50.165,50.14,50.165,10,SIZ5
2025-11-24 17:14:00+00:00,33,1,42218,50.16,50.17,50.16,50.16,9,SIZ5
2025-11-24 17:15:00+00:00,33,1,42218,50.165,50.19,50.165,50.18,17,SIZ5
2025-11-24 17:16:00+00:00,33,1,42218,50.185,50.2,50.185,50.185,20,SIZ5
2025-11-24 17:17:00+00:00,33,1,42218,50.18,50.2,50.18,50.195,28,SIZ5
2025-11-24 17:18:00+00:00,33,1,42218,50.185,50.185,50.165,50.165,13,SIZ5
2025-11-24 17:19:00+00:00,33,1,42218,50.175,50.175,50.16,50.16,17,SIZ5
2025-11-24 17:20:00+00:00,33,1,42218,50.165,50.175,50.16,50.165,13,SIZ5
2025-11-24 17:21:00+00:00,33,1,42218,50.18,50.19,50.18,50.185,21,SIZ5
2025-11-24 17:22:00+00:00,33,1,42218,50.18,50.21,50.18,50.195,57,SIZ5
2025-11-24 17:23:00+00:00,33,1,42218,50.2,50.235,50.2,50.215,83,SIZ5
2025-11-24 17:24:00+00:00,33,1,42218,50.22,50.23,50.21,50.23,36,SIZ5
2025-11-24 17:25:00+00:00,33,1,42218,50.22,50.225,50.215,50.225,20,SIZ5
2025-11-24 17:26:00+00:00,33,1,42218,50.22,50.235,50.205,50.215,24,SIZ5
2025-11-24 17:27:00+00:00,33,1,42218,50.215,50.23,50.215,50.225,15,SIZ5
2025-11-24 17:28:00+00:00,33,1,42218,50.22,50.255,50.215,50.25,49,SIZ5
2025-11-24 17:29:00+00:00,33,1,42218,50.25,50.25,50.235,50.25,13,SIZ5
2025-11-24 17:30:00+00:00,33,1,42218,50.24,50.24,50.215,50.22,18,SIZ5
2025-11-24 17:31:00+00:00,33,1,42218,50.225,50.245,50.215,50.24,12,SIZ5
2025-11-24 17:32:00+00:00,33,1,42218,50.24,50.245,50.24,50.24,4,SIZ5
2025-11-24 17:33:00+00:00,33,1,42218,50.225,50.245,50.225,50.245,12,SIZ5
2025-11-24 17:34:00+00:00,33,1,42218,50.245,50.26,50.245,50.26,17,SIZ5
2025-11-24 17:35:00+00:00,33,1,42218,50.25,50.265,50.24,50.255,49,SIZ5
2025-11-24 17:36:00+00:00,33,1,42218,50.245,50.265,50.245,50.265,14,SIZ5
2025-11-24 17:37:00+00:00,33,1,42218,50.265,50.265,50.255,50.26,12,SIZ5
2025-11-24 17:38:00+00:00,33,1,42218,50.245,50.25,50.24,50.25,34,SIZ5
2025-11-24 17:39:00+00:00,33,1,42218,50.245,50.28,50.245,50.25,36,SIZ5
2025-11-24 17:40:00+00:00,33,1,42218,50.255,50.29,50.255,50.285,33,SIZ5
2025-11-24 17:41:00+00:00,33,1,42218,50.285,50.285,50.25,50.255,42,SIZ5
2025-11-24 17:42:00+00:00,33,1,42218,50.255,50.28,50.255,50.27,22,SIZ5
2025-11-24 17:43:00+00:00,33,1,42218,50.275,50.285,50.27,50.27,15,SIZ5
2025-11-24 17:44:00+00:00,33,1,42218,50.28,50.305,50.28,50.285,45,SIZ5
2025-11-24 17:45:00+00:00,33,1,42218,50.28,50.32,50.275,50.31,51,SIZ5
2025-11-24 17:46:00+00:00,33,1,42218,50.315,50.335,50.305,50.315,97,SIZ5
2025-11-24 17:47:00+00:00,33,1,42218,50.315,50.335,50.315,50.33,52,SIZ5
2025-11-24 17:48:00+00:00,33,1,42218,50.325,50.34,50.315,50.315,29,SIZ5
2025-11-24 17:49:00+00:00,33,1,42218,50.32,50.43,50.32,50.425,264,SIZ5
2025-11-24 17:50:00+00:00,33,1,42218,50.42,50.44,50.41,50.41,86,SIZ5
2025-11-24 17:51:00+00:00,33,1,42218,50.415,50.44,50.405,50.405,118,SIZ5
2025-11-24 17:52:00+00:00,33,1,42218,50.41,50.43,50.4,50.415,51,SIZ5
2025-11-24 17:53:00+00:00,33,1,42218,50.415,50.425,50.4,50.4,57,SIZ5
2025-11-24 17:54:00+00:00,33,1,42218,50.405,50.42,50.405,50.405,30,SIZ5
2025-11-24 17:55:00+00:00,33,1,42218,50.4,50.405,50.35,50.365,119,SIZ5
2025-11-24 17:56:00+00:00,33,1,42218,50.36,50.375,50.345,50.375,51,SIZ5
2025-11-24 17:57:00+00:00,33,1,42218,50.385,50.385,50.345,50.35,20,SIZ5
2025-11-24 17:58:00+00:00,33,1,42218,50.345,50.345,50.325,50.335,35,SIZ5
2025-11-24 17:59:00+00:00,33,1,42218,50.33,50.35,50.31,50.31,44,SIZ5
2025-11-24 18:00:00+00:00,33,1,42218,50.31,50.315,50.3,50.315,40,SIZ5
2025-11-24 18:01:00+00:00,33,1,42218,50.305,50.33,50.3,50.3,35,SIZ5
2025-11-24 18:02:00+00:00,33,1,42218,50.295,50.33,50.29,50.315,65,SIZ5
2025-11-24 18:03:00+00:00,33,1,42218,50.315,50.33,50.3,50.315,44,SIZ5
2025-11-24 18:04:00+00:00,33,1,42218,50.31,50.31,50.26,50.27,63,SIZ5
2025-11-24 18:05:00+00:00,33,1,42218,50.26,50.28,50.22,50.235,74,SIZ5
2025-11-24 18:06:00+00:00,33,1,42218,50.23,50.27,50.225,50.27,61,SIZ5
2025-11-24 18:07:00+00:00,33,1,42218,50.275,50.295,50.235,50.25,109,SIZ5
2025-11-24 18:08:00+00:00,33,1,42218,50.25,50.275,50.245,50.275,62,SIZ5
2025-11-24 18:09:00+00:00,33,1,42218,50.265,50.31,50.26,50.3,100,SIZ5
2025-11-24 18:10:00+00:00,33,1,42218,50.3,50.34,50.295,50.33,123,SIZ5
2025-11-24 18:11:00+00:00,33,1,42218,50.33,50.35,50.3,50.315,82,SIZ5
2025-11-24 18:12:00+00:00,33,1,42218,50.315,50.345,50.315,50.345,25,SIZ5
2025-11-24 18:13:00+00:00,33,1,42218,50.335,50.355,50.335,50.35,22,SIZ5
2025-11-24 18:14:00+00:00,33,1,42218,50.35,50.355,50.34,50.355,25,SIZ5
2025-11-24 18:15:00+00:00,33,1,42218,50.35,50.36,50.34,50.34,19,SIZ5
2025-11-24 18:16:00+00:00,33,1,42218,50.35,50.37,50.34,50.34,16,SIZ5
2025-11-24 18:17:00+00:00,33,1,42218,50.33,50.335,50.305,50.335,32,SIZ5
2025-11-24 18:18:00+00:00,33,1,42218,50.335,50.35,50.335,50.35,18,SIZ5
2025-11-24 18:19:00+00:00,33,1,42218,50.345,50.345,50.32,50.33,30,SIZ5
2025-11-24 18:20:00+00:00,33,1,42218,50.33,50.355,50.33,50.34,29,SIZ5
2025-11-24 18:21:00+00:00,33,1,42218,50.345,50.345,50.325,50.345,12,SIZ5
2025-11-24 18:22:00+00:00,33,1,42218,50.35,50.355,50.33,50.33,26,SIZ5
2025-11-24 18:23:00+00:00,33,1,42218,50.33,50.37,50.33,50.365,66,SIZ5
2025-11-24 18:24:00+00:00,33,1,42218,50.36,50.365,50.285,50.3,214,SIZ5
2025-11-24 18:25:00+00:00,33,1,42218,50.305,50.325,50.3,50.32,55,SIZ5
2025-11-24 18:26:00+00:00,33,1,42218,50.33,50.345,50.33,50.335,19,SIZ5
2025-11-24 18:27:00+00:00,33,1,42218,50.335,50.335,50.325,50.325,19,SIZ5
2025-11-24 18:28:00+00:00,33,1,42218,50.32,50.325,50.315,50.32,30,SIZ5
2025-11-24 18:29:00+00:00,33,1,42218,50.325,50.325,50.315,50.315,11,SIZ5
2025-11-24 18:30:00+00:00,33,1,42218,50.32,50.38,50.32,50.36,59,SIZ5
2025-11-24 18:31:00+00:00,33,1,42218,50.36,50.385,50.36,50.38,43,SIZ5
2025-11-24 18:32:00+00:00,33,1,42218,50.375,50.39,50.375,50.38,12,SIZ5
2025-11-24 18:33:00+00:00,33,1,42218,50.37,50.39,50.365,50.385,31,SIZ5
2025-11-24 18:34:00+00:00,33,1,42218,50.375,50.38,50.365,50.365,31,SIZ5
2025-11-24 18:35:00+00:00,33,1,42218,50.36,50.375,50.355,50.375,10,SIZ5
2025-11-24 18:36:00+00:00,33,1,42218,50.365,50.405,50.365,50.4,86,SIZ5
2025-11-24 18:37:00+00:00,33,1,42218,50.395,50.46,50.385,50.45,159,SIZ5
2025-11-24 18:38:00+00:00,33,1,42218,50.46,50.545,50.455,50.515,381,SIZ5
2025-11-24 18:39:00+00:00,33,1,42218,50.51,50.585,50.51,50.575,275,SIZ5
2025-11-24 18:40:00+00:00,33,1,42218,50.58,50.64,50.58,50.605,394,SIZ5
2025-11-24 18:41:00+00:00,33,1,42218,50.6,50.625,50.565,50.62,104,SIZ5
2025-11-24 18:42:00+00:00,33,1,42218,50.625,50.64,50.61,50.615,57,SIZ5
2025-11-24 18:43:00+00:00,33,1,42218,50.61,50.615,50.58,50.59,51,SIZ5
2025-11-24 18:44:00+00:00,33,1,42218,50.585,50.65,50.585,50.645,85,SIZ5
2025-11-24 18:45:00+00:00,33,1,42218,50.645,50.74,50.64,50.715,197,SIZ5
2025-11-24 18:46:00+00:00,33,1,42218,50.725,50.725,50.66,50.66,102,SIZ5
2025-11-24 18:47:00+00:00,33,1,42218,50.66,50.66,50.625,50.64,30,SIZ5
2025-11-24 18:48:00+00:00,33,1,42218,50.64,50.655,50.63,50.655,26,SIZ5
2025-11-24 18:49:00+00:00,33,1,42218,50.655,50.69,50.655,50.675,63,SIZ5
2025-11-24 18:50:00+00:00,33,1,42218,50.68,50.7,50.665,50.7,89,SIZ5
2025-11-24 18:51:00+00:00,33,1,42218,50.71,50.74,50.705,50.72,82,SIZ5
2025-11-24 18:52:00+00:00,33,1,42218,50.725,50.765,50.715,50.755,90,SIZ5
2025-11-24 18:53:00+00:00,33,1,42218,50.755,50.785,50.71,50.71,269,SIZ5
2025-11-24 18:54:00+00:00,33,1,42218,50.71,50.73,50.7,50.715,60,SIZ5
2025-11-24 18:55:00+00:00,33,1,42218,50.7,50.73,50.695,50.715,89,SIZ5
2025-11-24 18:56:00+00:00,33,1,42218,50.71,50.725,50.68,50.705,115,SIZ5
2025-11-24 18:57:00+00:00,33,1,42218,50.69,50.72,50.69,50.71,19,SIZ5
2025-11-24 18:58:00+00:00,33,1,42218,50.695,50.7,50.68,50.7,20,SIZ5
2025-11-24 18:59:00+00:00,33,1,42218,50.705,50.71,50.695,50.695,27,SIZ5
2025-11-24 19:00:00+00:00,33,1,42218,50.705,50.71,50.695,50.705,48,SIZ5
2025-11-24 19:01:00+00:00,33,1,42218,50.705,50.74,50.705,50.725,81,SIZ5
2025-11-24 19:02:00+00:00,33,1,42218,50.75,50.75,50.72,50.72,22,SIZ5
2025-11-24 19:03:00+00:00,33,1,42218,50.73,50.75,50.72,50.73,14,SIZ5
2025-11-24 19:04:00+00:00,33,1,42218,50.72,50.72,50.655,50.665,57,SIZ5
2025-11-24 19:05:00+00:00,33,1,42218,50.665,50.69,50.66,50.68,48,SIZ5
2025-11-24 19:06:00+00:00,33,1,42218,50.685,50.715,50.675,50.705,44,SIZ5
2025-11-24 19:07:00+00:00,33,1,42218,50.7,50.7,50.68,50.69,13,SIZ5
2025-11-24 19:08:00+00:00,33,1,42218,50.7,50.715,50.695,50.715,15,SIZ5
2025-11-24 19:09:00+00:00,33,1,42218,50.705,50.71,50.69,50.7,16,SIZ5
2025-11-24 19:10:00+00:00,33,1,42218,50.7,50.705,50.665,50.675,23,SIZ5
2025-11-24 19:11:00+00:00,33,1,42218,50.68,50.685,50.665,50.675,34,SIZ5
2025-11-24 19:12:00+00:00,33,1,42218,50.68,50.685,50.655,50.685,19,SIZ5
2025-11-24 19:13:00+00:00,33,1,42218,50.685,50.685,50.665,50.68,39,SIZ5
2025-11-24 19:14:00+00:00,33,1,42218,50.675,50.675,50.67,50.675,7,SIZ5
2025-11-24 19:15:00+00:00,33,1,42218,50.67,50.675,50.66,50.675,30,SIZ5
2025-11-24 19:16:00+00:00,33,1,42218,50.67,50.675,50.64,50.665,12,SIZ5
2025-11-24 19:17:00+00:00,33,1,42218,50.665,50.67,50.645,50.65,16,SIZ5
2025-11-24 19:18:00+00:00,33,1,42218,50.66,50.695,50.66,50.695,9,SIZ5
2025-11-24 19:19:00+00:00,33,1,42218,50.695,50.71,50.685,50.705,15,SIZ5
2025-11-24 19:20:00+00:00,33,1,42218,50.7,50.7,50.675,50.685,7,SIZ5
2025-11-24 19:21:00+00:00,33,1,42218,50.675,50.7,50.675,50.69,11,SIZ5
2025-11-24 19:22:00+00:00,33,1,42218,50.675,50.68,50.665,50.68,13,SIZ5
2025-11-24 19:23:00+00:00,33,1,42218,50.695,50.73,50.695,50.725,32,SIZ5
2025-11-24 19:24:00+00:00,33,1,42218,50.725,50.74,50.72,50.73,28,SIZ5
2025-11-24 19:25:00+00:00,33,1,42218,50.725,50.765,50.705,50.72,165,SIZ5
2025-11-24 19:26:00+00:00,33,1,42218,50.73,50.74,50.725,50.735,23,SIZ5
2025-11-24 19:27:00+00:00,33,1,42218,50.715,50.735,50.715,50.72,14,SIZ5
2025-11-24 19:28:00+00:00,33,1,42218,50.735,50.755,50.735,50.75,50,SIZ5
2025-11-24 19:29:00+00:00,33,1,42218,50.745,50.745,50.74,50.74,10,SIZ5
2025-11-24 19:30:00+00:00,33,1,42218,50.755,50.755,50.74,50.745,21,SIZ5
2025-11-24 19:31:00+00:00,33,1,42218,50.735,50.755,50.735,50.74,10,SIZ5
2025-11-24 19:32:00+00:00,33,1,42218,50.745,50.745,50.715,50.72,16,SIZ5
2025-11-24 19:33:00+00:00,33,1,42218,50.72,50.73,50.7,50.73,33,SIZ5
2025-11-24 19:34:00+00:00,33,1,42218,50.715,50.72,50.7,50.72,14,SIZ5
2025-11-24 19:35:00+00:00,33,1,42218,50.715,50.725,50.71,50.725,13,SIZ5
2025-11-24 19:36:00+00:00,33,1,42218,50.71,50.72,50.695,50.7,21,SIZ5
2025-11-24 19:37:00+00:00,33,1,42218,50.695,50.715,50.685,50.715,15,SIZ5
2025-11-24 19:38:00+00:00,33,1,42218,50.72,50.735,50.705,50.725,29,SIZ5
2025-11-24 19:39:00+00:00,33,1,42218,50.735,50.755,50.735,50.745,18,SIZ5
2025-11-24 19:40:00+00:00,33,1,42218,50.735,50.74,50.73,50.74,9,SIZ5
2025-11-24 19:41:00+00:00,33,1,42218,50.74,50.745,50.725,50.73,10,SIZ5
2025-11-24 19:42:00+00:00,33,1,42218,50.7,50.735,50.7,50.73,25,SIZ5
2025-11-24 19:43:00+00:00,33,1,42218,50.73,50.73,50.72,50.73,6,SIZ5
2025-11-24 19:44:00+00:00,33,1,42218,50.74,50.745,50.73,50.735,15,SIZ5
2025-11-24 19:45:00+00:00,33,1,42218,50.73,50.73,50.72,50.725,12,SIZ5
2025-11-24 19:46:00+00:00,33,1,42218,50.73,50.765,50.73,50.765,40,SIZ5
2025-11-24 19:47:00+00:00,33,1,42218,50.765,50.785,50.76,50.76,13,SIZ5
2025-11-24 19:48:00+00:00,33,1,42218,50.77,50.785,50.77,50.785,12,SIZ5
2025-11-24 19:49:00+00:00,33,1,42218,50.785,50.835,50.78,50.805,246,SIZ5
2025-11-24 19:50:00+00:00,33,1,42218,50.81,50.865,50.805,50.835,123,SIZ5
2025-11-24 19:51:00+00:00,33,1,42218,50.845,50.89,50.825,50.855,155,SIZ5
2025-11-24 19:52:00+00:00,33,1,42218,50.86,50.91,50.845,50.87,192,SIZ5
2025-11-24 19:53:00+00:00,33,1,42218,50.875,50.88,50.86,50.88,90,SIZ5
2025-11-24 19:54:00+00:00,33,1,42218,50.88,50.92,50.85,50.915,160,SIZ5
2025-11-24 19:55:00+00:00,33,1,42218,50.915,50.945,50.915,50.94,53,SIZ5
2025-11-24 19:56:00+00:00,33,1,42218,50.94,50.955,50.905,50.94,159,SIZ5
2025-11-24 19:57:00+00:00,33,1,42218,50.94,50.95,50.935,50.94,29,SIZ5
2025-11-24 19:58:00+00:00,33,1,42218,50.945,50.945,50.925,50.94,15,SIZ5
2025-11-24 19:59:00+00:00,33,1,42218,50.94,50.945,50.91,50.915,23,SIZ5
2025-11-24 20:00:00+00:00,33,1,42218,50.92,50.96,50.915,50.93,106,SIZ5
2025-11-24 20:01:00+00:00,33,1,42218,50.93,50.95,50.93,50.945,18,SIZ5
2025-11-24 20:02:00+00:00,33,1,42218,50.945,50.995,50.945,50.995,77,SIZ5
2025-11-24 20:03:00+00:00,33,1,42218,50.985,51.0,50.935,50.935,75,SIZ5
2025-11-24 20:04:00+00:00,33,1,42218,50.94,50.965,50.925,50.965,46,SIZ5
2025-11-24 20:05:00+00:00,33,1,42218,50.965,50.995,50.955,50.99,21,SIZ5
2025-11-24 20:06:00+00:00,33,1,42218,50.985,51.01,50.975,51.005,78,SIZ5
2025-11-24 20:07:00+00:00,33,1,42218,51.0,51.0,50.975,50.99,83,SIZ5
2025-11-24 20:08:00+00:00,33,1,42218,50.995,50.995,50.965,50.965,25,SIZ5
2025-11-24 20:09:00+00:00,33,1,42218,50.965,50.975,50.965,50.97,8,SIZ5
2025-11-24 20:10:00+00:00,33,1,42218,50.965,50.975,50.955,50.975,20,SIZ5
2025-11-24 20:11:00+00:00,33,1,42218,50.975,51.03,50.965,51.02,80,SIZ5
2025-11-24 20:12:00+00:00,33,1,42218,51.02,51.035,51.015,51.02,56,SIZ5
2025-11-24 20:13:00+00:00,33,1,42218,51.02,51.02,50.985,51.0,36,SIZ5
2025-11-24 20:14:00+00:00,33,1,42218,50.99,51.005,50.985,51.005,62,SIZ5
2025-11-24 20:15:00+00:00,33,1,42218,51.005,51.02,50.995,51.015,20,SIZ5
2025-11-24 20:16:00+00:00,33,1,42218,51.015,51.02,51.005,51.01,16,SIZ5
2025-11-24 20:17:00+00:00,33,1,42218,51.02,51.02,51.0,51.02,40,SIZ5
2025-11-24 20:18:00+00:00,33,1,42218,51.01,51.055,51.005,51.035,59,SIZ5
2025-11-24 20:19:00+00:00,33,1,42218,51.035,51.05,51.025,51.04,34,SIZ5
2025-11-24 20:20:00+00:00,33,1,42218,51.035,51.055,51.035,51.05,17,SIZ5
2025-11-24 20:21:00+00:00,33,1,42218,51.04,51.085,51.04,51.075,39,SIZ5
2025-11-24 20:22:00+00:00,33,1,42218,51.07,51.075,51.07,51.07,6,SIZ5
2025-11-24 20:23:00+00:00,33,1,42218,51.07,51.085,51.055,51.085,78,SIZ5
2025-11-24 20:24:00+00:00,33,1,42218,51.085,51.09,51.07,51.085,70,SIZ5
2025-11-24 20:25:00+00:00,33,1,42218,51.075,51.085,51.06,51.075,64,SIZ5
2025-11-24 20:26:00+00:00,33,1,42218,51.05,51.06,51.035,51.055,25,SIZ5
2025-11-24 20:27:00+00:00,33,1,42218,51.05,51.065,51.04,51.06,35,SIZ5
2025-11-24 20:28:00+00:00,33,1,42218,51.06,51.075,51.045,51.05,35,SIZ5
2025-11-24 20:29:00+00:00,33,1,42218,51.055,51.08,51.045,51.075,34,SIZ5
2025-11-24 20:30:00+00:00,33,1,42218,51.075,51.125,51.075,51.125,61,SIZ5
2025-11-24 20:31:00+00:00,33,1,42218,51.13,51.155,51.11,51.155,91,SIZ5
2025-11-24 20:32:00+00:00,33,1,42218,51.15,51.16,51.135,51.135,19,SIZ5
2025-11-24 20:33:00+00:00,33,1,42218,51.145,51.195,51.135,51.18,51,SIZ5
2025-11-24 20:34:00+00:00,33,1,42218,51.185,51.185,51.13,51.15,54,SIZ5
2025-11-24 20:35:00+00:00,33,1,42218,51.15,51.175,51.145,51.165,22,SIZ5
2025-11-24 20:36:00+00:00,33,1,42218,51.165,51.18,51.16,51.175,22,SIZ5
2025-11-24 20:37:00+00:00,33,1,42218,51.17,51.2,51.17,51.185,75,SIZ5
2025-11-24 20:38:00+00:00,33,1,42218,51.185,51.195,51.175,51.195,60,SIZ5
2025-11-24 20:39:00+00:00,33,1,42218,51.185,51.185,51.155,51.165,37,SIZ5
2025-11-24 20:40:00+00:00,33,1,42218,51.175,51.19,51.17,51.19,26,SIZ5
2025-11-24 20:41:00+00:00,33,1,42218,51.185,51.195,51.18,51.18,37,SIZ5
2025-11-24 20:42:00+00:00,33,1,42218,51.185,51.185,51.165,51.165,41,SIZ5
2025-11-24 20:43:00+00:00,33,1,42218,51.17,51.17,51.16,51.165,26,SIZ5
2025-11-24 20:44:00+00:00,33,1,42218,51.17,51.185,51.165,51.18,33,SIZ5
2025-11-24 20:45:00+00:00,33,1,42218,51.18,51.19,51.17,51.18,39,SIZ5
2025-11-24 20:46:00+00:00,33,1,42218,51.18,51.195,51.175,51.185,16,SIZ5
2025-11-24 20:47:00+00:00,33,1,42218,51.185,51.195,51.17,51.175,54,SIZ5
2025-11-24 20:48:00+00:00,33,1,42218,51.17,51.17,51.12,51.135,59,SIZ5
2025-11-24 20:49:00+00:00,33,1,42218,51.13,51.16,51.125,51.16,55,SIZ5
2025-11-24 20:50:00+00:00,33,1,42218,51.15,51.165,51.145,51.155,30,SIZ5
2025-11-24 20:51:00+00:00,33,1,42218,51.16,51.17,51.145,51.155,27,SIZ5
2025-11-24 20:52:00+00:00,33,1,42218,51.155,51.16,51.14,51.145,76,SIZ5
2025-11-24 20:53:00+00:00,33,1,42218,51.15,51.165,51.145,51.165,21,SIZ5
2025-11-24 20:54:00+00:00,33,1,42218,51.17,51.185,51.17,51.185,38,SIZ5
2025-11-24 20:55:00+00:00,33,1,42218,51.185,51.195,51.18,51.185,31,SIZ5
2025-11-24 20:56:00+00:00,33,1,42218,51.175,51.195,51.175,51.195,12,SIZ5
2025-11-24 20:57:00+00:00,33,1,42218,51.19,51.19,51.14,51.165,56,SIZ5
2025-11-24 20:58:00+00:00,33,1,42218,51.145,51.18,51.145,51.18,19,SIZ5
2025-11-24 20:59:00+00:00,33,1,42218,51.18,51.185,51.165,51.17,39,SIZ5
2025-11-24 21:00:00+00:00,33,1,42218,51.165,51.175,51.16,51.16,7,SIZ5
2025-11-24 21:01:00+00:00,33,1,42218,51.17,51.19,51.17,51.175,9,SIZ5
2025-11-24 21:02:00+00:00,33,1,42218,51.145,51.165,51.145,51.165,8,SIZ5
2025-11-24 21:03:00+00:00,33,1,42218,51.16,51.165,51.16,51.165,3,SIZ5
2025-11-24 21:04:00+00:00,33,1,42218,51.155,51.155,51.135,51.135,15,SIZ5
2025-11-24 21:05:00+00:00,33,1,42218,51.135,51.135,51.12,51.135,20,SIZ5
2025-11-24 21:06:00+00:00,33,1,42218,51.13,51.155,51.13,51.15,19,SIZ5
2025-11-24 21:07:00+00:00,33,1,42218,51.165,51.185,51.165,51.185,5,SIZ5
2025-11-24 21:08:00+00:00,33,1,42218,51.185,51.19,51.175,51.18,11,SIZ5
2025-11-24 21:09:00+00:00,33,1,42218,51.17,51.17,51.16,51.17,9,SIZ5
2025-11-24 21:10:00+00:00,33,1,42218,51.175,51.18,51.17,51.18,13,SIZ5
2025-11-24 21:11:00+00:00,33,1,42218,51.175,51.19,51.175,51.19,22,SIZ5
2025-11-24 21:12:00+00:00,33,1,42218,51.185,51.185,51.18,51.185,12,SIZ5
2025-11-24 21:13:00+00:00,33,1,42218,51.18,51.18,51.175,51.18,11,SIZ5
2025-11-24 21:14:00+00:00,33,1,42218,51.175,51.18,51.175,51.175,9,SIZ5
2025-11-24 21:15:00+00:00,33,1,42218,51.18,51.18,51.175,51.175,6,SIZ5
2025-11-24 21:16:00+00:00,33,1,42218,51.185,51.185,51.17,51.17,4,SIZ5
2025-11-24 21:17:00+00:00,33,1,42218,51.175,51.175,51.17,51.17,4,SIZ5
2025-11-24 21:18:00+00:00,33,1,42218,51.17,51.18,51.17,51.175,9,SIZ5
2025-11-24 21:19:00+00:00,33,1,42218,51.165,51.165,51.165,51.165,3,SIZ5
2025-11-24 21:20:00+00:00,33,1,42218,51.16,51.16,51.15,51.15,9,SIZ5
2025-11-24 21:21:00+00:00,33,1,42218,51.155,51.155,51.15,51.15,3,SIZ5
2025-11-24 21:22:00+00:00,33,1,42218,51.15,51.15,51.14,51.14,3,SIZ5
2025-11-24 21:23:00+00:00,33,1,42218,51.135,51.15,51.135,51.15,6,SIZ5
2025-11-24 21:25:00+00:00,33,1,42218,51.15,51.155,51.14,51.14,9,SIZ5
2025-11-24 21:26:00+00:00,33,1,42218,51.135,51.135,51.13,51.13,5,SIZ5
2025-11-24 21:27:00+00:00,33,1,42218,51.13,51.135,51.12,51.125,21,SIZ5
2025-11-24 21:28:00+00:00,33,1,42218,51.12,51.13,51.12,51.13,5,SIZ5
2025-11-24 21:29:00+00:00,33,1,42218,51.135,51.135,51.135,51.135,2,SIZ5
2025-11-24 21:30:00+00:00,33,1,42218,51.14,51.14,51.125,51.125,5,SIZ5
2025-11-24 21:31:00+00:00,33,1,42218,51.125,51.125,51.07,51.075,49,SIZ5
2025-11-24 21:32:00+00:00,33,1,42218,51.07,51.085,51.065,51.08,28,SIZ5
2025-11-24 21:33:00+00:00,33,1,42218,51.085,51.11,51.085,51.11,112,SIZ5
2025-11-24 21:34:00+00:00,33,1,42218,51.12,51.125,51.12,51.125,7,SIZ5
2025-11-24 21:35:00+00:00,33,1,42218,51.13,51.155,51.13,51.135,18,SIZ5
2025-11-24 21:36:00+00:00,33,1,42218,51.135,51.145,51.13,51.145,16,SIZ5
2025-11-24 21:37:00+00:00,33,1,42218,51.135,51.145,51.135,51.145,2,SIZ5
2025-11-24 21:38:00+00:00,33,1,42218,51.145,51.145,51.145,51.145,1,SIZ5
2025-11-24 21:39:00+00:00,33,1,42218,51.145,51.145,51.145,51.145,1,SIZ5
2025-11-24 21:40:00+00:00,33,1,42218,51.145,51.16,51.145,51.16,6,SIZ5
2025-11-24 21:41:00+00:00,33,1,42218,51.16,51.17,51.16,51.17,3,SIZ5
2025-11-24 21:42:00+00:00,33,1,42218,51.17,51.195,51.165,51.19,20,SIZ5
2025-11-24 21:43:00+00:00,33,1,42218,51.185,51.195,51.17,51.185,13,SIZ5
2025-11-24 21:44:00+00:00,33,1,42218,51.19,51.195,51.18,51.195,9,SIZ5
2025-11-24 21:45:00+00:00,33,1,42218,51.18,51.195,51.18,51.195,20,SIZ5
2025-11-24 21:46:00+00:00,33,1,42218,51.195,51.215,51.165,51.18,67,SIZ5
2025-11-24 21:47:00+00:00,33,1,42218,51.18,51.2,51.17,51.18,30,SIZ5
2025-11-24 21:48:00+00:00,33,1,42218,51.185,51.19,51.18,51.185,59,SIZ5
2025-11-24 21:49:00+00:00,33,1,42218,51.19,51.205,51.19,51.2,29,SIZ5
2025-11-24 21:50:00+00:00,33,1,42218,51.2,51.2,51.145,51.165,57,SIZ5
2025-11-24 21:51:00+00:00,33,1,42218,51.165,51.175,51.15,51.155,10,SIZ5
2025-11-24 21:52:00+00:00,33,1,42218,51.16,51.165,51.16,51.165,3,SIZ5
2025-11-24 21:53:00+00:00,33,1,42218,51.175,51.18,51.175,51.175,10,SIZ5
2025-11-24 21:54:00+00:00,33,1,42218,51.17,51.18,51.17,51.18,7,SIZ5
2025-11-24 21:55:00+00:00,33,1,42218,51.17,51.17,51.155,51.155,4,SIZ5
2025-11-24 21:56:00+00:00,33,1,42218,51.155,51.155,51.145,51.145,5,SIZ5
2025-11-24 21:57:00+00:00,33,1,42218,51.14,51.14,51.13,51.13,10,SIZ5
2025-11-24 21:58:00+00:00,33,1,42218,51.13,51.14,51.125,51.125,17,SIZ5
2025-11-24 21:59:00+00:00,33,1,42218,51.13,51.16,51.13,51.155,12,SIZ5
2025-11-24 23:00:00+00:00,33,1,42218,51.16,51.23,51.16,51.185,32,SIZ5
2025-11-24 23:01:00+00:00,33,1,42218,51.205,51.22,51.165,51.22,6,SIZ5
2025-11-24 23:02:00+00:00,33,1,42218,51.195,51.235,51.185,51.2,9,SIZ5
2025-11-24 23:04:00+00:00,33,1,42218,51.2,51.21,51.2,51.21,3,SIZ5
2025-11-24 23:05:00+00:00,33,1,42218,51.2,51.2,51.2,51.2,1,SIZ5
2025-11-24 23:06:00+00:00,33,1,42218,51.195,51.195,51.175,51.175,8,SIZ5
2025-11-24 23:07:00+00:00,33,1,42218,51.18,51.205,51.12,51.18,28,SIZ5
2025-11-24 23:08:00+00:00,33,1,42218,51.19,51.205,51.19,51.2,5,SIZ5
2025-11-24 23:09:00+00:00,33,1,42218,51.21,51.21,51.17,51.17,28,SIZ5
2025-11-24 23:10:00+00:00,33,1,42218,51.155,51.175,51.155,51.175,4,SIZ5
2025-11-24 23:11:00+00:00,33,1,42218,51.17,51.185,51.155,51.155,24,SIZ5
2025-11-24 23:12:00+00:00,33,1,42218,51.165,51.165,51.135,51.14,25,SIZ5
2025-11-24 23:13:00+00:00,33,1,42218,51.15,51.15,51.11,51.135,20,SIZ5
2025-11-24 23:14:00+00:00,33,1,42218,51.16,51.16,51.135,51.135,22,SIZ5
2025-11-24 23:15:00+00:00,33,1,42218,51.135,51.195,51.135,51.18,26,SIZ5
2025-11-24 23:16:00+00:00,33,1,42218,51.175,51.185,51.17,51.185,10,SIZ5
2025-11-24 23:17:00+00:00,33,1,42218,51.185,51.185,51.15,51.17,14,SIZ5
2025-11-24 23:18:00+00:00,33,1,42218,51.155,51.16,51.145,51.15,20,SIZ5
2025-11-24 23:19:00+00:00,33,1,42218,51.14,51.14,51.11,51.12,29,SIZ5
2025-11-24 23:20:00+00:00,33,1,42218,51.12,51.12,51.115,51.115,3,SIZ5
2025-11-24 23:21:00+00:00,33,1,42218,51.115,51.12,51.115,51.12,8,SIZ5
2025-11-24 23:22:00+00:00,33,1,42218,51.115,51.115,51.075,51.075,34,SIZ5
2025-11-24 23:23:00+00:00,33,1,42218,51.08,51.1,51.08,51.095,13,SIZ5
2025-11-24 23:24:00+00:00,33,1,42218,51.085,51.085,51.08,51.085,3,SIZ5
2025-11-24 23:25:00+00:00,33,1,42218,51.085,51.09,51.08,51.09,8,SIZ5
2025-11-24 23:26:00+00:00,33,1,42218,51.105,51.12,51.1,51.12,6,SIZ5
2025-11-24 23:27:00+00:00,33,1,42218,51.1,51.1,51.1,51.1,1,SIZ5
2025-11-24 23:29:00+00:00,33,1,42218,51.09,51.1,51.09,51.09,6,SIZ5
2025-11-24 23:31:00+00:00,33,1,42218,51.07,51.07,50.95,50.975,94,SIZ5
2025-11-24 23:32:00+00:00,33,1,42218,51.0,51.04,51.0,51.035,13,SIZ5
2025-11-24 23:33:00+00:00,33,1,42218,51.05,51.07,51.04,51.04,9,SIZ5
2025-11-24 23:34:00+00:00,33,1,42218,51.06,51.065,51.05,51.065,11,SIZ5
2025-11-24 23:35:00+00:00,33,1,42218,51.065,51.095,51.065,51.08,24,SIZ5
2025-11-24 23:36:00+00:00,33,1,42218,51.08,51.09,51.08,51.09,5,SIZ5
2025-11-24 23:37:00+00:00,33,1,42218,51.07,51.075,51.07,51.075,3,SIZ5
2025-11-24 23:38:00+00:00,33,1,42218,51.055,51.055,51.045,51.045,5,SIZ5
2025-11-24 23:39:00+00:00,33,1,42218,51.04,51.065,51.04,51.065,9,SIZ5
2025-11-24 23:40:00+00:00,33,1,42218,51.06,51.06,51.05,51.05,2,SIZ5
2025-11-24 23:41:00+00:00,33,1,42218,51.075,51.08,51.075,51.08,2,SIZ5
2025-11-24 23:42:00+00:00,33,1,42218,51.07,51.07,51.07,51.07,1,SIZ5
2025-11-24 23:43:00+00:00,33,1,42218,51.07,51.095,51.07,51.095,10,SIZ5
2025-11-24 23:44:00+00:00,33,1,42218,51.09,51.11,51.09,51.1,5,SIZ5
2025-11-24 23:45:00+00:00,33,1,42218,51.115,51.13,51.115,51.125,10,SIZ5
2025-11-24 23:46:00+00:00,33,1,42218,51.145,51.165,51.12,51.125,18,SIZ5
2025-11-24 23:47:00+00:00,33,1,42218,51.1,51.13,51.09,51.13,7,SIZ5
2025-11-24 23:48:00+00:00,33,1,42218,51.14,51.15,51.135,51.15,7,SIZ5
2025-11-24 23:49:00+00:00,33,1,42218,51.145,51.15,51.105,51.105,18,SIZ5
2025-11-24 23:50:00+00:00,33,1,42218,51.11,51.14,51.11,51.14,6,SIZ5
2025-11-24 23:51:00+00:00,33,1,42218,51.145,51.17,51.145,51.17,6,SIZ5
2025-11-24 23:52:00+00:00,33,1,42218,51.165,51.17,51.165,51.17,2,SIZ5
2025-11-24 23:53:00+00:00,33,1,42218,51.16,51.19,51.16,51.19,13,SIZ5
2025-11-24 23:54:00+00:00,33,1,42218,51.17,51.18,51.17,51.175,5,SIZ5
2025-11-24 23:55:00+00:00,33,1,42218,51.16,51.17,51.145,51.145,14,SIZ5
2025-11-24 23:56:00+00:00,33,1,42218,51.155,51.16,51.155,51.16,2,SIZ5
2025-11-24 23:57:00+00:00,33,1,42218,51.17,51.18,51.17,51.18,3,SIZ5
2025-11-24 23:59:00+00:00,33,1,42218,51.18,51.18,51.175,51.175,4,SIZ5
2025-11-25 00:00:00+00:00,33,1,42218,51.155,51.155,51.125,51.13,10,SIZ5
2025-11-25 00:01:00+00:00,33,1,42218,51.14,51.155,51.13,51.13,12,SIZ5
2025-11-25 00:02:00+00:00,33,1,42218,51.115,51.13,51.105,51.11,10,SIZ5
2025-11-25 00:03:00+00:00,33,1,42218,51.115,51.12,51.115,51.12,2,SIZ5
2025-11-25 00:04:00+00:00,33,1,42218,51.115,51.155,51.115,51.155,7,SIZ5
2025-11-25 00:05:00+00:00,33,1,42218,51.165,51.17,51.16,51.165,8,SIZ5
2025-11-25 00:06:00+00:00,33,1,42218,51.155,51.18,51.155,51.165,4,SIZ5
2025-11-25 00:07:00+00:00,33,1,42218,51.165,51.17,51.165,51.165,3,SIZ5
2025-11-25 00:08:00+00:00,33,1,42218,51.19,51.19,51.175,51.185,4,SIZ5
2025-11-25 00:09:00+00:00,33,1,42218,51.17,51.185,51.16,51.185,6,SIZ5
2025-11-25 00:10:00+00:00,33,1,42218,51.17,51.17,51.12,51.125,6,SIZ5
2025-11-25 00:11:00+00:00,33,1,42218,51.125,51.135,51.125,51.135,6,SIZ5
2025-11-25 00:12:00+00:00,33,1,42218,51.15,51.155,51.13,51.15,31,SIZ5
2025-11-25 00:13:00+00:00,33,1,42218,51.14,51.14,51.08,51.08,8,SIZ5
2025-11-25 00:14:00+00:00,33,1,42218,51.08,51.085,51.065,51.085,22,SIZ5
2025-11-25 00:15:00+00:00,33,1,42218,51.07,51.08,51.045,51.055,25,SIZ5
2025-11-25 00:16:00+00:00,33,1,42218,51.06,51.06,51.04,51.04,12,SIZ5
2025-11-25 00:17:00+00:00,33,1,42218,51.07,51.07,51.065,51.065,3,SIZ5
2025-11-25 00:18:00+00:00,33,1,42218,51.055,51.055,51.01,51.01,24,SIZ5
2025-11-25 00:19:00+00:00,33,1,42218,51.04,51.04,51.04,51.04,1,SIZ5
2025-11-25 00:20:00+00:00,33,1,42218,51.085,51.11,51.075,51.075,12,SIZ5
2025-11-25 00:21:00+00:00,33,1,42218,51.06,51.06,51.045,51.05,9,SIZ5
2025-11-25 00:22:00+00:00,33,1,42218,51.035,51.04,51.025,51.04,11,SIZ5
2025-11-25 00:23:00+00:00,33,1,42218,51.045,51.07,51.045,51.07,9,SIZ5
2025-11-25 00:24:00+00:00,33,1,42218,51.07,51.07,51.05,51.06,10,SIZ5
2025-11-25 00:25:00+00:00,33,1,42218,51.05,51.05,51.05,51.05,1,SIZ5
2025-11-25 00:26:00+00:00,33,1,42218,51.045,51.045,51.025,51.035,6,SIZ5
2025-11-25 00:27:00+00:00,33,1,42218,51.025,51.025,51.0,51.015,28,SIZ5
2025-11-25 00:28:00+00:00,33,1,42218,51.025,51.025,51.025,51.025,1,SIZ5
2025-11-25 00:29:00+00:00,33,1,42218,51.01,51.01,50.995,50.995,8,SIZ5
2025-11-25 00:30:00+00:00,33,1,42218,51.0,51.0,50.985,51.0,7,SIZ5
2025-11-25 00:31:00+00:00,33,1,42218,50.985,50.985,50.97,50.97,5,SIZ5
2025-11-25 00:32:00+00:00,33,1,42218,50.98,51.005,50.975,51.005,11,SIZ5
2025-11-25 00:33:00+00:00,33,1,42218,51.0,51.005,50.99,51.0,8,SIZ5
2025-11-25 00:34:00+00:00,33,1,42218,50.985,50.99,50.98,50.985,10,SIZ5
2025-11-25 00:35:00+00:00,33,1,42218,50.965,50.97,50.96,50.97,18,SIZ5
2025-11-25 00:36:00+00:00,33,1,42218,50.965,50.97,50.965,50.97,3,SIZ5
2025-11-25 00:37:00+00:00,33,1,42218,50.985,50.985,50.975,50.975,3,SIZ5
2025-11-25 00:38:00+00:00,33,1,42218,50.985,50.985,50.97,50.97,4,SIZ5
2025-11-25 00:39:00+00:00,33,1,42218,50.965,50.975,50.96,50.96,3,SIZ5
2025-11-25 00:40:00+00:00,33,1,42218,50.965,50.98,50.965,50.98,2,SIZ5
2025-11-25 00:41:00+00:00,33,1,42218,50.97,50.98,50.97,50.98,4,SIZ5
2025-11-25 00:42:00+00:00,33,1,42218,50.99,50.99,50.985,50.985,17,SIZ5
2025-11-25 00:43:00+00:00,33,1,42218,50.985,50.985,50.97,50.97,6,SIZ5
2025-11-25 00:44:00+00:00,33,1,42218,50.965,50.975,50.955,50.97,15,SIZ5
2025-11-25 00:45:00+00:00,33,1,42218,50.975,50.985,50.97,50.98,7,SIZ5
2025-11-25 00:46:00+00:00,33,1,42218,50.98,50.98,50.98,50.98,2,SIZ5
2025-11-25 00:47:00+00:00,33,1,42218,50.985,50.985,50.985,50.985,2,SIZ5
2025-11-25 00:48:00+00:00,33,1,42218,50.98,50.98,50.965,50.97,8,SIZ5
2025-11-25 00:49:00+00:00,33,1,42218,50.97,50.975,50.97,50.975,4,SIZ5
2025-11-25 00:50:00+00:00,33,1,42218,50.965,50.965,50.965,50.965,1,SIZ5
2025-11-25 00:51:00+00:00,33,1,42218,50.97,50.97,50.915,50.915,36,SIZ5
2025-11-25 00:52:00+00:00,33,1,42218,50.915,50.965,50.91,50.955,20,SIZ5
2025-11-25 00:53:00+00:00,33,1,42218,50.945,50.945,50.92,50.93,5,SIZ5
2025-11-25 00:54:00+00:00,33,1,42218,50.91,50.91,50.895,50.91,11,SIZ5
2025-11-25 00:55:00+00:00,33,1,42218,50.92,50.92,50.875,50.895,55,SIZ5
2025-11-25 00:56:00+00:00,33,1,42218,50.89,50.895,50.88,50.885,15,SIZ5
2025-11-25 00:57:00+00:00,33,1,42218,50.895,50.895,50.865,50.865,21,SIZ5
2025-11-25 00:58:00+00:00,33,1,42218,50.875,50.885,50.84,50.84,31,SIZ5
2025-11-25 00:59:00+00:00,33,1,42218,50.85,50.855,50.83,50.835,30,SIZ5
2025-11-25 01:00:00+00:00,33,1,42218,50.835,50.89,50.77,50.85,134,SIZ5
2025-11-25 01:01:00+00:00,33,1,42218,50.855,50.875,50.805,50.855,37,SIZ5
2025-11-25 01:02:00+00:00,33,1,42218,50.865,50.925,50.86,50.915,25,SIZ5
2025-11-25 01:03:00+00:00,33,1,42218,50.925,50.98,50.905,50.98,71,SIZ5
2025-11-25 01:04:00+00:00,33,1,42218,50.975,51.04,50.97,51.04,29,SIZ5
2025-11-25 01:05:00+00:00,33,1,42218,51.035,51.08,51.035,51.055,27,SIZ5
2025-11-25 01:06:00+00:00,33,1,42218,51.06,51.085,51.025,51.025,16,SIZ5
2025-11-25 01:07:00+00:00,33,1,42218,51.03,51.045,50.995,50.995,17,SIZ5
2025-11-25 01:08:00+00:00,33,1,42218,50.97,50.99,50.965,50.965,12,SIZ5
2025-11-25 01:09:00+00:00,33,1,42218,50.97,50.98,50.97,50.975,6,SIZ5
2025-11-25 01:10:00+00:00,33,1,42218,50.955,50.96,50.93,50.955,10,SIZ5
2025-11-25 01:11:00+00:00,33,1,42218,50.95,50.95,50.905,50.915,27,SIZ5
2025-11-25 01:12:00+00:00,33,1,42218,50.91,50.91,50.89,50.895,7,SIZ5
2025-11-25 01:13:00+00:00,33,1,42218,50.89,50.89,50.855,50.88,27,SIZ5
2025-11-25 01:14:00+00:00,33,1,42218,50.855,50.88,50.845,50.88,12,SIZ5
2025-11-25 01:15:00+00:00,33,1,42218,50.89,50.89,50.865,50.865,3,SIZ5
2025-11-25 01:17:00+00:00,33,1,42218,50.875,50.89,50.86,50.87,10,SIZ5
2025-11-25 01:18:00+00:00,33,1,42218,50.87,50.875,50.855,50.855,6,SIZ5
2025-11-25 01:20:00+00:00,33,1,42218,50.89,50.965,50.89,50.935,19,SIZ5
2025-11-25 01:21:00+00:00,33,1,42218,50.935,50.955,50.92,50.955,26,SIZ5
2025-11-25 01:22:00+00:00,33,1,42218,50.955,50.955,50.91,50.91,24,SIZ5
2025-11-25 01:23:00+00:00,33,1,42218,50.91,50.93,50.91,50.91,8,SIZ5
2025-11-25 01:24:00+00:00,33,1,42218,50.91,50.925,50.905,50.925,19,SIZ5
2025-11-25 01:25:00+00:00,33,1,42218,50.915,50.95,50.905,50.95,12,SIZ5
2025-11-25 01:26:00+00:00,33,1,42218,50.955,50.96,50.935,50.95,8,SIZ5
2025-11-25 01:27:00+00:00,33,1,42218,50.95,50.95,50.93,50.94,10,SIZ5
2025-11-25 01:28:00+00:00,33,1,42218,50.95,50.95,50.95,50.95,1,SIZ5
2025-11-25 01:29:00+00:00,33,1,42218,50.99,50.99,50.985,50.985,4,SIZ5
2025-11-25 01:30:00+00:00,33,1,42218,50.995,51.025,50.995,51.025,8,SIZ5
2025-11-25 01:31:00+00:00,33,1,42218,51.025,51.045,51.025,51.04,19,SIZ5
2025-11-25 01:32:00+00:00,33,1,42218,51.075,51.095,51.07,51.075,18,SIZ5
2025-11-25 01:33:00+00:00,33,1,42218,51.065,51.1,51.05,51.1,11,SIZ5
2025-11-25 01:34:00+00:00,33,1,42218,51.055,51.22,51.05,51.14,99,SIZ5
2025-11-25 01:35:00+00:00,33,1,42218,51.13,51.175,51.13,51.16,22,SIZ5
2025-11-25 01:36:00+00:00,33,1,42218,51.17,51.2,51.13,51.13,34,SIZ5
2025-11-25 01:37:00+00:00,33,1,42218,51.13,51.13,51.05,51.05,24,SIZ5
2025-11-25 01:38:00+00:00,33,1,42218,51.115,51.125,51.11,51.125,6,SIZ5
2025-11-25 01:39:00+00:00,33,1,42218,51.125,51.14,51.12,51.14,3,SIZ5
2025-11-25 01:40:00+00:00,33,1,42218,51.12,51.14,51.115,51.14,6,SIZ5
2025-11-25 01:41:00+00:00,33,1,42218,51.14,51.14,51.14,51.14,2,SIZ5
2025-11-25 01:42:00+00:00,33,1,42218,51.11,51.11,51.11,51.11,2,SIZ5
2025-11-25 01:43:00+00:00,33,1,42218,51.14,51.14,51.14,51.14,2,SIZ5
2025-11-25 01:44:00+00:00,33,1,42218,51.12,51.12,51.11,51.11,3,SIZ5
2025-11-25 01:45:00+00:00,33,1,42218,51.115,51.115,51.11,51.11,5,SIZ5
2025-11-25 01:46:00+00:00,33,1,42218,51.125,51.125,51.12,51.12,4,SIZ5
2025-11-25 01:47:00+00:00,33,1,42218,51.12,51.12,51.115,51.115,6,SIZ5
2025-11-25 01:48:00+00:00,33,1,42218,51.09,51.09,51.08,51.08,6,SIZ5
2025-11-25 01:49:00+00:00,33,1,42218,51.085,51.085,51.085,51.085,2,SIZ5
2025-11-25 01:50:00+00:00,33,1,42218,51.1,51.11,51.09,51.09,4,SIZ5
2025-11-25 01:51:00+00:00,33,1,42218,51.1,51.1,51.09,51.095,4,SIZ5
2025-11-25 01:52:00+00:00,33,1,42218,51.09,51.09,51.085,51.085,3,SIZ5
2025-11-25 01:53:00+00:00,33,1,42218,51.085,51.085,51.085,51.085,1,SIZ5
2025-11-25 01:54:00+00:00,33,1,42218,51.095,51.1,51.095,51.1,3,SIZ5
2025-11-25 01:55:00+00:00,33,1,42218,51.13,51.165,51.125,51.16,6,SIZ5
2025-11-25 01:56:00+00:00,33,1,42218,51.18,51.19,51.18,51.185,5,SIZ5
2025-11-25 01:57:00+00:00,33,1,42218,51.16,51.16,51.15,51.15,4,SIZ5
2025-11-25 01:58:00+00:00,33,1,42218,51.16,51.16,51.125,51.135,5,SIZ5
2025-11-25 01:59:00+00:00,33,1,42218,51.12,51.125,51.115,51.115,6,SIZ5
2025-11-25 02:01:00+00:00,33,1,42218,51.13,51.14,51.13,51.14,2,SIZ5
2025-11-25 02:02:00+00:00,33,1,42218,51.2,51.24,51.19,51.22,52,SIZ5
2025-11-25 02:03:00+00:00,33,1,42218,51.225,51.23,51.2,51.2,10,SIZ5
2025-11-25 02:04:00+00:00,33,1,42218,51.2,51.225,51.19,51.205,11,SIZ5
2025-11-25 02:05:00+00:00,33,1,42218,51.24,51.25,51.185,51.185,23,SIZ5
2025-11-25 02:06:00+00:00,33,1,42218,51.175,51.185,51.17,51.17,10,SIZ5
2025-11-25 02:07:00+00:00,33,1,42218,51.17,51.21,51.17,51.205,18,SIZ5
2025-11-25 02:09:00+00:00,33,1,42218,51.215,51.23,51.215,51.23,23,SIZ5
2025-11-25 02:10:00+00:00,33,1,42218,51.205,51.205,51.17,51.18,5,SIZ5
2025-11-25 02:11:00+00:00,33,1,42218,51.19,51.19,51.18,51.19,5,SIZ5
2025-11-25 02:12:00+00:00,33,1,42218,51.175,51.175,51.175,51.175,1,SIZ5
2025-11-25 02:13:00+00:00,33,1,42218,51.19,51.235,51.18,51.235,15,SIZ5
2025-11-25 02:14:00+00:00,33,1,42218,51.24,51.255,51.205,51.21,36,SIZ5
2025-11-25 02:15:00+00:00,33,1,42218,51.22,51.22,51.215,51.215,2,SIZ5
2025-11-25 02:16:00+00:00,33,1,42218,51.225,51.24,51.225,51.24,6,SIZ5
2025-11-25 02:17:00+00:00,33,1,42218,51.225,51.225,51.215,51.215,2,SIZ5
2025-11-25 02:18:00+00:00,33,1,42218,51.23,51.255,51.23,51.255,4,SIZ5
2025-11-25 02:19:00+00:00,33,1,42218,51.25,51.27,51.245,51.27,12,SIZ5
2025-11-25 02:22:00+00:00,33,1,42218,51.24,51.24,51.225,51.225,3,SIZ5
2025-11-25 02:23:00+00:00,33,1,42218,51.235,51.27,51.235,51.255,19,SIZ5
2025-11-25 02:24:00+00:00,33,1,42218,51.26,51.26,51.25,51.26,6,SIZ5
2025-11-25 02:25:00+00:00,33,1,42218,51.245,51.25,51.24,51.24,6,SIZ5
2025-11-25 02:26:00+00:00,33,1,42218,51.23,51.23,51.18,51.195,11,SIZ5
2025-11-25 02:28:00+00:00,33,1,42218,51.205,51.205,51.195,51.205,9,SIZ5
2025-11-25 02:29:00+00:00,33,1,42218,51.195,51.23,51.185,51.23,17,SIZ5
2025-11-25 02:30:00+00:00,33,1,42218,51.275,51.275,51.265,51.265,2,SIZ5
2025-11-25 02:31:00+00:00,33,1,42218,51.27,51.275,51.23,51.235,8,SIZ5
2025-11-25 02:32:00+00:00,33,1,42218,51.245,51.26,51.245,51.26,8,SIZ5
2025-11-25 02:33:00+00:00,33,1,42218,51.26,51.265,51.245,51.26,29,SIZ5
2025-11-25 02:34:00+00:00,33,1,42218,51.275,51.275,51.275,51.275,4,SIZ5
2025-11-25 02:35:00+00:00,33,1,42218,51.265,51.265,51.255,51.265,3,SIZ5
2025-11-25 02:36:00+00:00,33,1,42218,51.25,51.25,51.23,51.23,4,SIZ5
2025-11-25 02:38:00+00:00,33,1,42218,51.245,51.255,51.245,51.255,3,SIZ5
2025-11-25 02:39:00+00:00,33,1,42218,51.28,51.315,51.28,51.28,30,SIZ5
2025-11-25 02:40:00+00:00,33,1,42218,51.27,51.27,51.235,51.245,13,SIZ5
2025-11-25 02:41:00+00:00,33,1,42218,51.23,51.235,51.2,51.21,14,SIZ5
2025-11-25 02:42:00+00:00,33,1,42218,51.215,51.245,51.215,51.245,5,SIZ5
2025-11-25 02:43:00+00:00,33,1,42218,51.265,51.275,51.26,51.26,7,SIZ5
2025-11-25 02:44:00+00:00,33,1,42218,51.29,51.345,51.285,51.34,36,SIZ5
2025-11-25 02:45:00+00:00,33,1,42218,51.315,51.34,51.315,51.34,11,SIZ5
2025-11-25 02:46:00+00:00,33,1,42218,51.34,51.47,51.34,51.4,95,SIZ5
2025-11-25 02:47:00+00:00,33,1,42218,51.395,51.395,51.37,51.38,14,SIZ5
2025-11-25 02:48:00+00:00,33,1,42218,51.4,51.4,51.385,51.395,6,SIZ5
2025-11-25 02:49:00+00:00,33,1,42218,51.41,51.425,51.41,51.41,7,SIZ5
2025-11-25 02:50:00+00:00,33,1,42218,51.4,51.4,51.36,51.36,23,SIZ5
2025-11-25 02:51:00+00:00,33,1,42218,51.37,51.37,51.345,51.345,16,SIZ5
2025-11-25 02:52:00+00:00,33,1,42218,51.355,51.36,51.355,51.36,2,SIZ5
2025-11-25 02:54:00+00:00,33,1,42218,51.355,51.355,51.355,51.355,2,SIZ5
2025-11-25 02:55:00+00:00,33,1,42218,51.345,51.345,51.335,51.34,6,SIZ5
2025-11-25 02:56:00+00:00,33,1,42218,51.335,51.335,51.275,51.305,8,SIZ5
2025-11-25 02:58:00+00:00,33,1,42218,51.32,51.32,51.315,51.32,5,SIZ5
2025-11-25 02:59:00+00:00,33,1,42218,51.32,51.32,51.32,51.32,2,SIZ5
2025-11-25 03:00:00+00:00,33,1,42218,51.305,51.31,51.25,51.275,21,SIZ5
2025-11-25 03:01:00+00:00,33,1,42218,51.275,51.29,51.23,51.23,27,SIZ5
2025-11-25 03:02:00+00:00,33,1,42218,51.245,51.245,51.22,51.22,17,SIZ5
2025-11-25 03:03:00+00:00,33,1,42218,51.21,51.265,51.21,51.245,12,SIZ5
2025-11-25 03:04:00+00:00,33,1,42218,51.265,51.28,51.25,51.28,8,SIZ5
2025-11-25 03:05:00+00:00,33,1,42218,51.3,51.31,51.28,51.305,6,SIZ5
2025-11-25 03:06:00+00:00,33,1,42218,51.31,51.39,51.31,51.355,34,SIZ5
2025-11-25 03:07:00+00:00,33,1,42218,51.375,51.375,51.355,51.355,2,SIZ5
2025-11-25 03:08:00+00:00,33,1,42218,51.34,51.35,51.34,51.35,8,SIZ5
2025-11-25 03:09:00+00:00,33,1,42218,51.37,51.38,51.345,51.36,13,SIZ5
2025-11-25 03:10:00+00:00,33,1,42218,51.36,51.37,51.335,51.365,8,SIZ5
2025-11-25 03:11:00+00:00,33,1,42218,51.375,51.385,51.36,51.38,28,SIZ5
2025-11-25 03:12:00+00:00,33,1,42218,51.38,51.39,51.36,51.36,11,SIZ5
2025-11-25 03:13:00+00:00,33,1,42218,51.35,51.37,51.35,51.355,10,SIZ5
2025-11-25 03:14:00+00:00,33,1,42218,51.35,51.36,51.33,51.345,13,SIZ5
2025-11-25 03:15:00+00:00,33,1,42218,51.35,51.35,51.35,51.35,1,SIZ5
2025-11-25 03:16:00+00:00,33,1,42218,51.355,51.355,51.355,51.355,1,SIZ5
2025-11-25 03:17:00+00:00,33,1,42218,51.365,51.375,51.36,51.36,12,SIZ5
2025-11-25 03:18:00+00:00,33,1,42218,51.34,51.36,51.34,51.36,4,SIZ5
2025-11-25 03:19:00+00:00,33,1,42218,51.36,51.36,51.355,51.355,3,SIZ5
2025-11-25 03:20:00+00:00,33,1,42218,51.35,51.37,51.35,51.37,6,SIZ5
2025-11-25 03:21:00+00:00,33,1,42218,51.33,51.33,51.305,51.305,5,SIZ5
2025-11-25 03:22:00+00:00,33,1,42218,51.31,51.33,51.31,51.315,6,SIZ5
2025-11-25 03:23:00+00:00,33,1,42218,51.285,51.285,51.27,51.27,6,SIZ5
2025-11-25 03:24:00+00:00,33,1,42218,51.28,51.28,51.28,51.28,1,SIZ5
2025-11-25 03:25:00+00:00,33,1,42218,51.305,51.305,51.295,51.295,4,SIZ5
2025-11-25 03:26:00+00:00,33,1,42218,51.3,51.3,51.3,51.3,1,SIZ5
2025-11-25 03:27:00+00:00,33,1,42218,51.31,51.345,51.31,51.345,9,SIZ5
2025-11-25 03:28:00+00:00,33,1,42218,51.345,51.345,51.33,51.33,6,SIZ5
2025-11-25 03:29:00+00:00,33,1,42218,51.34,51.345,51.325,51.33,9,SIZ5
2025-11-25 03:30:00+00:00,33,1,42218,51.305,51.305,51.235,51.25,11,SIZ5
2025-11-25 03:31:00+00:00,33,1,42218,51.265,51.265,51.215,51.22,10,SIZ5
2025-11-25 03:32:00+00:00,33,1,42218,51.23,51.25,51.23,51.25,3,SIZ5
2025-11-25 03:33:00+00:00,33,1,42218,51.24,51.24,51.21,51.215,6,SIZ5
2025-11-25 03:34:00+00:00,33,1,42218,51.23,51.23,51.205,51.205,6,SIZ5
2025-11-25 03:35:00+00:00,33,1,42218,51.215,51.225,51.215,51.225,4,SIZ5
2025-11-25 03:36:00+00:00,33,1,42218,51.26,51.265,51.255,51.255,5,SIZ5
2025-11-25 03:37:00+00:00,33,1,42218,51.255,51.28,51.245,51.275,11,SIZ5
2025-11-25 03:38:00+00:00,33,1,42218,51.255,51.255,51.255,51.255,1,SIZ5
2025-11-25 03:39:00+00:00,33,1,42218,51.245,51.245,51.22,51.225,18,SIZ5
2025-11-25 03:40:00+00:00,33,1,42218,51.21,51.225,51.2,51.22,17,SIZ5
2025-11-25 03:41:00+00:00,33,1,42218,51.215,51.265,51.215,51.26,12,SIZ5
2025-11-25 03:42:00+00:00,33,1,42218,51.27,51.29,51.23,51.23,18,SIZ5
2025-11-25 03:43:00+00:00,33,1,42218,51.225,51.26,51.215,51.26,58,SIZ5
2025-11-25 03:44:00+00:00,33,1,42218,51.24,51.275,51.24,51.275,7,SIZ5
2025-11-25 03:45:00+00:00,33,1,42218,51.24,51.275,51.24,51.275,17,SIZ5
2025-11-25 03:46:00+00:00,33,1,42218,51.27,51.27,51.265,51.265,2,SIZ5
2025-11-25 03:47:00+00:00,33,1,42218,51.275,51.285,51.275,51.285,2,SIZ5
2025-11-25 03:48:00+00:00,33,1,42218,51.28,51.28,51.27,51.275,5,SIZ5
2025-11-25 03:49:00+00:00,33,1,42218,51.275,51.275,51.27,51.27,3,SIZ5
2025-11-25 03:50:00+00:00,33,1,42218,51.26,51.27,51.25,51.27,13,SIZ5
2025-11-25 03:51:00+00:00,33,1,42218,51.245,51.245,51.235,51.235,5,SIZ5
2025-11-25 03:52:00+00:00,33,1,42218,51.24,51.24,51.215,51.225,5,SIZ5
2025-11-25 03:53:00+00:00,33,1,42218,51.205,51.24,51.2,51.24,8,SIZ5
2025-11-25 03:54:00+00:00,33,1,42218,51.255,51.255,51.24,51.25,7,SIZ5
2025-11-25 03:55:00+00:00,33,1,42218,51.23,51.23,51.23,51.23,1,SIZ5
2025-11-25 03:56:00+00:00,33,1,42218,51.23,51.23,51.23,51.23,1,SIZ5
2025-11-25 03:57:00+00:00,33,1,42218,51.245,51.25,51.235,51.24,8,SIZ5
2025-11-25 04:00:00+00:00,33,1,42218,51.26,51.26,51.26,51.26,3,SIZ5
2025-11-25 04:02:00+00:00,33,1,42218,51.25,51.25,51.225,51.225,4,SIZ5
2025-11-25 04:03:00+00:00,33,1,42218,51.215,51.225,51.215,51.22,9,SIZ5
2025-11-25 04:04:00+00:00,33,1,42218,51.215,51.235,51.215,51.215,18,SIZ5
2025-11-25 04:05:00+00:00,33,1,42218,51.22,51.24,51.22,51.24,3,SIZ5
2025-11-25 04:06:00+00:00,33,1,42218,51.275,51.275,51.275,51.275,1,SIZ5
2025-11-25 04:07:00+00:00,33,1,42218,51.285,51.3,51.285,51.295,10,SIZ5
2025-11-25 04:08:00+00:00,33,1,42218,51.295,51.295,51.295,51.295,1,SIZ5
2025-11-25 04:09:00+00:00,33,1,42218,51.26,51.26,51.255,51.255,4,SIZ5
2025-11-25 04:10:00+00:00,33,1,42218,51.27,51.27,51.255,51.26,8,SIZ5
2025-11-25 04:11:00+00:00,33,1,42218,51.27,51.27,51.27,51.27,1,SIZ5
2025-11-25 04:12:00+00:00,33,1,42218,51.265,51.275,51.265,51.275,3,SIZ5
2025-11-25 04:13:00+00:00,33,1,42218,51.27,51.27,51.27,51.27,2,SIZ5
2025-11-25 04:15:00+00:00,33,1,42218,51.3,51.355,51.295,51.34,17,SIZ5
2025-11-25 04:16:00+00:00,33,1,42218,51.335,51.41,51.335,51.405,25,SIZ5
2025-11-25 04:17:00+00:00,33,1,42218,51.39,51.39,51.345,51.36,70,SIZ5
2025-11-25 04:18:00+00:00,33,1,42218,51.335,51.335,51.335,51.335,1,SIZ5
2025-11-25 04:19:00+00:00,33,1,42218,51.305,51.305,51.305,51.305,1,SIZ5
2025-11-25 04:20:00+00:00,33,1,42218,51.305,51.305,51.29,51.3,14,SIZ5
2025-11-25 04:21:00+00:00,33,1,42218,51.305,51.315,51.3,51.31,13,SIZ5
2025-11-25 04:22:00+00:00,33,1,42218,51.305,51.325,51.305,51.325,3,SIZ5
2025-11-25 04:23:00+00:00,33,1,42218,51.33,51.33,51.325,51.325,3,SIZ5
2025-11-25 04:24:00+00:00,33,1,42218,51.335,51.345,51.325,51.325,17,SIZ5
2025-11-25 04:25:00+00:00,33,1,42218,51.325,51.325,51.315,51.32,5,SIZ5
2025-11-25 04:26:00+00:00,33,1,42218,51.315,51.315,51.315,51.315,2,SIZ5
2025-11-25 04:27:00+00:00,33,1,42218,51.325,51.335,51.325,51.335,3,SIZ5
2025-11-25 04:28:00+00:00,33,1,42218,51.32,51.34,51.32,51.33,6,SIZ5
2025-11-25 04:29:00+00:00,33,1,42218,51.325,51.325,51.305,51.31,6,SIZ5
2025-11-25 04:30:00+00:00,33,1,42218,51.305,51.305,51.275,51.275,25,SIZ5
2025-11-25 04:31:00+00:00,33,1,42218,51.275,51.29,51.275,51.28,5,SIZ5
2025-11-25 04:34:00+00:00,33,1,42218,51.31,51.31,51.3,51.3,2,SIZ5
2025-11-25 04:35:00+00:00,33,1,42218,51.315,51.315,51.315,51.315,2,SIZ5
2025-11-25 04:36:00+00:00,33,1,42218,51.3,51.3,51.295,51.295,6,SIZ5
2025-11-25 04:37:00+00:00,33,1,42218,51.29,51.29,51.29,51.29,4,SIZ5
2025-11-25 04:38:00+00:00,33,1,42218,51.3,51.3,51.3,51.3,1,SIZ5
2025-11-25 04:39:00+00:00,33,1,42218,51.315,51.315,51.3,51.31,10,SIZ5
2025-11-25 04:40:00+00:00,33,1,42218,51.31,51.315,51.3,51.3,5,SIZ5
2025-11-25 04:41:00+00:00,33,1,42218,51.27,51.29,51.265,51.275,21,SIZ5
2025-11-25 04:42:00+00:00,33,1,42218,51.28,51.28,51.265,51.265,4,SIZ5
2025-11-25 04:43:00+00:00,33,1,42218,51.285,51.285,51.285,51.285,1,SIZ5
2025-11-25 04:45:00+00:00,33,1,42218,51.3,51.305,51.295,51.3,5,SIZ5
2025-11-25 04:46:00+00:00,33,1,42218,51.305,51.305,51.305,51.305,1,SIZ5
2025-11-25 04:47:00+00:00,33,1,42218,51.32,51.32,51.3,51.305,8,SIZ5
2025-11-25 04:48:00+00:00,33,1,42218,51.295,51.3,51.285,51.3,12,SIZ5
2025-11-25 04:49:00+00:00,33,1,42218,51.295,51.295,51.285,51.285,3,SIZ5
2025-11-25 04:50:00+00:00,33,1,42218,51.31,51.345,51.31,51.34,13,SIZ5
2025-11-25 04:51:00+00:00,33,1,42218,51.305,51.315,51.305,51.305,6,SIZ5
2025-11-25 04:52:00+00:00,33,1,42218,51.295,51.295,51.295,51.295,2,SIZ5
2025-11-25 04:53:00+00:00,33,1,42218,51.29,51.29,51.28,51.28,3,SIZ5
2025-11-25 04:54:00+00:00,33,1,42218,51.295,51.305,51.285,51.295,12,SIZ5
2025-11-25 04:58:00+00:00,33,1,42218,51.3,51.305,51.3,51.305,4,SIZ5
2025-11-25 04:59:00+00:00,33,1,42218,51.295,51.295,51.295,51.295,1,SIZ5
2025-11-25 05:01:00+00:00,33,1,42218,51.33,51.33,51.31,51.31,7,SIZ5
2025-11-25 05:02:00+00:00,33,1,42218,51.305,51.305,51.305,51.305,1,SIZ5
2025-11-25 05:03:00+00:00,33,1,42218,51.305,51.315,51.305,51.315,2,SIZ5
2025-11-25 05:07:00+00:00,33,1,42218,51.315,51.34,51.315,51.335,4,SIZ5
2025-11-25 05:08:00+00:00,33,1,42218,51.35,51.35,51.35,51.35,1,SIZ5
2025-11-25 05:10:00+00:00,33,1,42218,51.375,51.39,51.37,51.37,3,SIZ5
2025-11-25 05:11:00+00:00,33,1,42218,51.375,51.38,51.37,51.37,9,SIZ5
2025-11-25 05:12:00+00:00,33,1,42218,51.365,51.365,51.345,51.345,6,SIZ5
2025-11-25 05:14:00+00:00,33,1,42218,51.375,51.38,51.36,51.37,13,SIZ5
2025-11-25 05:16:00+00:00,33,1,42218,51.35,51.35,51.35,51.35,1,SIZ5
2025-11-25 05:17:00+00:00,33,1,42218,51.34,51.34,51.34,51.34,3,SIZ5
2025-11-25 05:19:00+00:00,33,1,42218,51.33,51.33,51.33,51.33,1,SIZ5
2025-11-25 05:20:00+00:00,33,1,42218,51.35,51.365,51.35,51.365,8,SIZ5
2025-11-25 05:21:00+00:00,33,1,42218,51.37,51.38,51.36,51.365,9,SIZ5
2025-11-25 05:23:00+00:00,33,1,42218,51.37,51.37,51.36,51.36,2,SIZ5
2025-11-25 05:24:00+00:00,33,1,42218,51.37,51.37,51.36,51.36,3,SIZ5
2025-11-25 05:26:00+00:00,33,1,42218,51.35,51.355,51.345,51.345,6,SIZ5
2025-11-25 05:27:00+00:00,33,1,42218,51.34,51.34,51.33,51.33,3,SIZ5
2025-11-25 05:28:00+00:00,33,1,42218,51.315,51.32,51.3,51.31,8,SIZ5
2025-11-25 05:30:00+00:00,33,1,42218,51.285,51.285,51.215,51.24,23,SIZ5
2025-11-25 05:31:00+00:00,33,1,42218,51.24,51.29,51.24,51.285,13,SIZ5
2025-11-25 05:32:00+00:00,33,1,42218,51.28,51.315,51.27,51.305,15,SIZ5
2025-11-25 05:33:00+00:00,33,1,42218,51.315,51.37,51.315,51.335,11,SIZ5
2025-11-25 05:34:00+00:00,33,1,42218,51.305,51.305,51.305,51.305,1,SIZ5
2025-11-25 05:35:00+00:00,33,1,42218,51.325,51.325,51.325,51.325,1,SIZ5
2025-11-25 05:36:00+00:00,33,1,42218,51.3,51.3,51.3,51.3,2,SIZ5
2025-11-25 05:37:00+00:00,33,1,42218,51.31,51.31,51.31,51.31,1,SIZ5
2025-11-25 05:39:00+00:00,33,1,42218,51.31,51.31,51.29,51.3,4,SIZ5
2025-11-25 05:40:00+00:00,33,1,42218,51.295,51.31,51.285,51.31,5,SIZ5
2025-11-25 05:41:00+00:00,33,1,42218,51.32,51.34,51.32,51.34,6,SIZ5
2025-11-25 05:42:00+00:00,33,1,42218,51.355,51.355,51.355,51.355,3,SIZ5
2025-11-25 05:43:00+00:00,33,1,42218,51.34,51.35,51.34,51.345,6,SIZ5
2025-11-25 05:44:00+00:00,33,1,42218,51.35,51.35,51.35,51.35,1,SIZ5
2025-11-25 05:45:00+00:00,33,1,42218,51.335,51.35,51.32,51.35,17,SIZ5
2025-11-25 05:46:00+00:00,33,1,42218,51.35,51.365,51.35,51.365,3,SIZ5
2025-11-25 05:47:00+00:00,33,1,42218,51.355,51.36,51.335,51.355,15,SIZ5
2025-11-25 05:48:00+00:00,33,1,42218,51.365,51.385,51.365,51.37,41,SIZ5
2025-11-25 05:49:00+00:00,33,1,42218,51.37,51.385,51.37,51.375,6,SIZ5
2025-11-25 05:50:00+00:00,33,1,42218,51.385,51.42,51.385,51.42,12,SIZ5
2025-11-25 05:51:00+00:00,33,1,42218,51.44,51.44,51.43,51.43,5,SIZ5
2025-11-25 05:53:00+00:00,33,1,42218,51.41,51.41,51.395,51.41,23,SIZ5
2025-11-25 05:54:00+00:00,33,1,42218,51.42,51.425,51.41,51.41,21,SIZ5
2025-11-25 05:55:00+00:00,33,1,42218,51.39,51.41,51.385,51.41,22,SIZ5
2025-11-25 05:56:00+00:00,33,1,42218,51.405,51.425,51.405,51.425,4,SIZ5
2025-11-25 05:57:00+00:00,33,1,42218,51.425,51.455,51.425,51.455,10,SIZ5
2025-11-25 05:58:00+00:00,33,1,42218,51.465,51.51,51.46,51.47,100,SIZ5
2025-11-25 05:59:00+00:00,33,1,42218,51.475,51.475,51.44,51.46,35,SIZ5
2025-11-25 06:00:00+00:00,33,1,42218,51.46,51.48,51.44,51.445,36,SIZ5
2025-11-25 06:01:00+00:00,33,1,42218,51.425,51.425,51.42,51.42,2,SIZ5
2025-11-25 06:03:00+00:00,33,1,42218,51.41,51.425,51.41,51.425,8,SIZ5
2025-11-25 06:04:00+00:00,33,1,42218,51.405,51.405,51.385,51.385,7,SIZ5
2025-11-25 06:05:00+00:00,33,1,42218,51.4,51.405,51.4,51.405,2,SIZ5
2025-11-25 06:06:00+00:00,33,1,42218,51.425,51.425,51.415,51.415,5,SIZ5
2025-11-25 06:07:00+00:00,33,1,42218,51.39,51.415,51.39,51.415,19,SIZ5
2025-11-25 06:08:00+00:00,33,1,42218,51.42,51.445,51.42,51.445,5,SIZ5
2025-11-25 06:09:00+00:00,33,1,42218,51.44,51.44,51.43,51.43,6,SIZ5
2025-11-25 06:10:00+00:00,33,1,42218,51.41,51.41,51.38,51.38,9,SIZ5
2025-11-25 06:11:00+00:00,33,1,42218,51.375,51.38,51.34,51.345,11,SIZ5
2025-11-25 06:12:00+00:00,33,1,42218,51.33,51.365,51.33,51.355,7,SIZ5
2025-11-25 06:14:00+00:00,33,1,42218,51.325,51.325,51.31,51.31,4,SIZ5
2025-11-25 06:15:00+00:00,33,1,42218,51.325,51.36,51.325,51.36,14,SIZ5
2025-11-25 06:16:00+00:00,33,1,42218,51.345,51.345,51.345,51.345,1,SIZ5
2025-11-25 06:17:00+00:00,33,1,42218,51.345,51.345,51.32,51.32,5,SIZ5
2025-11-25 06:18:00+00:00,33,1,42218,51.32,51.32,51.315,51.315,2,SIZ5
2025-11-25 06:19:00+00:00,33,1,42218,51.32,51.32,51.3,51.3,6,SIZ5
2025-11-25 06:20:00+00:00,33,1,42218,51.315,51.315,51.29,51.31,11,SIZ5
2025-11-25 06:21:00+00:00,33,1,42218,51.335,51.34,51.335,51.34,2,SIZ5
2025-11-25 06:22:00+00:00,33,1,42218,51.33,51.33,51.31,51.315,5,SIZ5
2025-11-25 06:23:00+00:00,33,1,42218,51.305,51.305,51.265,51.27,6,SIZ5
2025-11-25 06:24:00+00:00,33,1,42218,51.28,51.285,51.28,51.285,4,SIZ5
2025-11-25 06:25:00+00:00,33,1,42218,51.265,51.265,51.235,51.245,32,SIZ5
2025-11-25 06:27:00+00:00,33,1,42218,51.23,51.235,51.23,51.235,20,SIZ5
2025-11-25 06:28:00+00:00,33,1,42218,51.22,51.23,51.19,51.22,74,SIZ5
2025-11-25 06:29:00+00:00,33,1,42218,51.215,51.215,51.08,51.15,30,SIZ5
2025-11-25 06:30:00+00:00,33,1,42218,51.16,51.175,51.16,51.16,3,SIZ5
2025-11-25 06:31:00+00:00,33,1,42218,51.155,51.155,51.12,51.12,12,SIZ5
2025-11-25 06:32:00+00:00,33,1,42218,51.115,51.16,51.105,51.16,128,SIZ5
2025-11-25 06:33:00+00:00,33,1,42218,51.165,51.19,51.135,51.17,34,SIZ5
2025-11-25 06:34:00+00:00,33,1,42218,51.165,51.165,51.13,51.13,5,SIZ5
2025-11-25 06:35:00+00:00,33,1,42218,51.155,51.155,51.135,51.15,23,SIZ5
2025-11-25 06:36:00+00:00,33,1,42218,51.155,51.185,51.155,51.185,4,SIZ5
2025-11-25 06:37:00+00:00,33,1,42218,51.175,51.185,51.17,51.17,5,SIZ5
2025-11-25 06:38:00+00:00,33,1,42218,51.165,51.165,51.14,51.155,12,SIZ5
2025-11-25 06:39:00+00:00,33,1,42218,51.165,51.165,51.165,51.165,5,SIZ5
2025-11-25 06:41:00+00:00,33,1,42218,51.155,51.155,51.155,51.155,1,SIZ5
2025-11-25 06:42:00+00:00,33,1,42218,51.15,51.15,51.115,51.125,7,SIZ5
2025-11-25 06:43:00+00:00,33,1,42218,51.11,51.11,51.095,51.1,4,SIZ5
2025-11-25 06:44:00+00:00,33,1,42218,51.1,51.105,51.05,51.05,17,SIZ5
2025-11-25 06:45:00+00:00,33,1,42218,51.04,51.04,51.005,51.02,7,SIZ5
2025-11-25 06:46:00+00:00,33,1,42218,51.04,51.04,51.03,51.03,4,SIZ5
2025-11-25 06:47:00+00:00,33,1,42218,51.035,51.045,51.01,51.01,16,SIZ5
2025-11-25 06:48:00+00:00,33,1,42218,51.02,51.025,51.01,51.015,16,SIZ5
2025-11-25 06:49:00+00:00,33,1,42218,51.0,51.0,50.99,50.995,3,SIZ5
2025-11-25 06:50:00+00:00,33,1,42218,50.975,50.98,50.95,50.98,8,SIZ5
2025-11-25 06:51:00+00:00,33,1,42218,50.985,51.005,50.98,50.99,10,SIZ5
2025-11-25 06:52:00+00:00,33,1,42218,51.015,51.015,50.995,51.0,10,SIZ5
2025-11-25 06:53:00+00:00,33,1,42218,51.015,51.015,51.015,51.015,1,SIZ5
2025-11-25 06:55:00+00:00,33,1,42218,51.01,51.05,51.01,51.05,5,SIZ5
2025-11-25 06:56:00+00:00,33,1,42218,51.04,51.04,51.04,51.04,3,SIZ5
2025-11-25 06:57:00+00:00,33,1,42218,51.05,51.08,51.05,51.075,13,SIZ5
2025-11-25 06:58:00+00:00,33,1,42218,51.075,51.1,51.07,51.095,7,SIZ5
2025-11-25 06:59:00+00:00,33,1,42218,51.1,51.105,51.1,51.105,2,SIZ5
2025-11-25 07:00:00+00:00,33,1,42218,51.105,51.17,51.095,51.17,19,SIZ5
2025-11-25 07:01:00+00:00,33,1,42218,51.165,51.17,51.16,51.17,3,SIZ5
2025-11-25 07:02:00+00:00,33,1,42218,51.19,51.225,51.19,51.215,9,SIZ5
2025-11-25 07:03:00+00:00,33,1,42218,51.22,51.22,51.19,51.19,37,SIZ5
2025-11-25 07:05:00+00:00,33,1,42218,51.185,51.2,51.16,51.2,16,SIZ5
2025-11-25 07:06:00+00:00,33,1,42218,51.21,51.245,51.205,51.245,30,SIZ5
2025-11-25 07:07:00+00:00,33,1,42218,51.25,51.27,51.245,51.27,14,SIZ5
2025-11-25 07:08:00+00:00,33,1,42218,51.27,51.295,51.27,51.295,19,SIZ5
2025-11-25 07:09:00+00:00,33,1,42218,51.265,51.29,51.265,51.29,3,SIZ5
2025-11-25 07:10:00+00:00,33,1,42218,51.285,51.285,51.255,51.285,12,SIZ5
2025-11-25 07:11:00+00:00,33,1,42218,51.285,51.315,51.285,51.295,33,SIZ5
2025-11-25 07:12:00+00:00,33,1,42218,51.285,51.285,51.24,51.24,15,SIZ5
2025-11-25 07:13:00+00:00,33,1,42218,51.24,51.24,51.195,51.215,30,SIZ5
2025-11-25 07:14:00+00:00,33,1,42218,51.21,51.22,51.16,51.165,37,SIZ5
2025-11-25 07:15:00+00:00,33,1,42218,51.175,51.19,51.175,51.19,6,SIZ5
2025-11-25 07:16:00+00:00,33,1,42218,51.175,51.21,51.165,51.21,16,SIZ5
2025-11-25 07:17:00+00:00,33,1,42218,51.22,51.22,51.22,51.22,1,SIZ5
2025-11-25 07:18:00+00:00,33,1,42218,51.25,51.25,51.24,51.24,4,SIZ5
2025-11-25 07:19:00+00:00,33,1,42218,51.24,51.24,51.21,51.215,3,SIZ5
2025-11-25 07:20:00+00:00,33,1,42218,51.21,51.22,51.19,51.22,25,SIZ5
2025-11-25 07:21:00+00:00,33,1,42218,51.23,51.245,51.225,51.245,7,SIZ5
2025-11-25 07:22:00+00:00,33,1,42218,51.245,51.245,51.245,51.245,1,SIZ5
2025-11-25 07:25:00+00:00,33,1,42218,51.235,51.235,51.23,51.23,3,SIZ5
2025-11-25 07:26:00+00:00,33,1,42218,51.245,51.245,51.245,51.245,10,SIZ5
2025-11-25 07:28:00+00:00,33,1,42218,51.215,51.215,51.2,51.2,3,SIZ5
2025-11-25 07:29:00+00:00,33,1,42218,51.16,51.16,51.145,51.145,7,SIZ5
2025-11-25 07:30:00+00:00,33,1,42218,51.165,51.17,51.15,51.15,7,SIZ5
2025-11-25 07:31:00+00:00,33,1,42218,51.145,51.155,51.145,51.155,3,SIZ5
2025-11-25 07:32:00+00:00,33,1,42218,51.16,51.16,51.16,51.16,1,SIZ5
2025-11-25 07:33:00+00:00,33,1,42218,51.18,51.185,51.14,51.14,14,SIZ5
2025-11-25 07:34:00+00:00,33,1,42218,51.13,51.13,51.105,51.105,15,SIZ5
2025-11-25 07:35:00+00:00,33,1,42218,51.09,51.125,51.09,51.125,8,SIZ5
2025-11-25 07:36:00+00:00,33,1,42218,51.12,51.12,51.07,51.07,14,SIZ5
2025-11-25 07:37:00+00:00,33,1,42218,51.065,51.065,51.04,51.04,19,SIZ5
2025-11-25 07:38:00+00:00,33,1,42218,51.055,51.065,51.05,51.065,14,SIZ5
2025-11-25 07:39:00+00:00,33,1,42218,51.065,51.075,51.055,51.07,11,SIZ5
2025-11-25 07:40:00+00:00,33,1,42218,51.08,51.105,51.07,51.1,14,SIZ5
2025-11-25 07:41:00+00:00,33,1,42218,51.135,51.14,51.13,51.14,6,SIZ5
2025-11-25 07:42:00+00:00,33,1,42218,51.14,51.14,51.14,51.14,1,SIZ5
2025-11-25 07:44:00+00:00,33,1,42218,51.15,51.15,51.135,51.135,9,SIZ5
2025-11-25 07:46:00+00:00,33,1,42218,51.175,51.175,51.14,51.14,4,SIZ5
2025-11-25 07:47:00+00:00,33,1,42218,51.13,51.13,51.115,51.12,6,SIZ5
2025-11-25 07:48:00+00:00,33,1,42218,51.12,51.12,51.08,51.09,6,SIZ5
2025-11-25 07:49:00+00:00,33,1,42218,51.075,51.075,51.07,51.07,2,SIZ5
2025-11-25 07:50:00+00:00,33,1,42218,51.075,51.08,51.05,51.05,7,SIZ5
2025-11-25 07:51:00+00:00,33,1,42218,51.055,51.055,50.995,50.995,51,SIZ5
2025-11-25 07:52:00+00:00,33,1,42218,50.995,51.0,50.985,51.0,8,SIZ5
2025-11-25 07:53:00+00:00,33,1,42218,50.985,51.0,50.955,50.955,43,SIZ5
2025-11-25 07:54:00+00:00,33,1,42218,50.95,51.03,50.95,51.01,17,SIZ5
2025-11-25 07:55:00+00:00,33,1,42218,51.03,51.03,51.01,51.01,13,SIZ5
2025-11-25 07:57:00+00:00,33,1,42218,51.055,51.055,51.035,51.035,3,SIZ5
2025-11-25 07:58:00+00:00,33,1,42218,51.015,51.015,50.945,50.985,24,SIZ5
2025-11-25 07:59:00+00:00,33,1,42218,50.94,50.965,50.94,50.965,8,SIZ5
2025-11-25 08:00:00+00:00,33,1,42218,50.995,51.065,50.995,51.065,28,SIZ5
2025-11-25 08:01:00+00:00,33,1,42218,51.06,51.06,51.035,51.045,8,SIZ5
2025-11-25 08:02:00+00:00,33,1,42218,51.015,51.015,51.015,51.015,2,SIZ5
2025-11-25 08:03:00+00:00,33,1,42218,51.02,51.025,51.0,51.0,6,SIZ5
2025-11-25 08:04:00+00:00,33,1,42218,51.005,51.045,51.005,51.02,4,SIZ5
2025-11-25 08:05:00+00:00,33,1,42218,51.04,51.04,51.03,51.03,2,SIZ5
2025-11-25 08:06:00+00:00,33,1,42218,51.045,51.045,51.045,51.045,1,SIZ5
2025-11-25 08:08:00+00:00,33,1,42218,51.03,51.035,51.03,51.03,3,SIZ5
2025-11-25 08:09:00+00:00,33,1,42218,51.025,51.045,51.02,51.045,7,SIZ5
2025-11-25 08:10:00+00:00,33,1,42218,51.005,51.02,50.99,51.02,10,SIZ5
2025-11-25 08:11:00+00:00,33,1,42218,51.02,51.02,51.02,51.02,1,SIZ5
2025-11-25 08:13:00+00:00,33,1,42218,51.03,51.03,51.03,51.03,1,SIZ5
2025-11-25 08:14:00+00:00,33,1,42218,51.01,51.01,50.98,50.99,12,SIZ5
2025-11-25 08:15:00+00:00,33,1,42218,51.03,51.05,51.03,51.05,5,SIZ5
2025-11-25 08:16:00+00:00,33,1,42218,51.04,51.04,51.04,51.04,1,SIZ5
2025-11-25 08:17:00+00:00,33,1,42218,51.07,51.105,51.07,51.09,6,SIZ5
2025-11-25 08:18:00+00:00,33,1,42218,51.095,51.115,51.075,51.1,34,SIZ5
2025-11-25 08:19:00+00:00,33,1,42218,51.09,51.095,51.08,51.08,9,SIZ5
2025-11-25 08:20:00+00:00,33,1,42218,51.095,51.095,51.095,51.095,1,SIZ5
2025-11-25 08:21:00+00:00,33,1,42218,51.055,51.055,51.05,51.05,2,SIZ5
2025-11-25 08:22:00+00:00,33,1,42218,51.065,51.065,51.03,51.04,7,SIZ5
2025-11-25 08:23:00+00:00,33,1,42218,51.03,51.035,51.03,51.035,2,SIZ5
2025-11-25 08:24:00+00:00,33,1,42218,51.055,51.075,51.055,51.075,4,SIZ5
2025-11-25 08:25:00+00:00,33,1,42218,51.075,51.075,51.03,51.03,7,SIZ5
2025-11-25 08:26:00+00:00,33,1,42218,51.03,51.045,51.03,51.045,5,SIZ5
2025-11-25 08:27:00+00:00,33,1,42218,50.995,51.04,50.99,51.04,7,SIZ5
2025-11-25 08:28:00+00:00,33,1,42218,51.055,51.055,51.015,51.025,9,SIZ5
2025-11-25 08:29:00+00:00,33,1,42218,51.05,51.05,51.01,51.01,11,SIZ5
2025-11-25 08:30:00+00:00,33,1,42218,51.01,51.01,50.965,50.98,8,SIZ5
2025-11-25 08:31:00+00:00,33,1,42218,50.975,50.98,50.945,50.98,14,SIZ5
2025-11-25 08:32:00+00:00,33,1,42218,50.975,50.975,50.925,50.925,8,SIZ5
2025-11-25 08:33:00+00:00,33,1,42218,50.915,50.93,50.865,50.885,81,SIZ5
2025-11-25 08:34:00+00:00,33,1,42218,50.885,50.885,50.8,50.805,224,SIZ5
2025-11-25 08:35:00+00:00,33,1,42218,50.805,50.82,50.73,50.755,74,SIZ5
2025-11-25 08:36:00+00:00,33,1,42218,50.77,50.86,50.77,50.845,70,SIZ5
2025-11-25 08:37:00+00:00,33,1,42218,50.83,50.83,50.78,50.785,38,SIZ5
2025-11-25 08:38:00+00:00,33,1,42218,50.77,50.79,50.695,50.76,77,SIZ5
2025-11-25 08:39:00+00:00,33,1,42218,50.78,50.82,50.75,50.82,28,SIZ5
2025-11-25 08:40:00+00:00,33,1,42218,50.82,50.885,50.82,50.885,22,SIZ5
2025-11-25 08:41:00+00:00,33,1,42218,50.865,50.89,50.865,50.89,9,SIZ5
2025-11-25 08:42:00+00:00,33,1,42218,50.88,50.895,50.845,50.88,38,SIZ5
2025-11-25 08:43:00+00:00,33,1,42218,50.875,50.875,50.86,50.86,18,SIZ5
2025-11-25 08:44:00+00:00,33,1,42218,50.83,50.835,50.83,50.835,2,SIZ5
2025-11-25 08:45:00+00:00,33,1,42218,50.845,50.87,50.805,50.805,24,SIZ5
2025-11-25 08:46:00+00:00,33,1,42218,50.8,50.805,50.775,50.795,20,SIZ5
2025-11-25 08:47:00+00:00,33,1,42218,50.805,50.805,50.79,50.8,3,SIZ5
2025-11-25 08:48:00+00:00,33,1,42218,50.82,50.82,50.805,50.805,5,SIZ5
2025-11-25 08:49:00+00:00,33,1,42218,50.8,50.805,50.775,50.775,7,SIZ5
2025-11-25 08:50:00+00:00,33,1,42218,50.795,50.795,50.72,50.72,14,SIZ5
2025-11-25 08:51:00+00:00,33,1,42218,50.71,50.72,50.68,50.68,50,SIZ5
2025-11-25 08:52:00+00:00,33,1,42218,50.685,50.685,50.585,50.6,59,SIZ5
2025-11-25 08:53:00+00:00,33,1,42218,50.575,50.61,50.56,50.595,36,SIZ5
2025-11-25 08:54:00+00:00,33,1,42218,50.605,50.605,50.425,50.515,162,SIZ5
2025-11-25 08:55:00+00:00,33,1,42218,50.52,50.625,50.515,50.61,29,SIZ5
2025-11-25 08:56:00+00:00,33,1,42218,50.62,50.645,50.62,50.63,12,SIZ5
2025-11-25 08:57:00+00:00,33,1,42218,50.635,50.65,50.62,50.64,15,SIZ5
2025-11-25 08:58:00+00:00,33,1,42218,50.63,50.64,50.625,50.64,11,SIZ5
2025-11-25 08:59:00+00:00,33,1,42218,50.67,50.695,50.65,50.65,31,SIZ5
2025-11-25 09:00:00+00:00,33,1,42218,50.63,50.64,50.61,50.62,33,SIZ5
2025-11-25 09:01:00+00:00,33,1,42218,50.65,50.69,50.64,50.69,17,SIZ5
2025-11-25 09:02:00+00:00,33,1,42218,50.71,50.735,50.7,50.725,43,SIZ5
2025-11-25 09:03:00+00:00,33,1,42218,50.71,50.76,50.71,50.76,58,SIZ5
2025-11-25 09:04:00+00:00,33,1,42218,50.755,50.805,50.755,50.805,17,SIZ5
2025-11-25 09:05:00+00:00,33,1,42218,50.81,50.845,50.81,50.845,20,SIZ5
2025-11-25 09:06:00+00:00,33,1,42218,50.83,50.885,50.825,50.86,47,SIZ5
2025-11-25 09:07:00+00:00,33,1,42218,50.84,50.865,50.84,50.865,15,SIZ5
2025-11-25 09:08:00+00:00,33,1,42218,50.855,50.875,50.85,50.85,11,SIZ5
2025-11-25 09:09:00+00:00,33,1,42218,50.855,50.89,50.84,50.845,40,SIZ5
2025-11-25 09:10:00+00:00,33,1,42218,50.85,50.86,50.84,50.84,15,SIZ5
2025-11-25 09:11:00+00:00,33,1,42218,50.86,50.88,50.86,50.88,4,SIZ5
2025-11-25 09:12:00+00:00,33,1,42218,50.88,50.885,50.865,50.865,8,SIZ5
2025-11-25 09:13:00+00:00,33,1,42218,50.885,50.925,50.88,50.91,23,SIZ5
2025-11-25 09:14:00+00:00,33,1,42218,50.86,50.87,50.86,50.86,3,SIZ5
2025-11-25 09:15:00+00:00,33,1,42218,50.885,50.9,50.87,50.9,8,SIZ5
2025-11-25 09:16:00+00:00,33,1,42218,50.895,50.895,50.86,50.86,3,SIZ5
2025-11-25 09:17:00+00:00,33,1,42218,50.83,50.845,50.815,50.845,8,SIZ5
2025-11-25 09:18:00+00:00,33,1,42218,50.84,50.84,50.825,50.825,2,SIZ5
2025-11-25 09:19:00+00:00,33,1,42218,50.845,50.845,50.825,50.825,3,SIZ5
2025-11-25 09:20:00+00:00,33,1,42218,50.815,50.815,50.805,50.81,5,SIZ5
2025-11-25 09:21:00+00:00,33,1,42218,50.81,50.81,50.77,50.8,9,SIZ5
2025-11-25 09:22:00+00:00,33,1,42218,50.805,50.86,50.805,50.855,27,SIZ5
2025-11-25 09:23:00+00:00,33,1,42218,50.85,50.855,50.82,50.82,12,SIZ5
2025-11-25 09:24:00+00:00,33,1,42218,50.8,50.82,50.8,50.82,5,SIZ5
2025-11-25 09:25:00+00:00,33,1,42218,50.82,50.83,50.82,50.83,4,SIZ5
2025-11-25 09:26:00+00:00,33,1,42218,50.795,50.795,50.78,50.78,3,SIZ5
2025-11-25 09:27:00+00:00,33,1,42218,50.79,50.79,50.745,50.755,14,SIZ5
2025-11-25 09:28:00+00:00,33,1,42218,50.735,50.76,50.735,50.75,8,SIZ5
2025-11-25 09:29:00+00:00,33,1,42218,50.75,50.765,50.75,50.765,3,SIZ5
2025-11-25 09:30:00+00:00,33,1,42218,50.805,50.82,50.805,50.815,11,SIZ5
2025-11-25 09:31:00+00:00,33,1,42218,50.825,50.825,50.755,50.77,8,SIZ5
2025-11-25 09:32:00+00:00,33,1,42218,50.79,50.795,50.765,50.785,14,SIZ5
2025-11-25 09:33:00+00:00,33,1,42218,50.78,50.78,50.735,50.75,11,SIZ5
2025-11-25 09:34:00+00:00,33,1,42218,50.755,50.79,50.745,50.79,10,SIZ5
2025-11-25 09:35:00+00:00,33,1,42218,50.805,50.805,50.805,50.805,1,SIZ5
2025-11-25 09:36:00+00:00,33,1,42218,50.82,50.84,50.82,50.835,4,SIZ5
2025-11-25 09:37:00+00:00,33,1,42218,50.795,50.795,50.795,50.795,1,SIZ5
2025-11-25 09:38:00+00:00,33,1,42218,50.805,50.81,50.79,50.8,4,SIZ5
2025-11-25 09:39:00+00:00,33,1,42218,50.795,50.805,50.78,50.78,10,SIZ5
2025-11-25 09:40:00+00:00,33,1,42218,50.765,50.8,50.75,50.77,16,SIZ5
2025-11-25 09:41:00+00:00,33,1,42218,50.77,50.805,50.755,50.805,14,SIZ5
2025-11-25 09:42:00+00:00,33,1,42218,50.8,50.825,50.8,50.815,14,SIZ5
2025-11-25 09:43:00+00:00,33,1,42218,50.785,50.785,50.75,50.75,15,SIZ5
2025-11-25 09:44:00+00:00,33,1,42218,50.74,50.74,50.69,50.695,12,SIZ5
2025-11-25 09:45:00+00:00,33,1,42218,50.715,50.75,50.715,50.75,16,SIZ5
2025-11-25 09:46:00+00:00,33,1,42218,50.755,50.78,50.745,50.78,27,SIZ5
2025-11-25 09:47:00+00:00,33,1,42218,50.71,50.75,50.71,50.745,10,SIZ5
2025-11-25 09:48:00+00:00,33,1,42218,50.71,50.71,50.7,50.7,3,SIZ5
2025-11-25 09:49:00+00:00,33,1,42218,50.705,50.765,50.705,50.765,17,SIZ5
2025-11-25 09:50:00+00:00,33,1,42218,50.76,50.765,50.76,50.765,4,SIZ5
2025-11-25 09:51:00+00:00,33,1,42218,50.76,50.76,50.745,50.745,3,SIZ5
2025-11-25 09:52:00+00:00,33,1,42218,50.72,50.725,50.705,50.705,8,SIZ5
2025-11-25 09:53:00+00:00,33,1,42218,50.695,50.7,50.67,50.7,11,SIZ5
2025-11-25 09:54:00+00:00,33,1,42218,50.7,50.7,50.68,50.685,17,SIZ5
2025-11-25 09:55:00+00:00,33,1,42218,50.69,50.71,50.69,50.695,16,SIZ5
2025-11-25 09:56:00+00:00,33,1,42218,50.7,50.72,50.7,50.71,17,SIZ5
2025-11-25 09:57:00+00:00,33,1,42218,50.715,50.72,50.705,50.715,12,SIZ5
2025-11-25 09:58:00+00:00,33,1,42218,50.71,50.72,50.71,50.72,6,SIZ5
2025-11-25 09:59:00+00:00,33,1,42218,50.7,50.7,50.7,50.7,1,SIZ5
2025-11-25 10:00:00+00:00,33,1,42218,50.7,50.72,50.7,50.72,8,SIZ5
2025-11-25 10:01:00+00:00,33,1,42218,50.695,50.725,50.695,50.71,15,SIZ5
2025-11-25 10:02:00+00:00,33,1,42218,50.715,50.74,50.715,50.74,4,SIZ5
2025-11-25 10:03:00+00:00,33,1,42218,50.73,50.78,50.73,50.78,10,SIZ5
2025-11-25 10:04:00+00:00,33,1,42218,50.785,50.795,50.785,50.785,7,SIZ5
2025-11-25 10:05:00+00:00,33,1,42218,50.79,50.825,50.775,50.775,19,SIZ5
2025-11-25 10:06:00+00:00,33,1,42218,50.785,50.8,50.785,50.8,5,SIZ5
2025-11-25 10:07:00+00:00,33,1,42218,50.795,50.8,50.76,50.76,3,SIZ5
2025-11-25 10:08:00+00:00,33,1,42218,50.735,50.79,50.735,50.79,17,SIZ5
2025-11-25 10:09:00+00:00,33,1,42218,50.795,50.84,50.795,50.825,29,SIZ5
2025-11-25 10:10:00+00:00,33,1,42218,50.8,50.835,50.8,50.83,12,SIZ5
2025-11-25 10:11:00+00:00,33,1,42218,50.82,50.885,50.82,50.885,20,SIZ5
2025-11-25 10:12:00+00:00,33,1,42218,50.875,50.915,50.875,50.91,17,SIZ5
2025-11-25 10:13:00+00:00,33,1,42218,50.885,50.9,50.86,50.9,10,SIZ5
2025-11-25 10:14:00+00:00,33,1,42218,50.91,50.915,50.895,50.915,14,SIZ5
2025-11-25 10:15:00+00:00,33,1,42218,50.895,50.895,50.86,50.86,4,SIZ5
2025-11-25 10:16:00+00:00,33,1,42218,50.86,50.88,50.855,50.88,9,SIZ5
2025-11-25 10:17:00+00:00,33,1,42218,50.87,50.875,50.84,50.845,11,SIZ5
2025-11-25 10:18:00+00:00,33,1,42218,50.84,50.875,50.835,50.875,18,SIZ5
2025-11-25 10:19:00+00:00,33,1,42218,50.865,50.905,50.865,50.9,16,SIZ5
2025-11-25 10:20:00+00:00,33,1,42218,50.895,50.9,50.88,50.89,9,SIZ5
2025-11-25 10:21:00+00:00,33,1,42218,50.885,50.885,50.86,50.87,5,SIZ5
2025-11-25 10:22:00+00:00,33,1,42218,50.87,50.88,50.855,50.855,9,SIZ5
2025-11-25 10:23:00+00:00,33,1,42218,50.86,50.865,50.83,50.845,8,SIZ5
2025-11-25 10:24:00+00:00,33,1,42218,50.83,50.845,50.83,50.845,4,SIZ5
2025-11-25 10:25:00+00:00,33,1,42218,50.815,50.815,50.77,50.77,9,SIZ5
2025-11-25 10:26:00+00:00,33,1,42218,50.775,50.795,50.775,50.795,5,SIZ5
2025-11-25 10:27:00+00:00,33,1,42218,50.78,50.815,50.78,50.8,24,SIZ5
2025-11-25 10:28:00+00:00,33,1,42218,50.785,50.82,50.785,50.82,13,SIZ5
2025-11-25 10:29:00+00:00,33,1,42218,50.81,50.83,50.81,50.83,9,SIZ5
2025-11-25 10:30:00+00:00,33,1,42218,50.8,50.8,50.795,50.795,3,SIZ5
2025-11-25 10:31:00+00:00,33,1,42218,50.805,50.825,50.805,50.825,2,SIZ5
2025-11-25 10:32:00+00:00,33,1,42218,50.765,50.79,50.765,50.79,4,SIZ5
2025-11-25 10:33:00+00:00,33,1,42218,50.795,50.805,50.79,50.805,4,SIZ5
2025-11-25 10:34:00+00:00,33,1,42218,50.81,50.82,50.8,50.82,3,SIZ5
2025-11-25 10:35:00+00:00,33,1,42218,50.815,50.815,50.78,50.79,13,SIZ5
2025-11-25 10:36:00+00:00,33,1,42218,50.795,50.795,50.795,50.795,6,SIZ5
2025-11-25 10:37:00+00:00,33,1,42218,50.8,50.8,50.8,50.8,2,SIZ5
2025-11-25 10:38:00+00:00,33,1,42218,50.775,50.8,50.755,50.8,10,SIZ5
2025-11-25 10:39:00+00:00,33,1,42218,50.815,50.815,50.78,50.795,35,SIZ5
2025-11-25 10:40:00+00:00,33,1,42218,50.795,50.84,50.795,50.84,7,SIZ5
2025-11-25 10:41:00+00:00,33,1,42218,50.83,50.855,50.83,50.855,9,SIZ5
2025-11-25 10:42:00+00:00,33,1,42218,50.855,50.87,50.855,50.87,8,SIZ5
2025-11-25 10:43:00+00:00,33,1,42218,50.88,50.88,50.84,50.875,9,SIZ5
2025-11-25 10:44:00+00:00,33,1,42218,50.865,50.865,50.865,50.865,7,SIZ5
2025-11-25 10:45:00+00:00,33,1,42218,50.85,50.875,50.835,50.835,9,SIZ5
2025-11-25 10:46:00+00:00,33,1,42218,50.86,50.86,50.86,50.86,1,SIZ5
2025-11-25 10:47:00+00:00,33,1,42218,50.9,50.9,50.89,50.89,3,SIZ5
2025-11-25 10:48:00+00:00,33,1,42218,50.9,50.9,50.895,50.895,2,SIZ5
2025-11-25 10:49:00+00:00,33,1,42218,50.87,50.875,50.865,50.865,4,SIZ5
2025-11-25 10:50:00+00:00,33,1,42218,50.885,50.895,50.865,50.87,5,SIZ5
2025-11-25 10:51:00+00:00,33,1,42218,50.85,50.85,50.845,50.85,3,SIZ5
2025-11-25 10:52:00+00:00,33,1,42218,50.86,50.87,50.86,50.87,3,SIZ5
2025-11-25 10:53:00+00:00,33,1,42218,50.855,50.86,50.855,50.86,4,SIZ5
2025-11-25 10:54:00+00:00,33,1,42218,50.84,50.84,50.84,50.84,1,SIZ5
2025-11-25 10:55:00+00:00,33,1,42218,50.86,50.86,50.84,50.84,3,SIZ5
2025-11-25 10:56:00+00:00,33,1,42218,50.82,50.82,50.795,50.8,4,SIZ5
2025-11-25 10:57:00+00:00,33,1,42218,50.79,50.81,50.77,50.795,20,SIZ5
2025-11-25 10:58:00+00:00,33,1,42218,50.79,50.815,50.79,50.815,5,SIZ5
2025-11-25 10:59:00+00:00,33,1,42218,50.805,50.825,50.805,50.825,2,SIZ5
2025-11-25 11:00:00+00:00,33,1,42218,50.82,50.835,50.82,50.835,3,SIZ5
2025-11-25 11:01:00+00:00,33,1,42218,50.8,50.86,50.8,50.845,18,SIZ5
2025-11-25 11:02:00+00:00,33,1,42218,50.835,50.835,50.805,50.83,8,SIZ5
2025-11-25 11:03:00+00:00,33,1,42218,50.81,50.81,50.81,50.81,1,SIZ5
2025-11-25 11:04:00+00:00,33,1,42218,50.815,50.815,50.79,50.79,3,SIZ5
2025-11-25 11:05:00+00:00,33,1,42218,50.8,50.875,50.8,50.875,18,SIZ5
2025-11-25 11:06:00+00:00,33,1,42218,50.885,50.89,50.87,50.89,8,SIZ5
2025-11-25 11:07:00+00:00,33,1,42218,50.89,50.93,50.89,50.93,17,SIZ5
2025-11-25 11:08:00+00:00,33,1,42218,50.92,50.94,50.92,50.935,11,SIZ5
2025-11-25 11:09:00+00:00,33,1,42218,50.88,50.88,50.875,50.88,7,SIZ5
2025-11-25 11:10:00+00:00,33,1,42218,50.89,50.89,50.865,50.865,6,SIZ5
2025-11-25 11:11:00+00:00,33,1,42218,50.87,50.89,50.87,50.89,2,SIZ5
2025-11-25 11:12:00+00:00,33,1,42218,50.89,50.895,50.88,50.88,9,SIZ5
2025-11-25 11:13:00+00:00,33,1,42218,50.925,50.96,50.925,50.96,6,SIZ5
2025-11-25 11:14:00+00:00,33,1,42218,50.96,50.985,50.96,50.98,12,SIZ5
2025-11-25 11:15:00+00:00,33,1,42218,50.98,50.985,50.975,50.975,5,SIZ5
2025-11-25 11:16:00+00:00,33,1,42218,50.955,50.955,50.92,50.93,8,SIZ5
2025-11-25 11:17:00+00:00,33,1,42218,50.925,50.945,50.925,50.945,7,SIZ5
2025-11-25 11:18:00+00:00,33,1,42218,50.96,50.99,50.955,50.97,13,SIZ5
2025-11-25 11:19:00+00:00,33,1,42218,50.965,50.965,50.93,50.935,8,SIZ5
2025-11-25 11:20:00+00:00,33,1,42218,50.91,50.91,50.91,50.91,4,SIZ5
2025-11-25 11:21:00+00:00,33,1,42218,50.915,50.915,50.915,50.915,1,SIZ5
2025-11-25 11:22:00+00:00,33,1,42218,50.91,50.925,50.865,50.91,22,SIZ5
2025-11-25 11:23:00+00:00,33,1,42218,50.91,50.92,50.91,50.915,8,SIZ5
2025-11-25 11:24:00+00:00,33,1,42218,50.915,50.95,50.915,50.945,11,SIZ5
2025-11-25 11:25:00+00:00,33,1,42218,50.93,50.94,50.925,50.925,4,SIZ5
2025-11-25 11:26:00+00:00,33,1,42218,50.925,50.935,50.925,50.935,6,SIZ5
2025-11-25 11:27:00+00:00,33,1,42218,50.89,50.905,50.89,50.905,3,SIZ5
2025-11-25 11:28:00+00:00,33,1,42218,50.89,50.905,50.89,50.905,2,SIZ5
2025-11-25 11:29:00+00:00,33,1,42218,50.915,50.915,50.905,50.905,7,SIZ5
2025-11-25 11:30:00+00:00,33,1,42218,50.92,50.935,50.92,50.93,6,SIZ5
2025-11-25 11:31:00+00:00,33,1,42218,50.915,50.945,50.915,50.945,6,SIZ5
2025-11-25 11:32:00+00:00,33,1,42218,50.945,50.975,50.945,50.975,15,SIZ5
2025-11-25 11:33:00+00:00,33,1,42218,50.98,50.98,50.95,50.95,2,SIZ5
2025-11-25 11:34:00+00:00,33,1,42218,50.93,50.95,50.93,50.95,4,SIZ5
2025-11-25 11:35:00+00:00,33,1,42218,50.94,50.955,50.935,50.955,4,SIZ5
2025-11-25 11:36:00+00:00,33,1,42218,50.955,50.98,50.955,50.965,11,SIZ5
2025-11-25 11:37:00+00:00,33,1,42218,50.955,50.965,50.95,50.95,5,SIZ5
2025-11-25 11:38:00+00:00,33,1,42218,50.955,50.97,50.915,50.915,15,SIZ5
2025-11-25 11:39:00+00:00,33,1,42218,50.925,50.925,50.89,50.915,23,SIZ5
2025-11-25 11:40:00+00:00,33,1,42218,50.92,50.935,50.91,50.935,16,SIZ5
2025-11-25 11:41:00+00:00,33,1,42218,50.91,50.915,50.91,50.915,4,SIZ5
2025-11-25 11:42:00+00:00,33,1,42218,50.91,50.91,50.91,50.91,1,SIZ5
2025-11-25 11:44:00+00:00,33,1,42218,50.94,50.965,50.94,50.965,5,SIZ5
2025-11-25 11:45:00+00:00,33,1,42218,50.925,50.93,50.925,50.93,2,SIZ5
2025-11-25 11:46:00+00:00,33,1,42218,50.895,50.935,50.885,50.91,13,SIZ5
2025-11-25 11:47:00+00:00,33,1,42218,50.92,50.92,50.905,50.905,3,SIZ5
2025-11-25 11:48:00+00:00,33,1,42218,50.9,50.9,50.86,50.86,29,SIZ5
2025-11-25 11:49:00+00:00,33,1,42218,50.87,50.94,50.87,50.91,33,SIZ5
2025-11-25 11:50:00+00:00,33,1,42218,50.9,50.92,50.89,50.895,36,SIZ5
2025-11-25 11:51:00+00:00,33,1,42218,50.9,50.9,50.855,50.855,26,SIZ5
2025-11-25 11:52:00+00:00,33,1,42218,50.855,50.855,50.83,50.835,36,SIZ5
2025-11-25 11:53:00+00:00,33,1,42218,50.84,50.86,50.81,50.815,27,SIZ5
2025-11-25 11:54:00+00:00,33,1,42218,50.83,50.83,50.805,50.81,16,SIZ5
2025-11-25 11:55:00+00:00,33,1,42218,50.8,50.815,50.795,50.815,10,SIZ5
2025-11-25 11:56:00+00:00,33,1,42218,50.84,50.855,50.825,50.84,11,SIZ5
2025-11-25 11:57:00+00:00,33,1,42218,50.845,50.865,50.845,50.85,5,SIZ5
2025-11-25 11:58:00+00:00,33,1,42218,50.875,50.875,50.86,50.86,2,SIZ5
2025-11-25 11:59:00+00:00,33,1,42218,50.86,50.875,50.86,50.865,3,SIZ5
2025-11-25 12:00:00+00:00,33,1,42218,50.89,50.91,50.85,50.905,21,SIZ5
2025-11-25 12:01:00+00:00,33,1,42218,50.915,50.92,50.91,50.91,5,SIZ5
2025-11-25 12:02:00+00:00,33,1,42218,50.9,50.915,50.9,50.915,5,SIZ5
2025-11-25 12:03:00+00:00,33,1,42218,50.93,50.97,50.93,50.965,18,SIZ5
2025-11-25 12:04:00+00:00,33,1,42218,50.98,51.015,50.98,50.995,15,SIZ5
2025-11-25 12:05:00+00:00,33,1,42218,50.995,50.995,50.995,50.995,1,SIZ5
2025-11-25 12:06:00+00:00,33,1,42218,51.0,51.035,51.0,51.035,10,SIZ5
2025-11-25 12:07:00+00:00,33,1,42218,51.03,51.035,51.02,51.035,4,SIZ5
2025-11-25 12:08:00+00:00,33,1,42218,51.035,51.035,51.025,51.03,5,SIZ5
2025-11-25 12:09:00+00:00,33,1,42218,51.03,51.03,51.01,51.01,4,SIZ5
2025-11-25 12:10:00+00:00,33,1,42218,51.01,51.01,51.01,51.01,3,SIZ5
2025-11-25 12:11:00+00:00,33,1,42218,51.005,51.015,50.955,50.975,29,SIZ5
2025-11-25 12:12:00+00:00,33,1,42218,50.985,51.03,50.985,51.03,11,SIZ5
2025-11-25 12:13:00+00:00,33,1,42218,50.995,51.03,50.995,51.03,8,SIZ5
2025-11-25 12:14:00+00:00,33,1,42218,51.03,51.03,51.0,51.0,6,SIZ5
2025-11-25 12:15:00+00:00,33,1,42218,50.995,50.995,50.995,50.995,1,SIZ5
2025-11-25 12:16:00+00:00,33,1,42218,51.0,51.015,51.0,51.015,2,SIZ5
2025-11-25 12:17:00+00:00,33,1,42218,50.995,51.015,50.995,51.005,6,SIZ5
2025-11-25 12:18:00+00:00,33,1,42218,51.03,51.035,51.03,51.035,6,SIZ5
2025-11-25 12:19:00+00:00,33,1,42218,51.02,51.03,51.02,51.025,5,SIZ5
2025-11-25 12:20:00+00:00,33,1,42218,51.025,51.045,51.025,51.045,13,SIZ5
2025-11-25 12:21:00+00:00,33,1,42218,51.05,51.055,51.025,51.055,95,SIZ5
2025-11-25 12:22:00+00:00,33,1,42218,51.05,51.05,51.03,51.03,6,SIZ5
2025-11-25 12:23:00+00:00,33,1,42218,51.03,51.04,51.02,51.04,11,SIZ5
2025-11-25 12:24:00+00:00,33,1,42218,51.035,51.06,51.035,51.06,10,SIZ5
2025-11-25 12:25:00+00:00,33,1,42218,51.05,51.05,51.045,51.05,4,SIZ5
2025-11-25 12:26:00+00:00,33,1,42218,51.03,51.03,51.025,51.025,7,SIZ5
2025-11-25 12:27:00+00:00,33,1,42218,51.03,51.035,51.025,51.035,4,SIZ5
2025-11-25 12:28:00+00:00,33,1,42218,51.035,51.035,51.0,51.0,13,SIZ5
2025-11-25 12:29:00+00:00,33,1,42218,51.0,51.035,50.995,51.035,12,SIZ5
2025-11-25 12:30:00+00:00,33,1,42218,51.02,51.02,51.02,51.02,3,SIZ5
2025-11-25 12:31:00+00:00,33,1,42218,51.02,51.035,51.02,51.035,7,SIZ5
2025-11-25 12:32:00+00:00,33,1,42218,51.025,51.03,51.02,51.03,3,SIZ5
2025-11-25 12:33:00+00:00,33,1,42218,51.005,51.005,50.975,50.99,7,SIZ5
2025-11-25 12:34:00+00:00,33,1,42218,50.965,50.965,50.95,50.955,14,SIZ5
2025-11-25 12:35:00+00:00,33,1,42218,50.965,50.965,50.955,50.965,8,SIZ5
2025-11-25 12:36:00+00:00,33,1,42218,50.97,50.97,50.95,50.955,28,SIZ5
2025-11-25 12:37:00+00:00,33,1,42218,50.945,50.985,50.94,50.985,13,SIZ5
2025-11-25 12:38:00+00:00,33,1,42218,50.99,50.995,50.99,50.995,3,SIZ5
2025-11-25 12:39:00+00:00,33,1,42218,51.005,51.015,51.005,51.015,4,SIZ5
2025-11-25 12:40:00+00:00,33,1,42218,51.015,51.015,50.97,50.97,26,SIZ5
2025-11-25 12:41:00+00:00,33,1,42218,50.985,51.02,50.985,51.02,6,SIZ5
2025-11-25 12:42:00+00:00,33,1,42218,50.985,51.01,50.95,50.955,50,SIZ5
2025-11-25 12:43:00+00:00,33,1,42218,50.94,50.965,50.91,50.91,53,SIZ5
2025-11-25 12:44:00+00:00,33,1,42218,50.94,50.94,50.805,50.815,62,SIZ5
2025-11-25 12:45:00+00:00,33,1,42218,50.805,50.84,50.75,50.795,56,SIZ5
2025-11-25 12:46:00+00:00,33,1,42218,50.765,50.79,50.74,50.75,6,SIZ5
2025-11-25 12:47:00+00:00,33,1,42218,50.765,50.825,50.765,50.805,18,SIZ5
2025-11-25 12:48:00+00:00,33,1,42218,50.825,50.84,50.795,50.795,14,SIZ5
2025-11-25 12:49:00+00:00,33,1,42218,50.765,50.84,50.76,50.825,9,SIZ5
2025-11-25 12:50:00+00:00,33,1,42218,50.805,50.815,50.805,50.815,6,SIZ5
2025-11-25 12:51:00+00:00,33,1,42218,50.83,50.87,50.83,50.87,14,SIZ5
2025-11-25 12:52:00+00:00,33,1,42218,50.88,50.89,50.84,50.85,26,SIZ5
2025-11-25 12:53:00+00:00,33,1,42218,50.855,50.855,50.8,50.8,8,SIZ5
2025-11-25 12:54:00+00:00,33,1,42218,50.825,50.83,50.79,50.825,9,SIZ5
2025-11-25 12:55:00+00:00,33,1,42218,50.835,50.885,50.835,50.87,15,SIZ5
2025-11-25 12:56:00+00:00,33,1,42218,50.86,50.88,50.86,50.88,6,SIZ5
2025-11-25 12:57:00+00:00,33,1,42218,50.875,50.915,50.875,50.895,17,SIZ5
2025-11-25 12:58:00+00:00,33,1,42218,50.9,50.925,50.9,50.925,16,SIZ5
2025-11-25 12:59:00+00:00,33,1,42218,50.925,50.935,50.895,50.92,12,SIZ5
2025-11-25 13:00:00+00:00,33,1,42218,50.945,50.98,50.915,50.93,37,SIZ5
2025-11-25 13:01:00+00:00,33,1,42218,50.94,50.94,50.93,50.94,7,SIZ5
2025-11-25 13:02:00+00:00,33,1,42218,50.94,51.005,50.94,50.99,12,SIZ5
2025-11-25 13:03:00+00:00,33,1,42218,50.98,51.01,50.98,50.99,22,SIZ5
2025-11-25 13:04:00+00:00,33,1,42218,50.995,51.01,50.99,51.0,14,SIZ5
2025-11-25 13:05:00+00:00,33,1,42218,50.995,51.05,50.995,51.05,43,SIZ5
2025-11-25 13:06:00+00:00,33,1,42218,51.05,51.09,51.05,51.09,29,SIZ5
2025-11-25 13:07:00+00:00,33,1,42218,51.09,51.09,51.055,51.075,19,SIZ5
2025-11-25 13:08:00+00:00,33,1,42218,51.075,51.08,51.065,51.08,16,SIZ5
2025-11-25 13:09:00+00:00,33,1,42218,51.06,51.105,51.05,51.105,32,SIZ5
2025-11-25 13:10:00+00:00,33,1,42218,51.105,51.13,51.07,51.07,57,SIZ5
2025-11-25 13:11:00+00:00,33,1,42218,51.075,51.1,51.06,51.1,22,SIZ5
2025-11-25 13:12:00+00:00,33,1,42218,51.095,51.14,51.095,51.125,21,SIZ5
2025-11-25 13:13:00+00:00,33,1,42218,51.13,51.145,51.125,51.125,12,SIZ5
2025-11-25 13:14:00+00:00,33,1,42218,51.14,51.16,51.125,51.125,15,SIZ5
2025-11-25 13:15:00+00:00,33,1,42218,51.13,51.18,51.125,51.17,42,SIZ5
2025-11-25 13:16:00+00:00,33,1,42218,51.17,51.18,51.16,51.16,29,SIZ5
2025-11-25 13:17:00+00:00,33,1,42218,51.155,51.165,51.135,51.135,18,SIZ5
2025-11-25 13:18:00+00:00,33,1,42218,51.145,51.185,51.12,51.16,52,SIZ5
2025-11-25 13:19:00+00:00,33,1,42218,51.155,51.165,51.145,51.145,73,SIZ5
2025-11-25 13:20:00+00:00,33,1,42218,51.155,51.195,51.105,51.12,75,SIZ5
2025-11-25 13:21:00+00:00,33,1,42218,51.125,51.145,51.115,51.115,33,SIZ5
2025-11-25 13:22:00+00:00,33,1,42218,51.115,51.155,51.105,51.155,27,SIZ5
2025-11-25 13:23:00+00:00,33,1,42218,51.16,51.17,51.145,51.16,16,SIZ5
2025-11-25 13:24:00+00:00,33,1,42218,51.145,51.175,51.14,51.16,38,SIZ5
2025-11-25 13:25:00+00:00,33,1,42218,51.15,51.155,51.13,51.145,23,SIZ5
2025-11-25 13:26:00+00:00,33,1,42218,51.125,51.155,51.115,51.155,22,SIZ5
2025-11-25 13:27:00+00:00,33,1,42218,51.14,51.17,51.14,51.155,26,SIZ5
2025-11-25 13:28:00+00:00,33,1,42218,51.15,51.17,51.145,51.145,14,SIZ5
2025-11-25 13:29:00+00:00,33,1,42218,51.16,51.2,51.155,51.165,25,SIZ5
2025-11-25 13:30:00+00:00,33,1,42218,51.2,51.25,51.175,51.23,76,SIZ5
2025-11-25 13:31:00+00:00,33,1,42218,51.22,51.25,51.18,51.23,109,SIZ5
2025-11-25 13:32:00+00:00,33,1,42218,51.24,51.255,51.205,51.205,33,SIZ5
2025-11-25 13:33:00+00:00,33,1,42218,51.175,51.235,51.15,51.22,25,SIZ5
2025-11-25 13:34:00+00:00,33,1,42218,51.235,51.235,51.19,51.19,29,SIZ5
2025-11-25 13:35:00+00:00,33,1,42218,51.195,51.28,51.195,51.27,29,SIZ5
2025-11-25 13:36:00+00:00,33,1,42218,51.26,51.265,51.23,51.23,23,SIZ5
2025-11-25 13:37:00+00:00,33,1,42218,51.235,51.265,51.215,51.265,32,SIZ5
2025-11-25 13:38:00+00:00,33,1,42218,51.285,51.35,51.28,51.34,61,SIZ5
2025-11-25 13:39:00+00:00,33,1,42218,51.335,51.37,51.3,51.305,39,SIZ5
2025-11-25 13:40:00+00:00,33,1,42218,51.325,51.36,51.325,51.355,32,SIZ5
2025-11-25 13:41:00+00:00,33,1,42218,51.35,51.35,51.33,51.34,29,SIZ5
2025-11-25 13:42:00+00:00,33,1,42218,51.345,51.355,51.32,51.345,40,SIZ5
2025-11-25 13:43:00+00:00,33,1,42218,51.35,51.36,51.34,51.355,18,SIZ5
2025-11-25 13:44:00+00:00,33,1,42218,51.345,51.345,51.325,51.33,24,SIZ5
2025-11-25 13:45:00+00:00,33,1,42218,51.315,51.32,51.285,51.315,23,SIZ5
2025-11-25 13:46:00+00:00,33,1,42218,51.305,51.305,51.285,51.305,16,SIZ5
2025-11-25 13:47:00+00:00,33,1,42218,51.32,51.34,51.32,51.34,7,SIZ5
2025-11-25 13:48:00+00:00,33,1,42218,51.355,51.385,51.35,51.375,18,SIZ5
2025-11-25 13:49:00+00:00,33,1,42218,51.37,51.385,51.365,51.37,9,SIZ5
2025-11-25 13:50:00+00:00,33,1,42218,51.365,51.425,51.365,51.405,37,SIZ5
2025-11-25 13:51:00+00:00,33,1,42218,51.4,51.4,51.375,51.375,9,SIZ5
2025-11-25 13:52:00+00:00,33,1,42218,51.38,51.415,51.38,51.405,12,SIZ5
2025-11-25 13:53:00+00:00,33,1,42218,51.4,51.45,51.4,51.445,27,SIZ5
2025-11-25 13:54:00+00:00,33,1,42218,51.435,51.465,51.405,51.405,77,SIZ5
2025-11-25 13:55:00+00:00,33,1,42218,51.4,51.41,51.35,51.375,43,SIZ5
2025-11-25 13:56:00+00:00,33,1,42218,51.38,51.38,51.35,51.355,16,SIZ5
2025-11-25 13:57:00+00:00,33,1,42218,51.355,51.365,51.32,51.325,20,SIZ5
2025-11-25 13:58:00+00:00,33,1,42218,51.315,51.35,51.3,51.345,28,SIZ5
2025-11-25 13:59:00+00:00,33,1,42218,51.355,51.375,51.32,51.325,57,SIZ5
2025-11-25 14:00:00+00:00,33,1,42218,51.32,51.36,51.31,51.33,21,SIZ5
2025-11-25 14:01:00+00:00,33,1,42218,51.325,51.36,51.325,51.35,18,SIZ5
2025-11-25 14:02:00+00:00,33,1,42218,51.34,51.34,51.275,51.275,12,SIZ5
2025-11-25 14:03:00+00:00,33,1,42218,51.27,51.29,51.26,51.285,23,SIZ5
2025-11-25 14:04:00+00:00,33,1,42218,51.295,51.315,51.28,51.295,13,SIZ5
2025-11-25 14:05:00+00:00,33,1,42218,51.29,51.29,51.24,51.265,33,SIZ5
2025-11-25 14:06:00+00:00,33,1,42218,51.23,51.23,51.185,51.185,16,SIZ5
2025-11-25 14:07:00+00:00,33,1,42218,51.19,51.195,51.17,51.17,16,SIZ5
2025-11-25 14:08:00+00:00,33,1,42218,51.16,51.19,51.16,51.175,14,SIZ5
2025-11-25 14:09:00+00:00,33,1,42218,51.165,51.2,51.16,51.19,21,SIZ5
2025-11-25 14:10:00+00:00,33,1,42218,51.195,51.2,51.18,51.18,11,SIZ5
2025-11-25 14:11:00+00:00,33,1,42218,51.225,51.23,51.225,51.23,2,SIZ5
2025-11-25 14:12:00+00:00,33,1,42218,51.215,51.225,51.18,51.18,33,SIZ5
2025-11-25 14:13:00+00:00,33,1,42218,51.21,51.21,51.175,51.185,8,SIZ5
2025-11-25 14:14:00+00:00,33,1,42218,51.175,51.19,51.175,51.19,4,SIZ5
2025-11-25 14:15:00+00:00,33,1,42218,51.19,51.19,51.12,51.145,40,SIZ5
2025-11-25 14:16:00+00:00,33,1,42218,51.14,51.155,51.13,51.145,12,SIZ5
2025-11-25 14:17:00+00:00,33,1,42218,51.14,51.14,51.14,51.14,2,SIZ5
2025-11-25 14:18:00+00:00,33,1,42218,51.145,51.145,51.08,51.105,43,SIZ5
2025-11-25 14:19:00+00:00,33,1,42218,51.1,51.13,51.08,51.13,26,SIZ5
2025-11-25 14:20:00+00:00,33,1,42218,51.11,51.145,51.1,51.135,15,SIZ5
2025-11-25 14:21:00+00:00,33,1,42218,51.15,51.155,51.135,51.155,11,SIZ5
2025-11-25 14:22:00+00:00,33,1,42218,51.16,51.195,51.16,51.195,12,SIZ5
2025-11-25 14:23:00+00:00,33,1,42218,51.185,51.22,51.185,51.22,21,SIZ5
2025-11-25 14:24:00+00:00,33,1,42218,51.21,51.22,51.2,51.21,39,SIZ5
2025-11-25 14:25:00+00:00,33,1,42218,51.2,51.2,51.15,51.15,5,SIZ5
2025-11-25 14:26:00+00:00,33,1,42218,51.15,51.155,51.095,51.125,31,SIZ5
2025-11-25 14:27:00+00:00,33,1,42218,51.14,51.14,51.06,51.06,35,SIZ5
2025-11-25 14:28:00+00:00,33,1,42218,51.055,51.07,51.035,51.045,45,SIZ5
2025-11-25 14:29:00+00:00,33,1,42218,51.035,51.07,51.02,51.045,90,SIZ5
2025-11-25 14:30:00+00:00,33,1,42218,51.035,51.055,51.01,51.01,59,SIZ5
2025-11-25 14:31:00+00:00,33,1,42218,51.015,51.035,50.935,51.025,157,SIZ5
2025-11-25 14:32:00+00:00,33,1,42218,51.035,51.1,51.035,51.095,38,SIZ5
2025-11-25 14:33:00+00:00,33,1,42218,51.12,51.135,51.055,51.085,48,SIZ5
2025-11-25 14:34:00+00:00,33,1,42218,51.105,51.145,51.075,51.09,38,SIZ5
2025-11-25 14:35:00+00:00,33,1,42218,51.08,51.12,51.03,51.065,48,SIZ5
2025-11-25 14:36:00+00:00,33,1,42218,51.07,51.165,51.065,51.15,56,SIZ5
2025-11-25 14:37:00+00:00,33,1,42218,51.155,51.155,51.055,51.06,100,SIZ5
2025-11-25 14:38:00+00:00,33,1,42218,51.065,51.08,50.98,51.01,53,SIZ5
2025-11-25 14:39:00+00:00,33,1,42218,51.01,51.025,50.83,50.845,222,SIZ5
2025-11-25 14:40:00+00:00,33,1,42218,50.84,50.87,50.78,50.87,64,SIZ5
2025-11-25 14:41:00+00:00,33,1,42218,50.87,50.94,50.86,50.935,33,SIZ5
2025-11-25 14:42:00+00:00,33,1,42218,50.96,50.97,50.845,50.845,8,SIZ5
2025-11-25 14:43:00+00:00,33,1,42218,50.83,50.83,50.725,50.81,63,SIZ5
2025-11-25 14:44:00+00:00,33,1,42218,50.805,50.805,50.6,50.68,149,SIZ5
2025-11-25 14:45:00+00:00,33,1,42218,50.68,50.685,50.58,50.58,55,SIZ5
2025-11-25 14:46:00+00:00,33,1,42218,50.55,50.65,50.49,50.54,33,SIZ5
2025-11-25 14:47:00+00:00,33,1,42218,50.515,50.535,50.445,50.49,107,SIZ5
2025-11-25 14:48:00+00:00,33,1,42218,50.5,50.54,50.425,50.475,51,SIZ5
2025-11-25 14:49:00+00:00,33,1,42218,50.47,50.475,50.4,50.445,57,SIZ5
2025-11-25 14:50:00+00:00,33,1,42218,50.41,50.41,50.32,50.375,83,SIZ5
2025-11-25 14:51:00+00:00,33,1,42218,50.39,50.54,50.39,50.53,59,SIZ5
2025-11-25 14:52:00+00:00,33,1,42218,50.545,50.58,50.48,50.515,69,SIZ5
2025-11-25 14:53:00+00:00,33,1,42218,50.5,50.58,50.465,50.56,63,SIZ5
2025-11-25 14:54:00+00:00,33,1,42218,50.575,50.62,50.575,50.6,29,SIZ5
2025-11-25 14:55:00+00:00,33,1,42218,50.63,50.655,50.62,50.63,63,SIZ5
2025-11-25 14:56:00+00:00,33,1,42218,50.635,50.645,50.525,50.535,49,SIZ5
2025-11-25 14:57:00+00:00,33,1,42218,50.56,50.66,50.54,50.63,46,SIZ5
2025-11-25 14:58:00+00:00,33,1,42218,50.65,50.7,50.65,50.685,14,SIZ5
2025-11-25 14:59:00+00:00,33,1,42218,50.695,50.71,50.69,50.71,27,SIZ5
2025-11-25 15:00:00+00:00,33,1,42218,50.7,50.705,50.65,50.665,20,SIZ5
2025-11-25 15:01:00+00:00,33,1,42218,50.67,50.68,50.585,50.62,57,SIZ5
2025-11-25 15:02:00+00:00,33,1,42218,50.57,50.57,50.49,50.52,36,SIZ5
2025-11-25 15:03:00+00:00,33,1,42218,50.525,50.53,50.49,50.51,13,SIZ5
2025-11-25 15:04:00+00:00,33,1,42218,50.495,50.585,50.495,50.585,41,SIZ5
2025-11-25 15:05:00+00:00,33,1,42218,50.58,50.655,50.545,50.655,24,SIZ5
2025-11-25 15:06:00+00:00,33,1,42218,50.645,50.655,50.605,50.65,17,SIZ5
2025-11-25 15:07:00+00:00,33,1,42218,50.665,50.705,50.665,50.705,22,SIZ5
2025-11-25 15:08:00+00:00,33,1,42218,50.72,50.785,50.7,50.76,62,SIZ5
2025-11-25 15:09:00+00:00,33,1,42218,50.76,50.8,50.76,50.8,12,SIZ5
2025-11-25 15:10:00+00:00,33,1,42218,50.82,50.82,50.79,50.79,8,SIZ5
2025-11-25 15:11:00+00:00,33,1,42218,50.775,50.775,50.74,50.75,22,SIZ5
2025-11-25 15:12:00+00:00,33,1,42218,50.735,50.76,50.735,50.745,8,SIZ5
2025-11-25 15:13:00+00:00,33,1,42218,50.75,50.795,50.75,50.795,11,SIZ5
2025-11-25 15:14:00+00:00,33,1,42218,50.77,50.775,50.73,50.76,13,SIZ5
2025-11-25 15:15:00+00:00,33,1,42218,50.79,50.79,50.745,50.745,6,SIZ5
2025-11-25 15:16:00+00:00,33,1,42218,50.745,50.8,50.745,50.785,12,SIZ5
2025-11-25 15:17:00+00:00,33,1,42218,50.765,50.83,50.76,50.765,18,SIZ5
2025-11-25 15:18:00+00:00,33,1,42218,50.81,50.845,50.81,50.82,13,SIZ5
2025-11-25 15:19:00+00:00,33,1,42218,50.79,50.795,50.765,50.765,17,SIZ5
2025-11-25 15:20:00+00:00,33,1,42218,50.765,50.78,50.695,50.7,34,SIZ5
2025-11-25 15:21:00+00:00,33,1,42218,50.69,50.705,50.69,50.705,68,SIZ5
2025-11-25 15:22:00+00:00,33,1,42218,50.725,50.755,50.695,50.695,38,SIZ5
2025-11-25 15:23:00+00:00,33,1,42218,50.685,50.685,50.62,50.625,20,SIZ5
2025-11-25 15:24:00+00:00,33,1,42218,50.61,50.65,50.6,50.65,16,SIZ5
2025-11-25 15:25:00+00:00,33,1,42218,50.635,50.71,50.63,50.67,15,SIZ5
2025-11-25 15:26:00+00:00,33,1,42218,50.65,50.65,50.575,50.585,15,SIZ5
2025-11-25 15:27:00+00:00,33,1,42218,50.58,50.61,50.58,50.605,19,SIZ5
2025-11-25 15:28:00+00:00,33,1,42218,50.61,50.64,50.6,50.6,13,SIZ5
2025-11-25 15:29:00+00:00,33,1,42218,50.61,50.675,50.61,50.64,11,SIZ5
2025-11-25 15:30:00+00:00,33,1,42218,50.64,50.735,50.64,50.715,22,SIZ5
2025-11-25 15:31:00+00:00,33,1,42218,50.71,50.765,50.68,50.765,29,SIZ5
2025-11-25 15:32:00+00:00,33,1,42218,50.77,50.775,50.735,50.755,23,SIZ5
2025-11-25 15:33:00+00:00,33,1,42218,50.73,50.74,50.73,50.74,3,SIZ5
2025-11-25 15:34:00+00:00,33,1,42218,50.745,50.765,50.715,50.725,9,SIZ5
2025-11-25 15:35:00+00:00,33,1,42218,50.7,50.7,50.68,50.695,8,SIZ5
2025-11-25 15:36:00+00:00,33,1,42218,50.685,50.74,50.67,50.715,24,SIZ5
2025-11-25 15:37:00+00:00,33,1,42218,50.74,50.76,50.715,50.715,24,SIZ5
2025-11-25 15:38:00+00:00,33,1,42218,50.72,50.72,50.7,50.705,20,SIZ5
2025-11-25 15:39:00+00:00,33,1,42218,50.7,50.745,50.7,50.745,12,SIZ5
2025-11-25 15:40:00+00:00,33,1,42218,50.705,50.715,50.675,50.685,15,SIZ5
2025-11-25 15:41:00+00:00,33,1,42218,50.71,50.73,50.7,50.7,23,SIZ5
2025-11-25 15:42:00+00:00,33,1,42218,50.71,50.71,50.675,50.68,6,SIZ5
2025-11-25 15:43:00+00:00,33,1,42218,50.645,50.68,50.645,50.67,6,SIZ5
2025-11-25 15:44:00+00:00,33,1,42218,50.69,50.715,50.69,50.705,17,SIZ5
2025-11-25 15:45:00+00:00,33,1,42218,50.7,50.7,50.655,50.655,30,SIZ5
2025-11-25 15:46:00+00:00,33,1,42218,50.71,50.725,50.7,50.7,3,SIZ5
2025-11-25 15:47:00+00:00,33,1,42218,50.715,50.76,50.715,50.735,6,SIZ5
2025-11-25 15:48:00+00:00,33,1,42218,50.76,50.765,50.75,50.75,3,SIZ5
2025-11-25 15:49:00+00:00,33,1,42218,50.74,50.745,50.675,50.675,7,SIZ5
2025-11-25 15:50:00+00:00,33,1,42218,50.67,50.68,50.645,50.65,9,SIZ5
2025-11-25 15:51:00+00:00,33,1,42218,50.64,50.64,50.525,50.555,27,SIZ5
2025-11-25 15:52:00+00:00,33,1,42218,50.555,50.57,50.515,50.515,33,SIZ5
2025-11-25 15:53:00+00:00,33,1,42218,50.52,50.565,50.52,50.545,16,SIZ5
2025-11-25 15:54:00+00:00,33,1,42218,50.56,50.56,50.525,50.525,16,SIZ5
2025-11-25 15:55:00+00:00,33,1,42218,50.515,50.535,50.495,50.495,18,SIZ5
2025-11-25 15:56:00+00:00,33,1,42218,50.48,50.505,50.465,50.49,29,SIZ5
2025-11-25 15:57:00+00:00,33,1,42218,50.485,50.52,50.48,50.49,42,SIZ5
2025-11-25 15:58:00+00:00,33,1,42218,50.48,50.485,50.42,50.485,25,SIZ5
2025-11-25 15:59:00+00:00,33,1,42218,50.495,50.545,50.49,50.49,41,SIZ5
2025-11-25 16:00:00+00:00,33,1,42218,50.485,50.495,50.46,50.49,11,SIZ5
2025-11-25 16:01:00+00:00,33,1,42218,50.46,50.535,50.455,50.535,32,SIZ5
2025-11-25 16:02:00+00:00,33,1,42218,50.53,50.595,50.52,50.585,54,SIZ5
2025-11-25 16:03:00+00:00,33,1,42218,50.58,50.595,50.58,50.59,6,SIZ5
2025-11-25 16:04:00+00:00,33,1,42218,50.595,50.61,50.595,50.6,4,SIZ5
2025-11-25 16:05:00+00:00,33,1,42218,50.61,50.61,50.585,50.61,10,SIZ5
2025-11-25 16:06:00+00:00,33,1,42218,50.6,50.6,50.58,50.6,19,SIZ5
2025-11-25 16:07:00+00:00,33,1,42218,50.61,50.645,50.61,50.645,7,SIZ5
2025-11-25 16:08:00+00:00,33,1,42218,50.6,50.62,50.6,50.6,7,SIZ5
2025-11-25 16:09:00+00:00,33,1,42218,50.57,50.57,50.535,50.54,10,SIZ5
2025-11-25 16:10:00+00:00,33,1,42218,50.535,50.54,50.505,50.515,17,SIZ5
2025-11-25 16:11:00+00:00,33,1,42218,50.53,50.545,50.53,50.545,5,SIZ5
2025-11-25 16:12:00+00:00,33,1,42218,50.57,50.58,50.555,50.555,9,SIZ5
2025-11-25 16:13:00+00:00,33,1,42218,50.54,50.605,50.54,50.59,7,SIZ5
2025-11-25 16:14:00+00:00,33,1,42218,50.61,50.62,50.595,50.615,9,SIZ5
2025-11-25 16:15:00+00:00,33,1,42218,50.62,50.63,50.615,50.62,13,SIZ5
2025-11-25 16:16:00+00:00,33,1,42218,50.62,50.695,50.62,50.695,16,SIZ5
2025-11-25 16:17:00+00:00,33,1,42218,50.705,50.755,50.705,50.735,67,SIZ5
2025-11-25 16:18:00+00:00,33,1,42218,50.725,50.77,50.725,50.77,24,SIZ5
2025-11-25 16:19:00+00:00,33,1,42218,50.765,50.8,50.76,50.79,39,SIZ5
2025-11-25 16:20:00+00:00,33,1,42218,50.805,50.81,50.765,50.775,25,SIZ5
2025-11-25 16:21:00+00:00,33,1,42218,50.775,50.775,50.76,50.765,8,SIZ5
2025-11-25 16:22:00+00:00,33,1,42218,50.745,50.745,50.745,50.745,1,SIZ5
2025-11-25 16:23:00+00:00,33,1,42218,50.76,50.765,50.76,50.76,7,SIZ5
2025-11-25 16:24:00+00:00,33,1,42218,50.75,50.75,50.75,50.75,1,SIZ5
2025-11-25 16:25:00+00:00,33,1,42218,50.735,50.76,50.725,50.725,12,SIZ5
2025-11-25 16:26:00+00:00,33,1,42218,50.715,50.715,50.71,50.71,5,SIZ5
2025-11-25 16:27:00+00:00,33,1,42218,50.755,50.755,50.755,50.755,1,SIZ5
2025-11-25 16:28:00+00:00,33,1,42218,50.755,50.765,50.74,50.74,6,SIZ5
2025-11-25 16:29:00+00:00,33,1,42218,50.725,50.735,50.725,50.735,2,SIZ5
2025-11-25 16:30:00+00:00,33,1,42218,50.75,50.77,50.745,50.745,29,SIZ5
2025-11-25 16:31:00+00:00,33,1,42218,50.735,50.735,50.725,50.725,2,SIZ5
2025-11-25 16:32:00+00:00,33,1,42218,50.715,50.755,50.715,50.755,12,SIZ5
2025-11-25 16:33:00+00:00,33,1,42218,50.755,50.785,50.745,50.785,24,SIZ5
2025-11-25 16:34:00+00:00,33,1,42218,50.76,50.76,50.725,50.74,29,SIZ5
2025-11-25 16:35:00+00:00,33,1,42218,50.745,50.765,50.745,50.765,12,SIZ5
2025-11-25 16:36:00+00:00,33,1,42218,50.76,50.785,50.75,50.765,20,SIZ5
2025-11-25 16:37:00+00:00,33,1,42218,50.77,50.825,50.77,50.81,11,SIZ5
2025-11-25 16:38:00+00:00,33,1,42218,50.81,50.825,50.81,50.825,4,SIZ5
2025-11-25 16:39:00+00:00,33,1,42218,50.83,50.835,50.795,50.795,11,SIZ5
2025-11-25 16:40:00+00:00,33,1,42218,50.765,50.785,50.765,50.785,6,SIZ5
2025-11-25 16:41:00+00:00,33,1,42218,50.77,50.795,50.77,50.795,2,SIZ5
2025-11-25 16:42:00+00:00,33,1,42218,50.795,50.82,50.795,50.82,4,SIZ5
2025-11-25 16:43:00+00:00,33,1,42218,50.815,50.855,50.815,50.84,6,SIZ5
2025-11-25 16:44:00+00:00,33,1,42218,50.84,50.84,50.825,50.825,2,SIZ5
2025-11-25 16:45:00+00:00,33,1,42218,50.835,50.835,50.81,50.81,3,SIZ5
2025-11-25 16:46:00+00:00,33,1,42218,50.805,50.805,50.8,50.8,2,SIZ5
2025-11-25 16:47:00+00:00,33,1,42218,50.785,50.785,50.775,50.775,3,SIZ5
2025-11-25 16:48:00+00:00,33,1,42218,50.775,50.775,50.775,50.775,1,SIZ5
2025-11-25 16:49:00+00:00,33,1,42218,50.76,50.76,50.72,50.72,8,SIZ5
2025-11-25 16:50:00+00:00,33,1,42218,50.75,50.79,50.75,50.79,10,SIZ5
2025-11-25 16:51:00+00:00,33,1,42218,50.785,50.785,50.785,50.785,3,SIZ5
2025-11-25 16:52:00+00:00,33,1,42218,50.795,50.8,50.795,50.8,2,SIZ5
2025-11-25 16:53:00+00:00,33,1,42218,50.83,50.84,50.815,50.815,13,SIZ5
2025-11-25 16:55:00+00:00,33,1,42218,50.825,50.825,50.825,50.825,6,SIZ5
2025-11-25 16:56:00+00:00,33,1,42218,50.805,50.805,50.805,50.805,5,SIZ5
2025-11-25 16:57:00+00:00,33,1,42218,50.81,50.81,50.81,50.81,2,SIZ5
2025-11-25 16:58:00+00:00,33,1,42218,50.8,50.8,50.785,50.8,8,SIZ5
2025-11-25 16:59:00+00:00,33,1,42218,50.795,50.795,50.79,50.79,2,SIZ5
2025-11-25 17:00:00+00:00,33,1,42218,50.81,50.965,50.81,50.915,137,SIZ5
2025-11-25 17:01:00+00:00,33,1,42218,50.93,50.945,50.89,50.935,23,SIZ5
2025-11-25 17:02:00+00:00,33,1,42218,50.925,51.005,50.925,50.94,57,SIZ5
2025-11-25 17:03:00+00:00,33,1,42218,50.93,50.99,50.875,50.99,49,SIZ5
2025-11-25 17:04:00+00:00,33,1,42218,50.985,51.015,50.97,51.005,40,SIZ5
2025-11-25 17:05:00+00:00,33,1,42218,51.02,51.05,51.01,51.05,47,SIZ5
2025-11-25 17:06:00+00:00,33,1,42218,51.065,51.065,51.02,51.02,5,SIZ5
2025-11-25 17:07:00+00:00,33,1,42218,51.01,51.065,51.005,51.065,36,SIZ5
2025-11-25 17:08:00+00:00,33,1,42218,51.05,51.05,51.015,51.025,12,SIZ5
2025-11-25 17:09:00+00:00,33,1,42218,51.05,51.07,51.05,51.07,5,SIZ5
2025-11-25 17:10:00+00:00,33,1,42218,51.07,51.1,51.045,51.09,31,SIZ5
2025-11-25 17:11:00+00:00,33,1,42218,51.09,51.13,51.065,51.065,40,SIZ5
2025-11-25 17:12:00+00:00,33,1,42218,51.07,51.125,51.06,51.125,35,SIZ5
2025-11-25 17:13:00+00:00,33,1,42218,51.11,51.155,51.08,51.125,52,SIZ5
2025-11-25 17:14:00+00:00,33,1,42218,51.14,51.14,51.115,51.13,7,SIZ5
2025-11-25 17:15:00+00:00,33,1,42218,51.135,51.135,51.115,51.115,6,SIZ5
2025-11-25 17:16:00+00:00,33,1,42218,51.12,51.125,51.075,51.085,17,SIZ5
2025-11-25 17:17:00+00:00,33,1,42218,51.07,51.07,51.04,51.05,26,SIZ5
2025-11-25 17:18:00+00:00,33,1,42218,51.065,51.065,51.015,51.04,12,SIZ5
2025-11-25 17:19:00+00:00,33,1,42218,51.05,51.08,51.05,51.065,7,SIZ5
2025-11-25 17:20:00+00:00,33,1,42218,51.075,51.12,51.07,51.08,73,SIZ5
2025-11-25 17:21:00+00:00,33,1,42218,51.095,51.095,51.09,51.09,3,SIZ5
2025-11-25 17:22:00+00:00,33,1,42218,51.115,51.15,51.115,51.15,13,SIZ5
2025-11-25 17:23:00+00:00,33,1,42218,51.135,51.175,51.135,51.17,16,SIZ5
2025-11-25 17:24:00+00:00,33,1,42218,51.165,51.165,51.115,51.115,20,SIZ5
2025-11-25 17:25:00+00:00,33,1,42218,51.115,51.13,51.115,51.125,17,SIZ5
2025-11-25 17:26:00+00:00,33,1,42218,51.13,51.13,51.105,51.105,32,SIZ5
2025-11-25 17:27:00+00:00,33,1,42218,51.13,51.17,51.13,51.145,17,SIZ5
2025-11-25 17:28:00+00:00,33,1,42218,51.15,51.15,51.105,51.105,21,SIZ5
2025-11-25 17:29:00+00:00,33,1,42218,51.095,51.095,51.08,51.09,9,SIZ5
2025-11-25 17:30:00+00:00,33,1,42218,51.095,51.115,51.075,51.115,10,SIZ5
2025-11-25 17:31:00+00:00,33,1,42218,51.095,51.125,51.08,51.125,16,SIZ5
2025-11-25 17:32:00+00:00,33,1,42218,51.13,51.14,51.115,51.115,27,SIZ5
2025-11-25 17:33:00+00:00,33,1,42218,51.095,51.16,51.09,51.155,38,SIZ5
2025-11-25 17:34:00+00:00,33,1,42218,51.155,51.22,51.155,51.21,33,SIZ5
2025-11-25 17:35:00+00:00,33,1,42218,51.2,51.215,51.175,51.205,18,SIZ5
2025-11-25 17:36:00+00:00,33,1,42218,51.215,51.215,51.19,51.19,6,SIZ5
2025-11-25 17:37:00+00:00,33,1,42218,51.2,51.23,51.2,51.22,7,SIZ5
2025-11-25 17:38:00+00:00,33,1,42218,51.235,51.245,51.125,51.175,46,SIZ5
2025-11-25 17:39:00+00:00,33,1,42218,51.165,51.17,51.125,51.17,35,SIZ5
2025-11-25 17:40:00+00:00,33,1,42218,51.175,51.175,51.15,51.16,12,SIZ5
2025-11-25 17:41:00+00:00,33,1,42218,51.145,51.17,51.13,51.13,8,SIZ5
2025-11-25 17:42:00+00:00,33,1,42218,51.16,51.16,51.125,51.125,4,SIZ5
2025-11-25 17:43:00+00:00,33,1,42218,51.135,51.145,51.12,51.12,14,SIZ5
2025-11-25 17:44:00+00:00,33,1,42218,51.13,51.14,51.125,51.135,14,SIZ5
2025-11-25 17:45:00+00:00,33,1,42218,51.14,51.15,51.14,51.145,8,SIZ5
2025-11-25 17:46:00+00:00,33,1,42218,51.115,51.115,51.095,51.095,6,SIZ5
2025-11-25 17:47:00+00:00,33,1,42218,51.095,51.1,51.075,51.08,22,SIZ5
2025-11-25 17:48:00+00:00,33,1,42218,51.08,51.08,51.04,51.075,25,SIZ5
2025-11-25 17:49:00+00:00,33,1,42218,51.075,51.13,51.075,51.09,28,SIZ5
2025-11-25 17:50:00+00:00,33,1,42218,51.09,51.09,51.055,51.055,6,SIZ5
2025-11-25 17:51:00+00:00,33,1,42218,51.055,51.055,50.99,51.0,67,SIZ5
2025-11-25 17:52:00+00:00,33,1,42218,51.005,51.04,51.005,51.035,10,SIZ5
2025-11-25 17:53:00+00:00,33,1,42218,51.0,51.0,50.95,50.955,66,SIZ5
2025-11-25 17:54:00+00:00,33,1,42218,50.96,50.96,50.94,50.955,21,SIZ5
2025-11-25 17:55:00+00:00,33,1,42218,50.945,50.97,50.935,50.97,10,SIZ5
2025-11-25 17:56:00+00:00,33,1,42218,50.98,50.98,50.965,50.98,8,SIZ5
2025-11-25 17:57:00+00:00,33,1,42218,50.96,50.96,50.94,50.94,7,SIZ5
2025-11-25 17:58:00+00:00,33,1,42218,50.955,50.96,50.94,50.94,4,SIZ5
2025-11-25 17:59:00+00:00,33,1,42218,50.93,50.93,50.92,50.925,6,SIZ5
2025-11-25 18:00:00+00:00,33,1,42218,50.945,50.99,50.945,50.95,28,SIZ5
2025-11-25 18:01:00+00:00,33,1,42218,50.985,51.02,50.985,51.015,17,SIZ5
2025-11-25 18:02:00+00:00,33,1,42218,51.03,51.03,51.01,51.01,3,SIZ5
2025-11-25 18:03:00+00:00,33,1,42218,51.0,51.04,51.0,51.04,6,SIZ5
2025-11-25 18:04:00+00:00,33,1,42218,51.04,51.06,51.025,51.035,33,SIZ5
2025-11-25 18:05:00+00:00,33,1,42218,51.035,51.04,51.01,51.01,11,SIZ5
2025-11-25 18:06:00+00:00,33,1,42218,51.015,51.015,50.965,50.965,26,SIZ5
2025-11-25 18:07:00+00:00,33,1,42218,50.96,51.0,50.96,50.99,21,SIZ5
2025-11-25 18:08:00+00:00,33,1,42218,50.98,51.01,50.975,51.01,6,SIZ5
2025-11-25 18:09:00+00:00,33,1,42218,51.015,51.03,51.01,51.03,6,SIZ5
2025-11-25 18:10:00+00:00,33,1,42218,51.025,51.045,50.95,50.975,13,SIZ5
2025-11-25 18:11:00+00:00,33,1,42218,50.975,50.985,50.945,50.955,13,SIZ5
2025-11-25 18:12:00+00:00,33,1,42218,50.995,51.005,50.98,51.005,12,SIZ5
2025-11-25 18:13:00+00:00,33,1,42218,50.985,51.01,50.985,51.01,9,SIZ5
2025-11-25 18:14:00+00:00,33,1,42218,50.995,51.025,50.995,51.025,4,SIZ5
2025-11-25 18:15:00+00:00,33,1,42218,51.015,51.02,51.005,51.005,4,SIZ5
2025-11-25 18:16:00+00:00,33,1,42218,51.02,51.02,51.01,51.015,8,SIZ5
2025-11-25 18:17:00+00:00,33,1,42218,51.0,51.01,50.995,50.995,5,SIZ5
2025-11-25 18:18:00+00:00,33,1,42218,50.98,51.005,50.98,50.995,6,SIZ5
2025-11-25 18:19:00+00:00,33,1,42218,50.99,51.04,50.99,51.04,12,SIZ5
2025-11-25 18:20:00+00:00,33,1,42218,51.035,51.035,51.01,51.015,6,SIZ5
2025-11-25 18:21:00+00:00,33,1,42218,50.985,50.985,50.98,50.98,3,SIZ5
2025-11-25 18:22:00+00:00,33,1,42218,50.975,50.985,50.975,50.98,3,SIZ5
2025-11-25 18:23:00+00:00,33,1,42218,50.985,50.995,50.975,50.985,9,SIZ5
2025-11-25 18:24:00+00:00,33,1,42218,50.97,50.98,50.94,50.95,144,SIZ5
2025-11-25 18:25:00+00:00,33,1,42218,50.955,50.965,50.93,50.96,35,SIZ5
2025-11-25 18:26:00+00:00,33,1,42218,50.96,50.97,50.935,50.95,24,SIZ5
2025-11-25 18:27:00+00:00,33,1,42218,50.96,50.99,50.96,50.985,18,SIZ5
2025-11-25 18:28:00+00:00,33,1,42218,50.98,50.985,50.945,50.975,23,SIZ5
2025-11-25 18:29:00+00:00,33,1,42218,50.965,50.98,50.96,50.98,19,SIZ5
2025-11-25 18:30:00+00:00,33,1,42218,50.975,51.015,50.975,51.01,15,SIZ5
2025-11-25 18:31:00+00:00,33,1,42218,51.03,51.03,50.97,50.985,30,SIZ5
2025-11-25 18:32:00+00:00,33,1,42218,50.985,50.99,50.96,50.98,23,SIZ5
2025-11-25 18:33:00+00:00,33,1,42218,50.97,51.0,50.97,50.985,13,SIZ5
2025-11-25 18:34:00+00:00,33,1,42218,50.98,51.0,50.975,50.985,20,SIZ5
2025-11-25 18:35:00+00:00,33,1,42218,50.97,50.98,50.97,50.98,9,SIZ5
2025-11-25 18:36:00+00:00,33,1,42218,50.985,50.985,50.965,50.985,16,SIZ5
2025-11-25 18:37:00+00:00,33,1,42218,50.935,50.935,50.935,50.935,1,SIZ5
2025-11-25 18:38:00+00:00,33,1,42218,50.92,50.92,50.79,50.795,27,SIZ5
2025-11-25 18:39:00+00:00,33,1,42218,50.805,50.855,50.805,50.855,6,SIZ5
2025-11-25 18:40:00+00:00,33,1,42218,50.845,50.845,50.82,50.82,11,SIZ5
2025-11-25 18:41:00+00:00,33,1,42218,50.86,50.87,50.86,50.87,9,SIZ5
2025-11-25 18:42:00+00:00,33,1,42218,50.885,50.91,50.88,50.88,10,SIZ5
2025-11-25 18:43:00+00:00,33,1,42218,50.87,50.885,50.87,50.885,2,SIZ5
2025-11-25 18:44:00+00:00,33,1,42218,50.865,50.865,50.865,50.865,1,SIZ5
2025-11-25 18:45:00+00:00,33,1,42218,50.86,50.86,50.86,50.86,1,SIZ5
2025-11-25 18:46:00+00:00,33,1,42218,50.89,50.895,50.865,50.895,14,SIZ5
2025-11-25 18:47:00+00:00,33,1,42218,50.91,50.915,50.89,50.89,9,SIZ5
2025-11-25 18:48:00+00:00,33,1,42218,50.885,50.885,50.885,50.885,1,SIZ5
2025-11-25 18:49:00+00:00,33,1,42218,50.905,50.905,50.885,50.885,2,SIZ5
2025-11-25 18:50:00+00:00,33,1,42218,50.87,50.87,50.87,50.87,1,SIZ5
2025-11-25 18:51:00+00:00,33,1,42218,50.855,50.855,50.845,50.845,3,SIZ5
2025-11-25 18:52:00+00:00,33,1,42218,50.85,50.85,50.85,50.85,2,SIZ5
2025-11-25 18:53:00+00:00,33,1,42218,50.85,50.86,50.835,50.86,4,SIZ5
2025-11-25 18:54:00+00:00,33,1,42218,50.865,50.865,50.86,50.86,2,SIZ5
2025-11-25 18:55:00+00:00,33,1,42218,50.835,50.835,50.835,50.835,2,SIZ5
2025-11-25 18:56:00+00:00,33,1,42218,50.85,50.865,50.85,50.865,8,SIZ5
2025-11-25 18:57:00+00:00,33,1,42218,50.835,50.84,50.81,50.835,40,SIZ5
2025-11-25 18:58:00+00:00,33,1,42218,50.84,50.84,50.815,50.825,31,SIZ5
2025-11-25 18:59:00+00:00,33,1,42218,50.785,50.785,50.755,50.785,12,SIZ5
2025-11-25 19:00:00+00:00,33,1,42218,50.8,50.835,50.8,50.835,6,SIZ5
2025-11-25 19:01:00+00:00,33,1,42218,50.84,50.88,50.84,50.87,20,SIZ5
2025-11-25 19:02:00+00:00,33,1,42218,50.88,50.9,50.855,50.855,12,SIZ5
2025-11-25 19:03:00+00:00,33,1,42218,50.82,50.82,50.805,50.815,10,SIZ5
2025-11-25 19:04:00+00:00,33,1,42218,50.8,50.8,50.745,50.78,42,SIZ5
2025-11-25 19:05:00+00:00,33,1,42218,50.775,50.775,50.765,50.765,3,SIZ5
2025-11-25 19:06:00+00:00,33,1,42218,50.79,50.84,50.79,50.84,6,SIZ5
2025-11-25 19:07:00+00:00,33,1,42218,50.825,50.845,50.82,50.845,5,SIZ5
2025-11-25 19:08:00+00:00,33,1,42218,50.85,50.86,50.84,50.86,9,SIZ5
2025-11-25 19:09:00+00:00,33,1,42218,50.85,50.85,50.85,50.85,2,SIZ5
2025-11-25 19:11:00+00:00,33,1,42218,50.86,50.895,50.86,50.865,36,SIZ5
2025-11-25 19:12:00+00:00,33,1,42218,50.87,50.875,50.87,50.87,4,SIZ5
2025-11-25 19:14:00+00:00,33,1,42218,50.89,50.895,50.89,50.895,2,SIZ5
2025-11-25 19:15:00+00:00,33,1,42218,50.895,50.895,50.845,50.845,8,SIZ5
2025-11-25 19:16:00+00:00,33,1,42218,50.855,50.875,50.855,50.875,4,SIZ5
2025-11-25 19:17:00+00:00,33,1,42218,50.85,50.865,50.845,50.865,8,SIZ5
2025-11-25 19:18:00+00:00,33,1,42218,50.87,50.87,50.835,50.835,11,SIZ5
2025-11-25 19:19:00+00:00,33,1,42218,50.81,50.85,50.795,50.83,26,SIZ5
2025-11-25 19:20:00+00:00,33,1,42218,50.83,50.855,50.83,50.855,5,SIZ5
2025-11-25 19:21:00+00:00,33,1,42218,50.845,50.855,50.845,50.855,2,SIZ5
2025-11-25 19:23:00+00:00,33,1,42218,50.81,50.81,50.79,50.805,6,SIZ5
2025-11-25 19:24:00+00:00,33,1,42218,50.8,50.8,50.77,50.77,4,SIZ5
2025-11-25 19:25:00+00:00,33,1,42218,50.765,50.765,50.755,50.765,3,SIZ5
2025-11-25 19:26:00+00:00,33,1,42218,50.755,50.755,50.68,50.69,24,SIZ5
2025-11-25 19:27:00+00:00,33,1,42218,50.72,50.72,50.7,50.7,5,SIZ5
2025-11-25 19:28:00+00:00,33,1,42218,50.69,50.725,50.69,50.715,8,SIZ5
2025-11-25 19:29:00+00:00,33,1,42218,50.725,50.725,50.71,50.715,5,SIZ5
2025-11-25 19:30:00+00:00,33,1,42218,50.725,50.755,50.725,50.75,37,SIZ5
2025-11-25 19:31:00+00:00,33,1,42218,50.755,50.77,50.73,50.73,4,SIZ5
2025-11-25 19:32:00+00:00,33,1,42218,50.74,50.74,50.735,50.74,4,SIZ5
2025-11-25 19:33:00+00:00,33,1,42218,50.74,50.74,50.735,50.74,16,SIZ5
2025-11-25 19:34:00+00:00,33,1,42218,50.75,50.75,50.73,50.745,3,SIZ5
2025-11-25 19:35:00+00:00,33,1,42218,50.745,50.745,50.745,50.745,1,SIZ5
2025-11-25 19:36:00+00:00,33,1,42218,50.725,50.725,50.725,50.725,1,SIZ5
2025-11-25 19:37:00+00:00,33,1,42218,50.72,50.72,50.72,50.72,2,SIZ5
2025-11-25 19:38:00+00:00,33,1,42218,50.71,50.715,50.685,50.69,9,SIZ5
2025-11-25 19:39:00+00:00,33,1,42218,50.715,50.74,50.715,50.73,5,SIZ5
2025-11-25 19:41:00+00:00,33,1,42218,50.72,50.72,50.72,50.72,1,SIZ5
2025-11-25 19:42:00+00:00,33,1,42218,50.71,50.71,50.71,50.71,3,SIZ5
2025-11-25 19:43:00+00:00,33,1,42218,50.755,50.78,50.755,50.78,5,SIZ5
2025-11-25 19:44:00+00:00,33,1,42218,50.79,50.79,50.785,50.785,3,SIZ5
2025-11-25 19:45:00+00:00,33,1,42218,50.785,50.8,50.785,50.795,5,SIZ5
2025-11-25 19:46:00+00:00,33,1,42218,50.785,50.785,50.77,50.78,4,SIZ5
2025-11-25 19:47:00+00:00,33,1,42218,50.775,50.775,50.735,50.75,32,SIZ5
2025-11-25 19:48:00+00:00,33,1,42218,50.745,50.75,50.74,50.74,8,SIZ5
2025-11-25 19:49:00+00:00,33,1,42218,50.74,50.77,50.73,50.77,8,SIZ5
2025-11-25 19:50:00+00:00,33,1,42218,50.76,50.8,50.76,50.78,29,SIZ5
2025-11-25 19:51:00+00:00,33,1,42218,50.795,50.81,50.79,50.81,39,SIZ5
2025-11-25 19:52:00+00:00,33,1,42218,50.82,50.825,50.805,50.815,7,SIZ5
2025-11-25 19:53:00+00:00,33,1,42218,50.82,50.83,50.82,50.825,8,SIZ5
2025-11-25 19:54:00+00:00,33,1,42218,50.82,50.83,50.82,50.83,3,SIZ5
2025-11-25 19:55:00+00:00,33,1,42218,50.805,50.805,50.795,50.795,3,SIZ5
2025-11-25 19:56:00+00:00,33,1,42218,50.81,50.825,50.81,50.82,3,SIZ5
2025-11-25 19:57:00+00:00,33,1,42218,50.84,50.84,50.84,50.84,1,SIZ5
2025-11-25 19:58:00+00:00,33,1,42218,50.855,50.86,50.855,50.86,4,SIZ5
2025-11-25 19:59:00+00:00,33,1,42218,50.855,50.855,50.855,50.855,1,SIZ5
2025-11-25 20:00:00+00:00,33,1,42218,50.89,50.895,50.885,50.895,14,SIZ5
2025-11-25 20:01:00+00:00,33,1,42218,50.895,50.895,50.85,50.87,21,SIZ5
2025-11-25 20:02:00+00:00,33,1,42218,50.875,50.92,50.875,50.915,19,SIZ5
2025-11-25 20:03:00+00:00,33,1,42218,50.92,50.92,50.905,50.905,16,SIZ5
2025-11-25 20:04:00+00:00,33,1,42218,50.92,50.92,50.905,50.92,6,SIZ5
2025-11-25 20:05:00+00:00,33,1,42218,50.93,50.93,50.905,50.905,7,SIZ5
2025-11-25 20:06:00+00:00,33,1,42218,50.915,50.915,50.915,50.915,1,SIZ5
2025-11-25 20:07:00+00:00,33,1,42218,50.94,50.955,50.94,50.955,12,SIZ5
2025-11-25 20:08:00+00:00,33,1,42218,50.965,50.97,50.945,50.945,8,SIZ5
2025-11-25 20:09:00+00:00,33,1,42218,50.955,50.96,50.935,50.935,19,SIZ5
2025-11-25 20:10:00+00:00,33,1,42218,50.93,50.93,50.915,50.915,10,SIZ5
2025-11-25 20:11:00+00:00,33,1,42218,50.895,50.91,50.885,50.91,9,SIZ5
2025-11-25 20:12:00+00:00,33,1,42218,50.92,50.92,50.905,50.91,5,SIZ5
2025-11-25 20:13:00+00:00,33,1,42218,50.94,50.94,50.94,50.94,1,SIZ5
2025-11-25 20:14:00+00:00,33,1,42218,50.95,50.955,50.94,50.95,7,SIZ5
2025-11-25 20:15:00+00:00,33,1,42218,50.955,50.965,50.955,50.965,4,SIZ5
2025-11-25 20:16:00+00:00,33,1,42218,50.955,50.965,50.955,50.965,6,SIZ5
2025-11-25 20:17:00+00:00,33,1,42218,50.97,50.985,50.97,50.985,6,SIZ5
2025-11-25 20:18:00+00:00,33,1,42218,50.96,50.97,50.96,50.97,9,SIZ5
2025-11-25 20:19:00+00:00,33,1,42218,50.945,50.945,50.945,50.945,1,SIZ5
2025-11-25 20:20:00+00:00,33,1,42218,50.95,50.98,50.95,50.975,8,SIZ5
2025-11-25 20:21:00+00:00,33,1,42218,50.96,50.97,50.96,50.97,10,SIZ5
2025-11-25 20:22:00+00:00,33,1,42218,50.985,50.995,50.985,50.99,6,SIZ5
2025-11-25 20:23:00+00:00,33,1,42218,50.975,50.98,50.96,50.98,14,SIZ5
2025-11-25 20:24:00+00:00,33,1,42218,50.985,50.985,50.98,50.98,2,SIZ5
2025-11-25 20:25:00+00:00,33,1,42218,50.98,51.01,50.975,50.995,17,SIZ5
2025-11-25 20:26:00+00:00,33,1,42218,50.98,50.995,50.97,50.99,20,SIZ5
2025-11-25 20:27:00+00:00,33,1,42218,50.99,51.005,50.99,50.99,6,SIZ5
2025-11-25 20:28:00+00:00,33,1,42218,50.975,50.975,50.975,50.975,2,SIZ5
2025-11-25 20:29:00+00:00,33,1,42218,50.97,50.97,50.965,50.97,3,SIZ5
2025-11-25 20:30:00+00:00,33,1,42218,50.94,50.965,50.93,50.965,7,SIZ5
2025-11-25 20:31:00+00:00,33,1,42218,50.98,50.98,50.98,50.98,2,SIZ5
2025-11-25 20:32:00+00:00,33,1,42218,50.985,51.005,50.985,51.005,5,SIZ5
2025-11-25 20:33:00+00:00,33,1,42218,50.99,50.995,50.99,50.995,3,SIZ5
2025-11-25 20:34:00+00:00,33,1,42218,50.985,50.985,50.985,50.985,3,SIZ5
2025-11-25 20:35:00+00:00,33,1,42218,51.0,51.0,50.975,50.98,14,SIZ5
2025-11-25 20:36:00+00:00,33,1,42218,50.98,50.98,50.96,50.96,8,SIZ5
2025-11-25 20:37:00+00:00,33,1,42218,50.955,50.955,50.93,50.93,5,SIZ5
2025-11-25 20:38:00+00:00,33,1,42218,50.96,50.96,50.96,50.96,5,SIZ5
2025-11-25 20:39:00+00:00,33,1,42218,50.965,50.965,50.965,50.965,1,SIZ5
2025-11-25 20:40:00+00:00,33,1,42218,50.975,50.975,50.975,50.975,1,SIZ5
2025-11-25 20:41:00+00:00,33,1,42218,51.0,51.0,51.0,51.0,1,SIZ5
2025-11-25 20:43:00+00:00,33,1,42218,51.01,51.015,51.01,51.015,3,SIZ5
2025-11-25 20:44:00+00:00,33,1,42218,51.0,51.01,51.0,51.01,3,SIZ5
2025-11-25 20:45:00+00:00,33,1,42218,50.99,50.99,50.975,50.98,3,SIZ5
2025-11-25 20:46:00+00:00,33,1,42218,50.995,51.005,50.995,51.005,6,SIZ5
2025-11-25 20:47:00+00:00,33,1,42218,51.0,51.0,50.99,51.0,12,SIZ5
2025-11-25 20:48:00+00:00,33,1,42218,51.005,51.005,51.005,51.005,3,SIZ5
2025-11-25 20:49:00+00:00,33,1,42218,51.0,51.01,51.0,51.005,5,SIZ5
2025-11-25 20:50:00+00:00,33,1,42218,51.015,51.04,51.01,51.035,25,SIZ5
2025-11-25 20:51:00+00:00,33,1,42218,51.03,51.035,51.03,51.035,3,SIZ5
2025-11-25 20:52:00+00:00,33,1,42218,51.045,51.045,51.03,51.03,3,SIZ5
2025-11-25 20:53:00+00:00,33,1,42218,51.035,51.04,51.015,51.04,8,SIZ5
2025-11-25 20:55:00+00:00,33,1,42218,51.03,51.03,51.03,51.03,1,SIZ5
2025-11-25 20:56:00+00:00,33,1,42218,51.055,51.07,51.055,51.07,5,SIZ5
2025-11-25 20:57:00+00:00,33,1,42218,51.065,51.065,51.045,51.045,12,SIZ5
2025-11-25 20:58:00+00:00,33,1,42218,51.04,51.065,51.04,51.065,9,SIZ5
2025-11-25 20:59:00+00:00,33,1,42218,51.06,51.07,51.05,51.07,11,SIZ5
2025-11-25 21:00:00+00:00,33,1,42218,51.04,51.04,51.04,51.04,5,SIZ5
2025-11-25 21:01:00+00:00,33,1,42218,51.045,51.045,51.045,51.045,5,SIZ5
2025-11-25 21:02:00+00:00,33,1,42218,51.02,51.02,51.02,51.02,1,SIZ5
2025-11-25 21:05:00+00:00,33,1,42218,51.02,51.02,51.02,51.02,1,SIZ5
2025-11-25 21:07:00+00:00,33,1,42218,51.015,51.015,51.015,51.015,1,SIZ5
2025-11-25 21:08:00+00:00,33,1,42218,51.0,51.0,51.0,51.0,1,SIZ5
2025-11-25 21:14:00+00:00,33,1,42218,51.03,51.03,51.03,51.03,2,SIZ5
2025-11-25 21:18:00+00:00,33,1,42218,51.015,51.015,51.015,51.015,6,SIZ5
2025-11-25 21:19:00+00:00,33,1,42218,51.01,51.01,51.005,51.005,6,SIZ5
2025-11-25 21:21:00+00:00,33,1,42218,51.0,51.005,51.0,51.005,2,SIZ5
2025-11-25 21:26:00+00:00,33,1,42218,51.0,51.0,50.955,50.955,27,SIZ5
2025-11-25 21:27:00+00:00,33,1,42218,50.97,50.975,50.97,50.975,5,SIZ5
2025-11-25 21:28:00+00:00,33,1,42218,50.965,50.965,50.965,50.965,1,SIZ5
2025-11-25 21:29:00+00:00,33,1,42218,50.95,50.95,50.94,50.94,4,SIZ5
2025-11-25 21:31:00+00:00,33,1,42218,50.965,50.98,50.965,50.98,2,SIZ5
2025-11-25 21:36:00+00:00,33,1,42218,51.0,51.0,50.995,50.995,8,SIZ5
2025-11-25 21:37:00+00:00,33,1,42218,51.005,51.005,51.005,51.005,1,SIZ5
2025-11-25 21:45:00+00:00,33,1,42218,51.04,51.04,51.04,51.04,7,SIZ5
2025-11-25 21:46:00+00:00,33,1,42218,51.035,51.05,51.035,51.05,4,SIZ5
2025-11-25 21:47:00+00:00,33,1,42218,51.055,51.055,51.055,51.055,1,SIZ5
2025-11-25 21:49:00+00:00,33,1,42218,51.03,51.03,51.03,51.03,2,SIZ5
2025-11-25 21:50:00+00:00,33,1,42218,51.02,51.02,51.02,51.02,1,SIZ5
2025-11-25 21:51:00+00:00,33,1,42218,51.03,51.03,51.025,51.025,3,SIZ5
2025-11-25 21:52:00+00:00,33,1,42218,51.045,51.045,51.045,51.045,1,SIZ5
2025-11-25 21:53:00+00:00,33,1,42218,51.065,51.065,51.065,51.065,2,SIZ5
2025-11-25 21:56:00+00:00,33,1,42218,51.055,51.055,51.05,51.05,3,SIZ5
2025-11-25 21:57:00+00:00,33,1,42218,51.07,51.09,51.07,51.09,10,SIZ5
2025-11-25 21:58:00+00:00,33,1,42218,51.075,51.075,51.075,51.075,1,SIZ5
2025-11-25 21:59:00+00:00,33,1,42218,51.1,51.1,51.08,51.08,2,SIZ5
2025-11-25 23:02:00+00:00,33,1,42218,51.105,51.105,51.105,51.105,2,SIZ5
2025-11-25 23:05:00+00:00,33,1,42218,51.09,51.105,51.09,51.095,7,SIZ5
2025-11-25 23:06:00+00:00,33,1,42218,51.105,51.105,51.105,51.105,3,SIZ5
2025-11-25 23:07:00+00:00,33,1,42218,51.115,51.12,51.115,51.12,3,SIZ5
2025-11-25 23:08:00+00:00,33,1,42218,51.115,51.115,51.105,51.11,4,SIZ5
2025-11-25 23:09:00+00:00,33,1,42218,51.1,51.1,51.08,51.09,7,SIZ5
2025-11-25 23:10:00+00:00,33,1,42218,51.125,51.125,51.125,51.125,2,SIZ5
2025-11-25 23:11:00+00:00,33,1,42218,51.135,51.135,51.115,51.115,10,SIZ5
2025-11-25 23:12:00+00:00,33,1,42218,51.085,51.085,51.04,51.065,15,SIZ5
2025-11-25 23:15:00+00:00,33,1,42218,51.08,51.08,51.075,51.075,2,SIZ5
2025-11-25 23:16:00+00:00,33,1,42218,51.075,51.075,51.075,51.075,1,SIZ5
2025-11-25 23:17:00+00:00,33,1,42218,51.07,51.07,51.04,51.045,4,SIZ5
2025-11-25 23:30:00+00:00,33,1,42218,51.01,51.01,51.005,51.005,2,SIZ5
2025-11-25 23:31:00+00:00,33,1,42218,51.0,51.0,51.0,51.0,1,SIZ5
2025-11-25 23:53:00+00:00,33,1,42218,50.96,50.96,50.96,50.96,1,SIZ5
2025-11-26 00:01:00+00:00,33,1,42218,50.98,50.99,50.98,50.99,2,SIZ5
2025-11-26 00:02:00+00:00,33,1,42218,51.015,51.015,51.015,51.015,1,SIZ5
2025-11-26 00:21:00+00:00,33,1,42218,51.055,51.065,51.05,51.05,5,SIZ5
2025-11-26 00:24:00+00:00,33,1,42218,51.085,51.085,51.085,51.085,1,SIZ5
2025-11-26 00:30:00+00:00,33,1,42218,51.135,51.135,51.135,51.135,1,SIZ5
2025-11-26 00:31:00+00:00,33,1,42218,51.13,51.14,51.125,51.14,5,SIZ5
2025-11-26 00:32:00+00:00,33,1,42218,51.105,51.11,51.105,51.11,2,SIZ5
2025-11-26 00:33:00+00:00,33,1,42218,51.115,51.115,51.115,51.115,5,SIZ5
2025-11-26 00:34:00+00:00,33,1,42218,51.105,51.105,51.09,51.09,3,SIZ5
2025-11-26 00:41:00+00:00,33,1,42218,51.09,51.09,51.085,51.085,2,SIZ5
2025-11-26 00:51:00+00:00,33,1,42218,51.005,51.015,50.99,51.015,3,SIZ5
2025-11-26 00:52:00+00:00,33,1,42218,51.005,51.01,51.005,51.005,3,SIZ5
2025-11-26 00:54:00+00:00,33,1,42218,50.995,51.015,50.995,51.005,3,SIZ5
2025-11-26 00:55:00+00:00,33,1,42218,51.01,51.05,51.0,51.05,7,SIZ5
2025-11-26 00:56:00+00:00,33,1,42218,51.03,51.03,51.03,51.03,1,SIZ5
2025-11-26 00:57:00+00:00,33,1,42218,51.06,51.06,51.045,51.06,4,SIZ5
2025-11-26 00:58:00+00:00,33,1,42218,51.105,51.105,51.085,51.085,6,SIZ5
2025-11-26 00:59:00+00:00,33,1,42218,51.115,51.13,51.115,51.12,4,SIZ5
2025-11-26 01:00:00+00:00,33,1,42218,51.145,51.145,51.145,51.145,1,SIZ5
2025-11-26 01:01:00+00:00,33,1,42218,51.1,51.1,51.08,51.08,2,SIZ5
2025-11-26 01:03:00+00:00,33,1,42218,51.015,51.035,51.01,51.02,16,SIZ5
2025-11-26 01:04:00+00:00,33,1,42218,51.055,51.055,51.05,51.05,6,SIZ5
2025-11-26 01:05:00+00:00,33,1,42218,51.09,51.1,51.09,51.1,2,SIZ5
2025-11-26 01:06:00+00:00,33,1,42218,51.085,51.105,51.085,51.105,2,SIZ5
2025-11-26 01:10:00+00:00,33,1,42218,51.12,51.13,51.12,51.13,2,SIZ5
2025-11-26 01:13:00+00:00,33,1,42218,51.15,51.15,51.13,51.13,3,SIZ5
2025-11-26 01:15:00+00:00,33,1,42218,51.18,51.18,51.18,51.18,1,SIZ5
2025-11-26 01:16:00+00:00,33,1,42218,51.185,51.2,51.18,51.18,20,SIZ5
2025-11-26 01:17:00+00:00,33,1,42218,51.175,51.175,51.165,51.165,3,SIZ5
2025-11-26 01:19:00+00:00,33,1,42218,51.15,51.175,51.15,51.175,10,SIZ5
2025-11-26 01:22:00+00:00,33,1,42218,51.2,51.225,51.2,51.225,12,SIZ5
2025-11-26 01:24:00+00:00,33,1,42218,51.24,51.24,51.24,51.24,1,SIZ5
2025-11-26 01:27:00+00:00,33,1,42218,51.22,51.22,51.21,51.21,12,SIZ5
2025-11-26 01:29:00+00:00,33,1,42218,51.2,51.2,51.2,51.2,2,SIZ5
2025-11-26 01:32:00+00:00,33,1,42218,51.195,51.195,51.195,51.195,1,SIZ5
2025-11-26 01:33:00+00:00,33,1,42218,51.22,51.25,51.22,51.25,5,SIZ5
2025-11-26 01:35:00+00:00,33,1,42218,51.26,51.26,51.26,51.26,1,SIZ5
2025-11-26 01:36:00+00:00,33,1,42218,51.27,51.295,51.27,51.295,22,SIZ5
2025-11-26 01:37:00+00:00,33,1,42218,51.27,51.27,51.27,51.27,1,SIZ5
2025-11-26 01:38:00+00:00,33,1,42218,51.27,51.27,51.27,51.27,1,SIZ5
2025-11-26 01:39:00+00:00,33,1,42218,51.295,51.325,51.295,51.325,26,SIZ5
2025-11-26 01:40:00+00:00,33,1,42218,51.325,51.345,51.325,51.345,5,SIZ5
2025-11-26 01:41:00+00:00,33,1,42218,51.32,51.33,51.32,51.33,2,SIZ5
2025-11-26 01:42:00+00:00,33,1,42218,51.335,51.335,51.325,51.325,2,SIZ5
2025-11-26 01:43:00+00:00,33,1,42218,51.335,51.335,51.335,51.335,2,SIZ5
2025-11-26 01:45:00+00:00,33,1,42218,51.32,51.32,51.32,51.32,3,SIZ5
2025-11-26 01:47:00+00:00,33,1,42218,51.36,51.36,51.36,51.36,3,SIZ5
2025-11-26 01:48:00+00:00,33,1,42218,51.37,51.37,51.37,51.37,1,SIZ5
2025-11-26 01:49:00+00:00,33,1,42218,51.42,51.435,51.42,51.425,26,SIZ5
2025-11-26 01:50:00+00:00,33,1,42218,51.43,51.44,51.43,51.43,4,SIZ5
2025-11-26 01:51:00+00:00,33,1,42218,51.44,51.45,51.415,51.45,24,SIZ5
2025-11-26 01:52:00+00:00,33,1,42218,51.445,51.445,51.435,51.435,2,SIZ5
2025-11-26 01:53:00+00:00,33,1,42218,51.45,51.45,51.445,51.45,13,SIZ5
2025-11-26 01:54:00+00:00,33,1,42218,51.44,51.455,51.435,51.435,4,SIZ5
2025-11-26 01:55:00+00:00,33,1,42218,51.455,51.455,51.455,51.455,1,SIZ5
2025-11-26 01:56:00+00:00,33,1,42218,51.375,51.375,51.37,51.37,2,SIZ5
2025-11-26 01:57:00+00:00,33,1,42218,51.37,51.37,51.35,51.35,2,SIZ5
2025-11-26 01:58:00+00:00,33,1,42218,51.345,51.345,51.315,51.315,11,SIZ5
2025-11-26 02:01:00+00:00,33,1,42218,51.32,51.32,51.32,51.32,3,SIZ5
2025-11-26 02:02:00+00:00,33,1,42218,51.36,51.36,51.36,51.36,1,SIZ5
2025-11-26 02:05:00+00:00,33,1,42218,51.35,51.36,51.35,51.36,2,SIZ5
2025-11-26 02:07:00+00:00,33,1,42218,51.38,51.38,51.38,51.38,1,SIZ5
2025-11-26 02:08:00+00:00,33,1,42218,51.39,51.39,51.37,51.37,3,SIZ5
2025-11-26 02:09:00+00:00,33,1,42218,51.39,51.39,51.365,51.365,2,SIZ5
2025-11-26 02:12:00+00:00,33,1,42218,51.345,51.345,51.345,51.345,1,SIZ5
2025-11-26 02:13:00+00:00,33,1,42218,51.345,51.385,51.345,51.375,3,SIZ5
2025-11-26 02:15:00+00:00,33,1,42218,51.365,51.365,51.365,51.365,1,SIZ5
2025-11-26 02:16:00+00:00,33,1,42218,51.38,51.385,51.375,51.375,7,SIZ5
2025-11-26 02:17:00+00:00,33,1,42218,51.415,51.415,51.415,51.415,1,SIZ5
2025-11-26 02:19:00+00:00,33,1,42218,51.475,51.5,51.47,51.5,5,SIZ5
2025-11-26 02:20:00+00:00,33,1,42218,51.58,51.58,51.58,51.58,3,SIZ5
2025-11-26 02:21:00+00:00,33,1,42218,51.57,51.57,51.57,51.57,5,SIZ5
2025-11-26 02:23:00+00:00,33,1,42218,51.545,51.545,51.515,51.515,24,SIZ5
2025-11-26 02:24:00+00:00,33,1,42218,51.54,51.54,51.54,51.54,3,SIZ5
2025-11-26 02:25:00+00:00,33,1,42218,51.535,51.62,51.535,51.62,6,SIZ5
2025-11-26 02:26:00+00:00,33,1,42218,51.7,51.7,51.695,51.695,12,SIZ5
2025-11-26 02:27:00+00:00,33,1,42218,51.65,51.65,51.65,51.65,1,SIZ5
2025-11-26 02:30:00+00:00,33,1,42218,51.675,51.72,51.575,51.705,41,SIZ5
2025-11-26 02:31:00+00:00,33,1,42218,51.685,51.685,51.65,51.66,4,SIZ5
2025-11-26 02:32:00+00:00,33,1,42218,51.61,51.61,51.61,51.61,4,SIZ5
2025-11-26 02:33:00+00:00,33,1,42218,51.61,51.625,51.61,51.625,2,SIZ5
2025-11-26 02:34:00+00:00,33,1,42218,51.635,51.635,51.605,51.605,2,SIZ5
2025-11-26 02:36:00+00:00,33,1,42218,51.625,51.65,51.615,51.65,24,SIZ5
2025-11-26 02:37:00+00:00,33,1,42218,51.62,51.62,51.585,51.585,2,SIZ5
2025-11-26 02:38:00+00:00,33,1,42218,51.585,51.585,51.585,51.585,1,SIZ5
2025-11-26 02:39:00+00:00,33,1,42218,51.535,51.535,51.535,51.535,1,SIZ5
2025-11-26 02:45:00+00:00,33,1,42218,51.64,51.685,51.64,51.685,11,SIZ5
2025-11-26 02:46:00+00:00,33,1,42218,51.7,51.705,51.685,51.69,10,SIZ5
2025-11-26 02:47:00+00:00,33,1,42218,51.685,51.7,51.68,51.7,6,SIZ5
2025-11-26 02:50:00+00:00,33,1,42218,51.74,51.74,51.74,51.74,3,SIZ5
2025-11-26 02:51:00+00:00,33,1,42218,51.755,51.755,51.755,51.755,1,SIZ5
2025-11-26 02:53:00+00:00,33,1,42218,51.755,51.77,51.745,51.755,46,SIZ5
2025-11-26 02:55:00+00:00,33,1,42218,51.7,51.705,51.7,51.705,3,SIZ5
2025-11-26 02:57:00+00:00,33,1,42218,51.645,51.645,51.625,51.64,12,SIZ5
2025-11-26 02:58:00+00:00,33,1,42218,51.64,51.64,51.62,51.63,10,SIZ5
2025-11-26 02:59:00+00:00,33,1,42218,51.635,51.65,51.63,51.63,8,SIZ5
2025-11-26 03:00:00+00:00,33,1,42218,51.645,51.645,51.64,51.64,4,SIZ5
2025-11-26 03:02:00+00:00,33,1,42218,51.625,51.63,51.625,51.63,4,SIZ5
2025-11-26 03:03:00+00:00,33,1,42218,51.63,51.635,51.595,51.595,6,SIZ5
2025-11-26 03:07:00+00:00,33,1,42218,51.65,51.66,51.64,51.64,11,SIZ5
2025-11-26 03:10:00+00:00,33,1,42218,51.695,51.71,51.695,51.71,4,SIZ5
2025-11-26 03:12:00+00:00,33,1,42218,51.695,51.695,51.695,51.695,1,SIZ5
2025-11-26 03:16:00+00:00,33,1,42218,51.64,51.64,51.635,51.635,2,SIZ5
2025-11-26 03:23:00+00:00,33,1,42218,51.63,51.63,51.63,51.63,1,SIZ5
2025-11-26 03:25:00+00:00,33,1,42218,51.6,51.6,51.6,51.6,1,SIZ5
2025-11-26 03:27:00+00:00,33,1,42218,51.605,51.61,51.605,51.61,3,SIZ5
2025-11-26 03:28:00+00:00,33,1,42218,51.635,51.635,51.635,51.635,1,SIZ5
2025-11-26 03:29:00+00:00,33,1,42218,51.64,51.64,51.63,51.63,9,SIZ5
2025-11-26 03:32:00+00:00,33,1,42218,51.63,51.635,51.61,51.61,11,SIZ5
2025-11-26 03:33:00+00:00,33,1,42218,51.63,51.63,51.63,51.63,2,SIZ5
2025-11-26 03:34:00+00:00,33,1,42218,51.615,51.615,51.6,51.6,4,SIZ5
2025-11-26 03:36:00+00:00,33,1,42218,51.6,51.6,51.6,51.6,2,SIZ5
2025-11-26 03:37:00+00:00,33,1,42218,51.655,51.655,51.655,51.655,6,SIZ5
2025-11-26 03:41:00+00:00,33,1,42218,51.67,51.67,51.67,51.67,1,SIZ5
2025-11-26 03:42:00+00:00,33,1,42218,51.665,51.665,51.65,51.65,2,SIZ5
2025-11-26 03:45:00+00:00,33,1,42218,51.7,51.7,51.7,51.7,1,SIZ5
2025-11-26 03:46:00+00:00,33,1,42218,51.75,51.75,51.75,51.75,6,SIZ5
2025-11-26 03:49:00+00:00,33,1,42218,51.72,51.72,51.715,51.715,3,SIZ5
2025-11-26 03:50:00+00:00,33,1,42218,51.72,51.72,51.68,51.685,26,SIZ5
2025-11-26 03:51:00+00:00,33,1,42218,51.67,51.67,51.65,51.665,7,SIZ5
2025-11-26 03:53:00+00:00,33,1,42218,51.695,51.7,51.66,51.66,19,SIZ5
2025-11-26 03:54:00+00:00,33,1,42218,51.66,51.675,51.66,51.675,4,SIZ5
2025-11-26 03:55:00+00:00,33,1,42218,51.675,51.685,51.675,51.68,6,SIZ5
2025-11-26 03:56:00+00:00,33,1,42218,51.685,51.695,51.68,51.68,5,SIZ5
2025-11-26 03:57:00+00:00,33,1,42218,51.69,51.69,51.69,51.69,2,SIZ5
2025-11-26 03:59:00+00:00,33,1,42218,51.69,51.7,51.69,51.7,3,SIZ5
2025-11-26 04:01:00+00:00,33,1,42218,51.7,51.7,51.695,51.695,5,SIZ5
2025-11-26 04:04:00+00:00,33,1,42218,51.69,51.7,51.69,51.7,2,SIZ5
2025-11-26 04:05:00+00:00,33,1,42218,51.69,51.69,51.67,51.67,16,SIZ5
2025-11-26 04:06:00+00:00,33,1,42218,51.665,51.665,51.665,51.665,1,SIZ5
2025-11-26 04:07:00+00:00,33,1,42218,51.635,51.635,51.635,51.635,1,SIZ5
2025-11-26 04:10:00+00:00,33,1,42218,51.65,51.65,51.65,51.65,2,SIZ5
2025-11-26 04:11:00+00:00,33,1,42218,51.655,51.665,51.655,51.665,2,SIZ5
2025-11-26 04:12:00+00:00,33,1,42218,51.63,51.63,51.63,51.63,1,SIZ5
2025-11-26 04:15:00+00:00,33,1,42218,51.635,51.635,51.635,51.635,1,SIZ5
2025-11-26 04:17:00+00:00,33,1,42218,51.61,51.61,51.575,51.575,7,SIZ5
2025-11-26 04:18:00+00:00,33,1,42218,51.59,51.59,51.59,51.59,1,SIZ5
2025-11-26 04:19:00+00:00,33,1,42218,51.64,51.64,51.635,51.635,2,SIZ5
2025-11-26 04:21:00+00:00,33,1,42218,51.615,51.615,51.615,51.615,1,SIZ5
2025-11-26 04:30:00+00:00,33,1,42218,51.54,51.54,51.53,51.53,3,SIZ5
2025-11-26 04:31:00+00:00,33,1,42218,51.56,51.575,51.56,51.575,4,SIZ5
2025-11-26 04:34:00+00:00,33,1,42218,51.65,51.65,51.65,51.65,1,SIZ5
2025-11-26 04:36:00+00:00,33,1,42218,51.68,51.68,51.68,51.68,1,SIZ5
2025-11-26 04:37:00+00:00,33,1,42218,51.68,51.68,51.675,51.675,2,SIZ5
2025-11-26 04:38:00+00:00,33,1,42218,51.7,51.7,51.7,51.7,1,SIZ5
2025-11-26 04:39:00+00:00,33,1,42218,51.675,51.675,51.675,51.675,1,SIZ5
2025-11-26 04:44:00+00:00,33,1,42218,51.68,51.68,51.68,51.68,1,SIZ5
2025-11-26 04:45:00+00:00,33,1,42218,51.67,51.68,51.66,51.665,7,SIZ5
2025-11-26 04:52:00+00:00,33,1,42218,51.72,51.72,51.72,51.72,1,SIZ5
2025-11-26 04:54:00+00:00,33,1,42218,51.74,51.74,51.74,51.74,1,SIZ5
2025-11-26 04:56:00+00:00,33,1,42218,51.71,51.71,51.71,51.71,1,SIZ5
2025-11-26 05:02:00+00:00,33,1,42218,51.72,51.72,51.72,51.72,1,SIZ5
2025-11-26 05:06:00+00:00,33,1,42218,51.76,51.765,51.76,51.765,2,SIZ5
2025-11-26 05:07:00+00:00,33,1,42218,51.76,51.765,51.755,51.755,15,SIZ5
2025-11-26 05:08:00+00:00,33,1,42218,51.765,51.79,51.765,51.79,22,SIZ5
2025-11-26 05:09:00+00:00,33,1,42218,51.795,51.83,51.795,51.83,22,SIZ5
2025-11-26 05:11:00+00:00,33,1,42218,51.81,51.81,51.79,51.79,3,SIZ5
2025-11-26 05:14:00+00:00,33,1,42218,51.795,51.805,51.795,51.805,3,SIZ5
2025-11-26 05:15:00+00:00,33,1,42218,51.805,51.815,51.775,51.805,9,SIZ5
2025-11-26 05:16:00+00:00,33,1,42218,51.805,51.805,51.8,51.805,6,SIZ5
2025-11-26 05:17:00+00:00,33,1,42218,51.835,51.85,51.815,51.85,24,SIZ5
2025-11-26 05:18:00+00:00,33,1,42218,51.85,51.85,51.84,51.84,10,SIZ5
2025-11-26 05:19:00+00:00,33,1,42218,51.84,51.84,51.82,51.84,6,SIZ5
2025-11-26 05:20:00+00:00,33,1,42218,51.86,51.875,51.855,51.87,8,SIZ5
2025-11-26 05:21:00+00:00,33,1,42218,51.87,51.87,51.87,51.87,3,SIZ5
2025-11-26 05:22:00+00:00,33,1,42218,51.865,51.885,51.865,51.885,8,SIZ5
2025-11-26 05:23:00+00:00,33,1,42218,51.885,51.885,51.885,51.885,4,SIZ5
2025-11-26 05:24:00+00:00,33,1,42218,51.845,51.845,51.845,51.845,1,SIZ5
2025-11-26 05:25:00+00:00,33,1,42218,51.8,51.8,51.8,51.8,1,SIZ5
2025-11-26 05:26:00+00:00,33,1,42218,51.8,51.8,51.8,51.8,2,SIZ5
2025-11-26 05:27:00+00:00,33,1,42218,51.8,51.83,51.795,51.83,4,SIZ5
2025-11-26 05:31:00+00:00,33,1,42218,51.78,51.78,51.78,51.78,2,SIZ5
2025-11-26 05:32:00+00:00,33,1,42218,51.77,51.77,51.745,51.745,4,SIZ5
2025-11-26 05:33:00+00:00,33,1,42218,51.685,51.7,51.68,51.7,3,SIZ5
2025-11-26 05:34:00+00:00,33,1,42218,51.7,51.715,51.675,51.715,9,SIZ5
2025-11-26 05:35:00+00:00,33,1,42218,51.71,51.72,51.71,51.72,3,SIZ5
2025-11-26 05:38:00+00:00,33,1,42218,51.675,51.675,51.675,51.675,1,SIZ5
2025-11-26 05:39:00+00:00,33,1,42218,51.64,51.64,51.55,51.59,33,SIZ5
2025-11-26 05:40:00+00:00,33,1,42218,51.57,51.625,51.57,51.6,6,SIZ5
2025-11-26 05:41:00+00:00,33,1,42218,51.625,51.64,51.625,51.64,8,SIZ5
2025-11-26 05:42:00+00:00,33,1,42218,51.635,51.635,51.635,51.635,1,SIZ5
2025-11-26 05:44:00+00:00,33,1,42218,51.625,51.625,51.625,51.625,1,SIZ5
2025-11-26 05:45:00+00:00,33,1,42218,51.65,51.65,51.64,51.64,2,SIZ5
2025-11-26 05:46:00+00:00,33,1,42218,51.67,51.685,51.67,51.67,3,SIZ5
2025-11-26 05:49:00+00:00,33,1,42218,51.72,51.735,51.72,51.735,7,SIZ5
2025-11-26 05:50:00+00:00,33,1,42218,51.725,51.745,51.715,51.745,17,SIZ5
2025-11-26 05:51:00+00:00,33,1,42218,51.75,51.76,51.735,51.75,36,SIZ5
2025-11-26 05:52:00+00:00,33,1,42218,51.755,51.755,51.72,51.735,23,SIZ5
2025-11-26 05:53:00+00:00,33,1,42218,51.725,51.77,51.725,51.75,18,SIZ5
2025-11-26 05:54:00+00:00,33,1,42218,51.73,51.73,51.71,51.72,9,SIZ5
2025-11-26 05:55:00+00:00,33,1,42218,51.69,51.705,51.69,51.705,5,SIZ5
2025-11-26 05:56:00+00:00,33,1,42218,51.65,51.655,51.65,51.655,2,SIZ5
2025-11-26 05:57:00+00:00,33,1,42218,51.655,51.66,51.64,51.66,3,SIZ5
2025-11-26 05:58:00+00:00,33,1,42218,51.66,51.67,51.655,51.655,10,SIZ5
2025-11-26 05:59:00+00:00,33,1,42218,51.69,51.69,51.69,51.69,2,SIZ5
2025-11-26 06:03:00+00:00,33,1,42218,51.59,51.59,51.59,51.59,1,SIZ5
2025-11-26 06:04:00+00:00,33,1,42218,51.61,51.61,51.61,51.61,1,SIZ5
2025-11-26 06:05:00+00:00,33,1,42218,51.635,51.635,51.635,51.635,1,SIZ5
2025-11-26 06:08:00+00:00,33,1,42218,51.595,51.595,51.595,51.595,1,SIZ5
2025-11-26 06:10:00+00:00,33,1,42218,51.56,51.57,51.545,51.57,11,SIZ5
2025-11-26 06:11:00+00:00,33,1,42218,51.58,51.58,51.555,51.555,24,SIZ5
2025-11-26 06:12:00+00:00,33,1,42218,51.585,51.585,51.585,51.585,3,SIZ5
2025-11-26 06:14:00+00:00,33,1,42218,51.5,51.525,51.5,51.525,3,SIZ5
2025-11-26 06:16:00+00:00,33,1,42218,51.465,51.465,51.43,51.435,24,SIZ5
2025-11-26 06:17:00+00:00,33,1,42218,51.445,51.445,51.445,51.445,3,SIZ5
2025-11-26 06:28:00+00:00,33,1,42218,51.625,51.625,51.61,51.62,11,SIZ5
2025-11-26 06:30:00+00:00,33,1,42218,51.58,51.58,51.58,51.58,3,SIZ5
2025-11-26 06:31:00+00:00,33,1,42218,51.57,51.57,51.57,51.57,1,SIZ5
2025-11-26 06:35:00+00:00,33,1,42218,51.55,51.55,51.55,51.55,1,SIZ5
2025-11-26 06:36:00+00:00,33,1,42218,51.52,51.53,51.505,51.53,10,SIZ5
2025-11-26 06:40:00+00:00,33,1,42218,51.52,51.53,51.52,51.53,2,SIZ5
2025-11-26 06:44:00+00:00,33,1,42218,51.55,51.55,51.55,51.55,1,SIZ5
2025-11-26 06:45:00+00:00,33,1,42218,51.56,51.56,51.56,51.56,1,SIZ5
2025-11-26 06:47:00+00:00,33,1,42218,51.56,51.56,51.56,51.56,2,SIZ5
2025-11-26 06:48:00+00:00,33,1,42218,51.575,51.585,51.56,51.57,31,SIZ5
2025-11-26 06:49:00+00:00,33,1,42218,51.59,51.6,51.585,51.59,8,SIZ5
2025-11-26 06:51:00+00:00,33,1,42218,51.625,51.625,51.625,51.625,3,SIZ5
2025-11-26 06:52:00+00:00,33,1,42218,51.635,51.66,51.635,51.64,10,SIZ5
2025-11-26 06:54:00+00:00,33,1,42218,51.64,51.64,51.64,51.64,1,SIZ5
2025-11-26 07:00:00+00:00,33,1,42218,51.605,51.605,51.59,51.59,28,SIZ5
2025-11-26 07:01:00+00:00,33,1,42218,51.57,51.57,51.57,51.57,1,SIZ5
2025-11-26 07:02:00+00:00,33,1,42218,51.645,51.645,51.645,51.645,1,SIZ5
2025-11-26 07:05:00+00:00,33,1,42218,51.665,51.68,51.665,51.68,5,SIZ5
2025-11-26 07:08:00+00:00,33,1,42218,51.645,51.66,51.645,51.66,2,SIZ5
2025-11-26 07:10:00+00:00,33,1,42218,51.61,51.61,51.61,51.61,1,SIZ5
2025-11-26 07:11:00+00:00,33,1,42218,51.61,51.61,51.61,51.61,1,SIZ5
2025-11-26 07:13:00+00:00,33,1,42218,51.605,51.61,51.605,51.61,2,SIZ5
2025-11-26 07:14:00+00:00,33,1,42218,51.615,51.615,51.615,51.615,1,SIZ5
2025-11-26 07:15:00+00:00,33,1,42218,51.68,51.68,51.68,51.68,1,SIZ5
2025-11-26 07:16:00+00:00,33,1,42218,51.65,51.65,51.65,51.65,1,SIZ5
2025-11-26 07:20:00+00:00,33,1,42218,51.65,51.65,51.62,51.62,9,SIZ5
2025-11-26 07:21:00+00:00,33,1,42218,51.59,51.59,51.59,51.59,1,SIZ5
2025-11-26 07:22:00+00:00,33,1,42218,51.61,51.61,51.61,51.61,1,SIZ5
2025-11-26 07:23:00+00:00,33,1,42218,51.6,51.6,51.565,51.575,9,SIZ5
2025-11-26 07:24:00+00:00,33,1,42218,51.565,51.565,51.565,51.565,1,SIZ5
2025-11-26 07:26:00+00:00,33,1,42218,51.575,51.575,51.575,51.575,1,SIZ5
2025-11-26 07:27:00+00:00,33,1,42218,51.59,51.59,51.59,51.59,2,SIZ5
2025-11-26 07:28:00+00:00,33,1,42218,51.54,51.54,51.525,51.525,2,SIZ5
2025-11-26 07:29:00+00:00,33,1,42218,51.545,51.555,51.545,51.555,2,SIZ5
2025-11-26 07:30:00+00:00,33,1,42218,51.58,51.58,51.57,51.57,2,SIZ5
2025-11-26 07:31:00+00:00,33,1,42218,51.555,51.555,51.555,51.555,1,SIZ5
2025-11-26 07:35:00+00:00,33,1,42218,51.61,51.61,51.61,51.61,1,SIZ5
2025-11-26 07:36:00+00:00,33,1,42218,51.62,51.625,51.62,51.625,5,SIZ5
2025-11-26 07:39:00+00:00,33,1,42218,51.6,51.6,51.6,51.6,1,SIZ5
2025-11-26 07:41:00+00:00,33,1,42218,51.575,51.58,51.57,51.58,4,SIZ5
2025-11-26 07:46:00+00:00,33,1,42218,51.625,51.625,51.625,51.625,2,SIZ5
2025-11-26 07:47:00+00:00,33,1,42218,51.63,51.64,51.63,51.64,2,SIZ5
2025-11-26 07:48:00+00:00,33,1,42218,51.635,51.635,51.62,51.625,9,SIZ5
2025-11-26 07:49:00+00:00,33,1,42218,51.64,51.655,51.64,51.65,6,SIZ5
2025-11-26 07:56:00+00:00,33,1,42218,51.64,51.65,51.64,51.65,2,SIZ5
2025-11-26 07:57:00+00:00,33,1,42218,51.655,51.69,51.655,51.675,11,SIZ5
2025-11-26 07:58:00+00:00,33,1,42218,51.685,51.705,51.685,51.705,14,SIZ5
2025-11-26 07:59:00+00:00,33,1,42218,51.685,51.685,51.685,51.685,1,SIZ5
2025-11-26 08:00:00+00:00,33,1,42218,51.685,51.71,51.685,51.71,5,SIZ5
2025-11-26 08:01:00+00:00,33,1,42218,51.73,51.73,51.655,51.665,32,SIZ5
2025-11-26 08:03:00+00:00,33,1,42218,51.64,51.64,51.64,51.64,1,SIZ5
2025-11-26 08:06:00+00:00,33,1,42218,51.76,51.76,51.76,51.76,4,SIZ5
2025-11-26 08:07:00+00:00,33,1,42218,51.78,51.785,51.78,51.785,2,SIZ5
2025-11-26 08:08:00+00:00,33,1,42218,51.775,51.775,51.775,51.775,1,SIZ5
2025-11-26 08:09:00+00:00,33,1,42218,51.78,51.8,51.755,51.8,14,SIZ5
2025-11-26 08:12:00+00:00,33,1,42218,51.795,51.795,51.795,51.795,1,SIZ5
2025-11-26 08:14:00+00:00,33,1,42218,51.825,51.825,51.825,51.825,1,SIZ5
2025-11-26 08:15:00+00:00,33,1,42218,51.825,51.83,51.805,51.805,19,SIZ5
2025-11-26 08:16:00+00:00,33,1,42218,51.795,51.795,51.795,51.795,1,SIZ5
2025-11-26 08:17:00+00:00,33,1,42218,51.795,51.795,51.795,51.795,1,SIZ5
2025-11-26 08:19:00+00:00,33,1,42218,51.79,51.79,51.79,51.79,1,SIZ5
2025-11-26 08:21:00+00:00,33,1,42218,51.79,51.79,51.785,51.785,4,SIZ5
2025-11-26 08:22:00+00:00,33,1,42218,51.81,51.81,51.805,51.805,7,SIZ5
2025-11-26 08:24:00+00:00,33,1,42218,51.795,51.795,51.795,51.795,1,SIZ5
2025-11-26 08:26:00+00:00,33,1,42218,51.85,51.865,51.85,51.855,6,SIZ5
2025-11-26 08:28:00+00:00,33,1,42218,51.935,51.95,51.935,51.95,3,SIZ5
2025-11-26 08:29:00+00:00,33,1,42218,51.88,51.88,51.855,51.855,9,SIZ5
2025-11-26 08:30:00+00:00,33,1,42218,51.875,51.875,51.865,51.865,2,SIZ5
2025-11-26 08:33:00+00:00,33,1,42218,51.775,51.775,51.71,51.71,35,SIZ5
2025-11-26 08:34:00+00:00,33,1,42218,51.72,51.72,51.7,51.715,9,SIZ5
2025-11-26 08:35:00+00:00,33,1,42218,51.71,51.78,51.705,51.765,7,SIZ5
2025-11-26 08:36:00+00:00,33,1,42218,51.76,51.76,51.755,51.755,2,SIZ5
2025-11-26 08:38:00+00:00,33,1,42218,51.83,51.83,51.82,51.82,4,SIZ5
2025-11-26 08:39:00+00:00,33,1,42218,51.795,51.805,51.79,51.795,21,SIZ5
2025-11-26 08:42:00+00:00,33,1,42218,51.765,51.765,51.755,51.755,4,SIZ5
2025-11-26 08:43:00+00:00,33,1,42218,51.765,51.765,51.76,51.76,13,SIZ5
2025-11-26 08:44:00+00:00,33,1,42218,51.74,51.77,51.74,51.77,4,SIZ5
2025-11-26 08:46:00+00:00,33,1,42218,51.755,51.755,51.755,51.755,2,SIZ5
2025-11-26 08:51:00+00:00,33,1,42218,51.8,51.8,51.8,51.8,1,SIZ5
2025-11-26 08:59:00+00:00,33,1,42218,51.865,51.865,51.865,51.865,1,SIZ5
2025-11-26 09:00:00+00:00,33,1,42218,51.855,51.865,51.845,51.845,4,SIZ5
2025-11-26 09:01:00+00:00,33,1,42218,51.855,51.86,51.835,51.86,16,SIZ5
2025-11-26 09:02:00+00:00,33,1,42218,51.885,51.885,51.875,51.875,10,SIZ5
2025-11-26 09:03:00+00:00,33,1,42218,51.875,51.885,51.875,51.885,2,SIZ5
2025-11-26 09:05:00+00:00,33,1,42218,51.895,51.895,51.885,51.885,11,SIZ5
2025-11-26 09:06:00+00:00,33,1,42218,51.855,51.855,51.85,51.85,3,SIZ5
2025-11-26 09:07:00+00:00,33,1,42218,51.85,51.85,51.835,51.84,12,SIZ5
2025-11-26 09:10:00+00:00,33,1,42218,51.835,51.835,51.835,51.835,2,SIZ5
2025-11-26 09:11:00+00:00,33,1,42218,51.85,51.85,51.85,51.85,2,SIZ5
2025-11-26 09:13:00+00:00,33,1,42218,51.78,51.78,51.78,51.78,1,SIZ5
2025-11-26 09:15:00+00:00,33,1,42218,51.77,51.785,51.77,51.78,24,SIZ5
2025-11-26 09:17:00+00:00,33,1,42218,51.8,51.8,51.8,51.8,1,SIZ5
2025-11-26 09:19:00+00:00,33,1,42218,51.85,51.86,51.85,51.86,2,SIZ5
2025-11-26 09:20:00+00:00,33,1,42218,51.86,51.86,51.86,51.86,3,SIZ5
2025-11-26 09:28:00+00:00,33,1,42218,51.87,51.875,51.865,51.875,4,SIZ5
2025-11-26 09:29:00+00:00,33,1,42218,51.87,51.87,51.87,51.87,1,SIZ5
2025-11-26 09:30:00+00:00,33,1,42218,51.89,51.89,51.89,51.89,2,SIZ5
2025-11-26 09:31:00+00:00,33,1,42218,51.905,51.94,51.905,51.94,6,SIZ5
2025-11-26 09:32:00+00:00,33,1,42218,51.925,51.925,51.92,51.92,2,SIZ5
2025-11-26 09:33:00+00:00,33,1,42218,51.94,51.94,51.93,51.93,4,SIZ5
2025-11-26 09:34:00+00:00,33,1,42218,51.94,51.94,51.94,51.94,2,SIZ5
2025-11-26 09:35:00+00:00,33,1,42218,51.935,51.935,51.92,51.92,3,SIZ5
2025-11-26 09:36:00+00:00,33,1,42218,51.915,51.915,51.915,51.915,2,SIZ5
2025-11-26 09:37:00+00:00,33,1,42218,51.96,51.96,51.96,51.96,2,SIZ5
2025-11-26 09:38:00+00:00,33,1,42218,51.96,51.96,51.96,51.96,1,SIZ5
2025-11-26 09:39:00+00:00,33,1,42218,51.935,51.945,51.93,51.945,14,SIZ5
2025-11-26 09:40:00+00:00,33,1,42218,51.925,51.925,51.925,51.925,1,SIZ5
2025-11-26 09:41:00+00:00,33,1,42218,51.885,51.885,51.885,51.885,3,SIZ5
2025-11-26 09:43:00+00:00,33,1,42218,51.9,51.905,51.86,51.86,8,SIZ5
2025-11-26 09:44:00+00:00,33,1,42218,51.865,51.875,51.86,51.875,11,SIZ5
2025-11-26 09:45:00+00:00,33,1,42218,51.875,51.885,51.855,51.875,18,SIZ5
2025-11-26 09:47:00+00:00,33,1,42218,51.87,51.885,51.87,51.885,9,SIZ5
2025-11-26 09:48:00+00:00,33,1,42218,51.865,51.865,51.855,51.855,2,SIZ5
2025-11-26 09:49:00+00:00,33,1,42218,51.87,51.87,51.87,51.87,1,SIZ5
2025-11-26 09:50:00+00:00,33,1,42218,51.835,51.84,51.835,51.84,2,SIZ5
2025-11-26 09:52:00+00:00,33,1,42218,51.82,51.835,51.82,51.825,5,SIZ5
2025-11-26 09:53:00+00:00,33,1,42218,51.815,51.82,51.815,51.82,2,SIZ5
2025-11-26 09:56:00+00:00,33,1,42218,51.835,51.835,51.835,51.835,1,SIZ5
2025-11-26 09:57:00+00:00,33,1,42218,51.825,51.88,51.825,51.875,3,SIZ5
2025-11-26 10:01:00+00:00,33,1,42218,51.945,51.945,51.945,51.945,1,SIZ5
2025-11-26 10:02:00+00:00,33,1,42218,51.925,51.95,51.92,51.95,3,SIZ5
2025-11-26 10:03:00+00:00,33,1,42218,51.975,51.975,51.975,51.975,2,SIZ5
2025-11-26 10:04:00+00:00,33,1,42218,51.975,51.975,51.975,51.975,1,SIZ5
2025-11-26 10:05:00+00:00,33,1,42218,51.985,51.985,51.985,51.985,2,SIZ5
2025-11-26 10:06:00+00:00,33,1,42218,51.97,51.985,51.97,51.985,3,SIZ5
2025-11-26 10:07:00+00:00,33,1,42218,52.0,52.0,52.0,52.0,7,SIZ5
2025-11-26 10:08:00+00:00,33,1,42218,52.0,52.0,51.99,51.99,120,SIZ5
2025-11-26 10:09:00+00:00,33,1,42218,52.0,52.035,51.995,52.035,10,SIZ5
2025-11-26 10:10:00+00:00,33,1,42218,52.05,52.065,52.05,52.065,3,SIZ5
2025-11-26 10:11:00+00:00,33,1,42218,52.045,52.045,52.01,52.01,3,SIZ5
2025-11-26 10:12:00+00:00,33,1,42218,52.03,52.06,52.025,52.06,5,SIZ5
2025-11-26 10:13:00+00:00,33,1,42218,52.065,52.08,52.055,52.055,22,SIZ5
2025-11-26 10:14:00+00:00,33,1,42218,52.04,52.04,52.04,52.04,2,SIZ5
2025-11-26 10:15:00+00:00,33,1,42218,52.005,52.005,52.0,52.005,3,SIZ5
2025-11-26 10:17:00+00:00,33,1,42218,52.02,52.02,52.0,52.0,3,SIZ5
2025-11-26 10:18:00+00:00,33,1,42218,52.01,52.01,51.97,51.97,16,SIZ5
2025-11-26 10:19:00+00:00,33,1,42218,51.955,51.955,51.93,51.955,30,SIZ5
2025-11-26 10:20:00+00:00,33,1,42218,51.95,51.96,51.94,51.96,4,SIZ5
2025-11-26 10:21:00+00:00,33,1,42218,51.98,51.98,51.905,51.915,31,SIZ5
2025-11-26 10:22:00+00:00,33,1,42218,51.93,51.93,51.885,51.885,6,SIZ5
2025-11-26 10:23:00+00:00,33,1,42218,51.875,51.9,51.87,51.9,3,SIZ5
2025-11-26 10:25:00+00:00,33,1,42218,51.96,51.98,51.96,51.98,17,SIZ5
2025-11-26 10:28:00+00:00,33,1,42218,52.005,52.005,52.005,52.005,2,SIZ5
2025-11-26 10:36:00+00:00,33,1,42218,51.925,51.925,51.925,51.925,2,SIZ5
2025-11-26 10:37:00+00:00,33,1,42218,51.95,51.95,51.95,51.95,2,SIZ5
2025-11-26 10:39:00+00:00,33,1,42218,52.0,52.0,51.99,51.99,11,SIZ5
2025-11-26 10:40:00+00:00,33,1,42218,52.0,52.0,52.0,52.0,28,SIZ5
2025-11-26 10:41:00+00:00,33,1,42218,52.02,52.055,52.02,52.055,4,SIZ5
2025-11-26 10:44:00+00:00,33,1,42218,51.995,52.005,51.99,52.005,3,SIZ5
2025-11-26 10:45:00+00:00,33,1,42218,52.015,52.02,52.01,52.01,4,SIZ5
2025-11-26 10:46:00+00:00,33,1,42218,52.01,52.01,52.0,52.0,4,SIZ5
2025-11-26 10:47:00+00:00,33,1,42218,51.99,51.99,51.98,51.985,11,SIZ5
2025-11-26 10:48:00+00:00,33,1,42218,51.975,51.99,51.97,51.99,34,SIZ5
2025-11-26 10:49:00+00:00,33,1,42218,51.97,51.985,51.935,51.98,80,SIZ5
2025-11-26 10:50:00+00:00,33,1,42218,51.98,51.98,51.97,51.98,39,SIZ5
2025-11-26 10:51:00+00:00,33,1,42218,51.98,51.995,51.98,51.99,10,SIZ5
2025-11-26 10:52:00+00:00,33,1,42218,51.99,52.02,51.99,52.02,30,SIZ5
2025-11-26 10:53:00+00:00,33,1,42218,52.02,52.05,52.02,52.05,21,SIZ5
2025-11-26 10:54:00+00:00,33,1,42218,52.055,52.065,52.05,52.06,37,SIZ5
2025-11-26 10:55:00+00:00,33,1,42218,52.065,52.075,52.065,52.075,27,SIZ5
2025-11-26 10:56:00+00:00,33,1,42218,52.075,52.075,52.065,52.065,3,SIZ5
2025-11-26 10:57:00+00:00,33,1,42218,52.04,52.04,52.0,52.0,16,SIZ5
2025-11-26 10:58:00+00:00,33,1,42218,52.025,52.025,52.025,52.025,18,SIZ5
2025-11-26 10:59:00+00:00,33,1,42218,52.025,52.035,52.02,52.035,35,SIZ5
2025-11-26 11:00:00+00:00,33,1,42218,52.04,52.04,52.04,52.04,2,SIZ5
2025-11-26 11:01:00+00:00,33,1,42218,52.04,52.04,52.04,52.04,1,SIZ5
2025-11-26 11:02:00+00:00,33,1,42218,52.06,52.06,52.06,52.06,2,SIZ5
2025-11-26 11:03:00+00:00,33,1,42218,52.05,52.055,52.045,52.055,7,SIZ5
2025-11-26 11:04:00+00:00,33,1,42218,52.07,52.07,52.07,52.07,3,SIZ5
2025-11-26 11:05:00+00:00,33,1,42218,52.065,52.085,52.065,52.085,2,SIZ5
2025-11-26 11:07:00+00:00,33,1,42218,52.03,52.03,51.98,52.0,18,SIZ5
2025-11-26 11:08:00+00:00,33,1,42218,51.995,52.0,51.975,51.98,16,SIZ5
2025-11-26 11:09:00+00:00,33,1,42218,52.0,52.015,52.0,52.01,4,SIZ5
2025-11-26 11:10:00+00:00,33,1,42218,52.015,52.015,52.005,52.005,2,SIZ5
2025-11-26 11:11:00+00:00,33,1,42218,52.01,52.025,52.01,52.025,12,SIZ5
2025-11-26 11:12:00+00:00,33,1,42218,52.02,52.03,52.02,52.025,4,SIZ5
2025-11-26 11:14:00+00:00,33,1,42218,52.035,52.035,52.035,52.035,2,SIZ5
2025-11-26 11:17:00+00:00,33,1,42218,52.105,52.11,52.105,52.11,2,SIZ5
2025-11-26 11:21:00+00:00,33,1,42218,52.105,52.105,52.105,52.105,1,SIZ5
2025-11-26 11:22:00+00:00,33,1,42218,52.13,52.13,52.13,52.13,1,SIZ5
2025-11-26 11:23:00+00:00,33,1,42218,52.135,52.15,52.13,52.145,9,SIZ5
2025-11-26 11:24:00+00:00,33,1,42218,52.155,52.155,52.155,52.155,2,SIZ5
2025-11-26 11:25:00+00:00,33,1,42218,52.13,52.13,52.13,52.13,1,SIZ5
2025-11-26 11:26:00+00:00,33,1,42218,52.1,52.1,52.1,52.1,1,SIZ5
2025-11-26 11:31:00+00:00,33,1,42218,52.15,52.15,52.15,52.15,3,SIZ5
2025-11-26 11:32:00+00:00,33,1,42218,52.16,52.16,52.16,52.16,2,SIZ5
2025-11-26 11:33:00+00:00,33,1,42218,52.14,52.14,52.135,52.135,2,SIZ5
2025-11-26 11:37:00+00:00,33,1,42218,52.145,52.145,52.145,52.145,1,SIZ5
2025-11-26 11:39:00+00:00,33,1,42218,52.145,52.145,52.145,52.145,3,SIZ5
2025-11-26 11:40:00+00:00,33,1,42218,52.14,52.14,52.14,52.14,1,SIZ5
2025-11-26 11:41:00+00:00,33,1,42218,52.17,52.2,52.17,52.2,13,SIZ5
2025-11-26 11:42:00+00:00,33,1,42218,52.19,52.19,52.19,52.19,1,SIZ5
2025-11-26 11:43:00+00:00,33,1,42218,52.2,52.2,52.2,52.2,1,SIZ5
2025-11-26 11:44:00+00:00,33,1,42218,52.19,52.19,52.175,52.19,5,SIZ5
2025-11-26 11:45:00+00:00,33,1,42218,52.235,52.235,52.22,52.22,2,SIZ5
2025-11-26 11:46:00+00:00,33,1,42218,52.185,52.19,52.185,52.19,2,SIZ5
2025-11-26 11:48:00+00:00,33,1,42218,52.13,52.155,52.13,52.14,6,SIZ5
2025-11-26 11:49:00+00:00,33,1,42218,52.13,52.13,52.13,52.13,2,SIZ5
2025-11-26 11:50:00+00:00,33,1,42218,52.1,52.1,52.1,52.1,10,SIZ5
2025-11-26 11:51:00+00:00,33,1,42218,52.12,52.12,52.11,52.11,2,SIZ5
2025-11-26 11:56:00+00:00,33,1,42218,52.07,52.08,52.07,52.08,3,SIZ5
2025-11-26 11:57:00+00:00,33,1,42218,52.085,52.13,52.085,52.13,8,SIZ5
2025-11-26 11:58:00+00:00,33,1,42218,52.135,52.135,52.135,52.135,2,SIZ5
2025-11-26 12:00:00+00:00,33,1,42218,52.045,52.06,52.02,52.03,9,SIZ5
2025-11-26 12:01:00+00:00,33,1,42218,52.14,52.14,52.14,52.14,1,SIZ5
2025-11-26 12:02:00+00:00,33,1,42218,52.135,52.135,52.135,52.135,2,SIZ5
2025-11-26 12:05:00+00:00,33,1,42218,52.08,52.08,52.07,52.07,12,SIZ5
2025-11-26 12:06:00+00:00,33,1,42218,52.07,52.105,52.07,52.105,5,SIZ5
2025-11-26 12:07:00+00:00,33,1,42218,52.085,52.11,52.085,52.11,13,SIZ5
2025-11-26 12:08:00+00:00,33,1,42218,52.06,52.06,52.06,52.06,1,SIZ5
2025-11-26 12:09:00+00:00,33,1,42218,52.03,52.03,52.0,52.0,12,SIZ5
2025-11-26 12:10:00+00:00,33,1,42218,52.015,52.015,52.015,52.015,1,SIZ5
2025-11-26 12:11:00+00:00,33,1,42218,52.035,52.085,52.035,52.085,13,SIZ5
2025-11-26 12:12:00+00:00,33,1,42218,52.08,52.08,52.08,52.08,3,SIZ5
2025-11-26 12:15:00+00:00,33,1,42218,52.04,52.04,52.04,52.04,1,SIZ5
2025-11-26 12:16:00+00:00,33,1,42218,52.05,52.09,52.05,52.09,9,SIZ5
2025-11-26 12:18:00+00:00,33,1,42218,52.075,52.075,52.075,52.075,3,SIZ5
2025-11-26 12:19:00+00:00,33,1,42218,52.03,52.04,52.03,52.04,4,SIZ5
2025-11-26 12:20:00+00:00,33,1,42218,52.055,52.055,52.055,52.055,1,SIZ5
2025-11-26 12:22:00+00:00,33,1,42218,52.015,52.02,52.005,52.01,6,SIZ5
2025-11-26 12:23:00+00:00,33,1,42218,51.995,51.995,51.995,51.995,1,SIZ5
2025-11-26 12:24:00+00:00,33,1,42218,51.97,52.005,51.97,52.005,2,SIZ5
2025-11-26 12:25:00+00:00,33,1,42218,52.04,52.06,52.04,52.06,4,SIZ5
2025-11-26 12:26:00+00:00,33,1,42218,52.005,52.005,52.005,52.005,2,SIZ5
2025-11-26 12:27:00+00:00,33,1,42218,51.995,52.005,51.995,52.005,2,SIZ5
2025-11-26 12:28:00+00:00,33,1,42218,51.955,51.96,51.95,51.95,13,SIZ5
2025-11-26 12:29:00+00:00,33,1,42218,51.9,51.9,51.87,51.87,7,SIZ5
2025-11-26 12:30:00+00:00,33,1,42218,51.885,51.885,51.885,51.885,1,SIZ5
2025-11-26 12:32:00+00:00,33,1,42218,51.795,51.8,51.795,51.8,3,SIZ5
2025-11-26 12:33:00+00:00,33,1,42218,51.815,51.835,51.815,51.835,2,SIZ5
2025-11-26 12:34:00+00:00,33,1,42218,51.815,51.83,51.815,51.83,6,SIZ5
2025-11-26 12:35:00+00:00,33,1,42218,51.805,51.825,51.76,51.82,25,SIZ5
2025-11-26 12:36:00+00:00,33,1,42218,51.805,51.83,51.805,51.83,3,SIZ5
2025-11-26 12:37:00+00:00,33,1,42218,51.84,51.86,51.84,51.845,6,SIZ5
2025-11-26 12:38:00+00:00,33,1,42218,51.89,51.915,51.89,51.915,8,SIZ5
2025-11-26 12:39:00+00:00,33,1,42218,51.885,51.91,51.87,51.91,4,SIZ5
2025-11-26 12:40:00+00:00,33,1,42218,51.84,51.84,51.83,51.83,3,SIZ5
2025-11-26 12:41:00+00:00,33,1,42218,51.815,51.815,51.81,51.81,3,SIZ5
2025-11-26 12:42:00+00:00,33,1,42218,51.8,51.8,51.8,51.8,3,SIZ5
2025-11-26 12:45:00+00:00,33,1,42218,51.79,51.79,51.79,51.79,1,SIZ5
2025-11-26 12:46:00+00:00,33,1,42218,51.75,51.755,51.72,51.755,12,SIZ5
2025-11-26 12:47:00+00:00,33,1,42218,51.77,51.775,51.765,51.77,8,SIZ5
2025-11-26 12:48:00+00:00,33,1,42218,51.82,51.82,51.82,51.82,1,SIZ5
2025-11-26 12:54:00+00:00,33,1,42218,51.78,51.78,51.78,51.78,2,SIZ5
2025-11-26 12:55:00+00:00,33,1,42218,51.79,51.82,51.79,51.82,6,SIZ5
2025-11-26 12:56:00+00:00,33,1,42218,51.825,51.825,51.825,51.825,1,SIZ5
2025-11-26 12:58:00+00:00,33,1,42218,51.825,51.825,51.825,51.825,1,SIZ5
2025-11-26 12:59:00+00:00,33,1,42218,51.815,51.815,51.78,51.78,4,SIZ5
2025-11-26 13:00:00+00:00,33,1,42218,51.76,51.81,51.745,51.79,47,SIZ5
2025-11-26 13:01:00+00:00,33,1,42218,51.815,51.83,51.815,51.83,4,SIZ5
2025-11-26 13:02:00+00:00,33,1,42218,51.77,51.8,51.77,51.8,7,SIZ5
2025-11-26 13:03:00+00:00,33,1,42218,51.82,51.89,51.82,51.89,15,SIZ5
2025-11-26 13:04:00+00:00,33,1,42218,51.92,51.92,51.92,51.92,1,SIZ5
2025-11-26 13:05:00+00:00,33,1,42218,51.915,51.915,51.86,51.86,4,SIZ5
2025-11-26 13:06:00+00:00,33,1,42218,51.855,51.895,51.855,51.895,7,SIZ5
2025-11-26 13:10:00+00:00,33,1,42218,51.93,51.93,51.93,51.93,1,SIZ5
2025-11-26 13:11:00+00:00,33,1,42218,51.95,51.99,51.95,51.975,6,SIZ5
2025-11-26 13:12:00+00:00,33,1,42218,51.94,51.94,51.915,51.915,4,SIZ5
2025-11-26 13:14:00+00:00,33,1,42218,51.895,51.9,51.895,51.9,3,SIZ5
2025-11-26 13:18:00+00:00,33,1,42218,51.925,52.025,51.915,52.0,11,SIZ5
2025-11-26 13:19:00+00:00,33,1,42218,51.985,52.04,51.985,52.04,6,SIZ5
2025-11-26 13:20:00+00:00,33,1,42218,52.065,52.085,52.065,52.065,11,SIZ5
2025-11-26 13:21:00+00:00,33,1,42218,52.04,52.05,52.035,52.035,4,SIZ5
2025-11-26 13:22:00+00:00,33,1,42218,51.995,51.995,51.985,51.985,3,SIZ5
2025-11-26 13:23:00+00:00,33,1,42218,51.995,52.0,51.99,51.995,20,SIZ5
2025-11-26 13:24:00+00:00,33,1,42218,51.99,51.995,51.99,51.995,4,SIZ5
2025-11-26 13:25:00+00:00,33,1,42218,51.975,51.975,51.975,51.975,1,SIZ5
2025-11-26 13:27:00+00:00,33,1,42218,52.095,52.095,52.085,52.085,3,SIZ5
2025-11-26 13:28:00+00:00,33,1,42218,52.08,52.09,52.08,52.09,3,SIZ5
2025-11-26 13:29:00+00:00,33,1,42218,52.085,52.085,52.065,52.065,3,SIZ5
2025-11-26 13:30:00+00:00,33,1,42218,52.065,52.085,51.925,51.925,5,SIZ5
2025-11-26 13:31:00+00:00,33,1,42218,51.925,51.95,51.91,51.935,25,SIZ5
2025-11-26 13:32:00+00:00,33,1,42218,51.965,51.985,51.945,51.98,16,SIZ5
2025-11-26 13:33:00+00:00,33,1,42218,51.955,51.97,51.93,51.965,24,SIZ5
2025-11-26 13:34:00+00:00,33,1,42218,51.975,52.015,51.955,51.985,39,SIZ5
2025-11-26 13:35:00+00:00,33,1,42218,51.98,52.01,51.96,51.96,35,SIZ5
2025-11-26 13:36:00+00:00,33,1,42218,51.94,51.94,51.87,51.895,34,SIZ5
2025-11-26 13:37:00+00:00,33,1,42218,51.94,51.98,51.915,51.98,58,SIZ5
2025-11-26 13:38:00+00:00,33,1,42218,51.985,52.03,51.975,52.03,29,SIZ5
2025-11-26 13:39:00+00:00,33,1,42218,52.025,52.06,52.025,52.06,16,SIZ5
2025-11-26 13:40:00+00:00,33,1,42218,52.03,52.065,52.03,52.03,14,SIZ5
2025-11-26 13:41:00+00:00,33,1,42218,52.02,52.02,51.975,51.995,13,SIZ5
2025-11-26 13:42:00+00:00,33,1,42218,51.96,51.99,51.93,51.94,7,SIZ5
2025-11-26 13:43:00+00:00,33,1,42218,51.945,51.99,51.945,51.945,17,SIZ5
2025-11-26 13:44:00+00:00,33,1,42218,51.945,51.95,51.915,51.93,24,SIZ5
2025-11-26 13:45:00+00:00,33,1,42218,51.92,51.98,51.9,51.98,46,SIZ5
2025-11-26 13:46:00+00:00,33,1,42218,51.98,51.98,51.915,51.915,27,SIZ5
2025-11-26 13:47:00+00:00,33,1,42218,51.91,51.91,51.835,51.85,59,SIZ5
2025-11-26 13:48:00+00:00,33,1,42218,51.88,51.885,51.86,51.86,13,SIZ5
2025-11-26 13:49:00+00:00,33,1,42218,51.86,51.89,51.83,51.865,32,SIZ5
2025-11-26 13:50:00+00:00,33,1,42218,51.875,51.885,51.8,51.8,28,SIZ5
2025-11-26 13:51:00+00:00,33,1,42218,51.87,51.87,51.8,51.8,9,SIZ5
2025-11-26 13:52:00+00:00,33,1,42218,51.8,51.8,51.78,51.785,5,SIZ5
2025-11-26 13:53:00+00:00,33,1,42218,51.79,51.815,51.785,51.815,10,SIZ5
2025-11-26 13:54:00+00:00,33,1,42218,51.855,51.855,51.855,51.855,1,SIZ5
2025-11-26 13:55:00+00:00,33,1,42218,51.835,51.835,51.785,51.785,4,SIZ5
2025-11-26 13:56:00+00:00,33,1,42218,51.79,51.845,51.775,51.84,21,SIZ5
2025-11-26 13:57:00+00:00,33,1,42218,51.84,51.86,51.84,51.85,9,SIZ5
2025-11-26 13:58:00+00:00,33,1,42218,51.87,51.87,51.845,51.855,6,SIZ5
2025-11-26 13:59:00+00:00,33,1,42218,51.84,51.84,51.815,51.815,4,SIZ5
2025-11-26 14:00:00+00:00,33,1,42218,51.845,51.905,51.84,51.905,35,SIZ5
2025-11-26 14:01:00+00:00,33,1,42218,51.895,51.915,51.88,51.88,8,SIZ5
2025-11-26 14:02:00+00:00,33,1,42218,51.89,51.89,51.86,51.86,19,SIZ5
2025-11-26 14:03:00+00:00,33,1,42218,51.9,51.92,51.895,51.905,16,SIZ5
2025-11-26 14:04:00+00:00,33,1,42218,51.915,51.94,51.915,51.94,2,SIZ5
2025-11-26 14:05:00+00:00,33,1,42218,51.96,51.96,51.885,51.885,16,SIZ5
2025-11-26 14:06:00+00:00,33,1,42218,51.86,51.87,51.82,51.82,11,SIZ5
2025-11-26 14:07:00+00:00,33,1,42218,51.815,51.835,51.775,51.775,16,SIZ5
2025-11-26 14:08:00+00:00,33,1,42218,51.795,51.795,51.735,51.76,21,SIZ5
2025-11-26 14:09:00+00:00,33,1,42218,51.76,51.815,51.73,51.815,86,SIZ5
2025-11-26 14:10:00+00:00,33,1,42218,51.785,51.81,51.75,51.75,29,SIZ5
2025-11-26 14:11:00+00:00,33,1,42218,51.715,51.725,51.705,51.71,16,SIZ5
2025-11-26 14:12:00+00:00,33,1,42218,51.725,51.725,51.725,51.725,2,SIZ5
2025-11-26 14:13:00+00:00,33,1,42218,51.75,51.755,51.75,51.75,3,SIZ5
2025-11-26 14:14:00+00:00,33,1,42218,51.725,51.8,51.725,51.765,9,SIZ5
2025-11-26 14:15:00+00:00,33,1,42218,51.77,51.795,51.77,51.795,5,SIZ5
2025-11-26 14:16:00+00:00,33,1,42218,51.78,51.815,51.775,51.815,10,SIZ5
2025-11-26 14:17:00+00:00,33,1,42218,51.87,51.89,51.845,51.845,16,SIZ5
2025-11-26 14:18:00+00:00,33,1,42218,51.85,51.865,51.82,51.83,19,SIZ5
2025-11-26 14:19:00+00:00,33,1,42218,51.825,51.83,51.795,51.82,19,SIZ5
2025-11-26 14:20:00+00:00,33,1,42218,51.85,51.86,51.835,51.835,7,SIZ5
2025-11-26 14:21:00+00:00,33,1,42218,51.85,51.88,51.85,51.85,9,SIZ5
2025-11-26 14:22:00+00:00,33,1,42218,51.86,51.86,51.845,51.86,7,SIZ5
2025-11-26 14:23:00+00:00,33,1,42218,51.87,51.87,51.84,51.84,3,SIZ5
2025-11-26 14:24:00+00:00,33,1,42218,51.86,51.86,51.805,51.82,8,SIZ5
2025-11-26 14:25:00+00:00,33,1,42218,51.8,51.83,51.8,51.82,5,SIZ5
2025-11-26 14:26:00+00:00,33,1,42218,51.82,51.83,51.78,51.795,15,SIZ5
2025-11-26 14:27:00+00:00,33,1,42218,51.82,51.82,51.8,51.8,7,SIZ5
2025-11-26 14:28:00+00:00,33,1,42218,51.85,51.85,51.835,51.84,4,SIZ5
2025-11-26 14:29:00+00:00,33,1,42218,51.815,51.815,51.76,51.76,28,SIZ5
2025-11-26 14:30:00+00:00,33,1,42218,51.745,51.815,51.74,51.795,39,SIZ5
2025-11-26 14:31:00+00:00,33,1,42218,51.805,51.85,51.76,51.835,72,SIZ5
2025-11-26 14:32:00+00:00,33,1,42218,51.87,51.94,51.87,51.94,14,SIZ5
2025-11-26 14:33:00+00:00,33,1,42218,51.93,52.0,51.93,51.995,12,SIZ5
2025-11-26 14:34:00+00:00,33,1,42218,51.945,51.995,51.945,51.98,31,SIZ5
2025-11-26 14:35:00+00:00,33,1,42218,52.01,52.03,51.99,52.01,53,SIZ5
2025-11-26 14:36:00+00:00,33,1,42218,52.015,52.02,51.985,52.005,57,SIZ5
2025-11-26 14:37:00+00:00,33,1,42218,52.02,52.02,51.93,51.94,21,SIZ5
2025-11-26 14:39:00+00:00,33,1,42218,51.94,51.94,51.905,51.91,24,SIZ5
2025-11-26 14:40:00+00:00,33,1,42218,51.94,51.94,51.93,51.94,9,SIZ5
2025-11-26 14:41:00+00:00,33,1,42218,51.935,51.945,51.89,51.895,17,SIZ5
2025-11-26 14:42:00+00:00,33,1,42218,51.875,51.875,51.79,51.815,20,SIZ5
2025-11-26 14:43:00+00:00,33,1,42218,51.835,51.865,51.825,51.865,12,SIZ5
2025-11-26 14:44:00+00:00,33,1,42218,51.87,51.89,51.82,51.84,21,SIZ5
2025-11-26 14:45:00+00:00,33,1,42218,51.86,51.88,51.845,51.86,18,SIZ5
2025-11-26 14:46:00+00:00,33,1,42218,51.855,51.855,51.845,51.845,3,SIZ5
2025-11-26 14:47:00+00:00,33,1,42218,51.86,51.86,51.835,51.86,15,SIZ5
2025-11-26 14:48:00+00:00,33,1,42218,51.885,51.885,51.8,51.805,6,SIZ5
2025-11-26 14:49:00+00:00,33,1,42218,51.86,51.86,51.83,51.835,13,SIZ5
2025-11-26 14:50:00+00:00,33,1,42218,51.8,51.81,51.79,51.81,4,SIZ5
2025-11-26 14:51:00+00:00,33,1,42218,51.83,51.85,51.82,51.825,26,SIZ5
2025-11-26 14:52:00+00:00,33,1,42218,51.805,51.805,51.77,51.78,8,SIZ5
2025-11-26 14:53:00+00:00,33,1,42218,51.84,51.84,51.78,51.78,14,SIZ5
2025-11-26 14:54:00+00:00,33,1,42218,51.8,51.82,51.8,51.82,27,SIZ5
2025-11-26 14:55:00+00:00,33,1,42218,51.77,51.77,51.77,51.77,1,SIZ5
2025-11-26 14:56:00+00:00,33,1,42218,51.77,51.77,51.74,51.74,7,SIZ5
2025-11-26 14:57:00+00:00,33,1,42218,51.72,51.72,51.65,51.65,13,SIZ5
2025-11-26 14:58:00+00:00,33,1,42218,51.63,51.685,51.625,51.685,6,SIZ5
2025-11-26 14:59:00+00:00,33,1,42218,51.675,51.685,51.625,51.625,4,SIZ5
2025-11-26 15:00:00+00:00,33,1,42218,51.615,51.62,51.53,51.55,26,SIZ5
2025-11-26 15:01:00+00:00,33,1,42218,51.57,51.615,51.57,51.615,6,SIZ5
2025-11-26 15:02:00+00:00,33,1,42218,51.655,51.675,51.655,51.675,3,SIZ5
2025-11-26 15:03:00+00:00,33,1,42218,51.69,51.69,51.69,51.69,2,SIZ5
2025-11-26 15:04:00+00:00,33,1,42218,51.635,51.655,51.635,51.655,11,SIZ5
2025-11-26 15:05:00+00:00,33,1,42218,51.66,51.675,51.625,51.665,76,SIZ5
2025-11-26 15:06:00+00:00,33,1,42218,51.675,51.675,51.64,51.655,8,SIZ5
2025-11-26 15:07:00+00:00,33,1,42218,51.675,51.69,51.64,51.67,16,SIZ5
2025-11-26 15:08:00+00:00,33,1,42218,51.715,51.73,51.705,51.705,4,SIZ5
2025-11-26 15:09:00+00:00,33,1,42218,51.755,51.755,51.735,51.75,17,SIZ5
2025-11-26 15:10:00+00:00,33,1,42218,51.765,51.775,51.765,51.775,2,SIZ5
2025-11-26 15:11:00+00:00,33,1,42218,51.785,51.785,51.75,51.75,5,SIZ5
2025-11-26 15:12:00+00:00,33,1,42218,51.78,51.83,51.78,51.83,12,SIZ5
2025-11-26 15:13:00+00:00,33,1,42218,51.825,51.84,51.8,51.84,6,SIZ5
2025-11-26 15:14:00+00:00,33,1,42218,51.835,51.835,51.81,51.81,10,SIZ5
2025-11-26 15:16:00+00:00,33,1,42218,51.855,51.855,51.855,51.855,1,SIZ5
2025-11-26 15:17:00+00:00,33,1,42218,51.88,51.88,51.85,51.85,5,SIZ5
2025-11-26 15:19:00+00:00,33,1,42218,51.835,51.85,51.83,51.85,3,SIZ5
2025-11-26 15:20:00+00:00,33,1,42218,51.85,51.85,51.85,51.85,1,SIZ5
2025-11-26 15:21:00+00:00,33,1,42218,51.845,51.86,51.845,51.86,3,SIZ5
2025-11-26 15:22:00+00:00,33,1,42218,51.855,51.86,51.835,51.85,5,SIZ5
2025-11-26 15:23:00+00:00,33,1,42218,51.86,51.885,51.86,51.885,7,SIZ5
2025-11-26 15:24:00+00:00,33,1,42218,51.89,51.895,51.85,51.865,16,SIZ5
2025-11-26 15:30:00+00:00,33,1,42218,51.945,51.975,51.945,51.975,7,SIZ5
2025-11-26 15:31:00+00:00,33,1,42218,51.975,51.975,51.96,51.97,5,SIZ5
2025-11-26 15:32:00+00:00,33,1,42218,51.965,51.97,51.93,51.93,3,SIZ5
2025-11-26 15:33:00+00:00,33,1,42218,51.94,51.94,51.93,51.93,5,SIZ5
2025-11-26 15:34:00+00:00,33,1,42218,51.995,51.995,51.98,51.995,13,SIZ5
2025-11-26 15:35:00+00:00,33,1,42218,52.025,52.04,52.025,52.04,12,SIZ5
2025-11-26 15:37:00+00:00,33,1,42218,52.075,52.075,52.045,52.07,7,SIZ5
2025-11-26 15:38:00+00:00,33,1,42218,52.085,52.1,52.065,52.065,6,SIZ5
2025-11-26 15:39:00+00:00,33,1,42218,52.075,52.075,52.05,52.05,8,SIZ5
2025-11-26 15:40:00+00:00,33,1,42218,52.045,52.045,52.035,52.045,5,SIZ5
2025-11-26 15:41:00+00:00,33,1,42218,52.05,52.05,52.02,52.02,2,SIZ5
2025-11-26 15:42:00+00:00,33,1,42218,52.015,52.015,52.015,52.015,1,SIZ5
2025-11-26 15:43:00+00:00,33,1,42218,52.035,52.05,52.035,52.05,3,SIZ5
2025-11-26 15:44:00+00:00,33,1,42218,52.06,52.06,52.06,52.06,1,SIZ5
2025-11-26 15:45:00+00:00,33,1,42218,52.05,52.07,52.05,52.07,10,SIZ5
2025-11-26 15:46:00+00:00,33,1,42218,52.075,52.08,52.065,52.075,5,SIZ5
2025-11-26 15:47:00+00:00,33,1,42218,52.075,52.085,52.075,52.08,5,SIZ5
2025-11-26 15:49:00+00:00,33,1,42218,52.06,52.07,52.06,52.07,9,SIZ5
2025-11-26 15:50:00+00:00,33,1,42218,52.075,52.1,52.055,52.1,18,SIZ5
2025-11-26 15:53:00+00:00,33,1,42218,52.16,52.26,52.155,52.26,36,SIZ5
2025-11-26 15:54:00+00:00,33,1,42218,52.27,52.305,52.255,52.3,49,SIZ5
2025-11-26 15:55:00+00:00,33,1,42218,52.3,52.345,52.295,52.34,17,SIZ5
2025-11-26 15:56:00+00:00,33,1,42218,52.315,52.34,52.31,52.31,9,SIZ5
2025-11-26 15:57:00+00:00,33,1,42218,52.33,52.36,52.325,52.36,20,SIZ5
2025-11-26 15:58:00+00:00,33,1,42218,52.37,52.42,52.37,52.415,15,SIZ5
2025-11-26 15:59:00+00:00,33,1,42218,52.41,52.42,52.385,52.39,32,SIZ5
2025-11-26 16:00:00+00:00,33,1,42218,52.4,52.435,52.375,52.375,17,SIZ5
2025-11-26 16:01:00+00:00,33,1,42218,52.375,52.38,52.315,52.32,32,SIZ5
2025-11-26 16:02:00+00:00,33,1,42218,52.29,52.295,52.27,52.27,26,SIZ5
2025-11-26 16:03:00+00:00,33,1,42218,52.315,52.325,52.29,52.31,8,SIZ5
2025-11-26 16:04:00+00:00,33,1,42218,52.37,52.37,52.37,52.37,3,SIZ5
2025-11-26 16:05:00+00:00,33,1,42218,52.345,52.345,52.345,52.345,1,SIZ5
2025-11-26 16:06:00+00:00,33,1,42218,52.31,52.32,52.305,52.32,7,SIZ5
2025-11-26 16:07:00+00:00,33,1,42218,52.27,52.285,52.27,52.285,3,SIZ5
2025-11-26 16:08:00+00:00,33,1,42218,52.285,52.31,52.285,52.305,11,SIZ5
2025-11-26 16:09:00+00:00,33,1,42218,52.285,52.305,52.27,52.305,13,SIZ5
2025-11-26 16:10:00+00:00,33,1,42218,52.31,52.31,52.29,52.31,8,SIZ5
2025-11-26 16:11:00+00:00,33,1,42218,52.315,52.37,52.315,52.37,19,SIZ5
2025-11-26 16:12:00+00:00,33,1,42218,52.38,52.405,52.375,52.405,7,SIZ5
2025-11-26 16:13:00+00:00,33,1,42218,52.375,52.375,52.37,52.37,6,SIZ5
2025-11-26 16:14:00+00:00,33,1,42218,52.375,52.405,52.375,52.405,8,SIZ5
2025-11-26 16:15:00+00:00,33,1,42218,52.425,52.5,52.425,52.495,16,SIZ5
2025-11-26 16:16:00+00:00,33,1,42218,52.51,52.55,52.51,52.55,4,SIZ5
2025-11-26 16:17:00+00:00,33,1,42218,52.53,52.57,52.53,52.57,5,SIZ5
2025-11-26 16:18:00+00:00,33,1,42218,52.605,52.62,52.57,52.575,14,SIZ5
2025-11-26 16:19:00+00:00,33,1,42218,52.525,52.525,52.525,52.525,1,SIZ5
2025-11-26 16:20:00+00:00,33,1,42218,52.585,52.585,52.565,52.575,4,SIZ5
2025-11-26 16:21:00+00:00,33,1,42218,52.545,52.555,52.515,52.515,7,SIZ5
2025-11-26 16:22:00+00:00,33,1,42218,52.525,52.525,52.51,52.51,2,SIZ5
2025-11-26 16:23:00+00:00,33,1,42218,52.51,52.525,52.51,52.515,5,SIZ5
2025-11-26 16:24:00+00:00,33,1,42218,52.54,52.54,52.53,52.53,3,SIZ5
2025-11-26 16:25:00+00:00,33,1,42218,52.495,52.495,52.49,52.49,2,SIZ5
2025-11-26 16:26:00+00:00,33,1,42218,52.485,52.485,52.45,52.45,11,SIZ5
2025-11-26 16:27:00+00:00,33,1,42218,52.435,52.465,52.435,52.465,13,SIZ5
2025-11-26 16:28:00+00:00,33,1,42218,52.485,52.485,52.47,52.475,5,SIZ5
2025-11-26 16:29:00+00:00,33,1,42218,52.48,52.48,52.45,52.45,10,SIZ5
2025-11-26 16:30:00+00:00,33,1,42218,52.47,52.51,52.47,52.51,3,SIZ5
2025-11-26 16:31:00+00:00,33,1,42218,52.51,52.545,52.51,52.545,3,SIZ5
2025-11-26 16:33:00+00:00,33,1,42218,52.525,52.565,52.525,52.55,9,SIZ5
2025-11-26 16:34:00+00:00,33,1,42218,52.56,52.56,52.54,52.54,8,SIZ5
2025-11-26 16:35:00+00:00,33,1,42218,52.57,52.57,52.55,52.55,4,SIZ5
2025-11-26 16:36:00+00:00,33,1,42218,52.57,52.57,52.54,52.54,8,SIZ5
2025-11-26 16:37:00+00:00,33,1,42218,52.525,52.555,52.525,52.555,3,SIZ5
2025-11-26 16:38:00+00:00,33,1,42218,52.555,52.555,52.555,52.555,2,SIZ5
2025-11-26 16:39:00+00:00,33,1,42218,52.56,52.575,52.56,52.575,2,SIZ5
2025-11-26 16:40:00+00:00,33,1,42218,52.6,52.64,52.6,52.64,3,SIZ5
2025-11-26 16:41:00+00:00,33,1,42218,52.605,52.605,52.605,52.605,1,SIZ5
2025-11-26 16:44:00+00:00,33,1,42218,52.66,52.66,52.64,52.64,2,SIZ5
2025-11-26 16:45:00+00:00,33,1,42218,52.67,52.67,52.655,52.655,2,SIZ5
2025-11-26 16:46:00+00:00,33,1,42218,52.67,52.7,52.65,52.7,39,SIZ5
2025-11-26 16:47:00+00:00,33,1,42218,52.7,52.75,52.7,52.745,31,SIZ5
2025-11-26 16:48:00+00:00,33,1,42218,52.745,52.75,52.715,52.715,15,SIZ5
2025-11-26 16:49:00+00:00,33,1,42218,52.695,52.695,52.65,52.65,7,SIZ5
2025-11-26 16:50:00+00:00,33,1,42218,52.64,52.675,52.635,52.635,16,SIZ5
2025-11-26 16:51:00+00:00,33,1,42218,52.65,52.65,52.625,52.625,10,SIZ5
2025-11-26 16:52:00+00:00,33,1,42218,52.65,52.655,52.65,52.655,6,SIZ5
2025-11-26 16:53:00+00:00,33,1,42218,52.655,52.655,52.655,52.655,5,SIZ5
2025-11-26 16:54:00+00:00,33,1,42218,52.635,52.635,52.615,52.635,7,SIZ5
2025-11-26 16:56:00+00:00,33,1,42218,52.62,52.67,52.62,52.67,10,SIZ5
2025-11-26 16:57:00+00:00,33,1,42218,52.725,52.725,52.715,52.715,3,SIZ5
2025-11-26 16:58:00+00:00,33,1,42218,52.7,52.7,52.7,52.7,1,SIZ5
2025-11-26 17:01:00+00:00,33,1,42218,52.73,52.735,52.715,52.715,8,SIZ5
2025-11-26 17:03:00+00:00,33,1,42218,52.71,52.715,52.71,52.715,2,SIZ5
2025-11-26 17:05:00+00:00,33,1,42218,52.685,52.685,52.645,52.675,20,SIZ5
2025-11-26 17:06:00+00:00,33,1,42218,52.685,52.71,52.685,52.7,7,SIZ5
2025-11-26 17:07:00+00:00,33,1,42218,52.695,52.695,52.695,52.695,1,SIZ5
2025-11-26 17:08:00+00:00,33,1,42218,52.66,52.66,52.66,52.66,2,SIZ5
2025-11-26 17:09:00+00:00,33,1,42218,52.645,52.645,52.645,52.645,1,SIZ5
2025-11-26 17:14:00+00:00,33,1,42218,52.62,52.63,52.58,52.595,7,SIZ5
2025-11-26 17:22:00+00:00,33,1,42218,52.69,52.69,52.69,52.69,1,SIZ5
2025-11-26 17:23:00+00:00,33,1,42218,52.705,52.71,52.705,52.71,3,SIZ5
2025-11-26 17:24:00+00:00,33,1,42218,52.705,52.715,52.705,52.715,5,SIZ5
2025-11-26 17:25:00+00:00,33,1,42218,52.72,52.72,52.72,52.72,1,SIZ5
2025-11-26 17:26:00+00:00,33,1,42218,52.695,52.695,52.685,52.685,6,SIZ5
2025-11-26 17:27:00+00:00,33,1,42218,52.68,52.68,52.68,52.68,1,SIZ5
2025-11-26 17:28:00+00:00,33,1,42218,52.65,52.675,52.65,52.675,2,SIZ5
2025-11-26 17:30:00+00:00,33,1,42218,52.69,52.69,52.69,52.69,1,SIZ5
2025-11-26 17:36:00+00:00,33,1,42218,52.645,52.66,52.63,52.63,5,SIZ5
2025-11-26 17:39:00+00:00,33,1,42218,52.63,52.63,52.63,52.63,1,SIZ5
2025-11-26 17:40:00+00:00,33,1,42218,52.69,52.69,52.69,52.69,1,SIZ5
2025-11-26 17:43:00+00:00,33,1,42218,52.725,52.725,52.725,52.725,2,SIZ5
2025-11-26 17:45:00+00:00,33,1,42218,52.77,52.77,52.77,52.77,4,SIZ5
2025-11-26 17:46:00+00:00,33,1,42218,52.76,52.865,52.76,52.82,9,SIZ5
2025-11-26 17:47:00+00:00,33,1,42218,52.815,52.83,52.815,52.83,3,SIZ5
2025-11-26 17:48:00+00:00,33,1,42218,52.845,52.845,52.805,52.805,2,SIZ5
2025-11-26 17:49:00+00:00,33,1,42218,52.795,52.795,52.795,52.795,1,SIZ5
2025-11-26 17:51:00+00:00,33,1,42218,52.745,52.745,52.745,52.745,1,SIZ5
2025-11-26 17:53:00+00:00,33,1,42218,52.79,52.79,52.77,52.77,4,SIZ5
2025-11-26 17:54:00+00:00,33,1,42218,52.79,52.805,52.79,52.805,4,SIZ5
2025-11-26 17:55:00+00:00,33,1,42218,52.78,52.78,52.78,52.78,1,SIZ5
2025-11-26 17:58:00+00:00,33,1,42218,52.82,52.82,52.82,52.82,1,SIZ5
2025-11-26 18:00:00+00:00,33,1,42218,52.83,52.845,52.83,52.845,22,SIZ5
2025-11-26 18:01:00+00:00,33,1,42218,52.87,52.875,52.845,52.875,16,SIZ5
2025-11-26 18:02:00+00:00,33,1,42218,52.855,52.885,52.855,52.885,4,SIZ5
2025-11-26 18:03:00+00:00,33,1,42218,52.88,52.88,52.88,52.88,1,SIZ5
2025-11-26 18:04:00+00:00,33,1,42218,52.92,52.925,52.885,52.885,11,SIZ5
2025-11-26 18:06:00+00:00,33,1,42218,52.91,52.91,52.91,52.91,2,SIZ5
2025-11-26 18:09:00+00:00,33,1,42218,52.945,52.945,52.87,52.87,12,SIZ5
2025-11-26 18:10:00+00:00,33,1,42218,52.86,52.895,52.855,52.895,3,SIZ5
2025-11-26 18:11:00+00:00,33,1,42218,52.92,52.92,52.92,52.92,1,SIZ5
2025-11-26 18:12:00+00:00,33,1,42218,52.935,52.96,52.935,52.96,3,SIZ5
2025-11-26 18:13:00+00:00,33,1,42218,52.96,52.98,52.96,52.98,9,SIZ5
2025-11-26 18:14:00+00:00,33,1,42218,52.975,52.975,52.975,52.975,1,SIZ5
2025-11-26 18:15:00+00:00,33,1,42218,52.99,52.99,52.99,52.99,1,SIZ5
2025-11-26 18:18:00+00:00,33,1,42218,52.97,52.97,52.97,52.97,1,SIZ5
2025-11-26 18:20:00+00:00,33,1,42218,52.955,52.955,52.945,52.945,3,SIZ5
2025-11-26 18:21:00+00:00,33,1,42218,52.96,52.96,52.96,52.96,1,SIZ5
2025-11-26 18:22:00+00:00,33,1,42218,52.97,52.97,52.965,52.965,15,SIZ5
2025-11-26 18:23:00+00:00,33,1,42218,52.94,52.97,52.94,52.95,18,SIZ5
2025-11-26 18:24:00+00:00,33,1,42218,52.915,52.94,52.865,52.865,21,SIZ5
2025-11-26 18:26:00+00:00,33,1,42218,52.9,52.9,52.9,52.9,3,SIZ5
2025-11-26 18:27:00+00:00,33,1,42218,52.88,52.88,52.85,52.85,9,SIZ5
2025-11-26 18:28:00+00:00,33,1,42218,52.9,52.9,52.9,52.9,1,SIZ5
2025-11-26 18:29:00+00:00,33,1,42218,52.895,52.895,52.875,52.875,5,SIZ5
2025-11-26 18:30:00+00:00,33,1,42218,52.84,52.85,52.83,52.845,9,SIZ5
2025-11-26 18:31:00+00:00,33,1,42218,52.83,52.855,52.83,52.845,4,SIZ5
2025-11-26 18:32:00+00:00,33,1,42218,52.83,52.83,52.83,52.83,1,SIZ5
2025-11-26 18:33:00+00:00,33,1,42218,52.78,52.785,52.755,52.785,10,SIZ5
2025-11-26 18:38:00+00:00,33,1,42218,52.765,52.765,52.765,52.765,1,SIZ5
2025-11-26 18:48:00+00:00,33,1,42218,52.825,52.825,52.825,52.825,1,SIZ5
2025-11-26 18:56:00+00:00,33,1,42218,52.905,52.905,52.905,52.905,2,SIZ5
2025-11-26 18:57:00+00:00,33,1,42218,52.9,52.9,52.9,52.9,3,SIZ5
2025-11-26 19:04:00+00:00,33,1,42218,52.975,52.98,52.97,52.97,9,SIZ5
2025-11-26 19:08:00+00:00,33,1,42218,52.94,52.94,52.93,52.93,6,SIZ5
2025-11-26 19:09:00+00:00,33,1,42218,52.97,52.97,52.95,52.95,4,SIZ5
2025-11-26 19:10:00+00:00,33,1,42218,52.985,52.985,52.965,52.965,3,SIZ5
2025-11-26 19:13:00+00:00,33,1,42218,52.95,52.965,52.95,52.965,2,SIZ5
2025-11-26 19:14:00+00:00,33,1,42218,52.97,52.97,52.97,52.97,1,SIZ5
2025-11-26 19:15:00+00:00,33,1,42218,52.98,52.98,52.98,52.98,2,SIZ5
2025-11-26 19:16:00+00:00,33,1,42218,52.975,53.01,52.975,53.01,5,SIZ5
2025-11-26 19:20:00+00:00,33,1,42218,53.035,53.035,53.035,53.035,1,SIZ5
2025-11-26 19:22:00+00:00,33,1,42218,53.045,53.055,53.045,53.055,10,SIZ5
2025-11-26 19:24:00+00:00,33,1,42218,53.025,53.025,53.025,53.025,1,SIZ5
2025-11-26 19:25:00+00:00,33,1,42218,53.015,53.015,53.01,53.01,11,SIZ5
2025-11-26 19:26:00+00:00,33,1,42218,53.015,53.035,53.015,53.035,13,SIZ5
2025-11-26 19:32:00+00:00,33,1,42218,53.0,53.0,53.0,53.0,4,SIZ5
2025-11-26 19:33:00+00:00,33,1,42218,53.01,53.01,53.005,53.005,2,SIZ5
2025-11-26 19:34:00+00:00,33,1,42218,53.015,53.015,53.015,53.015,1,SIZ5
2025-11-26 19:37:00+00:00,33,1,42218,52.995,52.995,52.98,52.98,2,SIZ5
2025-11-26 19:42:00+00:00,33,1,42218,52.995,53.005,52.985,52.995,27,SIZ5
2025-11-26 19:50:00+00:00,33,1,42218,53.08,53.08,53.08,53.08,1,SIZ5
2025-11-26 19:52:00+00:00,33,1,42218,53.07,53.07,53.07,53.07,3,SIZ5
2025-11-26 19:58:00+00:00,33,1,42218,53.01,53.02,53.005,53.005,5,SIZ5
2025-11-26 19:59:00+00:00,33,1,42218,53.03,53.03,53.03,53.03,1,SIZ5
2025-11-26 20:06:00+00:00,33,1,42218,52.97,52.97,52.965,52.965,10,SIZ5
2025-11-26 20:18:00+00:00,33,1,42218,53.04,53.045,53.04,53.045,2,SIZ5
2025-11-26 20:20:00+00:00,33,1,42218,53.015,53.015,53.015,53.015,20,SIZ5
2025-11-26 20:30:00+00:00,33,1,42218,53.03,53.065,53.015,53.055,18,SIZ5
2025-11-26 20:31:00+00:00,33,1,42218,53.06,53.07,53.045,53.045,13,SIZ5
2025-11-26 20:32:00+00:00,33,1,42218,53.045,53.055,53.03,53.055,13,SIZ5
2025-11-26 20:33:00+00:00,33,1,42218,53.05,53.06,53.015,53.05,16,SIZ5
2025-11-26 20:34:00+00:00,33,1,42218,53.055,53.085,53.05,53.075,24,SIZ5
2025-11-26 20:35:00+00:00,33,1,42218,53.085,53.095,53.085,53.095,13,SIZ5
2025-11-26 20:39:00+00:00,33,1,42218,53.06,53.06,53.06,53.06,3,SIZ5
2025-11-26 20:48:00+00:00,33,1,42218,52.98,52.98,52.98,52.98,1,SIZ5
2025-11-26 20:49:00+00:00,33,1,42218,52.96,52.96,52.96,52.96,1,SIZ5
2025-11-26 20:51:00+00:00,33,1,42218,52.925,52.925,52.925,52.925,1,SIZ5
2025-11-26 20:56:00+00:00,33,1,42218,52.985,52.99,52.985,52.99,10,SIZ5
2025-11-26 21:04:00+00:00,33,1,42218,52.98,52.98,52.975,52.975,5,SIZ5
2025-11-26 21:20:00+00:00,33,1,42218,52.93,52.93,52.895,52.895,4,SIZ5
2025-11-26 21:30:00+00:00,33,1,42218,52.91,52.91,52.91,52.91,2,SIZ5
2025-11-26 21:33:00+00:00,33,1,42218,52.92,52.92,52.92,52.92,1,SIZ5
2025-11-26 21:45:00+00:00,33,1,42218,53.0,53.0,52.985,52.985,7,SIZ5
2025-11-26 21:53:00+00:00,33,1,42218,53.075,53.075,53.075,53.075,2,SIZ5
2025-11-26 21:55:00+00:00,33,1,42218,53.075,53.075,53.05,53.05,2,SIZ5
2025-11-26 21:59:00+00:00,33,1,42218,53.05,53.05,53.05,53.05,3,SIZ5
2025-11-26 23:01:00+00:00,33,1,42218,53.075,53.075,53.075,53.075,1,SIZ5
2025-11-26 23:52:00+00:00,33,1,42218,53.15,53.17,53.15,53.17,2,SIZ5
2025-11-26 23:53:00+00:00,33,1,42218,53.165,53.165,53.165,53.165,2,SIZ5
2025-11-27 00:11:00+00:00,33,1,42218,53.105,53.105,53.105,53.105,1,SIZ5
2025-11-27 00:59:00+00:00,33,1,42218,53.125,53.125,53.125,53.125,1,SIZ5
2025-11-27 01:00:00+00:00,33,1,42218,53.135,53.135,53.07,53.07,2,SIZ5
2025-11-27 01:22:00+00:00,33,1,42218,52.7,52.7,52.7,52.7,1,SIZ5
2025-11-27 01:45:00+00:00,33,1,42218,52.68,52.68,52.68,52.68,1,SIZ5
2025-11-27 01:46:00+00:00,33,1,42218,52.73,52.765,52.73,52.765,2,SIZ5
2025-11-27 03:01:00+00:00,33,1,42218,52.67,52.67,52.67,52.67,1,SIZ5
2025-11-27 03:10:00+00:00,33,1,42218,52.55,52.55,52.55,52.55,1,SIZ5
2025-11-27 03:27:00+00:00,33,1,42218,52.64,52.64,52.64,52.64,1,SIZ5
2025-11-27 03:30:00+00:00,33,1,42218,52.62,52.62,52.62,52.62,1,SIZ5
2025-11-27 05:53:00+00:00,33,1,42218,52.725,52.725,52.705,52.705,6,SIZ5
2025-11-27 05:54:00+00:00,33,1,42218,52.705,52.715,52.705,52.715,2,SIZ5
2025-11-27 05:55:00+00:00,33,1,42218,52.735,52.735,52.72,52.72,4,SIZ5
2025-11-27 05:56:00+00:00,33,1,42218,52.72,52.72,52.71,52.71,4,SIZ5
2025-11-27 05:57:00+00:00,33,1,42218,52.745,52.745,52.745,52.745,2,SIZ5
2025-11-27 05:58:00+00:00,33,1,42218,52.79,52.79,52.79,52.79,2,SIZ5
2025-11-27 05:59:00+00:00,33,1,42218,52.815,52.815,52.765,52.765,6,SIZ5
2025-11-27 06:00:00+00:00,33,1,42218,52.785,52.785,52.78,52.78,3,SIZ5
2025-11-27 06:01:00+00:00,33,1,42218,52.815,52.815,52.815,52.815,1,SIZ5
2025-11-27 06:02:00+00:00,33,1,42218,52.8,52.8,52.79,52.79,2,SIZ5
2025-11-27 06:03:00+00:00,33,1,42218,52.78,52.78,52.78,52.78,1,SIZ5
2025-11-27 06:04:00+00:00,33,1,42218,52.77,52.77,52.77,52.77,2,SIZ5
2025-11-27 06:09:00+00:00,33,1,42218,52.855,52.855,52.855,52.855,2,SIZ5
2025-11-27 06:10:00+00:00,33,1,42218,52.855,52.855,52.845,52.845,3,SIZ5
2025-11-27 06:11:00+00:00,33,1,42218,52.855,52.855,52.855,52.855,2,SIZ5
2025-11-27 06:12:00+00:00,33,1,42218,52.87,52.875,52.87,52.875,4,SIZ5
2025-11-27 06:14:00+00:00,33,1,42218,52.9,52.9,52.9,52.9,1,SIZ5
2025-11-27 06:15:00+00:00,33,1,42218,52.895,52.9,52.895,52.895,5,SIZ5
2025-11-27 06:16:00+00:00,33,1,42218,52.885,52.885,52.875,52.875,3,SIZ5
2025-11-27 06:18:00+00:00,33,1,42218,52.875,52.875,52.875,52.875,2,SIZ5
2025-11-27 06:19:00+00:00,33,1,42218,52.935,52.935,52.93,52.93,3,SIZ5
2025-11-27 06:20:00+00:00,33,1,42218,52.975,52.975,52.97,52.97,3,SIZ5
2025-11-27 06:21:00+00:00,33,1,42218,52.975,52.975,52.975,52.975,2,SIZ5
2025-11-27 06:22:00+00:00,33,1,42218,53.005,53.015,53.005,53.015,3,SIZ5
2025-11-27 06:24:00+00:00,33,1,42218,53.025,53.04,53.025,53.04,8,SIZ5
2025-11-27 06:25:00+00:00,33,1,42218,53.015,53.015,52.985,52.985,6,SIZ5
2025-11-27 06:26:00+00:00,33,1,42218,52.99,52.99,52.98,52.985,3,SIZ5
2025-11-27 06:33:00+00:00,33,1,42218,53.055,53.085,53.055,53.085,5,SIZ5
2025-11-27 06:34:00+00:00,33,1,42218,53.085,53.085,53.085,53.085,2,SIZ5
2025-11-27 06:35:00+00:00,33,1,42218,53.025,53.025,53.025,53.025,3,SIZ5
2025-11-27 06:36:00+00:00,33,1,42218,53.065,53.105,53.065,53.105,5,SIZ5
2025-11-27 06:37:00+00:00,33,1,42218,53.12,53.12,53.095,53.105,15,SIZ5
2025-11-27 06:38:00+00:00,33,1,42218,53.07,53.125,53.07,53.12,6,SIZ5
2025-11-27 06:56:00+00:00,33,1,42218,53.305,53.305,53.27,53.275,5,SIZ5
2025-11-27 06:57:00+00:00,33,1,42218,53.255,53.255,53.255,53.255,2,SIZ5
2025-11-27 06:58:00+00:00,33,1,42218,53.225,53.225,53.225,53.225,2,SIZ5
2025-11-27 06:59:00+00:00,33,1,42218,53.26,53.26,53.26,53.26,2,SIZ5
2025-11-27 07:00:00+00:00,33,1,42218,53.245,53.25,53.245,53.25,4,SIZ5
2025-11-27 07:01:00+00:00,33,1,42218,53.32,53.32,53.315,53.32,4,SIZ5
2025-11-27 07:02:00+00:00,33,1,42218,53.29,53.29,53.275,53.275,2,SIZ5
2025-11-27 07:03:00+00:00,33,1,42218,53.24,53.275,53.24,53.275,4,SIZ5
2025-11-27 07:04:00+00:00,33,1,42218,53.3,53.3,53.3,53.3,1,SIZ5
2025-11-27 07:07:00+00:00,33,1,42218,53.29,53.29,53.285,53.29,3,SIZ5
2025-11-27 07:08:00+00:00,33,1,42218,53.28,53.32,53.28,53.305,8,SIZ5
2025-11-27 07:09:00+00:00,33,1,42218,53.305,53.305,53.305,53.305,2,SIZ5
2025-11-27 07:11:00+00:00,33,1,42218,53.295,53.3,53.29,53.29,6,SIZ5
2025-11-27 07:12:00+00:00,33,1,42218,53.29,53.335,53.29,53.335,6,SIZ5
2025-11-27 07:13:00+00:00,33,1,42218,53.365,53.38,53.36,53.38,5,SIZ5
2025-11-27 07:14:00+00:00,33,1,42218,53.375,53.45,53.375,53.41,20,SIZ5
2025-11-27 07:15:00+00:00,33,1,42218,53.435,53.445,53.425,53.425,5,SIZ5
2025-11-27 07:16:00+00:00,33,1,42218,53.42,53.45,53.42,53.45,5,SIZ5
2025-11-27 07:17:00+00:00,33,1,42218,53.395,53.52,53.395,53.52,5,SIZ5
2025-11-27 07:20:00+00:00,33,1,42218,53.44,53.49,53.44,53.49,4,SIZ5
2025-11-27 07:21:00+00:00,33,1,42218,53.51,53.54,53.495,53.54,4,SIZ5
2025-11-27 07:22:00+00:00,33,1,42218,53.53,53.53,53.505,53.505,4,SIZ5
2025-11-27 07:24:00+00:00,33,1,42218,53.535,53.56,53.52,53.54,8,SIZ5
2025-11-27 07:25:00+00:00,33,1,42218,53.525,53.525,53.525,53.525,2,SIZ5
2025-11-27 07:26:00+00:00,33,1,42218,53.605,53.625,53.605,53.625,4,SIZ5
2025-11-27 07:27:00+00:00,33,1,42218,53.655,53.655,53.655,53.655,2,SIZ5
2025-11-27 07:28:00+00:00,33,1,42218,53.67,53.68,53.67,53.68,4,SIZ5
2025-11-27 07:29:00+00:00,33,1,42218,53.67,53.67,53.67,53.67,2,SIZ5
2025-11-27 07:30:00+00:00,33,1,42218,53.635,53.635,53.6,53.6,7,SIZ5
2025-11-27 07:31:00+00:00,33,1,42218,53.58,53.58,53.535,53.535,8,SIZ5
2025-11-27 07:33:00+00:00,33,1,42218,53.625,53.625,53.625,53.625,2,SIZ5
2025-11-27 07:35:00+00:00,33,1,42218,53.56,53.62,53.56,53.62,6,SIZ5
2025-11-27 07:37:00+00:00,33,1,42218,53.645,53.645,53.645,53.645,2,SIZ5
2025-11-27 07:38:00+00:00,33,1,42218,53.615,53.615,53.615,53.615,2,SIZ5
2025-11-27 07:41:00+00:00,33,1,42218,53.64,53.64,53.635,53.635,6,SIZ5
2025-11-27 07:42:00+00:00,33,1,42218,53.6,53.6,53.6,53.6,2,SIZ5
2025-11-27 07:45:00+00:00,33,1,42218,53.455,53.455,53.455,53.455,2,SIZ5
2025-11-27 07:53:00+00:00,33,1,42218,53.51,53.56,53.51,53.56,6,SIZ5
2025-11-27 07:56:00+00:00,33,1,42218,53.545,53.56,53.545,53.55,14,SIZ5
2025-11-27 07:57:00+00:00,33,1,42218,53.605,53.605,53.605,53.605,2,SIZ5
2025-11-27 07:58:00+00:00,33,1,42218,53.55,53.565,53.54,53.55,11,SIZ5
2025-11-27 07:59:00+00:00,33,1,42218,53.555,53.555,53.555,53.555,2,SIZ5
2025-11-27 08:00:00+00:00,33,1,42218,53.555,53.555,53.545,53.545,4,SIZ5
2025-11-27 08:01:00+00:00,33,1,42218,53.635,53.67,53.635,53.67,5,SIZ5
2025-11-27 08:02:00+00:00,33,1,42218,53.66,53.66,53.66,53.66,2,SIZ5
2025-11-27 08:03:00+00:00,33,1,42218,53.665,53.665,53.665,53.665,2,SIZ5
2025-11-27 08:04:00+00:00,33,1,42218,53.605,53.67,53.605,53.67,5,SIZ5
2025-11-27 08:08:00+00:00,33,1,42218,53.625,53.625,53.53,53.53,5,SIZ5
2025-11-27 08:10:00+00:00,33,1,42218,53.53,53.53,53.53,53.53,1,SIZ5
2025-11-27 08:11:00+00:00,33,1,42218,53.53,53.54,53.525,53.54,6,SIZ5
2025-11-27 08:12:00+00:00,33,1,42218,53.54,53.54,53.525,53.525,4,SIZ5
2025-11-27 08:17:00+00:00,33,1,42218,53.57,53.57,53.57,53.57,2,SIZ5
2025-11-27 08:19:00+00:00,33,1,42218,53.55,53.55,53.55,53.55,2,SIZ5
2025-11-27 08:30:00+00:00,33,1,42218,53.64,53.665,53.64,53.665,5,SIZ5
2025-11-27 08:31:00+00:00,33,1,42218,53.675,53.675,53.675,53.675,2,SIZ5
2025-11-27 08:39:00+00:00,33,1,42218,53.66,53.66,53.66,53.66,1,SIZ5
2025-11-27 08:42:00+00:00,33,1,42218,53.645,53.645,53.645,53.645,1,SIZ5
2025-11-27 08:50:00+00:00,33,1,42218,53.645,53.645,53.645,53.645,2,SIZ5
2025-11-27 08:55:00+00:00,33,1,42218,53.645,53.645,53.645,53.645,1,SIZ5
2025-11-27 08:56:00+00:00,33,1,42218,53.615,53.615,53.615,53.615,1,SIZ5
2025-11-27 09:01:00+00:00,33,1,42218,53.625,53.63,53.625,53.63,6,SIZ5
2025-11-27 09:02:00+00:00,33,1,42218,53.56,53.56,53.535,53.535,5,SIZ5
2025-11-27 09:03:00+00:00,33,1,42218,53.49,53.535,53.49,53.535,5,SIZ5
2025-11-27 09:04:00+00:00,33,1,42218,53.575,53.575,53.575,53.575,2,SIZ5
2025-11-27 09:12:00+00:00,33,1,42218,53.415,53.415,53.415,53.415,2,SIZ5
2025-11-27 09:13:00+00:00,33,1,42218,53.445,53.445,53.445,53.445,2,SIZ5
2025-11-27 09:15:00+00:00,33,1,42218,53.49,53.525,53.49,53.525,6,SIZ5
2025-11-27 09:16:00+00:00,33,1,42218,53.535,53.54,53.525,53.535,9,SIZ5
2025-11-27 09:20:00+00:00,33,1,42218,53.255,53.255,53.245,53.245,7,SIZ5
2025-11-27 09:22:00+00:00,33,1,42218,53.23,53.23,53.23,53.23,2,SIZ5
2025-11-27 09:23:00+00:00,33,1,42218,53.115,53.115,53.115,53.115,2,SIZ5
2025-11-27 09:24:00+00:00,33,1,42218,53.17,53.17,53.17,53.17,2,SIZ5
2025-11-27 09:26:00+00:00,33,1,42218,53.18,53.18,53.18,53.18,2,SIZ5
2025-11-27 09:30:00+00:00,33,1,42218,53.245,53.245,53.245,53.245,3,SIZ5
2025-11-27 09:31:00+00:00,33,1,42218,53.245,53.245,53.245,53.245,2,SIZ5
2025-11-27 09:32:00+00:00,33,1,42218,53.26,53.31,53.26,53.29,9,SIZ5
2025-11-27 09:34:00+00:00,33,1,42218,53.26,53.26,53.26,53.26,2,SIZ5
2025-11-27 09:35:00+00:00,33,1,42218,53.245,53.245,53.245,53.245,5,SIZ5
2025-11-27 09:41:00+00:00,33,1,42218,53.25,53.25,53.25,53.25,2,SIZ5
2025-11-27 09:42:00+00:00,33,1,42218,53.32,53.32,53.315,53.315,2,SIZ5
2025-11-27 09:45:00+00:00,33,1,42218,53.33,53.33,53.325,53.325,2,SIZ5
2025-11-27 09:51:00+00:00,33,1,42218,53.26,53.26,53.26,53.26,2,SIZ5
2025-11-27 09:52:00+00:00,33,1,42218,53.28,53.28,53.28,53.28,3,SIZ5
2025-11-27 09:54:00+00:00,33,1,42218,53.28,53.28,53.28,53.28,2,SIZ5
2025-11-27 09:55:00+00:00,33,1,42218,53.275,53.275,53.275,53.275,2,SIZ5
2025-11-27 09:56:00+00:00,33,1,42218,53.275,53.275,53.265,53.265,4,SIZ5
2025-11-27 09:58:00+00:00,33,1,42218,53.275,53.275,53.22,53.22,5,SIZ5
2025-11-27 10:01:00+00:00,33,1,42218,53.17,53.17,53.17,53.17,2,SIZ5
2025-11-27 10:02:00+00:00,33,1,42218,53.075,53.075,53.07,53.07,2,SIZ5
2025-11-27 10:05:00+00:00,33,1,42218,53.115,53.115,53.115,53.115,2,SIZ5
2025-11-27 10:06:00+00:00,33,1,42218,53.165,53.165,53.155,53.155,2,SIZ5
2025-11-27 10:08:00+00:00,33,1,42218,53.165,53.165,53.165,53.165,2,SIZ5
2025-11-27 10:09:00+00:00,33,1,42218,53.155,53.155,53.11,53.11,6,SIZ5
2025-11-27 10:10:00+00:00,33,1,42218,53.105,53.105,53.07,53.07,7,SIZ5
2025-11-27 10:11:00+00:00,33,1,42218,53.075,53.08,53.05,53.06,10,SIZ5
2025-11-27 10:12:00+00:00,33,1,42218,53.03,53.07,53.025,53.055,9,SIZ5
2025-11-27 10:13:00+00:00,33,1,42218,53.055,53.055,53.055,53.055,2,SIZ5
2025-11-27 10:14:00+00:00,33,1,42218,53.075,53.08,53.06,53.06,10,SIZ5
2025-11-27 10:15:00+00:00,33,1,42218,53.02,53.03,53.02,53.03,4,SIZ5
2025-11-27 10:17:00+00:00,33,1,42218,53.075,53.075,53.075,53.075,2,SIZ5
2025-11-27 10:22:00+00:00,33,1,42218,53.05,53.05,53.05,53.05,2,SIZ5
2025-11-27 10:23:00+00:00,33,1,42218,53.03,53.03,53.03,53.03,1,SIZ5
2025-11-27 10:53:00+00:00,33,1,42218,53.08,53.08,53.08,53.08,2,SIZ5
2025-11-27 10:55:00+00:00,33,1,42218,53.12,53.12,53.12,53.12,15,SIZ5
2025-11-27 11:25:00+00:00,33,1,42218,53.02,53.02,53.02,53.02,1,SIZ5
2025-11-27 11:33:00+00:00,33,1,42218,53.05,53.05,53.05,53.05,3,SIZ5
2025-11-27 11:34:00+00:00,33,1,42218,53.08,53.08,53.08,53.08,2,SIZ5
2025-11-27 11:35:00+00:00,33,1,42218,53.1,53.1,53.1,53.1,1,SIZ5
2025-11-27 11:39:00+00:00,33,1,42218,53.135,53.135,53.135,53.135,1,SIZ5
2025-11-27 11:40:00+00:00,33,1,42218,53.175,53.175,53.175,53.175,3,SIZ5
2025-11-27 11:41:00+00:00,33,1,42218,53.175,53.175,53.175,53.175,6,SIZ5
2025-11-27 11:42:00+00:00,33,1,42218,53.175,53.175,53.175,53.175,21,SIZ5
2025-11-27 12:34:00+00:00,33,1,42218,53.22,53.22,53.22,53.22,2,SIZ5
2025-11-27 13:03:00+00:00,33,1,42218,52.955,52.955,52.955,52.955,2,SIZ5
2025-11-27 13:07:00+00:00,33,1,42218,52.845,52.845,52.845,52.845,2,SIZ5
2025-11-27 14:21:00+00:00,33,1,42218,53.025,53.025,53.025,53.025,2,SIZ5
2025-11-27 14:58:00+00:00,33,1,42218,52.865,52.865,52.86,52.86,5,SIZ5
2025-11-27 15:04:00+00:00,33,1,42218,52.89,52.89,52.89,52.89,3,SIZ5
2025-11-27 15:17:00+00:00,33,1,42218,52.945,52.945,52.945,52.945,1,SIZ5
2025-11-27 15:25:00+00:00,33,1,42218,52.9,52.905,52.9,52.905,5,SIZ5
2025-11-27 15:51:00+00:00,33,1,42218,52.965,52.965,52.965,52.965,5,SIZ5
2025-11-27 16:30:00+00:00,33,1,42218,53.005,53.005,53.005,53.005,7,SIZ5
2025-11-27 16:31:00+00:00,33,1,42218,53.005,53.005,53.005,53.005,3,SIZ5
2025-11-27 16:56:00+00:00,33,1,42218,53.045,53.045,53.045,53.045,5,SIZ5
2025-11-27 17:06:00+00:00,33,1,42218,52.995,52.995,52.995,52.995,1,SIZ5
2025-11-27 18:51:00+00:00,33,1,42218,53.135,53.135,53.135,53.135,1,SIZ5
2025-11-27 18:55:00+00:00,33,1,42218,53.165,53.165,53.165,53.165,2,SIZ5
2025-11-27 18:56:00+00:00,33,1,42218,53.165,53.165,53.165,53.165,3,SIZ5
2025-11-27 19:14:00+00:00,33,1,42218,53.165,53.165,53.165,53.165,1,SIZ5
2025-11-27 19:15:00+00:00,33,1,42218,53.165,53.165,53.165,53.165,4,SIZ5
2025-11-27 23:12:00+00:00,33,1,42218,53.15,53.15,53.15,53.15,1,SIZ5
2025-11-27 23:27:00+00:00,33,1,42218,53.16,53.16,53.16,53.16,1,SIZ5
2025-11-28 00:14:00+00:00,33,1,42218,53.23,53.23,53.23,53.23,1,SIZ5
2025-11-28 00:30:00+00:00,33,1,42218,53.275,53.275,53.275,53.275,5,SIZ5
2025-11-28 01:00:00+00:00,33,1,42218,53.405,53.425,53.385,53.42,13,SIZ5
2025-11-28 01:01:00+00:00,33,1,42218,53.445,53.48,53.42,53.43,19,SIZ5
2025-11-28 01:02:00+00:00,33,1,42218,53.41,53.45,53.405,53.415,19,SIZ5
2025-11-28 01:03:00+00:00,33,1,42218,53.425,53.505,53.39,53.505,53,SIZ5
2025-11-28 01:04:00+00:00,33,1,42218,53.505,53.6,53.505,53.6,23,SIZ5
2025-11-28 01:06:00+00:00,33,1,42218,53.54,53.54,53.54,53.54,1,SIZ5
2025-11-28 01:08:00+00:00,33,1,42218,53.56,53.625,53.56,53.625,6,SIZ5
2025-11-28 01:09:00+00:00,33,1,42218,53.63,53.64,53.615,53.615,19,SIZ5
2025-11-28 01:10:00+00:00,33,1,42218,53.53,53.53,53.53,53.53,2,SIZ5
2025-11-28 01:12:00+00:00,33,1,42218,53.58,53.58,53.58,53.58,2,SIZ5
2025-11-28 01:14:00+00:00,33,1,42218,53.585,53.585,53.565,53.565,3,SIZ5
2025-11-28 01:15:00+00:00,33,1,42218,53.565,53.565,53.565,53.565,2,SIZ5
2025-11-28 01:16:00+00:00,33,1,42218,53.595,53.595,53.595,53.595,2,SIZ5
2025-11-28 01:17:00+00:00,33,1,42218,53.58,53.6,53.58,53.6,3,SIZ5
2025-11-28 01:21:00+00:00,33,1,42218,53.61,53.63,53.61,53.625,9,SIZ5
2025-11-28 01:22:00+00:00,33,1,42218,53.63,53.63,53.625,53.625,9,SIZ5
2025-11-28 01:23:00+00:00,33,1,42218,53.645,53.645,53.62,53.63,11,SIZ5
2025-11-28 01:24:00+00:00,33,1,42218,53.615,53.615,53.615,53.615,6,SIZ5
2025-11-28 01:25:00+00:00,33,1,42218,53.62,53.64,53.62,53.64,5,SIZ5
2025-11-28 01:26:00+00:00,33,1,42218,53.635,53.665,53.635,53.64,11,SIZ5
2025-11-28 01:27:00+00:00,33,1,42218,53.65,53.65,53.605,53.615,5,SIZ5
2025-11-28 01:28:00+00:00,33,1,42218,53.605,53.605,53.605,53.605,2,SIZ5
2025-11-28 01:29:00+00:00,33,1,42218,53.58,53.585,53.58,53.585,3,SIZ5
2025-11-28 01:33:00+00:00,33,1,42218,53.65,53.65,53.65,53.65,2,SIZ5
2025-11-28 01:37:00+00:00,33,1,42218,53.725,53.735,53.725,53.735,4,SIZ5
2025-11-28 01:38:00+00:00,33,1,42218,53.735,53.76,53.705,53.73,42,SIZ5
2025-11-28 01:39:00+00:00,33,1,42218,53.775,53.795,53.765,53.775,26,SIZ5
2025-11-28 01:44:00+00:00,33,1,42218,53.795,53.805,53.795,53.805,12,SIZ5
2025-11-28 01:49:00+00:00,33,1,42218,53.78,53.78,53.78,53.78,5,SIZ5
2025-11-28 01:54:00+00:00,33,1,42218,53.86,53.86,53.855,53.855,5,SIZ5
2025-11-28 01:55:00+00:00,33,1,42218,53.84,53.84,53.835,53.835,5,SIZ5
2025-11-28 01:59:00+00:00,33,1,42218,53.77,53.77,53.77,53.77,1,SIZ5
2025-11-28 02:00:00+00:00,33,1,42218,53.75,53.77,53.75,53.77,5,SIZ5
2025-11-28 02:05:00+00:00,33,1,42218,53.775,53.78,53.775,53.78,3,SIZ5
2025-11-28 02:15:00+00:00,33,1,42218,53.71,53.71,53.705,53.705,3,SIZ5
2025-11-28 02:18:00+00:00,33,1,42218,53.725,53.76,53.725,53.76,2,SIZ5
2025-11-28 02:25:00+00:00,33,1,42218,53.82,53.82,53.82,53.82,1,SIZ5
2025-11-28 13:58:00+00:00,33,1,42218,54.14,54.14,54.14,54.14,1,SIZ5
2025-11-28 14:01:00+00:00,33,1,42218,54.7,54.755,54.7,54.755,7,SIZ5
2025-11-28 14:02:00+00:00,33,1,42218,54.365,54.365,54.32,54.32,9,SIZ5
2025-11-28 14:03:00+00:00,33,1,42218,54.375,54.375,54.36,54.36,2,SIZ5
2025-11-28 14:04:00+00:00,33,1,42218,54.25,54.25,54.25,54.25,2,SIZ5
2025-11-28 14:10:00+00:00,33,1,42218,54.435,54.435,54.435,54.435,1,SIZ5
2025-11-28 14:11:00+00:00,33,1,42218,54.52,54.52,54.52,54.52,1,SIZ5
2025-11-28 14:12:00+00:00,33,1,42218,54.605,54.605,54.605,54.605,1,SIZ5
2025-11-28 14:13:00+00:00,33,1,42218,54.755,54.755,54.755,54.755,1,SIZ5
2025-11-28 14:17:00+00:00,33,1,42218,54.66,54.67,54.66,54.67,2,SIZ5
2025-11-28 14:20:00+00:00,33,1,42218,54.68,54.68,54.68,54.68,1,SIZ5
2025-11-28 14:21:00+00:00,33,1,42218,54.67,54.67,54.67,54.67,1,SIZ5
2025-11-28 14:24:00+00:00,33,1,42218,54.835,54.835,54.835,54.835,2,SIZ5
2025-11-28 14:26:00+00:00,33,1,42218,54.875,54.875,54.875,54.875,1,SIZ5
2025-11-28 14:31:00+00:00,33,1,42218,54.85,54.86,54.78,54.83,42,SIZ5
2025-11-28 14:32:00+00:00,33,1,42218,54.825,54.885,54.825,54.875,6,SIZ5
2025-11-28 14:33:00+00:00,33,1,42218,54.94,54.98,54.94,54.98,3,SIZ5
2025-11-28 14:34:00+00:00,33,1,42218,54.9,54.9,54.9,54.9,2,SIZ5
2025-11-28 14:35:00+00:00,33,1,42218,54.935,54.935,54.935,54.935,2,SIZ5
2025-11-28 14:37:00+00:00,33,1,42218,54.95,54.985,54.95,54.965,21,SIZ5
2025-11-28 14:38:00+00:00,33,1,42218,55.01,55.02,54.99,55.02,7,SIZ5
2025-11-28 14:39:00+00:00,33,1,42218,55.085,55.11,55.085,55.1,11,SIZ5
2025-11-28 14:40:00+00:00,33,1,42218,55.14,55.2,55.14,55.17,17,SIZ5
2025-11-28 14:41:00+00:00,33,1,42218,55.165,55.17,54.96,54.965,41,SIZ5
2025-11-28 14:42:00+00:00,33,1,42218,55.03,55.095,55.025,55.06,24,SIZ5
2025-11-28 14:43:00+00:00,33,1,42218,54.985,54.985,54.82,54.82,15,SIZ5
2025-11-28 14:44:00+00:00,33,1,42218,54.75,54.855,54.75,54.855,3,SIZ5
2025-11-28 14:45:00+00:00,33,1,42218,54.865,54.925,54.865,54.925,3,SIZ5
2025-11-28 14:46:00+00:00,33,1,42218,55.01,55.01,54.995,54.995,3,SIZ5
2025-11-28 14:47:00+00:00,33,1,42218,54.925,54.965,54.875,54.965,7,SIZ5
2025-11-28 14:48:00+00:00,33,1,42218,54.825,54.825,54.815,54.815,2,SIZ5
2025-11-28 14:49:00+00:00,33,1,42218,54.875,54.905,54.875,54.895,4,SIZ5
2025-11-28 14:50:00+00:00,33,1,42218,54.955,54.96,54.955,54.96,2,SIZ5
2025-11-28 14:52:00+00:00,33,1,42218,55.01,55.07,55.01,55.07,2,SIZ5
2025-11-28 14:53:00+00:00,33,1,42218,55.12,55.175,55.12,55.175,10,SIZ5
2025-11-28 14:55:00+00:00,33,1,42218,55.1,55.1,55.1,55.1,2,SIZ5
2025-11-28 14:59:00+00:00,33,1,42218,55.03,55.03,55.03,55.03,1,SIZ5
2025-11-28 15:04:00+00:00,33,1,42218,55.115,55.115,55.115,55.115,1,SIZ5
2025-11-28 15:10:00+00:00,33,1,42218,54.945,54.945,54.94,54.94,2,SIZ5
2025-11-28 15:11:00+00:00,33,1,42218,54.91,54.965,54.905,54.96,17,SIZ5
2025-11-28 15:12:00+00:00,33,1,42218,54.995,55.04,54.98,55.04,8,SIZ5
2025-11-28 15:14:00+00:00,33,1,42218,54.875,54.91,54.875,54.91,4,SIZ5
2025-11-28 15:15:00+00:00,33,1,42218,54.84,54.84,54.84,54.84,1,SIZ5
2025-11-28 15:16:00+00:00,33,1,42218,54.8,54.815,54.8,54.815,4,SIZ5
2025-11-28 15:17:00+00:00,33,1,42218,54.815,54.815,54.81,54.81,3,SIZ5
2025-11-28 15:18:00+00:00,33,1,42218,54.915,54.915,54.915,54.915,1,SIZ5
2025-11-28 15:20:00+00:00,33,1,42218,54.845,54.845,54.8,54.805,6,SIZ5
2025-11-28 15:21:00+00:00,33,1,42218,54.805,54.805,54.765,54.78,8,SIZ5
2025-11-28 15:24:00+00:00,33,1,42218,54.83,54.83,54.81,54.81,2,SIZ5
2025-11-28 15:25:00+00:00,33,1,42218,54.87,54.87,54.87,54.87,1,SIZ5
2025-11-28 15:27:00+00:00,33,1,42218,55.06,55.06,55.06,55.06,1,SIZ5
2025-11-28 15:29:00+00:00,33,1,42218,55.095,55.095,55.095,55.095,1,SIZ5
2025-11-28 15:35:00+00:00,33,1,42218,55.135,55.14,55.135,55.14,2,SIZ5
2025-11-28 15:39:00+00:00,33,1,42218,55.15,55.15,55.15,55.15,1,SIZ5
2025-11-28 15:41:00+00:00,33,1,42218,55.15,55.15,55.15,55.15,2,SIZ5
2025-11-28 15:46:00+00:00,33,1,42218,55.315,55.315,55.29,55.3,6,SIZ5
2025-11-28 15:54:00+00:00,33,1,42218,55.435,55.47,55.435,55.47,6,SIZ5
2025-11-28 15:56:00+00:00,33,1,42218,55.405,55.405,55.405,55.405,1,SIZ5
2025-11-28 15:57:00+00:00,33,1,42218,55.485,55.53,55.485,55.53,2,SIZ5
2025-11-28 15:58:00+00:00,33,1,42218,55.555,55.555,55.53,55.53,2,SIZ5
2025-11-28 16:00:00+00:00,33,1,42218,55.46,55.46,55.46,55.46,2,SIZ5
2025-11-28 16:02:00+00:00,33,1,42218,55.535,55.535,55.535,55.535,5,SIZ5
2025-11-28 16:05:00+00:00,33,1,42218,55.545,55.545,55.545,55.545,4,SIZ5
2025-11-28 16:06:00+00:00,33,1,42218,55.415,55.415,55.415,55.415,1,SIZ5
2025-11-28 16:07:00+00:00,33,1,42218,55.435,55.45,55.435,55.45,2,SIZ5
2025-11-28 16:10:00+00:00,33,1,42218,55.49,55.49,55.49,55.49,1,SIZ5
2025-11-28 16:26:00+00:00,33,1,42218,55.615,55.615,55.615,55.615,1,SIZ5
2025-11-28 16:30:00+00:00,33,1,42218,55.6,55.6,55.6,55.6,1,SIZ5
2025-11-28 16:33:00+00:00,33,1,42218,55.605,55.605,55.605,55.605,1,SIZ5
2025-11-28 16:35:00+00:00,33,1,42218,55.65,55.65,55.65,55.65,2,SIZ5
2025-11-28 16:39:00+00:00,33,1,42218,55.655,55.655,55.655,55.655,1,SIZ5
2025-11-28 16:40:00+00:00,33,1,42218,55.65,55.65,55.65,55.65,1,SIZ5
2025-11-28 16:41:00+00:00,33,1,42218,55.65,55.65,55.575,55.575,2,SIZ5
2025-11-28 16:58:00+00:00,33,1,42218,55.745,55.745,55.745,55.745,1,SIZ5
2025-11-28 16:59:00+00:00,33,1,42218,55.71,55.71,55.7,55.7,2,SIZ5
2025-11-28 17:00:00+00:00,33,1,42218,55.8,55.8,55.8,55.8,1,SIZ5
2025-11-28 17:02:00+00:00,33,1,42218,55.84,55.925,55.815,55.915,6,SIZ5
2025-11-28 17:03:00+00:00,33,1,42218,55.945,55.95,55.9,55.95,3,SIZ5
2025-11-28 17:04:00+00:00,33,1,42218,55.98,55.995,55.98,55.98,4,SIZ5
2025-11-28 17:05:00+00:00,33,1,42218,55.955,55.955,55.955,55.955,1,SIZ5
2025-11-28 17:07:00+00:00,33,1,42218,55.99,56.07,55.99,56.07,3,SIZ5
2025-11-28 17:08:00+00:00,33,1,42218,56.08,56.11,56.06,56.11,3,SIZ5
2025-11-28 17:09:00+00:00,33,1,42218,56.16,56.16,56.13,56.13,2,SIZ5
2025-11-28 17:10:00+00:00,33,1,42218,56.245,56.26,56.23,56.23,4,SIZ5
2025-11-28 17:12:00+00:00,33,1,42218,56.04,56.04,56.04,56.04,1,SIZ5
2025-11-28 17:19:00+00:00,33,1,42218,56.035,56.035,56.035,56.035,1,SIZ5
2025-11-28 17:22:00+00:00,33,1,42218,56.12,56.12,56.12,56.12,1,SIZ5
2025-11-28 17:23:00+00:00,33,1,42218,56.05,56.05,56.05,56.05,1,SIZ5
2025-11-28 17:24:00+00:00,33,1,42218,56.055,56.055,56.05,56.05,2,SIZ5
2025-11-28 17:30:00+00:00,33,1,42218,56.055,56.055,56.055,56.055,1,SIZ5
2025-11-28 17:32:00+00:00,33,1,42218,56.175,56.175,56.175,56.175,1,SIZ5
2025-11-28 17:40:00+00:00,33,1,42218,56.16,56.16,56.16,56.16,1,SIZ5
2025-11-28 17:52:00+00:00,33,1,42218,56.355,56.355,56.355,56.355,1,SIZ5
2025-11-28 18:00:00+00:00,33,1,42218,56.435,56.435,56.435,56.435,1,SIZ5
2025-11-28 18:04:00+00:00,33,1,42218,56.37,56.37,56.37,56.37,1,SIZ5
2025-11-28 18:06:00+00:00,33,1,42218,56.325,56.335,56.325,56.335,10,SIZ5
2025-11-28 18:23:00+00:00,33,1,42218,56.455,56.455,56.455,56.455,1,SIZ5
2025-11-28 18:24:00+00:00,33,1,42218,56.45,56.45,56.44,56.44,7,SIZ5
2025-11-28 18:44:00+00:00,33,1,42218,56.37,56.37,56.37,56.37,1,SIZ5
2025-11-28 18:45:00+00:00,33,1,42218,56.38,56.38,56.38,56.38,1,SIZ5
2025-11-28 18:51:00+00:00,33,1,42218,56.395,56.395,56.395,56.395,2,SIZ5
2025-11-28 19:00:00+00:00,33,1,42218,56.45,56.45,56.42,56.42,6,SIZ5
2025-11-28 19:01:00+00:00,33,1,42218,56.38,56.38,56.375,56.375,10,SIZ5
2025-11-28 19:16:00+00:00,33,1,42218,56.37,56.38,56.37,56.38,8,SIZ5
2025-11-28 19:18:00+00:00,33,1,42218,56.38,56.38,56.38,56.38,1,SIZ5
