ts_event,rtype,publisher_id,instrument_id,open,high,low,close,volume,symbol
2025-11-24 09:00:00+00:00,33,2,8147,49.36,49.45,49.27,49.28,1710,IBIT
2025-11-24 09:01:00+00:00,33,2,8147,49.28,49.28,49.2,49.23,2384,IBIT
2025-11-24 09:02:00+00:00,33,2,8147,49.27,49.27,49.27,49.27,51,IBIT
2025-11-24 09:03:00+00:00,33,2,8147,49.27,49.28,49.26,49.26,255,IBIT
2025-11-24 09:04:00+00:00,33,2,8147,49.26,49.28,49.26,49.28,97,IBIT
2025-11-24 09:05:00+00:00,33,2,8147,49.27,49.27,49.24,49.27,1794,IBIT
2025-11-24 09:06:00+00:00,33,2,8147,49.25,49.27,49.24,49.26,2722,IBIT
2025-11-24 09:07:00+00:00,33,2,8147,49.26,49.27,49.2,49.2,2606,IBIT
2025-11-24 09:08:00+00:00,33,2,8147,49.24,49.24,49.2,49.2,1514,IBIT
2025-11-24 09:09:00+00:00,33,2,8147,49.15,49.16,49.07,49.1,5440,IBIT
2025-11-24 09:10:00+00:00,33,2,8147,49.12,49.14,49.11,49.14,905,IBIT
2025-11-24 09:11:00+00:00,33,2,8147,49.13,49.13,49.12,49.12,260,IBIT
2025-11-24 09:12:00+00:00,33,2,8147,49.12,49.13,49.1,49.1,1387,IBIT
2025-11-24 09:13:00+00:00,33,2,8147,49.1,49.13,49.09,49.12,25694,IBIT
2025-11-24 09:14:00+00:00,33,2,8147,49.1,49.1,49.1,49.1,1785,IBIT
2025-11-24 09:15:00+00:00,33,2,8147,49.1,49.11,48.99,48.99,13503,IBIT
2025-11-24 09:16:00+00:00,33,2,8147,48.99,49.02,48.94,49.02,30749,IBIT
2025-11-24 09:17:00+00:00,33,2,8147,49.02,49.03,48.97,48.99,2045,IBIT
2025-11-24 09:18:00+00:00,33,2,8147,48.97,49.0,48.94,48.97,17102,IBIT
2025-11-24 09:19:00+00:00,33,2,8147,48.97,48.97,48.92,48.93,3188,IBIT
2025-11-24 09:20:00+00:00,33,2,8147,48.92,48.92,48.84,48.85,5391,IBIT
2025-11-24 09:21:00+00:00,33,2,8147,48.82,48.85,48.77,48.85,20534,IBIT
2025-11-24 09:22:00+00:00,33,2,8147,48.82,48.82,48.78,48.78,16951,IBIT
2025-11-24 09:23:00+00:00,33,2,8147,48.76,48.78,48.74,48.77,8679,IBIT
2025-11-24 09:24:00+00:00,33,2,8147,48.78,48.83,48.78,48.81,5717,IBIT
2025-11-24 09:25:00+00:00,33,2,8147,48.8,48.8,48.71,48.72,3426,IBIT
2025-11-24 09:26:00+00:00,33,2,8147,48.7,48.76,48.7,48.71,8907,IBIT
2025-11-24 09:27:00+00:00,33,2,8147,48.7,48.71,48.68,48.7,4285,IBIT
2025-11-24 09:28:00+00:00,33,2,8147,48.72,48.76,48.72,48.75,978,IBIT
2025-11-24 09:29:00+00:00,33,2,8147,48.75,48.76,48.72,48.74,4897,IBIT
2025-11-24 09:30:00+00:00,33,2,8147,48.73,48.76,48.68,48.76,8415,IBIT
2025-11-24 09:31:00+00:00,33,2,8147,48.78,48.78,48.73,48.78,5604,IBIT
2025-11-24 09:32:00+00:00,33,2,8147,48.76,48.78,48.74,48.74,1833,IBIT
2025-11-24 09:33:00+00:00,33,2,8147,48.73,48.75,48.71,48.72,2220,IBIT
2025-11-24 09:34:00+00:00,33,2,8147,48.74,48.75,48.69,48.69,1075,IBIT
2025-11-24 09:35:00+00:00,33,2,8147,48.72,48.74,48.72,48.74,1256,IBIT
2025-11-24 09:36:00+00:00,33,2,8147,48.77,48.86,48.77,48.86,2670,IBIT
2025-11-24 09:37:00+00:00,33,2,8147,48.86,48.87,48.85,48.86,2990,IBIT
2025-11-24 09:38:00+00:00,33,2,8147,48.85,48.85,48.85,48.85,1000,IBIT
2025-11-24 09:39:00+00:00,33,2,8147,48.83,48.85,48.82,48.85,379,IBIT
2025-11-24 09:40:00+00:00,33,2,8147,48.82,48.82,48.8,48.8,392,IBIT
2025-11-24 09:41:00+00:00,33,2,8147,48.78,48.78,48.7,48.71,2005,IBIT
2025-11-24 09:42:00+00:00,33,2,8147,48.7,48.73,48.7,48.73,617,IBIT
2025-11-24 09:43:00+00:00,33,2,8147,48.74,48.78,48.74,48.75,777,IBIT
2025-11-24 09:44:00+00:00,33,2,8147,48.78,48.78,48.77,48.77,1593,IBIT
2025-11-24 09:45:00+00:00,33,2,8147,48.78,48.79,48.76,48.76,894,IBIT
2025-11-24 09:47:00+00:00,33,2,8147,48.82,48.82,48.76,48.78,1998,IBIT
2025-11-24 09:48:00+00:00,33,2,8147,48.81,48.81,48.8,48.8,178,IBIT
2025-11-24 09:49:00+00:00,33,2,8147,48.76,48.82,48.76,48.8,778,IBIT
2025-11-24 09:50:00+00:00,33,2,8147,48.77,48.79,48.76,48.78,461,IBIT
2025-11-24 09:51:00+00:00,33,2,8147,48.76,48.78,48.76,48.78,10408,IBIT
2025-11-24 09:52:00+00:00,33,2,8147,48.78,48.78,48.76,48.76,455,IBIT
2025-11-24 09:53:00+00:00,33,2,8147,48.8,48.8,48.79,48.79,3010,IBIT
2025-11-24 09:54:00+00:00,33,2,8147,48.79,48.79,48.77,48.77,188,IBIT
2025-11-24 09:55:00+00:00,33,2,8147,48.79,48.8,48.76,48.8,2435,IBIT
2025-11-24 09:56:00+00:00,33,2,8147,48.79,48.82,48.79,48.79,310,IBIT
2025-11-24 09:57:00+00:00,33,2,8147,48.79,48.79,48.77,48.77,405,IBIT
2025-11-24 09:58:00+00:00,33,2,8147,48.75,48.76,48.73,48.73,1182,IBIT
2025-11-24 09:59:00+00:00,33,2,8147,48.76,48.77,48.74,48.75,338,IBIT
2025-11-24 10:00:00+00:00,33,2,8147,48.75,48.75,48.71,48.72,11677,IBIT
2025-11-24 10:01:00+00:00,33,2,8147,48.72,48.75,48.72,48.74,2307,IBIT
2025-11-24 10:02:00+00:00,33,2,8147,48.76,48.8,48.75,48.8,1591,IBIT
2025-11-24 10:03:00+00:00,33,2,8147,48.81,48.82,48.81,48.82,2600,IBIT
2025-11-24 10:04:00+00:00,33,2,8147,48.84,48.84,48.82,48.82,61,IBIT
2025-11-24 10:05:00+00:00,33,2,8147,48.82,48.88,48.82,48.83,2332,IBIT
2025-11-24 10:06:00+00:00,33,2,8147,48.84,48.84,48.8,48.8,391,IBIT
2025-11-24 10:07:00+00:00,33,2,8147,48.78,48.79,48.74,48.74,565,IBIT
2025-11-24 10:08:00+00:00,33,2,8147,48.76,48.8,48.74,48.78,16871,IBIT
2025-11-24 10:09:00+00:00,33,2,8147,48.78,48.78,48.75,48.78,3780,IBIT
2025-11-24 10:10:00+00:00,33,2,8147,48.77,48.77,48.77,48.77,12,IBIT
2025-11-24 10:12:00+00:00,33,2,8147,48.76,48.76,48.76,48.76,20,IBIT
2025-11-24 10:13:00+00:00,33,2,8147,48.77,48.77,48.73,48.73,2250,IBIT
2025-11-24 10:14:00+00:00,33,2,8147,48.72,48.72,48.7,48.72,3741,IBIT
2025-11-24 10:15:00+00:00,33,2,8147,48.71,48.71,48.71,48.71,250,IBIT
2025-11-24 10:16:00+00:00,33,2,8147,48.7,48.72,48.7,48.72,171,IBIT
2025-11-24 10:17:00+00:00,33,2,8147,48.74,48.75,48.72,48.74,917,IBIT
2025-11-24 10:18:00+00:00,33,2,8147,48.7,48.75,48.7,48.74,818,IBIT
2025-11-24 10:19:00+00:00,33,2,8147,48.73,48.76,48.73,48.76,22,IBIT
2025-11-24 10:20:00+00:00,33,2,8147,48.75,48.78,48.74,48.78,161,IBIT
2025-11-24 10:21:00+00:00,33,2,8147,48.79,48.79,48.79,48.79,50,IBIT
2025-11-24 10:22:00+00:00,33,2,8147,48.72,48.72,48.71,48.71,420,IBIT
2025-11-24 10:23:00+00:00,33,2,8147,48.7,48.73,48.7,48.73,750,IBIT
2025-11-24 10:24:00+00:00,33,2,8147,48.72,48.72,48.69,48.69,1084,IBIT
2025-11-24 10:25:00+00:00,33,2,8147,48.68,48.68,48.65,48.65,1002,IBIT
2025-11-24 10:26:00+00:00,33,2,8147,48.65,48.65,48.65,48.65,46,IBIT
2025-11-24 10:27:00+00:00,33,2,8147,48.69,48.69,48.69,48.69,1700,IBIT
2025-11-24 10:28:00+00:00,33,2,8147,48.65,48.65,48.65,48.65,100,IBIT
2025-11-24 10:30:00+00:00,33,2,8147,48.68,48.68,48.66,48.66,1421,IBIT
2025-11-24 10:31:00+00:00,33,2,8147,48.65,48.65,48.6,48.63,2149,IBIT
2025-11-24 10:32:00+00:00,33,2,8147,48.67,48.67,48.65,48.65,2122,IBIT
2025-11-24 10:33:00+00:00,33,2,8147,48.63,48.63,48.63,48.63,20,IBIT
2025-11-24 10:34:00+00:00,33,2,8147,48.61,48.62,48.6,48.62,8446,IBIT
2025-11-24 10:35:00+00:00,33,2,8147,48.6,48.63,48.6,48.63,1716,IBIT
2025-11-24 10:36:00+00:00,33,2,8147,48.64,48.64,48.64,48.64,1913,IBIT
2025-11-24 10:37:00+00:00,33,2,8147,48.63,48.66,48.63,48.66,500,IBIT
2025-11-24 10:38:00+00:00,33,2,8147,48.69,48.69,48.69,48.69,100,IBIT
2025-11-24 10:39:00+00:00,33,2,8147,48.71,48.71,48.7,48.7,850,IBIT
2025-11-24 10:40:00+00:00,33,2,8147,48.71,48.73,48.71,48.73,470,IBIT
2025-11-24 10:41:00+00:00,33,2,8147,48.71,48.71,48.71,48.71,204,IBIT
2025-11-24 10:42:00+00:00,33,2,8147,48.74,48.76,48.74,48.75,1392,IBIT
2025-11-24 10:43:00+00:00,33,2,8147,48.74,48.74,48.73,48.73,540,IBIT
2025-11-24 10:44:00+00:00,33,2,8147,48.74,48.74,48.73,48.73,300,IBIT
2025-11-24 10:45:00+00:00,33,2,8147,48.71,48.76,48.71,48.76,1040,IBIT
2025-11-24 10:46:00+00:00,33,2,8147,48.74,48.76,48.74,48.76,893,IBIT
2025-11-24 10:47:00+00:00,33,2,8147,48.75,48.75,48.71,48.71,4367,IBIT
2025-11-24 10:48:00+00:00,33,2,8147,48.76,48.76,48.76,48.76,900,IBIT
2025-11-24 10:50:00+00:00,33,2,8147,48.79,48.79,48.79,48.79,1270,IBIT
2025-11-24 10:51:00+00:00,33,2,8147,48.81,48.81,48.81,48.81,270,IBIT
2025-11-24 10:52:00+00:00,33,2,8147,48.78,48.78,48.78,48.78,400,IBIT
2025-11-24 10:53:00+00:00,33,2,8147,48.78,48.78,48.75,48.75,1624,IBIT
2025-11-24 10:54:00+00:00,33,2,8147,48.74,48.76,48.73,48.76,6669,IBIT
2025-11-24 10:55:00+00:00,33,2,8147,48.78,48.8,48.78,48.8,1520,IBIT
2025-11-24 10:56:00+00:00,33,2,8147,48.81,48.82,48.8,48.8,1851,IBIT
2025-11-24 10:59:00+00:00,33,2,8147,48.82,48.82,48.79,48.79,2475,IBIT
2025-11-24 11:00:00+00:00,33,2,8147,48.81,48.81,48.81,48.81,1,IBIT
2025-11-24 11:01:00+00:00,33,2,8147,48.82,48.82,48.82,48.82,150,IBIT
2025-11-24 11:03:00+00:00,33,2,8147,48.84,48.89,48.84,48.89,260,IBIT
2025-11-24 11:05:00+00:00,33,2,8147,48.84,48.84,48.79,48.8,4963,IBIT
2025-11-24 11:06:00+00:00,33,2,8147,48.8,48.8,48.78,48.78,2590,IBIT
2025-11-24 11:07:00+00:00,33,2,8147,48.72,48.74,48.72,48.74,812,IBIT
2025-11-24 11:08:00+00:00,33,2,8147,48.73,48.74,48.7,48.7,2144,IBIT
2025-11-24 11:09:00+00:00,33,2,8147,48.72,48.72,48.72,48.72,1500,IBIT
2025-11-24 11:10:00+00:00,33,2,8147,48.76,48.76,48.76,48.76,818,IBIT
2025-11-24 11:12:00+00:00,33,2,8147,48.77,48.77,48.75,48.75,273,IBIT
2025-11-24 11:13:00+00:00,33,2,8147,48.78,48.83,48.78,48.83,1604,IBIT
2025-11-24 11:15:00+00:00,33,2,8147,48.83,48.83,48.81,48.81,3010,IBIT
2025-11-24 11:16:00+00:00,33,2,8147,48.82,48.85,48.8,48.85,1666,IBIT
2025-11-24 11:17:00+00:00,33,2,8147,48.83,48.84,48.81,48.84,900,IBIT
2025-11-24 11:18:00+00:00,33,2,8147,48.85,48.88,48.85,48.88,7210,IBIT
2025-11-24 11:19:00+00:00,33,2,8147,48.85,48.88,48.85,48.88,580,IBIT
2025-11-24 11:20:00+00:00,33,2,8147,48.86,48.87,48.84,48.86,1892,IBIT
2025-11-24 11:21:00+00:00,33,2,8147,48.83,48.86,48.82,48.86,1071,IBIT
2025-11-24 11:22:00+00:00,33,2,8147,48.85,48.86,48.8,48.8,718,IBIT
2025-11-24 11:23:00+00:00,33,2,8147,48.78,48.8,48.78,48.8,61,IBIT
2025-11-24 11:24:00+00:00,33,2,8147,48.81,48.82,48.81,48.82,1070,IBIT
2025-11-24 11:25:00+00:00,33,2,8147,48.78,48.79,48.76,48.76,906,IBIT
2025-11-24 11:26:00+00:00,33,2,8147,48.79,48.81,48.79,48.8,1640,IBIT
2025-11-24 11:27:00+00:00,33,2,8147,48.79,48.82,48.78,48.8,758,IBIT
2025-11-24 11:28:00+00:00,33,2,8147,48.77,48.79,48.77,48.79,438,IBIT
2025-11-24 11:29:00+00:00,33,2,8147,48.79,48.84,48.79,48.84,467,IBIT
2025-11-24 11:30:00+00:00,33,2,8147,48.84,48.89,48.84,48.89,1020,IBIT
2025-11-24 11:31:00+00:00,33,2,8147,48.9,48.9,48.86,48.9,423,IBIT
2025-11-24 11:32:00+00:00,33,2,8147,48.86,48.86,48.86,48.86,25,IBIT
2025-11-24 11:33:00+00:00,33,2,8147,48.89,48.89,48.89,48.89,70,IBIT
2025-11-24 11:35:00+00:00,33,2,8147,48.85,48.88,48.84,48.87,3863,IBIT
2025-11-24 11:36:00+00:00,33,2,8147,48.93,48.98,48.93,48.98,9624,IBIT
2025-11-24 11:37:00+00:00,33,2,8147,48.99,49.0,48.95,48.97,2623,IBIT
2025-11-24 11:38:00+00:00,33,2,8147,48.94,48.94,48.9,48.92,2239,IBIT
2025-11-24 11:40:00+00:00,33,2,8147,48.94,48.94,48.87,48.9,4965,IBIT
2025-11-24 11:41:00+00:00,33,2,8147,48.91,48.91,48.89,48.89,786,IBIT
2025-11-24 11:42:00+00:00,33,2,8147,48.9,48.92,48.88,48.92,540,IBIT
2025-11-24 11:43:00+00:00,33,2,8147,48.92,48.98,48.92,48.95,2476,IBIT
2025-11-24 11:44:00+00:00,33,2,8147,48.96,49.0,48.96,49.0,1139,IBIT
2025-11-24 11:45:00+00:00,33,2,8147,49.01,49.01,48.97,48.97,1592,IBIT
2025-11-24 11:46:00+00:00,33,2,8147,48.97,48.98,48.96,48.98,5027,IBIT
2025-11-24 11:47:00+00:00,33,2,8147,48.97,48.99,48.96,48.96,1670,IBIT
2025-11-24 11:48:00+00:00,33,2,8147,48.96,48.98,48.96,48.96,86,IBIT
2025-11-24 11:49:00+00:00,33,2,8147,48.97,48.99,48.96,48.99,440,IBIT
2025-11-24 11:50:00+00:00,33,2,8147,49.01,49.01,49.01,49.01,20,IBIT
2025-11-24 11:51:00+00:00,33,2,8147,49.03,49.03,48.95,48.96,2160,IBIT
2025-11-24 11:52:00+00:00,33,2,8147,48.99,48.99,48.98,48.99,311,IBIT
2025-11-24 11:54:00+00:00,33,2,8147,48.95,48.95,48.93,48.93,626,IBIT
2025-11-24 11:55:00+00:00,33,2,8147,48.94,48.95,48.93,48.95,220,IBIT
2025-11-24 11:56:00+00:00,33,2,8147,48.94,48.94,48.93,48.93,1040,IBIT
2025-11-24 11:57:00+00:00,33,2,8147,48.94,48.96,48.93,48.96,1181,IBIT
2025-11-24 11:58:00+00:00,33,2,8147,48.93,48.94,48.91,48.91,1438,IBIT
2025-11-24 11:59:00+00:00,33,2,8147,48.93,48.94,48.93,48.94,450,IBIT
2025-11-24 12:00:00+00:00,33,2,8147,48.94,48.94,48.9,48.9,6556,IBIT
2025-11-24 12:01:00+00:00,33,2,8147,48.9,48.9,48.9,48.9,74,IBIT
2025-11-24 12:02:00+00:00,33,2,8147,48.91,48.91,48.91,48.91,189,IBIT
2025-11-24 12:03:00+00:00,33,2,8147,48.87,48.89,48.86,48.89,639,IBIT
2025-11-24 12:04:00+00:00,33,2,8147,48.88,48.88,48.85,48.86,574,IBIT
2025-11-24 12:05:00+00:00,33,2,8147,48.87,48.9,48.87,48.9,240,IBIT
2025-11-24 12:06:00+00:00,33,2,8147,48.9,48.9,48.87,48.87,2550,IBIT
2025-11-24 12:07:00+00:00,33,2,8147,48.87,48.87,48.84,48.85,7713,IBIT
2025-11-24 12:08:00+00:00,33,2,8147,48.87,48.88,48.83,48.83,1379,IBIT
2025-11-24 12:09:00+00:00,33,2,8147,48.81,48.82,48.78,48.81,2912,IBIT
2025-11-24 12:10:00+00:00,33,2,8147,48.79,48.81,48.76,48.8,39925,IBIT
2025-11-24 12:11:00+00:00,33,2,8147,48.8,48.8,48.75,48.77,857,IBIT
2025-11-24 12:12:00+00:00,33,2,8147,48.77,48.77,48.74,48.77,9181,IBIT
2025-11-24 12:13:00+00:00,33,2,8147,48.77,48.78,48.76,48.76,3891,IBIT
2025-11-24 12:14:00+00:00,33,2,8147,48.78,48.78,48.77,48.77,828,IBIT
2025-11-24 12:15:00+00:00,33,2,8147,48.78,48.78,48.74,48.74,15492,IBIT
2025-11-24 12:16:00+00:00,33,2,8147,48.74,48.79,48.74,48.79,490,IBIT
2025-11-24 12:17:00+00:00,33,2,8147,48.78,48.83,48.78,48.81,8874,IBIT
2025-11-24 12:18:00+00:00,33,2,8147,48.82,48.82,48.76,48.76,7172,IBIT
2025-11-24 12:19:00+00:00,33,2,8147,48.78,48.78,48.74,48.74,11860,IBIT
2025-11-24 12:20:00+00:00,33,2,8147,48.73,48.77,48.73,48.76,9393,IBIT
2025-11-24 12:21:00+00:00,33,2,8147,48.75,48.76,48.74,48.75,5590,IBIT
2025-11-24 12:22:00+00:00,33,2,8147,48.75,48.78,48.75,48.77,1668,IBIT
2025-11-24 12:23:00+00:00,33,2,8147,48.76,48.77,48.73,48.74,3253,IBIT
2025-11-24 12:24:00+00:00,33,2,8147,48.74,48.75,48.73,48.75,1778,IBIT
2025-11-24 12:25:00+00:00,33,2,8147,48.76,48.79,48.76,48.79,1220,IBIT
2025-11-24 12:26:00+00:00,33,2,8147,48.79,48.81,48.79,48.81,1070,IBIT
2025-11-24 12:27:00+00:00,33,2,8147,48.8,48.83,48.8,48.82,4844,IBIT
2025-11-24 12:28:00+00:00,33,2,8147,48.83,48.89,48.83,48.87,1701,IBIT
2025-11-24 12:29:00+00:00,33,2,8147,48.89,48.9,48.87,48.89,2110,IBIT
2025-11-24 12:30:00+00:00,33,2,8147,48.88,48.94,48.88,48.94,6045,IBIT
2025-11-24 12:31:00+00:00,33,2,8147,48.92,48.92,48.9,48.91,479,IBIT
2025-11-24 12:32:00+00:00,33,2,8147,48.92,48.94,48.88,48.88,1035,IBIT
2025-11-24 12:33:00+00:00,33,2,8147,48.91,48.92,48.9,48.9,373,IBIT
2025-11-24 12:34:00+00:00,33,2,8147,48.9,48.92,48.9,48.92,540,IBIT
2025-11-24 12:35:00+00:00,33,2,8147,48.9,48.9,48.86,48.86,616,IBIT
2025-11-24 12:36:00+00:00,33,2,8147,48.86,48.89,48.78,48.82,1194,IBIT
2025-11-24 12:37:00+00:00,33,2,8147,48.8,48.83,48.8,48.83,1241,IBIT
2025-11-24 12:38:00+00:00,33,2,8147,48.83,48.83,48.79,48.8,502,IBIT
2025-11-24 12:39:00+00:00,33,2,8147,48.79,48.81,48.79,48.8,782,IBIT
2025-11-24 12:40:00+00:00,33,2,8147,48.8,48.81,48.76,48.78,423,IBIT
2025-11-24 12:41:00+00:00,33,2,8147,48.75,48.75,48.75,48.75,401,IBIT
2025-11-24 12:42:00+00:00,33,2,8147,48.73,48.75,48.72,48.73,4617,IBIT
2025-11-24 12:43:00+00:00,33,2,8147,48.73,48.78,48.72,48.75,12805,IBIT
2025-11-24 12:44:00+00:00,33,2,8147,48.74,48.75,48.72,48.74,5363,IBIT
2025-11-24 12:45:00+00:00,33,2,8147,48.73,48.84,48.73,48.84,7876,IBIT
2025-11-24 12:46:00+00:00,33,2,8147,48.82,48.82,48.81,48.82,472,IBIT
2025-11-24 12:47:00+00:00,33,2,8147,48.81,48.81,48.77,48.77,204,IBIT
2025-11-24 12:48:00+00:00,33,2,8147,48.75,48.78,48.74,48.78,5057,IBIT
2025-11-24 12:49:00+00:00,33,2,8147,48.8,48.81,48.8,48.8,28,IBIT
2025-11-24 12:50:00+00:00,33,2,8147,48.78,48.78,48.78,48.78,500,IBIT
2025-11-24 12:52:00+00:00,33,2,8147,48.77,48.77,48.74,48.74,1501,IBIT
2025-11-24 12:53:00+00:00,33,2,8147,48.73,48.73,48.71,48.71,2457,IBIT
2025-11-24 12:54:00+00:00,33,2,8147,48.72,48.75,48.72,48.75,1301,IBIT
2025-11-24 12:55:00+00:00,33,2,8147,48.75,48.75,48.74,48.74,700,IBIT
2025-11-24 12:56:00+00:00,33,2,8147,48.75,48.75,48.74,48.74,916,IBIT
2025-11-24 12:57:00+00:00,33,2,8147,48.75,48.76,48.75,48.76,402,IBIT
2025-11-24 12:58:00+00:00,33,2,8147,48.74,48.76,48.74,48.76,604,IBIT
2025-11-24 12:59:00+00:00,33,2,8147,48.78,48.78,48.78,48.78,1340,IBIT
2025-11-24 13:00:00+00:00,33,2,8147,48.77,48.78,48.74,48.78,1600,IBIT
2025-11-24 13:01:00+00:00,33,2,8147,48.77,48.8,48.76,48.77,3153,IBIT
2025-11-24 13:02:00+00:00,33,2,8147,48.77,48.8,48.77,48.8,1812,IBIT
2025-11-24 13:03:00+00:00,33,2,8147,48.77,48.77,48.76,48.76,307,IBIT
2025-11-24 13:04:00+00:00,33,2,8147,48.78,48.79,48.78,48.78,2470,IBIT
2025-11-24 13:05:00+00:00,33,2,8147,48.82,48.83,48.79,48.8,4397,IBIT
2025-11-24 13:06:00+00:00,33,2,8147,48.81,48.86,48.8,48.86,2483,IBIT
2025-11-24 13:07:00+00:00,33,2,8147,48.88,48.95,48.88,48.95,6960,IBIT
2025-11-24 13:08:00+00:00,33,2,8147,48.96,48.97,48.91,48.91,7968,IBIT
2025-11-24 13:09:00+00:00,33,2,8147,48.94,48.98,48.93,48.96,2382,IBIT
2025-11-24 13:10:00+00:00,33,2,8147,48.98,49.04,48.95,49.02,6983,IBIT
2025-11-24 13:11:00+00:00,33,2,8147,49.03,49.06,48.98,48.98,3347,IBIT
2025-11-24 13:12:00+00:00,33,2,8147,48.98,48.99,48.95,48.97,2123,IBIT
2025-11-24 13:13:00+00:00,33,2,8147,48.97,48.99,48.97,48.98,697,IBIT
2025-11-24 13:14:00+00:00,33,2,8147,48.98,49.02,48.98,48.98,26,IBIT
2025-11-24 13:15:00+00:00,33,2,8147,48.97,48.99,48.96,48.97,4801,IBIT
2025-11-24 13:16:00+00:00,33,2,8147,48.95,48.95,48.92,48.92,1545,IBIT
2025-11-24 13:17:00+00:00,33,2,8147,48.91,48.92,48.9,48.9,6939,IBIT
2025-11-24 13:18:00+00:00,33,2,8147,48.9,48.93,48.9,48.92,9583,IBIT
2025-11-24 13:19:00+00:00,33,2,8147,48.93,48.95,48.93,48.95,1640,IBIT
2025-11-24 13:20:00+00:00,33,2,8147,48.94,48.96,48.92,48.95,2713,IBIT
2025-11-24 13:21:00+00:00,33,2,8147,48.95,48.95,48.93,48.94,1290,IBIT
2025-11-24 13:22:00+00:00,33,2,8147,48.94,48.97,48.94,48.97,413,IBIT
2025-11-24 13:23:00+00:00,33,2,8147,48.97,48.97,48.93,48.95,1390,IBIT
2025-11-24 13:24:00+00:00,33,2,8147,48.95,48.96,48.94,48.95,1636,IBIT
2025-11-24 13:25:00+00:00,33,2,8147,48.95,48.97,48.91,48.92,4202,IBIT
2025-11-24 13:26:00+00:00,33,2,8147,48.92,48.96,48.92,48.96,559,IBIT
2025-11-24 13:27:00+00:00,33,2,8147,48.95,48.97,48.93,48.97,210,IBIT
2025-11-24 13:28:00+00:00,33,2,8147,48.98,49.07,48.98,49.07,8528,IBIT
2025-11-24 13:29:00+00:00,33,2,8147,49.07,49.08,49.05,49.06,4906,IBIT
2025-11-24 13:30:00+00:00,33,2,8147,49.05,49.06,49.04,49.06,8690,IBIT
2025-11-24 13:31:00+00:00,33,2,8147,49.04,49.05,49.04,49.04,2152,IBIT
2025-11-24 13:32:00+00:00,33,2,8147,49.05,49.07,49.03,49.05,3249,IBIT
2025-11-24 13:33:00+00:00,33,2,8147,49.04,49.04,49.04,49.04,1,IBIT
2025-11-24 13:34:00+00:00,33,2,8147,49.02,49.03,48.99,48.99,1123,IBIT
2025-11-24 13:35:00+00:00,33,2,8147,49.0,49.0,48.99,48.99,622,IBIT
2025-11-24 13:36:00+00:00,33,2,8147,48.97,48.99,48.96,48.99,4111,IBIT
2025-11-24 13:37:00+00:00,33,2,8147,48.98,48.99,48.98,48.98,4417,IBIT
2025-11-24 13:38:00+00:00,33,2,8147,48.99,49.04,48.99,49.04,24726,IBIT
2025-11-24 13:39:00+00:00,33,2,8147,49.04,49.06,49.03,49.04,7915,IBIT
2025-11-24 13:40:00+00:00,33,2,8147,49.06,49.08,49.04,49.05,2852,IBIT
2025-11-24 13:41:00+00:00,33,2,8147,49.08,49.09,49.05,49.07,4346,IBIT
2025-11-24 13:42:00+00:00,33,2,8147,49.07,49.07,49.02,49.02,2496,IBIT
2025-11-24 13:43:00+00:00,33,2,8147,49.03,49.06,49.03,49.05,1351,IBIT
2025-11-24 13:44:00+00:00,33,2,8147,49.05,49.05,49.04,49.04,1080,IBIT
2025-11-24 13:45:00+00:00,33,2,8147,49.05,49.05,49.04,49.05,1535,IBIT
2025-11-24 13:46:00+00:00,33,2,8147,49.03,49.03,49.0,49.01,4655,IBIT
2025-11-24 13:47:00+00:00,33,2,8147,49.01,49.01,48.97,48.97,8462,IBIT
2025-11-24 13:48:00+00:00,33,2,8147,48.96,48.96,48.96,48.96,301,IBIT
2025-11-24 13:49:00+00:00,33,2,8147,48.95,48.97,48.95,48.96,4531,IBIT
2025-11-24 13:50:00+00:00,33,2,8147,48.98,48.98,48.94,48.94,10181,IBIT
2025-11-24 13:51:00+00:00,33,2,8147,48.95,48.97,48.94,48.97,16120,IBIT
2025-11-24 13:52:00+00:00,33,2,8147,48.97,48.98,48.96,48.97,3227,IBIT
2025-11-24 13:53:00+00:00,33,2,8147,48.95,48.95,48.91,48.92,4434,IBIT
2025-11-24 13:54:00+00:00,33,2,8147,48.94,48.94,48.91,48.94,20188,IBIT
2025-11-24 13:55:00+00:00,33,2,8147,48.92,48.93,48.92,48.93,22481,IBIT
2025-11-24 13:56:00+00:00,33,2,8147,48.92,48.94,48.92,48.93,608,IBIT
2025-11-24 13:57:00+00:00,33,2,8147,48.93,48.93,48.87,48.87,22001,IBIT
2025-11-24 13:58:00+00:00,33,2,8147,48.87,48.87,48.82,48.82,15932,IBIT
2025-11-24 13:59:00+00:00,33,2,8147,48.81,48.85,48.81,48.85,2658,IBIT
2025-11-24 14:00:00+00:00,33,2,8147,48.84,48.84,48.8,48.8,9071,IBIT
2025-11-24 14:01:00+00:00,33,2,8147,48.8,48.8,48.77,48.77,1488,IBIT
2025-11-24 14:02:00+00:00,33,2,8147,48.76,48.76,48.69,48.71,30211,IBIT
2025-11-24 14:03:00+00:00,33,2,8147,48.73,48.77,48.73,48.77,6193,IBIT
2025-11-24 14:04:00+00:00,33,2,8147,48.77,48.8,48.76,48.8,9504,IBIT
2025-11-24 14:05:00+00:00,33,2,8147,48.79,48.79,48.78,48.78,5981,IBIT
2025-11-24 14:06:00+00:00,33,2,8147,48.78,48.78,48.76,48.76,4466,IBIT
2025-11-24 14:07:00+00:00,33,2,8147,48.75,48.77,48.74,48.75,7347,IBIT
2025-11-24 14:08:00+00:00,33,2,8147,48.76,48.78,48.74,48.78,3556,IBIT
2025-11-24 14:09:00+00:00,33,2,8147,48.76,48.78,48.75,48.75,2730,IBIT
2025-11-24 14:10:00+00:00,33,2,8147,48.76,48.76,48.74,48.75,9694,IBIT
2025-11-24 14:11:00+00:00,33,2,8147,48.77,48.79,48.76,48.79,1608,IBIT
2025-11-24 14:12:00+00:00,33,2,8147,48.78,48.79,48.77,48.78,591,IBIT
2025-11-24 14:13:00+00:00,33,2,8147,48.81,48.82,48.81,48.82,2800,IBIT
2025-11-24 14:14:00+00:00,33,2,8147,48.81,48.81,48.8,48.8,5716,IBIT
2025-11-24 14:15:00+00:00,33,2,8147,48.79,48.8,48.75,48.75,7082,IBIT
2025-11-24 14:16:00+00:00,33,2,8147,48.79,48.8,48.79,48.8,81,IBIT
2025-11-24 14:17:00+00:00,33,2,8147,48.81,48.81,48.79,48.8,2000,IBIT
2025-11-24 14:18:00+00:00,33,2,8147,48.77,48.77,48.75,48.75,164,IBIT
2025-11-24 14:19:00+00:00,33,2,8147,48.76,48.77,48.76,48.77,2462,IBIT
2025-11-24 14:20:00+00:00,33,2,8147,48.76,48.77,48.74,48.76,6993,IBIT
2025-11-24 14:21:00+00:00,33,2,8147,48.76,48.76,48.73,48.75,4546,IBIT
2025-11-24 14:22:00+00:00,33,2,8147,48.74,48.77,48.74,48.77,2570,IBIT
2025-11-24 14:23:00+00:00,33,2,8147,48.76,48.8,48.76,48.8,12468,IBIT
2025-11-24 14:24:00+00:00,33,2,8147,48.8,48.8,48.76,48.76,9956,IBIT
2025-11-24 14:25:00+00:00,33,2,8147,48.77,48.79,48.74,48.79,20278,IBIT
2025-11-24 14:26:00+00:00,33,2,8147,48.79,48.79,48.76,48.79,5461,IBIT
2025-11-24 14:27:00+00:00,33,2,8147,48.78,48.83,48.78,48.82,28933,IBIT
2025-11-24 14:28:00+00:00,33,2,8147,48.8,48.8,48.77,48.79,17677,IBIT
2025-11-24 14:29:00+00:00,33,2,8147,48.79,48.8,48.72,48.73,47343,IBIT
2025-11-24 14:30:00+00:00,33,2,8147,48.73,48.86,48.72,48.8,830732,IBIT
2025-11-24 14:31:00+00:00,33,2,8147,48.82,48.97,48.82,48.94,66369,IBIT
2025-11-24 14:32:00+00:00,33,2,8147,48.935,49.01,48.91,48.95,157625,IBIT
2025-11-24 14:33:00+00:00,33,2,8147,48.95,49.0,48.93,48.97,46417,IBIT
2025-11-24 14:34:00+00:00,33,2,8147,48.98,49.045,48.93,49.04,110666,IBIT
2025-11-24 14:35:00+00:00,33,2,8147,49.05,49.13,49.015,49.09,73218,IBIT
2025-11-24 14:36:00+00:00,33,2,8147,49.09,49.1,48.95,48.955,46412,IBIT
2025-11-24 14:37:00+00:00,33,2,8147,48.96,48.995,48.81,48.86,63820,IBIT
2025-11-24 14:38:00+00:00,33,2,8147,48.86,48.86,48.77,48.8,79525,IBIT
2025-11-24 14:39:00+00:00,33,2,8147,48.81,48.855,48.765,48.78,37397,IBIT
2025-11-24 14:40:00+00:00,33,2,8147,48.79,48.825,48.64,48.64,98147,IBIT
2025-11-24 14:41:00+00:00,33,2,8147,48.64,48.75,48.62,48.75,82641,IBIT
2025-11-24 14:42:00+00:00,33,2,8147,48.75,48.84,48.75,48.81,41152,IBIT
2025-11-24 14:43:00+00:00,33,2,8147,48.805,48.805,48.615,48.63,70935,IBIT
2025-11-24 14:44:00+00:00,33,2,8147,48.635,48.635,48.465,48.51,150682,IBIT
2025-11-24 14:45:00+00:00,33,2,8147,48.5,48.64,48.49,48.54,83441,IBIT
2025-11-24 14:46:00+00:00,33,2,8147,48.54,48.62,48.51,48.6,48369,IBIT
2025-11-24 14:47:00+00:00,33,2,8147,48.59,48.6,48.52,48.56,42822,IBIT
2025-11-24 14:48:00+00:00,33,2,8147,48.55,48.59,48.53,48.54,35637,IBIT
2025-11-24 14:49:00+00:00,33,2,8147,48.535,48.545,48.45,48.45,75424,IBIT
2025-11-24 14:50:00+00:00,33,2,8147,48.45,48.45,48.33,48.365,96615,IBIT
2025-11-24 14:51:00+00:00,33,2,8147,48.36,48.465,48.345,48.43,72026,IBIT
2025-11-24 14:52:00+00:00,33,2,8147,48.44,48.58,48.44,48.55,44637,IBIT
2025-11-24 14:53:00+00:00,33,2,8147,48.53,48.67,48.53,48.67,32522,IBIT
2025-11-24 14:54:00+00:00,33,2,8147,48.67,48.67,48.57,48.6,24274,IBIT
2025-11-24 14:55:00+00:00,33,2,8147,48.61,48.67,48.57,48.6,44224,IBIT
2025-11-24 14:56:00+00:00,33,2,8147,48.6,48.68,48.6,48.68,17815,IBIT
2025-11-24 14:57:00+00:00,33,2,8147,48.68,48.74,48.67,48.71,22201,IBIT
2025-11-24 14:58:00+00:00,33,2,8147,48.705,48.81,48.665,48.74,67718,IBIT
2025-11-24 14:59:00+00:00,33,2,8147,48.74,48.85,48.73,48.85,26245,IBIT
2025-11-24 15:00:00+00:00,33,2,8147,48.88,49.0,48.86,48.88,84901,IBIT
2025-11-24 15:01:00+00:00,33,2,8147,48.87,48.895,48.825,48.88,35062,IBIT
2025-11-24 15:02:00+00:00,33,2,8147,48.91,48.995,48.91,48.98,36583,IBIT
2025-11-24 15:03:00+00:00,33,2,8147,48.98,49.04,48.96,49.04,53605,IBIT
2025-11-24 15:04:00+00:00,33,2,8147,49.04,49.055,48.995,49.055,34732,IBIT
2025-11-24 15:05:00+00:00,33,2,8147,49.06,49.08,48.99,49.0,50177,IBIT
2025-11-24 15:06:00+00:00,33,2,8147,49.0,49.125,49.0,49.11,35748,IBIT
2025-11-24 15:07:00+00:00,33,2,8147,49.11,49.18,49.105,49.135,48897,IBIT
2025-11-24 15:08:00+00:00,33,2,8147,49.14,49.14,49.03,49.055,37896,IBIT
2025-11-24 15:09:00+00:00,33,2,8147,49.06,49.13,49.06,49.065,38979,IBIT
2025-11-24 15:10:00+00:00,33,2,8147,49.065,49.205,49.04,49.175,52270,IBIT
2025-11-24 15:11:00+00:00,33,2,8147,49.175,49.185,49.0,49.04,97172,IBIT
2025-11-24 15:12:00+00:00,33,2,8147,49.04,49.05,48.92,48.96,70568,IBIT
2025-11-24 15:13:00+00:00,33,2,8147,48.97,49.015,48.94,49.01,31447,IBIT
2025-11-24 15:14:00+00:00,33,2,8147,49.015,49.1,49.0,49.06,46107,IBIT
2025-11-24 15:15:00+00:00,33,2,8147,49.06,49.095,49.025,49.08,26312,IBIT
2025-11-24 15:16:00+00:00,33,2,8147,49.08,49.08,48.94,48.96,49968,IBIT
2025-11-24 15:17:00+00:00,33,2,8147,48.97,48.99,48.92,48.92,23406,IBIT
2025-11-24 15:18:00+00:00,33,2,8147,48.93,48.94,48.88,48.91,37377,IBIT
2025-11-24 15:19:00+00:00,33,2,8147,48.91,48.935,48.83,48.84,23098,IBIT
2025-11-24 15:20:00+00:00,33,2,8147,48.85,48.88,48.82,48.86,32779,IBIT
2025-11-24 15:21:00+00:00,33,2,8147,48.85,48.85,48.81,48.83,18153,IBIT
2025-11-24 15:22:00+00:00,33,2,8147,48.84,48.87,48.83,48.87,51284,IBIT
2025-11-24 15:23:00+00:00,33,2,8147,48.89,48.975,48.89,48.91,24258,IBIT
2025-11-24 15:24:00+00:00,33,2,8147,48.89,48.89,48.825,48.85,15092,IBIT
2025-11-24 15:25:00+00:00,33,2,8147,48.855,48.855,48.76,48.79,48661,IBIT
2025-11-24 15:26:00+00:00,33,2,8147,48.78,48.8,48.74,48.75,28243,IBIT
2025-11-24 15:27:00+00:00,33,2,8147,48.74,48.81,48.73,48.79,42235,IBIT
2025-11-24 15:28:00+00:00,33,2,8147,48.79,48.86,48.79,48.86,12336,IBIT
2025-11-24 15:29:00+00:00,33,2,8147,48.87,48.885,48.82,48.83,17906,IBIT
2025-11-24 15:30:00+00:00,33,2,8147,48.825,48.825,48.76,48.815,22923,IBIT
2025-11-24 15:31:00+00:00,33,2,8147,48.81,48.91,48.81,48.9,30170,IBIT
2025-11-24 15:32:00+00:00,33,2,8147,48.92,48.96,48.92,48.95,19487,IBIT
2025-11-24 15:33:00+00:00,33,2,8147,48.965,48.99,48.96,48.99,16254,IBIT
2025-11-24 15:34:00+00:00,33,2,8147,48.99,49.07,48.99,49.03,38087,IBIT
2025-11-24 15:35:00+00:00,33,2,8147,49.05,49.05,48.99,49.045,32778,IBIT
2025-11-24 15:36:00+00:00,33,2,8147,49.04,49.04,48.96,48.97,22857,IBIT
2025-11-24 15:37:00+00:00,33,2,8147,48.975,49.005,48.95,48.96,13145,IBIT
2025-11-24 15:38:00+00:00,33,2,8147,48.965,48.995,48.93,48.995,13594,IBIT
2025-11-24 15:39:00+00:00,33,2,8147,49.01,49.055,49.005,49.04,27768,IBIT
2025-11-24 15:40:00+00:00,33,2,8147,49.045,49.05,49.02,49.05,23533,IBIT
2025-11-24 15:41:00+00:00,33,2,8147,49.06,49.07,49.05,49.05,25292,IBIT
2025-11-24 15:42:00+00:00,33,2,8147,49.05,49.135,49.04,49.08,111155,IBIT
2025-11-24 15:43:00+00:00,33,2,8147,49.08,49.1,49.05,49.095,13647,IBIT
2025-11-24 15:44:00+00:00,33,2,8147,49.1,49.11,49.075,49.08,6092,IBIT
2025-11-24 15:45:00+00:00,33,2,8147,49.08,49.155,49.08,49.13,24889,IBIT
2025-11-24 15:46:00+00:00,33,2,8147,49.13,49.15,49.115,49.115,21901,IBIT
2025-11-24 15:47:00+00:00,33,2,8147,49.12,49.145,49.12,49.13,12889,IBIT
2025-11-24 15:48:00+00:00,33,2,8147,49.13,49.175,49.125,49.165,15321,IBIT
2025-11-24 15:49:00+00:00,33,2,8147,49.165,49.19,49.14,49.14,42179,IBIT
2025-11-24 15:50:00+00:00,33,2,8147,49.13,49.145,49.11,49.14,20148,IBIT
2025-11-24 15:51:00+00:00,33,2,8147,49.14,49.17,49.14,49.14,21968,IBIT
2025-11-24 15:52:00+00:00,33,2,8147,49.13,49.13,49.06,49.06,31595,IBIT
2025-11-24 15:53:00+00:00,33,2,8147,49.07,49.08,49.04,49.04,18876,IBIT
2025-11-24 15:54:00+00:00,33,2,8147,49.04,49.06,49.04,49.04,11473,IBIT
2025-11-24 15:55:00+00:00,33,2,8147,49.03,49.03,48.99,49.015,51478,IBIT
2025-11-24 15:56:00+00:00,33,2,8147,49.01,49.085,49.01,49.085,14735,IBIT
2025-11-24 15:57:00+00:00,33,2,8147,49.09,49.11,49.09,49.1,13604,IBIT
2025-11-24 15:58:00+00:00,33,2,8147,49.125,49.125,49.11,49.115,11708,IBIT
2025-11-24 15:59:00+00:00,33,2,8147,49.12,49.145,49.12,49.14,16163,IBIT
2025-11-24 16:00:00+00:00,33,2,8147,49.14,49.2,49.14,49.2,58686,IBIT
2025-11-24 16:01:00+00:00,33,2,8147,49.2,49.24,49.18,49.235,19521,IBIT
2025-11-24 16:02:00+00:00,33,2,8147,49.24,49.41,49.22,49.39,78161,IBIT
2025-11-24 16:03:00+00:00,33,2,8147,49.395,49.465,49.37,49.415,102057,IBIT
2025-11-24 16:04:00+00:00,33,2,8147,49.42,49.48,49.39,49.415,72614,IBIT
2025-11-24 16:05:00+00:00,33,2,8147,49.41,49.41,49.32,49.335,37372,IBIT
2025-11-24 16:06:00+00:00,33,2,8147,49.345,49.365,49.28,49.28,22107,IBIT
2025-11-24 16:07:00+00:00,33,2,8147,49.28,49.295,49.245,49.29,32642,IBIT
2025-11-24 16:08:00+00:00,33,2,8147,49.3,49.375,49.3,49.375,11324,IBIT
2025-11-24 16:09:00+00:00,33,2,8147,49.375,49.435,49.35,49.385,25749,IBIT
2025-11-24 16:10:00+00:00,33,2,8147,49.385,49.385,49.3,49.33,23132,IBIT
2025-11-24 16:11:00+00:00,33,2,8147,49.34,49.34,49.29,49.305,19686,IBIT
2025-11-24 16:12:00+00:00,33,2,8147,49.31,49.355,49.31,49.355,12761,IBIT
2025-11-24 16:13:00+00:00,33,2,8147,49.37,49.375,49.29,49.295,26218,IBIT
2025-11-24 16:14:00+00:00,33,2,8147,49.29,49.315,49.27,49.295,13935,IBIT
2025-11-24 16:15:00+00:00,33,2,8147,49.3,49.355,49.3,49.34,9756,IBIT
2025-11-24 16:16:00+00:00,33,2,8147,49.34,49.365,49.3,49.345,20840,IBIT
2025-11-24 16:17:00+00:00,33,2,8147,49.345,49.36,49.31,49.335,37597,IBIT
2025-11-24 16:18:00+00:00,33,2,8147,49.335,49.385,49.335,49.35,7477,IBIT
2025-11-24 16:19:00+00:00,33,2,8147,49.35,49.48,49.35,49.455,62597,IBIT
2025-11-24 16:20:00+00:00,33,2,8147,49.455,49.47,49.43,49.47,24672,IBIT
2025-11-24 16:21:00+00:00,33,2,8147,49.47,49.48,49.43,49.46,15356,IBIT
2025-11-24 16:22:00+00:00,33,2,8147,49.46,49.49,49.46,49.48,24237,IBIT
2025-11-24 16:23:00+00:00,33,2,8147,49.475,49.475,49.42,49.44,35001,IBIT
2025-11-24 16:24:00+00:00,33,2,8147,49.435,49.49,49.41,49.49,9351,IBIT
2025-11-24 16:25:00+00:00,33,2,8147,49.5,49.54,49.5,49.525,39336,IBIT
2025-11-24 16:26:00+00:00,33,2,8147,49.52,49.54,49.495,49.53,32679,IBIT
2025-11-24 16:27:00+00:00,33,2,8147,49.52,49.555,49.505,49.51,36624,IBIT
2025-11-24 16:28:00+00:00,33,2,8147,49.51,49.515,49.45,49.475,9707,IBIT
2025-11-24 16:29:00+00:00,33,2,8147,49.48,49.495,49.465,49.495,11408,IBIT
2025-11-24 16:30:00+00:00,33,2,8147,49.49,49.52,49.475,49.52,16630,IBIT
2025-11-24 16:31:00+00:00,33,2,8147,49.53,49.54,49.435,49.44,27575,IBIT
2025-11-24 16:32:00+00:00,33,2,8147,49.44,49.445,49.4,49.42,26967,IBIT
2025-11-24 16:33:00+00:00,33,2,8147,49.42,49.45,49.4,49.45,28360,IBIT
2025-11-24 16:34:00+00:00,33,2,8147,49.45,49.51,49.45,49.465,21202,IBIT
2025-11-24 16:35:00+00:00,33,2,8147,49.46,49.465,49.415,49.42,14048,IBIT
2025-11-24 16:36:00+00:00,33,2,8147,49.42,49.47,49.42,49.47,20957,IBIT
2025-11-24 16:37:00+00:00,33,2,8147,49.485,49.515,49.46,49.51,19657,IBIT
2025-11-24 16:38:00+00:00,33,2,8147,49.5,49.5,49.45,49.47,24198,IBIT
2025-11-24 16:39:00+00:00,33,2,8147,49.475,49.51,49.475,49.495,8651,IBIT
2025-11-24 16:40:00+00:00,33,2,8147,49.5,49.525,49.485,49.515,5538,IBIT
2025-11-24 16:41:00+00:00,33,2,8147,49.515,49.515,49.485,49.5,11749,IBIT
2025-11-24 16:42:00+00:00,33,2,8147,49.495,49.54,49.48,49.535,14411,IBIT
2025-11-24 16:43:00+00:00,33,2,8147,49.545,49.645,49.545,49.64,28112,IBIT
2025-11-24 16:44:00+00:00,33,2,8147,49.64,49.665,49.625,49.65,16705,IBIT
2025-11-24 16:45:00+00:00,33,2,8147,49.655,49.66,49.61,49.64,23779,IBIT
2025-11-24 16:46:00+00:00,33,2,8147,49.65,49.71,49.63,49.705,49436,IBIT
2025-11-24 16:47:00+00:00,33,2,8147,49.71,49.75,49.66,49.71,57076,IBIT
2025-11-24 16:48:00+00:00,33,2,8147,49.71,49.75,49.59,49.6,57120,IBIT
2025-11-24 16:49:00+00:00,33,2,8147,49.6,49.625,49.58,49.62,16339,IBIT
2025-11-24 16:50:00+00:00,33,2,8147,49.61,49.62,49.575,49.58,21509,IBIT
2025-11-24 16:51:00+00:00,33,2,8147,49.58,49.62,49.54,49.555,17495,IBIT
2025-11-24 16:52:00+00:00,33,2,8147,49.55,49.55,49.51,49.52,20551,IBIT
2025-11-24 16:53:00+00:00,33,2,8147,49.53,49.565,49.53,49.545,11878,IBIT
2025-11-24 16:54:00+00:00,33,2,8147,49.55,49.555,49.51,49.53,22161,IBIT
2025-11-24 16:55:00+00:00,33,2,8147,49.535,49.535,49.47,49.49,37967,IBIT
2025-11-24 16:56:00+00:00,33,2,8147,49.485,49.52,49.48,49.49,10875,IBIT
2025-11-24 16:57:00+00:00,33,2,8147,49.485,49.515,49.465,49.505,9434,IBIT
2025-11-24 16:58:00+00:00,33,2,8147,49.5,49.5,49.455,49.47,19242,IBIT
2025-11-24 16:59:00+00:00,33,2,8147,49.48,49.49,49.465,49.465,6834,IBIT
2025-11-24 17:00:00+00:00,33,2,8147,49.465,49.525,49.465,49.52,16976,IBIT
2025-11-24 17:01:00+00:00,33,2,8147,49.52,49.55,49.51,49.54,11391,IBIT
2025-11-24 17:02:00+00:00,33,2,8147,49.55,49.555,49.505,49.515,21419,IBIT
2025-11-24 17:03:00+00:00,33,2,8147,49.51,49.51,49.46,49.475,12538,IBIT
2025-11-24 17:04:00+00:00,33,2,8147,49.48,49.53,49.475,49.48,17975,IBIT
2025-11-24 17:05:00+00:00,33,2,8147,49.48,49.51,49.42,49.43,15634,IBIT
2025-11-24 17:06:00+00:00,33,2,8147,49.425,49.425,49.38,49.425,15019,IBIT
2025-11-24 17:07:00+00:00,33,2,8147,49.425,49.445,49.405,49.415,16040,IBIT
2025-11-24 17:08:00+00:00,33,2,8147,49.415,49.435,49.39,49.43,16627,IBIT
2025-11-24 17:09:00+00:00,33,2,8147,49.43,49.43,49.385,49.39,13352,IBIT
2025-11-24 17:10:00+00:00,33,2,8147,49.38,49.4,49.365,49.37,6629,IBIT
2025-11-24 17:11:00+00:00,33,2,8147,49.36,49.4,49.325,49.37,21642,IBIT
2025-11-24 17:12:00+00:00,33,2,8147,49.365,49.405,49.365,49.4,8035,IBIT
2025-11-24 17:13:00+00:00,33,2,8147,49.39,49.41,49.355,49.39,22180,IBIT
2025-11-24 17:14:00+00:00,33,2,8147,49.385,49.395,49.355,49.36,29375,IBIT
2025-11-24 17:15:00+00:00,33,2,8147,49.36,49.365,49.33,49.35,29853,IBIT
2025-11-24 17:16:00+00:00,33,2,8147,49.355,49.41,49.355,49.4,22059,IBIT
2025-11-24 17:17:00+00:00,33,2,8147,49.395,49.455,49.385,49.425,9335,IBIT
2025-11-24 17:18:00+00:00,33,2,8147,49.435,49.435,49.405,49.41,11433,IBIT
2025-11-24 17:19:00+00:00,33,2,8147,49.42,49.455,49.42,49.45,19644,IBIT
2025-11-24 17:20:00+00:00,33,2,8147,49.45,49.45,49.365,49.375,33893,IBIT
2025-11-24 17:21:00+00:00,33,2,8147,49.38,49.475,49.375,49.465,36215,IBIT
2025-11-24 17:22:00+00:00,33,2,8147,49.47,49.525,49.465,49.51,13061,IBIT
2025-11-24 17:23:00+00:00,33,2,8147,49.52,49.525,49.475,49.505,25694,IBIT
2025-11-24 17:24:00+00:00,33,2,8147,49.51,49.6,49.5,49.59,23102,IBIT
2025-11-24 17:25:00+00:00,33,2,8147,49.58,49.68,49.565,49.67,40799,IBIT
2025-11-24 17:26:00+00:00,33,2,8147,49.67,49.69,49.62,49.645,24827,IBIT
2025-11-24 17:27:00+00:00,33,2,8147,49.65,49.75,49.65,49.735,41747,IBIT
2025-11-24 17:28:00+00:00,33,2,8147,49.74,49.77,49.735,49.77,23532,IBIT
2025-11-24 17:29:00+00:00,33,2,8147,49.76,49.775,49.725,49.76,34628,IBIT
2025-11-24 17:30:00+00:00,33,2,8147,49.76,49.79,49.735,49.75,23258,IBIT
2025-11-24 17:31:00+00:00,33,2,8147,49.755,49.78,49.74,49.76,23286,IBIT
2025-11-24 17:32:00+00:00,33,2,8147,49.76,49.77,49.71,49.76,16833,IBIT
2025-11-24 17:33:00+00:00,33,2,8147,49.765,49.83,49.76,49.815,22572,IBIT
2025-11-24 17:34:00+00:00,33,2,8147,49.82,49.875,49.815,49.855,56660,IBIT
2025-11-24 17:35:00+00:00,33,2,8147,49.85,49.86,49.8,49.82,26346,IBIT
2025-11-24 17:36:00+00:00,33,2,8147,49.825,49.85,49.81,49.84,15422,IBIT
2025-11-24 17:37:00+00:00,33,2,8147,49.835,49.845,49.8,49.835,13779,IBIT
2025-11-24 17:38:00+00:00,33,2,8147,49.84,49.88,49.835,49.875,20687,IBIT
2025-11-24 17:39:00+00:00,33,2,8147,49.885,49.895,49.865,49.88,26213,IBIT
2025-11-24 17:40:00+00:00,33,2,8147,49.89,49.925,49.875,49.92,40952,IBIT
2025-11-24 17:41:00+00:00,33,2,8147,49.925,49.94,49.88,49.89,40846,IBIT
2025-11-24 17:42:00+00:00,33,2,8147,49.89,49.925,49.875,49.885,41583,IBIT
2025-11-24 17:43:00+00:00,33,2,8147,49.9,49.92,49.9,49.905,29517,IBIT
2025-11-24 17:44:00+00:00,33,2,8147,49.9,49.905,49.88,49.895,14878,IBIT
2025-11-24 17:45:00+00:00,33,2,8147,49.9,49.955,49.89,49.955,19323,IBIT
2025-11-24 17:46:00+00:00,33,2,8147,49.95,49.95,49.89,49.9,31863,IBIT
2025-11-24 17:47:00+00:00,33,2,8147,49.91,49.935,49.89,49.92,27427,IBIT
2025-11-24 17:48:00+00:00,33,2,8147,49.92,49.955,49.92,49.95,19565,IBIT
2025-11-24 17:49:00+00:00,33,2,8147,49.95,49.97,49.95,49.96,31031,IBIT
2025-11-24 17:50:00+00:00,33,2,8147,49.955,49.965,49.955,49.965,5030,IBIT
2025-11-24 17:51:00+00:00,33,2,8147,49.96,49.96,49.92,49.93,15768,IBIT
2025-11-24 17:52:00+00:00,33,2,8147,49.935,49.935,49.875,49.885,39776,IBIT
2025-11-24 17:53:00+00:00,33,2,8147,49.885,49.94,49.885,49.93,9168,IBIT
2025-11-24 17:54:00+00:00,33,2,8147,49.945,49.965,49.93,49.94,11260,IBIT
2025-11-24 17:55:00+00:00,33,2,8147,49.915,50.015,49.915,50.0,153412,IBIT
2025-11-24 17:56:00+00:00,33,2,8147,49.995,50.06,49.99,50.04,46629,IBIT
2025-11-24 17:57:00+00:00,33,2,8147,50.045,50.135,50.04,50.13,47896,IBIT
2025-11-24 17:58:00+00:00,33,2,8147,50.12,50.195,50.12,50.19,72715,IBIT
2025-11-24 17:59:00+00:00,33,2,8147,50.185,50.195,50.14,50.155,70623,IBIT
2025-11-24 18:00:00+00:00,33,2,8147,50.16,50.22,50.16,50.215,38298,IBIT
2025-11-24 18:01:00+00:00,33,2,8147,50.215,50.255,50.19,50.23,49077,IBIT
2025-11-24 18:02:00+00:00,33,2,8147,50.23,50.25,50.18,50.2,32351,IBIT
2025-11-24 18:03:00+00:00,33,2,8147,50.2,50.205,50.11,50.11,36665,IBIT
2025-11-24 18:04:00+00:00,33,2,8147,50.105,50.12,50.07,50.09,29725,IBIT
2025-11-24 18:05:00+00:00,33,2,8147,50.09,50.18,50.075,50.18,50806,IBIT
2025-11-24 18:06:00+00:00,33,2,8147,50.19,50.21,50.16,50.21,35379,IBIT
2025-11-24 18:07:00+00:00,33,2,8147,50.225,50.285,50.215,50.26,51464,IBIT
2025-11-24 18:08:00+00:00,33,2,8147,50.26,50.265,50.2,50.21,20135,IBIT
2025-11-24 18:09:00+00:00,33,2,8147,50.215,50.22,50.15,50.175,29763,IBIT
2025-11-24 18:10:00+00:00,33,2,8147,50.18,50.225,50.18,50.2,10118,IBIT
2025-11-24 18:11:00+00:00,33,2,8147,50.195,50.195,50.17,50.195,9722,IBIT
2025-11-24 18:12:00+00:00,33,2,8147,50.2,50.23,50.19,50.21,39589,IBIT
2025-11-24 18:13:00+00:00,33,2,8147,50.215,50.255,50.2,50.24,27873,IBIT
2025-11-24 18:14:00+00:00,33,2,8147,50.24,50.245,50.21,50.21,24779,IBIT
2025-11-24 18:15:00+00:00,33,2,8147,50.23,50.23,50.17,50.19,39265,IBIT
2025-11-24 18:16:00+00:00,33,2,8147,50.195,50.195,50.175,50.18,31511,IBIT
2025-11-24 18:17:00+00:00,33,2,8147,50.19,50.215,50.185,50.215,15967,IBIT
2025-11-24 18:18:00+00:00,33,2,8147,50.22,50.255,50.22,50.235,32916,IBIT
2025-11-24 18:19:00+00:00,33,2,8147,50.235,50.235,50.195,50.21,27998,IBIT
2025-11-24 18:20:00+00:00,33,2,8147,50.205,50.24,50.205,50.22,23708,IBIT
2025-11-24 18:21:00+00:00,33,2,8147,50.225,50.225,50.195,50.205,8671,IBIT
2025-11-24 18:22:00+00:00,33,2,8147,50.2,50.2,50.135,50.145,53363,IBIT
2025-11-24 18:23:00+00:00,33,2,8147,50.15,50.195,50.125,50.135,39619,IBIT
2025-11-24 18:24:00+00:00,33,2,8147,50.14,50.155,50.125,50.135,23943,IBIT
2025-11-24 18:25:00+00:00,33,2,8147,50.13,50.13,50.08,50.095,12871,IBIT
2025-11-24 18:26:00+00:00,33,2,8147,50.095,50.135,50.09,50.125,29425,IBIT
2025-11-24 18:27:00+00:00,33,2,8147,50.125,50.155,50.11,50.15,14966,IBIT
2025-11-24 18:28:00+00:00,33,2,8147,50.15,50.175,50.15,50.175,19780,IBIT
2025-11-24 18:29:00+00:00,33,2,8147,50.175,50.185,50.145,50.16,31645,IBIT
2025-11-24 18:30:00+00:00,33,2,8147,50.16,50.16,50.07,50.09,32521,IBIT
2025-11-24 18:31:00+00:00,33,2,8147,50.085,50.155,50.085,50.13,12992,IBIT
2025-11-24 18:32:00+00:00,33,2,8147,50.14,50.205,50.14,50.2,16243,IBIT
2025-11-24 18:33:00+00:00,33,2,8147,50.205,50.225,50.2,50.21,11500,IBIT
2025-11-24 18:34:00+00:00,33,2,8147,50.21,50.215,50.18,50.195,12186,IBIT
2025-11-24 18:35:00+00:00,33,2,8147,50.19,50.19,50.155,50.155,12741,IBIT
2025-11-24 18:36:00+00:00,33,2,8147,50.16,50.2,50.16,50.175,9680,IBIT
2025-11-24 18:37:00+00:00,33,2,8147,50.17,50.17,50.1,50.14,19853,IBIT
2025-11-24 18:38:00+00:00,33,2,8147,50.135,50.17,50.12,50.12,15383,IBIT
2025-11-24 18:39:00+00:00,33,2,8147,50.12,50.185,50.12,50.165,25497,IBIT
2025-11-24 18:40:00+00:00,33,2,8147,50.16,50.175,50.13,50.155,23453,IBIT
2025-11-24 18:41:00+00:00,33,2,8147,50.15,50.15,50.14,50.15,13968,IBIT
2025-11-24 18:42:00+00:00,33,2,8147,50.155,50.175,50.15,50.155,12633,IBIT
2025-11-24 18:43:00+00:00,33,2,8147,50.155,50.17,50.145,50.16,16151,IBIT
2025-11-24 18:44:00+00:00,33,2,8147,50.165,50.185,50.16,50.18,22158,IBIT
2025-11-24 18:45:00+00:00,33,2,8147,50.185,50.235,50.185,50.215,21708,IBIT
2025-11-24 18:46:00+00:00,33,2,8147,50.22,50.225,50.195,50.195,13387,IBIT
2025-11-24 18:47:00+00:00,33,2,8147,50.195,50.235,50.195,50.22,25038,IBIT
2025-11-24 18:48:00+00:00,33,2,8147,50.225,50.295,50.225,50.29,32550,IBIT
2025-11-24 18:49:00+00:00,33,2,8147,50.28,50.3,50.27,50.295,10132,IBIT
2025-11-24 18:50:00+00:00,33,2,8147,50.31,50.335,50.29,50.29,39599,IBIT
2025-11-24 18:51:00+00:00,33,2,8147,50.29,50.31,50.28,50.29,33022,IBIT
2025-11-24 18:52:00+00:00,33,2,8147,50.29,50.335,50.285,50.33,24439,IBIT
2025-11-24 18:53:00+00:00,33,2,8147,50.335,50.335,50.295,50.315,13520,IBIT
2025-11-24 18:54:00+00:00,33,2,8147,50.31,50.33,50.3,50.31,18456,IBIT
2025-11-24 18:55:00+00:00,33,2,8147,50.31,50.315,50.29,50.3,17258,IBIT
2025-11-24 18:56:00+00:00,33,2,8147,50.305,50.305,50.285,50.305,11820,IBIT
2025-11-24 18:57:00+00:00,33,2,8147,50.305,50.32,50.29,50.32,24798,IBIT
2025-11-24 18:58:00+00:00,33,2,8147,50.32,50.345,50.31,50.34,22480,IBIT
2025-11-24 18:59:00+00:00,33,2,8147,50.345,50.35,50.34,50.345,6304,IBIT
2025-11-24 19:00:00+00:00,33,2,8147,50.345,50.345,50.3,50.3,25216,IBIT
2025-11-24 19:01:00+00:00,33,2,8147,50.31,50.355,50.31,50.315,14587,IBIT
2025-11-24 19:02:00+00:00,33,2,8147,50.32,50.365,50.32,50.32,26308,IBIT
2025-11-24 19:03:00+00:00,33,2,8147,50.325,50.375,50.325,50.37,24861,IBIT
2025-11-24 19:04:00+00:00,33,2,8147,50.38,50.4,50.38,50.4,14307,IBIT
2025-11-24 19:05:00+00:00,33,2,8147,50.4,50.415,50.395,50.41,14340,IBIT
2025-11-24 19:06:00+00:00,33,2,8147,50.41,50.425,50.41,50.42,18260,IBIT
2025-11-24 19:07:00+00:00,33,2,8147,50.425,50.425,50.41,50.42,4147,IBIT
2025-11-24 19:08:00+00:00,33,2,8147,50.425,50.435,50.39,50.4,20465,IBIT
2025-11-24 19:09:00+00:00,33,2,8147,50.395,50.395,50.37,50.38,32976,IBIT
2025-11-24 19:10:00+00:00,33,2,8147,50.375,50.375,50.33,50.34,19750,IBIT
2025-11-24 19:11:00+00:00,33,2,8147,50.345,50.345,50.3,50.305,14547,IBIT
2025-11-24 19:12:00+00:00,33,2,8147,50.31,50.31,50.27,50.28,44254,IBIT
2025-11-24 19:13:00+00:00,33,2,8147,50.3,50.3,50.265,50.285,9839,IBIT
2025-11-24 19:14:00+00:00,33,2,8147,50.29,50.335,50.29,50.335,6587,IBIT
2025-11-24 19:15:00+00:00,33,2,8147,50.335,50.34,50.29,50.3,14126,IBIT
2025-11-24 19:16:00+00:00,33,2,8147,50.3,50.345,50.29,50.33,8387,IBIT
2025-11-24 19:17:00+00:00,33,2,8147,50.33,50.34,50.295,50.31,4922,IBIT
2025-11-24 19:18:00+00:00,33,2,8147,50.32,50.385,50.32,50.385,12738,IBIT
2025-11-24 19:19:00+00:00,33,2,8147,50.385,50.39,50.36,50.36,8163,IBIT
2025-11-24 19:20:00+00:00,33,2,8147,50.37,50.37,50.33,50.34,14623,IBIT
2025-11-24 19:21:00+00:00,33,2,8147,50.335,50.34,50.315,50.32,8895,IBIT
2025-11-24 19:22:00+00:00,33,2,8147,50.315,50.315,50.285,50.29,22344,IBIT
2025-11-24 19:23:00+00:00,33,2,8147,50.29,50.33,50.28,50.315,9953,IBIT
2025-11-24 19:24:00+00:00,33,2,8147,50.31,50.32,50.285,50.29,13106,IBIT
2025-11-24 19:25:00+00:00,33,2,8147,50.28,50.295,50.27,50.28,20473,IBIT
2025-11-24 19:26:00+00:00,33,2,8147,50.27,50.275,50.255,50.265,15974,IBIT
2025-11-24 19:27:00+00:00,33,2,8147,50.26,50.265,50.24,50.25,25593,IBIT
2025-11-24 19:28:00+00:00,33,2,8147,50.25,50.275,50.25,50.275,14260,IBIT
2025-11-24 19:29:00+00:00,33,2,8147,50.28,50.32,50.265,50.32,14758,IBIT
2025-11-24 19:30:00+00:00,33,2,8147,50.32,50.35,50.32,50.33,29609,IBIT
2025-11-24 19:31:00+00:00,33,2,8147,50.325,50.335,50.31,50.32,14719,IBIT
2025-11-24 19:32:00+00:00,33,2,8147,50.32,50.34,50.31,50.33,13488,IBIT
2025-11-24 19:33:00+00:00,33,2,8147,50.32,50.375,50.32,50.37,12691,IBIT
2025-11-24 19:34:00+00:00,33,2,8147,50.36,50.36,50.335,50.36,7759,IBIT
2025-11-24 19:35:00+00:00,33,2,8147,50.365,50.365,50.335,50.34,10615,IBIT
2025-11-24 19:36:00+00:00,33,2,8147,50.34,50.35,50.315,50.34,15066,IBIT
2025-11-24 19:37:00+00:00,33,2,8147,50.345,50.35,50.33,50.33,12232,IBIT
2025-11-24 19:38:00+00:00,33,2,8147,50.33,50.41,50.33,50.405,26139,IBIT
2025-11-24 19:39:00+00:00,33,2,8147,50.405,50.41,50.375,50.375,9033,IBIT
2025-11-24 19:40:00+00:00,33,2,8147,50.37,50.38,50.33,50.34,7337,IBIT
2025-11-24 19:41:00+00:00,33,2,8147,50.345,50.345,50.32,50.32,10786,IBIT
2025-11-24 19:42:00+00:00,33,2,8147,50.325,50.325,50.18,50.19,38093,IBIT
2025-11-24 19:43:00+00:00,33,2,8147,50.18,50.205,50.155,50.17,23783,IBIT
2025-11-24 19:44:00+00:00,33,2,8147,50.165,50.205,50.165,50.205,13220,IBIT
2025-11-24 19:45:00+00:00,33,2,8147,50.2,50.22,50.185,50.2,33451,IBIT
2025-11-24 19:46:00+00:00,33,2,8147,50.195,50.205,50.18,50.205,10829,IBIT
2025-11-24 19:47:00+00:00,33,2,8147,50.205,50.205,50.175,50.18,20040,IBIT
2025-11-24 19:48:00+00:00,33,2,8147,50.175,50.175,50.115,50.135,25058,IBIT
2025-11-24 19:49:00+00:00,33,2,8147,50.135,50.14,50.11,50.125,7774,IBIT
2025-11-24 19:50:00+00:00,33,2,8147,50.125,50.16,50.125,50.16,9208,IBIT
2025-11-24 19:51:00+00:00,33,2,8147,50.165,50.165,50.145,50.16,14264,IBIT
2025-11-24 19:52:00+00:00,33,2,8147,50.165,50.185,50.165,50.185,18955,IBIT
2025-11-24 19:53:00+00:00,33,2,8147,50.185,50.19,50.125,50.14,16747,IBIT
2025-11-24 19:54:00+00:00,33,2,8147,50.135,50.155,50.04,50.05,62112,IBIT
2025-11-24 19:55:00+00:00,33,2,8147,50.07,50.105,50.065,50.075,30674,IBIT
2025-11-24 19:56:00+00:00,33,2,8147,50.07,50.09,50.03,50.07,64584,IBIT
2025-11-24 19:57:00+00:00,33,2,8147,50.07,50.11,50.05,50.11,15850,IBIT
2025-11-24 19:58:00+00:00,33,2,8147,50.1,50.11,50.08,50.105,10720,IBIT
2025-11-24 19:59:00+00:00,33,2,8147,50.105,50.145,50.105,50.135,15020,IBIT
2025-11-24 20:00:00+00:00,33,2,8147,50.135,50.18,50.13,50.175,48671,IBIT
2025-11-24 20:01:00+00:00,33,2,8147,50.175,50.23,50.175,50.23,11738,IBIT
2025-11-24 20:02:00+00:00,33,2,8147,50.225,50.265,50.225,50.265,38788,IBIT
2025-11-24 20:03:00+00:00,33,2,8147,50.27,50.275,50.255,50.255,21929,IBIT
2025-11-24 20:04:00+00:00,33,2,8147,50.26,50.265,50.185,50.235,44835,IBIT
2025-11-24 20:05:00+00:00,33,2,8147,50.23,50.235,50.185,50.225,28235,IBIT
2025-11-24 20:06:00+00:00,33,2,8147,50.225,50.235,50.21,50.225,13448,IBIT
2025-11-24 20:07:00+00:00,33,2,8147,50.22,50.26,50.22,50.26,13860,IBIT
2025-11-24 20:08:00+00:00,33,2,8147,50.265,50.275,50.245,50.26,25304,IBIT
2025-11-24 20:09:00+00:00,33,2,8147,50.25,50.28,50.245,50.275,20790,IBIT
2025-11-24 20:10:00+00:00,33,2,8147,50.275,50.29,50.275,50.285,108050,IBIT
2025-11-24 20:11:00+00:00,33,2,8147,50.285,50.365,50.285,50.36,19383,IBIT
2025-11-24 20:12:00+00:00,33,2,8147,50.375,50.375,50.31,50.315,40184,IBIT
2025-11-24 20:13:00+00:00,33,2,8147,50.315,50.39,50.315,50.365,27724,IBIT
2025-11-24 20:14:00+00:00,33,2,8147,50.365,50.365,50.325,50.325,26485,IBIT
2025-11-24 20:15:00+00:00,33,2,8147,50.33,50.335,50.295,50.315,22815,IBIT
2025-11-24 20:16:00+00:00,33,2,8147,50.315,50.34,50.305,50.34,17580,IBIT
2025-11-24 20:17:00+00:00,33,2,8147,50.345,50.375,50.345,50.365,25892,IBIT
2025-11-24 20:18:00+00:00,33,2,8147,50.365,50.385,50.36,50.385,12960,IBIT
2025-11-24 20:19:00+00:00,33,2,8147,50.385,50.425,50.385,50.395,31388,IBIT
2025-11-24 20:20:00+00:00,33,2,8147,50.395,50.405,50.365,50.395,28075,IBIT
2025-11-24 20:21:00+00:00,33,2,8147,50.395,50.445,50.39,50.445,15420,IBIT
2025-11-24 20:22:00+00:00,33,2,8147,50.445,50.45,50.355,50.355,23075,IBIT
2025-11-24 20:23:00+00:00,33,2,8147,50.365,50.4,50.365,50.395,26067,IBIT
2025-11-24 20:24:00+00:00,33,2,8147,50.395,50.395,50.375,50.38,23318,IBIT
2025-11-24 20:25:00+00:00,33,2,8147,50.375,50.375,50.325,50.335,91368,IBIT
2025-11-24 20:26:00+00:00,33,2,8147,50.33,50.34,50.305,50.34,33877,IBIT
2025-11-24 20:27:00+00:00,33,2,8147,50.34,50.38,50.34,50.375,18844,IBIT
2025-11-24 20:28:00+00:00,33,2,8147,50.38,50.435,50.38,50.43,55913,IBIT
2025-11-24 20:29:00+00:00,33,2,8147,50.43,50.445,50.425,50.435,18797,IBIT
2025-11-24 20:30:00+00:00,33,2,8147,50.435,50.445,50.415,50.415,43720,IBIT
2025-11-24 20:31:00+00:00,33,2,8147,50.415,50.425,50.415,50.415,4308,IBIT
2025-11-24 20:32:00+00:00,33,2,8147,50.415,50.425,50.37,50.37,53878,IBIT
2025-11-24 20:33:00+00:00,33,2,8147,50.375,50.385,50.37,50.38,18083,IBIT
2025-11-24 20:34:00+00:00,33,2,8147,50.385,50.425,50.385,50.415,57014,IBIT
2025-11-24 20:35:00+00:00,33,2,8147,50.42,50.455,50.42,50.44,33020,IBIT
2025-11-24 20:36:00+00:00,33,2,8147,50.445,50.465,50.42,50.465,21395,IBIT
2025-11-24 20:37:00+00:00,33,2,8147,50.47,50.48,50.46,50.47,36862,IBIT
2025-11-24 20:38:00+00:00,33,2,8147,50.475,50.51,50.475,50.495,50699,IBIT
2025-11-24 20:39:00+00:00,33,2,8147,50.49,50.505,50.475,50.48,22160,IBIT
2025-11-24 20:40:00+00:00,33,2,8147,50.485,50.505,50.455,50.47,43422,IBIT
2025-11-24 20:41:00+00:00,33,2,8147,50.475,50.495,50.455,50.475,41190,IBIT
2025-11-24 20:42:00+00:00,33,2,8147,50.48,50.48,50.435,50.44,43773,IBIT
2025-11-24 20:43:00+00:00,33,2,8147,50.45,50.475,50.435,50.475,36380,IBIT
2025-11-24 20:44:00+00:00,33,2,8147,50.475,50.49,50.455,50.49,15025,IBIT
2025-11-24 20:45:00+00:00,33,2,8147,50.49,50.525,50.49,50.525,49037,IBIT
2025-11-24 20:46:00+00:00,33,2,8147,50.53,50.56,50.53,50.55,46361,IBIT
2025-11-24 20:47:00+00:00,33,2,8147,50.55,50.565,50.535,50.545,22616,IBIT
2025-11-24 20:48:00+00:00,33,2,8147,50.545,50.555,50.535,50.545,27549,IBIT
2025-11-24 20:49:00+00:00,33,2,8147,50.54,50.595,50.54,50.585,29478,IBIT
2025-11-24 20:50:00+00:00,33,2,8147,50.585,50.59,50.53,50.56,78633,IBIT
2025-11-24 20:51:00+00:00,33,2,8147,50.555,50.625,50.545,50.615,131876,IBIT
2025-11-24 20:52:00+00:00,33,2,8147,50.615,50.615,50.55,50.555,61062,IBIT
2025-11-24 20:53:00+00:00,33,2,8147,50.555,50.605,50.555,50.605,30867,IBIT
2025-11-24 20:54:00+00:00,33,2,8147,50.61,50.655,50.61,50.65,65240,IBIT
2025-11-24 20:55:00+00:00,33,2,8147,50.655,50.66,50.605,50.63,71428,IBIT
2025-11-24 20:56:00+00:00,33,2,8147,50.625,50.63,50.6,50.625,71693,IBIT
2025-11-24 20:57:00+00:00,33,2,8147,50.625,50.63,50.565,50.585,60526,IBIT
2025-11-24 20:58:00+00:00,33,2,8147,50.59,50.63,50.59,50.625,185361,IBIT
2025-11-24 20:59:00+00:00,33,2,8147,50.625,50.635,50.565,50.57,332078,IBIT
2025-11-24 21:00:00+00:00,33,2,8147,50.57,50.61,50.5,50.52,1076835,IBIT
2025-11-24 21:01:00+00:00,33,2,8147,50.51,50.53,50.51,50.52,5100,IBIT
2025-11-24 21:02:00+00:00,33,2,8147,50.52,50.53,50.51,50.53,1307,IBIT
2025-11-24 21:03:00+00:00,33,2,8147,50.53,50.53,50.48,50.48,3116,IBIT
2025-11-24 21:04:00+00:00,33,2,8147,50.48,50.55,50.47,50.54,4161,IBIT
2025-11-24 21:05:00+00:00,33,2,8147,50.57,50.59,50.57,50.57,352,IBIT
2025-11-24 21:06:00+00:00,33,2,8147,50.56,50.58,50.55,50.55,2377,IBIT
2025-11-24 21:07:00+00:00,33,2,8147,50.55,50.57,50.55,50.57,521,IBIT
2025-11-24 21:08:00+00:00,33,2,8147,50.56,50.58,50.56,50.57,317,IBIT
2025-11-24 21:09:00+00:00,33,2,8147,50.58,50.58,50.58,50.58,100,IBIT
2025-11-24 21:10:00+00:00,33,2,8147,50.56,50.56,50.52,50.55,4496,IBIT
2025-11-24 21:11:00+00:00,33,2,8147,50.56,50.56,50.54,50.54,257,IBIT
2025-11-24 21:12:00+00:00,33,2,8147,50.54,50.55,50.54,50.55,254,IBIT
2025-11-24 21:13:00+00:00,33,2,8147,50.56,50.59,50.56,50.59,448,IBIT
2025-11-24 21:14:00+00:00,33,2,8147,50.58,50.58,50.55,50.55,843,IBIT
2025-11-24 21:15:00+00:00,33,2,8147,50.55,50.57,50.53,50.56,2512,IBIT
2025-11-24 21:16:00+00:00,33,2,8147,50.53,50.54,50.53,50.54,2162,IBIT
2025-11-24 21:17:00+00:00,33,2,8147,50.51,50.52,50.51,50.52,354,IBIT
2025-11-24 21:18:00+00:00,33,2,8147,50.54,50.54,50.53,50.53,250,IBIT
2025-11-24 21:19:00+00:00,33,2,8147,50.51,50.51,50.5,50.5,252,IBIT
2025-11-24 21:20:00+00:00,33,2,8147,50.49,50.5,50.49,50.5,201,IBIT
2025-11-24 21:21:00+00:00,33,2,8147,50.49,50.49,50.48,50.48,21,IBIT
2025-11-24 21:22:00+00:00,33,2,8147,50.49,50.49,50.46,50.46,3574,IBIT
2025-11-24 21:23:00+00:00,33,2,8147,50.48,50.48,50.47,50.48,1646,IBIT
2025-11-24 21:24:00+00:00,33,2,8147,50.49,50.49,50.48,50.48,1034,IBIT
2025-11-24 21:25:00+00:00,33,2,8147,50.47,50.49,50.46,50.49,219,IBIT
2025-11-24 21:26:00+00:00,33,2,8147,50.49,50.49,50.48,50.48,46,IBIT
2025-11-24 21:27:00+00:00,33,2,8147,50.45,50.45,50.43,50.45,2668,IBIT
2025-11-24 21:28:00+00:00,33,2,8147,50.44,50.45,50.44,50.45,6007,IBIT
2025-11-24 21:29:00+00:00,33,2,8147,50.48,50.5,50.48,50.48,107,IBIT
2025-11-24 21:30:00+00:00,33,2,8147,50.5,50.52,50.5,50.51,558,IBIT
2025-11-24 21:31:00+00:00,33,2,8147,50.57,50.57,50.51,50.51,403,IBIT
2025-11-24 21:32:00+00:00,33,2,8147,50.55,50.55,50.54,50.54,85,IBIT
2025-11-24 21:33:00+00:00,33,2,8147,50.54,50.54,50.51,50.53,1068,IBIT
2025-11-24 21:34:00+00:00,33,2,8147,50.51,50.51,50.49,50.49,1822,IBIT
2025-11-24 21:35:00+00:00,33,2,8147,50.48,50.5,50.48,50.5,410,IBIT
2025-11-24 21:36:00+00:00,33,2,8147,50.5,50.5,50.5,50.5,209,IBIT
2025-11-24 21:37:00+00:00,33,2,8147,50.5,50.5,50.5,50.5,900,IBIT
2025-11-24 21:38:00+00:00,33,2,8147,50.48,50.48,50.46,50.46,297,IBIT
2025-11-24 21:39:00+00:00,33,2,8147,50.44,50.44,50.44,50.44,203,IBIT
2025-11-24 21:40:00+00:00,33,2,8147,50.45,50.48,50.45,50.48,219,IBIT
2025-11-24 21:41:00+00:00,33,2,8147,50.49,50.49,50.49,50.49,46,IBIT
2025-11-24 21:42:00+00:00,33,2,8147,50.5,50.5,50.46,50.46,396,IBIT
2025-11-24 21:43:00+00:00,33,2,8147,50.45,50.45,50.45,50.45,30,IBIT
2025-11-24 21:44:00+00:00,33,2,8147,50.4,50.4,50.4,50.4,8,IBIT
2025-11-24 21:45:00+00:00,33,2,8147,50.38,50.41,50.38,50.41,136,IBIT
2025-11-24 21:46:00+00:00,33,2,8147,50.37,50.37,50.37,50.37,110,IBIT
2025-11-24 21:47:00+00:00,33,2,8147,50.38,50.38,50.37,50.38,1383,IBIT
2025-11-24 21:48:00+00:00,33,2,8147,50.36,50.36,50.36,50.36,10,IBIT
2025-11-24 21:50:00+00:00,33,2,8147,50.44,50.44,50.43,50.44,1630,IBIT
2025-11-24 21:51:00+00:00,33,2,8147,50.43,50.43,50.43,50.43,203,IBIT
2025-11-24 21:52:00+00:00,33,2,8147,50.43,50.44,50.43,50.44,430,IBIT
2025-11-24 21:53:00+00:00,33,2,8147,50.44,50.44,50.43,50.43,5380,IBIT
2025-11-24 21:54:00+00:00,33,2,8147,50.39,50.39,50.39,50.39,292,IBIT
2025-11-24 21:55:00+00:00,33,2,8147,50.39,50.39,50.39,50.39,588,IBIT
2025-11-24 21:56:00+00:00,33,2,8147,50.4,50.41,50.4,50.41,234,IBIT
2025-11-24 21:57:00+00:00,33,2,8147,50.4,50.4,50.38,50.39,5658,IBIT
2025-11-24 21:58:00+00:00,33,2,8147,50.43,50.43,50.43,50.43,397,IBIT
2025-11-24 21:59:00+00:00,33,2,8147,50.42,50.42,50.39,50.39,5459,IBIT
2025-11-24 22:00:00+00:00,33,2,8147,50.4,50.4,50.38,50.38,136,IBIT
2025-11-24 22:01:00+00:00,33,2,8147,50.43,50.44,50.43,50.44,307,IBIT
2025-11-24 22:02:00+00:00,33,2,8147,50.45,50.49,50.45,50.47,1855,IBIT
2025-11-24 22:04:00+00:00,33,2,8147,50.46,50.46,50.45,50.45,210,IBIT
2025-11-24 22:05:00+00:00,33,2,8147,50.45,50.46,50.45,50.46,40,IBIT
2025-11-24 22:07:00+00:00,33,2,8147,50.54,50.54,50.54,50.54,1412,IBIT
2025-11-24 22:08:00+00:00,33,2,8147,50.54,50.54,50.53,50.53,1260,IBIT
2025-11-24 22:09:00+00:00,33,2,8147,50.53,50.53,50.5,50.5,1750,IBIT
2025-11-24 22:11:00+00:00,33,2,8147,50.51,50.52,50.48,50.48,4678,IBIT
2025-11-24 22:14:00+00:00,33,2,8147,50.54,50.54,50.54,50.54,100,IBIT
2025-11-24 22:16:00+00:00,33,2,8147,50.49,50.49,50.47,50.47,8465,IBIT
2025-11-24 22:17:00+00:00,33,2,8147,50.5,50.5,50.49,50.49,1125,IBIT
2025-11-24 22:18:00+00:00,33,2,8147,50.49,50.49,50.49,50.49,360,IBIT
2025-11-24 22:19:00+00:00,33,2,8147,50.49,50.49,50.49,50.49,165,IBIT
2025-11-24 22:21:00+00:00,33,2,8147,50.51,50.53,50.49,50.49,481,IBIT
2025-11-24 22:23:00+00:00,33,2,8147,50.49,50.49,50.46,50.46,1167,IBIT
2025-11-24 22:24:00+00:00,33,2,8147,50.46,50.46,50.37,50.4,1184,IBIT
2025-11-24 22:25:00+00:00,33,2,8147,50.43,50.44,50.42,50.42,865,IBIT
2025-11-24 22:26:00+00:00,33,2,8147,50.41,50.41,50.36,50.36,2400,IBIT
2025-11-24 22:27:00+00:00,33,2,8147,50.36,50.39,50.36,50.39,68,IBIT
2025-11-24 22:28:00+00:00,33,2,8147,50.4,50.4,50.4,50.4,3,IBIT
2025-11-24 22:30:00+00:00,33,2,8147,50.44,50.44,50.44,50.44,5,IBIT
2025-11-24 22:31:00+00:00,33,2,8147,50.41,50.49,50.41,50.48,491,IBIT
2025-11-24 22:32:00+00:00,33,2,8147,50.5,50.5,50.47,50.47,994,IBIT
2025-11-24 22:33:00+00:00,33,2,8147,50.5,50.5,50.5,50.5,180,IBIT
2025-11-24 22:35:00+00:00,33,2,8147,50.5,50.5,50.5,50.5,10,IBIT
2025-11-24 22:36:00+00:00,33,2,8147,50.47,50.5,50.47,50.47,504,IBIT
2025-11-24 22:37:00+00:00,33,2,8147,50.44,50.48,50.44,50.46,129,IBIT
2025-11-24 22:40:00+00:00,33,2,8147,50.48,50.48,50.43,50.43,2051,IBIT
2025-11-24 22:41:00+00:00,33,2,8147,50.43,50.44,50.43,50.44,330,IBIT
2025-11-24 22:42:00+00:00,33,2,8147,50.44,50.45,50.44,50.45,127,IBIT
2025-11-24 22:43:00+00:00,33,2,8147,50.45,50.45,50.44,50.45,207,IBIT
2025-11-24 22:44:00+00:00,33,2,8147,50.45,50.51,50.43,50.43,4328,IBIT
2025-11-24 22:45:00+00:00,33,2,8147,50.43,50.43,50.43,50.43,300,IBIT
2025-11-24 22:46:00+00:00,33,2,8147,50.43,50.43,50.43,50.43,30,IBIT
2025-11-24 22:48:00+00:00,33,2,8147,50.41,50.41,50.41,50.41,22,IBIT
2025-11-24 22:49:00+00:00,33,2,8147,50.4,50.4,50.36,50.36,1001,IBIT
2025-11-24 22:50:00+00:00,33,2,8147,50.35,50.39,50.35,50.39,202,IBIT
2025-11-24 22:51:00+00:00,33,2,8147,50.35,50.35,50.31,50.31,600,IBIT
2025-11-24 22:52:00+00:00,33,2,8147,50.31,50.31,50.31,50.31,125,IBIT
2025-11-24 22:53:00+00:00,33,2,8147,50.3,50.3,50.3,50.3,1000,IBIT
2025-11-24 22:54:00+00:00,33,2,8147,50.3,50.3,50.28,50.28,24,IBIT
2025-11-24 22:55:00+00:00,33,2,8147,50.31,50.32,50.31,50.32,1043,IBIT
2025-11-24 22:56:00+00:00,33,2,8147,50.32,50.39,50.32,50.39,889,IBIT
2025-11-24 22:57:00+00:00,33,2,8147,50.39,50.39,50.39,50.39,145,IBIT
2025-11-24 22:58:00+00:00,33,2,8147,50.33,50.37,50.33,50.37,40,IBIT
2025-11-24 22:59:00+00:00,33,2,8147,50.33,50.33,50.32,50.32,11,IBIT
2025-11-24 23:00:00+00:00,33,2,8147,50.34,50.34,50.34,50.34,200,IBIT
2025-11-24 23:01:00+00:00,33,2,8147,50.3,50.3,50.25,50.3,6266,IBIT
2025-11-24 23:03:00+00:00,33,2,8147,50.25,50.25,50.25,50.25,500,IBIT
2025-11-24 23:04:00+00:00,33,2,8147,50.26,50.27,50.26,50.27,1400,IBIT
2025-11-24 23:06:00+00:00,33,2,8147,50.27,50.27,50.27,50.27,2,IBIT
2025-11-24 23:08:00+00:00,33,2,8147,50.26,50.26,50.23,50.26,729,IBIT
2025-11-24 23:09:00+00:00,33,2,8147,50.24,50.25,50.24,50.25,2593,IBIT
2025-11-24 23:10:00+00:00,33,2,8147,50.22,50.24,50.22,50.22,1002,IBIT
2025-11-24 23:11:00+00:00,33,2,8147,50.27,50.27,50.27,50.27,100,IBIT
2025-11-24 23:12:00+00:00,33,2,8147,50.28,50.28,50.28,50.28,999,IBIT
2025-11-24 23:13:00+00:00,33,2,8147,50.25,50.25,50.22,50.23,804,IBIT
2025-11-24 23:15:00+00:00,33,2,8147,50.22,50.22,50.22,50.22,2100,IBIT
2025-11-24 23:17:00+00:00,33,2,8147,50.25,50.25,50.25,50.25,50,IBIT
2025-11-24 23:18:00+00:00,33,2,8147,50.25,50.27,50.25,50.27,209,IBIT
2025-11-24 23:19:00+00:00,33,2,8147,50.29,50.29,50.29,50.29,1,IBIT
2025-11-24 23:21:00+00:00,33,2,8147,50.25,50.25,50.25,50.25,355,IBIT
2025-11-24 23:25:00+00:00,33,2,8147,50.25,50.25,50.25,50.25,119,IBIT
2025-11-24 23:26:00+00:00,33,2,8147,50.22,50.22,50.22,50.22,3,IBIT
2025-11-24 23:27:00+00:00,33,2,8147,50.26,50.27,50.26,50.27,7,IBIT
2025-11-24 23:28:00+00:00,33,2,8147,50.28,50.28,50.28,50.28,1,IBIT
2025-11-24 23:29:00+00:00,33,2,8147,50.3,50.3,50.3,50.3,2,IBIT
2025-11-24 23:30:00+00:00,33,2,8147,50.26,50.26,50.26,50.26,9,IBIT
2025-11-24 23:31:00+00:00,33,2,8147,50.24,50.24,50.23,50.24,863,IBIT
2025-11-24 23:32:00+00:00,33,2,8147,50.23,50.25,50.21,50.25,2127,IBIT
2025-11-24 23:35:00+00:00,33,2,8147,50.24,50.24,50.24,50.24,3,IBIT
2025-11-24 23:36:00+00:00,33,2,8147,50.22,50.22,50.22,50.22,6,IBIT
2025-11-24 23:38:00+00:00,33,2,8147,50.21,50.21,50.19,50.19,562,IBIT
2025-11-24 23:39:00+00:00,33,2,8147,50.17,50.17,50.14,50.14,316,IBIT
2025-11-24 23:40:00+00:00,33,2,8147,50.12,50.15,50.12,50.15,1990,IBIT
2025-11-24 23:41:00+00:00,33,2,8147,50.15,50.18,50.15,50.17,1616,IBIT
2025-11-24 23:42:00+00:00,33,2,8147,50.19,50.19,50.19,50.19,2,IBIT
2025-11-24 23:43:00+00:00,33,2,8147,50.17,50.17,50.17,50.17,200,IBIT
2025-11-24 23:44:00+00:00,33,2,8147,50.17,50.18,50.17,50.18,603,IBIT
2025-11-24 23:46:00+00:00,33,2,8147,50.16,50.16,50.15,50.15,12,IBIT
2025-11-24 23:47:00+00:00,33,2,8147,50.14,50.14,50.13,50.13,220,IBIT
2025-11-24 23:48:00+00:00,33,2,8147,50.13,50.13,50.11,50.11,1756,IBIT
2025-11-24 23:49:00+00:00,33,2,8147,50.11,50.12,50.11,50.12,259,IBIT
2025-11-24 23:50:00+00:00,33,2,8147,50.12,50.12,50.12,50.12,430,IBIT
2025-11-24 23:53:00+00:00,33,2,8147,50.1,50.1,50.08,50.08,642,IBIT
2025-11-24 23:54:00+00:00,33,2,8147,50.06,50.06,50.06,50.06,65,IBIT
2025-11-24 23:55:00+00:00,33,2,8147,50.07,50.08,50.07,50.08,200,IBIT
2025-11-24 23:56:00+00:00,33,2,8147,50.08,50.08,50.05,50.06,7000,IBIT
2025-11-24 23:57:00+00:00,33,2,8147,50.1,50.1,50.1,50.1,100,IBIT
2025-11-24 23:58:00+00:00,33,2,8147,50.1,50.11,50.1,50.11,70,IBIT
2025-11-24 23:59:00+00:00,33,2,8147,50.1,50.11,50.1,50.11,295,IBIT
2025-11-25 09:00:00+00:00,33,2,8147,49.42,49.42,49.33,49.33,1548,IBIT
2025-11-25 09:01:00+00:00,33,2,8147,49.38,49.4,49.34,49.34,4366,IBIT
2025-11-25 09:02:00+00:00,33,2,8147,49.35,49.35,49.31,49.31,30602,IBIT
2025-11-25 09:03:00+00:00,33,2,8147,49.3,49.32,49.29,49.32,1369,IBIT
2025-11-25 09:04:00+00:00,33,2,8147,49.29,49.38,49.29,49.37,1575,IBIT
2025-11-25 09:05:00+00:00,33,2,8147,49.38,49.42,49.34,49.42,2211,IBIT
2025-11-25 09:06:00+00:00,33,2,8147,49.41,49.42,49.38,49.39,1411,IBIT
2025-11-25 09:07:00+00:00,33,2,8147,49.38,49.41,49.38,49.38,1823,IBIT
2025-11-25 09:08:00+00:00,33,2,8147,49.39,49.39,49.36,49.37,846,IBIT
2025-11-25 09:09:00+00:00,33,2,8147,49.39,49.39,49.36,49.38,1907,IBIT
2025-11-25 09:10:00+00:00,33,2,8147,49.38,49.38,49.32,49.32,1393,IBIT
2025-11-25 09:11:00+00:00,33,2,8147,49.31,49.31,49.28,49.28,3270,IBIT
2025-11-25 09:12:00+00:00,33,2,8147,49.32,49.32,49.3,49.3,1420,IBIT
2025-11-25 09:13:00+00:00,33,2,8147,49.28,49.29,49.28,49.29,257,IBIT
2025-11-25 09:14:00+00:00,33,2,8147,49.29,49.29,49.28,49.28,657,IBIT
2025-11-25 09:15:00+00:00,33,2,8147,49.28,49.33,49.28,49.29,2032,IBIT
2025-11-25 09:16:00+00:00,33,2,8147,49.27,49.3,49.26,49.27,2373,IBIT
2025-11-25 09:17:00+00:00,33,2,8147,49.27,49.27,49.24,49.25,7386,IBIT
2025-11-25 09:18:00+00:00,33,2,8147,49.28,49.31,49.28,49.31,749,IBIT
2025-11-25 09:19:00+00:00,33,2,8147,49.3,49.34,49.29,49.34,4079,IBIT
2025-11-25 09:20:00+00:00,33,2,8147,49.32,49.32,49.27,49.28,2935,IBIT
2025-11-25 09:21:00+00:00,33,2,8147,49.32,49.32,49.28,49.28,1868,IBIT
2025-11-25 09:22:00+00:00,33,2,8147,49.3,49.31,49.29,49.3,296,IBIT
2025-11-25 09:23:00+00:00,33,2,8147,49.26,49.26,49.26,49.26,400,IBIT
2025-11-25 09:24:00+00:00,33,2,8147,49.28,49.29,49.25,49.25,1543,IBIT
2025-11-25 09:25:00+00:00,33,2,8147,49.25,49.25,49.23,49.24,1904,IBIT
2025-11-25 09:26:00+00:00,33,2,8147,49.23,49.26,49.22,49.26,831,IBIT
2025-11-25 09:27:00+00:00,33,2,8147,49.21,49.23,49.21,49.23,3289,IBIT
2025-11-25 09:28:00+00:00,33,2,8147,49.21,49.22,49.21,49.21,1672,IBIT
2025-11-25 09:29:00+00:00,33,2,8147,49.2,49.22,49.2,49.22,821,IBIT
2025-11-25 09:30:00+00:00,33,2,8147,49.22,49.27,49.21,49.27,4482,IBIT
2025-11-25 09:31:00+00:00,33,2,8147,49.25,49.27,49.25,49.25,17447,IBIT
2025-11-25 09:32:00+00:00,33,2,8147,49.26,49.29,49.24,49.25,5702,IBIT
2025-11-25 09:33:00+00:00,33,2,8147,49.27,49.27,49.27,49.27,841,IBIT
2025-11-25 09:34:00+00:00,33,2,8147,49.28,49.31,49.28,49.3,1214,IBIT
2025-11-25 09:35:00+00:00,33,2,8147,49.27,49.28,49.27,49.28,566,IBIT
2025-11-25 09:36:00+00:00,33,2,8147,49.31,49.33,49.3,49.33,319,IBIT
2025-11-25 09:37:00+00:00,33,2,8147,49.31,49.31,49.29,49.29,700,IBIT
2025-11-25 09:38:00+00:00,33,2,8147,49.3,49.3,49.29,49.29,450,IBIT
2025-11-25 09:39:00+00:00,33,2,8147,49.31,49.32,49.3,49.3,9906,IBIT
2025-11-25 09:40:00+00:00,33,2,8147,49.28,49.3,49.27,49.3,4779,IBIT
2025-11-25 09:41:00+00:00,33,2,8147,49.31,49.32,49.31,49.32,543,IBIT
2025-11-25 09:42:00+00:00,33,2,8147,49.37,49.39,49.36,49.37,15948,IBIT
2025-11-25 09:43:00+00:00,33,2,8147,49.38,49.4,49.38,49.4,1979,IBIT
2025-11-25 09:44:00+00:00,33,2,8147,49.41,49.44,49.4,49.43,2870,IBIT
2025-11-25 09:45:00+00:00,33,2,8147,49.39,49.39,49.39,49.39,763,IBIT
2025-11-25 09:46:00+00:00,33,2,8147,49.34,49.34,49.34,49.34,3675,IBIT
2025-11-25 09:47:00+00:00,33,2,8147,49.32,49.36,49.32,49.35,529,IBIT
2025-11-25 09:48:00+00:00,33,2,8147,49.37,49.41,49.37,49.41,461,IBIT
2025-11-25 09:49:00+00:00,33,2,8147,49.43,49.43,49.43,49.43,302,IBIT
2025-11-25 09:50:00+00:00,33,2,8147,49.43,49.43,49.39,49.39,521,IBIT
2025-11-25 09:51:00+00:00,33,2,8147,49.41,49.43,49.41,49.42,950,IBIT
2025-11-25 09:52:00+00:00,33,2,8147,49.43,49.43,49.41,49.41,2180,IBIT
2025-11-25 09:53:00+00:00,33,2,8147,49.42,49.42,49.42,49.42,200,IBIT
2025-11-25 09:54:00+00:00,33,2,8147,49.41,49.41,49.39,49.39,500,IBIT
2025-11-25 09:55:00+00:00,33,2,8147,49.42,49.42,49.42,49.42,965,IBIT
2025-11-25 09:56:00+00:00,33,2,8147,49.43,49.48,49.43,49.48,2140,IBIT
2025-11-25 09:57:00+00:00,33,2,8147,49.5,49.53,49.5,49.51,1322,IBIT
2025-11-25 09:58:00+00:00,33,2,8147,49.51,49.51,49.51,49.51,200,IBIT
2025-11-25 09:59:00+00:00,33,2,8147,49.52,49.52,49.51,49.52,2117,IBIT
2025-11-25 10:00:00+00:00,33,2,8147,49.5,49.5,49.48,49.48,760,IBIT
2025-11-25 10:01:00+00:00,33,2,8147,49.46,49.46,49.45,49.46,195,IBIT
2025-11-25 10:02:00+00:00,33,2,8147,49.45,49.45,49.45,49.45,106,IBIT
2025-11-25 10:03:00+00:00,33,2,8147,49.42,49.42,49.4,49.4,300,IBIT
2025-11-25 10:04:00+00:00,33,2,8147,49.4,49.4,49.4,49.4,200,IBIT
2025-11-25 10:05:00+00:00,33,2,8147,49.4,49.42,49.4,49.42,300,IBIT
2025-11-25 10:06:00+00:00,33,2,8147,49.41,49.41,49.41,49.41,119,IBIT
2025-11-25 10:07:00+00:00,33,2,8147,49.42,49.42,49.41,49.41,200,IBIT
2025-11-25 10:08:00+00:00,33,2,8147,49.41,49.43,49.41,49.43,300,IBIT
2025-11-25 10:09:00+00:00,33,2,8147,49.42,49.43,49.41,49.41,3606,IBIT
2025-11-25 10:10:00+00:00,33,2,8147,49.43,49.47,49.43,49.46,394,IBIT
2025-11-25 10:11:00+00:00,33,2,8147,49.47,49.49,49.44,49.44,1296,IBIT
2025-11-25 10:12:00+00:00,33,2,8147,49.43,49.43,49.42,49.43,715,IBIT
2025-11-25 10:13:00+00:00,33,2,8147,49.44,49.45,49.44,49.44,580,IBIT
2025-11-25 10:15:00+00:00,33,2,8147,49.41,49.41,49.4,49.4,600,IBIT
2025-11-25 10:16:00+00:00,33,2,8147,49.42,49.43,49.42,49.42,216,IBIT
2025-11-25 10:17:00+00:00,33,2,8147,49.38,49.38,49.38,49.38,4,IBIT
2025-11-25 10:18:00+00:00,33,2,8147,49.36,49.36,49.36,49.36,150,IBIT
2025-11-25 10:19:00+00:00,33,2,8147,49.36,49.36,49.35,49.36,369,IBIT
2025-11-25 10:20:00+00:00,33,2,8147,49.37,49.37,49.37,49.37,100,IBIT
2025-11-25 10:21:00+00:00,33,2,8147,49.37,49.37,49.37,49.37,77,IBIT
2025-11-25 10:22:00+00:00,33,2,8147,49.38,49.41,49.38,49.41,4366,IBIT
2025-11-25 10:23:00+00:00,33,2,8147,49.43,49.45,49.43,49.45,97,IBIT
2025-11-25 10:24:00+00:00,33,2,8147,49.47,49.48,49.46,49.47,1475,IBIT
2025-11-25 10:25:00+00:00,33,2,8147,49.47,49.47,49.47,49.47,1951,IBIT
2025-11-25 10:26:00+00:00,33,2,8147,49.47,49.47,49.47,49.47,1,IBIT
2025-11-25 10:27:00+00:00,33,2,8147,49.48,49.48,49.47,49.48,11073,IBIT
2025-11-25 10:28:00+00:00,33,2,8147,49.48,49.48,49.48,49.48,85,IBIT
2025-11-25 10:29:00+00:00,33,2,8147,49.5,49.5,49.49,49.49,203,IBIT
2025-11-25 10:30:00+00:00,33,2,8147,49.49,49.49,49.46,49.46,560,IBIT
2025-11-25 10:31:00+00:00,33,2,8147,49.47,49.47,49.47,49.47,175,IBIT
2025-11-25 10:32:00+00:00,33,2,8147,49.46,49.51,49.44,49.5,3180,IBIT
2025-11-25 10:33:00+00:00,33,2,8147,49.5,49.54,49.5,49.53,2770,IBIT
2025-11-25 10:34:00+00:00,33,2,8147,49.55,49.55,49.55,49.55,1321,IBIT
2025-11-25 10:35:00+00:00,33,2,8147,49.54,49.54,49.49,49.49,6266,IBIT
2025-11-25 10:36:00+00:00,33,2,8147,49.5,49.5,49.49,49.49,791,IBIT
2025-11-25 10:38:00+00:00,33,2,8147,49.48,49.48,49.45,49.47,12692,IBIT
2025-11-25 10:39:00+00:00,33,2,8147,49.47,49.48,49.47,49.47,474,IBIT
2025-11-25 10:40:00+00:00,33,2,8147,49.5,49.51,49.49,49.51,14797,IBIT
2025-11-25 10:41:00+00:00,33,2,8147,49.5,49.5,49.49,49.49,13130,IBIT
2025-11-25 10:42:00+00:00,33,2,8147,49.49,49.5,49.47,49.5,28476,IBIT
2025-11-25 10:43:00+00:00,33,2,8147,49.5,49.52,49.48,49.52,12943,IBIT
2025-11-25 10:44:00+00:00,33,2,8147,49.52,49.52,49.51,49.51,1580,IBIT
2025-11-25 10:45:00+00:00,33,2,8147,49.51,49.51,49.47,49.47,8140,IBIT
2025-11-25 10:46:00+00:00,33,2,8147,49.48,49.49,49.45,49.49,10943,IBIT
2025-11-25 10:47:00+00:00,33,2,8147,49.49,49.5,49.49,49.49,250,IBIT
2025-11-25 10:48:00+00:00,33,2,8147,49.49,49.54,49.49,49.54,560,IBIT
2025-11-25 10:49:00+00:00,33,2,8147,49.54,49.54,49.53,49.53,200,IBIT
2025-11-25 10:50:00+00:00,33,2,8147,49.52,49.53,49.52,49.53,4460,IBIT
2025-11-25 10:51:00+00:00,33,2,8147,49.5,49.5,49.5,49.5,5156,IBIT
2025-11-25 10:52:00+00:00,33,2,8147,49.51,49.54,49.51,49.53,1222,IBIT
2025-11-25 10:53:00+00:00,33,2,8147,49.53,49.53,49.52,49.52,480,IBIT
2025-11-25 10:54:00+00:00,33,2,8147,49.54,49.58,49.54,49.58,502,IBIT
2025-11-25 10:55:00+00:00,33,2,8147,49.59,49.6,49.59,49.6,2773,IBIT
2025-11-25 10:56:00+00:00,33,2,8147,49.59,49.6,49.59,49.6,300,IBIT
2025-11-25 10:58:00+00:00,33,2,8147,49.61,49.61,49.6,49.61,915,IBIT
2025-11-25 10:59:00+00:00,33,2,8147,49.61,49.62,49.6,49.6,825,IBIT
2025-11-25 11:00:00+00:00,33,2,8147,49.6,49.61,49.58,49.6,1798,IBIT
2025-11-25 11:01:00+00:00,33,2,8147,49.59,49.6,49.57,49.57,1611,IBIT
2025-11-25 11:02:00+00:00,33,2,8147,49.57,49.57,49.56,49.56,1510,IBIT
2025-11-25 11:03:00+00:00,33,2,8147,49.56,49.57,49.54,49.55,1210,IBIT
2025-11-25 11:04:00+00:00,33,2,8147,49.56,49.56,49.55,49.55,15562,IBIT
2025-11-25 11:05:00+00:00,33,2,8147,49.55,49.55,49.54,49.54,242,IBIT
2025-11-25 11:06:00+00:00,33,2,8147,49.55,49.57,49.55,49.56,151,IBIT
2025-11-25 11:07:00+00:00,33,2,8147,49.56,49.58,49.56,49.58,261,IBIT
2025-11-25 11:08:00+00:00,33,2,8147,49.61,49.61,49.61,49.61,120,IBIT
2025-11-25 11:09:00+00:00,33,2,8147,49.61,49.63,49.61,49.63,159,IBIT
2025-11-25 11:10:00+00:00,33,2,8147,49.63,49.63,49.59,49.59,555,IBIT
2025-11-25 11:11:00+00:00,33,2,8147,49.6,49.6,49.6,49.6,150,IBIT
2025-11-25 11:12:00+00:00,33,2,8147,49.63,49.64,49.63,49.64,606,IBIT
2025-11-25 11:14:00+00:00,33,2,8147,49.64,49.64,49.64,49.64,14,IBIT
2025-11-25 11:15:00+00:00,33,2,8147,49.62,49.64,49.62,49.64,3,IBIT
2025-11-25 11:16:00+00:00,33,2,8147,49.63,49.64,49.63,49.64,220,IBIT
2025-11-25 11:17:00+00:00,33,2,8147,49.61,49.62,49.61,49.61,96,IBIT
2025-11-25 11:18:00+00:00,33,2,8147,49.6,49.6,49.6,49.6,246,IBIT
2025-11-25 11:19:00+00:00,33,2,8147,49.66,49.66,49.61,49.61,780,IBIT
2025-11-25 11:20:00+00:00,33,2,8147,49.6,49.6,49.55,49.56,1660,IBIT
2025-11-25 11:21:00+00:00,33,2,8147,49.56,49.56,49.56,49.56,89,IBIT
2025-11-25 11:22:00+00:00,33,2,8147,49.56,49.56,49.55,49.55,396,IBIT
2025-11-25 11:23:00+00:00,33,2,8147,49.55,49.55,49.54,49.54,10822,IBIT
2025-11-25 11:24:00+00:00,33,2,8147,49.55,49.57,49.55,49.57,11243,IBIT
2025-11-25 11:25:00+00:00,33,2,8147,49.57,49.59,49.57,49.59,158,IBIT
2025-11-25 11:26:00+00:00,33,2,8147,49.59,49.59,49.58,49.59,300,IBIT
2025-11-25 11:27:00+00:00,33,2,8147,49.6,49.6,49.6,49.6,10,IBIT
2025-11-25 11:28:00+00:00,33,2,8147,49.6,49.61,49.6,49.6,370,IBIT
2025-11-25 11:30:00+00:00,33,2,8147,49.61,49.61,49.6,49.6,1051,IBIT
2025-11-25 11:31:00+00:00,33,2,8147,49.59,49.59,49.58,49.58,543,IBIT
2025-11-25 11:32:00+00:00,33,2,8147,49.59,49.59,49.59,49.59,75,IBIT
2025-11-25 11:33:00+00:00,33,2,8147,49.58,49.58,49.57,49.57,150,IBIT
2025-11-25 11:34:00+00:00,33,2,8147,49.59,49.59,49.59,49.59,100,IBIT
2025-11-25 11:35:00+00:00,33,2,8147,49.59,49.59,49.58,49.59,4832,IBIT
2025-11-25 11:36:00+00:00,33,2,8147,49.61,49.64,49.61,49.64,1310,IBIT
2025-11-25 11:37:00+00:00,33,2,8147,49.64,49.64,49.62,49.63,353,IBIT
2025-11-25 11:38:00+00:00,33,2,8147,49.63,49.63,49.62,49.62,136,IBIT
2025-11-25 11:39:00+00:00,33,2,8147,49.65,49.67,49.65,49.67,311,IBIT
2025-11-25 11:40:00+00:00,33,2,8147,49.66,49.67,49.66,49.66,290,IBIT
2025-11-25 11:41:00+00:00,33,2,8147,49.65,49.65,49.64,49.64,300,IBIT
2025-11-25 11:42:00+00:00,33,2,8147,49.64,49.64,49.64,49.64,2200,IBIT
2025-11-25 11:43:00+00:00,33,2,8147,49.64,49.64,49.61,49.62,4515,IBIT
2025-11-25 11:44:00+00:00,33,2,8147,49.61,49.63,49.6,49.63,530,IBIT
2025-11-25 11:45:00+00:00,33,2,8147,49.61,49.61,49.6,49.6,250,IBIT
2025-11-25 11:46:00+00:00,33,2,8147,49.61,49.62,49.61,49.62,173,IBIT
2025-11-25 11:47:00+00:00,33,2,8147,49.65,49.65,49.61,49.61,1170,IBIT
2025-11-25 11:48:00+00:00,33,2,8147,49.62,49.62,49.62,49.62,630,IBIT
2025-11-25 11:49:00+00:00,33,2,8147,49.63,49.64,49.63,49.63,800,IBIT
2025-11-25 11:50:00+00:00,33,2,8147,49.63,49.63,49.63,49.63,100,IBIT
2025-11-25 11:51:00+00:00,33,2,8147,49.66,49.66,49.62,49.63,1360,IBIT
2025-11-25 11:52:00+00:00,33,2,8147,49.64,49.65,49.64,49.64,2280,IBIT
2025-11-25 11:54:00+00:00,33,2,8147,49.61,49.61,49.59,49.59,2001,IBIT
2025-11-25 11:55:00+00:00,33,2,8147,49.58,49.58,49.55,49.55,1140,IBIT
2025-11-25 11:56:00+00:00,33,2,8147,49.58,49.61,49.58,49.59,1925,IBIT
2025-11-25 11:57:00+00:00,33,2,8147,49.59,49.59,49.59,49.59,4,IBIT
2025-11-25 11:58:00+00:00,33,2,8147,49.59,49.59,49.59,49.59,80,IBIT
2025-11-25 11:59:00+00:00,33,2,8147,49.58,49.58,49.57,49.57,201,IBIT
2025-11-25 12:00:00+00:00,33,2,8147,49.57,49.61,49.57,49.57,1893,IBIT
2025-11-25 12:01:00+00:00,33,2,8147,49.62,49.64,49.62,49.64,100,IBIT
2025-11-25 12:02:00+00:00,33,2,8147,49.66,49.67,49.64,49.67,1433,IBIT
2025-11-25 12:03:00+00:00,33,2,8147,49.67,49.7,49.67,49.7,407,IBIT
2025-11-25 12:04:00+00:00,33,2,8147,49.71,49.71,49.67,49.67,2600,IBIT
2025-11-25 12:05:00+00:00,33,2,8147,49.67,49.71,49.67,49.7,1878,IBIT
2025-11-25 12:06:00+00:00,33,2,8147,49.69,49.69,49.66,49.66,875,IBIT
2025-11-25 12:07:00+00:00,33,2,8147,49.66,49.67,49.65,49.66,19454,IBIT
2025-11-25 12:08:00+00:00,33,2,8147,49.64,49.64,49.62,49.63,1096,IBIT
2025-11-25 12:10:00+00:00,33,2,8147,49.64,49.66,49.64,49.66,436,IBIT
2025-11-25 12:11:00+00:00,33,2,8147,49.62,49.63,49.62,49.63,307,IBIT
2025-11-25 12:12:00+00:00,33,2,8147,49.66,49.72,49.66,49.72,699,IBIT
2025-11-25 12:13:00+00:00,33,2,8147,49.71,49.74,49.71,49.73,7590,IBIT
2025-11-25 12:14:00+00:00,33,2,8147,49.73,49.79,49.72,49.78,4643,IBIT
2025-11-25 12:15:00+00:00,33,2,8147,49.75,49.75,49.68,49.7,5210,IBIT
2025-11-25 12:16:00+00:00,33,2,8147,49.7,49.71,49.68,49.7,1940,IBIT
2025-11-25 12:17:00+00:00,33,2,8147,49.69,49.71,49.69,49.71,615,IBIT
2025-11-25 12:18:00+00:00,33,2,8147,49.7,49.71,49.7,49.71,2558,IBIT
2025-11-25 12:19:00+00:00,33,2,8147,49.71,49.74,49.71,49.74,3346,IBIT
2025-11-25 12:20:00+00:00,33,2,8147,49.74,49.77,49.74,49.77,1282,IBIT
2025-11-25 12:21:00+00:00,33,2,8147,49.75,49.75,49.73,49.74,3947,IBIT
2025-11-25 12:22:00+00:00,33,2,8147,49.74,49.75,49.74,49.75,7846,IBIT
2025-11-25 12:23:00+00:00,33,2,8147,49.75,49.77,49.75,49.77,4198,IBIT
2025-11-25 12:24:00+00:00,33,2,8147,49.77,49.79,49.77,49.78,1187,IBIT
2025-11-25 12:25:00+00:00,33,2,8147,49.77,49.77,49.74,49.74,2739,IBIT
2025-11-25 12:26:00+00:00,33,2,8147,49.74,49.74,49.74,49.74,3,IBIT
2025-11-25 12:27:00+00:00,33,2,8147,49.75,49.75,49.72,49.72,686,IBIT
2025-11-25 12:28:00+00:00,33,2,8147,49.73,49.73,49.72,49.72,224,IBIT
2025-11-25 12:29:00+00:00,33,2,8147,49.73,49.75,49.73,49.74,2446,IBIT
2025-11-25 12:30:00+00:00,33,2,8147,49.73,49.74,49.72,49.73,13592,IBIT
2025-11-25 12:31:00+00:00,33,2,8147,49.7,49.72,49.7,49.72,680,IBIT
2025-11-25 12:32:00+00:00,33,2,8147,49.71,49.71,49.7,49.7,551,IBIT
2025-11-25 12:33:00+00:00,33,2,8147,49.69,49.69,49.67,49.67,184,IBIT
2025-11-25 12:34:00+00:00,33,2,8147,49.67,49.67,49.63,49.63,1005,IBIT
2025-11-25 12:35:00+00:00,33,2,8147,49.62,49.64,49.62,49.64,300,IBIT
2025-11-25 12:36:00+00:00,33,2,8147,49.64,49.65,49.64,49.65,567,IBIT
2025-11-25 12:37:00+00:00,33,2,8147,49.65,49.66,49.63,49.63,1796,IBIT
2025-11-25 12:38:00+00:00,33,2,8147,49.62,49.64,49.61,49.64,2571,IBIT
2025-11-25 12:39:00+00:00,33,2,8147,49.65,49.65,49.63,49.65,1464,IBIT
2025-11-25 12:40:00+00:00,33,2,8147,49.65,49.65,49.63,49.63,1736,IBIT
2025-11-25 12:41:00+00:00,33,2,8147,49.63,49.64,49.63,49.64,300,IBIT
2025-11-25 12:42:00+00:00,33,2,8147,49.65,49.72,49.63,49.72,11717,IBIT
2025-11-25 12:43:00+00:00,33,2,8147,49.73,49.8,49.72,49.8,19136,IBIT
2025-11-25 12:44:00+00:00,33,2,8147,49.81,49.83,49.75,49.76,7858,IBIT
2025-11-25 12:45:00+00:00,33,2,8147,49.74,49.77,49.72,49.74,9617,IBIT
2025-11-25 12:46:00+00:00,33,2,8147,49.76,49.76,49.72,49.72,3628,IBIT
2025-11-25 12:47:00+00:00,33,2,8147,49.73,49.75,49.72,49.72,1877,IBIT
2025-11-25 12:48:00+00:00,33,2,8147,49.72,49.75,49.71,49.71,2513,IBIT
2025-11-25 12:49:00+00:00,33,2,8147,49.7,49.7,49.68,49.69,1395,IBIT
2025-11-25 12:50:00+00:00,33,2,8147,49.69,49.69,49.66,49.66,776,IBIT
2025-11-25 12:51:00+00:00,33,2,8147,49.67,49.67,49.67,49.67,200,IBIT
2025-11-25 12:52:00+00:00,33,2,8147,49.66,49.68,49.66,49.68,2535,IBIT
2025-11-25 12:53:00+00:00,33,2,8147,49.68,49.68,49.66,49.67,2703,IBIT
2025-11-25 12:54:00+00:00,33,2,8147,49.67,49.69,49.67,49.69,1150,IBIT
2025-11-25 12:55:00+00:00,33,2,8147,49.68,49.7,49.67,49.7,2343,IBIT
2025-11-25 12:56:00+00:00,33,2,8147,49.68,49.69,49.67,49.69,580,IBIT
2025-11-25 12:57:00+00:00,33,2,8147,49.69,49.69,49.67,49.68,2031,IBIT
2025-11-25 12:58:00+00:00,33,2,8147,49.68,49.68,49.68,49.68,600,IBIT
2025-11-25 12:59:00+00:00,33,2,8147,49.67,49.67,49.67,49.67,800,IBIT
2025-11-25 13:00:00+00:00,33,2,8147,49.68,49.68,49.64,49.65,6362,IBIT
2025-11-25 13:01:00+00:00,33,2,8147,49.64,49.65,49.61,49.62,2474,IBIT
2025-11-25 13:02:00+00:00,33,2,8147,49.63,49.69,49.63,49.66,5089,IBIT
2025-11-25 13:03:00+00:00,33,2,8147,49.68,49.7,49.68,49.7,2428,IBIT
2025-11-25 13:04:00+00:00,33,2,8147,49.69,49.69,49.61,49.62,3900,IBIT
2025-11-25 13:05:00+00:00,33,2,8147,49.62,49.62,49.59,49.6,3010,IBIT
2025-11-25 13:06:00+00:00,33,2,8147,49.6,49.6,49.58,49.58,1882,IBIT
2025-11-25 13:07:00+00:00,33,2,8147,49.58,49.6,49.58,49.59,4552,IBIT
2025-11-25 13:08:00+00:00,33,2,8147,49.61,49.62,49.6,49.61,1408,IBIT
2025-11-25 13:09:00+00:00,33,2,8147,49.61,49.66,49.61,49.66,4413,IBIT
2025-11-25 13:10:00+00:00,33,2,8147,49.68,49.69,49.64,49.66,7320,IBIT
2025-11-25 13:11:00+00:00,33,2,8147,49.66,49.66,49.63,49.64,5202,IBIT
2025-11-25 13:12:00+00:00,33,2,8147,49.66,49.68,49.66,49.68,1266,IBIT
2025-11-25 13:13:00+00:00,33,2,8147,49.68,49.72,49.68,49.72,3035,IBIT
2025-11-25 13:14:00+00:00,33,2,8147,49.74,49.74,49.71,49.72,7389,IBIT
2025-11-25 13:15:00+00:00,33,2,8147,49.72,49.74,49.72,49.74,1477,IBIT
2025-11-25 13:16:00+00:00,33,2,8147,49.75,49.78,49.75,49.76,7700,IBIT
2025-11-25 13:17:00+00:00,33,2,8147,49.76,49.76,49.71,49.71,2665,IBIT
2025-11-25 13:18:00+00:00,33,2,8147,49.71,49.75,49.71,49.74,6860,IBIT
2025-11-25 13:19:00+00:00,33,2,8147,49.74,49.74,49.73,49.73,1220,IBIT
2025-11-25 13:20:00+00:00,33,2,8147,49.74,49.74,49.72,49.72,2150,IBIT
2025-11-25 13:21:00+00:00,33,2,8147,49.72,49.73,49.66,49.73,13975,IBIT
2025-11-25 13:22:00+00:00,33,2,8147,49.7,49.71,49.7,49.71,1720,IBIT
2025-11-25 13:23:00+00:00,33,2,8147,49.73,49.73,49.72,49.72,3156,IBIT
2025-11-25 13:24:00+00:00,33,2,8147,49.73,49.73,49.71,49.72,901,IBIT
2025-11-25 13:25:00+00:00,33,2,8147,49.71,49.72,49.7,49.7,5016,IBIT
2025-11-25 13:26:00+00:00,33,2,8147,49.68,49.71,49.68,49.71,2600,IBIT
2025-11-25 13:27:00+00:00,33,2,8147,49.74,49.74,49.74,49.74,1505,IBIT
2025-11-25 13:28:00+00:00,33,2,8147,49.72,49.72,49.72,49.72,1901,IBIT
2025-11-25 13:29:00+00:00,33,2,8147,49.73,49.75,49.73,49.74,5085,IBIT
2025-11-25 13:30:00+00:00,33,2,8147,49.76,49.76,49.69,49.75,4886,IBIT
2025-11-25 13:31:00+00:00,33,2,8147,49.74,49.74,49.69,49.69,3103,IBIT
2025-11-25 13:33:00+00:00,33,2,8147,49.74,49.74,49.72,49.73,2005,IBIT
2025-11-25 13:34:00+00:00,33,2,8147,49.73,49.74,49.68,49.68,2501,IBIT
2025-11-25 13:35:00+00:00,33,2,8147,49.66,49.66,49.59,49.6,11208,IBIT
2025-11-25 13:36:00+00:00,33,2,8147,49.58,49.61,49.55,49.56,7353,IBIT
2025-11-25 13:37:00+00:00,33,2,8147,49.55,49.55,49.5,49.51,4842,IBIT
2025-11-25 13:38:00+00:00,33,2,8147,49.52,49.54,49.51,49.53,4657,IBIT
2025-11-25 13:39:00+00:00,33,2,8147,49.54,49.55,49.46,49.47,4389,IBIT
2025-11-25 13:40:00+00:00,33,2,8147,49.48,49.51,49.43,49.44,9331,IBIT
2025-11-25 13:41:00+00:00,33,2,8147,49.44,49.46,49.43,49.43,20978,IBIT
2025-11-25 13:42:00+00:00,33,2,8147,49.43,49.44,49.42,49.44,23123,IBIT
2025-11-25 13:43:00+00:00,33,2,8147,49.43,49.43,49.39,49.39,32518,IBIT
2025-11-25 13:44:00+00:00,33,2,8147,49.39,49.39,49.36,49.36,7523,IBIT
2025-11-25 13:45:00+00:00,33,2,8147,49.35,49.41,49.32,49.32,7554,IBIT
2025-11-25 13:46:00+00:00,33,2,8147,49.33,49.33,49.27,49.3,7364,IBIT
2025-11-25 13:47:00+00:00,33,2,8147,49.32,49.34,49.32,49.33,7696,IBIT
2025-11-25 13:48:00+00:00,33,2,8147,49.33,49.39,49.33,49.39,5925,IBIT
2025-11-25 13:49:00+00:00,33,2,8147,49.4,49.42,49.39,49.39,2999,IBIT
2025-11-25 13:50:00+00:00,33,2,8147,49.39,49.43,49.39,49.39,1797,IBIT
2025-11-25 13:51:00+00:00,33,2,8147,49.38,49.39,49.37,49.37,3492,IBIT
2025-11-25 13:52:00+00:00,33,2,8147,49.37,49.37,49.33,49.33,685,IBIT
2025-11-25 13:53:00+00:00,33,2,8147,49.32,49.32,49.29,49.31,2287,IBIT
2025-11-25 13:54:00+00:00,33,2,8147,49.3,49.32,49.29,49.31,5917,IBIT
2025-11-25 13:55:00+00:00,33,2,8147,49.31,49.35,49.31,49.34,4303,IBIT
2025-11-25 13:56:00+00:00,33,2,8147,49.35,49.39,49.34,49.37,10289,IBIT
2025-11-25 13:57:00+00:00,33,2,8147,49.37,49.38,49.36,49.37,3638,IBIT
2025-11-25 13:58:00+00:00,33,2,8147,49.37,49.37,49.36,49.36,867,IBIT
2025-11-25 13:59:00+00:00,33,2,8147,49.4,49.41,49.4,49.4,3253,IBIT
2025-11-25 14:00:00+00:00,33,2,8147,49.4,49.42,49.38,49.4,4028,IBIT
2025-11-25 14:01:00+00:00,33,2,8147,49.39,49.42,49.38,49.42,1996,IBIT
2025-11-25 14:02:00+00:00,33,2,8147,49.43,49.44,49.41,49.42,16060,IBIT
2025-11-25 14:03:00+00:00,33,2,8147,49.43,49.45,49.43,49.43,2146,IBIT
2025-11-25 14:04:00+00:00,33,2,8147,49.42,49.46,49.42,49.44,2634,IBIT
2025-11-25 14:05:00+00:00,33,2,8147,49.45,49.48,49.45,49.47,1340,IBIT
2025-11-25 14:06:00+00:00,33,2,8147,49.49,49.52,49.48,49.48,1954,IBIT
2025-11-25 14:07:00+00:00,33,2,8147,49.48,49.48,49.42,49.42,2478,IBIT
2025-11-25 14:08:00+00:00,33,2,8147,49.4,49.4,49.39,49.39,236,IBIT
2025-11-25 14:09:00+00:00,33,2,8147,49.35,49.35,49.3,49.3,4887,IBIT
2025-11-25 14:10:00+00:00,33,2,8147,49.3,49.31,49.29,49.29,1050,IBIT
2025-11-25 14:11:00+00:00,33,2,8147,49.31,49.31,49.27,49.29,5043,IBIT
2025-11-25 14:12:00+00:00,33,2,8147,49.28,49.31,49.28,49.29,770,IBIT
2025-11-25 14:13:00+00:00,33,2,8147,49.29,49.32,49.29,49.32,920,IBIT
2025-11-25 14:14:00+00:00,33,2,8147,49.37,49.37,49.35,49.36,622,IBIT
2025-11-25 14:15:00+00:00,33,2,8147,49.33,49.35,49.33,49.33,426,IBIT
2025-11-25 14:16:00+00:00,33,2,8147,49.31,49.33,49.31,49.32,1177,IBIT
2025-11-25 14:17:00+00:00,33,2,8147,49.33,49.34,49.3,49.3,1337,IBIT
2025-11-25 14:18:00+00:00,33,2,8147,49.31,49.31,49.29,49.29,1570,IBIT
2025-11-25 14:19:00+00:00,33,2,8147,49.29,49.32,49.28,49.32,3011,IBIT
2025-11-25 14:20:00+00:00,33,2,8147,49.32,49.32,49.29,49.3,6050,IBIT
2025-11-25 14:21:00+00:00,33,2,8147,49.3,49.33,49.3,49.33,3198,IBIT
2025-11-25 14:22:00+00:00,33,2,8147,49.32,49.35,49.32,49.35,4357,IBIT
2025-11-25 14:23:00+00:00,33,2,8147,49.36,49.37,49.35,49.36,4419,IBIT
2025-11-25 14:24:00+00:00,33,2,8147,49.37,49.39,49.36,49.37,2802,IBIT
2025-11-25 14:25:00+00:00,33,2,8147,49.38,49.42,49.38,49.42,15408,IBIT
2025-11-25 14:26:00+00:00,33,2,8147,49.42,49.46,49.4,49.46,12563,IBIT
2025-11-25 14:27:00+00:00,33,2,8147,49.46,49.48,49.45,49.47,16557,IBIT
2025-11-25 14:28:00+00:00,33,2,8147,49.47,49.48,49.44,49.46,27852,IBIT
2025-11-25 14:29:00+00:00,33,2,8147,49.47,49.5,49.47,49.47,11455,IBIT
2025-11-25 14:30:00+00:00,33,2,8147,49.47,49.47,49.3,49.345,608478,IBIT
2025-11-25 14:31:00+00:00,33,2,8147,49.35,49.425,49.34,49.41,47063,IBIT
2025-11-25 14:32:00+00:00,33,2,8147,49.385,49.44,49.355,49.39,48909,IBIT
2025-11-25 14:33:00+00:00,33,2,8147,49.395,49.5,49.39,49.46,48878,IBIT
2025-11-25 14:34:00+00:00,33,2,8147,49.46,49.49,49.42,49.47,66373,IBIT
2025-11-25 14:35:00+00:00,33,2,8147,49.475,49.475,49.36,49.4,70111,IBIT
2025-11-25 14:36:00+00:00,33,2,8147,49.41,49.46,49.37,49.39,39626,IBIT
2025-11-25 14:37:00+00:00,33,2,8147,49.4,49.41,49.335,49.38,20621,IBIT
2025-11-25 14:38:00+00:00,33,2,8147,49.39,49.425,49.35,49.38,37298,IBIT
2025-11-25 14:39:00+00:00,33,2,8147,49.37,49.425,49.35,49.36,31764,IBIT
2025-11-25 14:40:00+00:00,33,2,8147,49.35,49.36,49.305,49.31,50067,IBIT
2025-11-25 14:41:00+00:00,33,2,8147,49.3,49.33,49.28,49.3,31144,IBIT
2025-11-25 14:42:00+00:00,33,2,8147,49.28,49.33,49.2,49.2,52493,IBIT
2025-11-25 14:43:00+00:00,33,2,8147,49.19,49.19,49.1,49.13,70056,IBIT
2025-11-25 14:44:00+00:00,33,2,8147,49.12,49.18,49.11,49.13,34407,IBIT
2025-11-25 14:45:00+00:00,33,2,8147,49.11,49.12,49.04,49.07,79422,IBIT
2025-11-25 14:46:00+00:00,33,2,8147,49.06,49.09,49.03,49.05,45865,IBIT
2025-11-25 14:47:00+00:00,33,2,8147,49.05,49.13,49.03,49.03,93243,IBIT
2025-11-25 14:48:00+00:00,33,2,8147,49.03,49.08,48.94,48.97,124159,IBIT
2025-11-25 14:49:00+00:00,33,2,8147,48.97,48.99,48.885,48.89,117601,IBIT
2025-11-25 14:50:00+00:00,33,2,8147,48.89,48.94,48.86,48.86,76088,IBIT
2025-11-25 14:51:00+00:00,33,2,8147,48.85,49.02,48.85,48.985,88003,IBIT
2025-11-25 14:52:00+00:00,33,2,8147,48.98,49.06,48.945,49.06,61799,IBIT
2025-11-25 14:53:00+00:00,33,2,8147,49.05,49.07,49.025,49.05,28680,IBIT
2025-11-25 14:54:00+00:00,33,2,8147,49.055,49.11,49.015,49.03,50535,IBIT
2025-11-25 14:55:00+00:00,33,2,8147,49.035,49.075,49.03,49.04,27378,IBIT
2025-11-25 14:56:00+00:00,33,2,8147,49.04,49.065,48.995,49.055,24967,IBIT
2025-11-25 14:57:00+00:00,33,2,8147,49.06,49.145,49.05,49.14,35164,IBIT
2025-11-25 14:58:00+00:00,33,2,8147,49.145,49.19,49.14,49.17,25561,IBIT
2025-11-25 14:59:00+00:00,33,2,8147,49.175,49.255,49.175,49.22,37808,IBIT
2025-11-25 15:00:00+00:00,33,2,8147,49.21,49.21,49.09,49.09,42620,IBIT
2025-11-25 15:01:00+00:00,33,2,8147,49.09,49.125,49.075,49.1,19789,IBIT
2025-11-25 15:02:00+00:00,33,2,8147,49.105,49.11,49.01,49.025,33267,IBIT
2025-11-25 15:03:00+00:00,33,2,8147,49.015,49.02,48.92,48.94,26262,IBIT
2025-11-25 15:04:00+00:00,33,2,8147,48.93,48.945,48.88,48.915,20562,IBIT
2025-11-25 15:05:00+00:00,33,2,8147,48.91,49.01,48.91,49.0,50489,IBIT
2025-11-25 15:06:00+00:00,33,2,8147,48.99,49.005,48.94,49.005,14639,IBIT
2025-11-25 15:07:00+00:00,33,2,8147,49.0,49.08,48.99,49.055,35471,IBIT
2025-11-25 15:08:00+00:00,33,2,8147,49.06,49.135,49.06,49.125,26677,IBIT
2025-11-25 15:09:00+00:00,33,2,8147,49.12,49.165,49.11,49.165,23898,IBIT
2025-11-25 15:10:00+00:00,33,2,8147,49.17,49.295,49.17,49.27,46771,IBIT
2025-11-25 15:11:00+00:00,33,2,8147,49.27,49.28,49.14,49.16,44115,IBIT
2025-11-25 15:12:00+00:00,33,2,8147,49.15,49.18,49.13,49.17,38603,IBIT
2025-11-25 15:13:00+00:00,33,2,8147,49.18,49.21,49.15,49.15,24103,IBIT
2025-11-25 15:14:00+00:00,33,2,8147,49.16,49.17,49.09,49.12,10367,IBIT
2025-11-25 15:15:00+00:00,33,2,8147,49.12,49.12,49.055,49.065,18535,IBIT
2025-11-25 15:16:00+00:00,33,2,8147,49.06,49.145,49.05,49.11,48562,IBIT
2025-11-25 15:17:00+00:00,33,2,8147,49.11,49.19,49.08,49.125,33101,IBIT
2025-11-25 15:18:00+00:00,33,2,8147,49.12,49.15,49.1,49.12,14426,IBIT
2025-11-25 15:19:00+00:00,33,2,8147,49.12,49.14,49.09,49.1,11550,IBIT
2025-11-25 15:20:00+00:00,33,2,8147,49.1,49.1,49.0,49.0,37821,IBIT
2025-11-25 15:21:00+00:00,33,2,8147,48.99,49.035,48.98,49.02,37767,IBIT
2025-11-25 15:22:00+00:00,33,2,8147,49.03,49.1,49.0,49.01,37496,IBIT
2025-11-25 15:23:00+00:00,33,2,8147,49.01,49.06,48.985,49.04,21258,IBIT
2025-11-25 15:24:00+00:00,33,2,8147,49.005,49.04,49.005,49.04,7135,IBIT
2025-11-25 15:25:00+00:00,33,2,8147,49.03,49.13,49.03,49.125,43469,IBIT
2025-11-25 15:26:00+00:00,33,2,8147,49.1,49.14,49.07,49.12,13148,IBIT
2025-11-25 15:27:00+00:00,33,2,8147,49.11,49.12,49.075,49.095,13913,IBIT
2025-11-25 15:28:00+00:00,33,2,8147,49.1,49.17,49.09,49.165,43349,IBIT
2025-11-25 15:29:00+00:00,33,2,8147,49.18,49.215,49.18,49.21,18475,IBIT
2025-11-25 15:30:00+00:00,33,2,8147,49.21,49.34,49.21,49.31,78124,IBIT
2025-11-25 15:31:00+00:00,33,2,8147,49.31,49.35,49.275,49.34,34929,IBIT
2025-11-25 15:32:00+00:00,33,2,8147,49.35,49.37,49.34,49.36,58716,IBIT
2025-11-25 15:33:00+00:00,33,2,8147,49.36,49.39,49.34,49.39,33612,IBIT
2025-11-25 15:34:00+00:00,33,2,8147,49.4,49.42,49.365,49.365,24811,IBIT
2025-11-25 15:35:00+00:00,33,2,8147,49.365,49.37,49.26,49.26,19657,IBIT
2025-11-25 15:36:00+00:00,33,2,8147,49.25,49.29,49.245,49.26,18683,IBIT
2025-11-25 15:37:00+00:00,33,2,8147,49.27,49.325,49.27,49.325,23508,IBIT
2025-11-25 15:38:00+00:00,33,2,8147,49.32,49.34,49.29,49.32,26309,IBIT
2025-11-25 15:39:00+00:00,33,2,8147,49.33,49.365,49.32,49.36,19914,IBIT
2025-11-25 15:40:00+00:00,33,2,8147,49.36,49.37,49.335,49.36,14035,IBIT
2025-11-25 15:41:00+00:00,33,2,8147,49.37,49.39,49.335,49.38,18780,IBIT
2025-11-25 15:42:00+00:00,33,2,8147,49.36,49.39,49.34,49.34,11959,IBIT
2025-11-25 15:43:00+00:00,33,2,8147,49.33,49.38,49.325,49.38,25722,IBIT
2025-11-25 15:44:00+00:00,33,2,8147,49.385,49.45,49.385,49.45,21062,IBIT
2025-11-25 15:45:00+00:00,33,2,8147,49.45,49.51,49.45,49.51,46138,IBIT
2025-11-25 15:46:00+00:00,33,2,8147,49.52,49.52,49.475,49.48,18931,IBIT
2025-11-25 15:47:00+00:00,33,2,8147,49.48,49.48,49.42,49.43,18519,IBIT
2025-11-25 15:48:00+00:00,33,2,8147,49.44,49.45,49.405,49.42,21148,IBIT
2025-11-25 15:49:00+00:00,33,2,8147,49.41,49.41,49.345,49.355,19045,IBIT
2025-11-25 15:50:00+00:00,33,2,8147,49.34,49.34,49.305,49.31,13894,IBIT
2025-11-25 15:51:00+00:00,33,2,8147,49.31,49.35,49.305,49.32,61504,IBIT
2025-11-25 15:52:00+00:00,33,2,8147,49.32,49.36,49.31,49.36,7193,IBIT
2025-11-25 15:53:00+00:00,33,2,8147,49.35,49.38,49.335,49.365,14494,IBIT
2025-11-25 15:54:00+00:00,33,2,8147,49.36,49.37,49.33,49.35,12580,IBIT
2025-11-25 15:55:00+00:00,33,2,8147,49.35,49.35,49.305,49.31,11058,IBIT
2025-11-25 15:56:00+00:00,33,2,8147,49.31,49.315,49.265,49.305,26048,IBIT
2025-11-25 15:57:00+00:00,33,2,8147,49.31,49.35,49.31,49.32,24145,IBIT
2025-11-25 15:58:00+00:00,33,2,8147,49.32,49.35,49.31,49.33,15791,IBIT
2025-11-25 15:59:00+00:00,33,2,8147,49.34,49.34,49.3,49.34,11981,IBIT
2025-11-25 16:00:00+00:00,33,2,8147,49.34,49.35,49.32,49.345,28964,IBIT
2025-11-25 16:01:00+00:00,33,2,8147,49.35,49.38,49.34,49.36,21425,IBIT
2025-11-25 16:02:00+00:00,33,2,8147,49.37,49.37,49.3,49.33,28252,IBIT
2025-11-25 16:03:00+00:00,33,2,8147,49.33,49.38,49.325,49.36,48353,IBIT
2025-11-25 16:04:00+00:00,33,2,8147,49.35,49.39,49.35,49.365,40388,IBIT
2025-11-25 16:05:00+00:00,33,2,8147,49.37,49.37,49.3,49.3,22071,IBIT
2025-11-25 16:06:00+00:00,33,2,8147,49.29,49.29,49.23,49.25,28057,IBIT
2025-11-25 16:07:00+00:00,33,2,8147,49.24,49.28,49.24,49.26,32162,IBIT
2025-11-25 16:08:00+00:00,33,2,8147,49.27,49.27,49.245,49.25,15275,IBIT
2025-11-25 16:09:00+00:00,33,2,8147,49.26,49.26,49.155,49.19,64769,IBIT
2025-11-25 16:10:00+00:00,33,2,8147,49.19,49.25,49.19,49.25,38338,IBIT
2025-11-25 16:11:00+00:00,33,2,8147,49.26,49.27,49.25,49.265,14410,IBIT
2025-11-25 16:12:00+00:00,33,2,8147,49.265,49.3,49.25,49.25,23312,IBIT
2025-11-25 16:13:00+00:00,33,2,8147,49.24,49.3,49.235,49.29,22260,IBIT
2025-11-25 16:14:00+00:00,33,2,8147,49.28,49.28,49.24,49.245,11590,IBIT
2025-11-25 16:15:00+00:00,33,2,8147,49.235,49.235,49.2,49.22,26466,IBIT
2025-11-25 16:16:00+00:00,33,2,8147,49.23,49.31,49.23,49.31,18670,IBIT
2025-11-25 16:17:00+00:00,33,2,8147,49.3,49.36,49.3,49.3,44843,IBIT
2025-11-25 16:18:00+00:00,33,2,8147,49.29,49.34,49.28,49.33,19700,IBIT
2025-11-25 16:19:00+00:00,33,2,8147,49.33,49.37,49.305,49.335,15576,IBIT
2025-11-25 16:20:00+00:00,33,2,8147,49.33,49.36,49.325,49.345,32172,IBIT
2025-11-25 16:21:00+00:00,33,2,8147,49.36,49.46,49.36,49.46,27026,IBIT
2025-11-25 16:22:00+00:00,33,2,8147,49.46,49.49,49.455,49.47,28767,IBIT
2025-11-25 16:23:00+00:00,33,2,8147,49.48,49.48,49.435,49.45,41076,IBIT
2025-11-25 16:24:00+00:00,33,2,8147,49.45,49.45,49.42,49.43,16350,IBIT
2025-11-25 16:25:00+00:00,33,2,8147,49.42,49.43,49.39,49.395,11399,IBIT
2025-11-25 16:26:00+00:00,33,2,8147,49.4,49.41,49.38,49.395,11231,IBIT
2025-11-25 16:27:00+00:00,33,2,8147,49.395,49.41,49.395,49.41,28160,IBIT
2025-11-25 16:28:00+00:00,33,2,8147,49.4,49.41,49.38,49.4,18203,IBIT
2025-11-25 16:29:00+00:00,33,2,8147,49.4,49.45,49.4,49.45,22301,IBIT
2025-11-25 16:30:00+00:00,33,2,8147,49.46,49.48,49.455,49.47,24580,IBIT
2025-11-25 16:31:00+00:00,33,2,8147,49.46,49.46,49.415,49.44,24481,IBIT
2025-11-25 16:32:00+00:00,33,2,8147,49.44,49.46,49.4,49.46,21778,IBIT
2025-11-25 16:33:00+00:00,33,2,8147,49.46,49.47,49.39,49.39,46765,IBIT
2025-11-25 16:34:00+00:00,33,2,8147,49.37,49.4,49.36,49.4,12522,IBIT
2025-11-25 16:35:00+00:00,33,2,8147,49.4,49.42,49.375,49.38,19907,IBIT
2025-11-25 16:36:00+00:00,33,2,8147,49.37,49.37,49.35,49.35,22030,IBIT
2025-11-25 16:37:00+00:00,33,2,8147,49.345,49.39,49.34,49.36,16569,IBIT
2025-11-25 16:38:00+00:00,33,2,8147,49.36,49.36,49.345,49.355,7346,IBIT
2025-11-25 16:39:00+00:00,33,2,8147,49.35,49.355,49.335,49.345,18112,IBIT
2025-11-25 16:40:00+00:00,33,2,8147,49.35,49.38,49.35,49.365,18883,IBIT
2025-11-25 16:41:00+00:00,33,2,8147,49.36,49.39,49.35,49.39,22010,IBIT
2025-11-25 16:42:00+00:00,33,2,8147,49.39,49.44,49.39,49.44,24337,IBIT
2025-11-25 16:43:00+00:00,33,2,8147,49.44,49.44,49.415,49.42,12370,IBIT
2025-11-25 16:44:00+00:00,33,2,8147,49.425,49.43,49.38,49.385,20429,IBIT
2025-11-25 16:45:00+00:00,33,2,8147,49.38,49.38,49.29,49.29,9628,IBIT
2025-11-25 16:46:00+00:00,33,2,8147,49.295,49.33,49.295,49.33,19768,IBIT
2025-11-25 16:47:00+00:00,33,2,8147,49.34,49.35,49.32,49.32,17807,IBIT
2025-11-25 16:48:00+00:00,33,2,8147,49.31,49.33,49.31,49.33,17315,IBIT
2025-11-25 16:49:00+00:00,33,2,8147,49.33,49.33,49.305,49.33,12794,IBIT
2025-11-25 16:50:00+00:00,33,2,8147,49.33,49.39,49.33,49.39,27477,IBIT
2025-11-25 16:51:00+00:00,33,2,8147,49.4,49.4,49.36,49.37,9025,IBIT
2025-11-25 16:52:00+00:00,33,2,8147,49.365,49.39,49.365,49.37,9874,IBIT
2025-11-25 16:53:00+00:00,33,2,8147,49.37,49.4,49.365,49.38,28162,IBIT
2025-11-25 16:54:00+00:00,33,2,8147,49.37,49.38,49.365,49.38,23824,IBIT
2025-11-25 16:55:00+00:00,33,2,8147,49.38,49.38,49.335,49.34,5469,IBIT
2025-11-25 16:56:00+00:00,33,2,8147,49.34,49.35,49.33,49.35,4619,IBIT
2025-11-25 16:57:00+00:00,33,2,8147,49.355,49.4,49.355,49.4,14715,IBIT
2025-11-25 16:58:00+00:00,33,2,8147,49.4,49.4,49.38,49.385,7263,IBIT
2025-11-25 16:59:00+00:00,33,2,8147,49.385,49.415,49.385,49.385,9230,IBIT
2025-11-25 17:00:00+00:00,33,2,8147,49.39,49.47,49.38,49.435,49817,IBIT
2025-11-25 17:01:00+00:00,33,2,8147,49.44,49.44,49.385,49.385,23041,IBIT
2025-11-25 17:02:00+00:00,33,2,8147,49.38,49.43,49.365,49.41,14214,IBIT
2025-11-25 17:03:00+00:00,33,2,8147,49.4,49.41,49.37,49.38,6501,IBIT
2025-11-25 17:04:00+00:00,33,2,8147,49.38,49.38,49.35,49.35,9882,IBIT
2025-11-25 17:05:00+00:00,33,2,8147,49.355,49.425,49.355,49.425,14317,IBIT
2025-11-25 17:06:00+00:00,33,2,8147,49.42,49.42,49.4,49.41,11822,IBIT
2025-11-25 17:07:00+00:00,33,2,8147,49.4,49.405,49.37,49.39,16556,IBIT
2025-11-25 17:08:00+00:00,33,2,8147,49.4,49.4,49.365,49.37,11192,IBIT
2025-11-25 17:09:00+00:00,33,2,8147,49.365,49.43,49.365,49.425,7346,IBIT
2025-11-25 17:10:00+00:00,33,2,8147,49.42,49.48,49.42,49.48,19433,IBIT
2025-11-25 17:11:00+00:00,33,2,8147,49.48,49.55,49.47,49.49,31592,IBIT
2025-11-25 17:12:00+00:00,33,2,8147,49.49,49.51,49.49,49.495,6940,IBIT
2025-11-25 17:13:00+00:00,33,2,8147,49.495,49.555,49.495,49.555,43298,IBIT
2025-11-25 17:14:00+00:00,33,2,8147,49.55,49.61,49.55,49.59,23077,IBIT
2025-11-25 17:15:00+00:00,33,2,8147,49.59,49.59,49.495,49.5,26939,IBIT
2025-11-25 17:16:00+00:00,33,2,8147,49.5,49.5,49.47,49.475,35926,IBIT
2025-11-25 17:17:00+00:00,33,2,8147,49.465,49.5,49.46,49.48,29620,IBIT
2025-11-25 17:18:00+00:00,33,2,8147,49.48,49.485,49.45,49.485,21796,IBIT
2025-11-25 17:19:00+00:00,33,2,8147,49.48,49.515,49.48,49.505,16820,IBIT
2025-11-25 17:20:00+00:00,33,2,8147,49.51,49.55,49.51,49.53,14550,IBIT
2025-11-25 17:21:00+00:00,33,2,8147,49.525,49.545,49.525,49.545,7059,IBIT
2025-11-25 17:22:00+00:00,33,2,8147,49.55,49.65,49.55,49.65,60131,IBIT
2025-11-25 17:23:00+00:00,33,2,8147,49.66,49.66,49.61,49.63,36271,IBIT
2025-11-25 17:24:00+00:00,33,2,8147,49.625,49.635,49.615,49.63,9593,IBIT
2025-11-25 17:25:00+00:00,33,2,8147,49.63,49.665,49.63,49.66,21453,IBIT
2025-11-25 17:26:00+00:00,33,2,8147,49.67,49.69,49.66,49.69,36373,IBIT
2025-11-25 17:27:00+00:00,33,2,8147,49.69,49.69,49.625,49.63,39334,IBIT
2025-11-25 17:28:00+00:00,33,2,8147,49.64,49.645,49.62,49.63,12569,IBIT
2025-11-25 17:29:00+00:00,33,2,8147,49.625,49.625,49.6,49.61,25691,IBIT
2025-11-25 17:30:00+00:00,33,2,8147,49.615,49.625,49.605,49.605,11068,IBIT
2025-11-25 17:31:00+00:00,33,2,8147,49.6,49.69,49.595,49.69,35199,IBIT
2025-11-25 17:32:00+00:00,33,2,8147,49.685,49.705,49.68,49.705,13446,IBIT
2025-11-25 17:33:00+00:00,33,2,8147,49.705,49.78,49.705,49.765,46198,IBIT
2025-11-25 17:34:00+00:00,33,2,8147,49.77,49.87,49.77,49.86,53737,IBIT
2025-11-25 17:35:00+00:00,33,2,8147,49.85,49.855,49.8,49.85,73299,IBIT
2025-11-25 17:36:00+00:00,33,2,8147,49.86,49.89,49.84,49.88,35502,IBIT
2025-11-25 17:37:00+00:00,33,2,8147,49.89,49.935,49.87,49.915,45893,IBIT
2025-11-25 17:38:00+00:00,33,2,8147,49.915,49.93,49.9,49.93,26816,IBIT
2025-11-25 17:39:00+00:00,33,2,8147,49.93,49.95,49.9,49.92,31142,IBIT
2025-11-25 17:40:00+00:00,33,2,8147,49.93,49.99,49.93,49.985,54600,IBIT
2025-11-25 17:41:00+00:00,33,2,8147,49.99,49.995,49.975,49.985,35663,IBIT
2025-11-25 17:42:00+00:00,33,2,8147,49.98,49.98,49.93,49.965,25458,IBIT
2025-11-25 17:43:00+00:00,33,2,8147,49.96,49.96,49.92,49.93,25355,IBIT
2025-11-25 17:44:00+00:00,33,2,8147,49.93,49.935,49.86,49.875,43031,IBIT
2025-11-25 17:45:00+00:00,33,2,8147,49.875,49.89,49.825,49.83,7918,IBIT
2025-11-25 17:46:00+00:00,33,2,8147,49.83,49.83,49.78,49.8,12972,IBIT
2025-11-25 17:47:00+00:00,33,2,8147,49.81,49.815,49.775,49.79,19904,IBIT
2025-11-25 17:48:00+00:00,33,2,8147,49.78,49.78,49.735,49.78,9982,IBIT
2025-11-25 17:49:00+00:00,33,2,8147,49.785,49.8,49.78,49.79,14326,IBIT
2025-11-25 17:50:00+00:00,33,2,8147,49.795,49.84,49.79,49.84,33951,IBIT
2025-11-25 17:51:00+00:00,33,2,8147,49.835,49.86,49.835,49.855,10226,IBIT
2025-11-25 17:52:00+00:00,33,2,8147,49.855,49.88,49.855,49.865,12971,IBIT
2025-11-25 17:53:00+00:00,33,2,8147,49.86,49.86,49.82,49.82,6486,IBIT
2025-11-25 17:54:00+00:00,33,2,8147,49.815,49.815,49.78,49.78,8222,IBIT
2025-11-25 17:55:00+00:00,33,2,8147,49.775,49.78,49.745,49.75,5974,IBIT
2025-11-25 17:56:00+00:00,33,2,8147,49.74,49.775,49.74,49.77,22529,IBIT
2025-11-25 17:57:00+00:00,33,2,8147,49.76,49.775,49.755,49.775,5884,IBIT
2025-11-25 17:58:00+00:00,33,2,8147,49.775,49.775,49.705,49.71,4715,IBIT
2025-11-25 17:59:00+00:00,33,2,8147,49.7,49.7,49.68,49.68,13614,IBIT
2025-11-25 18:00:00+00:00,33,2,8147,49.685,49.695,49.665,49.67,7501,IBIT
2025-11-25 18:01:00+00:00,33,2,8147,49.68,49.72,49.67,49.705,26174,IBIT
2025-11-25 18:02:00+00:00,33,2,8147,49.7,49.7,49.665,49.665,12133,IBIT
2025-11-25 18:03:00+00:00,33,2,8147,49.65,49.665,49.63,49.63,6089,IBIT
2025-11-25 18:04:00+00:00,33,2,8147,49.63,49.7,49.63,49.675,32974,IBIT
2025-11-25 18:05:00+00:00,33,2,8147,49.68,49.74,49.675,49.725,15960,IBIT
2025-11-25 18:06:00+00:00,33,2,8147,49.73,49.75,49.72,49.74,15917,IBIT
2025-11-25 18:07:00+00:00,33,2,8147,49.74,49.755,49.725,49.745,9602,IBIT
2025-11-25 18:08:00+00:00,33,2,8147,49.75,49.75,49.715,49.74,17895,IBIT
2025-11-25 18:09:00+00:00,33,2,8147,49.73,49.775,49.73,49.76,13731,IBIT
2025-11-25 18:10:00+00:00,33,2,8147,49.76,49.78,49.715,49.72,17189,IBIT
2025-11-25 18:11:00+00:00,33,2,8147,49.72,49.72,49.695,49.705,23654,IBIT
2025-11-25 18:12:00+00:00,33,2,8147,49.71,49.755,49.7,49.74,21619,IBIT
2025-11-25 18:13:00+00:00,33,2,8147,49.74,49.74,49.71,49.73,18779,IBIT
2025-11-25 18:14:00+00:00,33,2,8147,49.73,49.73,49.69,49.69,15527,IBIT
2025-11-25 18:15:00+00:00,33,2,8147,49.69,49.75,49.69,49.705,34425,IBIT
2025-11-25 18:16:00+00:00,33,2,8147,49.705,49.71,49.665,49.71,16413,IBIT
2025-11-25 18:17:00+00:00,33,2,8147,49.705,49.73,49.7,49.7,5924,IBIT
2025-11-25 18:18:00+00:00,33,2,8147,49.69,49.73,49.68,49.73,13281,IBIT
2025-11-25 18:19:00+00:00,33,2,8147,49.72,49.75,49.71,49.74,7077,IBIT
2025-11-25 18:20:00+00:00,33,2,8147,49.74,49.76,49.715,49.76,9889,IBIT
2025-11-25 18:21:00+00:00,33,2,8147,49.76,49.775,49.745,49.755,11700,IBIT
2025-11-25 18:22:00+00:00,33,2,8147,49.76,49.775,49.74,49.775,21032,IBIT
2025-11-25 18:23:00+00:00,33,2,8147,49.77,49.795,49.765,49.795,32339,IBIT
2025-11-25 18:24:00+00:00,33,2,8147,49.785,49.785,49.725,49.725,18078,IBIT
2025-11-25 18:25:00+00:00,33,2,8147,49.72,49.72,49.665,49.665,4559,IBIT
2025-11-25 18:26:00+00:00,33,2,8147,49.66,49.69,49.635,49.68,20279,IBIT
2025-11-25 18:27:00+00:00,33,2,8147,49.68,49.68,49.66,49.67,26051,IBIT
2025-11-25 18:28:00+00:00,33,2,8147,49.675,49.69,49.66,49.665,7348,IBIT
2025-11-25 18:29:00+00:00,33,2,8147,49.67,49.69,49.66,49.69,10553,IBIT
2025-11-25 18:30:00+00:00,33,2,8147,49.7,49.72,49.695,49.71,10207,IBIT
2025-11-25 18:31:00+00:00,33,2,8147,49.705,49.71,49.69,49.71,8291,IBIT
2025-11-25 18:32:00+00:00,33,2,8147,49.71,49.71,49.695,49.71,7788,IBIT
2025-11-25 18:33:00+00:00,33,2,8147,49.72,49.73,49.695,49.7,7499,IBIT
2025-11-25 18:34:00+00:00,33,2,8147,49.7,49.7,49.685,49.685,5802,IBIT
2025-11-25 18:35:00+00:00,33,2,8147,49.68,49.68,49.645,49.66,10472,IBIT
2025-11-25 18:36:00+00:00,33,2,8147,49.675,49.675,49.635,49.66,23214,IBIT
2025-11-25 18:37:00+00:00,33,2,8147,49.66,49.66,49.615,49.63,20503,IBIT
2025-11-25 18:38:00+00:00,33,2,8147,49.62,49.62,49.575,49.59,36041,IBIT
2025-11-25 18:39:00+00:00,33,2,8147,49.59,49.6,49.58,49.59,9470,IBIT
2025-11-25 18:40:00+00:00,33,2,8147,49.6,49.655,49.6,49.625,23854,IBIT
2025-11-25 18:41:00+00:00,33,2,8147,49.635,49.68,49.635,49.67,20694,IBIT
2025-11-25 18:42:00+00:00,33,2,8147,49.655,49.66,49.635,49.635,4218,IBIT
2025-11-25 18:43:00+00:00,33,2,8147,49.635,49.645,49.595,49.6,36785,IBIT
2025-11-25 18:44:00+00:00,33,2,8147,49.59,49.625,49.575,49.625,10911,IBIT
2025-11-25 18:45:00+00:00,33,2,8147,49.615,49.65,49.615,49.65,20387,IBIT
2025-11-25 18:46:00+00:00,33,2,8147,49.645,49.66,49.61,49.66,48925,IBIT
2025-11-25 18:47:00+00:00,33,2,8147,49.66,49.675,49.66,49.66,8971,IBIT
2025-11-25 18:48:00+00:00,33,2,8147,49.66,49.685,49.66,49.675,9632,IBIT
2025-11-25 18:49:00+00:00,33,2,8147,49.67,49.675,49.655,49.655,9771,IBIT
2025-11-25 18:50:00+00:00,33,2,8147,49.66,49.68,49.645,49.66,13063,IBIT
2025-11-25 18:51:00+00:00,33,2,8147,49.665,49.665,49.605,49.62,23829,IBIT
2025-11-25 18:52:00+00:00,33,2,8147,49.62,49.62,49.6,49.62,9717,IBIT
2025-11-25 18:53:00+00:00,33,2,8147,49.62,49.62,49.595,49.595,15383,IBIT
2025-11-25 18:54:00+00:00,33,2,8147,49.6,49.63,49.6,49.605,4196,IBIT
2025-11-25 18:55:00+00:00,33,2,8147,49.61,49.61,49.57,49.57,9557,IBIT
2025-11-25 18:56:00+00:00,33,2,8147,49.575,49.585,49.56,49.56,12713,IBIT
2025-11-25 18:57:00+00:00,33,2,8147,49.565,49.565,49.485,49.51,39644,IBIT
2025-11-25 18:58:00+00:00,33,2,8147,49.51,49.51,49.43,49.465,76352,IBIT
2025-11-25 18:59:00+00:00,33,2,8147,49.47,49.485,49.435,49.44,23142,IBIT
2025-11-25 19:00:00+00:00,33,2,8147,49.43,49.5,49.425,49.47,31185,IBIT
2025-11-25 19:01:00+00:00,33,2,8147,49.46,49.475,49.445,49.46,36888,IBIT
2025-11-25 19:02:00+00:00,33,2,8147,49.455,49.46,49.395,49.395,28456,IBIT
2025-11-25 19:03:00+00:00,33,2,8147,49.395,49.395,49.36,49.37,21786,IBIT
2025-11-25 19:04:00+00:00,33,2,8147,49.37,49.37,49.275,49.275,27244,IBIT
2025-11-25 19:05:00+00:00,33,2,8147,49.27,49.39,49.255,49.335,30833,IBIT
2025-11-25 19:06:00+00:00,33,2,8147,49.35,49.37,49.32,49.335,48837,IBIT
2025-11-25 19:07:00+00:00,33,2,8147,49.335,49.335,49.29,49.31,13288,IBIT
2025-11-25 19:08:00+00:00,33,2,8147,49.3,49.3,49.195,49.21,44569,IBIT
2025-11-25 19:09:00+00:00,33,2,8147,49.2,49.22,49.19,49.21,29963,IBIT
2025-11-25 19:10:00+00:00,33,2,8147,49.2,49.24,49.195,49.24,23668,IBIT
2025-11-25 19:11:00+00:00,33,2,8147,49.24,49.27,49.205,49.21,20726,IBIT
2025-11-25 19:12:00+00:00,33,2,8147,49.21,49.215,49.2,49.21,9110,IBIT
2025-11-25 19:13:00+00:00,33,2,8147,49.21,49.275,49.205,49.275,31596,IBIT
2025-11-25 19:14:00+00:00,33,2,8147,49.275,49.295,49.265,49.29,14342,IBIT
2025-11-25 19:15:00+00:00,33,2,8147,49.285,49.285,49.25,49.25,11067,IBIT
2025-11-25 19:16:00+00:00,33,2,8147,49.24,49.24,49.155,49.17,21165,IBIT
2025-11-25 19:17:00+00:00,33,2,8147,49.18,49.19,49.12,49.13,28327,IBIT
2025-11-25 19:18:00+00:00,33,2,8147,49.13,49.15,49.08,49.09,32451,IBIT
2025-11-25 19:19:00+00:00,33,2,8147,49.08,49.095,49.02,49.025,28821,IBIT
2025-11-25 19:20:00+00:00,33,2,8147,49.03,49.045,49.015,49.03,32668,IBIT
2025-11-25 19:21:00+00:00,33,2,8147,49.03,49.03,48.965,48.965,78424,IBIT
2025-11-25 19:22:00+00:00,33,2,8147,48.97,48.98,48.93,48.93,32179,IBIT
2025-11-25 19:23:00+00:00,33,2,8147,48.925,48.93,48.89,48.915,61892,IBIT
2025-11-25 19:24:00+00:00,33,2,8147,48.92,48.99,48.92,48.97,17131,IBIT
2025-11-25 19:25:00+00:00,33,2,8147,48.96,48.96,48.915,48.935,23089,IBIT
2025-11-25 19:26:00+00:00,33,2,8147,48.93,48.93,48.89,48.895,13523,IBIT
2025-11-25 19:27:00+00:00,33,2,8147,48.89,48.91,48.88,48.9,10726,IBIT
2025-11-25 19:28:00+00:00,33,2,8147,48.895,48.9,48.865,48.9,19016,IBIT
2025-11-25 19:29:00+00:00,33,2,8147,48.89,48.91,48.875,48.91,24739,IBIT
2025-11-25 19:30:00+00:00,33,2,8147,48.915,48.92,48.845,48.87,29128,IBIT
2025-11-25 19:31:00+00:00,33,2,8147,48.87,48.91,48.86,48.88,20443,IBIT
2025-11-25 19:32:00+00:00,33,2,8147,48.88,48.93,48.88,48.9,16589,IBIT
2025-11-25 19:33:00+00:00,33,2,8147,48.91,48.98,48.91,48.98,18788,IBIT
2025-11-25 19:34:00+00:00,33,2,8147,48.98,48.98,48.945,48.97,31817,IBIT
2025-11-25 19:35:00+00:00,33,2,8147,48.96,48.96,48.93,48.93,8130,IBIT
2025-11-25 19:36:00+00:00,33,2,8147,48.93,48.93,48.875,48.875,39640,IBIT
2025-11-25 19:37:00+00:00,33,2,8147,48.88,48.89,48.845,48.85,17864,IBIT
2025-11-25 19:38:00+00:00,33,2,8147,48.85,48.88,48.85,48.87,16491,IBIT
2025-11-25 19:39:00+00:00,33,2,8147,48.87,48.9,48.86,48.9,7575,IBIT
2025-11-25 19:40:00+00:00,33,2,8147,48.89,48.925,48.885,48.925,18067,IBIT
2025-11-25 19:41:00+00:00,33,2,8147,48.92,49.02,48.92,49.02,45474,IBIT
2025-11-25 19:42:00+00:00,33,2,8147,49.025,49.035,49.0,49.03,16095,IBIT
2025-11-25 19:43:00+00:00,33,2,8147,49.04,49.09,49.04,49.065,21709,IBIT
2025-11-25 19:44:00+00:00,33,2,8147,49.095,49.095,49.07,49.09,8064,IBIT
2025-11-25 19:45:00+00:00,33,2,8147,49.095,49.1,49.06,49.09,21880,IBIT
2025-11-25 19:46:00+00:00,33,2,8147,49.09,49.13,49.065,49.11,25211,IBIT
2025-11-25 19:47:00+00:00,33,2,8147,49.105,49.125,49.105,49.11,9852,IBIT
2025-11-25 19:48:00+00:00,33,2,8147,49.11,49.11,49.08,49.08,23169,IBIT
2025-11-25 19:49:00+00:00,33,2,8147,49.08,49.11,49.07,49.105,6971,IBIT
2025-11-25 19:50:00+00:00,33,2,8147,49.105,49.19,49.105,49.165,48636,IBIT
2025-11-25 19:51:00+00:00,33,2,8147,49.16,49.185,49.16,49.17,24672,IBIT
2025-11-25 19:52:00+00:00,33,2,8147,49.17,49.185,49.165,49.18,8658,IBIT
2025-11-25 19:53:00+00:00,33,2,8147,49.18,49.23,49.18,49.225,13807,IBIT
2025-11-25 19:54:00+00:00,33,2,8147,49.23,49.255,49.23,49.24,35037,IBIT
2025-11-25 19:55:00+00:00,33,2,8147,49.245,49.245,49.185,49.2,18205,IBIT
2025-11-25 19:56:00+00:00,33,2,8147,49.2,49.23,49.19,49.22,13974,IBIT
2025-11-25 19:57:00+00:00,33,2,8147,49.24,49.255,49.205,49.21,7030,IBIT
2025-11-25 19:58:00+00:00,33,2,8147,49.21,49.245,49.205,49.24,20523,IBIT
2025-11-25 19:59:00+00:00,33,2,8147,49.24,49.265,49.235,49.24,26058,IBIT
2025-11-25 20:00:00+00:00,33,2,8147,49.245,49.285,49.245,49.265,20461,IBIT
2025-11-25 20:01:00+00:00,33,2,8147,49.26,49.26,49.225,49.225,23995,IBIT
2025-11-25 20:02:00+00:00,33,2,8147,49.24,49.25,49.21,49.24,20271,IBIT
2025-11-25 20:03:00+00:00,33,2,8147,49.25,49.255,49.21,49.21,17421,IBIT
2025-11-25 20:04:00+00:00,33,2,8147,49.205,49.225,49.18,49.185,8310,IBIT
2025-11-25 20:05:00+00:00,33,2,8147,49.185,49.215,49.185,49.19,12058,IBIT
2025-11-25 20:06:00+00:00,33,2,8147,49.185,49.185,49.15,49.17,25328,IBIT
2025-11-25 20:07:00+00:00,33,2,8147,49.17,49.26,49.165,49.26,24116,IBIT
2025-11-25 20:08:00+00:00,33,2,8147,49.26,49.31,49.255,49.26,23603,IBIT
2025-11-25 20:09:00+00:00,33,2,8147,49.255,49.275,49.255,49.265,17835,IBIT
2025-11-25 20:10:00+00:00,33,2,8147,49.265,49.27,49.225,49.265,41318,IBIT
2025-11-25 20:11:00+00:00,33,2,8147,49.265,49.265,49.21,49.26,20240,IBIT
2025-11-25 20:12:00+00:00,33,2,8147,49.27,49.28,49.265,49.28,11491,IBIT
2025-11-25 20:13:00+00:00,33,2,8147,49.275,49.335,49.275,49.335,17524,IBIT
2025-11-25 20:14:00+00:00,33,2,8147,49.34,49.39,49.34,49.39,12305,IBIT
2025-11-25 20:15:00+00:00,33,2,8147,49.385,49.41,49.38,49.39,19075,IBIT
2025-11-25 20:16:00+00:00,33,2,8147,49.385,49.385,49.34,49.35,16897,IBIT
2025-11-25 20:17:00+00:00,33,2,8147,49.37,49.385,49.335,49.35,22272,IBIT
2025-11-25 20:18:00+00:00,33,2,8147,49.345,49.345,49.335,49.345,3082,IBIT
2025-11-25 20:19:00+00:00,33,2,8147,49.345,49.385,49.345,49.355,10023,IBIT
2025-11-25 20:20:00+00:00,33,2,8147,49.36,49.41,49.36,49.4,19774,IBIT
2025-11-25 20:21:00+00:00,33,2,8147,49.4,49.405,49.38,49.405,7470,IBIT
2025-11-25 20:22:00+00:00,33,2,8147,49.41,49.415,49.39,49.39,4442,IBIT
2025-11-25 20:23:00+00:00,33,2,8147,49.385,49.39,49.36,49.36,7619,IBIT
2025-11-25 20:24:00+00:00,33,2,8147,49.355,49.36,49.265,49.27,32902,IBIT
2025-11-25 20:25:00+00:00,33,2,8147,49.275,49.29,49.265,49.29,30220,IBIT
2025-11-25 20:26:00+00:00,33,2,8147,49.295,49.325,49.295,49.315,23193,IBIT
2025-11-25 20:27:00+00:00,33,2,8147,49.315,49.38,49.3,49.37,21284,IBIT
2025-11-25 20:28:00+00:00,33,2,8147,49.37,49.375,49.365,49.37,10545,IBIT
2025-11-25 20:29:00+00:00,33,2,8147,49.37,49.385,49.345,49.345,17978,IBIT
2025-11-25 20:30:00+00:00,33,2,8147,49.345,49.405,49.345,49.405,23014,IBIT
2025-11-25 20:31:00+00:00,33,2,8147,49.41,49.52,49.41,49.495,35154,IBIT
2025-11-25 20:32:00+00:00,33,2,8147,49.495,49.505,49.47,49.475,25926,IBIT
2025-11-25 20:33:00+00:00,33,2,8147,49.475,49.495,49.455,49.475,43968,IBIT
2025-11-25 20:34:00+00:00,33,2,8147,49.475,49.475,49.425,49.43,30730,IBIT
2025-11-25 20:35:00+00:00,33,2,8147,49.44,49.47,49.44,49.465,23939,IBIT
2025-11-25 20:36:00+00:00,33,2,8147,49.46,49.465,49.4,49.4,26551,IBIT
2025-11-25 20:37:00+00:00,33,2,8147,49.39,49.42,49.38,49.385,11131,IBIT
2025-11-25 20:38:00+00:00,33,2,8147,49.385,49.42,49.375,49.405,25795,IBIT
2025-11-25 20:39:00+00:00,33,2,8147,49.405,49.43,49.395,49.43,16821,IBIT
2025-11-25 20:40:00+00:00,33,2,8147,49.43,49.43,49.4,49.415,16278,IBIT
2025-11-25 20:41:00+00:00,33,2,8147,49.415,49.42,49.385,49.42,21168,IBIT
2025-11-25 20:42:00+00:00,33,2,8147,49.425,49.425,49.4,49.425,17621,IBIT
2025-11-25 20:43:00+00:00,33,2,8147,49.42,49.45,49.405,49.425,21447,IBIT
2025-11-25 20:44:00+00:00,33,2,8147,49.425,49.44,49.415,49.435,11750,IBIT
2025-11-25 20:45:00+00:00,33,2,8147,49.435,49.435,49.395,49.415,29135,IBIT
2025-11-25 20:46:00+00:00,33,2,8147,49.415,49.505,49.415,49.495,45909,IBIT
2025-11-25 20:47:00+00:00,33,2,8147,49.495,49.535,49.485,49.525,14492,IBIT
2025-11-25 20:48:00+00:00,33,2,8147,49.525,49.54,49.505,49.525,39701,IBIT
2025-11-25 20:49:00+00:00,33,2,8147,49.52,49.53,49.515,49.52,8145,IBIT
2025-11-25 20:50:00+00:00,33,2,8147,49.525,49.57,49.515,49.525,35702,IBIT
2025-11-25 20:51:00+00:00,33,2,8147,49.525,49.545,49.505,49.545,27134,IBIT
2025-11-25 20:52:00+00:00,33,2,8147,49.545,49.585,49.535,49.56,38705,IBIT
2025-11-25 20:53:00+00:00,33,2,8147,49.565,49.565,49.53,49.53,29035,IBIT
2025-11-25 20:54:00+00:00,33,2,8147,49.53,49.535,49.49,49.51,35937,IBIT
2025-11-25 20:55:00+00:00,33,2,8147,49.5,49.535,49.5,49.53,40207,IBIT
2025-11-25 20:56:00+00:00,33,2,8147,49.535,49.565,49.53,49.56,48376,IBIT
2025-11-25 20:57:00+00:00,33,2,8147,49.56,49.565,49.545,49.555,73819,IBIT
2025-11-25 20:58:00+00:00,33,2,8147,49.555,49.6,49.555,49.585,94653,IBIT
2025-11-25 20:59:00+00:00,33,2,8147,49.585,49.59,49.535,49.55,355083,IBIT
2025-11-25 21:00:00+00:00,33,2,8147,49.55,49.56,49.51,49.55,1173574,IBIT
2025-11-25 21:01:00+00:00,33,2,8147,49.57,49.58,49.57,49.57,194,IBIT
2025-11-25 21:02:00+00:00,33,2,8147,49.56,49.56,49.51,49.51,21373,IBIT
2025-11-25 21:03:00+00:00,33,2,8147,49.53,49.53,49.47,49.48,5548,IBIT
2025-11-25 21:04:00+00:00,33,2,8147,49.49,49.52,49.47,49.52,8687,IBIT
2025-11-25 21:05:00+00:00,33,2,8147,49.52,49.54,49.5,49.51,4779,IBIT
2025-11-25 21:06:00+00:00,33,2,8147,49.53,49.53,49.47,49.47,4706,IBIT
2025-11-25 21:07:00+00:00,33,2,8147,49.48,49.48,49.42,49.44,2245,IBIT
2025-11-25 21:08:00+00:00,33,2,8147,49.44,49.44,49.4,49.4,2416,IBIT
2025-11-25 21:09:00+00:00,33,2,8147,49.42,49.42,49.41,49.42,13157,IBIT
2025-11-25 21:10:00+00:00,33,2,8147,49.41,49.42,49.41,49.42,300,IBIT
2025-11-25 21:11:00+00:00,33,2,8147,49.44,49.47,49.44,49.45,7404,IBIT
2025-11-25 21:12:00+00:00,33,2,8147,49.46,49.46,49.45,49.46,1654,IBIT
2025-11-25 21:13:00+00:00,33,2,8147,49.46,49.47,49.44,49.44,894,IBIT
2025-11-25 21:14:00+00:00,33,2,8147,49.45,49.46,49.43,49.45,821,IBIT
2025-11-25 21:15:00+00:00,33,2,8147,49.47,49.47,49.47,49.47,1,IBIT
2025-11-25 21:16:00+00:00,33,2,8147,49.47,49.47,49.47,49.47,100,IBIT
2025-11-25 21:17:00+00:00,33,2,8147,49.49,49.53,49.47,49.53,3731,IBIT
2025-11-25 21:18:00+00:00,33,2,8147,49.55,49.55,49.53,49.55,4496,IBIT
2025-11-25 21:19:00+00:00,33,2,8147,49.55,49.55,49.5,49.5,4001,IBIT
2025-11-25 21:20:00+00:00,33,2,8147,49.48,49.49,49.48,49.49,332,IBIT
2025-11-25 21:22:00+00:00,33,2,8147,49.52,49.52,49.52,49.52,1100,IBIT
2025-11-25 21:23:00+00:00,33,2,8147,49.54,49.54,49.52,49.54,109,IBIT
2025-11-25 21:25:00+00:00,33,2,8147,49.53,49.53,49.53,49.53,589,IBIT
2025-11-25 21:26:00+00:00,33,2,8147,49.53,49.55,49.53,49.55,1018,IBIT
2025-11-25 21:27:00+00:00,33,2,8147,49.53,49.53,49.52,49.53,4109,IBIT
2025-11-25 21:29:00+00:00,33,2,8147,49.51,49.51,49.51,49.51,201,IBIT
2025-11-25 21:30:00+00:00,33,2,8147,49.5,49.52,49.5,49.52,2333,IBIT
2025-11-25 21:31:00+00:00,33,2,8147,49.52,49.52,49.5,49.5,24,IBIT
2025-11-25 21:32:00+00:00,33,2,8147,49.53,49.53,49.5,49.5,1125,IBIT
2025-11-25 21:33:00+00:00,33,2,8147,49.49,49.49,49.46,49.46,103,IBIT
2025-11-25 21:34:00+00:00,33,2,8147,49.4,49.41,49.39,49.39,2115,IBIT
2025-11-25 21:35:00+00:00,33,2,8147,49.4,49.4,49.4,49.4,2600,IBIT
2025-11-25 21:37:00+00:00,33,2,8147,49.39,49.39,49.39,49.39,307,IBIT
2025-11-25 21:38:00+00:00,33,2,8147,49.39,49.39,49.39,49.39,600,IBIT
2025-11-25 21:40:00+00:00,33,2,8147,49.43,49.43,49.43,49.43,113,IBIT
2025-11-25 21:41:00+00:00,33,2,8147,49.49,49.49,49.49,49.49,1001,IBIT
2025-11-25 21:42:00+00:00,33,2,8147,49.49,49.49,49.44,49.46,200,IBIT
2025-11-25 21:43:00+00:00,33,2,8147,49.46,49.46,49.45,49.45,15,IBIT
2025-11-25 21:44:00+00:00,33,2,8147,49.45,49.46,49.45,49.46,2510,IBIT
2025-11-25 21:47:00+00:00,33,2,8147,49.44,49.44,49.44,49.44,2,IBIT
2025-11-25 21:48:00+00:00,33,2,8147,49.43,49.43,49.43,49.43,206,IBIT
2025-11-25 21:49:00+00:00,33,2,8147,49.45,49.45,49.45,49.45,200,IBIT
2025-11-25 21:52:00+00:00,33,2,8147,49.47,49.47,49.47,49.47,201,IBIT
2025-11-25 21:55:00+00:00,33,2,8147,49.45,49.45,49.43,49.43,119,IBIT
2025-11-25 21:56:00+00:00,33,2,8147,49.43,49.43,49.37,49.37,666,IBIT
2025-11-25 21:57:00+00:00,33,2,8147,49.36,49.36,49.33,49.33,1506,IBIT
2025-11-25 21:58:00+00:00,33,2,8147,49.36,49.36,49.36,49.36,55,IBIT
2025-11-25 21:59:00+00:00,33,2,8147,49.38,49.38,49.38,49.38,290,IBIT
2025-11-25 22:00:00+00:00,33,2,8147,49.33,49.33,49.28,49.28,156,IBIT
2025-11-25 22:02:00+00:00,33,2,8147,49.25,49.25,49.21,49.21,1724,IBIT
2025-11-25 22:03:00+00:00,33,2,8147,49.21,49.22,49.17,49.2,1586,IBIT
2025-11-25 22:04:00+00:00,33,2,8147,49.21,49.21,49.16,49.19,2304,IBIT
2025-11-25 22:05:00+00:00,33,2,8147,49.19,49.2,49.15,49.18,1301,IBIT
2025-11-25 22:06:00+00:00,33,2,8147,49.18,49.18,49.18,49.18,999,IBIT
2025-11-25 22:09:00+00:00,33,2,8147,49.25,49.25,49.25,49.25,94,IBIT
2025-11-25 22:10:00+00:00,33,2,8147,49.22,49.22,49.22,49.22,100,IBIT
2025-11-25 22:11:00+00:00,33,2,8147,49.2,49.2,49.2,49.2,15,IBIT
2025-11-25 22:13:00+00:00,33,2,8147,49.15,49.15,49.14,49.14,355,IBIT
2025-11-25 22:14:00+00:00,33,2,8147,49.15,49.15,49.15,49.15,5,IBIT
2025-11-25 22:17:00+00:00,33,2,8147,49.24,49.24,49.24,49.24,5,IBIT
2025-11-25 22:19:00+00:00,33,2,8147,49.26,49.26,49.26,49.26,10,IBIT
2025-11-25 22:20:00+00:00,33,2,8147,49.28,49.28,49.28,49.28,843,IBIT
2025-11-25 22:21:00+00:00,33,2,8147,49.32,49.33,49.29,49.32,560,IBIT
2025-11-25 22:22:00+00:00,33,2,8147,49.31,49.31,49.31,49.31,205,IBIT
2025-11-25 22:23:00+00:00,33,2,8147,49.31,49.31,49.31,49.31,100,IBIT
2025-11-25 22:24:00+00:00,33,2,8147,49.32,49.34,49.32,49.34,16,IBIT
2025-11-25 22:25:00+00:00,33,2,8147,49.36,49.4,49.36,49.4,862,IBIT
2025-11-25 22:26:00+00:00,33,2,8147,49.43,49.43,49.43,49.43,2,IBIT
2025-11-25 22:27:00+00:00,33,2,8147,49.41,49.41,49.4,49.4,500,IBIT
2025-11-25 22:28:00+00:00,33,2,8147,49.43,49.43,49.43,49.43,100,IBIT
2025-11-25 22:29:00+00:00,33,2,8147,49.43,49.43,49.43,49.43,81,IBIT
2025-11-25 22:34:00+00:00,33,2,8147,49.39,49.39,49.39,49.39,45,IBIT
2025-11-25 22:35:00+00:00,33,2,8147,49.38,49.39,49.38,49.39,1655,IBIT
2025-11-25 22:36:00+00:00,33,2,8147,49.4,49.43,49.4,49.43,633,IBIT
2025-11-25 22:37:00+00:00,33,2,8147,49.43,49.47,49.42,49.47,3749,IBIT
2025-11-25 22:38:00+00:00,33,2,8147,49.47,49.47,49.47,49.47,665,IBIT
2025-11-25 22:39:00+00:00,33,2,8147,49.48,49.52,49.48,49.52,1417,IBIT
2025-11-25 22:40:00+00:00,33,2,8147,49.59,49.6,49.59,49.6,25,IBIT
2025-11-25 22:41:00+00:00,33,2,8147,49.59,49.59,49.54,49.54,123,IBIT
2025-11-25 22:42:00+00:00,33,2,8147,49.5,49.5,49.5,49.5,277,IBIT
2025-11-25 22:43:00+00:00,33,2,8147,49.5,49.5,49.5,49.5,500,IBIT
2025-11-25 22:45:00+00:00,33,2,8147,49.55,49.55,49.55,49.55,100,IBIT
2025-11-25 22:46:00+00:00,33,2,8147,49.59,49.59,49.59,49.59,1,IBIT
2025-11-25 22:47:00+00:00,33,2,8147,49.56,49.56,49.56,49.56,100,IBIT
2025-11-25 22:48:00+00:00,33,2,8147,49.54,49.54,49.54,49.54,85,IBIT
2025-11-25 22:49:00+00:00,33,2,8147,49.52,49.52,49.52,49.52,201,IBIT
2025-11-25 22:50:00+00:00,33,2,8147,49.53,49.54,49.53,49.54,256,IBIT
2025-11-25 22:52:00+00:00,33,2,8147,49.52,49.52,49.52,49.52,35,IBIT
2025-11-25 22:53:00+00:00,33,2,8147,49.52,49.52,49.52,49.52,34,IBIT
2025-11-25 22:55:00+00:00,33,2,8147,49.54,49.54,49.54,49.54,311,IBIT
2025-11-25 22:58:00+00:00,33,2,8147,49.62,49.74,49.62,49.74,267,IBIT
2025-11-25 22:59:00+00:00,33,2,8147,49.7,49.72,49.7,49.72,1768,IBIT
2025-11-25 23:00:00+00:00,33,2,8147,49.73,49.73,49.69,49.69,2400,IBIT
2025-11-25 23:02:00+00:00,33,2,8147,49.6,49.6,49.6,49.6,50,IBIT
2025-11-25 23:04:00+00:00,33,2,8147,49.62,49.62,49.6,49.6,2005,IBIT
2025-11-25 23:06:00+00:00,33,2,8147,49.65,49.65,49.65,49.65,300,IBIT
2025-11-25 23:08:00+00:00,33,2,8147,49.66,49.66,49.66,49.66,3,IBIT
2025-11-25 23:09:00+00:00,33,2,8147,49.67,49.7,49.67,49.7,551,IBIT
2025-11-25 23:10:00+00:00,33,2,8147,49.74,49.74,49.74,49.74,50,IBIT
2025-11-25 23:12:00+00:00,33,2,8147,49.73,49.73,49.73,49.73,50,IBIT
2025-11-25 23:13:00+00:00,33,2,8147,49.74,49.75,49.7,49.72,1943,IBIT
2025-11-25 23:14:00+00:00,33,2,8147,49.75,49.82,49.75,49.82,3439,IBIT
2025-11-25 23:15:00+00:00,33,2,8147,49.79,49.79,49.76,49.76,900,IBIT
2025-11-25 23:16:00+00:00,33,2,8147,49.73,49.75,49.73,49.75,55,IBIT
2025-11-25 23:17:00+00:00,33,2,8147,49.78,49.78,49.74,49.74,624,IBIT
2025-11-25 23:18:00+00:00,33,2,8147,49.71,49.71,49.71,49.71,3,IBIT
2025-11-25 23:19:00+00:00,33,2,8147,49.71,49.74,49.71,49.72,698,IBIT
2025-11-25 23:21:00+00:00,33,2,8147,49.75,49.75,49.7,49.7,704,IBIT
2025-11-25 23:22:00+00:00,33,2,8147,49.7,49.7,49.7,49.7,100,IBIT
2025-11-25 23:24:00+00:00,33,2,8147,49.67,49.67,49.64,49.64,800,IBIT
2025-11-25 23:25:00+00:00,33,2,8147,49.65,49.66,49.63,49.63,554,IBIT
2025-11-25 23:27:00+00:00,33,2,8147,49.64,49.64,49.64,49.64,1000,IBIT
2025-11-25 23:28:00+00:00,33,2,8147,49.62,49.62,49.62,49.62,51,IBIT
2025-11-25 23:30:00+00:00,33,2,8147,49.63,49.64,49.62,49.64,2766,IBIT
2025-11-25 23:31:00+00:00,33,2,8147,49.59,49.59,49.59,49.59,9,IBIT
2025-11-25 23:32:00+00:00,33,2,8147,49.64,49.64,49.63,49.63,269,IBIT
2025-11-25 23:33:00+00:00,33,2,8147,49.64,49.64,49.64,49.64,31,IBIT
2025-11-25 23:34:00+00:00,33,2,8147,49.66,49.66,49.66,49.66,3,IBIT
2025-11-25 23:35:00+00:00,33,2,8147,49.61,49.61,49.61,49.61,500,IBIT
2025-11-25 23:36:00+00:00,33,2,8147,49.6,49.6,49.57,49.57,121,IBIT
2025-11-25 23:42:00+00:00,33,2,8147,49.62,49.62,49.6,49.6,71,IBIT
2025-11-25 23:43:00+00:00,33,2,8147,49.6,49.6,49.6,49.6,40,IBIT
2025-11-25 23:44:00+00:00,33,2,8147,49.58,49.58,49.58,49.58,1731,IBIT
2025-11-25 23:45:00+00:00,33,2,8147,49.59,49.59,49.58,49.58,791,IBIT
2025-11-25 23:46:00+00:00,33,2,8147,49.58,49.58,49.58,49.58,20,IBIT
2025-11-25 23:47:00+00:00,33,2,8147,49.56,49.56,49.56,49.56,10,IBIT
2025-11-25 23:49:00+00:00,33,2,8147,49.57,49.61,49.57,49.61,6069,IBIT
2025-11-25 23:52:00+00:00,33,2,8147,49.55,49.57,49.54,49.54,37,IBIT
2025-11-25 23:53:00+00:00,33,2,8147,49.52,49.53,49.52,49.53,991,IBIT
2025-11-25 23:55:00+00:00,33,2,8147,49.54,49.54,49.54,49.54,100,IBIT
2025-11-25 23:57:00+00:00,33,2,8147,49.54,49.54,49.54,49.54,300,IBIT
2025-11-25 23:58:00+00:00,33,2,8147,49.54,49.54,49.54,49.54,105,IBIT
2025-11-25 23:59:00+00:00,33,2,8147,49.55,49.55,49.55,49.55,7730,IBIT
2025-11-26 09:00:00+00:00,33,2,8147,49.64,49.64,49.57,49.59,492,IBIT
2025-11-26 09:01:00+00:00,33,2,8147,49.58,49.59,49.58,49.59,7632,IBIT
2025-11-26 09:02:00+00:00,33,2,8147,49.6,49.61,49.6,49.6,264,IBIT
2025-11-26 09:03:00+00:00,33,2,8147,49.6,49.6,49.6,49.6,30,IBIT
2025-11-26 09:04:00+00:00,33,2,8147,49.6,49.6,49.6,49.6,100,IBIT
2025-11-26 09:06:00+00:00,33,2,8147,49.59,49.59,49.57,49.57,262,IBIT
2025-11-26 09:07:00+00:00,33,2,8147,49.54,49.55,49.54,49.55,900,IBIT
2025-11-26 09:08:00+00:00,33,2,8147,49.53,49.55,49.53,49.54,898,IBIT
2025-11-26 09:09:00+00:00,33,2,8147,49.54,49.56,49.54,49.54,1036,IBIT
2025-11-26 09:10:00+00:00,33,2,8147,49.53,49.54,49.53,49.54,379,IBIT
2025-11-26 09:11:00+00:00,33,2,8147,49.56,49.57,49.56,49.57,1770,IBIT
2025-11-26 09:12:00+00:00,33,2,8147,49.57,49.59,49.57,49.59,700,IBIT
2025-11-26 09:13:00+00:00,33,2,8147,49.59,49.59,49.56,49.57,756,IBIT
2025-11-26 09:14:00+00:00,33,2,8147,49.58,49.58,49.56,49.56,598,IBIT
2025-11-26 09:15:00+00:00,33,2,8147,49.56,49.56,49.54,49.54,315,IBIT
2025-11-26 09:16:00+00:00,33,2,8147,49.55,49.55,49.51,49.51,403,IBIT
2025-11-26 09:17:00+00:00,33,2,8147,49.52,49.52,49.5,49.51,364,IBIT
2025-11-26 09:18:00+00:00,33,2,8147,49.52,49.52,49.52,49.52,310,IBIT
2025-11-26 09:19:00+00:00,33,2,8147,49.52,49.52,49.52,49.52,14,IBIT
2025-11-26 09:20:00+00:00,33,2,8147,49.5,49.5,49.49,49.49,169,IBIT
2025-11-26 09:21:00+00:00,33,2,8147,49.46,49.46,49.45,49.45,15,IBIT
2025-11-26 09:22:00+00:00,33,2,8147,49.46,49.46,49.46,49.46,58,IBIT
2025-11-26 09:23:00+00:00,33,2,8147,49.45,49.45,49.45,49.45,315,IBIT
2025-11-26 09:24:00+00:00,33,2,8147,49.45,49.47,49.45,49.46,398,IBIT
2025-11-26 09:25:00+00:00,33,2,8147,49.44,49.45,49.43,49.43,6804,IBIT
2025-11-26 09:29:00+00:00,33,2,8147,49.41,49.41,49.41,49.41,220,IBIT
2025-11-26 09:30:00+00:00,33,2,8147,49.4,49.4,49.39,49.39,79,IBIT
2025-11-26 09:31:00+00:00,33,2,8147,49.39,49.39,49.39,49.39,50,IBIT
2025-11-26 09:32:00+00:00,33,2,8147,49.39,49.39,49.38,49.38,150,IBIT
2025-11-26 09:33:00+00:00,33,2,8147,49.37,49.37,49.36,49.36,13828,IBIT
2025-11-26 09:34:00+00:00,33,2,8147,49.35,49.35,49.33,49.34,7198,IBIT
2025-11-26 09:35:00+00:00,33,2,8147,49.32,49.34,49.32,49.33,3013,IBIT
2025-11-26 09:36:00+00:00,33,2,8147,49.32,49.35,49.32,49.35,1548,IBIT
2025-11-26 09:38:00+00:00,33,2,8147,49.37,49.37,49.35,49.35,1874,IBIT
2025-11-26 09:39:00+00:00,33,2,8147,49.36,49.36,49.34,49.34,450,IBIT
2025-11-26 09:40:00+00:00,33,2,8147,49.32,49.32,49.31,49.31,150,IBIT
2025-11-26 09:41:00+00:00,33,2,8147,49.32,49.32,49.32,49.32,50,IBIT
2025-11-26 09:42:00+00:00,33,2,8147,49.32,49.34,49.32,49.34,350,IBIT
2025-11-26 09:43:00+00:00,33,2,8147,49.34,49.34,49.34,49.34,140,IBIT
2025-11-26 09:44:00+00:00,33,2,8147,49.32,49.32,49.32,49.32,100,IBIT
2025-11-26 09:45:00+00:00,33,2,8147,49.31,49.31,49.31,49.31,100,IBIT
2025-11-26 09:46:00+00:00,33,2,8147,49.3,49.3,49.28,49.28,1923,IBIT
2025-11-26 09:47:00+00:00,33,2,8147,49.26,49.27,49.25,49.27,515,IBIT
2025-11-26 09:48:00+00:00,33,2,8147,49.26,49.27,49.26,49.26,121,IBIT
2025-11-26 09:49:00+00:00,33,2,8147,49.26,49.26,49.23,49.23,10141,IBIT
2025-11-26 09:50:00+00:00,33,2,8147,49.25,49.25,49.24,49.24,1810,IBIT
2025-11-26 09:51:00+00:00,33,2,8147,49.24,49.24,49.24,49.24,677,IBIT
2025-11-26 09:52:00+00:00,33,2,8147,49.23,49.23,49.23,49.23,310,IBIT
2025-11-26 09:53:00+00:00,33,2,8147,49.24,49.24,49.24,49.24,54,IBIT
2025-11-26 09:54:00+00:00,33,2,8147,49.23,49.23,49.21,49.23,713,IBIT
2025-11-26 09:55:00+00:00,33,2,8147,49.21,49.22,49.2,49.2,6453,IBIT
2025-11-26 09:57:00+00:00,33,2,8147,49.21,49.23,49.21,49.23,292,IBIT
2025-11-26 09:58:00+00:00,33,2,8147,49.24,49.24,49.23,49.23,21,IBIT
2025-11-26 10:01:00+00:00,33,2,8147,49.28,49.3,49.28,49.3,125,IBIT
2025-11-26 10:02:00+00:00,33,2,8147,49.34,49.34,49.34,49.34,25,IBIT
2025-11-26 10:03:00+00:00,33,2,8147,49.32,49.32,49.32,49.32,125,IBIT
2025-11-26 10:05:00+00:00,33,2,8147,49.33,49.33,49.33,49.33,5,IBIT
2025-11-26 10:06:00+00:00,33,2,8147,49.33,49.33,49.33,49.33,2,IBIT
2025-11-26 10:07:00+00:00,33,2,8147,49.33,49.33,49.33,49.33,100,IBIT
2025-11-26 10:08:00+00:00,33,2,8147,49.33,49.33,49.32,49.32,12425,IBIT
2025-11-26 10:09:00+00:00,33,2,8147,49.33,49.33,49.32,49.32,8029,IBIT
2025-11-26 10:10:00+00:00,33,2,8147,49.32,49.32,49.32,49.32,225,IBIT
2025-11-26 10:12:00+00:00,33,2,8147,49.31,49.31,49.31,49.31,10,IBIT
2025-11-26 10:13:00+00:00,33,2,8147,49.27,49.27,49.27,49.27,70,IBIT
2025-11-26 10:14:00+00:00,33,2,8147,49.29,49.29,49.28,49.28,472,IBIT
2025-11-26 10:19:00+00:00,33,2,8147,49.28,49.28,49.27,49.27,150,IBIT
2025-11-26 10:21:00+00:00,33,2,8147,49.24,49.24,49.22,49.24,5266,IBIT
2025-11-26 10:22:00+00:00,33,2,8147,49.22,49.22,49.22,49.22,1030,IBIT
2025-11-26 10:25:00+00:00,33,2,8147,49.22,49.22,49.22,49.22,70,IBIT
2025-11-26 10:26:00+00:00,33,2,8147,49.24,49.27,49.24,49.26,3610,IBIT
2025-11-26 10:27:00+00:00,33,2,8147,49.25,49.25,49.25,49.25,200,IBIT
2025-11-26 10:29:00+00:00,33,2,8147,49.28,49.28,49.27,49.27,1100,IBIT
2025-11-26 10:30:00+00:00,33,2,8147,49.26,49.26,49.24,49.24,161,IBIT
2025-11-26 10:31:00+00:00,33,2,8147,49.24,49.25,49.24,49.24,1670,IBIT
2025-11-26 10:32:00+00:00,33,2,8147,49.22,49.22,49.2,49.2,600,IBIT
2025-11-26 10:33:00+00:00,33,2,8147,49.2,49.22,49.2,49.21,5513,IBIT
2025-11-26 10:34:00+00:00,33,2,8147,49.17,49.18,49.17,49.17,250,IBIT
2025-11-26 10:35:00+00:00,33,2,8147,49.17,49.17,49.17,49.17,1100,IBIT
2025-11-26 10:36:00+00:00,33,2,8147,49.19,49.22,49.19,49.22,350,IBIT
2025-11-26 10:37:00+00:00,33,2,8147,49.22,49.22,49.19,49.21,880,IBIT
2025-11-26 10:38:00+00:00,33,2,8147,49.23,49.24,49.23,49.24,43,IBIT
2025-11-26 10:39:00+00:00,33,2,8147,49.24,49.25,49.24,49.25,300,IBIT
2025-11-26 10:40:00+00:00,33,2,8147,49.25,49.27,49.25,49.27,425,IBIT
2025-11-26 10:41:00+00:00,33,2,8147,49.29,49.3,49.29,49.3,1345,IBIT
2025-11-26 10:42:00+00:00,33,2,8147,49.31,49.31,49.3,49.31,681,IBIT
2025-11-26 10:43:00+00:00,33,2,8147,49.28,49.28,49.28,49.28,75,IBIT
2025-11-26 10:44:00+00:00,33,2,8147,49.27,49.28,49.26,49.28,450,IBIT
2025-11-26 10:45:00+00:00,33,2,8147,49.26,49.26,49.26,49.26,230,IBIT
2025-11-26 10:46:00+00:00,33,2,8147,49.26,49.26,49.24,49.24,450,IBIT
2025-11-26 10:47:00+00:00,33,2,8147,49.23,49.25,49.23,49.25,600,IBIT
2025-11-26 10:48:00+00:00,33,2,8147,49.24,49.24,49.24,49.24,75,IBIT
2025-11-26 10:50:00+00:00,33,2,8147,49.28,49.28,49.28,49.28,50,IBIT
2025-11-26 10:51:00+00:00,33,2,8147,49.3,49.33,49.3,49.33,150,IBIT
2025-11-26 10:52:00+00:00,33,2,8147,49.32,49.32,49.32,49.32,300,IBIT
2025-11-26 10:55:00+00:00,33,2,8147,49.33,49.33,49.33,49.33,100,IBIT
2025-11-26 10:56:00+00:00,33,2,8147,49.31,49.31,49.31,49.31,50,IBIT
2025-11-26 10:57:00+00:00,33,2,8147,49.32,49.32,49.32,49.32,111,IBIT
2025-11-26 10:58:00+00:00,33,2,8147,49.32,49.32,49.32,49.32,150,IBIT
2025-11-26 11:00:00+00:00,33,2,8147,49.32,49.32,49.31,49.31,2175,IBIT
2025-11-26 11:01:00+00:00,33,2,8147,49.27,49.27,49.27,49.27,172,IBIT
2025-11-26 11:02:00+00:00,33,2,8147,49.27,49.27,49.27,49.27,75,IBIT
2025-11-26 11:03:00+00:00,33,2,8147,49.27,49.3,49.27,49.28,3022,IBIT
2025-11-26 11:04:00+00:00,33,2,8147,49.29,49.29,49.27,49.27,760,IBIT
2025-11-26 11:05:00+00:00,33,2,8147,49.26,49.3,49.26,49.3,625,IBIT
2025-11-26 11:06:00+00:00,33,2,8147,49.31,49.31,49.31,49.31,110,IBIT
2025-11-26 11:08:00+00:00,33,2,8147,49.32,49.32,49.32,49.32,100,IBIT
2025-11-26 11:09:00+00:00,33,2,8147,49.32,49.32,49.32,49.32,2,IBIT
2025-11-26 11:11:00+00:00,33,2,8147,49.35,49.35,49.35,49.35,230,IBIT
2025-11-26 11:14:00+00:00,33,2,8147,49.35,49.35,49.35,49.35,2250,IBIT
2025-11-26 11:15:00+00:00,33,2,8147,49.32,49.32,49.32,49.32,100,IBIT
2025-11-26 11:16:00+00:00,33,2,8147,49.3,49.3,49.3,49.3,50,IBIT
2025-11-26 11:17:00+00:00,33,2,8147,49.31,49.31,49.31,49.31,200,IBIT
2025-11-26 11:18:00+00:00,33,2,8147,49.34,49.34,49.34,49.34,3,IBIT
2025-11-26 11:21:00+00:00,33,2,8147,49.31,49.32,49.31,49.32,330,IBIT
2025-11-26 11:23:00+00:00,33,2,8147,49.3,49.3,49.3,49.3,50,IBIT
2025-11-26 11:24:00+00:00,33,2,8147,49.28,49.3,49.28,49.3,196,IBIT
2025-11-26 11:25:00+00:00,33,2,8147,49.29,49.29,49.29,49.29,150,IBIT
2025-11-26 11:26:00+00:00,33,2,8147,49.31,49.31,49.3,49.3,1050,IBIT
2025-11-26 11:27:00+00:00,33,2,8147,49.29,49.33,49.28,49.33,1280,IBIT
2025-11-26 11:29:00+00:00,33,2,8147,49.29,49.29,49.29,49.29,200,IBIT
2025-11-26 11:32:00+00:00,33,2,8147,49.32,49.32,49.32,49.32,50,IBIT
2025-11-26 11:33:00+00:00,33,2,8147,49.28,49.3,49.28,49.3,100,IBIT
2025-11-26 11:34:00+00:00,33,2,8147,49.3,49.31,49.29,49.29,107,IBIT
2025-11-26 11:37:00+00:00,33,2,8147,49.31,49.31,49.31,49.31,50,IBIT
2025-11-26 11:38:00+00:00,33,2,8147,49.29,49.29,49.29,49.29,1,IBIT
2025-11-26 11:39:00+00:00,33,2,8147,49.28,49.28,49.28,49.28,50,IBIT
2025-11-26 11:42:00+00:00,33,2,8147,49.37,49.38,49.37,49.38,200,IBIT
2025-11-26 11:44:00+00:00,33,2,8147,49.38,49.38,49.38,49.38,50,IBIT
2025-11-26 11:45:00+00:00,33,2,8147,49.38,49.4,49.38,49.4,270,IBIT
2025-11-26 11:47:00+00:00,33,2,8147,49.37,49.37,49.37,49.37,25,IBIT
2025-11-26 11:48:00+00:00,33,2,8147,49.35,49.35,49.35,49.35,1,IBIT
2025-11-26 11:49:00+00:00,33,2,8147,49.35,49.35,49.33,49.33,491,IBIT
2025-11-26 11:50:00+00:00,33,2,8147,49.33,49.33,49.33,49.33,25,IBIT
2025-11-26 11:51:00+00:00,33,2,8147,49.32,49.35,49.32,49.35,660,IBIT
2025-11-26 11:52:00+00:00,33,2,8147,49.34,49.35,49.34,49.35,200,IBIT
2025-11-26 11:53:00+00:00,33,2,8147,49.36,49.36,49.36,49.36,156,IBIT
2025-11-26 11:54:00+00:00,33,2,8147,49.37,49.37,49.37,49.37,25,IBIT
2025-11-26 11:55:00+00:00,33,2,8147,49.38,49.38,49.38,49.38,50,IBIT
2025-11-26 11:56:00+00:00,33,2,8147,49.37,49.38,49.36,49.38,244,IBIT
2025-11-26 11:58:00+00:00,33,2,8147,49.38,49.38,49.38,49.38,25,IBIT
2025-11-26 11:59:00+00:00,33,2,8147,49.41,49.41,49.41,49.41,728,IBIT
2025-11-26 12:00:00+00:00,33,2,8147,49.4,49.42,49.4,49.42,671,IBIT
2025-11-26 12:01:00+00:00,33,2,8147,49.42,49.45,49.42,49.45,151,IBIT
2025-11-26 12:02:00+00:00,33,2,8147,49.44,49.44,49.4,49.4,516,IBIT
2025-11-26 12:03:00+00:00,33,2,8147,49.35,49.35,49.26,49.3,1035,IBIT
2025-11-26 12:04:00+00:00,33,2,8147,49.25,49.25,49.21,49.21,3277,IBIT
2025-11-26 12:05:00+00:00,33,2,8147,49.2,49.25,49.19,49.24,2327,IBIT
2025-11-26 12:07:00+00:00,33,2,8147,49.24,49.27,49.23,49.27,3015,IBIT
2025-11-26 12:08:00+00:00,33,2,8147,49.24,49.24,49.2,49.2,400,IBIT
2025-11-26 12:09:00+00:00,33,2,8147,49.18,49.22,49.18,49.21,4768,IBIT
2025-11-26 12:10:00+00:00,33,2,8147,49.2,49.21,49.17,49.17,2289,IBIT
2025-11-26 12:11:00+00:00,33,2,8147,49.18,49.2,49.18,49.2,3094,IBIT
2025-11-26 12:12:00+00:00,33,2,8147,49.18,49.18,49.15,49.16,902,IBIT
2025-11-26 12:13:00+00:00,33,2,8147,49.14,49.14,49.12,49.13,1283,IBIT
2025-11-26 12:14:00+00:00,33,2,8147,49.15,49.15,49.09,49.1,1928,IBIT
2025-11-26 12:15:00+00:00,33,2,8147,49.09,49.11,49.06,49.08,10058,IBIT
2025-11-26 12:16:00+00:00,33,2,8147,49.07,49.07,49.01,49.04,3738,IBIT
2025-11-26 12:17:00+00:00,33,2,8147,49.07,49.08,49.06,49.06,3974,IBIT
2025-11-26 12:18:00+00:00,33,2,8147,49.08,49.08,49.07,49.07,307,IBIT
2025-11-26 12:19:00+00:00,33,2,8147,49.05,49.05,49.01,49.01,1106,IBIT
2025-11-26 12:20:00+00:00,33,2,8147,49.01,49.03,48.99,49.03,5787,IBIT
2025-11-26 12:21:00+00:00,33,2,8147,49.03,49.03,48.96,48.97,7487,IBIT
2025-11-26 12:22:00+00:00,33,2,8147,48.98,49.02,48.96,49.02,4955,IBIT
2025-11-26 12:23:00+00:00,33,2,8147,49.01,49.03,49.01,49.01,14831,IBIT
2025-11-26 12:24:00+00:00,33,2,8147,49.04,49.05,49.04,49.04,1800,IBIT
2025-11-26 12:25:00+00:00,33,2,8147,49.05,49.07,49.05,49.07,920,IBIT
2025-11-26 12:26:00+00:00,33,2,8147,49.05,49.05,49.03,49.03,302,IBIT
2025-11-26 12:27:00+00:00,33,2,8147,49.04,49.04,49.04,49.04,550,IBIT
2025-11-26 12:28:00+00:00,33,2,8147,49.08,49.08,49.07,49.07,3539,IBIT
2025-11-26 12:29:00+00:00,33,2,8147,49.07,49.07,49.07,49.07,600,IBIT
2025-11-26 12:30:00+00:00,33,2,8147,49.08,49.08,49.02,49.02,1417,IBIT
2025-11-26 12:31:00+00:00,33,2,8147,49.03,49.05,49.03,49.05,2398,IBIT
2025-11-26 12:32:00+00:00,33,2,8147,49.06,49.06,49.05,49.05,801,IBIT
2025-11-26 12:33:00+00:00,33,2,8147,49.05,49.06,49.04,49.06,1600,IBIT
2025-11-26 12:34:00+00:00,33,2,8147,49.05,49.05,49.05,49.05,200,IBIT
2025-11-26 12:35:00+00:00,33,2,8147,49.03,49.04,49.03,49.04,1100,IBIT
2025-11-26 12:36:00+00:00,33,2,8147,49.08,49.1,49.08,49.09,1100,IBIT
2025-11-26 12:37:00+00:00,33,2,8147,49.09,49.12,49.09,49.09,1539,IBIT
2025-11-26 12:39:00+00:00,33,2,8147,49.1,49.1,49.1,49.1,200,IBIT
2025-11-26 12:40:00+00:00,33,2,8147,49.09,49.14,49.09,49.12,1033,IBIT
2025-11-26 12:41:00+00:00,33,2,8147,49.13,49.16,49.13,49.16,1350,IBIT
2025-11-26 12:42:00+00:00,33,2,8147,49.16,49.16,49.13,49.14,2231,IBIT
2025-11-26 12:43:00+00:00,33,2,8147,49.13,49.14,49.13,49.14,400,IBIT
2025-11-26 12:44:00+00:00,33,2,8147,49.14,49.15,49.13,49.13,1012,IBIT
2025-11-26 12:45:00+00:00,33,2,8147,49.14,49.14,49.14,49.14,500,IBIT
2025-11-26 12:46:00+00:00,33,2,8147,49.16,49.18,49.16,49.18,600,IBIT
2025-11-26 12:47:00+00:00,33,2,8147,49.16,49.16,49.16,49.16,54,IBIT
2025-11-26 12:48:00+00:00,33,2,8147,49.19,49.19,49.18,49.19,600,IBIT
2025-11-26 12:49:00+00:00,33,2,8147,49.14,49.14,49.13,49.13,876,IBIT
2025-11-26 12:50:00+00:00,33,2,8147,49.14,49.16,49.14,49.16,530,IBIT
2025-11-26 12:51:00+00:00,33,2,8147,49.15,49.15,49.15,49.15,700,IBIT
2025-11-26 12:52:00+00:00,33,2,8147,49.14,49.14,49.14,49.14,200,IBIT
2025-11-26 12:53:00+00:00,33,2,8147,49.13,49.13,49.13,49.13,200,IBIT
2025-11-26 12:54:00+00:00,33,2,8147,49.14,49.14,49.14,49.14,200,IBIT
2025-11-26 12:55:00+00:00,33,2,8147,49.16,49.16,49.15,49.15,201,IBIT
2025-11-26 12:56:00+00:00,33,2,8147,49.18,49.18,49.18,49.18,201,IBIT
2025-11-26 12:57:00+00:00,33,2,8147,49.18,49.18,49.18,49.18,500,IBIT
2025-11-26 12:59:00+00:00,33,2,8147,49.15,49.15,49.15,49.15,200,IBIT
2025-11-26 13:00:00+00:00,33,2,8147,49.15,49.17,49.14,49.17,2680,IBIT
2025-11-26 13:01:00+00:00,33,2,8147,49.17,49.17,49.12,49.12,1261,IBIT
2025-11-26 13:02:00+00:00,33,2,8147,49.11,49.12,49.1,49.11,2010,IBIT
2025-11-26 13:03:00+00:00,33,2,8147,49.13,49.16,49.13,49.14,7702,IBIT
2025-11-26 13:04:00+00:00,33,2,8147,49.14,49.15,49.13,49.13,1750,IBIT
2025-11-26 13:05:00+00:00,33,2,8147,49.15,49.17,49.15,49.17,3130,IBIT
2025-11-26 13:06:00+00:00,33,2,8147,49.15,49.15,49.13,49.14,1480,IBIT
2025-11-26 13:07:00+00:00,33,2,8147,49.14,49.15,49.13,49.13,4531,IBIT
2025-11-26 13:08:00+00:00,33,2,8147,49.16,49.16,49.13,49.13,1604,IBIT
2025-11-26 13:09:00+00:00,33,2,8147,49.13,49.13,49.13,49.13,7,IBIT
2025-11-26 13:10:00+00:00,33,2,8147,49.12,49.12,49.1,49.1,106,IBIT
2025-11-26 13:11:00+00:00,33,2,8147,49.11,49.14,49.11,49.14,5987,IBIT
2025-11-26 13:12:00+00:00,33,2,8147,49.14,49.14,49.13,49.14,624,IBIT
2025-11-26 13:13:00+00:00,33,2,8147,49.14,49.16,49.14,49.14,494,IBIT
2025-11-26 13:14:00+00:00,33,2,8147,49.13,49.13,49.11,49.11,847,IBIT
2025-11-26 13:15:00+00:00,33,2,8147,49.13,49.13,49.11,49.11,296,IBIT
2025-11-26 13:16:00+00:00,33,2,8147,49.11,49.15,49.11,49.15,15010,IBIT
2025-11-26 13:17:00+00:00,33,2,8147,49.15,49.15,49.13,49.13,6480,IBIT
2025-11-26 13:18:00+00:00,33,2,8147,49.12,49.14,49.1,49.14,8014,IBIT
2025-11-26 13:19:00+00:00,33,2,8147,49.16,49.17,49.16,49.16,1091,IBIT
2025-11-26 13:20:00+00:00,33,2,8147,49.15,49.2,49.15,49.2,801,IBIT
2025-11-26 13:21:00+00:00,33,2,8147,49.21,49.21,49.2,49.21,630,IBIT
2025-11-26 13:22:00+00:00,33,2,8147,49.2,49.2,49.18,49.18,1650,IBIT
2025-11-26 13:23:00+00:00,33,2,8147,49.18,49.19,49.18,49.19,600,IBIT
2025-11-26 13:24:00+00:00,33,2,8147,49.2,49.2,49.2,49.2,501,IBIT
2025-11-26 13:25:00+00:00,33,2,8147,49.2,49.21,49.18,49.19,907,IBIT
2025-11-26 13:26:00+00:00,33,2,8147,49.19,49.22,49.19,49.21,199,IBIT
2025-11-26 13:27:00+00:00,33,2,8147,49.21,49.21,49.2,49.21,34,IBIT
2025-11-26 13:28:00+00:00,33,2,8147,49.21,49.21,49.19,49.19,568,IBIT
2025-11-26 13:29:00+00:00,33,2,8147,49.19,49.27,49.19,49.26,4069,IBIT
2025-11-26 13:30:00+00:00,33,2,8147,49.19,49.23,49.15,49.16,19239,IBIT
2025-11-26 13:31:00+00:00,33,2,8147,49.17,49.17,49.13,49.13,1747,IBIT
2025-11-26 13:32:00+00:00,33,2,8147,49.12,49.16,49.12,49.15,5230,IBIT
2025-11-26 13:33:00+00:00,33,2,8147,49.15,49.15,49.14,49.14,634,IBIT
2025-11-26 13:34:00+00:00,33,2,8147,49.12,49.14,49.12,49.13,1170,IBIT
2025-11-26 13:35:00+00:00,33,2,8147,49.14,49.17,49.14,49.17,2133,IBIT
2025-11-26 13:36:00+00:00,33,2,8147,49.19,49.19,49.17,49.17,1465,IBIT
2025-11-26 13:37:00+00:00,33,2,8147,49.24,49.27,49.23,49.27,20611,IBIT
2025-11-26 13:38:00+00:00,33,2,8147,49.28,49.3,49.28,49.3,4365,IBIT
2025-11-26 13:39:00+00:00,33,2,8147,49.28,49.32,49.28,49.32,11696,IBIT
2025-11-26 13:40:00+00:00,33,2,8147,49.33,49.4,49.33,49.37,4410,IBIT
2025-11-26 13:41:00+00:00,33,2,8147,49.37,49.37,49.35,49.36,1277,IBIT
2025-11-26 13:42:00+00:00,33,2,8147,49.37,49.41,49.35,49.35,7834,IBIT
2025-11-26 13:43:00+00:00,33,2,8147,49.33,49.38,49.33,49.35,2879,IBIT
2025-11-26 13:44:00+00:00,33,2,8147,49.35,49.35,49.32,49.34,1853,IBIT
2025-11-26 13:45:00+00:00,33,2,8147,49.36,49.36,49.33,49.33,2978,IBIT
2025-11-26 13:46:00+00:00,33,2,8147,49.34,49.34,49.34,49.34,1240,IBIT
2025-11-26 13:47:00+00:00,33,2,8147,49.33,49.33,49.33,49.33,200,IBIT
2025-11-26 13:48:00+00:00,33,2,8147,49.32,49.35,49.32,49.34,6480,IBIT
2025-11-26 13:49:00+00:00,33,2,8147,49.34,49.34,49.34,49.34,551,IBIT
2025-11-26 13:50:00+00:00,33,2,8147,49.33,49.37,49.33,49.37,2438,IBIT
2025-11-26 13:51:00+00:00,33,2,8147,49.39,49.39,49.34,49.34,1296,IBIT
2025-11-26 13:52:00+00:00,33,2,8147,49.33,49.34,49.32,49.34,909,IBIT
2025-11-26 13:53:00+00:00,33,2,8147,49.34,49.35,49.34,49.35,217,IBIT
2025-11-26 13:54:00+00:00,33,2,8147,49.33,49.34,49.33,49.34,800,IBIT
2025-11-26 13:55:00+00:00,33,2,8147,49.34,49.35,49.33,49.35,2300,IBIT
2025-11-26 13:56:00+00:00,33,2,8147,49.36,49.38,49.36,49.37,1802,IBIT
2025-11-26 13:57:00+00:00,33,2,8147,49.37,49.41,49.36,49.4,3208,IBIT
2025-11-26 13:58:00+00:00,33,2,8147,49.39,49.4,49.39,49.39,1501,IBIT
2025-11-26 13:59:00+00:00,33,2,8147,49.4,49.43,49.39,49.42,4605,IBIT
2025-11-26 14:00:00+00:00,33,2,8147,49.42,49.42,49.36,49.36,2707,IBIT
2025-11-26 14:01:00+00:00,33,2,8147,49.36,49.37,49.34,49.34,2393,IBIT
2025-11-26 14:02:00+00:00,33,2,8147,49.34,49.34,49.33,49.33,1910,IBIT
2025-11-26 14:03:00+00:00,33,2,8147,49.34,49.37,49.34,49.36,10899,IBIT
2025-11-26 14:04:00+00:00,33,2,8147,49.35,49.38,49.35,49.38,951,IBIT
2025-11-26 14:05:00+00:00,33,2,8147,49.38,49.39,49.35,49.36,4651,IBIT
2025-11-26 14:06:00+00:00,33,2,8147,49.36,49.37,49.36,49.36,845,IBIT
2025-11-26 14:07:00+00:00,33,2,8147,49.36,49.42,49.36,49.41,1832,IBIT
2025-11-26 14:08:00+00:00,33,2,8147,49.4,49.4,49.4,49.4,800,IBIT
2025-11-26 14:09:00+00:00,33,2,8147,49.39,49.4,49.37,49.37,1168,IBIT
2025-11-26 14:10:00+00:00,33,2,8147,49.37,49.38,49.37,49.38,4424,IBIT
2025-11-26 14:11:00+00:00,33,2,8147,49.38,49.43,49.37,49.43,5429,IBIT
2025-11-26 14:12:00+00:00,33,2,8147,49.43,49.52,49.43,49.5,8025,IBIT
2025-11-26 14:13:00+00:00,33,2,8147,49.51,49.55,49.51,49.55,2990,IBIT
2025-11-26 14:14:00+00:00,33,2,8147,49.55,49.55,49.55,49.55,312,IBIT
2025-11-26 14:15:00+00:00,33,2,8147,49.53,49.53,49.5,49.51,25093,IBIT
2025-11-26 14:16:00+00:00,33,2,8147,49.51,49.52,49.49,49.49,4635,IBIT
2025-11-26 14:17:00+00:00,33,2,8147,49.5,49.51,49.49,49.5,4082,IBIT
2025-11-26 14:18:00+00:00,33,2,8147,49.51,49.51,49.5,49.51,802,IBIT
2025-11-26 14:19:00+00:00,33,2,8147,49.51,49.52,49.49,49.49,1500,IBIT
2025-11-26 14:20:00+00:00,33,2,8147,49.48,49.51,49.48,49.51,640,IBIT
2025-11-26 14:21:00+00:00,33,2,8147,49.51,49.53,49.51,49.53,737,IBIT
2025-11-26 14:22:00+00:00,33,2,8147,49.55,49.55,49.51,49.51,9968,IBIT
2025-11-26 14:23:00+00:00,33,2,8147,49.52,49.54,49.52,49.54,3109,IBIT
2025-11-26 14:24:00+00:00,33,2,8147,49.53,49.53,49.52,49.52,960,IBIT
2025-11-26 14:25:00+00:00,33,2,8147,49.52,49.55,49.52,49.53,18702,IBIT
2025-11-26 14:26:00+00:00,33,2,8147,49.53,49.53,49.51,49.52,7741,IBIT
2025-11-26 14:27:00+00:00,33,2,8147,49.53,49.55,49.52,49.54,9750,IBIT
2025-11-26 14:28:00+00:00,33,2,8147,49.54,49.56,49.54,49.56,32723,IBIT
2025-11-26 14:29:00+00:00,33,2,8147,49.55,49.56,49.53,49.53,51849,IBIT
2025-11-26 14:30:00+00:00,33,2,8147,49.52,49.62,49.52,49.61,753846,IBIT
2025-11-26 14:31:00+00:00,33,2,8147,49.615,49.64,49.48,49.51,85203,IBIT
2025-11-26 14:32:00+00:00,33,2,8147,49.505,49.57,49.5,49.57,30283,IBIT
2025-11-26 14:33:00+00:00,33,2,8147,49.57,49.57,49.44,49.44,29845,IBIT
2025-11-26 14:34:00+00:00,33,2,8147,49.43,49.46,49.41,49.46,11747,IBIT
2025-11-26 14:35:00+00:00,33,2,8147,49.46,49.53,49.45,49.53,36391,IBIT
2025-11-26 14:36:00+00:00,33,2,8147,49.53,49.57,49.49,49.53,36525,IBIT
2025-11-26 14:37:00+00:00,33,2,8147,49.53,49.58,49.5,49.56,41376,IBIT
2025-11-26 14:38:00+00:00,33,2,8147,49.56,49.56,49.48,49.55,31041,IBIT
2025-11-26 14:39:00+00:00,33,2,8147,49.565,49.58,49.51,49.55,37100,IBIT
2025-11-26 14:40:00+00:00,33,2,8147,49.57,49.69,49.57,49.66,48713,IBIT
2025-11-26 14:41:00+00:00,33,2,8147,49.67,49.68,49.59,49.625,40245,IBIT
2025-11-26 14:42:00+00:00,33,2,8147,49.625,49.63,49.57,49.61,19735,IBIT
2025-11-26 14:43:00+00:00,33,2,8147,49.61,49.61,49.52,49.52,17154,IBIT
2025-11-26 14:44:00+00:00,33,2,8147,49.515,49.54,49.49,49.53,17082,IBIT
2025-11-26 14:45:00+00:00,33,2,8147,49.53,49.56,49.52,49.55,13815,IBIT
2025-11-26 14:46:00+00:00,33,2,8147,49.55,49.61,49.53,49.61,37717,IBIT
2025-11-26 14:47:00+00:00,33,2,8147,49.59,49.63,49.57,49.625,19305,IBIT
2025-11-26 14:48:00+00:00,33,2,8147,49.64,49.69,49.63,49.69,34409,IBIT
2025-11-26 14:49:00+00:00,33,2,8147,49.69,49.74,49.67,49.74,28798,IBIT
2025-11-26 14:50:00+00:00,33,2,8147,49.74,49.77,49.69,49.7,105561,IBIT
2025-11-26 14:51:00+00:00,33,2,8147,49.68,49.68,49.6,49.605,31488,IBIT
2025-11-26 14:52:00+00:00,33,2,8147,49.63,49.63,49.54,49.59,42443,IBIT
2025-11-26 14:53:00+00:00,33,2,8147,49.58,49.58,49.54,49.56,16626,IBIT
2025-11-26 14:54:00+00:00,33,2,8147,49.55,49.55,49.46,49.46,24323,IBIT
2025-11-26 14:55:00+00:00,33,2,8147,49.45,49.49,49.43,49.48,61554,IBIT
2025-11-26 14:56:00+00:00,33,2,8147,49.48,49.5,49.415,49.42,54750,IBIT
2025-11-26 14:57:00+00:00,33,2,8147,49.41,49.44,49.39,49.39,26144,IBIT
2025-11-26 14:58:00+00:00,33,2,8147,49.395,49.4,49.31,49.31,52272,IBIT
2025-11-26 14:59:00+00:00,33,2,8147,49.3,49.31,49.24,49.28,58780,IBIT
2025-11-26 15:00:00+00:00,33,2,8147,49.29,49.35,49.27,49.32,58293,IBIT
2025-11-26 15:01:00+00:00,33,2,8147,49.33,49.36,49.31,49.34,39755,IBIT
2025-11-26 15:02:00+00:00,33,2,8147,49.33,49.43,49.33,49.41,37355,IBIT
2025-11-26 15:03:00+00:00,33,2,8147,49.4,49.425,49.39,49.4,14397,IBIT
2025-11-26 15:04:00+00:00,33,2,8147,49.4,49.4,49.355,49.37,20269,IBIT
2025-11-26 15:05:00+00:00,33,2,8147,49.375,49.375,49.3,49.32,35422,IBIT
2025-11-26 15:06:00+00:00,33,2,8147,49.325,49.37,49.32,49.33,27411,IBIT
2025-11-26 15:07:00+00:00,33,2,8147,49.34,49.39,49.33,49.39,36175,IBIT
2025-11-26 15:08:00+00:00,33,2,8147,49.4,49.46,49.4,49.44,58747,IBIT
2025-11-26 15:09:00+00:00,33,2,8147,49.445,49.47,49.42,49.435,19859,IBIT
2025-11-26 15:10:00+00:00,33,2,8147,49.44,49.45,49.41,49.42,17476,IBIT
2025-11-26 15:11:00+00:00,33,2,8147,49.42,49.42,49.37,49.39,18567,IBIT
2025-11-26 15:12:00+00:00,33,2,8147,49.39,49.41,49.36,49.39,42247,IBIT
2025-11-26 15:13:00+00:00,33,2,8147,49.4,49.425,49.36,49.38,22948,IBIT
2025-11-26 15:14:00+00:00,33,2,8147,49.38,49.4,49.325,49.355,26933,IBIT
2025-11-26 15:15:00+00:00,33,2,8147,49.36,49.385,49.33,49.33,11737,IBIT
2025-11-26 15:16:00+00:00,33,2,8147,49.32,49.38,49.27,49.37,26425,IBIT
2025-11-26 15:17:00+00:00,33,2,8147,49.365,49.445,49.34,49.43,29085,IBIT
2025-11-26 15:18:00+00:00,33,2,8147,49.46,49.48,49.4,49.43,34504,IBIT
2025-11-26 15:19:00+00:00,33,2,8147,49.43,49.43,49.375,49.38,11632,IBIT
2025-11-26 15:20:00+00:00,33,2,8147,49.38,49.38,49.32,49.34,17060,IBIT
2025-11-26 15:21:00+00:00,33,2,8147,49.34,49.34,49.295,49.32,14847,IBIT
2025-11-26 15:22:00+00:00,33,2,8147,49.32,49.385,49.32,49.35,21689,IBIT
2025-11-26 15:23:00+00:00,33,2,8147,49.33,49.39,49.31,49.32,13444,IBIT
2025-11-26 15:24:00+00:00,33,2,8147,49.32,49.32,49.275,49.31,40385,IBIT
2025-11-26 15:25:00+00:00,33,2,8147,49.315,49.395,49.315,49.36,13128,IBIT
2025-11-26 15:26:00+00:00,33,2,8147,49.36,49.46,49.36,49.46,31899,IBIT
2025-11-26 15:27:00+00:00,33,2,8147,49.47,49.49,49.445,49.49,24396,IBIT
2025-11-26 15:28:00+00:00,33,2,8147,49.49,49.52,49.49,49.5,17711,IBIT
2025-11-26 15:29:00+00:00,33,2,8147,49.505,49.535,49.49,49.49,14723,IBIT
2025-11-26 15:30:00+00:00,33,2,8147,49.5,49.545,49.5,49.52,13031,IBIT
2025-11-26 15:31:00+00:00,33,2,8147,49.53,49.545,49.495,49.51,12685,IBIT
2025-11-26 15:32:00+00:00,33,2,8147,49.52,49.53,49.48,49.48,12606,IBIT
2025-11-26 15:33:00+00:00,33,2,8147,49.47,49.485,49.455,49.48,21214,IBIT
2025-11-26 15:34:00+00:00,33,2,8147,49.49,49.49,49.415,49.42,18188,IBIT
2025-11-26 15:35:00+00:00,33,2,8147,49.42,49.46,49.42,49.45,31418,IBIT
2025-11-26 15:36:00+00:00,33,2,8147,49.45,49.465,49.415,49.45,14168,IBIT
2025-11-26 15:37:00+00:00,33,2,8147,49.46,49.465,49.42,49.46,15508,IBIT
2025-11-26 15:38:00+00:00,33,2,8147,49.46,49.47,49.39,49.41,32175,IBIT
2025-11-26 15:39:00+00:00,33,2,8147,49.405,49.42,49.395,49.42,26080,IBIT
2025-11-26 15:40:00+00:00,33,2,8147,49.42,49.445,49.42,49.44,14167,IBIT
2025-11-26 15:41:00+00:00,33,2,8147,49.44,49.44,49.345,49.39,27496,IBIT
2025-11-26 15:42:00+00:00,33,2,8147,49.39,49.39,49.34,49.385,22526,IBIT
2025-11-26 15:43:00+00:00,33,2,8147,49.385,49.385,49.345,49.345,43258,IBIT
2025-11-26 15:44:00+00:00,33,2,8147,49.36,49.37,49.3,49.3,44249,IBIT
2025-11-26 15:45:00+00:00,33,2,8147,49.29,49.29,49.22,49.24,59269,IBIT
2025-11-26 15:46:00+00:00,33,2,8147,49.215,49.22,49.17,49.2,34607,IBIT
2025-11-26 15:47:00+00:00,33,2,8147,49.2,49.255,49.2,49.255,34705,IBIT
2025-11-26 15:48:00+00:00,33,2,8147,49.25,49.265,49.22,49.235,10238,IBIT
2025-11-26 15:49:00+00:00,33,2,8147,49.24,49.265,49.24,49.24,11769,IBIT
2025-11-26 15:50:00+00:00,33,2,8147,49.23,49.275,49.21,49.26,15630,IBIT
2025-11-26 15:51:00+00:00,33,2,8147,49.27,49.29,49.25,49.26,18198,IBIT
2025-11-26 15:52:00+00:00,33,2,8147,49.28,49.32,49.28,49.31,17740,IBIT
2025-11-26 15:53:00+00:00,33,2,8147,49.32,49.345,49.3,49.32,29146,IBIT
2025-11-26 15:54:00+00:00,33,2,8147,49.32,49.35,49.32,49.32,19950,IBIT
2025-11-26 15:55:00+00:00,33,2,8147,49.33,49.335,49.295,49.31,18079,IBIT
2025-11-26 15:56:00+00:00,33,2,8147,49.315,49.34,49.28,49.335,21600,IBIT
2025-11-26 15:57:00+00:00,33,2,8147,49.335,49.35,49.315,49.315,30514,IBIT
2025-11-26 15:58:00+00:00,33,2,8147,49.31,49.335,49.3,49.3,26789,IBIT
2025-11-26 15:59:00+00:00,33,2,8147,49.3,49.34,49.3,49.34,19873,IBIT
2025-11-26 16:00:00+00:00,33,2,8147,49.35,49.4,49.335,49.39,38028,IBIT
2025-11-26 16:01:00+00:00,33,2,8147,49.385,49.4,49.38,49.39,25592,IBIT
2025-11-26 16:02:00+00:00,33,2,8147,49.385,49.435,49.375,49.435,15204,IBIT
2025-11-26 16:03:00+00:00,33,2,8147,49.44,49.465,49.44,49.46,14625,IBIT
2025-11-26 16:04:00+00:00,33,2,8147,49.465,49.495,49.465,49.49,20857,IBIT
2025-11-26 16:05:00+00:00,33,2,8147,49.485,49.555,49.48,49.55,28128,IBIT
2025-11-26 16:06:00+00:00,33,2,8147,49.56,49.565,49.55,49.56,20674,IBIT
2025-11-26 16:07:00+00:00,33,2,8147,49.56,49.575,49.54,49.57,25560,IBIT
2025-11-26 16:08:00+00:00,33,2,8147,49.57,49.58,49.54,49.55,10863,IBIT
2025-11-26 16:09:00+00:00,33,2,8147,49.55,49.55,49.525,49.55,15272,IBIT
2025-11-26 16:10:00+00:00,33,2,8147,49.56,49.635,49.56,49.635,26359,IBIT
2025-11-26 16:11:00+00:00,33,2,8147,49.635,49.66,49.6,49.66,38098,IBIT
2025-11-26 16:12:00+00:00,33,2,8147,49.655,49.675,49.63,49.675,51191,IBIT
2025-11-26 16:13:00+00:00,33,2,8147,49.68,49.68,49.65,49.66,21067,IBIT
2025-11-26 16:14:00+00:00,33,2,8147,49.67,49.685,49.67,49.675,19614,IBIT
2025-11-26 16:15:00+00:00,33,2,8147,49.68,49.835,49.68,49.8,41783,IBIT
2025-11-26 16:16:00+00:00,33,2,8147,49.8,49.8,49.76,49.78,43724,IBIT
2025-11-26 16:17:00+00:00,33,2,8147,49.775,49.78,49.72,49.73,23581,IBIT
2025-11-26 16:18:00+00:00,33,2,8147,49.73,49.735,49.71,49.71,13737,IBIT
2025-11-26 16:19:00+00:00,33,2,8147,49.72,49.72,49.695,49.72,23335,IBIT
2025-11-26 16:20:00+00:00,33,2,8147,49.74,49.785,49.74,49.75,48748,IBIT
2025-11-26 16:21:00+00:00,33,2,8147,49.76,49.775,49.755,49.77,23156,IBIT
2025-11-26 16:22:00+00:00,33,2,8147,49.77,49.785,49.725,49.73,26480,IBIT
2025-11-26 16:23:00+00:00,33,2,8147,49.73,49.74,49.725,49.74,8451,IBIT
2025-11-26 16:24:00+00:00,33,2,8147,49.74,49.755,49.73,49.75,25425,IBIT
2025-11-26 16:25:00+00:00,33,2,8147,49.75,49.8,49.75,49.75,59790,IBIT
2025-11-26 16:26:00+00:00,33,2,8147,49.75,49.75,49.7,49.73,8129,IBIT
2025-11-26 16:27:00+00:00,33,2,8147,49.73,49.74,49.7,49.72,27993,IBIT
2025-11-26 16:28:00+00:00,33,2,8147,49.72,49.73,49.69,49.7,14199,IBIT
2025-11-26 16:29:00+00:00,33,2,8147,49.705,49.705,49.68,49.68,33686,IBIT
2025-11-26 16:30:00+00:00,33,2,8147,49.69,49.72,49.69,49.69,27831,IBIT
2025-11-26 16:31:00+00:00,33,2,8147,49.7,49.73,49.68,49.73,17110,IBIT
2025-11-26 16:32:00+00:00,33,2,8147,49.73,49.785,49.71,49.78,19974,IBIT
2025-11-26 16:33:00+00:00,33,2,8147,49.78,49.78,49.75,49.75,26376,IBIT
2025-11-26 16:34:00+00:00,33,2,8147,49.75,49.78,49.74,49.78,11514,IBIT
2025-11-26 16:35:00+00:00,33,2,8147,49.79,49.825,49.79,49.825,16500,IBIT
2025-11-26 16:36:00+00:00,33,2,8147,49.83,49.88,49.82,49.88,49510,IBIT
2025-11-26 16:37:00+00:00,33,2,8147,49.89,49.89,49.83,49.84,26153,IBIT
2025-11-26 16:38:00+00:00,33,2,8147,49.845,49.86,49.835,49.86,26235,IBIT
2025-11-26 16:39:00+00:00,33,2,8147,49.865,49.865,49.815,49.83,15098,IBIT
2025-11-26 16:40:00+00:00,33,2,8147,49.83,49.83,49.77,49.77,13178,IBIT
2025-11-26 16:41:00+00:00,33,2,8147,49.78,49.78,49.75,49.755,20231,IBIT
2025-11-26 16:42:00+00:00,33,2,8147,49.76,49.765,49.735,49.76,8786,IBIT
2025-11-26 16:43:00+00:00,33,2,8147,49.765,49.785,49.765,49.775,8122,IBIT
2025-11-26 16:44:00+00:00,33,2,8147,49.76,49.76,49.7,49.72,33893,IBIT
2025-11-26 16:45:00+00:00,33,2,8147,49.72,49.735,49.71,49.73,13025,IBIT
2025-11-26 16:46:00+00:00,33,2,8147,49.73,49.77,49.73,49.77,17168,IBIT
2025-11-26 16:47:00+00:00,33,2,8147,49.765,49.765,49.71,49.735,32534,IBIT
2025-11-26 16:48:00+00:00,33,2,8147,49.73,49.76,49.73,49.76,13972,IBIT
2025-11-26 16:49:00+00:00,33,2,8147,49.765,49.765,49.735,49.735,12181,IBIT
2025-11-26 16:50:00+00:00,33,2,8147,49.74,49.765,49.735,49.735,21644,IBIT
2025-11-26 16:51:00+00:00,33,2,8147,49.735,49.735,49.695,49.7,28737,IBIT
2025-11-26 16:52:00+00:00,33,2,8147,49.7,49.73,49.7,49.71,12456,IBIT
2025-11-26 16:53:00+00:00,33,2,8147,49.7,49.7,49.66,49.66,17936,IBIT
2025-11-26 16:54:00+00:00,33,2,8147,49.655,49.74,49.655,49.74,22661,IBIT
2025-11-26 16:55:00+00:00,33,2,8147,49.75,49.785,49.75,49.785,14349,IBIT
2025-11-26 16:56:00+00:00,33,2,8147,49.79,49.85,49.79,49.85,26497,IBIT
2025-11-26 16:57:00+00:00,33,2,8147,49.85,49.86,49.84,49.84,9365,IBIT
2025-11-26 16:58:00+00:00,33,2,8147,49.84,49.865,49.84,49.855,11010,IBIT
2025-11-26 16:59:00+00:00,33,2,8147,49.85,49.855,49.835,49.84,8088,IBIT
2025-11-26 17:00:00+00:00,33,2,8147,49.84,49.88,49.84,49.87,18384,IBIT
2025-11-26 17:01:00+00:00,33,2,8147,49.88,49.89,49.875,49.88,22730,IBIT
2025-11-26 17:02:00+00:00,33,2,8147,49.87,49.88,49.845,49.85,29246,IBIT
2025-11-26 17:03:00+00:00,33,2,8147,49.86,49.865,49.83,49.83,6617,IBIT
2025-11-26 17:04:00+00:00,33,2,8147,49.82,49.825,49.785,49.8,26100,IBIT
2025-11-26 17:05:00+00:00,33,2,8147,49.81,49.87,49.805,49.87,31610,IBIT
2025-11-26 17:06:00+00:00,33,2,8147,49.88,49.895,49.85,49.85,18868,IBIT
2025-11-26 17:07:00+00:00,33,2,8147,49.86,49.875,49.855,49.875,11342,IBIT
2025-11-26 17:08:00+00:00,33,2,8147,49.875,49.875,49.83,49.835,15733,IBIT
2025-11-26 17:09:00+00:00,33,2,8147,49.835,49.85,49.825,49.845,17381,IBIT
2025-11-26 17:10:00+00:00,33,2,8147,49.85,49.89,49.84,49.88,21439,IBIT
2025-11-26 17:11:00+00:00,33,2,8147,49.875,49.88,49.85,49.875,10285,IBIT
2025-11-26 17:12:00+00:00,33,2,8147,49.88,49.94,49.88,49.935,21206,IBIT
2025-11-26 17:13:00+00:00,33,2,8147,49.93,49.93,49.88,49.885,10053,IBIT
2025-11-26 17:14:00+00:00,33,2,8147,49.885,49.885,49.84,49.84,13360,IBIT
2025-11-26 17:15:00+00:00,33,2,8147,49.845,49.855,49.81,49.81,20117,IBIT
2025-11-26 17:16:00+00:00,33,2,8147,49.81,49.855,49.81,49.85,21157,IBIT
2025-11-26 17:17:00+00:00,33,2,8147,49.85,49.865,49.835,49.85,23482,IBIT
2025-11-26 17:18:00+00:00,33,2,8147,49.84,49.85,49.815,49.82,11431,IBIT
2025-11-26 17:19:00+00:00,33,2,8147,49.81,49.81,49.775,49.78,12301,IBIT
2025-11-26 17:20:00+00:00,33,2,8147,49.77,49.79,49.765,49.79,19433,IBIT
2025-11-26 17:21:00+00:00,33,2,8147,49.79,49.835,49.79,49.83,10023,IBIT
2025-11-26 17:22:00+00:00,33,2,8147,49.83,49.83,49.795,49.8,15908,IBIT
2025-11-26 17:23:00+00:00,33,2,8147,49.8,49.85,49.8,49.85,12083,IBIT
2025-11-26 17:24:00+00:00,33,2,8147,49.84,49.915,49.84,49.915,13463,IBIT
2025-11-26 17:25:00+00:00,33,2,8147,49.91,50.035,49.91,50.035,50917,IBIT
2025-11-26 17:26:00+00:00,33,2,8147,50.04,50.19,50.04,50.19,59455,IBIT
2025-11-26 17:27:00+00:00,33,2,8147,50.19,50.21,50.155,50.21,30125,IBIT
2025-11-26 17:28:00+00:00,33,2,8147,50.22,50.375,50.22,50.33,131169,IBIT
2025-11-26 17:29:00+00:00,33,2,8147,50.33,50.34,50.28,50.31,65051,IBIT
2025-11-26 17:30:00+00:00,33,2,8147,50.305,50.335,50.255,50.335,52834,IBIT
2025-11-26 17:31:00+00:00,33,2,8147,50.33,50.39,50.31,50.34,30778,IBIT
2025-11-26 17:32:00+00:00,33,2,8147,50.33,50.35,50.27,50.335,52678,IBIT
2025-11-26 17:33:00+00:00,33,2,8147,50.34,50.45,50.34,50.42,43565,IBIT
2025-11-26 17:34:00+00:00,33,2,8147,50.43,50.51,50.42,50.49,39296,IBIT
2025-11-26 17:35:00+00:00,33,2,8147,50.5,50.54,50.48,50.53,55664,IBIT
2025-11-26 17:36:00+00:00,33,2,8147,50.53,50.54,50.49,50.54,65216,IBIT
2025-11-26 17:37:00+00:00,33,2,8147,50.55,50.595,50.49,50.53,35826,IBIT
2025-11-26 17:38:00+00:00,33,2,8147,50.54,50.57,50.52,50.55,31394,IBIT
2025-11-26 17:39:00+00:00,33,2,8147,50.55,50.555,50.53,50.55,24354,IBIT
2025-11-26 17:40:00+00:00,33,2,8147,50.55,50.59,50.55,50.56,31370,IBIT
2025-11-26 17:41:00+00:00,33,2,8147,50.58,50.61,50.57,50.59,31857,IBIT
2025-11-26 17:42:00+00:00,33,2,8147,50.61,50.735,50.61,50.72,48743,IBIT
2025-11-26 17:43:00+00:00,33,2,8147,50.72,50.72,50.65,50.68,61163,IBIT
2025-11-26 17:44:00+00:00,33,2,8147,50.685,50.79,50.685,50.79,24758,IBIT
2025-11-26 17:45:00+00:00,33,2,8147,50.78,50.835,50.78,50.81,50443,IBIT
2025-11-26 17:46:00+00:00,33,2,8147,50.81,50.87,50.79,50.87,48827,IBIT
2025-11-26 17:47:00+00:00,33,2,8147,50.87,50.97,50.855,50.97,77647,IBIT
2025-11-26 17:48:00+00:00,33,2,8147,50.97,51.02,50.935,51.01,101377,IBIT
2025-11-26 17:49:00+00:00,33,2,8147,51.01,51.01,50.94,50.94,66653,IBIT
2025-11-26 17:50:00+00:00,33,2,8147,50.935,50.935,50.875,50.905,63135,IBIT
2025-11-26 17:51:00+00:00,33,2,8147,50.91,50.945,50.895,50.93,54710,IBIT
2025-11-26 17:52:00+00:00,33,2,8147,50.935,50.96,50.905,50.91,55031,IBIT
2025-11-26 17:53:00+00:00,33,2,8147,50.92,50.92,50.8,50.84,74467,IBIT
2025-11-26 17:54:00+00:00,33,2,8147,50.845,50.925,50.845,50.9,61026,IBIT
2025-11-26 17:55:00+00:00,33,2,8147,50.89,50.945,50.86,50.915,45797,IBIT
2025-11-26 17:56:00+00:00,33,2,8147,50.92,51.005,50.875,50.98,56603,IBIT
2025-11-26 17:57:00+00:00,33,2,8147,50.985,51.03,50.98,51.03,20664,IBIT
2025-11-26 17:58:00+00:00,33,2,8147,51.03,51.07,51.015,51.065,47465,IBIT
2025-11-26 17:59:00+00:00,33,2,8147,51.065,51.065,50.99,50.995,67920,IBIT
2025-11-26 18:00:00+00:00,33,2,8147,50.995,51.065,50.995,51.05,44236,IBIT
2025-11-26 18:01:00+00:00,33,2,8147,51.055,51.065,51.01,51.065,31240,IBIT
2025-11-26 18:02:00+00:00,33,2,8147,51.065,51.08,51.015,51.045,45655,IBIT
2025-11-26 18:03:00+00:00,33,2,8147,51.05,51.09,51.005,51.02,58034,IBIT
2025-11-26 18:04:00+00:00,33,2,8147,51.025,51.035,50.965,50.975,63106,IBIT
2025-11-26 18:05:00+00:00,33,2,8147,50.975,51.055,50.975,51.035,25935,IBIT
2025-11-26 18:06:00+00:00,33,2,8147,51.03,51.065,51.005,51.06,20465,IBIT
2025-11-26 18:07:00+00:00,33,2,8147,51.07,51.1,51.06,51.09,48776,IBIT
2025-11-26 18:08:00+00:00,33,2,8147,51.1,51.15,51.1,51.135,60122,IBIT
2025-11-26 18:09:00+00:00,33,2,8147,51.135,51.145,50.895,50.96,157366,IBIT
2025-11-26 18:10:00+00:00,33,2,8147,50.955,51.065,50.935,51.06,52717,IBIT
2025-11-26 18:11:00+00:00,33,2,8147,51.06,51.11,51.06,51.09,44628,IBIT
2025-11-26 18:12:00+00:00,33,2,8147,51.085,51.125,51.08,51.115,34254,IBIT
2025-11-26 18:13:00+00:00,33,2,8147,51.12,51.13,51.08,51.12,38771,IBIT
2025-11-26 18:14:00+00:00,33,2,8147,51.12,51.15,51.12,51.13,27375,IBIT
2025-11-26 18:15:00+00:00,33,2,8147,51.13,51.235,51.13,51.22,70853,IBIT
2025-11-26 18:16:00+00:00,33,2,8147,51.225,51.28,51.2,51.28,34282,IBIT
2025-11-26 18:17:00+00:00,33,2,8147,51.285,51.31,51.24,51.27,67339,IBIT
2025-11-26 18:18:00+00:00,33,2,8147,51.27,51.275,51.23,51.23,27425,IBIT
2025-11-26 18:19:00+00:00,33,2,8147,51.24,51.25,51.2,51.235,46304,IBIT
2025-11-26 18:20:00+00:00,33,2,8147,51.235,51.235,51.14,51.155,19113,IBIT
2025-11-26 18:21:00+00:00,33,2,8147,51.16,51.195,51.16,51.18,28801,IBIT
2025-11-26 18:22:00+00:00,33,2,8147,51.185,51.23,51.18,51.23,14008,IBIT
2025-11-26 18:23:00+00:00,33,2,8147,51.24,51.24,51.155,51.16,18733,IBIT
2025-11-26 18:24:00+00:00,33,2,8147,51.16,51.23,51.15,51.22,43794,IBIT
2025-11-26 18:25:00+00:00,33,2,8147,51.22,51.24,51.2,51.235,15032,IBIT
2025-11-26 18:26:00+00:00,33,2,8147,51.235,51.3,51.235,51.27,33992,IBIT
2025-11-26 18:27:00+00:00,33,2,8147,51.28,51.335,51.28,51.325,37179,IBIT
2025-11-26 18:28:00+00:00,33,2,8147,51.32,51.32,51.25,51.26,21898,IBIT
2025-11-26 18:29:00+00:00,33,2,8147,51.26,51.29,51.245,51.29,27017,IBIT
2025-11-26 18:30:00+00:00,33,2,8147,51.295,51.305,51.255,51.27,38929,IBIT
2025-11-26 18:31:00+00:00,33,2,8147,51.27,51.27,51.22,51.235,13342,IBIT
2025-11-26 18:32:00+00:00,33,2,8147,51.24,51.245,51.125,51.125,31568,IBIT
2025-11-26 18:33:00+00:00,33,2,8147,51.13,51.135,51.1,51.12,31322,IBIT
2025-11-26 18:34:00+00:00,33,2,8147,51.115,51.115,51.06,51.06,20429,IBIT
2025-11-26 18:35:00+00:00,33,2,8147,51.06,51.09,51.06,51.08,13007,IBIT
2025-11-26 18:36:00+00:00,33,2,8147,51.085,51.105,51.07,51.07,22191,IBIT
2025-11-26 18:37:00+00:00,33,2,8147,51.07,51.07,50.98,50.985,51370,IBIT
2025-11-26 18:38:00+00:00,33,2,8147,50.99,51.005,50.965,50.99,27231,IBIT
2025-11-26 18:39:00+00:00,33,2,8147,50.985,51.0,50.965,50.99,11854,IBIT
2025-11-26 18:40:00+00:00,33,2,8147,50.995,51.095,50.99,51.095,16466,IBIT
2025-11-26 18:41:00+00:00,33,2,8147,51.095,51.095,51.06,51.08,33632,IBIT
2025-11-26 18:42:00+00:00,33,2,8147,51.08,51.095,51.055,51.055,12186,IBIT
2025-11-26 18:43:00+00:00,33,2,8147,51.05,51.05,50.98,50.98,29573,IBIT
2025-11-26 18:44:00+00:00,33,2,8147,50.98,50.98,50.91,50.915,31720,IBIT
2025-11-26 18:45:00+00:00,33,2,8147,50.92,50.965,50.92,50.94,25959,IBIT
2025-11-26 18:46:00+00:00,33,2,8147,50.945,51.005,50.945,51.0,20515,IBIT
2025-11-26 18:47:00+00:00,33,2,8147,51.01,51.025,50.995,51.005,19927,IBIT
2025-11-26 18:48:00+00:00,33,2,8147,51.02,51.09,51.02,51.09,11912,IBIT
2025-11-26 18:49:00+00:00,33,2,8147,51.1,51.105,51.08,51.1,13593,IBIT
2025-11-26 18:50:00+00:00,33,2,8147,51.09,51.12,51.08,51.115,30010,IBIT
2025-11-26 18:51:00+00:00,33,2,8147,51.11,51.135,51.11,51.13,9044,IBIT
2025-11-26 18:52:00+00:00,33,2,8147,51.13,51.13,51.09,51.095,11044,IBIT
2025-11-26 18:53:00+00:00,33,2,8147,51.09,51.115,51.06,51.11,19081,IBIT
2025-11-26 18:54:00+00:00,33,2,8147,51.11,51.12,51.085,51.1,22297,IBIT
2025-11-26 18:55:00+00:00,33,2,8147,51.1,51.1,51.095,51.1,27403,IBIT
2025-11-26 18:56:00+00:00,33,2,8147,51.1,51.12,51.07,51.12,15938,IBIT
2025-11-26 18:57:00+00:00,33,2,8147,51.13,51.145,51.11,51.145,25926,IBIT
2025-11-26 18:58:00+00:00,33,2,8147,51.15,51.175,51.145,51.17,15053,IBIT
2025-11-26 18:59:00+00:00,33,2,8147,51.17,51.175,51.155,51.17,8985,IBIT
2025-11-26 19:00:00+00:00,33,2,8147,51.16,51.16,51.14,51.14,10377,IBIT
2025-11-26 19:01:00+00:00,33,2,8147,51.14,51.2,51.14,51.18,26013,IBIT
2025-11-26 19:02:00+00:00,33,2,8147,51.17,51.19,51.15,51.165,30950,IBIT
2025-11-26 19:03:00+00:00,33,2,8147,51.17,51.175,51.11,51.11,20131,IBIT
2025-11-26 19:04:00+00:00,33,2,8147,51.13,51.13,51.04,51.04,14006,IBIT
2025-11-26 19:05:00+00:00,33,2,8147,51.03,51.05,51.03,51.04,8151,IBIT
2025-11-26 19:06:00+00:00,33,2,8147,51.04,51.05,51.03,51.04,29313,IBIT
2025-11-26 19:07:00+00:00,33,2,8147,51.04,51.07,51.04,51.05,17846,IBIT
2025-11-26 19:08:00+00:00,33,2,8147,51.055,51.055,51.005,51.01,31309,IBIT
2025-11-26 19:09:00+00:00,33,2,8147,51.0,51.05,51.0,51.05,22378,IBIT
2025-11-26 19:10:00+00:00,33,2,8147,51.07,51.11,51.06,51.105,12168,IBIT
2025-11-26 19:11:00+00:00,33,2,8147,51.1,51.1,51.04,51.05,21934,IBIT
2025-11-26 19:12:00+00:00,33,2,8147,51.05,51.06,50.97,50.97,27809,IBIT
2025-11-26 19:13:00+00:00,33,2,8147,50.97,50.99,50.95,50.97,31451,IBIT
2025-11-26 19:14:00+00:00,33,2,8147,50.96,51.01,50.96,50.97,25420,IBIT
2025-11-26 19:15:00+00:00,33,2,8147,50.99,51.02,50.99,51.02,11188,IBIT
2025-11-26 19:16:00+00:00,33,2,8147,51.02,51.02,50.935,50.975,15380,IBIT
2025-11-26 19:17:00+00:00,33,2,8147,50.98,51.03,50.98,51.015,10760,IBIT
2025-11-26 19:18:00+00:00,33,2,8147,51.02,51.05,51.0,51.05,25790,IBIT
2025-11-26 19:19:00+00:00,33,2,8147,51.05,51.07,51.05,51.06,13101,IBIT
2025-11-26 19:20:00+00:00,33,2,8147,51.06,51.07,51.05,51.05,20237,IBIT
2025-11-26 19:21:00+00:00,33,2,8147,51.05,51.06,51.04,51.05,22741,IBIT
2025-11-26 19:22:00+00:00,33,2,8147,51.06,51.08,51.055,51.07,40388,IBIT
2025-11-26 19:23:00+00:00,33,2,8147,51.07,51.07,50.99,50.99,57406,IBIT
2025-11-26 19:24:00+00:00,33,2,8147,50.99,50.995,50.94,50.94,32069,IBIT
2025-11-26 19:25:00+00:00,33,2,8147,50.935,50.99,50.935,50.98,11566,IBIT
2025-11-26 19:26:00+00:00,33,2,8147,50.975,50.99,50.96,50.98,11092,IBIT
2025-11-26 19:27:00+00:00,33,2,8147,50.97,50.975,50.93,50.93,28004,IBIT
2025-11-26 19:28:00+00:00,33,2,8147,50.94,50.98,50.94,50.98,13540,IBIT
2025-11-26 19:29:00+00:00,33,2,8147,50.98,50.99,50.955,50.955,13128,IBIT
2025-11-26 19:30:00+00:00,33,2,8147,50.96,51.015,50.96,50.99,22627,IBIT
2025-11-26 19:31:00+00:00,33,2,8147,50.99,51.005,50.98,50.99,17304,IBIT
2025-11-26 19:32:00+00:00,33,2,8147,50.995,51.02,50.96,50.98,31068,IBIT
2025-11-26 19:33:00+00:00,33,2,8147,50.99,51.025,50.99,51.02,8834,IBIT
2025-11-26 19:34:00+00:00,33,2,8147,51.02,51.03,51.015,51.03,10330,IBIT
2025-11-26 19:35:00+00:00,33,2,8147,51.03,51.03,50.94,50.98,90068,IBIT
2025-11-26 19:36:00+00:00,33,2,8147,50.98,51.0,50.96,50.975,22565,IBIT
2025-11-26 19:37:00+00:00,33,2,8147,50.97,50.97,50.945,50.955,4156,IBIT
2025-11-26 19:38:00+00:00,33,2,8147,50.955,50.995,50.955,50.995,8013,IBIT
2025-11-26 19:39:00+00:00,33,2,8147,50.995,51.02,50.995,51.01,13843,IBIT
2025-11-26 19:40:00+00:00,33,2,8147,51.0,51.04,50.965,51.04,22514,IBIT
2025-11-26 19:41:00+00:00,33,2,8147,51.05,51.105,51.05,51.065,77817,IBIT
2025-11-26 19:42:00+00:00,33,2,8147,51.06,51.065,51.045,51.045,22117,IBIT
2025-11-26 19:43:00+00:00,33,2,8147,51.045,51.05,51.015,51.015,19536,IBIT
2025-11-26 19:44:00+00:00,33,2,8147,51.02,51.025,50.995,51.005,14426,IBIT
2025-11-26 19:45:00+00:00,33,2,8147,51.005,51.005,50.975,50.99,25338,IBIT
2025-11-26 19:46:00+00:00,33,2,8147,51.0,51.02,50.995,51.01,12411,IBIT
2025-11-26 19:47:00+00:00,33,2,8147,51.01,51.015,50.975,51.015,21064,IBIT
2025-11-26 19:48:00+00:00,33,2,8147,51.015,51.015,50.975,50.98,15061,IBIT
2025-11-26 19:49:00+00:00,33,2,8147,50.975,50.985,50.96,50.975,3686,IBIT
2025-11-26 19:50:00+00:00,33,2,8147,50.975,51.055,50.965,51.055,31760,IBIT
2025-11-26 19:51:00+00:00,33,2,8147,51.065,51.115,51.065,51.1,15451,IBIT
2025-11-26 19:52:00+00:00,33,2,8147,51.095,51.095,51.065,51.075,9006,IBIT
2025-11-26 19:53:00+00:00,33,2,8147,51.075,51.095,51.07,51.08,20554,IBIT
2025-11-26 19:54:00+00:00,33,2,8147,51.075,51.085,51.055,51.085,9486,IBIT
2025-11-26 19:55:00+00:00,33,2,8147,51.085,51.11,51.08,51.11,18485,IBIT
2025-11-26 19:56:00+00:00,33,2,8147,51.12,51.125,51.075,51.08,11943,IBIT
2025-11-26 19:57:00+00:00,33,2,8147,51.09,51.095,51.04,51.06,19945,IBIT
2025-11-26 19:58:00+00:00,33,2,8147,51.065,51.09,51.055,51.08,21015,IBIT
2025-11-26 19:59:00+00:00,33,2,8147,51.08,51.085,51.05,51.055,4940,IBIT
2025-11-26 20:00:00+00:00,33,2,8147,51.055,51.055,50.99,50.99,31454,IBIT
2025-11-26 20:01:00+00:00,33,2,8147,50.99,51.05,50.985,51.02,47403,IBIT
2025-11-26 20:02:00+00:00,33,2,8147,51.02,51.055,51.01,51.045,26794,IBIT
2025-11-26 20:03:00+00:00,33,2,8147,51.045,51.05,50.985,50.99,13140,IBIT
2025-11-26 20:04:00+00:00,33,2,8147,50.98,50.99,50.955,50.955,9708,IBIT
2025-11-26 20:05:00+00:00,33,2,8147,50.955,50.955,50.88,50.88,69878,IBIT
2025-11-26 20:06:00+00:00,33,2,8147,50.88,50.89,50.795,50.8,33509,IBIT
2025-11-26 20:07:00+00:00,33,2,8147,50.8,50.825,50.795,50.82,9686,IBIT
2025-11-26 20:08:00+00:00,33,2,8147,50.815,50.86,50.815,50.84,21150,IBIT
2025-11-26 20:09:00+00:00,33,2,8147,50.845,50.88,50.845,50.88,15800,IBIT
2025-11-26 20:10:00+00:00,33,2,8147,50.88,50.97,50.875,50.97,36944,IBIT
2025-11-26 20:11:00+00:00,33,2,8147,50.975,51.01,50.955,50.99,40324,IBIT
2025-11-26 20:12:00+00:00,33,2,8147,50.99,51.065,50.99,51.065,18545,IBIT
2025-11-26 20:13:00+00:00,33,2,8147,51.06,51.08,51.045,51.075,24599,IBIT
2025-11-26 20:14:00+00:00,33,2,8147,51.07,51.095,51.065,51.085,16330,IBIT
2025-11-26 20:15:00+00:00,33,2,8147,51.085,51.1,51.065,51.075,15528,IBIT
2025-11-26 20:16:00+00:00,33,2,8147,51.07,51.075,51.055,51.065,29801,IBIT
2025-11-26 20:17:00+00:00,33,2,8147,51.065,51.12,51.065,51.08,26968,IBIT
2025-11-26 20:18:00+00:00,33,2,8147,51.07,51.07,51.025,51.05,35481,IBIT
2025-11-26 20:19:00+00:00,33,2,8147,51.055,51.065,51.015,51.015,16105,IBIT
2025-11-26 20:20:00+00:00,33,2,8147,51.01,51.01,50.985,50.995,26882,IBIT
2025-11-26 20:21:00+00:00,33,2,8147,50.995,51.06,50.995,51.05,16177,IBIT
2025-11-26 20:22:00+00:00,33,2,8147,51.05,51.07,51.045,51.065,12217,IBIT
2025-11-26 20:23:00+00:00,33,2,8147,51.065,51.095,51.045,51.065,11883,IBIT
2025-11-26 20:24:00+00:00,33,2,8147,51.06,51.105,51.06,51.105,12062,IBIT
2025-11-26 20:25:00+00:00,33,2,8147,51.115,51.155,51.115,51.15,20951,IBIT
2025-11-26 20:26:00+00:00,33,2,8147,51.155,51.165,51.11,51.13,37086,IBIT
2025-11-26 20:27:00+00:00,33,2,8147,51.135,51.16,51.1,51.1,19617,IBIT
2025-11-26 20:28:00+00:00,33,2,8147,51.095,51.1,51.075,51.085,11057,IBIT
2025-11-26 20:29:00+00:00,33,2,8147,51.085,51.105,51.075,51.1,11306,IBIT
2025-11-26 20:30:00+00:00,33,2,8147,51.1,51.115,51.075,51.115,18432,IBIT
2025-11-26 20:31:00+00:00,33,2,8147,51.11,51.13,51.105,51.11,19066,IBIT
2025-11-26 20:32:00+00:00,33,2,8147,51.12,51.135,51.115,51.115,16096,IBIT
2025-11-26 20:33:00+00:00,33,2,8147,51.115,51.115,51.04,51.05,14190,IBIT
2025-11-26 20:34:00+00:00,33,2,8147,51.05,51.05,51.015,51.02,19761,IBIT
2025-11-26 20:35:00+00:00,33,2,8147,51.015,51.045,51.01,51.025,11932,IBIT
2025-11-26 20:36:00+00:00,33,2,8147,51.02,51.055,51.015,51.055,14767,IBIT
2025-11-26 20:37:00+00:00,33,2,8147,51.05,51.075,51.05,51.065,14836,IBIT
2025-11-26 20:38:00+00:00,33,2,8147,51.065,51.065,51.04,51.055,19850,IBIT
2025-11-26 20:39:00+00:00,33,2,8147,51.06,51.09,51.05,51.05,13254,IBIT
2025-11-26 20:40:00+00:00,33,2,8147,51.045,51.045,51.025,51.035,13012,IBIT
2025-11-26 20:41:00+00:00,33,2,8147,51.035,51.045,50.995,51.02,12902,IBIT
2025-11-26 20:42:00+00:00,33,2,8147,51.025,51.05,50.98,51.015,36028,IBIT
2025-11-26 20:43:00+00:00,33,2,8147,51.01,51.01,50.945,50.945,16414,IBIT
2025-11-26 20:44:00+00:00,33,2,8147,50.945,50.945,50.905,50.91,32267,IBIT
2025-11-26 20:45:00+00:00,33,2,8147,50.905,50.95,50.905,50.95,15716,IBIT
2025-11-26 20:46:00+00:00,33,2,8147,50.945,50.95,50.935,50.945,15170,IBIT
2025-11-26 20:47:00+00:00,33,2,8147,50.945,50.945,50.895,50.92,39356,IBIT
2025-11-26 20:48:00+00:00,33,2,8147,50.92,50.955,50.92,50.94,25938,IBIT
2025-11-26 20:49:00+00:00,33,2,8147,50.945,50.945,50.905,50.925,10218,IBIT
2025-11-26 20:50:00+00:00,33,2,8147,50.925,50.98,50.9,50.965,29071,IBIT
2025-11-26 20:51:00+00:00,33,2,8147,50.965,50.995,50.965,50.985,24876,IBIT
2025-11-26 20:52:00+00:00,33,2,8147,50.99,51.025,50.99,51.005,19920,IBIT
2025-11-26 20:53:00+00:00,33,2,8147,51.005,51.05,51.005,51.05,34036,IBIT
2025-11-26 20:54:00+00:00,33,2,8147,51.045,51.06,51.035,51.045,23174,IBIT
2025-11-26 20:55:00+00:00,33,2,8147,51.045,51.055,51.025,51.05,51787,IBIT
2025-11-26 20:56:00+00:00,33,2,8147,51.045,51.06,51.035,51.05,73304,IBIT
2025-11-26 20:57:00+00:00,33,2,8147,51.045,51.065,51.035,51.045,50468,IBIT
2025-11-26 20:58:00+00:00,33,2,8147,51.05,51.075,51.035,51.045,110005,IBIT
2025-11-26 20:59:00+00:00,33,2,8147,51.05,51.065,51.005,51.02,267170,IBIT
2025-11-26 21:00:00+00:00,33,2,8147,51.03,51.11,51.03,51.05,676519,IBIT
2025-11-26 21:01:00+00:00,33,2,8147,51.05,51.06,51.04,51.04,6333,IBIT
2025-11-26 21:02:00+00:00,33,2,8147,51.06,51.06,51.04,51.04,2863,IBIT
2025-11-26 21:03:00+00:00,33,2,8147,51.07,51.1,51.07,51.1,1847,IBIT
2025-11-26 21:04:00+00:00,33,2,8147,51.1,51.1,51.08,51.08,1610,IBIT
2025-11-26 21:05:00+00:00,33,2,8147,51.08,51.09,51.03,51.04,3299,IBIT
2025-11-26 21:06:00+00:00,33,2,8147,51.04,51.05,51.04,51.04,2518,IBIT
2025-11-26 21:07:00+00:00,33,2,8147,51.04,51.04,51.02,51.02,200,IBIT
2025-11-26 21:08:00+00:00,33,2,8147,51.06,51.06,51.05,51.05,120,IBIT
2025-11-26 21:09:00+00:00,33,2,8147,51.05,51.05,51.03,51.03,101,IBIT
2025-11-26 21:10:00+00:00,33,2,8147,51.03,51.04,51.01,51.01,3120,IBIT
2025-11-26 21:11:00+00:00,33,2,8147,51.03,51.03,51.03,51.03,1,IBIT
2025-11-26 21:12:00+00:00,33,2,8147,51.03,51.03,51.03,51.03,97,IBIT
2025-11-26 21:13:00+00:00,33,2,8147,51.03,51.04,51.03,51.04,296,IBIT
2025-11-26 21:15:00+00:00,33,2,8147,51.0,51.01,51.0,51.01,516,IBIT
2025-11-26 21:16:00+00:00,33,2,8147,51.03,51.08,51.03,51.04,2370,IBIT
2025-11-26 21:17:00+00:00,33,2,8147,51.02,51.05,51.02,51.05,742,IBIT
2025-11-26 21:19:00+00:00,33,2,8147,51.01,51.01,51.01,51.01,400,IBIT
2025-11-26 21:20:00+00:00,33,2,8147,51.0,51.02,51.0,51.02,897,IBIT
2025-11-26 21:21:00+00:00,33,2,8147,51.02,51.02,51.02,51.02,125,IBIT
2025-11-26 21:23:00+00:00,33,2,8147,51.05,51.05,51.05,51.05,209,IBIT
2025-11-26 21:24:00+00:00,33,2,8147,51.09,51.12,51.09,51.11,1174,IBIT
2025-11-26 21:25:00+00:00,33,2,8147,51.11,51.23,51.11,51.23,9611,IBIT
2025-11-26 21:26:00+00:00,33,2,8147,51.21,51.25,51.2,51.25,3400,IBIT
2025-11-26 21:27:00+00:00,33,2,8147,51.24,51.24,51.2,51.21,2250,IBIT
2025-11-26 21:29:00+00:00,33,2,8147,51.26,51.27,51.26,51.27,102,IBIT
2025-11-26 21:30:00+00:00,33,2,8147,51.27,51.3,51.26,51.26,8881,IBIT
2025-11-26 21:31:00+00:00,33,2,8147,51.26,51.3,51.26,51.3,882,IBIT
2025-11-26 21:32:00+00:00,33,2,8147,51.32,51.38,51.3,51.35,2389,IBIT
2025-11-26 21:33:00+00:00,33,2,8147,51.33,51.35,51.29,51.29,9480,IBIT
2025-11-26 21:34:00+00:00,33,2,8147,51.29,51.29,51.25,51.25,351,IBIT
2025-11-26 21:35:00+00:00,33,2,8147,51.26,51.31,51.26,51.28,2843,IBIT
2025-11-26 21:36:00+00:00,33,2,8147,51.28,51.28,51.23,51.23,1725,IBIT
2025-11-26 21:37:00+00:00,33,2,8147,51.22,51.25,51.21,51.25,1146,IBIT
2025-11-26 21:38:00+00:00,33,2,8147,51.31,51.31,51.26,51.26,1830,IBIT
2025-11-26 21:39:00+00:00,33,2,8147,51.26,51.26,51.26,51.26,10,IBIT
2025-11-26 21:40:00+00:00,33,2,8147,51.27,51.29,51.27,51.28,2038,IBIT
2025-11-26 21:41:00+00:00,33,2,8147,51.26,51.27,51.25,51.25,2166,IBIT
2025-11-26 21:42:00+00:00,33,2,8147,51.25,51.27,51.2,51.27,17699,IBIT
2025-11-26 21:43:00+00:00,33,2,8147,51.26,51.3,51.25,51.26,44104,IBIT
2025-11-26 21:45:00+00:00,33,2,8147,51.24,51.26,51.24,51.25,4120,IBIT
2025-11-26 21:46:00+00:00,33,2,8147,51.28,51.3,51.28,51.3,200,IBIT
2025-11-26 21:47:00+00:00,33,2,8147,51.29,51.34,51.29,51.32,836,IBIT
2025-11-26 21:48:00+00:00,33,2,8147,51.33,51.33,51.33,51.33,78,IBIT
2025-11-26 21:49:00+00:00,33,2,8147,51.31,51.31,51.3,51.3,1404,IBIT
2025-11-26 21:50:00+00:00,33,2,8147,51.31,51.32,51.31,51.32,115,IBIT
2025-11-26 21:51:00+00:00,33,2,8147,51.31,51.33,51.31,51.31,304,IBIT
2025-11-26 21:52:00+00:00,33,2,8147,51.33,51.33,51.33,51.33,10,IBIT
2025-11-26 21:53:00+00:00,33,2,8147,51.32,51.33,51.32,51.32,200,IBIT
2025-11-26 21:54:00+00:00,33,2,8147,51.33,51.33,51.28,51.28,519,IBIT
2025-11-26 21:55:00+00:00,33,2,8147,51.27,51.27,51.27,51.27,100,IBIT
2025-11-26 21:56:00+00:00,33,2,8147,51.25,51.25,51.25,51.25,200,IBIT
2025-11-26 21:57:00+00:00,33,2,8147,51.24,51.24,51.24,51.24,1055,IBIT
2025-11-26 21:58:00+00:00,33,2,8147,51.24,51.24,51.24,51.24,2960,IBIT
2025-11-26 21:59:00+00:00,33,2,8147,51.24,51.24,51.23,51.24,11820,IBIT
2025-11-26 22:00:00+00:00,33,2,8147,51.25,51.25,51.22,51.22,15125,IBIT
2025-11-26 22:01:00+00:00,33,2,8147,51.21,51.21,51.21,51.21,104,IBIT
2025-11-26 22:02:00+00:00,33,2,8147,51.2,51.22,51.2,51.2,1658,IBIT
2025-11-26 22:03:00+00:00,33,2,8147,51.22,51.22,51.22,51.22,104,IBIT
2025-11-26 22:05:00+00:00,33,2,8147,51.21,51.21,51.21,51.21,1,IBIT
2025-11-26 22:06:00+00:00,33,2,8147,51.21,51.21,51.21,51.21,3,IBIT
2025-11-26 22:08:00+00:00,33,2,8147,51.28,51.28,51.28,51.28,560,IBIT
2025-11-26 22:09:00+00:00,33,2,8147,51.29,51.3,51.29,51.3,200,IBIT
2025-11-26 22:10:00+00:00,33,2,8147,51.3,51.3,51.3,51.3,2,IBIT
2025-11-26 22:11:00+00:00,33,2,8147,51.3,51.44,51.3,51.41,5854,IBIT
2025-11-26 22:12:00+00:00,33,2,8147,51.4,51.4,51.39,51.39,843,IBIT
2025-11-26 22:13:00+00:00,33,2,8147,51.35,51.35,51.3,51.3,430,IBIT
2025-11-26 22:14:00+00:00,33,2,8147,51.28,51.28,51.28,51.28,2,IBIT
2025-11-26 22:15:00+00:00,33,2,8147,51.31,51.31,51.31,51.31,851,IBIT
2025-11-26 22:16:00+00:00,33,2,8147,51.29,51.29,51.29,51.29,30,IBIT
2025-11-26 22:17:00+00:00,33,2,8147,51.32,51.32,51.3,51.3,656,IBIT
2025-11-26 22:18:00+00:00,33,2,8147,51.35,51.35,51.32,51.32,416,IBIT
2025-11-26 22:20:00+00:00,33,2,8147,51.38,51.38,51.36,51.36,200,IBIT
2025-11-26 22:21:00+00:00,33,2,8147,51.4,51.4,51.37,51.4,188,IBIT
2025-11-26 22:22:00+00:00,33,2,8147,51.41,51.42,51.41,51.41,210,IBIT
2025-11-26 22:23:00+00:00,33,2,8147,51.36,51.4,51.33,51.33,646,IBIT
2025-11-26 22:24:00+00:00,33,2,8147,51.33,51.36,51.29,51.34,4522,IBIT
2025-11-26 22:25:00+00:00,33,2,8147,51.25,51.25,51.22,51.22,210,IBIT
2025-11-26 22:26:00+00:00,33,2,8147,51.25,51.25,51.23,51.23,220,IBIT
2025-11-26 22:27:00+00:00,33,2,8147,51.23,51.3,51.23,51.3,5540,IBIT
2025-11-26 22:30:00+00:00,33,2,8147,51.3,51.32,51.3,51.3,131,IBIT
2025-11-26 22:32:00+00:00,33,2,8147,51.28,51.28,51.28,51.28,250,IBIT
2025-11-26 22:34:00+00:00,33,2,8147,51.32,51.32,51.32,51.32,10,IBIT
2025-11-26 22:35:00+00:00,33,2,8147,51.31,51.31,51.3,51.3,101,IBIT
2025-11-26 22:36:00+00:00,33,2,8147,51.31,51.31,51.31,51.31,10,IBIT
2025-11-26 22:40:00+00:00,33,2,8147,51.31,51.31,51.31,51.31,98,IBIT
2025-11-26 22:41:00+00:00,33,2,8147,51.31,51.32,51.31,51.31,1156,IBIT
2025-11-26 22:42:00+00:00,33,2,8147,51.33,51.33,51.33,51.33,4,IBIT
2025-11-26 22:43:00+00:00,33,2,8147,51.32,51.32,51.31,51.31,3375,IBIT
2025-11-26 22:44:00+00:00,33,2,8147,51.31,51.31,51.3,51.3,1710,IBIT
2025-11-26 22:45:00+00:00,33,2,8147,51.3,51.3,51.3,51.3,12,IBIT
2025-11-26 22:48:00+00:00,33,2,8147,51.32,51.32,51.32,51.32,3,IBIT
2025-11-26 22:49:00+00:00,33,2,8147,51.32,51.32,51.31,51.31,70,IBIT
2025-11-26 22:50:00+00:00,33,2,8147,51.33,51.33,51.31,51.32,164,IBIT
2025-11-26 22:51:00+00:00,33,2,8147,51.32,51.32,51.32,51.32,3,IBIT
2025-11-26 22:52:00+00:00,33,2,8147,51.31,51.31,51.31,51.31,10,IBIT
2025-11-26 22:53:00+00:00,33,2,8147,51.33,51.33,51.31,51.31,162,IBIT
2025-11-26 22:54:00+00:00,33,2,8147,51.31,51.34,51.3,51.3,1266,IBIT
2025-11-26 22:55:00+00:00,33,2,8147,51.32,51.32,51.32,51.32,100,IBIT
2025-11-26 22:56:00+00:00,33,2,8147,51.32,51.32,51.27,51.27,123,IBIT
2025-11-26 22:57:00+00:00,33,2,8147,51.33,51.34,51.33,51.34,1315,IBIT
2025-11-26 23:00:00+00:00,33,2,8147,51.33,51.33,51.33,51.33,500,IBIT
2025-11-26 23:02:00+00:00,33,2,8147,51.35,51.35,51.35,51.35,440,IBIT
2025-11-26 23:03:00+00:00,33,2,8147,51.35,51.35,51.32,51.32,646,IBIT
2025-11-26 23:04:00+00:00,33,2,8147,51.32,51.32,51.32,51.32,50,IBIT
2025-11-26 23:05:00+00:00,33,2,8147,51.37,51.4,51.37,51.4,3430,IBIT
2025-11-26 23:06:00+00:00,33,2,8147,51.4,51.4,51.39,51.4,4062,IBIT
2025-11-26 23:07:00+00:00,33,2,8147,51.41,51.41,51.4,51.4,205,IBIT
2025-11-26 23:08:00+00:00,33,2,8147,51.38,51.4,51.38,51.4,1233,IBIT
2025-11-26 23:10:00+00:00,33,2,8147,51.41,51.41,51.41,51.41,27,IBIT
2025-11-26 23:11:00+00:00,33,2,8147,51.43,51.43,51.43,51.43,101,IBIT
2025-11-26 23:12:00+00:00,33,2,8147,51.42,51.42,51.42,51.42,3366,IBIT
2025-11-26 23:13:00+00:00,33,2,8147,51.41,51.41,51.4,51.4,2244,IBIT
2025-11-26 23:14:00+00:00,33,2,8147,51.42,51.42,51.4,51.4,607,IBIT
2025-11-26 23:15:00+00:00,33,2,8147,51.4,51.4,51.4,51.4,2462,IBIT
2025-11-26 23:16:00+00:00,33,2,8147,51.37,51.38,51.37,51.38,2251,IBIT
2025-11-26 23:18:00+00:00,33,2,8147,51.37,51.37,51.35,51.37,1260,IBIT
2025-11-26 23:19:00+00:00,33,2,8147,51.37,51.37,51.37,51.37,5,IBIT
2025-11-26 23:20:00+00:00,33,2,8147,51.37,51.37,51.37,51.37,1005,IBIT
2025-11-26 23:21:00+00:00,33,2,8147,51.37,51.37,51.37,51.37,1000,IBIT
2025-11-26 23:22:00+00:00,33,2,8147,51.39,51.39,51.36,51.36,4835,IBIT
2025-11-26 23:25:00+00:00,33,2,8147,51.35,51.35,51.35,51.35,3,IBIT
2025-11-26 23:26:00+00:00,33,2,8147,51.36,51.36,51.35,51.35,1411,IBIT
2025-11-26 23:27:00+00:00,33,2,8147,51.35,51.35,51.35,51.35,230,IBIT
2025-11-26 23:28:00+00:00,33,2,8147,51.33,51.33,51.33,51.33,400,IBIT
2025-11-26 23:29:00+00:00,33,2,8147,51.32,51.32,51.32,51.32,100,IBIT
2025-11-26 23:30:00+00:00,33,2,8147,51.33,51.33,51.31,51.31,4010,IBIT
2025-11-26 23:31:00+00:00,33,2,8147,51.31,51.31,51.31,51.31,4844,IBIT
2025-11-26 23:32:00+00:00,33,2,8147,51.31,51.31,51.31,51.31,56,IBIT
2025-11-26 23:33:00+00:00,33,2,8147,51.33,51.33,51.32,51.32,4,IBIT
2025-11-26 23:34:00+00:00,33,2,8147,51.32,51.33,51.32,51.33,83,IBIT
2025-11-26 23:35:00+00:00,33,2,8147,51.35,51.35,51.35,51.35,442,IBIT
2025-11-26 23:36:00+00:00,33,2,8147,51.33,51.33,51.33,51.33,4,IBIT
2025-11-26 23:37:00+00:00,33,2,8147,51.32,51.32,51.32,51.32,104,IBIT
2025-11-26 23:38:00+00:00,33,2,8147,51.3,51.31,51.25,51.25,4908,IBIT
2025-11-26 23:40:00+00:00,33,2,8147,51.3,51.3,51.3,51.3,5000,IBIT
2025-11-26 23:41:00+00:00,33,2,8147,51.32,51.32,51.32,51.32,32,IBIT
2025-11-26 23:42:00+00:00,33,2,8147,51.35,51.35,51.35,51.35,1112,IBIT
2025-11-26 23:44:00+00:00,33,2,8147,51.35,51.35,51.35,51.35,1000,IBIT
2025-11-26 23:45:00+00:00,33,2,8147,51.35,51.35,51.35,51.35,100,IBIT
2025-11-26 23:46:00+00:00,33,2,8147,51.39,51.39,51.39,51.39,735,IBIT
2025-11-26 23:50:00+00:00,33,2,8147,51.44,51.44,51.44,51.44,25,IBIT
2025-11-26 23:51:00+00:00,33,2,8147,51.42,51.42,51.4,51.42,94,IBIT
2025-11-26 23:53:00+00:00,33,2,8147,51.42,51.44,51.42,51.44,900,IBIT
2025-11-26 23:55:00+00:00,33,2,8147,51.41,51.41,51.41,51.41,6,IBIT
2025-11-26 23:56:00+00:00,33,2,8147,51.41,51.41,51.41,51.41,2075,IBIT
2025-11-26 23:57:00+00:00,33,2,8147,51.41,51.41,51.41,51.41,320,IBIT
2025-11-26 23:58:00+00:00,33,2,8147,51.41,51.41,51.41,51.41,2,IBIT
2025-11-26 23:59:00+00:00,33,2,8147,51.4,51.4,51.4,51.4,10,IBIT
2025-11-28 09:00:00+00:00,33,2,8147,52.09,52.09,51.93,51.93,3052,IBIT
2025-11-28 09:01:00+00:00,33,2,8147,51.93,51.93,51.93,51.93,2400,IBIT
2025-11-28 09:02:00+00:00,33,2,8147,51.94,51.94,51.94,51.94,120,IBIT
2025-11-28 09:03:00+00:00,33,2,8147,51.94,51.94,51.94,51.94,2387,IBIT
2025-11-28 09:04:00+00:00,33,2,8147,51.94,51.95,51.94,51.94,4686,IBIT
2025-11-28 09:06:00+00:00,33,2,8147,51.95,51.97,51.95,51.97,5478,IBIT
2025-11-28 09:07:00+00:00,33,2,8147,51.97,51.99,51.97,51.98,870,IBIT
2025-11-28 09:08:00+00:00,33,2,8147,51.99,51.99,51.99,51.99,975,IBIT
2025-11-28 09:09:00+00:00,33,2,8147,51.99,52.06,51.99,52.06,700,IBIT
2025-11-28 09:10:00+00:00,33,2,8147,52.07,52.12,52.07,52.1,958,IBIT
2025-11-28 09:15:00+00:00,33,2,8147,52.01,52.01,52.01,52.01,350,IBIT
2025-11-28 09:17:00+00:00,33,2,8147,51.98,51.98,51.98,51.98,200,IBIT
2025-11-28 09:19:00+00:00,33,2,8147,51.96,51.96,51.96,51.96,100,IBIT
2025-11-28 09:20:00+00:00,33,2,8147,51.98,52.0,51.98,51.99,1275,IBIT
2025-11-28 09:21:00+00:00,33,2,8147,51.99,51.99,51.98,51.98,1331,IBIT
2025-11-28 09:24:00+00:00,33,2,8147,52.02,52.02,52.02,52.02,2078,IBIT
2025-11-28 09:25:00+00:00,33,2,8147,52.01,52.02,52.01,52.02,1800,IBIT
2025-11-28 09:26:00+00:00,33,2,8147,52.04,52.04,52.04,52.04,110,IBIT
2025-11-28 09:28:00+00:00,33,2,8147,52.01,52.01,52.01,52.01,77,IBIT
2025-11-28 09:29:00+00:00,33,2,8147,52.0,52.03,52.0,52.03,830,IBIT
2025-11-28 09:30:00+00:00,33,2,8147,52.03,52.03,52.0,52.0,199,IBIT
2025-11-28 09:34:00+00:00,33,2,8147,51.98,51.98,51.98,51.98,1000,IBIT
2025-11-28 09:36:00+00:00,33,2,8147,52.0,52.01,52.0,52.01,120,IBIT
2025-11-28 09:37:00+00:00,33,2,8147,52.0,52.0,51.99,52.0,2840,IBIT
2025-11-28 09:38:00+00:00,33,2,8147,51.99,51.99,51.99,51.99,10,IBIT
2025-11-28 09:40:00+00:00,33,2,8147,51.97,51.97,51.95,51.95,1173,IBIT
2025-11-28 09:41:00+00:00,33,2,8147,51.93,51.94,51.93,51.94,846,IBIT
2025-11-28 09:42:00+00:00,33,2,8147,51.95,51.95,51.95,51.95,19969,IBIT
2025-11-28 09:43:00+00:00,33,2,8147,51.92,51.92,51.92,51.92,86,IBIT
2025-11-28 09:45:00+00:00,33,2,8147,51.94,51.95,51.93,51.95,215,IBIT
2025-11-28 09:46:00+00:00,33,2,8147,51.98,51.98,51.98,51.98,10,IBIT
2025-11-28 09:47:00+00:00,33,2,8147,51.99,51.99,51.99,51.99,96,IBIT
2025-11-28 09:48:00+00:00,33,2,8147,51.99,51.99,51.98,51.98,201,IBIT
2025-11-28 09:49:00+00:00,33,2,8147,51.98,51.98,51.98,51.98,274,IBIT
2025-11-28 09:50:00+00:00,33,2,8147,51.98,51.98,51.98,51.98,626,IBIT
2025-11-28 09:51:00+00:00,33,2,8147,51.99,51.99,51.99,51.99,903,IBIT
2025-11-28 09:53:00+00:00,33,2,8147,51.97,51.98,51.96,51.98,5754,IBIT
2025-11-28 09:54:00+00:00,33,2,8147,51.99,51.99,51.99,51.99,200,IBIT
2025-11-28 09:55:00+00:00,33,2,8147,51.99,51.99,51.97,51.98,4721,IBIT
2025-11-28 09:56:00+00:00,33,2,8147,51.98,51.98,51.98,51.98,192,IBIT
2025-11-28 09:57:00+00:00,33,2,8147,51.97,51.97,51.97,51.97,200,IBIT
2025-11-28 10:01:00+00:00,33,2,8147,51.99,51.99,51.99,51.99,10,IBIT
2025-11-28 10:02:00+00:00,33,2,8147,51.98,51.98,51.96,51.96,510,IBIT
2025-11-28 10:03:00+00:00,33,2,8147,51.95,51.96,51.95,51.96,3338,IBIT
2025-11-28 10:04:00+00:00,33,2,8147,51.96,51.96,51.96,51.96,140,IBIT
2025-11-28 10:05:00+00:00,33,2,8147,51.95,51.95,51.93,51.94,1445,IBIT
2025-11-28 10:06:00+00:00,33,2,8147,51.93,51.93,51.93,51.93,60,IBIT
2025-11-28 10:08:00+00:00,33,2,8147,51.94,51.94,51.94,51.94,10,IBIT
2025-11-28 10:09:00+00:00,33,2,8147,51.92,51.92,51.92,51.92,228,IBIT
2025-11-28 10:10:00+00:00,33,2,8147,51.95,51.95,51.95,51.95,200,IBIT
2025-11-28 10:11:00+00:00,33,2,8147,51.96,51.96,51.96,51.96,100,IBIT
2025-11-28 10:13:00+00:00,33,2,8147,51.95,51.95,51.95,51.95,50,IBIT
2025-11-28 10:16:00+00:00,33,2,8147,51.95,51.96,51.95,51.95,2350,IBIT
2025-11-28 10:17:00+00:00,33,2,8147,51.96,51.96,51.96,51.96,552,IBIT
2025-11-28 10:18:00+00:00,33,2,8147,51.95,51.96,51.94,51.96,1165,IBIT
2025-11-28 10:19:00+00:00,33,2,8147,51.96,51.97,51.96,51.97,544,IBIT
2025-11-28 10:20:00+00:00,33,2,8147,51.98,52.0,51.98,52.0,1680,IBIT
2025-11-28 10:21:00+00:00,33,2,8147,52.0,52.0,51.99,51.99,150,IBIT
2025-11-28 10:22:00+00:00,33,2,8147,51.97,51.97,51.95,51.95,250,IBIT
2025-11-28 10:25:00+00:00,33,2,8147,51.99,52.0,51.99,52.0,13413,IBIT
2025-11-28 10:27:00+00:00,33,2,8147,52.0,52.0,52.0,52.0,24,IBIT
2025-11-28 10:28:00+00:00,33,2,8147,52.0,52.0,52.0,52.0,52,IBIT
2025-11-28 10:29:00+00:00,33,2,8147,52.0,52.0,52.0,52.0,200,IBIT
2025-11-28 10:30:00+00:00,33,2,8147,52.0,52.0,51.98,51.98,53,IBIT
2025-11-28 10:32:00+00:00,33,2,8147,52.01,52.02,52.01,52.02,245,IBIT
2025-11-28 10:33:00+00:00,33,2,8147,52.03,52.03,52.03,52.03,462,IBIT
2025-11-28 10:34:00+00:00,33,2,8147,52.05,52.05,52.02,52.02,1000,IBIT
2025-11-28 10:35:00+00:00,33,2,8147,52.01,52.01,51.99,52.0,1258,IBIT
2025-11-28 10:37:00+00:00,33,2,8147,52.0,52.0,52.0,52.0,3,IBIT
2025-11-28 10:39:00+00:00,33,2,8147,52.04,52.04,52.04,52.04,100,IBIT
2025-11-28 10:41:00+00:00,33,2,8147,52.03,52.03,52.03,52.03,160,IBIT
2025-11-28 10:42:00+00:00,33,2,8147,52.03,52.03,52.02,52.02,157,IBIT
2025-11-28 10:43:00+00:00,33,2,8147,52.04,52.04,52.04,52.04,7,IBIT
2025-11-28 10:44:00+00:00,33,2,8147,52.02,52.02,52.01,52.01,373,IBIT
2025-11-28 10:45:00+00:00,33,2,8147,52.02,52.02,52.02,52.02,440,IBIT
2025-11-28 10:46:00+00:00,33,2,8147,52.02,52.02,52.02,52.02,60,IBIT
2025-11-28 10:47:00+00:00,33,2,8147,52.01,52.02,52.01,52.02,2640,IBIT
2025-11-28 10:48:00+00:00,33,2,8147,52.01,52.01,52.01,52.01,200,IBIT
2025-11-28 10:49:00+00:00,33,2,8147,52.01,52.01,52.01,52.01,1590,IBIT
2025-11-28 10:50:00+00:00,33,2,8147,52.02,52.02,52.02,52.02,572,IBIT
2025-11-28 10:51:00+00:00,33,2,8147,52.03,52.07,52.03,52.07,700,IBIT
2025-11-28 10:52:00+00:00,33,2,8147,52.1,52.15,52.1,52.15,1148,IBIT
2025-11-28 10:53:00+00:00,33,2,8147,52.14,52.14,52.14,52.14,204,IBIT
2025-11-28 10:55:00+00:00,33,2,8147,52.13,52.13,52.13,52.13,1,IBIT
2025-11-28 10:57:00+00:00,33,2,8147,52.13,52.13,52.13,52.13,13,IBIT
2025-11-28 10:59:00+00:00,33,2,8147,52.14,52.14,52.14,52.14,28,IBIT
2025-11-28 11:00:00+00:00,33,2,8147,52.14,52.14,52.12,52.12,2337,IBIT
2025-11-28 11:01:00+00:00,33,2,8147,52.12,52.15,52.12,52.15,251,IBIT
2025-11-28 11:02:00+00:00,33,2,8147,52.2,52.22,52.17,52.17,559,IBIT
2025-11-28 11:03:00+00:00,33,2,8147,52.15,52.15,52.15,52.15,100,IBIT
2025-11-28 11:04:00+00:00,33,2,8147,52.13,52.13,52.1,52.1,300,IBIT
2025-11-28 11:05:00+00:00,33,2,8147,52.08,52.08,52.05,52.05,328,IBIT
2025-11-28 11:06:00+00:00,33,2,8147,52.04,52.04,52.02,52.02,350,IBIT
2025-11-28 11:07:00+00:00,33,2,8147,52.05,52.05,52.03,52.03,5684,IBIT
2025-11-28 11:08:00+00:00,33,2,8147,52.03,52.03,52.02,52.02,129,IBIT
2025-11-28 11:09:00+00:00,33,2,8147,52.01,52.01,51.99,52.01,1604,IBIT
2025-11-28 11:10:00+00:00,33,2,8147,51.99,52.03,51.99,52.03,422,IBIT
2025-11-28 11:11:00+00:00,33,2,8147,52.0,52.0,52.0,52.0,4590,IBIT
2025-11-28 11:12:00+00:00,33,2,8147,52.01,52.01,52.0,52.0,201,IBIT
2025-11-28 11:13:00+00:00,33,2,8147,52.0,52.0,52.0,52.0,206,IBIT
2025-11-28 11:14:00+00:00,33,2,8147,51.98,51.98,51.89,51.91,1641,IBIT
2025-11-28 11:15:00+00:00,33,2,8147,51.86,51.86,51.76,51.77,10261,IBIT
2025-11-28 11:16:00+00:00,33,2,8147,51.78,51.81,51.77,51.77,882,IBIT
2025-11-28 11:17:00+00:00,33,2,8147,51.72,51.79,51.72,51.77,5229,IBIT
2025-11-28 11:18:00+00:00,33,2,8147,51.79,51.82,51.79,51.82,500,IBIT
2025-11-28 11:19:00+00:00,33,2,8147,51.8,51.8,51.75,51.75,13307,IBIT
2025-11-28 11:20:00+00:00,33,2,8147,51.78,51.81,51.78,51.81,6459,IBIT
2025-11-28 11:21:00+00:00,33,2,8147,51.8,51.8,51.78,51.78,2200,IBIT
2025-11-28 11:22:00+00:00,33,2,8147,51.78,51.78,51.76,51.78,462,IBIT
2025-11-28 11:23:00+00:00,33,2,8147,51.8,51.82,51.8,51.82,1818,IBIT
2025-11-28 11:25:00+00:00,33,2,8147,51.81,51.84,51.81,51.84,600,IBIT
2025-11-28 11:26:00+00:00,33,2,8147,51.83,51.83,51.81,51.81,427,IBIT
2025-11-28 11:27:00+00:00,33,2,8147,51.81,51.82,51.81,51.82,502,IBIT
2025-11-28 11:28:00+00:00,33,2,8147,51.83,51.84,51.83,51.84,320,IBIT
2025-11-28 11:29:00+00:00,33,2,8147,51.84,51.84,51.84,51.84,260,IBIT
2025-11-28 11:31:00+00:00,33,2,8147,51.86,51.86,51.86,51.86,175,IBIT
2025-11-28 11:32:00+00:00,33,2,8147,51.87,51.87,51.87,51.87,150,IBIT
2025-11-28 11:33:00+00:00,33,2,8147,51.85,51.85,51.85,51.85,900,IBIT
2025-11-28 11:34:00+00:00,33,2,8147,51.83,51.83,51.83,51.83,75,IBIT
2025-11-28 11:35:00+00:00,33,2,8147,51.83,51.83,51.83,51.83,46,IBIT
2025-11-28 11:36:00+00:00,33,2,8147,51.83,51.83,51.83,51.83,91,IBIT
2025-11-28 11:37:00+00:00,33,2,8147,51.83,51.84,51.83,51.84,228,IBIT
2025-11-28 11:39:00+00:00,33,2,8147,51.84,51.84,51.83,51.83,1823,IBIT
2025-11-28 11:40:00+00:00,33,2,8147,51.81,51.81,51.8,51.81,293,IBIT
2025-11-28 11:41:00+00:00,33,2,8147,51.8,51.83,51.8,51.83,330,IBIT
2025-11-28 11:42:00+00:00,33,2,8147,51.86,51.87,51.86,51.87,403,IBIT
2025-11-28 11:43:00+00:00,33,2,8147,51.87,51.87,51.86,51.86,200,IBIT
2025-11-28 11:44:00+00:00,33,2,8147,51.84,51.84,51.84,51.84,200,IBIT
2025-11-28 11:45:00+00:00,33,2,8147,51.87,51.87,51.87,51.87,200,IBIT
2025-11-28 11:46:00+00:00,33,2,8147,51.88,51.89,51.88,51.89,78,IBIT
2025-11-28 11:47:00+00:00,33,2,8147,51.87,51.87,51.87,51.87,8,IBIT
2025-11-28 11:50:00+00:00,33,2,8147,51.88,51.89,51.88,51.89,253,IBIT
2025-11-28 11:51:00+00:00,33,2,8147,51.89,51.89,51.89,51.89,2081,IBIT
2025-11-28 11:52:00+00:00,33,2,8147,51.88,51.88,51.86,51.86,330,IBIT
2025-11-28 11:53:00+00:00,33,2,8147,51.85,51.87,51.85,51.87,375,IBIT
2025-11-28 11:54:00+00:00,33,2,8147,51.88,51.88,51.88,51.88,675,IBIT
2025-11-28 11:55:00+00:00,33,2,8147,51.9,51.93,51.9,51.93,375,IBIT
2025-11-28 11:58:00+00:00,33,2,8147,51.94,51.94,51.94,51.94,175,IBIT
2025-11-28 11:59:00+00:00,33,2,8147,51.95,51.95,51.94,51.95,240,IBIT
2025-11-28 12:00:00+00:00,33,2,8147,51.92,51.92,51.88,51.9,7241,IBIT
2025-11-28 12:01:00+00:00,33,2,8147,51.9,51.91,51.9,51.91,1562,IBIT
2025-11-28 12:02:00+00:00,33,2,8147,51.92,51.93,51.92,51.93,389,IBIT
2025-11-28 12:03:00+00:00,33,2,8147,51.93,51.98,51.93,51.98,764,IBIT
2025-11-28 12:04:00+00:00,33,2,8147,51.95,51.95,51.95,51.95,1471,IBIT
2025-11-28 12:05:00+00:00,33,2,8147,51.95,51.95,51.93,51.94,2065,IBIT
2025-11-28 12:07:00+00:00,33,2,8147,51.95,52.0,51.95,52.0,541,IBIT
2025-11-28 12:08:00+00:00,33,2,8147,52.01,52.01,52.01,52.01,324,IBIT
2025-11-28 12:09:00+00:00,33,2,8147,52.01,52.01,52.0,52.0,379,IBIT
2025-11-28 12:10:00+00:00,33,2,8147,51.99,51.99,51.98,51.98,1942,IBIT
2025-11-28 12:11:00+00:00,33,2,8147,51.98,51.98,51.98,51.98,73,IBIT
2025-11-28 12:12:00+00:00,33,2,8147,51.98,51.99,51.97,51.99,1208,IBIT
2025-11-28 12:13:00+00:00,33,2,8147,51.99,51.99,51.96,51.96,1116,IBIT
2025-11-28 12:14:00+00:00,33,2,8147,51.97,51.98,51.97,51.97,1663,IBIT
2025-11-28 12:15:00+00:00,33,2,8147,51.96,51.97,51.95,51.97,1095,IBIT
2025-11-28 12:16:00+00:00,33,2,8147,51.96,51.96,51.92,51.92,1925,IBIT
2025-11-28 12:17:00+00:00,33,2,8147,51.91,51.93,51.91,51.93,1190,IBIT
2025-11-28 12:18:00+00:00,33,2,8147,51.94,51.97,51.94,51.97,2700,IBIT
2025-11-28 12:19:00+00:00,33,2,8147,51.96,52.0,51.96,52.0,283,IBIT
2025-11-28 12:20:00+00:00,33,2,8147,52.01,52.02,52.0,52.02,7373,IBIT
2025-11-28 12:21:00+00:00,33,2,8147,52.02,52.02,52.0,52.0,608,IBIT
2025-11-28 12:22:00+00:00,33,2,8147,52.0,52.0,51.98,52.0,2278,IBIT
2025-11-28 12:23:00+00:00,33,2,8147,51.99,52.0,51.99,51.99,1982,IBIT
2025-11-28 12:24:00+00:00,33,2,8147,51.98,51.98,51.96,51.96,7586,IBIT
2025-11-28 12:25:00+00:00,33,2,8147,51.96,51.96,51.94,51.95,881,IBIT
2025-11-28 12:26:00+00:00,33,2,8147,51.95,51.96,51.95,51.96,200,IBIT
2025-11-28 12:27:00+00:00,33,2,8147,51.97,51.98,51.97,51.98,600,IBIT
2025-11-28 12:28:00+00:00,33,2,8147,51.98,51.98,51.98,51.98,300,IBIT
2025-11-28 12:29:00+00:00,33,2,8147,51.98,51.99,51.98,51.99,5300,IBIT
2025-11-28 12:30:00+00:00,33,2,8147,51.98,51.98,51.95,51.95,600,IBIT
2025-11-28 12:31:00+00:00,33,2,8147,51.94,51.94,51.91,51.92,9458,IBIT
2025-11-28 12:32:00+00:00,33,2,8147,51.93,51.93,51.93,51.93,926,IBIT
2025-11-28 12:33:00+00:00,33,2,8147,51.94,51.97,51.94,51.97,1200,IBIT
2025-11-28 12:34:00+00:00,33,2,8147,51.96,52.03,51.96,52.03,5436,IBIT
2025-11-28 12:35:00+00:00,33,2,8147,52.0,52.0,52.0,52.0,129,IBIT
2025-11-28 12:36:00+00:00,33,2,8147,52.03,52.06,52.02,52.02,1813,IBIT
2025-11-28 12:37:00+00:00,33,2,8147,52.03,52.03,51.99,52.0,1735,IBIT
2025-11-28 12:38:00+00:00,33,2,8147,52.01,52.01,51.97,51.97,252,IBIT
2025-11-28 12:39:00+00:00,33,2,8147,51.96,51.96,51.94,51.95,7203,IBIT
2025-11-28 12:40:00+00:00,33,2,8147,51.96,51.98,51.94,51.94,7558,IBIT
2025-11-28 12:41:00+00:00,33,2,8147,51.93,51.94,51.89,51.93,21007,IBIT
2025-11-28 12:42:00+00:00,33,2,8147,51.93,51.94,51.93,51.94,1845,IBIT
2025-11-28 12:44:00+00:00,33,2,8147,51.92,51.92,51.91,51.91,3149,IBIT
2025-11-28 12:45:00+00:00,33,2,8147,51.92,51.92,51.9,51.9,2380,IBIT
2025-11-28 12:46:00+00:00,33,2,8147,51.88,51.88,51.87,51.87,1243,IBIT
2025-11-28 12:47:00+00:00,33,2,8147,51.91,51.94,51.91,51.93,5005,IBIT
2025-11-28 12:49:00+00:00,33,2,8147,51.94,51.94,51.92,51.92,4482,IBIT
2025-11-28 12:50:00+00:00,33,2,8147,51.91,51.91,51.9,51.91,3183,IBIT
2025-11-28 12:51:00+00:00,33,2,8147,51.9,51.93,51.9,51.93,2108,IBIT
2025-11-28 12:52:00+00:00,33,2,8147,51.94,51.94,51.93,51.94,5020,IBIT
2025-11-28 12:53:00+00:00,33,2,8147,51.94,51.94,51.94,51.94,106,IBIT
2025-11-28 12:54:00+00:00,33,2,8147,51.94,51.94,51.94,51.94,4,IBIT
2025-11-28 12:55:00+00:00,33,2,8147,51.92,51.92,51.92,51.92,100,IBIT
2025-11-28 12:56:00+00:00,33,2,8147,51.94,51.94,51.94,51.94,3780,IBIT
2025-11-28 12:57:00+00:00,33,2,8147,51.93,51.94,51.93,51.94,1833,IBIT
2025-11-28 12:59:00+00:00,33,2,8147,51.94,51.96,51.94,51.96,3904,IBIT
2025-11-28 13:00:00+00:00,33,2,8147,51.96,51.96,51.96,51.96,327,IBIT
2025-11-28 13:01:00+00:00,33,2,8147,51.97,51.99,51.97,51.97,13511,IBIT
2025-11-28 13:02:00+00:00,33,2,8147,51.96,51.97,51.96,51.97,501,IBIT
2025-11-28 13:03:00+00:00,33,2,8147,51.95,51.96,51.94,51.94,1708,IBIT
2025-11-28 13:04:00+00:00,33,2,8147,51.96,51.99,51.92,51.98,3370,IBIT
2025-11-28 13:05:00+00:00,33,2,8147,51.99,52.0,51.96,51.99,10846,IBIT
2025-11-28 13:06:00+00:00,33,2,8147,52.0,52.03,51.99,52.01,4660,IBIT
2025-11-28 13:07:00+00:00,33,2,8147,51.98,52.01,51.89,51.92,8337,IBIT
2025-11-28 13:08:00+00:00,33,2,8147,51.93,51.94,51.9,51.9,3887,IBIT
2025-11-28 13:09:00+00:00,33,2,8147,51.88,51.9,51.86,51.88,1427,IBIT
2025-11-28 13:10:00+00:00,33,2,8147,51.9,51.94,51.89,51.91,2720,IBIT
2025-11-28 13:11:00+00:00,33,2,8147,51.94,51.95,51.94,51.95,114,IBIT
2025-11-28 13:12:00+00:00,33,2,8147,51.93,51.95,51.9,51.91,2235,IBIT
2025-11-28 13:13:00+00:00,33,2,8147,51.91,51.93,51.9,51.92,2263,IBIT
2025-11-28 13:14:00+00:00,33,2,8147,51.94,51.96,51.91,51.96,3781,IBIT
2025-11-28 13:15:00+00:00,33,2,8147,51.93,51.96,51.9,51.9,1957,IBIT
2025-11-28 13:16:00+00:00,33,2,8147,51.91,51.94,51.9,51.94,1780,IBIT
2025-11-28 13:17:00+00:00,33,2,8147,51.91,51.94,51.9,51.91,4489,IBIT
2025-11-28 13:18:00+00:00,33,2,8147,51.9,51.96,51.9,51.95,2274,IBIT
2025-11-28 13:19:00+00:00,33,2,8147,51.93,51.97,51.93,51.95,2365,IBIT
2025-11-28 13:20:00+00:00,33,2,8147,51.95,51.99,51.95,51.99,2689,IBIT
2025-11-28 13:21:00+00:00,33,2,8147,51.99,51.99,51.95,51.99,5912,IBIT
2025-11-28 13:22:00+00:00,33,2,8147,51.99,51.99,51.96,51.98,7902,IBIT
2025-11-28 13:23:00+00:00,33,2,8147,51.97,51.99,51.95,51.96,5055,IBIT
2025-11-28 13:24:00+00:00,33,2,8147,51.95,51.95,51.93,51.94,1884,IBIT
2025-11-28 13:25:00+00:00,33,2,8147,51.95,51.95,51.95,51.95,1191,IBIT
2025-11-28 13:26:00+00:00,33,2,8147,51.97,51.99,51.96,51.99,2178,IBIT
2025-11-28 13:27:00+00:00,33,2,8147,51.98,52.01,51.98,52.01,7971,IBIT
2025-11-28 13:28:00+00:00,33,2,8147,52.01,52.01,51.95,51.95,628,IBIT
2025-11-28 13:29:00+00:00,33,2,8147,51.97,52.0,51.97,52.0,293,IBIT
2025-11-28 13:30:00+00:00,33,2,8147,52.01,52.01,51.94,51.98,7459,IBIT
2025-11-28 13:31:00+00:00,33,2,8147,51.96,52.0,51.95,52.0,1047,IBIT
2025-11-28 13:32:00+00:00,33,2,8147,52.0,52.02,51.99,52.01,2933,IBIT
2025-11-28 13:33:00+00:00,33,2,8147,52.0,52.0,51.98,52.0,906,IBIT
2025-11-28 13:34:00+00:00,33,2,8147,52.01,52.03,52.01,52.03,380,IBIT
2025-11-28 13:35:00+00:00,33,2,8147,52.05,52.07,52.05,52.06,1115,IBIT
2025-11-28 13:36:00+00:00,33,2,8147,52.07,52.14,52.07,52.14,23008,IBIT
2025-11-28 13:37:00+00:00,33,2,8147,52.12,52.12,52.1,52.1,792,IBIT
2025-11-28 13:38:00+00:00,33,2,8147,52.08,52.11,52.08,52.11,3032,IBIT
2025-11-28 13:39:00+00:00,33,2,8147,52.11,52.16,52.11,52.14,1018,IBIT
2025-11-28 13:40:00+00:00,33,2,8147,52.15,52.19,52.14,52.14,10995,IBIT
2025-11-28 13:41:00+00:00,33,2,8147,52.15,52.15,52.12,52.13,2158,IBIT
2025-11-28 13:42:00+00:00,33,2,8147,52.13,52.15,52.11,52.15,5253,IBIT
2025-11-28 13:43:00+00:00,33,2,8147,52.15,52.15,52.13,52.14,2152,IBIT
2025-11-28 13:44:00+00:00,33,2,8147,52.15,52.15,52.14,52.14,2742,IBIT
2025-11-28 13:45:00+00:00,33,2,8147,52.15,52.22,52.15,52.22,8907,IBIT
2025-11-28 13:46:00+00:00,33,2,8147,52.22,52.23,52.22,52.23,951,IBIT
2025-11-28 13:47:00+00:00,33,2,8147,52.23,52.48,52.23,52.47,51743,IBIT
2025-11-28 13:48:00+00:00,33,2,8147,52.46,52.56,52.39,52.44,52108,IBIT
2025-11-28 13:49:00+00:00,33,2,8147,52.44,52.44,52.38,52.41,5202,IBIT
2025-11-28 13:50:00+00:00,33,2,8147,52.4,52.41,52.32,52.32,11881,IBIT
2025-11-28 13:51:00+00:00,33,2,8147,52.3,52.32,52.26,52.3,4448,IBIT
2025-11-28 13:52:00+00:00,33,2,8147,52.32,52.32,52.3,52.31,1242,IBIT
2025-11-28 13:53:00+00:00,33,2,8147,52.32,52.34,52.27,52.29,6887,IBIT
2025-11-28 13:54:00+00:00,33,2,8147,52.3,52.3,52.23,52.3,4465,IBIT
2025-11-28 13:55:00+00:00,33,2,8147,52.3,52.34,52.3,52.3,6781,IBIT
2025-11-28 13:56:00+00:00,33,2,8147,52.3,52.3,52.27,52.29,5328,IBIT
2025-11-28 13:57:00+00:00,33,2,8147,52.29,52.36,52.29,52.34,9841,IBIT
2025-11-28 13:58:00+00:00,33,2,8147,52.37,52.42,52.37,52.42,9837,IBIT
2025-11-28 13:59:00+00:00,33,2,8147,52.41,52.42,52.39,52.42,9423,IBIT
2025-11-28 14:00:00+00:00,33,2,8147,52.43,52.48,52.4,52.48,6088,IBIT
2025-11-28 14:01:00+00:00,33,2,8147,52.48,52.5,52.38,52.42,12249,IBIT
2025-11-28 14:02:00+00:00,33,2,8147,52.44,52.47,52.42,52.45,8658,IBIT
2025-11-28 14:03:00+00:00,33,2,8147,52.45,52.49,52.42,52.49,3989,IBIT
2025-11-28 14:04:00+00:00,33,2,8147,52.49,52.52,52.48,52.52,3869,IBIT
2025-11-28 14:05:00+00:00,33,2,8147,52.49,52.54,52.49,52.5,10514,IBIT
2025-11-28 14:06:00+00:00,33,2,8147,52.5,52.5,52.47,52.49,11016,IBIT
2025-11-28 14:07:00+00:00,33,2,8147,52.48,52.48,52.47,52.47,8246,IBIT
2025-11-28 14:08:00+00:00,33,2,8147,52.46,52.46,52.43,52.45,11153,IBIT
2025-11-28 14:09:00+00:00,33,2,8147,52.47,52.48,52.46,52.46,6841,IBIT
2025-11-28 14:10:00+00:00,33,2,8147,52.45,52.46,52.37,52.39,18030,IBIT
2025-11-28 14:11:00+00:00,33,2,8147,52.38,52.44,52.37,52.44,1765,IBIT
2025-11-28 14:12:00+00:00,33,2,8147,52.4,52.41,52.39,52.39,3972,IBIT
2025-11-28 14:13:00+00:00,33,2,8147,52.39,52.4,52.39,52.39,3090,IBIT
2025-11-28 14:14:00+00:00,33,2,8147,52.4,52.45,52.39,52.45,4991,IBIT
2025-11-28 14:15:00+00:00,33,2,8147,52.43,52.48,52.42,52.47,15442,IBIT
2025-11-28 14:16:00+00:00,33,2,8147,52.48,52.5,52.48,52.5,15980,IBIT
2025-11-28 14:17:00+00:00,33,2,8147,52.53,52.56,52.51,52.51,13745,IBIT
2025-11-28 14:18:00+00:00,33,2,8147,52.51,52.51,52.48,52.49,6796,IBIT
2025-11-28 14:19:00+00:00,33,2,8147,52.5,52.5,52.45,52.45,14491,IBIT
2025-11-28 14:20:00+00:00,33,2,8147,52.46,52.48,52.46,52.48,9384,IBIT
2025-11-28 14:21:00+00:00,33,2,8147,52.49,52.54,52.49,52.52,13860,IBIT
2025-11-28 14:22:00+00:00,33,2,8147,52.53,52.56,52.49,52.55,12254,IBIT
2025-11-28 14:23:00+00:00,33,2,8147,52.55,52.57,52.54,52.56,11864,IBIT
2025-11-28 14:24:00+00:00,33,2,8147,52.58,52.6,52.56,52.57,33544,IBIT
2025-11-28 14:25:00+00:00,33,2,8147,52.56,52.7,52.56,52.66,44920,IBIT
2025-11-28 14:26:00+00:00,33,2,8147,52.67,52.74,52.67,52.73,11616,IBIT
2025-11-28 14:27:00+00:00,33,2,8147,52.74,52.81,52.73,52.81,47294,IBIT
2025-11-28 14:28:00+00:00,33,2,8147,52.81,52.82,52.74,52.76,45069,IBIT
2025-11-28 14:29:00+00:00,33,2,8147,52.76,52.84,52.76,52.84,60868,IBIT
2025-11-28 14:30:00+00:00,33,2,8147,52.81,52.85,52.51,52.6,1160224,IBIT
2025-11-28 14:31:00+00:00,33,2,8147,52.59,52.65,52.56,52.62,78015,IBIT
2025-11-28 14:32:00+00:00,33,2,8147,52.62,52.67,52.61,52.62,45788,IBIT
2025-11-28 14:33:00+00:00,33,2,8147,52.6,52.62,52.55,52.59,55076,IBIT
2025-11-28 14:34:00+00:00,33,2,8147,52.59,52.61,52.53,52.57,64275,IBIT
2025-11-28 14:35:00+00:00,33,2,8147,52.58,52.61,52.53,52.58,51768,IBIT
2025-11-28 14:36:00+00:00,33,2,8147,52.57,52.6,52.53,52.54,62449,IBIT
2025-11-28 14:37:00+00:00,33,2,8147,52.55,52.57,52.52,52.54,38068,IBIT
2025-11-28 14:38:00+00:00,33,2,8147,52.53,52.535,52.43,52.45,69248,IBIT
2025-11-28 14:39:00+00:00,33,2,8147,52.46,52.5,52.405,52.44,56392,IBIT
2025-11-28 14:40:00+00:00,33,2,8147,52.44,52.44,52.35,52.36,106851,IBIT
2025-11-28 14:41:00+00:00,33,2,8147,52.355,52.355,52.215,52.265,133794,IBIT
2025-11-28 14:42:00+00:00,33,2,8147,52.26,52.31,52.2,52.22,107413,IBIT
2025-11-28 14:43:00+00:00,33,2,8147,52.215,52.3,52.195,52.27,68323,IBIT
2025-11-28 14:44:00+00:00,33,2,8147,52.27,52.29,52.215,52.215,41427,IBIT
2025-11-28 14:45:00+00:00,33,2,8147,52.22,52.25,52.12,52.16,82194,IBIT
2025-11-28 14:46:00+00:00,33,2,8147,52.15,52.225,52.12,52.19,95176,IBIT
2025-11-28 14:47:00+00:00,33,2,8147,52.19,52.275,52.19,52.27,44859,IBIT
2025-11-28 14:48:00+00:00,33,2,8147,52.27,52.35,52.27,52.34,28433,IBIT
2025-11-28 14:49:00+00:00,33,2,8147,52.335,52.38,52.295,52.33,100695,IBIT
2025-11-28 14:50:00+00:00,33,2,8147,52.33,52.425,52.33,52.39,63893,IBIT
2025-11-28 14:51:00+00:00,33,2,8147,52.395,52.405,52.335,52.405,62418,IBIT
2025-11-28 14:52:00+00:00,33,2,8147,52.405,52.415,52.335,52.36,36040,IBIT
2025-11-28 14:53:00+00:00,33,2,8147,52.36,52.42,52.36,52.415,44956,IBIT
2025-11-28 14:54:00+00:00,33,2,8147,52.42,52.52,52.37,52.395,83720,IBIT
2025-11-28 14:55:00+00:00,33,2,8147,52.4,52.41,52.33,52.405,40629,IBIT
2025-11-28 14:56:00+00:00,33,2,8147,52.4,52.415,52.375,52.395,24685,IBIT
2025-11-28 14:57:00+00:00,33,2,8147,52.395,52.415,52.335,52.355,39391,IBIT
2025-11-28 14:58:00+00:00,33,2,8147,52.355,52.37,52.295,52.32,115314,IBIT
2025-11-28 14:59:00+00:00,33,2,8147,52.32,52.38,52.32,52.38,11912,IBIT
2025-11-28 15:00:00+00:00,33,2,8147,52.38,52.46,52.375,52.46,33505,IBIT
2025-11-28 15:01:00+00:00,33,2,8147,52.465,52.475,52.405,52.45,58211,IBIT
2025-11-28 15:02:00+00:00,33,2,8147,52.45,52.49,52.42,52.425,49644,IBIT
2025-11-28 15:03:00+00:00,33,2,8147,52.425,52.425,52.355,52.375,50179,IBIT
2025-11-28 15:04:00+00:00,33,2,8147,52.38,52.38,52.305,52.345,46390,IBIT
2025-11-28 15:05:00+00:00,33,2,8147,52.345,52.35,52.275,52.3,34117,IBIT
2025-11-28 15:06:00+00:00,33,2,8147,52.3,52.32,52.255,52.3,60328,IBIT
2025-11-28 15:07:00+00:00,33,2,8147,52.29,52.365,52.28,52.355,23202,IBIT
2025-11-28 15:08:00+00:00,33,2,8147,52.355,52.355,52.31,52.345,28206,IBIT
2025-11-28 15:09:00+00:00,33,2,8147,52.35,52.365,52.23,52.235,58006,IBIT
2025-11-28 15:10:00+00:00,33,2,8147,52.235,52.275,52.235,52.26,20352,IBIT
2025-11-28 15:11:00+00:00,33,2,8147,52.255,52.305,52.23,52.3,35625,IBIT
2025-11-28 15:12:00+00:00,33,2,8147,52.29,52.37,52.275,52.365,55295,IBIT
2025-11-28 15:13:00+00:00,33,2,8147,52.365,52.4,52.36,52.395,26736,IBIT
2025-11-28 15:14:00+00:00,33,2,8147,52.39,52.4,52.38,52.4,6876,IBIT
2025-11-28 15:15:00+00:00,33,2,8147,52.4,52.415,52.385,52.41,31956,IBIT
2025-11-28 15:16:00+00:00,33,2,8147,52.405,52.495,52.405,52.495,25193,IBIT
2025-11-28 15:17:00+00:00,33,2,8147,52.495,52.54,52.465,52.535,34075,IBIT
2025-11-28 15:18:00+00:00,33,2,8147,52.535,52.55,52.49,52.53,31834,IBIT
2025-11-28 15:19:00+00:00,33,2,8147,52.54,52.575,52.535,52.575,24007,IBIT
2025-11-28 15:20:00+00:00,33,2,8147,52.58,52.65,52.56,52.645,50492,IBIT
2025-11-28 15:21:00+00:00,33,2,8147,52.645,52.645,52.565,52.585,25425,IBIT
2025-11-28 15:22:00+00:00,33,2,8147,52.585,52.59,52.525,52.55,43587,IBIT
2025-11-28 15:23:00+00:00,33,2,8147,52.555,52.565,52.535,52.54,30345,IBIT
2025-11-28 15:24:00+00:00,33,2,8147,52.545,52.605,52.545,52.605,30925,IBIT
2025-11-28 15:25:00+00:00,33,2,8147,52.605,52.62,52.565,52.575,26918,IBIT
2025-11-28 15:26:00+00:00,33,2,8147,52.575,52.61,52.565,52.6,16460,IBIT
2025-11-28 15:27:00+00:00,33,2,8147,52.605,52.625,52.595,52.605,16399,IBIT
2025-11-28 15:28:00+00:00,33,2,8147,52.6,52.605,52.535,52.6,30101,IBIT
2025-11-28 15:29:00+00:00,33,2,8147,52.605,52.635,52.595,52.625,8271,IBIT
2025-11-28 15:30:00+00:00,33,2,8147,52.625,52.63,52.585,52.59,26714,IBIT
2025-11-28 15:31:00+00:00,33,2,8147,52.59,52.6,52.56,52.6,14370,IBIT
2025-11-28 15:32:00+00:00,33,2,8147,52.6,52.67,52.555,52.58,34622,IBIT
2025-11-28 15:33:00+00:00,33,2,8147,52.58,52.655,52.58,52.645,30088,IBIT
2025-11-28 15:34:00+00:00,33,2,8147,52.645,52.69,52.625,52.66,83079,IBIT
2025-11-28 15:35:00+00:00,33,2,8147,52.655,52.685,52.63,52.64,21417,IBIT
2025-11-28 15:36:00+00:00,33,2,8147,52.645,52.675,52.625,52.66,46200,IBIT
2025-11-28 15:37:00+00:00,33,2,8147,52.665,52.67,52.64,52.645,19643,IBIT
2025-11-28 15:38:00+00:00,33,2,8147,52.64,52.64,52.585,52.59,33967,IBIT
2025-11-28 15:39:00+00:00,33,2,8147,52.595,52.605,52.545,52.57,44239,IBIT
2025-11-28 15:40:00+00:00,33,2,8147,52.57,52.58,52.535,52.57,17166,IBIT
2025-11-28 15:41:00+00:00,33,2,8147,52.575,52.59,52.535,52.58,28322,IBIT
2025-11-28 15:42:00+00:00,33,2,8147,52.58,52.58,52.555,52.555,10979,IBIT
2025-11-28 15:43:00+00:00,33,2,8147,52.55,52.58,52.535,52.575,22393,IBIT
2025-11-28 15:44:00+00:00,33,2,8147,52.57,52.57,52.53,52.54,39383,IBIT
2025-11-28 15:45:00+00:00,33,2,8147,52.54,52.55,52.48,52.49,42324,IBIT
2025-11-28 15:46:00+00:00,33,2,8147,52.49,52.49,52.445,52.445,42258,IBIT
2025-11-28 15:47:00+00:00,33,2,8147,52.445,52.47,52.445,52.46,22427,IBIT
2025-11-28 15:48:00+00:00,33,2,8147,52.46,52.46,52.4,52.43,45879,IBIT
2025-11-28 15:49:00+00:00,33,2,8147,52.435,52.475,52.415,52.475,15164,IBIT
2025-11-28 15:50:00+00:00,33,2,8147,52.48,52.49,52.43,52.45,11475,IBIT
2025-11-28 15:51:00+00:00,33,2,8147,52.45,52.45,52.395,52.425,23799,IBIT
2025-11-28 15:52:00+00:00,33,2,8147,52.43,52.435,52.385,52.4,24481,IBIT
2025-11-28 15:53:00+00:00,33,2,8147,52.4,52.46,52.4,52.445,22107,IBIT
2025-11-28 15:54:00+00:00,33,2,8147,52.445,52.455,52.425,52.44,15033,IBIT
2025-11-28 15:55:00+00:00,33,2,8147,52.42,52.495,52.42,52.46,43350,IBIT
2025-11-28 15:56:00+00:00,33,2,8147,52.465,52.475,52.415,52.425,25119,IBIT
2025-11-28 15:57:00+00:00,33,2,8147,52.43,52.44,52.395,52.41,12178,IBIT
2025-11-28 15:58:00+00:00,33,2,8147,52.43,52.435,52.385,52.385,25132,IBIT
2025-11-28 15:59:00+00:00,33,2,8147,52.385,52.435,52.375,52.43,23442,IBIT
2025-11-28 16:00:00+00:00,33,2,8147,52.43,52.445,52.41,52.415,6693,IBIT
2025-11-28 16:01:00+00:00,33,2,8147,52.41,52.41,52.32,52.33,33000,IBIT
2025-11-28 16:02:00+00:00,33,2,8147,52.335,52.335,52.29,52.32,18256,IBIT
2025-11-28 16:03:00+00:00,33,2,8147,52.32,52.355,52.32,52.355,12238,IBIT
2025-11-28 16:04:00+00:00,33,2,8147,52.355,52.39,52.35,52.355,21110,IBIT
2025-11-28 16:05:00+00:00,33,2,8147,52.355,52.37,52.25,52.25,22518,IBIT
2025-11-28 16:06:00+00:00,33,2,8147,52.26,52.28,52.235,52.27,29218,IBIT
2025-11-28 16:07:00+00:00,33,2,8147,52.26,52.28,52.25,52.265,7227,IBIT
2025-11-28 16:08:00+00:00,33,2,8147,52.26,52.27,52.235,52.255,19723,IBIT
2025-11-28 16:09:00+00:00,33,2,8147,52.255,52.26,52.235,52.245,17377,IBIT
2025-11-28 16:10:00+00:00,33,2,8147,52.25,52.26,52.17,52.17,31864,IBIT
2025-11-28 16:11:00+00:00,33,2,8147,52.17,52.21,52.125,52.13,43932,IBIT
2025-11-28 16:12:00+00:00,33,2,8147,52.14,52.19,52.135,52.18,42284,IBIT
2025-11-28 16:13:00+00:00,33,2,8147,52.17,52.19,52.16,52.18,18725,IBIT
2025-11-28 16:14:00+00:00,33,2,8147,52.17,52.175,52.155,52.175,3247,IBIT
2025-11-28 16:15:00+00:00,33,2,8147,52.17,52.195,52.165,52.185,12235,IBIT
2025-11-28 16:16:00+00:00,33,2,8147,52.185,52.235,52.18,52.235,8707,IBIT
2025-11-28 16:17:00+00:00,33,2,8147,52.235,52.25,52.205,52.205,8454,IBIT
2025-11-28 16:18:00+00:00,33,2,8147,52.21,52.245,52.205,52.21,17216,IBIT
2025-11-28 16:19:00+00:00,33,2,8147,52.215,52.23,52.205,52.23,16517,IBIT
2025-11-28 16:20:00+00:00,33,2,8147,52.235,52.235,52.135,52.135,29101,IBIT
2025-11-28 16:21:00+00:00,33,2,8147,52.13,52.13,52.01,52.01,84477,IBIT
2025-11-28 16:22:00+00:00,33,2,8147,52.005,52.02,51.885,51.92,264873,IBIT
2025-11-28 16:23:00+00:00,33,2,8147,51.905,51.91,51.835,51.865,38566,IBIT
2025-11-28 16:24:00+00:00,33,2,8147,51.865,51.9,51.84,51.88,56372,IBIT
2025-11-28 16:25:00+00:00,33,2,8147,51.88,51.945,51.845,51.925,21620,IBIT
2025-11-28 16:26:00+00:00,33,2,8147,51.92,51.94,51.88,51.88,30799,IBIT
2025-11-28 16:27:00+00:00,33,2,8147,51.88,51.88,51.72,51.76,106924,IBIT
2025-11-28 16:28:00+00:00,33,2,8147,51.745,51.81,51.74,51.79,16967,IBIT
2025-11-28 16:29:00+00:00,33,2,8147,51.785,51.825,51.765,51.77,28663,IBIT
2025-11-28 16:30:00+00:00,33,2,8147,51.76,51.81,51.65,51.79,75449,IBIT
2025-11-28 16:31:00+00:00,33,2,8147,51.79,51.865,51.79,51.86,30654,IBIT
2025-11-28 16:32:00+00:00,33,2,8147,51.85,51.9,51.83,51.85,47456,IBIT
2025-11-28 16:33:00+00:00,33,2,8147,51.84,51.87,51.815,51.87,15967,IBIT
2025-11-28 16:34:00+00:00,33,2,8147,51.865,51.9,51.86,51.875,9629,IBIT
2025-11-28 16:35:00+00:00,33,2,8147,51.88,51.925,51.84,51.92,24699,IBIT
2025-11-28 16:36:00+00:00,33,2,8147,51.915,51.94,51.885,51.885,17120,IBIT
2025-11-28 16:37:00+00:00,33,2,8147,51.89,51.93,51.86,51.89,14217,IBIT
2025-11-28 16:38:00+00:00,33,2,8147,51.88,51.94,51.85,51.89,48261,IBIT
2025-11-28 16:39:00+00:00,33,2,8147,51.9,51.91,51.89,51.9,5966,IBIT
2025-11-28 16:40:00+00:00,33,2,8147,51.92,51.94,51.87,51.89,16950,IBIT
2025-11-28 16:41:00+00:00,33,2,8147,51.89,51.9,51.86,51.87,15605,IBIT
2025-11-28 16:42:00+00:00,33,2,8147,51.87,51.87,51.83,51.83,7003,IBIT
2025-11-28 16:43:00+00:00,33,2,8147,51.835,51.93,51.835,51.925,12151,IBIT
2025-11-28 16:44:00+00:00,33,2,8147,51.93,52.005,51.93,52.0,20212,IBIT
2025-11-28 16:45:00+00:00,33,2,8147,52.0,52.0,51.97,51.975,11003,IBIT
2025-11-28 16:46:00+00:00,33,2,8147,51.97,51.97,51.94,51.945,6313,IBIT
2025-11-28 16:47:00+00:00,33,2,8147,51.94,51.97,51.92,51.97,7330,IBIT
2025-11-28 16:48:00+00:00,33,2,8147,51.98,52.025,51.97,51.995,17773,IBIT
2025-11-28 16:49:00+00:00,33,2,8147,51.99,52.0,51.93,51.93,10436,IBIT
2025-11-28 16:50:00+00:00,33,2,8147,51.92,51.92,51.82,51.82,19286,IBIT
2025-11-28 16:51:00+00:00,33,2,8147,51.82,51.84,51.81,51.83,11955,IBIT
2025-11-28 16:52:00+00:00,33,2,8147,51.825,51.835,51.805,51.825,10346,IBIT
2025-11-28 16:53:00+00:00,33,2,8147,51.83,51.885,51.82,51.85,32195,IBIT
2025-11-28 16:54:00+00:00,33,2,8147,51.85,51.875,51.83,51.84,37704,IBIT
2025-11-28 16:55:00+00:00,33,2,8147,51.83,51.83,51.795,51.795,8243,IBIT
2025-11-28 16:56:00+00:00,33,2,8147,51.79,51.79,51.72,51.72,14713,IBIT
2025-11-28 16:57:00+00:00,33,2,8147,51.715,51.735,51.65,51.65,22919,IBIT
2025-11-28 16:58:00+00:00,33,2,8147,51.64,51.65,51.595,51.62,35179,IBIT
2025-11-28 16:59:00+00:00,33,2,8147,51.62,51.63,51.615,51.615,9041,IBIT
2025-11-28 17:00:00+00:00,33,2,8147,51.62,51.64,51.59,51.59,19047,IBIT
2025-11-28 17:01:00+00:00,33,2,8147,51.58,51.605,51.565,51.59,30319,IBIT
2025-11-28 17:02:00+00:00,33,2,8147,51.59,51.665,51.59,51.65,14710,IBIT
2025-11-28 17:03:00+00:00,33,2,8147,51.66,51.695,51.655,51.67,14284,IBIT
2025-11-28 17:04:00+00:00,33,2,8147,51.68,51.685,51.65,51.665,25491,IBIT
2025-11-28 17:05:00+00:00,33,2,8147,51.67,51.73,51.665,51.715,23368,IBIT
2025-11-28 17:06:00+00:00,33,2,8147,51.71,51.74,51.695,51.73,14078,IBIT
2025-11-28 17:07:00+00:00,33,2,8147,51.72,51.73,51.695,51.7,13052,IBIT
2025-11-28 17:08:00+00:00,33,2,8147,51.7,51.72,51.675,51.68,11518,IBIT
2025-11-28 17:09:00+00:00,33,2,8147,51.68,51.74,51.67,51.74,23500,IBIT
2025-11-28 17:10:00+00:00,33,2,8147,51.73,51.77,51.725,51.77,11082,IBIT
2025-11-28 17:11:00+00:00,33,2,8147,51.78,51.79,51.735,51.75,18802,IBIT
2025-11-28 17:12:00+00:00,33,2,8147,51.74,51.74,51.675,51.68,10505,IBIT
2025-11-28 17:13:00+00:00,33,2,8147,51.68,51.68,51.585,51.6,36874,IBIT
2025-11-28 17:14:00+00:00,33,2,8147,51.59,51.65,51.585,51.62,11617,IBIT
2025-11-28 17:15:00+00:00,33,2,8147,51.61,51.61,51.57,51.57,19007,IBIT
2025-11-28 17:16:00+00:00,33,2,8147,51.57,51.575,51.48,51.515,83187,IBIT
2025-11-28 17:17:00+00:00,33,2,8147,51.5,51.56,51.485,51.56,23895,IBIT
2025-11-28 17:18:00+00:00,33,2,8147,51.57,51.59,51.49,51.51,42360,IBIT
2025-11-28 17:19:00+00:00,33,2,8147,51.51,51.54,51.5,51.5,22963,IBIT
2025-11-28 17:20:00+00:00,33,2,8147,51.5,51.53,51.45,51.46,45553,IBIT
2025-11-28 17:21:00+00:00,33,2,8147,51.46,51.47,51.43,51.435,18931,IBIT
2025-11-28 17:22:00+00:00,33,2,8147,51.44,51.48,51.435,51.44,20540,IBIT
2025-11-28 17:23:00+00:00,33,2,8147,51.44,51.46,51.435,51.46,15831,IBIT
2025-11-28 17:24:00+00:00,33,2,8147,51.48,51.48,51.45,51.46,9071,IBIT
2025-11-28 17:25:00+00:00,33,2,8147,51.46,51.495,51.45,51.46,19478,IBIT
2025-11-28 17:26:00+00:00,33,2,8147,51.47,51.5,51.455,51.475,18921,IBIT
2025-11-28 17:27:00+00:00,33,2,8147,51.47,51.47,51.43,51.435,16717,IBIT
2025-11-28 17:28:00+00:00,33,2,8147,51.43,51.43,51.38,51.38,27613,IBIT
2025-11-28 17:29:00+00:00,33,2,8147,51.385,51.405,51.37,51.385,26556,IBIT
2025-11-28 17:30:00+00:00,33,2,8147,51.38,51.44,51.32,51.41,48828,IBIT
2025-11-28 17:31:00+00:00,33,2,8147,51.425,51.45,51.31,51.36,31459,IBIT
2025-11-28 17:32:00+00:00,33,2,8147,51.35,51.365,51.31,51.31,33324,IBIT
2025-11-28 17:33:00+00:00,33,2,8147,51.31,51.33,51.29,51.31,26431,IBIT
2025-11-28 17:34:00+00:00,33,2,8147,51.31,51.315,51.26,51.3,43390,IBIT
2025-11-28 17:35:00+00:00,33,2,8147,51.295,51.335,51.265,51.29,21213,IBIT
2025-11-28 17:36:00+00:00,33,2,8147,51.285,51.35,51.24,51.33,53933,IBIT
2025-11-28 17:37:00+00:00,33,2,8147,51.325,51.325,51.265,51.28,22828,IBIT
2025-11-28 17:38:00+00:00,33,2,8147,51.285,51.3,51.265,51.295,17870,IBIT
2025-11-28 17:39:00+00:00,33,2,8147,51.295,51.355,51.295,51.3,47991,IBIT
2025-11-28 17:40:00+00:00,33,2,8147,51.3,51.345,51.26,51.26,21782,IBIT
2025-11-28 17:41:00+00:00,33,2,8147,51.255,51.275,51.235,51.265,26797,IBIT
2025-11-28 17:42:00+00:00,33,2,8147,51.265,51.295,51.235,51.27,13370,IBIT
2025-11-28 17:43:00+00:00,33,2,8147,51.265,51.315,51.255,51.29,10430,IBIT
2025-11-28 17:44:00+00:00,33,2,8147,51.28,51.3,51.27,51.275,14265,IBIT
2025-11-28 17:45:00+00:00,33,2,8147,51.28,51.375,51.28,51.36,22947,IBIT
2025-11-28 17:46:00+00:00,33,2,8147,51.365,51.405,51.325,51.405,50655,IBIT
2025-11-28 17:47:00+00:00,33,2,8147,51.405,51.445,51.37,51.42,33016,IBIT
2025-11-28 17:48:00+00:00,33,2,8147,51.42,51.46,51.39,51.43,20285,IBIT
2025-11-28 17:49:00+00:00,33,2,8147,51.43,51.435,51.405,51.42,25707,IBIT
2025-11-28 17:50:00+00:00,33,2,8147,51.425,51.475,51.425,51.465,42918,IBIT
2025-11-28 17:51:00+00:00,33,2,8147,51.465,51.495,51.45,51.465,42730,IBIT
2025-11-28 17:52:00+00:00,33,2,8147,51.46,51.535,51.46,51.525,21184,IBIT
2025-11-28 17:53:00+00:00,33,2,8147,51.52,51.54,51.505,51.515,17443,IBIT
2025-11-28 17:54:00+00:00,33,2,8147,51.515,51.52,51.475,51.48,20986,IBIT
2025-11-28 17:55:00+00:00,33,2,8147,51.475,51.525,51.475,51.515,51438,IBIT
2025-11-28 17:56:00+00:00,33,2,8147,51.515,51.545,51.505,51.545,45954,IBIT
2025-11-28 17:57:00+00:00,33,2,8147,51.545,51.565,51.535,51.56,68661,IBIT
2025-11-28 17:58:00+00:00,33,2,8147,51.565,51.6,51.545,51.545,112322,IBIT
2025-11-28 17:59:00+00:00,33,2,8147,51.545,51.545,51.405,51.485,258589,IBIT
2025-11-28 18:00:00+00:00,33,2,8147,51.55,51.55,51.42,51.51,1106611,IBIT
2025-11-28 18:01:00+00:00,33,2,8147,51.48,51.48,51.39,51.47,3071,IBIT
2025-11-28 18:02:00+00:00,33,2,8147,51.49,51.54,51.49,51.5,7633,IBIT
2025-11-28 18:03:00+00:00,33,2,8147,51.48,51.5,51.44,51.44,12602,IBIT
2025-11-28 18:04:00+00:00,33,2,8147,51.43,51.45,51.43,51.45,258,IBIT
2025-11-28 18:05:00+00:00,33,2,8147,51.45,51.45,51.38,51.41,10466,IBIT
2025-11-28 18:06:00+00:00,33,2,8147,51.42,51.43,51.4,51.43,49640,IBIT
2025-11-28 18:07:00+00:00,33,2,8147,51.38,51.38,51.38,51.38,500,IBIT
2025-11-28 18:08:00+00:00,33,2,8147,51.4,51.42,51.4,51.42,123,IBIT
2025-11-28 18:09:00+00:00,33,2,8147,51.44,51.45,51.44,51.44,57,IBIT
2025-11-28 18:10:00+00:00,33,2,8147,51.47,51.51,51.47,51.51,15,IBIT
2025-11-28 18:11:00+00:00,33,2,8147,51.49,51.55,51.47,51.53,19731,IBIT
2025-11-28 18:12:00+00:00,33,2,8147,51.57,51.63,51.57,51.62,40234,IBIT
2025-11-28 18:13:00+00:00,33,2,8147,51.62,51.62,51.62,51.62,3168,IBIT
2025-11-28 18:14:00+00:00,33,2,8147,51.62,51.62,51.62,51.62,6823,IBIT
2025-11-28 18:15:00+00:00,33,2,8147,51.62,51.62,51.62,51.62,14408,IBIT
2025-11-28 18:16:00+00:00,33,2,8147,51.62,51.62,51.56,51.56,2460,IBIT
2025-11-28 18:22:00+00:00,33,2,8147,51.55,51.55,51.55,51.55,200,IBIT
2025-11-28 18:23:00+00:00,33,2,8147,51.55,51.55,51.55,51.55,100,IBIT
2025-11-28 18:24:00+00:00,33,2,8147,51.53,51.53,51.48,51.5,2558,IBIT
2025-11-28 18:25:00+00:00,33,2,8147,51.5,51.54,51.49,51.54,302,IBIT
2025-11-28 18:26:00+00:00,33,2,8147,51.55,51.55,51.55,51.55,1153,IBIT
2025-11-28 18:27:00+00:00,33,2,8147,51.55,51.55,51.52,51.52,269,IBIT
2025-11-28 18:28:00+00:00,33,2,8147,51.53,51.55,51.53,51.55,3323,IBIT
2025-11-28 18:29:00+00:00,33,2,8147,51.55,51.55,51.55,51.55,149,IBIT
2025-11-28 18:31:00+00:00,33,2,8147,51.5,51.57,51.5,51.52,269,IBIT
2025-11-28 18:32:00+00:00,33,2,8147,51.53,51.57,51.53,51.55,553,IBIT
2025-11-28 18:33:00+00:00,33,2,8147,51.54,51.54,51.54,51.54,7,IBIT
2025-11-28 18:34:00+00:00,33,2,8147,51.53,51.53,51.53,51.53,88,IBIT
2025-11-28 18:35:00+00:00,33,2,8147,51.51,51.54,51.51,51.54,620,IBIT
2025-11-28 18:37:00+00:00,33,2,8147,51.54,51.54,51.54,51.54,7,IBIT
2025-11-28 18:38:00+00:00,33,2,8147,51.54,51.55,51.53,51.55,2458,IBIT
2025-11-28 18:39:00+00:00,33,2,8147,51.58,51.58,51.58,51.58,100,IBIT
2025-11-28 18:43:00+00:00,33,2,8147,51.58,51.58,51.58,51.58,155,IBIT
2025-11-28 18:44:00+00:00,33,2,8147,51.58,51.6,51.37,51.6,25443,IBIT
2025-11-28 18:46:00+00:00,33,2,8147,51.6,51.62,51.6,51.62,2522,IBIT
2025-11-28 18:47:00+00:00,33,2,8147,51.62,51.62,51.62,51.62,44,IBIT
2025-11-28 18:48:00+00:00,33,2,8147,51.62,51.62,51.62,51.62,352,IBIT
2025-11-28 18:49:00+00:00,33,2,8147,51.63,51.65,51.62,51.65,964,IBIT
2025-11-28 18:50:00+00:00,33,2,8147,51.63,51.63,51.62,51.62,194,IBIT
2025-11-28 18:51:00+00:00,33,2,8147,51.6,51.6,51.6,51.6,75,IBIT
2025-11-28 18:52:00+00:00,33,2,8147,51.53,51.53,51.51,51.51,444,IBIT
2025-11-28 18:54:00+00:00,33,2,8147,51.57,51.57,51.52,51.53,975,IBIT
2025-11-28 18:55:00+00:00,33,2,8147,51.55,51.55,51.55,51.55,150,IBIT
2025-11-28 18:56:00+00:00,33,2,8147,51.52,51.52,51.52,51.52,110,IBIT
2025-11-28 18:57:00+00:00,33,2,8147,51.54,51.54,51.54,51.54,11,IBIT
2025-11-28 18:58:00+00:00,33,2,8147,51.55,51.55,51.55,51.55,100,IBIT
2025-11-28 19:01:00+00:00,33,2,8147,51.64,51.65,51.6,51.65,506,IBIT
2025-11-28 19:02:00+00:00,33,2,8147,51.65,51.65,51.62,51.62,489,IBIT
2025-11-28 19:04:00+00:00,33,2,8147,51.62,51.62,51.62,51.62,100,IBIT
2025-11-28 19:05:00+00:00,33,2,8147,51.63,51.63,51.63,51.63,76,IBIT
2025-11-28 19:06:00+00:00,33,2,8147,51.63,51.64,51.63,51.64,519,IBIT
2025-11-28 19:07:00+00:00,33,2,8147,51.62,51.62,51.62,51.62,12,IBIT
2025-11-28 19:08:00+00:00,33,2,8147,51.62,51.64,51.62,51.64,6,IBIT
2025-11-28 19:09:00+00:00,33,2,8147,51.62,51.64,51.6,51.6,8439,IBIT
2025-11-28 19:10:00+00:00,33,2,8147,51.6,51.6,51.57,51.6,171,IBIT
2025-11-28 19:11:00+00:00,33,2,8147,51.6,51.6,51.6,51.6,1777,IBIT
2025-11-28 19:13:00+00:00,33,2,8147,51.65,51.65,51.65,51.65,12,IBIT
2025-11-28 19:14:00+00:00,33,2,8147,51.65,51.67,51.65,51.67,222,IBIT
2025-11-28 19:16:00+00:00,33,2,8147,51.63,51.65,51.63,51.65,8,IBIT
2025-11-28 19:17:00+00:00,33,2,8147,51.65,51.65,51.64,51.64,5440,IBIT
2025-11-28 19:18:00+00:00,33,2,8147,51.62,51.62,51.62,51.62,62,IBIT
2025-11-28 19:19:00+00:00,33,2,8147,51.64,51.64,51.62,51.64,4663,IBIT
2025-11-28 19:20:00+00:00,33,2,8147,51.64,51.64,51.64,51.64,163,IBIT
2025-11-28 19:21:00+00:00,33,2,8147,51.72,51.73,51.72,51.73,500,IBIT
2025-11-28 19:22:00+00:00,33,2,8147,51.73,51.74,51.72,51.74,220,IBIT
2025-11-28 19:23:00+00:00,33,2,8147,51.75,51.75,51.75,51.75,23,IBIT
2025-11-28 19:24:00+00:00,33,2,8147,51.74,51.74,51.74,51.74,473,IBIT
2025-11-28 19:25:00+00:00,33,2,8147,51.73,51.73,51.73,51.73,1551,IBIT
2025-11-28 19:26:00+00:00,33,2,8147,51.72,51.72,51.71,51.72,539,IBIT
2025-11-28 19:27:00+00:00,33,2,8147,51.72,51.72,51.72,51.72,10,IBIT
2025-11-28 19:28:00+00:00,33,2,8147,51.72,51.72,51.72,51.72,351,IBIT
2025-11-28 19:29:00+00:00,33,2,8147,51.74,51.74,51.72,51.72,253,IBIT
2025-11-28 19:30:00+00:00,33,2,8147,51.72,51.72,51.69,51.69,218,IBIT
2025-11-28 19:31:00+00:00,33,2,8147,51.68,51.71,51.67,51.67,200,IBIT
2025-11-28 19:33:00+00:00,33,2,8147,51.68,51.68,51.67,51.67,64,IBIT
2025-11-28 19:34:00+00:00,33,2,8147,51.71,51.71,51.71,51.71,100,IBIT
2025-11-28 19:35:00+00:00,33,2,8147,51.71,51.71,51.71,51.71,237,IBIT
2025-11-28 19:36:00+00:00,33,2,8147,51.71,51.72,51.71,51.72,163,IBIT
2025-11-28 19:37:00+00:00,33,2,8147,51.73,51.75,51.73,51.75,1059,IBIT
2025-11-28 19:38:00+00:00,33,2,8147,51.76,51.76,51.76,51.76,100,IBIT
2025-11-28 19:39:00+00:00,33,2,8147,51.77,51.78,51.77,51.78,1150,IBIT
2025-11-28 19:40:00+00:00,33,2,8147,51.79,51.8,51.79,51.8,312,IBIT
2025-11-28 19:41:00+00:00,33,2,8147,51.8,51.8,51.79,51.8,1337,IBIT
2025-11-28 19:43:00+00:00,33,2,8147,51.77,51.78,51.77,51.77,28649,IBIT
2025-11-28 19:44:00+00:00,33,2,8147,51.77,51.78,51.77,51.77,23489,IBIT
2025-11-28 19:45:00+00:00,33,2,8147,51.77,51.79,51.75,51.79,20493,IBIT
2025-11-28 19:46:00+00:00,33,2,8147,51.78,51.78,51.78,51.78,130,IBIT
2025-11-28 19:47:00+00:00,33,2,8147,51.79,51.79,51.79,51.79,10,IBIT
2025-11-28 19:48:00+00:00,33,2,8147,51.78,51.78,51.78,51.78,5,IBIT
2025-11-28 19:49:00+00:00,33,2,8147,51.76,51.76,51.75,51.75,170,IBIT
2025-11-28 19:50:00+00:00,33,2,8147,51.74,51.74,51.73,51.73,105,IBIT
2025-11-28 19:52:00+00:00,33,2,8147,51.75,51.75,51.71,51.71,478,IBIT
2025-11-28 19:53:00+00:00,33,2,8147,51.73,51.73,51.73,51.73,8,IBIT
2025-11-28 19:54:00+00:00,33,2,8147,51.75,51.76,51.75,51.76,200,IBIT
2025-11-28 19:55:00+00:00,33,2,8147,51.78,51.78,51.78,51.78,350,IBIT
2025-11-28 19:56:00+00:00,33,2,8147,51.77,51.77,51.77,51.77,100,IBIT
2025-11-28 19:59:00+00:00,33,2,8147,51.76,51.76,51.76,51.76,50,IBIT
2025-11-28 20:00:00+00:00,33,2,8147,51.76,51.76,51.73,51.73,320,IBIT
2025-11-28 20:01:00+00:00,33,2,8147,51.7,51.7,51.7,51.7,5478,IBIT
2025-11-28 20:03:00+00:00,33,2,8147,51.65,51.65,51.65,51.65,133,IBIT
2025-11-28 20:05:00+00:00,33,2,8147,51.65,51.65,51.62,51.62,200,IBIT
2025-11-28 20:07:00+00:00,33,2,8147,51.6,51.6,51.6,51.6,617,IBIT
2025-11-28 20:10:00+00:00,33,2,8147,51.65,51.65,51.64,51.64,3098,IBIT
2025-11-28 20:16:00+00:00,33,2,8147,51.68,51.68,51.68,51.68,10,IBIT
2025-11-28 20:18:00+00:00,33,2,8147,51.71,51.71,51.71,51.71,113,IBIT
2025-11-28 20:19:00+00:00,33,2,8147,51.74,51.75,51.74,51.75,125,IBIT
2025-11-28 20:20:00+00:00,33,2,8147,51.76,51.76,51.76,51.76,300,IBIT
2025-11-28 20:21:00+00:00,33,2,8147,51.76,51.76,51.76,51.76,200,IBIT
2025-11-28 20:22:00+00:00,33,2,8147,51.76,51.76,51.76,51.76,5,IBIT
2025-11-28 20:24:00+00:00,33,2,8147,51.77,51.77,51.77,51.77,5801,IBIT
2025-11-28 20:25:00+00:00,33,2,8147,51.77,51.77,51.77,51.77,100,IBIT
2025-11-28 20:27:00+00:00,33,2,8147,51.77,51.77,51.77,51.77,100,IBIT
2025-11-28 20:28:00+00:00,33,2,8147,51.77,51.77,51.77,51.77,76,IBIT
2025-11-28 20:30:00+00:00,33,2,8147,51.79,51.79,51.79,51.79,50,IBIT
2025-11-28 20:31:00+00:00,33,2,8147,51.79,51.79,51.79,51.79,550,IBIT
2025-11-28 20:33:00+00:00,33,2,8147,51.78,51.78,51.78,51.78,20,IBIT
2025-11-28 20:34:00+00:00,33,2,8147,51.75,51.75,51.75,51.75,50,IBIT
2025-11-28 20:35:00+00:00,33,2,8147,51.76,51.76,51.76,51.76,100,IBIT
2025-11-28 20:37:00+00:00,33,2,8147,51.75,51.76,51.75,51.76,2283,IBIT
2025-11-28 20:38:00+00:00,33,2,8147,51.76,51.76,51.76,51.76,200,IBIT
2025-11-28 20:41:00+00:00,33,2,8147,51.74,51.76,51.74,51.76,100,IBIT
2025-11-28 20:45:00+00:00,33,2,8147,51.75,51.75,51.72,51.72,70,IBIT
2025-11-28 20:46:00+00:00,33,2,8147,51.72,51.72,51.72,51.72,16,IBIT
2025-11-28 20:47:00+00:00,33,2,8147,51.72,51.72,51.72,51.72,5,IBIT
2025-11-28 20:48:00+00:00,33,2,8147,51.72,51.73,51.72,51.73,100,IBIT
2025-11-28 20:49:00+00:00,33,2,8147,51.73,51.73,51.73,51.73,13,IBIT
2025-11-28 20:50:00+00:00,33,2,8147,51.76,51.76,51.73,51.73,132,IBIT
2025-11-28 20:51:00+00:00,33,2,8147,51.73,51.73,51.73,51.73,300,IBIT
2025-11-28 20:52:00+00:00,33,2,8147,51.72,51.75,51.72,51.75,210,IBIT
2025-11-28 20:53:00+00:00,33,2,8147,51.75,51.75,51.75,51.75,10,IBIT
2025-11-28 20:54:00+00:00,33,2,8147,51.76,51.76,51.76,51.76,10,IBIT
2025-11-28 20:57:00+00:00,33,2,8147,51.77,51.77,51.77,51.77,50,IBIT
2025-11-28 20:59:00+00:00,33,2,8147,51.77,51.8,51.77,51.8,1564,IBIT
2025-11-28 21:01:00+00:00,33,2,8147,51.76,51.76,51.76,51.76,2,IBIT
2025-11-28 21:06:00+00:00,33,2,8147,51.79,51.81,51.76,51.76,593,IBIT
2025-11-28 21:07:00+00:00,33,2,8147,51.76,51.76,51.76,51.76,100,IBIT
2025-11-28 21:08:00+00:00,33,2,8147,51.78,51.78,51.78,51.78,100,IBIT
2025-11-28 21:12:00+00:00,33,2,8147,51.77,51.77,51.75,51.75,1721,IBIT
2025-11-28 21:18:00+00:00,33,2,8147,51.73,51.73,51.73,51.73,25,IBIT
2025-11-28 21:32:00+00:00,33,2,8147,51.76,51.76,51.71,51.71,763,IBIT
2025-11-28 21:33:00+00:00,33,2,8147,51.71,51.71,51.71,51.71,63,IBIT
2025-11-28 21:40:00+00:00,33,2,8147,51.75,51.75,51.75,51.75,22,IBIT
2025-11-28 21:42:00+00:00,33,2,8147,51.77,51.77,51.77,51.77,10,IBIT
2025-11-28 21:45:00+00:00,33,2,8147,51.78,51.78,51.78,51.78,200,IBIT
2025-11-28 21:46:00+00:00,33,2,8147,51.78,51.78,51.78,51.78,22,IBIT
2025-11-28 21:47:00+00:00,33,2,8147,51.78,51.78,51.78,51.78,5,IBIT
2025-11-28 21:52:00+00:00,33,2,8147,51.74,51.74,51.73,51.73,66,IBIT
2025-11-28 21:53:00+00:00,33,2,8147,51.7,51.7,51.7,51.7,310,IBIT
2025-11-28 21:54:00+00:00,33,2,8147,51.68,51.68,51.63,51.63,332,IBIT
2025-11-28 21:55:00+00:00,33,2,8147,51.7,51.7,51.66,51.66,90,IBIT
2025-11-28 21:58:00+00:00,33,2,8147,51.65,51.65,51.65,51.65,900,IBIT
2025-11-28 21:59:00+00:00,33,2,8147,51.66,51.66,51.65,51.65,900,IBIT
